;Num_Acc;id_vehicule;num_veh;senc;catv;obs;obsm;choc;manv;motor;occutc
965;202200000633;812 851;A01;2;7;0;2;1;1;2;
966;202200000633;812 856;B01;2;33;0;2;1;2;1;
967;202200000634;812 844;A01;3;7;0;2;4;23;1;
968;202200000634;812 845;B01;3;1;0;2;1;1;5;
969;202200000635;812 843;A01;1;33;0;2;7;1;1;
970;202200000636;812 839;A01;2;7;0;0;8;1;1;
971;202200000636;812 841;B01;1;7;0;0;8;1;1;
972;202200000637;812 837;B01;1;7;0;2;1;2;1;
973;202200000637;812 840;A01;1;7;0;2;4;2;1;
974;202200000638;812 835;A01;1;7;0;2;1;0;1;
975;202200000638;812 836;B01;2;7;0;2;1;5;1;
976;202200000639;812 834;A01;1;17;0;1;4;1;1;
977;202200000640;812 838;B01;2;30;0;2;3;1;1;
978;202200000640;812 842;A01;3;7;0;2;1;15;1;
979;202200000642;812 831;A01;1;7;0;1;3;1;1;
980;202200000643;812 828;A01;2;34;0;0;0;0;1;
981;202200000643;812 829;B01;2;14;0;2;8;2;1;
982;202200000644;812 827;A01;1;10;0;1;3;1;1;
983;202200000645;812 826;A01;0;7;0;1;2;26;1;
984;202200000646;812 825;A01;2;7;1;0;3;13;2;
985;202200000647;812 824;A01;0;7;0;1;2;26;1;
986;202200000649;812 820;A01;1;7;8;0;3;1;1;
987;202200000650;812 817;A01;2;7;0;2;3;13;1;
988;202200000650;812 819;B01;1;7;0;2;8;1;1;
989;202200000650;812 823;C01;1;7;0;2;6;1;1;
990;202200000651;812 815;A01;2;0;0;2;0;2;0;
991;202200000651;812 818;B01;2;30;0;2;4;2;1;
992;202200000652;812 814;B01;1;33;0;2;8;1;1;
993;202200000652;812 816;A01;2;7;0;2;3;15;2;
994;202200000653;812 811;A01;0;7;16;0;1;0;1;
995;202200000655;812 809;B01;2;7;0;2;1;2;1;
996;202200000655;812 810;A01;2;7;0;2;4;1;1;
997;202200000656;812 807;A01;2;7;3;0;3;13;1;
998;202200000657;812 805;B01;1;1;0;2;8;19;5;
999;202200000657;812 808;A01;1;7;0;2;1;19;1;
1000;202200000658;812 804;B01;1;1;0;0;0;0;5;
1001;202200000658;812 806;A01;1;7;0;9;0;26;0;
1002;202200000659;812 803;A01;1;32;0;0;0;21;1;
1003;202200000660;812 799;B01;2;7;0;2;4;2;1;
1004;202200000660;812 801;A01;2;10;0;2;1;2;1;
1005;202200000661;812 800;B01;3;7;0;2;3;1;1;
1006;202200000661;812 802;A01;3;7;0;2;3;1;1;
1007;202200000663;812 796;A01;1;7;0;1;3;1;1;
1008;202200000664;812 793;B01;1;50;0;2;4;0;3;
1009;202200000664;812 795;A01;2;7;0;2;7;9;1;
1010;202200000665;812 792;A01;2;7;2;0;1;1;1;
1011;202200000666;812 791;B01;2;7;0;2;1;1;-1;
1012;202200000666;812 794;A01;1;7;0;2;1;1;-1;
1013;202200000667;812 788;B01;2;7;0;2;1;1;1;
1014;202200000667;812 790;A01;2;7;0;2;1;13;1;
1015;202200000668;812 787;B01;1;1;12;2;8;19;5;
1016;202200000668;812 789;A01;1;32;12;2;1;1;1;
1017;202200000669;812 786;A01;1;99;13;0;1;1;1;
1018;202200000670;812 783;B01;0;1;0;2;1;1;5;
1019;202200000670;812 785;A01;0;7;0;2;4;1;1;
1020;202200000671;812 782;A01;1;2;0;2;1;1;0;
1021;202200000671;812 784;B01;1;7;0;2;3;13;1;
1022;202200000672;812 779;A01;3;1;0;2;1;8;5;
1023;202200000672;812 781;B01;0;7;0;2;2;15;0;
1024;202200000674;812 777;A01;3;7;0;1;1;19;1;
1025;202200000676;812 773;A01;1;7;0;2;0;2;1;
1026;202200000676;812 774;B01;1;7;0;2;3;15;1;
1027;202200000677;812 772;A01;1;36;6;0;1;1;1;
1028;202200000678;812 771;A01;3;1;0;2;1;19;5;
1029;202200000678;812 776;B01;2;7;0;2;8;1;1;
1030;202200000679;812 770;A01;1;7;15;0;1;1;1;
1031;202200000680;812 768;A01;1;32;0;2;7;17;1;
1032;202200000680;812 769;B01;1;7;0;2;6;1;1;
1033;202200000682;812 764;A01;3;7;0;2;2;19;1;
1034;202200000682;812 766;B01;3;7;0;2;2;21;1;
1035;202200000683;812 763;A01;1;7;0;1;8;1;1;
1036;202200000684;812 761;A01;2;1;0;0;1;1;5;
1037;202200000685;812 760;B01;3;50;0;2;2;19;3;
1038;202200000685;812 762;A01;1;7;0;2;3;1;2;
1039;202200000687;812 755;A01;2;7;0;2;5;15;1;
1040;202200000687;812 758;B01;1;37;0;0;2;1;0;2.0
1041;202200000688;812 753;A01;2;7;0;2;1;1;1;
1042;202200000689;812 752;A01;0;7;0;2;5;0;1;
1043;202200000689;812 754;B01;1;1;0;2;1;1;5;
1044;202200000690;812 751;A01;2;0;0;1;8;1;0;
1045;202200000691;812 748;C01;3;7;0;9;3;15;1;
1046;202200000691;812 750;B01;1;1;0;2;1;0;5;
1047;202200000692;812 745;B01;3;1;0;2;1;1;5;
1048;202200000692;812 746;A01;3;7;0;2;2;16;1;
1049;202200000693;812 743;B01;1;1;12;0;0;0;5;
1050;202200000693;812 744;A01;2;7;0;9;1;26;1;
1051;202200000694;812 747;A01;2;7;0;2;4;9;1;
1052;202200000694;812 749;B01;2;32;0;2;2;1;1;
1053;202200000695;812 740;B01;1;7;0;2;1;1;1;
1054;202200000695;812 741;A01;3;10;0;2;1;9;1;
1055;202200000696;812 737;B01;1;7;0;2;1;2;1;
1056;202200000696;812 739;A01;1;7;0;2;4;1;1;
1057;202200000697;812 738;A01;0;7;8;0;1;1;1;
1058;202200000698;812 736;A01;3;7;0;1;3;4;1;
1059;202200000699;812 734;A01;2;7;0;1;1;26;2;
1060;202200000700;812 730;B01;2;7;1;2;6;24;-1;
1061;202200000700;812 731;A01;2;10;1;2;6;1;-1;
1062;202200000701;812 727;A01;3;30;0;2;1;1;1;
1063;202200000701;812 729;B01;3;7;0;2;4;1;1;
1064;202200000702;812 724;D01;1;7;0;2;4;2;1;
1065;202200000702;812 726;C01;1;7;0;2;4;2;1;
1066;202200000702;812 728;B01;1;7;0;2;4;2;1;
1067;202200000702;812 735;A01;1;10;0;2;1;1;1;
1068;202200000703;812 722;B01;2;7;0;2;4;26;1;
1069;202200000703;812 725;A01;2;7;0;2;1;26;1;
1070;202200000704;812 721;B01;2;7;0;2;2;15;1;
1071;202200000704;812 723;A01;1;7;0;2;2;1;1;
1072;202200000705;812 720;A01;2;33;0;0;1;13;1;
1073;202200000707;812 718;B01;2;7;0;2;6;1;0;
1074;202200000707;812 719;A01;2;13;0;2;2;12;0;
1075;202200000708;812 714;B01;3;33;-1;-1;-1;1;-1;
1076;202200000708;812 716;A01;3;13;-1;-1;-1;1;-1;
1077;202200000709;812 713;A01;1;7;0;1;4;4;1;
1078;202200000710;812 711;A01;0;10;0;1;1;1;0;
1079;202200000711;812 709;A01;1;7;0;2;5;12;0;
1080;202200000711;812 712;B01;1;34;0;2;3;3;1;
1081;202200000714;812 698;A01;1;7;0;1;1;1;1;
1082;202200000716;812 697;A01;1;80;0;0;7;26;3;
1083;202200000717;812 691;A01;1;7;0;1;1;1;1;
1084;202200000718;812 692;C01;0;7;0;2;8;1;1;
1085;202200000718;812 694;B01;1;7;0;2;1;15;1;
1086;202200000718;812 696;A01;3;7;12;2;1;1;1;
1087;202200000719;812 690;C01;2;7;0;2;6;0;1;
1088;202200000719;812 693;B01;2;33;0;2;8;11;1;
1089;202200000719;812 695;A01;2;10;0;2;2;12;0;
1090;202200000720;812 686;A01;1;7;0;2;3;19;1;
1091;202200000720;812 688;B01;1;33;0;2;1;1;1;
1092;202200000720;812 689;C01;1;7;0;2;6;24;1;
1093;202200000721;812 684;A01;2;7;0;2;2;1;1;
1094;202200000721;812 685;B01;2;7;0;2;5;2;1;
1095;202200000721;812 687;Z01;2;10;0;0;0;0;0;
1096;202200000723;812 679;A01;1;10;0;2;1;2;1;
1097;202200000723;812 681;B01;1;7;0;2;4;2;1;
1098;202200000723;812 683;C01;1;10;0;2;4;2;1;
1099;202200000724;812 680;A01;2;7;0;1;2;9;1;
1100;202200000725;812 678;A01;0;7;0;1;1;1;1;
1101;202200000726;812 673;A01;3;33;1;2;3;1;1;
1102;202200000726;812 676;B01;3;7;0;2;3;23;1;
1103;202200000727;812 672;B01;1;31;0;2;1;17;1;
1104;202200000727;812 675;A01;2;7;0;2;1;15;1;
1105;202200000728;812 674;A01;2;33;0;2;8;3;1;
1106;202200000728;812 677;B01;2;10;0;2;5;11;1;
1107;202200000729;812 668;A01;3;7;0;2;1;1;1;
1108;202200000729;812 670;B01;1;7;0;2;8;1;1;
1109;202200000730;812 669;B01;3;7;0;2;3;15;1;
1110;202200000730;812 671;A01;3;1;0;2;7;17;5;
1111;202200000732;812 662;B01;1;2;0;2;2;2;1;
1112;202200000732;812 665;A01;1;7;0;2;1;2;1;
1113;202200000733;812 661;A01;1;7;0;2;3;11;1;
1114;202200000733;812 666;B01;1;7;0;2;2;1;1;
1115;202200000733;812 667;C01;1;7;0;2;3;1;1;
1116;202200000734;812 658;B01;-1;7;0;0;6;2;1;
1117;202200000734;812 660;A01;0;33;0;0;1;2;6;
1118;202200000735;812 657;B01;1;7;0;2;1;1;1;
1119;202200000735;812 659;A01;1;7;0;2;8;26;1;
1120;202200000736;812 652;C01;1;7;0;2;4;2;3;
1121;202200000736;812 653;B01;1;7;0;2;4;1;1;
1122;202200000736;812 655;A01;1;10;0;2;1;1;1;
1123;202200000737;812 651;B01;3;1;0;2;1;2;5;
1124;202200000737;812 654;A01;3;7;0;2;7;2;1;
1125;202200000738;812 650;A01;1;7;0;2;5;1;1;
1126;202200000738;812 656;B01;3;7;0;2;1;9;1;
1127;202200000739;812 648;A01;1;7;0;1;1;1;1;
1128;202200000740;812 647;B01;1;33;0;2;8;3;1;
1129;202200000740;812 649;A01;1;7;0;2;7;12;1;
1130;202200000741;812 641;B01;1;2;0;2;1;1;1;
1131;202200000741;812 645;A01;1;7;0;2;3;20;1;
1132;202200000742;812 643;B01;0;7;0;0;8;19;1;
1133;202200000742;812 646;A01;0;7;0;0;1;2;1;
1134;202200000743;812 638;E01;1;10;0;2;4;2;1;
1135;202200000743;812 639;D01;1;10;0;2;4;2;1;
1136;202200000743;812 640;C01;1;10;0;2;4;2;1;
1137;202200000743;812 642;B01;1;15;0;2;4;2;1;
1138;202200000743;812 644;A01;1;13;0;2;1;1;1;
1139;202200000744;812 634;A01;2;2;0;2;1;2;1;
1140;202200000744;812 635;B01;2;7;0;2;6;2;1;
1141;202200000745;812 633;A01;1;7;4;0;1;1;1;
1142;202200000746;812 631;B01;3;1;0;2;1;19;5;
1143;202200000746;812 632;A01;3;7;0;2;2;15;1;
1144;202200000747;812 629;B01;0;7;1;1;0;17;1;
1145;202200000748;812 626;A01;2;33;4;2;3;3;1;
1146;202200000748;812 628;B01;2;7;4;2;6;1;1;
1147;202200000748;812 630;C01;2;7;4;2;8;1;2;
1148;202200000749;812 625;A01;3;7;0;2;1;15;1;
1149;202200000749;812 627;B01;3;33;0;2;8;1;1;
1150;202200000751;812 620;A01;3;1;0;2;1;25;5;
1151;202200000751;812 621;B01;3;1;0;2;1;25;5;
1152;202200000752;812 618;A01;0;7;0;2;3;19;1;
1153;202200000752;812 624;B01;0;50;0;2;1;1;3;
1154;202200000753;812 617;A01;1;33;0;2;7;3;1;
1155;202200000753;812 619;B01;1;15;0;2;8;1;1;
1156;202200000754;812 615;A01;2;33;0;2;1;1;1;
1157;202200000754;812 616;B01;2;7;0;2;6;1;1;
1158;202200000755;812 612;B01;1;15;0;2;2;12;1;
1159;202200000755;812 614;A01;2;7;0;2;8;1;1;
1160;202200000756;812 613;A01;1;7;0;1;2;16;1;
1161;202200000757;812 609;A01;1;10;0;2;1;2;1;
1162;202200000757;812 611;B01;1;14;0;2;4;1;1;
1163;202200000758;812 606;A01;0;10;0;2;8;11;1;
1164;202200000758;812 607;B01;0;33;0;2;7;3;1;
1165;202200000759;812 605;Z01;0;7;0;1;2;1;1;
1166;202200000760;812 608;A01;1;7;0;2;1;26;1;
1167;202200000760;812 610;B01;1;7;0;0;4;12;1;
1168;202200000762;812 601;A01;2;7;0;2;8;9;1;
1169;202200000762;812 603;B01;1;50;0;2;1;1;3;
1170;202200000763;812 599;A01;1;7;0;0;9;2;1;
1171;202200000764;812 598;A01;1;7;0;2;3;26;1;
1172;202200000764;812 600;B01;0;7;0;2;1;9;0;
1173;202200000765;812 597;A01;1;2;0;1;1;1;1;
1174;202200000766;812 596;A01;1;7;9;0;2;21;1;
1175;202200000767;812 592;A01;3;7;1;0;0;0;1;
1176;202200000767;812 594;B01;3;7;1;0;0;0;0;
1177;202200000769;812 590;B01;0;2;0;2;1;0;6;
1178;202200000769;812 595;A01;3;7;0;2;2;15;1;
1179;202200000770;812 587;B01;1;1;0;0;0;0;5;
1180;202200000770;812 589;A01;1;10;1;2;3;2;1;
1181;202200000772;812 584;A01;1;7;0;1;1;1;1;
1182;202200000773;812 583;B01;1;7;0;2;6;1;1;
1183;202200000773;812 585;A01;1;14;0;2;2;1;1;
1184;202200000774;812 581;B01;1;7;0;2;7;1;1;
1185;202200000774;812 582;A01;1;2;0;2;1;5;1;
1186;202200000775;812 578;A01;1;7;0;2;7;15;1;
1187;202200000775;812 580;B01;2;33;0;2;1;1;1;
1188;202200000777;812 573;B01;2;7;0;2;8;1;1;
1189;202200000777;812 577;A01;2;7;0;2;1;1;1;
1190;202200000778;812 572;B01;2;33;0;2;1;1;1;
1191;202200000778;812 575;A01;1;7;0;2;7;15;1;
1192;202200000779;812 569;A01;0;7;0;2;3;15;1;
1193;202200000779;812 571;B01;0;2;0;2;7;1;1;
1194;202200000780;812 565;C01;2;7;0;2;4;1;1;
1195;202200000780;812 567;A01;2;32;0;2;1;1;1;
1196;202200000780;812 570;B01;2;7;0;2;4;1;6;
1197;202200000781;812 564;A01;1;33;0;2;1;1;1;
1198;202200000781;812 566;B01;1;7;0;2;8;15;1;
1199;202200000781;812 568;C01;1;7;0;2;8;1;1;
1200;202200000782;812 562;A01;0;10;0;2;3;26;0;
1201;202200000782;812 563;B01;0;2;0;2;7;26;1;
1202;202200000783;812 559;A01;2;7;0;2;0;0;1;
1203;202200000783;812 561;B01;2;50;0;2;2;0;3;
1204;202200000784;812 557;B01;1;1;0;2;1;1;5;
1205;202200000784;812 560;A01;1;7;0;2;8;9;1;
1206;202200000785;812 556;B01;2;10;0;2;4;1;1;
1207;202200000785;812 558;A01;2;31;0;2;1;1;1;
1208;202200000786;812 554;A01;2;10;0;2;1;15;3;
1209;202200000786;812 555;B01;2;7;0;2;6;15;1;
1210;202200000787;812 550;B01;2;1;0;2;8;13;5;
1211;202200000787;812 552;A01;2;7;0;9;7;17;1;
1212;202200000788;812 551;B01;1;1;0;2;3;1;5;
1213;202200000788;812 553;A01;1;14;0;2;3;16;1;
1214;202200000789;812 549;A01;3;7;0;1;1;1;1;
1215;202200000790;812 547;A01;2;7;0;0;0;17;0;
1216;202200000791;812 546;A01;2;7;12;1;2;2;3;
1217;202200000792;812 545;A01;3;7;0;2;8;19;1;
1218;202200000792;812 548;B01;3;7;0;2;1;19;1;
1219;202200000793;812 543;B01;1;7;0;2;4;2;1;
1220;202200000793;812 544;A01;1;31;0;2;1;2;1;
1221;202200000794;812 540;B01;3;15;0;2;7;16;1;
1222;202200000794;812 542;A01;0;7;0;2;8;18;1;
1223;202200000796;812 534;B01;3;43;0;2;1;1;1;
1224;202200000796;812 536;A01;3;7;0;2;7;15;1;
1225;202200000797;812 531;B01;0;7;0;2;6;26;0;
1226;202200000797;812 533;A01;1;7;1;0;2;14;1;
1227;202200000798;812 529;B01;1;7;0;2;6;15;1;
1228;202200000798;812 532;A01;2;30;0;2;1;1;3;
1229;202200000799;812 528;A01;3;7;0;1;1;1;2;
1230;202200000800;812 527;A01;1;7;0;2;7;1;1;
1231;202200000800;812 530;B01;2;7;0;2;1;1;1;
1232;202200000801;812 523;B01;2;30;0;2;8;0;1;
1233;202200000801;812 526;A01;2;7;0;2;1;19;1;
1234;202200000802;812 522;B01;0;7;0;2;1;0;1;
1235;202200000802;812 525;A01;2;33;0;2;2;1;1;
1236;202200000803;812 521;A01;2;7;0;2;2;1;2;
1237;202200000803;812 524;B01;0;7;0;2;3;16;1;
1238;202200000804;812 518;A01;3;33;14;0;1;19;1;
1239;202200000805;812 517;B01;1;7;0;2;7;9;1;
1240;202200000805;812 520;A01;1;7;0;2;7;1;1;
1241;202200000806;812 516;A01;1;30;0;2;1;7;1;
1242;202200000806;812 519;B01;1;7;0;2;2;9;1;
1243;202200000809;812 511;A01;2;7;6;0;3;19;1;
1244;202200000810;812 510;A01;3;7;0;0;1;14;1;
1245;202200000811;812 507;A01;1;7;0;2;2;16;1;
1246;202200000811;812 509;B01;1;1;0;2;8;16;5;
1247;202200000812;812 504;A01;1;33;0;2;1;17;1;
1248;202200000812;812 506;B01;1;10;0;2;3;15;1;
1249;202200000813;812 505;B01;1;2;0;2;1;1;1;
1250;202200000813;812 508;A01;1;2;0;2;8;21;1;
1251;202200000814;812 503;A01;1;7;8;0;9;14;1;
1252;202200000815;812 502;A01;3;7;8;0;1;15;1;
1253;202200000816;812 499;A01;2;7;0;2;2;1;1;
1254;202200000816;812 501;B01;1;50;0;2;8;1;3;
1255;202200000817;812 498;B01;1;1;0;2;4;26;5;
1256;202200000817;812 500;A01;1;7;0;2;4;26;1;
1257;202200000818;812 496;A01;1;10;0;2;3;15;1;
1258;202200000818;812 497;B01;2;30;0;2;1;1;1;
1259;202200000819;812 492;B01;3;1;0;2;7;1;0;
1260;202200000819;812 495;A01;0;7;0;2;1;9;1;
1261;202200000820;812 493;B01;2;7;0;2;1;1;1;
1262;202200000820;812 494;A01;3;2;0;2;8;9;1;
1263;202200000822;812 489;B01;0;31;0;2;0;0;1;
1264;202200000822;812 490;A01;0;7;0;2;0;15;1;
1265;202200000823;812 487;A01;2;14;0;2;2;12;1;
1266;202200000823;812 488;B01;2;7;0;2;8;1;1;
1267;202200000824;812 484;A01;2;7;0;4;3;1;1;
1268;202200000824;812 486;B01;1;39;0;2;1;1;2;
1269;202200000825;812 482;B01;1;7;0;2;1;1;1;
1270;202200000825;812 485;A01;1;80;0;2;1;15;3;
1271;202200000826;812 481;B01;1;32;0;2;5;3;1;
1272;202200000826;812 483;A01;1;7;0;2;8;11;1;
1273;202200000827;812 479;B01;1;1;0;2;8;0;5;
1274;202200000827;812 480;A01;1;7;0;2;5;9;1;
1275;202200000828;812 475;A01;3;7;0;2;1;2;1;
1276;202200000828;812 477;B01;3;7;0;2;4;2;1;
1277;202200000828;812 478;C01;3;7;0;2;4;2;1;
1278;202200000829;812 474;B01;2;10;0;2;5;1;1;
1279;202200000829;812 476;A01;2;33;0;2;3;3;1;
1280;202200000830;812 471;A01;1;7;0;2;3;19;1;
1281;202200000830;812 473;B01;1;32;0;2;2;19;0;
1282;202200000831;812 469;B01;2;1;0;2;7;1;5;
1283;202200000831;812 472;A01;2;10;0;2;1;9;1;
1284;202200000832;812 468;A01;2;43;0;2;1;2;1;
1285;202200000832;812 470;B01;2;33;0;2;4;23;1;
1286;202200000833;812 465;A01;1;1;0;2;8;19;5;
1287;202200000833;812 466;B01;1;7;0;2;1;1;1;
1288;202200000834;812 464;A01;1;7;0;2;1;15;1;
1289;202200000834;812 467;B01;1;2;0;2;8;2;1;
1290;202200000835;812 463;A01;2;7;1;0;1;14;1;
1291;202200000836;812 461;A01;1;14;0;2;1;2;1;
1292;202200000836;812 462;B01;1;7;0;2;4;2;1;
1293;202200000837;812 458;A01;0;34;0;2;1;1;1;
1294;202200000837;812 460;B01;0;3;0;2;1;15;1;
1295;202200000838;812 459;A01;1;1;0;0;1;1;5;
1296;202200000839;812 454;B01;1;7;0;2;1;1;1;
1297;202200000839;812 457;A01;1;7;0;2;8;9;1;
1298;202200000841;812 452;B01;2;1;0;2;8;11;5;
1299;202200000841;812 455;A01;2;7;0;2;2;1;1;
1300;202200000842;812 451;A01;1;7;3;0;2;1;1;
1301;202200000843;812 448;A01;1;7;0;2;3;15;1;
1302;202200000843;812 450;B01;0;1;0;2;1;19;5;
1303;202200000846;812 445;A01;1;7;0;1;2;1;1;
1304;202200000848;812 442;A01;1;7;0;1;1;1;1;
1305;202200000849;812 440;B01;3;7;0;2;8;1;1;
1306;202200000849;812 441;A01;3;2;0;2;7;1;1;
1307;202200000850;812 437;A01;1;7;1;0;1;1;1;
1308;202200000851;812 436;A01;2;43;0;2;1;1;1;
1309;202200000851;812 438;B01;2;7;0;2;5;23;1;
1310;202200000852;812 435;B01;1;7;0;2;1;1;1;
1311;202200000852;812 439;A01;2;7;0;2;1;13;1;
1312;202200000853;812 434;A01;1;7;0;1;2;17;1;
1313;202200000854;812 430;C01;1;7;0;2;8;1;1;
1314;202200000854;812 432;B01;2;10;0;2;3;1;1;
1315;202200000854;812 433;A01;2;33;0;2;8;17;1;
1316;202200000855;812 429;A01;1;7;0;1;1;1;1;
1317;202200000857;812 426;A01;1;7;0;1;1;20;1;
1318;202200000858;812 424;B01;2;1;0;2;8;26;5;
1319;202200000858;812 427;A01;2;7;0;9;5;12;1;
1320;202200000859;812 423;A01;1;7;0;2;1;1;1;
1321;202200000859;812 425;B01;2;80;0;2;3;9;3;
1322;202200000860;812 422;A01;2;50;9;0;1;1;3;
1323;202200000862;812 419;A01;2;50;12;0;1;9;3;
1324;202200000863;812 418;B01;3;50;0;2;2;19;3;
1325;202200000863;812 420;A01;2;7;0;2;1;9;2;
1326;202200000864;812 413;B01;1;7;0;2;0;1;2;
1327;202200000864;812 415;A01;1;30;0;2;1;15;1;
1328;202200000865;812 414;A01;1;7;8;1;2;20;1;
1329;202200000868;812 403;A01;1;7;0;1;2;1;1;
1330;202200000869;812 405;Z01;2;34;0;1;1;1;1;
1331;202200000870;812 398;A01;1;7;0;2;5;16;1;
1332;202200000870;812 400;B01;1;30;0;2;3;0;1;
1333;202200000870;812 401;C01;1;7;0;2;6;0;1;
1334;202200000871;812 399;A01;2;7;13;0;9;1;1;
1335;202200000872;812 397;A01;2;7;0;1;2;1;1;
1336;202200000873;812 395;A01;2;30;0;9;1;21;1;
1337;202200000874;812 394;A01;2;7;0;2;1;15;1;
1338;202200000874;812 396;B01;1;33;12;2;1;1;1;
1339;202200000875;812 392;A01;1;33;0;2;1;3;1;
1340;202200000875;812 393;B01;1;7;0;0;6;13;1;
1341;202200000876;812 391;A01;2;7;0;1;1;1;1;
1342;202200000877;812 389;A01;2;7;0;1;2;1;1;
1343;202200000878;812 388;A01;3;7;0;2;2;16;1;
1344;202200000878;812 390;B01;0;50;0;2;1;1;3;
1345;202200000879;812 387;A01;3;31;1;0;0;14;1;
1346;202200000880;812 386;A01;1;7;0;1;2;1;1;
1347;202200000881;812 385;A01;1;10;0;1;4;20;3;
1348;202200000882;812 384;A01;3;10;4;0;2;1;0;
1349;202200000883;812 381;A01;2;7;0;2;8;15;1;
1350;202200000883;812 383;B01;2;34;0;2;1;17;1;
1351;202200000884;812 380;B01;3;7;0;2;7;1;1;
1352;202200000884;812 382;A01;3;7;0;2;1;19;1;
1353;202200000885;812 377;A01;2;7;0;2;1;15;1;
1354;202200000885;812 379;B01;1;50;0;2;8;1;3;
1355;202200000886;812 376;A01;3;7;0;2;0;1;1;
1356;202200000886;812 378;B01;3;1;0;2;8;19;5;
1357;202200000887;812 373;B01;2;7;0;2;1;13;1;
1358;202200000887;812 375;A01;1;7;0;2;1;1;1;
1359;202200000888;812 372;B01;0;7;0;2;7;1;1;
1360;202200000888;812 374;A01;1;33;0;2;1;1;1;
1361;202200000889;812 370;B01;2;99;0;2;1;1;1;
1362;202200000889;812 371;A01;1;10;0;2;3;6;1;
1363;202200000890;812 368;B01;3;50;0;2;0;19;3;
1364;202200000890;812 369;A01;3;7;0;9;1;1;1;
1365;202200000892;812 365;A01;2;10;0;2;1;15;1;
1366;202200000893;812 364;A01;2;7;0;2;0;0;1;
1367;202200000893;812 366;B01;2;33;0;2;0;0;1;
1368;202200000894;812 362;A01;1;38;0;1;2;26;0;1.0
1369;202200000895;812 361;B01;2;1;0;2;7;1;5;
1370;202200000895;812 363;A01;1;31;0;2;1;9;1;
1371;202200000896;812 360;A01;2;2;0;5;7;21;1;
1372;202200000897;812 359;A01;2;7;2;0;8;1;1;
1373;202200000898;812 356;A01;3;7;0;2;2;19;1;
1374;202200000898;812 358;B01;3;7;0;2;1;1;1;
1375;202200000899;812 355;B01;2;7;0;0;6;2;1;
1376;202200000899;812 357;A01;2;7;0;2;2;2;1;
1377;202200000900;812 352;B01;3;7;0;2;4;1;1;
1378;202200000900;812 354;A01;3;7;0;2;1;2;1;
1379;202200000901;812 351;A01;1;7;0;2;1;9;1;
1380;202200000901;812 353;B01;1;1;0;2;7;1;5;
1381;202200000902;812 348;B01;1;33;0;2;1;1;1;
1382;202200000902;812 350;A01;2;32;0;2;1;5;1;
1383;202200000903;812 347;B01;3;33;0;2;1;1;1;
1384;202200000903;812 349;A01;3;7;0;2;1;15;1;
1385;202200000904;812 346;A01;1;7;13;0;9;13;1;
1386;202200000906;812 343;B01;2;7;0;2;7;15;1;
1387;202200000906;812 345;A01;2;7;0;2;1;18;1;
1388;202200000908;812 341;A01;3;31;0;2;1;15;1;
1389;202200000909;812 339;B01;1;7;0;2;4;0;1;
1390;202200000909;812 340;A01;1;7;0;2;1;0;1;
1391;202200000910;812 335;B01;2;7;0;2;1;1;1;
1392;202200000910;812 337;A01;1;7;0;2;1;13;1;
1393;202200000911;812 336;B01;1;7;0;2;3;1;1;
1394;202200000911;812 338;A01;2;7;0;2;3;13;1;
1395;202200000912;812 333;A01;3;7;0;1;4;20;1;
1396;202200000913;812 332;A01;1;33;0;0;0;1;1;
1397;202200000913;812 334;B01;1;33;14;0;1;1;1;
1398;202200000914;812 331;A01;2;10;0;1;1;1;0;
1399;202200000916;812 328;A01;1;7;2;0;9;17;1;
1400;202200000918;812 324;B01;1;7;0;2;3;15;2;
1401;202200000918;812 326;A01;2;33;0;2;1;1;1;
1402;202200000919;812 323;A01;2;7;0;2;1;5;1;
1403;202200000919;812 325;B01;1;7;0;2;1;1;1;
1404;202200000921;812 320;A01;1;7;0;2;8;1;1;
1405;202200000921;812 322;B01;1;1;0;0;0;0;5;
1406;202200000922;812 316;B01;2;33;0;2;1;3;1;
1407;202200000922;812 318;A01;2;7;0;2;3;10;1;
1408;202200000923;812 315;A01;3;7;0;2;1;2;1;
1409;202200000923;812 317;B01;3;7;0;2;4;2;1;
1410;202200000924;812 314;A01;3;7;0;1;1;15;1;
1411;202200000925;812 310;A01;0;7;0;1;1;1;1;
1412;202200000926;812 307;A01;2;7;0;1;8;1;1;
1413;202200000928;812 303;A01;2;7;0;2;1;16;1;
1414;202200000928;812 304;B01;2;1;0;2;4;1;5;
1415;202200000929;812 301;B01;1;31;0;2;3;1;1;
1416;202200000929;812 302;A01;2;7;0;2;2;15;1;
1417;202200000930;812 299;A01;2;7;0;2;0;13;1;
1418;202200000930;812 300;B01;1;7;0;2;2;17;1;
1419;202200000932;812 295;A01;2;37;0;2;7;9;1;1.0
1420;202200000932;812 297;B01;2;50;0;2;6;9;3;
1421;202200000933;812 292;A01;2;7;0;2;8;1;1;
1422;202200000933;812 293;B01;2;17;0;2;2;12;1;
1423;202200000933;812 294;C01;2;7;0;2;5;1;1;
1424;202200000934;812 291;A01;1;7;2;0;3;14;1;
1425;202200000935;812 290;A01;2;32;0;2;0;21;1;
1426;202200000936;812 288;A01;2;7;0;9;1;1;1;
1427;202200000936;812 289;B01;2;80;0;2;7;1;3;
1428;202200000937;812 287;A01;2;30;0;1;1;1;1;
1429;202200000938;812 283;B01;1;2;0;2;3;1;1;
1430;202200000938;812 285;A01;1;7;0;2;7;2;1;
1431;202200000939;812 280;A01;1;2;0;0;7;1;1;
1432;202200000940;812 281;D01;2;7;14;0;1;1;1;
1433;202200000940;812 282;C01;1;7;0;2;1;1;1;
1434;202200000940;812 284;B01;2;7;0;2;4;1;1;
1435;202200000940;812 286;A01;2;7;0;2;1;0;1;
1436;202200000941;812 279;A01;2;10;0;0;8;1;1;