;Num_Acc;id_vehicule;num_veh;senc;catv;obs;obsm;choc;manv;motor;occutc
1437;202200000942;812 276;A01;1;7;0;2;3;13;1;
1438;202200000942;812 278;B01;2;7;0;2;3;1;1;
1439;202200000943;812 275;B01;1;50;0;2;1;1;3;
1440;202200000943;812 277;A01;2;10;0;2;2;1;1;
1441;202200000944;812 271;B01;2;1;0;2;1;1;0;
1442;202200000944;812 273;A01;2;7;0;2;2;16;1;
1443;202200000945;812 268;A01;2;33;0;2;0;13;0;
1444;202200000945;812 269;B01;2;7;0;2;3;1;1;
1445;202200000946;812 267;A01;1;30;0;2;8;1;3;
1446;202200000946;812 270;B01;1;7;0;2;2;12;1;
1447;202200000947;812 265;B01;1;32;0;2;3;1;3;
1448;202200000947;812 266;A01;1;7;0;2;1;15;1;
1449;202200000948;812 261;A01;1;7;4;2;3;2;1;
1450;202200000948;812 262;B01;1;7;4;2;9;2;1;
1451;202200000948;812 263;C01;1;7;0;2;7;2;1;
1452;202200000948;812 264;D01;1;7;4;2;4;2;1;
1453;202200000950;812 253;B01;1;7;0;2;3;1;3;
1454;202200000950;812 254;A01;1;7;0;2;2;16;1;
1455;202200000950;812 255;C01;1;7;1;2;4;24;1;
1456;202200000951;812 251;A01;2;7;0;0;4;2;0;
1457;202200000951;812 252;B01;2;7;0;2;1;0;0;
1458;202200000952;812 249;A01;2;30;0;2;1;2;1;
1459;202200000952;812 250;B01;2;7;0;2;4;23;1;
1460;202200000953;812 248;A01;2;7;0;1;2;1;1;
1461;202200000954;812 246;B01;3;7;0;2;3;1;1;
1462;202200000954;812 247;A01;3;7;0;2;2;9;1;
1463;202200000955;812 239;B01;2;80;0;2;1;2;3;
1464;202200000955;812 240;A01;2;7;0;2;2;10;1;
1465;202200000957;812 236;A01;2;7;0;1;7;2;1;
1466;202200000959;812 233;A01;1;7;0;2;1;1;1;
1467;202200000959;812 234;B01;1;7;0;2;4;1;1;
1468;202200000960;812 231;B01;1;7;0;2;2;0;1;
1469;202200000960;812 232;A01;2;7;0;2;3;13;1;
1470;202200000961;812 226;A01;3;7;0;1;3;15;1;
1471;202200000962;812 224;B01;1;10;0;2;8;16;1;
1472;202200000962;812 225;A01;3;50;0;2;1;1;3;
1473;202200000963;812 222;Z01;1;7;0;2;3;15;1;
1474;202200000963;812 223;B01;1;33;0;2;8;1;1;
1475;202200000964;812 219;A01;1;7;0;2;1;1;1;
1476;202200000964;812 220;B01;1;7;0;2;4;1;1;
1477;202200000964;812 221;C01;1;7;0;2;4;1;1;
1478;202200000965;812 216;A01;3;7;0;1;4;23;1;
1479;202200000966;812 214;B01;3;2;0;2;1;1;0;
1480;202200000966;812 215;A01;3;7;0;2;8;1;1;
1481;202200000967;812 212;A01;1;7;0;2;2;15;1;
1482;202200000967;812 213;B01;2;2;0;2;3;1;1;
1483;202200000968;812 208;A01;1;10;11;2;1;2;1;
1484;202200000968;812 209;B01;1;7;0;2;4;23;1;
1485;202200000968;812 210;C01;1;7;0;2;4;2;1;
1486;202200000968;812 211;D01;1;7;0;2;4;2;1;
1487;202200000969;812 206;A01;3;7;0;2;2;17;1;
1488;202200000969;812 207;B01;0;31;0;2;2;21;1;
1489;202200000970;812 204;A01;1;7;0;2;1;13;1;
1490;202200000970;812 205;B01;2;7;0;2;8;1;1;
1491;202200000971;812 203;A01;1;10;2;0;1;0;1;
1492;202200000973;812 200;B01;1;2;0;2;1;1;1;
1493;202200000973;812 201;A01;2;7;0;2;7;15;1;
1494;202200000974;812 199;A01;1;7;2;0;8;1;1;
1495;202200000975;812 197;B01;1;2;0;2;1;1;1;
1496;202200000975;812 198;A01;2;7;0;0;2;15;1;
1497;202200000976;812 195;B01;1;7;0;2;1;1;1;
1498;202200000976;812 196;A01;1;33;0;0;4;26;1;
1499;202200000977;812 194;A01;2;7;7;0;1;14;1;
1500;202200000978;812 192;B01;1;10;0;2;8;19;1;
1501;202200000978;812 193;A01;1;7;0;2;1;1;1;
1502;202200000980;812 189;A01;1;7;13;0;9;0;1;
1503;202200000981;812 186;A01;3;7;0;9;3;13;1;
1504;202200000981;812 187;B01;3;1;3;2;0;25;5;
1505;202200000981;812 188;C01;3;1;3;2;0;25;5;
1506;202200000982;812 184;B01;2;7;0;2;1;1;1;
1507;202200000982;812 185;A01;1;7;0;2;1;1;1;
1508;202200000983;812 183;A01;1;33;0;0;3;1;1;
1509;202200000984;812 181;A01;2;20;0;2;6;15;1;
1510;202200000984;812 182;B01;2;7;0;2;3;17;1;
1511;202200000985;812 180;A01;2;33;4;0;8;2;1;
1512;202200000987;812 177;A01;1;31;0;6;1;1;1;
1513;202200000988;812 176;A01;2;7;2;0;1;1;1;
1514;202200000989;812 173;C01;1;7;0;0;4;23;1;
1515;202200000989;812 174;B01;1;15;0;2;4;23;1;
1516;202200000989;812 175;A01;1;15;0;2;1;1;1;
1517;202200000990;812 170;A01;3;7;0;2;8;16;1;
1518;202200000990;812 171;B01;1;13;0;2;2;1;1;
1519;202200000991;812 169;A01;2;7;13;0;1;21;1;
1520;202200000992;812 167;A01;1;2;0;2;1;1;1;
1521;202200000992;812 168;B01;2;7;0;2;3;1;1;
1522;202200000993;812 165;A01;0;7;0;2;1;1;1;
1523;202200000993;812 166;B01;0;7;0;2;1;1;1;
1524;202200000994;812 164;A01;1;7;0;0;1;13;1;
1525;202200000995;812 162;B01;2;10;0;2;3;21;1;
1526;202200000995;812 163;A01;1;33;0;2;3;13;1;
1527;202200000997;812 158;A01;2;33;0;2;0;17;1;
1528;202200000997;812 159;B01;2;34;0;0;0;13;1;
1529;202200000998;812 156;B01;2;1;0;2;8;0;5;
1530;202200000998;812 157;A01;2;7;0;2;2;2;1;
1531;202200000999;812 154;A01;1;2;0;2;1;1;1;
1532;202200000999;812 155;B01;2;7;0;2;2;1;1;
1533;202200001000;812 153;A01;1;34;0;0;0;1;1;
1534;202200001001;812 152;A01;1;7;1;0;2;1;1;
1535;202200001002;812 151;A01;3;1;0;0;0;0;5;
1536;202200001003;812 149;B01;1;7;0;2;1;1;2;
1537;202200001003;812 150;A01;2;7;0;2;1;1;1;
1538;202200001004;812 148;A01;3;31;8;0;7;14;1;
1539;202200001005;812 146;A01;3;7;4;0;2;0;1;
1540;202200001006;812 145;A01;1;7;0;1;1;1;1;
1541;202200001007;812 142;A01;2;7;0;2;1;1;1;
1542;202200001007;812 143;B01;1;2;0;2;9;15;1;
1543;202200001007;812 144;C01;1;7;0;2;3;2;1;
1544;202200001008;812 141;A01;0;33;12;0;1;2;1;
1545;202200001010;812 138;A01;1;7;0;0;1;2;1;
1546;202200001011;812 136;B01;3;7;0;2;1;1;1;
1547;202200001011;812 137;A01;1;7;0;2;2;1;1;
1548;202200001012;812 134;A01;2;7;0;2;2;15;1;
1549;202200001012;812 135;B01;2;2;0;2;8;1;1;
1550;202200001013;812 131;B01;1;7;0;2;3;1;1;
1551;202200001013;812 132;A01;2;7;0;2;3;13;1;
1552;202200001014;812 129;B01;3;7;0;2;3;1;1;
1553;202200001014;812 130;A01;3;33;0;2;1;13;1;
1554;202200001015;812 128;A01;2;7;3;0;2;1;1;
1555;202200001016;812 126;A01;2;7;0;2;3;15;1;
1556;202200001016;812 127;B01;1;30;0;0;8;1;1;
1557;202200001018;812 123;A01;1;7;13;0;2;1;1;
1558;202200001019;812 122;A01;2;33;0;0;0;0;1;
1559;202200001020;812 120;B01;1;7;0;0;3;1;1;
1560;202200001020;812 121;A01;2;7;0;0;3;13;1;
1561;202200001021;812 118;B01;1;15;0;2;1;21;1;
1562;202200001021;812 119;A01;1;7;0;2;8;9;1;
1563;202200001022;812 116;B01;1;34;0;2;1;2;1;
1564;202200001022;812 117;A01;1;7;0;2;8;2;0;
1565;202200001024;812 113;A01;1;2;8;0;1;1;1;
1566;202200001025;812 112;A01;3;7;0;0;0;15;1;
1567;202200001026;812 111;A01;1;17;0;1;1;1;1;
1568;202200001027;812 110;A01;0;7;2;0;1;14;0;
1569;202200001028;812 108;B01;1;1;0;2;7;26;5;
1570;202200001028;812 109;A01;1;7;0;9;1;9;1;
1571;202200001029;812 106;B01;2;7;0;0;2;17;1;
1572;202200001029;812 107;A01;2;7;0;0;3;15;1;
1573;202200001030;812 104;B01;2;7;0;2;1;1;1;
1574;202200001030;812 105;A01;1;33;0;2;1;17;1;
1575;202200001031;812 102;B01;1;31;0;0;4;2;1;
1576;202200001031;812 103;A01;1;13;0;2;2;14;1;
1577;202200001032;812 101;A01;1;33;0;5;1;1;1;
1578;202200001033;812 100;A01;3;7;12;0;1;1;1;
1579;202200001034;812 097;B01;2;30;0;2;8;1;1;
1580;202200001034;812 098;A01;2;7;0;2;2;19;1;
1581;202200001034;812 099;C01;1;7;0;2;3;16;1;
1582;202200001035;812 096;A01;1;7;16;0;2;1;1;
1583;202200001036;812 095;A01;2;33;0;0;0;1;1;
1584;202200001037;812 093;A01;1;7;0;2;2;12;1;
1585;202200001037;812 094;B01;1;34;0;2;1;1;1;
1586;202200001038;812 092;A01;1;33;4;0;3;13;1;
1587;202200001039;812 090;B01;2;7;0;2;1;2;1;
1588;202200001039;812 091;A01;2;33;0;2;4;1;1;
1589;202200001040;812 088;A01;2;33;0;2;8;1;1;
1590;202200001040;812 089;Z01;2;7;0;0;0;0;0;
1591;202200001041;812 084;D01;2;7;0;2;6;1;1;
1592;202200001041;812 085;C01;2;7;0;2;4;1;1;
1593;202200001041;812 086;B01;2;7;0;2;4;1;1;
1594;202200001041;812 087;A01;2;7;0;2;1;1;1;
1595;202200001042;812 081;C01;2;7;0;2;6;2;1;
1596;202200001042;812 082;B01;2;7;0;2;3;2;1;
1597;202200001042;812 083;A01;2;7;0;2;2;2;1;
1598;202200001043;812 080;A01;2;7;7;0;3;14;0;
1599;202200001044;812 077;A01;1;7;0;2;1;2;1;
1600;202200001044;812 078;B01;1;7;0;2;1;2;1;
1601;202200001044;812 079;C01;1;7;0;2;4;2;1;
1602;202200001045;812 074;A01;2;7;0;2;1;1;1;
1603;202200001045;812 075;B01;2;7;0;2;6;2;1;
1604;202200001045;812 076;C01;2;7;0;2;4;2;1;
1605;202200001046;812 072;A01;1;33;3;2;1;1;1;
1606;202200001046;812 073;B01;1;7;3;2;4;1;1;
1607;202200001047;812 070;B01;1;7;0;2;4;2;1;
1608;202200001047;812 071;A01;1;10;0;2;1;1;1;
1609;202200001048;812 067;B01;1;7;0;2;4;2;1;
1610;202200001048;812 068;C01;1;7;0;2;4;1;1;
1611;202200001048;812 069;A01;1;10;0;2;1;2;1;
1612;202200001051;812 061;C01;2;7;0;2;1;2;1;
1613;202200001051;812 062;B01;2;7;0;2;1;2;1;
1614;202200001051;812 063;A01;2;7;0;2;4;2;1;
1615;202200001052;812 059;A01;2;10;0;2;4;2;1;
1616;202200001052;812 060;Z01;2;7;0;2;1;2;1;
1617;202200001053;812 057;A01;2;7;0;2;1;1;1;
1618;202200001053;812 058;B01;2;7;0;2;4;1;1;
1619;202200001054;812 056;A01;2;33;0;0;8;0;1;
1620;202200001055;812 054;A01;2;7;0;0;0;13;1;
1621;202200001055;812 055;B01;2;33;0;2;0;2;1;
1622;202200001057;812 052;A01;2;7;8;0;1;14;1;
1623;202200001059;812 048;A01;1;7;0;2;1;26;1;
1624;202200001059;812 049;B01;1;7;0;2;4;1;1;
1625;202200001059;812 050;C01;1;7;0;2;4;2;1;
1626;202200001060;812 047;A01;2;7;0;1;3;15;1;
1627;202200001062;812 044;A01;1;7;6;0;2;13;1;
1628;202200001063;812 042;A01;1;7;0;2;2;9;1;
1629;202200001063;812 043;B01;1;50;0;2;4;1;3;
1630;202200001064;812 041;A01;0;50;0;0;0;1;3;
1631;202200001065;812 036;E01;3;7;4;2;3;1;1;
1632;202200001065;812 037;D01;3;15;4;2;6;1;1;
1633;202200001065;812 038;C01;3;7;0;2;1;1;1;
1634;202200001065;812 039;B01;3;7;0;2;6;1;1;
1635;202200001065;812 040;A01;3;7;4;2;1;15;1;
1636;202200001066;812 033;B01;2;7;0;2;2;15;1;
1637;202200001066;812 034;A01;1;31;0;2;1;1;1;
1638;202200001067;812 032;A01;2;33;13;0;0;21;1;
1639;202200001068;812 031;A01;1;7;0;1;3;1;1;
1640;202200001069;812 029;B01;1;1;0;2;7;1;5;
1641;202200001069;812 030;A01;2;7;0;2;1;9;1;
1642;202200001070;812 028;A01;1;7;4;0;7;14;1;
1643;202200001071;812 027;A01;3;7;0;1;3;2;1;
1644;202200001072;812 026;A01;1;10;0;0;1;26;1;
1645;202200001073;812 024;B01;3;80;0;2;5;13;3;
1646;202200001073;812 025;A01;3;7;0;9;5;16;1;
1647;202200001074;812 022;B01;2;33;0;0;1;1;1;
1648;202200001074;812 023;A01;1;7;0;0;3;9;1;
1649;202200001075;812 020;A01;3;7;0;2;2;15;1;
1650;202200001075;812 021;B01;3;33;0;2;1;0;1;
1651;202200001076;812 018;B01;2;33;0;2;1;17;1;
1652;202200001076;812 019;A01;2;7;0;2;8;10;1;
1653;202200001077;812 016;B01;0;7;0;2;8;15;1;
1654;202200001077;812 017;A01;3;33;0;2;1;17;1;
1655;202200001079;812 014;A01;2;50;16;0;0;3;3;
1656;202200001080;812 013;A01;2;7;2;0;1;13;0;
1657;202200001081;812 011;A01;1;1;0;2;2;9;5;
1658;202200001081;812 012;B01;1;7;0;0;0;1;0;
1659;202200001082;812 010;A01;1;7;0;1;1;1;2;
1660;202200001083;812 008;A01;1;7;0;2;8;1;1;
1661;202200001083;812 009;B01;1;80;0;2;4;19;3;
1662;202200001084;812 006;A01;0;30;0;2;1;21;1;
1663;202200001084;812 007;B01;0;7;0;0;1;0;3;
1664;202200001085;812 005;A01;3;7;0;1;4;10;1;
1665;202200001086;812 003;A01;2;7;0;2;2;15;1;
1666;202200001086;812 004;B01;2;33;0;2;1;17;1;
1667;202200001087;812 002;A01;1;30;0;2;8;1;3;
1668;202200001088;812 000;A01;1;7;9;2;0;1;1;
1669;202200001088;812 001;B01;2;7;0;2;1;20;2;
1670;202200001089;811 999;A01;1;37;0;1;2;1;1;1.0
1671;202200001090;811 997;B01;2;7;0;2;4;23;1;
1672;202200001090;811 998;A01;2;30;0;2;1;1;1;
1673;202200001091;811 996;A01;1;7;8;0;3;15;1;
1674;202200001092;811 994;A01;1;7;0;9;1;1;1;
1675;202200001092;811 995;B01;2;33;0;2;1;1;1;
1676;202200001094;811 989;A01;1;7;0;2;2;11;1;
1677;202200001094;811 990;B01;1;7;0;2;6;1;1;
1678;202200001095;811 988;A01;2;7;4;0;2;14;1;
1679;202200001096;811 986;A01;2;10;0;2;1;2;1;
1680;202200001096;811 987;B01;2;7;0;2;4;2;2;
1681;202200001098;811 982;A01;1;1;0;2;1;19;5;
1682;202200001098;811 983;B01;3;7;0;2;6;16;1;
1683;202200001099;811 981;A01;1;34;0;0;3;21;1;
1684;202200001100;811 980;A01;1;7;0;1;4;4;1;
1685;202200001101;811 978;A01;1;34;0;2;1;1;1;
1686;202200001101;811 979;B01;2;34;0;2;7;15;1;
1687;202200001102;811 977;A01;2;30;12;0;7;14;3;
1688;202200001103;811 973;A01;2;7;4;2;4;1;1;
1689;202200001103;811 975;B01;2;7;4;2;1;1;1;
1690;202200001103;811 976;C01;2;7;4;2;1;1;1;
1691;202200001104;811 972;B01;3;33;0;2;4;23;1;
1692;202200001104;811 974;A01;3;7;0;2;2;1;1;
1693;202200001105;811 971;A01;1;7;0;1;3;15;2;
1694;202200001106;811 968;A01;1;33;0;2;3;1;1;
1695;202200001106;811 970;Z01;3;7;0;2;0;13;0;
1696;202200001107;811 963;A01;2;7;0;2;2;12;1;
1697;202200001107;811 965;B01;2;43;0;2;3;18;1;
1698;202200001108;811 959;B01;1;32;0;0;4;20;1;
1699;202200001108;811 961;A01;1;10;0;2;1;2;1;
1700;202200001109;811 958;A01;1;30;0;2;1;17;3;
1701;202200001109;811 960;B01;1;13;0;2;3;15;1;
1702;202200001110;811 955;A01;1;7;11;0;3;2;1;
1703;202200001110;811 957;B01;1;33;11;0;7;2;1;
1704;202200001111;811 954;A01;2;7;0;2;1;1;1;
1705;202200001111;811 956;B01;2;7;0;2;4;23;1;
1706;202200001113;811 951;B01;2;2;0;2;1;1;1;
1707;202200001113;811 953;A01;2;7;0;2;7;1;1;
1708;202200001114;811 949;B01;1;50;0;2;1;1;3;
1709;202200001114;811 950;A01;1;7;0;2;3;15;1;
1710;202200001115;811 946;A01;1;31;0;2;3;11;1;
1711;202200001115;811 947;B01;1;7;0;2;7;1;1;
1712;202200001116;811 945;A01;1;7;0;2;3;1;1;
1713;202200001116;811 948;B01;2;10;0;2;5;1;1;
1714;202200001117;811 944;A01;1;30;12;0;0;1;1;
1715;202200001118;811 942;A01;1;7;0;2;0;0;1;
1716;202200001118;811 943;B01;1;43;0;2;2;3;1;
1717;202200001119;811 940;B01;1;30;0;2;1;17;1;
1718;202200001119;811 941;A01;1;7;0;2;3;15;1;
1719;202200001120;811 936;B01;2;7;0;2;1;15;1;
1720;202200001120;811 938;A01;1;34;15;2;2;1;1;
1721;202200001121;811 937;B01;2;32;1;0;1;1;1;
1722;202200001121;811 939;A01;2;0;0;2;3;23;0;
1723;202200001123;811 932;B01;1;7;0;2;1;2;1;
1724;202200001123;811 934;A01;1;7;0;2;4;2;1;
1725;202200001124;811 931;A01;1;34;0;1;1;17;1;
1726;202200001125;811 927;B01;2;7;0;2;4;23;1;
1727;202200001125;811 928;A01;2;32;13;0;1;1;1;
1728;202200001126;811 926;A01;1;7;0;2;3;16;0;
1729;202200001127;811 929;A01;3;7;0;9;3;1;1;
1730;202200001127;811 930;B01;3;50;0;2;1;1;3;
1731;202200001128;811 920;A01;2;7;0;2;4;2;1;
1732;202200001128;811 922;B01;2;7;0;2;1;2;1;
1733;202200001128;811 924;C01;2;7;0;2;0;0;1;
1734;202200001128;811 925;D01;2;7;0;2;1;0;1;
1735;202200001129;811 921;B01;1;2;0;2;5;1;1;
1736;202200001129;811 923;A01;1;7;0;2;2;17;1;
1737;202200001130;811 917;A01;3;7;0;1;1;1;1;
1738;202200001131;811 915;A01;1;7;0;1;2;21;1;
1739;202200001132;811 914;A01;2;7;15;0;3;21;1;
1740;202200001133;811 911;C01;3;33;0;2;4;0;1;
1741;202200001133;811 912;B01;3;7;0;2;9;2;1;
1742;202200001133;811 913;A01;3;99;0;2;1;2;1;
1743;202200001135;811 906;A01;3;7;0;1;1;1;1;
1744;202200001136;811 904;B01;3;7;0;2;0;1;3;
1745;202200001136;811 905;A01;3;7;0;2;0;9;1;
1746;202200001137;811 901;B01;2;7;0;2;8;0;1;
1747;202200001137;811 903;A01;2;33;0;2;2;2;1;
1748;202200001138;811 899;A01;3;7;0;2;2;1;1;
1749;202200001138;811 900;B01;3;7;0;2;4;23;1;
1750;202200001138;811 902;C01;3;7;0;2;4;23;3;
1751;202200001139;811 897;B01;1;7;0;2;3;0;1;
1752;202200001139;811 898;A01;2;1;0;2;1;0;5;
1753;202200001140;811 896;A01;1;7;0;1;0;16;1;
1754;202200001141;811 893;B01;-1;7;15;0;4;23;1;
1755;202200001141;811 895;A01;-1;30;0;2;1;2;3;
1756;202200001142;811 891;A01;1;7;0;1;2;16;1;
1757;202200001143;811 888;B01;-1;7;0;2;2;9;1;
1758;202200001143;811 890;A01;-1;7;0;2;3;26;1;
1759;202200001144;811 887;A01;2;7;0;2;7;1;1;
1760;202200001144;811 889;B01;1;7;0;2;0;15;1;
1761;202200001145;811 885;B01;3;7;0;2;3;16;0;
1762;202200001145;811 886;A01;3;32;0;2;2;15;1;
1763;202200001147;811 880;A01;3;7;0;2;3;16;1;
1764;202200001147;811 881;B01;3;2;0;2;2;2;1;
1765;202200001148;811 878;A01;1;7;0;2;1;2;1;
1766;202200001148;811 879;B01;1;13;0;2;4;2;1;
1767;202200001149;811 876;B01;1;30;0;2;1;1;1;
1768;202200001149;811 877;A01;1;7;0;2;3;9;1;
1769;202200001151;811 873;B01;1;7;3;2;8;0;1;
1770;202200001151;811 874;A01;3;10;0;2;1;26;1;
1771;202200001153;811 869;A01;1;7;0;2;9;19;1;
1772;202200001153;811 870;B01;1;7;0;2;1;2;1;
1773;202200001154;811 867;B01;1;7;0;2;4;23;1;
1774;202200001154;811 868;A01;1;30;0;2;2;2;1;
1775;202200001155;811 864;Z01;0;7;0;1;0;26;0;
1776;202200001156;811 862;B01;1;7;1;0;7;0;1;
1777;202200001156;811 863;A01;1;7;0;2;1;16;1;
1778;202200001157;811 861;A01;2;1;14;0;0;1;5;
1779;202200001158;811 859;B01;3;7;0;2;4;1;1;
1780;202200001158;811 860;A01;3;30;0;2;1;1;1;
1781;202200001159;811 857;B01;1;33;0;2;1;1;1;
1782;202200001159;811 858;A01;1;7;0;2;2;15;1;
1783;202200001160;811 856;A01;1;10;0;2;1;26;1;
1784;202200001161;811 853;A01;2;7;0;2;1;17;1;
1785;202200001161;811 854;B01;2;10;0;2;2;1;1;
1786;202200001161;811 855;C01;1;7;0;2;2;1;1;
1787;202200001162;811 851;B01;1;7;0;2;4;23;1;
1788;202200001162;811 852;A01;1;30;0;2;1;2;1;
1789;202200001163;811 850;A01;2;7;0;1;2;1;1;
1790;202200001164;811 849;A01;3;33;0;0;8;12;1;
1791;202200001165;811 847;B01;0;1;0;2;1;16;5;
1792;202200001165;811 848;A01;3;7;0;0;5;16;0;
1793;202200001166;811 846;A01;2;2;11;0;1;1;1;
1794;202200001167;811 844;B01;1;37;0;2;8;1;1;1.0
1795;202200001167;811 845;A01;2;32;0;2;2;1;1;
1796;202200001168;811 842;A01;2;32;0;2;1;17;1;
1797;202200001168;811 843;B01;2;7;0;2;8;15;3;
1798;202200001169;811 840;B01;2;30;0;2;7;9;1;
1799;202200001169;811 841;A01;1;7;0;2;3;1;1;
1800;202200001170;811 839;A01;2;7;6;0;1;6;1;
1801;202200001172;811 836;B01;1;7;0;0;0;0;1;
1802;202200001172;811 837;A01;2;34;0;2;1;8;1;
1803;202200001173;811 835;A01;1;7;0;1;1;1;1;
1804;202200001174;811 834;A01;3;7;1;0;1;21;2;
1805;202200001175;811 831;A01;0;7;0;2;3;24;1;
1806;202200001175;811 832;B01;1;30;0;2;1;1;1;
1807;202200001176;811 829;B01;2;7;0;2;1;21;1;
1808;202200001176;811 830;A01;1;7;13;2;1;26;1;
1809;202200001177;811 827;A01;0;7;0;2;3;9;1;
1810;202200001177;811 828;B01;0;33;0;2;2;1;1;
1811;202200001178;811 826;A01;1;50;0;0;1;1;3;
1812;202200001179;811 825;A01;0;7;8;0;1;26;1;
1813;202200001180;811 823;A01;3;7;0;2;3;15;1;
1814;202200001180;811 824;B01;3;80;0;2;6;1;3;
1815;202200001181;811 821;A01;3;30;0;2;7;1;1;
1816;202200001181;811 822;B01;3;32;0;2;8;1;1;
1817;202200001182;811 820;LA01;2;7;0;0;9;26;1;
1818;202200001183;811 819;A01;3;7;15;0;1;1;1;
1819;202200001184;811 817;A01;1;7;0;2;1;2;2;
1820;202200001184;811 818;B01;1;7;0;2;4;1;1;
1821;202200001185;811 816;A01;2;7;14;0;1;1;1;
1822;202200001186;811 815;A01;1;30;0;0;0;0;1;
1823;202200001187;811 813;A01;1;7;0;9;1;2;1;
1824;202200001187;811 814;B01;1;33;0;2;1;2;0;
1825;202200001188;811 811;B01;1;33;0;2;2;21;1;
1826;202200001188;811 812;A01;2;10;0;2;1;9;1;
1827;202200001190;811 807;B01;2;10;0;2;5;12;1;
1828;202200001190;811 808;A01;2;43;0;2;1;3;1;
1829;202200001191;811 805;Z01;1;10;0;2;4;4;1;
1830;202200001191;811 806;A01;1;30;0;2;1;1;1;
1831;202200001192;811 804;A01;1;33;0;1;1;1;1;
1832;202200001193;811 802;B01;2;50;0;2;7;1;3;
1833;202200001193;811 803;A01;1;7;0;2;1;1;1;
1834;202200001194;811 800;B01;1;7;0;2;5;23;1;
1835;202200001194;811 801;A01;1;30;0;2;3;1;1;
1836;202200001195;811 799;Z01;1;2;0;1;1;1;0;
1837;202200001196;811 798;A01;1;7;0;1;2;1;1;
1838;202200001197;811 797;Z01;2;50;0;1;1;1;3;
1839;202200001198;811 795;B01;2;1;0;2;7;1;5;
1840;202200001198;811 796;A01;1;7;0;2;7;23;1;
1841;202200001199;811 794;A01;1;7;0;1;4;4;2;
1842;202200001200;811 792;A01;2;30;0;2;1;2;1;
1843;202200001200;811 793;B01;2;7;0;2;3;2;2;
1844;202200001201;811 791;A01;1;1;12;0;1;12;5;
1845;202200001202;811 790;A01;2;1;8;0;0;13;5;
1846;202200001203;811 788;A01;2;1;0;2;7;17;5;
1847;202200001203;811 789;B01;2;50;0;2;8;1;3;
1848;202200001204;811 786;B01;1;1;0;2;4;1;5;
1849;202200001204;811 787;A01;1;30;0;2;4;1;3;
1850;202200001205;811 785;A01;2;50;0;1;1;1;3;
1851;202200001206;811 784;A01;2;30;4;1;1;1;1;
1852;202200001208;811 781;A01;1;50;0;1;1;1;3;
1853;202200001209;811 780;A01;2;7;0;1;1;1;2;
1854;202200001210;811 779;A01;1;1;0;1;1;1;5;
1855;202200001211;811 777;A01;1;7;0;2;8;13;1;
1856;202200001211;811 778;B01;1;33;0;2;7;1;1;
1857;202200001212;811 775;B01;2;7;0;0;3;9;0;
1858;202200001212;811 776;A01;2;30;0;2;1;1;1;
1859;202200001213;811 773;B01;2;1;10;0;4;0;5;
1860;202200001213;811 774;A01;2;32;1;0;1;0;1;
1861;202200001214;811 769;A01;1;32;0;2;0;9;1;
1862;202200001214;811 770;D01;1;7;0;2;1;1;1;
1863;202200001214;811 771;C01;1;7;0;2;1;1;1;
1864;202200001214;811 772;B01;1;7;0;2;4;1;1;
1865;202200001215;811 767;B01;3;43;0;2;5;1;1;
1866;202200001215;811 768;A01;3;37;0;2;1;1;1;1.0
1867;202200001216;811 766;A01;1;13;0;1;1;15;1;
1868;202200001217;811 765;A01;2;7;1;0;6;14;1;
1869;202200001218;811 763;B01;2;32;0;2;1;1;1;
1870;202200001218;811 764;A01;2;7;0;2;5;15;1;
1871;202200001219;811 759;A01;2;7;1;0;1;1;2;
1872;202200001219;811 760;B01;3;1;1;2;8;19;5;
1873;202200001220;811 758;A01;3;7;0;1;2;2;1;
1874;202200001221;811 756;A01;1;7;0;2;2;1;2;
1875;202200001221;811 757;C01;2;50;0;2;7;5;3;
1876;202200001222;811 754;A01;2;33;0;2;2;1;1;
1877;202200001222;811 755;C01;1;7;0;2;3;16;1;
1878;202200001223;811 753;A01;1;7;0;1;1;9;1;
1879;202200001224;811 752;A01;1;7;0;1;2;2;1;
1880;202200001226;811 749;B01;0;10;0;0;1;19;1;
1881;202200001226;811 750;A01;0;34;0;2;2;1;1;
1882;202200001227;811 747;B01;1;7;0;2;5;17;1;
1883;202200001227;811 748;A01;1;7;0;2;2;15;1;
1884;202200001228;811 746;A01;3;7;1;0;4;12;1;
1885;202200001229;811 745;A01;1;50;6;0;1;1;3;
1886;202200001230;811 742;C01;0;30;0;2;1;1;1;
1887;202200001230;811 743;B01;0;7;0;2;4;16;1;
1888;202200001230;811 744;A01;0;7;0;2;1;1;1;
1889;202200001231;811 740;B01;1;1;0;0;4;1;5;
1890;202200001231;811 741;A01;1;7;0;0;1;1;1;
1891;202200001232;811 738;A01;2;7;0;2;3;15;1;
1892;202200001232;811 739;B01;1;2;0;2;3;1;1;
1893;202200001234;811 734;A01;1;7;0;2;6;1;1;
1894;202200001234;811 735;B01;1;7;0;2;3;1;1;
1895;202200001235;811 732;A01;0;3;0;2;7;2;1;
1896;202200001235;811 733;B01;0;2;0;2;8;2;1;
1897;202200001236;811 730;B01;1;15;0;2;6;1;1;
1898;202200001236;811 731;A01;1;10;0;2;2;17;1;
1899;202200001237;811 728;B01;1;7;0;2;1;1;1;
1900;202200001237;811 729;A01;1;37;0;2;3;1;1;2.0
1901;202200001238;811 725;A01;3;10;0;2;7;2;1;
1902;202200001238;811 726;B01;1;32;0;2;8;3;1;
1903;202200001238;811 727;C01;1;32;0;2;1;3;1;
1904;202200001239;811 723;Z01;3;7;0;0;0;0;0;
1905;202200001239;811 724;A01;1;34;0;0;0;0;1;
1906;202200001240;811 722;A01;2;33;0;0;8;1;1;
1907;202200001241;811 720;B01;2;7;0;2;3;1;1;