;Num_Acc;id_vehicule;num_veh;senc;catv;obs;obsm;choc;manv;motor;occutc
1908;202200001241;811 721;A01;1;33;0;2;3;17;1;
1909;202200001242;811 718;A01;1;31;8;2;2;5;1;
1910;202200001242;811 719;B01;2;7;0;2;2;5;1;
1911;202200001243;811 717;A01;1;33;8;0;1;0;1;
1912;202200001244;811 715;A01;1;7;0;2;1;1;1;
1913;202200001244;811 716;B01;1;34;0;0;4;1;1;
1914;202200001245;811 714;A01;2;7;0;0;1;1;1;
1915;202200001246;811 712;B01;2;7;0;2;1;15;1;
1916;202200001246;811 713;A01;1;33;0;2;1;1;1;
1917;202200001248;811 709;A01;1;32;16;0;0;1;1;
1918;202200001249;811 707;B01;2;15;0;0;0;1;1;
1919;202200001249;811 708;A01;2;7;3;2;1;2;1;
1920;202200001250;811 705;A01;0;10;0;2;3;15;1;
1921;202200001250;811 706;B01;0;33;0;2;3;17;1;
1922;202200001251;811 703;A01;1;7;0;2;1;13;1;
1923;202200001251;811 704;B01;2;15;0;2;1;1;1;
1924;202200001252;811 702;A01;1;7;0;9;1;1;1;
1925;202200001253;811 700;A01;1;7;12;2;3;1;1;
1926;202200001253;811 701;B01;1;60;0;2;7;19;5;
1927;202200001254;811 698;A01;1;7;0;2;1;13;1;
1928;202200001254;811 699;B01;2;7;0;2;1;1;1;
1929;202200001256;811 696;A01;1;2;0;0;0;1;1;
1930;202200001257;811 695;A01;2;7;17;0;1;1;1;
1931;202200001258;811 693;B01;2;13;0;2;1;1;1;
1932;202200001258;811 694;A01;2;2;0;2;8;15;1;
1933;202200001259;811 692;A01;1;7;2;0;1;14;1;
1934;202200001260;811 690;B01;1;7;0;2;4;2;1;
1935;202200001260;811 691;A01;1;7;0;2;1;2;1;
1936;202200001261;811 689;A01;1;33;0;6;1;1;1;
1937;202200001262;811 687;B01;2;7;0;0;2;1;1;
1938;202200001262;811 688;A01;2;7;0;2;1;9;1;
1939;202200001263;811 685;B01;3;80;0;2;4;1;3;
1940;202200001263;811 686;A01;3;7;0;2;2;1;1;
1941;202200001264;811 684;A01;1;7;13;0;2;1;1;
1942;202200001265;811 683;A01;1;33;13;0;1;1;1;
1943;202200001267;811 680;A01;1;2;11;0;1;1;1;
1944;202200001268;811 676;A01;1;7;0;2;1;13;1;
1945;202200001268;811 677;B01;2;7;0;2;3;1;1;
1946;202200001269;811 675;A01;1;33;0;0;3;1;1;
1947;202200001270;811 673;A01;1;7;13;0;1;15;1;
1948;202200001270;811 674;B01;2;7;0;0;1;1;1;
1949;202200001271;811 671;B01;2;7;0;2;1;1;1;
1950;202200001271;811 672;A01;1;7;0;2;1;1;1;
1951;202200001272;811 670;A01;2;2;0;0;1;1;1;
1952;202200001273;811 669;A01;1;7;0;1;2;1;1;
1953;202200001274;811 667;B01;3;7;0;2;3;1;1;
1954;202200001274;811 668;A01;3;7;0;2;3;1;1;
1955;202200001275;811 666;A01;0;2;0;0;0;1;1;
1956;202200001276;811 664;A01;1;7;0;2;3;5;1;
1957;202200001276;811 665;B01;2;20;0;2;3;5;1;
1958;202200001277;811 662;A01;1;34;0;2;1;13;1;
1959;202200001277;811 663;B01;2;7;0;2;1;1;1;
1960;202200001278;811 661;A01;2;7;0;1;1;0;0;
1961;202200001279;811 659;Z01;0;7;0;2;3;0;1;
1962;202200001279;811 660;A01;0;7;0;2;3;0;1;
1963;202200001280;811 656;C01;2;7;0;2;5;24;1;
1964;202200001280;811 657;B01;2;7;0;2;7;12;1;
1965;202200001280;811 658;A01;2;32;0;2;3;18;1;
1966;202200001281;811 654;B01;1;33;0;2;1;1;1;
1967;202200001281;811 655;A01;2;7;0;2;7;15;1;
1968;202200001282;811 651;A01;2;7;0;2;1;5;1;
1969;202200001282;811 652;B01;1;34;0;2;1;1;1;
1970;202200001282;811 653;C01;1;32;0;2;3;1;1;
1971;202200001284;811 647;B01;3;7;0;2;8;1;1;
1972;202200001284;811 648;A01;3;50;0;2;7;19;3;
1973;202200001285;811 646;A01;3;31;8;0;1;13;1;
1974;202200001286;811 644;B01;1;33;0;2;8;1;1;
1975;202200001286;811 645;A01;1;10;0;2;7;12;1;
1976;202200001287;811 642;A01;3;7;0;2;1;1;3;
1977;202200001287;811 643;B01;3;50;0;2;7;19;3;
1978;202200001288;811 640;Z01;1;7;0;2;1;1;0;
1979;202200001288;811 641;A01;1;50;0;2;4;1;3;
1980;202200001289;811 638;A01;1;37;0;2;2;1;3;1.0
1981;202200001289;811 639;B01;1;1;0;2;6;13;5;
1982;202200001290;811 636;A01;3;34;0;2;2;1;1;
1983;202200001290;811 637;B01;3;7;0;2;3;1;2;
1984;202200001292;811 633;A01;2;50;12;0;3;1;3;
1985;202200001293;811 629;A01;1;7;0;2;1;0;1;
1986;202200001293;811 630;B01;2;7;1;2;2;9;1;
1987;202200001295;811 625;A01;0;1;0;0;1;1;5;
1988;202200001295;811 626;B01;3;50;0;0;1;5;3;
1989;202200001296;811 623;A01;2;7;0;2;3;15;1;
1990;202200001296;811 624;B01;1;7;0;2;3;1;1;
1991;202200001297;811 619;A01;3;7;0;2;1;0;1;
1992;202200001297;811 620;B01;1;7;0;2;0;0;1;
1993;202200001299;811 613;B01;1;33;0;2;1;1;1;
1994;202200001299;811 614;A01;3;7;0;2;3;9;1;
1995;202200001300;811 610;B01;2;7;0;0;6;0;2;
1996;202200001300;811 611;A01;2;7;0;2;2;9;1;
1997;202200001300;811 612;C01;2;10;0;0;5;0;1;
1998;202200001301;811 608;A01;0;7;0;2;3;13;1;
1999;202200001301;811 609;B01;0;7;0;2;3;0;1;
2000;202200001302;811 605;A01;2;7;0;2;4;19;1;
2001;202200001302;811 606;B01;1;33;0;2;1;1;1;
2002;202200001302;811 607;C01;1;7;13;0;1;1;1;
2003;202200001303;811 603;A01;1;31;0;2;8;1;1;
2004;202200001303;811 604;C01;2;17;0;0;0;15;1;
2005;202200001304;811 602;A01;1;31;0;0;2;1;1;
2006;202200001305;811 601;A01;2;13;13;0;7;14;1;
2007;202200001306;811 599;B01;0;33;0;0;9;1;1;
2008;202200001306;811 600;A01;3;7;0;0;0;1;1;
2009;202200001307;811 597;A01;1;7;0;2;4;1;1;
2010;202200001307;811 598;B01;1;7;0;2;5;21;1;
2011;202200001308;811 596;A01;3;7;13;0;0;1;1;
2012;202200001309;811 595;A01;1;32;0;0;0;1;1;
2013;202200001310;811 592;A01;2;7;0;2;1;5;1;
2014;202200001310;811 593;B01;2;10;0;2;8;1;1;
2015;202200001310;811 594;C01;1;10;0;2;1;1;1;
2016;202200001311;811 591;A01;1;2;8;0;1;1;1;
2017;202200001312;811 589;A01;1;7;0;2;3;9;1;
2018;202200001312;811 590;B01;2;80;0;2;2;1;3;
2019;202200001313;811 587;A01;2;7;0;9;1;1;1;
2020;202200001313;811 588;B01;0;1;0;2;7;19;5;
2021;202200001314;811 585;B01;2;7;0;0;4;1;1;
2022;202200001314;811 586;A01;2;31;0;2;1;1;1;
2023;202200001315;811 584;A01;1;7;0;1;1;1;1;
2024;202200001316;811 582;B01;1;7;0;2;2;1;1;
2025;202200001316;811 583;A01;0;1;0;2;1;1;5;
2026;202200001317;811 580;B01;3;1;0;2;4;2;5;
2027;202200001317;811 581;A01;3;7;0;2;2;2;1;
2028;202200001318;811 579;A01;3;35;0;0;0;1;1;
2029;202200001319;811 578;A01;3;7;6;0;3;1;1;
2030;202200001320;811 577;A01;2;7;17;0;1;14;1;
2031;202200001321;811 575;A01;2;34;0;0;7;1;1;
2032;202200001322;811 574;A01;2;7;2;0;1;13;1;
2033;202200001323;811 573;A01;0;7;1;1;4;20;1;
2034;202200001324;811 572;A01;2;2;13;0;1;14;1;
2035;202200001325;811 570;A01;3;7;0;2;7;1;1;
2036;202200001325;811 571;B01;3;10;0;2;1;1;1;
2037;202200001326;811 568;A01;1;10;0;2;3;13;1;
2038;202200001326;811 569;B01;2;7;0;2;3;1;1;
2039;202200001327;811 567;A01;2;13;10;0;2;1;1;
2040;202200001328;811 566;A01;3;7;2;0;8;0;1;
2041;202200001329;811 565;A01;2;7;10;0;1;1;1;
2042;202200001330;811 564;A01;1;7;2;0;0;1;1;
2043;202200001332;811 562;A01;2;7;0;0;9;0;1;
2044;202200001333;811 560;A01;1;7;0;2;1;2;1;
2045;202200001333;811 561;B01;1;7;0;2;4;2;1;
2046;202200001334;811 559;A01;1;50;12;0;3;1;3;
2047;202200001335;811 556;A01;2;7;0;0;4;1;1;
2048;202200001335;811 557;B01;2;7;0;0;1;1;1;
2049;202200001335;811 558;C01;2;7;0;0;1;1;1;
2050;202200001336;811 554;A01;3;10;1;1;4;23;1;
2051;202200001336;811 555;B01;0;7;0;0;4;26;1;
2052;202200001337;811 552;B01;0;33;0;2;3;1;1;
2053;202200001337;811 553;A01;0;7;0;2;2;1;1;
2054;202200001338;811 550;B01;2;17;1;2;2;1;1;
2055;202200001338;811 551;A01;2;7;0;2;8;22;1;
2056;202200001339;811 549;A01;1;33;0;0;1;1;1;
2057;202200001340;811 548;A01;3;7;2;0;2;1;1;
2058;202200001341;811 545;C01;1;7;0;2;8;1;1;
2059;202200001341;811 546;B01;1;10;0;2;3;1;1;
2060;202200001341;811 547;A01;2;7;0;2;3;13;1;
2061;202200001342;811 544;A01;2;7;3;0;3;1;1;
2062;202200001343;811 542;A01;2;7;0;9;8;1;1;
2063;202200001343;811 543;B01;1;1;0;2;3;1;5;
2064;202200001344;811 540;A01;2;7;13;0;2;17;1;
2065;202200001344;811 541;B01;2;14;0;0;0;15;0;
2066;202200001345;811 539;A01;2;33;0;0;9;1;1;
2067;202200001346;811 538;A01;1;33;3;0;7;15;1;
2068;202200001347;811 537;A01;1;7;15;0;3;1;1;
2069;202200001348;811 536;A01;3;7;6;0;1;1;1;
2070;202200001349;811 535;A01;0;33;0;6;3;1;1;
2071;202200001352;811 530;A01;2;7;0;9;8;18;1;
2072;202200001352;811 531;B01;1;1;0;2;7;12;5;
2073;202200001353;811 528;A01;3;7;0;2;1;9;1;
2074;202200001353;811 529;B01;3;7;0;0;7;1;1;
2075;202200001354;811 527;A01;0;36;0;0;0;26;1;
2076;202200001355;811 525;B01;2;7;0;2;5;1;1;
2077;202200001355;811 526;Z01;2;0;0;2;0;0;0;
2078;202200001356;811 523;A01;1;7;0;2;1;2;1;
2079;202200001356;811 524;B01;1;15;0;2;4;2;1;
2080;202200001357;811 520;C01;1;7;0;2;4;2;1;
2081;202200001357;811 521;B01;1;7;0;2;4;2;1;
2082;202200001357;811 522;A01;1;7;0;2;1;2;1;
2083;202200001358;811 518;B01;2;7;0;2;4;2;1;
2084;202200001358;811 519;A01;2;17;0;2;7;12;1;
2085;202200001359;811 516;B01;2;7;0;2;4;23;1;
2086;202200001359;811 517;A01;2;10;0;2;1;14;1;
2087;202200001360;811 515;A01;1;7;3;0;1;21;1;
2088;202200001361;811 513;B01;1;7;0;2;5;1;1;
2089;202200001361;811 514;A01;1;10;4;2;3;18;1;
2090;202200001362;811 510;C01;2;7;0;2;7;1;2;
2091;202200001362;811 511;B01;2;7;0;2;8;1;1;
2092;202200001362;811 512;A01;2;33;0;2;2;3;1;
2093;202200001363;811 508;A01;2;7;0;2;4;2;6;
2094;202200001363;811 509;B01;2;7;0;2;1;2;6;
2095;202200001364;811 506;B01;1;33;0;2;1;21;1;
2096;202200001364;811 507;A01;1;33;0;2;5;12;1;
2097;202200001365;811 505;A01;1;0;0;1;0;26;0;
2098;202200001366;811 504;A01;2;10;8;0;1;1;1;
2099;202200001367;811 502;A01;2;7;0;2;1;2;1;
2100;202200001367;811 503;B01;2;7;0;2;6;2;1;
2101;202200001368;811 501;A01;1;7;1;0;7;14;1;
2102;202200001369;811 500;A01;3;7;0;1;4;26;1;
2103;202200001370;811 498;A01;0;7;0;2;7;1;1;
2104;202200001370;811 499;B01;1;7;0;2;1;1;1;
2105;202200001371;811 496;B01;2;7;0;2;1;1;1;
2106;202200001371;811 497;A01;1;7;0;2;1;0;1;
2107;202200001372;811 494;A01;2;2;0;2;1;2;1;
2108;202200001372;811 495;B01;2;3;0;2;4;23;1;
2109;202200001373;811 493;A01;2;7;1;0;9;0;1;
2110;202200001374;811 492;A01;1;30;0;1;1;0;1;
2111;202200001375;811 491;A01;3;7;0;1;8;1;1;
2112;202200001376;811 489;B01;1;7;0;2;3;15;1;
2113;202200001376;811 490;A01;1;7;2;2;2;17;1;
2114;202200001377;811 488;A01;1;7;0;1;2;1;1;
2115;202200001379;811 485;A01;2;31;8;0;1;1;1;
2116;202200001380;811 483;A01;1;33;0;2;4;1;1;
2117;202200001380;811 484;Z01;1;7;0;2;0;1;1;
2118;202200001381;811 480;A01;1;31;0;0;0;1;1;
2119;202200001382;811 478;B01;3;50;0;2;1;1;3;
2120;202200001382;811 479;A01;3;7;0;2;3;15;1;
2121;202200001384;811 474;A01;2;33;0;2;1;17;1;
2122;202200001384;811 475;B01;2;7;0;2;8;15;1;
2123;202200001385;811 472;B01;1;1;0;2;8;1;5;
2124;202200001385;811 473;A01;1;7;0;2;1;9;1;
2125;202200001387;811 469;A01;2;7;9;0;1;1;1;
2126;202200001388;811 467;A01;1;7;0;9;2;1;1;
2127;202200001388;811 468;B01;3;1;0;2;3;9;5;
2128;202200001389;811 465;A01;0;7;0;2;0;26;1;
2129;202200001389;811 466;B01;0;34;0;2;6;1;1;
2130;202200001390;811 464;A01;3;7;2;0;1;6;1;
2131;202200001391;811 462;B01;1;1;0;2;6;1;5;
2132;202200001391;811 463;A01;1;7;0;9;2;1;0;
2133;202200001392;811 461;A01;3;7;1;0;2;14;1;
2134;202200001393;811 459;B01;1;50;0;2;1;19;3;
2135;202200001393;811 460;A01;1;7;0;2;3;1;1;
2136;202200001394;811 458;A01;1;30;0;0;2;26;1;
2137;202200001396;811 454;B01;1;30;0;2;7;1;1;
2138;202200001396;811 455;A01;1;7;0;2;3;16;3;
2139;202200001397;811 453;A01;2;7;8;0;1;1;1;
2140;202200001398;811 451;A01;1;7;0;2;8;15;1;
2141;202200001398;811 452;B01;1;7;0;2;1;1;0;
2142;202200001399;811 449;A01;1;7;0;2;3;9;1;
2143;202200001399;811 450;B01;1;1;0;2;5;1;5;
2144;202200001400;811 448;A01;3;7;12;0;1;1;1;
2145;202200001401;811 445;C01;1;7;0;2;4;2;1;
2146;202200001401;811 446;B01;1;33;0;2;4;2;1;
2147;202200001401;811 447;A01;1;7;0;2;1;1;1;
2148;202200001403;811 442;A01;2;7;0;0;9;1;1;
2149;202200001405;811 438;A01;1;7;0;2;3;10;1;
2150;202200001405;811 439;B01;1;2;0;2;1;1;1;
2151;202200001406;811 437;B01;-1;7;-1;-1;-1;-1;-1;
2152;202200001407;811 435;A01;2;7;0;2;1;1;1;
2153;202200001407;811 436;B01;2;7;0;2;4;1;1;
2154;202200001408;811 433;B01;2;7;0;2;2;26;1;
2155;202200001408;811 434;A01;1;2;0;2;1;17;3;
2156;202200001409;811 431;A01;1;7;0;0;0;0;1;
2157;202200001409;811 432;B01;1;1;0;0;0;0;5;
2158;202200001410;811 428;A01;1;7;0;2;4;23;1;
2159;202200001410;811 429;B01;1;7;0;2;6;23;1;
2160;202200001410;811 430;C01;1;7;0;2;2;21;1;
2161;202200001411;811 426;A01;1;7;0;2;3;15;1;
2162;202200001411;811 427;B01;1;33;0;2;1;17;1;
2163;202200001412;811 425;A01;0;7;0;1;1;1;1;
2164;202200001413;811 423;A01;1;34;0;2;1;1;1;
2165;202200001413;811 424;Z01;0;7;0;2;0;10;0;
2166;202200001414;811 420;C01;3;1;0;2;7;1;5;
2167;202200001414;811 421;B01;3;7;0;2;7;1;1;
2168;202200001414;811 422;A01;3;7;0;2;8;22;1;
2169;202200001415;811 418;A01;1;7;0;2;8;15;2;
2170;202200001415;811 419;B01;1;1;0;2;7;1;5;
2171;202200001416;811 417;A01;2;37;0;1;2;7;2;1.0
2172;202200001417;811 416;A01;2;50;0;1;1;25;3;
2173;202200001418;811 414;B01;1;7;0;2;5;16;1;
2174;202200001418;811 415;A01;1;32;0;2;8;7;1;
2175;202200001419;811 412;A01;2;7;0;2;1;1;1;
2176;202200001419;811 413;B01;1;7;0;2;8;1;3;
2177;202200001420;811 410;B01;0;7;0;0;4;2;1;
2178;202200001420;811 411;A01;0;7;0;2;1;2;1;
2179;202200001421;811 408;B01;1;10;0;2;4;9;1;
2180;202200001421;811 409;A01;1;31;0;2;1;9;1;
2181;202200001422;811 407;A01;3;1;0;1;4;1;5;
2182;202200001423;811 405;B01;3;33;0;2;8;1;1;
2183;202200001423;811 406;A01;3;7;0;2;1;15;1;
2184;202200001424;811 404;A01;1;7;0;9;2;0;0;
2185;202200001425;811 402;B01;1;7;0;2;1;2;1;
2186;202200001425;811 403;A01;1;7;0;2;4;2;1;
2187;202200001426;811 398;A01;1;30;0;2;3;3;1;
2188;202200001426;811 399;B01;1;7;0;2;7;0;1;
2189;202200001426;811 400;C01;1;7;0;2;8;0;1;
2190;202200001426;811 401;D01;1;7;0;2;7;0;1;
2191;202200001427;811 397;A01;2;7;0;1;2;1;1;
2192;202200001428;811 395;A01;2;34;12;2;7;5;0;
2193;202200001428;811 396;B01;2;7;0;2;1;5;1;
2194;202200001429;811 393;A01;3;7;0;2;1;1;1;
2195;202200001429;811 394;B01;3;7;0;2;8;1;1;
2196;202200001431;811 389;B01;3;7;0;9;3;1;1;
2197;202200001431;811 390;A01;0;2;0;2;5;1;1;
2198;202200001432;811 387;A01;2;7;0;2;1;13;1;
2199;202200001432;811 388;B01;1;7;0;2;1;1;1;
2200;202200001433;811 386;A01;2;31;0;0;7;1;1;
2201;202200001434;811 384;A01;1;7;3;2;3;13;1;
2202;202200001434;811 385;B01;2;7;3;2;3;1;1;
2203;202200001435;811 382;B01;1;7;0;2;8;1;1;
2204;202200001435;811 383;A01;2;7;0;2;3;13;1;
2205;202200001436;811 381;A01;1;7;0;1;2;1;1;
2206;202200001437;811 380;A01;3;36;12;0;2;0;1;
2207;202200001438;811 379;A01;0;33;13;0;3;1;1;
2208;202200001439;811 377;A01;2;33;13;2;1;2;1;
2209;202200001439;811 378;B01;2;80;13;0;4;2;3;
2210;202200001440;811 376;A01;2;7;8;0;2;0;1;
2211;202200001441;811 375;A01;1;1;13;0;8;13;5;
2212;202200001442;811 374;A01;2;7;13;0;3;21;1;
2213;202200001443;811 372;B01;1;7;0;2;3;1;1;
2214;202200001443;811 373;A01;2;7;0;2;3;13;1;
2215;202200001444;811 370;B01;2;7;0;2;6;1;1;
2216;202200001444;811 371;A01;1;7;0;2;1;9;1;
2217;202200001445;811 369;A01;1;10;6;0;1;1;1;
2218;202200001446;811 367;B01;2;7;0;2;1;1;1;
2219;202200001446;811 368;A01;1;7;0;2;1;1;1;
2220;202200001448;811 364;A01;1;7;2;0;1;1;1;
2221;202200001449;811 362;A01;2;7;0;2;4;13;1;
2222;202200001449;811 363;B01;2;10;0;2;1;17;1;
2223;202200001450;811 360;A01;1;14;0;0;0;1;1;
2224;202200001450;811 361;B01;1;33;0;0;7;1;1;
2225;202200001451;811 358;B01;0;7;0;2;1;1;1;
2226;202200001451;811 359;A01;0;7;3;2;1;1;1;
2227;202200001452;811 357;A01;1;7;0;5;2;0;1;
2228;202200001453;811 356;A01;2;15;6;0;3;0;1;
2229;202200001454;811 355;A01;1;7;7;2;1;0;1;
2230;202200001455;811 354;A01;1;33;0;0;7;1;1;
2231;202200001456;811 352;B01;0;7;0;2;3;1;1;
2232;202200001456;811 353;A01;0;7;0;2;3;13;1;
2233;202200001457;811 351;A01;1;7;13;0;3;1;1;
2234;202200001458;811 350;A01;1;7;2;0;2;1;1;
2235;202200001459;811 349;A01;2;7;0;0;2;1;1;
2236;202200001460;811 348;A01;1;80;0;0;2;0;3;
2237;202200001461;811 346;B01;1;7;0;2;3;1;1;
2238;202200001461;811 347;A01;2;7;1;2;2;1;1;
2239;202200001462;811 344;A01;1;33;0;2;1;19;1;
2240;202200001462;811 345;B01;2;13;0;2;4;1;0;
2241;202200001463;811 341;B01;1;7;0;0;4;1;1;
2242;202200001463;811 342;A01;1;34;0;2;1;1;1;
2243;202200001464;811 340;B01;2;7;0;0;4;1;1;
2244;202200001464;811 343;A01;2;7;0;2;1;2;1;
2245;202200001465;811 339;A01;1;1;0;0;0;1;5;
2246;202200001466;811 336;A01;2;7;0;2;1;17;1;
2247;202200001466;811 337;B01;2;7;0;2;3;15;1;
2248;202200001467;811 338;A01;1;7;6;0;9;1;1;
2249;202200001468;811 333;A01;3;7;0;2;3;9;1;
2250;202200001468;811 335;B01;1;7;0;2;1;1;1;
2251;202200001469;811 334;A01;1;10;6;0;8;13;1;
2252;202200001470;811 330;C01;2;7;4;2;3;1;1;
2253;202200001470;811 331;B01;1;7;0;2;1;1;1;
2254;202200001470;811 332;A01;2;7;0;2;1;13;1;
2255;202200001472;811 326;A01;2;7;0;0;4;1;1;
2256;202200001472;811 327;B01;2;7;0;2;1;1;1;
2257;202200001473;811 325;A01;2;7;3;0;3;1;1;
2258;202200001474;811 322;C01;2;34;0;2;3;3;1;
2259;202200001474;811 323;B01;2;7;0;2;7;1;1;
2260;202200001474;811 324;A01;2;7;0;2;4;1;1;
2261;202200001475;811 320;B01;2;7;0;2;4;2;1;
2262;202200001475;811 321;A01;2;7;0;2;1;2;1;
2263;202200001476;811 319;A01;2;7;0;1;3;13;1;
2264;202200001477;811 316;A01;2;33;0;2;7;3;1;
2265;202200001477;811 317;B01;2;7;0;2;8;11;1;
2266;202200001477;811 318;C01;2;7;0;2;4;1;1;
2267;202200001478;811 314;A01;2;15;0;2;2;14;1;
2268;202200001478;811 315;B01;2;7;0;2;8;1;1;
2269;202200001479;811 312;B01;1;10;0;2;4;2;1;
2270;202200001479;811 313;A01;1;7;0;2;1;2;1;
2271;202200001480;811 311;A01;2;7;3;0;9;1;1;
2272;202200001481;811 309;A01;2;7;0;2;6;12;1;
2273;202200001481;811 310;B01;2;7;0;2;3;1;1;
2274;202200001482;811 307;B01;1;33;0;2;1;3;1;
2275;202200001482;811 308;A01;1;7;0;2;4;11;1;
2276;202200001483;811 306;A01;3;30;0;1;3;17;1;
2277;202200001484;811 303;A01;2;33;0;2;1;17;1;
2278;202200001484;811 304;B01;2;33;0;2;7;17;1;
2279;202200001485;811 302;B01;1;7;0;0;9;1;1;
2280;202200001485;811 305;A01;1;7;4;2;2;17;1;
2281;202200001486;811 299;A01;3;7;0;2;0;0;1;
2282;202200001486;811 301;B01;3;33;0;2;1;0;1;
2283;202200001488;811 297;A01;2;7;0;1;4;4;1;
2284;202200001489;811 293;A01;2;33;0;2;7;16;1;
2285;202200001489;811 295;B01;1;7;0;2;8;1;2;
2286;202200001489;811 296;C01;1;7;0;2;2;1;1;
2287;202200001490;811 292;B01;3;1;0;2;7;0;5;
2288;202200001490;811 294;A01;3;7;0;9;1;9;1;
2289;202200001492;811 289;A01;2;1;0;2;1;13;5;
2290;202200001492;811 291;B01;1;10;0;2;1;1;1;
2291;202200001494;811 285;A01;2;7;0;2;2;15;1;
2292;202200001494;811 286;B01;1;32;0;2;1;1;1;
2293;202200001495;811 283;A01;2;7;0;2;2;14;1;
2294;202200001495;811 284;B01;2;2;0;2;1;1;1;
2295;202200001496;811 281;A01;1;7;0;2;2;1;1;
2296;202200001496;811 282;B01;1;33;0;2;3;1;1;
2297;202200001497;811 279;A01;2;32;0;2;7;17;1;
2298;202200001497;811 280;B01;2;7;0;2;3;15;1;
2299;202200001498;811 277;A01;1;7;0;2;3;15;1;
2300;202200001498;811 278;B01;2;33;0;2;3;1;1;
2301;202200001499;811 276;A01;1;7;8;0;1;13;1;
2302;202200001500;811 274;B01;3;7;0;2;1;1;1;
2303;202200001500;811 275;A01;3;7;0;2;1;5;1;
2304;202200001501;811 271;A01;1;10;0;2;1;2;1;
2305;202200001501;811 272;B01;1;7;0;2;4;2;1;
2306;202200001501;811 273;C01;1;7;0;2;4;2;1;
2307;202200001502;811 269;A01;0;7;0;2;2;1;2;
2308;202200001502;811 270;B01;0;31;0;2;1;1;1;
2309;202200001503;811 268;A01;1;7;1;0;1;2;1;
2310;202200001504;811 266;A01;2;7;0;0;0;0;1;
2311;202200001504;811 267;Z01;0;10;0;2;1;20;0;
2312;202200001505;811 264;A01;0;2;0;2;8;1;1;
2313;202200001505;811 265;B01;2;7;0;2;2;20;1;
2314;202200001506;811 263;A01;0;7;0;1;4;4;1;
2315;202200001507;811 262;A01;1;7;8;0;3;9;2;
2316;202200001508;811 257;B01;1;7;1;0;2;0;1;
2317;202200001508;811 258;A01;1;7;0;2;2;21;1;
2318;202200001510;811 255;A01;0;7;0;1;1;16;1;
2319;202200001511;811 253;B01;3;7;0;2;3;23;1;
2320;202200001511;811 254;A01;3;7;2;2;2;12;1;
2321;202200001512;811 252;A01;0;33;2;0;1;13;1;
2322;202200001513;811 251;A01;2;33;3;0;8;1;1;
2323;202200001514;811 249;B01;0;7;0;2;1;0;1;
2324;202200001514;811 250;A01;3;7;0;2;3;0;1;
2325;202200001515;811 247;B01;3;7;0;2;0;1;1;
2326;202200001515;811 248;A01;3;7;0;2;1;13;1;
2327;202200001516;811 245;B01;1;1;0;2;4;1;5;
2328;202200001516;811 246;A01;1;7;0;2;2;14;1;
2329;202200001517;811 244;A01;1;40;0;1;2;1;3;
2330;202200001518;811 242;A01;1;7;0;2;3;2;2;
2331;202200001518;811 243;B01;1;1;0;2;2;0;5;
2332;202200001519;811 241;A01;3;30;0;1;0;26;1;
2333;202200001520;811 240;A01;3;1;0;0;0;23;5;
2334;202200001522;811 236;B01;3;1;0;2;1;26;5;
2335;202200001522;811 237;A01;3;7;0;9;1;15;1;
2336;202200001523;811 235;A01;2;7;1;0;1;15;1;
2337;202200001524;811 233;B01;3;2;0;2;7;26;1;
2338;202200001524;811 234;A01;3;7;0;2;3;9;1;
2339;202200001525;811 231;A01;2;7;0;2;8;11;1;
2340;202200001525;811 232;B01;1;33;0;2;1;1;1;
2341;202200001526;811 229;A01;2;7;0;2;1;15;1;
2342;202200001526;811 230;B01;2;7;0;2;1;1;1;
2343;202200001527;811 227;B01;3;33;0;2;1;1;1;
2344;202200001527;811 228;A01;3;7;0;2;1;16;1;
2345;202200001529;811 223;A01;1;7;2;0;8;15;1;
2346;202200001529;811 224;B01;1;33;0;2;2;17;1;
2347;202200001530;811 221;B01;2;33;12;2;7;11;1;
2348;202200001530;811 222;A01;2;7;0;2;8;1;1;
2349;202200001531;811 219;A01;3;7;0;2;3;9;1;
2350;202200001531;811 220;B01;3;50;0;2;2;1;3;
2351;202200001532;811 218;A01;1;50;0;1;1;1;3;
2352;202200001533;811 216;A01;0;10;0;2;1;1;1;
2353;202200001533;811 217;B01;0;7;0;2;8;15;1;
2354;202200001534;811 214;A01;1;15;0;2;5;16;1;
2355;202200001534;811 215;B01;1;50;0;2;8;1;3;
2356;202200001535;811 213;A01;1;7;0;1;1;1;1;
2357;202200001536;811 212;A01;1;7;0;1;1;15;1;
2358;202200001537;811 210;B01;1;7;0;2;4;26;1;
2359;202200001537;811 211;A01;1;33;0;2;1;1;1;
2360;202200001538;811 209;A01;1;7;1;0;9;1;1;
2361;202200001540;811 205;B01;2;7;0;2;6;23;1;
2362;202200001540;811 206;A01;2;2;0;2;2;21;1;
2363;202200001541;811 204;A01;1;10;0;1;5;4;1;
2364;202200001542;811 203;A01;3;7;0;1;0;1;0;
2365;202200001543;811 201;A01;2;7;0;2;5;23;2;
2366;202200001543;811 202;B01;2;2;0;2;1;2;1;
2367;202200001544;811 200;A01;2;7;0;1;3;16;1;
2368;202200001545;811 198;A01;3;7;0;2;8;15;1;
2369;202200001545;811 199;B01;3;30;0;2;7;17;0;
2370;202200001546;811 196;B01;1;50;0;2;3;25;3;
2371;202200001546;811 197;A01;3;99;0;9;2;16;1;
2372;202200001548;811 193;B01;1;1;1;0;1;1;5;
2373;202200001548;811 194;A01;1;7;0;2;8;22;1;
2374;202200001549;811 191;A01;3;7;0;2;1;15;1;
2375;202200001549;811 192;B01;3;32;0;2;1;1;1;
2376;202200001550;811 190;A01;2;1;0;1;1;1;5;
2377;202200001551;811 189;A01;1;7;6;0;2;1;1;
2378;202200001552;811 187;A01;1;7;0;2;3;13;1;