;Num_Acc;id_vehicule;num_veh;senc;catv;obs;obsm;choc;manv;motor;occutc
2379;202200001552;811 188;B01;2;7;0;2;3;0;0;
2380;202200001553;811 186;A01;1;7;0;1;8;26;0;
2381;202200001554;811 184;A01;2;31;0;2;1;21;1;
2382;202200001554;811 185;B01;2;7;0;2;6;21;1;
2383;202200001555;811 183;A01;0;7;6;0;7;14;1;
2384;202200001556;811 181;Z01;3;7;0;1;1;0;1;
2385;202200001556;811 182;A01;0;7;0;2;1;2;1;
2386;202200001557;811 178;A01;1;7;0;2;3;15;1;
2387;202200001557;811 179;B01;1;15;0;2;2;23;1;
2388;202200001557;811 180;C01;1;10;0;2;6;1;1;
2389;202200001558;811 176;A01;1;7;0;2;8;1;1;
2390;202200001558;811 177;Z01;2;7;0;2;3;13;1;
2391;202200001559;811 174;B01;2;40;0;2;2;1;3;
2392;202200001559;811 175;A01;3;7;8;4;3;15;1;
2393;202200001560;811 172;A01;1;30;0;2;1;14;1;
2394;202200001560;811 173;B01;1;32;0;2;6;0;1;
2395;202200001561;811 170;B01;2;7;0;2;4;2;1;
2396;202200001561;811 171;A01;2;30;0;2;1;2;1;
2397;202200001562;811 168;B01;1;2;0;2;8;1;1;
2398;202200001562;811 169;A01;2;7;0;2;1;15;1;
2399;202200001563;811 167;A01;1;7;0;1;1;1;3;
2400;202200001564;811 166;A01;1;7;0;1;1;1;0;
2401;202200001565;811 165;A01;3;7;0;1;7;1;1;
2402;202200001566;811 163;B01;1;10;0;2;5;1;1;
2403;202200001566;811 164;A01;1;33;0;2;2;14;1;
2404;202200001567;811 161;B01;1;33;1;2;1;1;1;
2405;202200001567;811 162;A01;2;7;0;2;3;15;1;
2406;202200001568;811 160;Z01;2;10;0;1;2;1;1;
2407;202200001569;811 158;B01;2;7;0;2;1;23;1;
2408;202200001569;811 159;A01;2;33;0;2;1;2;1;
2409;202200001571;811 154;A01;2;50;0;2;4;13;3;
2410;202200001571;811 155;B01;2;1;0;2;1;17;5;
2411;202200001572;811 151;C01;1;7;0;2;2;1;2;
2412;202200001572;811 152;B01;1;13;0;2;2;1;1;
2413;202200001572;811 153;A01;1;7;3;2;3;13;1;
2414;202200001574;811 147;B01;2;1;0;2;1;1;5;
2415;202200001574;811 148;A01;2;7;0;2;8;22;1;
2416;202200001575;811 145;A01;2;7;0;2;1;2;1;
2417;202200001575;811 146;B01;2;32;0;2;4;2;1;
2418;202200001576;811 141;A01;2;32;0;2;1;1;1;
2419;202200001576;811 143;B01;2;34;0;2;4;23;1;
2420;202200001577;811 142;Z01;1;7;0;2;8;20;0;
2421;202200001577;811 144;A01;1;30;0;2;2;17;1;
2422;202200001578;811 140;A01;1;7;0;1;0;15;2;
2423;202200001579;811 137;A01;1;10;0;1;1;1;1;
2424;202200001580;811 138;A01;1;30;0;2;1;2;1;
2425;202200001580;811 139;B01;1;7;0;2;4;23;2;
2426;202200001581;811 135;A01;1;32;0;2;1;1;1;
2427;202200001581;811 136;B01;1;7;0;0;6;15;1;
2428;202200001582;811 133;A01;1;0;14;2;0;26;0;
2429;202200001583;811 132;B01;2;31;0;2;6;1;1;
2430;202200001583;811 134;A01;1;7;0;2;3;1;1;
2431;202200001584;811 130;B01;3;7;0;2;3;1;2;
2432;202200001584;811 131;A01;3;30;0;2;7;15;1;
2433;202200001585;811 127;B01;0;7;0;2;1;0;1;
2434;202200001585;811 129;A01;0;7;1;0;6;4;1;
2435;202200001586;811 128;Z01;2;1;0;1;1;1;5;
2436;202200001587;811 125;A01;1;32;0;2;2;17;1;
2437;202200001587;811 126;B01;1;7;0;2;3;15;1;
2438;202200001588;811 123;B01;2;13;0;2;4;2;1;
2439;202200001588;811 124;A01;2;7;0;2;2;2;1;
2440;202200001589;811 121;B01;1;7;0;2;4;2;1;
2441;202200001589;811 122;A01;1;32;0;2;1;2;1;
2442;202200001590;811 118;B01;1;7;0;2;3;1;1;
2443;202200001590;811 119;A01;1;7;0;2;2;1;2;
2444;202200001590;811 120;C01;1;1;0;2;4;24;5;
2445;202200001591;811 114;A01;1;32;0;2;1;1;1;
2446;202200001591;811 116;B01;2;7;0;2;6;1;1;
2447;202200001592;811 113;A01;3;33;0;0;1;0;1;
2448;202200001593;811 112;A01;2;7;13;0;7;1;1;
2449;202200001594;811 115;B01;1;10;0;2;1;15;1;
2450;202200001594;811 117;A01;2;33;0;2;1;1;1;
2451;202200001595;811 111;A01;1;31;6;0;7;0;0;
2452;202200001597;811 107;A01;3;7;13;0;1;14;1;
2453;202200001598;811 106;A01;1;7;6;0;7;1;1;
2454;202200001599;811 105;B01;2;7;0;2;1;2;1;
2455;202200001599;811 108;A01;1;7;0;2;8;1;2;
2456;202200001600;811 103;A01;1;32;0;1;1;1;1;
2457;202200001601;811 104;A01;1;7;2;0;1;1;1;
2458;202200001602;811 102;A01;1;1;0;0;0;1;5;
2459;202200001603;811 101;A01;3;7;0;2;2;16;1;
2460;202200001604;811 100;A01;1;33;13;0;1;1;1;
2461;202200001605;811 099;A01;1;7;0;1;7;1;1;
2462;202200001606;811 097;B01;1;1;0;2;1;9;5;
2463;202200001606;811 098;A01;1;7;0;2;2;26;1;
2464;202200001607;811 096;A01;3;2;0;0;0;1;1;
2465;202200001608;811 094;B01;1;1;0;2;0;5;5;
2466;202200001608;811 095;A01;1;7;0;2;0;1;1;
2467;202200001609;811 093;A01;1;7;0;1;2;1;1;
2468;202200001611;811 089;B01;2;33;0;2;0;0;1;
2469;202200001611;811 091;A01;2;10;0;2;2;26;1;
2470;202200001612;811 086;A01;1;7;0;2;8;13;1;
2471;202200001612;811 088;B01;2;31;0;2;3;1;1;
2472;202200001613;811 085;B01;2;50;0;2;1;1;3;
2473;202200001613;811 087;A01;2;10;0;9;7;16;1;
2474;202200001614;811 083;B01;1;33;0;2;1;1;1;
2475;202200001614;811 084;A01;2;7;0;2;2;15;1;
2476;202200001615;811 082;A01;0;7;0;1;1;17;1;
2477;202200001616;811 081;A01;1;33;0;0;8;26;1;
2478;202200001617;811 080;A01;1;7;4;0;9;2;1;
2479;202200001618;811 079;A01;3;7;2;0;3;0;1;
2480;202200001619;811 078;A01;1;10;0;1;1;15;1;
2481;202200001621;811 074;B01;2;33;0;2;1;26;1;
2482;202200001621;811 075;A01;1;7;0;2;2;15;1;
2483;202200001623;811 071;A01;2;30;13;0;1;1;1;
2484;202200001624;811 070;A01;1;34;0;2;1;2;1;
2485;202200001624;811 072;B01;1;7;0;2;5;1;1;
2486;202200001625;811 068;A01;3;10;0;1;4;4;3;
2487;202200001626;811 067;A01;2;7;0;2;8;15;1;
2488;202200001626;811 069;B01;2;33;0;2;1;17;1;
2489;202200001627;811 064;A01;2;7;0;2;8;10;1;
2490;202200001627;811 066;B01;3;34;0;2;2;1;1;
2491;202200001628;811 060;A01;1;32;1;0;1;13;1;
2492;202200001628;811 062;B01;2;7;0;2;1;24;1;
2493;202200001629;811 059;A01;2;33;16;0;3;14;1;
2494;202200001630;811 058;A01;2;7;15;0;2;1;1;
2495;202200001631;811 054;B01;2;1;0;2;4;1;5;
2496;202200001631;811 055;A01;2;7;0;2;2;17;1;
2497;202200001632;811 052;B01;1;7;0;2;2;1;2;
2498;202200001632;811 053;A01;2;7;0;2;1;5;1;
2499;202200001633;811 051;A01;2;7;13;0;2;1;1;
2500;202200001634;811 049;A01;1;31;0;0;0;0;1;
2501;202200001635;811 048;A01;1;7;0;2;2;15;1;
2502;202200001635;811 050;B01;2;33;0;2;1;1;1;
2503;202200001636;811 045;B01;2;17;0;0;6;1;1;
2504;202200001636;811 047;A01;2;7;0;2;1;12;1;
2505;202200001637;811 044;A01;2;7;0;2;3;16;1;
2506;202200001637;811 046;B01;2;1;0;2;1;1;5;
2507;202200001638;811 043;A01;3;7;0;1;3;1;1;
2508;202200001639;811 042;A01;2;14;13;0;7;14;1;
2509;202200001640;811 040;A01;3;1;0;2;3;16;5;
2510;202200001640;811 041;B01;3;37;0;2;3;1;1;1.0
2511;202200001641;811 035;A01;2;15;0;0;6;2;1;
2512;202200001641;811 037;B01;2;7;0;2;2;2;1;
2513;202200001642;811 033;E01;1;7;0;9;0;0;1;
2514;202200001642;811 036;D01;1;7;0;9;0;0;1;
2515;202200001642;811 038;B01;1;17;0;0;0;0;1;
2516;202200001642;811 039;A01;1;7;0;2;1;0;1;
2517;202200001643;811 032;A01;1;14;0;2;2;17;1;
2518;202200001643;811 034;B01;1;7;0;2;6;1;1;
2519;202200001644;811 029;A01;1;7;0;2;3;0;1;
2520;202200001644;811 031;B01;2;33;0;2;3;1;1;
2521;202200001645;811 028;B01;2;10;0;2;1;1;1;
2522;202200001645;811 030;A01;1;7;0;2;1;5;1;
2523;202200001646;811 025;B01;3;7;0;2;8;15;1;
2524;202200001646;811 027;A01;1;10;0;2;3;21;1;
2525;202200001648;811 021;A01;1;7;0;2;3;9;1;
2526;202200001648;811 022;B01;1;33;0;2;5;1;1;
2527;202200001649;811 020;A01;1;7;15;0;1;1;1;
2528;202200001650;811 019;A01;2;7;0;1;1;1;1;
2529;202200001651;811 017;A01;1;10;0;2;2;14;1;
2530;202200001651;811 018;B01;1;1;0;2;3;1;5;
2531;202200001652;811 016;A01;1;7;2;0;1;14;1;
2532;202200001653;811 013;B01;2;10;0;2;3;1;1;
2533;202200001653;811 015;A01;1;7;0;2;3;13;1;
2534;202200001654;811 014;A01;0;7;6;0;2;1;1;
2535;202200001655;811 010;B01;1;7;0;2;2;16;1;
2536;202200001655;811 012;A01;1;33;0;2;1;2;1;
2537;202200001656;811 011;A01;3;10;0;1;1;20;1;
2538;202200001658;811 007;B01;1;7;0;2;1;1;1;
2539;202200001658;811 009;A01;2;7;0;2;1;13;1;
2540;202200001659;811 005;A01;3;7;0;2;3;1;1;
2541;202200001659;811 006;B01;3;7;0;2;3;1;1;
2542;202200001660;811 004;A01;0;7;0;1;6;1;1;
2543;202200001661;811 003;A01;2;31;13;0;0;0;1;
2544;202200001662;811 002;A01;0;38;0;1;3;1;1;1.0
2545;202200001663;811 000;B01;1;1;0;0;4;2;5;
2546;202200001663;811 001;A01;1;10;0;2;2;2;1;
2547;202200001664;810 998;A01;1;32;0;0;7;1;3;
2548;202200001665;810 997;A01;1;7;13;0;0;1;1;
2549;202200001666;810 994;A01;2;7;3;0;9;1;1;
2550;202200001667;810 995;B01;3;10;0;2;1;1;1;
2551;202200001667;810 996;A01;3;99;0;2;1;13;1;
2552;202200001668;810 992;B01;3;7;0;2;3;5;1;
2553;202200001668;810 993;A01;3;7;0;2;3;1;1;
2554;202200001669;810 990;B01;2;2;0;2;1;1;1;
2555;202200001669;810 991;A01;1;7;0;2;2;15;1;
2556;202200001671;810 985;B01;2;1;0;2;1;1;5;
2557;202200001671;810 987;A01;1;7;0;9;2;15;1;
2558;202200001672;810 986;A01;2;13;6;1;5;4;1;
2559;202200001673;810 984;A01;0;7;1;0;0;1;1;
2560;202200001674;810 982;A01;1;7;0;0;2;16;1;
2561;202200001674;810 983;B01;1;2;0;2;1;18;1;
2562;202200001675;810 979;B01;1;7;4;0;6;13;1;
2563;202200001675;810 981;A01;1;7;0;2;2;17;1;
2564;202200001676;810 978;A01;1;10;0;2;1;19;1;
2565;202200001676;810 980;B01;1;36;0;0;7;1;1;
2566;202200001677;810 974;C01;2;2;0;0;4;2;1;
2567;202200001677;810 976;B01;2;2;0;2;4;2;1;
2568;202200001677;810 977;A01;2;7;0;2;1;2;1;
2569;202200001678;810 973;A01;2;7;0;2;1;19;1;
2570;202200001678;810 975;B01;2;7;0;2;3;1;1;
2571;202200001679;810 970;B01;2;10;13;2;1;17;1;
2572;202200001679;810 972;A01;1;7;13;2;1;5;1;
2573;202200001680;810 968;A01;1;7;0;2;1;2;1;
2574;202200001680;810 969;B01;1;7;0;2;4;23;1;
2575;202200001680;810 971;C01;1;7;0;2;4;23;1;
2576;202200001681;810 966;A01;2;7;0;2;7;15;1;
2577;202200001681;810 967;B01;1;2;0;2;7;1;1;
2578;202200001682;810 965;A01;3;2;12;0;1;1;1;
2579;202200001683;810 963;B01;2;80;0;0;9;1;3;
2580;202200001684;810 962;B01;2;10;0;2;3;1;1;
2581;202200001684;810 964;A01;1;30;0;2;3;13;1;
2582;202200001685;810 959;B01;3;7;0;2;3;15;1;
2583;202200001685;810 961;A01;3;31;0;2;1;1;1;
2584;202200001686;810 958;B01;2;33;0;2;1;2;1;
2585;202200001686;810 960;A01;2;7;0;0;8;15;1;
2586;202200001687;810 956;A01;1;10;0;2;3;10;1;
2587;202200001687;810 957;B01;1;15;0;2;2;1;1;
2588;202200001688;810 954;A01;2;7;0;2;2;13;1;
2589;202200001688;810 955;B01;1;7;0;2;1;1;2;
2590;202200001689;810 952;B01;0;7;0;2;2;15;1;
2591;202200001689;810 953;A01;0;33;0;2;1;17;1;
2592;202200001690;810 949;A01;1;7;3;2;3;19;1;
2593;202200001690;810 951;B01;2;7;0;2;1;1;1;
2594;202200001691;810 950;A01;2;7;13;0;1;1;1;
2595;202200001692;810 948;A01;2;33;0;0;0;2;1;
2596;202200001693;810 946;A01;1;1;0;0;1;1;5;
2597;202200001694;810 945;A01;1;7;0;2;7;13;1;
2598;202200001694;810 947;B01;2;7;0;2;3;1;1;
2599;202200001695;810 943;A01;0;2;0;0;0;0;1;
2600;202200001696;810 942;B01;2;7;0;2;3;1;1;
2601;202200001696;810 944;A01;1;7;11;2;3;5;1;
2602;202200001697;810 941;A01;1;7;13;0;1;1;1;
2603;202200001698;810 939;B01;1;33;0;2;1;1;1;
2604;202200001698;810 940;A01;1;10;0;2;5;23;1;
2605;202200001699;810 936;A01;1;33;0;2;7;0;1;
2606;202200001699;810 937;B01;1;7;0;2;8;0;1;
2607;202200001700;810 935;B01;1;7;0;2;2;15;1;
2608;202200001700;810 938;A01;2;33;0;2;8;1;1;
2609;202200001701;810 933;B01;1;7;0;2;2;0;1;
2610;202200001701;810 934;A01;1;7;0;0;6;1;1;
2611;202200001702;810 932;A01;2;7;4;0;1;1;1;
2612;202200001703;810 931;A01;1;7;0;1;2;1;1;
2613;202200001704;810 928;B01;1;15;0;2;6;1;1;
2614;202200001704;810 930;A01;1;7;0;2;7;1;1;
2615;202200001705;810 927;A01;0;7;0;0;3;0;1;
2616;202200001705;810 929;B01;0;7;0;2;1;0;0;
2617;202200001706;810 926;A01;1;1;13;0;2;14;5;
2618;202200001707;810 922;B01;1;7;0;2;1;2;1;
2619;202200001707;810 924;A01;1;7;0;2;4;2;1;
2620;202200001709;810 919;A01;2;33;4;2;7;17;1;
2621;202200001710;810 913;D01;2;10;0;2;1;2;1;
2622;202200001710;810 915;A01;2;7;0;2;4;2;1;
2623;202200001710;810 917;B01;2;7;0;2;4;2;1;
2624;202200001710;810 918;C01;0;10;0;2;4;2;1;
2625;202200001711;810 912;B01;2;7;0;2;4;2;1;
2626;202200001711;810 914;A01;2;33;0;2;1;2;1;
2627;202200001712;810 911;B01;2;7;0;2;4;23;1;
2628;202200001712;810 916;A01;2;7;0;2;1;1;1;
2629;202200001713;810 910;A01;2;33;0;0;0;1;1;
2630;202200001714;810 909;A01;1;17;3;0;7;14;1;
2631;202200001716;810 905;B01;2;34;0;2;0;0;0;
2632;202200001716;810 907;A01;2;7;0;2;0;0;0;
2633;202200001717;810 903;C01;1;10;0;2;1;2;1;
2634;202200001717;810 904;B01;1;7;0;2;4;2;1;
2635;202200001717;810 906;A01;1;7;0;2;4;2;1;
2636;202200001718;810 902;A01;2;1;12;0;1;14;5;
2637;202200001719;810 899;B01;2;7;0;2;4;2;1;
2638;202200001719;810 901;A01;2;7;0;2;1;2;1;
2639;202200001720;810 895;A01;2;33;0;2;1;3;1;
2640;202200001720;810 896;B01;2;10;0;2;7;12;1;
2641;202200001721;810 894;A01;2;7;0;2;7;22;1;
2642;202200001721;810 898;B01;2;34;0;2;1;1;1;
2643;202200001721;810 900;C01;2;7;0;2;4;1;1;
2644;202200001722;810 893;A01;1;10;0;0;0;0;0;
2645;202200001722;810 897;B01;2;1;0;2;0;0;5;
2646;202200001724;810 888;A01;2;33;0;2;1;1;1;
2647;202200001724;810 891;B01;2;7;0;2;5;13;1;
2648;202200001725;810 887;A01;1;33;8;0;9;1;1;
2649;202200001726;810 884;A01;1;7;0;2;6;11;1;
2650;202200001726;810 886;B01;1;7;0;2;2;1;1;
2651;202200001727;810 883;A01;1;10;0;2;1;12;1;
2652;202200001727;810 885;B01;1;43;0;2;4;3;1;
2653;202200001728;810 882;B01;1;33;0;2;1;3;1;
2654;202200001729;810 881;A01;2;30;0;0;0;1;1;
2655;202200001731;810 875;A01;1;7;0;2;1;2;1;
2656;202200001731;810 876;D01;1;7;0;2;2;21;1;
2657;202200001731;810 878;C01;1;7;0;2;9;2;1;
2658;202200001731;810 880;B01;1;7;0;2;9;2;1;
2659;202200001733;810 872;A01;1;7;3;0;8;11;1;
2660;202200001733;810 873;B01;1;15;0;2;2;1;1;
2661;202200001734;810 870;B01;2;7;0;2;3;1;1;
2662;202200001734;810 871;A01;2;32;0;2;2;3;1;
2663;202200001735;810 867;A01;1;7;0;2;4;1;1;
2664;202200001735;810 869;B01;1;7;0;2;1;2;1;
2665;202200001736;810 868;A01;1;7;4;0;2;14;1;
2666;202200001737;810 864;B01;2;32;0;2;1;14;1;
2667;202200001737;810 866;A01;2;7;0;2;4;1;1;
2668;202200001738;810 862;A01;2;7;0;2;1;1;1;
2669;202200001738;810 863;B01;2;7;4;2;4;2;1;
2670;202200001738;810 865;C01;2;10;0;2;4;2;1;
2671;202200001739;810 860;A01;1;7;0;1;1;1;1;
2672;202200001740;810 858;B01;3;1;0;2;8;19;5;
2673;202200001740;810 859;A01;3;7;0;9;1;11;1;
2674;202200001741;810 856;B01;1;30;6;0;1;1;1;
2675;202200001743;810 854;B01;3;2;0;2;7;1;1;
2676;202200001743;810 855;A01;3;7;0;2;8;1;1;
2677;202200001744;810 850;B01;1;10;0;2;3;1;1;
2678;202200001744;810 853;A01;2;33;0;1;1;1;1;
2679;202200001745;810 852;A01;2;7;6;0;1;1;1;
2680;202200001746;810 849;B01;2;7;0;5;4;1;0;
2681;202200001746;810 851;A01;2;7;0;2;1;1;0;
2682;202200001747;810 844;A01;1;7;0;2;1;1;1;
2683;202200001747;810 846;B01;1;7;0;2;4;1;1;
2684;202200001748;810 845;A01;2;7;0;2;8;10;1;
2685;202200001748;810 848;B01;1;33;0;2;1;1;1;
2686;202200001749;810 841;A01;2;7;0;2;1;9;1;
2687;202200001749;810 843;B01;2;37;0;2;7;1;1;1.0
2688;202200001750;810 840;A01;2;10;0;1;3;2;1;
2689;202200001751;810 842;B01;2;36;0;2;3;1;1;
2690;202200001751;810 847;A01;1;7;0;2;3;15;1;
2691;202200001752;810 839;A01;1;7;0;1;7;11;0;
2692;202200001754;810 835;B01;1;50;0;2;7;1;3;
2693;202200001754;810 837;A01;1;7;0;9;1;9;1;
2694;202200001755;810 832;A01;2;7;0;2;2;20;1;
2695;202200001755;810 834;B01;1;37;0;2;1;1;3;6.0
2696;202200001756;810 830;B01;2;7;0;2;3;13;1;
2697;202200001756;810 833;A01;2;7;0;2;3;1;1;
2698;202200001757;810 828;B01;1;2;0;0;2;16;1;
2699;202200001757;810 831;A01;1;2;0;2;1;2;1;
2700;202200001758;810 827;B01;1;1;0;2;1;15;5;
2701;202200001758;810 829;A01;1;7;0;2;5;16;1;
2702;202200001759;810 825;B01;3;50;0;2;3;2;3;
2703;202200001759;810 826;A01;3;7;0;9;8;24;1;
2704;202200001760;810 824;A01;1;7;1;0;2;14;1;
2705;202200001762;810 820;A01;1;36;0;0;0;1;1;
2706;202200001763;810 821;A01;2;7;0;1;1;15;1;
2707;202200001764;810 818;B01;1;1;0;2;1;5;5;
2708;202200001764;810 819;A01;1;7;0;2;2;15;1;
2709;202200001765;810 816;A01;3;7;0;1;2;1;1;
2710;202200001766;810 815;A01;1;7;4;0;0;0;1;
2711;202200001767;810 814;A01;0;10;0;0;0;0;0;
2712;202200001767;810 817;B01;0;10;0;0;0;0;0;
2713;202200001768;810 810;B01;3;34;0;2;1;0;1;
2714;202200001768;810 812;A01;3;7;0;2;7;15;1;
2715;202200001770;810 809;B01;1;10;0;2;3;1;1;
2716;202200001770;810 813;A01;1;10;0;2;2;1;1;
2717;202200001771;810 805;A01;1;13;0;1;3;26;4;
2718;202200001773;810 803;A01;3;2;0;0;8;15;1;
2719;202200001774;810 800;A01;3;7;0;2;1;15;1;
2720;202200001774;810 802;B01;3;50;0;2;3;19;3;
2721;202200001775;810 795;A01;3;7;0;2;3;23;1;
2722;202200001775;810 798;B01;2;7;0;2;2;1;1;
2723;202200001776;810 794;A01;1;7;0;2;3;15;1;
2724;202200001776;810 799;B01;2;33;0;2;8;1;1;
2725;202200001777;810 793;A01;3;0;0;0;0;26;0;
2726;202200001778;810 791;A01;1;7;13;0;1;1;1;
2727;202200001779;810 788;Z01;1;33;0;1;1;1;0;
2728;202200001780;810 787;A01;2;7;0;1;2;15;1;
2729;202200001781;810 786;A01;2;7;8;0;1;1;1;
2730;202200001782;810 785;A01;2;7;3;0;1;14;1;
2731;202200001783;810 780;A01;1;7;0;2;1;15;1;
2732;202200001783;810 784;B01;2;33;0;2;1;0;1;
2733;202200001784;810 778;A01;1;7;0;2;1;16;1;
2734;202200001784;810 783;B01;1;7;0;2;7;1;1;
2735;202200001786;810 776;C01;1;7;0;2;1;1;2;
2736;202200001786;810 779;B01;1;7;0;2;1;0;1;
2737;202200001786;810 782;A01;1;15;0;2;4;2;1;
2738;202200001787;810 775;A01;3;7;2;0;2;1;1;
2739;202200001788;810 774;A01;0;7;0;0;9;6;1;
2740;202200001789;810 772;A01;0;7;6;0;2;1;1;
2741;202200001790;810 769;A01;0;30;1;0;1;11;1;
2742;202200001791;810 768;A01;0;7;0;1;3;1;1;
2743;202200001792;810 766;B01;2;7;0;2;2;1;1;
2744;202200001792;810 770;A01;1;7;0;2;2;1;1;
2745;202200001793;810 764;A01;2;7;0;1;3;1;0;
2746;202200001794;810 765;A01;3;7;12;2;3;1;1;
2747;202200001794;810 767;B01;3;7;0;2;2;2;1;
2748;202200001795;810 763;A01;0;1;0;1;1;1;5;
2749;202200001797;810 761;A01;2;33;9;0;2;14;1;
2750;202200001798;810 760;A01;2;34;2;0;2;14;1;
2751;202200001799;810 757;A01;1;7;0;9;1;15;1;
2752;202200001799;810 759;B01;2;1;0;2;1;1;5;
2753;202200001800;810 755;A01;0;7;0;2;4;20;1;
2754;202200001800;810 758;B01;0;7;0;2;1;1;3;
2755;202200001802;810 752;A01;1;7;13;0;2;1;1;
2756;202200001803;810 749;A01;-1;99;-1;-1;-1;-1;-1;
2757;202200001804;810 751;B01;2;7;0;2;2;1;0;
2758;202200001804;810 754;A01;3;7;0;2;3;16;1;
2759;202200001805;810 746;A01;2;7;0;2;3;1;1;
2760;202200001805;810 748;B01;1;33;6;2;6;17;1;
2761;202200001806;810 744;A01;3;7;0;1;1;15;0;
2762;202200001807;810 741;A01;3;7;0;1;1;9;1;
2763;202200001808;810 738;B01;2;1;0;0;0;0;5;
2764;202200001808;810 740;A01;2;7;0;0;0;0;0;
2765;202200001809;810 736;B01;2;7;0;2;2;1;1;
2766;202200001809;810 739;A01;2;1;0;2;3;19;5;
2767;202200001811;810 732;B01;2;7;0;2;2;1;1;
2768;202200001811;810 734;A01;1;7;0;2;1;9;1;
2769;202200001812;810 731;A01;1;0;0;1;0;0;0;
2770;202200001813;810 729;B01;2;7;0;2;8;1;1;
2771;202200001813;810 730;A01;2;14;0;2;2;12;1;
2772;202200001814;810 725;A01;3;7;2;0;1;1;1;
2773;202200001816;810 719;E01;3;7;0;2;1;2;1;
2774;202200001816;810 720;D01;3;7;0;2;1;2;1;
2775;202200001816;810 722;C01;3;7;0;2;1;2;1;
2776;202200001816;810 723;B01;3;7;0;2;1;2;1;
2777;202200001816;810 724;A01;3;7;0;2;4;2;2;
2778;202200001817;810 716;A01;1;30;0;1;1;1;1;
2779;202200001818;810 717;B01;2;7;0;2;1;1;1;
2780;202200001818;810 721;A01;1;7;0;2;1;5;1;
2781;202200001819;810 713;A01;1;7;0;2;0;0;1;
2782;202200001819;810 715;B01;2;33;0;2;1;0;1;
2783;202200001820;810 710;A01;3;32;0;0;8;0;1;
2784;202200001821;810 714;A01;2;7;0;2;1;5;1;
2785;202200001821;810 718;B01;2;10;0;2;1;0;1;
2786;202200001822;810 709;C01;1;13;0;2;7;0;0;
2787;202200001822;810 711;B01;1;99;0;2;4;2;3;
2788;202200001822;810 712;A01;1;7;0;2;3;18;1;
2789;202200001823;810 708;A01;1;32;6;0;1;14;1;
2790;202200001824;810 706;B01;1;1;0;2;1;1;5;
2791;202200001824;810 707;A01;2;7;9;0;1;1;1;
2792;202200001826;810 704;A01;2;7;0;0;3;13;1;
2793;202200001827;810 705;Z01;2;10;0;1;3;1;0;
2794;202200001828;810 701;B01;-1;0;-1;-1;-1;-1;-1;
2795;202200001828;810 702;A01;2;7;0;2;1;15;2;
2796;202200001829;810 697;A01;0;7;0;2;4;4;1;
2797;202200001829;810 699;B01;0;80;0;2;1;1;5;
2798;202200001830;810 698;B01;0;33;0;2;6;15;1;
2799;202200001830;810 700;A01;0;7;1;0;3;1;1;
2800;202200001831;810 694;C01;2;7;0;2;1;2;1;
2801;202200001831;810 695;B01;2;7;0;2;4;2;1;
2802;202200001831;810 696;A01;2;7;0;2;4;2;1;
2803;202200001833;810 691;A01;1;99;7;0;3;1;1;
2804;202200001836;810 685;A01;2;32;0;1;8;1;1;
2805;202200001837;810 684;B01;2;3;0;2;3;1;1;
2806;202200001837;810 686;A01;1;14;0;2;3;1;1;
2807;202200001838;810 682;A01;2;7;8;0;1;1;1;
2808;202200001839;810 681;B01;1;10;0;2;1;1;1;
2809;202200001839;810 683;A01;2;50;0;2;7;1;3;
2810;202200001840;810 678;A01;2;7;0;2;3;15;1;
2811;202200001840;810 679;B01;1;32;0;2;1;1;1;
2812;202200001841;810 676;A01;1;7;0;1;3;15;1;
2813;202200001843;810 672;A01;1;32;0;2;4;19;0;
2814;202200001843;810 674;B01;1;3;0;2;1;19;0;
2815;202200001844;810 673;A01;2;7;0;1;2;1;1;
2816;202200001845;810 671;A01;1;10;0;2;1;16;1;
2817;202200001845;810 675;B01;2;1;0;2;8;1;5;
2818;202200001846;810 670;A01;3;7;0;1;1;9;1;
2819;202200001847;810 668;A01;2;7;9;0;2;1;1;
2820;202200001848;810 667;B01;1;7;0;2;1;1;1;
2821;202200001848;810 669;A01;1;7;0;2;8;10;1;
2822;202200001849;810 665;A01;1;7;0;0;2;2;1;
2823;202200001849;810 666;B01;1;31;0;0;3;2;1;
2824;202200001850;810 664;A01;1;7;7;0;1;1;1;
2825;202200001851;810 662;A01;1;7;0;2;7;22;1;
2826;202200001851;810 663;B01;1;1;1;0;1;2;5;
2827;202200001852;810 661;A01;1;7;4;0;2;0;1;
2828;202200001854;810 656;A01;1;7;0;2;3;9;1;
2829;202200001854;810 659;B01;1;2;0;2;1;1;1;
2830;202200001855;810 655;A01;0;7;0;1;1;1;1;
2831;202200001856;810 654;A01;0;7;0;0;0;0;1;
2832;202200001857;810 653;A01;1;33;0;0;0;17;1;
2833;202200001858;810 651;A01;1;7;13;0;8;21;1;
2834;202200001859;810 650;A01;1;7;0;1;3;21;1;
2835;202200001860;810 649;B01;1;7;0;2;1;1;1;
2836;202200001860;810 652;A01;2;7;0;2;1;13;1;
2837;202200001861;810 647;A01;2;7;0;9;0;15;1;
2838;202200001862;810 645;A01;1;7;0;2;1;19;1;
2839;202200001862;810 648;B01;2;7;0;0;8;1;1;
2840;202200001863;810 644;B01;2;2;0;2;1;1;1;
2841;202200001863;810 646;A01;1;3;0;2;1;15;1;
2842;202200001865;810 641;B01;0;33;0;0;0;0;1;
2843;202200001865;810 643;A01;0;3;0;2;8;2;1;
2844;202200001866;810 639;Z01;1;7;0;1;0;1;0;
2845;202200001867;810 636;B01;2;7;0;2;1;2;1;
2846;202200001867;810 638;A01;1;7;0;2;1;15;1;
2847;202200001868;810 634;A01;3;39;7;1;1;1;3;
2848;202200001869;810 635;A01;2;7;0;0;4;1;1;
2849;202200001869;810 637;B01;2;7;1;0;1;2;1;