;Num_Acc;id_vehicule;num_veh;senc;catv;obs;obsm;choc;manv;motor;occutc
2850;202200001869;810 640;C01;2;7;1;0;1;1;1;
2851;202200001870;810 633;A01;1;7;0;1;1;1;1;
2852;202200001872;810 630;B01;1;7;0;1;1;1;1;
2853;202200001873;810 628;A01;1;7;0;0;1;12;1;
2854;202200001874;810 627;A01;1;7;1;2;1;2;1;
2855;202200001874;810 629;B01;1;7;0;2;4;23;1;
2856;202200001875;810 626;A01;1;2;0;1;1;17;1;
2857;202200001876;810 623;A01;2;7;0;2;1;2;1;
2858;202200001876;810 624;B01;2;7;0;2;4;1;1;
2859;202200001877;810 621;A01;1;7;4;2;2;14;1;
2860;202200001877;810 625;B01;1;7;3;0;8;1;2;
2861;202200001879;810 619;B01;0;7;0;2;3;1;1;
2862;202200001879;810 620;A01;2;10;0;2;3;13;1;
2863;202200001880;810 614;B01;2;7;0;2;4;1;1;
2864;202200001880;810 617;Z01;2;7;0;2;1;0;1;
2865;202200001882;810 611;A01;2;7;0;2;3;5;1;
2866;202200001882;810 616;B01;1;7;0;2;3;1;1;
2867;202200001882;810 618;C01;2;38;0;2;5;1;1;1.0
2868;202200001883;810 610;A01;1;7;0;2;1;1;1;
2869;202200001883;810 612;B01;0;7;0;2;4;1;1;
2870;202200001884;810 609;A01;1;7;4;0;0;2;1;
2871;202200001885;810 605;A01;1;37;0;2;5;12;-1;1.0
2872;202200001885;810 608;B01;1;50;0;2;3;1;3;
2873;202200001887;810 600;B01;2;7;0;2;6;12;1;
2874;202200001887;810 601;A01;2;33;0;2;1;3;1;
2875;202200001888;810 602;A01;2;7;0;2;1;2;1;
2876;202200001888;810 603;B01;2;7;0;2;9;2;1;
2877;202200001888;810 607;C01;2;7;0;2;4;2;1;
2878;202200001890;810 596;A01;1;7;0;1;1;1;1;
2879;202200001891;810 594;A01;1;7;1;0;1;2;1;
2880;202200001891;810 597;B01;1;10;0;2;6;23;1;
2881;202200001893;810 590;A01;2;30;0;2;8;21;1;
2882;202200001893;810 593;E01;0;1;0;2;0;0;-1;
2883;202200001895;810 587;B01;1;7;0;2;4;2;1;
2884;202200001895;810 588;A01;1;7;0;2;1;2;1;
2885;202200001896;810 586;A01;1;31;12;0;1;14;1;
2886;202200001898;810 583;A01;1;1;0;2;1;1;5;
2887;202200001898;810 585;B01;1;7;0;2;1;9;1;
2888;202200001899;810 581;A01;2;33;0;0;0;13;1;
2889;202200001900;810 579;B01;1;7;0;2;5;1;1;
2890;202200001900;810 582;A01;1;32;0;2;1;1;1;
2891;202200001901;810 577;B01;2;7;0;2;2;2;1;
2892;202200001901;810 580;A01;2;2;0;2;6;2;1;
2893;202200001903;810 575;A01;2;7;6;0;1;20;1;
2894;202200001904;810 573;A01;1;7;0;0;1;0;1;
2895;202200001905;810 571;A01;2;7;3;2;1;2;1;
2896;202200001905;810 574;B01;2;7;0;2;4;1;1;
2897;202200001906;810 572;A01;1;7;0;1;2;16;1;
2898;202200001907;810 570;A01;0;7;0;1;2;1;1;
2899;202200001908;810 569;A01;1;7;8;0;1;1;1;
2900;202200001910;810 563;A01;1;30;0;2;1;1;1;
2901;202200001910;810 565;B01;1;7;0;2;3;15;2;
2902;202200001911;810 566;A01;2;7;4;0;1;1;1;
2903;202200001912;810 564;A01;2;7;0;2;1;1;0;
2904;202200001912;810 568;B01;0;7;1;2;4;0;1;
2905;202200001913;810 560;A01;3;7;0;2;6;15;1;
2906;202200001913;810 562;B01;3;7;0;2;3;1;1;
2907;202200001914;810 555;C01;1;7;0;2;1;23;1;
2908;202200001914;810 557;B01;2;7;0;2;3;11;1;
2909;202200001914;810 561;A01;2;33;0;2;7;17;1;
2910;202200001915;810 553;C01;1;7;0;2;1;1;1;
2911;202200001915;810 556;B01;1;7;0;2;1;1;1;
2912;202200001915;810 559;A01;1;7;0;2;1;18;1;
2913;202200001916;810 552;A01;1;7;0;9;2;17;1;
2914;202200001916;810 554;B01;0;1;0;2;1;0;5;
2915;202200001918;810 549;B01;2;7;8;2;1;1;0;
2916;202200001918;810 558;A01;1;7;8;2;7;26;0;
2917;202200001919;810 547;A01;2;31;0;0;8;1;1;
2918;202200001920;810 544;A01;2;7;0;2;1;1;1;
2919;202200001920;810 546;B01;2;7;0;2;4;1;1;
2920;202200001920;810 548;C01;2;7;0;2;4;1;1;
2921;202200001921;810 538;B01;1;34;0;2;4;3;1;
2922;202200001921;810 540;A01;1;33;0;2;1;2;1;
2923;202200001922;810 535;A01;1;7;0;2;4;0;1;
2924;202200001922;810 541;B01;3;7;0;2;0;0;-1;
2925;202200001922;810 543;C01;1;7;0;2;8;0;1;
2926;202200001925;810 532;B01;3;30;0;2;2;1;1;
2927;202200001925;810 533;A01;0;7;0;2;3;26;1;
2928;202200001926;810 528;A01;1;7;0;2;3;1;1;
2929;202200001926;810 531;B01;1;7;0;2;2;9;1;
2930;202200001927;810 530;A01;1;7;0;1;1;1;0;
2931;202200001928;810 527;A01;0;7;0;9;9;14;1;
2932;202200001929;810 521;A01;0;7;2;0;1;13;1;
2933;202200001931;810 519;D01;1;7;0;2;6;1;1;
2934;202200001931;810 520;C01;1;7;0;2;4;1;1;
2935;202200001931;810 524;B01;1;7;0;2;0;0;1;
2936;202200001931;810 526;A01;1;7;0;2;1;1;1;
2937;202200001932;810 518;A01;3;0;0;1;0;19;0;
2938;202200001933;810 514;B01;3;33;0;2;8;1;1;
2939;202200001933;810 516;A01;3;10;0;2;1;10;1;
2940;202200001934;810 515;A01;1;7;0;1;1;13;1;
2941;202200001935;810 510;A01;2;7;0;1;2;1;1;
2942;202200001936;810 508;A01;3;7;0;2;1;15;1;
2943;202200001936;810 511;B01;3;33;0;2;6;1;1;
2944;202200001937;810 503;B01;2;50;0;2;1;25;3;
2945;202200001937;810 506;A01;2;7;0;2;2;9;1;
2946;202200001938;810 502;B01;1;7;0;2;5;15;1;
2947;202200001938;810 504;A01;2;30;0;2;1;19;1;
2948;202200001939;810 505;A01;2;32;12;0;2;14;1;
2949;202200001940;810 500;B01;2;7;1;2;1;1;1;
2950;202200001940;810 501;A01;2;7;0;2;4;23;1;
2951;202200001941;810 495;A01;1;33;0;2;1;3;1;
2952;202200001941;810 498;B01;1;7;0;2;3;15;1;
2953;202200001943;810 494;C01;2;1;0;2;1;1;5;
2954;202200001943;810 497;A01;2;7;0;2;8;15;1;
2955;202200001944;810 490;A01;3;7;0;2;3;1;1;
2956;202200001944;810 493;B01;3;34;0;2;2;1;1;
2957;202200001945;810 491;A01;1;7;0;2;2;15;1;
2958;202200001945;810 492;B01;2;80;0;2;3;1;3;
2959;202200001946;810 489;A01;3;7;0;1;2;14;1;
2960;202200001947;810 486;A01;1;7;0;1;2;1;1;
2961;202200001948;810 487;A01;1;33;12;0;3;13;1;
2962;202200001949;810 483;A01;3;15;0;0;8;1;1;
2963;202200001952;810 475;A01;2;7;0;2;1;2;1;
2964;202200001952;810 479;C01;2;7;0;2;4;2;0;
2965;202200001952;810 484;B01;2;7;0;2;4;2;1;
2966;202200001953;810 477;A01;1;7;2;2;3;1;2;
2967;202200001953;810 481;B01;1;7;0;2;1;1;1;
2968;202200001954;810 473;A01;1;7;0;2;1;15;1;
2969;202200001954;810 476;B01;2;32;0;2;3;1;1;
2970;202200001955;810 471;A01;3;7;0;2;1;9;1;
2971;202200001955;810 474;B01;3;7;0;2;9;1;1;
2972;202200001956;810 468;A01;2;37;0;1;7;16;0;1.0
2973;202200001957;810 469;A01;2;33;0;2;1;3;1;
2974;202200001957;810 472;B01;2;10;0;9;6;1;1;
2975;202200001958;810 466;A01;1;10;0;2;8;22;1;
2976;202200001958;810 470;B01;1;31;0;2;1;3;1;
2977;202200001959;810 465;B01;0;7;0;2;7;17;1;
2978;202200001959;810 467;A01;0;7;0;2;3;14;2;
2979;202200001960;810 462;A01;2;7;6;0;3;16;1;
2980;202200001961;810 461;A01;3;7;0;9;2;22;1;
2981;202200001961;810 464;B01;1;1;1;0;1;1;5;
2982;202200001962;810 459;A01;1;7;0;2;3;9;1;
2983;202200001962;810 463;B01;3;7;0;2;7;0;1;
2984;202200001963;810 455;B01;2;7;0;2;1;1;1;
2985;202200001963;810 458;A01;1;7;0;2;1;13;1;
2986;202200001964;810 451;A01;1;33;8;0;1;0;1;
2987;202200001965;810 450;E01;2;7;0;2;4;23;1;
2988;202200001965;810 453;C01;2;7;0;2;7;23;1;
2989;202200001965;810 456;B01;2;33;0;2;4;2;1;
2990;202200001965;810 457;A01;2;7;0;2;9;2;2;
2991;202200001965;810 460;D01;2;7;0;2;4;23;1;
2992;202200001966;810 449;B01;1;7;0;2;3;9;1;
2993;202200001966;810 452;A01;1;7;0;2;1;9;1;
2994;202200001967;810 448;A01;1;7;0;2;1;1;1;
2995;202200001967;810 454;B01;1;7;0;2;4;2;1;
2996;202200001969;810 444;A01;2;31;0;2;1;3;1;
2997;202200001969;810 446;B01;2;7;0;2;2;12;1;
2998;202200001970;810 445;A01;2;7;0;1;2;1;1;
2999;202200001973;810 440;A01;1;7;0;2;1;1;1;
3000;202200001973;810 441;B01;2;7;0;0;1;1;1;
3001;202200001974;810 437;A01;2;50;0;1;1;1;3;
3002;202200001976;810 433;A01;2;10;0;2;1;2;1;
3003;202200001976;810 435;B01;2;10;0;2;4;23;1;
3004;202200001976;810 439;C01;2;7;0;2;4;23;1;
3005;202200001977;810 431;A01;0;2;0;2;1;13;1;
3006;202200001977;810 434;B01;0;7;0;2;1;0;1;
3007;202200001978;810 430;A01;3;7;0;2;3;9;1;
3008;202200001978;810 438;B01;1;1;0;2;7;1;5;
3009;202200001979;810 428;A01;1;1;0;1;1;1;5;
3010;202200001980;810 427;A01;2;33;0;0;0;14;1;
3011;202200001981;810 423;C01;1;10;0;2;5;1;1;
3012;202200001981;810 426;B01;1;31;0;2;8;11;1;
3013;202200001981;810 429;A01;1;31;0;2;1;3;1;
3014;202200001982;810 422;B01;1;1;12;2;0;0;0;
3015;202200001982;810 425;A01;1;7;12;2;7;0;1;
3016;202200001983;810 421;A01;2;7;0;2;1;13;1;
3017;202200001983;810 424;B01;1;30;0;2;1;1;1;
3018;202200001984;810 420;A01;2;33;0;0;2;1;1;
3019;202200001985;810 419;A01;1;37;0;1;3;15;1;1.0
3020;202200001986;810 418;A01;1;7;0;1;2;16;1;
3021;202200001987;810 414;A01;2;33;4;0;4;1;1;
3022;202200001989;810 411;B01;1;1;0;2;8;1;5;
3023;202200001989;810 412;A01;1;7;0;2;1;1;2;
3024;202200001990;810 410;C01;1;7;0;2;1;2;1;
3025;202200001990;810 413;B01;1;7;0;2;3;2;1;
3026;202200001990;810 416;A01;1;7;0;2;4;23;1;
3027;202200001991;810 408;A01;2;7;2;0;9;0;1;
3028;202200001992;810 407;A01;2;2;0;2;2;15;3;
3029;202200001992;810 409;B01;2;7;0;2;3;13;1;
3030;202200001993;810 406;A01;2;7;0;1;1;1;1;
3031;202200001994;810 403;A01;1;10;0;2;1;1;1;
3032;202200001994;810 405;B01;3;7;0;2;4;23;1;
3033;202200001995;810 402;A01;2;7;0;0;9;0;1;
3034;202200001996;810 400;A01;1;30;0;1;1;17;1;
3035;202200001997;810 401;A01;1;7;0;2;4;1;1;
3036;202200001997;810 404;B01;1;7;0;2;1;1;1;
3037;202200001998;810 398;B01;2;7;0;2;5;16;1;
3038;202200001998;810 399;A01;2;33;0;2;1;7;1;
3039;202200001999;810 396;A01;0;7;2;0;0;1;1;
3040;202200002000;810 394;B01;1;1;0;2;1;18;5;
3041;202200002000;810 397;A01;1;7;0;2;5;22;1;
3042;202200002003;810 390;A01;2;33;16;0;1;1;1;
3043;202200002004;810 388;A01;2;1;0;0;0;1;5;
3044;202200002005;810 385;A01;1;1;0;2;2;15;5;
3045;202200002005;810 387;B01;2;2;0;2;1;1;0;
3046;202200002006;810 384;A01;1;7;8;0;2;1;1;
3047;202200002007;810 382;A01;1;7;0;2;1;1;2;
3048;202200002007;810 386;B01;2;7;0;2;7;1;1;
3049;202200002009;810 380;A01;1;37;0;2;3;15;1;1.0
3050;202200002009;810 383;B01;2;2;0;2;1;26;1;
3051;202200002010;810 378;A01;1;7;0;1;2;1;1;
3052;202200002013;810 371;A01;1;7;0;2;2;5;1;
3053;202200002013;810 376;B01;2;7;0;2;1;1;0;
3054;202200002014;810 370;B01;2;7;0;2;3;9;1;
3055;202200002014;810 374;A01;1;33;0;2;1;9;1;
3056;202200002016;810 368;B01;1;2;0;2;1;1;1;
3057;202200002016;810 372;A01;2;7;0;2;3;15;1;
3058;202200002017;810 366;A01;2;32;12;0;1;14;1;
3059;202200002018;810 363;B01;3;32;0;2;0;1;1;
3060;202200002018;810 365;A01;3;7;0;2;0;0;1;
3061;202200002019;810 359;A01;1;1;0;2;1;17;5;
3062;202200002019;810 361;B01;1;1;0;2;1;18;5;
3063;202200002020;810 357;A01;1;7;0;2;3;15;1;
3064;202200002020;810 360;B01;1;33;0;2;2;17;1;
3065;202200002021;810 358;A01;1;7;2;0;8;0;1;
3066;202200002022;810 356;A01;2;31;4;0;8;1;1;
3067;202200002023;810 353;Z01;3;1;0;1;1;1;5;
3068;202200002024;810 354;B01;1;7;0;2;2;19;1;
3069;202200002024;810 355;A01;2;7;0;2;2;1;1;
3070;202200002025;810 350;A01;1;39;0;1;3;1;0;
3071;202200002026;810 351;A01;1;7;0;1;5;9;2;
3072;202200002027;810 347;A01;1;1;0;1;1;1;5;
3073;202200002028;810 348;B01;1;7;0;2;8;15;1;
3074;202200002028;810 352;A01;1;33;0;2;7;17;1;
3075;202200002029;810 346;B01;1;7;0;2;2;1;3;
3076;202200002029;810 349;A01;1;7;0;2;3;9;1;
3077;202200002030;810 344;B01;3;7;0;2;6;4;1;
3078;202200002030;810 345;A01;3;33;0;2;1;1;1;
3079;202200002031;810 343;A01;1;7;6;0;3;13;1;
3080;202200002032;810 342;A01;3;50;0;1;3;1;3;
3081;202200002033;810 339;A01;1;7;0;2;4;23;1;
3082;202200002033;810 341;B01;1;10;0;2;1;0;0;
3083;202200002034;810 338;A01;2;7;2;0;1;1;1;
3084;202200002035;810 337;A01;2;1;1;0;6;14;5;
3085;202200002035;810 340;B01;2;7;0;0;6;0;1;
3086;202200002036;810 335;B01;2;32;1;2;2;17;1;
3087;202200002036;810 336;A01;2;10;0;2;3;15;1;
3088;202200002037;810 330;A01;2;7;13;0;3;13;1;
3089;202200002038;810 328;B01;2;7;0;2;3;1;-1;
3090;202200002038;810 333;A01;1;7;0;2;3;17;-1;
3091;202200002040;810 325;A01;3;33;0;0;0;1;1;
3092;202200002041;810 320;A01;2;10;0;2;7;16;1;
3093;202200002041;810 323;B01;2;1;0;2;1;1;5;
3094;202200002042;810 319;A01;2;33;0;2;1;1;1;
3095;202200002042;810 322;B01;1;7;0;2;8;15;1;
3096;202200002043;810 332;A01;2;30;0;0;0;1;3;
3097;202200002045;810 312;A01;3;7;6;0;1;24;2;
3098;202200002046;810 311;B01;1;7;0;2;1;1;2;
3099;202200002046;810 313;A01;1;1;0;2;1;17;5;
3100;202200002047;810 310;A01;3;7;0;1;2;15;1;
3101;202200002048;810 305;A01;2;10;0;1;2;1;1;
3102;202200002050;810 302;A01;1;7;0;2;2;2;2;
3103;202200002050;810 308;B01;1;7;0;2;6;23;2;
3104;202200002051;810 301;A01;2;7;0;2;8;9;1;
3105;202200002051;810 303;B01;2;2;0;2;1;21;1;
3106;202200002052;810 300;A01;1;7;0;1;1;1;1;
3107;202200002053;810 297;A01;2;2;0;1;1;1;3;
3108;202200002054;810 299;A01;1;80;0;1;2;1;3;
3109;202200002055;810 293;B01;2;1;0;2;0;0;5;
3110;202200002055;810 296;A01;2;7;0;9;3;1;1;
3111;202200002056;810 292;A01;2;7;0;1;1;1;1;
3112;202200002057;810 290;A01;1;7;0;2;5;1;1;
3113;202200002057;810 295;C01;2;7;0;2;1;1;1;
3114;202200002057;810 298;B01;1;7;0;2;1;1;1;
3115;202200002058;810 291;A01;1;7;1;1;2;0;1;
3116;202200002059;810 289;B01;1;30;0;2;4;1;1;
3117;202200002059;810 294;A01;1;17;0;2;1;1;1;
3118;202200002060;810 286;A01;1;50;0;0;0;1;3;
3119;202200002062;810 283;A01;1;7;1;0;2;1;1;
3120;202200002065;810 277;B01;1;1;0;2;8;1;5;
3121;202200002065;810 281;A01;2;7;0;2;3;15;1;
3122;202200002066;810 275;A01;2;7;1;0;1;14;1;
3123;202200002066;810 276;B01;2;7;0;2;6;0;1;
3124;202200002066;810 279;C01;2;7;0;2;4;0;1;
3125;202200002068;810 271;B01;3;21;0;2;1;23;1;
3126;202200002068;810 274;A01;3;7;14;2;8;13;1;
3127;202200002069;810 269;B01;1;7;0;2;2;1;1;
3128;202200002069;810 272;A01;2;7;0;2;2;5;1;
3129;202200002071;810 261;A01;1;7;0;2;1;15;1;
3130;202200002071;810 266;B01;2;33;0;2;1;1;1;
3131;202200002072;810 259;A01;3;7;0;2;1;1;1;
3132;202200002072;810 262;B01;3;7;0;2;2;26;1;
3133;202200002073;810 258;A01;2;7;0;1;2;19;1;
3134;202200002074;810 257;B01;1;7;0;2;5;2;1;
3135;202200002074;810 260;A01;1;1;0;2;1;2;5;
3136;202200002075;810 256;A01;-1;7;-1;-1;-1;-1;1;
3137;202200002076;810 250;A01;0;80;0;2;8;19;3;
3138;202200002076;810 252;B01;0;7;0;2;3;1;1;
3139;202200002077;810 249;A01;2;30;0;2;1;1;1;
3140;202200002077;810 254;B01;1;1;0;2;1;15;5;
3141;202200002078;810 251;A01;3;7;0;2;1;13;1;
3142;202200002078;810 253;B01;3;7;0;2;1;1;1;
3143;202200002079;810 246;B01;2;7;0;2;4;2;1;
3144;202200002079;810 247;A01;2;7;0;2;1;2;1;
3145;202200002080;810 243;B01;1;7;0;2;1;26;1;
3146;202200002080;810 248;A01;2;7;0;2;1;5;1;
3147;202200002081;810 242;B01;2;2;0;2;3;18;1;
3148;202200002081;810 245;A01;2;10;0;2;2;1;1;
3149;202200002082;810 241;A01;2;50;0;1;1;25;3;
3150;202200002083;810 240;B01;1;1;0;2;1;1;5;
3151;202200002083;810 244;A01;2;30;0;2;1;5;1;
3152;202200002084;810 239;A01;2;7;2;0;7;1;1;
3153;202200002085;810 238;A01;1;7;8;1;3;9;0;
3154;202200002086;810 232;A01;2;33;0;0;7;1;1;
3155;202200002087;810 234;A01;0;7;0;0;2;1;2;
3156;202200002087;810 237;B01;0;7;0;0;3;0;0;
3157;202200002089;810 230;B01;3;50;0;2;2;9;3;
3158;202200002089;810 235;A01;2;7;0;2;3;16;1;
3159;202200002090;810 227;A01;3;7;0;2;1;14;1;
3160;202200002090;810 231;B01;3;7;0;2;2;15;1;
3161;202200002092;810 226;B01;0;7;0;2;3;2;1;
3162;202200002092;810 229;A01;0;33;0;2;2;3;1;
3163;202200002093;810 225;A01;2;33;0;2;1;1;1;
3164;202200002093;810 228;B01;1;10;0;2;3;1;1;
3165;202200002094;810 222;A01;1;7;13;0;3;1;1;
3166;202200002095;810 223;A01;2;7;0;1;1;1;1;
3167;202200002096;810 219;A01;1;7;0;1;1;1;1;
3168;202200002098;810 217;B01;2;7;0;2;1;1;1;
3169;202200002098;810 221;A01;1;7;0;2;4;0;1;
3170;202200002099;810 216;A01;1;7;0;1;1;1;1;
3171;202200002100;810 215;A01;2;50;0;0;0;21;3;
3172;202200002101;810 213;A01;1;7;0;1;1;9;1;
3173;202200002102;810 212;A01;1;33;0;0;7;1;1;
3174;202200002103;810 211;A01;2;7;0;2;2;15;1;
3175;202200002103;810 214;B01;1;30;0;2;1;1;1;
3176;202200002104;810 207;B01;2;99;0;2;3;1;0;
3177;202200002104;810 209;A01;2;7;0;2;3;15;1;
3178;202200002105;810 208;B01;1;33;0;2;8;19;1;
3179;202200002105;810 210;A01;1;33;0;2;1;3;1;
3180;202200002106;810 205;A01;2;33;0;0;7;14;1;
3181;202200002107;810 201;A01;1;7;0;2;2;4;1;
3182;202200002107;810 204;B01;1;2;0;2;2;2;1;
3183;202200002108;810 203;B01;1;1;0;2;4;2;5;
3184;202200002108;810 206;Z01;1;7;0;2;1;2;0;
3185;202200002109;810 197;A01;2;33;0;2;1;2;1;
3186;202200002109;810 200;B01;2;7;0;0;4;2;1;
3187;202200002110;810 198;B01;2;37;0;2;7;1;6;2.0
3188;202200002110;810 202;A01;3;10;0;2;6;10;1;
3189;202200002111;810 199;A01;3;7;0;1;3;16;1;
3190;202200002112;810 193;B01;3;33;0;2;1;1;1;
3191;202200002112;810 196;A01;3;7;0;2;3;1;1;
3192;202200002113;810 189;B01;2;34;0;2;4;2;1;
3193;202200002113;810 192;A01;2;7;0;2;1;2;1;
3194;202200002114;810 190;A01;2;7;0;2;1;17;1;
3195;202200002114;810 194;B01;1;7;3;2;1;1;1;
3196;202200002115;810 188;B01;2;10;0;0;6;2;1;
3197;202200002115;810 191;A01;2;10;0;2;2;2;1;
3198;202200002116;810 187;B01;2;10;0;2;2;2;1;
3199;202200002116;810 195;A01;2;7;0;2;3;2;1;
3200;202200002117;810 186;A01;1;7;0;6;8;1;1;
3201;202200002118;810 185;A01;2;7;0;0;2;13;1;
3202;202200002119;810 184;A01;3;7;0;1;3;16;2;
3203;202200002120;810 183;A01;3;7;0;1;2;15;6;
3204;202200002121;810 181;A01;3;7;2;0;8;1;1;
3205;202200002122;810 180;B01;2;7;0;2;1;0;1;
3206;202200002122;810 182;A01;1;7;0;2;3;1;1;
3207;202200002123;810 178;A01;1;33;1;0;1;1;1;
3208;202200002124;810 179;A01;1;7;0;0;1;0;1;
3209;202200002125;810 177;B01;3;7;0;1;4;4;1;
3210;202200002126;810 176;A01;3;7;2;0;1;1;1;
3211;202200002127;810 175;Z01;2;32;0;1;1;1;1;
3212;202200002128;810 174;A01;3;14;0;0;0;26;1;
3213;202200002129;810 172;A01;3;7;0;1;1;0;0;
3214;202200002130;810 171;B01;3;7;0;2;2;12;6;
3215;202200002130;810 173;A01;3;32;0;2;8;1;1;
3216;202200002131;810 170;A01;1;33;0;0;2;1;1;
3217;202200002132;810 169;B01;2;7;0;1;1;1;1;
3218;202200002133;810 167;A01;3;7;2;0;1;26;1;
3219;202200002134;810 163;A01;0;7;0;2;3;0;1;
3220;202200002134;810 166;B01;0;1;0;2;1;0;5;
3221;202200002135;810 165;B01;2;33;0;2;1;1;1;
3222;202200002135;810 168;A01;1;7;0;2;2;15;1;
3223;202200002136;810 161;A01;3;32;0;1;1;2;1;
3224;202200002137;810 162;A01;1;7;0;2;1;13;0;
3225;202200002137;810 164;B01;2;10;0;2;1;0;1;
3226;202200002139;810 159;A01;1;7;15;0;1;1;3;
3227;202200002140;810 157;A01;1;7;2;0;1;1;1;
3228;202200002141;810 155;A01;1;7;0;2;3;1;1;
3229;202200002141;810 156;B01;1;33;0;0;4;23;1;
3230;202200002142;810 154;B01;1;7;0;2;0;16;1;
3231;202200002142;810 158;A01;1;32;0;2;1;1;1;
3232;202200002143;810 152;A01;2;7;17;0;3;13;2;
3233;202200002145;810 150;A01;1;7;0;2;1;1;1;
3234;202200002145;810 153;B01;3;1;0;2;3;1;5;
3235;202200002146;810 144;A01;1;7;0;9;1;1;1;
3236;202200002146;810 148;B01;1;1;0;2;7;1;5;
3237;202200002148;810 143;A01;1;10;13;0;2;16;1;
3238;202200002149;810 141;A01;0;7;0;1;2;1;1;
3239;202200002150;810 139;A01;1;7;0;2;3;22;1;
3240;202200002150;810 140;B01;1;1;1;0;1;1;5;
3241;202200002151;810 142;A01;2;14;0;1;6;15;1;
3242;202200002153;810 137;A01;2;7;8;0;0;6;1;
3243;202200002155;810 134;A01;3;20;0;0;8;21;1;
3244;202200002156;810 133;A01;2;7;0;0;3;1;1;
3245;202200002157;810 132;B01;3;3;0;2;8;1;0;
3246;202200002157;810 135;A01;3;7;0;2;2;15;1;
3247;202200002158;810 128;A01;2;7;0;0;6;15;2;
3248;202200002158;810 131;B01;2;33;0;2;1;17;1;
3249;202200002159;810 127;A01;1;38;0;9;3;1;1;1.0
3250;202200002159;810 130;B01;1;1;0;2;8;16;5;
3251;202200002160;810 124;B01;2;2;0;2;1;1;3;
3252;202200002160;810 126;A01;2;7;0;2;7;20;1;
3253;202200002161;810 125;B01;1;33;0;2;1;1;1;
3254;202200002161;810 129;A01;2;7;0;2;2;15;1;
3255;202200002162;810 123;A01;1;7;0;1;8;1;1;
3256;202200002163;810 117;A01;1;31;0;2;3;18;1;
3257;202200002163;810 120;B01;1;7;0;2;7;16;1;
3258;202200002164;810 114;B01;2;7;0;2;3;1;1;
3259;202200002164;810 118;A01;1;33;0;2;1;1;1;
3260;202200002165;810 115;B01;2;7;0;2;2;1;1;
3261;202200002165;810 121;A01;3;50;0;2;1;15;3;
3262;202200002166;810 116;A01;0;7;0;2;5;0;1;
3263;202200002166;810 119;C01;0;10;0;2;7;1;1;
3264;202200002166;810 122;B01;0;7;0;0;1;0;0;
3265;202200002167;810 112;A01;3;7;0;0;2;16;1;
3266;202200002168;810 113;A01;1;7;0;1;3;26;1;
3267;202200002169;810 110;B01;2;33;16;0;9;1;1;
3268;202200002169;810 111;A01;1;10;0;0;0;17;1;
3269;202200002170;810 108;B01;1;7;0;2;1;1;1;
3270;202200002170;810 109;A01;2;7;0;2;1;1;0;
3271;202200002171;810 107;A01;1;7;0;1;2;1;1;
3272;202200002172;810 104;A01;1;7;2;0;1;1;1;
3273;202200002173;810 103;A01;1;7;0;2;8;9;1;
3274;202200002173;810 105;B01;2;32;0;2;1;1;1;
3275;202200002174;810 102;A01;2;7;0;2;1;15;1;
3276;202200002174;810 106;B01;1;7;0;2;1;1;1;
3277;202200002175;810 100;B01;3;30;0;2;1;2;1;
3278;202200002175;810 101;A01;0;10;0;0;4;23;0;
3279;202200002176;810 094;B01;1;32;0;2;1;17;1;
3280;202200002176;810 097;A01;2;7;0;2;2;1;1;
3281;202200002177;810 096;A01;1;50;0;0;0;1;3;
3282;202200002178;810 095;B01;1;7;0;2;4;2;2;
3283;202200002178;810 099;A01;1;33;0;2;1;2;1;
3284;202200002179;810 091;C01;3;1;0;2;1;5;5;
3285;202200002179;810 093;B01;3;1;0;2;1;5;5;
3286;202200002179;810 098;A01;3;7;0;9;1;26;1;
3287;202200002180;810 092;A01;2;7;0;1;3;1;1;
3288;202200002181;810 090;A01;2;7;0;1;1;1;1;
3289;202200002182;810 087;A01;3;33;0;0;0;0;1;
3290;202200002183;810 088;A01;1;7;3;0;1;2;1;
3291;202200002185;810 085;A01;3;36;0;0;0;1;1;
3292;202200002186;810 084;A01;1;7;0;1;3;15;1;
3293;202200002187;810 083;A01;2;7;2;0;8;14;1;
3294;202200002188;810 078;A01;2;10;0;2;1;1;1;
3295;202200002188;810 081;B01;2;7;0;2;8;19;1;
3296;202200002189;810 077;B01;2;7;0;2;3;1;1;
3297;202200002189;810 082;A01;1;7;0;2;3;1;1;
3298;202200002190;810 074;C01;3;7;0;0;4;2;0;
3299;202200002190;810 076;B01;3;7;0;2;4;2;0;
3300;202200002190;810 079;A01;3;10;0;2;1;2;0;
3301;202200002191;810 069;A01;3;7;14;0;5;20;1;
3302;202200002192;810 068;B01;2;7;0;2;2;17;1;
3303;202200002192;810 072;A01;2;7;0;0;3;15;1;
3304;202200002193;810 066;B01;1;15;0;0;6;23;1;
3305;202200002193;810 071;A01;1;2;0;2;1;2;1;
3306;202200002194;810 064;B01;2;7;0;2;8;21;2;
3307;202200002194;810 070;C01;2;7;0;2;3;0;1;
3308;202200002194;810 073;A01;1;7;0;2;3;13;1;
3309;202200002195;810 062;A01;1;7;2;0;1;13;1;
3310;202200002196;810 061;A01;2;17;0;2;1;1;1;
3311;202200002196;810 063;B01;1;7;0;2;4;1;1;
3312;202200002198;810 056;A01;1;7;0;2;1;5;1;
3313;202200002198;810 058;B01;2;7;0;2;1;1;1;
3314;202200002200;810 054;A01;1;36;15;0;2;1;1;
3315;202200002201;810 052;A01;2;1;0;0;0;1;5;
3316;202200002202;810 048;B01;2;7;0;2;3;1;1;
3317;202200002202;810 049;A01;1;7;0;2;3;1;1;
3318;202200002203;810 047;B01;1;21;0;2;3;15;1;
3319;202200002203;810 051;A01;1;7;0;2;2;17;2;
3320;202200002204;810 045;A01;2;7;2;0;2;13;1;