;Num_Acc;id_vehicule;num_veh;senc;catv;obs;obsm;choc;manv;motor;occutc
3321;202200002205;810 046;B01;0;7;0;2;4;1;1;
3322;202200002205;810 050;A01;0;7;0;2;1;1;1;
3323;202200002206;810 043;A01;2;7;2;0;2;1;1;
3324;202200002207;810 042;A01;1;7;6;0;2;14;1;
3325;202200002208;810 039;A01;2;43;0;2;1;0;1;
3326;202200002208;810 041;B01;2;34;0;2;1;0;1;
3327;202200002208;810 044;C01;1;7;0;2;8;15;1;
3328;202200002209;810 038;A01;2;7;0;2;3;15;1;
3329;202200002209;810 040;B01;1;2;0;2;3;1;1;
3330;202200002210;810 037;A01;2;7;6;0;3;1;1;
3331;202200002211;810 035;A01;2;7;13;0;1;16;1;
3332;202200002213;810 034;A01;2;7;0;2;7;1;1;
3333;202200002213;810 036;B01;1;7;0;2;2;19;1;
3334;202200002215;810 030;A01;2;7;0;2;3;5;1;
3335;202200002215;810 031;B01;1;7;0;2;1;9;1;
3336;202200002216;810 029;A01;2;33;0;0;9;1;1;
3337;202200002218;810 026;A01;1;7;17;0;1;0;-1;
3338;202200002219;810 024;A01;2;7;13;0;9;1;1;
3339;202200002220;810 021;B01;1;33;0;2;1;13;1;
3340;202200002220;810 023;A01;2;13;0;2;6;1;1;
3341;202200002221;810 022;C01;3;7;0;2;1;23;1;
3342;202200002221;810 025;B01;3;7;0;2;1;9;1;
3343;202200002221;810 027;A01;3;33;0;2;1;17;0;
3344;202200002222;810 020;A01;-1;7;-1;1;-1;-1;-1;
3345;202200002223;810 018;A01;3;42;13;0;2;1;1;
3346;202200002224;810 019;A01;1;7;0;1;2;1;1;
3347;202200002225;810 017;A01;1;7;16;0;0;1;1;
3348;202200002226;810 014;A01;1;7;0;1;1;19;1;
3349;202200002227;810 015;A01;2;7;0;2;1;9;1;
3350;202200002227;810 016;B01;1;1;0;2;2;1;5;
3351;202200002230;810 009;A01;2;7;3;0;4;0;1;
3352;202200002231;810 007;A01;3;2;13;0;1;2;1;
3353;202200002232;810 006;A01;1;7;0;1;2;1;1;
3354;202200002233;810 005;B01;1;10;0;2;2;21;1;
3355;202200002233;810 008;A01;2;7;0;2;2;10;1;
3356;202200002234;810 004;A01;1;7;0;1;1;16;2;
3357;202200002235;810 003;A01;2;7;13;0;2;1;1;
3358;202200002236;809 999;A01;1;14;0;2;3;15;1;
3359;202200002236;810 001;B01;1;7;0;2;1;1;0;
3360;202200002238;809 997;B01;3;1;0;2;5;1;5;
3361;202200002238;810 002;E01;0;0;0;2;0;0;-1;
3362;202200002239;809 994;A01;2;10;13;0;1;14;1;
3363;202200002240;809 992;B01;3;31;0;2;3;1;1;
3364;202200002240;809 995;A01;3;7;0;2;3;15;1;
3365;202200002241;809 990;A01;3;7;0;2;2;15;1;
3366;202200002241;809 993;B01;3;1;0;2;1;1;5;
3367;202200002242;809 989;A01;1;33;0;0;5;1;1;
3368;202200002242;809 991;B01;0;7;0;2;2;15;2;
3369;202200002243;809 987;A01;1;2;12;0;0;14;1;
3370;202200002244;809 986;A01;1;7;4;2;1;2;1;
3371;202200002244;809 988;B01;1;17;0;0;5;2;1;
3372;202200002245;809 985;A01;2;33;16;0;7;1;1;
3373;202200002246;809 983;A01;2;7;0;1;2;1;1;
3374;202200002247;809 981;A01;1;7;0;2;3;13;1;
3375;202200002247;809 984;B01;2;7;0;2;8;13;1;
3376;202200002248;809 980;A01;1;7;0;2;3;10;1;
3377;202200002248;809 982;B01;1;33;0;2;1;1;1;
3378;202200002249;809 976;A01;2;7;0;2;1;2;1;
3379;202200002249;809 978;B01;2;7;0;2;4;2;1;
3380;202200002250;809 974;B01;3;7;0;2;5;1;1;
3381;202200002250;809 979;A01;3;10;0;2;1;1;1;
3382;202200002251;809 975;A01;2;31;3;0;3;0;1;
3383;202200002255;809 968;B01;2;7;3;2;9;21;1;
3384;202200002255;809 971;A01;2;7;3;2;9;13;1;
3385;202200002257;809 966;A01;3;7;0;1;2;1;6;
3386;202200002258;809 964;A01;1;7;13;0;2;1;2;
3387;202200002260;809 962;A01;3;7;0;2;5;15;1;
3388;202200002260;809 965;B01;3;30;0;2;1;1;1;
3389;202200002261;809 959;A01;1;7;0;2;1;15;1;
3390;202200002261;809 960;B01;2;31;0;2;8;1;1;
3391;202200002262;809 957;A01;2;7;4;0;3;17;1;
3392;202200002263;809 954;A01;1;7;1;0;2;1;0;
3393;202200002264;809 951;A01;2;7;0;2;2;15;1;
3394;202200002264;809 955;B01;1;2;0;2;1;1;1;
3395;202200002265;809 952;A01;1;13;0;2;3;2;1;
3396;202200002265;809 956;B01;1;7;0;2;4;2;1;
3397;202200002266;809 950;B01;2;33;0;2;1;3;1;
3398;202200002266;809 953;A01;2;10;0;2;2;12;1;
3399;202200002267;809 946;B01;2;7;0;2;2;1;1;
3400;202200002267;809 949;A01;1;31;0;2;3;1;1;
3401;202200002269;809 943;A01;3;33;0;2;7;17;1;
3402;202200002269;809 947;B01;3;7;0;2;3;13;0;
3403;202200002270;809 940;A01;1;7;0;2;5;23;1;
3404;202200002270;809 944;B01;1;7;0;2;6;0;1;
3405;202200002270;809 948;C01;1;7;0;2;5;0;1;
3406;202200002271;809 938;A01;1;7;0;2;1;17;1;
3407;202200002271;809 941;B01;2;60;0;2;1;1;5;
3408;202200002272;809 937;A01;1;7;0;2;1;2;0;
3409;202200002272;809 942;B01;1;33;0;0;4;2;0;
3410;202200002273;809 936;B01;0;7;0;2;2;2;1;
3411;202200002273;809 939;A01;3;7;0;0;6;2;1;
3412;202200002274;809 933;A01;2;30;0;2;0;0;1;
3413;202200002274;809 935;B01;2;7;0;0;0;0;1;
3414;202200002275;809 929;B01;2;7;0;2;2;0;1;
3415;202200002275;809 931;A01;2;7;4;0;6;1;1;
3416;202200002276;809 928;A01;3;2;0;2;1;0;1;
3417;202200002276;809 934;B01;3;7;0;2;3;0;1;
3418;202200002277;809 926;C01;1;7;0;2;4;23;1;
3419;202200002277;809 930;B01;1;7;0;0;4;23;1;
3420;202200002277;809 932;A01;1;7;0;2;1;2;1;
3421;202200002278;809 922;A01;1;33;6;0;8;1;1;
3422;202200002279;809 920;A01;3;10;0;9;5;4;1;
3423;202200002279;809 923;B01;3;1;0;2;1;1;5;
3424;202200002280;809 919;A01;1;7;0;2;4;1;1;
3425;202200002281;809 917;A01;2;32;0;1;1;1;1;
3426;202200002282;809 912;A01;3;7;0;1;3;26;1;
3427;202200002283;809 910;A01;2;7;6;0;1;1;1;
3428;202200002284;809 908;A01;2;7;13;0;0;14;0;
3429;202200002286;809 905;A01;3;10;16;0;0;21;1;
3430;202200002287;809 904;A01;3;32;0;5;1;1;1;
3431;202200002288;809 903;A01;1;7;0;1;2;1;1;
3432;202200002289;809 899;A01;3;7;0;2;1;26;1;
3433;202200002289;809 902;B01;3;7;0;2;4;1;1;
3434;202200002292;809 895;B01;2;7;0;2;1;9;1;
3435;202200002292;809 896;A01;1;7;0;2;1;26;1;
3436;202200002293;809 889;B01;1;1;0;2;0;0;5;
3437;202200002293;809 893;A01;2;7;0;9;0;13;1;
3438;202200002294;809 892;B01;2;7;0;2;2;1;1;
3439;202200002294;809 894;A01;1;7;0;2;2;15;1;
3440;202200002295;809 888;A01;2;7;0;2;2;15;1;
3441;202200002295;809 890;B01;1;2;0;2;1;1;1;
3442;202200002296;809 887;B01;2;7;0;2;3;1;1;
3443;202200002296;809 891;A01;1;7;0;2;3;13;1;
3444;202200002297;809 885;B01;1;1;0;0;4;2;5;
3445;202200002297;809 886;A01;1;7;0;2;2;2;1;
3446;202200002298;809 882;A01;1;7;1;1;1;20;1;
3447;202200002299;809 881;A01;1;7;0;2;8;17;1;
3448;202200002299;809 884;B01;1;33;0;2;1;17;1;
3449;202200002300;809 880;A01;2;7;0;9;1;9;1;
3450;202200002300;809 883;B01;2;1;0;2;7;1;5;
3451;202200002301;809 878;B01;1;7;0;0;5;1;1;
3452;202200002301;809 879;A01;1;33;0;2;3;26;1;
3453;202200002302;809 875;A01;0;37;0;1;5;1;3;1.0
3454;202200002303;809 877;A01;1;7;3;0;1;14;1;
3455;202200002304;809 876;A01;1;7;0;1;1;1;1;
3456;202200002305;809 873;B01;2;7;0;2;3;17;1;
3457;202200002305;809 874;A01;1;7;0;2;3;1;1;
3458;202200002306;809 870;A01;1;7;2;0;8;1;1;
3459;202200002307;809 871;A01;3;7;0;1;3;16;1;
3460;202200002309;809 866;A01;2;7;0;0;2;9;1;
3461;202200002309;809 868;B01;2;2;0;2;1;9;1;
3462;202200002310;809 864;A01;2;30;10;0;1;1;1;
3463;202200002311;809 865;A01;1;7;0;2;2;17;1;
3464;202200002311;809 867;B01;1;80;0;2;6;1;3;
3465;202200002312;809 863;A01;1;10;0;1;1;26;0;
3466;202200002313;809 862;A01;2;7;0;5;1;6;1;
3467;202200002314;809 859;A01;2;7;0;9;8;1;1;
3468;202200002314;809 860;B01;2;1;0;2;1;1;5;
3469;202200002315;809 857;B01;2;99;0;2;2;13;0;
3470;202200002315;809 861;A01;1;7;0;2;2;13;0;
3471;202200002316;809 858;Z01;1;0;0;1;0;0;0;
3472;202200002318;809 851;B01;2;7;0;2;7;15;1;
3473;202200002318;809 854;A01;2;32;0;2;1;1;1;
3474;202200002319;809 850;A01;1;1;0;0;7;19;5;
3475;202200002319;809 853;B01;1;10;0;2;1;1;1;
3476;202200002320;809 846;A01;1;7;0;1;1;1;1;
3477;202200002321;809 844;B01;1;33;0;2;1;21;1;
3478;202200002321;809 847;A01;0;10;0;0;6;10;1;
3479;202200002322;809 840;B01;0;1;0;2;3;1;5;
3480;202200002322;809 841;Z01;0;10;0;2;5;14;0;
3481;202200002323;809 837;A01;2;3;0;2;2;15;1;
3482;202200002323;809 839;B01;1;7;0;2;1;1;1;
3483;202200002324;809 845;B01;1;7;0;2;4;2;1;
3484;202200002324;809 849;A01;1;7;0;2;1;2;1;
3485;202200002325;809 838;A01;2;32;0;2;1;17;1;
3486;202200002325;809 842;B01;3;7;0;2;8;9;1;
3487;202200002326;809 833;C01;3;7;0;2;1;23;1;
3488;202200002326;809 835;B01;2;1;0;2;8;15;5;
3489;202200002326;809 836;A01;0;7;0;2;1;1;1;
3490;202200002330;809 825;A01;1;7;2;0;1;1;1;
3491;202200002331;809 820;A01;1;10;0;2;1;1;1;
3492;202200002331;809 824;B01;1;7;0;2;4;2;1;
3493;202200002332;809 819;B01;-1;7;0;2;6;9;1;
3494;202200002332;809 822;A01;-1;7;0;2;3;1;1;
3495;202200002333;809 817;A01;2;7;0;2;2;22;1;
3496;202200002333;809 818;B01;2;1;0;2;3;0;5;
3497;202200002334;809 815;A01;1;33;6;0;5;1;1;
3498;202200002335;809 814;Z01;1;15;0;2;0;12;0;
3499;202200002335;809 816;B01;1;7;0;2;6;1;1;
3500;202200002336;809 812;A01;3;2;0;2;1;1;1;
3501;202200002336;809 813;B01;3;7;0;2;2;15;1;
3502;202200002337;809 810;B01;3;7;0;2;4;1;1;
3503;202200002337;809 811;A01;3;7;0;2;1;1;1;
3504;202200002338;809 808;A01;3;99;1;-1;1;1;3;
3505;202200002339;809 807;A01;2;7;0;2;4;2;1;
3506;202200002339;809 809;Z01;2;10;0;2;1;2;0;
3507;202200002340;809 804;B01;3;10;0;0;0;0;0;
3508;202200002340;809 831;A01;3;10;0;0;0;0;0;
3509;202200002341;809 803;B01;2;7;0;2;3;1;2;
3510;202200002341;809 806;A01;1;7;0;2;3;13;1;
3511;202200002343;809 800;A01;2;31;0;1;1;21;1;
3512;202200002344;809 797;A01;2;7;0;9;7;16;1;
3513;202200002344;809 799;B01;2;1;0;2;1;2;5;
3514;202200002345;809 795;A01;1;7;0;1;1;1;1;
3515;202200002346;809 796;B01;3;50;0;2;8;2;3;
3516;202200002346;809 798;A01;2;7;0;2;1;15;1;
3517;202200002347;809 793;A01;1;7;15;0;3;1;1;
3518;202200002348;809 792;B01;2;10;0;2;1;1;1;
3519;202200002348;809 794;A01;2;2;0;2;1;15;1;
3520;202200002349;809 789;A01;3;30;0;2;1;13;1;
3521;202200002349;809 791;B01;3;33;0;2;1;1;1;
3522;202200002350;809 788;B01;1;7;0;2;2;23;1;
3523;202200002350;809 790;A01;1;32;0;2;3;2;1;
3524;202200002351;809 786;A01;0;7;0;2;3;16;1;
3525;202200002351;809 787;B01;0;7;0;2;3;15;1;
3526;202200002353;809 782;A01;1;2;12;0;1;0;0;
3527;202200002354;809 781;A01;1;43;0;2;3;2;1;
3528;202200002354;809 783;B01;1;7;0;2;5;2;1;
3529;202200002355;809 780;A01;1;3;0;4;3;1;1;
3530;202200002355;809 784;B01;1;40;0;2;2;1;0;
3531;202200002356;809 778;A01;2;33;13;0;8;1;1;
3532;202200002357;809 776;A01;3;2;0;1;1;1;1;
3533;202200002358;809 777;B01;1;99;0;2;7;26;0;
3534;202200002358;809 779;A01;1;60;0;1;1;26;5;
3535;202200002359;809 774;A01;2;80;0;2;8;15;3;
3536;202200002359;809 775;Z01;2;10;0;2;3;10;1;
3537;202200002361;809 772;A01;2;7;0;2;3;15;1;
3538;202200002361;809 773;B01;2;33;0;2;1;1;1;
3539;202200002363;809 766;A01;2;7;0;1;2;1;1;
3540;202200002364;809 767;B01;1;43;0;2;1;16;1;
3541;202200002364;809 768;A01;1;43;0;2;1;5;1;
3542;202200002365;809 765;A01;1;7;0;0;3;1;1;
3543;202200002366;809 762;A01;2;7;0;1;3;1;1;
3544;202200002367;809 760;A01;1;10;2;0;3;1;1;
3545;202200002368;809 761;B01;2;2;0;2;7;19;1;
3546;202200002368;809 764;A01;2;7;0;2;1;1;1;
3547;202200002369;809 759;B01;0;50;0;2;2;1;3;
3548;202200002369;809 763;A01;2;7;0;2;6;1;2;
3549;202200002370;809 758;A01;2;7;0;1;1;1;1;
3550;202200002371;809 754;A01;1;7;13;0;1;1;1;
3551;202200002373;809 750;A01;2;7;0;2;5;15;1;
3552;202200002373;809 753;B01;2;33;0;2;1;1;1;
3553;202200002373;809 756;C01;1;7;0;2;6;1;1;
3554;202200002374;809 751;A01;2;7;0;2;1;15;1;
3555;202200002374;809 755;B01;1;43;0;2;1;1;1;
3556;202200002375;809 748;A01;1;10;0;2;3;9;1;
3557;202200002375;809 749;B01;1;50;0;2;1;2;3;
3558;202200002377;809 746;A01;1;7;0;1;3;1;1;
3559;202200002378;809 744;A01;2;7;2;0;1;13;1;
3560;202200002379;809 745;A01;2;50;0;0;0;1;3;
3561;202200002381;809 743;A01;1;33;6;0;1;0;1;
3562;202200002382;809 741;A01;2;7;2;0;0;0;1;
3563;202200002383;809 739;A01;1;7;2;0;2;14;1;
3564;202200002384;809 737;B01;1;7;0;2;1;1;1;
3565;202200002384;809 740;A01;2;7;0;2;1;1;1;
3566;202200002385;809 736;B01;2;33;0;2;1;1;1;
3567;202200002385;809 738;A01;1;7;0;2;2;15;1;
3568;202200002386;809 733;A01;1;7;0;1;1;1;1;
3569;202200002387;809 734;A01;0;10;0;2;8;1;1;
3570;202200002387;809 735;B01;3;34;0;2;8;1;1;
3571;202200002388;809 730;A01;2;50;0;2;1;5;3;
3572;202200002388;809 732;B01;1;7;0;2;2;1;1;
3573;202200002389;809 729;A01;2;7;0;0;-1;23;1;
3574;202200002390;809 728;B01;2;43;0;2;7;1;1;
3575;202200002390;809 731;A01;2;7;0;2;8;13;1;
3576;202200002391;809 727;A01;2;50;0;0;1;1;3;
3577;202200002392;809 726;B01;0;34;1;2;8;15;1;
3578;202200002393;809 722;B01;2;7;0;2;1;2;1;
3579;202200002393;809 724;A01;2;7;0;2;5;2;1;
3580;202200002394;809 721;B01;1;50;0;2;1;2;3;
3581;202200002394;809 725;A01;1;7;0;2;6;2;1;
3582;202200002395;809 720;A01;1;7;0;2;3;19;1;
3583;202200002395;809 723;B01;2;33;0;2;1;1;1;
3584;202200002396;809 715;B01;0;50;0;2;6;19;3;
3585;202200002396;809 718;A01;0;7;0;1;1;1;1;
3586;202200002397;809 716;A01;2;33;0;2;1;15;1;
3587;202200002397;809 719;B01;2;34;0;0;0;0;1;
3588;202200002398;809 713;B01;1;7;0;2;2;2;1;
3589;202200002398;809 714;A01;1;43;0;2;4;1;1;
3590;202200002399;809 712;A01;2;7;0;2;3;16;1;
3591;202200002399;809 717;B01;1;15;0;2;3;1;1;
3592;202200002400;809 709;B01;1;7;0;2;1;1;1;
3593;202200002400;809 711;C01;1;33;0;2;5;1;1;
3594;202200002401;809 707;B01;3;7;0;2;2;1;1;
3595;202200002401;809 710;A01;3;7;0;2;1;5;1;
3596;202200002402;809 705;A01;1;33;3;0;8;1;1;
3597;202200002402;809 708;B01;2;7;0;0;3;1;1;
3598;202200002403;809 703;B01;2;33;0;2;1;2;1;
3599;202200002403;809 706;A01;1;7;0;2;3;10;1;
3600;202200002404;809 702;B01;2;7;1;2;0;9;1;
3601;202200002404;809 704;A01;1;31;0;2;3;13;6;
3602;202200002405;809 699;A01;1;7;2;0;2;1;1;
3603;202200002406;809 700;A01;1;14;0;2;3;13;1;
3604;202200002406;809 701;B01;1;33;0;2;1;1;1;
3605;202200002407;809 696;A01;1;7;6;0;6;1;1;
3606;202200002408;809 695;A01;2;7;0;2;8;17;1;
3607;202200002408;809 697;B01;0;1;0;0;0;0;5;
3608;202200002410;809 688;A01;1;33;0;2;1;1;1;
3609;202200002410;809 694;B01;1;7;0;0;3;15;1;
3610;202200002411;809 687;B01;1;7;0;2;4;1;2;
3611;202200002411;809 691;A01;1;7;0;2;1;2;1;
3612;202200002412;809 686;C01;2;7;0;2;4;2;1;
3613;202200002412;809 689;B01;2;7;2;2;4;2;1;
3614;202200002412;809 692;A01;2;14;0;2;1;2;1;
3615;202200002413;809 685;A01;1;7;8;0;1;13;1;
3616;202200002414;809 684;A01;2;7;13;0;3;1;1;
3617;202200002415;809 680;B01;2;33;0;2;8;15;1;
3618;202200002415;809 683;A01;1;7;0;2;1;1;1;
3619;202200002416;809 681;A01;2;7;0;1;1;16;1;
3620;202200002417;809 678;A01;1;7;0;2;8;11;1;
3621;202200002417;809 682;B01;1;33;0;2;7;1;1;
3622;202200002418;809 677;B01;1;7;0;2;3;1;1;
3623;202200002418;809 679;A01;2;7;0;2;3;13;1;
3624;202200002419;809 670;Z01;1;7;0;2;3;15;1;
3625;202200002419;809 676;A01;1;7;0;2;2;1;1;
3626;202200002420;809 671;A01;1;7;1;2;7;20;1;
3627;202200002420;809 675;B01;1;7;1;2;7;24;1;
3628;202200002421;809 672;A01;2;2;0;0;8;9;1;
3629;202200002421;809 674;Z01;1;10;0;0;0;0;0;
3630;202200002422;809 669;B01;1;2;0;2;1;1;1;
3631;202200002422;809 673;A01;2;7;0;2;2;15;1;
3632;202200002423;809 668;A01;2;32;0;0;7;1;1;
3633;202200002424;809 664;A01;1;33;0;2;2;1;1;
3634;202200002424;809 667;B01;2;10;0;2;1;1;1;
3635;202200002425;809 662;B01;2;7;0;2;2;1;1;
3636;202200002425;809 666;A01;1;7;0;2;2;15;1;
3637;202200002426;809 660;A01;2;33;13;0;7;14;1;
3638;202200002427;809 659;B01;1;13;0;2;6;1;1;
3639;202200002427;809 661;A01;1;7;0;2;2;14;1;
3640;202200002428;809 658;A01;3;7;0;1;1;0;1;
3641;202200002429;809 657;A01;2;7;0;1;1;2;1;
3642;202200002430;809 652;A01;1;7;0;1;1;16;1;
3643;202200002431;809 650;C01;1;7;0;0;4;2;1;
3644;202200002431;809 653;B01;1;7;0;2;4;2;1;
3645;202200002431;809 655;A01;1;7;0;2;1;2;1;
3646;202200002432;809 649;B01;0;40;0;2;2;2;3;
3647;202200002432;809 654;A01;0;7;0;4;8;2;1;
3648;202200002433;809 651;B01;2;2;0;2;6;16;1;
3649;202200002433;809 656;A01;2;7;0;2;1;1;1;
3650;202200002434;809 647;A01;3;2;0;0;0;1;1;
3651;202200002435;809 645;A01;1;7;0;2;3;1;1;
3652;202200002435;809 648;B01;2;7;0;2;3;1;1;
3653;202200002436;809 644;A01;2;7;0;1;7;1;1;
3654;202200002437;809 642;A01;1;31;0;0;0;0;1;
3655;202200002438;809 641;A01;2;7;10;0;1;1;1;
3656;202200002439;809 639;A01;1;7;0;9;2;9;1;
3657;202200002439;809 640;B01;0;1;0;2;1;25;5;
3658;202200002440;809 637;A01;1;7;13;0;1;5;1;
3659;202200002441;809 636;A01;2;7;0;2;3;2;3;
3660;202200002441;809 638;B01;2;7;0;2;2;1;1;
3661;202200002442;809 634;A01;1;7;0;2;1;13;1;
3662;202200002442;809 643;B01;2;7;3;2;3;1;1;
3663;202200002442;809 646;C01;2;7;0;2;1;1;1;
3664;202200002443;809 631;A01;2;7;0;9;2;20;1;
3665;202200002443;809 635;B01;2;1;0;2;1;1;5;
3666;202200002444;809 630;B01;1;7;0;2;1;1;1;
3667;202200002444;809 633;A01;2;7;0;2;1;5;1;
3668;202200002445;809 629;B01;3;3;0;2;1;19;1;
3669;202200002445;809 632;A01;3;7;0;2;3;26;2;
3670;202200002446;809 623;A01;1;7;0;2;3;1;1;
3671;202200002446;809 625;B01;2;7;0;2;3;1;1;
3672;202200002446;809 628;C01;1;33;0;2;4;1;1;
3673;202200002447;809 621;A01;1;7;0;2;1;1;1;
3674;202200002447;809 624;B01;2;2;0;2;1;1;1;
3675;202200002449;809 617;A01;1;7;0;1;2;1;1;
3676;202200002450;809 618;A01;3;7;0;2;2;1;1;
3677;202200002450;809 619;B01;3;7;0;2;3;1;1;
3678;202200002451;809 615;B01;3;7;0;2;1;5;1;
3679;202200002451;809 616;A01;3;7;0;2;1;1;1;
3680;202200002452;809 614;A01;1;7;8;0;1;14;1;
3681;202200002453;809 613;A01;1;33;0;0;8;16;1;
3682;202200002454;809 612;A01;2;7;3;0;1;1;1;
3683;202200002455;809 610;A01;1;7;17;0;2;2;1;
3684;202200002456;809 609;A01;2;7;6;0;1;1;1;
3685;202200002457;809 608;A01;1;7;0;2;1;18;1;
3686;202200002457;809 611;B01;1;7;0;2;2;1;1;
3687;202200002458;809 605;A01;1;7;0;0;3;15;1;
3688;202200002458;809 606;B01;2;1;0;2;1;0;5;
3689;202200002459;809 603;A01;1;2;0;2;1;1;1;
3690;202200002459;809 604;B01;2;80;0;2;7;19;3;
3691;202200002460;809 602;B01;0;2;0;2;8;1;1;
3692;202200002460;809 607;A01;0;7;0;2;3;1;1;
3693;202200002461;809 600;B01;1;7;0;0;4;2;1;
3694;202200002461;809 601;A01;1;33;0;2;1;2;1;
3695;202200002462;809 598;A01;1;7;0;2;3;0;1;
3696;202200002462;809 599;B01;2;7;0;2;3;0;1;
3697;202200002463;809 597;A01;1;7;13;0;0;0;1;
3698;202200002464;809 595;A01;2;7;2;0;1;1;1;
3699;202200002465;809 594;A01;3;32;0;2;1;1;1;
3700;202200002465;809 596;B01;3;7;0;2;2;1;1;
3701;202200002466;809 590;A01;1;1;0;2;1;2;5;
3702;202200002466;809 592;B01;1;7;0;2;4;2;1;
3703;202200002467;809 591;A01;1;2;0;2;1;5;1;
3704;202200002467;809 593;B01;2;10;0;2;1;1;1;
3705;202200002468;809 588;A01;1;7;2;0;1;1;1;
3706;202200002469;809 587;A01;1;7;0;2;6;1;1;
3707;202200002469;809 589;B01;3;1;0;2;7;19;5;
3708;202200002470;809 583;B01;1;50;0;0;0;0;3;
3709;202200002470;809 585;A01;1;37;0;0;0;0;0;1.0
3710;202200002471;809 582;C01;1;7;0;2;3;23;1;
3711;202200002471;809 584;B01;1;7;0;2;3;1;2;
3712;202200002471;809 586;A01;2;7;0;2;2;19;1;
3713;202200002472;809 580;A01;1;2;2;0;1;1;1;
3714;202200002473;809 581;A01;3;7;0;1;0;0;1;
3715;202200002474;809 577;Z01;2;10;0;2;7;14;0;
3716;202200002474;809 578;B01;2;7;3;2;8;1;1;
3717;202200002475;809 576;B01;1;10;0;2;3;1;1;
3718;202200002475;809 579;A01;3;3;0;2;1;19;1;
3719;202200002476;809 575;A01;1;10;0;1;0;2;1;
3720;202200002477;809 573;A01;1;33;0;0;4;23;0;
3721;202200002477;809 574;B01;1;7;0;2;1;26;1;
3722;202200002478;809 572;A01;1;33;0;0;3;1;1;
3723;202200002479;809 571;A01;1;33;0;6;1;1;1;
3724;202200002480;809 569;A01;1;7;4;0;3;0;1;
3725;202200002481;809 568;B01;1;1;0;2;0;15;5;
3726;202200002481;809 570;A01;1;7;0;2;0;15;1;
3727;202200002482;809 567;A01;2;10;13;0;3;13;1;
3728;202200002483;809 566;A01;1;37;0;1;0;16;1;1.0
3729;202200002484;809 564;B01;0;30;0;2;3;0;1;
3730;202200002484;809 565;A01;3;7;0;2;7;0;2;
3731;202200002485;809 563;A01;1;2;5;0;0;0;1;
3732;202200002486;809 560;A01;1;7;0;9;2;2;1;
3733;202200002486;809 562;B01;1;80;0;0;4;2;3;
3734;202200002487;809 559;A01;1;50;0;4;1;1;3;
3735;202200002487;809 561;B01;1;40;0;9;1;1;0;
3736;202200002488;809 557;B01;1;7;0;2;1;1;1;
3737;202200002488;809 558;A01;2;7;0;2;2;13;1;
3738;202200002489;809 556;A01;3;7;13;0;1;14;1;
3739;202200002490;809 554;A01;3;7;8;0;3;13;1;
3740;202200002491;809 553;A01;1;7;8;2;1;1;1;
3741;202200002491;809 555;B01;1;7;0;2;1;1;1;
3742;202200002492;809 550;A01;3;10;0;2;3;1;1;
3743;202200002492;809 552;B01;3;80;0;2;1;1;3;
3744;202200002493;809 551;A01;0;7;0;1;2;16;0;
3745;202200002495;809 547;A01;3;10;0;2;1;1;1;
3746;202200002495;809 548;B01;3;7;0;2;1;15;1;
3747;202200002496;809 545;A01;3;7;8;0;1;1;1;
3748;202200002497;809 544;A01;0;3;0;1;1;15;1;
3749;202200002498;809 543;A01;0;2;0;0;8;1;1;
3750;202200002499;809 541;B01;1;7;0;2;8;15;1;
3751;202200002499;809 542;A01;1;33;0;2;1;17;1;
3752;202200002500;809 539;A01;3;7;0;2;2;19;1;
3753;202200002500;809 540;B01;2;33;0;2;1;19;1;
3754;202200002501;809 537;B01;2;1;0;2;1;2;5;
3755;202200002501;809 538;A01;2;7;0;0;5;16;1;
3756;202200002502;809 533;B01;1;30;0;2;8;1;1;
3757;202200002502;809 535;A01;1;7;0;2;1;15;1;
3758;202200002503;809 531;B01;1;30;0;2;8;11;1;
3759;202200002503;809 532;A01;1;7;0;2;7;1;1;
3760;202200002504;809 534;B01;0;7;0;0;2;19;1;
3761;202200002504;809 536;A01;0;7;0;0;3;1;2;
3762;202200002505;809 530;A01;1;7;6;0;1;2;1;
3763;202200002506;809 528;B01;1;33;0;2;8;1;1;
3764;202200002506;809 529;A01;1;1;0;2;7;9;5;
3765;202200002507;809 526;A01;2;33;0;2;2;17;1;
3766;202200002507;809 527;B01;2;10;0;2;6;1;1;
3767;202200002508;809 524;B01;1;7;0;0;6;0;1;
3768;202200002508;809 525;A01;2;32;0;2;1;5;1;
3769;202200002509;809 522;A01;2;7;0;2;3;9;1;
3770;202200002509;809 523;B01;2;2;0;2;1;1;1;
3771;202200002510;809 520;A01;1;7;0;2;3;9;1;
3772;202200002510;809 521;B01;1;2;0;2;1;15;1;
3773;202200002511;809 518;A01;0;7;0;2;0;0;1;
3774;202200002511;809 519;B01;0;32;0;2;1;16;1;
3775;202200002513;809 514;B01;2;7;0;2;3;15;1;
3776;202200002513;809 515;A01;2;31;0;2;7;17;1;
3777;202200002514;809 512;B01;1;7;0;2;1;1;1;
3778;202200002514;809 513;A01;2;10;3;2;7;15;1;
3779;202200002515;809 510;B01;0;7;0;2;1;1;1;
3780;202200002515;809 511;A01;3;7;0;2;4;1;1;
3781;202200002516;809 506;D01;1;7;0;2;1;1;1;
3782;202200002516;809 507;C01;1;7;0;2;1;1;1;
3783;202200002516;809 508;B01;1;15;0;2;1;1;1;
3784;202200002516;809 509;A01;1;7;3;0;1;9;1;
3785;202200002517;809 504;A01;2;7;0;2;1;16;1;
3786;202200002517;809 505;B01;3;7;0;2;6;9;1;
3787;202200002518;809 503;A01;1;7;0;0;3;1;1;
3788;202200002519;809 501;A01;2;7;0;0;3;9;1;
3789;202200002519;809 502;B01;1;1;0;2;8;9;5;
3790;202200002520;809 499;B01;2;2;0;2;1;2;1;
3791;202200002520;809 500;A01;1;7;0;2;3;15;1;