;Num_Acc;id_vehicule;num_veh;senc;catv;obs;obsm;choc;manv;motor;occutc
3792;202200002521;809 497;B01;0;10;2;2;1;1;1;
3793;202200002521;809 498;A01;0;7;2;2;7;15;1;
3794;202200002522;809 493;A01;1;10;0;2;7;15;1;
3795;202200002522;809 494;Y01;0;1;0;2;1;26;5;
3796;202200002523;809 491;A01;1;99;0;2;8;9;1;
3797;202200002523;809 492;B01;1;7;0;2;2;1;1;
3798;202200002524;809 489;B01;3;7;0;2;8;1;1;
3799;202200002524;809 490;A01;3;15;0;2;2;12;1;
3800;202200002525;809 487;A01;1;33;0;2;1;17;1;
3801;202200002525;809 488;B01;1;7;0;2;6;15;2;
3802;202200002527;809 482;A01;1;7;1;0;2;1;1;
3803;202200002528;809 480;A01;2;2;0;2;1;1;1;
3804;202200002528;809 481;B01;2;7;0;2;4;1;1;
3805;202200002529;809 479;A01;1;7;0;0;2;26;2;
3806;202200002530;809 478;Z01;0;0;0;1;0;26;1;
3807;202200002533;809 474;A01;2;10;0;1;3;25;1;
3808;202200002534;809 473;A01;3;7;0;1;1;1;1;
3809;202200002535;809 472;A01;1;7;0;1;3;1;1;
3810;202200002536;809 471;A01;1;1;0;0;0;0;5;
3811;202200002537;809 470;A01;1;1;0;0;0;25;5;
3812;202200002538;809 468;A01;1;33;0;0;8;19;1;
3813;202200002538;809 469;B01;1;1;0;2;1;7;5;
3814;202200002539;809 466;A01;1;33;0;2;1;17;1;
3815;202200002539;809 467;B01;1;7;0;2;8;15;1;
3816;202200002540;809 465;A01;2;2;0;0;8;1;1;
3817;202200002541;809 464;A01;1;7;8;1;1;1;1;
3818;202200002542;809 462;B01;1;7;0;2;1;19;1;
3819;202200002542;809 463;A01;2;7;0;2;3;23;1;
3820;202200002543;809 461;A01;3;7;2;0;2;1;1;
3821;202200002544;809 459;B01;3;7;7;0;3;1;1;
3822;202200002544;809 460;A01;1;7;0;2;2;15;1;
3823;202200002545;809 458;A01;2;7;2;0;9;13;1;
3824;202200002546;809 457;A01;1;33;0;0;0;1;1;
3825;202200002547;809 456;A01;1;7;6;0;2;2;1;
3826;202200002548;809 454;A01;2;33;0;2;1;0;1;
3827;202200002548;809 455;B01;2;33;0;2;5;12;1;
3828;202200002550;809 452;A01;2;7;3;0;1;0;1;
3829;202200002551;809 450;B01;1;7;0;2;3;1;1;
3830;202200002551;809 451;A01;2;7;0;2;3;1;1;
3831;202200002552;809 448;A01;3;7;0;2;3;9;1;
3832;202200002552;809 449;B01;1;32;0;2;1;1;1;
3833;202200002553;809 446;B01;2;0;0;2;3;1;0;
3834;202200002553;809 447;A01;1;80;0;0;4;2;3;
3835;202200002554;809 445;A01;3;7;13;0;3;1;1;
3836;202200002555;809 444;A01;2;7;2;0;7;2;1;
3837;202200002556;809 443;A01;3;33;13;0;1;16;1;
3838;202200002557;809 442;A01;3;2;8;0;1;1;1;
3839;202200002558;809 440;A01;1;33;0;2;1;13;1;
3840;202200002558;809 441;B01;2;33;0;2;3;1;1;
3841;202200002560;809 437;A01;1;7;2;0;7;1;1;
3842;202200002561;809 435;B01;1;21;0;2;3;1;1;
3843;202200002561;809 436;A01;2;2;0;2;1;13;1;
3844;202200002562;809 433;A01;0;7;0;2;2;1;1;
3845;202200002562;809 434;B01;0;1;0;2;1;1;5;
3846;202200002563;809 432;A01;0;7;0;1;1;15;1;
3847;202200002564;809 431;A01;1;2;0;0;0;0;4;
3848;202200002565;809 430;A01;1;7;13;0;2;1;1;
3849;202200002566;809 429;A01;1;7;2;0;3;13;1;
3850;202200002567;809 428;A01;1;7;15;0;9;0;1;
3851;202200002568;809 427;A01;3;2;7;0;1;0;1;
3852;202200002569;809 426;A01;2;2;12;0;0;1;1;
3853;202200002571;809 424;A01;2;7;0;0;2;1;1;
3854;202200002572;809 423;A01;2;33;3;0;2;1;1;
3855;202200002573;809 421;B01;1;10;0;2;1;1;1;
3856;202200002573;809 422;A01;2;7;0;2;1;13;1;
3857;202200002574;809 420;A01;2;10;2;0;1;0;1;
3858;202200002575;809 418;A01;1;7;0;2;1;1;1;
3859;202200002575;809 419;B01;2;33;0;2;1;21;1;
3860;202200002576;809 416;B01;2;30;0;2;3;10;1;
3861;202200002576;809 417;A01;2;7;0;2;2;17;1;
3862;202200002577;809 415;A01;2;7;2;0;1;1;1;
3863;202200002578;809 413;A01;1;33;3;2;1;17;1;
3864;202200002578;809 414;B01;2;7;13;2;3;1;1;
3865;202200002579;809 411;B01;1;7;0;2;1;2;1;
3866;202200002579;809 412;A01;1;7;0;0;4;2;0;
3867;202200002581;809 409;A01;1;7;0;0;1;1;0;
3868;202200002582;809 407;A01;2;15;3;0;7;0;1;
3869;202200002582;809 408;B01;1;33;0;0;0;1;1;
3870;202200002583;809 405;A01;2;7;0;2;3;13;1;
3871;202200002583;809 406;B01;1;7;4;2;3;1;1;
3872;202200002584;809 403;A01;1;7;0;2;3;9;1;
3873;202200002584;809 404;B01;1;2;0;2;5;16;1;
3874;202200002585;809 399;B01;1;7;0;2;3;15;3;
3875;202200002585;809 400;A01;2;33;0;2;1;2;1;
3876;202200002586;809 398;A01;3;33;0;0;0;17;1;
3877;202200002587;809 397;A01;2;7;8;0;0;1;1;
3878;202200002588;809 395;A01;1;7;0;2;3;9;1;
3879;202200002588;809 396;B01;1;33;0;2;1;1;1;
3880;202200002589;809 392;A01;1;33;0;0;9;1;1;
3881;202200002591;809 389;A01;2;34;8;0;9;1;3;
3882;202200002592;809 386;A01;1;7;0;2;1;13;1;
3883;202200002592;809 387;B01;1;7;0;2;0;26;1;
3884;202200002592;809 388;C01;2;7;0;2;3;1;1;
3885;202200002593;809 384;B01;1;7;0;2;1;1;1;
3886;202200002593;809 385;A01;3;7;7;0;7;19;1;
3887;202200002594;809 382;B01;2;31;0;2;2;1;1;
3888;202200002594;809 383;A01;2;7;0;2;3;15;1;
3889;202200002595;809 380;B01;2;31;0;2;8;1;1;
3890;202200002595;809 381;A01;1;7;0;2;8;1;1;
3891;202200002596;809 378;B01;1;7;0;2;8;26;1;
3892;202200002596;809 379;A01;2;7;0;2;1;1;1;
3893;202200002597;809 377;A01;2;7;0;1;3;1;1;
3894;202200002598;809 376;A01;1;7;1;0;2;26;1;
3895;202200002599;809 375;A01;0;21;0;0;8;12;1;
3896;202200002601;809 372;A01;3;7;0;1;8;1;1;
3897;202200002602;809 369;A01;2;10;0;2;3;2;1;
3898;202200002602;809 370;B01;2;17;0;2;6;2;1;
3899;202200002603;809 367;A01;2;7;0;2;5;2;1;
3900;202200002603;809 368;Z01;2;0;0;0;0;0;0;
3901;202200002604;809 366;A01;2;7;13;2;1;0;1;
3902;202200002606;809 360;C01;1;10;0;2;1;2;1;
3903;202200002606;809 361;B01;1;7;0;2;4;2;1;
3904;202200002606;809 362;A01;1;7;0;2;4;2;1;
3905;202200002607;809 359;A01;2;7;3;0;1;0;1;
3906;202200002608;809 356;A01;1;33;0;2;1;2;1;
3907;202200002608;809 357;B01;1;7;0;2;4;1;1;
3908;202200002608;809 358;C01;1;7;0;2;4;1;3;
3909;202200002609;809 355;B01;1;1;0;2;1;16;5;
3910;202200002610;809 353;A01;2;50;0;2;7;21;3;
3911;202200002610;809 354;B01;1;1;0;9;1;1;5;
3912;202200002611;809 351;A01;2;31;0;2;1;11;1;
3913;202200002611;809 352;B01;1;7;0;2;1;1;1;
3914;202200002612;809 350;A01;0;30;0;0;0;16;1;
3915;202200002613;809 347;C01;2;7;0;2;6;0;1;
3916;202200002613;809 348;A01;1;7;0;2;0;0;0;
3917;202200002613;809 349;B01;1;7;0;2;2;26;1;
3918;202200002614;809 343;A01;1;7;0;2;1;2;1;
3919;202200002614;809 344;B01;1;7;0;2;1;2;1;
3920;202200002614;809 345;C01;1;7;0;2;4;2;1;
3921;202200002614;809 346;D01;1;7;0;2;4;2;1;
3922;202200002615;809 341;B01;2;7;0;2;4;23;1;
3923;202200002615;809 342;A01;2;7;0;2;1;2;1;
3924;202200002616;809 339;B01;1;7;0;2;3;1;1;
3925;202200002616;809 340;A01;1;7;0;2;3;5;1;
3926;202200002617;809 338;A01;1;7;0;1;2;1;1;
3927;202200002618;809 337;A01;2;33;4;0;1;17;1;
3928;202200002619;809 334;C01;2;10;0;2;1;1;1;
3929;202200002619;809 335;B01;2;7;0;2;4;1;1;
3930;202200002619;809 336;A01;2;7;0;2;6;16;1;
3931;202200002620;809 333;A01;1;33;0;0;7;9;1;
3932;202200002622;809 330;A01;3;32;15;0;3;0;1;
3933;202200002624;809 325;A01;0;7;0;1;1;1;1;
3934;202200002625;809 323;A01;3;7;0;2;1;2;1;
3935;202200002625;809 324;B01;3;7;0;2;4;2;1;
3936;202200002626;809 320;A01;1;7;0;2;1;1;1;
3937;202200002626;809 321;B01;1;7;0;2;4;1;1;
3938;202200002626;809 322;C01;1;7;0;2;4;1;1;
3939;202200002627;809 319;A01;1;50;0;0;0;1;3;
3940;202200002628;809 317;A01;0;7;0;2;1;15;1;
3941;202200002628;809 318;B01;0;1;0;2;1;0;5;
3942;202200002630;809 314;B01;1;7;0;2;3;1;1;
3943;202200002630;809 315;A01;1;50;0;2;7;1;3;
3944;202200002631;809 312;A01;3;33;0;2;1;13;1;
3945;202200002631;809 313;B01;2;7;0;2;2;15;1;
3946;202200002632;809 310;A01;1;10;0;2;2;1;1;
3947;202200002632;809 311;B01;1;2;0;2;4;1;1;
3948;202200002633;809 309;A01;1;7;0;1;1;9;1;
3949;202200002634;809 307;Z01;2;7;0;2;1;2;1;
3950;202200002634;809 308;B01;2;7;0;2;4;2;1;
3951;202200002635;809 304;A01;1;7;0;2;1;16;1;
3952;202200002635;809 305;B01;2;7;0;2;8;23;1;
3953;202200002635;809 306;C01;2;7;0;2;8;23;1;
3954;202200002637;809 300;A01;3;2;0;2;1;17;1;
3955;202200002637;809 301;B01;3;7;0;2;3;1;1;
3956;202200002638;809 298;B01;1;1;0;2;3;9;5;
3957;202200002638;809 299;A01;1;7;0;2;2;9;1;
3958;202200002639;809 297;A01;1;7;0;1;7;26;0;
3959;202200002640;809 296;A01;1;7;0;1;1;1;1;
3960;202200002641;809 293;C01;3;10;0;0;1;0;0;
3961;202200002641;809 294;B01;1;10;0;0;6;2;0;
3962;202200002641;809 295;A01;3;10;0;2;4;23;0;
3963;202200002643;809 289;A01;3;7;0;2;6;15;1;
3964;202200002643;809 290;B01;3;33;0;2;6;1;1;
3965;202200002644;809 288;A01;1;37;0;1;1;1;1;1.0
3966;202200002645;809 286;B01;1;1;0;2;7;1;5;
3967;202200002645;809 287;A01;1;7;0;2;3;9;1;
3968;202200002646;809 284;A01;1;33;0;2;7;1;1;
3969;202200002646;809 285;B01;1;7;0;2;6;1;1;
3970;202200002648;809 280;C01;1;10;0;2;4;1;1;
3971;202200002648;809 281;B01;1;7;0;2;4;1;1;
3972;202200002648;809 282;A01;1;7;0;2;1;1;1;
3973;202200002650;809 276;B01;3;50;0;2;8;7;3;
3974;202200002650;809 277;A01;3;37;0;2;5;17;1;1.0
3975;202200002651;809 274;A01;0;30;0;2;0;2;1;
3976;202200002651;809 275;B01;0;7;0;2;8;15;1;
3977;202200002652;809 272;B01;2;7;0;2;4;26;1;
3978;202200002652;809 273;A01;2;7;0;2;1;26;1;
3979;202200002653;809 271;A01;1;2;0;1;1;26;1;
3980;202200002654;809 269;A01;2;7;0;2;1;2;2;
3981;202200002654;809 270;B01;3;50;0;2;0;19;3;
3982;202200002655;809 267;A01;1;10;0;2;3;9;1;
3983;202200002655;809 268;B01;1;2;0;2;1;1;1;
3984;202200002656;809 265;B01;2;7;0;2;4;23;1;
3985;202200002656;809 266;A01;2;1;0;2;1;1;5;
3986;202200002658;809 261;A01;2;7;0;2;1;1;1;
3987;202200002658;809 262;B01;2;7;0;2;4;23;1;
3988;202200002659;809 258;A01;3;7;0;1;2;1;1;
3989;202200002660;809 257;A01;0;33;0;0;8;1;1;
3990;202200002662;809 254;A01;2;7;0;2;1;2;1;
3991;202200002662;809 255;B01;2;7;0;2;4;1;1;
3992;202200002663;809 252;B01;3;1;0;2;5;16;5;
3993;202200002663;809 253;A01;1;2;0;2;1;1;1;
3994;202200002665;809 249;A01;1;7;0;1;1;1;1;
3995;202200002666;809 247;B01;2;7;0;2;3;15;1;
3996;202200002666;809 248;A01;2;30;0;2;2;17;1;
3997;202200002668;809 243;A01;2;10;0;4;8;19;1;
3998;202200002668;809 244;B01;-1;39;0;2;1;0;0;
3999;202200002669;809 242;A01;0;7;0;1;3;2;1;
4000;202200002670;809 240;A01;3;7;0;2;0;0;1;
4001;202200002670;809 241;B01;3;33;0;2;5;3;0;
4002;202200002671;809 239;A01;0;30;0;0;6;14;1;
4003;202200002672;809 237;A01;0;7;0;2;5;1;1;
4004;202200002672;809 238;B01;1;7;0;2;2;9;1;
4005;202200002673;809 236;A01;3;30;0;0;8;0;1;
4006;202200002674;809 235;A01;2;7;4;0;2;14;1;
4007;202200002675;809 232;A01;2;33;0;2;1;2;1;
4008;202200002675;809 233;B01;2;7;0;2;4;2;1;
4009;202200002675;809 234;C01;2;7;0;2;4;2;1;
4010;202200002676;809 230;A01;2;10;0;2;8;13;1;
4011;202200002676;809 231;B01;1;7;0;2;8;1;1;
4012;202200002677;809 229;A01;2;7;1;0;2;1;1;
4013;202200002678;809 227;B01;3;1;0;2;1;15;5;
4014;202200002678;809 228;A01;3;30;0;2;1;1;3;
4015;202200002679;809 226;A01;1;7;0;1;1;15;1;
4016;202200002680;809 224;A01;0;7;8;2;1;26;1;
4017;202200002680;809 225;B01;0;32;0;2;1;1;1;
4018;202200002681;809 222;A01;2;32;0;2;3;1;1;
4019;202200002681;809 223;B01;1;7;0;2;3;15;1;
4020;202200002682;809 221;Z01;1;3;0;1;1;1;0;
4021;202200002683;809 220;A01;0;7;0;1;1;9;0;
4022;202200002684;809 218;A01;2;7;0;2;2;1;1;
4023;202200002684;809 219;B01;1;1;0;2;0;0;5;
4024;202200002685;809 214;D01;1;7;0;2;2;0;1;
4025;202200002685;809 215;C01;1;7;0;2;4;0;1;
4026;202200002685;809 216;B01;1;7;0;2;4;2;2;
4027;202200002685;809 217;A01;1;7;0;2;3;11;1;
4028;202200002686;809 212;C01;2;7;0;2;1;21;1;
4029;202200002686;809 213;A01;2;7;1;0;1;13;1;
4030;202200002687;809 210;A01;3;7;0;2;3;19;1;
4031;202200002687;809 211;B01;3;33;0;2;1;1;0;
4032;202200002688;809 208;Z01;1;7;0;2;2;12;0;
4033;202200002688;809 209;A01;1;33;0;2;3;3;1;
4034;202200002689;809 206;A01;2;30;0;2;8;17;3;
4035;202200002689;809 207;B01;2;7;0;2;2;1;1;
4036;202200002690;809 204;B01;3;7;0;2;6;11;1;
4037;202200002690;809 205;A01;3;31;0;2;1;3;1;
4038;202200002691;809 202;A01;1;30;0;2;2;17;1;
4039;202200002691;809 203;B01;1;7;0;2;3;10;1;
4040;202200002692;809 200;B01;2;7;0;2;4;2;1;
4041;202200002692;809 201;A01;2;7;0;2;1;2;1;
4042;202200002693;809 199;A01;1;30;6;1;1;13;3;
4043;202200002694;809 197;B01;1;50;0;2;1;1;3;
4044;202200002694;809 198;A01;1;7;0;2;2;16;2;
4045;202200002695;809 196;Z01;1;7;0;1;4;4;1;
4046;202200002696;809 195;A01;2;80;0;1;2;1;3;
4047;202200002697;809 193;B01;3;33;0;2;3;1;1;
4048;202200002697;809 194;A01;1;7;0;2;2;1;1;
4049;202200002698;809 192;A01;1;1;0;0;0;13;5;
4050;202200002699;809 190;A01;2;7;0;2;1;1;1;
4051;202200002699;809 191;B01;1;7;0;2;8;1;1;
4052;202200002700;809 189;A01;2;1;0;1;1;1;5;
4053;202200002701;809 188;A01;2;1;0;1;1;5;5;
4054;202200002702;809 187;A01;1;7;0;1;1;16;1;
4055;202200002703;809 185;A01;1;7;0;2;1;1;2;
4056;202200002703;809 186;B01;3;1;0;2;8;19;5;
4057;202200002704;809 184;A01;3;7;0;1;2;9;1;
4058;202200002705;809 182;A01;1;10;0;2;0;0;1;
4059;202200002705;809 183;B01;1;30;0;2;0;0;1;
4060;202200002706;809 181;A01;0;32;0;1;1;1;1;
4061;202200002707;809 180;A01;1;50;0;0;0;1;3;
4062;202200002708;809 179;A01;0;7;8;0;1;1;1;
4063;202200002709;809 177;B01;2;7;0;2;1;1;1;
4064;202200002709;809 178;A01;1;7;0;2;3;1;1;
4065;202200002710;809 176;A01;2;7;0;1;1;1;0;
4066;202200002711;809 174;B01;1;50;0;2;1;1;3;
4067;202200002711;809 175;A01;1;7;0;2;7;16;1;
4068;202200002712;809 172;A01;2;7;0;2;4;10;2;
4069;202200002712;809 173;B01;2;34;0;2;1;1;1;
4070;202200002713;809 169;A01;1;34;0;2;1;13;1;
4071;202200002713;809 170;B01;2;34;0;2;1;1;1;
4072;202200002713;809 171;C01;2;7;0;2;6;1;1;
4073;202200002714;809 167;B01;1;43;0;2;2;1;1;
4074;202200002714;809 168;A01;1;32;0;2;8;13;1;
4075;202200002715;809 166;A01;1;7;9;0;1;5;1;
4076;202200002716;809 163;A01;1;33;3;0;1;1;1;
4077;202200002717;809 162;C01;1;7;0;2;6;1;1;
4078;202200002717;809 164;B01;1;7;0;2;1;1;1;
4079;202200002717;809 165;A01;2;7;0;2;7;1;1;
4080;202200002718;809 161;A01;1;7;4;0;9;1;1;
4081;202200002719;809 159;A01;1;7;2;0;1;1;1;
4082;202200002720;809 160;A01;1;10;0;0;7;1;1;
4083;202200002721;809 157;B01;2;7;0;2;8;1;1;
4084;202200002721;809 158;A01;1;1;0;2;3;13;5;
4085;202200002722;809 153;A01;1;7;0;2;1;1;1;
4086;202200002722;809 155;B01;1;7;0;2;6;2;1;
4087;202200002722;809 156;C01;1;7;0;0;4;1;1;
4088;202200002723;809 154;A01;2;7;13;0;1;1;1;
4089;202200002724;809 150;B01;2;15;0;0;6;1;1;
4090;202200002724;809 152;A01;2;7;0;2;2;14;1;
4091;202200002725;809 149;A01;1;10;0;2;2;13;1;
4092;202200002725;809 151;B01;2;7;0;2;2;21;1;
4093;202200002726;809 147;B01;3;7;0;2;1;1;1;
4094;202200002726;809 148;A01;3;33;0;2;1;13;1;
4095;202200002727;809 145;A01;2;31;16;0;2;1;1;
4096;202200002728;809 144;A01;1;7;0;0;7;15;2;
4097;202200002728;809 146;B01;2;1;0;2;1;1;5;
4098;202200002732;809 140;B01;2;7;0;1;2;1;1;
4099;202200002733;809 137;A01;2;1;0;2;4;19;5;
4100;202200002733;809 138;B01;2;10;0;9;2;1;1;
4101;202200002734;809 135;A01;1;7;0;1;7;1;1;
4102;202200002735;809 136;A01;1;7;0;2;3;15;1;
4103;202200002735;809 139;B01;1;2;0;2;3;1;1;
4104;202200002737;809 133;A01;1;7;0;1;1;1;1;
4105;202200002738;809 131;B01;2;13;0;2;1;1;0;
4106;202200002738;809 132;A01;1;7;16;2;2;6;1;
4107;202200002739;809 130;A01;2;7;1;2;1;2;1;
4108;202200002740;809 128;A01;1;7;0;0;4;1;1;
4109;202200002740;809 129;B01;1;33;1;0;1;1;1;
4110;202200002741;809 126;B01;1;7;0;2;4;1;1;
4111;202200002741;809 127;A01;1;7;0;2;1;1;1;
4112;202200002742;809 125;A01;3;7;8;0;2;1;1;
4113;202200002743;809 123;B01;2;7;0;0;8;15;0;
4114;202200002743;809 124;A01;2;7;0;2;2;17;1;
4115;202200002744;809 121;B01;0;1;0;2;7;0;5;
4116;202200002744;809 122;A01;2;2;0;9;1;0;1;
4117;202200002746;809 119;A01;3;7;2;0;2;1;1;
4118;202200002748;809 115;A01;1;7;0;2;1;5;1;
4119;202200002748;809 116;B01;2;7;0;2;8;1;1;
4120;202200002748;809 117;C01;2;7;0;2;1;1;1;
4121;202200002749;809 113;A01;1;7;0;2;3;15;1;
4122;202200002749;809 114;B01;3;34;0;2;6;1;1;
4123;202200002750;809 111;B01;1;31;0;2;8;2;1;
4124;202200002750;809 112;A01;1;10;0;2;7;16;1;
4125;202200002751;809 109;A01;0;7;0;2;3;1;1;
4126;202200002751;809 110;B01;3;1;0;2;8;19;5;
4127;202200002752;809 108;A01;1;7;1;0;7;1;1;
4128;202200002753;809 107;A01;1;7;0;0;0;0;1;
4129;202200002754;809 106;A01;2;33;1;0;1;1;1;
4130;202200002755;809 105;A01;1;2;0;0;7;13;1;
4131;202200002756;809 103;B01;1;7;0;2;8;1;1;
4132;202200002756;809 104;A01;1;7;0;2;7;17;1;
4133;202200002757;809 101;A01;1;7;0;2;2;1;2;
4134;202200002757;809 102;B01;2;31;0;2;1;13;1;
4135;202200002758;809 100;A01;2;10;2;0;3;1;1;
4136;202200002759;809 098;B01;1;33;0;2;7;1;1;
4137;202200002759;809 099;A01;1;7;0;2;3;10;1;
4138;202200002760;809 096;A01;0;31;0;2;1;1;1;
4139;202200002760;809 097;B01;3;7;0;2;2;1;1;
4140;202200002761;809 094;A01;2;2;0;2;1;15;1;
4141;202200002761;809 095;B01;1;10;0;2;2;1;1;
4142;202200002762;809 092;B01;0;1;0;2;3;15;5;
4143;202200002762;809 093;A01;0;7;0;9;2;1;1;
4144;202200002764;809 088;A01;3;21;0;2;2;19;1;
4145;202200002764;809 089;B01;2;2;0;2;3;21;1;
4146;202200002765;809 087;A01;2;10;0;1;2;16;1;
4147;202200002766;809 085;A01;0;7;0;2;4;2;0;
4148;202200002766;809 086;B01;0;7;0;2;1;2;1;
4149;202200002767;809 084;A01;1;7;0;1;2;2;1;
4150;202200002768;809 082;B01;2;10;0;2;1;26;1;
4151;202200002768;809 083;A01;1;7;0;2;1;1;1;
4152;202200002770;809 078;A01;0;7;0;1;1;1;1;
4153;202200002771;809 077;A01;0;36;8;0;1;0;1;
4154;202200002772;809 075;B01;0;1;0;2;1;5;5;
4155;202200002772;809 076;A01;0;7;0;9;3;15;1;
4156;202200002773;809 073;A01;1;10;0;2;6;23;1;
4157;202200002773;809 074;B01;1;31;0;2;1;2;1;
4158;202200002775;809 068;A01;2;33;0;0;9;2;1;
4159;202200002776;809 065;A01;2;7;0;2;6;1;1;
4160;202200002776;809 066;B01;2;7;0;2;4;0;1;
4161;202200002776;809 067;C01;2;7;4;2;1;2;1;
4162;202200002777;809 064;A01;2;7;0;9;1;12;1;
4163;202200002778;809 062;A01;1;7;0;2;2;14;1;
4164;202200002778;809 063;B01;1;7;0;2;6;1;3;
4165;202200002779;809 058;D01;2;7;0;2;1;2;1;
4166;202200002779;809 059;C01;2;7;0;2;4;2;2;
4167;202200002779;809 060;B01;2;7;0;2;4;2;1;
4168;202200002779;809 061;A01;2;7;0;2;1;2;1;
4169;202200002781;809 052;B01;2;10;0;2;5;1;1;
4170;202200002781;809 053;A01;2;33;0;9;3;3;1;
4171;202200002782;809 049;A01;2;43;0;2;1;3;1;
4172;202200002782;809 050;B01;2;33;0;2;4;3;1;
4173;202200002782;809 051;C01;2;7;0;2;5;1;1;
4174;202200002783;809 045;D01;2;7;0;2;6;1;0;
4175;202200002783;809 046;C01;2;7;0;2;2;1;1;
4176;202200002783;809 047;B01;2;7;0;2;3;1;1;
4177;202200002783;809 048;A01;2;14;0;2;1;1;1;
4178;202200002784;809 042;C01;1;7;0;2;1;0;1;
4179;202200002784;809 043;A01;1;7;0;2;0;0;1;
4180;202200002784;809 044;B01;1;7;0;2;1;0;1;
4181;202200002785;809 040;A01;2;33;0;2;2;3;1;
4182;202200002785;809 041;B01;2;7;0;2;6;12;1;
4183;202200002786;809 036;A01;1;7;0;2;1;1;1;
4184;202200002786;809 037;B01;1;7;0;2;4;2;1;
4185;202200002786;809 038;C01;1;7;0;2;4;2;1;
4186;202200002786;809 039;D01;1;7;0;2;4;2;1;
4187;202200002787;809 034;A01;1;7;4;2;8;11;1;
4188;202200002787;809 035;B01;1;15;0;2;2;1;1;
4189;202200002789;809 030;B01;1;33;0;2;3;3;0;
4190;202200002789;809 031;A01;1;7;0;2;7;12;1;
4191;202200002790;809 025;A01;2;14;0;2;8;1;1;
4192;202200002790;809 026;B01;2;7;0;2;6;11;1;
4193;202200002790;809 027;C01;2;7;0;2;7;1;1;
4194;202200002790;809 028;D01;2;10;0;2;1;1;1;
4195;202200002790;809 029;E01;2;7;0;2;1;1;1;
4196;202200002791;809 023;B01;2;31;0;2;1;3;1;
4197;202200002791;809 024;A01;2;7;0;2;4;11;1;
4198;202200002792;809 021;A01;1;7;0;2;1;2;1;
4199;202200002792;809 022;B01;1;7;0;2;4;2;1;
4200;202200002794;809 014;A01;0;7;0;2;8;15;1;
4201;202200002794;809 015;Z01;0;7;0;2;0;15;1;
4202;202200002795;809 013;A01;0;7;0;1;8;1;1;
4203;202200002796;809 012;A01;2;7;0;1;3;1;1;
4204;202200002799;809 001;B01;1;7;0;1;1;1;1;
4205;202200002801;808 997;B01;2;30;0;2;3;1;1;
4206;202200002801;808 998;A01;2;10;0;2;1;15;1;
4207;202200002802;808 996;A01;1;7;0;0;0;1;1;
4208;202200002803;808 995;B01;1;7;0;1;5;20;1;
4209;202200002804;808 993;A01;1;2;0;2;1;1;1;
4210;202200002804;808 994;B01;1;7;0;2;4;1;1;
4211;202200002805;808 992;A01;1;10;0;1;6;4;0;
4212;202200002806;808 991;A01;1;33;12;0;1;1;1;
4213;202200002807;808 988;C01;1;7;0;2;3;1;1;
4214;202200002807;808 989;B01;2;33;0;2;1;1;1;
4215;202200002807;808 990;A01;1;10;0;2;5;15;1;
4216;202200002808;808 987;A01;2;7;0;1;2;1;1;
4217;202200002809;808 985;A01;1;7;0;2;1;13;1;
4218;202200002809;808 986;B01;2;10;0;2;1;1;1;
4219;202200002810;808 983;B01;1;7;0;2;1;1;1;
4220;202200002810;808 984;A01;1;7;0;2;9;1;1;
4221;202200002812;808 979;A01;1;7;0;1;3;1;1;
4222;202200002813;808 978;A01;1;33;0;9;8;15;1;
4223;202200002814;808 976;A01;2;1;0;2;1;25;5;
4224;202200002814;808 977;B01;2;7;0;2;2;26;1;
4225;202200002815;808 974;B01;2;7;0;2;3;9;1;
4226;202200002815;808 975;A01;2;33;0;2;1;17;1;
4227;202200002816;808 972;B01;2;7;0;2;1;1;1;
4228;202200002816;808 973;A01;1;7;0;2;1;13;1;
4229;202200002817;808 970;A01;1;99;0;2;1;19;6;
4230;202200002817;808 971;B01;2;1;0;2;1;1;5;
4231;202200002818;808 968;A01;0;33;0;2;1;7;1;
4232;202200002818;808 969;B01;0;7;0;2;3;1;1;
4233;202200002819;808 966;A01;0;7;0;1;2;16;1;
4234;202200002820;808 960;A01;3;7;6;2;1;17;1;
4235;202200002820;808 961;B01;2;7;0;2;1;15;1;
4236;202200002821;808 958;B01;2;80;0;2;1;7;3;
4237;202200002821;808 959;A01;2;10;0;2;6;20;1;
4238;202200002822;808 956;Z01;1;7;0;2;2;1;1;
4239;202200002822;808 957;A01;1;30;0;2;8;1;1;
4240;202200002823;808 953;A01;2;7;3;0;3;12;1;
4241;202200002824;808 951;B01;0;32;0;2;7;1;1;
4242;202200002824;808 952;A01;0;7;0;2;8;9;1;
4243;202200002825;808 950;A01;0;7;12;2;2;9;1;
4244;202200002826;808 948;A01;3;7;0;2;1;2;0;
4245;202200002826;808 949;B01;3;7;0;2;4;2;1;
4246;202200002827;808 946;A01;2;7;0;2;3;1;1;
4247;202200002827;808 947;B01;1;30;0;2;1;1;3;
4248;202200002828;808 944;B01;1;7;0;2;1;2;1;
4249;202200002828;808 945;A01;1;2;0;2;4;18;1;
4250;202200002829;808 942;B01;2;33;0;2;3;1;1;
4251;202200002829;808 943;A01;1;7;0;2;1;15;1;
4252;202200002831;808 938;B01;2;33;0;2;1;1;1;
4253;202200002831;808 939;A01;1;7;0;2;2;15;1;
4254;202200002832;808 936;A01;1;7;0;2;3;15;1;
4255;202200002832;808 937;B01;2;32;0;2;1;1;1;
4256;202200002834;808 933;A01;3;2;0;0;0;1;1;
4257;202200002835;808 931;B01;1;7;0;2;4;2;1;
4258;202200002835;808 932;A01;1;33;0;2;1;2;1;
4259;202200002838;808 926;B01;3;7;0;0;0;0;1;
4260;202200002838;808 927;A01;3;33;0;0;6;9;1;
4261;202200002839;808 924;Z01;1;14;0;2;7;17;0;
4262;202200002839;808 925;A01;3;80;0;2;8;26;3;