;Num_Acc;id_vehicule;num_veh;senc;catv;obs;obsm;choc;manv;motor;occutc
4263;202200002840;808 922;B01;3;7;0;2;1;1;1;
4264;202200002840;808 923;A01;3;7;0;2;1;13;1;
4265;202200002842;808 919;A01;1;7;0;2;1;2;1;
4266;202200002842;808 920;B01;1;7;0;2;4;1;1;
4267;202200002843;808 918;A01;2;7;0;1;3;26;1;
4268;202200002844;808 917;A01;1;7;0;1;7;1;1;
4269;202200002845;808 915;A01;1;30;0;2;1;0;1;
4270;202200002845;808 916;B01;1;7;0;2;2;15;1;
4271;202200002846;808 913;A01;3;1;0;2;1;2;5;
4272;202200002846;808 914;B01;3;1;0;2;4;2;5;
4273;202200002847;808 911;A01;1;7;0;2;1;1;1;
4274;202200002847;808 912;B01;2;1;0;2;8;1;5;
4275;202200002848;808 909;B01;3;1;0;2;1;1;5;
4276;202200002848;808 910;A01;3;7;0;2;6;20;1;
4277;202200002850;808 906;A01;2;32;13;0;1;1;1;
4278;202200002851;808 904;A01;2;1;0;4;7;1;5;
4279;202200002851;808 905;B01;1;40;0;2;1;1;3;
4280;202200002853;808 902;A01;1;32;0;1;1;7;1;
4281;202200002854;808 895;D01;1;7;0;2;4;21;1;
4282;202200002854;808 896;A01;1;7;0;2;1;2;1;
4283;202200002854;808 897;B01;1;7;0;2;1;2;1;
4284;202200002854;808 898;C01;1;10;0;2;1;2;1;
4285;202200002855;808 893;B01;3;7;0;2;5;1;1;
4286;202200002855;808 894;A01;3;32;0;2;1;1;1;
4287;202200002856;808 890;A01;0;7;0;2;2;15;1;
4288;202200002856;808 891;B01;0;7;0;2;2;9;1;
4289;202200002856;808 892;C01;3;7;0;2;7;1;1;
4290;202200002857;808 888;B01;0;33;0;2;4;16;1;
4291;202200002857;808 889;A01;0;7;0;2;3;15;2;
4292;202200002858;808 886;B01;2;7;0;2;1;1;1;
4293;202200002858;808 887;A01;1;10;0;5;0;0;1;
4294;202200002859;808 885;A01;0;7;0;1;1;17;1;
4295;202200002860;808 883;B01;2;32;0;2;8;3;1;
4296;202200002860;808 884;A01;2;10;0;2;2;12;1;
4297;202200002861;808 880;C01;1;7;0;2;8;1;1;
4298;202200002861;808 881;B01;1;7;0;2;7;1;1;
4299;202200002861;808 882;A01;2;33;0;2;6;3;1;
4300;202200002862;808 878;B01;2;7;0;2;1;15;2;
4301;202200002862;808 879;A01;1;32;0;2;3;7;1;
4302;202200002863;808 877;A01;2;31;0;1;2;1;1;
4303;202200002864;808 875;A01;2;33;0;2;8;3;1;
4304;202200002864;808 876;B01;2;10;0;2;8;11;1;
4305;202200002865;808 874;A01;1;10;0;1;2;15;1;
4306;202200002866;808 872;B01;1;33;0;2;7;17;1;
4307;202200002866;808 873;A01;1;7;0;2;8;10;1;
4308;202200002867;808 870;B01;1;7;0;2;3;22;2;
4309;202200002867;808 871;A01;1;80;0;2;5;1;3;
4310;202200002868;808 868;B01;3;7;0;2;2;16;1;
4311;202200002868;808 869;A01;3;33;0;2;8;18;1;
4312;202200002869;808 867;A01;3;10;0;1;4;4;1;
4313;202200002870;808 866;A01;1;7;0;1;2;1;1;
4314;202200002871;808 864;B01;2;7;0;2;5;15;2;
4315;202200002871;808 865;A01;2;30;0;2;1;1;3;
4316;202200002872;808 862;A01;1;7;0;2;3;15;1;
4317;202200002872;808 863;B01;1;33;0;2;7;17;1;
4318;202200002873;808 860;A01;2;7;0;2;2;15;2;
4319;202200002873;808 861;B01;2;34;0;2;8;1;1;
4320;202200002874;808 858;B01;2;1;0;2;3;1;5;
4321;202200002874;808 859;A01;2;7;0;2;5;16;1;
4322;202200002875;808 857;A01;1;50;1;0;0;14;3;
4323;202200002876;808 855;B01;2;32;0;2;7;17;1;
4324;202200002876;808 856;A01;2;7;0;2;3;15;1;
4325;202200002878;808 852;A01;3;43;0;2;1;1;1;
4326;202200002878;808 853;B01;3;7;0;2;3;16;1;
4327;202200002879;808 850;Z01;1;1;0;2;8;15;5;
4328;202200002879;808 851;A01;1;1;0;2;1;17;5;
4329;202200002880;808 848;A01;2;7;0;2;5;19;1;
4330;202200002880;808 849;B01;2;1;0;2;1;1;5;
4331;202200002881;808 846;A01;2;3;0;2;8;1;3;
4332;202200002881;808 847;B01;1;34;0;2;1;1;1;
4333;202200002882;808 845;A01;0;10;0;1;0;26;3;
4334;202200002883;808 843;B01;0;50;0;2;0;0;3;
4335;202200002883;808 844;A01;0;7;0;2;1;0;1;
4336;202200002884;808 841;B01;1;32;0;2;4;0;1;
4337;202200002884;808 842;A01;1;43;0;2;0;0;1;
4338;202200002885;808 839;A01;3;17;0;2;4;15;1;
4339;202200002885;808 840;B01;3;31;0;2;8;18;1;
4340;202200002886;808 838;A01;2;7;0;1;2;0;1;
4341;202200002889;808 833;A01;1;7;0;1;1;1;1;
4342;202200002891;808 830;A01;3;1;0;0;0;0;5;
4343;202200002892;808 828;Y01;3;1;0;2;8;1;5;
4344;202200002892;808 829;A01;3;7;0;2;5;16;1;
4345;202200002893;808 826;A01;1;7;0;2;3;1;1;
4346;202200002893;808 827;B01;1;50;0;2;1;1;3;
4347;202200002895;808 823;A01;2;31;0;1;2;1;1;
4348;202200002896;808 822;A01;1;50;0;0;0;1;3;
4349;202200002897;808 820;B01;2;7;0;2;1;1;1;
4350;202200002897;808 821;A01;1;7;0;2;1;14;2;
4351;202200002898;808 818;B01;1;10;0;2;4;15;0;
4352;202200002898;808 819;A01;1;33;0;2;1;17;0;
4353;202200002899;808 817;A01;1;50;14;0;1;1;3;
4354;202200002900;808 815;B01;2;33;0;2;1;1;1;
4355;202200002900;808 816;A01;1;7;0;2;2;15;1;
4356;202200002901;808 813;A01;2;7;0;2;1;2;1;
4357;202200002901;808 814;B01;2;31;0;2;4;23;1;
4358;202200002902;808 811;B01;1;15;0;2;4;23;1;
4359;202200002902;808 812;A01;1;30;1;0;1;14;1;
4360;202200002903;808 809;Y01;3;1;0;2;3;19;5;
4361;202200002903;808 810;A01;3;10;0;2;2;16;1;
4362;202200002904;808 808;A01;2;7;0;1;2;1;1;
4363;202200002905;808 805;C01;1;7;0;2;4;1;1;
4364;202200002905;808 806;B01;1;7;0;2;4;2;2;
4365;202200002905;808 807;A01;1;7;0;2;1;2;1;
4366;202200002906;808 804;A01;1;32;9;0;1;1;1;
4367;202200002907;808 803;A01;0;2;13;9;1;14;1;
4368;202200002908;808 801;A01;2;7;0;0;2;1;1;
4369;202200002908;808 802;B01;1;7;0;2;1;16;1;
4370;202200002909;808 800;A01;1;33;13;2;3;9;1;
4371;202200002910;808 799;A01;3;36;12;0;8;1;1;
4372;202200002911;808 797;A01;3;2;0;2;7;1;1;
4373;202200002911;808 798;B01;3;7;0;2;1;14;1;
4374;202200002912;808 796;A01;2;15;0;1;3;1;1;
4375;202200002913;808 794;B01;2;7;0;2;3;1;1;
4376;202200002913;808 795;A01;1;7;0;2;2;15;1;
4377;202200002914;808 792;B01;3;1;0;2;6;26;5;
4378;202200002914;808 793;A01;3;7;0;2;2;1;1;
4379;202200002916;808 789;A01;1;10;2;0;1;1;1;
4380;202200002917;808 788;A01;2;7;2;0;1;1;1;
4381;202200002918;808 787;A01;1;7;13;0;8;13;1;
4382;202200002920;808 785;A01;2;33;0;0;7;0;1;
4383;202200002921;808 784;A01;2;33;0;0;0;1;1;
4384;202200002922;808 782;B01;1;1;0;2;4;1;5;
4385;202200002922;808 783;A01;1;7;0;2;1;1;1;
4386;202200002923;808 780;A01;2;7;0;2;1;13;1;
4387;202200002923;808 781;B01;1;7;0;2;1;1;1;
4388;202200002924;808 779;A01;2;80;0;0;9;1;3;
4389;202200002925;808 778;A01;0;7;0;1;1;20;1;
4390;202200002926;808 775;C01;2;7;14;0;2;1;1;
4391;202200002926;808 776;B01;2;7;0;2;3;1;1;
4392;202200002926;808 777;A01;1;7;0;2;3;1;1;
4393;202200002927;808 774;A01;1;1;0;0;1;0;5;
4394;202200002928;808 773;A01;3;2;8;0;1;2;1;
4395;202200002929;808 771;B01;2;7;0;2;3;21;0;
4396;202200002929;808 772;A01;2;7;0;0;5;23;1;
4397;202200002930;808 769;B01;2;7;0;2;3;1;1;
4398;202200002930;808 770;A01;1;1;0;2;1;13;5;
4399;202200002932;808 766;A01;2;7;7;0;7;1;1;
4400;202200002933;808 765;A01;1;2;9;0;1;0;6;
4401;202200002934;808 763;B01;1;7;6;2;1;21;1;
4402;202200002934;808 764;A01;2;7;0;2;1;13;1;
4403;202200002935;808 762;A01;1;7;0;1;2;1;1;
4404;202200002936;808 761;A01;3;2;1;0;1;1;1;
4405;202200002937;808 758;C01;1;10;0;2;1;1;1;
4406;202200002937;808 759;B01;1;7;0;2;6;1;1;
4407;202200002937;808 760;A01;1;7;0;2;8;1;1;
4408;202200002938;808 756;B01;1;7;0;2;2;14;1;
4409;202200002938;808 757;A01;1;7;0;2;4;1;1;
4410;202200002939;808 753;C01;2;7;0;2;1;2;1;
4411;202200002939;808 754;B01;2;7;0;2;4;2;1;
4412;202200002939;808 755;A01;2;7;0;2;4;2;1;
4413;202200002940;808 750;C01;1;7;0;2;4;2;1;
4414;202200002940;808 751;B01;1;7;0;2;4;2;1;
4415;202200002940;808 752;A01;1;7;0;2;1;2;1;
4416;202200002941;808 749;A01;1;7;2;0;1;1;1;
4417;202200002942;808 748;A01;1;7;6;0;2;14;1;
4418;202200002943;808 746;B01;1;7;0;2;4;2;1;
4419;202200002943;808 747;A01;1;7;0;2;1;2;1;
4420;202200002944;808 745;A01;2;7;4;0;7;1;1;
4421;202200002945;808 743;A01;2;7;0;2;1;1;1;
4422;202200002945;808 744;B01;2;7;0;2;4;1;1;
4423;202200002946;808 742;A01;0;7;6;0;1;16;1;
4424;202200002948;808 740;A01;1;7;0;1;1;15;1;
4425;202200002950;808 738;A01;1;34;0;1;1;0;1;
4426;202200002951;808 736;A01;1;7;0;2;1;2;1;
4427;202200002951;808 737;B01;1;10;0;2;4;2;1;
4428;202200002952;808 733;A01;1;7;0;2;3;7;1;
4429;202200002952;808 734;B01;2;7;0;2;2;15;1;
4430;202200002952;808 735;C01;1;7;0;2;4;1;1;
4431;202200002953;808 731;Z01;1;10;0;2;1;1;0;
4432;202200002953;808 732;A01;2;99;0;2;1;5;0;
4433;202200002954;808 729;A01;1;33;0;2;0;0;1;
4434;202200002954;808 730;B01;1;7;0;2;0;26;1;
4435;202200002955;808 727;A01;2;32;0;2;3;2;1;
4436;202200002955;808 728;B01;2;7;0;2;3;15;1;
4437;202200002956;808 725;B01;1;3;0;2;4;1;1;
4438;202200002956;808 726;A01;1;32;0;2;1;2;1;
4439;202200002957;808 724;A01;1;32;12;0;2;0;1;
4440;202200002958;808 723;A01;1;7;0;1;1;1;1;
4441;202200002959;808 721;B01;1;30;0;2;7;1;1;
4442;202200002959;808 722;A01;1;7;0;2;3;15;1;
4443;202200002960;808 717;A01;2;7;0;2;4;23;1;
4444;202200002960;808 718;B01;2;7;0;2;4;23;1;
4445;202200002960;808 719;C01;2;7;0;2;4;23;1;
4446;202200002960;808 720;D01;2;10;0;2;1;2;1;
4447;202200002961;808 715;A01;3;30;0;2;7;1;1;
4448;202200002961;808 716;B01;3;7;0;2;3;0;1;
4449;202200002962;808 712;A01;1;30;12;0;0;26;1;
4450;202200002963;808 710;A01;1;7;1;1;2;14;1;
4451;202200002963;808 711;B01;1;7;0;2;6;24;1;
4452;202200002964;808 708;B01;1;33;0;2;1;1;1;
4453;202200002964;808 709;A01;1;7;0;2;2;5;1;
4454;202200002965;808 706;A01;2;7;0;2;7;10;1;
4455;202200002965;808 707;B01;2;2;0;2;1;1;1;
4456;202200002966;808 704;B01;1;7;0;2;3;15;1;
4457;202200002966;808 705;A01;1;33;0;2;7;17;1;
4458;202200002967;808 701;A01;1;7;0;1;1;16;1;
4459;202200002968;808 699;A01;2;7;0;2;8;19;1;
4460;202200002968;808 700;B01;2;7;0;2;1;1;1;
4461;202200002969;808 697;B01;2;7;0;2;1;26;1;
4462;202200002969;808 698;A01;1;30;0;2;1;13;1;
4463;202200002970;808 695;B01;0;7;0;2;1;0;1;
4464;202200002970;808 696;A01;0;7;0;2;7;0;1;
4465;202200002971;808 694;A01;3;7;0;1;0;20;1;
4466;202200002972;808 692;A01;3;50;0;2;1;1;3;
4467;202200002972;808 693;B01;3;7;0;2;3;1;1;
4468;202200002973;808 689;C01;1;37;0;2;8;23;1;1.0
4469;202200002973;808 690;B01;2;1;0;2;4;1;5;
4470;202200002973;808 691;A01;1;7;0;2;1;17;1;
4471;202200002974;808 688;A01;1;33;12;0;1;13;1;
4472;202200002975;808 687;A01;1;1;0;0;0;1;5;
4473;202200002976;808 686;A01;1;7;1;0;1;26;1;
4474;202200002977;808 685;A01;2;7;0;1;2;1;1;
4475;202200002978;808 684;A01;1;7;9;0;8;1;1;
4476;202200002979;808 683;A01;2;7;3;0;2;14;1;
4477;202200002980;808 680;C01;2;7;0;2;8;1;1;
4478;202200002980;808 681;B01;1;7;0;2;1;1;1;
4479;202200002980;808 682;A01;2;7;0;2;1;13;1;
4480;202200002981;808 679;A01;3;30;16;1;2;21;1;
4481;202200002982;808 677;B01;1;7;0;2;3;16;1;
4482;202200002982;808 678;A01;1;1;0;2;1;1;5;
4483;202200002983;808 675;A01;2;7;0;2;2;26;0;
4484;202200002983;808 676;B01;2;7;0;2;5;9;1;
4485;202200002984;808 674;A01;1;15;0;0;0;1;1;
4486;202200002985;808 672;B01;1;7;0;2;3;1;3;
4487;202200002985;808 673;A01;2;7;0;2;1;15;1;
4488;202200002986;808 670;A01;2;1;0;2;2;17;5;
4489;202200002986;808 671;B01;2;7;0;2;3;15;1;
4490;202200002987;808 667;C01;2;7;0;2;1;2;1;
4491;202200002987;808 668;B01;2;7;0;2;9;2;1;
4492;202200002987;808 669;A01;2;7;0;2;4;26;1;
4493;202200002988;808 665;B01;3;7;0;2;1;1;1;
4494;202200002988;808 666;A01;3;7;0;2;1;1;1;
4495;202200002989;808 663;A01;1;33;0;2;1;17;1;
4496;202200002989;808 664;B01;1;10;0;2;3;15;1;
4497;202200002990;808 661;A01;3;7;0;2;1;15;1;
4498;202200002990;808 662;B01;3;7;0;2;1;1;3;
4499;202200002991;808 659;B01;1;30;0;2;1;1;1;
4500;202200002991;808 660;A01;1;33;0;2;1;1;0;
4501;202200002992;808 658;A01;3;7;8;0;1;1;1;
4502;202200002993;808 656;A01;3;10;0;2;3;1;1;
4503;202200002993;808 657;B01;3;1;0;2;1;15;5;
4504;202200002994;808 655;A01;0;7;0;1;1;15;1;
4505;202200002996;808 651;A01;2;14;0;2;2;16;6;
4506;202200002996;808 652;B01;2;80;0;2;8;18;3;
4507;202200002997;808 650;A01;2;50;0;0;0;21;3;
4508;202200002998;808 649;A01;2;7;0;1;3;15;1;
4509;202200002999;808 647;B01;3;1;0;2;4;2;5;
4510;202200002999;808 648;A01;3;33;0;2;1;2;1;
4511;202200003000;808 645;B01;3;1;0;2;1;1;5;
4512;202200003000;808 646;A01;1;7;0;2;2;16;2;
4513;202200003001;808 643;B01;1;2;0;2;1;1;1;
4514;202200003001;808 644;A01;2;7;0;2;1;15;1;
4515;202200003002;808 642;A01;1;32;1;0;7;12;1;
4516;202200003003;808 641;A01;1;7;0;1;0;15;2;
4517;202200003004;808 640;Z01;1;7;0;1;1;1;0;
4518;202200003005;808 638;B01;2;7;0;2;3;15;1;
4519;202200003005;808 639;A01;2;50;0;2;1;17;3;
4520;202200003006;808 635;A01;2;34;1;2;7;3;1;
4521;202200003006;808 636;B01;2;7;0;9;7;23;1;
4522;202200003006;808 637;C01;2;7;0;2;7;23;1;
4523;202200003007;808 633;B01;1;7;0;2;1;1;2;
4524;202200003007;808 634;A01;1;1;0;2;1;15;5;
4525;202200003008;808 631;B01;2;7;0;2;4;24;1;
4526;202200003008;808 632;A01;2;10;0;2;1;1;1;
4527;202200003010;808 627;A01;3;13;0;2;1;1;1;
4528;202200003010;808 628;B01;3;37;0;2;7;1;6;1.0
4529;202200003011;808 625;B01;1;32;0;2;8;1;1;
4530;202200003011;808 626;A01;1;7;0;2;1;1;1;
4531;202200003012;808 623;A01;3;50;0;2;1;19;3;
4532;202200003012;808 624;B01;2;43;0;2;2;1;1;
4533;202200003013;808 621;A01;3;7;0;2;8;5;1;
4534;202200003013;808 622;B01;3;37;0;2;1;1;1;1.0
4535;202200003014;808 617;A01;3;7;0;2;5;16;1;
4536;202200003014;808 618;B01;3;32;0;2;3;15;1;
4537;202200003015;808 616;A01;1;7;15;0;1;21;1;
4538;202200003016;808 614;A01;1;34;0;2;1;1;1;
4539;202200003016;808 615;B01;1;7;12;0;7;15;1;
4540;202200003017;808 613;A01;1;34;9;0;7;1;1;
4541;202200003018;808 611;B01;1;7;0;2;2;1;1;
4542;202200003018;808 612;A01;2;7;0;2;7;15;1;
4543;202200003019;808 609;B01;3;10;0;2;3;21;1;
4544;202200003019;808 610;A01;3;7;0;2;3;13;1;
4545;202200003020;808 607;A01;1;33;0;2;3;1;1;
4546;202200003020;808 608;B01;2;33;0;2;3;1;1;
4547;202200003021;808 605;A01;1;7;0;2;5;15;1;
4548;202200003021;808 606;B01;2;31;0;2;1;1;1;
4549;202200003022;808 603;B01;1;7;0;2;2;1;1;
4550;202200003022;808 604;A01;2;7;0;0;1;15;1;
4551;202200003023;808 602;A01;2;7;15;0;1;1;1;
4552;202200003024;808 600;A01;2;7;0;2;1;19;1;
4553;202200003024;808 601;B01;2;33;0;2;7;1;1;
4554;202200003028;808 595;A01;3;7;2;0;7;1;1;
4555;202200003029;808 594;A01;2;33;6;0;2;14;1;
4556;202200003030;808 592;A01;2;7;13;0;1;13;1;
4557;202200003031;808 590;B01;1;7;0;2;1;1;1;
4558;202200003031;808 591;A01;2;7;0;2;5;19;1;
4559;202200003032;808 589;A01;1;33;0;0;1;1;1;
4560;202200003033;808 587;B01;2;33;0;2;4;10;1;
4561;202200003033;808 588;A01;2;33;0;2;1;17;1;
4562;202200003034;808 585;B01;2;2;0;2;3;1;1;
4563;202200003034;808 586;A01;1;31;0;2;1;1;1;
4564;202200003035;808 584;A01;1;7;2;0;1;14;2;
4565;202200003036;808 583;A01;1;2;0;0;9;1;1;
4566;202200003037;808 581;A01;2;13;0;9;7;17;1;
4567;202200003037;808 582;B01;2;1;0;2;0;1;5;
4568;202200003038;808 579;A01;1;7;0;2;3;13;1;
4569;202200003038;808 580;B01;2;7;0;2;3;1;1;
4570;202200003039;808 577;B01;1;7;0;2;8;15;1;
4571;202200003039;808 578;A01;2;33;0;2;1;1;1;
4572;202200003040;808 575;B01;3;7;0;0;3;1;1;
4573;202200003040;808 576;A01;3;7;0;2;3;1;1;
4574;202200003041;808 573;B01;1;1;0;2;3;1;5;
4575;202200003041;808 574;A01;2;7;0;2;5;15;1;
4576;202200003042;808 571;B01;1;7;0;2;0;15;1;
4577;202200003042;808 572;A01;1;33;0;2;3;17;1;
4578;202200003043;808 570;A01;1;7;0;1;3;1;1;
4579;202200003044;808 568;A01;1;33;0;2;1;1;1;
4580;202200003044;808 569;B01;1;7;0;2;4;26;2;
4581;202200003045;808 566;B01;1;7;0;0;4;2;1;
4582;202200003045;808 567;A01;1;7;0;2;1;2;1;
4583;202200003046;808 565;A01;2;33;0;0;8;16;1;
4584;202200003047;808 563;B01;2;33;0;2;1;1;1;
4585;202200003047;808 564;A01;1;7;0;2;2;15;1;
4586;202200003048;808 562;A01;2;10;13;0;7;1;1;
4587;202200003049;808 561;A01;3;7;13;0;3;1;1;
4588;202200003050;808 560;A01;2;7;0;1;1;1;1;
4589;202200003051;808 559;A01;1;33;2;0;1;0;1;
4590;202200003052;808 558;A01;3;2;6;0;1;14;1;
4591;202200003053;808 557;A01;0;7;16;0;0;0;1;
4592;202200003054;808 556;A01;1;33;13;0;3;1;1;
4593;202200003055;808 555;A01;2;1;13;0;0;0;5;
4594;202200003056;808 554;A01;0;7;6;0;1;1;1;
4595;202200003057;808 552;B01;2;7;0;0;1;21;1;
4596;202200003057;808 553;A01;1;7;0;2;1;13;0;
4597;202200003058;808 551;A01;1;2;0;0;0;1;1;
4598;202200003059;808 549;B01;1;1;0;2;4;2;5;
4599;202200003059;808 550;A01;1;7;0;9;2;2;1;
4600;202200003060;808 548;A01;2;33;15;0;1;14;1;
4601;202200003061;808 543;B01;2;7;0;2;4;2;2;
4602;202200003061;808 544;A01;2;7;0;2;1;2;1;
4603;202200003061;808 545;C01;2;7;0;2;4;2;1;
4604;202200003061;808 546;D01;2;7;0;2;4;2;1;
4605;202200003061;808 547;E01;2;7;0;2;4;2;1;
4606;202200003062;808 541;A01;1;7;17;0;2;1;1;
4607;202200003063;808 539;A01;1;2;0;2;1;17;1;
4608;202200003063;808 540;B01;1;7;0;2;6;15;1;
4609;202200003064;808 538;A01;1;30;8;0;7;1;1;
4610;202200003065;808 537;A01;2;15;0;0;2;0;1;
4611;202200003066;808 536;A01;2;7;13;0;9;14;1;
4612;202200003067;808 535;A01;2;7;2;0;3;19;1;
4613;202200003068;808 534;A01;2;10;16;0;1;14;1;
4614;202200003069;808 532;B01;2;7;0;2;3;1;1;
4615;202200003069;808 533;A01;1;2;0;2;1;13;1;
4616;202200003070;808 530;A01;1;7;0;2;1;13;1;
4617;202200003070;808 531;B01;2;7;0;2;1;2;1;
4618;202200003071;808 528;B01;1;7;0;0;4;26;1;
4619;202200003071;808 529;A01;1;7;1;0;1;1;1;
4620;202200003072;808 527;A01;2;7;8;0;5;13;1;
4621;202200003073;808 525;B01;0;39;0;4;3;1;3;
4622;202200003073;808 526;A01;1;7;5;4;6;15;1;
4623;202200003074;808 523;A01;2;7;0;2;7;15;1;
4624;202200003074;808 524;B01;2;31;0;2;1;13;1;
4625;202200003075;808 521;B01;0;7;0;2;2;1;1;
4626;202200003075;808 522;A01;0;7;0;2;1;13;1;
4627;202200003076;808 519;A01;1;10;0;2;1;15;1;
4628;202200003076;808 520;B01;2;1;0;2;8;1;5;
4629;202200003077;808 518;A01;1;7;13;0;1;1;1;
4630;202200003078;808 516;A01;2;2;0;0;8;19;1;
4631;202200003078;808 517;B01;1;7;0;0;1;1;1;
4632;202200003079;808 514;A01;1;7;0;1;3;2;1;
4633;202200003079;808 515;B01;1;50;0;2;8;15;3;
4634;202200003080;808 512;B01;3;7;0;2;3;5;1;
4635;202200003080;808 513;A01;3;1;0;2;8;1;5;
4636;202200003081;808 511;A01;3;2;0;0;0;1;0;
4637;202200003082;808 510;A01;2;33;0;0;0;17;1;
4638;202200003083;808 508;A01;1;1;0;9;4;21;5;
4639;202200003083;808 509;B01;1;1;0;9;1;0;5;
4640;202200003084;808 507;A01;1;7;8;0;2;1;1;
4641;202200003085;808 506;A01;1;7;8;0;2;14;1;
4642;202200003086;808 505;A01;2;31;0;0;7;2;1;
4643;202200003087;808 504;A01;1;7;16;0;1;1;1;
4644;202200003089;808 501;A01;3;7;2;0;2;1;1;
4645;202200003090;808 500;A01;2;17;4;0;1;0;1;
4646;202200003091;808 498;A01;3;7;0;1;1;1;1;
4647;202200003092;808 499;A01;1;7;0;2;2;13;1;
4648;202200003092;808 502;B01;2;10;0;2;2;1;1;
4649;202200003094;808 496;A01;3;33;12;0;8;0;1;
4650;202200003095;808 495;A01;1;7;2;0;9;1;1;
4651;202200003096;808 492;B01;1;10;0;2;2;1;1;
4652;202200003096;808 494;A01;1;7;0;2;3;16;1;
4653;202200003097;808 490;A01;2;7;8;0;1;2;1;
4654;202200003098;808 488;B01;1;99;0;2;2;21;1;
4655;202200003098;808 489;A01;1;30;0;0;4;2;1;
4656;202200003100;808 484;A01;1;7;4;0;0;0;1;
4657;202200003101;808 483;B01;1;33;0;2;7;9;1;
4658;202200003101;808 485;A01;2;10;0;2;3;9;1;
4659;202200003102;808 482;A01;1;7;0;1;1;16;1;
4660;202200003105;808 477;A01;1;7;0;2;7;1;1;
4661;202200003105;808 478;B01;2;7;0;2;1;1;1;
4662;202200003106;808 476;A01;2;7;2;0;7;15;1;
4663;202200003107;808 473;A01;1;7;0;2;1;13;1;
4664;202200003107;808 475;B01;2;7;0;0;1;1;1;
4665;202200003108;808 469;B01;1;33;0;2;1;2;1;
4666;202200003108;808 470;A01;1;7;0;2;6;2;1;
4667;202200003109;808 468;A01;0;7;16;0;0;1;1;
4668;202200003111;808 464;A01;2;7;17;0;1;1;1;
4669;202200003112;808 463;Z01;2;7;0;2;0;11;0;
4670;202200003112;808 465;B01;2;7;0;2;7;1;1;
4671;202200003112;808 466;A01;2;7;0;2;4;1;1;
4672;202200003113;808 461;A01;2;31;4;0;8;2;1;
4673;202200003115;808 457;A01;1;33;0;2;8;3;1;
4674;202200003115;808 459;B01;1;7;0;2;5;14;1;
4675;202200003116;808 456;B01;2;10;0;2;3;1;1;
4676;202200003116;808 460;A01;1;7;16;2;3;1;1;
4677;202200003117;808 455;A01;3;7;0;0;1;1;1;
4678;202200003118;808 448;A01;2;7;0;2;7;15;1;
4679;202200003118;808 452;B01;0;2;0;2;1;1;1;
4680;202200003119;808 449;A01;2;7;0;2;1;2;1;
4681;202200003119;808 451;B01;2;7;0;2;2;17;1;
4682;202200003119;808 453;C01;2;7;0;2;6;2;1;
4683;202200003119;808 454;D01;2;7;0;2;8;2;1;
4684;202200003120;808 447;B01;2;7;0;2;1;1;1;
4685;202200003120;808 450;A01;1;7;0;2;1;13;1;
4686;202200003121;808 446;A01;3;7;8;0;1;1;3;
4687;202200003122;808 445;A01;3;33;0;2;0;1;1;
4688;202200003123;808 441;A01;1;7;0;2;2;1;1;
4689;202200003123;808 444;B01;2;7;0;2;3;1;1;
4690;202200003124;808 440;B01;2;7;0;9;6;23;1;
4691;202200003124;808 443;A01;2;7;1;0;2;14;1;
4692;202200003125;808 439;A01;1;7;0;2;7;26;1;
4693;202200003125;808 442;B01;1;7;0;2;1;2;1;
4694;202200003126;808 438;A01;1;7;0;1;4;4;1;
4695;202200003127;808 436;A01;2;33;15;0;1;2;1;
4696;202200003128;808 433;C01;2;7;4;2;4;1;1;
4697;202200003128;808 435;B01;2;7;0;2;4;1;1;
4698;202200003128;808 437;A01;2;10;0;2;1;1;1;
4699;202200003129;808 431;B01;1;7;0;2;2;1;1;
4700;202200003129;808 434;A01;3;7;0;2;1;15;1;
4701;202200003131;808 427;A01;1;7;0;2;6;15;1;
4702;202200003131;808 429;B01;1;7;0;2;1;1;2;
4703;202200003132;808 425;A01;3;33;0;2;7;9;1;
4704;202200003132;808 428;B01;3;7;0;2;8;1;1;
4705;202200003133;808 424;A01;1;7;2;0;3;1;1;
4706;202200003134;808 421;A01;3;0;0;1;0;1;0;
4707;202200003135;808 422;A01;2;33;0;2;1;1;1;
4708;202200003135;808 423;B01;2;7;0;2;4;0;1;
4709;202200003136;808 420;A01;0;7;0;2;1;2;1;
4710;202200003136;808 426;B01;0;7;0;2;6;2;1;
4711;202200003138;808 414;B01;0;33;0;2;0;0;1;
4712;202200003138;808 415;A01;1;7;0;2;3;20;1;
4713;202200003139;808 411;C01;2;10;0;2;3;1;1;
4714;202200003139;808 412;B01;1;2;0;2;1;1;1;
4715;202200003139;808 416;A01;2;10;0;2;7;15;1;
4716;202200003140;808 406;A01;1;21;0;2;6;15;1;
4717;202200003140;808 408;B01;2;33;0;2;1;1;1;
4718;202200003142;808 402;A01;2;10;16;0;7;14;1;
4719;202200003143;808 399;B01;3;33;0;2;1;1;1;
4720;202200003143;808 400;A01;3;7;0;2;2;15;1;
4721;202200003144;808 398;A01;2;7;0;2;1;1;1;
4722;202200003144;808 401;B01;1;7;0;2;1;17;1;
4723;202200003145;808 395;B01;1;7;0;2;0;0;0;
4724;202200003145;808 397;A01;2;7;0;2;0;0;0;
4725;202200003146;808 394;A01;3;10;0;2;1;17;1;
4726;202200003147;808 393;A01;2;7;0;9;8;19;1;
4727;202200003147;808 396;B01;2;1;0;2;8;1;5;
4728;202200003148;808 392;A01;1;7;17;0;1;2;1;
4729;202200003149;808 387;A01;3;7;0;2;7;1;1;
4730;202200003149;808 390;B01;3;7;0;2;1;1;1;
4731;202200003150;808 386;C01;3;7;0;2;1;2;1;
4732;202200003150;808 389;B01;3;7;0;2;9;23;1;
4733;202200003150;808 391;A01;3;7;0;2;4;23;1;