;Num_Acc;id_vehicule;num_veh;senc;catv;obs;obsm;choc;manv;motor;occutc
4734;202200003151;808 383;B01;1;1;0;2;1;21;5;
4735;202200003151;808 385;C01;1;7;0;9;1;21;1;
4736;202200003151;808 388;A01;1;37;0;2;2;21;1;1.0
4737;202200003152;808 384;A01;1;7;6;0;8;26;1;
4738;202200003153;808 379;A01;1;2;0;0;0;1;0;
4739;202200003154;808 380;B01;2;2;0;2;1;0;1;
4740;202200003154;808 382;A01;1;7;0;2;8;15;1;
4741;202200003156;808 377;A01;1;2;8;0;1;1;1;
4742;202200003157;808 372;A01;1;7;0;2;1;2;1;
4743;202200003157;808 374;B01;1;7;0;2;4;2;1;
4744;202200003157;808 376;C01;1;7;0;0;5;2;1;
4745;202200003158;808 373;B01;2;32;0;2;1;3;1;
4746;202200003158;808 375;A01;2;7;0;2;3;10;1;
4747;202200003160;808 369;B01;1;7;0;2;3;9;1;
4748;202200003160;808 371;A01;1;7;0;2;3;9;1;
4749;202200003161;808 364;A01;1;30;0;1;1;17;1;
4750;202200003162;808 365;A01;2;7;4;2;1;1;1;
4751;202200003162;808 367;B01;2;7;4;0;4;1;1;
4752;202200003163;808 363;A01;3;7;0;2;0;15;1;
4753;202200003163;808 366;B01;3;1;0;2;0;1;5;
4754;202200003164;808 359;A01;3;30;0;1;0;0;1;
4755;202200003165;808 360;B01;0;99;0;2;0;0;0;
4756;202200003165;808 362;A01;0;33;0;2;1;0;0;
4757;202200003166;808 361;A01;2;7;8;0;1;0;1;
4758;202200003167;808 358;A01;2;7;0;0;9;0;1;
4759;202200003169;808 356;A01;1;10;0;1;1;1;1;
4760;202200003170;808 353;B01;1;2;0;2;1;1;1;
4761;202200003170;808 354;A01;1;7;0;2;3;16;1;
4762;202200003171;808 351;A01;3;7;0;2;1;9;1;
4763;202200003171;808 352;B01;2;50;0;2;8;1;3;
4764;202200003172;808 348;B01;2;10;0;2;2;1;1;
4765;202200003172;808 350;A01;1;7;0;2;6;26;1;
4766;202200003173;808 349;A01;1;7;2;0;2;1;1;
4767;202200003174;808 346;A01;3;7;0;2;1;26;1;
4768;202200003174;808 347;B01;3;7;0;2;4;0;2;
4769;202200003175;808 344;B01;3;7;0;2;4;1;1;
4770;202200003175;808 345;A01;3;10;0;2;1;1;1;
4771;202200003176;808 341;B01;2;50;1;2;1;2;3;
4772;202200003176;808 342;A01;2;7;0;2;5;23;1;
4773;202200003177;808 340;B01;2;7;0;2;3;1;1;
4774;202200003177;808 343;A01;1;7;0;2;3;13;1;
4775;202200003178;808 338;B01;1;7;9;2;6;2;1;
4776;202200003178;808 339;A01;1;7;9;2;2;21;1;
4777;202200003179;808 333;D01;1;7;0;2;4;2;1;
4778;202200003179;808 334;C01;1;7;0;2;1;2;1;
4779;202200003179;808 336;B01;1;7;0;2;1;2;1;
4780;202200003179;808 337;A01;1;7;0;2;1;2;1;
4781;202200003180;808 332;A01;1;33;0;2;1;1;1;
4782;202200003182;808 329;B01;2;7;0;2;1;1;1;
4783;202200003182;808 330;A01;1;14;0;2;1;26;1;
4784;202200003183;808 327;A01;3;7;8;0;1;13;2;
4785;202200003184;808 326;B01;1;31;0;2;2;1;1;
4786;202200003184;808 328;A01;1;7;0;2;2;9;1;
4787;202200003185;808 325;A01;1;7;0;1;3;1;1;
4788;202200003186;808 324;A01;2;7;13;0;9;1;1;
4789;202200003187;808 323;A01;1;7;0;0;9;1;1;
4790;202200003188;808 321;B01;3;32;0;2;2;1;1;
4791;202200003188;808 322;A01;3;7;0;2;7;13;1;
4792;202200003189;808 318;A01;1;30;0;2;3;1;1;
4793;202200003189;808 319;B01;1;7;0;2;4;1;1;
4794;202200003190;808 314;A01;2;7;13;0;1;13;1;
4795;202200003190;808 317;B01;1;7;0;2;1;1;2;
4796;202200003190;808 320;C01;1;10;0;2;1;1;1;
4797;202200003191;808 315;B01;1;7;0;2;8;1;0;
4798;202200003191;808 316;A01;1;7;0;2;1;1;1;
4799;202200003192;808 311;A01;1;7;0;2;1;2;1;
4800;202200003192;808 312;B01;1;7;0;2;4;2;1;
4801;202200003192;808 313;C01;1;7;0;2;4;2;1;
4802;202200003193;808 310;A01;1;7;0;1;2;1;1;
4803;202200003194;808 309;A01;1;7;2;0;3;13;1;
4804;202200003195;808 306;A01;3;7;0;1;2;26;0;
4805;202200003196;808 303;A01;1;7;0;2;4;26;1;
4806;202200003196;808 305;B01;1;7;0;2;4;1;1;
4807;202200003196;808 307;C01;1;7;0;2;1;1;1;
4808;202200003196;808 308;D01;1;7;0;2;1;1;1;
4809;202200003197;808 302;B01;2;10;0;2;3;1;1;
4810;202200003197;808 304;A01;1;7;0;2;3;6;1;
4811;202200003198;808 299;A01;1;7;0;2;2;1;1;
4812;202200003198;808 301;B01;1;50;0;2;3;15;3;
4813;202200003199;808 298;A01;3;7;1;0;3;9;1;
4814;202200003199;808 300;B01;3;7;0;2;5;24;1;
4815;202200003200;808 295;A01;1;7;0;2;7;15;1;
4816;202200003200;808 297;B01;1;7;0;2;1;1;1;
4817;202200003201;808 292;A01;2;7;0;2;7;15;1;
4818;202200003201;808 294;B01;2;60;0;2;1;1;3;
4819;202200003202;808 288;B01;1;7;0;2;7;1;1;
4820;202200003202;808 291;A01;1;7;0;2;1;15;1;
4821;202200003203;808 287;A01;2;7;0;2;5;15;1;
4822;202200003203;808 289;B01;1;1;0;2;1;1;0;
4823;202200003204;808 285;A01;1;80;0;2;8;0;3;
4824;202200003204;808 286;B01;1;7;0;9;0;0;1;
4825;202200003205;808 290;A01;2;7;1;0;1;1;1;
4826;202200003205;808 293;C01;2;7;0;2;1;2;1;
4827;202200003205;808 296;D01;2;7;0;2;7;21;1;
4828;202200003206;808 283;A01;2;7;0;2;1;2;1;
4829;202200003206;808 284;B01;2;7;0;2;6;2;1;
4830;202200003207;808 282;A01;3;7;0;1;1;14;1;
4831;202200003208;808 281;A01;1;32;0;1;3;1;1;
4832;202200003209;808 278;A01;2;34;0;2;1;18;1;
4833;202200003209;808 280;B01;2;7;0;2;7;16;1;
4834;202200003210;808 279;A01;2;7;5;0;2;0;3;
4835;202200003211;808 275;B01;1;7;0;2;1;2;1;
4836;202200003211;808 276;C01;1;7;0;2;4;2;1;
4837;202200003211;808 277;A01;1;7;0;2;1;2;1;
4838;202200003212;808 273;A01;2;32;0;2;1;2;1;
4839;202200003212;808 274;B01;2;7;0;9;4;2;1;
4840;202200003213;808 269;B01;1;7;2;2;1;1;1;
4841;202200003213;808 272;A01;2;10;0;2;5;19;1;
4842;202200003214;808 266;D01;2;7;0;2;4;2;1;
4843;202200003214;808 268;C01;2;7;0;2;4;2;1;
4844;202200003214;808 270;B01;2;7;0;2;4;2;1;
4845;202200003214;808 271;A01;2;7;0;2;1;2;1;
4846;202200003215;808 262;A01;1;7;0;2;2;15;2;
4847;202200003215;808 264;B01;2;1;0;2;9;19;5;
4848;202200003216;808 263;A01;2;7;0;2;1;2;1;
4849;202200003216;808 265;B01;2;7;0;2;4;2;1;
4850;202200003216;808 267;C01;2;7;0;2;4;2;1;
4851;202200003217;808 261;A01;1;32;12;0;1;2;1;
4852;202200003219;808 260;A01;2;7;0;1;1;19;1;
4853;202200003220;808 256;A01;2;33;0;2;2;17;1;
4854;202200003220;808 257;B01;1;7;0;2;3;15;1;
4855;202200003220;808 259;C01;1;7;0;2;3;1;1;
4856;202200003221;808 252;B01;1;33;0;2;3;3;1;
4857;202200003221;808 254;A01;1;7;0;2;5;1;1;
4858;202200003222;808 250;A01;2;3;0;2;1;9;1;
4859;202200003222;808 253;B01;1;2;0;2;7;1;1;
4860;202200003223;808 251;A01;1;30;0;2;7;1;1;
4861;202200003223;808 255;B01;2;7;0;2;2;1;1;
4862;202200003225;808 246;A01;1;32;10;0;1;1;1;
4863;202200003226;808 245;B01;2;7;0;2;5;2;1;
4864;202200003226;808 247;A01;2;7;0;2;3;2;1;
4865;202200003227;808 243;B01;2;15;0;2;4;2;1;
4866;202200003227;808 244;A01;2;7;0;2;1;2;1;
4867;202200003228;808 238;B01;2;7;0;2;8;11;1;
4868;202200003228;808 240;A01;2;32;0;2;7;1;1;
4869;202200003229;808 239;A01;1;7;0;2;1;19;1;
4870;202200003229;808 242;B01;2;7;0;2;5;1;2;
4871;202200003230;808 241;A01;1;7;12;0;2;0;1;
4872;202200003232;808 232;B01;1;7;0;2;3;1;1;
4873;202200003232;808 233;A01;1;7;0;2;0;26;1;
4874;202200003233;808 231;B01;3;33;0;2;1;1;1;
4875;202200003233;808 235;A01;3;7;0;0;6;26;1;
4876;202200003234;808 228;B01;1;33;0;2;3;3;1;
4877;202200003234;808 229;A01;1;7;0;2;7;14;1;
4878;202200003235;808 227;B01;1;7;0;2;1;1;1;
4879;202200003235;808 230;A01;2;7;0;2;7;15;1;
4880;202200003235;808 234;C01;1;7;0;2;1;23;1;
4881;202200003236;808 224;A01;1;7;0;2;4;2;2;
4882;202200003236;808 226;B01;1;7;0;2;1;1;1;
4883;202200003237;808 225;A01;3;3;0;1;1;26;1;
4884;202200003238;808 223;A01;2;3;0;1;1;1;2;
4885;202200003239;808 222;A01;2;7;0;1;2;2;1;
4886;202200003240;808 221;A01;0;7;0;1;3;15;1;
4887;202200003241;808 220;A01;3;50;0;0;0;0;3;
4888;202200003242;808 218;A01;1;7;0;2;5;23;6;
4889;202200003242;808 219;B01;1;7;0;2;1;1;1;
4890;202200003244;808 213;B01;1;1;0;2;1;25;5;
4891;202200003244;808 215;A01;1;7;0;2;3;20;1;
4892;202200003246;808 214;A01;0;7;0;2;2;15;1;
4893;202200003246;808 216;B01;3;1;0;2;1;1;5;
4894;202200003247;808 209;A01;2;7;0;1;1;9;1;
4895;202200003248;808 206;A01;1;33;0;2;1;3;1;
4896;202200003248;808 208;B01;1;42;0;2;5;12;1;
4897;202200003248;808 210;C01;1;7;0;2;4;1;3;
4898;202200003249;808 203;B01;1;1;0;2;7;1;5;
4899;202200003249;808 205;A01;1;7;0;2;1;9;1;
4900;202200003250;808 202;B01;3;80;0;2;8;1;3;
4901;202200003250;808 207;A01;3;80;0;2;1;1;3;
4902;202200003251;808 200;C01;2;7;0;2;6;1;1;
4903;202200003251;808 201;B01;2;31;0;2;6;13;1;
4904;202200003251;808 204;A01;2;43;0;2;1;3;1;
4905;202200003252;808 197;B01;2;1;1;0;1;1;5;
4906;202200003252;808 198;A01;2;7;0;2;2;22;1;
4907;202200003253;808 196;A01;1;0;8;2;1;1;3;
4908;202200003253;808 199;B01;1;7;0;2;2;1;1;
4909;202200003255;808 193;A01;2;7;0;2;1;1;1;
4910;202200003255;808 195;B01;2;7;0;2;3;15;1;
4911;202200003256;808 190;B01;2;31;0;2;0;0;1;
4912;202200003256;808 191;A01;2;10;0;2;3;9;1;
4913;202200003257;808 188;A01;1;30;0;2;1;18;1;
4914;202200003257;808 189;B01;1;14;0;2;7;16;1;
4915;202200003258;808 187;A01;2;7;8;0;1;13;1;
4916;202200003259;808 184;A01;0;7;0;2;2;16;1;
4917;202200003259;808 186;B01;0;1;0;2;0;0;5;
4918;202200003260;808 183;A01;3;10;0;2;2;1;1;
4919;202200003260;808 185;B01;3;7;0;2;3;16;1;
4920;202200003261;808 181;A01;2;33;16;0;8;12;1;
4921;202200003261;808 182;B01;2;10;0;2;8;2;1;
4922;202200003262;808 180;A01;1;7;0;1;3;1;1;
4923;202200003264;808 177;A01;1;7;0;1;2;1;1;
4924;202200003265;808 175;Z01;2;10;0;1;0;1;1;
4925;202200003266;808 176;A01;1;33;4;0;0;1;1;
4926;202200003267;808 172;A01;0;7;0;2;3;15;1;
4927;202200003267;808 174;B01;0;33;0;2;7;17;1;
4928;202200003268;808 171;B01;2;1;0;2;1;1;5;
4929;202200003268;808 173;A01;2;7;0;2;2;15;1;
4930;202200003269;808 170;A01;1;10;0;1;1;2;1;
4931;202200003270;808 164;A01;3;7;0;2;3;26;1;
4932;202200003270;808 168;B01;3;33;0;2;1;1;0;
4933;202200003272;808 163;A01;3;37;0;1;2;16;1;1.0
4934;202200003273;808 159;A01;1;2;0;2;1;16;1;
4935;202200003273;808 162;B01;1;7;0;2;3;1;1;
4936;202200003274;808 161;A01;2;1;1;0;1;1;5;
4937;202200003275;808 157;A01;1;7;6;0;1;15;1;
4938;202200003276;808 153;A01;1;32;0;2;0;7;1;
4939;202200003276;808 156;B01;1;7;0;2;2;16;2;
4940;202200003277;808 152;A01;1;7;6;0;3;1;1;
4941;202200003278;808 151;B01;1;1;0;2;1;26;5;
4942;202200003278;808 154;A01;2;30;0;2;3;9;1;
4943;202200003280;808 149;A01;1;50;0;0;0;1;3;
4944;202200003282;808 145;A01;1;1;12;0;1;1;5;
4945;202200003283;808 144;A01;0;7;0;9;4;4;1;
4946;202200003284;808 142;B01;2;80;0;2;1;1;3;
4947;202200003284;808 143;A01;2;1;0;2;4;1;5;
4948;202200003285;808 141;A01;3;7;0;2;5;15;1;
4949;202200003285;808 147;B01;3;33;0;2;1;1;1;
4950;202200003286;808 139;B01;3;10;0;2;0;1;1;
4951;202200003286;808 146;A01;2;30;0;2;1;1;3;
4952;202200003287;808 136;A01;2;7;0;2;4;2;1;
4953;202200003287;808 137;B01;2;30;0;2;1;2;3;
4954;202200003288;808 132;A01;3;7;0;9;3;19;1;
4955;202200003288;808 135;B01;1;50;0;0;0;1;3;
4956;202200003289;808 133;A01;1;14;0;1;4;4;1;
4957;202200003290;808 130;Z01;0;32;0;1;1;25;0;
4958;202200003291;808 131;B01;0;43;0;2;1;2;1;
4959;202200003291;808 134;A01;0;7;0;2;4;2;1;
4960;202200003292;808 128;A01;2;7;13;0;1;1;1;
4961;202200003293;808 127;A01;1;10;0;0;0;0;1;
4962;202200003294;808 124;A01;1;1;0;0;2;20;5;
4963;202200003295;808 121;A01;2;7;0;1;7;1;1;
4964;202200003296;808 123;B01;3;50;0;2;1;19;3;
4965;202200003296;808 125;A01;1;7;0;9;3;19;1;
4966;202200003298;808 120;A01;1;43;13;0;0;1;1;
4967;202200003299;808 117;A01;2;10;0;0;1;26;1;
4968;202200003300;808 116;A01;2;7;0;2;1;15;1;
4969;202200003300;808 119;B01;2;32;0;2;8;1;1;
4970;202200003301;808 114;A01;2;7;0;1;2;1;1;
4971;202200003302;808 115;A01;1;10;0;9;0;0;1;
4972;202200003302;808 118;B01;1;50;0;2;7;9;3;
4973;202200003303;808 113;A01;3;99;0;0;9;14;1;
4974;202200003304;808 112;A01;3;7;0;1;0;16;2;
4975;202200003305;808 110;A01;1;7;0;1;2;26;1;
4976;202200003306;808 107;B01;1;32;0;2;1;1;1;
4977;202200003306;808 109;A01;1;7;0;0;3;9;1;
4978;202200003307;808 106;A01;2;7;0;2;8;10;1;
4979;202200003307;808 111;B01;2;33;0;2;1;1;6;
4980;202200003308;808 105;A01;1;7;1;2;1;1;1;
4981;202200003308;808 108;B01;1;7;0;2;8;1;1;
4982;202200003309;808 102;B01;3;7;0;2;1;9;1;
4983;202200003309;808 104;A01;1;34;0;2;2;1;1;
4984;202200003310;808 100;B01;1;7;0;9;4;0;1;
4985;202200003310;808 103;A01;1;7;0;2;1;0;1;
4986;202200003311;808 099;B01;2;7;0;2;5;17;1;
4987;202200003311;808 101;A01;2;7;0;2;3;13;1;
4988;202200003312;808 097;A01;2;10;12;0;2;16;1;
4989;202200003313;808 095;B01;3;7;0;2;3;15;1;
4990;202200003313;808 096;A01;3;32;0;2;1;1;1;
4991;202200003314;808 094;A01;1;30;0;2;1;1;1;
4992;202200003314;808 098;B01;1;7;0;2;7;1;1;
4993;202200003315;808 092;B01;0;7;0;2;8;1;1;
4994;202200003315;808 093;A01;0;10;0;2;1;1;1;
4995;202200003316;808 090;A01;2;2;0;1;1;1;1;
4996;202200003317;808 088;A01;2;7;0;2;1;2;1;
4997;202200003317;808 089;B01;2;7;0;2;1;23;1;
4998;202200003317;808 091;C01;2;10;0;0;4;23;1;
4999;202200003318;808 087;A01;1;7;0;1;1;1;0;
5000;202200003319;808 084;B01;2;33;0;2;1;1;1;
5001;202200003319;808 086;A01;1;7;0;2;3;16;1;
5002;202200003320;808 083;A01;3;32;0;1;8;0;0;
5003;202200003321;808 082;A01;1;10;0;2;1;2;1;
5004;202200003321;808 085;B01;1;33;0;0;4;1;1;
5005;202200003322;808 078;B01;2;10;0;2;4;1;1;
5006;202200003322;808 080;A01;2;7;0;2;1;1;1;
5007;202200003323;808 074;A01;0;7;0;1;1;15;1;
5008;202200003324;808 075;A01;3;2;0;2;2;17;1;
5009;202200003324;808 077;B01;3;7;0;2;3;1;1;
5010;202200003324;808 079;C01;0;7;0;2;6;1;1;
5011;202200003326;808 072;A01;2;7;0;2;1;1;1;
5012;202200003326;808 073;B01;2;14;0;2;5;15;0;
5013;202200003327;808 066;B01;2;7;0;2;1;26;0;
5014;202200003327;808 068;A01;2;7;0;0;7;0;0;
5015;202200003328;808 069;A01;2;1;0;1;1;1;5;
5016;202200003329;808 064;B01;2;7;0;2;3;17;1;
5017;202200003329;808 067;A01;2;1;0;2;3;16;5;
5018;202200003330;808 065;A01;1;7;2;0;1;0;1;
5019;202200003331;808 062;B01;3;50;0;2;8;19;3;
5020;202200003331;808 063;A01;2;7;0;2;1;1;0;
5021;202200003332;808 059;A01;3;30;12;0;7;14;3;
5022;202200003333;808 058;A01;1;7;0;2;1;15;1;
5023;202200003333;808 061;B01;2;2;0;2;1;1;1;
5024;202200003334;808 057;B01;1;7;8;2;5;1;1;
5025;202200003334;808 060;A01;1;7;0;2;2;19;1;
5026;202200003335;808 056;A01;1;30;8;0;1;5;1;
5027;202200003337;808 055;A01;0;7;0;1;2;1;1;
5028;202200003338;808 052;A01;1;7;4;2;1;17;1;
5029;202200003338;808 053;B01;1;1;4;0;4;26;5;
5030;202200003339;808 049;A01;0;10;0;2;2;16;1;
5031;202200003339;808 050;B01;0;50;0;2;7;1;3;
5032;202200003340;808 048;A01;2;1;0;2;1;1;5;
5033;202200003340;808 051;B01;1;34;0;2;7;15;1;
5034;202200003341;808 046;B01;0;7;0;2;7;1;1;
5035;202200003341;808 047;A01;0;10;6;2;1;16;1;
5036;202200003342;808 044;A01;1;7;0;2;3;13;1;
5037;202200003342;808 045;B01;2;7;0;2;8;1;0;
5038;202200003344;808 041;A01;1;32;0;0;1;17;1;
5039;202200003345;808 042;A01;2;33;14;0;3;13;1;
5040;202200003346;808 038;B01;2;7;0;0;8;23;1;
5041;202200003346;808 040;A01;2;32;0;2;8;17;1;
5042;202200003347;808 035;A01;2;7;1;0;2;1;1;
5043;202200003349;808 034;B01;0;7;8;0;1;17;1;
5044;202200003349;808 037;A01;0;7;8;0;8;15;1;
5045;202200003350;808 028;A01;1;32;0;2;4;1;1;
5046;202200003350;808 031;B01;1;7;0;2;1;1;0;
5047;202200003351;808 026;A01;1;7;0;2;3;15;1;
5048;202200003351;808 030;B01;2;1;0;2;1;1;5;
5049;202200003353;808 022;A01;1;10;0;1;3;1;0;
5050;202200003354;808 020;B01;1;33;1;0;8;13;1;
5051;202200003354;808 024;C01;1;7;0;2;7;1;1;
5052;202200003355;808 019;A01;1;33;0;2;7;17;1;
5053;202200003355;808 021;B01;1;1;0;2;8;13;5;
5054;202200003356;808 018;A01;1;32;0;0;0;16;1;
5055;202200003357;808 014;B01;1;7;0;2;6;2;1;
5056;202200003357;808 016;A01;1;10;0;2;6;2;1;
5057;202200003358;808 017;A01;1;10;0;1;1;15;1;
5058;202200003359;808 013;B01;1;2;0;2;1;1;1;
5059;202200003359;808 015;A01;3;7;0;2;7;19;1;
5060;202200003360;808 011;A01;2;10;0;2;2;15;1;
5061;202200003360;808 012;B01;1;7;0;2;1;1;1;
5062;202200003361;808 008;A01;1;7;0;1;5;19;1;
5063;202200003362;808 009;A01;1;33;16;0;3;14;1;
5064;202200003363;808 006;A01;0;7;0;1;0;0;1;
5065;202200003364;808 005;A01;2;33;0;5;3;1;1;
5066;202200003365;807 997;B01;2;10;4;2;6;2;1;
5067;202200003365;808 000;A01;2;7;0;2;1;1;1;
5068;202200003366;808 001;B01;0;7;0;2;1;1;1;
5069;202200003366;808 003;A01;0;15;0;2;2;15;1;
5070;202200003367;807 995;B01;2;10;0;2;8;1;1;
5071;202200003367;807 998;A01;1;7;0;2;3;13;1;
5072;202200003368;807 992;B01;2;17;0;0;6;23;1;
5073;202200003368;807 994;A01;2;7;0;0;2;1;1;
5074;202200003369;807 993;A01;0;50;0;0;1;15;3;
5075;202200003370;807 989;A01;2;7;0;2;1;13;1;
5076;202200003370;807 991;B01;1;10;0;2;1;1;1;
5077;202200003372;807 987;A01;2;7;0;1;3;19;1;
5078;202200003373;807 985;A01;0;7;0;1;2;1;1;
5079;202200003374;807 984;A01;1;7;0;1;1;1;1;
5080;202200003375;807 983;A01;2;7;7;0;1;1;1;
5081;202200003376;807 982;A01;1;10;0;2;8;15;1;
5082;202200003376;807 986;B01;1;32;0;2;7;2;1;
5083;202200003377;807 977;Z01;1;7;0;2;1;1;1;
5084;202200003377;807 980;B01;1;7;0;2;4;1;1;
5085;202200003378;807 975;A01;2;32;13;0;1;16;1;
5086;202200003379;807 970;B01;2;60;0;2;8;19;5;
5087;202200003379;807 971;A01;2;7;0;2;1;1;1;
5088;202200003380;807 972;A01;1;34;0;2;8;18;1;
5089;202200003380;807 974;B01;1;7;0;2;7;26;1;
5090;202200003382;807 966;A01;1;33;15;0;4;25;1;
5091;202200003383;807 964;B01;1;7;0;2;4;12;1;
5092;202200003383;807 968;A01;1;7;0;2;1;12;1;
5093;202200003385;807 965;A01;2;7;8;0;3;13;1;
5094;202200003386;807 960;A01;1;2;0;0;7;1;1;
5095;202200003387;807 961;A01;3;7;8;0;1;14;1;
5096;202200003388;807 959;A01;1;7;4;2;4;2;1;
5097;202200003388;807 962;B01;1;34;4;2;1;2;1;
5098;202200003389;807 958;A01;3;2;0;0;0;1;1;
5099;202200003390;807 957;A01;2;7;13;0;1;1;1;
5100;202200003391;807 956;A01;1;7;4;0;2;1;0;
5101;202200003392;807 951;B01;1;17;0;2;4;2;1;
5102;202200003392;807 953;A01;1;7;0;2;1;1;1;
5103;202200003394;807 950;A01;1;1;0;2;1;1;5;
5104;202200003394;807 954;B01;2;7;0;2;2;19;1;
5105;202200003395;807 948;A01;1;7;0;2;1;15;1;
5106;202200003395;807 952;C01;2;7;0;2;1;1;1;
5107;202200003395;807 955;B01;1;7;0;2;8;0;1;
5108;202200003396;807 947;A01;2;15;13;0;2;14;1;
5109;202200003399;807 944;A01;3;7;0;1;1;1;2;
5110;202200003400;807 941;B01;2;1;0;0;0;1;5;
5111;202200003401;807 940;A01;1;14;0;4;5;26;1;
5112;202200003401;807 942;B01;2;39;0;4;1;1;3;
5113;202200003402;807 938;A01;1;7;0;1;2;2;1;
5114;202200003403;807 935;B01;1;1;0;2;8;2;5;
5115;202200003403;807 937;A01;1;7;0;2;7;2;1;
5116;202200003404;807 936;B01;2;7;0;2;3;15;1;
5117;202200003404;807 939;A01;1;10;0;2;1;1;1;
5118;202200003405;807 934;A01;3;2;0;0;0;0;1;
5119;202200003406;807 933;A01;2;15;5;0;1;1;1;
5120;202200003407;807 932;A01;1;99;0;1;5;20;1;
5121;202200003408;807 927;B01;3;7;0;2;0;10;1;
5122;202200003408;807 930;A01;3;7;6;2;1;13;1;
5123;202200003409;807 925;A01;1;7;0;2;2;13;1;
5124;202200003409;807 928;B01;2;7;0;2;1;1;1;
5125;202200003410;807 929;A01;1;7;0;2;3;15;1;
5126;202200003410;807 931;B01;2;1;0;2;1;1;5;
5127;202200003412;807 922;A01;1;33;8;0;0;0;1;
5128;202200003413;807 921;A01;3;7;0;9;2;1;1;
5129;202200003413;807 923;B01;3;1;0;0;1;1;5;
5130;202200003414;807 919;A01;2;7;0;0;2;13;1;
5131;202200003414;807 920;B01;1;7;0;0;3;1;1;
5132;202200003415;807 917;A01;3;38;0;1;8;15;1;1.0
5133;202200003417;807 916;A01;0;7;0;1;7;1;1;
5134;202200003418;807 913;C01;2;15;0;2;1;1;1;
5135;202200003418;807 915;A01;1;3;1;2;1;1;1;
5136;202200003421;807 912;A01;0;30;1;0;1;13;1;
5137;202200003422;807 908;A01;2;7;0;1;7;17;1;
5138;202200003423;807 910;A01;2;7;2;0;2;1;1;
5139;202200003424;807 907;A01;1;7;0;1;1;16;1;
5140;202200003425;807 904;A01;3;32;0;2;7;7;1;
5141;202200003425;807 906;B01;1;37;0;2;1;1;1;1.0
5142;202200003426;807 903;A01;3;7;0;1;2;1;1;
5143;202200003428;807 900;B01;1;7;0;2;1;1;1;
5144;202200003428;807 902;A01;2;7;0;2;1;26;1;
5145;202200003429;807 898;A01;3;7;0;2;1;1;1;
5146;202200003429;807 899;B01;3;2;0;2;1;1;1;
5147;202200003430;807 896;A01;2;7;0;1;2;21;1;
5148;202200003431;807 894;A01;2;7;0;2;0;16;1;
5149;202200003431;807 897;B01;2;37;0;2;0;1;1;5.0
5150;202200003432;807 893;B01;3;7;0;2;3;5;1;
5151;202200003432;807 895;A01;3;7;0;2;3;5;1;
5152;202200003433;807 891;A01;2;7;0;1;2;20;1;
5153;202200003434;807 888;A01;0;7;0;1;4;4;1;
5154;202200003435;807 889;A01;1;33;0;2;8;15;1;
5155;202200003435;807 892;B01;1;7;0;2;1;1;2;
5156;202200003436;807 887;A01;1;7;0;2;7;16;1;
5157;202200003436;807 890;B01;1;1;0;2;1;1;5;
5158;202200003437;807 884;B01;2;1;0;2;4;1;5;
5159;202200003437;807 886;A01;2;7;0;2;1;2;1;
5160;202200003438;807 883;A01;2;7;6;0;1;1;1;
5161;202200003439;807 882;A01;3;2;0;2;1;1;1;
5162;202200003440;807 881;B01;1;7;0;2;2;2;1;
5163;202200003440;807 885;A01;1;41;0;2;4;1;1;
5164;202200003441;807 879;A01;2;7;0;2;2;19;1;
5165;202200003441;807 880;B01;2;1;0;2;1;1;5;
5166;202200003442;807 877;A01;1;33;0;0;8;13;1;
5167;202200003443;807 875;B01;2;7;0;0;4;26;1;
5168;202200003443;807 876;A01;2;7;0;2;1;9;1;
5169;202200003444;807 873;A01;2;7;0;2;1;2;1;
5170;202200003444;807 878;B01;2;21;0;0;4;15;1;
5171;202200003445;807 871;B01;1;7;0;2;6;26;1;
5172;202200003445;807 872;A01;1;32;0;2;1;6;1;
5173;202200003447;807 866;B01;0;30;0;2;3;1;1;
5174;202200003447;807 869;A01;0;7;0;2;1;1;1;
5175;202200003448;807 865;A01;3;2;0;2;3;13;3;
5176;202200003448;807 867;B01;3;10;0;2;3;1;1;
5177;202200003449;807 861;B01;2;1;0;2;6;15;5;
5178;202200003449;807 863;A01;2;7;0;9;6;17;1;
5179;202200003450;807 860;A01;0;7;0;2;8;1;1;
5180;202200003450;807 864;B01;0;7;0;2;1;1;1;
5181;202200003451;807 859;B01;0;32;0;2;8;1;1;
5182;202200003451;807 862;A01;0;7;0;2;1;9;1;
5183;202200003452;807 856;A01;1;10;0;2;1;1;1;
5184;202200003452;807 858;B01;1;3;0;2;4;2;1;
5185;202200003453;807 853;A01;3;7;0;2;3;16;1;
5186;202200003453;807 857;B01;2;1;0;2;7;1;5;
5187;202200003454;807 852;B01;0;80;0;2;1;1;3;
5188;202200003454;807 855;A01;0;7;0;9;2;16;1;
5189;202200003455;807 851;A01;1;7;0;2;7;1;1;
5190;202200003455;807 854;B01;3;7;0;2;7;1;1;
5191;202200003456;807 849;B01;1;33;0;2;1;1;1;
5192;202200003456;807 850;A01;2;7;0;2;2;15;1;
5193;202200003459;807 843;B01;1;50;0;2;7;1;3;
5194;202200003459;807 846;A01;2;7;0;2;1;1;0;
5195;202200003460;807 840;A01;0;7;0;2;3;13;1;
5196;202200003460;807 842;B01;0;7;0;2;3;1;1;
5197;202200003461;807 839;A01;2;7;6;0;2;1;1;
5198;202200003463;807 835;A01;0;7;0;2;1;1;1;
5199;202200003463;807 838;B01;0;99;0;2;0;26;1;
5200;202200003464;807 834;A01;2;7;0;2;7;17;1;
5201;202200003464;807 836;B01;2;2;13;2;8;1;1;
5202;202200003465;807 830;B01;2;17;0;0;6;9;1;
5203;202200003465;807 833;A01;2;10;0;2;1;1;1;