;Num_Acc;id_vehicule;num_veh;senc;catv;obs;obsm;choc;manv;motor;occutc
5204;202200003466;807 827;A01;3;10;0;2;2;2;1;
5205;202200003466;807 831;B01;3;1;0;2;4;1;5;
5206;202200003467;807 826;B01;1;7;0;2;2;0;1;
5207;202200003467;807 828;A01;1;7;0;2;3;15;1;
5208;202200003468;807 823;A01;1;7;4;0;1;0;1;
5209;202200003469;807 821;A01;1;7;0;0;5;1;1;
5210;202200003469;807 824;B01;1;33;0;2;3;1;1;
5211;202200003470;807 819;C01;2;7;0;2;1;1;1;
5212;202200003470;807 822;B01;1;7;0;2;6;1;1;
5213;202200003470;807 825;A01;1;7;0;2;2;2;1;
5214;202200003472;807 816;C01;3;7;0;2;3;23;2;
5215;202200003472;807 817;B01;3;7;0;2;3;1;1;
5216;202200003472;807 820;A01;3;7;0;2;3;1;1;
5217;202200003473;807 814;A01;1;7;12;0;2;0;1;
5218;202200003474;807 815;A01;3;7;13;0;1;1;1;
5219;202200003475;807 812;A01;3;7;0;2;3;15;1;
5220;202200003475;807 813;B01;3;32;0;2;1;1;1;
5221;202200003476;807 807;A01;1;7;0;2;2;9;1;
5222;202200003476;807 810;B01;1;2;0;2;1;9;1;
5223;202200003477;807 806;A01;1;7;0;2;1;1;1;
5224;202200003477;807 808;B01;1;7;0;2;4;23;1;
5225;202200003477;807 811;C01;1;7;0;2;4;23;1;
5226;202200003480;807 799;A01;1;7;0;2;2;15;1;
5227;202200003480;807 802;B01;2;1;0;2;1;1;5;
5228;202200003481;807 800;A01;1;7;8;1;1;16;1;
5229;202200003482;807 795;B01;1;7;8;2;3;1;1;
5230;202200003482;807 797;A01;3;7;0;2;1;1;1;
5231;202200003483;807 790;F01;1;10;0;2;4;2;1;
5232;202200003483;807 793;E01;1;7;0;2;4;2;1;
5233;202200003483;807 796;D01;1;7;0;2;4;2;1;
5234;202200003483;807 798;C01;1;7;0;2;4;2;1;
5235;202200003483;807 801;B01;1;7;0;2;4;2;1;
5236;202200003483;807 804;A01;1;15;0;2;1;2;1;
5237;202200003484;807 788;A01;1;30;0;2;3;1;1;
5238;202200003484;807 792;B01;2;7;0;2;3;15;1;
5239;202200003485;807 786;B01;2;15;0;2;3;21;1;
5240;202200003485;807 789;A01;1;7;0;2;2;5;1;
5241;202200003487;807 783;A01;1;80;0;9;7;19;3;
5242;202200003487;807 785;B01;1;33;0;9;3;1;1;
5243;202200003488;807 782;A01;1;7;0;1;1;1;1;
5244;202200003489;807 780;B01;2;1;0;2;1;1;5;
5245;202200003489;807 784;A01;2;10;0;2;2;16;1;
5246;202200003490;807 777;C01;2;10;0;2;1;2;3;
5247;202200003490;807 779;B01;2;7;0;2;1;1;1;
5248;202200003490;807 781;A01;1;7;0;2;1;5;1;
5249;202200003491;807 778;A01;0;7;0;0;0;1;0;
5250;202200003492;807 775;A01;1;7;9;0;1;13;1;
5251;202200003493;807 773;A01;0;7;0;1;1;1;1;
5252;202200003494;807 769;B01;2;7;0;0;3;1;1;
5253;202200003494;807 770;A01;1;7;0;2;3;0;1;
5254;202200003495;807 771;A01;1;30;0;0;7;1;1;
5255;202200003496;807 774;B01;2;1;0;2;8;1;5;
5256;202200003496;807 776;Z01;1;7;0;2;1;15;0;
5257;202200003497;807 765;B01;-1;7;0;2;1;2;1;
5258;202200003497;807 768;A01;-1;33;0;2;4;23;1;
5259;202200003498;807 764;B01;2;1;0;2;6;15;5;
5260;202200003498;807 767;A01;2;3;0;2;2;2;1;
5261;202200003499;807 772;A01;2;7;13;0;3;1;1;
5262;202200003500;807 763;B01;2;1;0;2;7;1;5;
5263;202200003500;807 766;A01;1;7;0;2;2;15;1;
5264;202200003501;807 762;A01;2;7;0;1;1;1;1;
5265;202200003502;807 760;A01;2;7;14;0;9;26;1;
5266;202200003505;807 756;A01;1;7;0;2;3;1;1;
5267;202200003506;807 754;B01;2;7;0;2;4;16;1;
5268;202200003506;807 757;A01;2;1;0;2;1;2;5;
5269;202200003507;807 758;A01;1;7;13;0;1;14;1;
5270;202200003508;807 753;B01;2;33;0;2;1;1;1;
5271;202200003508;807 755;A01;1;7;0;0;5;26;1;
5272;202200003509;807 748;A01;1;7;0;2;1;1;1;
5273;202200003509;807 752;B01;1;7;0;2;8;1;1;
5274;202200003510;807 750;A01;1;7;0;1;3;1;1;
5275;202200003511;807 745;A01;1;50;12;0;1;1;3;
5276;202200003512;807 744;A01;1;7;0;2;4;2;1;
5277;202200003512;807 749;C01;1;7;0;2;1;2;1;
5278;202200003512;807 751;B01;1;7;0;2;1;2;1;
5279;202200003513;807 741;A01;1;7;3;2;1;2;1;
5280;202200003513;807 742;B01;1;7;3;2;4;2;1;
5281;202200003514;807 740;A01;1;7;9;1;2;16;1;
5282;202200003515;807 743;C01;2;7;0;2;8;2;1;
5283;202200003515;807 746;B01;1;10;0;2;8;1;1;
5284;202200003515;807 747;A01;2;10;0;2;1;13;1;
5285;202200003516;807 739;A01;1;7;0;1;2;16;1;
5286;202200003517;807 737;A01;2;10;0;1;1;1;1;
5287;202200003518;807 736;A01;3;7;0;2;2;9;1;
5288;202200003518;807 738;B01;3;1;0;2;8;9;5;
5289;202200003519;807 733;B01;2;7;0;2;4;2;1;
5290;202200003519;807 735;A01;2;10;0;2;1;2;1;
5291;202200003520;807 727;A01;1;33;0;2;2;18;1;
5292;202200003520;807 731;B01;1;7;0;2;3;1;1;
5293;202200003521;807 732;B01;2;7;0;2;1;1;1;
5294;202200003521;807 734;A01;1;21;0;0;8;9;1;
5295;202200003522;807 726;A01;2;7;0;2;1;2;1;
5296;202200003522;807 728;B01;2;3;0;2;4;2;1;
5297;202200003522;807 730;C01;2;7;0;1;4;2;1;
5298;202200003524;807 724;A01;1;2;1;0;1;1;1;
5299;202200003525;807 725;A01;0;43;8;0;3;1;1;
5300;202200003526;807 722;A01;1;2;0;2;2;17;1;
5301;202200003526;807 723;B01;1;7;0;2;8;15;1;
5302;202200003527;807 720;A01;3;7;0;2;1;2;1;
5303;202200003527;807 721;B01;0;7;0;2;4;1;1;
5304;202200003528;807 716;B01;3;1;0;2;5;1;5;
5305;202200003528;807 718;A01;3;7;0;9;3;9;1;
5306;202200003529;807 714;B01;2;2;0;2;2;26;1;
5307;202200003529;807 717;A01;2;7;0;2;6;26;1;
5308;202200003531;807 708;B01;2;37;0;2;1;1;3;3.0
5309;202200003531;807 713;A01;1;7;0;2;3;5;1;
5310;202200003532;807 710;A01;1;37;0;2;5;17;1;1.0
5311;202200003532;807 712;B01;1;1;0;2;3;14;5;
5312;202200003533;807 706;A01;2;7;0;0;9;1;1;
5313;202200003534;807 703;A01;2;7;0;1;1;1;1;
5314;202200003536;807 701;D01;1;10;0;2;2;2;1;
5315;202200003536;807 704;C01;1;7;0;2;9;2;1;
5316;202200003536;807 707;B01;1;7;0;2;9;2;1;
5317;202200003536;807 709;A01;1;14;0;0;4;2;1;
5318;202200003538;807 696;A01;1;7;0;2;1;26;1;
5319;202200003538;807 698;B01;1;7;0;2;4;1;1;
5320;202200003539;807 694;B01;2;7;0;2;5;2;1;
5321;202200003539;807 697;A01;2;31;0;2;1;2;1;
5322;202200003540;807 693;B01;2;33;0;2;1;2;0;
5323;202200003540;807 695;A01;2;7;0;2;4;23;1;
5324;202200003541;807 692;A01;1;7;0;1;1;16;1;
5325;202200003542;807 690;A01;1;7;8;0;1;14;1;
5326;202200003544;807 688;A01;1;7;0;2;1;13;1;
5327;202200003544;807 691;B01;1;10;0;2;1;2;1;
5328;202200003545;807 687;A01;1;7;0;1;3;1;1;
5329;202200003546;807 685;A01;2;43;14;0;7;21;1;
5330;202200003547;807 682;A01;2;33;0;2;1;26;1;
5331;202200003547;807 683;B01;2;7;0;2;5;23;1;
5332;202200003548;807 679;B01;1;7;0;2;7;1;1;
5333;202200003548;807 681;A01;0;2;0;2;1;15;1;
5334;202200003550;807 677;A01;3;50;0;1;1;1;3;
5335;202200003551;807 675;A01;1;7;0;2;6;10;1;
5336;202200003551;807 676;B01;1;33;0;2;1;1;1;
5337;202200003552;807 671;A01;3;30;6;0;8;13;1;
5338;202200003553;807 670;A01;1;7;0;2;1;13;1;
5339;202200003553;807 672;B01;2;7;2;0;8;1;1;
5340;202200003553;807 674;C01;2;10;0;2;3;1;1;
5341;202200003555;807 664;A01;2;7;0;2;3;13;1;
5342;202200003555;807 666;B01;1;7;0;2;3;1;1;
5343;202200003556;807 663;A01;2;10;0;2;0;0;1;
5344;202200003556;807 667;B01;2;10;0;0;0;0;1;
5345;202200003556;807 669;C01;2;10;0;0;0;0;1;
5346;202200003557;807 659;A01;1;33;0;0;1;2;1;
5347;202200003558;807 658;A01;1;7;8;0;3;1;1;
5348;202200003559;807 657;A01;3;10;0;2;1;19;1;
5349;202200003559;807 662;B01;3;7;0;2;3;19;1;
5350;202200003560;807 656;A01;1;7;0;2;7;12;1;
5351;202200003560;807 660;B01;1;43;0;2;1;3;1;
5352;202200003560;807 661;C01;1;7;0;2;5;23;1;
5353;202200003560;807 665;D01;1;7;0;2;6;23;1;
5354;202200003561;807 655;A01;2;7;2;0;1;0;1;
5355;202200003562;807 653;A01;1;7;0;0;5;15;1;
5356;202200003562;807 654;B01;2;33;0;2;7;21;1;
5357;202200003563;807 650;B01;2;43;0;2;1;3;1;
5358;202200003563;807 651;A01;2;7;0;2;7;12;1;
5359;202200003564;807 647;A01;2;33;0;0;8;1;1;
5360;202200003565;807 648;A01;2;7;0;2;1;2;1;
5361;202200003565;807 652;B01;2;10;0;2;4;1;1;
5362;202200003566;807 646;A01;3;7;0;2;3;15;1;
5363;202200003566;807 649;B01;3;30;0;2;1;1;1;
5364;202200003568;807 640;B01;2;7;0;2;4;1;2;
5365;202200003568;807 644;A01;2;7;0;2;1;2;1;
5366;202200003569;807 638;B01;1;7;0;2;3;1;1;
5367;202200003569;807 642;A01;2;33;0;2;3;13;1;
5368;202200003570;807 635;A01;2;7;0;2;2;1;1;
5369;202200003570;807 637;B01;2;13;0;2;6;23;1;
5370;202200003571;807 632;B01;2;7;0;2;4;11;1;
5371;202200003571;807 636;A01;2;33;0;2;1;3;1;
5372;202200003572;807 630;A01;1;33;0;2;1;1;1;
5373;202200003572;807 633;B01;1;7;0;2;8;15;1;
5374;202200003573;807 629;B01;3;7;0;2;8;0;3;
5375;202200003573;807 634;A01;3;10;0;2;2;1;1;
5376;202200003574;807 628;B01;1;7;0;2;3;1;1;
5377;202200003574;807 631;A01;2;7;0;2;3;13;1;
5378;202200003576;807 623;B01;2;10;0;2;4;2;1;
5379;202200003576;807 626;A01;2;10;0;2;1;2;1;
5380;202200003577;807 622;B01;2;7;0;2;7;1;1;
5381;202200003577;807 627;A01;1;7;0;2;1;19;1;
5382;202200003578;807 621;A01;3;7;0;1;4;20;1;
5383;202200003580;807 616;B01;1;33;0;2;1;1;1;
5384;202200003580;807 620;A01;2;7;0;2;3;16;1;
5385;202200003581;807 615;B01;2;7;0;2;8;0;3;
5386;202200003581;807 618;A01;2;33;0;2;8;1;1;
5387;202200003582;807 613;A01;1;40;0;1;2;1;3;
5388;202200003583;807 612;A01;1;7;13;0;8;1;1;
5389;202200003584;807 609;A01;2;7;0;2;3;9;1;
5390;202200003584;807 614;B01;2;33;0;2;5;1;1;
5391;202200003585;807 605;A01;2;10;0;2;1;2;1;
5392;202200003585;807 610;B01;2;7;0;0;5;2;1;
5393;202200003586;807 603;A01;3;33;0;2;1;13;1;
5394;202200003586;807 607;B01;3;30;0;2;1;1;3;
5395;202200003587;807 604;C01;2;10;0;2;8;1;1;
5396;202200003587;807 608;B01;2;33;0;2;2;3;1;
5397;202200003587;807 611;A01;2;33;0;2;2;9;1;
5398;202200003588;807 602;A01;2;1;0;2;1;25;5;
5399;202200003588;807 606;B01;3;10;0;2;2;9;1;
5400;202200003589;807 599;A01;2;34;0;0;0;1;1;
5401;202200003590;807 600;A01;1;33;0;0;0;1;1;
5402;202200003591;807 598;A01;2;7;0;2;3;15;1;
5403;202200003591;807 601;B01;1;1;0;2;1;1;5;
5404;202200003592;807 595;B01;3;32;4;2;3;2;1;
5405;202200003593;807 596;A01;1;7;0;2;1;2;1;
5406;202200003593;807 597;B01;1;7;0;2;0;2;1;
5407;202200003594;807 594;A01;1;7;11;0;3;1;1;
5408;202200003595;807 590;A01;1;7;0;9;8;20;1;
5409;202200003595;807 592;B01;1;30;0;2;1;1;1;
5410;202200003596;807 588;A01;2;7;0;2;1;1;1;
5411;202200003596;807 591;B01;1;7;0;2;8;15;1;
5412;202200003597;807 589;A01;1;1;0;1;1;1;5;
5413;202200003598;807 586;A01;1;7;4;0;3;1;1;
5414;202200003600;807 582;A01;1;7;0;2;3;13;1;
5415;202200003600;807 583;B01;2;7;0;2;3;15;1;
5416;202200003601;807 581;A01;3;7;8;0;1;1;2;
5417;202200003602;807 579;A01;2;7;0;1;7;21;1;
5418;202200003604;807 575;A01;1;7;0;1;1;26;1;
5419;202200003605;807 576;A01;2;7;0;2;7;7;1;
5420;202200003605;807 580;B01;2;7;0;2;3;11;1;
5421;202200003607;807 570;A01;1;2;0;2;4;0;1;
5422;202200003607;807 572;B01;1;7;0;2;4;23;1;
5423;202200003608;807 568;Z01;1;99;0;1;0;0;0;
5424;202200003609;807 566;A01;1;1;0;0;3;1;5;
5425;202200003610;807 565;A01;1;7;3;0;3;9;1;
5426;202200003611;807 562;A01;0;7;0;2;1;1;0;
5427;202200003611;807 564;B01;0;1;0;2;4;1;5;
5428;202200003612;807 561;A01;2;7;0;1;1;15;0;
5429;202200003613;807 559;A01;2;50;1;0;1;17;3;
5430;202200003614;807 558;B01;3;37;0;2;7;1;1;3.0
5431;202200003614;807 563;A01;3;7;0;2;1;26;1;
5432;202200003615;807 554;A01;0;1;0;9;1;0;5;
5433;202200003616;807 553;A01;3;7;0;2;4;4;1;
5434;202200003616;807 555;B01;3;1;0;2;1;1;5;
5435;202200003617;807 550;D01;2;7;0;2;4;2;1;
5436;202200003617;807 556;C01;2;7;0;2;4;2;1;
5437;202200003617;807 557;B01;2;7;0;2;4;2;1;
5438;202200003617;807 560;A01;2;17;0;2;1;2;1;
5439;202200003619;807 547;B01;2;13;0;2;1;1;1;
5440;202200003619;807 548;A01;1;7;0;2;2;13;1;
5441;202200003620;807 546;B01;3;30;0;2;3;1;1;
5442;202200003620;807 551;A01;3;7;0;2;3;15;1;
5443;202200003621;807 544;A01;2;33;0;0;8;1;1;
5444;202200003622;807 540;A01;2;7;0;1;2;1;1;
5445;202200003623;807 542;A01;1;7;0;1;3;26;1;
5446;202200003624;807 539;B01;3;7;0;2;4;1;2;
5447;202200003624;807 541;A01;3;7;0;2;1;1;1;
5448;202200003625;807 534;B01;2;10;0;2;6;1;1;
5449;202200003625;807 537;A01;2;33;0;2;1;21;1;
5450;202200003626;807 533;B01;1;7;0;2;3;23;1;
5451;202200003626;807 536;A01;2;7;0;2;3;21;1;
5452;202200003627;807 532;A01;1;2;0;2;1;2;1;
5453;202200003627;807 538;B01;1;7;0;2;4;2;1;
5454;202200003630;807 525;B01;2;1;0;2;5;1;5;
5455;202200003630;807 528;A01;2;7;0;2;1;9;1;
5456;202200003631;807 523;B01;1;7;4;2;5;0;1;
5457;202200003631;807 526;A01;1;7;4;2;3;17;1;
5458;202200003632;807 522;A01;1;7;0;2;0;17;1;
5459;202200003632;807 527;B01;1;1;0;2;0;2;5;
5460;202200003633;807 516;A01;0;34;0;2;3;9;0;
5461;202200003633;807 519;B01;1;1;0;2;1;9;5;
5462;202200003635;807 518;B01;3;50;0;2;1;2;3;
5463;202200003635;807 521;A01;3;7;0;2;8;1;1;
5464;202200003636;807 514;A01;1;10;1;0;2;0;1;
5465;202200003636;807 515;B01;1;14;1;0;6;23;1;
5466;202200003637;807 513;A01;1;7;13;0;8;15;1;
5467;202200003638;807 511;Z01;1;2;0;1;1;25;1;
5468;202200003639;807 510;A01;3;30;0;0;7;14;1;
5469;202200003640;807 509;A01;3;7;0;1;2;26;1;
5470;202200003641;807 504;A01;1;7;0;2;1;2;2;
5471;202200003641;807 506;B01;1;7;0;2;4;2;1;
5472;202200003641;807 512;C01;1;7;0;2;4;2;1;
5473;202200003642;807 501;A01;1;7;0;2;2;9;1;
5474;202200003642;807 508;B01;1;7;0;2;1;1;1;
5475;202200003643;807 498;B01;1;1;0;2;0;26;5;
5476;202200003643;807 502;A01;1;32;0;9;0;26;1;
5477;202200003645;807 500;A01;3;7;0;2;2;15;1;
5478;202200003645;807 503;B01;3;1;0;2;1;0;5;
5479;202200003646;807 495;B01;1;1;0;2;8;19;5;
5480;202200003646;807 496;A01;1;7;0;2;1;1;1;
5481;202200003647;807 492;A01;2;32;0;0;1;1;1;
5482;202200003649;807 489;A01;1;15;0;0;7;26;1;
5483;202200003650;807 488;B01;2;10;0;2;3;1;1;
5484;202200003650;807 491;A01;1;7;0;2;1;1;1;
5485;202200003651;807 484;A01;1;7;3;0;1;0;1;
5486;202200003653;807 480;A01;1;33;1;0;1;2;1;
5487;202200003653;807 485;C01;1;7;-1;-1;-1;0;-1;
5488;202200003654;807 479;B01;1;7;0;2;4;1;1;
5489;202200003654;807 482;A01;1;2;0;2;1;1;1;
5490;202200003655;807 477;A01;3;7;0;2;3;15;0;
5491;202200003655;807 481;B01;2;60;0;2;1;2;5;
5492;202200003658;807 474;A01;2;7;13;0;1;13;6;
5493;202200003659;807 469;A01;1;7;0;2;7;15;1;
5494;202200003659;807 473;B01;2;7;0;2;2;1;1;
5495;202200003660;807 466;B01;3;7;0;2;1;2;1;
5496;202200003660;807 471;A01;1;7;0;2;7;2;1;
5497;202200003661;807 463;B01;2;7;0;2;1;1;1;
5498;202200003661;807 467;A01;2;7;0;2;4;1;1;
5499;202200003662;807 462;A01;3;2;0;2;1;17;1;
5500;202200003662;807 465;B01;3;10;0;2;1;15;1;
5501;202200003663;807 458;A01;1;7;0;2;0;26;1;
5502;202200003663;807 461;B01;1;3;0;2;7;0;3;
5503;202200003664;807 453;G01;1;50;0;2;7;1;3;
5504;202200003664;807 456;F01;1;7;0;2;3;20;-1;
5505;202200003665;807 455;A01;1;7;0;2;8;11;1;
5506;202200003665;807 459;B01;1;80;0;2;1;1;3;
5507;202200003666;807 452;A01;3;7;0;1;2;1;1;
5508;202200003667;807 447;A01;1;7;0;1;2;1;2;
5509;202200003668;807 448;A01;1;7;0;2;3;1;1;
5510;202200003668;807 450;B01;1;50;0;2;0;26;3;
5511;202200003669;807 445;A01;3;7;0;1;3;1;1;
5512;202200003670;807 442;B01;2;7;0;2;3;16;1;
5513;202200003670;807 446;A01;2;10;0;2;1;26;0;
5514;202200003671;807 437;A01;1;7;0;2;1;1;1;
5515;202200003671;807 443;B01;1;7;0;2;4;1;1;
5516;202200003671;807 444;C01;1;7;0;2;4;0;1;
5517;202200003672;807 438;A01;3;7;0;2;1;15;1;
5518;202200003672;807 441;B01;3;7;0;2;8;1;1;
5519;202200003673;807 436;D01;2;7;0;2;0;1;1;
5520;202200003673;807 439;E01;2;7;0;2;0;1;1;
5521;202200003673;807 440;F01;1;7;0;2;8;1;1;
5522;202200003673;807 449;G01;1;7;0;2;2;1;1;
5523;202200003673;807 451;A01;2;14;4;2;3;1;1;
5524;202200003673;807 454;B01;2;7;0;2;0;0;1;
5525;202200003673;807 457;C01;2;7;0;2;0;0;1;
5526;202200003674;807 434;A01;2;7;1;0;9;13;1;
5527;202200003675;807 432;A01;3;7;15;0;3;21;1;
5528;202200003676;807 433;B01;2;2;0;2;7;15;1;
5529;202200003676;807 435;A01;1;7;0;2;1;1;1;
5530;202200003677;807 430;A01;1;30;16;0;3;15;1;
5531;202200003678;807 429;B01;1;1;0;2;7;1;5;
5532;202200003678;807 431;A01;2;7;0;2;8;19;1;
5533;202200003679;807 427;A01;1;7;0;1;2;21;1;
5534;202200003680;807 425;A01;1;7;0;2;5;20;1;
5535;202200003680;807 428;B01;1;50;0;2;1;1;3;
5536;202200003681;807 422;B01;3;7;0;2;4;1;1;
5537;202200003681;807 426;A01;3;7;0;2;1;1;1;
5538;202200003682;807 421;B01;3;7;0;2;3;11;1;
5539;202200003682;807 424;A01;3;31;0;2;8;1;1;
5540;202200003683;807 420;B01;1;32;0;2;1;1;1;
5541;202200003683;807 423;A01;2;7;0;2;3;15;1;
5542;202200003685;807 419;A01;1;7;1;0;3;16;1;
5543;202200003686;807 414;A01;3;7;0;2;1;1;0;
5544;202200003686;807 418;B01;3;2;0;2;3;16;1;
5545;202200003687;807 413;A01;1;30;0;2;8;18;1;
5546;202200003687;807 416;B01;1;7;0;9;7;1;1;
5547;202200003688;807 411;A01;1;7;0;2;1;1;1;
5548;202200003688;807 412;B01;1;7;0;2;4;1;2;
5549;202200003689;807 407;A01;2;2;0;2;1;1;1;
5550;202200003689;807 408;B01;1;7;0;2;3;23;1;
5551;202200003691;807 405;B01;2;32;0;2;8;18;1;
5552;202200003691;807 409;A01;2;7;0;2;7;1;1;
5553;202200003692;807 401;B01;1;10;0;0;8;10;1;
5554;202200003692;807 402;A01;1;50;0;2;1;1;3;
5555;202200003693;807 398;B01;1;7;1;0;4;20;1;
5556;202200003693;807 400;A01;1;7;0;2;1;2;1;
5557;202200003694;807 396;B01;1;7;0;2;3;1;1;
5558;202200003694;807 397;A01;2;7;0;2;3;13;1;
5559;202200003695;807 406;A01;1;34;0;2;1;17;1;
5560;202200003695;807 415;B01;2;7;0;2;3;15;1;
5561;202200003696;807 394;A01;2;7;0;2;1;1;1;
5562;202200003696;807 395;B01;2;7;0;2;4;23;1;
5563;202200003696;807 399;C01;2;7;0;2;4;23;1;
5564;202200003697;807 393;A01;1;33;0;0;0;1;1;
5565;202200003698;807 392;A01;2;80;0;0;0;0;3;
5566;202200003699;807 403;A01;3;10;0;1;1;21;1;
5567;202200003700;807 388;B01;2;1;0;2;3;1;5;
5568;202200003700;807 391;A01;2;10;0;2;2;1;-1;
5569;202200003701;807 390;A01;1;7;0;1;7;1;1;
5570;202200003702;807 389;A01;2;7;0;1;1;1;1;
5571;202200003703;807 386;A01;2;7;0;1;1;1;0;
5572;202200003704;807 382;A01;1;7;4;0;2;1;-1;
5573;202200003705;807 383;A01;0;33;0;2;1;15;1;
5574;202200003705;807 385;B01;1;7;0;2;1;1;1;
5575;202200003706;807 381;A01;2;99;0;2;2;1;1;
5576;202200003706;807 384;B01;1;7;0;2;3;1;1;
5577;202200003707;807 377;B01;1;7;0;2;1;1;1;
5578;202200003707;807 379;A01;1;7;3;2;1;4;-1;
5579;202200003708;807 375;B01;1;32;0;2;7;1;1;
5580;202200003708;807 378;A01;1;38;0;2;8;1;1;1.0
5581;202200003709;807 371;B01;1;7;0;2;3;2;1;
5582;202200003709;807 373;A01;2;7;0;2;1;2;1;
5583;202200003710;807 372;A01;2;33;0;2;7;17;1;
5584;202200003710;807 374;B01;2;7;0;2;8;15;1;
5585;202200003711;807 380;B01;1;7;0;2;6;1;1;
5586;202200003711;807 387;A01;1;43;0;2;1;3;1;
5587;202200003712;807 370;A01;1;7;3;0;9;0;1;
5588;202200003713;807 365;A01;1;7;0;9;2;17;1;
5589;202200003713;807 368;B01;1;1;0;2;4;2;5;
5590;202200003714;807 366;A01;3;7;0;2;1;15;1;
5591;202200003714;807 369;B01;3;7;0;2;6;2;1;
5592;202200003716;807 362;B01;2;1;0;0;3;0;5;
5593;202200003716;807 364;A01;1;7;0;9;2;16;1;
5594;202200003717;807 359;A01;2;7;4;0;8;13;1;
5595;202200003718;807 360;A01;3;7;0;1;1;16;1;
5596;202200003719;807 357;A01;0;7;8;0;1;7;0;
5597;202200003720;807 355;A01;1;7;1;0;2;21;1;
5598;202200003722;807 361;A01;2;33;0;2;1;12;1;
5599;202200003722;807 363;B01;2;7;0;2;6;1;1;
5600;202200003723;807 350;A01;1;7;8;0;7;13;1;
5601;202200003724;807 351;A01;1;7;0;2;1;1;1;
5602;202200003724;807 353;B01;2;32;0;2;7;1;1;
5603;202200003725;807 349;A01;3;7;2;0;2;1;1;
5604;202200003726;807 347;B01;1;37;0;2;3;1;4;1.0
5605;202200003726;807 348;A01;1;7;0;2;8;1;1;
5606;202200003727;807 352;B01;2;7;0;2;1;2;1;
5607;202200003727;807 358;A01;2;2;0;2;4;2;1;
5608;202200003728;807 344;A01;2;7;0;2;2;18;1;
5609;202200003728;807 346;B01;2;7;0;2;4;0;1;
5610;202200003730;807 342;A01;1;1;0;2;4;0;5;
5611;202200003730;807 343;B01;1;7;0;2;4;0;1;
5612;202200003731;807 338;B01;2;7;0;2;3;1;1;
5613;202200003731;807 339;A01;1;7;0;2;1;15;1;
5614;202200003732;807 336;A01;2;7;0;1;3;1;1;
5615;202200003733;807 335;A01;3;7;1;0;2;1;1;
5616;202200003734;807 333;B01;1;7;0;2;3;15;1;
5617;202200003734;807 340;A01;1;33;0;2;1;1;1;
5618;202200003735;807 334;A01;2;33;0;0;0;1;1;
5619;202200003736;807 330;A01;2;33;0;2;4;2;1;
5620;202200003736;807 337;B01;2;33;0;2;4;2;1;
5621;202200003736;807 341;C01;2;7;14;0;4;2;1;
5622;202200003737;807 329;B01;1;33;0;2;2;17;1;
5623;202200003737;807 332;A01;2;7;0;2;3;10;1;
5624;202200003738;807 328;A01;1;33;0;2;1;2;1;
5625;202200003738;807 331;B01;1;33;0;2;4;2;1;
5626;202200003739;807 327;A01;3;32;8;0;1;1;1;
5627;202200003741;807 326;A01;2;7;0;1;2;2;1;
5628;202200003742;807 324;A01;0;80;0;1;8;1;3;
5629;202200003743;807 323;A01;1;33;3;0;0;26;1;
5630;202200003744;807 321;A01;1;32;13;0;7;14;3;
5631;202200003745;807 318;B01;3;1;0;2;2;1;5;
5632;202200003745;807 319;C01;3;50;0;2;2;1;3;
5633;202200003745;807 322;A01;3;10;0;2;3;1;1;
5634;202200003746;807 313;A01;3;7;0;1;2;16;1;
5635;202200003747;807 314;B01;2;1;0;2;8;1;5;
5636;202200003747;807 317;A01;2;14;0;2;2;16;1;
5637;202200003748;807 311;A01;3;7;0;2;3;1;1;
5638;202200003748;807 316;B01;3;30;0;2;1;1;1;
5639;202200003749;807 315;A01;2;10;0;2;1;2;1;
5640;202200003749;807 320;B01;2;7;0;2;4;2;1;
5641;202200003750;807 310;A01;2;10;0;2;2;1;1;
5642;202200003750;807 312;B01;2;30;0;2;8;15;1;
5643;202200003751;807 309;A01;2;7;0;1;3;1;1;
5644;202200003752;807 308;Z01;0;7;0;1;0;1;0;
5645;202200003753;807 306;A01;1;17;13;0;1;19;1;
5646;202200003754;807 304;B01;3;1;0;2;7;19;5;
5647;202200003754;807 307;A01;3;7;0;2;1;16;1;
5648;202200003755;807 303;A01;1;7;0;1;3;1;1;
5649;202200003756;807 302;A01;1;34;0;1;1;1;1;
5650;202200003757;807 299;A01;2;7;0;1;2;14;1;
5651;202200003758;807 300;C01;1;7;10;0;4;1;0;
5652;202200003758;807 301;B01;1;10;0;2;4;1;1;
5653;202200003758;807 305;A01;1;7;5;2;1;26;1;
5654;202200003759;807 298;A01;3;7;9;0;1;13;0;
5655;202200003760;807 297;A01;2;50;0;0;0;5;3;
5656;202200003761;807 295;A01;2;7;0;1;3;15;1;
5657;202200003762;807 290;A01;1;2;0;2;1;17;1;
5658;202200003762;807 292;B01;1;7;0;2;3;1;1;
5659;202200003762;807 296;C01;2;7;0;2;3;9;1;
5660;202200003763;807 288;A01;3;7;0;2;3;9;1;
5661;202200003763;807 294;B01;1;33;0;2;1;1;1;
5662;202200003764;807 289;A01;2;30;0;1;1;1;1;
5663;202200003765;807 286;A01;2;33;0;6;2;1;1;
5664;202200003766;807 284;B01;2;1;0;0;0;0;5;
5665;202200003766;807 287;A01;2;7;0;2;7;20;1;
5666;202200003767;807 283;A01;1;7;0;2;2;15;1;
5667;202200003767;807 285;B01;2;7;0;2;3;1;1;
5668;202200003768;807 280;A01;1;10;0;1;1;1;1;
5669;202200003769;807 279;A01;2;32;0;2;8;18;1;
5670;202200003769;807 281;B01;2;7;0;2;7;16;1;
5671;202200003770;807 277;A01;1;7;0;1;1;1;2;
5672;202200003771;807 274;A01;1;10;0;2;1;13;1;
5673;202200003771;807 275;B01;2;10;0;2;1;1;1;
5674;202200003773;807 269;A01;2;7;0;1;2;1;1;