;Num_Acc;id_vehicule;num_veh;senc;catv;obs;obsm;choc;manv;motor;occutc
5675;202200003774;807 268;A01;2;7;0;2;4;2;1;
5676;202200003774;807 271;B01;2;7;0;2;1;2;1;
5677;202200003774;807 273;C01;2;7;0;2;4;2;1;
5678;202200003774;807 278;D01;2;7;0;2;1;2;1;
5679;202200003775;807 266;A01;1;1;10;0;1;1;5;
5680;202200003776;807 265;C01;1;7;0;0;4;1;1;
5681;202200003776;807 267;B01;1;7;0;2;4;1;1;
5682;202200003776;807 270;A01;1;7;0;2;1;2;1;
5683;202200003777;807 263;A01;2;33;0;6;1;21;1;
5684;202200003778;807 262;A01;1;7;1;0;9;9;1;
5685;202200003779;807 261;B01;1;30;0;2;1;1;3;
5686;202200003779;807 264;A01;1;1;0;1;8;1;5;
5687;202200003780;807 260;A01;3;0;9;0;1;1;-1;
5688;202200003781;807 257;A01;3;7;0;1;1;19;0;
5689;202200003782;807 258;A01;1;7;3;0;7;14;1;
5690;202200003783;807 256;A01;1;7;1;2;3;17;1;
5691;202200003783;807 259;B01;1;60;0;2;0;0;5;
5692;202200003784;807 255;A01;3;43;3;0;1;1;1;
5693;202200003786;807 252;A01;2;7;0;2;1;2;1;
5694;202200003786;807 254;B01;2;7;0;2;4;1;1;
5695;202200003787;807 246;A01;1;7;0;1;1;1;1;
5696;202200003788;807 245;A01;3;7;0;2;1;1;1;
5697;202200003788;807 250;B01;3;7;0;2;2;1;1;
5698;202200003789;807 248;A01;2;7;0;1;2;1;1;
5699;202200003790;807 247;A01;1;7;0;2;1;1;1;
5700;202200003790;807 249;B01;3;99;0;2;7;1;3;
5701;202200003793;807 239;A01;1;7;13;0;1;0;1;
5702;202200003794;807 236;B01;3;7;0;2;1;1;1;
5703;202200003794;807 240;A01;3;32;0;2;7;1;1;
5704;202200003795;807 233;A01;1;7;0;2;2;14;1;
5705;202200003795;807 238;B01;1;7;0;2;6;1;1;
5706;202200003795;807 242;C01;1;7;0;2;1;1;1;
5707;202200003796;807 234;B01;3;2;0;2;1;17;1;
5708;202200003796;807 237;A01;3;7;0;2;8;15;1;
5709;202200003797;807 232;A01;1;7;0;2;1;1;1;
5710;202200003797;807 235;B01;2;7;0;2;8;9;1;
5711;202200003798;807 227;B01;1;10;0;2;4;1;1;
5712;202200003798;807 230;A01;1;33;0;2;1;1;1;
5713;202200003799;807 229;B01;2;1;0;2;4;15;5;
5714;202200003799;807 231;A01;2;34;0;2;1;17;1;
5715;202200003800;807 226;B01;1;32;0;2;3;1;1;
5716;202200003800;807 228;A01;2;7;0;2;1;15;1;
5717;202200003801;807 224;B01;3;10;0;2;3;9;1;
5718;202200003801;807 225;A01;2;3;0;2;3;1;1;
5719;202200003802;807 222;A01;3;32;8;0;0;0;1;
5720;202200003803;807 223;A01;0;7;0;1;2;0;0;
5721;202200003804;807 221;A01;1;10;0;1;3;15;1;
5722;202200003805;807 219;A01;2;10;8;2;3;15;1;
5723;202200003805;807 220;B01;2;32;0;2;1;11;1;
5724;202200003806;807 217;A01;2;50;1;0;1;14;3;
5725;202200003807;807 213;A01;2;7;0;2;1;0;1;
5726;202200003807;807 216;B01;2;10;0;2;1;23;1;
5727;202200003808;807 214;B01;2;33;0;2;1;1;1;
5728;202200003808;807 218;A01;2;7;0;2;6;11;1;
5729;202200003809;807 212;A01;1;7;0;2;2;2;1;
5730;202200003809;807 215;B01;1;7;0;0;4;23;1;
5731;202200003810;807 210;A01;1;7;15;0;1;1;1;
5732;202200003811;807 208;B01;2;7;0;2;1;1;1;
5733;202200003811;807 211;A01;2;7;0;2;7;1;1;
5734;202200003812;807 207;B01;3;1;0;2;1;1;5;
5735;202200003812;807 209;A01;2;10;0;2;7;23;1;
5736;202200003813;807 203;A01;1;7;1;0;3;24;1;
5737;202200003813;807 206;B01;1;33;0;2;1;21;1;
5738;202200003815;807 200;B01;1;32;0;2;2;1;1;
5739;202200003815;807 202;A01;1;10;0;2;8;15;1;
5740;202200003816;807 195;B01;2;7;0;2;1;1;1;
5741;202200003816;807 197;A01;2;7;0;2;3;9;1;
5742;202200003817;807 196;B01;2;33;0;2;3;1;1;
5743;202200003817;807 198;A01;2;38;0;2;2;12;1;1.0
5744;202200003818;807 192;B01;0;10;0;2;7;1;1;
5745;202200003818;807 194;A01;0;50;0;2;8;15;3;
5746;202200003819;807 191;B01;2;7;0;2;6;2;2;
5747;202200003819;807 193;A01;2;1;0;2;6;2;5;
5748;202200003820;807 188;A01;1;7;0;2;0;15;1;
5749;202200003820;807 190;B01;2;1;0;2;0;1;5;
5750;202200003821;807 187;A01;3;7;0;1;7;1;1;
5751;202200003822;807 186;A01;2;30;0;2;1;1;1;
5752;202200003822;807 189;B01;1;7;0;2;8;1;1;
5753;202200003823;807 180;B01;2;7;0;2;0;0;1;
5754;202200003823;807 183;A01;2;7;0;2;3;1;1;
5755;202200003824;807 179;A01;3;30;0;2;8;2;3;
5756;202200003824;807 181;B01;3;7;0;2;2;2;3;
5757;202200003825;807 176;A01;1;7;0;2;3;15;1;
5758;202200003825;807 184;B01;2;1;0;2;2;9;5;
5759;202200003826;807 182;A01;2;7;0;2;2;16;1;
5760;202200003826;807 185;B01;2;1;0;2;1;1;5;
5761;202200003827;807 175;B01;2;7;9;2;5;1;1;
5762;202200003827;807 178;A01;2;7;0;2;1;1;1;
5763;202200003828;807 173;A01;2;7;0;2;7;1;1;
5764;202200003828;807 177;B01;1;7;0;2;1;1;1;
5765;202200003829;807 172;A01;3;7;0;2;3;19;1;
5766;202200003829;807 174;B01;2;10;0;2;2;1;1;
5767;202200003830;807 169;A01;1;30;0;2;1;2;3;
5768;202200003830;807 171;B01;1;7;0;2;4;23;2;
5769;202200003831;807 166;B01;1;50;0;2;4;1;3;
5770;202200003831;807 170;A01;1;7;0;9;1;1;1;
5771;202200003832;807 165;A01;2;7;0;2;1;1;1;
5772;202200003832;807 167;B01;2;1;0;2;1;1;5;
5773;202200003833;807 164;A01;1;7;0;1;3;1;1;
5774;202200003834;807 163;A01;1;33;0;1;1;1;1;
5775;202200003835;807 159;A01;1;32;15;0;1;1;1;
5776;202200003836;807 160;A01;2;20;0;2;4;1;1;
5777;202200003836;807 161;B01;2;33;0;2;1;1;1;
5778;202200003837;807 157;A01;1;50;1;0;1;14;3;
5779;202200003838;807 158;B01;3;1;0;2;3;25;5;
5780;202200003838;807 162;A01;2;7;0;2;2;1;1;
5781;202200003839;807 155;A01;2;7;0;1;2;16;1;
5782;202200003840;807 151;B01;3;1;0;2;8;19;5;
5783;202200003840;807 154;A01;2;7;0;2;1;1;1;
5784;202200003841;807 150;B01;1;10;0;2;4;2;1;
5785;202200003841;807 152;A01;1;33;0;2;1;2;1;
5786;202200003842;807 145;A01;2;2;0;2;1;1;1;
5787;202200003842;807 147;B01;1;7;0;2;1;15;1;
5788;202200003843;807 144;A01;1;7;0;1;1;1;1;
5789;202200003844;807 141;A01;1;14;0;2;2;2;1;
5790;202200003844;807 142;B01;1;7;0;2;4;2;1;
5791;202200003845;807 143;A01;1;7;0;4;7;16;1;
5792;202200003845;807 146;B01;1;40;0;2;8;1;3;
5793;202200003846;807 138;A01;2;7;13;0;1;13;1;
5794;202200003847;807 140;A01;1;33;0;9;0;0;1;
5795;202200003848;807 137;A01;1;1;16;0;1;1;5;
5796;202200003849;807 135;A01;1;7;2;0;1;13;0;
5797;202200003850;807 136;B01;2;99;9;0;0;0;3;
5798;202200003850;807 139;A01;3;7;0;2;1;2;1;
5799;202200003851;807 134;Z01;1;7;0;1;0;1;0;
5800;202200003852;807 132;A01;1;31;11;0;1;1;1;
5801;202200003853;807 131;A01;2;7;0;2;3;9;1;
5802;202200003853;807 133;B01;2;7;0;2;2;1;1;
5803;202200003854;807 130;A01;1;7;0;1;7;16;1;
5804;202200003855;807 128;B01;2;37;0;2;2;7;1;1.0
5805;202200003855;807 129;A01;2;7;0;2;8;8;1;
5806;202200003856;807 126;A01;1;7;0;1;2;1;1;
5807;202200003857;807 124;A01;1;7;0;9;2;2;1;
5808;202200003857;807 127;B01;1;1;0;0;4;2;5;
5809;202200003858;807 123;A01;3;7;0;2;3;9;2;
5810;202200003858;807 125;B01;0;34;0;2;1;17;1;
5811;202200003860;807 120;A01;1;7;0;1;2;1;3;
5812;202200003861;807 119;A01;1;43;0;2;8;2;1;
5813;202200003861;807 122;B01;1;30;0;2;0;0;1;
5814;202200003862;807 118;A01;1;7;5;0;2;14;1;
5815;202200003863;807 115;B01;2;7;0;2;3;11;1;
5816;202200003863;807 117;Z01;2;7;0;2;1;1;1;
5817;202200003864;807 113;A01;3;7;0;2;3;15;1;
5818;202200003864;807 116;B01;3;30;0;2;1;25;1;
5819;202200003866;807 108;A01;1;10;0;1;3;1;1;
5820;202200003867;807 106;B01;1;7;0;2;3;15;1;
5821;202200003867;807 109;A01;1;7;6;2;4;17;1;
5822;202200003868;807 105;B01;1;7;0;2;1;1;1;
5823;202200003868;807 107;A01;2;7;0;2;5;15;1;
5824;202200003868;807 112;C01;1;7;0;2;3;1;1;
5825;202200003869;807 103;A01;2;7;0;1;1;26;0;
5826;202200003870;807 100;A01;1;7;0;2;1;0;1;
5827;202200003870;807 102;B01;2;30;0;2;1;1;1;
5828;202200003871;807 097;A01;2;7;0;1;1;15;1;
5829;202200003872;807 098;B01;1;7;0;2;4;2;1;
5830;202200003872;807 099;A01;1;7;0;2;1;2;1;
5831;202200003873;807 096;A01;2;7;6;0;2;26;1;
5832;202200003874;807 101;A01;0;7;0;0;0;1;2;
5833;202200003874;807 104;B01;0;50;0;2;1;25;3;
5834;202200003875;807 091;B01;3;33;0;2;8;1;1;
5835;202200003875;807 092;A01;3;7;0;2;1;13;1;
5836;202200003876;807 093;B01;1;33;0;2;1;2;1;
5837;202200003876;807 095;A01;2;7;0;2;2;10;1;
5838;202200003877;807 088;A01;3;1;0;0;0;1;5;
5839;202200003878;807 085;B01;2;33;0;2;2;17;1;
5840;202200003878;807 086;A01;2;7;0;2;3;15;1;
5841;202200003879;807 084;A01;2;7;6;0;1;19;1;
5842;202200003880;807 087;C01;2;7;0;2;4;2;1;
5843;202200003880;807 090;B01;2;7;0;2;4;2;1;
5844;202200003880;807 094;A01;2;7;0;2;1;2;1;
5845;202200003881;807 082;A01;1;50;0;0;0;1;3;
5846;202200003882;807 081;A01;1;7;0;2;2;2;1;
5847;202200003882;807 089;B01;1;2;0;2;7;2;1;
5848;202200003883;807 080;B01;2;1;12;2;8;1;5;
5849;202200003883;807 083;A01;2;14;0;2;7;20;1;
5850;202200003884;807 077;B01;0;1;0;2;3;1;5;
5851;202200003884;807 078;A01;0;7;0;9;2;9;1;
5852;202200003885;807 076;A01;3;7;0;1;7;12;1;
5853;202200003886;807 075;A01;1;33;0;2;1;14;1;
5854;202200003886;807 079;B01;1;7;0;2;4;1;1;
5855;202200003887;807 073;A01;3;7;0;1;1;1;1;
5856;202200003888;807 072;B01;2;2;0;2;2;2;1;
5857;202200003888;807 074;A01;2;7;0;2;3;15;1;
5858;202200003890;807 069;B01;1;32;0;2;3;1;1;
5859;202200003890;807 071;A01;1;7;0;2;5;16;1;
5860;202200003891;807 067;A01;1;7;1;0;2;1;1;
5861;202200003892;807 066;B01;2;33;0;2;8;16;1;
5862;202200003892;807 068;A01;1;7;0;2;2;2;1;
5863;202200003893;807 064;B01;2;7;0;2;3;1;1;
5864;202200003893;807 065;A01;1;7;0;2;1;15;1;
5865;202200003894;807 062;B01;1;7;0;2;3;24;1;
5866;202200003894;807 063;A01;1;1;1;0;1;15;5;
5867;202200003895;807 061;A01;2;30;1;0;7;14;3;
5868;202200003896;807 058;B01;3;50;0;2;1;1;3;
5869;202200003896;807 060;A01;3;7;0;2;6;9;1;
5870;202200003897;807 053;Z01;1;7;0;2;0;1;0;
5871;202200003897;807 055;A01;1;2;0;2;4;1;1;
5872;202200003898;807 052;D01;1;7;0;2;4;2;1;
5873;202200003898;807 054;C01;1;7;0;2;4;2;1;
5874;202200003898;807 057;B01;1;7;0;2;4;2;1;
5875;202200003898;807 059;A01;1;10;0;2;1;2;1;
5876;202200003899;807 051;A01;1;33;0;2;2;1;1;
5877;202200003899;807 056;B01;1;7;0;2;3;16;1;
5878;202200003900;807 049;B01;2;7;0;2;3;15;1;
5879;202200003900;807 050;A01;2;30;0;2;7;1;1;
5880;202200003902;807 043;A01;1;30;0;2;5;17;3;
5881;202200003902;807 045;B01;1;30;0;2;3;1;3;
5882;202200003903;807 042;A01;2;7;0;1;4;26;1;
5883;202200003904;807 047;A01;1;33;0;2;2;1;1;
5884;202200003904;807 048;Y01;1;60;0;2;3;0;5;
5885;202200003905;807 037;A01;1;7;2;0;1;14;1;
5886;202200003906;807 038;A01;1;7;0;2;3;13;1;
5887;202200003906;807 039;B01;1;33;0;2;2;1;1;
5888;202200003907;807 034;B01;3;30;0;2;2;1;1;
5889;202200003907;807 036;A01;3;7;0;2;8;23;1;
5890;202200003908;807 029;A01;3;7;0;2;1;1;1;
5891;202200003908;807 032;B01;2;50;0;2;1;1;3;
5892;202200003910;807 030;B01;1;30;0;2;1;17;1;
5893;202200003910;807 033;A01;1;7;0;2;8;22;2;
5894;202200003911;807 026;A01;3;2;13;0;0;14;1;
5895;202200003911;807 028;B01;3;2;0;0;0;14;1;
5896;202200003913;807 020;A01;1;7;0;2;9;1;1;
5897;202200003913;807 023;B01;1;7;0;2;8;1;1;
5898;202200003914;807 022;A01;1;1;0;2;6;1;5;
5899;202200003914;807 024;B01;1;7;0;2;2;1;1;
5900;202200003915;807 019;B01;2;1;0;2;1;1;5;
5901;202200003915;807 021;A01;2;7;0;9;2;19;1;
5902;202200003916;807 016;B01;1;15;0;2;6;13;1;
5903;202200003916;807 017;A01;1;7;0;2;2;14;1;
5904;202200003917;807 013;A01;2;7;2;0;3;14;1;
5905;202200003919;807 012;A01;1;1;0;2;8;1;5;
5906;202200003919;807 018;Z01;1;10;0;2;1;10;0;
5907;202200003921;807 008;A01;3;7;0;2;1;15;1;
5908;202200003921;807 010;B01;0;80;0;2;8;1;3;
5909;202200003922;807 005;A01;1;7;0;2;3;1;1;
5910;202200003922;807 007;B01;1;7;0;2;3;1;1;
5911;202200003923;807 003;A01;2;7;0;2;1;19;1;
5912;202200003923;807 006;B01;1;7;0;2;2;1;1;
5913;202200003924;807 002;A01;1;7;0;2;1;2;1;
5914;202200003924;807 004;B01;1;33;0;0;4;2;1;
5915;202200003925;806 999;A01;1;32;0;2;4;1;1;
5916;202200003925;807 001;Z01;1;7;0;2;2;2;1;
5917;202200003926;806 998;A01;2;33;13;0;1;2;1;
5918;202200003927;806 997;A01;1;7;0;2;1;1;1;
5919;202200003927;807 000;B01;1;7;0;2;6;1;1;
5920;202200003928;806 992;A01;1;7;0;2;1;5;1;
5921;202200003928;806 995;B01;2;7;0;2;1;1;1;
5922;202200003929;806 990;E01;1;7;0;2;4;2;1;
5923;202200003929;806 991;D01;1;7;0;2;4;2;1;
5924;202200003929;806 993;C01;1;7;0;2;4;2;1;
5925;202200003929;806 994;B01;1;7;0;2;4;2;1;
5926;202200003929;806 996;A01;1;10;0;2;1;2;1;
5927;202200003930;806 987;A01;1;7;0;2;3;22;1;
5928;202200003930;806 989;B01;1;30;0;2;1;1;1;
5929;202200003931;806 984;B01;2;7;0;2;4;2;1;
5930;202200003931;806 986;A01;2;7;0;2;1;2;1;
5931;202200003932;806 985;A01;1;7;0;2;1;17;1;
5932;202200003932;806 988;B01;1;7;0;2;8;15;1;
5933;202200003933;806 982;A01;1;7;3;0;0;1;1;
5934;202200003934;806 981;B01;2;32;0;2;8;26;1;
5935;202200003934;806 983;A01;2;7;0;2;2;15;1;
5936;202200003935;806 979;A01;1;7;6;0;2;14;1;
5937;202200003936;806 976;A01;3;7;0;2;1;15;1;
5938;202200003936;806 977;B01;3;33;0;2;8;1;1;
5939;202200003937;806 975;A01;1;7;0;2;3;15;1;
5940;202200003937;806 978;B01;1;30;0;2;2;17;1;
5941;202200003938;806 971;B01;0;7;0;2;1;1;1;
5942;202200003938;806 974;A01;0;7;0;2;4;13;1;
5943;202200003940;806 969;A01;1;7;0;2;3;9;1;
5944;202200003940;806 973;B01;2;50;0;2;4;26;3;
5945;202200003941;806 967;A01;1;10;3;0;0;0;1;
5946;202200003942;806 965;A01;1;7;0;2;3;9;1;
5947;202200003942;806 968;B01;2;31;0;2;2;9;1;
5948;202200003943;806 964;A01;1;7;0;2;1;17;1;
5949;202200003944;806 963;B01;2;7;0;2;1;1;1;
5950;202200003944;806 966;A01;1;7;0;2;1;15;1;
5951;202200003946;806 958;B01;1;7;0;2;3;1;2;
5952;202200003946;806 962;A01;2;7;0;2;3;13;1;
5953;202200003948;806 952;C01;2;7;0;2;2;19;1;
5954;202200003948;806 954;A01;1;7;0;2;3;1;1;
5955;202200003949;806 950;B01;2;2;0;2;2;2;1;
5956;202200003949;806 955;A01;2;7;0;2;6;15;1;
5957;202200003950;806 951;B01;2;50;0;0;4;2;3;
5958;202200003950;806 953;A01;2;7;0;2;1;2;1;
5959;202200003951;806 948;A01;1;80;0;2;1;1;5;
5960;202200003951;806 949;B01;2;7;0;2;3;15;1;
5961;202200003952;806 945;A01;1;7;0;1;1;1;1;
5962;202200003953;806 946;A01;1;7;0;1;2;1;1;
5963;202200003954;806 944;B01;0;7;0;2;1;23;1;
5964;202200003954;806 947;A01;0;33;0;2;9;26;1;
5965;202200003955;806 940;A01;2;10;0;2;7;10;1;
5966;202200003955;806 941;B01;1;33;0;2;1;1;1;
5967;202200003956;806 938;B01;2;7;0;2;2;15;1;
5968;202200003956;806 943;A01;2;33;0;2;1;1;1;
5969;202200003957;806 937;C01;2;7;0;2;4;2;2;
5970;202200003957;806 939;B01;2;7;0;2;1;2;1;
5971;202200003957;806 942;A01;2;7;0;2;2;2;1;
5972;202200003958;806 933;B01;2;7;0;2;2;1;2;
5973;202200003958;806 934;A01;1;50;0;2;1;5;3;
5974;202200003959;806 935;A01;1;33;0;0;8;9;1;
5975;202200003960;806 931;B01;1;7;0;2;1;1;1;
5976;202200003960;806 932;A01;2;7;0;2;1;1;1;
5977;202200003961;806 930;A01;2;2;0;2;7;1;1;
5978;202200003961;806 936;B01;1;7;0;2;1;1;1;
5979;202200003962;806 926;A01;2;38;0;2;2;15;1;1.0
5980;202200003962;806 929;B01;1;31;0;2;4;1;1;
5981;202200003963;806 923;A01;1;7;0;0;2;1;1;
5982;202200003963;806 925;B01;1;7;5;0;1;1;1;
5983;202200003964;806 921;A01;1;50;16;0;0;1;3;
5984;202200003965;806 919;A01;2;3;13;0;1;1;0;
5985;202200003966;806 922;B01;2;30;0;2;0;17;3;
5986;202200003966;806 924;A01;2;7;0;2;3;17;0;
5987;202200003968;806 917;B01;1;7;0;2;8;15;1;
5988;202200003968;806 918;A01;2;2;0;2;1;1;1;
5989;202200003969;806 914;A01;1;7;2;0;9;2;1;
5990;202200003970;806 915;A01;2;33;0;1;1;1;1;
5991;202200003971;806 913;B01;1;2;0;2;3;1;3;
5992;202200003971;806 916;A01;2;7;0;2;1;15;2;
5993;202200003972;806 911;B01;1;7;0;2;1;1;1;
5994;202200003972;806 912;A01;2;7;0;2;4;1;1;
5995;202200003973;806 910;A01;1;7;17;0;2;1;1;
5996;202200003974;806 909;A01;2;33;9;0;1;26;1;
5997;202200003975;806 907;A01;3;7;0;0;9;26;1;
5998;202200003976;806 906;A01;2;7;0;2;1;15;1;
5999;202200003976;806 908;B01;2;1;0;2;1;1;5;
6000;202200003977;806 903;A01;1;7;0;2;1;11;1;
6001;202200003977;806 904;B01;2;7;0;2;1;1;1;
6002;202200003978;806 905;A01;2;7;13;0;3;1;1;
6003;202200003979;806 899;B01;3;80;0;2;7;1;3;
6004;202200003979;806 902;A01;3;7;0;2;1;9;2;
6005;202200003981;806 900;A01;1;7;0;2;3;1;1;
6006;202200003981;806 901;B01;2;7;0;2;3;1;1;
6007;202200003982;806 896;B01;1;7;0;2;1;1;1;
6008;202200003982;806 898;A01;2;7;8;2;2;9;1;
6009;202200003983;806 895;A01;2;33;0;0;7;1;1;
6010;202200003984;806 893;A01;2;7;13;0;1;16;1;
6011;202200003985;806 892;A01;2;33;4;0;2;0;1;
6012;202200003986;806 890;A01;1;14;0;1;1;1;0;
6013;202200003987;806 891;A01;2;33;0;2;1;2;1;
6014;202200003987;806 894;B01;2;13;0;0;6;15;1;
6015;202200003988;806 889;A01;0;14;0;1;5;16;1;
6016;202200003990;806 887;A01;0;7;13;0;3;13;1;
6017;202200003991;806 886;A01;1;30;14;0;9;1;1;
6018;202200003992;806 883;A01;1;7;0;0;1;13;1;
6019;202200003992;806 884;B01;2;7;0;2;1;1;1;
6020;202200003993;806 880;B01;2;80;0;2;5;0;3;
6021;202200003993;806 881;A01;2;7;0;9;3;14;1;
6022;202200003994;806 882;B01;1;2;0;2;2;1;1;
6023;202200003994;806 885;A01;1;7;0;0;6;1;1;
6024;202200003995;806 878;B01;1;33;0;2;7;17;1;
6025;202200003995;806 879;A01;1;10;0;2;8;15;1;
6026;202200003996;806 875;B01;1;31;0;2;1;1;1;
6027;202200003996;806 877;A01;1;7;0;2;5;1;1;
6028;202200003997;806 873;C01;2;7;0;2;1;0;1;
6029;202200003997;806 874;B01;2;7;0;2;1;0;1;
6030;202200003997;806 876;A01;1;7;0;2;3;0;1;
6031;202200003998;806 870;A01;1;33;0;2;1;1;1;
6032;202200003998;806 871;B01;1;50;0;2;7;19;3;
6033;202200004001;806 865;A01;1;7;0;2;8;16;1;
6034;202200004001;806 868;B01;2;7;0;2;1;1;1;
6035;202200004002;806 864;A01;2;10;0;2;1;2;1;
6036;202200004002;806 866;B01;2;15;0;0;4;2;1;
6037;202200004003;806 861;B01;2;30;0;2;0;0;1;
6038;202200004003;806 863;A01;1;7;0;2;1;1;1;
6039;202200004004;806 860;A01;3;3;0;0;0;1;0;
6040;202200004005;806 858;A01;2;31;0;0;0;2;1;
6041;202200004006;806 856;B01;1;30;0;2;1;0;1;
6042;202200004006;806 857;A01;1;7;0;2;1;0;1;
6043;202200004007;806 859;B01;1;34;0;2;1;1;1;
6044;202200004007;806 862;A01;2;7;0;2;3;10;1;
6045;202200004008;806 854;B01;1;33;0;2;7;1;1;
6046;202200004008;806 855;A01;1;7;0;2;1;19;1;
6047;202200004010;806 851;A01;3;7;7;0;1;14;1;
6048;202200004011;806 849;A01;1;33;0;2;1;13;1;
6049;202200004011;806 850;B01;1;14;0;2;8;15;1;
6050;202200004012;806 847;A01;1;33;0;1;3;21;1;
6051;202200004013;806 846;A01;0;7;0;1;1;26;1;
6052;202200004014;806 848;B01;1;2;0;2;1;1;1;
6053;202200004014;806 852;A01;1;7;0;2;3;1;1;
6054;202200004015;806 844;A01;3;7;0;0;8;15;1;
6055;202200004015;806 845;B01;3;7;0;2;1;17;0;
6056;202200004016;806 843;A01;1;7;0;1;0;1;1;
6057;202200004017;806 841;A01;1;7;0;1;2;1;1;
6058;202200004018;806 840;A01;3;7;0;2;1;9;1;
6059;202200004018;806 842;B01;3;43;0;2;7;1;1;
6060;202200004019;806 839;A01;1;7;0;1;1;13;1;
6061;202200004021;806 835;A01;2;7;0;2;3;13;1;
6062;202200004021;806 837;B01;1;7;0;2;3;1;1;
6063;202200004022;806 834;A01;1;0;0;1;0;2;0;
6064;202200004025;806 831;B01;0;33;0;2;1;2;1;
6065;202200004025;806 833;A01;3;7;0;0;6;1;1;
6066;202200004026;806 830;A01;3;7;0;1;3;1;1;
6067;202200004027;806 829;A01;2;10;0;1;3;15;1;
6068;202200004028;806 826;B01;1;37;5;2;3;1;1;1.0
6069;202200004028;806 828;A01;2;7;0;2;3;17;1;
6070;202200004029;806 824;A01;1;10;0;2;3;1;1;
6071;202200004029;806 825;B01;1;10;0;2;1;0;1;
6072;202200004030;806 822;B01;1;7;0;2;1;1;1;
6073;202200004030;806 823;A01;2;2;0;2;1;5;1;
6074;202200004031;806 819;A01;1;7;0;2;9;26;1;
6075;202200004031;806 820;B01;1;7;0;2;3;0;1;
6076;202200004031;806 821;C01;1;7;0;2;0;0;0;
6077;202200004032;806 817;B01;2;7;0;2;1;1;1;
6078;202200004032;806 818;A01;1;33;0;2;1;21;1;
6079;202200004033;806 816;A01;1;7;0;1;3;16;3;
6080;202200004034;806 812;C01;2;7;0;2;4;2;2;
6081;202200004034;806 813;A01;2;10;0;2;4;2;1;
6082;202200004034;806 814;B01;2;7;0;2;4;2;1;
6083;202200004034;806 815;D01;2;10;0;2;4;2;1;
6084;202200004036;806 807;A01;1;33;0;2;1;17;1;
6085;202200004036;806 808;B01;1;7;0;2;6;15;1;
6086;202200004037;806 806;A01;0;7;0;2;1;1;2;
6087;202200004037;806 809;B01;3;50;0;2;7;26;3;
6088;202200004039;806 802;B01;1;33;0;2;1;1;1;
6089;202200004039;806 805;A01;2;7;0;0;2;15;1;
6090;202200004040;806 800;A01;3;7;1;0;2;1;1;
6091;202200004042;806 795;A01;2;7;0;2;6;19;1;
6092;202200004042;806 798;B01;1;2;0;2;1;1;1;
6093;202200004046;806 789;B01;2;7;0;2;1;1;1;
6094;202200004046;806 792;A01;1;7;0;2;1;13;3;
6095;202200004047;806 787;A01;3;7;15;0;7;14;1;
6096;202200004048;806 790;A01;1;30;0;1;1;1;1;
6097;202200004049;806 785;C01;2;7;0;2;3;1;1;
6098;202200004049;806 786;B01;1;7;0;2;1;1;1;
6099;202200004049;806 788;A01;2;7;0;2;9;13;1;
6100;202200004050;806 782;A01;1;7;2;0;1;14;1;
6101;202200004051;806 781;Z01;2;10;0;1;1;26;0;
6102;202200004052;806 779;A01;0;1;0;0;0;1;5;
6103;202200004053;806 780;A01;1;7;0;1;3;17;1;
6104;202200004055;806 771;A01;3;99;0;9;7;1;3;
6105;202200004055;806 773;B01;3;7;0;0;0;1;1;
6106;202200004056;806 770;A01;2;2;0;0;0;0;1;
6107;202200004058;806 765;A01;1;38;0;2;1;2;1;1.0
6108;202200004058;806 766;B01;1;7;0;2;4;2;1;
6109;202200004059;806 763;A01;2;7;0;2;3;15;1;
6110;202200004059;806 764;B01;1;7;0;2;1;26;1;
6111;202200004060;806 767;B01;0;7;0;0;7;23;1;
6112;202200004060;806 772;A01;0;32;9;2;1;18;1;
6113;202200004061;806 760;B01;1;32;0;2;1;3;1;
6114;202200004061;806 762;A01;1;7;0;2;5;12;1;
6115;202200004062;806 759;A01;1;99;0;2;2;19;1;
6116;202200004062;806 761;B01;2;7;0;2;5;19;1;
6117;202200004063;806 753;C01;2;34;0;2;8;1;1;
6118;202200004063;806 754;B01;2;7;0;2;3;14;1;
6119;202200004063;806 757;A01;2;10;0;2;5;1;1;
6120;202200004064;806 755;A01;3;33;0;2;1;2;1;
6121;202200004064;806 758;B01;3;10;0;2;4;2;1;
6122;202200004065;806 749;A01;1;7;0;2;4;1;1;
6123;202200004065;806 751;B01;1;7;0;2;1;1;1;
6124;202200004067;806 742;A01;1;7;0;2;1;2;1;
6125;202200004067;806 743;B01;1;30;0;2;4;2;1;
6126;202200004067;806 744;C01;1;7;0;2;4;1;1;
6127;202200004068;806 745;A01;3;17;0;2;7;2;1;
6128;202200004068;806 747;B01;3;80;0;2;8;2;3;
6129;202200004069;806 738;A01;1;10;0;2;7;15;1;
6130;202200004069;806 739;B01;1;7;0;2;1;1;1;
6131;202200004070;806 735;A01;2;7;14;0;0;21;1;
6132;202200004071;806 736;B01;2;7;0;2;6;1;1;
6133;202200004071;806 740;A01;2;7;0;2;1;15;1;
6134;202200004072;806 734;A01;1;7;12;0;3;1;1;
6135;202200004073;806 737;A01;2;7;0;2;6;1;1;
6136;202200004073;806 741;B01;2;34;0;2;1;2;1;
6137;202200004075;806 732;B01;1;7;0;2;2;2;1;
6138;202200004075;806 733;A01;1;33;0;2;6;18;1;
6139;202200004076;806 727;B01;1;7;0;2;1;0;1;
6140;202200004076;806 730;A01;1;7;0;2;2;10;1;
6141;202200004077;806 728;A01;1;32;0;2;8;1;1;
6142;202200004077;806 729;Z01;1;7;0;2;0;12;0;
6143;202200004078;806 725;B01;1;50;0;2;4;2;3;
6144;202200004078;806 726;A01;1;7;0;2;1;2;2;
6145;202200004079;806 723;B01;2;30;0;2;1;15;3;