;Num_Acc;id_vehicule;num_veh;senc;catv;obs;obsm;choc;manv;motor;occutc
6146;202200004079;806 724;A01;2;32;0;2;1;17;1;
6147;202200004080;806 721;B01;2;30;0;2;1;1;3;
6148;202200004080;806 722;A01;2;7;1;2;3;9;1;
6149;202200004081;806 719;A01;1;80;0;2;7;1;3;
6150;202200004081;806 720;B01;2;33;0;2;1;1;1;
6151;202200004082;806 718;A01;2;7;0;1;1;1;1;
6152;202200004083;806 717;A01;1;50;0;1;1;10;3;
6153;202200004084;806 716;A01;1;1;0;1;1;1;5;
6154;202200004085;806 714;B01;1;1;0;2;8;0;5;
6155;202200004085;806 715;A01;1;3;0;2;7;1;0;
6156;202200004086;806 713;A01;3;7;0;1;1;0;1;
6157;202200004087;806 711;A01;2;7;0;2;3;1;1;
6158;202200004087;806 712;B01;1;7;0;2;3;1;1;
6159;202200004089;806 709;A01;1;37;0;1;3;21;3;1.0
6160;202200004090;806 707;A01;1;7;0;2;2;15;1;
6161;202200004090;806 708;B01;2;31;0;2;3;1;1;
6162;202200004091;806 705;B01;1;50;1;2;1;18;3;
6163;202200004091;806 706;A01;1;13;0;2;7;23;1;
6164;202200004092;806 703;B01;0;1;0;2;3;0;5;
6165;202200004092;806 704;A01;2;37;0;2;3;16;1;1.0
6166;202200004093;806 701;A01;1;7;0;2;3;2;3;
6167;202200004093;806 702;B01;1;32;0;2;2;2;1;
6168;202200004094;806 700;A01;1;7;0;2;8;24;1;
6169;202200004095;806 699;A01;2;99;0;0;0;26;3;
6170;202200004096;806 698;A01;2;43;14;0;3;1;1;
6171;202200004097;806 697;A01;2;40;0;0;0;26;6;
6172;202200004098;806 696;A01;1;2;0;0;7;1;1;
6173;202200004099;806 694;A01;1;7;0;2;2;16;1;
6174;202200004099;806 695;B01;1;50;0;2;1;2;3;
6175;202200004100;806 693;A01;1;2;6;0;0;26;1;
6176;202200004101;806 691;B01;2;7;0;2;1;9;1;
6177;202200004101;806 692;A01;1;33;0;2;1;3;1;
6178;202200004102;806 690;A01;3;7;0;1;2;1;1;
6179;202200004103;806 688;A01;1;7;0;2;6;9;1;
6180;202200004103;806 689;B01;1;2;0;2;1;1;1;
6181;202200004104;806 686;A01;1;7;0;2;1;1;1;
6182;202200004104;806 687;B01;2;2;0;2;7;1;1;
6183;202200004105;806 683;C01;2;31;0;2;4;2;1;
6184;202200004105;806 684;B01;1;10;0;0;1;1;1;
6185;202200004105;806 685;A01;2;7;0;2;1;2;1;
6186;202200004106;806 681;A01;2;7;0;2;3;1;1;
6187;202200004106;806 682;B01;1;7;0;0;4;2;1;
6188;202200004107;806 679;A01;1;1;0;0;7;1;6;
6189;202200004107;806 680;B01;1;7;0;2;1;9;1;
6190;202200004108;806 677;A01;1;10;0;2;1;1;1;
6191;202200004108;806 678;B01;2;7;0;2;2;16;1;
6192;202200004109;806 675;B01;3;7;0;2;3;23;1;
6193;202200004109;806 676;A01;3;7;0;2;1;0;1;
6194;202200004110;806 673;A01;2;7;0;2;2;1;1;
6195;202200004110;806 674;B01;2;1;0;2;4;1;5;
6196;202200004111;806 671;A01;2;33;0;0;1;17;1;
6197;202200004111;806 672;B01;2;7;0;0;4;15;1;
6198;202200004112;806 669;A01;3;2;0;0;7;1;1;
6199;202200004113;806 668;A01;3;7;0;2;1;19;1;
6200;202200004113;806 670;B01;2;7;0;2;2;1;1;
6201;202200004114;806 667;A01;1;7;0;0;0;2;1;
6202;202200004115;806 665;B01;1;33;0;2;8;1;1;
6203;202200004115;806 666;A01;1;10;0;2;1;15;1;
6204;202200004116;806 663;A01;1;7;0;2;3;13;1;
6205;202200004116;806 664;B01;2;7;0;2;3;1;1;
6206;202200004117;806 661;A01;2;7;2;0;1;1;1;
6207;202200004118;806 660;B01;1;7;0;2;2;0;1;
6208;202200004118;806 662;A01;1;2;0;0;4;0;1;
6209;202200004119;806 658;B01;2;1;0;2;4;2;5;
6210;202200004119;806 659;A01;2;14;0;2;1;2;1;
6211;202200004120;806 656;A01;2;7;0;2;2;15;1;
6212;202200004120;806 657;B01;1;33;0;2;8;1;1;
6213;202200004121;806 654;A01;1;7;0;2;3;15;1;
6214;202200004121;806 655;B01;2;7;0;2;1;26;1;
6215;202200004122;806 653;A01;1;33;2;0;1;17;1;
6216;202200004123;806 651;A01;0;2;12;0;2;1;1;
6217;202200004124;806 650;B01;1;2;0;0;0;1;1;
6218;202200004124;806 652;A01;1;31;0;0;0;1;1;
6219;202200004125;806 649;A01;1;7;6;0;1;13;1;
6220;202200004127;806 646;B01;2;7;0;2;1;1;1;
6221;202200004127;806 647;A01;1;7;3;2;9;13;1;
6222;202200004128;806 644;B01;1;7;0;2;1;1;1;
6223;202200004128;806 645;A01;2;7;0;2;1;13;1;
6224;202200004129;806 641;A01;3;7;0;2;1;1;1;
6225;202200004129;806 643;B01;0;1;0;2;7;19;5;
6226;202200004130;806 640;A01;1;1;0;9;1;15;5;
6227;202200004130;806 642;B01;1;1;0;9;1;1;5;
6228;202200004131;806 637;A01;1;7;7;0;1;1;1;
6229;202200004132;806 636;C01;1;7;0;2;1;1;1;
6230;202200004132;806 638;B01;1;7;0;2;8;1;1;
6231;202200004132;806 639;A01;2;7;0;2;1;13;1;
6232;202200004134;806 632;A01;1;32;0;2;1;19;1;
6233;202200004134;806 634;B01;1;7;0;0;5;1;0;
6234;202200004135;806 629;A01;1;33;13;0;2;1;1;
6235;202200004135;806 631;B01;1;21;0;0;0;1;1;
6236;202200004136;806 627;A01;2;7;0;2;1;2;1;
6237;202200004136;806 628;B01;2;7;0;2;4;2;1;
6238;202200004136;806 630;C01;2;7;0;0;4;1;1;
6239;202200004137;806 625;A01;1;50;0;2;1;1;3;
6240;202200004137;806 626;B01;2;7;0;9;2;1;1;
6241;202200004138;806 623;B01;2;7;0;2;1;2;1;
6242;202200004138;806 624;A01;2;7;0;0;4;2;1;
6243;202200004139;806 621;B01;1;1;0;0;4;2;5;
6244;202200004139;806 622;A01;1;7;0;2;1;2;1;
6245;202200004140;806 619;A01;2;7;15;0;1;1;1;
6246;202200004142;806 615;B01;0;7;0;2;3;1;1;
6247;202200004142;806 617;A01;0;7;0;2;2;1;0;
6248;202200004144;806 610;A01;2;7;0;2;3;5;1;
6249;202200004144;806 612;B01;1;7;0;2;3;5;1;
6250;202200004144;806 614;C01;1;99;0;2;3;5;0;
6251;202200004145;806 609;A01;2;34;12;0;1;1;1;
6252;202200004146;806 608;A01;2;33;4;0;1;1;1;
6253;202200004147;806 606;B01;0;37;0;2;3;24;1;1.0
6254;202200004147;806 607;A01;3;7;1;2;3;13;1;
6255;202200004149;806 602;B01;1;7;0;2;2;1;1;
6256;202200004149;806 603;A01;2;1;0;2;1;5;5;
6257;202200004150;806 600;B01;2;7;0;2;1;1;1;
6258;202200004150;806 601;A01;1;7;4;2;1;5;1;
6259;202200004151;806 598;A01;0;7;0;0;4;1;1;
6260;202200004151;806 599;B01;0;7;0;2;1;1;1;
6261;202200004152;806 595;A01;2;32;0;2;1;19;1;
6262;202200004152;806 597;B01;1;10;0;2;2;1;1;
6263;202200004154;806 592;A01;2;31;0;2;3;0;1;
6264;202200004154;806 593;B01;1;34;0;2;3;0;1;
6265;202200004155;806 591;A01;2;7;3;9;1;1;1;
6266;202200004156;806 590;A01;1;30;11;0;1;1;1;
6267;202200004157;806 589;A01;2;7;4;0;2;1;1;
6268;202200004158;806 587;A01;1;7;7;0;2;2;1;
6269;202200004159;806 586;B01;2;7;0;2;2;17;1;
6270;202200004159;806 588;A01;2;1;0;2;8;2;5;
6271;202200004161;806 582;A01;2;33;0;2;3;21;1;
6272;202200004161;806 584;B01;1;7;0;0;8;9;3;
6273;202200004162;806 581;B01;2;7;0;2;2;13;1;
6274;202200004162;806 583;A01;1;7;0;2;2;13;1;
6275;202200004164;806 576;A01;2;10;8;0;1;1;1;
6276;202200004165;806 575;A01;2;7;0;1;2;26;1;
6277;202200004166;806 573;A01;1;7;2;0;1;1;2;
6278;202200004167;806 572;A01;3;7;0;1;5;4;1;
6279;202200004168;806 570;A01;3;2;0;0;7;1;1;
6280;202200004169;806 569;A01;1;7;15;2;2;1;1;
6281;202200004169;806 571;B01;1;7;0;2;3;1;1;
6282;202200004170;806 567;A01;2;33;13;0;1;16;1;
6283;202200004171;806 565;A01;0;7;0;2;1;15;1;
6284;202200004171;806 566;B01;0;7;0;2;6;1;1;
6285;202200004171;806 568;C01;0;10;0;2;1;1;1;
6286;202200004172;806 562;B01;1;7;0;2;3;0;2;
6287;202200004172;806 563;A01;2;7;0;2;3;0;1;
6288;202200004173;806 561;A01;2;7;13;0;1;17;1;
6289;202200004173;806 564;B01;2;7;0;0;0;13;1;
6290;202200004175;806 557;A01;2;7;0;2;7;15;1;
6291;202200004175;806 559;B01;1;33;0;2;1;1;1;
6292;202200004176;806 556;A01;3;21;0;2;3;9;0;
6293;202200004176;806 558;B01;3;1;0;2;1;1;5;
6294;202200004177;806 553;B01;2;10;0;2;6;4;1;
6295;202200004177;806 554;A01;2;7;0;2;2;1;1;
6296;202200004178;806 552;B01;3;7;0;2;1;19;1;
6297;202200004178;806 555;A01;1;7;0;0;6;1;1;
6298;202200004179;806 548;B01;1;50;0;2;1;1;3;
6299;202200004179;806 550;A01;2;7;0;2;3;15;1;
6300;202200004180;806 546;D01;1;10;0;2;4;2;1;
6301;202200004180;806 547;C01;1;7;0;2;4;2;1;
6302;202200004180;806 549;B01;1;7;0;2;4;2;1;
6303;202200004180;806 551;A01;1;7;0;2;1;2;1;
6304;202200004181;806 543;A01;1;33;1;2;1;17;1;
6305;202200004181;806 545;B01;1;7;0;2;3;15;1;
6306;202200004182;806 542;A01;2;7;0;2;1;2;1;
6307;202200004182;806 544;B01;2;15;0;2;4;2;1;
6308;202200004184;806 539;B01;1;33;0;2;9;3;1;
6309;202200004184;806 540;A01;1;7;0;2;7;12;1;
6310;202200004185;806 536;A01;3;7;0;2;1;15;1;
6311;202200004185;806 538;B01;2;7;0;0;8;1;1;
6312;202200004187;806 532;B01;2;7;0;2;7;12;1;
6313;202200004187;806 533;A01;2;7;0;2;3;1;1;
6314;202200004188;806 530;B01;1;7;0;2;8;1;1;
6315;202200004188;806 531;A01;1;15;0;2;7;12;1;
6316;202200004189;806 527;B01;2;43;0;2;1;1;1;
6317;202200004189;806 528;A01;2;7;0;2;6;11;1;
6318;202200004190;806 525;A01;1;7;0;1;1;0;1;
6319;202200004190;806 526;T01;1;7;0;0;0;0;1;
6320;202200004190;806 529;B01;1;7;0;0;0;0;1;
6321;202200004191;806 523;B01;2;7;0;2;6;11;1;
6322;202200004191;806 524;A01;2;33;0;2;1;1;1;
6323;202200004192;806 521;A01;1;32;16;0;3;1;1;
6324;202200004193;806 520;B01;2;33;0;2;4;2;1;
6325;202200004193;806 522;A01;2;7;0;2;1;2;1;
6326;202200004195;806 513;A01;2;7;0;2;9;18;1;
6327;202200004195;806 515;B01;2;7;0;2;2;1;1;
6328;202200004195;806 516;C01;2;7;0;2;0;0;1;
6329;202200004195;806 518;D01;2;7;0;2;0;0;1;
6330;202200004196;806 512;B01;1;7;0;2;3;1;1;
6331;202200004196;806 514;A01;1;7;14;2;1;12;1;
6332;202200004197;806 510;A01;1;33;4;0;1;14;1;
6333;202200004198;806 507;A01;1;7;0;2;1;2;1;
6334;202200004198;806 509;B01;1;7;0;2;4;2;1;
6335;202200004198;806 511;C01;1;7;0;2;4;2;1;
6336;202200004199;806 506;A01;1;33;0;2;1;2;1;
6337;202200004199;806 508;B01;1;7;0;2;4;1;1;
6338;202200004200;806 503;A01;2;7;0;2;1;2;1;
6339;202200004200;806 505;B01;2;7;0;2;4;2;1;
6340;202200004201;806 501;A01;1;43;0;2;1;1;1;
6341;202200004201;806 502;B01;1;7;0;2;4;1;1;
6342;202200004201;806 504;C01;1;10;0;2;4;1;1;
6343;202200004202;806 500;A01;2;17;0;1;1;0;1;
6344;202200004203;806 498;B01;2;34;0;2;2;3;1;
6345;202200004203;806 499;A01;2;7;0;2;8;13;1;
6346;202200004204;806 495;A01;2;7;0;1;2;1;1;
6347;202200004205;806 493;D01;2;7;0;2;4;2;1;
6348;202200004205;806 494;C01;2;7;0;2;4;2;1;
6349;202200004205;806 496;B01;2;7;0;2;4;2;1;
6350;202200004205;806 497;A01;2;7;0;2;1;1;1;
6351;202200004206;806 492;A01;3;7;0;1;7;1;1;
6352;202200004207;806 490;A01;1;43;0;2;9;26;1;
6353;202200004207;806 491;B01;1;7;0;2;4;2;1;
6354;202200004208;806 487;A01;2;33;0;2;7;1;1;
6355;202200004209;806 488;B01;2;7;0;1;1;23;1;
6356;202200004209;806 489;A01;2;7;0;2;1;1;1;
6357;202200004210;806 486;A01;2;7;3;0;1;14;1;
6358;202200004211;806 484;B01;1;7;0;2;1;15;1;
6359;202200004211;806 485;A01;1;34;0;2;2;17;1;
6360;202200004212;806 483;A01;1;7;0;0;1;1;1;
6361;202200004213;806 481;B01;1;33;0;2;7;1;1;
6362;202200004213;806 482;A01;1;7;0;2;3;11;2;
6363;202200004214;806 478;A01;3;7;0;1;1;15;1;
6364;202200004215;806 477;A01;1;10;0;0;8;19;1;
6365;202200004215;806 479;B01;1;7;3;2;1;21;1;
6366;202200004215;806 480;C01;1;7;0;2;1;1;1;
6367;202200004216;806 476;A01;2;2;0;0;0;16;1;
6368;202200004217;806 475;A01;2;33;4;0;0;1;1;
6369;202200004218;806 472;A01;2;7;0;2;7;1;1;
6370;202200004218;806 474;B01;2;7;8;2;1;1;1;
6371;202200004219;806 471;B01;2;7;0;2;8;15;1;
6372;202200004219;806 473;A01;2;33;0;2;1;2;1;
6373;202200004220;806 470;A01;2;10;0;1;7;17;1;
6374;202200004221;806 469;A01;2;33;0;1;2;1;1;
6375;202200004222;806 467;B01;2;7;0;2;4;2;1;
6376;202200004222;806 468;A01;2;10;0;2;1;2;1;
6377;202200004223;806 465;B01;2;37;0;0;3;24;1;1.0
6378;202200004223;806 466;A01;1;1;1;0;1;13;5;
6379;202200004224;806 462;B01;2;7;0;2;1;26;6;
6380;202200004224;806 464;A01;2;99;0;2;7;26;0;
6381;202200004225;806 461;B01;2;1;0;0;4;2;5;
6382;202200004225;806 463;A01;2;7;0;2;2;2;1;
6383;202200004226;806 459;B01;1;1;0;2;1;0;5;
6384;202200004226;806 460;A01;1;7;0;2;1;1;1;
6385;202200004227;806 457;A01;1;7;0;2;3;9;1;
6386;202200004227;806 458;B01;2;32;0;2;1;1;1;
6387;202200004228;806 455;A01;2;7;0;2;7;17;1;
6388;202200004228;806 456;B01;1;33;0;2;1;1;1;
6389;202200004229;806 454;A01;2;1;0;0;1;1;5;
6390;202200004230;806 453;A01;3;7;13;0;1;13;1;
6391;202200004231;806 452;A01;0;7;0;1;1;1;1;
6392;202200004232;806 450;A01;1;7;0;2;3;15;1;
6393;202200004232;806 451;B01;2;33;0;2;2;17;1;
6394;202200004233;806 449;A01;0;0;0;1;1;0;0;
6395;202200004234;806 447;B01;1;1;0;2;9;1;5;
6396;202200004234;806 448;A01;1;10;0;2;3;16;1;
6397;202200004235;806 445;A01;2;7;0;1;1;1;1;
6398;202200004236;806 443;C01;1;37;0;2;4;1;1;1.0
6399;202200004236;806 444;B01;1;7;0;2;1;17;1;
6400;202200004236;806 446;A01;1;7;14;2;1;1;1;
6401;202200004238;806 440;A01;1;7;4;0;3;13;1;
6402;202200004239;806 438;A01;2;7;0;2;1;2;1;
6403;202200004239;806 439;B01;2;7;0;2;4;23;1;
6404;202200004240;806 437;A01;1;7;0;1;1;1;1;
6405;202200004241;806 436;A01;1;7;0;1;3;16;1;
6406;202200004242;806 435;A01;3;7;0;1;3;15;1;
6407;202200004243;806 433;A01;1;15;8;2;7;14;1;
6408;202200004243;806 434;B01;2;17;0;2;1;1;1;
6409;202200004244;806 432;A01;1;7;0;1;1;1;1;
6410;202200004245;806 430;A01;1;33;0;2;1;1;1;
6411;202200004245;806 431;Z01;3;36;0;2;3;9;0;
6412;202200004246;806 427;B01;1;7;8;2;2;1;1;
6413;202200004246;806 429;A01;1;7;6;2;3;1;1;
6414;202200004248;806 423;B01;2;7;0;2;2;1;1;
6415;202200004248;806 424;A01;1;31;0;2;1;1;1;
6416;202200004249;806 421;B01;1;33;0;2;4;1;1;
6417;202200004249;806 422;A01;1;7;0;2;4;9;1;
6418;202200004250;806 417;A01;1;7;0;9;1;0;3;
6419;202200004250;806 419;B01;1;1;0;2;0;0;5;
6420;202200004251;806 418;A01;1;33;1;9;1;21;0;
6421;202200004251;806 420;B01;1;0;1;0;0;0;0;
6422;202200004252;806 415;A01;1;7;9;0;2;9;1;
6423;202200004253;806 414;A01;1;7;0;2;7;21;1;
6424;202200004253;806 416;B01;1;2;0;2;1;19;3;
6425;202200004254;806 411;B01;3;1;0;2;7;1;5;
6426;202200004254;806 413;A01;3;34;0;2;1;1;1;
6427;202200004256;806 407;B01;3;10;0;2;3;15;1;
6428;202200004256;806 409;A01;3;30;0;2;1;17;1;
6429;202200004257;806 406;B01;3;31;0;2;8;0;1;
6430;202200004257;806 408;A01;3;7;0;2;3;9;1;
6431;202200004258;806 402;B01;2;7;0;2;4;23;1;
6432;202200004258;806 403;A01;2;7;0;2;1;0;1;
6433;202200004260;806 398;B01;3;7;0;2;1;1;1;
6434;202200004260;806 400;A01;3;7;16;2;1;5;1;
6435;202200004261;806 397;A01;3;7;0;1;1;26;1;
6436;202200004263;806 394;A01;1;7;0;1;3;19;1;
6437;202200004264;806 392;B01;2;7;0;2;3;1;1;
6438;202200004264;806 393;A01;2;10;0;2;2;1;1;
6439;202200004265;806 388;A01;1;10;0;1;2;1;0;
6440;202200004266;806 387;B01;2;7;0;2;0;0;1;
6441;202200004266;806 389;A01;2;7;0;2;0;0;1;
6442;202200004267;806 383;A01;1;7;0;2;3;15;1;
6443;202200004267;806 385;B01;1;33;0;2;3;21;1;
6444;202200004269;806 380;B01;2;50;0;2;1;1;3;
6445;202200004269;806 382;A01;1;7;0;2;2;16;2;
6446;202200004270;806 379;A01;1;7;8;0;2;14;1;
6447;202200004271;806 378;A01;2;7;8;2;1;1;1;
6448;202200004271;806 381;B01;3;7;0;2;3;15;1;
6449;202200004272;806 375;B01;1;7;0;2;4;2;1;
6450;202200004272;806 377;A01;1;10;0;2;1;2;1;
6451;202200004274;806 372;A01;3;30;0;0;7;1;1;
6452;202200004275;806 370;B01;2;10;0;2;0;0;1;
6453;202200004275;806 371;C01;0;7;0;2;3;1;1;
6454;202200004275;806 373;A01;1;7;0;2;3;15;3;
6455;202200004276;806 369;A01;1;7;13;0;1;14;1;
6456;202200004277;806 367;B01;2;7;0;2;2;1;1;
6457;202200004277;806 368;A01;1;7;0;2;4;4;1;
6458;202200004278;806 365;A01;1;7;9;0;0;0;1;
6459;202200004279;806 364;B01;1;7;0;2;1;0;1;
6460;202200004279;806 366;A01;2;7;0;2;2;15;1;
6461;202200004280;806 362;A01;1;7;0;2;1;2;1;
6462;202200004280;806 363;B01;1;10;0;2;4;2;1;
6463;202200004281;806 360;Z01;1;0;0;1;0;0;0;
6464;202200004282;806 359;B01;2;7;0;2;8;21;1;
6465;202200004282;806 361;A01;2;7;0;2;3;1;1;
6466;202200004283;806 355;C01;1;10;0;2;4;2;1;
6467;202200004283;806 357;B01;1;2;0;2;9;2;1;
6468;202200004283;806 358;A01;1;7;0;2;1;2;1;
6469;202200004284;806 354;A01;2;7;0;2;2;9;1;
6470;202200004284;806 356;B01;1;50;0;2;0;1;3;
6471;202200004285;806 351;B01;1;7;0;2;8;1;1;
6472;202200004285;806 353;A01;1;7;0;2;2;19;1;
6473;202200004286;806 347;B01;1;50;0;2;3;1;3;
6474;202200004286;806 349;Z01;1;10;0;9;7;10;1;
6475;202200004287;806 348;A01;0;1;0;0;0;1;5;
6476;202200004288;806 345;B01;3;1;0;2;8;19;5;
6477;202200004288;806 346;A01;1;7;0;2;2;9;1;
6478;202200004289;806 343;A01;2;7;0;2;3;0;1;
6479;202200004289;806 344;Z01;0;7;0;2;0;0;0;
6480;202200004290;806 341;B01;3;33;0;2;1;1;1;
6481;202200004290;806 342;A01;1;7;0;2;5;15;1;
6482;202200004291;806 340;A01;3;80;0;1;1;17;3;
6483;202200004292;806 337;C01;1;7;0;2;0;0;1;
6484;202200004292;806 338;B01;2;30;0;2;1;1;1;
6485;202200004292;806 339;A01;1;7;0;2;2;17;1;
6486;202200004293;806 334;A01;2;80;12;0;1;14;3;
6487;202200004294;806 335;B01;3;1;0;2;0;0;0;
6488;202200004294;806 336;A01;1;7;0;2;3;15;1;
6489;202200004295;806 330;C01;1;7;0;2;4;1;1;
6490;202200004295;806 331;B01;1;7;0;2;4;1;1;
6491;202200004295;806 333;A01;1;7;0;2;1;1;1;
6492;202200004296;806 329;A01;1;7;14;4;8;10;1;
6493;202200004296;806 332;B01;1;40;0;2;2;1;0;
6494;202200004297;806 327;B01;1;7;0;2;4;1;2;
6495;202200004297;806 328;A01;1;30;0;2;1;1;1;
6496;202200004298;806 325;B01;2;1;0;2;7;1;5;
6497;202200004298;806 326;A01;2;7;0;2;1;15;1;
6498;202200004299;806 323;B01;2;7;0;2;1;1;1;
6499;202200004299;806 324;A01;1;30;0;2;1;1;1;
6500;202200004300;806 321;A01;3;7;1;1;4;20;1;
6501;202200004301;806 319;A01;1;7;0;2;7;15;1;
6502;202200004301;806 320;B01;2;7;0;2;1;1;1;
6503;202200004301;806 322;C01;1;7;0;2;1;1;1;
6504;202200004302;806 314;B01;1;7;0;2;2;1;1;
6505;202200004302;806 316;A01;1;50;0;2;8;18;3;
6506;202200004303;806 315;B01;1;7;0;2;4;2;1;
6507;202200004303;806 317;A01;1;30;0;2;1;2;1;
6508;202200004304;806 311;B01;3;31;0;2;1;1;1;
6509;202200004304;806 313;A01;3;7;0;2;5;15;1;
6510;202200004305;806 310;B01;1;31;0;2;1;1;1;
6511;202200004305;806 312;A01;1;7;0;2;3;26;1;
6512;202200004306;806 306;A01;1;7;0;2;1;26;1;
6513;202200004306;806 308;B01;1;31;0;2;8;1;1;
6514;202200004307;806 303;B01;3;7;0;2;8;1;1;
6515;202200004307;806 304;A01;0;30;0;2;1;9;1;
6516;202200004308;806 302;A01;1;7;3;0;1;19;1;
6517;202200004309;806 293;A01;1;10;0;2;2;2;1;
6518;202200004309;806 295;B01;1;7;0;2;4;2;1;
6519;202200004309;806 296;C01;1;7;0;2;2;2;1;
6520;202200004309;806 297;D01;1;10;0;2;1;2;1;
6521;202200004310;806 288;C01;2;34;0;2;1;2;1;
6522;202200004310;806 290;B01;2;7;0;2;1;2;1;
6523;202200004310;806 291;A01;1;10;0;2;1;13;1;
6524;202200004311;806 286;B01;2;50;0;2;1;1;3;
6525;202200004311;806 289;A01;1;7;0;2;3;15;1;
6526;202200004312;806 285;B01;2;33;0;2;7;1;1;
6527;202200004312;806 287;A01;2;7;0;2;8;11;1;
6528;202200004313;806 284;A01;3;7;2;0;1;14;1;
6529;202200004314;806 282;B01;1;33;0;2;7;1;1;
6530;202200004314;806 283;A01;3;7;0;2;1;16;1;
6531;202200004315;806 280;A01;2;7;0;2;1;2;2;
6532;202200004315;806 281;B01;2;7;0;2;4;1;1;
6533;202200004316;806 279;A01;1;7;0;1;1;16;1;
6534;202200004317;806 276;B01;2;1;0;2;7;1;0;
6535;202200004317;806 277;A01;2;7;0;2;1;9;1;
6536;202200004318;806 275;B01;1;1;0;2;1;1;5;
6537;202200004318;806 278;A01;2;10;0;2;3;9;1;
6538;202200004319;806 274;A01;1;7;0;1;0;16;1;
6539;202200004320;806 273;A01;1;7;0;1;1;13;1;
6540;202200004321;806 271;A01;1;7;14;2;5;1;1;
6541;202200004321;806 272;B01;1;1;1;2;8;11;5;
6542;202200004322;806 267;A01;3;31;0;2;1;13;1;
6543;202200004322;806 269;B01;3;7;0;2;3;1;0;
6544;202200004323;806 268;B01;1;1;0;2;0;1;5;
6545;202200004323;806 270;A01;1;7;0;2;0;1;1;
6546;202200004324;806 264;A01;3;10;0;2;1;15;1;
6547;202200004324;806 266;B01;3;99;0;2;1;1;0;
6548;202200004325;806 265;A01;1;7;0;1;5;17;1;
6549;202200004326;806 263;A01;1;7;1;0;2;1;1;
6550;202200004327;806 260;B01;1;7;9;2;4;23;1;
6551;202200004327;806 261;A01;1;7;9;2;1;1;1;
6552;202200004329;806 257;A01;2;7;0;1;1;1;1;
6553;202200004331;806 252;A01;1;7;0;0;0;9;1;
6554;202200004332;806 248;A01;3;10;0;1;2;1;1;
6555;202200004333;806 247;G01;1;7;0;2;0;1;1;
6556;202200004333;806 249;F01;1;7;14;2;0;1;1;
6557;202200004333;806 250;E01;1;7;14;2;5;1;1;
6558;202200004333;806 251;D01;1;7;0;2;0;0;1;
6559;202200004333;806 253;C01;1;7;0;2;0;1;1;
6560;202200004333;806 254;B01;1;10;0;2;0;1;1;
6561;202200004333;806 255;A01;1;15;14;0;1;1;1;
6562;202200004335;806 243;B01;3;7;0;2;3;1;1;
6563;202200004335;806 245;A01;3;7;0;2;5;17;1;
6564;202200004336;806 242;A01;1;7;0;1;1;1;1;
6565;202200004337;806 241;A01;1;7;6;0;1;15;0;
6566;202200004338;806 240;A01;1;7;1;1;1;1;1;
6567;202200004339;806 238;A01;3;2;6;0;1;13;1;
6568;202200004340;806 235;B01;0;10;0;2;3;26;1;
6569;202200004340;806 237;A01;1;33;0;2;3;25;1;
6570;202200004341;806 236;A01;3;10;0;2;1;1;1;
6571;202200004341;806 239;B01;3;7;0;2;2;19;1;
6572;202200004342;806 232;A01;1;32;0;2;7;17;1;
6573;202200004342;806 234;B01;2;7;0;2;1;15;1;
6574;202200004343;806 233;A01;2;7;0;1;3;2;1;
6575;202200004345;806 230;A01;1;7;8;1;2;14;1;
6576;202200004346;806 228;B01;3;10;0;2;3;1;1;
6577;202200004346;806 229;A01;0;7;0;2;3;1;1;
6578;202200004347;806 227;A01;1;7;0;1;7;1;1;
6579;202200004348;806 223;A01;1;7;0;2;4;4;1;
6580;202200004348;806 226;B01;1;1;0;2;7;1;5;
6581;202200004349;806 224;A01;1;14;0;0;2;14;1;
6582;202200004349;806 225;B01;1;32;0;0;3;1;1;
6583;202200004350;806 221;A01;3;13;0;1;1;1;1;
6584;202200004351;806 220;B01;3;1;0;2;7;1;5;
6585;202200004351;806 222;A01;3;7;0;2;1;9;1;
6586;202200004352;806 218;A01;0;40;0;1;3;1;0;
6587;202200004353;806 217;B01;2;33;16;2;1;12;1;
6588;202200004353;806 219;A01;0;10;0;2;1;9;1;
6589;202200004354;806 216;A01;3;7;0;1;2;1;1;
6590;202200004355;806 213;A01;1;7;0;2;1;1;1;
6591;202200004355;806 215;B01;1;50;0;2;7;1;3;
6592;202200004356;806 212;B01;2;30;0;2;1;1;1;
6593;202200004356;806 214;A01;1;7;0;2;1;15;3;
6594;202200004357;806 208;B01;3;30;0;2;0;0;1;
6595;202200004357;806 210;A01;3;7;0;2;7;22;1;
6596;202200004358;806 209;B01;2;1;0;2;1;1;5;
6597;202200004358;806 211;A01;2;7;0;2;1;15;1;
6598;202200004359;806 206;B01;1;7;0;2;3;2;1;
6599;202200004359;806 207;A01;1;7;0;2;1;2;1;
6600;202200004360;806 205;Z01;2;0;0;1;0;0;0;
6601;202200004361;806 203;A01;1;33;0;0;8;21;1;
6602;202200004361;806 204;Z01;1;7;0;0;0;12;0;
6603;202200004363;806 200;A01;1;50;0;0;1;21;3;
6604;202200004365;806 195;C01;1;7;0;2;1;0;1;
6605;202200004365;806 196;B01;1;7;0;2;4;2;1;
6606;202200004365;806 199;A01;1;7;0;2;1;2;1;
6607;202200004366;806 194;A01;1;50;0;1;1;1;3;
6608;202200004367;806 190;B01;3;7;0;2;3;1;2;
6609;202200004367;806 192;A01;3;1;0;2;0;1;5;
6610;202200004368;806 191;B01;2;7;0;2;1;1;1;
6611;202200004368;806 193;A01;1;7;0;2;2;15;1;
6612;202200004370;806 186;B01;1;37;0;2;1;0;1;1.0
6613;202200004370;806 189;A01;1;7;0;9;8;1;1;
6614;202200004371;806 185;A01;1;10;0;1;4;4;6;
6615;202200004372;806 184;A01;1;7;8;0;1;13;1;
6616;202200004373;806 182;A01;2;38;10;0;2;14;1;1.0