;Num_Acc;id_vehicule;num_veh;senc;catv;obs;obsm;choc;manv;motor;occutc
6617;202200004374;806 181;B01;1;1;0;2;1;22;5;
6618;202200004374;806 183;A01;1;7;0;0;7;1;1;
6619;202200004375;806 177;Z01;2;7;0;2;1;2;1;
6620;202200004375;806 179;A01;2;1;0;2;4;2;5;
6621;202200004376;806 176;C01;2;7;1;0;0;0;1;
6622;202200004376;806 178;B01;2;37;0;2;2;0;1;1.0
6623;202200004376;806 180;A01;2;30;0;2;3;9;1;
6624;202200004377;806 175;A01;1;30;0;1;1;1;1;
6625;202200004378;806 171;B01;3;1;0;2;2;1;5;
6626;202200004378;806 173;A01;3;7;0;9;6;11;1;
6627;202200004379;806 170;B01;3;1;0;2;8;12;5;
6628;202200004379;806 172;A01;3;43;0;2;2;16;1;
6629;202200004380;806 169;A01;2;1;0;0;0;9;5;
6630;202200004381;806 168;A01;2;7;2;0;7;1;1;
6631;202200004382;806 165;A01;2;30;0;2;1;17;3;
6632;202200004382;806 167;B01;2;31;0;2;3;23;1;
6633;202200004383;806 166;A01;2;7;13;0;0;16;1;
6634;202200004385;806 161;B01;1;7;0;2;1;1;1;
6635;202200004385;806 163;A01;2;7;0;2;1;5;1;
6636;202200004386;806 160;A01;1;50;0;0;0;1;3;
6637;202200004387;806 158;B01;2;7;0;2;1;1;1;
6638;202200004387;806 159;A01;3;7;0;2;1;15;1;
6639;202200004388;806 157;A01;2;34;0;0;1;1;1;
6640;202200004389;806 155;B01;1;3;0;2;1;1;1;
6641;202200004389;806 156;A01;1;7;0;2;1;1;1;
6642;202200004390;806 153;A01;3;1;0;9;8;13;5;
6643;202200004390;806 154;B01;3;80;0;9;7;2;3;
6644;202200004391;806 151;B01;1;7;0;2;4;23;1;
6645;202200004391;806 152;A01;1;7;0;2;1;2;1;
6646;202200004392;806 149;B01;1;2;0;2;2;17;1;
6647;202200004392;806 150;A01;1;7;0;2;6;10;1;
6648;202200004393;806 147;B01;3;7;0;2;1;2;1;
6649;202200004393;806 148;A01;3;7;0;2;4;23;1;
6650;202200004395;806 144;A01;2;7;0;2;6;15;1;
6651;202200004395;806 145;B01;3;33;0;2;1;1;1;
6652;202200004396;806 142;A01;-1;10;0;9;4;2;1;
6653;202200004396;806 143;B01;-1;10;0;0;0;0;1;
6654;202200004397;806 141;A01;1;7;2;0;8;1;1;
6655;202200004398;806 139;B01;3;7;1;2;2;0;1;
6656;202200004398;806 140;A01;3;10;6;2;3;2;1;
6657;202200004399;806 137;B01;3;80;0;2;8;15;3;
6658;202200004399;806 138;A01;1;7;0;2;3;9;1;
6659;202200004400;806 135;B01;1;2;0;2;1;8;1;
6660;202200004400;806 136;A01;2;7;0;2;1;1;1;
6661;202200004402;806 132;A01;3;7;0;1;1;1;0;
6662;202200004403;806 130;A01;1;7;0;2;3;1;1;
6663;202200004403;806 131;B01;1;7;0;2;3;1;1;
6664;202200004404;806 128;B01;1;33;0;2;4;23;1;
6665;202200004404;806 129;A01;1;7;0;2;3;2;1;
6666;202200004405;806 126;A01;2;17;0;2;2;16;1;
6667;202200004405;806 127;B01;2;1;0;2;8;2;5;
6668;202200004406;806 124;B01;2;0;0;0;0;0;0;
6669;202200004406;806 125;A01;2;50;0;0;4;1;3;
6670;202200004407;806 122;B01;1;7;0;2;4;2;1;
6671;202200004407;806 123;A01;1;10;0;2;1;2;1;
6672;202200004408;806 120;B01;1;32;0;2;7;1;1;
6673;202200004408;806 121;A01;1;7;0;2;8;15;1;
6674;202200004409;806 119;A01;1;7;0;1;7;1;1;
6675;202200004410;806 116;B01;1;43;0;2;2;1;1;
6676;202200004410;806 118;A01;1;7;0;2;3;9;1;
6677;202200004411;806 115;A01;2;1;0;2;1;2;5;
6678;202200004411;806 117;B01;2;7;0;2;5;23;1;
6679;202200004412;806 112;B01;2;7;0;2;1;1;1;
6680;202200004412;806 113;A01;1;7;0;2;1;13;1;
6681;202200004413;806 114;A01;2;1;0;0;2;1;5;
6682;202200004415;806 109;B01;2;1;0;2;6;1;5;
6683;202200004415;806 111;A01;2;7;0;2;2;2;1;
6684;202200004416;806 106;A01;1;7;0;2;1;1;1;
6685;202200004416;806 107;B01;2;7;0;2;1;1;1;
6686;202200004417;806 104;B01;2;34;0;0;2;2;0;
6687;202200004417;806 108;A01;2;3;0;2;3;15;1;
6688;202200004418;806 102;A01;2;99;0;0;1;1;3;
6689;202200004419;806 100;B01;2;7;0;2;5;2;1;
6690;202200004419;806 101;A01;2;10;15;2;3;2;1;
6691;202200004420;806 103;D01;0;7;0;2;3;1;1;
6692;202200004420;806 105;A01;2;10;0;2;3;15;1;
6693;202200004421;806 099;A01;1;7;0;0;0;1;0;
6694;202200004422;806 097;A01;3;21;0;2;1;1;1;
6695;202200004422;806 098;B01;3;30;0;2;1;1;1;
6696;202200004423;806 094;C01;1;7;0;2;1;1;1;
6697;202200004423;806 095;B01;2;10;0;2;6;15;1;
6698;202200004423;806 096;A01;2;7;0;2;1;2;1;
6699;202200004424;806 092;A01;1;16;0;2;3;19;1;
6700;202200004424;806 093;B01;2;7;0;2;6;1;1;
6701;202200004425;806 091;A01;2;1;1;0;2;1;5;
6702;202200004426;806 088;A01;1;7;0;2;3;13;1;
6703;202200004426;806 089;B01;2;7;15;2;1;1;1;
6704;202200004426;806 090;C01;2;7;0;2;1;1;1;
6705;202200004427;806 085;A01;2;17;0;2;3;13;1;
6706;202200004427;806 086;B01;2;7;0;2;7;1;1;
6707;202200004427;806 087;C01;2;7;4;2;2;1;1;
6708;202200004429;806 082;A01;3;1;0;1;1;1;5;
6709;202200004430;806 081;A01;2;7;3;0;2;14;1;
6710;202200004431;806 078;B01;1;7;0;2;4;2;1;
6711;202200004431;806 079;A01;1;7;0;2;1;2;1;
6712;202200004432;806 076;A01;2;7;0;2;1;13;1;
6713;202200004432;806 077;B01;1;7;0;2;1;1;1;
6714;202200004433;806 075;A01;2;7;0;0;0;1;1;
6715;202200004434;806 074;A01;3;7;13;0;1;13;1;
6716;202200004435;806 072;B01;1;7;0;2;3;1;1;
6717;202200004435;806 073;A01;2;33;0;2;3;0;0;
6718;202200004436;806 070;B01;2;21;0;0;3;1;1;
6719;202200004436;806 071;A01;1;7;0;0;3;1;1;
6720;202200004437;806 069;A01;1;7;0;1;3;1;1;
6721;202200004438;806 068;A01;2;7;13;0;1;1;1;
6722;202200004439;806 066;B01;1;7;0;2;3;1;1;
6723;202200004439;806 067;A01;2;3;0;2;1;13;1;
6724;202200004440;806 064;A01;1;33;0;2;5;17;1;
6725;202200004440;806 065;B01;1;7;0;2;3;15;2;
6726;202200004442;806 059;C01;2;7;0;2;6;1;1;
6727;202200004442;806 060;B01;2;10;0;2;1;1;1;
6728;202200004442;806 061;A01;1;7;0;2;1;13;1;
6729;202200004443;806 058;A01;0;33;0;0;8;0;1;
6730;202200004445;806 055;B01;3;10;0;2;1;1;1;
6731;202200004445;806 056;A01;3;7;13;2;2;17;1;
6732;202200004446;806 051;C01;1;7;0;2;0;0;1;
6733;202200004446;806 052;B01;1;7;4;2;1;13;1;
6734;202200004446;806 053;A01;1;7;0;2;4;0;1;
6735;202200004447;806 049;B01;3;7;0;2;2;1;1;
6736;202200004447;806 050;A01;3;2;0;2;3;11;1;
6737;202200004448;806 047;A01;2;21;0;2;2;9;1;
6738;202200004448;806 048;B01;1;33;13;2;1;1;1;
6739;202200004449;806 046;A01;1;7;0;0;3;1;1;
6740;202200004450;806 043;C01;1;31;0;2;2;1;1;
6741;202200004450;806 044;B01;1;7;0;2;6;1;1;
6742;202200004450;806 045;A01;1;7;0;0;4;1;1;
6743;202200004451;806 040;B01;1;7;13;2;0;13;1;
6744;202200004451;806 041;A01;1;33;0;0;1;1;1;
6745;202200004452;806 039;A01;1;31;8;0;9;1;1;
6746;202200004453;806 037;A01;0;7;0;2;3;13;1;
6747;202200004453;806 038;B01;0;7;0;2;3;1;1;
6748;202200004454;806 036;A01;2;7;0;1;2;1;1;
6749;202200004456;806 031;A01;0;7;0;1;5;20;1;
6750;202200004457;806 030;A01;1;7;6;0;1;14;1;
6751;202200004458;806 029;A01;1;7;13;0;1;13;1;
6752;202200004459;806 027;A01;2;7;0;0;8;9;1;
6753;202200004459;806 028;B01;1;80;0;2;1;9;3;
6754;202200004460;806 025;B01;3;10;0;0;3;1;1;
6755;202200004460;806 026;A01;2;10;9;0;1;1;1;
6756;202200004461;806 024;A01;1;33;0;0;7;23;1;
6757;202200004462;806 022;A01;2;7;12;2;1;9;1;
6758;202200004462;806 023;B01;1;7;0;2;1;15;1;
6759;202200004463;806 021;A01;1;2;1;1;1;13;1;
6760;202200004464;806 020;A01;1;7;0;0;9;1;1;
6761;202200004465;806 019;A01;2;7;13;0;3;2;1;
6762;202200004467;806 014;A01;1;7;3;0;1;1;0;
6763;202200004468;806 012;B01;1;99;0;2;7;19;1;
6764;202200004468;806 013;A01;2;7;0;2;1;1;1;
6765;202200004469;806 011;A01;1;10;0;1;2;0;0;
6766;202200004470;806 009;A01;2;7;0;1;2;1;0;
6767;202200004471;806 007;B01;2;33;0;2;1;17;1;
6768;202200004471;806 008;A01;2;14;0;2;8;15;1;
6769;202200004472;806 006;A01;1;7;2;0;1;1;1;
6770;202200004473;806 004;A01;3;7;0;2;7;19;1;
6771;202200004473;806 005;B01;2;7;0;2;1;19;1;
6772;202200004474;805 999;C01;1;7;0;2;1;2;1;
6773;202200004474;806 000;B01;1;7;0;0;4;2;1;
6774;202200004474;806 001;A01;1;7;0;0;4;2;1;
6775;202200004475;805 998;A01;1;10;4;0;3;13;1;
6776;202200004476;805 996;B01;1;10;0;2;1;13;1;
6777;202200004476;805 997;A01;2;7;0;2;1;1;1;
6778;202200004477;805 995;A01;0;2;0;9;1;1;1;
6779;202200004478;805 993;A01;2;7;0;2;2;1;1;
6780;202200004478;805 994;B01;3;50;0;2;2;23;3;
6781;202200004479;805 991;B01;1;7;0;2;2;13;1;
6782;202200004479;805 992;A01;2;7;0;2;3;1;1;
6783;202200004480;805 989;A01;0;2;0;0;6;15;1;
6784;202200004480;805 990;B01;0;7;0;0;2;17;1;
6785;202200004481;805 988;A01;2;33;8;0;2;0;1;
6786;202200004482;805 987;A01;3;1;0;0;0;0;5;
6787;202200004483;805 985;B01;2;2;0;2;3;1;1;
6788;202200004483;805 986;A01;1;7;0;2;8;13;0;
6789;202200004485;805 981;A01;2;7;0;2;2;15;1;
6790;202200004485;805 982;B01;1;2;0;2;1;1;1;
6791;202200004486;805 978;C01;2;7;0;2;1;2;1;
6792;202200004486;805 979;B01;2;7;0;2;4;23;1;
6793;202200004486;805 980;A01;2;7;0;0;4;23;1;
6794;202200004487;805 977;A01;2;31;13;0;1;1;1;
6795;202200004488;805 975;A01;3;7;0;2;1;1;1;
6796;202200004488;805 976;B01;3;1;0;2;8;1;5;
6797;202200004489;805 974;A01;1;7;13;0;1;1;1;
6798;202200004490;805 973;A01;1;33;13;0;3;13;1;
6799;202200004492;805 969;A01;0;33;0;2;2;2;1;
6800;202200004492;805 970;B01;0;33;0;2;3;2;1;
6801;202200004494;805 967;A01;1;7;7;0;2;21;1;
6802;202200004495;805 966;A01;1;7;15;0;1;13;1;
6803;202200004496;805 964;B01;0;1;0;2;8;19;5;
6804;202200004496;805 965;A01;1;10;0;9;2;19;1;
6805;202200004497;805 962;A01;2;7;0;2;2;13;1;
6806;202200004497;805 963;B01;2;17;0;2;2;1;1;
6807;202200004498;805 960;B01;2;7;0;2;4;2;1;
6808;202200004498;805 961;A01;1;7;0;2;1;2;1;
6809;202200004499;805 959;A01;1;32;0;0;0;0;1;
6810;202200004500;805 958;A01;2;33;0;0;0;1;1;
6811;202200004502;805 954;A01;2;10;0;2;8;11;1;
6812;202200004502;805 955;B01;2;33;0;2;7;3;1;
6813;202200004503;805 951;C01;2;7;0;2;4;23;1;
6814;202200004503;805 952;B01;2;7;0;2;4;23;1;
6815;202200004503;805 953;A01;2;7;0;2;1;2;1;
6816;202200004504;805 950;A01;2;15;3;0;2;1;1;
6817;202200004505;805 948;B01;2;33;0;2;1;1;1;
6818;202200004505;805 949;A01;2;7;0;2;5;12;1;
6819;202200004506;805 947;A01;2;10;0;0;2;1;1;
6820;202200004507;805 945;A01;2;7;0;2;7;17;1;
6821;202200004507;805 946;B01;3;2;0;2;0;0;1;
6822;202200004508;805 943;B01;1;7;0;2;1;1;0;
6823;202200004508;805 944;A01;2;7;12;2;1;13;0;
6824;202200004509;805 941;A01;3;30;0;2;1;1;1;
6825;202200004509;805 942;B01;3;7;0;2;3;19;1;
6826;202200004510;805 939;B01;1;7;13;2;3;1;1;
6827;202200004510;805 940;A01;2;7;0;2;1;11;1;
6828;202200004511;805 937;B01;2;7;0;2;6;1;1;
6829;202200004511;805 938;A01;1;10;1;2;1;1;1;
6830;202200004512;805 935;A01;3;33;0;2;1;2;1;
6831;202200004512;805 936;B01;3;7;0;2;2;2;1;
6832;202200004513;805 933;B01;2;2;0;2;1;1;1;
6833;202200004513;805 934;A01;1;7;0;2;1;1;1;
6834;202200004514;805 932;A01;1;2;0;0;3;1;1;
6835;202200004515;805 931;A01;1;7;6;0;1;9;1;
6836;202200004516;805 929;B01;1;3;0;2;2;1;-1;
6837;202200004516;805 930;A01;2;10;0;2;3;9;1;
6838;202200004517;805 925;B01;2;50;0;2;3;2;3;
6839;202200004517;805 926;A01;2;7;0;2;7;26;1;
6840;202200004518;805 923;B01;2;7;0;2;4;21;1;
6841;202200004518;805 924;A01;2;7;0;2;1;2;1;
6842;202200004519;805 921;A01;3;7;0;2;3;1;1;
6843;202200004519;805 922;B01;3;33;0;2;1;6;1;
6844;202200004521;805 917;A01;3;7;0;2;2;1;1;
6845;202200004521;805 918;B01;3;1;0;2;1;9;5;
6846;202200004523;805 912;A01;2;7;0;2;3;13;1;
6847;202200004523;805 913;B01;1;17;0;2;3;1;1;
6848;202200004523;805 914;C01;1;7;0;2;0;26;1;
6849;202200004524;805 910;B01;1;7;0;0;5;0;1;
6850;202200004524;805 911;A01;1;2;0;2;1;15;1;
6851;202200004525;805 909;A01;2;7;1;0;2;14;1;
6852;202200004526;805 907;B01;1;7;0;2;3;1;2;
6853;202200004526;805 908;A01;1;7;0;2;2;15;2;
6854;202200004527;805 906;A01;3;7;8;0;1;1;1;
6855;202200004528;805 903;C01;3;7;0;2;3;23;1;
6856;202200004528;805 904;A01;3;7;0;2;3;15;1;
6857;202200004528;805 905;B01;3;33;0;2;1;1;1;
6858;202200004529;805 902;A01;3;10;16;0;1;24;1;
6859;202200004530;805 900;B01;3;1;0;2;8;1;5;
6860;202200004530;805 901;A01;3;7;0;2;7;26;1;
6861;202200004531;805 898;B01;1;7;0;2;8;1;0;
6862;202200004531;805 899;A01;1;7;0;2;1;1;0;
6863;202200004532;805 895;C01;3;7;0;2;3;1;1;
6864;202200004532;805 896;B01;3;32;0;2;4;2;1;
6865;202200004532;805 897;A01;3;7;0;2;3;2;1;
6866;202200004533;805 894;A01;0;7;1;0;3;1;2;
6867;202200004534;805 893;A01;1;50;0;1;1;1;3;
6868;202200004535;805 892;A01;0;30;0;0;0;21;1;
6869;202200004536;805 890;A01;1;33;0;2;2;17;1;
6870;202200004536;805 891;B01;2;7;0;2;1;15;1;
6871;202200004537;805 889;A01;2;7;1;0;1;14;1;
6872;202200004538;805 887;A01;2;41;0;2;3;23;1;
6873;202200004538;805 888;B01;2;7;0;2;6;23;1;
6874;202200004539;805 886;A01;1;7;0;1;1;1;1;
6875;202200004540;805 884;A01;2;30;0;2;1;17;1;
6876;202200004540;805 885;B01;2;10;0;2;8;15;1;
6877;202200004541;805 882;A01;1;7;0;0;0;26;1;
6878;202200004541;805 883;B01;2;30;0;0;3;15;1;
6879;202200004542;805 881;A01;0;7;0;1;1;26;1;
6880;202200004543;805 879;A01;2;7;0;2;1;1;1;
6881;202200004543;805 880;B01;2;32;0;2;1;1;1;
6882;202200004544;805 877;A01;3;7;0;2;2;15;2;
6883;202200004544;805 878;B01;3;10;0;2;1;1;1;
6884;202200004545;805 875;A01;2;7;0;2;2;12;1;
6885;202200004545;805 876;B01;2;43;0;2;1;1;1;
6886;202200004546;805 874;A01;1;1;1;0;1;14;5;
6887;202200004547;805 872;B01;3;7;0;2;3;9;1;
6888;202200004547;805 873;A01;3;2;0;2;2;1;1;
6889;202200004548;805 870;B01;3;15;0;2;6;24;1;
6890;202200004548;805 871;A01;3;1;0;2;1;1;5;
6891;202200004549;805 868;B01;3;7;0;2;3;10;1;
6892;202200004549;805 869;A01;3;30;0;2;1;17;1;
6893;202200004550;805 866;A01;3;80;0;2;1;1;3;
6894;202200004550;805 867;B01;1;50;0;2;1;13;3;
6895;202200004551;805 864;B01;2;1;0;0;0;1;5;
6896;202200004551;805 865;A01;1;1;0;0;1;13;5;
6897;202200004552;805 862;B01;1;7;0;2;1;1;1;
6898;202200004552;805 863;A01;2;34;0;2;3;5;1;
6899;202200004554;805 859;A01;1;10;0;1;2;1;0;
6900;202200004555;805 857;B01;1;31;0;2;0;0;1;
6901;202200004555;805 858;A01;1;7;0;2;0;0;1;
6902;202200004556;805 856;A01;1;7;1;1;1;21;1;
6903;202200004557;805 855;A01;0;7;12;2;9;14;1;
6904;202200004558;805 853;A01;1;7;0;2;2;1;1;
6905;202200004558;805 854;B01;2;1;0;2;7;19;5;
6906;202200004559;805 851;A01;0;10;0;0;8;23;0;
6907;202200004559;805 852;B01;0;50;0;2;0;2;3;
6908;202200004560;805 850;A01;1;1;0;0;0;0;5;
6909;202200004563;805 845;A01;3;30;0;2;1;1;1;
6910;202200004563;805 846;B01;3;34;0;2;4;1;1;
6911;202200004565;805 841;B01;1;7;0;0;4;2;1;
6912;202200004565;805 842;A01;1;14;0;2;2;1;1;
6913;202200004566;805 840;A01;1;7;14;0;2;21;1;
6914;202200004567;805 837;A01;2;7;13;0;1;1;1;
6915;202200004568;805 835;A01;1;33;0;2;3;17;1;
6916;202200004568;805 836;B01;2;1;0;2;8;0;5;
6917;202200004569;805 834;A01;2;7;3;0;0;1;1;
6918;202200004570;805 830;D01;2;7;0;9;5;1;0;
6919;202200004570;805 831;C01;2;7;0;9;6;1;0;
6920;202200004570;805 832;B01;2;7;0;9;6;1;0;
6921;202200004570;805 833;A01;2;7;3;0;2;0;0;
6922;202200004571;805 829;A01;0;33;8;0;1;1;1;
6923;202200004572;805 828;A01;1;33;0;0;8;21;1;
6924;202200004573;805 824;A01;2;7;0;2;2;2;1;
6925;202200004573;805 825;B01;2;7;0;0;6;2;1;
6926;202200004573;805 826;C01;2;7;0;0;5;17;1;
6927;202200004574;805 822;B01;1;33;0;2;1;1;1;
6928;202200004574;805 823;A01;2;7;0;2;1;17;1;
6929;202200004575;805 821;A01;1;7;8;0;1;0;1;
6930;202200004576;805 819;B01;0;7;0;2;1;1;1;
6931;202200004576;805 820;A01;0;7;0;2;1;16;1;
6932;202200004577;805 817;A01;2;7;0;0;1;1;1;
6933;202200004577;805 818;B01;2;7;0;0;4;2;1;
6934;202200004579;805 815;A01;3;7;14;2;2;17;1;
6935;202200004580;805 812;A01;2;7;13;0;1;1;1;
6936;202200004581;805 810;B01;2;31;0;2;1;1;1;
6937;202200004581;805 811;A01;1;7;0;2;7;15;1;
6938;202200004582;805 809;A01;2;7;0;1;3;16;1;
6939;202200004583;805 808;A01;1;33;16;0;2;1;0;
6940;202200004584;805 807;A01;1;2;7;0;1;1;1;
6941;202200004586;805 804;A01;1;7;2;0;1;1;1;
6942;202200004587;805 803;A01;3;7;0;1;1;1;1;
6943;202200004588;805 802;A01;1;2;0;0;3;15;1;
6944;202200004589;805 800;B01;2;7;0;2;7;1;1;
6945;202200004589;805 801;A01;1;7;0;2;3;15;1;
6946;202200004590;805 798;A01;1;10;0;2;8;9;1;
6947;202200004590;805 799;B01;1;30;0;0;1;1;1;
6948;202200004591;805 797;A01;2;7;2;0;8;1;1;
6949;202200004592;805 796;A01;2;33;0;0;0;1;1;
6950;202200004593;805 794;B01;1;7;0;2;1;23;1;
6951;202200004593;805 795;A01;1;7;1;0;8;1;1;
6952;202200004594;805 793;A01;1;7;13;0;2;1;1;
6953;202200004595;805 790;A01;1;1;0;0;0;1;5;
6954;202200004596;805 789;A01;-1;31;0;0;9;1;1;
6955;202200004597;805 788;A01;2;31;0;0;0;17;1;
6956;202200004598;805 787;A01;1;7;2;0;2;1;1;
6957;202200004600;805 784;B01;2;33;0;2;8;1;1;
6958;202200004600;805 785;A01;1;7;0;2;3;15;1;
6959;202200004601;805 783;A01;2;7;0;1;2;1;1;
6960;202200004602;805 781;A01;3;1;0;2;2;0;5;
6961;202200004602;805 782;B01;1;7;0;2;3;1;1;
6962;202200004603;805 779;A01;1;7;0;2;1;2;1;
6963;202200004603;805 780;B01;1;33;0;0;4;1;1;
6964;202200004604;805 778;A01;2;7;0;1;2;1;1;
6965;202200004605;805 776;A01;1;7;0;9;2;2;1;
6966;202200004605;805 777;B01;1;1;0;2;4;2;5;
6967;202200004606;805 774;A01;3;7;0;2;3;9;1;
6968;202200004606;805 775;B01;3;33;0;2;1;1;1;
6969;202200004607;805 773;A01;2;7;13;0;0;12;1;
6970;202200004608;805 771;B01;3;7;0;2;8;19;1;
6971;202200004608;805 772;A01;3;2;0;2;7;1;1;
6972;202200004609;805 768;A01;1;7;0;0;6;2;1;
6973;202200004609;805 769;B01;1;7;0;2;1;2;1;
6974;202200004609;805 770;C01;1;10;0;2;1;2;1;
6975;202200004610;805 767;A01;2;17;2;0;7;1;1;
6976;202200004611;805 765;A01;3;33;4;2;1;1;1;
6977;202200004611;805 766;B01;3;7;0;2;1;1;1;
6978;202200004612;805 763;A01;1;7;4;2;2;2;1;
6979;202200004612;805 764;B01;1;7;4;2;6;2;1;
6980;202200004613;805 761;A01;2;7;0;2;3;1;1;
6981;202200004613;805 762;B01;2;10;0;2;3;1;1;
6982;202200004614;805 759;A01;1;33;0;2;1;2;1;
6983;202200004614;805 760;B01;1;7;0;0;5;2;1;
6984;202200004615;805 757;B01;3;10;0;2;8;1;1;
6985;202200004615;805 758;A01;3;2;0;2;8;13;1;
6986;202200004616;805 755;B01;2;1;0;2;1;5;5;
6987;202200004616;805 756;A01;1;7;0;2;3;1;1;
6988;202200004617;805 754;A01;1;7;0;1;4;4;1;
6989;202200004618;805 752;B01;1;10;0;2;3;2;1;
6990;202200004618;805 753;A01;2;33;0;2;1;0;1;
6991;202200004620;805 748;B01;2;7;0;2;2;21;1;
6992;202200004620;805 749;A01;2;7;0;0;6;9;1;
6993;202200004621;805 746;A01;2;7;0;0;0;17;0;
6994;202200004621;805 747;B01;2;7;13;0;1;17;1;
6995;202200004622;805 744;A01;1;1;0;2;7;1;5;
6996;202200004622;805 745;B01;2;17;8;2;3;1;1;
6997;202200004623;805 743;A01;2;31;0;0;3;1;1;
6998;202200004624;805 742;A01;2;33;0;6;1;1;1;
6999;202200004625;805 740;B01;3;1;0;0;1;1;5;
7000;202200004625;805 741;A01;3;33;0;2;1;1;1;
7001;202200004626;805 738;A01;2;7;0;2;1;5;1;
7002;202200004626;805 739;B01;1;17;0;2;3;21;1;
7003;202200004627;805 736;B01;1;7;0;0;4;23;1;
7004;202200004627;805 737;A01;1;33;0;2;1;1;1;
7005;202200004628;805 734;B01;3;7;0;2;2;1;1;
7006;202200004628;805 735;A01;3;7;0;2;1;15;1;
7007;202200004629;805 732;B01;2;2;0;2;3;15;1;
7008;202200004629;805 733;A01;2;38;0;2;2;2;1;1.0
7009;202200004630;805 730;B01;1;33;0;2;1;1;1;
7010;202200004630;805 731;A01;2;7;0;0;7;15;1;
7011;202200004631;805 729;A01;0;7;15;0;0;0;1;
7012;202200004632;805 728;A01;2;7;12;0;9;14;1;
7013;202200004633;805 726;B01;3;1;0;2;1;26;5;
7014;202200004633;805 727;A01;3;7;0;2;2;1;1;
7015;202200004634;805 724;A01;2;10;0;2;2;19;1;
7016;202200004634;805 725;B01;3;2;0;2;1;2;3;
7017;202200004635;805 722;A01;1;7;0;2;1;15;1;
7018;202200004635;805 723;B01;1;80;0;2;8;1;3;
7019;202200004636;805 720;A01;1;7;0;2;3;1;1;
7020;202200004636;805 721;B01;2;7;0;2;3;5;1;
7021;202200004637;805 719;A01;1;32;0;0;1;1;1;
7022;202200004638;805 717;B01;3;7;0;2;5;2;1;
7023;202200004638;805 718;A01;3;7;0;2;1;9;1;
7024;202200004639;805 716;A01;2;7;0;1;1;1;1;
7025;202200004640;805 714;B01;3;10;0;2;3;15;1;
7026;202200004640;805 715;A01;3;31;0;2;1;17;1;
7027;202200004641;805 713;A01;1;32;14;2;1;17;1;
7028;202200004642;805 712;A01;1;32;11;0;1;13;1;
7029;202200004643;805 711;A01;3;7;0;1;1;16;0;
7030;202200004644;805 708;C01;1;10;0;2;4;23;1;
7031;202200004644;805 709;B01;1;7;0;2;4;0;1;
7032;202200004644;805 710;A01;2;7;0;2;1;2;1;
7033;202200004645;805 705;C01;1;7;0;0;0;0;1;
7034;202200004645;805 706;B01;1;7;0;2;4;2;1;
7035;202200004645;805 707;A01;1;7;0;2;1;2;1;
7036;202200004646;805 704;A01;1;7;13;0;1;13;1;
7037;202200004647;805 702;A01;2;7;8;2;1;1;1;
7038;202200004647;805 703;B01;2;7;0;2;8;1;1;
7039;202200004648;805 700;A01;0;7;0;2;3;1;1;
7040;202200004648;805 701;B01;0;7;0;2;3;1;1;
7041;202200004649;805 698;B01;2;7;0;2;1;2;0;
7042;202200004649;805 699;A01;2;7;0;2;4;1;1;
7043;202200004650;805 696;A01;2;7;0;2;6;15;1;
7044;202200004650;805 697;B01;2;1;0;2;1;1;5;
7045;202200004651;805 694;A01;3;7;0;2;0;24;1;
7046;202200004651;805 695;B01;3;80;0;0;0;0;3;
7047;202200004652;805 693;A01;1;7;8;0;3;26;1;
7048;202200004654;805 690;A01;2;7;0;1;1;1;1;
7049;202200004655;805 688;A01;2;10;0;2;7;10;1;
7050;202200004655;805 689;B01;2;1;0;2;3;0;5;
7051;202200004656;805 687;A01;1;7;9;0;1;14;1;
7052;202200004657;805 686;A01;3;7;0;1;1;1;1;
7053;202200004659;805 683;A01;3;1;0;2;3;19;5;
7054;202200004659;805 684;B01;1;7;0;2;1;1;1;
7055;202200004660;805 681;A01;2;7;0;2;1;1;1;
7056;202200004660;805 682;B01;1;7;0;2;8;1;1;
7057;202200004661;805 679;A01;3;7;0;2;1;15;1;
7058;202200004661;805 680;B01;2;7;0;2;5;1;1;
7059;202200004662;805 678;A01;2;7;0;1;3;1;1;
7060;202200004663;805 676;A01;1;10;0;2;7;1;1;
7061;202200004663;805 677;B01;1;7;0;2;1;0;1;
7062;202200004664;805 675;A01;1;7;0;1;1;1;1;
7063;202200004665;805 674;A01;3;7;17;0;2;21;1;
7064;202200004666;805 673;A01;2;7;0;1;1;15;1;
7065;202200004667;805 671;B01;3;1;0;2;1;9;5;
7066;202200004667;805 672;A01;3;7;0;2;1;9;1;
7067;202200004668;805 669;B01;3;7;0;2;3;1;1;
7068;202200004668;805 670;A01;3;33;0;2;3;13;1;
7069;202200004669;805 667;B01;1;7;0;2;8;1;1;
7070;202200004669;805 668;A01;1;31;0;2;8;17;1;
7071;202200004670;805 665;A01;1;7;0;2;4;2;1;
7072;202200004670;805 666;B01;1;7;0;2;1;1;1;
7073;202200004671;805 663;A01;3;7;0;2;2;15;1;
7074;202200004671;805 664;B01;3;7;0;2;1;1;1;
7075;202200004672;805 661;B01;2;7;0;2;1;16;1;
7076;202200004672;805 662;A01;1;14;0;2;1;5;1;
7077;202200004673;805 657;A01;1;33;0;2;1;3;1;
7078;202200004673;805 658;B01;1;7;0;2;6;23;1;
7079;202200004674;805 656;A01;3;50;0;0;1;0;3;
7080;202200004675;805 654;A01;3;7;0;2;2;16;1;
7081;202200004675;805 655;B01;3;1;0;2;8;1;5;
7082;202200004676;805 653;A01;0;37;0;1;0;1;6;1.0
7083;202200004677;805 651;B01;2;7;0;2;1;1;1;
7084;202200004677;805 652;A01;2;7;0;2;8;15;1;
7085;202200004678;805 650;A01;-1;7;16;0;1;16;1;
7086;202200004679;805 646;B01;2;7;0;2;1;1;0;
7087;202200004679;805 647;A01;2;33;0;2;2;1;1;