;Num_Acc;id_vehicule;num_veh;senc;catv;obs;obsm;choc;manv;motor;occutc
7088;202200004680;805 645;A01;3;7;0;1;2;15;2;
7089;202200004681;805 643;A01;3;7;0;9;1;26;1;
7090;202200004681;805 644;B01;3;1;0;2;1;19;5;
7091;202200004682;805 641;B01;1;32;0;2;8;19;1;
7092;202200004682;805 642;A01;1;7;0;2;1;19;1;
7093;202200004683;805 639;A01;0;7;0;2;3;5;1;
7094;202200004683;805 640;B01;0;14;0;2;3;1;1;
7095;202200004684;805 637;B01;3;7;0;0;1;1;1;
7096;202200004684;805 638;A01;3;7;0;0;7;15;1;
7097;202200004685;805 635;A01;1;7;0;2;1;1;1;
7098;202200004685;805 636;B01;1;33;0;2;9;1;1;
7099;202200004686;805 633;B01;3;1;0;2;3;1;5;
7100;202200004686;805 634;A01;3;7;0;2;3;1;1;
7101;202200004687;805 632;A01;2;7;0;1;7;2;3;
7102;202200004688;805 630;B01;3;7;0;2;1;15;2;
7103;202200004688;805 631;A01;1;7;0;2;5;1;1;
7104;202200004689;805 627;A01;1;33;0;2;2;3;1;
7105;202200004689;805 628;B01;1;7;0;2;3;11;1;
7106;202200004689;805 629;C01;1;10;0;2;8;1;1;
7107;202200004690;805 625;A01;2;43;0;2;3;3;1;
7108;202200004690;805 626;B01;2;7;0;2;7;1;1;
7109;202200004691;805 623;B01;1;7;0;2;2;12;1;
7110;202200004691;805 624;A01;1;33;0;2;1;18;1;
7111;202200004692;805 621;A01;1;7;0;2;2;14;1;
7112;202200004692;805 622;B01;1;32;0;2;8;1;1;
7113;202200004693;805 619;A01;2;7;0;2;3;1;1;
7114;202200004693;805 620;B01;2;7;0;2;5;23;1;
7115;202200004694;805 618;A01;2;30;0;0;0;1;1;
7116;202200004696;805 614;A01;2;7;0;2;1;1;1;
7117;202200004696;805 615;B01;2;7;0;2;4;23;1;
7118;202200004697;805 613;A01;1;80;0;1;1;5;3;
7119;202200004698;805 612;A01;2;37;0;2;0;21;1;2.0
7120;202200004699;805 610;B01;1;32;0;2;2;17;1;
7121;202200004699;805 611;A01;1;30;0;2;6;15;1;
7122;202200004700;805 608;B01;0;7;0;2;1;23;1;
7123;202200004700;805 609;A01;3;33;0;2;6;1;1;
7124;202200004701;805 606;A01;2;7;0;2;2;2;1;
7125;202200004701;805 607;B01;2;32;0;2;4;2;1;
7126;202200004702;805 605;A01;2;43;0;0;1;1;1;
7127;202200004703;805 603;A01;3;10;0;2;7;10;1;
7128;202200004703;805 604;B01;3;10;0;-1;1;1;1;
7129;202200004704;805 601;A01;1;30;0;2;1;1;1;
7130;202200004704;805 602;B01;2;7;0;2;1;20;1;
7131;202200004705;805 599;A01;3;32;0;2;1;1;1;
7132;202200004705;805 600;B01;3;10;0;2;0;1;1;
7133;202200004706;805 597;B01;3;7;0;2;3;9;1;
7134;202200004706;805 598;A01;3;33;0;2;1;1;1;
7135;202200004708;805 594;A01;1;33;0;2;7;16;1;
7136;202200004708;805 595;B01;1;7;0;2;3;2;2;
7137;202200004709;805 593;A01;2;7;0;1;1;1;1;
7138;202200004710;805 592;A01;2;7;8;1;0;0;1;
7139;202200004711;805 590;B01;1;33;1;0;3;2;1;
7140;202200004711;805 591;A01;1;7;0;2;5;23;1;
7141;202200004712;805 589;A01;3;7;9;0;1;2;1;
7142;202200004713;805 587;A01;0;7;0;2;3;15;1;
7143;202200004713;805 588;B01;0;30;0;2;1;1;1;
7144;202200004714;805 586;A01;0;13;0;1;0;9;0;
7145;202200004715;805 584;B01;1;7;0;2;0;2;0;
7146;202200004715;805 585;A01;1;30;0;2;0;2;1;
7147;202200004716;805 582;A01;0;10;0;2;3;1;1;
7148;202200004716;805 583;B01;0;7;0;2;2;1;1;
7149;202200004717;805 580;B01;2;34;0;2;1;17;1;
7150;202200004717;805 581;A01;2;10;0;2;8;15;1;
7151;202200004718;805 578;A01;3;7;0;2;1;15;1;
7152;202200004718;805 579;B01;3;7;0;0;8;1;1;
7153;202200004719;805 577;A01;1;7;0;1;2;1;1;
7154;202200004720;805 575;B01;1;43;8;0;5;17;1;
7155;202200004720;805 576;A01;1;7;8;0;3;1;1;
7156;202200004721;805 573;A01;2;33;0;2;1;1;1;
7157;202200004721;805 574;B01;3;7;0;2;2;15;1;
7158;202200004723;805 569;B01;1;15;0;2;6;2;1;
7159;202200004723;805 570;A01;1;7;0;2;2;2;1;
7160;202200004724;805 568;A01;2;1;12;0;1;14;5;
7161;202200004725;805 567;A01;1;31;0;0;9;1;1;
7162;202200004726;805 564;A01;1;7;0;0;9;0;1;
7163;202200004727;805 562;B01;2;7;0;2;3;1;1;
7164;202200004727;805 563;A01;1;7;13;0;8;14;1;
7165;202200004729;805 559;A01;1;2;9;0;1;1;1;
7166;202200004730;805 558;A01;2;7;2;0;8;1;1;
7167;202200004731;805 556;B01;2;7;0;2;1;1;1;
7168;202200004731;805 557;A01;2;7;4;2;4;1;1;
7169;202200004733;805 553;A01;0;7;13;0;1;15;1;
7170;202200004734;805 551;A01;2;7;0;2;2;17;1;
7171;202200004734;805 552;B01;0;7;0;0;3;15;1;
7172;202200004735;805 549;Z01;1;7;0;1;1;1;1;
7173;202200004736;805 548;A01;1;10;0;2;2;1;1;
7174;202200004736;805 550;B01;1;10;0;2;1;1;1;
7175;202200004737;805 544;B01;1;7;0;2;3;1;1;
7176;202200004737;805 547;A01;1;7;0;2;1;1;1;
7177;202200004738;805 540;A01;1;7;0;0;3;1;1;
7178;202200004738;805 542;B01;1;33;0;2;1;1;1;
7179;202200004739;805 541;A01;1;7;0;1;1;15;1;
7180;202200004740;805 538;A01;2;7;0;2;3;1;1;
7181;202200004740;805 539;B01;1;21;2;2;3;1;1;
7182;202200004741;805 536;A01;2;7;13;0;7;1;1;
7183;202200004742;805 535;A01;1;7;0;2;1;15;1;
7184;202200004742;805 537;B01;2;31;0;2;1;1;1;
7185;202200004743;805 534;A01;2;7;0;1;1;1;1;
7186;202200004744;805 531;A01;2;7;0;1;1;1;1;
7187;202200004745;805 532;A01;2;7;0;2;6;1;1;
7188;202200004745;805 533;B01;2;7;0;2;7;15;1;
7189;202200004746;805 530;A01;3;33;13;0;9;1;1;
7190;202200004747;805 527;A01;1;10;0;2;6;26;1;
7191;202200004747;805 528;B01;1;7;0;2;2;21;1;
7192;202200004748;805 526;B01;1;7;0;4;9;19;1;
7193;202200004748;805 529;A01;0;40;0;2;2;19;3;
7194;202200004749;805 525;A01;2;33;3;0;7;1;1;
7195;202200004750;805 522;A01;2;7;0;2;8;15;1;
7196;202200004750;805 524;B01;1;33;0;2;1;1;1;
7197;202200004751;805 521;A01;1;10;2;0;1;0;1;
7198;202200004752;805 518;B01;2;7;0;2;7;16;1;
7199;202200004752;805 520;A01;2;2;0;2;1;18;1;
7200;202200004753;805 517;Z01;1;7;0;1;3;13;1;
7201;202200004754;805 515;B01;1;33;0;2;1;1;1;
7202;202200004754;805 516;A01;2;7;0;0;5;15;1;
7203;202200004755;805 513;B01;2;1;0;2;4;1;5;
7204;202200004755;805 514;A01;2;7;0;2;1;2;1;
7205;202200004757;805 508;A01;3;7;0;2;2;19;1;
7206;202200004757;805 511;B01;1;33;0;2;1;1;1;
7207;202200004759;805 505;A01;2;7;0;0;9;1;1;
7208;202200004760;805 504;A01;1;7;3;2;2;9;1;
7209;202200004760;805 506;B01;1;7;0;2;6;2;1;
7210;202200004761;805 502;A01;1;36;8;0;3;1;1;
7211;202200004763;805 499;A01;2;7;0;9;1;1;1;
7212;202200004763;805 500;B01;2;50;0;2;2;1;3;
7213;202200004764;805 498;A01;2;7;0;1;3;0;1;
7214;202200004765;805 495;A01;2;7;0;2;1;19;1;
7215;202200004765;805 497;B01;1;7;0;2;3;15;1;
7216;202200004767;805 493;A01;1;0;0;2;8;2;0;
7217;202200004767;805 496;B01;1;33;4;2;7;2;0;
7218;202200004768;805 488;A01;2;50;0;2;1;25;3;
7219;202200004768;805 491;B01;2;7;0;2;7;16;1;
7220;202200004769;805 489;A01;2;32;0;2;1;1;1;
7221;202200004769;805 492;B01;0;7;0;2;4;0;0;
7222;202200004770;805 487;A01;2;7;6;0;7;0;1;
7223;202200004771;805 485;A01;1;7;0;1;3;1;1;
7224;202200004772;805 482;B01;1;1;0;2;4;1;5;
7225;202200004772;805 484;A01;1;7;0;2;7;1;1;
7226;202200004773;805 483;A01;1;7;1;0;1;1;1;
7227;202200004774;805 481;A01;2;7;2;0;1;1;1;
7228;202200004775;805 480;A01;2;7;16;0;9;14;1;
7229;202200004776;805 477;B01;2;7;0;2;3;2;1;
7230;202200004776;805 479;A01;1;7;0;2;1;15;1;
7231;202200004779;805 471;Z01;2;7;0;2;7;10;0;
7232;202200004779;805 474;B01;1;34;0;2;1;1;1;
7233;202200004780;805 470;B01;1;7;0;2;1;1;1;
7234;202200004780;805 472;A01;1;7;0;2;8;0;1;
7235;202200004781;805 469;A01;3;7;2;2;8;13;1;
7236;202200004781;805 473;B01;3;7;0;2;5;1;1;
7237;202200004782;805 467;B01;3;32;0;0;4;23;1;
7238;202200004782;805 468;A01;3;30;0;2;1;1;1;
7239;202200004783;805 465;A01;1;7;6;0;1;17;1;
7240;202200004784;805 458;B01;2;99;16;2;1;2;1;
7241;202200004784;805 463;A01;1;99;10;2;1;26;1;
7242;202200004785;805 460;A01;1;1;0;2;1;1;5;
7243;202200004785;805 461;B01;2;7;0;2;8;1;1;
7244;202200004787;805 455;A01;3;7;0;0;0;1;1;
7245;202200004788;805 453;A01;1;7;0;2;1;1;1;
7246;202200004788;805 456;B01;3;1;0;2;8;19;5;
7247;202200004789;805 452;B01;3;32;0;2;1;1;1;
7248;202200004789;805 454;A01;3;7;0;2;3;15;1;
7249;202200004790;805 451;A01;1;7;0;1;1;26;1;
7250;202200004791;805 450;A01;3;2;1;0;1;1;1;
7251;202200004792;805 449;A01;1;7;0;1;3;15;1;
7252;202200004794;805 445;A01;1;7;0;2;1;1;1;
7253;202200004794;805 448;B01;1;14;0;0;4;1;1;
7254;202200004795;805 444;A01;2;10;0;2;1;2;1;
7255;202200004795;805 446;B01;2;7;0;2;4;2;1;
7256;202200004796;805 441;B01;1;31;0;2;1;15;1;
7257;202200004796;805 442;A01;2;7;0;2;1;1;1;
7258;202200004799;805 438;A01;2;15;3;0;2;2;1;
7259;202200004800;805 435;B01;1;7;0;2;3;18;1;
7260;202200004800;805 436;A01;1;7;0;2;7;16;1;
7261;202200004801;805 434;A01;1;31;0;2;8;1;1;
7262;202200004801;805 437;B01;2;10;0;2;8;15;1;
7263;202200004802;805 431;A01;3;32;0;0;1;1;1;
7264;202200004803;805 432;A01;1;7;0;0;2;21;1;
7265;202200004804;805 427;A01;2;7;0;1;8;1;1;
7266;202200004805;805 426;B01;0;7;0;2;3;15;1;
7267;202200004805;805 428;A01;0;32;0;2;1;17;1;
7268;202200004806;805 425;A01;3;7;16;0;9;1;1;
7269;202200004807;805 423;A01;1;30;0;2;1;2;1;
7270;202200004807;805 424;B01;1;7;0;2;6;23;2;
7271;202200004808;805 420;B01;3;7;0;2;1;1;1;
7272;202200004808;805 422;A01;3;7;0;2;2;15;1;
7273;202200004809;805 418;A01;2;7;1;0;1;13;1;
7274;202200004810;805 417;A01;1;7;0;2;2;10;1;
7275;202200004810;805 419;B01;1;43;0;2;1;1;1;
7276;202200004811;805 414;B01;2;1;0;2;3;1;5;
7277;202200004811;805 416;A01;2;7;0;2;5;1;1;
7278;202200004812;805 413;B01;1;7;0;2;3;0;1;
7279;202200004812;805 415;A01;1;31;0;2;1;13;1;
7280;202200004813;805 412;A01;1;7;0;1;1;1;1;
7281;202200004814;805 411;A01;1;7;2;0;1;0;1;
7282;202200004815;805 409;Z01;1;7;0;1;4;4;2;
7283;202200004816;805 408;B01;2;7;0;0;1;16;2;
7284;202200004816;805 410;A01;1;7;0;0;1;15;1;
7285;202200004817;805 405;A01;0;32;14;0;0;0;1;
7286;202200004819;805 402;C01;3;7;0;2;4;21;1;
7287;202200004819;805 403;B01;3;7;0;2;4;1;1;
7288;202200004819;805 407;A01;3;7;0;2;1;2;1;
7289;202200004821;805 398;A01;2;33;0;2;3;17;1;
7290;202200004821;805 401;B01;2;7;0;2;3;15;1;
7291;202200004823;805 394;A01;1;2;0;1;1;1;0;
7292;202200004824;805 392;A01;1;7;0;2;1;1;1;
7293;202200004824;805 396;B01;1;7;0;2;2;1;1;
7294;202200004825;805 393;A01;3;1;0;2;1;1;5;
7295;202200004825;805 395;B01;3;7;0;2;6;23;1;
7296;202200004826;805 389;A01;1;7;0;1;1;1;1;
7297;202200004828;805 386;A01;1;7;1;0;2;14;1;
7298;202200004828;805 388;B01;1;7;0;2;1;1;1;
7299;202200004828;805 391;C01;1;15;0;0;6;24;1;
7300;202200004831;805 382;A01;2;7;1;2;1;1;1;
7301;202200004832;805 380;A01;2;33;3;0;1;0;1;
7302;202200004833;805 379;B01;1;40;0;2;1;1;2;
7303;202200004833;805 381;A01;2;7;0;4;8;1;1;
7304;202200004834;805 377;B01;0;7;0;2;7;16;0;
7305;202200004834;805 378;A01;3;2;0;2;2;7;3;
7306;202200004835;805 373;A01;2;33;15;0;1;1;1;
7307;202200004836;805 375;A01;2;38;0;1;1;1;1;2.0
7308;202200004837;805 372;A01;1;7;0;2;5;22;1;
7309;202200004837;805 374;B01;1;50;0;2;1;18;3;
7310;202200004838;805 371;A01;2;50;0;0;0;0;3;
7311;202200004839;805 368;A01;1;7;13;0;0;1;1;
7312;202200004840;805 366;A01;3;7;0;2;1;9;1;
7313;202200004840;805 370;B01;3;7;0;2;3;1;1;
7314;202200004841;805 367;B01;2;30;0;2;1;1;1;
7315;202200004841;805 369;A01;1;7;0;2;7;15;2;
7316;202200004842;805 364;B01;2;7;0;0;8;15;1;
7317;202200004842;805 365;A01;2;7;0;2;3;17;1;
7318;202200004843;805 363;A01;2;7;0;1;6;1;2;
7319;202200004844;805 360;B01;2;7;0;0;6;1;1;
7320;202200004844;805 361;A01;2;33;0;2;1;1;1;
7321;202200004845;805 359;B01;1;7;0;2;3;1;1;
7322;202200004845;805 362;A01;1;7;0;2;1;1;1;
7323;202200004846;805 358;A01;1;50;0;1;1;25;3;
7324;202200004849;805 353;A01;1;10;0;2;2;1;1;
7325;202200004849;805 356;B01;2;7;0;2;3;0;1;
7326;202200004850;805 352;A01;1;7;13;0;0;0;1;
7327;202200004851;805 350;A01;2;7;1;0;2;1;1;
7328;202200004852;805 349;B01;2;32;0;2;1;1;1;
7329;202200004852;805 351;A01;1;7;2;2;1;13;1;
7330;202200004853;805 345;A01;0;7;0;2;5;15;1;
7331;202200004853;805 348;B01;0;33;0;2;1;1;1;
7332;202200004854;805 344;B01;0;7;0;2;1;1;1;
7333;202200004854;805 347;A01;0;7;0;2;8;19;1;
7334;202200004856;805 342;A01;0;7;0;1;1;1;1;
7335;202200004857;805 341;A01;1;33;6;0;0;0;0;
7336;202200004858;805 339;A01;1;7;1;0;3;0;1;
7337;202200004859;805 338;B01;1;7;0;2;4;10;1;
7338;202200004859;805 340;A01;1;31;0;2;1;1;1;
7339;202200004860;805 337;A01;2;7;0;1;1;1;1;
7340;202200004861;805 334;B01;1;1;0;2;7;1;5;
7341;202200004861;805 336;A01;3;7;0;2;3;0;0;
7342;202200004862;805 331;B01;0;33;0;2;1;1;1;
7343;202200004862;805 333;A01;0;7;0;2;8;15;0;
7344;202200004863;805 330;A01;1;10;0;2;4;1;1;
7345;202200004863;805 332;B01;1;7;0;2;1;12;1;
7346;202200004864;805 329;A01;2;7;0;1;1;1;1;
7347;202200004865;805 325;A01;2;10;0;2;1;1;1;
7348;202200004865;805 327;B01;2;7;0;2;4;2;1;
7349;202200004867;805 323;A01;3;7;0;2;3;15;1;
7350;202200004867;805 328;B01;1;2;0;2;1;1;1;
7351;202200004869;805 319;A01;1;7;0;1;3;1;1;
7352;202200004870;805 318;A01;1;7;0;0;3;1;1;
7353;202200004870;805 321;B01;2;1;0;0;0;19;5;
7354;202200004871;805 316;B01;2;7;0;2;4;2;1;
7355;202200004871;805 317;A01;2;10;0;2;1;2;1;
7356;202200004872;805 314;A01;1;7;0;1;1;16;1;
7357;202200004873;805 313;A01;1;7;0;2;1;15;1;
7358;202200004873;805 315;B01;1;37;0;2;2;1;1;2.0
7359;202200004874;805 311;A01;2;7;0;2;7;1;1;
7360;202200004874;805 312;B01;2;7;0;2;2;1;0;
7361;202200004875;805 309;A01;3;7;0;1;1;1;1;
7362;202200004876;805 308;A01;1;7;0;9;1;16;1;
7363;202200004876;805 310;B01;2;1;0;2;8;1;5;
7364;202200004877;805 306;B01;2;7;0;0;4;2;1;
7365;202200004877;805 307;A01;2;7;0;2;1;2;1;
7366;202200004878;805 305;A01;1;7;0;1;3;26;1;
7367;202200004879;805 304;A01;3;7;4;0;1;12;1;
7368;202200004880;805 302;A01;1;7;0;2;1;1;1;
7369;202200004881;805 300;A01;1;10;0;2;1;1;1;
7370;202200004881;805 303;B01;1;7;0;2;4;3;1;
7371;202200004882;805 299;A01;2;33;0;2;1;2;1;
7372;202200004882;805 301;B01;2;7;0;2;4;2;1;
7373;202200004883;805 297;Z01;2;15;0;2;0;0;0;
7374;202200004883;805 298;A01;2;33;0;2;5;3;1;
7375;202200004884;805 295;A01;1;7;0;2;8;10;1;
7376;202200004884;805 296;B01;1;33;0;2;1;1;0;
7377;202200004885;805 292;B01;3;33;15;9;1;1;1;
7378;202200004885;805 294;A01;3;7;0;2;4;15;1;
7379;202200004886;805 288;B01;1;7;0;0;2;15;1;
7380;202200004886;805 290;A01;1;33;0;2;0;1;1;
7381;202200004887;805 289;Z01;1;7;0;2;0;0;0;
7382;202200004887;805 291;B01;1;7;0;2;4;1;0;
7383;202200004887;805 293;A01;1;10;0;2;2;11;0;
7384;202200004888;805 286;A01;2;7;0;1;6;4;1;
7385;202200004889;805 285;A01;2;15;3;0;1;1;1;
7386;202200004890;805 284;A01;1;2;0;2;7;1;1;
7387;202200004890;805 287;B01;2;15;0;2;1;15;1;
7388;202200004892;805 278;B01;3;3;12;0;4;16;1;
7389;202200004892;805 283;A01;3;3;1;2;1;2;1;
7390;202200004893;805 279;A01;2;7;0;2;1;2;1;
7391;202200004893;805 281;B01;2;7;0;2;4;2;1;
7392;202200004894;805 275;A01;3;7;15;0;2;16;1;
7393;202200004896;805 276;A01;1;50;0;2;1;1;3;
7394;202200004896;805 277;B01;1;50;0;2;1;1;3;
7395;202200004897;805 271;Z01;2;7;0;1;0;1;0;
7396;202200004898;805 270;B01;3;7;0;2;8;1;1;
7397;202200004898;805 272;A01;3;7;0;2;1;1;1;
7398;202200004899;805 269;A01;3;33;0;2;1;2;1;
7399;202200004899;805 273;B01;3;21;0;0;5;1;1;
7400;202200004900;805 266;B01;2;7;0;2;3;1;1;
7401;202200004900;805 268;A01;2;7;0;2;1;1;1;
7402;202200004901;805 265;B01;-1;80;0;2;1;9;3;
7403;202200004901;805 267;A01;-1;7;0;2;2;1;1;
7404;202200004902;805 263;A01;3;7;0;1;1;15;1;
7405;202200004903;805 261;A01;2;7;4;0;2;1;1;
7406;202200004904;805 260;C01;1;7;0;2;4;2;1;
7407;202200004904;805 262;B01;1;7;0;2;4;2;1;
7408;202200004904;805 264;A01;1;7;0;2;1;2;1;
7409;202200004905;805 258;A01;1;7;0;9;2;9;2;
7410;202200004905;805 259;B01;2;1;0;2;8;5;5;
7411;202200004906;805 257;A01;1;7;13;0;9;13;1;
7412;202200004907;805 255;B01;3;7;0;2;7;1;1;
7413;202200004907;805 256;A01;3;1;0;2;1;26;5;
7414;202200004908;805 253;A01;1;7;0;1;1;1;1;
7415;202200004909;805 251;A01;2;7;4;2;9;1;1;
7416;202200004909;805 254;B01;2;7;0;2;8;1;2;
7417;202200004911;805 248;A01;3;7;0;1;6;4;1;
7418;202200004912;805 249;A01;3;7;0;1;0;1;1;
7419;202200004913;805 246;B01;2;7;0;2;1;1;1;
7420;202200004913;805 247;A01;2;1;0;2;7;1;5;
7421;202200004914;805 243;A01;3;7;0;9;3;22;1;
7422;202200004914;805 245;B01;3;1;1;0;7;1;5;
7423;202200004915;805 242;B01;1;33;0;2;2;1;1;
7424;202200004915;805 244;A01;1;7;0;2;3;9;2;
7425;202200004916;805 240;B01;2;7;0;2;2;1;1;
7426;202200004916;805 241;A01;2;33;0;2;0;16;0;
7427;202200004917;805 238;A01;1;7;0;0;2;1;1;
7428;202200004918;805 239;A01;0;7;8;0;1;26;0;
7429;202200004919;805 237;A01;1;33;0;0;8;1;1;
7430;202200004920;805 235;A01;1;7;0;1;0;0;1;
7431;202200004921;805 234;B01;3;7;0;9;0;1;1;
7432;202200004921;805 236;A01;3;30;0;2;0;1;1;
7433;202200004922;805 231;A01;2;32;0;2;1;3;1;
7434;202200004922;805 233;B01;2;7;0;2;6;11;1;
7435;202200004923;805 229;A01;2;7;0;2;3;16;1;
7436;202200004923;805 232;B01;2;31;0;2;1;1;1;
7437;202200004924;805 224;A01;2;7;0;1;3;1;1;
7438;202200004925;805 225;A01;1;7;0;2;1;2;1;
7439;202200004925;805 227;B01;1;7;0;2;4;2;1;
7440;202200004926;805 223;A01;1;7;0;2;4;23;1;
7441;202200004926;805 226;B01;1;7;0;2;1;23;1;
7442;202200004926;805 228;C01;1;7;0;2;1;23;1;
7443;202200004926;805 230;D01;1;37;0;2;1;1;1;1.0
7444;202200004927;805 219;A01;1;7;12;0;1;15;1;
7445;202200004929;805 218;B01;1;7;3;2;1;1;1;
7446;202200004929;805 221;A01;2;7;2;2;1;13;1;
7447;202200004930;805 215;A01;2;7;0;2;1;2;1;
7448;202200004930;805 217;B01;2;7;0;2;4;23;1;
7449;202200004931;805 216;Z01;3;7;0;1;7;1;0;
7450;202200004932;805 214;A01;2;33;11;0;1;1;1;
7451;202200004933;805 211;A01;1;7;0;2;8;22;1;
7452;202200004933;805 213;B01;1;80;0;2;1;1;3;
7453;202200004934;805 208;C01;2;7;0;2;3;1;1;
7454;202200004934;805 210;B01;2;7;0;2;1;1;1;
7455;202200004934;805 212;A01;1;7;0;2;1;13;1;
7456;202200004935;805 207;B01;1;1;0;0;8;1;5;
7457;202200004935;805 209;A01;1;7;0;0;0;15;1;
7458;202200004936;805 205;A01;1;7;14;0;1;13;1;
7459;202200004937;805 204;B01;1;7;0;2;3;3;1;
7460;202200004937;805 206;A01;2;7;0;2;3;0;1;
7461;202200004938;805 203;A01;2;7;0;1;7;14;1;
7462;202200004939;805 202;A01;2;2;15;0;1;0;1;
7463;202200004941;805 199;A01;1;32;1;2;2;17;1;
7464;202200004941;805 201;B01;2;7;0;2;3;9;1;
7465;202200004942;805 198;A01;2;7;0;1;1;2;1;
7466;202200004943;805 194;A01;1;7;0;2;1;1;1;
7467;202200004943;805 197;B01;2;7;0;2;4;11;1;
7468;202200004944;805 193;A01;1;7;8;0;8;13;1;
7469;202200004945;805 195;A01;1;10;0;2;7;14;1;
7470;202200004945;805 196;B01;1;1;0;2;8;1;5;
7471;202200004946;805 191;A01;1;33;0;0;3;1;1;
7472;202200004947;805 189;A01;2;7;0;2;2;15;1;
7473;202200004947;805 192;B01;1;32;0;2;1;1;1;
7474;202200004948;805 187;A01;2;7;0;2;2;1;1;
7475;202200004948;805 190;B01;2;50;0;2;7;19;3;
7476;202200004949;805 186;A01;0;33;0;2;5;21;1;
7477;202200004949;805 188;B01;0;10;0;2;3;15;1;
7478;202200004950;805 185;A01;1;7;0;0;9;1;1;
7479;202200004952;805 183;A01;2;7;3;0;8;1;1;
7480;202200004953;805 182;A01;1;7;0;1;3;1;1;
7481;202200004955;805 178;A01;1;7;0;2;8;15;2;
7482;202200004955;805 181;B01;1;32;0;2;1;17;1;
7483;202200004957;805 175;B01;1;33;0;2;7;1;1;
7484;202200004957;805 177;A01;1;7;0;2;3;15;1;
7485;202200004959;805 171;B01;1;7;0;2;0;15;1;
7486;202200004959;805 172;A01;2;31;0;2;7;17;1;
7487;202200004960;805 168;A01;3;30;0;2;1;9;1;
7488;202200004960;805 170;B01;1;7;0;2;3;9;1;
7489;202200004961;805 169;A01;2;7;2;0;8;1;1;
7490;202200004962;805 166;A01;1;7;0;2;3;17;1;
7491;202200004962;805 167;B01;1;31;0;2;7;15;1;
7492;202200004963;805 162;B01;1;7;0;0;6;2;1;
7493;202200004963;805 164;A01;1;33;1;2;1;2;1;
7494;202200004964;805 163;A01;1;7;0;2;3;13;1;
7495;202200004964;805 165;B01;2;1;0;2;1;13;5;
7496;202200004965;805 160;A01;1;10;0;2;1;2;1;
7497;202200004965;805 161;B01;1;7;0;2;4;23;1;
7498;202200004966;805 159;A01;1;7;17;0;3;13;1;
7499;202200004967;805 157;A01;1;7;0;2;1;1;1;
7500;202200004967;805 158;B01;1;7;0;2;4;1;1;
7501;202200004968;805 154;A01;-1;33;0;2;1;17;1;
7502;202200004968;805 155;B01;-1;7;0;2;3;15;1;
7503;202200004969;805 153;Z01;2;10;0;2;8;1;1;
7504;202200004969;805 156;A01;2;32;0;2;1;1;1;
7505;202200004970;805 152;A01;0;50;0;0;0;0;3;
7506;202200004971;805 150;A01;1;14;0;1;6;15;1;
7507;202200004972;805 149;B01;2;7;0;2;4;20;1;
7508;202200004972;805 151;A01;2;7;0;2;1;1;1;
7509;202200004973;805 147;B01;1;7;0;2;1;1;1;
7510;202200004973;805 148;A01;2;7;0;2;7;13;1;
7511;202200004974;805 144;A01;3;7;0;2;1;19;1;
7512;202200004974;805 145;B01;3;7;0;2;8;19;1;
7513;202200004975;805 142;B01;1;7;0;2;0;0;1;
7514;202200004975;805 143;A01;1;7;0;2;2;1;1;
7515;202200004976;805 140;B01;2;7;0;0;6;2;1;
7516;202200004976;805 141;A01;2;7;0;2;2;2;1;
7517;202200004977;805 138;A01;1;7;3;0;8;1;1;
7518;202200004978;805 137;A01;1;33;0;2;1;2;1;
7519;202200004978;805 139;B01;1;7;0;2;4;1;1;
7520;202200004979;805 135;A01;1;7;0;0;9;13;1;
7521;202200004980;805 134;B01;1;50;0;2;1;2;3;
7522;202200004980;805 136;A01;3;7;0;2;3;16;1;
7523;202200004981;805 133;A01;1;34;11;0;0;1;1;
7524;202200004982;805 131;B01;3;7;0;2;1;16;1;
7525;202200004982;805 132;A01;3;7;0;2;7;15;3;
7526;202200004983;805 130;A01;1;33;0;0;0;23;1;
7527;202200004984;805 126;A01;0;99;0;2;2;12;0;
7528;202200004984;805 128;B01;0;1;0;2;3;1;5;
7529;202200004985;805 127;A01;3;10;0;2;3;2;1;
7530;202200004985;805 129;B01;3;32;0;2;2;1;1;
7531;202200004986;805 124;A01;1;7;0;1;1;1;1;
7532;202200004987;805 122;B01;2;33;0;2;8;1;1;
7533;202200004987;805 123;A01;3;7;0;2;3;15;1;
7534;202200004987;805 125;C01;3;7;0;0;8;23;1;
7535;202200004988;805 121;A01;0;14;0;1;7;0;0;
7536;202200004989;805 119;A01;1;21;0;2;4;1;1;
7537;202200004989;805 120;B01;1;10;0;2;1;2;1;
7538;202200004990;805 116;B01;3;7;0;0;0;0;0;
7539;202200004990;805 118;A01;3;30;0;2;1;1;1;
7540;202200004991;805 115;A01;3;10;0;2;3;13;1;
7541;202200004991;805 117;B01;3;7;0;2;3;1;1;
7542;202200004992;805 113;A01;1;2;6;0;1;0;1;
7543;202200004993;805 112;B01;1;7;0;2;4;2;2;
7544;202200004993;805 114;A01;1;10;0;2;1;2;1;
7545;202200004994;805 111;A01;0;7;0;1;4;24;1;
7546;202200004995;805 110;A01;2;7;0;1;7;1;2;
7547;202200004996;805 109;A01;2;2;11;0;1;1;1;
7548;202200004997;805 107;A01;1;33;3;0;0;1;1;
7549;202200004998;805 106;B01;1;99;0;2;1;1;3;
7550;202200004998;805 108;A01;0;7;0;2;5;1;2;
7551;202200004999;805 104;B01;1;1;0;2;8;1;5;
7552;202200004999;805 105;A01;1;7;0;2;2;17;1;
7553;202200005000;805 101;B01;3;32;0;2;0;0;1;
7554;202200005000;805 103;A01;2;7;0;2;3;1;1;
7555;202200005001;805 100;B01;2;33;0;2;1;1;1;
7556;202200005001;805 102;A01;1;33;0;2;1;17;1;
7557;202200005002;805 098;B01;2;50;0;2;1;2;3;
7558;202200005002;805 099;A01;2;34;0;2;8;15;1;