;Num_Acc;id_vehicule;num_veh;senc;catv;obs;obsm;choc;manv;motor;occutc
7559;202200005003;805 097;A01;3;7;0;1;0;15;1;
7560;202200005004;805 096;A01;3;7;0;1;1;1;1;
7561;202200005006;805 094;A01;2;2;0;6;1;1;1;
7562;202200005007;805 092;A01;0;30;0;2;1;2;1;
7563;202200005007;805 093;B01;3;7;0;0;4;2;1;
7564;202200005009;805 088;A01;3;7;15;0;7;14;1;
7565;202200005010;805 089;A01;3;10;0;2;7;6;1;
7566;202200005010;805 090;B01;1;30;0;2;1;3;1;
7567;202200005011;805 086;A01;3;7;0;1;2;1;1;
7568;202200005013;805 081;B01;1;7;0;0;1;1;1;
7569;202200005013;805 084;A01;2;7;1;2;1;5;1;
7570;202200005014;805 078;A01;1;7;0;2;0;0;1;
7571;202200005014;805 079;B01;1;10;0;2;4;1;1;
7572;202200005014;805 080;C01;1;7;0;2;4;2;1;
7573;202200005014;805 082;D01;1;7;0;2;4;2;1;
7574;202200005014;805 083;E01;1;7;0;2;1;1;1;
7575;202200005015;805 077;A01;1;7;0;1;1;1;1;
7576;202200005016;805 075;A01;2;33;0;1;0;17;1;
7577;202200005018;805 071;A01;0;2;0;0;0;0;1;
7578;202200005019;805 069;A01;2;7;2;0;1;1;1;
7579;202200005020;805 068;B01;2;7;0;2;4;2;1;
7580;202200005020;805 070;A01;2;7;0;2;1;2;1;
7581;202200005021;805 066;A01;1;33;0;0;9;9;1;
7582;202200005022;805 065;A01;2;7;0;2;3;14;1;
7583;202200005022;805 067;B01;2;7;0;2;6;2;1;
7584;202200005023;805 064;A01;1;7;13;0;2;14;1;
7585;202200005025;805 057;C01;1;7;0;2;3;1;1;
7586;202200005025;805 058;B01;2;7;0;2;3;21;2;
7587;202200005025;805 060;A01;2;7;0;2;3;9;1;
7588;202200005027;805 055;A01;2;7;8;0;1;1;1;
7589;202200005028;805 053;B01;2;7;0;2;0;0;1;
7590;202200005028;805 054;A01;2;7;0;2;0;0;1;
7591;202200005029;805 050;A01;1;7;0;2;3;1;1;
7592;202200005029;805 052;B01;2;20;0;0;6;1;1;
7593;202200005030;805 049;A01;2;7;0;2;6;1;1;
7594;202200005030;805 051;B01;2;7;0;2;1;1;1;
7595;202200005031;805 047;A01;1;7;4;0;1;1;1;
7596;202200005032;805 048;A01;3;3;8;0;2;1;1;
7597;202200005033;805 042;B01;2;7;0;2;4;1;1;
7598;202200005033;805 045;A01;2;7;0;2;1;1;1;
7599;202200005034;805 043;A01;2;7;0;2;5;9;1;
7600;202200005034;805 046;B01;1;33;0;2;1;1;1;
7601;202200005035;805 041;B01;1;7;1;0;1;2;1;
7602;202200005035;805 044;A01;1;7;0;0;4;23;1;
7603;202200005037;805 038;A01;0;2;0;0;0;0;1;
7604;202200005038;805 034;B01;2;33;0;2;1;7;1;
7605;202200005038;805 037;A01;2;7;0;2;7;16;1;
7606;202200005039;805 036;B01;2;10;0;2;6;1;1;
7607;202200005039;805 039;A01;1;7;0;2;1;13;1;
7608;202200005040;805 033;B01;0;33;0;2;1;1;1;
7609;202200005040;805 035;A01;0;7;0;2;8;15;1;
7610;202200005043;805 024;A01;2;7;0;2;1;15;1;
7611;202200005043;805 026;B01;1;31;0;2;7;1;1;
7612;202200005044;805 023;A01;1;7;12;0;2;21;1;
7613;202200005045;805 019;A01;1;2;0;2;1;3;1;
7614;202200005045;805 021;B01;1;7;0;2;3;15;1;
7615;202200005046;805 018;A01;1;7;3;2;3;1;1;
7616;202200005046;805 020;B01;1;14;1;0;4;1;1;
7617;202200005046;805 022;C01;1;7;14;0;1;1;1;
7618;202200005047;805 017;A01;0;7;0;2;1;15;1;
7619;202200005048;805 015;A01;3;7;0;2;1;19;1;
7620;202200005048;805 016;B01;3;1;0;2;7;1;5;
7621;202200005049;805 013;B01;2;15;0;2;1;1;1;
7622;202200005049;805 014;A01;1;7;0;2;1;13;1;
7623;202200005050;805 010;B01;2;0;0;2;0;0;0;
7624;202200005050;805 011;A01;1;10;0;2;3;15;1;
7625;202200005051;805 005;A01;3;7;8;0;2;1;1;
7626;202200005052;805 004;D01;3;7;0;2;4;2;1;
7627;202200005052;805 006;C01;3;7;0;2;4;2;1;
7628;202200005052;805 008;B01;3;7;0;2;4;26;1;
7629;202200005052;805 012;A01;1;7;1;0;1;26;1;
7630;202200005053;804 999;B01;1;32;0;2;8;1;1;
7631;202200005053;805 002;A01;1;7;0;2;3;15;1;
7632;202200005054;804 998;A01;2;7;0;2;1;5;1;
7633;202200005054;805 001;B01;1;7;0;2;1;1;1;
7634;202200005054;805 003;C01;2;7;0;2;1;1;1;
7635;202200005055;804 997;A01;3;30;0;2;1;9;1;
7636;202200005055;805 000;B01;3;7;16;0;0;0;0;
7637;202200005057;804 991;B01;0;2;0;0;1;1;1;
7638;202200005057;804 994;A01;0;7;0;2;1;15;1;
7639;202200005058;804 990;B01;2;3;0;2;1;2;1;
7640;202200005058;804 993;A01;1;3;0;2;5;16;1;
7641;202200005059;804 988;A01;1;2;0;0;6;5;1;
7642;202200005059;804 989;B01;2;7;0;2;3;1;1;
7643;202200005060;804 987;A01;1;7;0;1;2;1;1;
7644;202200005061;804 985;B01;1;1;0;2;4;16;5;
7645;202200005061;804 986;A01;3;7;0;2;2;14;1;
7646;202200005062;804 983;A01;2;7;0;1;1;1;1;
7647;202200005063;804 982;A01;3;7;0;2;2;19;1;
7648;202200005063;804 984;B01;3;31;0;2;1;1;1;
7649;202200005064;804 981;A01;0;7;0;0;0;1;1;
7650;202200005065;804 979;A01;2;7;2;9;1;1;1;
7651;202200005066;804 978;A01;0;7;0;0;1;1;1;
7652;202200005068;804 975;B01;1;1;0;2;7;1;5;
7653;202200005068;804 976;A01;1;7;0;9;1;9;1;
7654;202200005069;804 974;A01;1;7;15;0;1;14;1;
7655;202200005070;804 972;A01;1;10;4;0;3;1;1;
7656;202200005071;804 967;C01;1;7;0;2;1;2;1;
7657;202200005071;804 969;B01;2;7;10;2;3;1;1;
7658;202200005071;804 970;A01;1;7;0;2;3;13;1;
7659;202200005072;804 965;A01;2;30;0;2;8;15;1;
7660;202200005072;804 968;B01;1;7;0;2;1;1;1;
7661;202200005073;804 963;A01;2;7;4;2;2;14;1;
7662;202200005073;804 966;B01;2;10;0;2;9;1;1;
7663;202200005074;804 962;A01;2;2;7;0;1;14;1;
7664;202200005075;804 958;B01;2;50;0;2;1;1;3;
7665;202200005075;804 960;A01;2;7;0;2;1;9;1;
7666;202200005076;804 957;A01;1;7;0;2;1;2;1;
7667;202200005076;804 959;B01;1;7;0;2;4;1;1;
7668;202200005077;804 955;A01;3;7;0;1;2;1;1;
7669;202200005078;804 951;A01;0;2;0;0;0;1;1;
7670;202200005079;804 949;A01;2;7;13;0;1;0;1;
7671;202200005080;804 948;B01;2;33;0;2;8;1;1;
7672;202200005080;804 952;A01;2;7;0;2;1;12;1;
7673;202200005081;804 946;A01;1;7;2;0;1;1;1;
7674;202200005082;804 945;A01;0;7;0;2;1;1;1;
7675;202200005082;804 947;B01;0;7;0;2;4;0;3;
7676;202200005084;804 940;A01;1;7;0;2;1;2;2;
7677;202200005084;804 941;B01;1;7;0;2;4;2;1;
7678;202200005084;804 943;C01;1;7;0;2;4;1;2;
7679;202200005087;804 933;A01;2;33;0;2;1;2;1;
7680;202200005087;804 935;B01;2;7;0;2;4;12;1;
7681;202200005088;804 934;B01;2;1;0;2;3;1;5;
7682;202200005088;804 936;A01;1;7;0;2;1;15;1;
7683;202200005089;804 930;A01;2;1;0;2;1;1;5;
7684;202200005089;804 931;B01;1;30;0;2;1;1;1;
7685;202200005090;804 929;A01;0;7;0;2;3;10;2;
7686;202200005090;804 932;B01;0;2;0;2;1;17;1;
7687;202200005091;804 926;A01;1;7;8;0;1;14;1;
7688;202200005092;804 925;B01;2;7;0;2;1;1;1;
7689;202200005092;804 928;A01;1;7;0;2;7;19;1;
7690;202200005093;804 924;A01;1;7;4;0;9;13;1;
7691;202200005094;804 920;A01;1;7;3;0;9;1;1;
7692;202200005095;804 916;Y01;2;50;0;2;1;25;3;
7693;202200005095;804 921;A01;1;7;0;2;1;9;0;
7694;202200005096;804 917;B01;1;7;0;0;4;26;1;
7695;202200005096;804 919;A01;1;7;0;2;1;2;1;
7696;202200005097;804 913;A01;1;7;0;2;3;1;1;
7697;202200005097;804 915;B01;0;7;0;0;5;15;1;
7698;202200005098;804 910;A01;1;7;0;1;2;1;1;
7699;202200005100;804 908;B01;2;7;0;2;4;1;1;
7700;202200005100;804 912;A01;2;7;0;2;1;1;1;
7701;202200005101;804 909;A01;3;7;0;2;3;10;1;
7702;202200005101;804 911;B01;3;33;0;2;1;1;1;
7703;202200005102;804 905;B01;3;80;0;2;1;0;3;
7704;202200005102;804 906;A01;3;7;0;2;3;9;1;
7705;202200005103;804 904;A01;1;7;0;1;1;1;1;
7706;202200005104;804 897;B01;2;7;0;2;4;1;1;
7707;202200005104;804 900;A01;2;7;0;2;2;9;1;
7708;202200005105;804 899;B01;1;7;0;2;4;1;2;
7709;202200005105;804 902;C01;1;7;0;2;1;2;1;
7710;202200005105;804 903;A01;1;7;0;2;1;1;1;
7711;202200005106;804 895;C01;2;7;0;2;4;1;1;
7712;202200005106;804 898;B01;2;7;0;2;4;1;1;
7713;202200005106;804 901;A01;2;17;0;2;1;1;1;
7714;202200005107;804 894;A01;1;7;0;0;0;26;1;
7715;202200005108;804 891;A01;1;7;0;1;2;15;1;
7716;202200005109;804 889;A01;0;10;0;2;0;26;1;
7717;202200005109;804 892;B01;0;10;0;2;0;0;0;
7718;202200005110;804 896;A01;1;33;0;0;0;14;1;
7719;202200005111;804 886;Z01;2;7;0;2;2;16;1;
7720;202200005111;804 888;A01;2;32;0;2;1;1;1;
7721;202200005112;804 890;B01;2;7;0;2;0;0;3;
7722;202200005112;804 893;A01;2;15;0;2;2;12;1;
7723;202200005113;804 884;C01;1;7;0;2;4;1;1;
7724;202200005113;804 885;B01;1;7;0;2;4;1;0;
7725;202200005113;804 887;A01;1;10;0;2;1;1;1;
7726;202200005115;804 878;A01;2;7;0;2;2;19;1;
7727;202200005115;804 883;B01;1;2;0;2;1;1;1;
7728;202200005116;804 880;A01;1;33;0;2;4;3;1;
7729;202200005117;804 876;B01;1;7;0;2;4;2;1;
7730;202200005117;804 877;A01;1;7;0;2;1;2;1;
7731;202200005118;804 874;B01;1;13;0;2;4;1;1;
7732;202200005118;804 875;A01;1;2;0;2;1;1;1;
7733;202200005119;804 870;A01;1;30;0;1;1;7;1;
7734;202200005120;804 873;A01;2;7;0;2;1;1;1;
7735;202200005121;804 869;A01;2;10;0;2;1;2;1;
7736;202200005121;804 871;B01;2;7;0;2;4;2;1;
7737;202200005122;804 872;A01;1;31;0;2;1;1;1;
7738;202200005122;804 879;B01;1;7;0;2;4;1;2;
7739;202200005123;804 864;A01;1;17;0;2;1;9;1;
7740;202200005123;804 865;B01;1;7;0;2;1;1;1;
7741;202200005124;804 863;C01;0;1;0;2;0;0;5;
7742;202200005124;804 866;B01;0;7;0;9;0;6;1;
7743;202200005124;804 868;A01;2;7;0;9;0;1;1;
7744;202200005125;804 862;A01;1;7;0;2;1;2;1;
7745;202200005125;804 867;B01;1;7;0;2;4;2;1;
7746;202200005126;804 860;A01;2;7;0;1;3;1;1;
7747;202200005127;804 859;A01;2;33;0;0;9;1;1;
7748;202200005127;804 861;B01;2;7;0;2;4;12;1;
7749;202200005128;804 856;A01;1;33;14;0;1;17;1;
7750;202200005128;804 858;B01;1;7;14;0;1;23;1;
7751;202200005129;804 857;A01;1;7;0;2;3;2;1;
7752;202200005130;804 851;B01;1;1;0;2;4;1;5;
7753;202200005130;804 853;A01;1;7;0;2;1;1;1;
7754;202200005131;804 850;A01;1;7;0;2;4;26;1;
7755;202200005131;804 854;B01;1;7;0;2;1;1;1;
7756;202200005131;804 855;C01;1;34;0;2;1;1;1;
7757;202200005132;804 846;B01;2;33;0;2;1;1;1;
7758;202200005132;804 849;A01;2;31;0;2;4;1;1;
7759;202200005134;804 845;A01;1;7;0;2;3;9;1;
7760;202200005134;804 852;B01;2;30;0;2;1;1;1;
7761;202200005135;804 841;A01;3;7;8;0;1;13;1;
7762;202200005136;804 840;B01;1;7;0;2;2;2;1;
7763;202200005136;804 842;A01;1;7;0;2;6;1;1;
7764;202200005137;804 833;B01;2;7;0;0;8;1;1;
7765;202200005137;804 837;A01;0;1;0;2;1;19;5;
7766;202200005138;804 836;B01;1;1;0;2;0;0;5;
7767;202200005138;804 838;A01;1;7;0;2;2;16;1;
7768;202200005139;804 835;B01;1;7;0;2;7;2;0;
7769;202200005139;804 839;A01;1;7;0;2;8;1;1;
7770;202200005140;804 832;B01;1;10;0;2;4;11;1;
7771;202200005140;804 834;A01;1;33;0;2;1;3;1;
7772;202200005141;804 829;A01;0;10;0;1;3;16;1;
7773;202200005142;804 830;A01;1;43;0;0;8;1;1;
7774;202200005144;804 827;B01;1;2;0;2;1;15;1;
7775;202200005144;804 831;A01;1;33;0;2;1;1;1;
7776;202200005145;804 823;B01;2;2;0;2;1;1;1;
7777;202200005145;804 826;A01;1;7;0;2;2;15;1;
7778;202200005146;804 820;A01;2;7;0;2;3;13;1;
7779;202200005146;804 825;B01;1;10;0;2;3;1;1;
7780;202200005147;804 819;C01;2;7;0;0;4;2;2;
7781;202200005147;804 822;B01;2;7;0;2;4;2;1;
7782;202200005147;804 824;A01;2;10;0;2;1;2;1;
7783;202200005149;804 818;A01;1;7;0;2;1;15;2;
7784;202200005149;804 821;B01;2;50;0;2;1;1;3;
7785;202200005150;804 815;A01;2;7;0;2;1;13;1;
7786;202200005150;804 816;B01;1;10;0;2;1;1;1;
7787;202200005151;804 810;A01;2;7;0;2;3;9;1;
7788;202200005151;804 813;B01;2;30;0;2;1;1;1;
7789;202200005152;804 811;A01;3;7;0;1;1;15;1;
7790;202200005153;804 809;B01;2;2;0;2;0;1;1;
7791;202200005153;804 812;A01;1;7;0;2;0;15;1;
7792;202200005154;804 808;A01;1;7;0;2;7;16;1;
7793;202200005154;804 814;B01;2;99;0;2;8;0;3;
7794;202200005155;804 803;B01;1;80;1;2;4;1;3;
7795;202200005155;804 806;A01;1;7;0;2;2;2;1;
7796;202200005156;804 805;A01;1;7;0;1;1;1;1;
7797;202200005157;804 804;B01;1;7;0;2;0;0;0;
7798;202200005157;804 807;A01;1;33;0;9;0;0;1;
7799;202200005158;804 799;A01;1;7;0;2;2;1;1;
7800;202200005158;804 802;B01;2;50;0;2;0;19;3;
7801;202200005159;804 801;A01;1;7;13;0;8;13;1;
7802;202200005160;804 797;B01;2;7;0;2;3;1;1;
7803;202200005160;804 800;A01;1;7;0;2;1;15;3;
7804;202200005161;804 795;A01;1;7;0;1;3;15;1;
7805;202200005162;804 796;Z01;1;7;0;2;2;1;0;
7806;202200005162;804 798;A01;2;43;0;2;8;20;1;
7807;202200005163;804 793;A01;3;7;1;0;2;14;1;
7808;202200005164;804 792;A01;2;7;0;0;3;15;1;
7809;202200005164;804 794;B01;1;7;0;2;3;1;1;
7810;202200005165;804 788;A01;1;7;0;2;1;13;1;
7811;202200005165;804 790;B01;1;7;0;2;1;1;1;
7812;202200005166;804 787;A01;1;7;0;2;1;2;1;
7813;202200005166;804 791;B01;1;7;0;2;4;2;2;
7814;202200005167;804 785;A01;1;7;2;0;1;14;1;
7815;202200005168;804 786;A01;0;7;0;2;1;19;1;
7816;202200005168;804 789;B01;0;7;0;2;8;1;1;
7817;202200005170;804 782;A01;1;7;0;9;2;1;1;
7818;202200005170;804 784;B01;1;1;0;2;4;2;5;
7819;202200005171;804 779;A01;1;7;6;0;1;13;1;
7820;202200005172;804 778;A01;3;7;0;2;1;2;1;
7821;202200005172;804 780;B01;3;7;0;2;4;2;1;
7822;202200005173;804 776;B01;2;1;0;2;4;2;5;
7823;202200005173;804 777;A01;2;7;0;2;3;2;1;
7824;202200005174;804 772;A01;1;7;0;2;8;13;1;
7825;202200005174;804 775;B01;2;7;0;2;1;1;1;
7826;202200005175;804 770;A01;2;7;0;1;1;2;1;
7827;202200005176;804 769;A01;3;10;0;2;3;15;1;
7828;202200005176;804 773;B01;3;7;0;2;8;1;1;
7829;202200005177;804 767;A01;1;7;0;2;1;1;1;
7830;202200005177;804 771;B01;2;7;0;2;1;1;1;
7831;202200005177;804 774;C01;2;7;0;2;1;1;1;
7832;202200005178;804 766;B01;1;7;0;2;2;1;1;
7833;202200005178;804 768;A01;1;30;0;2;1;18;1;
7834;202200005179;804 763;A01;2;7;0;2;3;9;1;
7835;202200005179;804 765;B01;2;1;0;2;1;6;5;
7836;202200005180;804 764;A01;3;30;0;0;8;1;1;
7837;202200005182;804 758;B01;3;1;0;2;1;0;5;
7838;202200005182;804 760;A01;3;2;0;2;0;0;1;
7839;202200005183;804 757;B01;0;7;0;2;8;15;1;
7840;202200005183;804 762;A01;0;32;0;2;1;17;1;
7841;202200005184;804 755;A01;2;7;0;2;1;13;1;
7842;202200005184;804 756;B01;1;7;0;2;3;1;1;
7843;202200005185;804 753;A01;2;7;13;0;0;1;1;
7844;202200005186;804 751;A01;3;7;0;2;3;9;1;
7845;202200005186;804 754;B01;3;50;0;2;1;1;3;
7846;202200005187;804 752;A01;1;7;0;1;2;1;1;
7847;202200005188;804 749;B01;0;33;0;2;1;1;1;
7848;202200005188;804 750;A01;0;7;0;2;5;15;1;
7849;202200005189;804 745;A01;1;30;0;0;1;26;1;
7850;202200005190;804 744;A01;2;30;5;0;7;0;1;
7851;202200005191;804 743;A01;3;3;0;1;1;15;1;
7852;202200005192;804 741;A01;3;7;1;1;1;26;1;
7853;202200005193;804 746;A01;1;7;0;2;2;15;1;
7854;202200005193;804 747;B01;2;2;0;2;1;1;1;
7855;202200005195;804 733;B01;3;7;0;2;3;1;1;
7856;202200005195;804 736;A01;0;7;0;2;2;15;1;
7857;202200005196;804 735;A01;1;7;0;2;2;1;1;
7858;202200005196;804 739;B01;2;50;0;2;2;1;3;
7859;202200005198;804 734;B01;2;7;0;2;4;2;1;
7860;202200005198;804 738;A01;2;7;0;2;1;2;1;
7861;202200005199;804 727;A01;3;2;0;2;3;1;3;
7862;202200005199;804 730;B01;3;7;0;2;2;1;1;
7863;202200005200;804 728;A01;2;7;0;2;1;13;1;
7864;202200005200;804 731;B01;2;7;0;2;1;0;1;
7865;202200005201;804 725;A01;1;33;15;0;1;1;1;
7866;202200005202;804 726;B01;2;7;0;2;2;1;1;
7867;202200005202;804 729;A01;2;99;0;2;7;18;3;
7868;202200005203;804 722;A01;3;7;0;2;1;15;1;
7869;202200005203;804 724;B01;3;33;0;2;8;1;1;
7870;202200005204;804 723;A01;3;7;0;1;1;1;1;
7871;202200005205;804 721;B01;2;2;9;0;7;1;1;
7872;202200005206;804 717;A01;3;33;0;2;1;2;1;
7873;202200005206;804 719;B01;3;7;0;2;4;2;1;
7874;202200005208;804 716;A01;2;7;0;9;3;15;1;
7875;202200005208;804 720;B01;2;32;0;2;2;17;1;
7876;202200005209;804 718;A01;3;7;0;1;3;1;1;
7877;202200005210;804 712;A01;3;7;0;2;0;2;1;
7878;202200005210;804 714;B01;3;50;0;2;0;2;3;
7879;202200005211;804 709;A01;2;33;0;2;1;17;1;
7880;202200005211;804 713;B01;1;3;0;2;1;1;1;
7881;202200005212;804 708;B01;1;7;0;2;3;0;-1;
7882;202200005212;804 710;A01;1;7;0;2;7;1;1;
7883;202200005213;804 706;A01;3;7;1;0;1;1;1;
7884;202200005214;804 702;A01;2;33;0;2;1;1;1;
7885;202200005214;804 705;B01;2;7;0;2;4;1;1;
7886;202200005215;804 701;B01;2;7;0;2;6;15;1;
7887;202200005215;804 703;A01;2;34;0;2;3;17;-1;
7888;202200005216;804 699;Z01;1;2;0;1;0;1;1;
7889;202200005217;804 696;A01;1;7;0;1;1;26;1;
7890;202200005218;804 698;A01;1;33;1;0;1;0;1;
7891;202200005220;804 692;A01;1;7;0;9;1;15;1;
7892;202200005220;804 693;B01;1;33;0;2;1;1;1;
7893;202200005221;804 688;B01;1;14;0;2;6;1;1;
7894;202200005221;804 691;A01;1;10;0;2;2;2;1;
7895;202200005222;804 687;A01;2;0;0;1;1;17;0;
7896;202200005223;804 690;B01;1;7;0;2;8;1;1;
7897;202200005223;804 695;A01;1;7;0;2;1;1;2;
7898;202200005224;804 686;A01;2;31;0;2;7;17;1;
7899;202200005224;804 689;B01;1;7;0;2;2;15;1;
7900;202200005225;804 685;A01;1;7;0;1;2;26;1;
7901;202200005227;804 683;A01;1;32;14;0;7;16;1;
7902;202200005228;804 682;A01;1;7;0;1;7;1;1;
7903;202200005229;804 675;B01;2;1;0;2;0;2;5;
7904;202200005229;804 678;A01;2;30;0;2;0;2;1;
7905;202200005231;804 674;B01;1;7;0;2;1;0;1;
7906;202200005231;804 676;A01;2;10;14;2;2;5;1;
7907;202200005232;804 671;A01;1;7;0;1;3;15;1;
7908;202200005233;804 670;A01;2;50;0;2;3;1;3;
7909;202200005233;804 672;B01;1;30;0;2;2;15;1;
7910;202200005234;804 673;A01;2;7;2;0;1;0;1;
7911;202200005235;804 668;A01;2;33;0;2;5;3;1;
7912;202200005235;804 669;B01;3;7;0;2;0;0;1;
7913;202200005237;804 667;A01;1;32;0;0;0;14;1;
7914;202200005239;804 662;A01;3;7;0;2;3;0;3;
7915;202200005239;804 665;B01;3;50;0;2;7;0;3;
7916;202200005241;804 656;A01;1;33;0;2;1;2;1;
7917;202200005241;804 659;B01;1;7;0;2;6;2;1;
7918;202200005242;804 657;A01;1;10;0;1;4;20;3;
7919;202200005243;804 654;B01;0;31;0;2;0;0;1;
7920;202200005243;804 658;A01;0;7;0;2;5;15;1;
7921;202200005244;804 652;A01;1;32;0;2;3;1;1;
7922;202200005244;804 655;B01;1;7;0;2;3;1;1;
7923;202200005245;804 650;B01;1;50;0;2;7;1;3;
7924;202200005245;804 653;A01;1;7;0;2;3;9;1;
7925;202200005246;804 648;B01;1;7;0;2;3;1;1;
7926;202200005246;804 649;A01;2;30;0;2;3;13;1;
7927;202200005247;804 646;A01;2;34;1;0;3;1;1;
7928;202200005248;804 647;A01;3;99;8;0;1;13;1;
7929;202200005249;804 645;B01;0;1;0;2;8;19;5;
7930;202200005249;804 651;A01;0;7;0;9;2;16;1;
7931;202200005250;804 643;A01;3;31;0;0;0;15;1;
7932;202200005251;804 641;B01;2;50;0;2;8;1;3;
7933;202200005251;804 644;A01;2;7;0;2;1;1;1;
7934;202200005253;804 642;A01;2;7;0;1;1;15;1;
7935;202200005254;804 635;B01;1;50;0;2;1;1;3;
7936;202200005254;804 638;A01;1;31;0;2;3;1;6;
7937;202200005255;804 634;A01;2;10;0;2;1;1;1;
7938;202200005255;804 637;B01;2;7;0;2;4;1;1;
7939;202200005256;804 633;B01;2;7;0;2;1;15;1;
7940;202200005256;804 639;A01;2;7;0;2;1;1;1;
7941;202200005257;804 632;A01;2;7;0;2;4;1;1;
7942;202200005257;804 636;[01;1;7;-1;-1;-1;0;-1;
7943;202200005258;804 630;B01;2;33;0;2;1;16;1;
7944;202200005258;804 631;A01;1;33;0;2;1;15;0;
7945;202200005259;804 628;A01;3;7;0;2;7;17;0;
7946;202200005259;804 629;B01;3;1;0;2;8;1;6;
7947;202200005260;804 623;B01;0;7;0;0;6;16;0;
7948;202200005260;804 626;A01;0;7;0;2;8;14;0;
7949;202200005261;804 624;A01;3;7;0;2;2;1;1;
7950;202200005261;804 625;B01;3;99;0;2;3;13;1;
7951;202200005262;804 620;Z01;1;7;0;2;3;18;1;
7952;202200005262;804 621;A01;1;7;0;2;2;17;1;
7953;202200005263;804 618;Z01;1;7;0;1;0;0;0;
7954;202200005264;804 616;B01;2;7;0;2;0;16;1;
7955;202200005264;804 619;A01;2;31;0;2;1;17;1;
7956;202200005265;804 615;A01;2;7;4;0;1;1;1;
7957;202200005267;804 612;B01;3;7;0;2;4;2;1;
7958;202200005267;804 617;A01;0;7;0;2;1;2;1;
7959;202200005268;804 611;B01;1;7;0;2;4;1;1;
7960;202200005268;804 614;A01;1;7;0;2;1;1;1;
7961;202200005269;804 609;A01;3;7;0;2;8;10;1;
7962;202200005269;804 610;B01;3;32;0;2;1;1;1;
7963;202200005270;804 604;A01;1;7;0;1;3;15;1;
7964;202200005271;804 605;A01;1;10;0;2;3;13;1;
7965;202200005271;804 608;B01;2;7;0;2;3;0;1;
7966;202200005272;804 607;A01;3;7;4;0;1;6;1;
7967;202200005273;804 602;A01;2;7;0;0;0;13;1;
7968;202200005274;804 603;B01;2;7;0;2;2;1;1;
7969;202200005274;804 606;A01;1;7;0;2;1;15;1;
7970;202200005275;804 597;B01;2;7;0;2;4;2;1;
7971;202200005275;804 600;A01;2;7;0;2;1;2;1;
7972;202200005276;804 596;A01;1;7;0;2;5;15;1;
7973;202200005276;804 601;B01;2;33;0;2;8;1;1;
7974;202200005277;804 594;A01;3;7;0;2;9;1;1;
7975;202200005277;804 598;B01;3;7;0;2;3;1;1;
7976;202200005278;804 593;A01;1;7;0;2;1;2;1;
7977;202200005278;804 595;B01;1;7;0;2;4;2;1;
7978;202200005278;804 599;C01;1;7;0;2;4;2;1;
7979;202200005279;804 590;A01;1;7;0;2;1;2;1;
7980;202200005279;804 592;B01;1;7;0;2;4;2;1;
7981;202200005280;804 587;A01;3;7;0;1;1;1;1;
7982;202200005281;804 589;A01;1;7;6;0;1;15;1;
7983;202200005282;804 588;A01;1;7;0;1;0;16;1;
7984;202200005283;804 586;B01;1;7;0;2;4;1;1;
7985;202200005283;804 591;A01;1;7;0;2;1;1;1;
7986;202200005284;804 578;A01;1;50;0;2;0;0;3;
7987;202200005284;804 583;B01;1;7;0;2;0;0;1;
7988;202200005285;804 580;A01;1;7;5;0;1;1;1;
7989;202200005286;804 579;A01;3;7;1;0;2;1;1;
7990;202200005288;804 572;A01;1;7;0;0;3;1;1;
7991;202200005288;804 576;B01;2;30;0;9;0;1;1;
7992;202200005291;804 571;B01;3;7;0;2;8;1;1;
7993;202200005291;804 575;A01;3;7;0;2;3;15;1;
7994;202200005292;804 568;A01;3;32;0;2;1;17;1;
7995;202200005292;804 570;B01;3;7;0;2;3;15;1;
7996;202200005294;804 562;A01;3;7;0;2;1;0;1;
7997;202200005294;804 566;B01;1;10;0;2;6;1;1;
7998;202200005295;804 563;B01;1;7;0;2;1;1;1;
7999;202200005295;804 564;A01;2;7;0;2;1;1;1;
8000;202200005296;804 559;A01;1;7;0;1;1;1;1;
8001;202200005297;804 558;B01;3;2;0;2;7;12;1;
8002;202200005297;804 561;A01;1;7;0;2;3;9;1;
8003;202200005299;804 554;B01;1;50;1;0;2;2;3;
8004;202200005299;804 556;A01;1;10;0;9;3;22;1;
8005;202200005300;804 553;B01;2;7;0;2;3;13;0;
8006;202200005300;804 555;A01;1;31;0;2;8;1;1;
8007;202200005301;804 552;A01;2;7;14;0;3;13;2;
8008;202200005302;804 551;A01;3;7;0;1;1;20;1;
8009;202200005303;804 550;A01;1;7;0;1;2;1;2;
8010;202200005304;804 547;A01;1;31;0;6;9;1;1;
8011;202200005306;804 543;B01;2;33;0;2;7;16;1;
8012;202200005306;804 546;A01;2;7;0;2;1;19;1;
8013;202200005307;804 541;A01;1;7;0;9;1;1;1;
8014;202200005307;804 544;B01;1;3;0;2;4;1;1;
8015;202200005309;804 539;A01;3;7;0;2;1;2;1;
8016;202200005309;804 542;B01;3;7;0;2;5;1;1;
8017;202200005310;804 536;A01;2;7;0;0;5;15;1;
8018;202200005310;804 538;B01;1;7;0;2;2;1;1;
8019;202200005311;804 534;A01;0;7;4;0;1;1;1;
8020;202200005312;804 533;B01;1;50;0;0;4;1;3;
8021;202200005312;804 535;A01;1;10;0;2;1;14;1;
8022;202200005313;804 529;B01;2;10;0;2;3;1;1;
8023;202200005313;804 532;A01;1;10;0;2;1;1;2;
8024;202200005314;804 523;B01;2;7;0;2;3;1;1;
8025;202200005314;804 526;A01;1;7;0;2;3;15;1;
8026;202200005316;804 522;A01;1;7;0;2;3;9;1;
8027;202200005316;804 524;B01;1;33;0;2;1;1;1;
8028;202200005317;804 530;A01;1;15;6;0;3;1;1;
8029;202200005318;804 525;B01;3;10;0;2;1;1;1;
8030;202200005318;804 528;A01;3;14;9;0;8;1;1;