;Num_Acc;id_vehicule;num_veh;senc;catv;obs;obsm;choc;manv;motor;occutc
8031;202200005319;804 519;A01;2;33;3;0;8;2;1;
8032;202200005320;804 527;B01;3;33;0;2;1;1;1;
8033;202200005320;804 531;A01;3;20;0;2;3;15;1;
8034;202200005321;804 520;A01;1;7;0;1;1;1;1;
8035;202200005324;804 513;A01;2;50;0;2;8;10;3;
8036;202200005324;804 516;B01;2;7;0;2;1;17;1;
8037;202200005325;804 509;A01;2;50;0;2;1;1;3;
8038;202200005325;804 510;B01;2;7;0;2;4;23;2;
8039;202200005326;804 511;A01;1;10;0;2;6;15;1;
8040;202200005326;804 515;B01;3;31;0;2;1;2;1;
8041;202200005327;804 505;B01;2;33;0;2;8;1;1;
8042;202200005327;804 508;A01;1;7;0;2;3;15;1;
8043;202200005328;804 504;A01;1;2;0;1;7;8;1;
8044;202200005329;804 503;A01;2;7;0;2;8;15;1;
8045;202200005329;804 506;B01;1;7;0;2;1;1;1;
8046;202200005330;804 502;A01;1;7;0;2;2;15;1;
8047;202200005330;804 507;B01;1;7;0;2;1;1;1;
8048;202200005331;804 500;A01;1;2;12;0;2;15;1;
8049;202200005332;804 496;B01;2;1;0;2;1;1;5;
8050;202200005332;804 498;A01;2;7;0;2;2;15;1;
8051;202200005333;804 497;B01;1;14;0;2;3;1;1;
8052;202200005333;804 499;A01;1;7;12;2;3;5;1;
8053;202200005334;804 495;A01;1;7;0;1;1;1;1;
8054;202200005335;804 494;A01;0;2;15;0;2;0;1;
8055;202200005336;804 491;A01;1;7;0;1;1;9;1;
8056;202200005337;804 488;B01;1;7;0;0;0;0;1;
8057;202200005337;804 492;A01;1;2;0;0;6;15;1;
8058;202200005338;804 489;A01;1;33;0;2;3;17;1;
8059;202200005338;804 490;B01;2;10;0;2;8;1;1;
8060;202200005338;804 493;C01;1;7;0;2;8;1;1;
8061;202200005339;804 487;A01;3;7;0;1;1;9;1;
8062;202200005340;804 486;A01;1;7;13;0;2;13;1;
8063;202200005341;804 483;A01;1;7;0;1;2;16;1;
8064;202200005343;804 478;A01;2;7;0;1;2;2;1;
8065;202200005344;804 481;B01;2;1;0;2;8;2;5;
8066;202200005344;804 484;A01;2;7;0;2;2;2;1;
8067;202200005345;804 476;B01;3;50;0;2;7;9;3;
8068;202200005345;804 477;A01;3;7;0;2;6;1;1;
8069;202200005346;804 479;B01;2;7;0;0;0;16;-1;
8070;202200005346;804 482;A01;2;31;0;2;0;21;1;
8071;202200005347;804 475;A01;3;7;0;1;2;2;1;
8072;202200005348;804 473;A01;1;7;0;1;1;15;1;
8073;202200005349;804 470;A01;2;7;0;0;0;0;1;
8074;202200005349;804 472;B01;1;10;0;2;8;1;1;
8075;202200005350;804 471;B01;3;34;0;2;1;26;1;
8076;202200005350;804 474;A01;3;32;0;1;1;17;1;
8077;202200005351;804 467;B01;1;15;0;2;6;2;1;
8078;202200005351;804 469;A01;1;10;0;2;2;17;1;
8079;202200005352;804 463;B01;3;1;0;2;5;9;5;
8080;202200005352;804 466;A01;1;7;0;2;2;9;1;
8081;202200005353;804 464;B01;3;7;0;2;8;15;1;
8082;202200005353;804 468;A01;3;2;0;2;1;17;3;
8083;202200005354;804 462;B01;2;2;0;2;3;1;1;
8084;202200005354;804 465;A01;3;10;0;2;1;19;1;
8085;202200005355;804 460;A01;0;7;1;0;1;26;1;
8086;202200005356;804 457;A01;3;7;6;0;1;1;1;
8087;202200005358;804 456;B01;2;2;0;2;1;1;1;
8088;202200005358;804 459;A01;2;7;0;2;3;16;2;
8089;202200005359;804 455;A01;2;7;4;0;9;1;1;
8090;202200005360;804 453;A01;1;7;0;1;2;1;1;
8091;202200005361;804 452;A01;1;7;0;2;3;15;1;
8092;202200005361;804 454;B01;1;33;0;2;1;2;1;
8093;202200005362;804 448;A01;2;7;0;2;1;1;1;
8094;202200005362;804 450;B01;2;7;0;2;0;0;1;
8095;202200005363;804 449;A01;1;7;0;2;2;1;1;
8096;202200005363;804 451;B01;2;50;0;2;1;1;3;
8097;202200005364;804 447;A01;0;33;0;0;8;1;1;
8098;202200005365;804 445;A01;1;7;14;2;6;15;2;
8099;202200005365;804 446;B01;1;33;0;2;2;17;1;
8100;202200005366;804 442;B01;3;7;0;2;2;1;1;
8101;202200005366;804 444;A01;3;50;0;2;7;19;3;
8102;202200005367;804 440;A01;1;3;0;2;3;19;1;
8103;202200005367;804 443;B01;1;30;0;2;7;1;1;
8104;202200005368;804 439;A01;1;7;0;1;7;1;1;
8105;202200005369;804 437;A01;1;7;13;0;8;9;1;
8106;202200005370;804 438;A01;2;7;0;2;8;11;1;
8107;202200005370;804 441;B01;2;33;0;2;7;15;1;
8108;202200005371;804 433;A01;1;7;0;1;2;26;1;
8109;202200005372;804 430;A01;1;33;0;2;5;1;1;
8110;202200005372;804 434;B01;2;7;0;2;2;19;1;
8111;202200005373;804 431;B01;3;1;0;2;3;26;5;
8112;202200005373;804 436;A01;3;7;0;9;1;9;1;
8113;202200005374;804 428;D01;2;7;0;2;4;1;1;
8114;202200005374;804 429;C01;2;7;0;2;4;1;1;
8115;202200005374;804 432;B01;2;7;0;2;4;1;1;
8116;202200005374;804 435;A01;2;7;0;2;1;2;1;
8117;202200005375;804 426;A01;1;33;0;0;0;2;1;
8118;202200005376;804 424;B01;1;17;0;2;1;0;1;
8119;202200005376;804 427;A01;2;7;0;2;1;26;1;
8120;202200005377;804 422;B01;2;37;0;2;1;0;1;1.0
8121;202200005377;804 423;A01;1;7;0;2;1;13;1;
8122;202200005379;804 419;A01;2;7;0;0;4;0;0;
8123;202200005379;804 420;B01;2;33;0;0;1;0;0;
8124;202200005380;804 416;A01;1;7;0;2;3;15;1;
8125;202200005380;804 418;B01;1;50;0;2;1;25;3;
8126;202200005381;804 413;A01;1;30;0;2;1;19;1;
8127;202200005381;804 417;B01;2;7;0;2;7;1;2;
8128;202200005382;804 412;A01;2;10;0;2;1;16;1;
8129;202200005382;804 415;B01;3;1;0;2;0;0;5;
8130;202200005383;804 411;B01;1;7;0;2;3;15;1;
8131;202200005383;804 414;A01;1;33;0;2;1;17;1;
8132;202200005384;804 409;A01;2;7;13;0;9;1;1;
8133;202200005385;804 406;A01;2;7;2;0;1;14;1;
8134;202200005386;804 405;A01;1;2;0;2;1;26;1;
8135;202200005386;804 408;B01;1;7;0;2;7;13;1;
8136;202200005387;804 402;D01;2;37;0;2;6;23;1;1.0
8137;202200005387;804 404;C01;1;37;0;2;6;23;1;1.0
8138;202200005387;804 407;B01;2;7;0;2;2;23;1;
8139;202200005387;804 410;A01;1;7;0;2;9;16;1;
8140;202200005388;804 401;B01;3;50;0;2;1;1;3;
8141;202200005388;804 403;A01;1;10;0;9;3;9;1;
8142;202200005389;804 398;B01;1;7;0;2;1;1;1;
8143;202200005389;804 399;A01;1;30;0;2;1;26;1;
8144;202200005390;804 394;A01;3;7;0;0;1;26;1;
8145;202200005391;804 393;A01;2;31;0;2;7;3;1;
8146;202200005391;804 396;B01;2;7;0;2;7;2;1;
8147;202200005392;804 391;A01;2;3;1;0;1;1;1;
8148;202200005393;804 390;A01;1;7;2;0;8;21;1;
8149;202200005394;804 387;A01;3;32;0;2;8;17;1;
8150;202200005394;804 389;B01;3;7;0;2;7;21;1;
8151;202200005395;804 386;A01;3;33;0;2;1;17;1;
8152;202200005395;804 388;B01;3;7;0;2;3;1;1;
8153;202200005395;804 392;C01;3;7;0;2;2;1;1;
8154;202200005396;804 385;A01;2;30;0;0;0;0;1;
8155;202200005397;804 384;A01;1;7;13;0;2;1;2;
8156;202200005398;804 382;B01;1;7;0;2;2;12;1;
8157;202200005398;804 383;A01;1;33;0;2;3;3;1;
8158;202200005399;804 381;A01;1;10;0;1;3;26;1;
8159;202200005400;804 378;A01;0;7;1;2;6;16;1;
8160;202200005400;804 380;B01;2;7;1;2;2;1;1;
8161;202200005403;804 374;A01;3;7;0;2;1;15;2;
8162;202200005403;804 376;B01;1;7;0;2;8;1;1;
8163;202200005404;804 370;A01;1;50;11;0;1;1;3;
8164;202200005405;804 369;Z01;0;7;0;2;1;2;1;
8165;202200005405;804 373;B01;1;33;1;2;4;15;1;
8166;202200005406;804 366;Z01;2;7;0;2;1;1;1;
8167;202200005406;804 367;B01;2;7;0;2;6;2;2;
8168;202200005406;804 371;A01;2;34;0;2;4;2;1;
8169;202200005407;804 363;B01;1;7;0;2;3;1;1;
8170;202200005407;804 365;A01;1;33;0;2;2;19;1;
8171;202200005408;804 359;B01;2;30;0;2;1;18;1;
8172;202200005408;804 362;A01;1;7;0;2;1;15;1;
8173;202200005409;804 358;B01;2;7;0;2;5;1;1;
8174;202200005409;804 360;A01;2;7;0;2;3;12;1;
8175;202200005410;804 356;C01;2;7;0;2;3;1;1;
8176;202200005410;804 361;B01;2;7;0;2;1;1;1;
8177;202200005410;804 364;A01;1;7;0;2;3;13;1;
8178;202200005411;804 355;A01;3;7;0;2;2;1;1;
8179;202200005411;804 357;B01;3;30;0;2;1;1;1;
8180;202200005412;804 354;A01;2;2;0;0;0;1;1;
8181;202200005413;804 351;B01;1;31;0;2;7;1;1;
8182;202200005413;804 353;A01;1;33;0;2;4;12;1;
8183;202200005414;804 350;A01;1;34;0;1;6;21;1;
8184;202200005415;804 349;A01;1;33;0;0;1;1;1;
8185;202200005415;804 352;B01;2;7;0;2;2;15;1;
8186;202200005416;804 346;A01;1;34;0;0;8;1;1;
8187;202200005417;804 344;A01;3;7;0;2;2;9;1;
8188;202200005417;804 348;B01;3;33;0;2;3;1;1;
8189;202200005419;804 341;A01;1;7;0;2;4;26;2;
8190;202200005419;804 345;B01;0;7;0;2;1;0;1;
8191;202200005420;804 335;A01;1;7;0;2;3;14;1;
8192;202200005420;804 338;B01;1;7;0;2;6;12;1;
8193;202200005421;804 336;A01;1;43;0;2;1;2;1;
8194;202200005421;804 339;B01;1;7;0;2;6;2;2;
8195;202200005422;804 333;C01;1;7;0;2;4;1;1;
8196;202200005422;804 337;B01;1;7;0;2;4;1;1;
8197;202200005422;804 340;A01;1;7;0;2;1;1;1;
8198;202200005423;804 331;A01;2;7;1;1;1;19;1;
8199;202200005424;804 332;A01;1;7;0;2;1;0;1;
8200;202200005424;804 334;B01;1;7;0;2;4;0;1;
8201;202200005425;804 330;A01;1;32;11;0;1;13;1;
8202;202200005426;804 327;A01;1;7;0;1;1;15;2;
8203;202200005427;804 326;A01;2;32;0;2;1;3;3;
8204;202200005427;804 329;Z01;2;7;0;2;5;18;0;
8205;202200005428;804 325;B01;2;7;0;2;1;2;1;
8206;202200005428;804 328;A01;2;7;0;2;4;2;1;
8207;202200005429;804 324;A01;2;1;0;0;1;15;5;
8208;202200005430;804 321;A01;1;7;7;0;1;1;2;
8209;202200005431;804 320;B01;1;7;0;2;5;12;1;
8210;202200005431;804 323;A01;1;31;0;2;8;3;1;
8211;202200005432;804 319;B01;2;10;0;2;1;2;1;
8212;202200005432;804 322;A01;2;17;0;2;4;23;1;
8213;202200005433;804 316;A01;2;1;0;2;1;2;5;
8214;202200005433;804 318;B01;2;7;0;2;6;2;1;
8215;202200005434;804 313;A01;2;14;0;1;1;1;1;
8216;202200005436;804 309;A01;2;1;0;2;1;13;5;
8217;202200005436;804 310;B01;1;1;0;2;1;1;5;
8218;202200005438;804 304;B01;1;33;0;2;2;2;1;
8219;202200005438;804 307;A01;1;7;0;2;6;2;1;
8220;202200005439;804 305;B01;0;7;0;2;2;1;0;
8221;202200005439;804 308;A01;0;7;0;2;3;1;0;
8222;202200005440;804 301;Z01;1;10;0;2;0;12;1;
8223;202200005440;804 303;A01;1;32;0;2;0;1;1;
8224;202200005441;804 300;A01;2;30;0;1;1;21;1;
8225;202200005442;804 298;A01;2;33;0;2;2;11;1;
8226;202200005442;804 299;B01;2;7;0;2;5;1;1;
8227;202200005442;804 302;C01;2;7;0;2;8;1;1;
8228;202200005443;804 297;A01;2;7;0;1;4;4;1;
8229;202200005444;804 295;A01;1;1;0;1;1;1;5;
8230;202200005445;804 293;A01;0;7;0;0;0;26;1;
8231;202200005446;804 292;A01;1;10;0;1;2;1;1;
8232;202200005448;804 291;A01;1;32;0;0;8;21;1;
8233;202200005449;804 287;A01;2;10;11;2;2;1;1;
8234;202200005449;804 288;B01;2;7;0;2;8;1;1;
8235;202200005451;804 285;A01;2;7;0;2;7;2;1;
8236;202200005451;804 290;B01;2;7;0;2;8;2;1;
8237;202200005452;804 283;B01;2;32;0;2;7;1;1;
8238;202200005452;804 284;A01;1;7;0;2;2;10;1;
8239;202200005453;804 282;A01;2;30;0;0;0;21;1;
8240;202200005454;804 279;A01;1;7;0;2;7;14;1;
8241;202200005454;804 281;B01;1;15;0;2;8;1;1;
8242;202200005455;804 277;A01;1;7;0;1;1;1;1;
8243;202200005456;804 278;B01;1;80;0;2;3;18;3;
8244;202200005456;804 280;A01;1;7;0;2;2;1;1;
8245;202200005457;804 274;A01;0;43;12;0;1;1;1;
8246;202200005458;804 275;A01;1;32;0;2;7;1;1;
8247;202200005458;804 276;Z01;1;7;0;2;0;13;0;
8248;202200005459;804 272;A01;1;7;0;2;1;2;1;
8249;202200005459;804 273;B01;1;7;0;2;4;1;1;
8250;202200005460;804 270;A01;1;1;0;0;0;1;5;
8251;202200005462;804 267;A01;1;30;0;2;1;2;1;
8252;202200005462;804 271;B01;1;7;0;2;6;2;1;
8253;202200005463;804 266;B01;2;7;4;2;6;1;2;
8254;202200005463;804 269;A01;2;14;0;2;2;1;1;
8255;202200005464;804 264;A01;1;7;0;2;2;16;1;
8256;202200005464;804 265;B01;1;30;0;2;1;1;1;
8257;202200005465;804 262;A01;2;7;0;1;3;1;1;
8258;202200005466;804 260;B01;1;7;0;2;7;1;1;
8259;202200005466;804 263;A01;1;33;0;2;1;3;1;
8260;202200005468;804 257;A01;1;30;0;2;2;15;1;
8261;202200005468;804 259;B01;2;7;0;2;2;1;1;
8262;202200005470;804 255;A01;3;7;2;0;1;0;1;
8263;202200005472;804 249;A01;2;50;0;2;0;0;3;
8264;202200005472;804 252;B01;2;7;0;2;0;0;1;
8265;202200005475;804 245;A01;1;7;0;2;7;1;1;
8266;202200005475;804 246;B01;2;7;0;2;1;1;2;
8267;202200005476;804 243;A01;1;7;13;0;1;1;1;
8268;202200005477;804 244;A01;1;7;0;1;2;1;1;
8269;202200005478;804 242;Z01;1;50;0;1;7;1;3;
8270;202200005479;804 237;B01;2;7;0;2;3;1;1;
8271;202200005479;804 240;A01;1;7;0;2;3;13;1;
8272;202200005480;804 238;B01;2;1;0;0;2;17;5;
8273;202200005480;804 241;A01;2;10;0;0;3;22;1;
8274;202200005481;804 234;A01;2;7;2;0;9;13;1;
8275;202200005482;804 233;C01;3;7;0;2;4;23;1;
8276;202200005482;804 236;B01;3;7;0;2;4;23;1;
8277;202200005482;804 239;A01;3;7;0;2;1;1;1;
8278;202200005483;804 232;A01;2;7;0;2;2;9;2;
8279;202200005483;804 235;B01;1;50;0;2;3;5;3;
8280;202200005485;804 226;A01;1;7;0;2;1;1;1;
8281;202200005485;804 230;B01;2;7;0;2;2;1;1;
8282;202200005486;804 225;B01;3;10;0;2;0;0;0;
8283;202200005486;804 227;A01;0;7;0;2;1;26;1;
8284;202200005487;804 224;A01;3;10;0;2;7;1;1;
8285;202200005487;804 228;B01;3;30;0;2;1;1;1;
8286;202200005488;804 223;A01;1;33;12;0;1;1;1;
8287;202200005489;804 221;A01;3;7;0;1;1;2;1;
8288;202200005490;804 220;B01;3;2;0;2;5;1;1;
8289;202200005490;804 222;A01;3;7;0;2;3;15;1;
8290;202200005491;804 219;A01;1;30;0;1;1;1;1;
8291;202200005492;804 218;A01;1;31;0;0;7;0;1;
8292;202200005493;804 215;A01;1;7;0;1;1;1;1;
8293;202200005494;804 213;B01;0;1;0;2;0;26;5;
8294;202200005494;804 216;A01;3;7;0;2;3;1;1;
8295;202200005495;804 210;D01;0;7;0;2;1;1;1;
8296;202200005495;804 212;C01;0;7;0;2;3;1;1;
8297;202200005495;804 214;B01;2;7;0;2;4;2;1;
8298;202200005495;804 217;A01;2;7;0;2;1;0;1;
8299;202200005496;804 211;A01;2;7;0;1;1;1;1;
8300;202200005497;804 207;A01;2;7;0;2;3;13;1;
8301;202200005497;804 209;B01;1;1;0;2;0;1;5;
8302;202200005498;804 204;B01;1;7;0;2;4;2;1;
8303;202200005498;804 208;A01;1;7;0;2;1;2;1;
8304;202200005499;804 202;A01;2;33;0;2;2;1;1;
8305;202200005499;804 205;B01;2;10;0;0;0;11;1;
8306;202200005500;804 201;A01;1;7;0;1;1;1;1;
8307;202200005500;804 206;B01;1;7;0;2;4;1;1;
8308;202200005501;804 200;A01;1;2;12;0;7;1;1;
8309;202200005502;804 197;A01;2;7;15;0;2;26;1;
8310;202200005503;804 196;A01;1;1;0;2;3;1;5;
8311;202200005503;804 199;Z01;2;7;0;2;3;15;0;
8312;202200005504;804 193;A01;1;7;0;2;7;15;1;
8313;202200005504;804 195;B01;1;32;0;2;1;15;1;
8314;202200005504;804 198;C01;3;7;1;2;6;26;1;
8315;202200005505;804 192;B01;1;33;0;2;1;2;1;
8316;202200005505;804 194;A01;1;7;0;2;2;10;1;
8317;202200005506;804 189;A01;3;7;14;0;1;1;2;
8318;202200005507;804 187;B01;2;7;0;2;6;1;2;
8319;202200005507;804 188;A01;2;33;0;2;1;3;1;
8320;202200005508;804 186;B01;3;7;0;2;1;2;1;
8321;202200005508;804 190;A01;3;7;0;2;4;1;1;
8322;202200005509;804 185;B01;1;7;0;2;4;26;1;
8323;202200005509;804 191;A01;1;10;0;2;1;2;1;
8324;202200005510;804 181;A01;1;7;4;0;3;1;1;
8325;202200005511;804 179;A01;3;1;0;2;1;1;5;
8326;202200005511;804 182;C01;3;1;0;2;1;1;5;
8327;202200005511;804 183;D01;3;1;0;2;1;1;5;
8328;202200005511;804 184;B01;3;1;0;2;1;1;5;
8329;202200005512;804 178;A01;0;7;0;1;3;1;0;
8330;202200005513;804 177;B01;2;60;0;2;8;13;5;
8331;202200005513;804 180;A01;2;7;0;2;7;17;6;
8332;202200005514;804 176;A01;1;7;4;0;2;1;1;
8333;202200005515;804 168;A01;1;7;0;2;2;14;1;
8334;202200005515;804 170;B01;1;17;0;2;3;0;1;
8335;202200005516;804 171;B01;3;7;0;9;8;0;1;
8336;202200005516;804 174;A01;0;33;0;9;1;19;1;
8337;202200005518;804 167;B01;3;32;0;2;8;1;1;
8338;202200005518;804 172;A01;-1;7;0;2;1;15;1;
8339;202200005519;804 163;B01;2;2;0;2;1;13;1;
8340;202200005519;804 165;A01;1;7;0;2;3;1;1;
8341;202200005521;804 160;A01;2;7;0;1;1;1;1;
8342;202200005522;804 159;A01;1;7;0;2;1;2;1;
8343;202200005522;804 161;B01;1;7;0;2;1;2;1;
8344;202200005522;804 164;C01;1;7;0;2;4;2;1;
8345;202200005522;804 166;D01;1;7;0;2;4;2;1;
8346;202200005523;804 157;A01;2;7;0;1;1;1;1;
8347;202200005524;804 156;B01;2;15;0;2;1;12;1;
8348;202200005524;804 158;A01;2;7;1;0;4;2;1;
8349;202200005526;804 152;Z01;3;30;0;2;1;6;0;
8350;202200005526;804 154;A01;3;1;0;9;1;1;5;
8351;202200005527;804 150;A01;1;1;0;2;5;12;5;
8352;202200005527;804 151;B01;1;34;0;2;3;1;1;
8353;202200005528;804 143;A01;1;7;0;2;3;1;1;
8354;202200005528;804 146;B01;2;7;0;2;1;0;1;
8355;202200005529;804 147;B01;1;7;0;2;2;16;1;
8356;202200005529;804 149;A01;1;33;0;2;3;18;1;
8357;202200005530;804 141;A01;1;7;0;2;2;9;1;
8358;202200005530;804 144;B01;1;34;1;2;1;1;1;
8359;202200005531;804 140;A01;1;7;0;2;1;1;1;
8360;202200005531;804 142;B01;1;7;0;2;4;2;1;
8361;202200005531;804 145;C01;1;7;0;2;4;2;1;
8362;202200005531;804 148;D01;1;7;0;2;4;2;1;
8363;202200005532;804 138;B01;2;33;0;2;1;1;1;
8364;202200005532;804 139;A01;1;7;0;2;3;15;1;
8365;202200005533;804 137;A01;1;7;0;1;1;2;1;
8366;202200005534;804 135;A01;1;7;4;0;3;1;1;
8367;202200005535;804 134;A01;2;7;0;2;1;2;1;
8368;202200005535;804 136;B01;2;7;0;2;4;2;1;
8369;202200005536;804 132;B01;3;7;0;2;0;0;1;
8370;202200005536;804 133;A01;3;7;0;2;5;1;1;
8371;202200005537;804 131;A01;1;7;5;0;1;1;1;
8372;202200005538;804 129;A01;0;7;0;0;0;1;1;
8373;202200005539;804 130;A01;1;1;0;0;0;1;5;
8374;202200005540;804 128;A01;2;7;3;0;1;1;1;
8375;202200005541;804 125;A01;1;10;0;2;8;15;1;
8376;202200005541;804 126;B01;1;33;0;2;7;17;1;
8377;202200005542;804 124;A01;0;7;0;2;1;1;1;
8378;202200005542;804 127;B01;0;7;0;2;3;15;1;
8379;202200005543;804 123;A01;1;7;4;0;2;14;1;
8380;202200005544;804 121;B01;1;7;0;2;5;1;1;
8381;202200005544;804 122;A01;1;30;0;2;4;18;3;
8382;202200005545;804 120;A01;1;33;4;0;1;1;1;
8383;202200005546;804 118;A01;2;7;0;0;0;1;1;
8384;202200005547;804 115;A01;1;7;3;0;3;21;1;
8385;202200005548;804 117;B01;1;7;0;2;3;9;1;
8386;202200005548;804 119;A01;1;15;0;2;0;0;1;
8387;202200005549;804 113;B01;2;50;0;2;1;1;3;
8388;202200005549;804 116;A01;2;7;0;2;8;15;1;
8389;202200005551;804 109;B01;1;7;0;2;4;1;1;
8390;202200005551;804 111;A01;1;7;3;2;1;2;1;
8391;202200005552;804 107;B01;1;7;0;2;1;1;1;
8392;202200005552;804 110;A01;1;7;0;2;8;9;1;
8393;202200005553;804 105;A01;2;33;0;0;0;26;1;
8394;202200005554;804 104;A01;3;7;0;2;7;1;2;
8395;202200005554;804 108;B01;1;10;0;2;1;1;1;
8396;202200005556;804 101;B01;1;30;0;2;1;1;1;
8397;202200005556;804 103;A01;2;7;0;2;8;1;2;
8398;202200005557;804 098;B01;2;7;0;2;4;23;1;
8399;202200005557;804 100;A01;2;7;0;2;1;1;1;
8400;202200005558;804 094;A01;2;10;0;2;8;9;1;
8401;202200005558;804 097;B01;1;7;0;2;2;1;1;
8402;202200005560;804 092;A01;2;7;0;1;1;7;1;
8403;202200005561;804 093;A01;1;10;0;2;3;1;1;
8404;202200005561;804 095;B01;1;1;0;0;5;1;5;
8405;202200005562;804 089;B01;3;7;0;2;1;1;1;
8406;202200005562;804 091;A01;3;10;0;2;1;15;1;
8407;202200005563;804 087;Z01;3;7;0;1;0;15;1;
8408;202200005564;804 086;A01;1;1;0;2;0;19;5;
8409;202200005564;804 088;B01;1;2;0;2;1;1;1;
8410;202200005564;804 090;C01;1;7;0;2;4;1;2;
8411;202200005565;804 084;A01;1;7;4;0;7;1;1;
8412;202200005566;804 082;B01;2;1;1;0;4;23;5;
8413;202200005566;804 083;A01;2;7;0;2;1;1;1;
8414;202200005568;804 076;A01;1;7;13;0;9;17;1;
8415;202200005569;804 077;B01;3;33;0;2;1;21;1;
8416;202200005569;804 079;A01;3;7;0;2;6;4;1;
8417;202200005570;804 078;B01;3;30;0;2;2;1;1;
8418;202200005570;804 080;A01;3;7;0;2;5;15;1;
8419;202200005571;804 071;A01;1;7;0;0;0;9;1;
8420;202200005571;804 073;B01;1;2;0;0;0;0;1;
8421;202200005572;804 070;A01;2;7;0;2;8;26;0;
8422;202200005572;804 074;C01;2;7;0;2;3;1;0;
8423;202200005572;804 075;B01;2;7;0;2;1;2;0;
8424;202200005573;804 069;B01;2;7;0;2;6;2;1;
8425;202200005573;804 072;A01;2;7;0;2;2;17;1;
8426;202200005574;804 064;A01;3;30;0;2;2;13;1;
8427;202200005574;804 066;B01;3;7;0;2;3;15;1;
8428;202200005574;804 067;C01;3;7;0;2;1;23;1;
8429;202200005575;804 062;A01;3;7;0;2;6;15;1;
8430;202200005575;804 065;B01;3;33;0;2;2;17;1;
8431;202200005576;804 063;B01;1;7;0;2;1;1;1;
8432;202200005576;804 068;A01;2;7;0;2;2;1;1;
8433;202200005577;804 059;B01;2;33;0;2;1;17;1;
8434;202200005577;804 061;A01;2;7;0;2;3;10;1;
8435;202200005578;804 058;A01;1;7;0;1;3;15;1;
8436;202200005579;804 056;A01;2;32;12;0;1;13;1;
8437;202200005580;804 057;B01;3;1;0;0;4;2;5;
8438;202200005580;804 060;A01;3;7;0;0;2;2;0;
8439;202200005582;804 051;B01;3;7;0;2;3;11;1;
8440;202200005582;804 054;A01;3;1;0;2;3;17;5;
8441;202200005583;804 050;B01;2;60;0;2;0;1;5;
8442;202200005583;804 052;A01;2;7;0;2;6;15;2;
8443;202200005584;804 048;A01;0;7;6;0;1;1;1;
8444;202200005585;804 047;B01;2;1;0;2;7;1;5;
8445;202200005585;804 049;A01;1;7;0;2;3;9;1;
8446;202200005586;804 045;B01;1;37;0;2;6;23;1;1.0
8447;202200005586;804 046;A01;1;1;0;2;1;1;5;
8448;202200005587;804 044;A01;2;50;14;0;1;14;3;
8449;202200005588;804 042;A01;2;30;0;2;1;1;0;
8450;202200005588;804 043;B01;3;7;0;2;3;1;1;
8451;202200005590;804 040;A01;3;33;12;0;2;14;1;
8452;202200005591;804 037;B01;0;32;0;2;1;1;0;
8453;202200005591;804 038;A01;0;7;0;2;6;20;0;
8454;202200005592;804 033;A01;1;7;0;1;3;2;1;
8455;202200005593;804 036;A01;1;7;0;2;8;15;1;
8456;202200005593;804 039;B01;1;2;0;2;7;1;1;
8457;202200005594;804 034;A01;3;7;8;0;2;1;1;
8458;202200005595;804 032;A01;1;30;0;2;3;19;1;
8459;202200005595;804 035;B01;2;10;0;2;2;19;1;
8460;202200005596;804 031;A01;2;7;1;0;1;2;1;
8461;202200005597;804 029;A01;1;7;1;0;2;10;1;
8462;202200005598;804 028;B01;0;7;0;2;4;1;1;
8463;202200005598;804 030;A01;0;7;0;2;1;1;1;
8464;202200005599;804 025;A01;2;10;0;2;5;17;1;
8465;202200005599;804 027;B01;2;2;0;2;8;0;1;
8466;202200005600;804 024;B01;2;1;0;2;8;15;5;
8467;202200005600;804 026;A01;1;7;0;2;2;9;1;
8468;202200005601;804 022;A01;2;2;8;0;1;1;1;
8469;202200005602;804 021;A01;1;10;0;2;1;1;1;
8470;202200005602;804 023;B01;1;2;0;2;7;1;1;
8471;202200005604;804 016;A01;3;10;0;1;6;1;1;
8472;202200005605;804 014;A01;2;10;0;2;1;2;1;
8473;202200005605;804 017;B01;2;7;0;0;4;15;1;
8474;202200005605;804 019;C01;1;7;15;0;8;1;1;
8475;202200005606;804 013;A01;2;7;0;2;2;16;1;
8476;202200005606;804 015;B01;2;50;0;2;1;1;3;
8477;202200005607;804 011;A01;2;7;0;2;1;5;2;
8478;202200005607;804 012;B01;1;7;0;2;1;1;1;
8479;202200005608;804 007;B01;2;7;0;2;1;1;1;
8480;202200005608;804 010;A01;3;7;0;2;3;17;1;
8481;202200005611;804 003;B01;1;1;0;2;1;19;5;
8482;202200005611;804 005;A01;1;10;0;2;1;9;1;
8483;202200005612;803 998;B01;1;50;0;2;7;19;3;
8484;202200005612;804 002;A01;2;7;0;9;1;1;1;
8485;202200005613;803 997;A01;1;1;0;2;1;7;5;
8486;202200005613;803 999;B01;1;7;0;2;4;7;1;
8487;202200005614;803 996;A01;2;7;10;2;1;13;1;
8488;202200005614;804 000;B01;1;10;0;2;1;1;1;
8489;202200005615;803 995;A01;2;7;0;0;3;1;1;
8490;202200005615;804 001;B01;0;7;8;0;1;1;0;
8491;202200005616;803 990;A01;1;7;0;1;1;12;0;
8492;202200005617;803 992;A01;1;7;0;2;2;15;1;
8493;202200005617;803 994;B01;2;7;0;2;1;1;1;
8494;202200005618;803 989;A01;2;30;0;2;2;16;1;
8495;202200005618;803 993;Z01;2;7;0;2;0;7;2;
8496;202200005619;803 988;A01;3;7;0;2;7;15;1;
8497;202200005619;803 991;B01;3;33;0;2;1;1;1;
8498;202200005620;803 983;A01;3;7;0;9;1;1;1;
8499;202200005620;803 987;B01;1;1;0;2;8;1;5;
8500;202200005621;803 981;A01;2;2;0;2;1;1;1;