;Num_Acc;id_vehicule;num_veh;senc;catv;obs;obsm;choc;manv;motor;occutc
8501;202200005621;803 985;B01;2;7;0;2;8;13;1;
8502;202200005623;803 980;B01;2;1;0;2;7;1;5;
8503;202200005623;803 982;A01;2;7;0;2;8;18;1;
8504;202200005624;803 978;A01;1;1;0;2;7;19;5;
8505;202200005624;803 979;B01;1;7;0;2;3;1;1;
8506;202200005625;803 977;A01;1;7;0;1;2;1;1;
8507;202200005626;803 975;A01;2;80;0;1;1;1;3;
8508;202200005627;803 974;B01;3;2;0;2;1;1;1;
8509;202200005627;803 976;A01;3;7;0;2;3;10;1;
8510;202200005628;803 972;A01;1;10;0;1;3;16;1;
8511;202200005629;803 967;A01;1;7;0;2;2;14;1;
8512;202200005629;803 970;B01;1;1;0;2;3;1;5;
8513;202200005630;803 965;A01;2;7;0;2;3;15;1;
8514;202200005630;803 966;B01;2;1;0;2;5;1;5;
8515;202200005631;803 969;B01;2;7;0;2;1;0;3;
8516;202200005631;803 973;A01;2;7;0;2;7;1;1;
8517;202200005632;803 963;D01;2;1;0;2;0;1;6;
8518;202200005632;803 964;C01;2;1;0;2;0;1;6;
8519;202200005632;803 968;B01;2;1;0;2;0;1;5;
8520;202200005632;803 971;A01;1;7;0;9;1;26;1;
8521;202200005633;803 958;A01;2;7;0;2;3;22;2;
8522;202200005633;803 962;B01;2;50;0;2;0;1;3;
8523;202200005634;803 957;B01;1;50;0;2;3;1;3;
8524;202200005634;803 960;A01;1;10;0;2;3;15;1;
8525;202200005636;803 955;A01;1;32;0;0;7;1;1;
8526;202200005637;803 952;B01;0;50;0;2;1;19;3;
8527;202200005637;803 954;A01;2;7;0;2;3;1;1;
8528;202200005638;803 951;B01;1;17;0;2;4;2;1;
8529;202200005638;803 953;A01;1;7;0;2;1;2;1;
8530;202200005639;803 949;A01;3;7;0;2;8;26;1;
8531;202200005639;803 950;B01;3;7;0;2;1;26;1;
8532;202200005640;803 946;B01;3;80;0;2;4;1;3;
8533;202200005640;803 948;A01;3;7;0;2;1;18;1;
8534;202200005641;803 943;A01;1;7;0;2;2;16;1;
8535;202200005641;803 947;B01;1;30;0;2;1;7;3;
8536;202200005642;803 941;A01;2;7;17;0;2;1;1;
8537;202200005643;803 937;A01;1;34;0;2;7;17;1;
8538;202200005643;803 939;B01;1;7;0;2;8;15;1;
8539;202200005644;803 938;A01;1;33;6;0;7;14;1;
8540;202200005646;803 935;A01;1;10;7;0;7;1;1;
8541;202200005647;803 931;A01;3;34;0;1;1;1;1;
8542;202200005648;803 930;B01;1;2;0;2;1;1;1;
8543;202200005648;803 934;A01;2;7;0;2;7;15;1;
8544;202200005650;803 922;A01;2;10;0;2;3;15;1;
8545;202200005650;803 926;B01;1;33;0;2;8;1;1;
8546;202200005653;803 919;A01;2;50;0;0;8;1;3;
8547;202200005654;803 924;B01;1;7;0;2;3;19;1;
8548;202200005654;803 928;A01;2;1;0;2;3;1;5;
8549;202200005656;803 916;A01;3;7;0;2;2;1;1;
8550;202200005657;803 914;A01;1;7;0;1;2;19;1;
8551;202200005658;803 911;A01;3;7;2;0;3;15;1;
8552;202200005659;803 912;B01;2;37;0;2;3;7;2;3.0
8553;202200005659;803 915;A01;2;7;0;2;5;16;1;
8554;202200005660;803 913;A01;1;7;0;1;2;1;1;
8555;202200005661;803 909;A01;1;7;0;1;1;1;1;
8556;202200005662;803 908;B01;1;10;0;2;1;0;1;
8557;202200005662;803 910;A01;2;7;0;2;1;13;1;
8558;202200005663;803 907;A01;1;7;0;1;6;4;1;
8559;202200005664;803 905;Z01;2;30;0;0;0;21;0;
8560;202200005665;803 903;B01;2;43;0;2;6;1;1;
8561;202200005665;803 906;A01;2;10;0;2;2;12;1;
8562;202200005667;803 901;A01;1;50;0;0;7;1;3;
8563;202200005668;803 899;A01;0;7;2;0;1;1;1;
8564;202200005669;803 897;Z01;2;7;0;2;3;15;0;
8565;202200005669;803 898;A01;2;1;0;2;1;17;5;
8566;202200005670;803 896;A01;1;1;0;0;0;21;5;
8567;202200005671;803 900;B01;1;33;0;2;1;1;1;
8568;202200005671;803 902;A01;2;7;0;2;2;15;1;
8569;202200005672;803 895;A01;0;50;0;0;0;1;3;
8570;202200005673;803 890;B01;1;1;0;2;1;1;5;
8571;202200005673;803 893;A01;1;7;0;2;8;22;1;
8572;202200005674;803 891;A01;3;1;12;0;7;12;5;
8573;202200005675;803 892;A01;2;33;0;0;8;1;1;
8574;202200005676;803 887;A01;0;10;8;0;3;13;1;
8575;202200005677;803 886;A01;2;1;0;0;8;1;5;
8576;202200005678;803 885;A01;1;34;0;2;0;17;1;
8577;202200005678;803 888;B01;1;7;0;2;8;15;1;
8578;202200005679;803 889;A01;0;30;0;2;7;1;1;
8579;202200005679;803 894;B01;0;7;0;2;3;1;1;
8580;202200005680;803 884;A01;2;7;0;0;2;1;1;
8581;202200005681;803 881;A01;1;7;0;2;2;1;1;
8582;202200005681;803 883;B01;2;7;0;2;3;1;1;
8583;202200005682;803 880;B01;2;7;0;2;6;18;1;
8584;202200005682;803 882;A01;2;15;0;2;5;15;6;
8585;202200005683;803 879;A01;3;7;8;0;1;1;1;
8586;202200005684;803 877;Z01;2;32;0;1;1;1;1;
8587;202200005685;803 876;A01;1;7;13;0;3;13;1;
8588;202200005687;803 870;A01;2;10;0;2;1;1;0;
8589;202200005687;803 874;B01;2;7;0;2;4;23;1;
8590;202200005688;803 869;A01;1;7;0;2;3;15;1;
8591;202200005688;803 873;B01;1;7;0;2;1;17;1;
8592;202200005689;803 868;A01;3;1;0;2;1;1;5;
8593;202200005689;803 871;B01;2;7;0;2;8;1;1;
8594;202200005690;803 867;A01;3;7;0;1;2;1;1;
8595;202200005691;803 866;A01;1;7;0;1;1;2;1;
8596;202200005692;803 865;A01;2;7;0;1;1;1;1;
8597;202200005693;803 862;A01;3;7;2;0;1;1;1;
8598;202200005694;803 864;A01;1;7;8;0;2;14;1;
8599;202200005695;803 859;A01;3;33;0;0;3;0;1;
8600;202200005695;803 861;B01;3;10;0;0;3;0;1;
8601;202200005696;803 856;A01;2;50;0;1;8;1;3;
8602;202200005697;803 853;A01;1;7;0;2;2;14;1;
8603;202200005697;803 854;B01;1;7;0;2;6;1;1;
8604;202200005697;803 857;C01;1;7;0;2;4;1;1;
8605;202200005699;803 848;A01;1;7;0;2;1;15;1;
8606;202200005699;803 851;B01;2;32;0;2;1;1;1;
8607;202200005700;803 849;A01;0;7;0;2;1;12;1;
8608;202200005701;803 846;B01;1;7;0;2;6;13;1;
8609;202200005701;803 850;A01;1;34;0;2;1;17;1;
8610;202200005702;803 842;A01;0;31;0;1;0;1;1;
8611;202200005703;803 840;A01;1;7;8;0;9;17;0;
8612;202200005706;803 831;B01;1;10;0;2;4;1;1;
8613;202200005706;803 832;C01;1;10;0;2;4;1;1;
8614;202200005706;803 836;D01;1;13;0;2;4;1;1;
8615;202200005706;803 838;E01;1;10;0;2;4;1;1;
8616;202200005706;803 841;F01;1;15;0;2;1;1;1;
8617;202200005706;803 844;A01;1;15;0;2;5;1;1;
8618;202200005708;803 827;A01;1;50;0;0;0;1;3;
8619;202200005709;803 828;A01;1;7;0;2;7;12;0;
8620;202200005709;803 829;B01;1;1;0;2;6;1;5;
8621;202200005710;803 825;A01;3;7;0;2;3;15;1;
8622;202200005710;803 830;B01;3;7;0;2;1;13;1;
8623;202200005711;803 822;A01;2;7;0;2;7;15;2;
8624;202200005711;803 824;B01;1;33;0;2;0;1;1;
8625;202200005712;803 821;A01;3;17;0;1;7;1;1;
8626;202200005713;803 820;A01;2;7;0;2;3;15;1;
8627;202200005713;803 823;B01;2;33;0;2;0;2;1;
8628;202200005714;803 818;A01;1;7;0;2;1;26;1;
8629;202200005714;803 819;B01;1;31;0;2;4;0;1;
8630;202200005715;803 815;A01;1;7;0;1;1;1;2;
8631;202200005716;803 813;A01;1;7;0;2;2;1;1;
8632;202200005716;803 816;B01;2;7;0;2;3;1;1;
8633;202200005717;803 814;A01;3;7;0;1;1;1;1;
8634;202200005718;803 812;Z01;1;30;0;1;2;1;0;
8635;202200005719;803 811;A01;2;7;0;1;2;1;1;
8636;202200005720;803 809;B01;2;7;0;2;5;15;1;
8637;202200005720;803 810;A01;2;31;0;2;1;1;3;
8638;202200005721;803 806;B01;1;33;0;2;0;0;1;
8639;202200005721;803 808;A01;1;50;0;2;1;1;3;
8640;202200005722;803 802;A01;2;7;0;2;1;2;1;
8641;202200005722;803 805;B01;2;7;0;2;4;2;1;
8642;202200005723;803 800;B01;1;1;0;2;1;1;5;
8643;202200005723;803 804;A01;1;10;0;2;2;16;3;
8644;202200005724;803 798;B01;2;7;0;2;1;0;1;
8645;202200005724;803 801;A01;2;7;0;2;4;0;1;
8646;202200005725;803 797;A01;3;1;0;0;0;26;5;
8647;202200005728;803 791;B01;1;33;0;2;3;1;1;
8648;202200005728;803 794;A01;1;7;0;2;5;4;1;
8649;202200005729;803 790;A01;2;7;0;2;4;1;1;
8650;202200005729;803 795;B01;2;13;1;2;1;2;1;
8651;202200005730;803 789;B01;1;33;0;2;8;23;1;
8652;202200005730;803 792;A01;1;7;0;2;7;2;1;
8653;202200005731;803 787;A01;1;7;8;0;1;1;1;
8654;202200005732;803 784;A01;3;14;0;1;2;16;1;
8655;202200005733;803 786;B01;2;50;0;2;1;3;3;
8656;202200005733;803 788;A01;1;7;0;2;8;15;1;
8657;202200005734;803 783;Z01;1;50;0;2;1;13;3;
8658;202200005734;803 785;A01;2;1;0;2;1;1;5;
8659;202200005735;803 781;B01;2;33;0;2;3;1;1;
8660;202200005735;803 782;A01;2;10;0;2;5;14;1;
8661;202200005736;803 780;A01;2;37;0;1;3;1;1;1.0
8662;202200005737;803 777;C01;1;7;0;2;4;23;1;
8663;202200005737;803 778;B01;1;7;0;2;1;23;1;
8664;202200005737;803 779;A01;1;7;0;2;1;1;1;
8665;202200005738;803 775;A01;3;7;0;1;1;24;1;
8666;202200005739;803 773;B01;1;33;0;2;7;16;1;
8667;202200005739;803 774;A01;1;7;0;2;2;16;1;
8668;202200005740;803 769;A01;3;7;0;2;2;9;1;
8669;202200005740;803 771;B01;3;2;0;2;4;9;1;
8670;202200005741;803 770;A01;1;32;0;2;1;1;0;
8671;202200005741;803 772;Z01;2;7;0;2;0;15;1;
8672;202200005742;803 776;A01;1;2;12;0;2;16;3;
8673;202200005743;803 766;B01;1;7;1;2;4;1;0;
8674;202200005743;803 767;A01;1;30;14;2;1;1;1;
8675;202200005744;803 763;A01;3;37;0;2;0;21;1;2.0
8676;202200005745;803 765;B01;2;7;0;2;3;1;0;
8677;202200005745;803 768;A01;1;7;0;2;5;0;0;
8678;202200005746;803 761;A01;1;10;0;1;1;1;1;
8679;202200005747;803 758;A01;1;30;0;0;1;2;1;
8680;202200005747;803 759;B01;1;7;0;2;4;1;1;
8681;202200005748;803 762;A01;3;10;0;2;5;23;1;
8682;202200005748;803 764;B01;3;1;1;0;1;1;5;
8683;202200005749;803 755;B01;3;33;0;2;2;17;1;
8684;202200005749;803 756;A01;3;7;0;2;0;13;1;
8685;202200005750;803 752;A01;1;33;0;2;0;21;1;
8686;202200005750;803 757;B01;0;33;0;0;0;16;-1;
8687;202200005751;803 751;A01;2;7;0;2;3;13;1;
8688;202200005751;803 754;B01;1;33;0;2;3;13;1;
8689;202200005752;803 753;A01;2;7;0;2;1;12;1;
8690;202200005752;803 760;B01;1;32;0;2;7;1;1;
8691;202200005753;803 746;A01;1;7;0;1;0;1;0;
8692;202200005754;803 747;B01;1;7;0;2;1;1;1;
8693;202200005754;803 749;A01;1;7;0;2;4;1;1;
8694;202200005755;803 740;B01;2;7;0;2;1;2;1;
8695;202200005755;803 743;A01;2;7;0;2;4;23;1;
8696;202200005756;803 738;A01;1;7;0;2;2;1;1;
8697;202200005756;803 742;B01;1;10;0;2;5;4;0;
8698;202200005757;803 741;C01;0;33;0;2;1;1;0;
8699;202200005757;803 744;B01;0;7;0;2;1;1;0;
8700;202200005757;803 745;A01;3;7;0;0;4;1;0;
8701;202200005758;803 737;A01;2;7;0;1;1;15;1;
8702;202200005759;803 733;B01;3;7;0;2;3;15;1;
8703;202200005759;803 734;A01;3;33;0;2;4;15;1;
8704;202200005760;803 729;A01;1;7;0;2;7;9;1;
8705;202200005760;803 732;B01;1;37;0;2;3;1;1;1.0
8706;202200005761;803 731;A01;3;1;16;0;0;1;5;
8707;202200005762;803 727;A01;1;33;1;0;1;13;1;
8708;202200005762;803 728;B01;1;7;0;2;1;24;1;
8709;202200005763;803 723;A01;2;7;0;1;1;16;1;
8710;202200005764;803 718;C01;0;7;0;2;4;1;1;
8711;202200005764;803 721;B01;0;7;0;2;4;1;1;
8712;202200005764;803 725;A01;0;7;0;2;1;2;1;
8713;202200005765;803 719;B01;2;7;1;2;6;2;2;
8714;202200005765;803 722;A01;0;7;0;2;2;9;1;
8715;202200005766;803 714;A01;1;30;0;1;1;9;0;
8716;202200005767;803 717;D01;1;10;0;2;4;23;1;
8717;202200005767;803 720;A01;1;7;0;2;1;1;1;
8718;202200005767;803 724;B01;1;7;0;2;4;1;1;
8719;202200005767;803 726;C01;1;7;0;2;4;1;1;
8720;202200005767;803 730;E01;1;7;0;2;4;1;1;
8721;202200005767;803 735;F01;1;7;0;2;4;0;1;
8722;202200005768;803 712;A01;3;7;0;2;2;19;0;
8723;202200005768;803 715;B01;3;34;15;0;1;19;6;
8724;202200005769;803 713;B01;1;7;0;2;7;2;1;
8725;202200005769;803 716;A01;1;7;0;2;1;2;1;
8726;202200005770;803 710;A01;1;3;0;1;3;1;0;
8727;202200005771;803 709;A01;1;7;1;1;1;1;1;
8728;202200005772;803 705;A01;3;7;14;2;1;2;1;
8729;202200005772;803 706;B01;3;7;0;2;3;0;1;
8730;202200005773;803 708;B01;2;7;0;2;3;1;1;
8731;202200005773;803 711;A01;2;7;0;2;1;15;1;
8732;202200005774;803 701;A01;3;7;0;2;8;0;1;
8733;202200005774;803 703;B01;1;2;0;2;1;1;1;
8734;202200005775;803 704;A01;1;33;9;0;3;26;1;
8735;202200005776;803 698;A01;1;7;0;2;5;15;1;
8736;202200005776;803 700;Z01;1;7;0;2;3;1;1;
8737;202200005777;803 699;A01;0;7;0;2;3;18;1;
8738;202200005777;803 702;B01;0;7;0;2;4;23;1;
8739;202200005777;803 707;C01;0;7;0;2;2;16;1;
8740;202200005778;803 696;A01;3;10;0;2;1;26;6;
8741;202200005779;803 697;A01;1;7;4;0;1;2;1;
8742;202200005780;803 693;A01;1;30;0;0;0;0;1;
8743;202200005782;803 692;A01;2;7;0;2;1;15;2;
8744;202200005782;803 695;B01;3;7;0;2;2;1;1;
8745;202200005783;803 689;B01;0;60;0;2;8;0;5;
8746;202200005783;803 691;A01;0;7;0;9;1;26;1;
8747;202200005784;803 687;C01;-1;0;-1;-1;-1;-1;-1;
8748;202200005784;803 690;B01;2;1;0;2;1;1;5;
8749;202200005785;803 688;A01;2;7;6;0;1;1;1;
8750;202200005786;803 686;A01;3;7;0;1;3;15;1;
8751;202200005788;803 682;A01;0;1;0;0;0;1;5;
8752;202200005791;803 680;A01;3;7;0;1;2;17;1;
8753;202200005792;803 675;D01;1;7;9;2;3;23;1;
8754;202200005792;803 677;B01;2;7;0;2;2;1;1;
8755;202200005792;803 678;A01;2;7;9;2;1;18;1;
8756;202200005793;803 674;A01;1;7;0;2;2;17;1;
8757;202200005793;803 676;B01;1;7;0;2;3;13;1;
8758;202200005794;803 673;A01;3;7;1;1;1;1;1;
8759;202200005796;803 670;A01;2;10;0;2;1;1;1;
8760;202200005796;803 671;B01;2;2;0;2;4;1;1;
8761;202200005797;803 669;A01;0;7;0;0;9;0;1;
8762;202200005798;803 665;A01;1;7;0;2;1;1;1;
8763;202200005798;803 668;B01;2;7;0;2;3;1;1;
8764;202200005799;803 667;A01;3;7;8;0;1;0;1;
8765;202200005800;803 664;A01;1;33;0;2;1;1;1;
8766;202200005800;803 666;B01;2;7;0;2;5;15;1;
8767;202200005801;803 662;A01;1;7;15;2;4;13;1;
8768;202200005801;803 663;B01;3;7;0;2;1;24;1;
8769;202200005802;803 661;A01;3;7;0;1;2;16;1;
8770;202200005803;803 660;A01;1;10;4;0;0;24;1;
8771;202200005804;803 655;B01;1;10;0;2;6;15;1;
8772;202200005804;803 657;A01;2;32;0;2;1;1;1;
8773;202200005805;803 654;B01;2;7;0;2;2;1;1;
8774;202200005805;803 658;A01;1;1;0;2;8;19;5;
8775;202200005806;803 652;B01;1;7;0;2;1;1;1;
8776;202200005806;803 656;A01;1;7;0;2;6;1;1;
8777;202200005807;803 653;B01;1;7;0;2;3;2;1;
8778;202200005807;803 659;A01;1;7;0;2;5;1;1;
8779;202200005808;803 648;A01;2;10;0;2;1;13;1;
8780;202200005808;803 650;B01;1;7;0;2;1;1;1;
8781;202200005809;803 646;B01;1;17;1;0;5;23;1;
8782;202200005809;803 649;A01;1;20;0;2;3;2;1;
8783;202200005810;803 645;C01;2;7;0;9;3;0;1;
8784;202200005810;803 647;B01;1;7;0;2;1;1;1;
8785;202200005810;803 651;A01;2;7;0;2;1;5;1;
8786;202200005811;803 642;A01;1;7;0;1;1;1;1;
8787;202200005812;803 644;A01;1;7;0;1;4;16;1;
8788;202200005814;803 635;B01;0;7;0;2;1;1;1;
8789;202200005814;803 637;A01;0;7;0;2;6;23;1;
8790;202200005815;803 631;A01;2;7;14;0;9;21;1;
8791;202200005816;803 630;B01;0;7;9;2;3;1;1;
8792;202200005816;803 633;A01;0;7;9;2;3;15;1;
8793;202200005817;803 629;B01;3;37;0;2;0;0;1;1.0
8794;202200005817;803 632;A01;1;3;0;2;8;16;1;
8795;202200005818;803 628;A01;2;31;6;0;1;1;1;
8796;202200005819;803 627;A01;1;7;0;1;3;9;1;
8797;202200005820;803 625;B01;1;33;0;2;7;0;1;
8798;202200005820;803 626;A01;1;31;0;2;8;26;1;
8799;202200005821;803 621;A01;1;7;0;2;1;1;0;
8800;202200005821;803 624;B01;1;34;0;2;7;17;1;
8801;202200005823;803 618;A01;1;7;0;1;8;1;1;
8802;202200005824;803 617;B01;2;7;0;2;1;1;1;
8803;202200005824;803 623;A01;1;7;0;2;7;19;1;
8804;202200005825;803 616;A01;3;7;0;2;1;1;1;
8805;202200005825;803 620;B01;3;7;0;2;1;1;1;
8806;202200005826;803 615;A01;1;2;12;0;1;14;1;
8807;202200005827;803 613;A01;2;31;0;2;1;17;1;
8808;202200005827;803 614;B01;2;7;0;2;3;15;1;
8809;202200005828;803 612;A01;1;7;4;0;2;26;1;
8810;202200005829;803 609;B01;1;7;0;2;1;1;1;
8811;202200005829;803 610;A01;1;99;3;0;4;1;1;
8812;202200005830;803 608;B01;2;7;0;2;4;23;1;
8813;202200005830;803 611;A01;2;7;0;2;1;2;1;
8814;202200005831;803 606;A01;1;33;15;0;0;0;0;
8815;202200005832;803 605;A01;1;7;1;2;9;2;1;
8816;202200005832;803 607;Z01;1;7;0;2;2;14;1;
8817;202200005834;803 602;A01;0;7;1;0;2;1;1;
8818;202200005835;803 601;B01;0;10;0;2;3;1;1;
8819;202200005835;803 603;A01;2;7;0;2;8;9;1;
8820;202200005836;803 599;A01;2;7;0;1;3;9;1;
8821;202200005837;803 598;B01;1;21;0;2;1;19;1;
8822;202200005837;803 600;A01;2;7;13;2;7;21;1;
8823;202200005838;803 594;B01;2;10;0;0;4;2;1;
8824;202200005838;803 596;A01;2;33;0;2;1;2;1;
8825;202200005839;803 595;A01;2;80;0;1;1;1;3;
8826;202200005840;803 593;B01;2;7;0;2;4;2;1;
8827;202200005840;803 597;A01;2;7;0;2;1;2;1;
8828;202200005841;803 591;A01;2;7;0;2;6;1;1;
8829;202200005841;803 592;B01;2;7;0;2;3;13;1;
8830;202200005842;803 590;A01;2;33;0;0;8;1;1;
8831;202200005843;803 588;A01;2;7;6;0;9;1;1;
8832;202200005844;803 584;A01;3;14;13;0;0;1;1;
8833;202200005845;803 585;B01;2;50;0;2;1;1;3;
8834;202200005845;803 586;A01;1;10;0;2;3;5;1;
8835;202200005847;803 581;B01;1;7;0;2;3;1;1;
8836;202200005847;803 583;A01;2;33;0;2;8;1;1;
8837;202200005849;803 576;A01;2;10;0;0;0;1;1;
8838;202200005850;803 574;A01;2;7;0;2;1;2;1;
8839;202200005850;803 577;B01;2;7;0;2;4;2;1;
8840;202200005851;803 571;B01;2;7;0;2;1;1;1;
8841;202200005851;803 575;A01;3;7;6;2;2;1;1;
8842;202200005852;803 569;B01;2;7;0;2;1;15;1;
8843;202200005852;803 572;A01;1;30;0;2;3;18;1;
8844;202200005853;803 570;B01;3;7;0;0;0;24;2;
8845;202200005853;803 573;A01;3;7;0;1;3;1;1;
8846;202200005854;803 567;B01;2;2;0;2;1;1;1;
8847;202200005854;803 568;A01;1;7;0;2;8;15;1;
8848;202200005855;803 565;A01;2;1;8;0;1;1;5;
8849;202200005856;803 566;A01;0;7;0;1;1;9;1;
8850;202200005858;803 561;A01;1;1;1;0;1;1;5;
8851;202200005858;803 563;B01;1;7;0;0;1;24;1;
8852;202200005859;803 558;A01;2;33;0;0;1;14;0;
8853;202200005860;803 560;A01;1;7;0;2;8;15;1;
8854;202200005860;803 562;B01;1;30;0;2;1;1;1;
8855;202200005861;803 559;A01;2;7;2;0;8;1;1;
8856;202200005862;803 557;A01;1;31;0;0;0;1;1;
8857;202200005863;803 555;A01;2;33;3;0;1;1;1;
8858;202200005864;803 554;A01;1;7;0;2;1;2;1;
8859;202200005864;803 556;B01;1;7;0;2;4;2;1;
8860;202200005865;803 551;B01;1;33;0;2;2;17;1;
8861;202200005865;803 553;A01;1;7;0;0;6;20;1;
8862;202200005866;803 548;A01;1;30;0;2;1;2;1;
8863;202200005866;803 550;B01;1;7;0;2;6;2;1;
8864;202200005867;803 547;A01;2;7;0;1;2;1;1;
8865;202200005868;803 545;A01;3;1;0;1;1;1;5;
8866;202200005869;803 543;A01;2;7;0;1;8;17;1;
8867;202200005870;803 542;A01;2;1;0;2;3;1;5;
8868;202200005870;803 544;B01;3;7;0;2;3;9;1;
8869;202200005871;803 541;A01;0;1;0;0;0;0;5;
8870;202200005872;803 546;C01;1;7;0;2;1;21;1;
8871;202200005872;803 549;B01;1;7;0;2;3;21;1;
8872;202200005872;803 552;A01;2;7;0;2;3;5;1;
8873;202200005873;803 539;A01;1;7;6;0;2;1;1;
8874;202200005874;803 538;A01;1;10;0;2;7;15;1;
8875;202200005874;803 540;B01;2;33;0;2;1;1;1;
8876;202200005875;803 537;A01;2;7;2;0;9;14;1;
8877;202200005876;803 535;A01;2;33;0;2;1;17;1;
8878;202200005876;803 536;B01;2;7;0;0;6;17;1;
8879;202200005877;803 533;B01;0;31;0;2;1;1;1;
8880;202200005877;803 534;A01;0;7;0;2;7;1;1;
8881;202200005878;803 529;A01;2;7;0;2;3;5;1;
8882;202200005878;803 530;B01;1;7;0;2;0;1;1;
8883;202200005878;803 532;C01;1;15;0;2;3;1;1;
8884;202200005879;803 531;A01;2;7;0;1;3;15;1;
8885;202200005880;803 528;A01;1;7;0;1;1;1;2;
8886;202200005881;803 527;A01;2;7;13;0;9;1;1;
8887;202200005882;803 524;B01;2;7;0;9;0;0;1;
8888;202200005882;803 526;A01;2;7;0;2;1;2;1;
8889;202200005883;803 523;A01;2;35;0;0;0;0;0;
8890;202200005884;803 525;A01;3;7;2;0;2;14;1;
8891;202200005885;803 522;A01;1;7;16;0;9;1;1;
8892;202200005887;803 519;B01;2;7;0;2;2;1;1;
8893;202200005887;803 521;A01;1;7;0;2;3;15;1;
8894;202200005888;803 518;A01;1;31;6;0;3;0;1;
8895;202200005889;803 517;A01;1;33;13;0;0;0;1;
8896;202200005890;803 515;A01;2;7;0;1;8;0;1;
8897;202200005891;803 514;A01;2;34;0;0;0;1;1;
8898;202200005892;803 513;A01;2;10;0;1;1;1;1;
8899;202200005893;803 511;A01;3;37;0;1;2;15;1;1.0
8900;202200005894;803 510;B01;2;10;0;2;3;1;1;
8901;202200005894;803 512;A01;1;7;0;2;3;13;1;
8902;202200005895;803 509;A01;2;2;14;0;1;0;1;
8903;202200005896;803 508;A01;1;7;0;1;5;1;1;
8904;202200005897;803 506;A01;2;7;15;0;3;0;1;
8905;202200005898;803 505;B01;2;7;0;2;4;1;1;
8906;202200005898;803 507;A01;2;7;0;2;1;1;1;
8907;202200005899;803 504;A01;1;7;0;1;3;1;1;
8908;202200005900;803 502;A01;1;7;0;2;1;2;1;
8909;202200005900;803 503;B01;1;7;0;2;4;2;1;
8910;202200005901;803 500;A01;2;7;15;1;1;1;1;
8911;202200005902;803 498;C01;2;17;0;0;4;23;1;
8912;202200005902;803 499;B01;2;10;1;0;1;1;1;
8913;202200005902;803 501;A01;2;7;0;0;8;21;1;
8914;202200005903;803 495;A01;1;7;0;2;1;1;1;
8915;202200005903;803 497;B01;2;7;0;2;1;1;1;
8916;202200005904;803 494;A01;1;33;0;2;5;2;1;
8917;202200005904;803 496;B01;1;33;0;2;3;21;1;
8918;202200005905;803 493;A01;2;7;16;0;1;14;1;
8919;202200005906;803 489;C01;1;7;0;2;0;1;1;
8920;202200005906;803 491;B01;1;7;0;2;3;1;1;
8921;202200005906;803 492;A01;1;7;0;2;1;5;1;
8922;202200005908;803 486;A01;1;7;0;1;1;26;1;
8923;202200005909;803 485;A01;1;7;2;0;9;1;2;
8924;202200005910;803 481;A01;2;7;8;0;8;15;1;
8925;202200005910;803 482;B01;2;33;0;2;2;17;1;
8926;202200005911;803 483;B01;2;1;2;2;1;13;5;
8927;202200005911;803 484;A01;1;7;0;2;2;1;1;
8928;202200005912;803 478;A01;3;10;3;2;3;0;1;
8929;202200005912;803 480;B01;3;7;0;2;3;0;1;
8930;202200005913;803 477;B01;1;7;1;0;8;26;1;
8931;202200005913;803 479;A01;2;7;0;2;1;1;1;
8932;202200005914;803 474;B01;1;32;0;2;1;1;1;
8933;202200005914;803 476;A01;3;7;0;0;8;19;1;
8934;202200005915;803 473;B01;3;33;0;2;1;1;1;
8935;202200005915;803 475;A01;3;7;0;2;3;5;1;
8936;202200005917;803 469;A01;1;7;0;2;4;23;1;
8937;202200005917;803 470;B01;1;7;0;2;1;1;1;
8938;202200005918;803 468;B01;1;2;0;2;8;1;1;
8939;202200005918;803 471;A01;2;7;0;2;1;15;1;
8940;202200005919;803 466;B01;3;50;0;2;1;26;3;
8941;202200005919;803 467;A01;0;15;0;2;7;26;1;
8942;202200005920;803 465;A01;2;7;0;1;1;15;0;
8943;202200005921;803 463;A01;2;7;0;2;7;15;1;
8944;202200005921;803 464;B01;1;2;0;2;1;1;1;
8945;202200005922;803 460;A01;1;7;13;0;4;16;0;
8946;202200005922;803 462;B01;1;10;0;0;1;1;0;
8947;202200005923;803 459;A01;2;31;0;2;1;13;1;
8948;202200005923;803 461;B01;1;7;0;2;1;1;1;
8949;202200005924;803 456;B01;2;7;0;2;3;1;1;
8950;202200005924;803 458;A01;1;2;0;2;1;26;1;
8951;202200005926;803 452;B01;2;33;0;0;1;2;1;
8952;202200005926;803 453;A01;2;7;0;0;4;23;1;
8953;202200005927;803 454;A01;2;7;0;1;5;20;1;
8954;202200005928;803 451;A01;2;33;13;0;1;1;1;
8955;202200005929;803 450;A01;1;31;0;0;3;1;1;
8956;202200005930;803 448;A01;3;21;15;0;9;1;1;
8957;202200005931;803 445;B01;1;16;0;2;7;12;1;
8958;202200005931;803 446;A01;1;7;0;2;8;1;1;
8959;202200005932;803 443;B01;1;7;0;2;1;2;1;
8960;202200005932;803 444;A01;1;7;0;2;4;1;1;
8961;202200005933;803 439;B01;1;30;0;2;1;1;0;
8962;202200005933;803 441;Z01;0;30;0;2;6;19;0;
8963;202200005934;803 436;B01;1;7;0;2;7;1;1;
8964;202200005934;803 437;A01;1;2;0;2;1;9;0;
8965;202200005935;803 435;Z01;2;7;0;2;1;2;1;
8966;202200005935;803 438;B01;2;7;0;2;6;1;1;
8967;202200005935;803 440;C01;2;7;0;2;7;1;1;
8968;202200005935;803 442;D01;2;7;0;2;7;1;1;
8969;202200005936;803 432;B01;2;10;0;2;5;1;1;
8970;202200005936;803 434;A01;2;7;4;2;1;14;1;
8971;202200005938;803 428;B01;0;31;0;2;0;0;1;