;Num_Acc;id_vehicule;num_veh;senc;catv;obs;obsm;choc;manv;motor;occutc
8972;202200005938;803 430;A01;1;7;0;2;0;11;1;
8973;202200005939;803 427;A01;0;30;0;2;1;1;1;
8974;202200005939;803 429;Z01;0;7;0;2;1;13;0;
8975;202200005942;803 422;A01;3;33;0;2;3;17;1;
8976;202200005942;803 423;B01;3;7;0;2;3;17;1;
8977;202200005944;803 419;A01;1;7;12;0;1;16;1;
8978;202200005945;803 417;B01;2;7;0;2;6;2;1;
8979;202200005945;803 418;A01;2;7;0;2;7;17;1;
8980;202200005946;803 416;A01;1;7;17;0;1;13;1;
8981;202200005947;803 415;A01;1;80;12;0;0;13;3;
8982;202200005948;803 414;A01;2;32;0;0;7;1;3;
8983;202200005949;803 412;B01;1;30;0;2;1;2;3;
8984;202200005949;803 413;A01;1;10;0;2;6;4;1;
8985;202200005950;803 411;A01;1;7;9;1;1;21;2;
8986;202200005952;803 407;B01;1;7;0;2;3;15;1;
8987;202200005952;803 408;A01;1;30;0;2;2;17;3;
8988;202200005954;803 404;A01;2;30;0;1;1;1;3;
8989;202200005955;803 402;B01;2;7;0;2;3;1;1;
8990;202200005955;803 403;A01;1;10;0;2;8;1;1;
8991;202200005956;803 401;A01;3;1;12;0;0;14;5;
8992;202200005957;803 399;A01;2;30;0;2;1;1;1;
8993;202200005957;803 400;B01;1;7;0;2;3;1;1;
8994;202200005958;803 397;Z01;1;7;0;2;3;13;2;
8995;202200005958;803 398;A01;1;30;0;2;2;1;3;
8996;202200005959;803 396;A01;1;1;0;2;0;1;5;
8997;202200005960;803 394;A01;1;15;0;2;7;1;1;
8998;202200005960;803 395;B01;1;7;0;2;6;23;1;
8999;202200005961;803 392;A01;3;7;0;9;0;0;1;
9000;202200005961;803 393;B01;3;33;0;2;2;0;1;
9001;202200005962;803 390;B01;3;10;0;9;3;1;1;
9002;202200005962;803 391;A01;3;99;0;2;2;1;3;
9003;202200005963;803 388;B01;0;7;0;2;3;1;2;
9004;202200005963;803 389;A01;0;30;0;2;1;15;1;
9005;202200005964;803 386;A01;2;7;0;2;4;1;1;
9006;202200005964;803 387;B01;2;0;0;2;0;0;-1;
9007;202200005965;803 384;B01;3;1;0;2;1;1;5;
9008;202200005965;803 385;A01;3;7;0;2;5;4;1;
9009;202200005966;803 382;A01;2;10;0;2;7;16;1;
9010;202200005966;803 383;B01;2;1;0;2;1;1;5;
9011;202200005968;803 379;A01;0;50;0;1;1;1;3;
9012;202200005969;803 377;A01;0;7;0;2;3;15;1;
9013;202200005969;803 378;B01;3;34;0;2;3;1;1;
9014;202200005971;803 373;B01;1;1;0;2;1;2;5;
9015;202200005971;803 374;A01;1;10;0;0;4;23;1;
9016;202200005972;803 372;A01;2;33;13;0;2;1;1;
9017;202200005973;803 371;A01;2;7;0;1;2;1;1;
9018;202200005974;803 370;A01;2;7;13;0;1;1;1;
9019;202200005975;803 367;A01;3;7;0;1;1;1;1;
9020;202200005976;803 368;B01;3;1;0;2;1;1;5;
9021;202200005976;803 369;A01;3;10;0;9;7;1;1;
9022;202200005977;803 364;B01;1;43;0;2;1;2;1;
9023;202200005977;803 366;A01;1;7;0;0;4;15;1;
9024;202200005979;803 361;B01;1;7;0;2;6;1;1;
9025;202200005979;803 362;A01;2;7;9;2;3;1;1;
9026;202200005980;803 357;A01;0;7;0;2;7;17;1;
9027;202200005980;803 359;B01;0;1;0;2;3;13;5;
9028;202200005981;803 358;B01;1;1;0;2;0;2;5;
9029;202200005981;803 360;A01;1;7;0;2;4;23;0;
9030;202200005982;803 354;A01;3;15;0;2;3;13;1;
9031;202200005982;803 356;B01;3;7;0;2;1;1;1;
9032;202200005983;803 353;B01;1;32;0;2;1;18;1;
9033;202200005983;803 355;A01;1;7;0;2;5;16;1;
9034;202200005984;803 351;B01;2;7;0;0;6;15;1;
9035;202200005984;803 352;A01;2;2;0;2;1;2;1;
9036;202200005985;803 349;B01;3;7;0;0;2;21;6;
9037;202200005985;803 350;A01;3;2;0;2;1;19;1;
9038;202200005986;803 345;A01;1;7;2;0;3;14;1;
9039;202200005987;803 344;A01;1;7;0;2;4;1;1;
9040;202200005987;803 346;B01;1;7;0;2;1;2;1;
9041;202200005987;803 347;C01;1;7;0;0;4;2;1;
9042;202200005987;803 348;D01;1;15;0;2;3;1;1;
9043;202200005988;803 341;A01;1;33;0;0;2;1;1;
9044;202200005988;803 343;B01;2;14;0;9;0;1;1;
9045;202200005989;803 340;A01;3;7;0;1;1;1;1;
9046;202200005990;803 338;A01;3;7;0;1;1;1;1;
9047;202200005991;803 337;A01;0;7;0;2;2;15;1;
9048;202200005991;803 339;B01;0;2;0;2;1;1;1;
9049;202200005992;803 336;A01;2;33;5;0;1;1;1;
9050;202200005993;803 333;A01;1;31;0;2;1;5;1;
9051;202200005993;803 335;B01;2;7;0;2;1;0;1;
9052;202200005994;803 331;A01;3;31;0;0;0;1;1;
9053;202200005995;803 328;B01;2;16;0;0;0;1;1;
9054;202200005995;803 330;A01;2;7;1;2;2;14;1;
9055;202200005996;803 327;B01;2;10;0;2;1;1;1;
9056;202200005996;803 329;A01;1;10;0;2;7;1;1;
9057;202200005997;803 325;A01;0;33;12;0;8;1;1;
9058;202200005998;803 324;B01;1;7;0;2;1;1;1;
9059;202200005998;803 326;A01;2;10;0;2;1;1;1;
9060;202200005999;803 322;A01;3;2;0;0;9;14;1;
9061;202200006000;803 321;A01;2;15;0;9;5;1;1;
9062;202200006000;803 323;B01;3;1;0;2;1;9;5;
9063;202200006001;803 318;B01;1;7;0;0;1;1;1;
9064;202200006001;803 320;A01;2;7;0;0;6;13;1;
9065;202200006002;803 317;B01;2;10;0;2;1;2;1;
9066;202200006002;803 319;A01;2;7;0;2;4;2;1;
9067;202200006003;803 316;A01;1;33;0;0;7;2;1;
9068;202200006004;803 314;A01;2;7;0;2;1;2;1;
9069;202200006004;803 315;B01;2;7;0;2;4;2;1;
9070;202200006005;803 312;A01;2;33;0;1;1;18;1;
9071;202200006006;803 310;A01;1;7;0;2;6;9;1;
9072;202200006006;803 311;B01;1;7;0;2;1;1;1;
9073;202200006006;803 313;C01;1;15;0;2;2;1;1;
9074;202200006007;803 309;A01;3;3;0;1;1;1;1;
9075;202200006008;803 307;A01;1;33;0;2;3;3;1;
9076;202200006008;803 308;Z01;1;10;0;2;0;0;0;
9077;202200006009;803 305;A01;2;10;0;1;1;1;1;
9078;202200006010;803 303;A01;1;7;0;2;1;1;1;
9079;202200006010;803 304;B01;1;7;0;0;0;0;1;
9080;202200006010;803 306;C01;1;7;0;0;0;0;1;
9081;202200006011;803 301;A01;1;7;0;0;9;1;1;
9082;202200006012;803 300;B01;2;7;0;2;3;1;1;
9083;202200006012;803 302;A01;1;7;0;2;7;15;1;
9084;202200006013;803 299;A01;1;7;0;9;1;1;1;
9085;202200006014;803 296;A01;1;31;0;2;3;3;1;
9086;202200006014;803 297;B01;1;7;0;2;5;12;1;
9087;202200006014;803 298;C01;1;10;0;2;0;1;1;
9088;202200006015;803 294;B01;2;7;0;0;2;17;1;
9089;202200006015;803 295;A01;2;7;0;2;3;13;1;
9090;202200006016;803 290;D01;1;7;0;0;6;1;1;
9091;202200006016;803 291;C01;1;7;0;0;6;1;1;
9092;202200006016;803 292;B01;1;7;0;0;1;1;1;
9093;202200006016;803 293;A01;1;7;0;2;1;11;1;
9094;202200006017;803 289;A01;2;7;2;0;1;1;0;
9095;202200006018;803 285;A01;1;33;0;2;8;3;1;
9096;202200006018;803 287;B01;1;17;0;2;7;2;1;
9097;202200006018;803 288;C01;1;7;0;2;6;1;1;
9098;202200006019;803 286;A01;1;7;13;0;1;1;1;
9099;202200006020;803 283;A01;1;7;2;0;1;13;1;
9100;202200006021;803 281;C01;1;7;0;2;1;1;1;
9101;202200006021;803 282;B01;1;7;0;2;6;1;1;
9102;202200006021;803 284;A01;1;7;0;2;2;1;1;
9103;202200006022;803 280;A01;2;10;8;0;3;13;1;
9104;202200006023;803 279;A01;1;7;3;0;2;14;1;
9105;202200006024;803 276;B01;2;10;0;2;4;2;1;
9106;202200006024;803 278;A01;2;10;0;2;1;2;1;
9107;202200006026;803 273;A01;1;15;0;2;2;1;1;
9108;202200006026;803 275;B01;1;7;0;2;8;11;1;
9109;202200006027;803 272;B01;1;7;0;2;1;1;1;
9110;202200006027;803 274;A01;2;7;0;2;3;13;1;
9111;202200006028;803 270;A01;2;7;0;2;8;11;1;
9112;202200006028;803 271;B01;2;33;0;2;7;3;1;
9113;202200006029;803 268;A01;1;7;0;2;1;5;1;
9114;202200006029;803 269;B01;2;37;4;2;3;1;6;1.0
9115;202200006030;803 267;A01;2;1;0;0;0;1;5;
9116;202200006031;803 264;B01;1;33;0;2;0;0;1;
9117;202200006031;803 266;A01;1;7;0;2;8;20;1;
9118;202200006033;803 262;A01;1;3;0;0;9;13;1;
9119;202200006035;803 258;A01;1;7;0;2;1;2;1;
9120;202200006035;803 260;B01;1;7;0;2;4;2;1;
9121;202200006035;803 261;C01;1;7;0;2;4;2;1;
9122;202200006036;803 255;A01;2;33;13;0;2;1;1;
9123;202200006037;803 254;B01;2;7;0;2;6;1;1;
9124;202200006037;803 256;A01;2;30;0;1;1;16;1;
9125;202200006038;803 252;B01;2;7;0;2;3;13;1;
9126;202200006038;803 253;A01;1;7;0;2;3;0;1;
9127;202200006039;803 250;A01;2;7;1;1;1;1;1;
9128;202200006040;803 247;B01;2;38;0;2;1;1;1;4.0
9129;202200006040;803 249;A01;1;7;0;2;1;13;1;
9130;202200006041;803 245;B01;0;33;0;2;7;17;1;
9131;202200006041;803 246;A01;0;7;0;2;3;10;1;
9132;202200006042;803 242;B01;2;10;0;2;1;19;1;
9133;202200006042;803 244;A01;1;7;3;2;1;1;1;
9134;202200006043;803 241;A01;1;33;0;2;0;0;1;
9135;202200006043;803 243;B01;0;7;0;2;0;0;1;
9136;202200006044;803 238;A01;1;7;7;0;0;0;1;
9137;202200006045;803 239;A01;1;7;13;2;1;2;1;
9138;202200006045;803 240;B01;1;7;0;0;6;2;1;
9139;202200006046;803 236;B01;2;2;0;2;2;1;1;
9140;202200006046;803 237;A01;1;7;0;2;2;1;1;
9141;202200006047;803 234;A01;1;10;0;2;1;2;1;
9142;202200006047;803 235;B01;1;7;3;2;4;2;1;
9143;202200006048;803 232;A01;3;7;0;2;0;15;1;
9144;202200006048;803 233;B01;3;2;0;2;1;17;1;
9145;202200006049;803 231;A01;2;7;2;0;5;17;1;
9146;202200006050;803 230;A01;2;7;0;1;1;1;1;
9147;202200006051;803 229;A01;1;10;0;1;1;19;1;
9148;202200006052;803 228;A01;1;1;0;1;1;1;5;
9149;202200006053;803 225;B01;1;33;0;2;1;1;1;
9150;202200006053;803 227;A01;1;7;0;0;6;1;3;
9151;202200006054;803 224;B01;1;7;0;2;8;0;1;
9152;202200006054;803 226;A01;2;7;0;2;1;1;2;
9153;202200006055;803 221;A01;3;7;0;2;1;1;1;
9154;202200006055;803 223;B01;3;7;0;2;7;26;1;
9155;202200006056;803 219;A01;1;7;0;2;1;1;1;
9156;202200006056;803 220;B01;1;7;0;2;4;23;1;
9157;202200006056;803 222;C01;1;7;0;0;4;23;1;
9158;202200006057;803 216;B01;3;10;0;2;1;0;1;
9159;202200006057;803 217;C01;3;10;0;2;4;0;1;
9160;202200006057;803 218;A01;3;7;0;2;1;2;1;
9161;202200006058;803 212;A01;3;7;0;9;1;1;1;
9162;202200006058;803 213;B01;3;50;0;2;8;19;3;
9163;202200006059;803 214;B01;2;33;0;0;1;1;1;
9164;202200006059;803 215;A01;1;7;0;0;7;15;1;
9165;202200006060;803 209;A01;2;7;0;2;1;1;1;
9166;202200006060;803 211;B01;2;10;0;2;6;1;1;
9167;202200006061;803 210;A01;1;7;16;0;0;21;1;
9168;202200006062;803 207;A01;2;33;0;2;3;18;1;
9169;202200006062;803 208;B01;1;15;0;2;2;16;1;
9170;202200006063;803 206;A01;2;7;0;1;3;1;1;
9171;202200006064;803 204;A01;2;7;2;0;2;1;1;
9172;202200006065;803 203;A01;0;7;0;2;2;19;1;
9173;202200006065;803 205;B01;0;7;0;2;8;1;1;
9174;202200006066;803 202;A01;2;7;13;0;2;26;1;
9175;202200006067;803 199;A01;1;7;0;2;1;9;1;
9176;202200006067;803 201;B01;1;7;0;2;5;1;1;
9177;202200006068;803 197;A01;1;7;0;1;1;15;1;
9178;202200006069;803 195;A01;0;7;0;2;1;2;1;
9179;202200006069;803 196;B01;0;99;0;9;4;1;0;
9180;202200006070;803 193;B01;1;7;0;2;3;1;0;
9181;202200006070;803 194;A01;2;7;0;2;3;5;1;
9182;202200006071;803 192;A01;1;7;15;0;1;14;1;
9183;202200006072;803 191;A01;2;7;0;1;3;1;1;
9184;202200006073;803 190;A01;2;7;3;0;1;1;1;
9185;202200006074;803 189;A01;2;7;0;1;3;15;1;
9186;202200006075;803 186;A01;2;7;0;2;1;2;1;
9187;202200006075;803 187;B01;2;7;0;2;4;2;1;
9188;202200006076;803 185;A01;3;7;0;1;2;1;1;
9189;202200006077;803 181;A01;2;7;0;2;1;1;1;
9190;202200006077;803 182;B01;1;7;0;2;4;1;1;
9191;202200006079;803 177;A01;2;2;0;2;6;9;1;
9192;202200006079;803 179;B01;2;2;0;2;6;1;1;
9193;202200006080;803 178;A01;2;7;4;0;3;1;1;
9194;202200006081;803 173;A01;1;7;0;2;1;1;1;
9195;202200006081;803 175;B01;1;7;0;2;4;1;1;
9196;202200006082;803 174;B01;1;50;0;2;1;1;3;
9197;202200006082;803 176;A01;1;7;0;2;6;15;1;
9198;202200006083;803 171;A01;2;7;0;1;2;1;1;
9199;202200006084;803 170;B01;1;7;0;2;5;2;1;
9200;202200006084;803 172;A01;1;43;0;2;1;3;1;
9201;202200006085;803 169;A01;3;7;0;1;1;1;0;
9202;202200006086;803 165;A01;2;39;0;1;1;1;3;
9203;202200006087;803 166;C01;2;15;0;2;8;1;1;
9204;202200006087;803 167;B01;2;7;0;2;5;1;1;
9205;202200006087;803 168;A01;2;33;0;2;8;3;1;
9206;202200006088;803 162;B01;3;7;0;2;8;15;1;
9207;202200006088;803 164;A01;3;33;0;2;1;1;1;
9208;202200006089;803 161;A01;2;7;0;2;1;1;1;
9209;202200006089;803 163;B01;2;7;0;2;4;1;2;
9210;202200006090;803 159;A01;0;7;0;1;6;1;1;
9211;202200006091;803 160;A01;1;7;4;0;8;13;1;
9212;202200006092;803 158;A01;1;7;0;1;1;1;1;
9213;202200006093;803 156;B01;1;7;0;2;4;2;1;
9214;202200006093;803 157;A01;1;7;0;2;1;2;1;
9215;202200006094;803 154;A01;1;10;0;2;2;1;1;
9216;202200006094;803 155;B01;1;31;0;2;2;1;1;
9217;202200006095;803 153;A01;1;7;0;2;9;1;1;
9218;202200006096;803 148;C01;3;7;0;2;1;1;1;
9219;202200006096;803 150;B01;3;7;0;2;3;1;1;
9220;202200006096;803 152;A01;3;7;0;2;1;13;1;
9221;202200006097;803 146;D01;2;7;0;2;4;1;1;
9222;202200006097;803 147;C01;2;7;0;2;4;1;1;
9223;202200006097;803 149;B01;2;10;0;2;4;1;1;
9224;202200006097;803 151;A01;2;14;0;2;1;1;1;
9225;202200006098;803 145;A01;0;50;0;9;1;1;3;
9226;202200006099;803 144;A01;1;7;0;9;3;2;1;
9227;202200006101;803 141;A01;1;7;0;2;2;2;1;
9228;202200006101;803 142;B01;1;1;0;2;4;2;5;
9229;202200006102;803 140;A01;1;32;1;0;5;1;1;
9230;202200006103;803 139;A01;1;33;0;0;1;11;1;
9231;202200006104;803 137;A01;1;7;0;2;9;16;1;
9232;202200006104;803 138;B01;1;7;0;2;9;1;1;
9233;202200006105;803 135;B01;1;7;0;2;0;23;0;
9234;202200006105;803 136;A01;1;7;0;2;1;1;0;
9235;202200006106;803 133;A01;1;7;0;2;8;19;1;
9236;202200006106;803 134;B01;0;30;0;2;7;1;1;
9237;202200006107;803 131;A01;2;10;0;9;1;15;1;
9238;202200006107;803 132;B01;2;50;0;9;1;15;3;
9239;202200006108;803 129;B01;2;7;0;2;3;15;1;
9240;202200006108;803 130;A01;2;7;1;2;2;1;1;
9241;202200006109;803 127;A01;2;7;0;1;2;0;1;
9242;202200006110;803 126;B01;1;7;1;2;7;22;1;
9243;202200006110;803 128;A01;1;60;1;2;1;26;5;
9244;202200006111;803 124;B01;0;7;0;2;1;1;1;
9245;202200006111;803 125;A01;0;7;8;2;1;1;1;
9246;202200006112;803 122;B01;2;50;0;2;0;0;3;
9247;202200006112;803 123;A01;1;7;0;2;1;15;1;
9248;202200006113;803 121;A01;0;7;0;1;2;15;1;
9249;202200006114;803 119;A01;3;1;0;2;4;17;5;
9250;202200006114;803 120;B01;3;80;0;2;1;17;3;
9251;202200006116;803 114;A01;2;7;0;2;1;2;1;
9252;202200006116;803 115;B01;2;7;0;2;4;15;1;
9253;202200006117;803 112;A01;1;7;6;0;3;1;1;
9254;202200006118;803 111;B01;2;7;0;2;4;2;1;
9255;202200006118;803 113;A01;2;7;0;2;1;2;1;
9256;202200006120;803 104;A01;2;7;0;2;1;13;1;
9257;202200006120;803 106;B01;1;10;0;2;1;1;1;
9258;202200006121;803 103;D01;1;7;0;2;4;23;1;
9259;202200006121;803 105;C01;1;7;0;2;4;23;1;
9260;202200006121;803 107;B01;1;7;0;2;4;23;1;
9261;202200006121;803 109;Z01;1;7;0;2;1;2;1;
9262;202200006122;803 101;B01;2;33;0;2;4;1;1;
9263;202200006122;803 102;A01;2;7;0;2;1;1;1;
9264;202200006123;803 099;A01;2;33;0;2;1;2;1;
9265;202200006123;803 100;B01;2;33;0;2;4;2;1;
9266;202200006124;803 098;A01;3;2;0;0;0;0;1;
9267;202200006125;803 094;A01;2;80;0;2;1;1;3;
9268;202200006125;803 097;B01;1;7;0;2;1;15;1;
9269;202200006126;803 093;B01;3;7;0;2;5;15;1;
9270;202200006126;803 095;C01;1;7;0;2;1;5;1;
9271;202200006126;803 096;A01;2;33;0;2;1;21;1;
9272;202200006127;803 091;A01;3;7;1;0;3;9;1;
9273;202200006128;803 092;A01;3;30;0;1;1;1;1;
9274;202200006129;803 090;A01;3;7;0;1;1;20;1;
9275;202200006130;803 088;A01;1;32;0;2;8;1;1;
9276;202200006130;803 089;Z01;1;7;0;2;3;15;0;
9277;202200006131;803 086;A01;3;33;0;2;1;15;1;
9278;202200006131;803 087;B01;3;33;0;2;1;1;1;
9279;202200006132;803 084;B01;2;30;0;2;2;1;3;
9280;202200006132;803 085;A01;1;7;0;2;2;15;2;
9281;202200006133;803 082;B01;1;2;0;2;1;2;1;
9282;202200006133;803 083;A01;1;7;0;2;3;15;1;
9283;202200006134;803 080;B01;2;1;0;2;8;1;5;
9284;202200006134;803 081;A01;1;7;0;2;1;15;1;
9285;202200006135;803 079;A01;2;30;0;0;7;15;1;
9286;202200006136;803 075;A01;0;7;0;2;8;9;1;
9287;202200006136;803 077;B01;1;50;0;2;1;1;3;
9288;202200006137;803 076;A01;2;7;0;2;3;10;1;
9289;202200006137;803 078;B01;2;33;0;2;1;17;1;
9290;202200006138;803 074;A01;1;7;2;0;9;1;1;
9291;202200006139;803 072;A01;2;43;0;2;1;1;1;
9292;202200006139;803 073;B01;2;30;0;2;7;16;1;
9293;202200006140;803 069;B01;2;7;0;2;8;1;1;
9294;202200006140;803 070;Z01;2;7;0;2;8;11;1;
9295;202200006140;803 071;A01;2;33;0;2;7;17;1;
9296;202200006141;803 065;A01;0;7;0;2;3;15;1;
9297;202200006141;803 067;B01;0;33;0;2;1;1;1;
9298;202200006142;803 066;B01;1;2;0;2;1;1;1;
9299;202200006142;803 068;A01;1;7;0;2;6;15;1;
9300;202200006144;803 062;A01;0;10;0;2;2;1;0;
9301;202200006144;803 063;B01;0;1;0;2;3;1;5;
9302;202200006145;803 060;A01;1;10;1;0;1;1;1;
9303;202200006148;803 055;B01;2;1;0;2;4;1;5;
9304;202200006148;803 056;A01;1;33;0;2;1;1;1;
9305;202200006149;803 052;A01;2;10;0;2;1;15;1;
9306;202200006149;803 054;B01;1;7;0;2;8;1;1;
9307;202200006150;803 051;A01;1;50;0;0;8;16;3;
9308;202200006151;803 049;A01;1;37;0;2;8;1;1;2.0
9309;202200006151;803 050;B01;1;7;0;2;0;17;0;
9310;202200006152;803 048;A01;2;7;0;1;2;1;1;
9311;202200006153;803 045;B01;1;10;0;2;1;1;1;
9312;202200006153;803 047;A01;2;7;0;2;7;1;1;
9313;202200006154;803 044;A01;1;32;0;2;1;1;3;
9314;202200006154;803 046;B01;1;2;0;2;4;23;3;
9315;202200006155;803 043;A01;3;7;6;0;1;1;1;
9316;202200006157;803 038;B01;1;31;0;2;1;1;1;
9317;202200006157;803 040;A01;2;7;0;2;3;13;1;
9318;202200006158;803 037;B01;2;50;0;2;8;1;3;
9319;202200006158;803 039;A01;2;10;0;2;7;16;1;
9320;202200006159;803 036;A01;1;32;0;0;8;1;1;
9321;202200006160;803 033;B01;2;7;0;2;6;24;2;
9322;202200006160;803 035;A01;2;30;0;2;1;18;3;
9323;202200006161;803 032;A01;1;7;0;2;7;13;1;
9324;202200006161;803 034;B01;2;32;0;2;1;1;1;
9325;202200006162;803 029;B01;2;7;0;2;3;15;1;
9326;202200006162;803 030;A01;2;32;0;2;1;17;1;
9327;202200006163;803 028;B01;2;7;0;2;3;1;1;
9328;202200006163;803 031;A01;1;7;0;2;3;1;1;
9329;202200006164;803 025;A01;2;37;0;2;5;1;2;1.0
9330;202200006164;803 027;B01;2;50;14;2;8;16;3;
9331;202200006166;803 023;A01;2;60;14;1;1;1;5;
9332;202200006167;803 022;A01;1;36;8;0;2;1;1;
9333;202200006168;803 020;A01;2;7;0;0;1;1;1;
9334;202200006169;803 019;B01;1;7;0;2;1;21;1;
9335;202200006169;803 021;A01;2;31;0;2;0;17;0;
9336;202200006170;803 018;A01;2;50;0;0;0;26;3;
9337;202200006171;803 014;D01;1;7;0;2;0;0;1;
9338;202200006171;803 015;C01;1;10;0;2;0;0;1;
9339;202200006171;803 016;B01;1;7;0;2;3;0;2;
9340;202200006171;803 017;A01;1;7;0;2;1;0;2;
9341;202200006172;803 012;B01;1;1;0;2;1;1;5;
9342;202200006172;803 013;A01;2;7;0;2;2;15;1;
9343;202200006173;803 010;B01;1;1;0;2;8;1;5;
9344;202200006173;803 011;A01;1;7;0;9;0;0;0;
9345;202200006174;803 007;B01;2;7;0;2;3;1;1;
9346;202200006174;803 009;A01;1;7;0;2;3;13;1;
9347;202200006175;803 006;B01;3;60;0;2;0;13;5;
9348;202200006175;803 008;A01;3;7;0;2;7;1;1;
9349;202200006177;803 001;B01;1;7;1;0;3;1;1;
9350;202200006177;803 002;A01;2;7;12;2;3;21;3;
9351;202200006178;802 999;B01;3;17;0;2;8;0;1;
9352;202200006178;803 000;A01;3;7;0;2;3;5;1;
9353;202200006180;802 995;A01;2;7;1;1;7;0;0;
9354;202200006181;802 994;B01;2;1;0;2;3;1;5;
9355;202200006181;802 996;A01;2;7;0;2;1;15;1;
9356;202200006182;802 993;A01;1;7;0;1;1;20;1;
9357;202200006183;802 990;C01;1;7;0;2;8;1;1;
9358;202200006183;802 991;B01;1;10;0;2;3;1;1;
9359;202200006183;802 992;A01;2;10;0;2;2;1;1;
9360;202200006184;802 989;A01;0;7;0;1;1;2;3;
9361;202200006185;802 987;A01;3;7;14;-1;1;1;1;
9362;202200006186;802 986;A01;-1;50;0;2;1;15;3;
9363;202200006186;802 988;B01;-1;7;0;9;3;0;0;
9364;202200006187;802 984;A01;2;17;0;2;3;26;1;
9365;202200006187;802 985;B01;1;17;0;2;3;1;1;
9366;202200006188;802 983;A01;0;7;5;0;1;1;0;
9367;202200006190;802 980;A01;1;7;0;2;7;13;1;
9368;202200006190;802 982;B01;2;10;0;2;1;1;1;
9369;202200006191;802 978;A01;1;7;0;1;1;1;1;
9370;202200006192;802 976;A01;1;7;0;1;2;1;1;
9371;202200006193;802 974;A01;1;7;0;2;3;24;1;
9372;202200006193;802 975;B01;0;1;0;0;0;0;5;
9373;202200006194;802 977;A01;0;7;0;0;9;0;2;
9374;202200006195;802 973;A01;1;33;0;0;7;1;1;
9375;202200006196;802 972;A01;1;37;0;1;2;16;0;1.0
9376;202200006197;802 971;A01;1;1;8;0;1;13;5;
9377;202200006198;802 969;A01;2;7;0;2;7;10;1;
9378;202200006198;802 970;B01;1;2;0;2;8;1;1;
9379;202200006199;802 968;A01;2;7;0;1;2;2;1;
9380;202200006200;802 964;A01;2;10;0;2;1;2;1;
9381;202200006200;802 967;B01;2;14;0;2;4;2;1;
9382;202200006203;802 959;D01;1;7;0;2;3;1;1;
9383;202200006203;802 960;B01;1;7;0;2;1;1;1;
9384;202200006203;802 965;A01;1;7;0;2;4;15;1;
9385;202200006203;802 966;C01;2;15;0;2;8;1;0;
9386;202200006204;802 958;A01;1;7;0;0;0;1;1;
9387;202200006205;802 956;A01;3;7;0;9;3;16;1;
9388;202200006205;802 957;B01;3;1;0;2;1;19;5;
9389;202200006206;802 955;A01;2;33;3;5;1;0;1;
9390;202200006208;802 950;A01;2;15;0;2;7;1;1;
9391;202200006208;802 951;B01;1;7;0;2;1;1;0;
9392;202200006209;802 949;A01;0;7;0;1;0;0;1;
9393;202200006210;802 948;A01;1;33;0;9;2;1;1;
9394;202200006211;802 946;A01;1;7;13;2;6;15;1;
9395;202200006211;802 947;B01;2;17;0;2;1;1;1;
9396;202200006212;802 945;A01;2;7;15;0;7;1;1;
9397;202200006213;802 943;B01;3;1;0;2;9;1;5;
9398;202200006213;802 944;A01;3;7;0;0;3;15;0;
9399;202200006214;802 942;A01;1;31;12;0;7;9;1;
9400;202200006215;802 940;B01;1;15;0;0;4;2;1;
9401;202200006215;802 941;A01;1;10;0;2;1;2;1;
9402;202200006216;802 939;A01;2;7;2;0;0;13;1;
9403;202200006217;802 938;A01;3;2;0;0;8;26;1;
9404;202200006218;802 937;A01;1;7;6;0;1;13;1;
9405;202200006219;802 936;A01;2;7;13;0;2;1;1;
9406;202200006220;802 934;A01;2;7;0;1;3;1;1;
9407;202200006221;802 933;B01;3;10;0;2;3;1;1;
9408;202200006221;802 935;A01;3;7;13;2;3;1;1;
9409;202200006222;802 932;A01;2;7;3;0;0;1;1;
9410;202200006223;802 931;A01;3;7;14;0;3;2;1;
9411;202200006224;802 928;B01;2;10;0;0;6;2;1;
9412;202200006224;802 930;A01;2;33;3;2;2;17;1;
9413;202200006225;802 927;B01;1;7;0;2;1;1;1;
9414;202200006225;802 929;A01;2;7;0;2;7;1;1;
9415;202200006226;802 925;A01;1;7;0;2;1;2;1;
9416;202200006226;802 926;B01;1;7;0;0;4;1;1;
9417;202200006228;802 923;A01;2;7;0;6;8;1;1;
9418;202200006229;802 921;A01;2;7;13;0;1;1;1;
9419;202200006230;802 920;A01;1;7;4;0;1;0;1;
9420;202200006230;802 922;B01;1;7;0;2;2;0;1;
9421;202200006231;802 919;A01;3;2;6;0;1;1;1;
9422;202200006233;802 916;B01;2;7;0;2;2;1;1;
9423;202200006233;802 917;A01;2;7;0;2;3;15;1;
9424;202200006234;802 913;C01;1;7;0;2;2;15;1;
9425;202200006234;802 914;B01;2;7;0;2;2;1;1;
9426;202200006234;802 915;A01;1;2;0;2;1;17;1;
9427;202200006235;802 911;A01;2;7;0;0;0;9;1;
9428;202200006235;802 912;B01;1;33;0;0;0;1;1;
9429;202200006236;802 910;A01;2;10;0;1;2;2;1;
9430;202200006237;802 909;A01;2;7;2;0;1;13;1;
9431;202200006238;802 908;A01;2;10;0;1;2;1;1;
9432;202200006239;802 905;C01;0;1;0;0;0;26;5;
9433;202200006239;802 906;B01;0;1;0;0;4;1;5;
9434;202200006239;802 907;A01;0;7;0;9;3;26;1;
9435;202200006240;802 903;A01;2;7;0;2;3;1;1;
9436;202200006240;802 904;B01;1;80;0;2;1;1;3;
9437;202200006241;802 902;A01;1;7;2;0;7;1;1;
9438;202200006242;802 901;A01;1;2;13;0;7;1;1;
9439;202200006244;802 897;A01;2;33;0;2;1;1;1;
9440;202200006244;802 898;B01;1;7;0;2;2;15;1;
9441;202200006245;802 895;B01;3;7;0;2;1;1;1;