;Num_Acc;id_vehicule;num_veh;senc;catv;obs;obsm;choc;manv;motor;occutc
10375;202200006861;801 777;A01;1;7;0;2;2;2;1;
10376;202200006863;801 772;A01;3;7;2;0;1;1;1;
10377;202200006865;801 770;A01;1;30;0;2;7;5;1;
10378;202200006866;801 768;B01;2;7;0;2;3;2;1;
10379;202200006866;801 769;Z01;2;10;0;0;0;0;0;
10380;202200006867;801 767;A01;2;7;0;1;2;1;1;
10381;202200006868;801 765;B01;2;14;0;2;1;1;1;
10382;202200006868;801 766;A01;2;13;0;2;4;2;1;
10383;202200006869;801 762;B01;2;1;0;2;0;0;5;
10384;202200006869;801 764;A01;2;15;0;9;7;1;1;
10385;202200006870;801 761;A01;2;7;0;2;4;1;1;
10386;202200006870;801 763;B01;2;7;0;2;1;1;1;
10387;202200006871;801 758;B01;3;1;0;2;1;25;5;
10388;202200006871;801 760;A01;3;7;0;2;1;1;1;
10389;202200006872;801 756;A01;1;15;0;2;1;1;1;
10390;202200006872;801 757;B01;1;7;0;2;4;1;1;
10391;202200006872;801 759;C01;1;7;0;0;4;1;1;
10392;202200006873;801 754;A01;2;33;0;0;8;1;1;
10393;202200006874;801 755;A01;2;7;0;1;1;1;1;
10394;202200006875;801 753;A01;0;7;0;1;1;0;0;
10395;202200006876;801 752;A01;1;7;0;1;2;1;1;
10396;202200006878;801 750;A01;2;7;0;1;3;1;1;
10397;202200006879;801 749;Z01;1;7;0;1;1;1;1;
10398;202200006880;801 748;A01;1;7;0;1;2;16;1;
10399;202200006881;801 746;A01;1;0;0;2;0;0;0;
10400;202200006881;801 747;B01;1;1;0;2;0;1;5;
10401;202200006882;801 745;A01;1;1;0;0;8;1;5;
10402;202200006883;801 743;A01;1;7;0;2;7;15;1;
10403;202200006883;801 744;B01;2;99;14;2;1;1;1;
10404;202200006884;801 741;B01;2;7;0;2;4;1;1;
10405;202200006884;801 742;A01;2;10;0;2;3;2;1;
10406;202200006885;801 739;A01;2;0;0;0;1;26;3;
10407;202200006886;801 738;A01;2;7;0;2;4;13;1;
10408;202200006886;801 740;B01;1;7;0;2;1;1;1;
10409;202200006887;801 737;A01;2;7;12;0;9;1;1;
10410;202200006888;801 734;A01;1;7;0;2;8;1;1;
10411;202200006888;801 736;B01;1;7;0;2;1;17;1;
10412;202200006889;801 731;C01;1;7;8;2;1;1;1;
10413;202200006889;801 732;D01;1;7;2;2;6;1;1;
10414;202200006889;801 733;A01;1;7;0;2;2;18;1;
10415;202200006889;801 735;B01;1;7;2;2;9;1;1;
10416;202200006890;801 730;A01;1;7;0;1;1;1;1;
10417;202200006892;801 728;A01;1;10;0;1;1;1;1;
10418;202200006893;801 727;A01;1;33;0;0;0;1;1;
10419;202200006894;801 726;A01;0;10;0;1;1;1;1;
10420;202200006895;801 725;A01;0;7;0;1;1;15;1;
10421;202200006896;801 723;Z01;2;7;0;1;1;1;0;
10422;202200006897;801 722;A01;3;7;0;2;1;9;1;
10423;202200006897;801 724;B01;3;1;0;2;2;1;5;
10424;202200006898;801 718;A01;0;33;0;2;1;1;1;
10425;202200006898;801 721;B01;1;7;0;2;3;15;1;
10426;202200006899;801 715;A01;0;7;0;1;3;1;2;
10427;202200006900;801 714;A01;1;7;0;2;1;1;1;
10428;202200006900;801 716;B01;1;7;0;2;8;15;1;
10429;202200006901;801 711;B01;1;2;0;2;1;1;1;
10430;202200006901;801 713;A01;2;7;0;2;5;15;1;
10431;202200006902;801 710;B01;3;33;0;2;4;9;1;
10432;202200006902;801 712;A01;3;7;0;2;1;1;1;
10433;202200006903;801 708;Z01;2;7;0;1;1;2;1;
10434;202200006904;801 707;A01;0;7;0;2;8;15;1;
10435;202200006904;801 709;B01;0;2;0;2;1;1;1;
10436;202200006905;801 705;A01;1;7;4;0;3;13;1;
10437;202200006906;801 704;A01;0;2;0;2;1;1;1;
10438;202200006906;801 706;B01;0;7;0;2;4;1;1;
10439;202200006907;801 702;A01;2;10;0;2;2;1;1;
10440;202200006907;801 703;B01;2;1;0;2;8;19;5;
10441;202200006908;801 698;A01;3;7;0;2;1;1;1;
10442;202200006908;801 700;B01;3;7;0;2;4;1;1;
10443;202200006908;801 701;C01;3;7;0;2;4;1;1;
10444;202200006909;801 697;A01;2;7;0;2;2;1;1;
10445;202200006909;801 699;B01;1;7;0;2;1;9;1;
10446;202200006910;801 696;A01;1;7;3;0;1;1;1;
10447;202200006911;801 694;Z01;2;7;0;2;1;5;1;
10448;202200006911;801 695;A01;1;7;0;2;1;1;1;
10449;202200006912;801 690;A01;1;10;0;2;1;1;1;
10450;202200006912;801 692;B01;1;14;0;2;4;26;1;
10451;202200006912;801 693;C01;1;10;0;2;1;1;1;
10452;202200006913;801 689;B01;3;50;0;2;1;1;3;
10453;202200006913;801 691;A01;3;7;0;2;1;9;1;
10454;202200006914;801 687;B01;0;7;0;2;2;9;1;
10455;202200006914;801 688;A01;2;50;0;2;1;25;3;
10456;202200006915;801 686;A01;3;31;10;0;8;1;1;
10457;202200006916;801 683;A01;3;10;0;2;1;2;1;
10458;202200006916;801 685;B01;3;7;0;2;4;2;1;
10459;202200006918;801 679;A01;2;7;2;0;1;1;1;
10460;202200006919;801 675;A01;1;1;0;2;1;19;5;
10461;202200006919;801 677;B01;2;7;0;2;2;1;1;
10462;202200006921;801 673;A01;3;7;12;2;3;1;1;
10463;202200006922;801 670;B01;3;7;0;2;4;1;1;
10464;202200006922;801 672;A01;3;7;0;2;1;1;1;
10465;202200006923;801 671;A01;3;7;0;1;2;1;1;
10466;202200006924;801 666;A01;3;7;0;2;7;16;1;
10467;202200006924;801 668;B01;3;80;0;2;8;1;3;
10468;202200006925;801 667;B01;0;2;0;2;1;1;1;
10469;202200006925;801 669;A01;2;7;0;2;2;15;1;
10470;202200006926;801 663;A01;1;7;0;2;0;1;1;
10471;202200006926;801 665;B01;3;50;0;2;0;19;3;
10472;202200006927;801 662;A01;1;30;0;2;3;9;1;
10473;202200006927;801 664;B01;2;7;0;2;1;1;1;
10474;202200006928;801 660;A01;3;7;0;9;1;26;1;
10475;202200006928;801 661;B01;3;50;0;2;1;1;3;
10476;202200006929;801 658;B01;1;32;0;2;7;1;1;
10477;202200006929;801 659;A01;2;7;0;2;3;1;1;
10478;202200006930;801 657;A01;0;7;1;0;1;26;1;
10479;202200006931;801 656;A01;2;7;1;0;7;14;1;
10480;202200006932;801 653;B01;3;32;16;2;8;1;1;
10481;202200006932;801 655;A01;3;7;16;2;1;16;1;
10482;202200006933;801 652;B01;1;10;0;2;3;9;1;
10483;202200006933;801 654;A01;1;32;0;2;1;3;1;
10484;202200006934;801 650;A01;2;7;8;0;1;1;1;
10485;202200006935;801 649;A01;1;33;0;2;8;15;1;
10486;202200006935;801 651;B01;1;7;0;2;2;1;1;
10487;202200006936;801 648;A01;0;33;12;0;1;14;1;
10488;202200006937;801 644;B01;0;30;0;0;0;0;0;
10489;202200006937;801 646;A01;0;7;0;2;6;4;1;
10490;202200006938;801 645;B01;2;7;0;2;1;1;1;
10491;202200006938;801 647;A01;1;2;0;2;0;1;3;
10492;202200006939;801 642;A01;1;7;0;2;3;15;1;
10493;202200006939;801 643;B01;2;7;0;2;3;1;1;
10494;202200006940;801 640;A01;1;7;0;2;1;16;1;
10495;202200006940;801 641;B01;2;80;0;2;1;1;3;
10496;202200006941;801 638;A01;2;7;0;2;1;15;1;
10497;202200006941;801 639;B01;1;1;0;2;1;1;5;
10498;202200006942;801 636;A01;2;37;0;2;7;15;1;1.0
10499;202200006942;801 637;B01;1;50;0;2;1;1;3;
10500;202200006943;801 634;B01;2;7;0;2;5;16;1;
10501;202200006943;801 635;A01;2;50;0;2;1;1;3;
10502;202200006944;801 629;A01;0;2;0;2;1;1;1;
10503;202200006944;801 631;B01;0;7;0;2;5;1;1;
10504;202200006945;801 628;A01;1;7;0;2;1;1;1;
10505;202200006945;801 630;B01;1;7;0;2;4;1;1;
10506;202200006945;801 632;C01;1;7;0;2;4;1;1;
10507;202200006945;801 633;D01;1;7;0;2;4;1;1;
10508;202200006947;801 624;C01;0;7;0;2;1;0;2;
10509;202200006947;801 625;B01;0;30;0;2;2;0;1;
10510;202200006947;801 627;A01;0;7;0;2;1;0;1;
10511;202200006948;801 620;B01;0;30;0;2;4;1;1;
10512;202200006948;801 621;A01;0;7;0;2;1;1;1;
10513;202200006949;801 622;B01;1;7;0;2;1;19;1;
10514;202200006949;801 623;A01;2;7;0;2;1;15;1;
10515;202200006950;801 618;A01;1;7;0;2;3;11;1;
10516;202200006950;801 619;B01;2;13;0;2;2;1;0;
10517;202200006951;801 616;A01;1;7;0;2;5;15;1;
10518;202200006951;801 617;B01;1;33;0;2;1;1;1;
10519;202200006952;801 614;B01;1;7;0;2;3;9;1;
10520;202200006952;801 615;A01;1;7;0;2;7;9;1;
10521;202200006953;801 613;A01;3;10;0;1;1;1;1;
10522;202200006954;801 610;A01;1;7;9;2;6;2;1;
10523;202200006954;801 611;B01;1;7;0;2;0;0;1;
10524;202200006954;801 612;C01;1;7;0;2;1;2;1;
10525;202200006955;801 608;B01;2;1;0;2;1;1;5;
10526;202200006955;801 609;A01;2;7;0;2;7;16;1;
10527;202200006956;801 607;A01;2;7;0;1;3;15;1;
10528;202200006957;801 606;A01;0;10;0;1;2;1;3;
10529;202200006958;801 604;A01;1;7;0;2;1;1;1;
10530;202200006958;801 605;B01;1;7;0;2;5;1;1;
10531;202200006959;801 601;A01;1;7;0;2;8;1;1;
10532;202200006959;801 603;B01;3;7;0;2;1;1;1;
10533;202200006961;801 597;B01;3;1;0;2;8;26;5;
10534;202200006961;801 599;A01;1;7;0;2;1;2;1;
10535;202200006962;801 596;A01;1;7;0;2;7;15;1;
10536;202200006962;801 598;B01;2;7;0;2;1;1;1;
10537;202200006964;801 593;B01;3;7;0;2;2;15;1;
10538;202200006964;801 594;A01;2;50;0;2;1;0;3;
10539;202200006965;801 592;A01;1;7;0;1;2;15;1;
10540;202200006966;801 591;A01;1;31;0;1;4;1;1;
10541;202200006967;801 590;A01;1;7;0;1;0;1;1;
10542;202200006968;801 588;B01;3;10;0;2;4;2;1;
10543;202200006968;801 589;A01;3;7;0;2;1;2;1;
10544;202200006969;801 586;B01;1;7;0;9;8;1;1;
10545;202200006969;801 587;A01;1;1;0;2;1;1;5;
10546;202200006970;801 583;A01;1;10;0;2;8;9;1;
10547;202200006970;801 584;B01;1;33;0;2;8;9;1;
10548;202200006971;801 582;B01;1;33;0;0;0;0;1;
10549;202200006971;801 585;A01;1;7;0;0;3;1;1;
10550;202200006972;801 579;A01;3;1;0;2;6;19;5;
10551;202200006972;801 580;B01;3;7;0;2;2;1;1;
10552;202200006972;801 581;C01;3;7;0;2;1;1;1;
10553;202200006973;801 577;A01;0;7;0;2;3;9;0;
10554;202200006973;801 578;B01;2;7;0;2;1;1;0;
10555;202200006975;801 572;A01;1;7;0;2;7;1;1;
10556;202200006975;801 574;B01;1;1;0;2;3;26;5;
10557;202200006977;801 569;A01;1;7;0;2;2;1;1;
10558;202200006977;801 570;B01;1;99;0;2;1;1;1;
10559;202200006978;801 567;B01;1;33;0;2;8;3;1;
10560;202200006978;801 568;A01;1;10;0;2;2;17;1;
10561;202200006979;801 566;A01;1;7;0;1;1;1;3;
10562;202200006980;801 565;A01;2;7;13;0;2;1;1;
10563;202200006983;801 560;A01;2;7;0;2;6;9;1;
10564;202200006983;801 561;B01;2;1;0;2;2;2;5;
10565;202200006984;801 559;A01;1;7;0;1;1;1;1;
10566;202200006985;801 558;A01;1;2;15;0;0;26;3;
10567;202200006986;801 554;B01;2;33;0;2;1;17;1;
10568;202200006986;801 555;A01;2;7;0;2;8;9;1;
10569;202200006987;801 556;B01;3;7;0;2;1;15;1;
10570;202200006987;801 557;A01;3;7;0;2;0;0;1;
10571;202200006988;801 552;B01;3;33;0;2;2;1;1;
10572;202200006988;801 553;Z01;3;7;0;2;3;1;0;
10573;202200006989;801 548;B01;1;1;0;0;4;1;5;
10574;202200006989;801 549;A01;1;7;0;2;1;26;0;
10575;202200006990;801 550;A01;3;7;0;9;0;0;1;
10576;202200006990;801 551;B01;3;1;0;2;0;0;5;
10577;202200006992;801 544;B01;1;7;0;2;1;1;1;
10578;202200006992;801 545;A01;3;7;0;2;1;21;1;
10579;202200006993;801 541;A01;1;7;11;1;1;14;1;
10580;202200006994;801 535;B01;3;1;3;2;7;2;5;
10581;202200006994;801 539;A01;1;7;3;2;1;13;1;
10582;202200006995;801 536;A01;2;7;0;2;3;15;1;
10583;202200006995;801 538;B01;2;32;0;2;2;17;1;
10584;202200006996;801 534;A01;1;7;0;2;3;16;1;
10585;202200006996;801 537;B01;2;1;0;2;1;1;5;
10586;202200006997;801 533;A01;3;30;0;0;0;0;1;
10587;202200006998;801 531;B01;2;32;0;2;1;17;1;
10588;202200006998;801 532;A01;2;7;0;2;3;15;2;
10589;202200006999;801 528;A01;3;7;2;0;1;1;1;
10590;202200007000;801 527;A01;2;7;0;2;1;2;1;
10591;202200007000;801 529;B01;2;10;0;2;4;23;1;
10592;202200007000;801 530;C01;2;7;0;2;4;23;1;
10593;202200007001;801 524;A01;3;2;0;2;1;1;1;
10594;202200007001;801 526;B01;3;7;0;2;6;20;1;
10595;202200007002;801 521;A01;2;10;0;2;6;1;0;
10596;202200007002;801 522;B01;2;32;0;2;1;1;1;
10597;202200007003;801 517;A01;2;7;14;0;4;2;1;
10598;202200007003;801 519;B01;2;7;14;0;1;2;1;
10599;202200007003;801 520;C01;2;7;14;0;1;2;1;
10600;202200007004;801 518;A01;1;7;6;0;1;14;1;
10601;202200007005;801 515;A01;2;7;2;0;1;1;1;
10602;202200007006;801 514;A01;1;2;1;1;1;17;1;
10603;202200007007;801 510;A01;1;43;0;2;3;3;1;
10604;202200007007;801 511;B01;1;7;0;2;2;2;1;
10605;202200007007;801 513;C01;1;7;0;2;4;2;1;
10606;202200007008;801 509;C01;2;7;0;0;4;1;1;
10607;202200007008;801 512;B01;2;7;0;2;4;23;1;
10608;202200007008;801 516;A01;2;7;0;2;1;2;1;
10609;202200007009;801 505;A01;0;30;0;2;1;1;1;
10610;202200007009;801 507;B01;0;7;0;2;1;1;1;
10611;202200007010;801 504;B01;1;7;0;2;3;1;1;
10612;202200007010;801 508;A01;1;33;0;2;2;3;1;
10613;202200007011;801 503;A01;2;1;0;2;1;1;5;
10614;202200007011;801 506;Z01;2;13;0;2;3;22;0;
10615;202200007012;801 501;A01;2;7;0;1;1;1;1;
10616;202200007013;801 499;A01;2;7;0;2;3;10;1;
10617;202200007013;801 502;B01;2;2;0;2;2;1;1;
10618;202200007014;801 497;A01;1;33;0;2;1;1;1;
10619;202200007014;801 498;B01;1;7;0;2;4;14;2;
10620;202200007014;801 500;C01;1;43;0;2;1;3;1;
10621;202200007015;801 495;A01;2;10;0;1;1;10;1;
10622;202200007017;801 494;A01;1;7;4;0;2;1;1;
10623;202200007018;801 491;A01;3;30;0;0;1;13;1;
10624;202200007019;801 492;A01;1;33;0;2;8;1;1;
10625;202200007019;801 493;Z01;3;7;0;2;0;1;0;
10626;202200007020;801 487;A01;1;10;0;2;3;15;1;
10627;202200007020;801 490;B01;3;50;0;2;3;1;3;
10628;202200007021;801 488;B01;2;7;0;2;3;15;1;
10629;202200007021;801 489;A01;2;30;0;2;2;17;1;
10630;202200007022;801 483;A01;1;7;0;2;2;15;1;
10631;202200007022;801 485;B01;1;33;0;2;1;1;3;
10632;202200007023;801 482;B01;1;7;0;2;1;1;1;
10633;202200007023;801 484;C01;1;7;0;2;4;1;1;
10634;202200007023;801 486;A01;1;30;0;2;0;1;1;
10635;202200007024;801 480;A01;2;7;0;0;6;15;1;
10636;202200007024;801 481;B01;2;50;0;2;1;17;3;
10637;202200007025;801 478;B01;2;34;0;2;8;1;1;
10638;202200007025;801 479;A01;2;7;0;2;7;12;2;
10639;202200007026;801 476;B01;2;2;0;2;1;1;1;
10640;202200007026;801 477;A01;1;31;0;2;1;13;1;
10641;202200007027;801 474;B01;1;50;0;2;1;1;3;
10642;202200007027;801 475;A01;1;7;0;2;2;16;1;
10643;202200007028;801 472;A01;2;13;0;2;5;4;6;
10644;202200007028;801 473;B01;2;2;0;2;8;23;6;
10645;202200007029;801 468;B01;1;1;0;0;7;0;5;
10646;202200007029;801 469;A01;1;10;2;0;3;15;0;
10647;202200007030;801 470;A01;2;33;0;2;8;5;1;
10648;202200007030;801 471;B01;1;80;0;2;1;1;3;
10649;202200007031;801 465;B01;1;30;0;2;1;1;3;
10650;202200007031;801 467;A01;2;7;0;2;7;1;1;
10651;202200007032;801 464;B01;2;31;0;2;1;0;1;
10652;202200007032;801 466;A01;1;10;9;2;1;26;1;
10653;202200007034;801 462;A01;2;7;0;1;2;1;1;
10654;202200007036;801 458;B01;2;7;0;2;2;14;1;
10655;202200007036;801 459;A01;1;1;0;2;2;1;5;
10656;202200007038;801 456;A01;2;50;0;0;1;1;3;
10657;202200007039;801 454;A01;1;10;0;9;3;11;1;
10658;202200007039;801 455;B01;1;1;0;9;4;11;5;
10659;202200007040;801 451;B01;2;7;0;2;5;2;1;
10660;202200007040;801 453;A01;2;1;0;2;8;2;5;
10661;202200007041;801 450;B01;2;33;0;2;8;1;1;
10662;202200007041;801 452;A01;1;7;0;2;3;15;1;
10663;202200007042;801 448;A01;2;32;0;2;8;1;1;
10664;202200007042;801 449;B01;2;7;0;2;7;16;2;
10665;202200007043;801 446;A01;1;7;0;2;3;20;2;
10666;202200007043;801 447;B01;1;43;0;2;2;2;1;
10667;202200007044;801 445;A01;2;7;0;1;3;15;0;
10668;202200007045;801 442;A01;1;7;0;2;2;1;1;
10669;202200007045;801 444;B01;1;7;0;2;3;1;1;
10670;202200007046;801 439;A01;1;7;0;2;5;1;1;
10671;202200007046;801 441;B01;1;33;0;2;1;1;1;
10672;202200007047;801 440;A01;1;10;0;2;5;1;1;
10673;202200007047;801 443;B01;1;1;0;2;3;1;5;
10674;202200007048;801 437;B01;2;7;0;2;8;15;1;
10675;202200007048;801 438;A01;1;30;0;0;0;0;1;
10676;202200007049;801 434;A01;1;43;0;2;1;17;1;
10677;202200007049;801 435;B01;1;7;0;2;3;15;1;
10678;202200007050;801 433;B01;1;33;0;2;1;1;1;
10679;202200007050;801 436;A01;1;7;0;2;1;17;1;
10680;202200007051;801 431;B01;3;7;0;2;5;2;1;
10681;202200007051;801 432;A01;2;7;0;2;1;2;1;
10682;202200007053;801 428;A01;1;3;0;1;2;1;1;
10683;202200007054;801 429;A01;2;7;0;1;1;15;1;
10684;202200007055;801 426;A01;0;7;0;2;3;1;1;
10685;202200007055;801 427;B01;0;10;0;2;3;5;1;
10686;202200007056;801 422;B01;1;33;0;2;0;1;0;
10687;202200007056;801 424;A01;3;7;0;2;0;9;1;
10688;202200007057;801 423;A01;2;7;0;2;6;19;1;
10689;202200007057;801 425;B01;1;34;0;2;1;1;1;
10690;202200007058;801 421;A01;2;7;1;1;1;26;1;
10691;202200007059;801 419;B01;1;1;0;9;7;1;5;
10692;202200007059;801 420;A01;1;1;0;9;8;1;5;
10693;202200007060;801 418;A01;3;7;0;1;1;1;0;
10694;202200007061;801 416;A01;2;7;0;2;8;9;1;
10695;202200007061;801 417;B01;2;32;0;2;1;1;1;
10696;202200007062;801 415;A01;3;7;0;1;2;9;1;
10697;202200007063;801 412;A01;2;32;0;2;3;1;1;
10698;202200007063;801 414;B01;2;13;0;2;7;1;1;
10699;202200007064;801 410;A01;1;10;0;1;1;1;1;
10700;202200007065;801 411;A01;2;36;13;0;2;1;1;
10701;202200007066;801 408;A01;0;7;0;0;7;16;1;
10702;202200007066;801 409;B01;1;50;0;0;1;19;3;
10703;202200007067;801 407;A01;2;7;0;2;0;1;1;
10704;202200007068;801 406;A01;1;7;13;0;1;13;1;
10705;202200007070;801 399;B01;1;7;0;2;1;1;1;
10706;202200007070;801 400;A01;2;7;0;2;1;13;1;
10707;202200007071;801 397;E01;1;7;0;2;1;1;1;
10708;202200007071;801 398;D01;1;7;0;2;1;1;1;
10709;202200007071;801 401;C01;1;3;0;2;1;1;0;
10710;202200007071;801 402;B01;1;7;0;2;4;1;3;
10711;202200007071;801 404;A01;1;7;0;2;4;1;1;
10712;202200007072;801 392;A01;3;31;0;2;1;2;1;
10713;202200007072;801 393;B01;0;7;0;0;6;2;1;
10714;202200007073;801 388;B01;2;7;0;2;1;1;1;
10715;202200007073;801 390;A01;1;7;0;2;1;13;1;
10716;202200007074;801 389;C01;1;7;0;2;4;2;1;
10717;202200007074;801 391;B01;1;7;0;2;4;2;1;
10718;202200007074;801 394;A01;1;10;0;2;1;1;1;
10719;202200007075;801 387;A01;1;14;0;1;3;15;1;
10720;202200007077;801 383;A01;1;10;0;2;4;1;1;
10721;202200007077;801 386;B01;1;7;0;2;1;1;1;
10722;202200007078;801 382;A01;1;7;2;0;3;13;1;
10723;202200007079;801 379;A01;2;7;13;0;2;14;1;
10724;202200007080;801 378;B01;1;7;0;0;4;1;1;
10725;202200007080;801 380;A01;1;7;0;2;1;0;1;
10726;202200007081;801 376;A01;3;2;14;0;1;1;1;
10727;202200007083;801 370;A01;2;2;0;2;1;5;1;
10728;202200007083;801 372;B01;1;2;0;2;1;1;1;
10729;202200007084;801 371;B01;2;7;0;2;8;10;1;
10730;202200007084;801 373;A01;2;33;0;2;1;17;1;
10731;202200007085;801 367;A01;2;7;4;0;9;1;1;
10732;202200007086;801 366;A01;1;7;4;0;1;1;1;
10733;202200007087;801 364;A01;2;7;0;2;1;1;1;
10734;202200007087;801 365;B01;2;7;0;2;4;1;1;
10735;202200007087;801 368;C01;2;7;0;2;4;1;1;
10736;202200007087;801 369;D01;2;7;0;0;4;1;1;
10737;202200007088;801 362;A01;2;7;4;0;2;1;1;
10738;202200007089;801 360;C01;1;10;0;2;1;1;1;
10739;202200007089;801 361;B01;1;10;0;2;4;1;1;
10740;202200007089;801 363;A01;1;7;0;0;5;1;3;
10741;202200007090;801 357;A01;2;7;0;2;1;1;1;
10742;202200007090;801 359;B01;2;7;0;2;4;23;1;
10743;202200007091;801 355;B01;2;1;0;0;7;1;5;
10744;202200007091;801 356;A01;2;7;0;2;1;9;1;
10745;202200007092;801 354;A01;1;7;0;2;1;1;3;
10746;202200007092;801 358;B01;2;7;0;2;2;13;1;
10747;202200007093;801 353;A01;2;7;2;0;9;14;1;
10748;202200007094;801 352;A01;1;7;3;0;2;14;1;
10749;202200007095;801 350;B01;0;1;0;2;1;1;5;
10750;202200007095;801 351;A01;3;7;0;2;8;9;1;
10751;202200007096;801 348;A01;1;7;4;0;9;26;1;
10752;202200007097;801 340;A01;1;7;17;0;1;0;1;
10753;202200007098;801 341;B01;1;7;0;2;4;1;1;
10754;202200007098;801 343;A01;1;7;0;2;1;1;1;
10755;202200007099;801 339;B01;1;7;0;2;6;1;1;
10756;202200007099;801 342;A01;1;32;0;2;7;0;1;
10757;202200007100;801 337;A01;1;7;4;0;2;14;1;
10758;202200007101;801 336;A01;0;7;0;0;0;0;1;
10759;202200007102;801 335;A01;3;7;0;2;2;1;1;
10760;202200007102;801 338;B01;2;1;0;2;1;1;5;
10761;202200007103;801 333;A01;1;7;0;1;2;1;1;
10762;202200007104;801 332;B01;2;2;0;2;1;1;1;
10763;202200007104;801 334;A01;3;1;0;2;3;19;5;
10764;202200007105;801 329;A01;2;7;0;2;1;2;1;
10765;202200007105;801 331;B01;2;7;0;2;4;2;1;
10766;202200007106;801 328;B01;2;30;0;2;8;1;1;
10767;202200007106;801 330;A01;1;7;0;2;3;13;1;
10768;202200007107;801 327;A01;1;7;0;1;3;1;1;
10769;202200007108;801 322;A01;2;7;0;2;3;0;1;
10770;202200007108;801 325;B01;2;16;0;2;2;0;1;
10771;202200007109;801 320;D01;2;7;0;2;0;1;1;
10772;202200007109;801 321;C01;1;7;0;0;4;23;1;
10773;202200007109;801 324;B01;1;7;0;2;4;23;1;
10774;202200007109;801 326;A01;1;7;0;2;1;1;1;
10775;202200007110;801 323;A01;1;1;0;0;0;1;5;
10776;202200007111;801 319;A01;3;7;13;0;7;1;1;
10777;202200007112;801 317;A01;2;33;0;0;0;1;1;
10778;202200007113;801 316;A01;2;7;0;2;1;5;1;
10779;202200007113;801 318;B01;2;2;0;2;1;1;1;
10780;202200007114;801 315;A01;1;7;4;0;9;15;1;
10781;202200007115;801 313;A01;2;43;0;0;5;1;1;
10782;202200007115;801 314;B01;2;7;0;2;3;16;1;
10783;202200007118;801 304;B01;3;1;0;2;3;3;5;
10784;202200007118;801 307;A01;3;1;0;2;3;1;5;
10785;202200007119;801 303;A01;1;7;0;2;6;1;1;
10786;202200007119;801 305;B01;1;7;0;2;9;1;1;
10787;202200007119;801 310;C01;1;7;0;2;9;1;1;
10788;202200007119;801 312;D01;1;99;0;2;1;1;0;
10789;202200007120;801 302;A01;1;7;0;1;2;1;3;
10790;202200007121;801 301;A01;1;7;4;0;3;13;1;
10791;202200007122;801 299;A01;2;7;4;0;1;13;1;
10792;202200007123;801 297;A01;2;7;0;2;1;1;1;
10793;202200007123;801 300;B01;2;7;0;2;4;1;1;
10794;202200007124;801 296;B01;2;1;0;2;1;13;5;
10795;202200007124;801 298;A01;1;7;0;2;1;1;1;
10796;202200007125;801 292;B01;2;43;0;2;3;3;1;
10797;202200007125;801 294;A01;1;7;0;2;7;2;1;
10798;202200007126;801 293;B01;2;7;0;2;3;17;1;
10799;202200007126;801 295;A01;1;33;0;0;8;1;1;
10800;202200007127;801 288;B01;1;7;0;2;0;0;1;
10801;202200007127;801 291;A01;1;7;0;2;0;0;1;
10802;202200007128;801 289;A01;0;7;0;0;6;0;1;
10803;202200007128;801 290;B01;0;32;0;2;1;0;1;
10804;202200007129;801 285;B01;1;1;0;0;7;1;5;
10805;202200007129;801 287;A01;1;7;0;9;1;0;1;
10806;202200007130;801 282;A01;1;10;0;2;4;2;1;
10807;202200007130;801 284;B01;1;10;0;2;1;2;1;
10808;202200007130;801 286;C01;1;7;0;2;1;2;1;
10809;202200007131;801 280;A01;1;33;0;6;1;1;1;
10810;202200007132;801 278;A01;2;10;0;2;1;2;1;
10811;202200007132;801 281;B01;2;10;0;2;4;2;1;
10812;202200007132;801 283;C01;2;7;0;2;1;2;1;
10813;202200007133;801 275;A01;2;7;0;2;8;15;1;
10814;202200007133;801 279;B01;1;33;0;2;8;1;1;
10815;202200007134;801 273;B01;1;7;0;2;4;1;1;
10816;202200007134;801 276;A01;1;7;0;2;1;1;1;
10817;202200007135;801 272;C01;1;7;0;2;1;2;1;
10818;202200007135;801 274;A01;1;10;0;2;1;2;1;
10819;202200007135;801 277;B01;1;7;0;2;1;2;1;
10820;202200007137;801 268;B01;0;7;0;0;6;2;1;
10821;202200007137;801 270;A01;0;31;0;2;1;2;1;
10822;202200007138;801 264;A01;2;33;0;2;3;1;1;
10823;202200007138;801 266;B01;1;7;0;2;2;15;0;
10824;202200007139;801 263;A01;1;7;13;0;9;14;1;
10825;202200007140;801 262;B01;2;7;0;2;5;12;2;
10826;202200007140;801 267;A01;2;33;0;2;1;3;1;
10827;202200007141;801 261;A01;1;7;0;1;1;15;1;
10828;202200007142;801 257;A01;1;7;0;2;1;2;1;
10829;202200007142;801 260;B01;1;7;0;2;4;2;1;
10830;202200007143;801 255;A01;1;10;0;9;1;9;1;
10831;202200007143;801 259;B01;2;1;0;2;2;9;5;
10832;202200007144;801 254;A01;2;7;0;2;1;2;1;
10833;202200007144;801 256;B01;2;7;0;2;4;2;1;
10834;202200007144;801 258;C01;2;7;0;2;4;2;1;
10835;202200007145;801 253;A01;2;7;0;1;3;15;1;
10836;202200007147;801 249;A01;1;7;0;2;6;1;1;
10837;202200007147;801 252;B01;1;33;0;2;7;12;1;