;Num_Acc;id_vehicule;num_veh;senc;catv;obs;obsm;choc;manv;motor;occutc
10838;202200007148;801 248;B01;1;10;0;0;0;0;1;
10839;202200007148;801 251;A01;1;10;0;2;1;2;1;
10840;202200007149;801 247;A01;0;7;0;1;1;1;1;
10841;202200007151;801 245;A01;1;30;0;2;4;1;0;
10842;202200007153;801 238;A01;1;7;0;1;2;9;1;
10843;202200007154;801 239;B01;2;7;0;2;6;2;1;
10844;202200007154;801 240;A01;2;7;0;2;1;2;1;
10845;202200007155;801 236;A01;1;7;0;2;1;12;1;
10846;202200007155;801 241;B01;1;7;0;2;6;1;1;
10847;202200007156;801 235;A01;2;7;0;2;8;10;1;
10848;202200007156;801 237;B01;2;2;0;2;1;3;1;
10849;202200007157;801 233;A01;1;7;0;1;0;7;0;
10850;202200007158;801 232;A01;1;10;3;0;9;14;1;
10851;202200007159;801 229;B01;1;7;0;2;1;2;1;
10852;202200007159;801 231;A01;1;7;0;2;1;2;1;
10853;202200007159;801 234;C01;1;7;0;2;1;2;1;
10854;202200007160;801 228;B01;2;31;0;2;7;17;1;
10855;202200007160;801 230;A01;2;7;0;2;3;1;1;
10856;202200007161;801 224;A01;2;33;0;2;1;3;1;
10857;202200007161;801 227;B01;2;7;0;2;4;11;1;
10858;202200007162;801 222;A01;1;7;0;2;8;15;1;
10859;202200007162;801 226;B01;1;32;0;2;1;7;1;
10860;202200007163;801 223;B01;2;33;3;2;4;1;0;
10861;202200007163;801 225;Z01;2;0;0;2;0;0;0;
10862;202200007164;801 221;A01;1;7;0;1;3;1;1;
10863;202200007165;801 219;A01;3;1;0;0;1;14;5;
10864;202200007166;801 216;A01;2;7;0;2;4;12;1;
10865;202200007166;801 218;B01;2;33;0;2;1;3;1;
10866;202200007167;801 217;B01;3;7;0;2;2;1;1;
10867;202200007167;801 220;A01;3;33;0;2;6;15;1;
10868;202200007168;801 214;A01;1;7;0;2;8;19;1;
10869;202200007168;801 215;B01;1;7;8;2;2;1;1;
10870;202200007169;801 210;A01;1;7;12;0;3;1;1;
10871;202200007170;801 212;B01;2;7;0;2;4;23;2;
10872;202200007170;801 213;A01;2;3;1;2;1;2;1;
10873;202200007172;801 203;A01;2;32;0;2;0;21;1;
10874;202200007172;801 206;B01;1;34;0;2;3;1;1;
10875;202200007173;801 202;A01;1;7;0;2;1;1;1;
10876;202200007173;801 205;B01;1;7;4;0;4;1;1;
10877;202200007173;801 207;C01;1;7;4;0;3;1;1;
10878;202200007174;801 200;B01;1;7;0;2;1;1;1;
10879;202200007174;801 204;A01;2;50;0;2;7;15;3;
10880;202200007175;801 198;B01;1;33;0;2;1;2;1;
10881;202200007175;801 201;A01;1;7;0;2;4;1;2;
10882;202200007176;801 197;B01;1;50;0;2;1;1;3;
10883;202200007176;801 199;A01;2;10;0;2;3;16;1;
10884;202200007177;801 190;C01;2;7;4;2;1;2;2;
10885;202200007177;801 194;B01;2;7;0;2;4;2;1;
10886;202200007177;801 196;A01;2;7;0;2;4;2;1;
10887;202200007178;801 188;B01;3;7;0;2;2;15;1;
10888;202200007178;801 191;A01;3;31;0;2;2;1;1;
10889;202200007179;801 187;A01;2;7;0;2;1;2;1;
10890;202200007179;801 192;B01;2;7;0;2;4;23;1;
10891;202200007180;801 186;A01;1;7;0;2;1;2;1;
10892;202200007180;801 189;B01;1;7;0;2;4;2;1;
10893;202200007180;801 193;C01;1;7;0;2;4;2;1;
10894;202200007180;801 195;D01;1;10;0;2;4;2;1;
10895;202200007181;801 184;B01;3;10;0;2;1;1;1;
10896;202200007181;801 185;A01;3;7;0;2;1;13;1;
10897;202200007182;801 183;A01;3;32;12;0;0;14;1;
10898;202200007183;801 180;A01;1;10;0;2;6;13;1;
10899;202200007183;801 181;B01;1;7;0;2;2;1;1;
10900;202200007184;801 179;A01;3;7;0;2;3;1;1;
10901;202200007184;801 182;B01;3;7;12;2;6;15;1;
10902;202200007185;801 178;A01;1;2;0;0;1;0;1;
10903;202200007186;801 177;A01;1;1;0;1;1;1;5;
10904;202200007187;801 172;A01;0;7;0;1;4;20;1;
10905;202200007188;801 171;B01;2;33;0;2;1;1;1;
10906;202200007188;801 175;A01;1;7;0;2;2;15;1;
10907;202200007189;801 169;A01;1;33;0;2;1;2;1;
10908;202200007189;801 173;B01;1;7;0;2;4;2;2;
10909;202200007189;801 176;C01;1;7;0;2;4;23;1;
10910;202200007190;801 167;A01;3;14;0;2;3;15;1;
10911;202200007190;801 168;B01;3;33;0;2;2;13;1;
10912;202200007191;801 166;A01;1;7;0;2;2;1;1;
10913;202200007191;801 170;B01;1;7;0;2;5;1;1;
10914;202200007191;801 174;C01;1;7;0;2;1;2;1;
10915;202200007192;801 163;B01;2;7;0;2;2;1;1;
10916;202200007192;801 165;A01;2;37;0;2;1;1;1;1.0
10917;202200007193;801 159;B01;3;2;0;2;1;1;0;
10918;202200007193;801 162;A01;3;7;0;2;2;15;1;
10919;202200007194;801 157;A01;1;33;0;2;1;2;1;
10920;202200007194;801 161;B01;1;10;0;2;4;2;1;
10921;202200007194;801 164;C01;1;7;0;2;4;1;1;
10922;202200007195;801 156;A01;1;2;12;0;7;14;1;
10923;202200007197;801 153;B01;2;30;0;2;6;11;1;
10924;202200007197;801 154;A01;1;7;0;2;2;14;1;
10925;202200007198;801 149;A01;2;7;0;2;1;9;2;
10926;202200007198;801 150;B01;1;7;0;2;7;1;1;
10927;202200007199;801 147;A01;1;7;1;1;7;1;1;
10928;202200007200;801 145;B01;2;7;0;2;5;2;1;
10929;202200007200;801 152;A01;2;7;0;2;1;2;1;
10930;202200007201;801 144;A01;3;33;0;9;0;0;1;
10931;202200007203;801 136;A01;3;7;0;2;1;1;1;
10932;202200007203;801 139;B01;3;7;0;2;8;1;1;
10933;202200007205;801 135;C01;1;14;0;2;3;1;1;
10934;202200007205;801 138;B01;1;7;0;2;5;12;1;
10935;202200007205;801 140;A01;1;33;0;2;1;3;1;
10936;202200007206;801 133;G01;2;7;14;0;0;0;1;
10937;202200007206;801 137;F01;2;10;14;0;0;0;0;
10938;202200007206;801 142;E01;0;7;14;0;0;0;1;
10939;202200007206;801 143;D01;2;10;0;0;0;2;1;
10940;202200007206;801 146;C01;2;7;14;0;0;2;1;
10941;202200007206;801 148;B01;2;7;14;0;0;2;1;
10942;202200007206;801 151;A01;2;10;0;0;0;1;1;
10943;202200007207;801 132;A01;1;7;0;1;2;0;2;
10944;202200007208;801 128;A01;2;7;0;2;5;12;1;
10945;202200007208;801 130;B01;2;31;0;2;8;3;1;
10946;202200007209;801 126;A01;1;7;2;0;1;1;1;
10947;202200007210;801 127;A01;3;7;0;2;2;9;1;
10948;202200007210;801 131;B01;3;7;0;2;8;16;1;
10949;202200007211;801 125;A01;2;7;0;2;4;1;1;
10950;202200007211;801 129;Z01;2;0;0;2;0;0;0;
10951;202200007212;801 124;A01;2;2;0;0;2;1;1;
10952;202200007213;801 121;A01;2;10;3;0;2;14;1;
10953;202200007214;801 120;B01;3;33;0;2;1;1;1;
10954;202200007214;801 122;A01;3;7;0;2;3;15;1;
10955;202200007215;801 119;A01;1;7;0;2;4;2;1;
10956;202200007215;801 123;B01;1;7;0;2;1;2;1;
10957;202200007217;801 115;B01;1;10;0;2;6;1;1;
10958;202200007217;801 117;A01;1;7;0;2;1;14;1;
10959;202200007218;801 113;B01;1;7;0;2;2;15;1;
10960;202200007218;801 114;A01;1;7;12;2;1;2;1;
10961;202200007219;801 110;B01;2;7;0;2;1;14;1;
10962;202200007219;801 111;A01;2;7;3;0;4;1;1;
10963;202200007220;801 109;A01;1;7;0;2;1;1;1;
10964;202200007220;801 112;B01;1;7;0;2;4;1;1;
10965;202200007221;801 106;A01;1;7;10;0;1;16;1;
10966;202200007222;801 103;A01;1;10;0;2;1;2;1;
10967;202200007222;801 105;B01;1;7;0;2;4;2;1;
10968;202200007222;801 107;C01;1;15;0;2;6;2;1;
10969;202200007223;801 101;A01;1;7;1;0;1;1;1;
10970;202200007223;801 104;B01;1;10;0;0;4;24;-1;
10971;202200007224;801 100;B01;3;2;0;2;1;1;1;
10972;202200007224;801 102;A01;3;7;0;2;5;9;1;
10973;202200007225;801 099;A01;1;7;6;0;3;1;1;
10974;202200007226;801 098;A01;1;7;0;1;2;1;1;
10975;202200007228;801 095;A01;1;1;0;2;1;1;5;
10976;202200007228;801 097;B01;1;7;0;2;1;1;0;
10977;202200007229;801 092;A01;2;7;0;1;3;15;2;
10978;202200007230;801 091;B01;3;7;0;2;8;9;1;
10979;202200007230;801 093;A01;1;7;0;2;2;1;1;
10980;202200007231;801 090;A01;3;7;1;1;2;1;1;
10981;202200007232;801 089;A01;1;10;0;1;1;1;1;
10982;202200007233;801 088;A01;1;33;12;0;0;21;1;
10983;202200007234;801 085;A01;1;7;0;1;1;9;1;
10984;202200007235;801 084;A01;1;7;0;2;1;13;1;
10985;202200007235;801 087;B01;2;7;0;2;2;1;1;
10986;202200007236;801 083;A01;2;10;0;2;1;15;1;
10987;202200007236;801 086;B01;1;30;0;2;1;1;1;
10988;202200007237;801 080;A01;3;7;0;1;1;1;1;
10989;202200007238;801 079;B01;1;33;0;2;1;1;1;
10990;202200007238;801 081;A01;1;7;0;2;3;15;1;
10991;202200007239;801 077;B01;1;7;0;2;3;21;1;
10992;202200007239;801 082;A01;2;7;0;2;3;13;1;
10993;202200007240;801 075;B01;1;7;0;2;6;1;1;
10994;202200007240;801 078;A01;1;7;0;2;0;17;1;
10995;202200007241;801 074;A01;2;7;16;0;0;1;1;
10996;202200007243;801 070;B01;2;7;0;2;3;1;1;
10997;202200007243;801 072;A01;1;7;1;2;3;13;1;
10998;202200007244;801 067;A01;1;7;0;2;3;10;1;
10999;202200007244;801 069;B01;1;33;0;2;7;2;1;
11000;202200007245;801 068;A01;1;7;2;0;3;14;1;
11001;202200007246;801 066;A01;2;7;13;0;2;26;1;
11002;202200007247;801 065;A01;1;40;0;1;2;1;3;
11003;202200007248;801 064;A01;3;7;2;0;1;1;1;
11004;202200007249;801 062;A01;1;7;13;0;3;26;1;
11005;202200007251;801 060;A01;1;33;0;5;1;1;1;
11006;202200007252;801 059;B01;2;17;0;2;1;1;1;
11007;202200007252;801 061;A01;1;7;0;2;1;13;1;
11008;202200007253;801 058;A01;3;31;9;0;2;14;1;
11009;202200007254;801 056;B01;1;17;0;2;8;1;1;
11010;202200007254;801 057;A01;2;32;0;2;3;16;1;
11011;202200007256;801 053;A01;1;7;13;0;2;1;1;
11012;202200007257;801 052;A01;1;1;0;2;4;15;5;
11013;202200007257;801 055;Z01;1;32;0;2;0;2;0;
11014;202200007258;801 051;A01;1;7;2;0;1;1;1;
11015;202200007259;801 049;A01;2;7;6;0;1;1;1;
11016;202200007260;801 048;A01;1;7;4;0;3;1;1;
11017;202200007261;801 047;Z01;2;7;0;2;8;17;1;
11018;202200007261;801 050;B01;2;7;0;2;6;15;1;
11019;202200007262;801 045;A01;1;7;9;0;1;1;1;
11020;202200007263;801 044;A01;3;7;0;2;5;1;1;
11021;202200007263;801 046;B01;3;7;0;2;1;9;1;
11022;202200007264;801 042;A01;1;7;0;1;3;15;1;
11023;202200007265;801 041;A01;2;7;13;0;1;13;1;
11024;202200007266;801 039;B01;1;7;0;2;1;1;1;
11025;202200007266;801 043;A01;1;7;0;2;7;15;1;
11026;202200007267;801 038;B01;1;2;0;2;1;1;1;
11027;202200007267;801 040;A01;2;7;0;2;3;17;1;
11028;202200007268;801 036;A01;1;7;2;0;9;14;1;
11029;202200007269;801 032;A01;2;7;0;2;3;13;1;
11030;202200007269;801 035;B01;1;7;0;2;2;1;1;
11031;202200007270;801 034;Z01;1;80;0;2;1;13;3;
11032;202200007270;801 037;A01;2;1;0;2;1;1;5;
11033;202200007271;801 031;A01;1;7;0;2;6;12;1;
11034;202200007271;801 033;B01;1;33;0;2;1;12;1;
11035;202200007272;801 028;A01;1;7;0;1;3;1;1;
11036;202200007273;801 029;B01;2;2;0;2;7;21;1;
11037;202200007273;801 030;A01;1;7;0;2;7;21;1;
11038;202200007274;801 027;A01;0;7;0;1;4;4;1;
11039;202200007275;801 024;A01;2;10;17;0;1;1;1;
11040;202200007276;801 025;A01;1;7;2;0;8;1;1;
11041;202200007277;801 023;A01;3;50;0;2;2;1;3;
11042;202200007277;801 026;B01;3;7;0;2;2;1;1;
11043;202200007278;801 021;A01;3;7;0;1;1;1;1;
11044;202200007279;801 015;C01;2;7;0;2;3;23;1;
11045;202200007279;801 017;B01;2;7;0;2;3;21;1;
11046;202200007279;801 020;D01;1;7;0;2;8;1;0;
11047;202200007279;801 022;A01;2;7;0;2;1;9;1;
11048;202200007281;801 013;A01;2;7;0;1;1;1;1;
11049;202200007282;801 014;A01;2;50;0;2;1;25;3;
11050;202200007282;801 018;B01;3;7;0;0;2;16;1;
11051;202200007284;801 010;A01;2;33;0;0;9;17;1;
11052;202200007285;801 008;A01;0;7;0;1;2;19;1;
11053;202200007286;801 007;B01;3;33;0;2;7;1;1;
11054;202200007286;801 009;A01;1;7;0;2;3;13;1;
11055;202200007287;801 004;A01;2;7;11;0;1;14;1;
11056;202200007288;801 003;B01;1;7;0;2;1;17;1;
11057;202200007288;801 005;A01;1;7;0;2;4;1;1;
11058;202200007289;801 002;B01;1;33;0;2;2;1;1;
11059;202200007289;801 006;A01;3;7;0;2;8;9;1;
11060;202200007290;800 999;A01;0;33;0;2;2;17;1;
11061;202200007290;801 001;B01;0;7;0;2;3;2;1;
11062;202200007291;800 996;A01;3;10;0;2;2;15;1;
11063;202200007291;801 000;B01;3;32;0;2;3;3;1;
11064;202200007292;800 994;A01;2;7;0;2;3;13;1;
11065;202200007292;800 997;B01;1;7;3;2;1;1;1;
11066;202200007293;800 995;B01;1;7;0;2;3;1;1;
11067;202200007293;800 998;A01;2;7;0;2;2;15;1;
11068;202200007294;800 992;A01;1;33;13;0;8;0;1;
11069;202200007295;800 990;A01;0;7;0;1;1;21;1;
11070;202200007296;800 987;A01;1;7;2;2;7;3;1;
11071;202200007296;800 991;B01;1;7;2;2;3;1;1;
11072;202200007298;800 985;A01;0;30;0;0;0;26;0;
11073;202200007299;800 986;A01;2;7;0;2;1;1;1;
11074;202200007299;800 989;B01;1;7;0;2;3;1;1;
11075;202200007300;800 983;A01;1;7;8;0;2;1;1;
11076;202200007301;800 981;A01;2;7;0;2;1;15;0;
11077;202200007301;800 984;B01;1;7;0;2;4;1;1;
11078;202200007302;800 979;A01;1;10;0;1;1;1;1;
11079;202200007303;800 980;B01;3;7;0;2;8;15;1;
11080;202200007303;800 982;A01;3;30;14;2;7;17;1;
11081;202200007304;800 976;A01;1;2;6;0;3;1;1;
11082;202200007305;800 975;B01;1;7;0;2;3;1;1;
11083;202200007305;800 977;A01;2;7;0;2;3;13;1;
11084;202200007306;800 974;B01;0;7;0;2;1;1;1;
11085;202200007306;800 978;A01;0;7;0;2;7;1;2;
11086;202200007307;800 973;A01;3;7;6;0;0;15;1;
11087;202200007308;800 972;A01;1;7;0;1;2;1;1;
11088;202200007309;800 970;A01;2;7;8;0;1;1;1;
11089;202200007310;800 969;A01;2;31;0;0;0;1;1;
11090;202200007311;800 967;A01;1;7;0;2;1;2;1;
11091;202200007311;800 971;B01;1;2;0;2;4;1;1;
11092;202200007312;800 966;B01;1;21;0;2;4;2;1;
11093;202200007312;800 968;A01;1;33;0;2;1;12;1;
11094;202200007313;800 963;A01;2;10;0;2;1;15;1;
11095;202200007313;800 965;B01;1;7;0;2;1;1;2;
11096;202200007315;800 957;A01;2;7;9;2;1;9;1;
11097;202200007315;800 960;B01;3;7;0;2;1;15;1;
11098;202200007315;800 961;C01;3;7;0;2;3;9;1;
11099;202200007316;800 958;A01;2;7;8;0;1;1;1;
11100;202200007317;800 955;A01;1;33;0;0;0;1;1;
11101;202200007318;800 954;C01;1;7;0;2;1;1;1;
11102;202200007318;800 956;B01;1;7;0;2;6;1;1;
11103;202200007318;800 964;A01;1;7;0;2;4;1;1;
11104;202200007319;800 949;A01;2;7;0;2;1;19;1;
11105;202200007319;800 953;B01;1;7;0;2;7;1;1;
11106;202200007320;800 951;B01;2;33;0;2;4;1;1;
11107;202200007320;800 952;A01;2;17;0;2;2;1;1;
11108;202200007321;800 947;A01;1;7;0;2;4;2;1;
11109;202200007321;800 950;B01;1;7;0;2;1;2;1;
11110;202200007322;800 946;A01;1;7;0;2;3;6;1;
11111;202200007322;800 948;B01;2;7;0;2;3;1;1;
11112;202200007323;800 943;A01;2;7;0;0;2;0;1;
11113;202200007324;800 942;A01;0;7;8;0;7;0;1;
11114;202200007325;800 941;B01;1;7;0;2;1;2;1;
11115;202200007325;800 944;A01;1;7;0;2;4;2;1;
11116;202200007326;800 940;A01;2;7;0;2;1;15;1;
11117;202200007326;800 945;B01;2;1;0;2;7;1;5;
11118;202200007327;800 939;A01;3;7;13;0;1;2;1;
11119;202200007329;800 936;A01;3;33;0;2;1;15;1;
11120;202200007329;800 938;B01;3;7;0;2;1;5;1;
11121;202200007330;800 933;A01;1;7;1;0;1;14;1;
11122;202200007331;800 932;A01;0;7;0;2;7;15;1;
11123;202200007331;800 934;B01;3;7;0;2;1;1;1;
11124;202200007333;800 929;A01;0;7;8;0;2;0;1;
11125;202200007334;800 928;A01;1;7;0;2;1;1;1;
11126;202200007334;800 931;B01;1;7;0;2;4;1;1;
11127;202200007335;800 926;B01;0;7;0;2;3;1;1;
11128;202200007335;800 927;A01;0;33;0;2;1;9;1;
11129;202200007336;800 923;A01;2;7;13;0;1;15;1;
11130;202200007337;800 922;A01;2;7;2;0;8;1;1;
11131;202200007338;800 921;B01;1;7;0;2;1;1;1;
11132;202200007338;800 925;A01;2;7;0;2;3;9;1;
11133;202200007339;800 920;B01;2;7;0;2;1;2;1;
11134;202200007339;800 924;A01;2;7;0;2;4;1;1;
11135;202200007340;800 919;A01;2;7;14;0;3;1;1;
11136;202200007341;800 917;A01;3;7;1;0;2;1;1;
11137;202200007342;800 911;A01;1;34;0;0;8;1;1;
11138;202200007343;800 910;A01;1;15;0;2;8;11;1;
11139;202200007343;800 914;B01;1;7;0;2;7;2;1;
11140;202200007344;800 909;A01;2;10;0;2;6;2;1;
11141;202200007344;800 913;B01;2;33;0;2;1;2;1;
11142;202200007344;800 915;T01;2;14;0;0;0;0;1;
11143;202200007345;800 908;B01;2;7;0;2;8;15;1;
11144;202200007345;800 912;A01;2;30;0;2;1;17;1;
11145;202200007346;800 906;B01;1;33;0;2;7;1;1;
11146;202200007346;800 907;A01;1;7;0;2;2;1;1;
11147;202200007347;800 903;A01;1;33;0;0;3;13;1;
11148;202200007348;800 904;A01;2;7;4;0;3;26;1;
11149;202200007349;800 902;B01;2;32;0;2;3;1;1;
11150;202200007349;800 905;A01;2;30;0;2;7;9;1;
11151;202200007350;800 900;A01;1;7;3;2;9;13;1;
11152;202200007350;800 901;B01;1;7;0;2;2;21;1;
11153;202200007351;800 896;A01;1;17;1;0;2;14;1;
11154;202200007351;800 898;B01;1;10;3;0;6;0;1;
11155;202200007353;800 894;A01;2;99;0;2;2;5;0;
11156;202200007353;800 897;B01;1;33;0;2;0;13;1;
11157;202200007354;800 892;A01;1;7;4;2;1;2;1;
11158;202200007354;800 893;B01;1;7;4;2;4;2;1;
11159;202200007355;800 888;A01;1;31;0;0;0;0;1;
11160;202200007356;800 887;A01;1;7;4;0;2;14;1;
11161;202200007357;800 885;B01;2;30;0;2;1;1;1;
11162;202200007357;800 889;A01;2;7;0;2;3;26;1;
11163;202200007358;800 882;A01;1;33;0;0;0;1;1;
11164;202200007359;800 879;A01;2;7;9;0;1;9;1;
11165;202200007360;800 878;B01;1;7;0;2;4;1;1;
11166;202200007360;800 881;A01;1;7;0;2;1;2;1;
11167;202200007361;800 875;A01;2;7;0;2;8;11;1;
11168;202200007361;800 876;B01;2;31;0;2;7;3;1;
11169;202200007362;800 871;B01;1;7;0;2;2;2;1;
11170;202200007362;800 874;A01;1;7;0;2;1;9;1;
11171;202200007363;800 869;A01;1;7;0;5;2;1;1;
11172;202200007364;800 870;B01;2;1;0;2;2;26;5;
11173;202200007364;800 873;A01;1;7;0;9;3;9;1;
11174;202200007365;800 868;A01;1;7;0;2;1;2;1;
11175;202200007365;800 872;B01;1;7;0;2;4;2;1;
11176;202200007366;800 864;A01;1;7;8;0;1;15;1;
11177;202200007367;800 863;B01;2;7;0;0;2;17;1;
11178;202200007367;800 866;A01;2;7;4;2;6;2;1;
11179;202200007368;800 862;B01;3;7;0;2;3;1;1;
11180;202200007368;800 867;A01;3;60;0;2;7;26;5;
11181;202200007369;800 861;B01;1;7;0;2;4;2;1;
11182;202200007369;800 865;A01;1;7;0;2;1;2;1;
11183;202200007370;800 858;B01;2;17;0;2;8;1;1;
11184;202200007370;800 860;A01;2;31;0;2;1;11;1;
11185;202200007371;800 855;B01;1;33;0;2;1;1;1;
11186;202200007371;800 857;A01;1;10;0;2;7;15;1;
11187;202200007372;800 856;B01;2;1;0;2;1;1;5;
11188;202200007372;800 859;A01;1;7;0;9;3;15;1;
11189;202200007373;800 853;B01;1;7;0;2;4;2;1;
11190;202200007373;800 854;A01;1;7;0;2;1;2;1;
11191;202200007375;800 847;A01;2;7;0;2;1;1;1;
11192;202200007375;800 852;B01;2;10;0;2;5;2;1;
11193;202200007376;800 846;B01;2;33;0;2;2;1;1;
11194;202200007376;800 849;A01;2;7;0;2;6;11;1;
11195;202200007377;800 840;A01;3;1;0;9;3;1;5;
11196;202200007377;800 844;B01;3;1;0;9;1;0;5;
11197;202200007378;800 842;B01;2;15;0;2;5;1;1;
11198;202200007378;800 845;A01;2;31;0;2;3;9;1;
11199;202200007380;800 837;B01;1;17;0;0;1;0;1;
11200;202200007380;800 839;A01;1;7;0;0;9;9;1;
11201;202200007381;800 835;A01;2;7;0;0;0;1;1;
11202;202200007382;800 834;A01;2;10;3;0;3;1;1;
11203;202200007383;800 827;B01;3;7;0;2;8;26;1;
11204;202200007383;800 830;A01;1;7;0;2;1;1;1;
11205;202200007384;800 828;B01;2;33;0;2;1;18;1;
11206;202200007384;800 832;A01;2;7;0;2;4;12;2;
11207;202200007385;800 825;A01;2;7;0;2;1;1;1;
11208;202200007385;800 829;B01;2;7;0;2;4;1;1;
11209;202200007385;800 831;C01;2;7;0;2;4;23;1;
11210;202200007385;800 833;D01;2;7;0;2;4;23;1;
11211;202200007385;800 836;E01;2;7;0;2;4;23;2;
11212;202200007386;800 823;B01;1;10;0;2;8;23;1;
11213;202200007386;800 826;A01;1;33;14;0;7;26;1;
11214;202200007387;800 820;A01;2;7;2;0;1;0;1;
11215;202200007388;800 819;A01;2;7;0;2;8;11;1;
11216;202200007388;800 822;B01;2;33;0;2;1;3;1;
11217;202200007388;800 824;C01;2;7;0;2;5;1;0;
11218;202200007389;800 817;A01;1;14;3;0;1;13;1;
11219;202200007390;800 818;B01;2;7;0;2;2;1;2;
11220;202200007390;800 821;A01;1;30;0;2;1;5;3;
11221;202200007393;800 813;A01;1;7;15;0;2;19;1;
11222;202200007394;800 810;A01;1;7;0;1;1;15;1;
11223;202200007396;800 807;A01;1;38;0;2;3;15;1;1.0
11224;202200007396;800 811;B01;2;30;0;2;3;1;1;
11225;202200007397;800 806;B01;2;31;0;2;1;3;1;
11226;202200007397;800 809;A01;2;7;0;2;3;13;1;
11227;202200007398;800 800;B01;2;30;0;2;1;1;1;
11228;202200007398;800 805;A01;1;7;0;2;3;1;1;
11229;202200007399;800 802;B01;1;33;0;2;0;17;1;
11230;202200007399;800 804;A01;1;7;0;2;0;15;2;
11231;202200007400;800 797;A01;1;7;0;2;2;26;1;
11232;202200007400;800 801;B01;1;2;0;2;1;1;1;
11233;202200007401;800 796;D01;1;7;0;2;8;1;1;
11234;202200007401;800 798;C01;1;7;0;2;8;1;2;
11235;202200007401;800 799;B01;1;10;0;2;7;12;1;
11236;202200007401;800 803;A01;1;31;0;2;2;3;1;
11237;202200007402;800 794;A01;1;7;0;2;8;13;1;
11238;202200007402;800 795;B01;2;7;1;2;8;1;1;
11239;202200007403;800 793;A01;2;1;0;0;0;0;5;
11240;202200007404;800 788;A01;2;7;14;0;1;0;1;
11241;202200007405;800 790;B01;2;33;0;2;3;7;1;
11242;202200007405;800 792;A01;1;10;0;2;1;15;1;
11243;202200007406;800 787;C01;1;7;0;2;4;2;1;
11244;202200007406;800 789;B01;1;7;0;2;1;2;1;
11245;202200007406;800 791;A01;1;7;0;2;1;1;1;
11246;202200007407;800 784;Z01;0;7;0;1;0;1;0;
11247;202200007408;800 785;B01;1;7;0;2;1;2;1;
11248;202200007408;800 786;A01;1;7;0;2;4;2;1;
11249;202200007409;800 783;A01;2;7;0;1;1;15;1;
11250;202200007410;800 782;A01;2;33;0;0;3;3;1;
11251;202200007411;800 780;A01;1;7;3;0;2;2;1;
11252;202200007412;800 775;A01;2;7;0;1;1;2;1;
11253;202200007412;800 779;B01;2;7;0;2;4;23;1;
11254;202200007413;800 774;B01;1;33;0;2;4;23;1;
11255;202200007413;800 777;A01;1;30;0;2;1;2;1;
11256;202200007414;800 771;A01;2;7;0;2;6;13;1;
11257;202200007414;800 772;B01;2;33;0;2;7;1;1;
11258;202200007414;800 776;C01;2;33;0;2;0;0;1;
11259;202200007414;800 778;D01;2;33;0;2;0;0;1;
11260;202200007414;800 781;E01;2;33;0;2;0;1;1;
11261;202200007415;800 769;A01;2;10;0;2;1;11;1;
11262;202200007415;800 773;B01;2;17;0;2;1;1;1;
11263;202200007416;800 768;B01;3;30;0;2;0;0;1;
11264;202200007416;800 770;A01;3;7;0;2;0;0;1;
11265;202200007417;800 766;B01;2;7;0;2;3;15;1;
11266;202200007417;800 767;A01;2;30;1;2;7;5;1;
11267;202200007418;800 761;B01;2;7;0;2;4;1;1;
11268;202200007418;800 764;A01;2;33;0;2;1;26;1;
11269;202200007419;800 760;B01;1;33;0;2;1;1;1;
11270;202200007419;800 762;A01;1;7;0;2;3;15;1;
11271;202200007420;800 759;A01;2;7;0;2;1;2;2;
11272;202200007420;800 763;B01;2;7;0;2;4;2;1;
11273;202200007420;800 765;C01;2;10;0;2;4;2;1;
11274;202200007421;800 755;B01;1;7;0;2;2;16;1;
11275;202200007421;800 758;A01;1;32;0;2;8;18;1;
11276;202200007422;800 754;B01;1;7;4;2;4;1;1;
11277;202200007422;800 757;A01;1;34;4;2;1;3;1;
11278;202200007423;800 753;A01;2;33;3;0;2;14;1;
11279;202200007424;800 752;A01;1;7;0;2;1;1;3;
11280;202200007424;800 756;B01;2;33;0;2;7;1;1;
11281;202200007425;800 748;Z01;2;10;0;2;4;1;0;
11282;202200007425;800 750;A01;2;33;0;2;1;11;1;
11283;202200007426;800 747;A01;1;7;0;0;0;14;1;
11284;202200007427;800 749;A01;2;7;0;2;3;15;1;
11285;202200007427;800 751;B01;2;31;0;2;2;17;1;
11286;202200007430;800 743;A01;1;7;4;0;1;19;1;
11287;202200007431;800 742;A01;2;7;0;2;5;11;1;
11288;202200007431;800 745;B01;2;33;0;2;1;1;1;
11289;202200007433;800 737;A01;2;7;0;2;2;1;1;
11290;202200007433;800 739;B01;2;7;0;2;6;1;1;
11291;202200007434;800 735;A01;2;7;13;0;1;1;1;
11292;202200007435;800 734;A01;2;80;0;1;1;5;3;
11293;202200007437;800 730;A01;1;7;0;2;3;0;1;
11294;202200007437;800 732;B01;1;10;0;0;4;0;1;
11295;202200007438;800 726;A01;1;7;0;2;1;1;2;
11296;202200007438;800 728;B01;1;7;0;2;1;1;1;
11297;202200007438;800 729;C01;1;7;0;2;4;1;0;