;Num_Acc;id_vehicule;num_veh;senc;catv;obs;obsm;choc;manv;motor;occutc
11298;202200007439;800 724;A01;3;7;13;0;1;1;2;
11299;202200007440;800 725;B01;1;7;0;2;8;15;1;
11300;202200007440;800 727;A01;1;30;0;2;1;17;1;
11301;202200007441;800 722;A01;2;33;0;2;7;21;1;
11302;202200007441;800 723;B01;1;7;0;2;6;26;0;
11303;202200007442;800 721;A01;2;7;0;2;1;1;1;
11304;202200007443;800 718;A01;3;32;0;2;3;26;1;
11305;202200007443;800 720;B01;3;2;0;2;1;1;1;
11306;202200007444;800 717;A01;0;1;0;1;1;1;5;
11307;202200007445;800 716;B01;2;7;0;2;3;1;1;
11308;202200007445;800 719;A01;2;30;0;2;1;17;3;
11309;202200007446;800 709;A01;3;7;0;1;4;26;1;
11310;202200007447;800 708;A01;2;10;0;2;1;1;1;
11311;202200007447;800 712;B01;2;7;0;2;4;1;0;
11312;202200007447;800 714;C01;2;7;0;2;4;1;0;
11313;202200007447;800 715;D01;2;7;0;2;4;1;0;
11314;202200007449;800 705;A01;1;7;2;0;8;0;1;
11315;202200007450;800 701;Z01;1;7;0;2;8;14;1;
11316;202200007450;800 704;A01;1;7;4;2;1;1;1;
11317;202200007451;800 700;A01;1;7;0;2;0;10;0;
11318;202200007451;800 702;B01;1;7;0;2;1;1;1;
11319;202200007451;800 703;C01;2;7;0;2;1;1;1;
11320;202200007451;800 706;D01;2;7;0;2;1;1;1;
11321;202200007452;800 698;A01;1;7;0;1;1;1;1;
11322;202200007453;800 697;A01;2;33;0;2;3;15;1;
11323;202200007453;800 699;B01;2;32;0;2;7;17;1;
11324;202200007454;800 696;A01;1;7;4;0;3;13;1;
11325;202200007455;800 691;B01;3;7;0;2;6;1;1;
11326;202200007455;800 695;A01;3;7;1;2;1;1;1;
11327;202200007456;800 694;A01;3;7;0;1;2;15;1;
11328;202200007458;800 688;C01;1;10;0;2;3;1;1;
11329;202200007458;800 690;B01;1;7;0;2;6;1;1;
11330;202200007458;800 693;A01;1;7;0;2;1;5;1;
11331;202200007459;800 686;A01;3;7;0;1;1;1;1;
11332;202200007460;800 684;A01;1;50;0;2;0;19;3;
11333;202200007460;800 687;B01;1;99;0;2;0;1;1;
11334;202200007461;800 681;B01;3;30;0;2;1;1;1;
11335;202200007461;800 685;A01;3;7;0;2;2;15;1;
11336;202200007462;800 680;A01;1;80;0;2;0;13;3;
11337;202200007462;800 683;B01;2;1;0;2;0;1;5;
11338;202200007463;800 679;A01;1;33;14;0;7;1;1;
11339;202200007464;800 678;B01;2;7;0;2;3;1;0;
11340;202200007464;800 682;A01;1;7;0;2;1;13;0;
11341;202200007465;800 676;A01;1;7;0;1;1;26;1;
11342;202200007466;800 675;A01;2;30;0;2;3;26;1;
11343;202200007466;800 677;B01;2;30;0;2;5;1;1;
11344;202200007468;800 670;Z01;2;7;0;2;0;0;0;
11345;202200007468;800 673;B01;1;33;0;2;6;1;1;
11346;202200007469;800 668;B01;2;1;0;2;0;1;5;
11347;202200007469;800 671;A01;1;7;0;2;3;15;1;
11348;202200007470;800 666;A01;1;7;13;0;2;1;1;
11349;202200007471;800 667;A01;1;7;0;2;4;23;1;
11350;202200007471;800 669;B01;1;10;0;2;1;2;1;
11351;202200007474;800 662;A01;0;7;0;1;6;26;1;
11352;202200007477;800 657;A01;2;7;0;1;1;1;2;
11353;202200007478;800 655;C01;2;7;0;2;4;23;1;
11354;202200007478;800 658;B01;2;10;0;2;4;23;1;
11355;202200007478;800 661;A01;2;7;0;2;1;2;1;
11356;202200007479;800 653;A01;1;7;0;2;7;15;1;
11357;202200007479;800 656;B01;1;2;0;2;1;0;1;
11358;202200007480;800 651;A01;1;7;0;2;3;9;1;
11359;202200007480;800 654;B01;1;7;4;0;0;0;1;
11360;202200007481;800 650;A01;1;10;0;1;4;20;1;
11361;202200007482;800 648;A01;0;33;0;2;5;2;1;
11362;202200007483;800 646;A01;3;1;9;0;0;26;5;
11363;202200007484;800 647;B01;2;7;0;2;1;1;1;
11364;202200007484;800 649;A01;3;7;0;2;1;17;1;
11365;202200007485;800 645;A01;1;7;0;1;1;2;1;
11366;202200007486;800 641;A01;3;31;0;2;1;6;0;
11367;202200007486;800 642;B01;1;3;0;2;1;1;0;
11368;202200007487;800 640;A01;2;7;0;2;1;26;1;
11369;202200007487;800 643;B01;1;60;0;2;-1;19;5;
11370;202200007488;800 637;B01;1;7;0;2;4;0;1;
11371;202200007488;800 644;A01;1;10;0;2;1;9;1;
11372;202200007489;800 638;B01;1;10;0;0;8;15;1;
11373;202200007489;800 639;A01;1;34;0;2;2;3;1;
11374;202200007491;800 633;A01;1;7;0;2;2;16;3;
11375;202200007491;800 636;B01;2;1;0;2;6;1;5;
11376;202200007492;800 631;A01;3;15;0;0;8;2;1;
11377;202200007492;800 634;B01;3;33;0;2;2;17;1;
11378;202200007493;800 630;A01;2;33;0;2;2;1;1;
11379;202200007493;800 632;B01;2;1;14;2;0;1;5;
11380;202200007494;800 629;A01;2;7;0;1;1;1;1;
11381;202200007495;800 626;B01;1;2;0;2;1;1;1;
11382;202200007495;800 628;A01;1;7;0;2;1;9;1;
11383;202200007496;800 624;B01;1;1;0;2;1;1;5;
11384;202200007496;800 627;A01;2;7;0;2;1;11;1;
11385;202200007497;800 621;B01;1;1;1;0;3;7;5;
11386;202200007497;800 625;A01;1;7;0;2;3;22;1;
11387;202200007498;800 622;B01;2;31;0;2;4;26;1;
11388;202200007498;800 623;A01;2;7;0;2;1;26;1;
11389;202200007500;800 618;A01;1;7;0;2;3;2;1;
11390;202200007500;800 620;B01;1;7;0;2;4;15;1;
11391;202200007501;800 615;A01;1;1;0;0;0;1;5;
11392;202200007502;800 613;A01;3;30;0;2;1;1;1;
11393;202200007502;800 616;B01;3;7;0;2;3;15;1;
11394;202200007503;800 611;B01;1;7;0;2;3;1;1;
11395;202200007503;800 612;A01;2;7;0;2;1;1;1;
11396;202200007504;800 608;A01;0;2;0;2;1;0;1;
11397;202200007504;800 610;B01;3;7;0;2;3;1;1;
11398;202200007505;800 606;A01;2;32;0;0;0;1;1;
11399;202200007506;800 605;A01;3;7;0;0;4;23;1;
11400;202200007506;800 609;B01;3;7;0;0;1;1;1;
11401;202200007507;800 604;B01;1;7;0;2;1;26;1;
11402;202200007507;800 607;A01;1;1;0;2;2;26;5;
11403;202200007508;800 601;B01;2;7;0;2;1;13;1;
11404;202200007508;800 603;A01;1;7;0;2;1;1;1;
11405;202200007509;800 599;A01;1;7;0;2;0;9;1;
11406;202200007509;800 602;B01;1;31;0;2;1;1;1;
11407;202200007510;800 598;A01;1;7;0;1;3;1;1;
11408;202200007512;800 595;A01;1;7;13;0;1;13;1;
11409;202200007513;800 596;A01;0;7;15;0;1;0;1;
11410;202200007514;800 594;A01;3;7;0;1;1;15;1;
11411;202200007515;800 591;A01;2;31;13;0;1;1;1;
11412;202200007516;800 589;A01;2;50;16;0;9;1;3;
11413;202200007517;800 588;B01;1;30;0;2;1;2;1;
11414;202200007517;800 590;A01;2;7;0;2;2;15;1;
11415;202200007518;800 587;A01;3;3;15;0;0;15;1;
11416;202200007519;800 585;Z01;3;7;0;1;1;0;1;
11417;202200007520;800 583;B01;1;32;0;2;1;1;1;
11418;202200007520;800 586;A01;0;7;0;2;3;15;1;
11419;202200007521;800 581;B01;2;7;0;2;7;1;1;
11420;202200007521;800 584;A01;1;7;0;2;1;15;1;
11421;202200007522;800 580;A01;3;10;0;2;1;2;1;
11422;202200007522;800 582;B01;3;7;0;2;4;2;1;
11423;202200007523;800 578;A01;2;7;0;2;7;15;1;
11424;202200007523;800 579;B01;1;33;0;2;0;1;1;
11425;202200007524;800 577;A01;3;7;13;0;2;1;1;
11426;202200007526;800 574;A01;1;7;0;2;5;15;1;
11427;202200007526;800 576;B01;1;2;0;2;3;17;0;
11428;202200007527;800 571;A01;2;34;8;0;1;0;1;
11429;202200007528;800 572;A01;3;7;0;9;3;26;1;
11430;202200007528;800 575;B01;3;1;0;2;1;1;5;
11431;202200007529;800 565;B01;0;7;0;2;4;1;1;
11432;202200007529;800 569;A01;0;7;0;2;1;1;1;
11433;202200007530;800 562;C01;2;7;0;0;5;1;1;
11434;202200007530;800 564;B01;2;7;0;2;3;21;1;
11435;202200007530;800 567;A01;2;7;3;0;2;0;1;
11436;202200007531;800 563;B01;2;7;0;2;2;19;3;
11437;202200007531;800 566;A01;2;33;0;2;8;2;1;
11438;202200007532;800 558;C01;3;7;0;2;3;2;1;
11439;202200007532;800 559;A01;2;7;0;2;3;13;1;
11440;202200007532;800 561;B01;1;7;0;2;3;1;1;
11441;202200007533;800 555;B01;0;7;0;2;4;1;1;
11442;202200007533;800 560;A01;0;7;0;2;1;1;1;
11443;202200007534;800 554;B01;2;33;0;2;1;1;1;
11444;202200007534;800 557;A01;1;7;0;2;5;15;1;
11445;202200007535;800 553;B01;2;1;0;2;8;26;5;
11446;202200007535;800 556;A01;1;7;0;2;1;15;1;
11447;202200007536;800 552;A01;1;7;1;0;1;2;1;
11448;202200007539;800 547;A01;2;33;0;2;1;1;0;
11449;202200007539;800 550;B01;2;7;0;2;3;15;1;
11450;202200007540;800 544;A01;1;7;0;2;3;15;1;
11451;202200007540;800 545;B01;1;32;0;2;7;17;1;
11452;202200007541;800 542;B01;0;10;0;2;7;1;1;
11453;202200007541;800 546;A01;3;7;0;2;1;1;1;
11454;202200007542;800 541;A01;1;7;0;9;1;26;1;
11455;202200007542;800 543;B01;1;1;0;2;4;0;5;
11456;202200007543;800 540;A01;3;7;0;1;1;2;1;
11457;202200007544;800 538;B01;2;7;0;2;4;2;1;
11458;202200007544;800 539;A01;2;10;0;2;1;2;1;
11459;202200007545;800 537;A01;3;7;2;0;1;19;1;
11460;202200007546;800 534;A01;1;7;0;2;3;1;1;
11461;202200007546;800 535;B01;2;7;0;2;3;1;1;
11462;202200007547;800 533;A01;1;10;0;2;1;15;1;
11463;202200007547;800 536;B01;1;33;0;2;2;1;1;
11464;202200007548;800 531;A01;1;7;14;0;1;1;1;
11465;202200007549;800 530;A01;1;33;0;0;8;15;1;
11466;202200007550;800 526;B01;0;2;0;2;1;2;1;
11467;202200007550;800 529;A01;3;10;9;2;3;10;1;
11468;202200007551;800 525;A01;1;33;0;2;1;17;1;
11469;202200007551;800 527;B01;1;7;0;2;8;1;1;
11470;202200007552;800 524;B01;1;10;0;2;6;17;1;
11471;202200007552;800 528;A01;1;7;0;2;1;26;1;
11472;202200007553;800 522;B01;1;7;0;2;4;2;1;
11473;202200007553;800 523;A01;1;33;0;2;1;12;1;
11474;202200007554;800 521;A01;2;7;0;1;1;2;1;
11475;202200007557;800 515;B01;1;7;0;2;6;1;1;
11476;202200007557;800 517;A01;1;7;0;2;3;14;1;
11477;202200007558;800 513;B01;2;43;0;2;1;2;1;
11478;202200007558;800 514;A01;2;7;0;2;4;1;1;
11479;202200007559;800 510;A01;2;10;0;9;1;2;1;
11480;202200007559;800 512;B01;2;1;0;0;4;2;5;
11481;202200007560;800 509;A01;1;7;0;2;3;13;1;
11482;202200007560;800 511;B01;1;30;0;2;2;17;1;
11483;202200007561;800 508;A01;2;7;0;1;2;1;1;
11484;202200007562;800 505;A01;1;10;0;1;1;15;1;
11485;202200007563;800 504;B01;2;33;0;2;7;17;1;
11486;202200007563;800 506;A01;2;1;0;2;8;13;5;
11487;202200007565;800 502;A01;1;7;0;1;2;0;1;
11488;202200007566;800 499;A01;2;10;0;2;2;1;1;
11489;202200007566;800 501;B01;2;30;0;2;8;1;1;
11490;202200007567;800 498;A01;1;1;14;0;1;13;5;
11491;202200007568;800 497;B01;3;7;0;2;1;1;1;
11492;202200007568;800 500;A01;3;7;0;2;1;13;1;
11493;202200007569;800 494;A01;3;31;0;2;6;5;0;
11494;202200007569;800 496;B01;3;7;0;2;2;2;1;
11495;202200007570;800 495;A01;1;7;4;0;3;14;1;
11496;202200007571;800 491;B01;2;7;0;2;1;26;1;
11497;202200007571;800 493;A01;1;7;0;2;1;1;1;
11498;202200007572;800 490;A01;2;31;13;0;3;13;1;
11499;202200007572;800 492;B01;1;10;0;0;0;14;1;
11500;202200007573;800 489;A01;3;1;0;0;0;2;5;
11501;202200007574;800 488;A01;1;7;0;1;3;19;2;
11502;202200007575;800 484;B01;2;7;0;2;1;1;1;
11503;202200007575;800 487;A01;1;7;0;2;1;13;1;
11504;202200007576;800 483;B01;2;7;12;0;6;1;1;
11505;202200007576;800 485;A01;1;7;0;2;2;14;1;
11506;202200007577;800 482;B01;0;7;0;0;3;15;1;
11507;202200007577;800 486;A01;2;33;0;0;1;1;1;
11508;202200007578;800 481;A01;3;10;0;1;2;15;1;
11509;202200007579;800 480;A01;1;7;3;0;7;1;1;
11510;202200007580;800 476;B01;3;31;0;2;3;1;1;
11511;202200007580;800 479;A01;3;7;0;2;3;15;1;
11512;202200007581;800 475;A01;2;30;0;2;1;17;1;
11513;202200007581;800 477;B01;3;50;0;2;8;5;3;
11514;202200007582;800 474;A01;2;7;0;1;2;1;1;
11515;202200007583;800 473;A01;2;7;0;1;2;1;1;
11516;202200007584;800 471;A01;1;7;0;1;3;1;1;
11517;202200007585;800 469;A01;0;7;14;2;3;26;1;
11518;202200007585;800 472;B01;0;7;0;2;8;0;1;
11519;202200007586;800 465;A01;2;7;0;2;2;15;3;
11520;202200007586;800 467;B01;1;50;0;2;1;1;3;
11521;202200007587;800 462;B01;2;80;0;2;8;19;3;
11522;202200007587;800 466;A01;2;7;0;9;2;1;1;
11523;202200007588;800 460;B01;2;7;0;0;8;1;1;
11524;202200007588;800 463;A01;1;7;0;2;1;9;1;
11525;202200007589;800 458;A01;0;7;0;2;1;1;1;
11526;202200007589;800 461;B01;0;7;0;2;4;1;1;
11527;202200007589;800 464;C01;0;7;0;0;4;1;1;
11528;202200007590;800 457;A01;1;33;0;2;3;1;1;
11529;202200007590;800 459;B01;1;50;0;2;2;12;3;
11530;202200007591;800 456;A01;1;7;0;1;2;1;1;
11531;202200007592;800 452;A01;2;32;0;2;7;17;1;
11532;202200007592;800 455;B01;2;7;0;2;3;15;1;
11533;202200007593;800 454;A01;1;10;6;0;1;15;1;
11534;202200007594;800 450;A01;2;10;4;0;1;5;0;
11535;202200007594;800 453;B01;1;7;0;0;1;1;0;
11536;202200007595;800 448;B01;1;7;0;2;6;21;1;
11537;202200007595;800 451;A01;3;7;0;2;2;15;1;
11538;202200007596;800 447;A01;3;7;0;1;1;2;1;
11539;202200007597;800 445;B01;2;33;0;2;2;1;1;
11540;202200007597;800 449;A01;3;1;0;2;8;19;5;
11541;202200007598;800 444;A01;0;2;0;6;1;1;1;
11542;202200007599;800 441;A01;1;2;15;2;0;1;1;
11543;202200007601;800 438;A01;1;7;2;0;1;1;1;
11544;202200007602;800 436;B01;2;7;0;0;4;2;1;
11545;202200007602;800 439;A01;2;7;0;2;1;2;1;
11546;202200007603;800 435;A01;2;10;0;2;3;1;1;
11547;202200007603;800 437;B01;1;33;0;2;1;1;1;
11548;202200007604;800 434;A01;0;7;0;1;3;15;3;
11549;202200007605;800 433;A01;1;35;1;0;5;1;1;
11550;202200007606;800 432;A01;0;38;0;1;2;16;1;1.0
11551;202200007607;800 431;A01;2;30;0;0;0;1;1;
11552;202200007608;800 429;B01;2;7;0;2;1;1;1;
11553;202200007608;800 430;A01;2;32;0;2;8;10;1;
11554;202200007609;800 427;A01;2;7;2;0;1;13;1;
11555;202200007610;800 426;A01;1;7;0;2;3;1;1;
11556;202200007610;800 428;B01;2;7;0;2;3;1;1;
11557;202200007611;800 425;A01;2;7;0;1;1;2;1;
11558;202200007612;800 424;A01;1;50;8;0;0;25;3;
11559;202200007613;800 422;A01;3;21;6;0;8;1;1;
11560;202200007614;800 419;B01;1;17;0;2;1;19;1;
11561;202200007614;800 423;A01;1;7;0;2;3;19;1;
11562;202200007615;800 417;B01;0;40;0;2;1;26;3;
11563;202200007615;800 421;A01;0;10;0;4;6;10;1;
11564;202200007617;800 412;A01;2;7;2;0;1;14;1;
11565;202200007618;800 410;B01;2;10;0;0;0;0;0;
11566;202200007618;800 413;A01;2;10;0;2;3;2;1;
11567;202200007619;800 411;A01;1;7;0;2;5;16;1;
11568;202200007619;800 414;B01;1;1;0;2;1;1;5;
11569;202200007620;800 409;A01;1;7;0;2;8;15;1;
11570;202200007620;800 415;B01;2;15;0;2;3;1;1;
11571;202200007621;800 407;A01;1;10;0;1;1;1;1;
11572;202200007622;800 406;A01;1;10;0;2;5;11;1;
11573;202200007622;800 408;B01;1;7;3;2;2;17;1;
11574;202200007623;800 404;A01;3;7;8;1;1;1;1;
11575;202200007624;800 402;A01;2;33;0;5;1;1;1;
11576;202200007627;800 399;B01;1;1;0;2;8;15;5;
11577;202200007627;800 401;A01;1;10;0;2;2;17;3;
11578;202200007629;800 393;B01;2;7;0;2;1;1;1;
11579;202200007629;800 396;A01;1;7;0;2;1;13;1;
11580;202200007630;800 391;A01;1;33;0;2;1;1;1;
11581;202200007630;800 392;B01;1;7;0;2;4;1;2;
11582;202200007631;800 386;A01;1;37;0;0;6;2;1;1.0
11583;202200007631;800 389;B01;1;50;0;2;2;3;3;
11584;202200007632;800 388;B01;1;33;0;2;1;1;1;
11585;202200007632;800 390;A01;2;7;0;2;7;15;1;
11586;202200007633;800 385;B01;3;33;0;2;7;1;1;
11587;202200007633;800 387;A01;1;7;0;2;1;15;1;
11588;202200007634;800 378;B01;1;1;0;0;4;1;5;
11589;202200007634;800 380;A01;1;7;0;2;1;17;1;
11590;202200007635;800 377;A01;3;7;0;2;2;26;1;
11591;202200007635;800 379;C01;3;7;0;2;5;23;1;
11592;202200007635;800 383;B01;3;7;0;2;6;23;1;
11593;202200007636;800 375;A01;1;33;13;2;1;17;1;
11594;202200007636;800 376;B01;1;21;0;2;6;15;1;
11595;202200007637;800 372;A01;1;1;0;0;1;13;5;
11596;202200007638;800 371;B01;2;10;0;2;1;1;1;
11597;202200007638;800 373;A01;1;7;0;2;3;13;1;
11598;202200007639;800 370;A01;1;33;0;0;7;17;1;
11599;202200007639;800 374;B01;1;7;0;0;3;2;1;
11600;202200007640;800 369;A01;2;7;2;0;1;1;1;
11601;202200007641;800 366;A01;1;7;0;2;1;1;1;
11602;202200007641;800 368;B01;1;10;0;2;3;0;1;
11603;202200007642;800 365;A01;3;7;0;0;3;9;1;
11604;202200007642;800 367;B01;1;31;0;2;0;1;1;
11605;202200007643;800 364;A01;2;7;0;1;0;0;0;
11606;202200007644;800 361;A01;2;7;3;0;3;1;1;
11607;202200007645;800 358;B01;2;7;0;2;1;1;1;
11608;202200007645;800 362;A01;1;7;0;2;1;1;1;
11609;202200007646;800 355;A01;1;2;0;2;1;9;1;
11610;202200007646;800 359;B01;2;7;0;2;1;26;1;
11611;202200007647;800 356;B01;2;7;3;2;1;1;1;
11612;202200007647;800 360;A01;1;7;0;2;3;15;1;
11613;202200007648;800 354;B01;1;7;0;2;2;0;2;
11614;202200007648;800 357;A01;1;10;0;2;3;1;1;
11615;202200007649;800 350;A01;1;7;0;1;1;15;1;
11616;202200007651;800 348;B01;1;7;0;2;5;1;1;
11617;202200007651;800 353;A01;1;33;0;2;1;2;1;
11618;202200007652;800 346;A01;1;7;0;0;1;1;1;
11619;202200007653;800 342;A01;2;33;0;0;8;0;1;
11620;202200007655;800 341;B01;1;7;0;2;1;1;1;
11621;202200007655;800 344;A01;2;7;2;0;3;1;1;
11622;202200007656;800 339;B01;3;7;0;2;4;1;1;
11623;202200007656;800 343;A01;3;33;0;2;1;1;1;
11624;202200007657;800 337;A01;1;7;2;0;1;0;1;
11625;202200007658;800 336;B01;2;80;0;2;4;2;3;
11626;202200007658;800 338;A01;2;7;0;2;2;2;1;
11627;202200007659;800 335;A01;1;17;0;1;3;1;1;
11628;202200007660;800 332;A01;2;33;0;0;7;1;1;
11629;202200007661;800 331;A01;1;33;0;2;1;1;1;
11630;202200007661;800 333;B01;2;10;0;0;7;15;1;
11631;202200007662;800 330;A01;1;1;0;1;1;1;0;
11632;202200007663;800 326;B01;1;2;0;2;1;1;1;
11633;202200007663;800 328;A01;1;10;0;2;3;13;1;
11634;202200007664;800 327;A01;2;7;0;2;3;9;1;
11635;202200007664;800 329;B01;2;33;0;2;7;2;1;
11636;202200007665;800 321;A01;1;7;8;0;9;0;1;
11637;202200007666;800 320;A01;2;10;1;2;3;19;1;
11638;202200007666;800 323;E01;2;17;0;2;6;1;1;
11639;202200007666;800 325;B01;1;17;0;2;2;1;1;
11640;202200007667;800 319;A01;1;7;0;2;1;2;1;
11641;202200007667;800 324;B01;1;10;0;2;4;16;1;
11642;202200007668;800 318;B01;1;99;0;2;6;1;0;
11643;202200007668;800 322;A01;1;99;0;2;3;13;0;
11644;202200007669;800 317;A01;1;7;6;0;1;1;1;
11645;202200007670;800 311;A01;2;33;0;0;8;10;1;
11646;202200007671;800 309;A01;1;15;3;0;3;13;1;
11647;202200007671;800 313;B01;1;15;0;2;1;1;1;
11648;202200007671;800 316;C01;1;7;0;9;1;1;1;
11649;202200007672;800 310;B01;2;37;0;2;1;1;1;2.0
11650;202200007672;800 315;A01;2;37;0;0;4;1;1;1.0
11651;202200007673;800 312;Z01;2;0;-1;1;0;0;-1;
11652;202200007673;800 314;A01;2;30;0;1;1;26;1;
11653;202200007674;800 308;A01;2;7;0;1;1;15;1;
11654;202200007677;800 304;A01;1;7;4;0;3;1;1;
11655;202200007678;800 303;Y01;3;7;0;2;1;2;0;
11656;202200007678;800 306;A01;3;7;0;2;4;23;1;
11657;202200007679;800 302;A01;1;33;0;0;0;2;1;
11658;202200007680;800 299;A01;1;7;0;2;5;15;1;
11659;202200007680;800 301;B01;2;7;0;2;2;1;1;
11660;202200007682;800 294;A01;1;7;8;0;2;13;1;
11661;202200007683;800 293;C01;2;7;0;2;7;17;1;
11662;202200007683;800 295;B01;2;7;0;2;6;2;1;
11663;202200007683;800 297;A01;2;33;0;2;1;2;1;
11664;202200007684;800 292;A01;3;7;0;2;3;15;1;
11665;202200007684;800 298;B01;3;32;0;2;1;2;1;
11666;202200007685;800 286;A01;2;7;0;2;3;1;1;
11667;202200007685;800 290;B01;1;7;0;2;6;9;1;
11668;202200007686;800 288;B01;2;7;0;0;3;2;1;
11669;202200007686;800 291;A01;2;2;0;0;2;2;1;
11670;202200007687;800 285;A01;3;38;0;2;3;5;1;2.0
11671;202200007687;800 289;B01;3;33;0;2;1;1;1;
11672;202200007688;800 284;A01;1;3;0;2;2;15;1;
11673;202200007688;800 287;B01;1;31;0;2;1;1;1;
11674;202200007690;800 279;C01;3;10;0;9;1;1;1;
11675;202200007690;800 281;B01;3;7;0;0;4;1;1;
11676;202200007690;800 283;A01;3;2;0;2;1;1;1;
11677;202200007691;800 278;B01;2;7;0;2;3;1;1;
11678;202200007691;800 282;A01;1;7;0;2;2;13;1;
11679;202200007692;800 277;A01;2;7;0;1;1;26;1;
11680;202200007693;800 275;A01;0;32;2;0;2;1;1;
11681;202200007694;800 272;A01;1;7;0;2;1;1;1;
11682;202200007694;800 274;B01;1;7;0;2;4;23;1;
11683;202200007694;800 276;C01;1;7;0;2;4;15;1;
11684;202200007695;800 271;A01;1;10;0;2;3;1;1;
11685;202200007695;800 273;B01;2;7;0;2;3;5;1;
11686;202200007696;800 268;B01;1;7;0;2;1;1;1;
11687;202200007696;800 270;A01;1;7;0;2;7;19;1;
11688;202200007697;800 267;A01;2;7;2;0;1;0;1;
11689;202200007698;800 265;B01;2;38;0;0;0;5;1;1.0
11690;202200007698;800 269;A01;1;7;6;0;1;1;1;
11691;202200007699;800 264;B01;2;10;0;2;3;0;1;
11692;202200007699;800 266;A01;1;10;0;2;3;0;1;
11693;202200007700;800 262;A01;3;33;0;5;1;21;1;
11694;202200007701;800 260;A01;3;7;0;2;1;9;1;
11695;202200007701;800 263;B01;3;1;0;2;8;5;5;
11696;202200007702;800 259;A01;2;14;0;0;2;17;1;
11697;202200007702;800 261;B01;2;1;0;0;3;15;5;
11698;202200007703;800 257;A01;1;7;2;0;1;21;1;
11699;202200007706;800 252;A01;1;7;0;9;1;17;1;
11700;202200007706;800 254;B01;1;80;0;2;8;15;3;
11701;202200007707;800 248;A01;2;7;0;2;1;1;1;
11702;202200007707;800 251;B01;1;2;0;2;7;15;1;
11703;202200007708;800 249;A01;1;7;0;2;3;13;1;
11704;202200007708;800 253;B01;2;7;0;2;3;1;1;
11705;202200007709;800 247;A01;2;7;0;9;3;15;1;
11706;202200007709;800 250;B01;2;50;0;2;1;25;3;
11707;202200007710;800 245;A01;2;32;17;0;1;14;1;
11708;202200007711;800 244;B01;3;43;0;2;1;1;1;
11709;202200007711;800 246;A01;3;50;0;0;8;19;3;
11710;202200007712;800 242;A01;1;7;13;0;3;1;1;
11711;202200007713;800 241;B01;2;7;0;2;7;1;1;
11712;202200007713;800 243;A01;2;33;0;2;3;14;1;
11713;202200007714;800 237;A01;2;33;2;0;7;1;1;
11714;202200007714;800 239;B01;2;7;0;0;4;1;1;
11715;202200007714;800 240;C01;2;33;0;2;1;1;1;
11716;202200007716;800 233;A01;2;7;6;0;8;13;1;
11717;202200007717;800 232;A01;1;33;0;1;1;1;1;
11718;202200007717;800 234;B01;2;10;0;2;1;1;1;
11719;202200007719;800 227;A01;2;2;0;1;1;1;1;
11720;202200007721;800 226;B01;2;43;0;2;1;1;1;
11721;202200007721;800 231;A01;1;7;0;2;3;15;1;
11722;202200007722;800 224;A01;1;7;0;0;3;1;1;
11723;202200007722;800 229;B01;2;7;0;0;1;19;1;
11724;202200007724;800 220;B01;2;7;0;2;6;21;1;
11725;202200007724;800 221;A01;2;7;0;0;3;1;1;
11726;202200007725;800 217;A01;3;7;0;1;2;1;1;
11727;202200007726;800 219;A01;3;7;0;0;0;1;1;
11728;202200007727;800 218;A01;2;37;0;1;2;1;1;1.0
11729;202200007728;800 215;B01;1;2;0;2;1;1;1;
11730;202200007728;800 216;A01;1;7;0;2;8;13;1;
11731;202200007729;800 213;A01;2;50;0;2;7;15;3;
11732;202200007729;800 214;B01;2;7;0;2;7;17;1;
11733;202200007730;800 211;A01;1;30;1;0;1;1;1;
11734;202200007731;800 212;A01;3;7;0;1;1;1;1;
11735;202200007732;800 210;A01;2;30;9;0;4;1;3;
11736;202200007733;800 209;A01;3;30;0;0;0;0;0;
11737;202200007735;800 206;A01;0;7;0;2;4;23;1;
11738;202200007735;800 208;B01;0;7;0;2;1;2;1;
11739;202200007736;800 200;A01;2;7;0;0;9;17;1;
11740;202200007737;800 201;A01;1;30;0;1;0;25;0;
11741;202200007739;800 195;B01;1;7;0;2;3;1;2;
11742;202200007739;800 199;A01;2;7;0;2;3;5;1;
11743;202200007739;800 202;C01;1;7;0;2;8;1;1;
11744;202200007739;800 203;D01;1;7;0;2;8;1;1;
11745;202200007739;800 204;E01;1;7;0;2;8;1;1;
11746;202200007740;800 193;A01;1;7;0;2;1;17;1;
11747;202200007740;800 196;B01;2;7;0;2;2;1;1;
11748;202200007740;800 198;C01;2;7;0;2;1;1;2;
11749;202200007742;800 190;A01;2;30;0;2;2;0;1;
11750;202200007742;800 191;B01;2;7;0;2;3;9;1;
11751;202200007743;800 189;A01;1;7;0;0;1;1;1;
11752;202200007744;800 187;A01;0;7;0;1;2;1;2;
11753;202200007745;800 186;B01;2;7;0;2;2;2;1;
11754;202200007745;800 188;A01;2;1;0;0;4;2;5;
11755;202200007747;800 183;B01;1;43;0;2;2;17;1;
11756;202200007747;800 185;A01;1;7;0;2;6;16;1;
11757;202200007748;800 184;A01;2;7;0;1;2;1;1;