;Num_Acc;id_vehicule;num_veh;senc;catv;obs;obsm;choc;manv;motor;occutc
11758;202200007749;800 181;A01;0;7;1;0;2;1;1;
11759;202200007750;800 180;A01;2;99;0;2;3;26;1;
11760;202200007751;800 176;A01;1;10;0;1;1;1;1;
11761;202200007752;800 178;A01;2;7;0;1;2;1;1;
11762;202200007753;800 175;A01;1;33;0;2;1;2;1;
11763;202200007753;800 177;B01;1;33;0;0;7;2;1;
11764;202200007753;800 179;C01;1;10;0;0;6;15;1;
11765;202200007754;800 174;A01;3;7;0;1;3;1;1;
11766;202200007755;800 173;A01;1;7;4;0;9;1;1;
11767;202200007756;800 170;A01;1;10;0;2;1;1;0;
11768;202200007756;800 172;B01;2;10;0;2;0;15;0;
11769;202200007757;800 169;A01;1;7;0;2;4;1;1;
11770;202200007757;800 171;B01;1;7;0;2;1;1;1;
11771;202200007758;800 166;A01;2;7;4;2;7;12;1;
11772;202200007758;800 168;B01;2;7;12;2;8;1;1;
11773;202200007759;800 164;B01;3;7;0;2;4;0;1;
11774;202200007759;800 165;C01;3;7;0;2;4;0;1;
11775;202200007759;800 167;D01;-1;7;0;2;1;0;-1;
11776;202200007761;800 158;B01;0;33;0;2;7;17;1;
11777;202200007761;800 160;A01;0;7;0;2;8;17;1;
11778;202200007762;800 159;A01;1;33;0;0;0;1;1;
11779;202200007762;800 161;B01;1;33;0;2;1;1;1;
11780;202200007763;800 156;A01;2;7;0;2;2;13;1;
11781;202200007763;800 157;B01;1;7;0;2;5;13;1;
11782;202200007764;800 153;A01;2;7;6;0;2;0;1;
11783;202200007765;800 152;A01;2;7;0;2;4;1;1;
11784;202200007765;800 154;B01;2;7;0;2;4;2;1;
11785;202200007765;800 155;C01;2;10;0;0;0;0;1;
11786;202200007767;800 147;A01;1;7;2;0;1;13;1;
11787;202200007768;800 148;A01;2;7;0;2;4;1;1;
11788;202200007768;800 149;B01;2;7;0;2;1;2;1;
11789;202200007769;800 145;B01;2;2;0;2;4;1;1;
11790;202200007769;800 146;A01;2;7;0;2;1;1;1;
11791;202200007770;800 142;A01;2;7;0;0;5;16;1;
11792;202200007770;800 143;B01;2;7;0;2;1;1;0;
11793;202200007771;800 141;B01;1;7;0;2;4;2;1;
11794;202200007771;800 144;A01;1;10;0;2;1;2;1;
11795;202200007772;800 139;B01;3;0;0;0;8;18;0;
11796;202200007772;800 140;A01;3;7;0;2;2;16;1;
11797;202200007773;800 136;A01;1;7;0;2;8;11;1;
11798;202200007773;800 138;B01;1;33;0;2;1;3;1;
11799;202200007774;800 134;B01;3;1;0;2;1;1;5;
11800;202200007774;800 135;A01;1;7;0;9;2;15;1;
11801;202200007775;800 131;B01;2;7;0;0;4;2;1;
11802;202200007775;800 132;A01;2;33;0;2;1;2;1;
11803;202200007776;800 130;A01;1;14;0;2;4;2;1;
11804;202200007776;800 133;B01;1;10;0;2;4;2;1;
11805;202200007777;800 129;A01;2;7;15;0;1;1;1;
11806;202200007779;800 127;B01;1;15;0;2;5;2;1;
11807;202200007779;800 128;A01;1;7;0;2;3;2;1;
11808;202200007780;800 124;A01;2;2;12;0;7;1;1;
11809;202200007781;800 122;B01;1;7;0;2;7;1;1;
11810;202200007781;800 123;A01;1;33;0;2;3;13;1;
11811;202200007782;800 120;B01;1;33;0;2;1;1;1;
11812;202200007782;800 121;A01;2;7;0;2;6;15;1;
11813;202200007785;800 116;A01;2;7;1;0;1;13;1;
11814;202200007786;800 113;A01;1;33;0;2;2;17;1;
11815;202200007786;800 115;B01;1;21;0;2;6;15;1;
11816;202200007787;800 112;A01;1;7;0;5;1;1;1;
11817;202200007788;800 111;B01;1;7;0;2;4;2;2;
11818;202200007788;800 114;A01;1;10;0;2;1;2;1;
11819;202200007789;800 110;A01;3;7;8;0;1;0;1;
11820;202200007790;800 107;A01;2;33;0;2;1;13;1;
11821;202200007790;800 108;B01;1;7;0;2;2;1;1;
11822;202200007791;800 103;A01;1;7;0;2;1;2;1;
11823;202200007791;800 105;B01;1;7;0;2;4;2;1;
11824;202200007791;800 106;C01;1;7;0;2;4;2;1;
11825;202200007791;800 109;D01;1;15;0;2;4;2;1;
11826;202200007792;800 101;A01;1;7;0;2;7;15;1;
11827;202200007792;800 102;B01;2;1;0;2;1;1;5;
11828;202200007793;800 097;B01;1;33;0;2;2;1;1;
11829;202200007793;800 099;A01;1;7;0;2;6;11;1;
11830;202200007794;800 094;B01;3;0;0;2;0;0;0;
11831;202200007794;800 096;A01;2;1;0;0;2;2;5;
11832;202200007795;800 095;A01;1;33;0;2;1;3;1;
11833;202200007795;800 098;B01;1;33;0;2;3;13;1;
11834;202200007795;800 100;C01;1;7;0;2;4;1;1;
11835;202200007796;800 093;A01;3;33;13;0;8;1;1;
11836;202200007797;800 091;A01;1;7;2;0;1;1;1;
11837;202200007798;800 088;B01;1;7;0;2;1;1;1;
11838;202200007798;800 089;A01;2;7;0;2;1;15;1;
11839;202200007799;800 087;C01;2;7;0;2;4;1;1;
11840;202200007799;800 090;B01;2;32;0;2;1;3;1;
11841;202200007799;800 092;A01;2;7;0;2;3;1;1;
11842;202200007800;800 086;A01;2;33;0;0;0;1;1;
11843;202200007801;800 084;A01;1;7;0;0;0;1;1;
11844;202200007802;800 083;A01;3;33;13;0;9;1;1;
11845;202200007803;800 082;A01;1;7;0;2;1;2;1;
11846;202200007803;800 085;B01;1;7;0;2;4;1;1;
11847;202200007804;800 081;A01;1;33;0;0;0;1;1;
11848;202200007805;800 077;C01;1;7;0;0;4;1;1;
11849;202200007805;800 079;B01;0;7;0;0;6;24;1;
11850;202200007805;800 080;A01;1;7;1;2;1;1;1;
11851;202200007806;800 076;A01;1;10;0;2;1;2;1;
11852;202200007806;800 078;B01;1;7;0;2;4;1;1;
11853;202200007807;800 074;B01;0;1;0;2;1;26;5;
11854;202200007807;800 075;A01;2;7;0;9;2;1;1;
11855;202200007808;800 071;A01;0;33;0;2;0;17;1;
11856;202200007808;800 073;B01;0;7;0;2;6;1;1;
11857;202200007809;800 069;C01;1;7;0;2;0;0;1;
11858;202200007809;800 070;A01;1;31;0;2;1;1;1;
11859;202200007809;800 072;B01;1;7;0;2;0;0;1;
11860;202200007810;800 067;B01;2;30;0;2;1;1;1;
11861;202200007810;800 068;A01;1;7;0;2;2;15;2;
11862;202200007811;800 064;B01;3;7;0;0;7;1;1;
11863;202200007811;800 065;A01;3;10;0;2;1;0;1;
11864;202200007812;800 063;B01;1;10;1;0;1;1;1;
11865;202200007812;800 066;A01;1;7;0;2;4;24;1;
11866;202200007813;800 061;A01;2;7;13;0;0;1;1;
11867;202200007814;800 058;B01;3;1;0;2;1;26;5;
11868;202200007814;800 060;A01;2;7;0;2;3;15;1;
11869;202200007816;800 054;A01;2;2;13;0;0;1;1;
11870;202200007817;800 055;B01;2;1;0;0;8;23;5;
11871;202200007817;800 057;B01;0;1;0;0;0;23;5;
11872;202200007817;800 059;A01;1;7;0;0;1;1;1;
11873;202200007818;800 053;A01;0;7;6;0;7;1;1;
11874;202200007820;800 051;A01;1;33;3;0;3;26;1;
11875;202200007821;800 049;A01;1;7;2;0;2;1;1;
11876;202200007822;800 045;A01;1;7;0;2;1;2;1;
11877;202200007822;800 046;B01;1;7;0;2;1;2;1;
11878;202200007822;800 047;C01;1;7;0;0;4;2;1;
11879;202200007823;800 042;B01;1;7;0;2;3;1;1;
11880;202200007823;800 043;A01;2;7;0;2;3;13;1;
11881;202200007824;800 044;A01;1;1;0;2;7;18;5;
11882;202200007824;800 048;B01;1;37;0;2;7;1;1;1.0
11883;202200007825;800 039;A01;2;2;0;2;8;15;1;
11884;202200007825;800 041;B01;1;7;0;2;3;15;0;
11885;202200007826;800 038;B01;1;7;0;2;1;1;1;
11886;202200007826;800 040;A01;1;7;0;2;5;19;1;
11887;202200007828;800 034;B01;2;33;0;2;1;1;0;
11888;202200007828;800 035;A01;2;7;0;2;2;10;0;
11889;202200007829;800 031;A01;1;7;0;0;4;23;1;
11890;202200007829;800 032;B01;1;31;0;2;0;0;1;
11891;202200007829;800 033;C01;1;7;0;2;1;2;1;
11892;202200007830;800 028;B01;1;33;0;2;0;0;1;
11893;202200007830;800 030;A01;3;7;0;2;0;26;1;
11894;202200007831;800 026;A01;2;7;0;1;3;1;1;
11895;202200007832;800 024;A01;2;7;0;1;1;1;1;
11896;202200007833;800 025;A01;2;7;2;0;9;14;1;
11897;202200007834;800 022;B01;1;2;0;2;1;1;1;
11898;202200007834;800 023;A01;2;7;0;2;8;15;1;
11899;202200007835;800 021;A01;0;0;0;1;1;1;0;
11900;202200007836;800 020;A01;1;7;14;1;1;1;1;
11901;202200007837;800 019;A01;3;99;2;0;2;1;3;
11902;202200007838;800 017;A01;2;7;1;0;0;26;1;
11903;202200007838;800 018;B01;2;30;1;0;8;1;1;
11904;202200007839;800 014;A01;1;33;0;2;8;10;1;
11905;202200007839;800 016;B01;1;33;0;2;1;2;1;
11906;202200007840;800 013;A01;1;7;0;2;3;9;1;
11907;202200007840;800 015;B01;2;1;0;2;1;1;5;
11908;202200007842;800 010;B01;2;99;0;2;1;1;3;
11909;202200007842;800 011;A01;2;7;0;2;5;16;1;
11910;202200007843;800 009;A01;0;7;8;0;1;13;1;
11911;202200007844;800 007;A01;1;31;0;2;1;17;1;
11912;202200007844;800 008;B01;1;10;0;2;3;15;1;
11913;202200007845;800 005;B01;1;50;0;2;1;1;3;
11914;202200007845;800 006;A01;2;7;0;2;1;19;1;
11915;202200007846;800 002;B01;2;7;0;2;3;15;0;
11916;202200007846;800 003;A01;3;7;0;2;3;15;1;
11917;202200007847;800 000;A01;2;10;0;2;3;2;1;
11918;202200007847;800 001;B01;2;7;0;2;4;15;1;
11919;202200007848;799 999;A01;3;50;0;1;1;1;3;
11920;202200007849;799 997;B01;1;7;3;2;3;2;1;
11921;202200007849;799 998;A01;1;7;0;2;5;2;1;
11922;202200007850;799 995;B01;1;31;0;2;8;21;1;
11923;202200007850;799 996;A01;1;33;0;2;7;21;1;
11924;202200007851;799 994;A01;0;30;0;1;4;21;1;
11925;202200007852;799 993;A01;2;30;12;0;1;14;1;
11926;202200007853;799 992;Z01;1;7;0;1;0;0;0;
11927;202200007855;799 989;A01;2;33;0;2;1;17;1;
11928;202200007855;799 990;B01;3;30;0;2;3;15;1;
11929;202200007856;799 987;B01;1;10;0;2;3;1;1;
11930;202200007856;799 988;A01;2;33;0;2;3;1;1;
11931;202200007857;799 985;A01;2;1;0;9;1;17;5;
11932;202200007857;799 986;B01;3;50;0;2;1;1;3;
11933;202200007858;799 983;A01;3;7;0;2;5;4;1;
11934;202200007858;799 984;B01;3;1;0;2;1;1;5;
11935;202200007859;799 981;B01;1;7;0;2;1;16;1;
11936;202200007859;799 982;A01;2;2;0;2;1;1;1;
11937;202200007860;799 979;B01;3;50;0;2;7;19;3;
11938;202200007860;799 980;A01;1;14;0;2;1;1;1;
11939;202200007861;799 977;B01;2;10;0;2;6;1;1;
11940;202200007861;799 978;A01;2;7;0;2;2;12;1;
11941;202200007862;799 976;A01;1;32;0;1;1;18;1;
11942;202200007863;799 975;A01;1;7;10;0;1;19;1;
11943;202200007865;799 971;B01;1;31;0;2;8;18;1;
11944;202200007865;799 972;A01;1;7;0;2;7;14;1;
11945;202200007866;799 969;A01;1;31;0;2;1;3;1;
11946;202200007866;799 970;B01;1;7;0;0;6;11;1;
11947;202200007867;799 967;A01;1;7;0;2;1;1;1;
11948;202200007867;799 968;B01;1;2;0;2;4;1;1;
11949;202200007868;799 965;B01;2;2;0;2;1;1;1;
11950;202200007868;799 966;A01;3;7;0;2;6;15;2;
11951;202200007869;799 963;A01;1;7;0;2;7;15;1;
11952;202200007869;799 964;B01;2;31;0;2;1;1;1;
11953;202200007870;799 961;B01;1;7;0;2;4;1;2;
11954;202200007870;799 962;A01;1;7;0;2;1;1;2;
11955;202200007871;799 959;A01;1;7;0;9;3;9;1;
11956;202200007871;799 960;B01;1;1;0;2;1;26;5;
11957;202200007872;799 957;B01;3;7;0;2;4;2;1;
11958;202200007872;799 958;A01;3;7;0;2;1;2;1;
11959;202200007873;799 954;A01;3;10;0;2;4;2;1;
11960;202200007873;799 955;B01;3;2;0;2;1;3;1;
11961;202200007873;799 956;C01;3;15;0;2;4;1;1;
11962;202200007874;799 952;B01;1;30;0;2;1;1;1;
11963;202200007874;799 953;Z01;2;7;0;2;3;19;0;
11964;202200007875;799 951;A01;0;10;0;1;3;1;3;
11965;202200007876;799 950;A01;0;7;0;1;1;0;1;
11966;202200007877;799 948;B01;1;7;0;9;2;23;1;
11967;202200007877;799 949;A01;0;1;0;2;1;25;5;
11968;202200007879;799 945;A01;3;7;16;0;1;1;1;
11969;202200007880;799 943;B01;1;1;0;2;7;2;5;
11970;202200007880;799 944;A01;1;7;0;9;1;2;1;
11971;202200007881;799 942;A01;3;7;0;1;2;1;1;
11972;202200007882;799 940;B01;1;1;0;0;4;1;5;
11973;202200007882;799 941;A01;1;10;0;2;2;2;1;
11974;202200007883;799 938;B01;2;7;0;2;1;1;1;
11975;202200007883;799 939;A01;1;1;0;2;0;0;5;
11976;202200007884;799 937;A01;1;32;0;1;2;2;1;
11977;202200007885;799 936;A01;1;7;0;1;1;1;1;
11978;202200007886;799 935;A01;1;7;6;0;1;26;1;
11979;202200007887;799 933;A01;1;7;0;1;3;1;1;
11980;202200007887;799 934;C01;1;7;0;2;0;1;1;
11981;202200007888;799 931;B01;2;7;0;2;8;15;1;
11982;202200007888;799 932;A01;1;7;7;0;8;24;1;
11983;202200007889;799 929;B01;2;31;0;2;3;1;1;
11984;202200007889;799 930;A01;1;7;0;2;1;15;1;
11985;202200007890;799 928;A01;1;50;0;0;0;1;3;
11986;202200007891;799 926;A01;1;7;0;2;6;1;1;
11987;202200007891;799 927;B01;1;33;0;2;6;1;1;
11988;202200007892;799 924;A01;1;30;0;2;1;2;1;
11989;202200007892;799 925;B01;1;7;0;2;4;2;1;
11990;202200007893;799 922;B01;3;1;0;2;1;9;5;
11991;202200007893;799 923;A01;1;7;0;2;2;1;1;
11992;202200007894;799 920;A01;1;7;0;2;3;17;1;
11993;202200007894;799 921;B01;2;38;0;2;3;1;0;1.0
11994;202200007895;799 917;A01;1;7;0;1;1;15;1;
11995;202200007896;799 915;B01;3;80;0;2;7;15;3;
11996;202200007896;799 916;A01;0;7;0;0;0;0;1;
11997;202200007897;799 913;B01;2;7;0;2;6;2;1;
11998;202200007897;799 914;A01;2;33;0;2;1;2;1;
11999;202200007898;799 911;B01;1;30;0;2;7;1;1;
12000;202200007898;799 912;A01;3;7;0;2;3;15;1;
12001;202200007899;799 909;B01;2;1;0;2;4;1;5;
12002;202200007899;799 910;A01;2;7;0;2;2;16;1;
12003;202200007901;799 906;A01;0;30;0;2;1;1;1;
12004;202200007901;799 907;B01;0;7;0;2;4;23;1;
12005;202200007902;799 904;A01;2;7;0;9;2;1;1;
12006;202200007902;799 905;B01;3;50;0;2;1;19;3;
12007;202200007903;799 902;A01;3;7;15;0;1;9;1;
12008;202200007904;799 899;A01;2;7;0;2;2;9;1;
12009;202200007904;799 900;B01;2;50;0;2;7;1;3;
12010;202200007905;799 896;A01;3;7;0;1;1;16;1;
12011;202200007906;799 895;A01;2;7;0;2;3;15;1;
12012;202200007906;799 897;B01;1;33;15;2;1;1;1;
12013;202200007907;799 891;B01;1;7;0;2;3;1;1;
12014;202200007907;799 894;A01;1;7;8;2;2;9;1;
12015;202200007908;799 892;B01;3;1;0;2;4;2;5;
12016;202200007908;799 893;Z01;3;7;0;2;1;2;0;
12017;202200007909;799 888;A01;2;1;0;2;8;19;5;
12018;202200007909;799 890;B01;1;7;0;9;2;1;1;
12019;202200007910;799 887;A01;3;7;0;2;3;9;1;
12020;202200007910;799 889;B01;2;2;0;2;2;17;1;
12021;202200007911;799 884;B01;2;7;0;2;5;2;1;
12022;202200007911;799 886;A01;2;30;0;2;1;9;1;
12023;202200007912;799 883;A01;2;10;0;2;0;0;1;
12024;202200007912;799 885;B01;1;7;0;2;8;1;1;
12025;202200007913;799 880;A01;3;7;14;0;3;13;1;
12026;202200007914;799 875;D01;1;7;0;2;1;1;2;
12027;202200007914;799 876;C01;1;7;0;2;4;1;1;
12028;202200007914;799 877;B01;1;7;0;2;1;1;1;
12029;202200007914;799 879;A01;1;7;0;2;6;1;0;
12030;202200007915;799 874;B01;3;10;0;2;1;0;0;
12031;202200007915;799 878;A01;3;7;0;2;1;26;1;
12032;202200007916;799 871;A01;3;1;0;2;1;5;5;
12033;202200007916;799 873;B01;3;33;0;2;1;1;1;
12034;202200007917;799 872;A01;2;50;0;0;1;1;3;
12035;202200007918;799 870;A01;1;30;14;0;1;26;3;
12036;202200007919;799 868;A01;2;1;0;2;8;15;5;
12037;202200007919;799 869;B01;2;7;0;2;2;1;1;
12038;202200007920;799 866;A01;1;7;0;2;3;15;1;
12039;202200007920;799 867;B01;2;33;0;2;8;1;1;
12040;202200007921;799 865;A01;3;7;0;1;1;1;1;
12041;202200007922;799 861;A01;3;7;0;2;8;19;1;
12042;202200007922;799 863;B01;3;2;0;2;1;17;1;
12043;202200007923;799 862;B01;2;7;0;2;3;21;1;
12044;202200007923;799 864;A01;1;10;0;2;3;17;1;
12045;202200007924;799 857;A01;2;7;0;2;3;13;1;
12046;202200007924;799 858;B01;1;10;3;2;3;1;1;
12047;202200007924;799 859;C01;1;10;0;2;3;1;1;
12048;202200007925;799 856;A01;3;7;0;2;4;1;0;
12049;202200007925;799 860;B01;3;7;0;2;1;1;0;
12050;202200007926;799 853;B01;2;31;0;2;1;1;1;
12051;202200007926;799 855;A01;2;7;0;2;5;19;1;
12052;202200007927;799 852;A01;3;3;0;0;3;0;1;
12053;202200007927;799 854;B01;3;7;0;0;6;0;1;
12054;202200007928;799 850;A01;1;7;0;9;0;15;1;
12055;202200007928;799 851;B01;3;1;0;2;0;0;5;
12056;202200007929;799 847;A01;2;7;0;2;8;1;2;
12057;202200007929;799 848;B01;1;7;0;2;8;0;1;
12058;202200007929;799 849;C01;1;1;0;2;1;0;5;
12059;202200007930;799 846;A01;2;7;0;1;1;1;1;
12060;202200007931;799 842;B01;2;30;0;2;8;1;1;
12061;202200007931;799 844;A01;1;7;0;2;3;15;1;
12062;202200007932;799 841;A01;1;7;0;2;1;1;1;
12063;202200007932;799 843;B01;1;7;0;2;4;23;1;
12064;202200007932;799 845;C01;1;7;0;2;4;23;1;
12065;202200007933;799 839;A01;2;7;0;2;1;15;1;
12066;202200007933;799 840;B01;1;34;0;2;1;1;1;
12067;202200007935;799 835;B01;1;7;0;2;1;1;1;
12068;202200007935;799 836;A01;1;7;0;2;2;15;1;
12069;202200007936;799 833;B01;1;7;0;2;8;1;1;
12070;202200007936;799 834;A01;2;21;0;2;1;19;1;
12071;202200007937;799 832;A01;0;7;6;0;0;0;1;
12072;202200007938;799 831;A01;1;1;0;1;1;1;5;
12073;202200007939;799 830;B01;0;31;0;2;0;0;1;
12074;202200007940;799 827;B01;2;30;0;2;1;1;1;
12075;202200007940;799 829;A01;2;30;0;2;4;23;1;
12076;202200007941;799 826;A01;2;33;0;2;1;17;1;
12077;202200007941;799 828;B01;2;7;0;2;8;15;1;
12078;202200007942;799 822;A01;0;10;0;2;1;15;1;
12079;202200007942;799 824;B01;0;1;0;2;8;15;5;
12080;202200007944;799 819;A01;1;7;0;1;1;1;1;
12081;202200007945;799 817;A01;1;7;0;2;1;2;1;
12082;202200007945;799 818;B01;1;7;0;2;4;2;1;
12083;202200007945;799 820;C01;1;7;0;2;4;2;2;
12084;202200007945;799 821;D01;1;7;0;2;4;2;1;
12085;202200007946;799 816;A01;1;1;14;0;0;1;5;
12086;202200007947;799 813;B01;2;34;0;2;4;2;1;
12087;202200007947;799 815;A01;2;33;0;2;1;2;1;
12088;202200007948;799 812;A01;1;10;0;2;7;15;1;
12089;202200007948;799 814;B01;2;32;0;2;1;1;1;
12090;202200007949;799 810;A01;2;33;0;2;1;3;1;
12091;202200007949;799 811;B01;2;7;0;2;7;12;1;
12092;202200007950;799 808;B01;1;7;0;2;5;23;1;
12093;202200007950;799 809;A01;1;31;0;2;1;11;1;
12094;202200007951;799 807;A01;1;32;0;0;7;16;1;
12095;202200007952;799 804;A01;1;7;0;2;1;2;1;
12096;202200007952;799 806;B01;1;7;0;2;4;2;1;
12097;202200007953;799 805;A01;2;7;0;1;7;16;1;
12098;202200007955;799 801;A01;3;50;0;0;7;1;3;
12099;202200007956;799 798;B01;3;32;0;2;1;1;1;
12100;202200007956;799 800;A01;3;7;0;2;2;1;2;
12101;202200007957;799 797;A01;3;7;0;2;3;9;1;
12102;202200007957;799 799;B01;3;7;0;2;2;1;1;
12103;202200007958;799 794;A01;3;7;1;0;2;1;1;
12104;202200007959;799 795;Z01;1;7;0;2;1;13;1;
12105;202200007959;799 796;A01;2;1;0;2;1;1;5;
12106;202200007961;799 791;B01;2;7;0;2;3;15;2;
12107;202200007961;799 792;A01;2;2;0;2;2;17;1;
12108;202200007962;799 790;A01;3;7;0;0;9;1;1;
12109;202200007963;799 788;A01;2;1;0;2;2;15;5;
12110;202200007963;799 789;Z01;1;30;0;2;1;1;0;
12111;202200007964;799 786;B01;1;7;0;2;1;0;1;
12112;202200007964;799 787;A01;2;7;0;2;2;0;1;
12113;202200007965;799 784;A01;1;10;0;2;1;2;1;
12114;202200007965;799 785;B01;1;7;0;2;4;2;1;
12115;202200007967;799 782;A01;1;1;0;0;1;1;5;
12116;202200007968;799 779;A01;3;33;0;2;0;26;1;
12117;202200007968;799 781;B01;3;7;0;2;1;26;1;
12118;202200007969;799 778;A01;2;31;0;2;1;11;1;
12119;202200007969;799 780;B01;2;7;0;2;4;1;1;
12120;202200007970;799 776;B01;2;30;0;2;1;15;1;
12121;202200007970;799 777;A01;1;7;0;2;3;16;1;
12122;202200007971;799 773;B01;2;50;0;2;8;1;3;
12123;202200007971;799 775;A01;1;10;0;2;1;1;3;
12124;202200007972;799 774;A01;3;7;8;0;1;1;1;
12125;202200007973;799 771;A01;1;1;0;1;1;1;5;
12126;202200007974;799 770;B01;3;7;0;2;1;16;1;
12127;202200007974;799 772;A01;3;99;0;2;1;5;3;
12128;202200007975;799 769;A01;2;7;14;0;3;1;1;
12129;202200007976;799 768;A01;3;30;6;0;0;1;1;
12130;202200007979;799 763;A01;3;10;0;2;1;9;1;
12131;202200007979;799 764;B01;3;50;0;2;8;19;3;
12132;202200007980;799 761;B01;1;31;0;2;8;1;1;
12133;202200007980;799 762;A01;1;31;0;2;7;16;1;
12134;202200007981;799 757;A01;1;7;0;2;3;13;1;
12135;202200007981;799 758;B01;1;34;0;2;1;1;1;
12136;202200007982;799 755;B01;2;50;0;2;6;26;3;
12137;202200007982;799 756;A01;2;30;0;2;6;17;3;
12138;202200007983;799 752;A01;2;7;2;0;1;21;1;
12139;202200007985;799 748;B01;3;7;0;2;4;1;2;
12140;202200007985;799 750;Z01;3;10;0;2;1;2;1;
12141;202200007986;799 749;B01;3;1;0;2;4;23;5;
12142;202200007986;799 751;A01;1;7;0;2;3;2;1;
12143;202200007987;799 745;B01;3;1;0;0;0;0;5;
12144;202200007987;799 747;A01;3;7;0;2;0;15;1;
12145;202200007988;799 744;A01;1;7;0;2;8;16;0;
12146;202200007988;799 746;B01;1;7;0;2;1;1;0;
12147;202200007989;799 742;A01;2;10;0;1;2;1;0;
12148;202200007990;799 740;A01;2;7;0;2;1;2;2;
12149;202200007990;799 741;C01;2;31;0;2;1;3;1;
12150;202200007990;799 743;B01;2;7;0;2;4;2;1;
12151;202200007991;799 736;A01;3;7;0;2;6;23;1;
12152;202200007991;799 738;B01;3;30;0;2;7;1;1;
12153;202200007993;799 734;A01;1;7;1;0;2;14;1;
12154;202200007994;799 731;A01;1;7;0;2;4;2;1;
12155;202200007994;799 732;B01;1;7;0;2;4;2;1;
12156;202200007994;799 733;C01;1;7;0;2;1;1;1;
12157;202200007994;799 735;D01;1;7;0;2;1;1;1;
12158;202200007995;799 730;A01;2;7;0;1;1;15;1;
12159;202200007997;799 728;Z01;1;7;0;1;1;7;1;
12160;202200007998;799 726;B01;1;37;0;2;3;1;1;2.0
12161;202200007998;799 727;A01;1;7;0;2;0;0;0;
12162;202200007999;799 724;A01;1;32;0;2;1;2;1;
12163;202200007999;799 725;B01;1;10;0;2;5;23;1;
12164;202200008000;799 723;A01;1;7;0;1;1;1;1;
12165;202200008002;799 720;A01;2;7;0;1;3;1;2;
12166;202200008003;799 719;A01;1;7;0;9;3;9;1;
12167;202200008003;799 721;B01;1;50;0;2;7;1;3;
12168;202200008004;799 716;B01;3;7;0;2;8;1;2;
12169;202200008004;799 718;A01;3;30;0;2;1;1;1;
12170;202200008005;799 715;A01;1;30;0;2;1;9;1;
12171;202200008005;799 717;B01;3;1;0;2;8;19;5;
12172;202200008006;799 713;B01;1;1;0;2;3;9;5;
12173;202200008006;799 714;A01;1;33;0;2;2;1;1;
12174;202200008007;799 712;A01;1;43;0;1;1;9;1;
12175;202200008009;799 708;A01;1;17;0;2;0;16;1;
12176;202200008009;799 709;B01;1;30;0;2;0;18;1;
12177;202200008010;799 706;A01;1;10;0;1;2;16;3;
12178;202200008011;799 705;A01;2;7;0;2;1;1;1;
12179;202200008011;799 707;B01;1;1;0;2;8;19;5;
12180;202200008012;799 703;A01;1;10;8;0;1;21;1;
12181;202200008013;799 702;B01;1;50;0;2;1;1;3;
12182;202200008013;799 704;A01;1;7;0;2;8;22;1;
12183;202200008014;799 699;B01;0;7;0;2;3;9;1;
12184;202200008014;799 701;A01;0;31;0;2;1;26;1;
12185;202200008015;799 698;A01;1;7;0;2;3;15;1;
12186;202200008015;799 700;B01;2;33;0;2;3;1;1;
12187;202200008016;799 695;B01;1;7;0;2;3;15;1;
12188;202200008016;799 697;A01;1;2;0;2;1;7;1;
12189;202200008017;799 694;B01;1;7;0;2;4;2;2;
12190;202200008017;799 696;A01;1;30;0;2;1;2;3;
12191;202200008018;799 692;A01;1;7;8;0;2;13;1;
12192;202200008019;799 691;A01;1;31;0;2;2;1;1;
12193;202200008019;799 693;B01;1;10;0;2;3;15;1;
12194;202200008021;799 686;C01;2;7;0;2;1;1;1;
12195;202200008021;799 687;B01;2;33;0;2;9;1;1;
12196;202200008021;799 688;A01;2;7;0;2;1;9;0;
12197;202200008022;799 685;A01;1;30;0;0;0;1;1;
12198;202200008023;799 681;B01;1;33;0;2;3;1;1;
12199;202200008023;799 683;A01;3;50;0;2;2;1;3;
12200;202200008024;799 678;E01;2;10;0;2;1;2;1;
12201;202200008024;799 679;D01;2;10;0;0;4;1;1;
12202;202200008024;799 680;C01;1;7;0;2;1;1;1;
12203;202200008024;799 682;B01;1;7;0;2;3;1;1;
12204;202200008024;799 684;A01;2;10;2;2;3;13;1;
12205;202200008025;799 677;A01;1;1;14;0;2;14;5;
12206;202200008026;799 674;B01;2;33;0;2;1;1;1;
12207;202200008026;799 676;A01;1;7;0;2;5;15;1;
12208;202200008027;799 673;A01;1;7;0;2;1;1;1;
12209;202200008027;799 675;B01;1;7;0;2;3;1;1;
12210;202200008028;799 669;A01;2;34;0;2;1;17;1;
12211;202200008028;799 671;B01;1;7;0;2;3;1;1;
12212;202200008029;799 668;A01;1;7;0;2;1;1;1;
12213;202200008029;799 670;B01;2;7;0;2;2;2;1;
12214;202200008029;799 672;C01;1;7;14;0;6;1;1;
12215;202200008030;799 663;C01;1;7;0;1;3;5;1;
12216;202200008030;799 666;B01;1;7;0;2;8;5;1;
12217;202200008030;799 667;A01;1;10;0;2;3;13;1;
12218;202200008031;799 664;A01;0;7;0;2;1;1;1;