;Num_Acc;id_vehicule;num_veh;senc;catv;obs;obsm;choc;manv;motor;occutc
12219;202200008031;799 665;B01;0;7;0;2;2;15;1;
12220;202200008032;799 662;A01;0;7;0;0;0;1;1;
12221;202200008033;799 659;A01;0;7;0;2;4;2;1;
12222;202200008033;799 660;B01;0;43;0;2;9;2;1;
12223;202200008033;799 661;C01;0;7;0;2;1;2;1;
12224;202200008034;799 657;A01;1;3;0;2;2;15;1;
12225;202200008034;799 658;B01;2;7;0;2;1;1;1;
12226;202200008035;799 656;A01;2;7;1;1;3;1;1;
12227;202200008036;799 655;A01;1;50;0;0;0;1;3;
12228;202200008038;799 652;A01;2;7;0;2;2;1;1;
12229;202200008038;799 654;B01;1;7;0;2;1;1;1;
12230;202200008039;799 649;A01;2;10;0;2;1;1;1;
12231;202200008039;799 651;B01;1;7;0;2;1;1;1;
12232;202200008040;799 645;B01;0;7;0;2;3;1;1;
12233;202200008040;799 646;A01;3;7;0;0;3;5;1;
12234;202200008041;799 647;A01;2;30;1;2;1;18;1;
12235;202200008041;799 648;B01;1;7;0;2;2;15;1;
12236;202200008041;799 650;C01;2;7;0;2;6;24;1;
12237;202200008043;799 642;B01;3;7;0;9;0;0;1;
12238;202200008043;799 643;A01;3;50;0;2;2;16;3;
12239;202200008044;799 640;A01;1;10;0;2;1;1;1;
12240;202200008044;799 641;B01;1;17;0;0;4;15;1;
12241;202200008045;799 639;A01;2;7;0;1;1;15;1;
12242;202200008046;799 638;A01;1;7;0;1;2;22;1;
12243;202200008047;799 637;A01;2;7;0;1;1;1;1;
12244;202200008048;799 636;A01;2;7;2;0;1;1;1;
12245;202200008049;799 635;A01;1;3;0;1;4;20;0;
12246;202200008051;799 633;A01;2;7;15;0;7;1;1;
12247;202200008052;799 630;B01;1;2;0;2;1;1;1;
12248;202200008052;799 632;A01;1;7;0;2;2;15;1;
12249;202200008054;799 627;B01;1;10;0;2;4;2;1;
12250;202200008054;799 628;A01;1;10;0;2;0;0;0;
12251;202200008055;799 625;B01;2;7;0;2;1;1;1;
12252;202200008055;799 626;A01;1;7;4;2;7;13;1;
12253;202200008056;799 623;A01;1;7;0;0;2;2;1;
12254;202200008056;799 624;B01;1;50;0;0;3;2;3;
12255;202200008057;799 621;B01;0;7;0;2;1;1;1;
12256;202200008057;799 622;A01;0;7;0;2;8;9;1;
12257;202200008058;799 620;A01;1;33;0;6;1;1;1;
12258;202200008059;799 617;B01;1;7;0;2;8;1;1;
12259;202200008059;799 618;A01;1;7;0;2;1;16;1;
12260;202200008060;799 616;B01;2;7;0;2;3;16;1;
12261;202200008060;799 619;A01;1;17;0;2;6;16;1;
12262;202200008061;799 615;A01;1;2;6;0;1;1;1;
12263;202200008062;799 614;A01;1;7;2;0;3;1;2;
12264;202200008064;799 608;A01;1;7;14;0;1;1;1;
12265;202200008065;799 609;A01;1;7;15;0;6;15;1;
12266;202200008065;799 611;B01;1;7;0;2;1;17;1;
12267;202200008066;799 605;B01;3;2;0;2;1;1;1;
12268;202200008066;799 607;A01;3;10;0;2;3;1;1;
12269;202200008067;799 604;A01;1;7;0;2;1;2;1;
12270;202200008067;799 606;B01;1;7;0;2;4;2;1;
12271;202200008068;799 603;A01;1;2;0;2;1;21;1;
12272;202200008069;799 602;A01;3;10;0;1;6;0;1;
12273;202200008070;799 601;A01;2;7;0;0;9;1;1;
12274;202200008072;799 598;A01;2;7;0;2;1;1;1;
12275;202200008072;799 600;B01;2;3;0;2;4;1;1;
12276;202200008073;799 596;A01;1;7;3;2;1;5;1;
12277;202200008073;799 597;B01;2;15;0;2;1;23;1;
12278;202200008074;799 594;A01;1;7;0;1;3;1;1;
12279;202200008075;799 592;B01;2;2;16;0;1;1;1;
12280;202200008075;799 593;A01;1;7;0;0;3;15;1;
12281;202200008077;799 588;B01;1;7;8;2;1;1;1;
12282;202200008077;799 590;A01;2;7;13;2;7;9;1;
12283;202200008078;799 586;A01;1;7;0;2;1;13;1;
12284;202200008078;799 587;B01;1;7;0;2;1;26;1;
12285;202200008079;799 584;A01;1;7;0;2;1;13;1;
12286;202200008079;799 585;B01;2;7;0;2;3;1;1;
12287;202200008080;799 582;B01;1;7;0;2;1;1;1;
12288;202200008080;799 583;A01;2;10;0;2;1;17;1;
12289;202200008081;799 580;B01;2;1;0;0;4;1;5;
12290;202200008081;799 581;A01;2;7;0;9;2;17;1;
12291;202200008082;799 579;A01;2;33;0;0;8;1;1;
12292;202200008083;799 578;A01;2;2;5;0;1;0;1;
12293;202200008086;799 572;A01;1;1;0;2;2;1;5;
12294;202200008086;799 573;B01;1;7;0;9;2;16;1;
12295;202200008087;799 569;B01;2;7;0;2;1;1;1;
12296;202200008087;799 571;A01;1;10;13;2;3;19;1;
12297;202200008088;799 570;A01;2;7;6;0;1;26;1;
12298;202200008089;799 567;B01;1;7;0;9;2;17;1;
12299;202200008089;799 568;A01;1;1;0;2;8;15;5;
12300;202200008090;799 566;A01;2;7;2;0;0;1;1;
12301;202200008091;799 563;A01;1;7;0;9;2;1;1;
12302;202200008091;799 565;B01;2;1;0;2;1;1;5;
12303;202200008092;799 562;B01;2;7;0;2;4;1;1;
12304;202200008092;799 564;A01;2;7;0;0;1;1;1;
12305;202200008093;799 561;A01;3;7;13;0;1;0;1;
12306;202200008094;799 560;A01;2;33;0;6;1;1;1;
12307;202200008095;799 557;A01;0;2;0;2;2;1;1;
12308;202200008095;799 559;B01;0;7;0;2;8;9;1;
12309;202200008096;799 556;A01;1;2;0;2;1;15;1;
12310;202200008096;799 558;B01;1;7;0;2;2;17;1;
12311;202200008097;799 553;A01;1;33;0;0;1;2;1;
12312;202200008097;799 555;B01;1;7;0;0;4;2;3;
12313;202200008098;799 552;A01;2;7;0;2;2;2;1;
12314;202200008098;799 554;B01;2;7;3;0;4;2;1;
12315;202200008099;799 551;A01;2;7;13;0;1;1;1;
12316;202200008100;799 548;B01;1;7;3;2;7;17;1;
12317;202200008100;799 550;A01;1;7;0;2;8;11;1;
12318;202200008101;799 547;B01;1;7;0;2;1;1;1;
12319;202200008101;799 549;A01;2;7;0;2;1;17;1;
12320;202200008102;799 546;A01;2;7;13;0;3;14;1;
12321;202200008103;799 543;A01;2;33;13;0;3;13;1;
12322;202200008104;799 544;A01;2;31;0;2;7;19;1;
12323;202200008104;799 545;B01;2;7;0;2;3;1;1;
12324;202200008106;799 539;C01;2;7;0;2;2;17;1;
12325;202200008106;799 540;B01;2;10;1;0;1;1;1;
12326;202200008106;799 542;A01;2;10;13;0;4;23;1;
12327;202200008107;799 538;A01;0;33;6;0;1;1;1;
12328;202200008110;799 532;C01;1;7;0;2;1;1;1;
12329;202200008110;799 534;B01;1;7;0;2;1;1;1;
12330;202200008110;799 535;A01;2;7;0;2;1;13;1;
12331;202200008111;799 531;A01;1;34;0;2;1;1;1;
12332;202200008111;799 533;B01;1;7;0;2;7;15;1;
12333;202200008112;799 530;A01;0;7;0;1;2;1;0;
12334;202200008113;799 528;B01;1;7;0;2;1;1;1;
12335;202200008113;799 529;A01;2;2;0;2;1;5;1;
12336;202200008114;799 525;A01;1;33;3;0;2;0;1;
12337;202200008115;799 526;A01;-1;7;2;0;7;0;0;
12338;202200008116;799 522;A01;1;7;0;5;2;1;1;
12339;202200008117;799 523;A01;1;7;0;2;2;19;1;
12340;202200008117;799 524;B01;1;33;0;2;1;1;1;
12341;202200008118;799 521;A01;0;7;2;0;3;1;1;
12342;202200008119;799 520;A01;2;7;3;0;1;0;1;
12343;202200008120;799 517;A01;3;7;0;2;1;13;1;
12344;202200008120;799 519;B01;3;7;0;2;3;1;1;
12345;202200008121;799 515;A01;2;7;15;0;9;14;1;
12346;202200008122;799 516;B01;0;7;0;2;3;17;1;
12347;202200008122;799 518;A01;0;7;0;0;8;1;1;
12348;202200008125;799 509;A01;2;7;0;2;3;1;1;
12349;202200008125;799 510;B01;1;2;0;2;1;13;1;
12350;202200008127;799 506;A01;1;2;0;2;8;15;1;
12351;202200008127;799 508;B01;1;7;0;2;3;1;1;
12352;202200008128;799 504;A01;3;7;6;0;1;0;1;
12353;202200008129;799 501;A01;1;7;0;2;1;15;1;
12354;202200008129;799 502;B01;2;33;0;2;5;1;1;
12355;202200008130;799 500;A01;1;7;0;0;0;0;0;
12356;202200008131;799 498;B01;3;7;0;0;3;26;1;
12357;202200008131;799 499;A01;3;2;0;0;5;1;1;
12358;202200008133;799 496;A01;2;33;16;0;0;1;1;
12359;202200008134;799 493;A01;1;7;0;2;2;12;1;
12360;202200008134;799 494;B01;1;34;0;2;1;1;1;
12361;202200008135;799 492;A01;3;1;0;2;1;1;5;
12362;202200008135;799 495;B01;3;7;0;2;3;19;1;
12363;202200008136;799 491;A01;2;7;14;0;3;12;1;
12364;202200008137;799 490;A01;0;7;0;1;2;1;1;
12365;202200008138;799 488;B01;2;7;0;2;8;11;1;
12366;202200008138;799 489;A01;2;7;0;2;3;11;1;
12367;202200008139;799 487;A01;1;7;0;0;0;1;1;
12368;202200008140;799 484;A01;1;7;0;2;1;2;1;
12369;202200008140;799 485;B01;1;7;0;2;4;2;0;
12370;202200008140;799 486;C01;1;10;0;2;4;2;1;
12371;202200008141;799 482;A01;2;7;0;2;2;2;1;
12372;202200008141;799 483;B01;2;1;0;0;4;2;5;
12373;202200008143;799 476;A01;1;33;0;2;1;1;1;
12374;202200008143;799 478;B01;2;7;0;2;2;15;1;
12375;202200008144;799 474;B01;1;7;1;2;1;1;1;
12376;202200008144;799 475;A01;1;10;0;2;0;1;1;
12377;202200008145;799 473;A01;2;7;13;0;1;1;1;
12378;202200008146;799 469;A01;2;7;0;2;6;11;1;
12379;202200008146;799 470;C01;2;7;0;2;4;2;1;
12380;202200008146;799 471;D01;2;7;0;2;1;2;1;
12381;202200008146;799 472;B01;2;15;0;2;7;1;1;
12382;202200008147;799 467;A01;2;7;0;0;3;1;1;
12383;202200008147;799 468;B01;1;50;0;2;1;0;3;
12384;202200008148;799 465;B01;1;10;0;2;7;1;1;
12385;202200008148;799 466;A01;1;34;0;2;8;18;1;
12386;202200008149;799 463;A01;2;32;0;2;4;2;1;
12387;202200008149;799 464;B01;2;7;0;2;2;2;1;
12388;202200008151;799 459;A01;2;7;3;2;5;2;1;
12389;202200008151;799 460;B01;2;7;0;2;5;1;0;
12390;202200008152;799 457;A01;2;7;0;2;1;1;1;
12391;202200008152;799 458;B01;2;7;4;2;4;2;2;
12392;202200008153;799 453;B01;1;7;0;2;4;1;2;
12393;202200008153;799 455;A01;1;33;0;2;1;1;1;
12394;202200008154;799 452;A01;1;7;0;2;1;1;1;
12395;202200008154;799 454;C01;1;7;0;2;4;1;1;
12396;202200008154;799 456;D01;1;7;0;2;4;2;1;
12397;202200008155;799 449;A01;1;7;0;2;1;2;1;
12398;202200008155;799 451;B01;1;7;0;2;4;2;1;
12399;202200008156;799 447;C01;2;15;0;2;7;1;1;
12400;202200008156;799 448;B01;2;10;0;2;4;1;1;
12401;202200008156;799 450;A01;2;7;0;2;1;1;1;
12402;202200008157;799 446;A01;2;7;4;0;1;26;1;
12403;202200008158;799 445;A01;1;7;4;0;1;1;1;
12404;202200008159;799 443;B01;2;7;0;2;5;1;1;
12405;202200008159;799 444;A01;2;33;0;2;1;3;1;
12406;202200008160;799 439;A01;1;7;0;2;7;12;1;
12407;202200008160;799 441;B01;1;33;0;2;3;3;1;
12408;202200008161;799 437;A01;2;7;0;2;1;12;1;
12409;202200008161;799 438;D01;2;7;0;9;1;1;1;
12410;202200008161;799 440;C01;2;7;0;2;8;0;1;
12411;202200008161;799 442;B01;2;7;0;2;8;0;1;
12412;202200008162;799 434;A01;1;10;1;2;1;2;1;
12413;202200008162;799 436;B01;1;7;3;0;5;2;1;
12414;202200008163;799 433;A01;2;32;0;2;3;1;1;
12415;202200008163;799 435;Z01;2;7;0;2;7;12;1;
12416;202200008164;799 432;A01;1;43;0;0;3;1;1;
12417;202200008165;799 431;A01;1;1;0;1;1;1;5;
12418;202200008166;799 430;A01;1;10;4;0;1;13;1;
12419;202200008167;799 428;A01;1;7;4;0;1;1;1;
12420;202200008168;799 426;A01;2;7;0;2;1;1;1;
12421;202200008168;799 427;B01;2;10;0;2;1;1;1;
12422;202200008168;799 429;C01;2;10;0;0;4;26;1;
12423;202200008169;799 425;A01;1;7;4;0;1;1;1;
12424;202200008170;799 423;B01;1;7;0;2;5;1;1;
12425;202200008170;799 424;A01;1;33;0;2;3;13;1;
12426;202200008171;799 421;B01;1;7;0;2;2;1;1;
12427;202200008171;799 422;A01;1;7;0;2;3;9;1;
12428;202200008172;799 417;A01;1;10;0;2;1;1;1;
12429;202200008172;799 419;B01;1;7;3;2;4;14;0;
12430;202200008173;799 418;B01;2;7;0;2;4;2;1;
12431;202200008173;799 420;A01;2;34;0;2;1;2;1;
12432;202200008174;799 416;A01;1;7;4;0;1;1;1;
12433;202200008175;799 414;A01;1;7;0;2;1;1;1;
12434;202200008175;799 415;B01;1;7;3;2;8;12;1;
12435;202200008176;799 413;A01;1;7;0;1;1;1;1;
12436;202200008177;799 412;B01;2;7;0;1;2;1;1;
12437;202200008178;799 410;A01;0;0;0;1;1;0;0;
12438;202200008179;799 407;A01;3;10;0;2;1;15;1;
12439;202200008179;799 409;B01;3;30;0;2;1;1;1;
12440;202200008180;799 408;A01;3;10;0;2;7;22;1;
12441;202200008180;799 411;B01;3;43;0;2;8;18;1;
12442;202200008181;799 405;B01;2;7;0;2;4;1;1;
12443;202200008181;799 406;A01;2;7;0;2;1;1;1;
12444;202200008183;799 402;B01;1;7;0;2;6;11;1;
12445;202200008183;799 403;A01;1;7;0;2;3;1;1;
12446;202200008184;799 401;A01;3;7;0;1;1;1;1;
12447;202200008185;799 398;B01;1;2;0;2;1;15;1;
12448;202200008185;799 400;A01;2;7;0;2;1;15;1;
12449;202200008186;799 397;B01;1;7;0;2;1;1;1;
12450;202200008186;799 399;A01;1;30;0;2;5;19;1;
12451;202200008187;799 395;A01;1;7;0;2;2;15;1;
12452;202200008187;799 396;B01;2;2;0;2;2;17;1;
12453;202200008188;799 393;A01;2;10;0;2;7;16;1;
12454;202200008189;799 392;B01;2;7;8;2;1;0;1;
12455;202200008189;799 394;A01;1;7;0;2;1;15;1;
12456;202200008190;799 390;A01;2;10;0;2;1;1;1;
12457;202200008190;799 391;B01;2;1;0;2;8;1;5;
12458;202200008191;799 388;A01;2;7;0;1;2;1;1;
12459;202200008192;799 386;A01;1;7;1;2;2;17;1;
12460;202200008194;799 383;B01;2;7;0;2;2;15;1;
12461;202200008194;799 385;A01;2;30;0;2;1;2;0;
12462;202200008195;799 381;B01;1;2;0;2;1;12;1;
12463;202200008195;799 384;A01;1;7;0;2;6;15;1;
12464;202200008196;799 380;A01;2;33;0;2;1;3;1;
12465;202200008196;799 382;B01;2;7;0;2;3;9;1;
12466;202200008198;799 376;A01;2;10;0;2;5;17;1;
12467;202200008198;799 378;B01;2;30;0;2;3;1;1;
12468;202200008199;799 374;B01;1;7;0;2;1;5;1;
12469;202200008199;799 375;A01;1;32;12;2;1;1;1;
12470;202200008200;799 371;A01;1;33;0;2;2;3;3;
12471;202200008200;799 373;B01;1;7;0;2;4;1;1;
12472;202200008201;799 369;A01;3;7;1;0;3;0;1;
12473;202200008202;799 370;B01;1;1;0;2;0;26;0;
12474;202200008202;799 372;A01;1;2;0;2;0;2;1;
12475;202200008203;799 365;C01;2;7;0;2;4;23;1;
12476;202200008203;799 367;B01;2;7;0;2;4;23;1;
12477;202200008203;799 368;A01;2;7;0;2;1;1;1;
12478;202200008204;799 366;A01;1;7;0;1;1;1;1;
12479;202200008205;799 364;A01;1;7;0;1;1;9;1;
12480;202200008206;799 360;Z01;1;7;0;2;6;1;1;
12481;202200008206;799 362;A01;1;31;0;2;3;9;1;
12482;202200008207;799 361;A01;2;7;0;2;1;2;1;
12483;202200008207;799 363;B01;2;7;0;2;4;2;1;
12484;202200008208;799 359;A01;2;31;0;0;7;14;1;
12485;202200008209;799 357;B01;1;80;0;2;4;0;3;
12486;202200008209;799 358;A01;1;7;0;2;1;26;1;
12487;202200008210;799 356;A01;0;7;0;1;1;1;1;
12488;202200008211;799 355;A01;1;7;0;1;1;15;1;
12489;202200008212;799 352;C01;0;7;0;0;5;24;1;
12490;202200008212;799 353;B01;3;7;0;2;1;0;1;
12491;202200008212;799 354;A01;2;7;0;0;0;0;0;
12492;202200008213;799 350;B01;3;7;0;2;8;15;1;
12493;202200008213;799 351;A01;3;7;0;2;1;1;1;
12494;202200008214;799 347;B01;3;33;0;2;1;2;1;
12495;202200008214;799 349;A01;3;7;0;2;3;15;1;
12496;202200008215;799 346;B01;3;37;0;2;1;1;6;1.0
12497;202200008215;799 348;A01;3;7;0;2;1;5;1;
12498;202200008216;799 344;A01;0;7;0;1;1;1;1;
12499;202200008217;799 341;A01;1;33;0;1;1;26;1;
12500;202200008218;799 339;A01;1;7;0;2;2;15;1;
12501;202200008218;799 340;B01;2;33;0;2;1;1;1;
12502;202200008219;799 335;A01;2;7;0;2;2;16;1;
12503;202200008219;799 338;B01;2;50;0;2;1;25;3;
12504;202200008220;799 333;A01;2;7;0;2;1;5;1;
12505;202200008220;799 334;B01;2;7;0;2;8;1;1;
12506;202200008220;799 336;C01;2;7;0;2;1;1;1;
12507;202200008220;799 337;D01;2;17;0;2;3;1;1;
12508;202200008221;799 330;A01;3;7;0;2;1;2;1;
12509;202200008221;799 332;B01;3;1;0;2;4;2;5;
12510;202200008222;799 329;A01;3;7;0;2;1;2;1;
12511;202200008222;799 331;B01;3;7;0;2;4;23;1;
12512;202200008223;799 326;B01;2;33;0;2;1;1;1;
12513;202200008223;799 327;A01;2;7;0;2;3;15;1;
12514;202200008225;799 322;A01;1;7;0;9;0;22;1;
12515;202200008225;799 324;B01;1;1;0;2;1;1;5;
12516;202200008227;799 319;A01;1;10;0;2;3;15;1;
12517;202200008227;799 320;B01;2;2;0;2;1;1;3;
12518;202200008228;799 317;A01;1;7;6;0;0;1;1;
12519;202200008229;799 316;A01;3;30;0;0;0;1;1;
12520;202200008230;799 315;B01;3;50;0;2;0;0;3;
12521;202200008230;799 318;A01;3;7;0;2;3;19;1;
12522;202200008231;799 313;A01;1;7;0;2;1;1;1;
12523;202200008231;799 314;B01;1;7;0;2;4;1;1;
12524;202200008232;799 309;A01;2;7;0;2;1;2;1;
12525;202200008232;799 310;B01;2;7;0;2;9;2;1;
12526;202200008232;799 311;C01;2;7;0;2;4;0;1;
12527;202200008234;799 305;A01;1;3;1;0;1;1;6;
12528;202200008235;799 303;B01;1;7;0;2;0;21;1;
12529;202200008235;799 304;A01;1;10;0;2;8;10;1;
12530;202200008236;799 300;B01;1;14;0;2;3;1;1;
12531;202200008236;799 301;A01;1;33;0;2;1;12;1;
12532;202200008237;799 299;A01;2;7;0;2;1;1;1;
12533;202200008237;799 302;B01;1;1;0;2;8;15;5;
12534;202200008239;799 294;A01;1;7;0;2;4;2;1;
12535;202200008239;799 296;B01;1;1;0;2;1;2;5;
12536;202200008240;799 292;B01;3;7;0;2;6;1;1;
12537;202200008240;799 293;A01;3;7;0;2;3;1;1;
12538;202200008241;799 290;A01;0;7;0;1;1;1;1;
12539;202200008242;799 287;A01;1;7;0;2;1;15;1;
12540;202200008242;799 288;B01;2;30;0;2;1;1;1;
12541;202200008243;799 289;B01;3;7;0;2;4;23;1;
12542;202200008243;799 291;A01;3;7;0;2;1;2;1;
12543;202200008244;799 285;B01;2;7;0;2;6;1;1;
12544;202200008244;799 286;A01;2;7;0;2;1;2;1;
12545;202200008245;799 283;A01;1;7;0;1;1;1;1;
12546;202200008246;799 282;A01;3;10;0;2;2;15;1;
12547;202200008246;799 284;B01;3;7;0;2;3;1;1;
12548;202200008247;799 280;A01;1;1;0;2;1;17;5;
12549;202200008247;799 281;B01;1;7;0;2;3;15;1;
12550;202200008248;799 279;A01;3;7;0;0;1;1;1;
12551;202200008250;799 276;A01;3;7;0;1;1;9;1;
12552;202200008251;799 274;A01;2;7;0;2;1;16;1;
12553;202200008251;799 275;B01;2;1;0;2;7;1;5;
12554;202200008252;799 271;B01;1;10;0;2;4;1;0;
12555;202200008252;799 273;A01;1;2;0;2;1;1;1;
12556;202200008253;799 270;B01;3;7;0;2;1;1;1;
12557;202200008253;799 272;A01;0;3;0;2;7;1;1;
12558;202200008254;799 267;A01;3;7;0;2;5;1;1;
12559;202200008254;799 269;B01;1;31;0;2;3;1;1;
12560;202200008255;799 266;A01;3;7;0;2;1;1;1;
12561;202200008255;799 268;B01;3;7;0;2;8;1;1;
12562;202200008256;799 264;A01;0;80;15;2;1;19;3;
12563;202200008256;799 265;B01;0;7;8;2;3;23;1;
12564;202200008257;799 262;A01;1;50;0;0;0;1;3;
12565;202200008259;799 259;A01;1;7;0;2;1;26;1;
12566;202200008259;799 260;B01;1;7;0;2;8;26;1;
12567;202200008261;799 255;B01;1;7;0;2;1;0;1;
12568;202200008261;799 257;A01;1;10;0;2;2;26;1;
12569;202200008262;799 251;A01;2;7;0;2;2;1;1;
12570;202200008262;799 253;B01;2;7;0;2;3;17;1;
12571;202200008262;799 254;C01;2;7;0;2;3;2;1;
12572;202200008263;799 250;A01;1;7;0;2;1;2;1;
12573;202200008263;799 252;B01;1;7;0;2;4;2;1;
12574;202200008264;799 248;B01;1;31;0;2;7;3;1;
12575;202200008264;799 249;A01;2;7;0;2;6;26;1;
12576;202200008265;799 246;A01;1;30;0;2;1;2;1;
12577;202200008265;799 247;B01;1;7;0;2;4;2;1;
12578;202200008266;799 244;B01;1;1;1;0;5;1;5;
12579;202200008266;799 245;A01;1;10;0;0;5;24;1;
12580;202200008267;799 240;B01;2;7;0;2;4;2;1;
12581;202200008267;799 242;A01;2;7;0;2;1;2;1;
12582;202200008268;799 241;A01;2;7;0;2;1;19;1;
12583;202200008268;799 243;B01;2;7;0;2;7;1;1;
12584;202200008269;799 238;B01;3;7;0;2;4;1;1;
12585;202200008269;799 239;A01;3;7;0;2;1;1;1;
12586;202200008270;799 237;A01;1;7;11;0;1;2;1;
12587;202200008271;799 235;B01;3;99;0;2;2;15;3;
12588;202200008271;799 236;A01;3;3;0;9;3;26;1;
12589;202200008272;799 232;B01;3;10;0;2;6;26;1;
12590;202200008272;799 233;A01;3;33;0;2;8;26;1;
12591;202200008273;799 231;B01;2;10;0;2;2;21;1;
12592;202200008273;799 234;A01;1;33;0;2;1;13;1;
12593;202200008274;799 228;B01;1;1;0;2;7;1;5;
12594;202200008274;799 230;A01;2;7;0;2;1;9;1;
12595;202200008275;799 226;A01;3;7;0;2;1;15;1;
12596;202200008275;799 227;B01;3;1;0;2;1;1;5;
12597;202200008276;799 224;B01;2;30;0;2;8;1;1;
12598;202200008276;799 225;A01;1;7;0;2;2;15;1;
12599;202200008277;799 223;B01;1;7;0;2;4;1;2;
12600;202200008277;799 229;A01;1;7;0;2;1;1;1;
12601;202200008278;799 221;B01;3;60;0;2;9;19;5;
12602;202200008278;799 222;A01;2;7;0;2;0;1;1;
12603;202200008280;799 216;B01;2;2;0;2;1;1;1;
12604;202200008280;799 217;A01;2;7;0;2;1;20;1;
12605;202200008281;799 215;B01;2;37;0;2;1;1;3;10.0
12606;202200008281;799 220;A01;1;7;0;2;5;19;1;
12607;202200008283;799 211;A01;2;7;16;0;1;1;1;
12608;202200008284;799 210;A01;2;7;0;2;1;2;1;
12609;202200008284;799 212;B01;2;7;0;2;4;2;2;
12610;202200008285;799 208;A01;1;7;0;1;1;19;1;
12611;202200008286;799 207;B01;3;7;0;9;6;0;1;
12612;202200008286;799 209;A01;3;32;0;2;1;26;1;
12613;202200008287;799 204;A01;1;7;0;2;3;9;1;
12614;202200008287;799 205;B01;1;33;0;2;2;1;1;
12615;202200008288;799 203;A01;2;10;0;2;7;15;1;
12616;202200008288;799 206;B01;2;7;0;2;1;1;1;
12617;202200008289;799 202;A01;1;7;0;1;7;1;1;
12618;202200008290;799 200;A01;3;7;0;1;3;16;1;
12619;202200008291;799 201;A01;1;7;0;1;3;1;1;
12620;202200008292;799 198;B01;0;14;0;1;0;23;1;
12621;202200008292;799 199;A01;3;7;0;2;1;1;1;
12622;202200008293;799 196;A01;1;10;0;2;3;16;1;
12623;202200008293;799 197;B01;2;1;0;2;1;1;0;
12624;202200008294;799 194;B01;2;34;0;2;8;1;1;
12625;202200008294;799 195;Z01;2;2;0;2;7;14;1;
12626;202200008295;799 191;B01;2;2;0;2;2;15;1;
12627;202200008295;799 193;A01;2;7;0;2;6;9;1;
12628;202200008296;799 190;B01;2;1;0;2;7;1;5;
12629;202200008296;799 192;A01;2;7;0;2;2;9;1;
12630;202200008297;799 188;B01;2;1;0;2;8;1;5;
12631;202200008297;799 189;Z01;1;31;0;2;1;1;1;
12632;202200008298;799 186;A01;3;7;0;1;3;15;1;
12633;202200008299;799 182;A01;2;7;0;2;1;2;1;
12634;202200008299;799 184;B01;2;7;0;2;4;1;1;
12635;202200008299;799 185;C01;2;7;0;2;4;2;0;
12636;202200008300;799 183;B01;1;7;0;2;0;0;1;
12637;202200008300;799 187;A01;1;7;0;2;2;1;1;
12638;202200008301;799 178;A01;2;7;0;2;3;0;0;
12639;202200008301;799 181;B01;3;1;0;2;1;1;5;
12640;202200008304;799 171;C01;3;7;0;2;4;2;1;
12641;202200008304;799 172;B01;3;7;0;2;4;2;1;
12642;202200008304;799 173;A01;3;10;0;2;1;2;1;
12643;202200008305;799 169;A01;1;7;0;2;8;9;1;
12644;202200008305;799 170;B01;1;1;0;2;1;9;5;
12645;202200008306;799 168;A01;1;37;0;1;7;1;3;1.0
12646;202200008307;799 166;A01;1;50;0;1;1;1;3;
12647;202200008308;799 167;Y01;2;7;0;1;2;16;1;
12648;202200008309;799 163;A01;1;33;0;2;1;2;1;
12649;202200008309;799 165;B01;1;7;0;0;4;2;1;
12650;202200008310;799 162;A01;2;7;0;2;1;15;1;
12651;202200008310;799 164;B01;1;7;0;2;2;1;1;
12652;202200008311;799 160;B01;3;13;0;2;2;16;1;
12653;202200008311;799 161;A01;3;31;0;2;3;18;1;
12654;202200008312;799 159;A01;1;30;0;0;0;1;1;
12655;202200008313;799 158;A01;1;7;14;0;1;14;1;
12656;202200008314;799 156;A01;3;7;4;0;2;2;1;
12657;202200008315;799 155;A01;2;7;0;2;8;11;1;
12658;202200008315;799 157;B01;2;31;0;2;7;3;1;
12659;202200008316;799 152;B01;2;7;0;2;1;16;1;
12660;202200008316;799 153;A01;2;50;0;2;7;1;3;
12661;202200008317;799 150;C01;2;7;0;2;6;1;1;
12662;202200008317;799 151;B01;2;7;0;2;5;1;1;
12663;202200008317;799 154;A01;2;14;0;2;3;11;6;
12664;202200008318;799 147;B01;3;7;0;2;5;1;1;
12665;202200008318;799 149;A01;3;30;0;2;1;1;1;
12666;202200008319;799 145;B01;1;32;0;2;4;1;3;
12667;202200008319;799 146;C01;1;33;0;2;1;3;1;
12668;202200008319;799 148;A01;1;10;0;2;1;1;1;
12669;202200008320;799 144;A01;2;33;0;0;7;1;1;
12670;202200008321;799 142;B01;2;7;0;2;5;2;1;
12671;202200008321;799 143;A01;2;32;0;2;1;2;1;
12672;202200008322;799 139;B01;2;31;0;2;4;23;1;
12673;202200008322;799 140;A01;2;7;0;2;1;1;2;
12674;202200008323;799 137;Z01;1;7;0;2;0;17;0;
12675;202200008323;799 138;A01;1;31;0;2;3;15;1;
12676;202200008325;799 136;Z01;1;10;0;1;3;1;1;
12677;202200008326;799 134;A01;2;10;0;2;2;9;1;
12678;202200008326;799 135;B01;2;2;0;2;8;1;1;
12679;202200008327;799 132;A01;2;7;0;2;3;15;1;
12680;202200008327;799 133;B01;2;32;0;2;7;17;1;