;Num_Acc;id_vehicule;num_veh;senc;catv;obs;obsm;choc;manv;motor;occutc
12681;202200008329;799 128;B01;3;7;0;2;3;9;2;
12682;202200008329;799 129;A01;2;32;0;2;2;1;1;
12683;202200008330;799 126;A01;1;1;0;2;8;11;5;
12684;202200008330;799 127;B01;1;33;0;2;7;1;1;
12685;202200008331;799 124;B01;1;43;0;2;1;1;1;
12686;202200008331;799 125;A01;1;7;0;2;5;15;1;
12687;202200008332;799 122;A01;1;7;0;2;7;1;1;
12688;202200008332;799 123;B01;1;34;0;2;3;1;1;
12689;202200008333;799 120;B01;1;50;0;2;1;15;3;
12690;202200008333;799 121;A01;2;10;0;2;1;15;1;
12691;202200008334;799 117;C01;1;7;0;2;4;23;1;
12692;202200008334;799 118;B01;1;7;0;2;1;23;1;
12693;202200008334;799 119;A01;1;7;0;2;1;1;1;
12694;202200008335;799 116;A01;3;7;0;1;5;16;2;
12695;202200008336;799 115;A01;1;50;1;0;3;21;3;
12696;202200008337;799 114;A01;1;1;0;0;1;1;5;
12697;202200008338;799 113;A01;2;80;0;1;1;1;3;
12698;202200008339;799 111;B01;1;1;0;2;3;1;5;
12699;202200008339;799 112;A01;2;7;0;2;3;23;1;
12700;202200008340;799 109;A01;2;30;0;2;1;1;1;
12701;202200008340;799 110;B01;2;7;0;2;7;1;1;
12702;202200008341;799 108;Z01;1;7;0;1;1;1;1;
12703;202200008343;799 106;A01;1;7;0;1;2;1;1;
12704;202200008344;799 104;B01;1;7;0;2;7;22;1;
12705;202200008344;799 105;A01;1;30;0;2;3;18;1;
12706;202200008345;799 103;A01;2;50;0;0;1;16;3;
12707;202200008347;799 099;B01;3;10;0;2;3;9;3;
12708;202200008347;799 100;A01;3;33;0;2;1;5;1;
12709;202200008348;799 096;A01;2;7;0;2;3;1;1;
12710;202200008348;799 097;B01;2;7;0;2;5;1;1;
12711;202200008348;799 098;C01;2;7;0;2;7;1;1;
12712;202200008349;799 094;B01;3;50;0;2;7;25;3;
12713;202200008349;799 095;A01;3;7;0;2;1;16;1;
12714;202200008350;799 092;B01;1;7;0;2;6;1;1;
12715;202200008350;799 093;A01;1;33;0;2;1;2;1;
12716;202200008351;799 090;B01;1;7;0;2;4;1;1;
12717;202200008351;799 091;A01;1;10;0;2;1;1;1;
12718;202200008352;799 089;A01;1;10;0;1;3;2;1;
12719;202200008353;799 087;A01;1;7;0;2;0;0;1;
12720;202200008353;799 088;B01;1;32;0;2;0;0;1;
12721;202200008354;799 086;A01;2;7;1;0;0;0;1;
12722;202200008355;799 084;A01;0;10;0;2;1;26;1;
12723;202200008355;799 085;B01;0;1;0;2;0;1;5;
12724;202200008356;799 082;B01;2;50;0;2;1;8;3;
12725;202200008356;799 083;A01;1;34;0;2;2;7;1;
12726;202200008357;799 081;A01;3;50;0;0;0;1;3;
12727;202200008358;799 079;B01;1;10;0;2;1;15;3;
12728;202200008358;799 080;A01;2;33;0;2;1;1;1;
12729;202200008359;799 077;A01;2;33;0;2;3;1;1;
12730;202200008359;799 078;B01;2;10;0;2;4;1;1;
12731;202200008360;799 075;B01;2;33;0;2;3;7;1;
12732;202200008360;799 076;A01;2;7;0;2;1;15;1;
12733;202200008361;799 073;A01;2;34;0;2;1;18;1;
12734;202200008361;799 074;B01;1;60;0;2;1;5;5;
12735;202200008362;799 071;A01;0;50;0;2;8;2;3;
12736;202200008362;799 072;B01;0;7;0;9;7;2;0;
12737;202200008363;799 070;A01;1;32;0;1;8;1;1;
12738;202200008364;799 068;A01;2;7;0;0;8;15;1;
12739;202200008364;799 069;B01;2;32;0;0;7;2;1;
12740;202200008365;799 066;B01;1;1;1;0;1;1;5;
12741;202200008365;799 067;A01;1;7;0;2;5;24;1;
12742;202200008366;799 065;A01;2;7;0;1;3;1;1;
12743;202200008367;799 063;A01;1;1;0;2;1;2;5;
12744;202200008367;799 064;B01;2;50;0;2;1;5;3;
12745;202200008368;799 062;A01;1;7;0;1;1;1;1;
12746;202200008369;799 060;A01;1;7;9;2;1;1;1;
12747;202200008369;799 061;B01;2;30;9;2;7;1;1;
12748;202200008370;799 059;A01;1;10;0;1;1;1;1;
12749;202200008371;799 057;A01;1;30;0;2;1;2;1;
12750;202200008371;799 058;B01;1;30;0;2;4;2;1;
12751;202200008372;799 056;A01;2;7;4;0;3;11;1;
12752;202200008373;799 054;A01;1;10;0;2;2;21;1;
12753;202200008373;799 055;B01;2;7;0;2;1;1;1;
12754;202200008374;799 053;A01;1;7;14;0;1;1;1;
12755;202200008375;799 051;A01;2;7;0;1;1;1;1;
12756;202200008376;799 050;A01;1;7;6;0;9;1;1;
12757;202200008377;799 048;A01;1;33;0;2;1;1;1;
12758;202200008377;799 049;B01;3;7;0;2;3;15;1;
12759;202200008378;799 047;A01;2;7;0;1;2;1;1;
12760;202200008379;799 046;A01;3;33;2;0;1;1;1;
12761;202200008380;799 044;B01;1;33;0;2;7;1;1;
12762;202200008380;799 045;A01;1;7;0;2;3;15;1;
12763;202200008381;799 043;A01;1;33;12;0;1;18;1;
12764;202200008382;799 041;B01;2;10;0;2;1;1;1;
12765;202200008382;799 042;A01;1;7;0;2;1;17;1;
12766;202200008383;799 040;A01;2;7;3;0;3;13;1;
12767;202200008384;799 039;A01;1;2;0;0;0;0;1;
12768;202200008385;799 038;A01;1;3;1;0;2;1;1;
12769;202200008387;799 034;A01;1;7;0;2;1;2;1;
12770;202200008387;799 035;B01;1;33;1;0;4;2;1;
12771;202200008388;799 033;A01;2;33;8;0;3;15;1;
12772;202200008389;799 032;A01;1;33;0;0;0;1;1;
12773;202200008390;799 029;A01;1;7;15;0;1;13;1;
12774;202200008391;799 027;A01;1;7;0;2;3;15;1;
12775;202200008391;799 028;B01;2;7;0;2;2;1;1;
12776;202200008392;799 025;A01;1;7;0;2;5;1;1;
12777;202200008392;799 026;B01;1;1;0;2;1;2;5;
12778;202200008393;799 023;A01;1;31;0;2;3;2;1;
12779;202200008393;799 024;B01;1;17;0;0;2;1;6;
12780;202200008394;799 021;A01;1;1;0;2;3;0;5;
12781;202200008394;799 022;B01;2;14;0;2;8;1;1;
12782;202200008396;799 018;A01;1;7;0;0;9;14;1;
12783;202200008397;799 016;B01;1;7;0;2;3;1;1;
12784;202200008397;799 017;A01;1;2;0;2;1;1;1;
12785;202200008398;799 015;A01;2;33;3;0;8;1;1;
12786;202200008399;799 014;A01;1;33;13;0;1;1;1;
12787;202200008400;799 013;A01;2;7;2;0;2;14;1;
12788;202200008401;799 012;A01;2;7;2;0;0;0;1;
12789;202200008402;799 010;A01;2;33;0;2;1;2;1;
12790;202200008402;799 011;B01;2;7;0;0;4;1;1;
12791;202200008405;799 002;C01;2;7;0;0;4;2;1;
12792;202200008405;799 003;B01;2;7;0;2;4;2;1;
12793;202200008405;799 004;A01;2;7;0;2;1;2;1;
12794;202200008406;799 001;A01;1;7;0;0;1;1;1;
12795;202200008407;798 999;B01;2;17;0;0;6;1;1;
12796;202200008407;799 000;A01;2;7;3;2;2;1;1;
12797;202200008408;798 997;B01;2;33;0;2;3;13;1;
12798;202200008408;798 998;A01;1;7;0;2;3;13;1;
12799;202200008409;798 995;A01;1;31;0;2;1;1;1;
12800;202200008409;798 996;B01;2;2;0;2;1;15;1;
12801;202200008411;798 991;A01;1;33;0;2;1;2;1;
12802;202200008411;798 992;B01;1;33;0;0;6;15;1;
12803;202200008413;798 987;A01;1;7;0;2;8;19;1;
12804;202200008413;798 988;B01;2;33;0;2;1;19;1;
12805;202200008414;798 986;A01;1;7;7;0;1;14;1;
12806;202200008415;798 984;B01;1;32;0;2;1;1;1;
12807;202200008415;798 985;A01;2;7;0;2;3;15;1;
12808;202200008416;798 982;B01;0;31;0;2;7;0;1;
12809;202200008416;798 983;A01;0;7;0;2;1;9;1;
12810;202200008417;798 981;A01;2;33;13;0;1;1;1;
12811;202200008418;798 980;A01;2;2;6;0;7;0;1;
12812;202200008419;798 978;A01;2;7;0;2;1;9;1;
12813;202200008419;798 979;B01;1;33;0;2;7;1;1;
12814;202200008420;798 977;A01;0;7;0;1;1;2;1;
12815;202200008421;798 975;A01;1;7;0;0;1;1;1;
12816;202200008421;798 976;B01;2;33;0;2;7;1;1;
12817;202200008422;798 974;A01;1;7;0;1;2;0;1;
12818;202200008423;798 972;B01;3;1;0;2;2;1;5;
12819;202200008423;798 973;A01;3;7;0;9;3;1;1;
12820;202200008424;798 970;B01;1;7;0;2;1;1;1;
12821;202200008424;798 971;A01;2;7;7;2;7;19;1;
12822;202200008426;798 966;B01;2;37;0;2;1;1;1;1.0
12823;202200008426;798 967;A01;1;7;0;2;8;19;1;
12824;202200008428;798 958;C01;2;7;0;0;0;0;1;
12825;202200008428;798 959;B01;2;7;0;2;7;12;1;
12826;202200008428;798 960;A01;2;32;0;2;8;3;1;
12827;202200008430;798 954;Z01;3;7;0;2;0;0;1;
12828;202200008430;798 955;B01;0;2;0;2;1;26;1;
12829;202200008431;798 953;A01;1;31;0;1;0;0;1;
12830;202200008432;798 951;Z01;1;3;0;2;1;2;1;
12831;202200008432;798 952;B01;1;7;0;2;4;23;1;
12832;202200008433;798 949;A01;0;7;0;2;1;1;0;
12833;202200008433;798 950;B01;0;7;1;2;4;1;0;
12834;202200008434;798 947;B01;1;7;0;2;1;1;1;
12835;202200008434;798 948;A01;1;50;0;2;1;5;3;
12836;202200008437;798 941;A01;3;7;15;0;1;0;1;
12837;202200008437;798 942;B01;3;7;0;2;0;0;1;
12838;202200008438;798 940;A01;2;30;0;1;1;18;1;
12839;202200008439;798 938;B01;1;2;0;2;7;1;1;
12840;202200008439;798 939;A01;0;7;0;2;2;19;1;
12841;202200008440;798 937;A01;1;32;0;0;0;1;1;
12842;202200008441;798 934;A01;1;10;0;2;1;5;1;
12843;202200008441;798 935;B01;2;14;12;2;8;1;1;
12844;202200008441;798 936;C01;2;10;0;2;1;1;1;
12845;202200008444;798 929;Z01;2;30;0;1;8;1;0;
12846;202200008445;798 928;Z01;2;1;0;0;1;1;5;
12847;202200008447;798 925;B01;3;15;0;2;2;1;1;
12848;202200008447;798 926;A01;3;7;0;2;3;11;1;
12849;202200008448;798 923;A01;1;2;0;2;2;1;3;
12850;202200008448;798 924;B01;2;7;0;2;3;24;2;
12851;202200008449;798 921;B01;1;7;0;2;3;15;1;
12852;202200008449;798 922;A01;2;1;0;2;2;1;5;
12853;202200008450;798 920;A01;1;10;0;1;4;4;1;
12854;202200008451;798 919;A01;2;30;0;1;1;1;3;
12855;202200008452;798 917;A01;1;10;0;2;5;24;1;
12856;202200008452;798 918;Z01;1;32;0;1;1;1;1;
12857;202200008453;798 916;A01;2;10;0;1;2;1;3;
12858;202200008454;798 914;A01;2;32;0;2;1;1;1;
12859;202200008454;798 915;B01;2;1;0;2;6;19;5;
12860;202200008455;798 912;B01;2;50;0;2;2;18;3;
12861;202200008455;798 913;A01;2;37;0;2;5;7;2;1.0
12862;202200008456;798 911;A01;1;1;0;0;1;1;5;
12863;202200008457;798 910;A01;1;7;0;1;1;7;2;
12864;202200008458;798 908;A01;2;33;0;2;1;17;1;
12865;202200008458;798 909;B01;2;13;0;2;2;15;1;
12866;202200008459;798 906;B01;1;30;14;0;8;18;3;
12867;202200008459;798 907;A01;1;7;0;2;7;23;1;
12868;202200008460;798 904;A01;1;7;0;2;2;1;1;
12869;202200008460;798 905;B01;1;33;0;2;8;3;1;
12870;202200008461;798 902;B01;2;7;0;0;6;23;3;
12871;202200008461;798 903;A01;2;7;0;2;2;1;1;
12872;202200008463;798 897;A01;1;7;0;0;7;9;1;
12873;202200008463;798 898;B01;1;99;0;2;7;0;0;
12874;202200008464;798 896;A01;1;30;0;0;0;26;1;
12875;202200008465;798 893;C01;1;7;0;2;3;1;1;
12876;202200008465;798 894;A01;2;30;0;2;1;1;1;
12877;202200008465;798 895;B01;1;7;0;2;1;16;1;
12878;202200008466;798 891;B01;1;43;0;2;0;0;1;
12879;202200008466;798 892;A01;0;7;0;2;2;10;1;
12880;202200008467;798 890;A01;3;33;0;1;2;1;1;
12881;202200008468;798 889;A01;1;10;0;1;7;1;1;
12882;202200008469;798 887;A01;0;33;0;2;8;1;1;
12883;202200008469;798 888;B01;0;7;0;2;1;1;0;
12884;202200008470;798 886;A01;1;15;0;1;3;1;1;
12885;202200008471;798 885;A01;1;7;16;0;1;1;1;
12886;202200008472;798 884;A01;3;7;0;1;2;20;1;
12887;202200008473;798 882;B01;2;33;0;2;1;1;1;
12888;202200008473;798 883;A01;2;7;0;2;4;9;1;
12889;202200008474;798 880;A01;2;7;0;2;3;9;1;
12890;202200008474;798 881;B01;1;33;0;2;1;1;1;
12891;202200008476;798 876;B01;0;7;0;2;4;15;1;
12892;202200008476;798 877;A01;0;32;0;2;3;2;1;
12893;202200008477;798 874;B01;1;10;0;2;1;0;1;
12894;202200008477;798 875;A01;2;7;0;2;1;5;1;
12895;202200008478;798 872;A01;0;33;0;2;3;1;1;
12896;202200008478;798 873;B01;0;7;0;2;3;15;1;
12897;202200008479;798 871;A01;3;7;0;1;1;1;1;
12898;202200008480;798 870;A01;1;7;0;1;1;1;1;
12899;202200008481;798 868;B01;1;80;0;2;8;13;3;
12900;202200008481;798 869;A01;1;7;0;2;2;1;1;
12901;202200008482;798 867;A01;1;7;0;1;7;1;1;
12902;202200008483;798 866;A01;1;7;0;1;1;1;1;
12903;202200008484;798 864;A01;2;7;0;1;2;1;1;
12904;202200008485;798 863;A01;2;7;0;0;9;1;1;
12905;202200008486;798 861;B01;3;7;0;2;1;1;1;
12906;202200008486;798 862;A01;3;2;0;2;1;13;1;
12907;202200008488;798 859;A01;0;7;0;1;1;1;1;
12908;202200008489;798 855;B01;2;7;0;2;3;1;1;
12909;202200008489;798 856;A01;1;7;0;2;3;13;1;
12910;202200008490;798 854;A01;1;33;0;0;1;2;1;
12911;202200008491;798 852;B01;1;7;0;2;3;1;1;
12912;202200008491;798 853;A01;2;10;0;2;3;13;1;
12913;202200008492;798 848;B01;2;7;0;2;1;21;1;
12914;202200008492;798 849;A01;2;7;0;2;8;11;1;
12915;202200008493;798 846;B01;2;33;0;2;7;17;1;
12916;202200008493;798 847;A01;2;7;0;2;3;15;1;
12917;202200008494;798 845;A01;3;7;12;0;2;19;1;
12918;202200008495;798 844;A01;2;7;0;0;0;1;1;
12919;202200008496;798 843;A01;1;7;0;0;1;0;1;
12920;202200008497;798 842;A01;1;33;0;0;8;1;1;
12921;202200008498;798 839;A01;0;7;0;1;6;4;1;
12922;202200008499;798 838;A01;2;7;13;0;1;17;1;
12923;202200008500;798 836;A01;2;7;0;0;4;23;1;
12924;202200008500;798 837;B01;2;15;1;0;2;2;1;
12925;202200008501;798 835;A01;1;7;3;0;1;1;1;
12926;202200008502;798 832;C01;2;7;0;2;1;2;1;
12927;202200008502;798 833;B01;2;7;0;2;1;1;1;
12928;202200008502;798 834;A01;1;7;0;2;7;0;1;
12929;202200008503;798 830;A01;1;1;0;2;4;1;5;
12930;202200008503;798 831;B01;1;7;0;2;1;1;1;
12931;202200008504;798 828;B01;2;7;0;2;3;2;2;
12932;202200008504;798 829;A01;1;7;0;2;2;15;1;
12933;202200008505;798 826;A01;2;7;0;2;1;13;1;
12934;202200008505;798 827;B01;1;17;0;2;1;1;1;
12935;202200008506;798 825;A01;1;7;3;0;2;1;1;
12936;202200008507;798 824;A01;1;7;2;0;1;1;1;
12937;202200008508;798 823;A01;0;7;0;1;3;26;1;
12938;202200008509;798 821;B01;2;7;0;2;9;1;1;
12939;202200008509;798 822;A01;2;7;0;2;3;19;1;
12940;202200008510;798 819;B01;1;10;0;2;5;15;1;
12941;202200008510;798 820;A01;2;2;0;2;1;1;1;
12942;202200008511;798 817;B01;3;33;0;2;1;1;1;
12943;202200008511;798 818;A01;3;7;5;2;1;13;1;
12944;202200008512;798 816;A01;2;7;0;1;2;26;1;
12945;202200008515;798 811;B01;1;2;0;0;3;16;1;
12946;202200008515;798 812;A01;1;7;0;2;7;1;1;
12947;202200008516;798 809;A01;2;7;0;2;4;0;1;
12948;202200008516;798 810;B01;2;10;0;2;1;0;1;
12949;202200008517;798 808;A01;1;7;3;0;1;0;1;
12950;202200008518;798 805;B01;2;33;0;2;2;3;1;
12951;202200008518;798 806;C01;2;7;0;2;6;1;1;
12952;202200008518;798 807;Z01;2;7;0;2;2;12;0;
12953;202200008519;798 803;A01;1;7;0;2;1;1;1;
12954;202200008519;798 804;B01;1;7;0;2;4;1;1;
12955;202200008520;798 802;A01;1;7;6;0;9;13;1;
12956;202200008521;798 800;B01;2;33;0;2;2;1;1;
12957;202200008521;798 801;A01;2;7;0;2;3;11;1;
12958;202200008522;798 797;C01;1;7;0;2;4;2;1;
12959;202200008522;798 798;B01;1;7;0;2;4;2;1;
12960;202200008522;798 799;A01;1;10;0;2;1;2;1;
12961;202200008523;798 794;C01;2;15;0;2;8;2;0;
12962;202200008523;798 795;B01;2;7;0;2;5;1;1;
12963;202200008523;798 796;A01;2;31;0;2;1;3;1;
12964;202200008524;798 792;B01;2;7;0;2;2;1;1;
12965;202200008524;798 793;A01;2;33;0;2;3;3;1;
12966;202200008525;798 790;B01;2;7;4;2;4;2;1;
12967;202200008525;798 791;A01;2;7;4;2;1;1;1;
12968;202200008526;798 788;B01;1;7;0;2;8;0;0;
12969;202200008526;798 789;A01;1;7;0;2;2;1;0;
12970;202200008528;798 784;A01;2;33;0;2;0;3;1;
12971;202200008528;798 785;B01;2;7;0;2;3;11;1;
12972;202200008529;798 782;Z01;2;7;0;2;1;12;1;
12973;202200008529;798 783;A01;2;32;0;2;4;1;1;
12974;202200008530;798 781;A01;3;7;0;1;1;1;1;
12975;202200008531;798 779;B01;1;7;0;2;2;15;1;
12976;202200008531;798 780;A01;1;30;0;2;1;18;1;
12977;202200008532;798 777;A01;1;7;0;2;2;2;1;
12978;202200008532;798 778;B01;1;99;0;2;8;19;5;
12979;202200008533;798 774;C01;1;7;0;2;2;17;1;
12980;202200008533;798 775;B01;1;38;0;2;8;1;1;1.0
12981;202200008533;798 776;A01;2;33;0;2;1;1;1;
12982;202200008534;798 772;A01;3;7;0;2;3;15;1;
12983;202200008534;798 773;B01;3;33;0;2;1;0;1;
12984;202200008535;798 770;B01;1;7;0;2;7;16;1;
12985;202200008535;798 771;A01;1;30;0;2;8;18;1;
12986;202200008536;798 769;A01;1;7;0;1;0;1;1;
12987;202200008537;798 767;A01;1;7;0;2;1;15;1;
12988;202200008537;798 768;B01;2;7;0;2;3;19;1;
12989;202200008539;798 764;A01;3;7;0;1;8;26;1;
12990;202200008540;798 763;A01;3;7;0;1;3;26;1;
12991;202200008541;798 761;A01;3;30;1;0;1;26;1;
12992;202200008541;798 762;B01;3;7;0;2;4;24;1;
12993;202200008542;798 760;A01;3;7;0;1;2;1;1;
12994;202200008543;798 759;A01;3;7;6;0;1;1;1;
12995;202200008544;798 758;A01;2;2;0;0;0;1;1;
12996;202200008545;798 756;A01;2;7;0;2;2;11;1;
12997;202200008545;798 757;B01;1;7;0;2;3;1;1;
12998;202200008546;798 754;B01;2;7;3;0;9;1;1;
12999;202200008546;798 755;A01;2;17;0;2;2;1;1;
13000;202200008547;798 752;B01;2;33;0;2;6;26;0;
13001;202200008547;798 753;A01;1;13;0;2;3;15;0;
13002;202200008548;798 750;A01;3;7;0;2;2;11;1;
13003;202200008548;798 751;B01;3;31;0;2;1;1;0;
13004;202200008549;798 749;A01;2;7;0;1;2;1;1;
13005;202200008550;798 747;A01;2;7;0;2;7;16;1;
13006;202200008550;798 748;B01;2;50;0;2;9;1;3;
13007;202200008553;798 741;A01;2;10;0;2;2;1;1;
13008;202200008553;798 742;B01;2;99;0;2;6;1;0;
13009;202200008554;798 739;A01;1;7;0;2;2;1;1;
13010;202200008554;798 740;B01;2;37;0;2;3;1;1;7.0
13011;202200008555;798 738;A01;1;7;0;1;1;16;1;
13012;202200008556;798 737;A01;1;7;0;1;1;1;1;
13013;202200008557;798 735;B01;1;7;0;2;3;1;1;
13014;202200008557;798 736;A01;3;1;0;2;8;19;5;
13015;202200008558;798 733;B01;1;7;0;2;6;1;1;
13016;202200008558;798 734;A01;1;1;0;2;2;14;5;
13017;202200008559;798 731;A01;1;7;0;2;1;26;3;
13018;202200008559;798 732;B01;1;7;0;2;4;26;1;
13019;202200008560;798 730;A01;2;10;0;1;2;1;1;
13020;202200008561;798 728;B01;2;7;0;2;3;15;1;
13021;202200008561;798 729;A01;2;33;0;2;1;17;1;
13022;202200008562;798 726;A01;3;33;0;2;8;0;1;
13023;202200008562;798 727;B01;3;7;0;2;1;0;1;
13024;202200008563;798 724;B01;1;7;0;2;3;1;1;
13025;202200008563;798 725;A01;2;7;0;2;6;23;1;
13026;202200008564;798 723;A01;1;10;6;0;1;1;1;
13027;202200008565;798 721;A01;0;37;0;0;3;0;1;1.0
13028;202200008565;798 722;B01;0;2;0;0;0;0;1;
13029;202200008566;798 720;A01;2;10;0;1;3;1;0;
13030;202200008567;798 718;B01;3;7;0;2;3;1;1;
13031;202200008567;798 719;A01;2;7;0;2;1;1;1;
13032;202200008568;798 716;E01;3;3;0;2;1;1;3;
13033;202200008568;798 717;B01;1;2;0;2;1;9;1;
13034;202200008569;798 714;A01;1;7;0;2;1;2;1;
13035;202200008569;798 715;B01;1;7;0;2;4;2;1;
13036;202200008571;798 710;A01;2;50;0;2;1;1;3;
13037;202200008571;798 711;B01;2;1;0;2;0;1;5;
13038;202200008572;798 708;A01;1;2;0;2;8;1;1;
13039;202200008572;798 709;B01;3;2;1;2;2;0;1;
13040;202200008573;798 707;A01;1;1;0;1;0;1;5;
13041;202200008574;798 705;A01;3;10;0;2;1;2;0;
13042;202200008574;798 706;B01;3;7;0;2;4;2;1;
13043;202200008575;798 704;A01;3;7;9;0;1;1;1;
13044;202200008576;798 703;A01;1;7;4;0;3;2;1;
13045;202200008577;798 702;A01;1;7;2;0;1;17;1;
13046;202200008578;798 700;A01;1;7;0;2;3;9;1;
13047;202200008578;798 701;B01;1;1;0;2;1;1;5;
13048;202200008579;798 699;A01;3;7;0;0;0;0;1;
13049;202200008580;798 697;A01;1;7;0;2;7;2;1;
13050;202200008580;798 698;B01;1;33;0;2;8;2;1;
13051;202200008581;798 696;A01;1;7;13;0;2;15;1;
13052;202200008582;798 695;A01;2;7;13;0;1;1;1;
13053;202200008583;798 693;B01;2;2;0;2;4;9;1;
13054;202200008583;798 694;A01;2;7;0;2;1;2;1;
13055;202200008584;798 692;A01;3;7;0;1;3;2;1;
13056;202200008585;798 690;C01;2;7;-1;2;1;26;-1;
13057;202200008585;798 691;B01;2;34;0;2;4;1;1;
13058;202200008586;798 689;A01;3;3;0;1;2;1;1;
13059;202200008587;798 687;B01;3;7;0;2;3;1;1;
13060;202200008587;798 688;A01;3;7;8;2;7;14;1;
13061;202200008588;798 685;A01;2;7;0;2;3;9;1;
13062;202200008588;798 686;B01;1;34;0;2;1;1;1;
13063;202200008589;798 683;B01;0;7;0;9;6;23;1;
13064;202200008589;798 684;A01;3;33;14;0;1;26;1;
13065;202200008590;798 681;A01;1;7;0;2;2;26;1;
13066;202200008590;798 682;B01;1;1;0;2;4;1;5;
13067;202200008591;798 679;B01;2;14;0;2;5;2;1;
13068;202200008591;798 680;A01;2;33;0;2;3;2;1;
13069;202200008592;798 678;A01;2;80;0;0;3;1;3;
13070;202200008594;798 674;B01;1;40;0;2;1;1;3;
13071;202200008594;798 675;A01;2;7;0;4;8;1;1;
13072;202200008595;798 672;B01;2;7;0;2;3;10;1;
13073;202200008595;798 673;A01;2;30;0;2;7;1;1;
13074;202200008596;798 670;Z01;1;30;0;2;2;17;0;
13075;202200008596;798 671;A01;1;50;0;2;3;1;3;
13076;202200008599;798 665;A01;1;10;0;1;1;1;1;
13077;202200008600;798 663;A01;1;7;0;2;1;2;1;
13078;202200008600;798 664;B01;1;7;0;2;4;2;1;
13079;202200008601;798 661;A01;2;30;0;2;3;1;1;
13080;202200008601;798 662;Z01;1;10;0;2;0;15;0;
13081;202200008602;798 660;A01;1;33;0;2;0;21;1;
13082;202200008603;798 659;A01;3;1;12;0;1;16;5;
13083;202200008604;798 658;A01;1;7;0;1;2;16;1;
13084;202200008605;798 656;B01;1;7;0;2;5;16;1;
13085;202200008605;798 657;A01;1;32;8;2;0;7;1;
13086;202200008606;798 654;B01;2;33;0;2;7;21;1;
13087;202200008606;798 655;A01;2;7;0;2;8;1;1;
13088;202200008607;798 652;B01;2;7;0;2;1;1;1;
13089;202200008607;798 653;A01;2;37;0;2;7;1;1;1.0
13090;202200008608;798 650;B01;1;60;0;2;2;25;5;
13091;202200008608;798 651;A01;1;7;0;2;3;26;1;
13092;202200008609;798 648;B01;1;1;0;2;1;2;5;
13093;202200008609;798 649;A01;1;7;0;2;3;2;1;
13094;202200008610;798 646;A01;2;31;0;2;1;17;1;
13095;202200008610;798 647;B01;2;7;0;2;8;15;1;
13096;202200008611;798 644;B01;1;33;0;2;3;1;1;
13097;202200008611;798 645;A01;2;10;0;2;2;15;1;
13098;202200008612;798 643;A01;2;50;0;1;8;25;3;
13099;202200008613;798 641;B01;3;30;0;2;1;1;0;
13100;202200008613;798 642;A01;3;7;0;2;6;15;0;
13101;202200008614;798 640;A01;2;7;0;1;2;1;1;
13102;202200008615;798 638;B01;3;7;0;2;8;22;1;
13103;202200008615;798 639;A01;2;50;1;0;1;1;3;
13104;202200008616;798 636;A01;1;7;0;2;1;16;1;
13105;202200008616;798 637;B01;2;37;0;2;1;1;1;1.0
13106;202200008617;798 635;A01;0;7;0;1;2;1;1;
13107;202200008619;798 632;A01;2;7;0;1;5;1;1;
13108;202200008620;798 631;A01;2;30;1;0;1;11;1;
13109;202200008621;798 630;A01;2;1;0;0;0;18;5;
13110;202200008623;798 624;B01;0;7;0;2;0;0;1;
13111;202200008623;798 625;A01;0;34;0;2;2;0;1;
13112;202200008624;798 623;Y01;1;60;0;0;0;25;5;
13113;202200008625;798 620;A01;1;33;0;2;1;2;1;
13114;202200008625;798 621;B01;1;7;0;2;4;2;1;
13115;202200008625;798 622;C01;1;30;0;2;4;2;1;
13116;202200008626;798 617;C01;1;13;0;2;3;1;1;
13117;202200008626;798 618;B01;1;10;0;2;5;1;1;
13118;202200008626;798 619;A01;1;33;0;2;8;3;1;
13119;202200008627;798 616;A01;3;50;12;0;1;1;3;
13120;202200008628;798 614;Z01;1;15;0;2;0;15;0;
13121;202200008628;798 615;A01;1;10;0;2;7;10;1;
13122;202200008629;798 612;B01;1;32;0;2;3;1;1;
13123;202200008629;798 613;A01;1;7;0;2;3;10;1;
13124;202200008630;798 610;B01;2;7;0;2;7;17;2;
13125;202200008630;798 611;A01;2;1;1;2;8;13;5;
13126;202200008631;798 608;A01;1;33;0;2;1;2;1;
13127;202200008631;798 609;B01;1;1;0;2;4;15;5;
13128;202200008633;798 605;B01;2;1;0;2;1;1;5;
13129;202200008633;798 606;A01;1;7;0;2;2;1;2;
13130;202200008634;798 602;A01;3;10;0;2;5;26;1;
13131;202200008634;798 603;C01;3;7;0;2;4;26;1;
13132;202200008634;798 604;B01;3;7;0;2;1;26;1;
13133;202200008635;798 600;A01;1;7;0;2;3;11;1;
13134;202200008635;798 601;B01;1;33;1;2;1;17;1;
13135;202200008636;798 598;A01;1;7;0;9;8;20;1;
13136;202200008636;798 599;B01;1;60;5;0;0;0;5;
13137;202200008637;798 596;B01;2;10;0;2;8;10;1;
13138;202200008637;798 597;A01;2;33;0;2;7;17;3;
13139;202200008638;798 594;A01;1;10;0;0;7;15;1;
13140;202200008638;798 595;B01;2;33;0;2;1;1;1;