;Num_Acc;id_vehicule;num_veh;senc;catv;obs;obsm;choc;manv;motor;occutc
13141;202200008639;798 592;B01;3;50;0;0;0;0;3;
13142;202200008639;798 593;A01;3;7;0;2;1;15;0;
13143;202200008640;798 590;A01;1;7;0;2;1;1;0;
13144;202200008640;798 591;B01;1;7;0;2;5;1;0;
13145;202200008642;798 586;B01;3;7;0;0;2;1;1;
13146;202200008642;798 587;A01;3;30;0;2;1;26;1;
13147;202200008643;798 585;A01;1;7;0;1;1;0;1;
13148;202200008644;798 583;B01;2;7;0;2;0;0;1;
13149;202200008644;798 584;A01;1;30;0;2;3;1;1;
13150;202200008645;798 581;B01;1;99;0;2;3;1;1;
13151;202200008645;798 582;A01;1;7;0;2;2;16;1;
13152;202200008646;798 579;B01;1;3;0;2;1;15;0;
13153;202200008646;798 580;A01;1;3;0;2;2;1;0;
13154;202200008647;798 577;A01;1;33;0;2;1;1;1;
13155;202200008647;798 578;B01;2;7;0;2;8;9;1;
13156;202200008648;798 575;A01;1;17;0;2;3;15;1;
13157;202200008648;798 576;B01;2;30;0;2;1;1;1;
13158;202200008649;798 574;A01;3;10;12;0;2;1;1;
13159;202200008650;798 573;A01;1;1;0;1;1;16;5;
13160;202200008651;798 571;A01;2;7;0;2;1;1;1;
13161;202200008651;798 572;B01;2;34;0;2;6;1;1;
13162;202200008652;798 569;B01;1;7;0;2;3;2;1;
13163;202200008652;798 570;A01;1;1;0;2;1;0;5;
13164;202200008653;798 566;B01;1;80;0;2;2;5;3;
13165;202200008653;798 567;A01;1;7;0;2;6;1;1;
13166;202200008654;798 564;B01;2;1;0;0;4;1;5;
13167;202200008654;798 565;A01;2;7;0;2;2;1;1;
13168;202200008655;798 562;B01;3;1;0;2;0;2;5;
13169;202200008655;798 563;A01;3;7;0;2;7;2;1;
13170;202200008656;798 561;A01;2;7;3;0;3;13;1;
13171;202200008657;798 560;A01;3;7;13;0;1;19;1;
13172;202200008658;798 559;A01;1;14;1;0;2;2;1;
13173;202200008659;798 558;A01;2;7;13;0;0;1;1;
13174;202200008660;798 556;A01;1;7;0;2;1;15;1;
13175;202200008660;798 557;B01;2;33;0;2;1;1;0;
13176;202200008661;798 555;A01;2;7;13;0;2;0;1;
13177;202200008662;798 554;A01;1;7;0;0;1;1;1;
13178;202200008663;798 552;B01;2;17;0;2;3;21;1;
13179;202200008663;798 553;A01;1;10;0;2;3;13;1;
13180;202200008664;798 551;A01;1;7;0;1;1;0;1;
13181;202200008665;798 550;A01;1;7;0;0;8;0;1;
13182;202200008666;798 549;A01;1;33;13;0;2;1;1;
13183;202200008667;798 548;A01;2;7;0;0;2;1;1;
13184;202200008668;798 546;A01;1;33;0;2;1;26;1;
13185;202200008668;798 547;B01;1;7;0;2;3;0;1;
13186;202200008669;798 545;A01;3;2;0;0;7;1;1;
13187;202200008670;798 543;B01;2;33;0;2;1;1;1;
13188;202200008670;798 544;A01;2;7;0;2;8;9;1;
13189;202200008671;798 542;A01;3;21;0;1;8;1;1;
13190;202200008673;798 539;A01;1;7;0;0;0;1;1;
13191;202200008675;798 536;A01;1;2;0;0;1;1;1;
13192;202200008676;798 534;B01;3;7;0;2;3;1;0;
13193;202200008676;798 535;A01;3;2;0;2;8;1;1;
13194;202200008677;798 532;B01;2;10;0;0;4;15;1;
13195;202200008677;798 533;A01;2;7;0;2;1;2;1;
13196;202200008678;798 531;A01;3;7;13;0;8;1;0;
13197;202200008679;798 528;C01;2;7;0;2;3;1;1;
13198;202200008679;798 529;A01;1;7;0;2;3;13;1;
13199;202200008679;798 530;B01;2;7;0;2;8;1;1;
13200;202200008680;798 527;A01;2;2;5;0;1;0;1;
13201;202200008682;798 524;B01;1;33;0;0;0;21;1;
13202;202200008682;798 525;A01;2;7;0;0;0;15;1;
13203;202200008683;798 523;A01;2;33;6;0;1;17;1;
13204;202200008684;798 522;A01;2;1;0;0;0;1;5;
13205;202200008685;798 521;A01;2;7;2;0;1;1;1;
13206;202200008686;798 520;A01;3;31;0;0;0;1;1;
13207;202200008687;798 518;A01;0;33;0;2;1;1;1;
13208;202200008687;798 519;B01;0;7;0;2;8;1;1;
13209;202200008688;798 517;A01;1;7;13;0;3;1;1;
13210;202200008689;798 516;A01;1;7;13;0;2;1;1;
13211;202200008690;798 515;A01;1;7;7;0;2;14;1;
13212;202200008691;798 514;A01;2;14;0;0;7;1;1;
13213;202200008692;798 512;B01;3;80;0;2;1;1;3;
13214;202200008692;798 513;A01;3;7;0;9;6;20;1;
13215;202200008693;798 511;A01;0;7;2;0;3;1;1;
13216;202200008694;798 509;A01;2;7;0;9;1;15;2;
13217;202200008694;798 510;B01;3;1;0;2;8;26;5;
13218;202200008695;798 507;A01;1;2;0;2;1;1;1;
13219;202200008695;798 508;B01;2;7;0;2;3;26;1;
13220;202200008696;798 505;A01;2;7;0;2;2;9;1;
13221;202200008696;798 506;B01;1;1;0;2;1;1;5;
13222;202200008697;798 504;A01;2;33;0;6;1;0;1;
13223;202200008698;798 503;A01;1;7;0;0;0;1;1;
13224;202200008699;798 502;A01;1;34;5;0;1;18;1;
13225;202200008700;798 501;A01;0;33;3;0;3;17;1;
13226;202200008701;798 499;A01;1;7;0;2;1;13;1;
13227;202200008701;798 500;B01;2;7;0;2;1;1;1;
13228;202200008702;798 497;A01;0;10;0;2;1;13;1;
13229;202200008702;798 498;B01;0;7;0;2;1;1;1;
13230;202200008703;798 495;A01;3;15;3;0;3;1;1;
13231;202200008704;798 493;B01;2;15;0;2;2;1;1;
13232;202200008704;798 494;A01;2;7;0;2;3;11;1;
13233;202200008705;798 490;C01;2;10;3;2;5;2;1;
13234;202200008705;798 491;B01;2;33;3;2;4;2;1;
13235;202200008705;798 492;A01;2;7;3;2;2;2;1;
13236;202200008706;798 486;A01;1;7;0;2;1;1;1;
13237;202200008706;798 487;B01;1;10;0;2;4;0;1;
13238;202200008706;798 488;C01;1;7;0;2;3;1;1;
13239;202200008706;798 489;D01;1;7;0;2;4;1;1;
13240;202200008707;798 484;B01;2;7;0;2;8;1;1;
13241;202200008707;798 485;A01;2;17;0;2;7;12;1;
13242;202200008708;798 481;A01;1;1;0;9;1;1;5;
13243;202200008709;798 480;A01;3;7;0;1;1;1;1;
13244;202200008710;798 478;B01;1;99;0;2;6;23;1;
13245;202200008710;798 479;A01;1;7;0;2;5;13;1;
13246;202200008711;798 476;B01;1;33;0;2;1;2;1;
13247;202200008711;798 477;A01;1;7;0;2;4;20;1;
13248;202200008712;798 474;B01;3;2;0;2;1;21;1;
13249;202200008712;798 475;A01;1;7;0;2;7;21;1;
13250;202200008713;798 472;B01;1;30;0;2;3;13;1;
13251;202200008713;798 473;A01;2;30;0;2;8;1;1;
13252;202200008714;798 471;A01;2;80;0;1;1;1;3;
13253;202200008715;798 469;A01;1;37;0;2;2;17;1;1.0
13254;202200008715;798 470;B01;1;1;0;2;6;2;5;
13255;202200008717;798 465;A01;2;7;0;1;3;15;1;
13256;202200008718;798 463;B01;2;1;0;2;4;26;5;
13257;202200008718;798 464;A01;2;30;0;2;1;26;1;
13258;202200008719;798 461;B01;1;10;0;2;4;2;1;
13259;202200008719;798 462;A01;1;43;0;2;1;2;1;
13260;202200008720;798 459;B01;3;33;0;2;8;1;1;
13261;202200008720;798 460;A01;3;7;0;2;3;15;1;
13262;202200008721;798 458;A01;2;13;0;1;4;2;1;
13263;202200008722;798 456;B01;1;50;0;2;0;0;3;
13264;202200008722;798 457;A01;1;7;0;9;2;1;2;
13265;202200008723;798 454;B01;1;31;0;2;1;0;1;
13266;202200008723;798 455;A01;1;7;0;2;5;1;1;
13267;202200008724;798 452;A01;1;7;0;0;0;9;1;
13268;202200008724;798 453;B01;1;1;0;0;0;1;5;
13269;202200008725;798 450;B01;3;50;0;2;2;7;3;
13270;202200008725;798 451;A01;3;7;0;2;8;1;1;
13271;202200008726;798 448;A01;0;10;0;2;4;26;1;
13272;202200008726;798 449;B01;0;1;0;2;1;25;5;
13273;202200008727;798 446;A01;0;7;0;2;7;19;1;
13274;202200008727;798 447;B01;0;33;0;2;8;1;1;
13275;202200008728;798 444;A01;0;7;0;2;1;9;1;
13276;202200008728;798 445;B01;0;33;0;2;7;17;1;
13277;202200008730;798 440;A01;0;2;0;0;0;0;0;
13278;202200008730;798 441;B01;0;1;0;2;2;2;5;
13279;202200008731;798 437;C01;1;7;0;2;4;2;1;
13280;202200008731;798 438;B01;1;7;0;2;4;2;1;
13281;202200008731;798 439;A01;1;7;0;2;1;2;1;
13282;202200008732;798 436;A01;1;99;0;0;0;1;5;
13283;202200008734;798 433;A01;3;7;0;0;2;15;1;
13284;202200008735;798 431;A01;1;10;0;2;1;15;0;
13285;202200008735;798 432;B01;2;50;0;2;7;1;3;
13286;202200008736;798 429;B01;0;30;0;2;1;1;1;
13287;202200008736;798 430;A01;0;7;0;2;7;15;1;
13288;202200008737;798 427;A01;1;7;0;2;1;2;1;
13289;202200008737;798 428;B01;1;7;0;2;4;2;1;
13290;202200008738;798 425;A01;1;1;0;2;8;19;5;
13291;202200008738;798 426;Z01;1;7;0;2;3;17;1;
13292;202200008739;798 423;B01;1;7;0;2;4;1;1;
13293;202200008739;798 424;A01;1;7;0;2;1;1;1;
13294;202200008741;798 419;A01;3;7;0;2;7;19;1;
13295;202200008741;798 420;B01;1;33;0;2;1;1;1;
13296;202200008742;798 417;B01;3;50;0;2;1;2;3;
13297;202200008742;798 418;A01;3;7;0;2;7;2;1;
13298;202200008743;798 416;A01;1;7;0;1;1;1;1;
13299;202200008744;798 414;A01;3;30;0;2;3;19;1;
13300;202200008744;798 415;B01;1;17;0;2;1;26;1;
13301;202200008745;798 412;B01;1;31;0;2;1;1;1;
13302;202200008745;798 413;A01;1;7;0;2;7;15;1;
13303;202200008746;798 410;B01;3;7;0;0;6;23;1;
13304;202200008746;798 411;A01;3;1;0;0;1;21;5;
13305;202200008747;798 409;A01;1;34;12;0;1;0;1;
13306;202200008748;798 408;A01;0;7;0;1;1;1;0;
13307;202200008749;798 406;B01;3;7;0;2;1;9;1;
13308;202200008749;798 407;A01;3;2;0;2;1;1;1;
13309;202200008750;798 405;A01;2;7;13;0;1;14;1;
13310;202200008751;798 403;A01;3;7;0;2;1;2;1;
13311;202200008751;798 404;B01;3;7;0;0;4;2;1;
13312;202200008752;798 401;B01;1;7;0;2;1;1;1;
13313;202200008752;798 402;A01;1;50;0;2;7;15;3;
13314;202200008753;798 400;A01;0;7;16;0;1;1;1;
13315;202200008754;798 398;A01;2;7;0;2;3;1;1;
13316;202200008754;798 399;B01;2;3;0;2;1;1;3;
13317;202200008755;798 397;A01;1;7;0;1;1;1;1;
13318;202200008756;798 396;A01;2;7;3;0;0;13;1;
13319;202200008757;798 394;B01;1;1;0;2;1;1;5;
13320;202200008757;798 395;A01;2;7;0;9;1;15;1;
13321;202200008758;798 393;A01;1;1;12;0;3;21;5;
13322;202200008759;798 392;A01;1;10;0;1;1;1;1;
13323;202200008760;798 389;A01;1;7;0;2;1;2;1;
13324;202200008760;798 390;B01;1;7;0;2;4;2;1;
13325;202200008760;798 391;C01;1;7;0;2;4;2;1;
13326;202200008761;798 387;A01;1;7;0;2;3;1;1;
13327;202200008761;798 388;B01;1;7;0;2;1;1;1;
13328;202200008762;798 385;A01;1;7;0;2;1;13;1;
13329;202200008762;798 386;B01;2;7;0;2;1;1;1;
13330;202200008763;798 384;A01;0;30;0;0;1;1;1;
13331;202200008766;798 378;B01;3;33;0;2;8;18;1;
13332;202200008766;798 379;A01;3;7;0;2;1;26;1;
13333;202200008767;798 377;A01;2;7;0;1;0;0;0;
13334;202200008768;798 374;A01;1;7;0;2;4;2;1;
13335;202200008768;798 375;B01;1;34;0;2;5;2;1;
13336;202200008768;798 376;Z01;1;7;0;2;3;2;1;
13337;202200008769;798 372;B01;1;50;0;2;7;1;3;
13338;202200008769;798 373;A01;2;30;0;2;1;15;1;
13339;202200008770;798 371;A01;1;31;0;1;1;1;1;
13340;202200008771;798 369;B01;1;7;0;2;6;15;1;
13341;202200008771;798 370;A01;1;30;0;2;1;1;1;
13342;202200008773;798 365;B01;3;2;0;2;3;9;3;
13343;202200008773;798 366;A01;3;10;0;2;2;1;1;
13344;202200008774;798 363;A01;3;7;0;2;1;1;3;
13345;202200008774;798 364;B01;3;7;0;2;1;1;1;
13346;202200008775;798 361;A01;3;7;0;2;1;1;1;
13347;202200008775;798 362;B01;3;7;0;2;3;1;1;
13348;202200008776;798 360;A01;2;2;0;0;0;17;1;
13349;202200008777;798 359;A01;1;7;0;1;1;5;1;
13350;202200008778;798 358;A01;1;10;0;1;1;15;1;
13351;202200008779;798 357;A01;1;7;0;1;1;1;1;
13352;202200008781;798 353;B01;3;7;0;2;4;1;1;
13353;202200008781;798 354;A01;3;7;0;2;1;1;1;
13354;202200008782;798 351;B01;3;2;0;2;2;16;3;
13355;202200008782;798 352;A01;3;7;0;2;2;16;1;
13356;202200008783;798 349;Z01;1;7;0;2;1;1;0;
13357;202200008783;798 350;B01;1;32;0;2;8;1;1;
13358;202200008784;798 348;A01;2;7;0;1;1;1;1;
13359;202200008785;798 346;B01;2;1;0;2;7;1;5;
13360;202200008785;798 347;A01;1;7;0;2;3;1;1;
13361;202200008786;798 344;B01;2;7;3;0;1;1;1;
13362;202200008786;798 345;A01;2;15;0;2;2;1;1;
13363;202200008787;798 342;A01;1;1;0;2;1;13;5;
13364;202200008787;798 343;B01;2;50;0;2;1;1;3;
13365;202200008788;798 341;A01;2;7;4;0;7;1;1;
13366;202200008789;798 339;A01;1;7;0;2;3;15;1;
13367;202200008789;798 340;B01;1;33;0;2;7;1;1;
13368;202200008790;798 336;B01;2;33;0;2;7;1;1;
13369;202200008790;798 338;A01;2;7;0;2;8;13;1;
13370;202200008791;798 337;A01;1;50;0;0;0;1;3;
13371;202200008792;798 334;A01;2;1;0;0;1;1;5;
13372;202200008793;798 331;C01;2;14;0;2;4;2;1;
13373;202200008793;798 333;B01;2;7;0;2;4;2;1;
13374;202200008793;798 335;A01;2;7;0;2;1;1;1;
13375;202200008794;798 330;A01;1;43;0;2;3;0;1;
13376;202200008794;798 332;Y01;1;1;0;2;0;0;5;
13377;202200008795;798 327;A01;2;43;0;2;1;3;1;
13378;202200008795;798 329;B01;2;7;0;2;5;1;2;
13379;202200008796;798 326;A01;2;13;0;2;7;2;1;
13380;202200008796;798 328;B01;1;33;0;2;1;15;1;
13381;202200008797;798 322;B01;1;7;0;2;2;1;1;
13382;202200008797;798 323;A01;1;1;2;2;1;16;5;
13383;202200008799;798 319;A01;1;7;15;0;1;16;1;
13384;202200008800;798 318;A01;1;33;0;2;1;2;1;
13385;202200008800;798 320;B01;1;10;0;2;5;1;1;
13386;202200008801;798 316;A01;1;43;0;0;7;26;1;
13387;202200008802;798 315;B01;1;7;0;2;3;0;1;
13388;202200008802;798 317;A01;1;30;0;2;7;0;1;
13389;202200008803;798 314;A01;2;31;0;0;7;1;3;
13390;202200008804;798 312;A01;3;7;0;0;5;11;1;
13391;202200008804;798 313;B01;3;34;0;0;3;3;1;
13392;202200008805;798 309;C01;2;7;0;2;3;14;1;
13393;202200008805;798 310;B01;2;7;0;2;5;14;1;
13394;202200008805;798 311;A01;2;7;0;2;1;2;1;
13395;202200008807;798 306;A01;1;7;3;0;1;21;1;
13396;202200008808;798 304;B01;2;7;0;2;3;1;0;
13397;202200008808;798 305;A01;2;50;0;2;1;15;3;
13398;202200008809;798 302;A01;1;17;0;2;2;13;1;
13399;202200008809;798 303;B01;1;7;0;2;0;0;1;
13400;202200008810;798 300;A01;1;10;9;0;2;13;1;
13401;202200008810;798 301;B01;1;7;9;0;1;1;1;
13402;202200008811;798 297;A01;1;7;0;2;1;1;1;
13403;202200008811;798 299;B01;1;7;0;2;4;2;1;
13404;202200008813;798 293;B01;2;7;0;0;4;2;1;
13405;202200008813;798 295;A01;2;7;0;2;1;2;1;
13406;202200008814;798 292;B01;1;7;0;2;3;0;1;
13407;202200008814;798 294;A01;1;7;0;2;2;16;1;
13408;202200008815;798 288;A01;2;33;0;2;4;0;1;
13409;202200008815;798 290;Z01;1;7;0;2;1;0;0;
13410;202200008816;798 289;A01;2;10;0;2;1;2;1;
13411;202200008816;798 291;B01;2;7;0;2;4;2;2;
13412;202200008817;798 286;B01;2;33;0;2;1;1;1;
13413;202200008817;798 287;A01;2;7;0;2;5;1;1;
13414;202200008818;798 284;B01;1;7;0;2;4;1;1;
13415;202200008818;798 285;A01;1;32;0;2;1;1;1;
13416;202200008819;798 283;A01;2;7;1;0;2;14;1;
13417;202200008820;798 281;B01;1;7;0;0;4;24;1;
13418;202200008820;798 282;A01;1;99;1;0;1;2;0;
13419;202200008821;798 280;A01;2;50;0;1;1;1;3;
13420;202200008822;798 278;A01;2;32;0;2;8;17;1;
13421;202200008822;798 279;B01;2;7;0;2;0;15;2;
13422;202200008823;798 277;A01;2;7;0;1;2;15;2;
13423;202200008824;798 276;A01;3;0;0;0;0;16;0;
13424;202200008825;798 273;B01;1;1;0;2;4;1;5;
13425;202200008825;798 275;A01;1;50;12;2;1;18;3;
13426;202200008827;798 271;A01;3;7;0;1;3;0;1;
13427;202200008828;798 270;A01;2;10;0;1;4;20;1;
13428;202200008829;798 269;A01;2;7;3;0;3;12;1;
13429;202200008830;798 267;B01;2;7;13;2;3;1;1;
13430;202200008830;798 268;A01;1;7;0;2;3;19;1;
13431;202200008831;798 266;A01;2;1;0;1;1;1;5;
13432;202200008832;798 263;B01;2;32;0;2;1;17;1;
13433;202200008832;798 265;A01;2;7;0;2;8;15;1;
13434;202200008833;798 262;A01;1;7;0;2;7;15;1;
13435;202200008833;798 264;B01;2;32;0;2;1;1;1;
13436;202200008834;798 260;B01;1;14;0;2;1;0;1;
13437;202200008834;798 261;A01;2;7;0;2;1;5;1;
13438;202200008835;798 259;Z01;1;2;0;1;0;1;0;
13439;202200008836;798 257;A01;0;7;0;1;6;20;1;
13440;202200008837;798 256;A01;2;30;0;2;1;1;3;
13441;202200008837;798 258;B01;2;80;0;2;3;1;3;
13442;202200008838;798 254;A01;2;1;0;1;1;1;5;
13443;202200008839;798 252;B01;2;7;0;2;1;1;1;
13444;202200008839;798 255;A01;1;33;0;2;7;1;1;
13445;202200008840;798 250;A01;2;1;0;2;0;11;5;
13446;202200008840;798 253;B01;2;30;1;2;1;1;3;
13447;202200008841;798 249;A01;3;7;0;2;2;0;1;
13448;202200008841;798 251;B01;1;50;0;2;3;11;3;
13449;202200008842;798 248;A01;1;17;3;0;7;14;1;
13450;202200008843;798 244;B01;2;7;0;2;1;1;1;
13451;202200008843;798 246;A01;1;7;0;2;1;1;1;
13452;202200008844;798 243;B01;1;7;0;2;1;2;1;
13453;202200008844;798 247;Z01;1;7;0;2;4;4;1;
13454;202200008845;798 241;A01;1;7;0;1;1;1;1;
13455;202200008846;798 242;Z01;1;50;0;1;0;25;3;
13456;202200008847;798 237;A01;1;13;0;2;3;1;1;
13457;202200008847;798 238;B01;2;10;0;2;3;13;1;
13458;202200008848;798 239;B01;1;7;0;2;7;15;1;
13459;202200008848;798 240;A01;1;30;0;2;3;1;1;
13460;202200008849;798 235;B01;3;30;0;2;1;1;1;
13461;202200008849;798 236;A01;2;50;0;2;7;1;3;
13462;202200008850;798 233;B01;1;10;0;2;8;1;1;
13463;202200008850;798 234;A01;1;31;0;2;2;15;1;
13464;202200008851;798 232;A01;3;7;0;1;1;26;1;
13465;202200008852;798 231;A01;1;33;2;0;7;13;1;
13466;202200008853;798 230;A01;1;50;0;1;1;1;3;
13467;202200008854;798 228;A01;1;31;0;2;3;26;1;
13468;202200008854;798 229;B01;1;10;0;2;3;26;1;
13469;202200008855;798 225;A01;1;32;0;0;8;1;1;
13470;202200008856;798 226;B01;3;7;0;2;2;16;1;
13471;202200008856;798 227;A01;3;34;0;2;3;18;1;
13472;202200008857;798 218;A01;2;7;0;2;3;22;1;
13473;202200008857;798 219;B01;2;1;0;2;1;1;5;
13474;202200008858;798 216;B01;0;1;0;2;5;1;5;
13475;202200008858;798 217;A01;1;7;0;2;3;9;1;
13476;202200008860;798 212;C01;2;7;0;2;4;26;1;
13477;202200008860;798 213;B01;2;7;0;2;4;26;2;
13478;202200008860;798 215;A01;2;14;0;2;1;26;1;
13479;202200008861;798 209;B01;2;34;0;2;1;1;1;
13480;202200008861;798 210;A01;1;10;0;2;2;1;1;
13481;202200008862;798 208;B01;1;43;0;2;1;1;1;
13482;202200008862;798 211;A01;1;7;0;2;2;15;2;
13483;202200008863;798 205;C01;2;7;0;0;4;1;1;
13484;202200008863;798 206;B01;2;7;0;2;4;1;1;
13485;202200008863;798 207;A01;2;7;0;2;1;1;1;
13486;202200008864;798 203;Z01;1;30;9;2;3;1;0;
13487;202200008864;798 204;A01;1;1;0;2;6;11;5;
13488;202200008865;798 201;B01;2;7;0;2;2;15;1;
13489;202200008865;798 202;A01;1;32;0;2;7;1;1;
13490;202200008866;798 198;B01;0;34;0;2;1;1;1;
13491;202200008866;798 199;A01;0;7;0;2;3;15;1;
13492;202200008867;798 195;B01;1;0;0;2;0;26;0;
13493;202200008867;798 196;A01;1;7;0;2;3;1;1;
13494;202200008868;798 193;B01;2;30;0;2;2;1;1;
13495;202200008868;798 194;A01;2;7;0;2;3;11;1;
13496;202200008869;798 190;A01;1;37;0;1;1;1;1;1.0
13497;202200008870;798 186;A01;1;7;0;1;7;15;1;
13498;202200008871;798 185;A01;2;7;0;1;1;1;1;
13499;202200008872;798 183;A01;3;7;0;2;3;16;1;
13500;202200008872;798 184;B01;3;7;0;2;1;1;1;
13501;202200008873;798 181;A01;1;7;0;1;3;1;1;
13502;202200008874;798 180;B01;1;1;0;2;2;1;5;
13503;202200008874;798 182;A01;2;7;12;2;3;9;1;
13504;202200008876;798 176;B01;2;7;0;2;3;15;6;
13505;202200008876;798 178;A01;2;30;0;2;1;0;6;
13506;202200008877;798 172;B01;2;2;0;2;1;1;1;
13507;202200008877;798 174;A01;1;7;0;2;1;19;1;
13508;202200008878;798 171;A01;3;7;0;2;1;2;1;
13509;202200008878;798 173;B01;3;7;0;2;1;2;1;
13510;202200008878;798 175;C01;3;7;0;2;4;2;1;
13511;202200008879;798 168;A01;1;33;0;2;1;17;1;
13512;202200008879;798 169;B01;1;7;0;2;8;10;1;
13513;202200008881;798 165;A01;1;50;0;2;8;19;3;
13514;202200008881;798 166;Z01;2;10;0;2;1;16;0;
13515;202200008882;798 162;B01;2;7;0;2;4;2;2;
13516;202200008882;798 164;A01;2;7;0;2;1;2;1;
13517;202200008883;798 161;B01;1;7;0;2;0;17;1;
13518;202200008883;798 163;A01;1;3;0;0;3;1;1;
13519;202200008884;798 159;B01;2;1;0;2;1;1;5;
13520;202200008884;798 160;A01;2;7;0;2;6;9;1;
13521;202200008885;798 158;A01;-1;7;-1;-1;-1;-1;-1;
13522;202200008886;798 156;B01;2;2;0;2;4;2;1;
13523;202200008886;798 157;A01;2;7;0;2;1;9;1;
13524;202200008887;798 155;A01;1;7;0;1;1;1;1;
13525;202200008888;798 152;B01;3;1;0;2;2;1;5;
13526;202200008888;798 153;A01;3;1;0;2;1;9;5;
13527;202200008888;798 154;C01;3;7;0;2;1;1;1;
13528;202200008890;798 149;A01;3;7;0;2;2;1;1;
13529;202200008890;798 150;B01;3;7;0;2;6;2;1;
13530;202200008891;798 148;A01;2;7;1;0;1;14;1;
13531;202200008892;798 146;A01;3;7;0;2;1;15;1;
13532;202200008892;798 147;B01;3;7;0;2;3;1;1;
13533;202200008894;798 141;A01;3;7;0;1;1;1;1;
13534;202200008895;798 140;A01;0;7;0;2;1;1;2;
13535;202200008895;798 142;C01;0;7;0;2;1;1;1;
13536;202200008895;798 143;B01;0;7;0;2;6;1;1;
13537;202200008896;798 138;B01;2;1;0;2;4;2;5;
13538;202200008896;798 139;A01;2;14;0;2;1;2;1;
13539;202200008898;798 133;A01;2;37;0;2;3;1;1;1.0
13540;202200008898;798 134;C01;2;7;0;2;8;1;1;
13541;202200008898;798 135;B01;2;7;0;2;4;15;1;
13542;202200008900;798 130;A01;1;7;0;2;1;1;1;
13543;202200008900;798 132;B01;1;7;0;2;8;16;1;
13544;202200008901;798 127;B01;1;7;0;9;4;15;1;
13545;202200008901;798 128;A01;1;1;0;2;1;1;5;
13546;202200008902;798 125;A01;2;1;0;2;8;15;5;
13547;202200008902;798 126;B01;1;34;0;2;3;21;1;
13548;202200008903;798 123;B01;1;80;0;2;2;26;3;
13549;202200008903;798 124;A01;0;7;0;2;2;9;1;
13550;202200008904;798 121;B01;2;2;0;2;1;0;1;
13551;202200008904;798 122;A01;2;7;0;2;2;9;1;
13552;202200008907;798 116;A01;2;7;0;1;8;9;1;
13553;202200008908;798 113;A01;3;7;0;2;5;16;1;
13554;202200008908;798 115;B01;3;1;0;2;1;1;5;
13555;202200008909;798 112;A01;1;7;0;2;2;15;1;
13556;202200008909;798 114;B01;2;43;0;2;3;16;1;
13557;202200008910;798 110;B01;2;33;3;2;4;2;1;
13558;202200008910;798 111;A01;2;7;3;2;2;2;1;
13559;202200008911;798 108;A01;1;7;0;2;1;1;1;
13560;202200008911;798 109;B01;1;7;0;2;0;1;1;
13561;202200008913;798 103;A01;2;7;0;2;1;16;1;
13562;202200008913;798 104;B01;2;7;0;2;2;1;1;
13563;202200008913;798 106;C01;1;7;0;2;1;1;1;
13564;202200008914;798 102;A01;1;7;0;0;1;1;1;
13565;202200008915;798 100;B01;3;7;0;2;3;13;1;
13566;202200008915;798 101;A01;3;2;0;2;1;1;1;
13567;202200008916;798 097;B01;1;37;0;2;4;2;1;1.0
13568;202200008916;798 099;A01;1;30;0;2;1;2;1;
13569;202200008918;798 093;A01;1;7;0;2;1;19;1;
13570;202200008918;798 095;Y01;1;50;0;2;1;1;3;
13571;202200008919;798 092;B01;1;7;0;2;8;1;1;
13572;202200008919;798 094;A01;1;2;0;2;1;1;1;
13573;202200008920;798 091;A01;3;1;0;0;0;1;5;
13574;202200008921;798 086;C01;2;7;0;2;4;2;1;
13575;202200008921;798 088;B01;2;7;0;2;4;2;1;
13576;202200008921;798 089;A01;2;7;0;2;1;2;1;
13577;202200008922;798 085;A01;1;7;0;2;1;1;1;
13578;202200008922;798 090;B01;2;7;0;2;0;0;1;
13579;202200008924;798 081;A01;3;10;0;1;0;5;1;
13580;202200008925;798 082;A01;1;14;0;1;0;23;0;
13581;202200008927;798 076;A01;3;7;0;2;2;1;1;
13582;202200008927;798 079;B01;3;7;0;0;6;9;1;
13583;202200008928;798 074;A01;1;31;0;2;1;2;1;
13584;202200008928;798 077;B01;1;7;0;2;4;2;1;
13585;202200008929;798 075;B01;0;2;0;2;1;1;0;
13586;202200008929;798 078;A01;1;7;0;2;3;9;1;
13587;202200008930;798 072;A01;2;7;2;0;1;13;1;
13588;202200008933;798 068;A01;2;10;0;2;3;1;1;
13589;202200008933;798 069;B01;1;30;0;2;1;13;1;
13590;202200008934;798 066;A01;1;1;14;0;0;26;5;
13591;202200008935;798 065;A01;1;7;0;0;0;19;1;
13592;202200008935;798 067;B01;0;7;0;0;0;1;1;
13593;202200008936;798 063;A01;0;7;0;1;1;1;1;
13594;202200008937;798 062;A01;1;7;0;2;1;1;1;
13595;202200008937;798 064;B01;3;7;0;2;3;15;1;
13596;202200008938;798 059;A01;2;50;0;2;1;1;3;
13597;202200008938;798 060;B01;2;7;0;0;6;16;1;
13598;202200008939;798 057;A01;2;14;0;2;1;15;1;
13599;202200008939;798 061;B01;1;33;0;2;1;1;1;
13600;202200008940;798 055;B01;1;10;0;2;1;1;1;