;Num_Acc;id_vehicule;num_veh;senc;catv;obs;obsm;choc;manv;motor;occutc
13601;202200008940;798 056;A01;2;7;0;2;1;13;2;
13602;202200008941;798 054;B01;3;7;0;2;1;1;1;
13603;202200008941;798 058;A01;2;30;8;2;8;19;1;
13604;202200008942;798 052;B01;2;7;0;2;3;15;1;
13605;202200008942;798 053;A01;1;33;0;2;1;1;1;
13606;202200008944;798 050;A01;3;7;0;1;1;1;1;
13607;202200008945;798 048;A01;1;33;16;0;0;17;1;
13608;202200008946;798 046;C01;3;7;0;2;4;2;1;
13609;202200008946;798 047;B01;3;7;0;2;4;2;1;
13610;202200008946;798 049;A01;3;7;0;2;1;2;1;
13611;202200008947;798 041;C01;1;7;0;2;4;2;1;
13612;202200008947;798 043;B01;1;7;0;2;4;2;1;
13613;202200008947;798 044;A01;1;7;0;2;1;2;1;
13614;202200008948;798 040;A01;1;7;0;1;1;15;1;
13615;202200008948;798 045;B01;1;7;0;2;3;1;1;
13616;202200008949;798 038;A01;1;38;0;1;7;1;1;1.0
13617;202200008950;798 037;A01;1;7;0;2;3;15;1;
13618;202200008950;798 039;B01;2;33;0;2;1;1;1;
13619;202200008952;798 035;A01;1;33;0;0;0;1;1;
13620;202200008953;798 032;B01;3;38;0;2;3;0;1;1.0
13621;202200008953;798 034;A01;3;33;0;2;1;1;1;
13622;202200008954;798 030;B01;3;2;0;2;1;1;1;
13623;202200008954;798 033;A01;3;7;0;2;1;9;1;
13624;202200008955;798 026;D01;1;7;0;0;4;1;1;
13625;202200008955;798 027;C01;1;7;0;2;4;1;3;
13626;202200008955;798 029;B01;1;7;0;2;4;1;2;
13627;202200008955;798 031;A01;1;13;0;2;1;1;1;
13628;202200008956;798 024;A01;2;7;0;2;1;9;1;
13629;202200008956;798 025;B01;2;1;0;2;4;1;5;
13630;202200008957;798 022;A01;0;33;0;0;9;1;1;
13631;202200008958;798 023;A01;1;7;13;0;8;2;1;
13632;202200008959;798 018;A01;2;7;13;0;2;1;1;
13633;202200008960;798 016;C01;1;7;0;2;1;1;1;
13634;202200008960;798 019;B01;1;7;0;2;6;1;1;
13635;202200008960;798 020;A01;2;7;0;2;1;1;1;
13636;202200008961;798 017;B01;1;7;0;2;1;1;1;
13637;202200008961;798 021;A01;1;7;0;2;3;15;1;
13638;202200008963;798 015;A01;1;10;13;0;3;1;1;
13639;202200008964;798 011;A01;1;7;0;1;1;1;1;
13640;202200008965;798 009;A01;3;7;0;9;3;9;1;
13641;202200008965;798 012;B01;3;50;0;2;1;1;3;
13642;202200008966;798 005;B01;3;1;0;2;1;19;5;
13643;202200008966;798 007;A01;3;7;0;9;1;1;1;
13644;202200008967;798 006;A01;2;7;0;0;0;1;1;
13645;202200008968;798 008;A01;3;14;0;2;1;1;1;
13646;202200008968;798 010;B01;3;37;0;2;4;1;1;1.0
13647;202200008968;798 013;C01;3;7;0;0;0;0;1;
13648;202200008969;797 999;B01;2;32;0;2;1;1;1;
13649;202200008969;798 003;A01;1;7;0;2;2;15;1;
13650;202200008970;797 998;D01;2;7;0;2;7;1;1;
13651;202200008970;798 000;C01;2;7;0;2;1;1;1;
13652;202200008970;798 002;B01;2;7;0;2;4;1;1;
13653;202200008970;798 004;A01;2;7;3;0;3;1;1;
13654;202200008971;797 997;Z01;1;0;0;2;1;14;0;
13655;202200008971;798 001;A01;1;33;0;2;4;1;1;
13656;202200008972;797 992;A01;1;10;0;2;1;2;1;
13657;202200008972;797 993;B01;1;7;0;2;6;2;1;
13658;202200008972;797 996;C01;1;17;0;0;0;2;1;
13659;202200008973;797 991;A01;2;30;0;2;2;1;1;
13660;202200008973;797 995;B01;1;32;0;2;1;1;1;
13661;202200008974;797 988;B01;1;7;0;2;1;0;1;
13662;202200008974;797 990;A01;1;7;3;0;0;0;1;
13663;202200008975;797 985;A01;1;7;4;0;1;0;1;
13664;202200008976;797 986;A01;1;33;0;0;7;0;1;
13665;202200008977;797 989;A01;1;7;15;0;1;1;1;
13666;202200008978;797 984;A01;2;7;4;0;9;0;1;
13667;202200008979;797 987;A01;2;7;0;2;2;6;1;
13668;202200008979;797 994;B01;2;7;0;2;3;21;1;
13669;202200008980;797 982;A01;1;33;4;0;3;1;1;
13670;202200008981;797 981;A01;3;3;0;2;1;2;1;
13671;202200008981;797 983;B01;3;7;1;0;4;2;1;
13672;202200008983;797 979;A01;2;33;0;0;5;26;1;
13673;202200008984;797 977;A01;0;37;0;1;2;7;1;1.0
13674;202200008985;797 976;A01;3;7;0;2;1;15;1;
13675;202200008985;797 978;B01;3;1;0;2;1;1;5;
13676;202200008986;797 972;B01;2;7;0;2;4;1;1;
13677;202200008986;797 975;A01;2;7;0;2;1;1;1;
13678;202200008987;797 969;A01;2;7;0;2;8;19;1;
13679;202200008987;797 973;B01;0;10;0;2;1;1;1;
13680;202200008988;797 970;A01;2;7;0;2;1;2;1;
13681;202200008988;797 974;B01;2;7;0;0;4;1;1;
13682;202200008989;797 968;A01;1;31;5;0;2;1;1;
13683;202200008990;797 971;A01;2;7;0;0;9;1;1;
13684;202200008991;797 963;B01;3;7;0;1;6;1;1;
13685;202200008991;797 966;A01;3;7;0;2;2;13;1;
13686;202200008992;797 962;B01;1;2;0;2;6;23;1;
13687;202200008992;797 965;A01;1;7;0;2;1;1;1;
13688;202200008994;797 959;A01;1;7;1;0;1;19;1;
13689;202200008995;797 957;A01;1;7;8;2;7;15;1;
13690;202200008995;797 960;B01;1;7;0;2;1;1;1;
13691;202200008996;797 954;A01;1;7;0;1;1;1;1;
13692;202200008997;797 955;A01;3;10;0;2;4;26;1;
13693;202200008997;797 961;B01;3;1;0;0;0;0;5;
13694;202200008998;797 951;C01;2;7;0;2;5;2;1;
13695;202200008998;797 956;B01;2;7;0;2;4;2;1;
13696;202200008998;797 958;A01;2;7;0;2;1;2;1;
13697;202200008999;797 950;B01;1;7;0;2;1;0;1;
13698;202200008999;797 953;A01;2;33;0;2;1;13;1;
13699;202200009000;797 942;A01;1;7;0;2;1;15;1;
13700;202200009000;797 947;B01;1;80;0;2;1;1;3;
13701;202200009001;797 941;B01;1;7;0;2;1;1;1;
13702;202200009001;797 945;A01;2;7;4;2;7;1;1;
13703;202200009002;797 943;B01;3;7;0;2;7;15;1;
13704;202200009002;797 948;A01;3;33;0;2;1;17;1;
13705;202200009003;797 940;A01;3;7;4;2;2;1;1;
13706;202200009003;797 946;B01;3;7;0;2;6;1;1;
13707;202200009004;797 939;B01;-1;33;0;2;1;0;1;
13708;202200009004;797 944;A01;-1;7;0;0;4;17;1;
13709;202200009005;797 935;A01;0;7;0;1;7;1;1;
13710;202200009006;797 934;A01;3;7;12;0;1;9;1;
13711;202200009007;797 932;B01;1;7;0;2;1;1;1;
13712;202200009007;797 937;A01;2;7;0;2;1;5;1;
13713;202200009008;797 931;A01;1;7;0;2;2;2;1;
13714;202200009008;797 936;B01;1;1;0;2;0;0;5;
13715;202200009009;797 930;A01;1;7;0;2;1;13;1;
13716;202200009009;797 933;B01;2;7;0;2;3;1;1;
13717;202200009009;797 938;C01;2;7;0;2;1;1;1;
13718;202200009010;797 928;A01;1;7;0;1;1;1;1;
13719;202200009011;797 929;A01;3;7;6;0;9;0;1;
13720;202200009012;797 926;A01;1;30;0;2;0;21;1;
13721;202200009013;797 925;A01;1;31;0;2;1;2;1;
13722;202200009013;797 927;B01;1;7;0;2;5;15;1;
13723;202200009014;797 923;A01;1;7;1;0;1;1;1;
13724;202200009015;797 924;Z01;1;7;0;1;2;0;0;
13725;202200009016;797 922;A01;3;7;15;0;1;21;1;
13726;202200009017;797 920;A01;1;10;0;2;1;2;1;
13727;202200009017;797 921;B01;1;3;0;2;4;20;1;
13728;202200009018;797 919;A01;1;33;0;1;2;1;1;
13729;202200009019;797 918;A01;1;7;6;0;1;13;1;
13730;202200009020;797 917;A01;2;33;13;0;1;0;1;
13731;202200009021;797 912;A01;1;7;8;0;2;1;1;
13732;202200009022;797 914;A01;2;10;0;1;1;15;3;
13733;202200009023;797 910;A01;2;7;0;2;1;2;1;
13734;202200009023;797 913;B01;2;7;0;2;4;1;1;
13735;202200009023;797 916;C01;2;7;0;2;4;2;1;
13736;202200009024;797 909;A01;1;7;0;2;8;16;1;
13737;202200009024;797 915;B01;2;1;0;2;7;19;5;
13738;202200009025;797 905;A01;1;2;0;2;4;2;1;
13739;202200009025;797 907;B01;1;10;0;2;2;2;1;
13740;202200009026;797 903;B01;2;7;0;2;1;1;1;
13741;202200009026;797 908;A01;2;7;0;2;1;26;1;
13742;202200009027;797 900;A01;1;7;0;2;3;13;1;
13743;202200009027;797 904;B01;2;7;0;2;1;1;1;
13744;202200009028;797 899;B01;1;1;0;2;7;1;5;
13745;202200009028;797 901;A01;1;7;0;2;1;16;1;
13746;202200009029;797 898;A01;2;1;0;0;8;1;5;
13747;202200009030;797 895;A01;1;7;0;1;1;1;1;
13748;202200009031;797 894;A01;1;7;1;0;3;1;1;
13749;202200009031;797 897;B01;1;10;1;0;3;1;0;
13750;202200009032;797 893;A01;2;7;0;1;2;15;1;
13751;202200009033;797 888;A01;1;7;3;0;3;13;1;
13752;202200009034;797 889;C01;1;7;0;0;3;0;1;
13753;202200009034;797 892;B01;2;7;0;2;5;15;1;
13754;202200009034;797 896;A01;2;7;0;2;3;1;1;
13755;202200009035;797 884;C01;3;7;0;2;3;23;1;
13756;202200009035;797 887;B01;2;7;0;2;1;1;1;
13757;202200009035;797 890;A01;1;7;0;2;1;15;1;
13758;202200009036;797 882;A01;1;7;0;2;4;2;1;
13759;202200009036;797 886;B01;1;7;0;2;1;0;1;
13760;202200009037;797 881;A01;1;7;0;2;8;22;2;
13761;202200009037;797 885;B01;1;32;0;2;7;1;1;
13762;202200009038;797 877;A01;2;7;6;0;3;1;1;
13763;202200009039;797 878;A01;2;7;0;2;2;16;1;
13764;202200009039;797 879;B01;2;30;0;2;8;1;1;
13765;202200009040;797 876;A01;1;7;2;0;5;1;1;
13766;202200009041;797 874;A01;3;7;0;1;2;1;1;
13767;202200009042;797 875;A01;1;80;0;0;0;1;3;
13768;202200009044;797 868;C01;1;14;0;2;8;1;1;
13769;202200009044;797 870;B01;2;15;0;2;1;14;1;
13770;202200009044;797 873;A01;1;7;0;2;1;13;1;
13771;202200009045;797 869;B01;3;1;0;2;8;1;5;
13772;202200009045;797 872;Z01;3;7;0;2;7;17;1;
13773;202200009046;797 866;A01;0;7;0;1;0;0;0;
13774;202200009047;797 863;A01;2;10;0;2;3;13;1;
13775;202200009047;797 867;B01;1;1;0;2;0;1;5;
13776;202200009048;797 861;B01;1;15;0;2;5;9;0;
13777;202200009048;797 864;A01;1;30;0;2;8;1;1;
13778;202200009049;797 860;A01;2;31;0;1;1;1;1;
13779;202200009050;797 858;A01;0;7;0;1;3;1;1;
13780;202200009051;797 857;A01;2;7;0;2;1;2;1;
13781;202200009051;797 859;B01;2;7;0;2;3;2;1;
13782;202200009051;797 862;C01;2;10;0;2;5;2;1;
13783;202200009051;797 865;D01;2;7;0;2;5;2;1;
13784;202200009052;797 855;A01;3;7;8;0;1;1;1;
13785;202200009053;797 856;A01;1;50;0;0;0;1;3;
13786;202200009054;797 852;A01;2;7;0;2;1;2;0;
13787;202200009054;797 854;B01;2;7;0;2;3;23;1;
13788;202200009055;797 851;A01;1;7;6;0;1;1;1;
13789;202200009056;797 850;A01;1;32;14;0;2;17;1;
13790;202200009056;797 853;B01;1;7;0;2;4;23;1;
13791;202200009057;797 849;A01;1;7;6;0;1;1;1;
13792;202200009058;797 847;A01;1;7;0;2;3;10;2;
13793;202200009058;797 848;B01;2;1;0;2;3;1;5;
13794;202200009059;797 845;A01;1;7;0;1;1;1;1;
13795;202200009060;797 841;B01;2;7;0;2;6;1;1;
13796;202200009060;797 844;A01;2;15;0;2;2;12;1;
13797;202200009061;797 840;A01;0;7;0;2;1;9;1;
13798;202200009061;797 843;B01;0;7;0;2;9;1;1;
13799;202200009062;797 835;A01;0;7;0;2;1;0;0;
13800;202200009062;797 838;B01;3;7;0;2;4;2;1;
13801;202200009063;797 832;A01;2;7;0;2;1;2;1;
13802;202200009063;797 836;B01;2;7;0;2;4;2;2;
13803;202200009063;797 839;C01;2;7;0;2;1;2;1;
13804;202200009063;797 842;D01;2;7;0;2;1;2;1;
13805;202200009063;797 846;E01;2;10;0;2;0;0;0;
13806;202200009064;797 834;A01;2;34;0;2;1;1;1;
13807;202200009064;797 837;B01;0;50;0;2;8;19;3;
13808;202200009065;797 829;B01;1;7;0;2;4;2;1;
13809;202200009065;797 833;A01;1;7;0;2;1;2;1;
13810;202200009066;797 830;B01;3;7;0;2;0;0;1;
13811;202200009066;797 831;A01;3;7;0;2;1;1;1;
13812;202200009067;797 828;A01;0;7;0;1;2;2;1;
13813;202200009068;797 826;A01;1;32;14;0;0;3;1;
13814;202200009069;797 825;A01;2;7;3;0;1;1;1;
13815;202200009070;797 822;A01;3;7;0;2;0;26;0;
13816;202200009071;797 823;A01;2;50;0;2;1;17;3;
13817;202200009071;797 827;B01;2;1;0;2;6;13;5;
13818;202200009072;797 816;A01;1;7;0;2;1;2;1;
13819;202200009072;797 819;B01;1;7;0;2;4;2;2;
13820;202200009073;797 813;C01;1;14;0;2;1;1;1;
13821;202200009073;797 818;B01;1;7;0;2;8;1;1;
13822;202200009073;797 820;A01;1;17;0;2;8;12;1;
13823;202200009074;797 815;B01;1;7;0;2;3;1;1;
13824;202200009074;797 817;A01;3;7;0;2;6;19;1;
13825;202200009075;797 810;B01;3;7;0;2;2;1;1;
13826;202200009075;797 812;A01;3;99;0;2;0;0;0;
13827;202200009076;797 809;A01;2;10;0;2;1;1;1;
13828;202200009077;797 806;B01;1;7;0;2;1;0;1;
13829;202200009077;797 808;A01;1;10;0;2;1;0;1;
13830;202200009078;797 811;A01;2;10;0;2;8;22;1;
13831;202200009078;797 814;B01;2;80;0;2;1;1;3;
13832;202200009079;797 805;B01;2;7;0;2;3;0;3;
13833;202200009079;797 807;A01;1;7;0;2;3;13;1;
13834;202200009080;797 802;A01;3;30;0;2;4;2;1;
13835;202200009080;797 803;Z01;3;7;0;2;0;0;1;
13836;202200009081;797 800;A01;1;7;0;2;1;2;2;
13837;202200009081;797 804;B01;1;10;0;2;4;2;1;
13838;202200009084;797 796;A01;3;7;0;1;2;1;1;
13839;202200009085;797 792;C01;2;7;0;2;4;1;1;
13840;202200009085;797 793;B01;2;7;0;2;9;1;1;
13841;202200009085;797 797;A01;2;10;0;2;1;1;1;
13842;202200009086;797 790;B01;1;7;0;2;4;1;1;
13843;202200009086;797 795;A01;1;7;0;2;1;12;1;
13844;202200009087;797 789;A01;1;7;0;1;3;15;1;
13845;202200009088;797 788;A01;2;7;0;1;1;1;1;
13846;202200009091;797 785;A01;2;33;0;2;8;1;1;
13847;202200009091;797 787;Z01;2;7;0;2;0;0;1;
13848;202200009092;797 780;B01;1;2;0;2;1;1;1;
13849;202200009092;797 784;A01;3;7;0;2;0;0;1;
13850;202200009093;797 781;A01;2;34;0;2;7;2;1;
13851;202200009093;797 783;B01;2;7;0;2;6;2;1;
13852;202200009094;797 779;Z01;2;0;0;1;0;0;6;
13853;202200009095;797 778;A01;2;7;0;0;1;0;1;
13854;202200009096;797 777;B01;2;80;0;2;7;1;3;
13855;202200009096;797 782;A01;1;7;0;2;1;1;1;
13856;202200009097;797 776;A01;2;3;8;9;1;0;3;
13857;202200009098;797 774;A01;2;7;3;0;1;0;1;
13858;202200009099;797 772;A01;3;7;8;0;3;9;1;
13859;202200009101;797 770;B01;1;33;0;2;1;1;1;
13860;202200009101;797 773;A01;1;50;0;2;3;1;3;
13861;202200009102;797 769;A01;3;7;0;1;2;1;1;
13862;202200009103;797 766;B01;2;17;0;2;5;23;1;
13863;202200009103;797 768;A01;2;10;0;2;2;1;1;
13864;202200009104;797 765;A01;2;7;0;2;3;11;1;
13865;202200009104;797 767;B01;2;33;0;2;1;3;1;
13866;202200009105;797 764;A01;2;7;0;1;2;1;2;
13867;202200009106;797 761;B01;3;7;0;2;1;1;1;
13868;202200009106;797 763;A01;3;50;0;2;1;1;3;
13869;202200009107;797 760;B01;1;34;0;2;1;1;1;
13870;202200009107;797 762;A01;2;7;0;2;2;10;1;
13871;202200009108;797 758;A01;0;7;0;1;1;1;1;
13872;202200009109;797 756;A01;2;33;0;2;7;3;1;
13873;202200009109;797 759;B01;2;7;0;2;8;11;1;
13874;202200009110;797 757;A01;0;7;0;1;1;1;1;
13875;202200009111;797 754;B01;2;10;0;2;1;1;1;
13876;202200009111;797 755;A01;1;7;0;2;1;1;1;
13877;202200009113;797 749;B01;2;10;0;2;4;2;1;
13878;202200009113;797 752;A01;2;10;0;2;4;2;1;
13879;202200009114;797 753;Z01;1;1;0;1;8;1;5;
13880;202200009115;797 743;B01;2;7;0;2;2;1;1;
13881;202200009115;797 748;A01;1;7;0;2;3;16;1;
13882;202200009116;797 746;B01;3;7;8;2;7;1;1;
13883;202200009116;797 750;A01;3;7;0;2;3;9;1;
13884;202200009117;797 740;A01;2;7;0;1;4;0;1;
13885;202200009117;797 747;B01;2;7;0;2;1;0;1;
13886;202200009118;797 739;A01;3;7;0;2;4;23;1;
13887;202200009118;797 742;B01;3;7;14;0;1;1;1;
13888;202200009118;797 745;C01;3;7;0;2;1;1;1;
13889;202200009119;797 741;B01;1;7;0;2;4;2;0;
13890;202200009119;797 744;A01;3;1;0;2;1;2;5;
13891;202200009120;797 735;B01;2;7;0;2;2;1;1;
13892;202200009120;797 738;A01;1;80;0;2;7;19;3;
13893;202200009121;797 733;A01;3;7;0;2;3;13;1;
13894;202200009121;797 737;B01;3;7;0;2;0;0;1;
13895;202200009122;797 731;A01;1;33;0;2;2;17;1;
13896;202200009122;797 734;B01;1;7;0;2;3;1;1;
13897;202200009123;797 728;A01;2;80;0;2;5;1;3;
13898;202200009123;797 732;B01;2;1;0;2;1;1;5;
13899;202200009124;797 729;A01;1;7;1;1;2;20;1;
13900;202200009125;797 730;A01;3;7;0;2;3;15;1;
13901;202200009125;797 736;B01;3;7;0;2;1;1;1;
13902;202200009126;797 726;A01;3;2;6;0;1;14;1;
13903;202200009127;797 724;B01;3;7;0;2;1;1;1;
13904;202200009127;797 727;A01;3;33;0;2;1;13;1;
13905;202200009128;797 725;A01;1;30;0;0;7;21;1;
13906;202200009130;797 721;A01;3;1;0;0;0;26;5;
13907;202200009131;797 720;B01;2;2;0;2;1;1;1;
13908;202200009131;797 723;A01;1;7;0;2;2;15;1;
13909;202200009132;797 715;A01;1;7;0;2;8;11;1;
13910;202200009132;797 719;B01;1;33;0;2;2;3;1;
13911;202200009133;797 714;A01;1;30;0;2;1;0;0;
13912;202200009133;797 718;B01;1;1;0;2;0;0;5;
13913;202200009135;797 709;A01;1;7;0;2;7;17;1;
13914;202200009135;797 712;B01;2;37;0;2;1;1;1;2.0
13915;202200009136;797 711;B01;3;7;0;2;4;0;1;
13916;202200009136;797 717;A01;3;7;0;2;2;0;1;
13917;202200009138;797 707;Z01;2;7;0;1;1;1;0;
13918;202200009139;797 706;A01;1;37;0;1;2;1;6;1.0
13919;202200009140;797 703;A01;1;7;0;2;2;2;1;
13920;202200009140;797 705;B01;1;1;0;2;4;1;5;
13921;202200009141;797 702;A01;1;30;14;0;0;2;1;
13922;202200009142;797 699;A01;1;30;0;1;3;1;1;
13923;202200009143;797 697;C01;3;7;0;2;1;0;1;
13924;202200009143;797 701;B01;3;7;0;2;4;26;1;
13925;202200009143;797 704;A01;3;7;0;2;4;0;1;
13926;202200009144;797 698;A01;1;10;0;2;2;2;1;
13927;202200009144;797 700;B01;1;1;0;2;4;2;5;
13928;202200009145;797 695;B01;2;7;0;2;4;1;1;
13929;202200009145;797 696;A01;2;7;0;2;1;1;1;
13930;202200009146;797 694;A01;1;7;0;1;0;15;1;
13931;202200009147;797 691;B01;2;1;1;0;1;1;5;
13932;202200009147;797 693;A01;2;7;0;2;8;24;1;
13933;202200009149;797 686;A01;3;7;0;2;7;9;1;
13934;202200009149;797 689;B01;3;50;0;2;0;1;3;
13935;202200009150;797 685;A01;3;7;0;2;2;15;2;
13936;202200009150;797 690;B01;3;1;0;2;3;1;5;
13937;202200009151;797 682;A01;1;7;8;0;1;20;1;
13938;202200009152;797 683;A01;2;80;0;1;1;25;3;
13939;202200009153;797 681;A01;1;1;0;1;1;1;5;
13940;202200009154;797 680;A01;0;33;0;2;1;1;1;
13941;202200009154;797 684;B01;0;7;0;2;8;0;1;
13942;202200009155;797 676;A01;3;7;0;2;7;1;1;
13943;202200009155;797 679;B01;3;30;0;2;8;1;3;
13944;202200009156;797 673;B01;1;7;0;2;6;2;1;
13945;202200009156;797 675;A01;1;7;0;2;1;2;1;
13946;202200009157;797 672;A01;3;7;0;2;3;9;1;
13947;202200009157;797 678;B01;3;33;0;2;5;1;1;
13948;202200009158;797 671;B01;2;7;0;2;5;23;1;
13949;202200009158;797 674;A01;2;50;0;2;1;13;3;
13950;202200009159;797 670;B01;1;1;0;0;5;1;5;
13951;202200009159;797 677;A01;1;7;0;0;0;0;0;
13952;202200009160;797 664;A01;2;7;12;0;9;1;1;
13953;202200009161;797 666;B01;2;33;0;2;4;2;1;
13954;202200009161;797 669;A01;2;32;0;2;1;2;1;
13955;202200009162;797 662;B01;3;7;0;2;5;23;1;
13956;202200009162;797 667;A01;3;30;1;2;3;2;1;
13957;202200009163;797 661;A01;1;30;0;2;7;1;1;
13958;202200009163;797 665;B01;1;7;1;2;1;1;1;
13959;202200009164;797 659;A01;1;7;0;1;1;1;1;
13960;202200009165;797 656;A01;3;30;0;2;1;2;1;
13961;202200009165;797 658;B01;3;7;0;2;4;2;0;
13962;202200009166;797 653;A01;3;7;8;2;2;0;1;
13963;202200009166;797 660;B01;3;7;0;2;1;0;1;
13964;202200009168;797 655;B01;1;33;0;2;4;2;1;
13965;202200009168;797 657;A01;1;7;0;2;1;2;1;
13966;202200009169;797 649;B01;1;2;0;2;1;1;1;
13967;202200009169;797 651;A01;2;7;0;2;7;15;1;
13968;202200009170;797 650;A01;2;7;0;2;3;1;1;
13969;202200009171;797 647;A01;3;10;0;1;5;4;1;
13970;202200009172;797 648;A01;1;7;8;0;2;11;1;
13971;202200009173;797 645;B01;1;1;0;2;4;7;0;
13972;202200009173;797 646;A01;1;7;0;2;2;7;1;
13973;202200009174;797 642;A01;3;10;0;1;1;1;1;
13974;202200009175;797 640;B01;2;7;0;2;2;9;1;
13975;202200009175;797 643;A01;2;1;0;2;1;25;5;
13976;202200009176;797 639;B01;1;7;9;0;4;23;1;
13977;202200009176;797 644;A01;1;7;9;2;1;2;1;
13978;202200009177;797 638;B01;2;50;0;2;1;1;3;
13979;202200009177;797 641;A01;3;7;0;2;3;1;1;
13980;202200009178;797 636;A01;3;7;0;1;1;1;1;
13981;202200009179;797 635;A01;2;34;0;0;0;21;1;
13982;202200009181;797 632;A01;2;7;4;0;0;15;1;
13983;202200009182;797 629;C01;0;0;-1;-1;-1;-1;-1;
13984;202200009182;797 630;D01;0;0;-1;-1;-1;-1;-1;
13985;202200009182;797 633;B01;0;0;-1;-1;-1;-1;-1;
13986;202200009182;797 634;A01;3;7;0;2;9;1;1;
13987;202200009183;797 628;B01;3;7;0;2;1;1;1;
13988;202200009183;797 631;A01;2;7;0;2;8;15;1;
13989;202200009184;797 625;B01;1;31;0;2;1;1;1;
13990;202200009184;797 627;A01;1;7;0;2;1;15;1;
13991;202200009185;797 621;B01;1;1;0;2;0;1;5;
13992;202200009185;797 623;A01;1;7;0;2;3;2;0;
13993;202200009186;797 619;C01;1;7;0;2;4;1;1;
13994;202200009186;797 622;B01;1;7;0;2;4;1;1;
13995;202200009186;797 624;A01;1;7;0;2;1;1;1;
13996;202200009187;797 620;A01;3;7;0;1;1;9;1;
13997;202200009188;797 626;A01;1;10;0;0;0;1;1;
13998;202200009189;797 618;A01;3;7;0;0;0;14;1;
13999;202200009190;797 616;A01;1;7;0;1;1;1;1;
14000;202200009192;797 612;B01;2;1;0;2;1;1;5;
14001;202200009192;797 614;A01;1;7;0;2;5;10;1;
14002;202200009193;797 611;A01;1;7;0;2;1;1;1;
14003;202200009193;797 617;B01;1;7;0;2;1;1;1;
14004;202200009194;797 606;A01;2;33;1;1;1;26;1;
14005;202200009194;797 609;C01;2;7;0;2;0;23;1;
14006;202200009194;797 610;B01;2;7;0;2;6;23;1;
14007;202200009195;797 605;A01;1;10;0;1;2;1;1;
14008;202200009196;797 602;A01;2;7;0;1;8;18;3;
14009;202200009197;797 604;A01;1;7;0;2;2;17;1;
14010;202200009197;797 608;B01;2;13;0;2;6;16;6;
14011;202200009198;797 597;A01;1;7;0;2;2;12;1;
14012;202200009198;797 600;B01;1;7;0;2;6;23;1;
14013;202200009198;797 603;C01;1;7;0;2;6;23;1;
14014;202200009198;797 607;D01;1;7;0;2;2;26;1;
14015;202200009199;797 593;A01;2;7;9;0;3;1;1;
14016;202200009200;797 590;B01;2;7;0;9;7;1;1;
14017;202200009200;797 595;A01;2;50;0;2;7;1;3;
14018;202200009201;797 592;A01;1;50;0;2;1;1;3;
14019;202200009201;797 596;B01;1;7;0;2;1;1;1;
14020;202200009202;797 591;A01;1;7;0;2;3;15;1;
14021;202200009202;797 594;B01;1;33;0;2;2;2;1;
14022;202200009203;797 587;A01;1;30;0;2;1;1;1;
14023;202200009203;797 589;B01;1;7;0;2;2;15;1;
14024;202200009204;797 584;Z01;3;30;0;1;1;1;1;
14025;202200009205;797 582;A01;1;30;0;2;3;1;1;
14026;202200009205;797 586;B01;2;1;0;2;5;15;5;
14027;202200009207;797 579;B01;1;7;0;2;8;26;6;
14028;202200009207;797 583;A01;1;7;14;2;2;17;1;
14029;202200009207;797 588;C01;1;7;0;2;8;26;6;
14030;202200009208;797 578;A01;1;33;0;2;7;1;1;
14031;202200009208;797 580;B01;1;7;0;2;1;1;1;
14032;202200009209;797 576;A01;1;7;11;0;3;1;1;
14033;202200009210;797 573;B01;3;34;0;2;7;1;1;
14034;202200009210;797 577;A01;1;7;1;2;1;26;2;
14035;202200009211;797 572;B01;2;10;0;2;3;15;1;
14036;202200009211;797 575;A01;1;7;0;2;2;1;1;
14037;202200009212;797 574;Z01;0;50;0;1;1;25;3;
14038;202200009213;797 568;A01;3;7;0;2;1;15;1;
14039;202200009213;797 570;B01;3;1;0;2;8;1;5;
14040;202200009214;797 563;A01;0;7;0;2;1;1;1;
14041;202200009214;797 567;B01;0;33;0;2;4;1;1;
14042;202200009214;797 569;C01;0;7;0;2;4;1;1;
14043;202200009215;797 560;B01;0;1;0;2;7;1;5;
14044;202200009215;797 566;A01;0;7;0;2;1;1;1;
14045;202200009216;797 562;B01;1;1;12;2;1;1;5;
14046;202200009216;797 565;A01;2;50;0;2;1;13;3;
14047;202200009217;797 561;A01;1;7;0;2;7;10;1;
14048;202200009217;797 564;B01;2;2;0;2;1;1;1;
14049;202200009218;797 558;A01;1;33;0;1;1;1;1;
14050;202200009220;797 555;A01;1;33;0;2;2;26;1;
14051;202200009220;797 559;B01;1;10;1;0;0;0;1;
14052;202200009221;797 553;Z01;1;7;0;2;0;17;1;
14053;202200009221;797 556;A01;1;1;0;2;8;7;5;
14054;202200009222;797 550;A01;1;7;0;1;2;1;1;
14055;202200009223;797 552;B01;1;14;0;2;2;15;1;
14056;202200009223;797 554;A01;2;33;0;2;1;1;1;
14057;202200009224;797 549;A01;1;10;9;0;1;1;1;
14058;202200009226;797 547;A01;1;1;12;0;7;13;5;
14059;202200009227;797 546;A01;1;7;0;1;2;1;1;
14060;202200009228;797 545;A01;2;43;8;0;1;14;1;
14061;202200009229;797 543;B01;2;14;0;2;7;16;1;
14062;202200009229;797 544;A01;2;30;15;2;8;18;1;