;Num_Acc;id_vehicule;num_veh;senc;catv;obs;obsm;choc;manv;motor;occutc
14063;202200009231;797 538;A01;2;3;0;1;0;1;1;
14064;202200009232;797 537;B01;2;14;0;2;3;20;1;
14065;202200009232;797 540;A01;2;32;0;2;1;1;1;
14066;202200009233;797 539;A01;2;34;0;2;1;1;0;
14067;202200009233;797 541;B01;2;7;0;2;4;23;1;
14068;202200009234;797 531;B01;1;7;0;2;7;15;0;
14069;202200009234;797 535;A01;1;1;0;2;8;1;5;
14070;202200009235;797 532;A01;2;10;0;1;0;1;1;
14071;202200009236;797 530;A01;1;7;0;2;1;13;6;
14072;202200009236;797 534;B01;2;7;0;2;1;21;1;
14073;202200009236;797 536;C01;2;32;0;2;1;23;1;
14074;202200009237;797 528;A01;2;10;0;2;1;2;1;
14075;202200009237;797 529;B01;2;7;0;2;4;2;1;
14076;202200009238;797 527;A01;-1;7;0;2;2;1;1;
14077;202200009238;797 533;B01;-1;7;0;2;3;1;1;
14078;202200009239;797 526;A01;1;7;14;0;3;26;3;
14079;202200009240;797 524;A01;3;7;0;2;1;9;1;
14080;202200009241;797 523;A01;1;7;0;2;2;15;1;
14081;202200009241;797 525;B01;2;1;0;2;1;1;5;
14082;202200009242;797 517;A01;1;7;0;2;2;1;1;
14083;202200009242;797 521;B01;1;99;0;2;1;9;1;
14084;202200009243;797 516;A01;3;15;0;2;1;1;1;
14085;202200009243;797 520;B01;3;33;0;2;4;1;1;
14086;202200009244;797 514;A01;1;7;0;2;1;9;1;
14087;202200009244;797 519;B01;3;50;0;2;7;1;3;
14088;202200009245;797 513;A01;2;7;0;2;1;1;1;
14089;202200009245;797 515;B01;1;7;0;2;3;1;1;
14090;202200009246;797 508;A01;1;31;0;2;2;0;1;
14091;202200009246;797 511;B01;1;7;0;2;3;2;1;
14092;202200009247;797 506;A01;1;10;0;2;4;1;1;
14093;202200009247;797 509;B01;2;1;0;2;1;1;5;
14094;202200009248;797 504;A01;1;7;13;0;2;14;1;
14095;202200009249;797 505;A01;1;33;0;2;1;11;1;
14096;202200009249;797 507;B01;1;10;0;2;4;11;1;
14097;202200009250;797 500;A01;2;7;0;2;2;16;1;
14098;202200009250;797 502;Y01;3;1;0;2;2;19;5;
14099;202200009251;797 495;B01;1;7;0;2;3;1;1;
14100;202200009251;797 499;A01;2;33;0;2;0;13;1;
14101;202200009252;797 496;A01;1;7;0;2;7;15;1;
14102;202200009252;797 501;B01;2;33;0;2;1;1;1;
14103;202200009253;797 494;A01;2;7;0;2;1;2;1;
14104;202200009253;797 497;B01;2;7;0;2;4;2;1;
14105;202200009255;797 492;A01;1;2;0;2;0;3;1;
14106;202200009255;797 493;B01;1;7;0;2;3;2;1;
14107;202200009256;797 490;A01;3;7;0;1;1;1;2;
14108;202200009257;797 489;A01;1;7;0;1;1;1;1;
14109;202200009258;797 487;A01;1;10;4;0;7;16;1;
14110;202200009259;797 483;B01;1;7;0;2;4;0;1;
14111;202200009259;797 486;A01;1;7;0;2;1;0;1;
14112;202200009260;797 484;B01;2;31;0;0;8;1;1;
14113;202200009260;797 488;A01;1;7;0;0;0;19;1;
14114;202200009262;797 480;A01;1;32;0;2;1;18;1;
14115;202200009262;797 482;B01;1;7;0;2;5;16;1;
14116;202200009263;797 477;B01;3;7;0;2;4;23;1;
14117;202200009263;797 479;A01;3;7;0;2;2;2;1;
14118;202200009264;797 475;B01;0;7;0;2;1;1;1;
14119;202200009264;797 478;A01;0;7;0;2;1;15;1;
14120;202200009265;797 474;A01;2;7;13;0;9;1;1;
14121;202200009266;797 473;A01;2;33;0;2;1;2;1;
14122;202200009266;797 476;B01;2;33;0;0;1;2;1;
14123;202200009267;797 471;A01;0;7;0;2;1;1;1;
14124;202200009267;797 472;B01;0;1;0;2;8;19;5;
14125;202200009268;797 467;A01;1;10;0;1;8;26;1;
14126;202200009269;797 466;A01;2;10;0;2;6;1;1;
14127;202200009269;797 469;B01;2;32;0;2;7;17;1;
14128;202200009270;797 465;A01;3;33;0;2;1;1;1;
14129;202200009270;797 468;B01;3;10;0;2;4;1;1;
14130;202200009271;797 463;A01;2;50;0;2;7;1;3;
14131;202200009271;797 470;B01;2;7;0;2;0;0;1;
14132;202200009272;797 462;B01;2;80;0;2;1;7;3;
14133;202200009272;797 464;A01;1;7;0;2;2;19;1;
14134;202200009273;797 459;A01;1;32;0;0;3;1;3;
14135;202200009274;797 455;B01;2;7;0;2;3;1;1;
14136;202200009274;797 458;A01;2;7;0;2;4;4;1;
14137;202200009275;797 454;A01;3;33;0;2;7;17;1;
14138;202200009275;797 460;B01;3;7;0;2;8;1;1;
14139;202200009276;797 453;C01;1;7;0;2;8;1;1;
14140;202200009276;797 457;B01;2;7;0;2;1;1;2;
14141;202200009276;797 461;A01;1;7;0;2;1;17;1;
14142;202200009278;797 450;A01;1;7;0;2;8;22;1;
14143;202200009278;797 452;B01;1;50;1;0;1;1;3;
14144;202200009279;797 446;A01;2;3;1;0;2;14;1;
14145;202200009280;797 442;B01;1;7;0;2;4;1;1;
14146;202200009280;797 449;A01;1;14;0;2;1;1;1;
14147;202200009281;797 445;B01;0;32;0;2;3;1;1;
14148;202200009281;797 447;A01;0;7;0;2;8;15;1;
14149;202200009282;797 441;B01;2;7;0;2;6;15;1;
14150;202200009282;797 443;A01;1;30;0;2;1;2;1;
14151;202200009283;797 444;A01;1;7;0;2;1;1;1;
14152;202200009283;797 448;B01;1;7;0;2;0;1;1;
14153;202200009284;797 439;A01;1;2;0;1;1;1;3;
14154;202200009285;797 435;A01;1;7;0;2;0;1;1;
14155;202200009285;797 440;B01;2;1;0;2;0;1;5;
14156;202200009286;797 437;A01;1;7;0;1;1;15;1;
14157;202200009287;797 434;B01;2;50;0;0;4;2;3;
14158;202200009287;797 438;A01;2;2;0;2;2;2;1;
14159;202200009288;797 432;A01;2;7;0;2;4;4;1;
14160;202200009288;797 436;B01;2;2;0;2;1;23;1;
14161;202200009289;797 427;C01;1;7;1;2;8;0;1;
14162;202200009289;797 431;B01;2;34;0;2;7;13;1;
14163;202200009289;797 433;A01;1;7;0;2;1;9;1;
14164;202200009290;797 424;B01;2;33;0;2;1;1;1;
14165;202200009290;797 430;A01;0;7;0;2;0;0;1;
14166;202200009291;797 422;A01;2;7;0;2;3;1;1;
14167;202200009291;797 426;B01;1;1;0;0;4;1;5;
14168;202200009292;797 423;A01;2;7;0;2;4;23;1;
14169;202200009292;797 429;B01;2;7;0;2;1;2;1;
14170;202200009293;797 425;B01;1;32;0;2;1;3;1;
14171;202200009293;797 428;A01;1;7;0;2;5;1;1;
14172;202200009294;797 420;A01;0;7;8;0;1;14;1;
14173;202200009295;797 419;A01;1;30;0;0;0;14;3;
14174;202200009296;797 417;A01;2;7;0;2;3;24;1;
14175;202200009296;797 421;B01;2;50;1;0;1;1;3;
14176;202200009298;797 411;A01;1;2;0;0;0;1;1;
14177;202200009299;797 412;A01;2;7;4;2;8;1;1;
14178;202200009299;797 416;Z01;2;15;0;2;2;12;1;
14179;202200009300;797 410;B01;0;10;0;2;2;1;1;
14180;202200009300;797 415;A01;0;10;0;2;1;1;1;
14181;202200009301;797 409;A01;1;7;0;2;1;16;3;
14182;202200009301;797 413;B01;0;2;0;2;1;1;1;
14183;202200009302;797 404;B01;3;10;0;2;7;14;1;
14184;202200009302;797 406;A01;3;33;9;2;1;18;1;
14185;202200009303;797 403;A01;1;10;0;2;1;2;1;
14186;202200009303;797 407;B01;1;7;0;2;4;2;2;
14187;202200009304;797 401;A01;1;7;0;2;9;5;1;
14188;202200009304;797 408;B01;2;7;0;2;1;15;1;
14189;202200009305;797 402;B01;1;2;1;2;3;1;1;
14190;202200009305;797 405;A01;2;7;1;0;1;15;3;
14191;202200009306;797 400;Z01;2;7;0;1;4;4;1;
14192;202200009308;797 394;A01;1;7;0;2;1;2;1;
14193;202200009308;797 398;B01;1;7;0;2;4;2;1;
14194;202200009309;797 393;A01;2;7;0;9;8;22;1;
14195;202200009309;797 397;B01;2;1;1;0;1;1;5;
14196;202200009310;797 392;A01;2;7;0;2;1;10;1;
14197;202200009310;797 396;B01;1;30;0;2;0;0;1;
14198;202200009311;797 389;B01;2;1;0;2;1;1;5;
14199;202200009311;797 391;A01;0;15;0;2;3;22;1;
14200;202200009312;797 386;A01;1;37;0;2;6;1;1;1.0
14201;202200009312;797 390;B01;1;50;9;2;1;1;3;
14202;202200009313;797 384;B01;2;33;0;2;1;2;1;
14203;202200009313;797 388;A01;2;7;0;2;4;11;1;
14204;202200009314;797 382;B01;3;10;0;2;3;1;1;
14205;202200009314;797 387;A01;3;50;0;2;7;1;3;
14206;202200009315;797 383;C01;2;33;0;0;6;2;1;
14207;202200009315;797 385;B01;2;30;0;0;6;2;1;
14208;202200009316;797 380;B01;3;7;0;9;3;1;1;
14209;202200009316;797 381;A01;3;1;0;2;1;5;5;
14210;202200009317;797 376;A01;2;7;0;0;2;15;1;
14211;202200009317;797 379;B01;1;31;0;2;1;1;1;
14212;202200009318;797 375;B01;3;43;0;2;1;21;1;
14213;202200009318;797 377;A01;3;7;0;9;3;15;1;
14214;202200009319;797 374;A01;1;7;0;1;1;20;1;
14215;202200009320;797 373;A01;1;7;0;2;1;1;1;
14216;202200009320;797 378;B01;1;10;0;2;4;11;1;
14217;202200009321;797 371;B01;2;7;0;2;8;1;1;
14218;202200009321;797 372;A01;1;32;0;2;1;1;1;
14219;202200009322;797 367;A01;1;7;0;1;2;1;1;
14220;202200009323;797 366;B01;1;7;0;2;1;2;1;
14221;202200009323;797 369;A01;1;7;0;0;4;2;1;
14222;202200009324;797 365;A01;2;10;0;2;7;12;1;
14223;202200009324;797 368;B01;2;34;0;2;1;3;1;
14224;202200009325;797 362;B01;1;10;0;2;1;2;1;
14225;202200009325;797 364;A01;1;7;0;0;4;15;1;
14226;202200009326;797 360;B01;2;7;0;2;5;23;1;
14227;202200009326;797 363;A01;2;50;0;2;1;1;3;
14228;202200009327;797 359;A01;2;7;4;0;3;13;1;
14229;202200009328;797 358;A01;2;33;0;2;8;3;1;
14230;202200009329;797 357;B01;1;30;0;2;1;1;1;
14231;202200009329;797 361;A01;1;10;0;2;8;19;1;
14232;202200009330;797 356;A01;1;30;0;0;8;1;3;
14233;202200009332;797 350;B01;2;1;0;0;7;1;5;
14234;202200009332;797 355;A01;1;7;0;2;1;15;1;
14235;202200009333;797 348;B01;2;33;0;2;1;21;1;
14236;202200009333;797 351;A01;3;7;0;2;1;19;2;
14237;202200009334;797 349;A01;1;32;0;2;1;3;1;
14238;202200009334;797 352;B01;2;7;0;2;3;11;1;
14239;202200009335;797 345;A01;1;7;0;2;3;22;1;
14240;202200009335;797 347;B01;1;80;0;2;2;1;3;
14241;202200009336;797 346;A01;3;7;0;9;1;26;2;
14242;202200009337;797 343;A01;1;7;13;2;5;13;1;
14243;202200009337;797 344;B01;1;7;13;0;2;21;0;
14244;202200009338;797 341;B01;1;10;0;2;6;2;1;
14245;202200009338;797 342;A01;1;33;0;2;1;2;1;
14246;202200009339;797 339;A01;2;10;1;0;2;2;1;
14247;202200009340;797 337;A01;2;3;7;0;3;13;1;
14248;202200009341;797 336;B01;3;7;0;2;1;1;1;
14249;202200009341;797 340;A01;3;2;0;2;5;1;1;
14250;202200009342;797 335;A01;1;7;0;2;3;11;1;
14251;202200009342;797 338;B01;1;2;0;2;2;17;1;
14252;202200009343;797 330;B01;2;7;0;2;2;1;0;
14253;202200009343;797 333;A01;1;33;0;2;1;2;1;
14254;202200009344;797 324;A01;2;10;0;2;3;13;1;
14255;202200009344;797 326;B01;2;7;0;2;1;2;1;
14256;202200009344;797 329;C01;1;7;0;2;3;1;1;
14257;202200009345;797 327;C01;2;7;0;2;4;2;2;
14258;202200009345;797 331;B01;2;7;0;2;4;2;1;
14259;202200009345;797 334;A01;2;10;0;2;1;2;1;
14260;202200009347;797 317;A01;1;7;15;0;3;1;1;
14261;202200009348;797 321;B01;2;37;0;2;2;1;1;2.0
14262;202200009348;797 328;A01;2;7;0;2;3;1;1;
14263;202200009349;797 318;A01;3;33;0;0;9;1;1;
14264;202200009350;797 320;A01;1;7;0;2;2;17;1;
14265;202200009350;797 323;B01;3;7;0;2;3;23;1;
14266;202200009350;797 325;C01;0;7;0;2;6;23;0;
14267;202200009350;797 332;D01;1;7;0;2;5;0;1;
14268;202200009351;797 316;A01;1;7;0;2;2;1;1;
14269;202200009351;797 322;B01;1;1;0;0;4;1;5;
14270;202200009352;797 315;A01;1;7;0;0;0;1;1;
14271;202200009353;797 313;A01;2;7;3;0;7;1;1;
14272;202200009354;797 308;B01;1;7;0;2;8;15;1;
14273;202200009354;797 312;A01;1;7;0;2;2;17;1;
14274;202200009355;797 310;B01;2;1;0;2;7;0;5;
14275;202200009355;797 314;A01;1;7;0;2;3;1;1;
14276;202200009357;797 306;B01;1;10;15;2;7;1;1;
14277;202200009357;797 311;A01;2;10;0;2;1;1;1;
14278;202200009358;797 305;B01;1;31;0;2;1;1;1;
14279;202200009358;797 309;A01;1;10;0;2;5;15;1;
14280;202200009359;797 302;A01;2;7;0;1;1;1;1;
14281;202200009360;797 299;A01;0;7;1;0;2;1;1;
14282;202200009361;797 298;C01;2;7;0;2;8;23;1;
14283;202200009361;797 300;B01;1;33;11;2;5;0;1;
14284;202200009361;797 303;A01;1;10;0;2;1;9;1;
14285;202200009362;797 296;A01;2;7;3;0;2;1;1;
14286;202200009363;797 297;A01;2;30;0;2;1;1;1;
14287;202200009363;797 304;B01;2;7;0;2;2;1;1;
14288;202200009364;797 295;A01;1;7;0;2;8;16;1;
14289;202200009364;797 301;B01;1;7;0;2;1;1;1;
14290;202200009365;797 293;A01;2;34;0;0;8;1;1;
14291;202200009366;797 292;A01;2;10;0;2;0;3;0;
14292;202200009366;797 294;B01;2;2;0;2;8;3;0;
14293;202200009367;797 291;A01;2;7;0;1;2;1;1;
14294;202200009368;797 287;B01;1;7;0;2;1;1;1;
14295;202200009368;797 289;A01;2;7;0;2;1;1;1;
14296;202200009369;797 290;A01;1;7;0;1;3;1;1;
14297;202200009370;797 286;A01;0;50;0;0;0;26;3;
14298;202200009371;797 283;A01;1;10;0;1;3;1;1;
14299;202200009372;797 282;B01;1;1;1;0;1;1;5;
14300;202200009372;797 285;A01;1;7;0;9;8;22;1;
14301;202200009373;797 281;A01;2;1;1;0;5;21;5;
14302;202200009374;797 278;A01;2;7;0;2;3;13;1;
14303;202200009374;797 280;B01;1;30;0;2;1;1;1;
14304;202200009375;797 279;A01;2;36;12;0;2;14;1;
14305;202200009376;797 276;A01;1;7;9;0;9;0;1;
14306;202200009378;797 274;A01;2;7;1;0;9;2;1;
14307;202200009379;797 270;A01;1;7;0;1;3;1;1;
14308;202200009380;797 269;B01;2;7;0;2;4;23;1;
14309;202200009380;797 272;A01;2;7;1;0;1;2;1;
14310;202200009381;797 266;B01;1;33;0;2;1;1;1;
14311;202200009381;797 273;A01;2;80;0;2;2;1;3;
14312;202200009384;797 262;A01;1;32;0;2;2;1;1;
14313;202200009384;797 264;B01;2;7;0;2;3;15;1;
14314;202200009385;797 261;A01;1;1;0;0;1;12;5;
14315;202200009386;797 258;B01;1;7;0;2;3;1;1;
14316;202200009386;797 263;A01;1;7;0;2;3;15;1;
14317;202200009387;797 256;A01;1;2;1;1;1;0;1;
14318;202200009389;797 254;A01;2;10;3;0;1;13;1;
14319;202200009389;797 260;B01;1;7;3;0;1;1;1;
14320;202200009391;797 250;B01;0;7;8;2;1;1;1;
14321;202200009391;797 253;A01;0;10;0;2;3;1;0;
14322;202200009392;797 248;A01;1;7;6;0;2;15;1;
14323;202200009392;797 252;B01;2;7;0;0;2;1;2;
14324;202200009394;797 247;A01;1;33;0;0;2;17;1;
14325;202200009395;797 245;B01;3;50;0;2;1;1;3;
14326;202200009395;797 249;A01;3;10;0;2;3;9;1;
14327;202200009397;797 242;B01;1;7;0;0;3;1;1;
14328;202200009397;797 244;A01;2;7;0;0;3;13;0;
14329;202200009398;797 241;A01;1;7;8;0;1;1;1;
14330;202200009399;797 240;A01;0;7;6;0;1;0;1;
14331;202200009400;797 238;A01;1;7;2;0;7;1;1;
14332;202200009401;797 237;B01;2;7;0;0;4;23;1;
14333;202200009401;797 239;A01;2;7;0;2;1;1;1;
14334;202200009402;797 236;A01;2;7;4;0;1;1;1;
14335;202200009403;797 232;A01;3;2;0;2;1;0;1;
14336;202200009403;797 234;B01;3;2;0;2;4;0;1;
14337;202200009404;797 228;A01;2;7;0;2;3;26;1;
14338;202200009404;797 230;B01;1;7;0;2;3;26;1;
14339;202200009405;797 227;B01;2;33;0;2;1;1;1;
14340;202200009405;797 231;A01;1;7;0;2;3;15;1;
14341;202200009406;797 224;A01;1;7;0;2;2;15;1;
14342;202200009406;797 225;B01;2;7;0;2;3;1;1;
14343;202200009407;797 221;B01;2;33;0;2;1;17;1;
14344;202200009407;797 222;A01;1;7;0;2;1;1;1;
14345;202200009408;797 219;C01;3;7;0;2;4;1;1;
14346;202200009408;797 226;B01;3;7;0;2;1;1;1;
14347;202200009408;797 229;A01;3;7;0;2;1;11;1;
14348;202200009409;797 216;B01;2;7;0;2;1;1;1;
14349;202200009409;797 220;A01;1;7;0;2;1;1;1;
14350;202200009410;797 214;B01;1;7;0;2;3;1;1;
14351;202200009410;797 217;A01;2;7;0;2;3;1;1;
14352;202200009411;797 212;B01;3;7;9;2;3;16;1;
14353;202200009411;797 215;A01;3;7;9;2;1;26;1;
14354;202200009412;797 209;A01;2;17;3;0;1;13;1;
14355;202200009413;797 210;B01;3;1;0;2;1;1;5;
14356;202200009413;797 213;A01;3;7;0;2;7;16;1;
14357;202200009414;797 207;B01;1;7;0;2;3;1;1;
14358;202200009414;797 211;A01;1;80;0;2;1;0;3;
14359;202200009415;797 203;B01;1;17;0;0;4;1;1;
14360;202200009415;797 206;A01;1;7;0;2;1;2;1;
14361;202200009416;797 205;A01;0;2;0;2;1;9;1;
14362;202200009416;797 208;B01;0;7;0;2;3;1;1;
14363;202200009417;797 200;A01;1;7;1;0;8;17;1;
14364;202200009417;797 204;B01;2;7;0;2;4;24;1;
14365;202200009418;797 201;A01;1;7;1;0;1;21;1;
14366;202200009419;797 199;A01;1;7;0;0;9;14;1;
14367;202200009421;797 198;B01;1;1;0;2;7;1;5;
14368;202200009421;797 202;A01;2;7;0;9;2;1;1;
14369;202200009422;797 196;A01;1;7;0;1;1;1;1;
14370;202200009423;797 194;B01;1;50;0;2;4;1;3;
14371;202200009423;797 195;A01;1;43;0;2;1;1;1;
14372;202200009425;797 189;A01;3;7;0;1;0;0;0;
14373;202200009427;797 187;A01;3;7;0;1;3;1;1;
14374;202200009429;797 185;A01;1;7;2;1;2;1;1;
14375;202200009430;797 184;A01;1;7;6;0;2;1;1;
14376;202200009431;797 183;A01;2;7;8;0;1;0;1;
14377;202200009432;797 179;A01;3;99;8;1;5;20;1;
14378;202200009433;797 180;B01;3;21;0;2;1;13;1;
14379;202200009433;797 182;A01;3;1;0;2;1;1;5;
14380;202200009434;797 177;B01;2;2;0;2;8;1;1;
14381;202200009434;797 181;A01;2;7;0;2;7;16;1;
14382;202200009435;797 173;A01;2;30;16;0;9;1;1;
14383;202200009436;797 175;B01;1;7;1;0;0;0;1;
14384;202200009436;797 178;A01;1;34;0;2;8;2;1;
14385;202200009438;797 171;A01;2;7;0;0;9;1;1;
14386;202200009439;797 170;A01;2;7;0;1;8;1;0;
14387;202200009440;797 168;A01;0;7;0;1;1;0;1;
14388;202200009442;797 165;A01;1;7;0;1;1;1;1;
14389;202200009443;797 162;A01;3;33;0;2;1;17;1;
14390;202200009443;797 164;B01;3;2;0;2;4;1;1;
14391;202200009444;797 161;A01;3;30;0;1;1;13;1;
14392;202200009445;797 157;A01;0;7;13;0;1;1;1;
14393;202200009446;797 155;A01;2;7;0;2;1;1;1;
14394;202200009446;797 159;B01;2;10;0;2;9;1;1;
14395;202200009446;797 163;C01;2;7;0;0;4;1;1;
14396;202200009447;797 154;A01;1;20;0;2;1;1;1;
14397;202200009447;797 158;B01;2;7;0;2;1;0;1;
14398;202200009448;797 152;A01;3;7;0;1;1;1;1;
14399;202200009449;797 149;B01;1;7;3;2;3;1;1;
14400;202200009449;797 151;A01;2;7;0;2;3;1;1;
14401;202200009450;797 147;B01;1;7;0;2;2;1;1;
14402;202200009450;797 148;A01;2;7;0;2;1;13;1;
14403;202200009451;797 146;A01;1;7;0;0;0;0;1;
14404;202200009452;797 145;B01;3;7;0;2;0;1;1;
14405;202200009452;797 150;A01;3;7;0;2;1;2;1;
14406;202200009453;797 143;A01;2;7;4;0;8;13;1;
14407;202200009454;797 140;A01;1;7;3;0;3;13;1;
14408;202200009455;797 138;A01;1;7;0;9;2;2;1;
14409;202200009455;797 141;B01;1;1;0;0;4;2;5;
14410;202200009456;797 137;C01;2;7;0;2;1;1;1;
14411;202200009456;797 142;B01;2;7;0;2;1;1;1;
14412;202200009456;797 144;A01;1;7;0;2;1;5;1;
14413;202200009457;797 136;A01;3;7;0;1;3;1;1;
14414;202200009458;797 135;B01;1;7;0;2;4;1;1;
14415;202200009458;797 139;A01;1;7;0;2;1;1;1;
14416;202200009459;797 130;A01;3;33;13;0;9;1;1;
14417;202200009460;797 132;B01;2;7;14;0;3;2;1;
14418;202200009460;797 134;A01;2;7;0;0;5;23;1;
14419;202200009461;797 129;B01;1;7;0;2;1;1;1;
14420;202200009461;797 133;A01;2;7;0;2;1;15;1;
14421;202200009462;797 127;A01;1;31;0;0;0;1;1;
14422;202200009463;797 125;A01;3;7;0;0;0;0;1;
14423;202200009464;797 119;A01;1;7;0;2;1;1;2;
14424;202200009464;797 123;B01;1;17;0;2;4;1;1;
14425;202200009465;797 122;A01;2;7;0;0;4;23;1;
14426;202200009465;797 124;B01;2;17;0;0;4;23;1;
14427;202200009465;797 126;C01;2;10;0;0;4;23;1;
14428;202200009465;797 128;D01;2;17;0;2;1;2;1;
14429;202200009465;797 131;E01;2;7;0;2;1;2;1;
14430;202200009466;797 121;A01;3;31;0;2;2;1;1;
14431;202200009467;797 118;A01;1;7;2;0;1;1;1;
14432;202200009468;797 112;A01;1;7;0;2;2;1;1;
14433;202200009468;797 116;B01;2;7;0;2;2;1;1;
14434;202200009469;797 110;B01;1;2;0;0;7;1;1;
14435;202200009469;797 113;A01;1;7;0;0;3;2;1;
14436;202200009470;797 111;A01;3;14;0;2;7;1;1;
14437;202200009470;797 114;B01;3;1;0;2;8;25;5;
14438;202200009472;797 108;A01;2;7;0;2;3;11;1;
14439;202200009472;797 115;B01;2;33;4;2;7;17;1;
14440;202200009475;797 102;A01;2;7;13;0;1;6;1;
14441;202200009476;797 101;B01;3;7;0;2;0;0;0;
14442;202200009476;797 105;A01;3;32;0;2;1;1;1;
14443;202200009477;797 100;A01;1;7;13;0;1;2;1;
14444;202200009478;797 095;A01;1;7;0;2;8;1;1;
14445;202200009478;797 098;B01;1;7;0;2;3;1;1;
14446;202200009479;797 099;A01;0;7;13;0;2;2;1;
14447;202200009480;797 094;B01;1;7;0;2;2;12;1;
14448;202200009480;797 096;A01;1;33;0;2;3;3;1;
14449;202200009481;797 092;A01;0;7;0;2;1;1;1;
14450;202200009481;797 093;B01;0;7;0;2;1;1;1;
14451;202200009481;797 097;C01;0;7;0;2;3;1;1;
14452;202200009482;797 088;A01;2;7;0;2;3;15;1;
14453;202200009482;797 091;B01;1;33;0;2;1;1;1;
14454;202200009483;797 087;A01;1;7;0;9;1;1;1;
14455;202200009483;797 090;B01;1;50;0;2;8;19;3;
14456;202200009484;797 085;B01;0;10;0;0;4;24;0;
14457;202200009484;797 089;A01;0;10;1;0;1;1;1;
14458;202200009485;797 084;B01;2;7;0;2;7;12;1;
14459;202200009485;797 086;A01;2;32;0;2;1;3;1;
14460;202200009486;797 083;A01;1;7;13;0;1;1;0;
14461;202200009487;797 081;A01;3;7;2;0;8;1;0;
14462;202200009488;797 077;A01;1;33;0;2;1;13;1;
14463;202200009488;797 080;B01;2;7;0;2;2;1;1;
14464;202200009489;797 075;B01;1;7;0;2;4;2;1;
14465;202200009489;797 078;A01;1;10;0;2;1;1;1;
14466;202200009491;797 072;B01;1;15;0;2;5;1;1;
14467;202200009491;797 076;A01;1;7;0;2;3;1;1;
14468;202200009492;797 068;B01;1;31;0;2;3;1;1;
14469;202200009492;797 071;A01;1;7;0;2;6;11;1;
14470;202200009493;797 070;B01;1;7;0;2;3;1;2;
14471;202200009493;797 073;A01;2;7;0;2;3;13;1;
14472;202200009494;797 067;A01;2;17;0;0;3;1;1;
14473;202200009494;797 069;B01;1;7;0;0;1;13;1;
14474;202200009495;797 066;A01;1;7;14;0;1;2;1;
14475;202200009496;797 063;B01;-1;33;0;2;1;0;1;
14476;202200009496;797 065;A01;-1;31;0;2;1;1;1;
14477;202200009497;797 062;A01;2;7;0;0;0;1;1;
14478;202200009498;797 061;A01;2;32;0;2;1;14;1;
14479;202200009498;797 064;B01;2;10;0;2;6;1;6;
14480;202200009499;797 054;D01;2;7;0;9;1;1;1;
14481;202200009499;797 058;C01;2;7;0;2;6;2;1;
14482;202200009499;797 059;B01;2;7;0;2;6;2;1;
14483;202200009499;797 060;A01;2;7;3;2;2;2;1;
14484;202200009500;797 053;B01;1;7;0;2;8;14;1;
14485;202200009500;797 057;A01;2;10;0;2;3;13;1;
14486;202200009501;797 052;B01;1;33;0;2;1;2;1;
14487;202200009501;797 056;A01;1;7;0;0;5;16;1;
14488;202200009502;797 050;A01;1;7;0;0;0;1;1;
14489;202200009503;797 049;A01;2;7;2;0;8;1;1;
14490;202200009505;797 048;A01;1;7;6;0;2;1;1;
14491;202200009506;797 046;A01;1;10;0;2;1;2;1;
14492;202200009506;797 047;B01;1;7;0;2;4;2;1;
14493;202200009507;797 044;Z01;3;30;0;1;1;25;0;
14494;202200009508;797 041;B01;1;7;0;2;3;1;1;
14495;202200009508;797 043;A01;2;7;0;2;2;1;1;
14496;202200009509;797 042;B01;2;10;0;2;1;1;1;
14497;202200009509;797 045;A01;1;7;0;2;1;13;1;
14498;202200009510;797 039;B01;1;30;0;2;9;13;1;
14499;202200009510;797 040;A01;1;7;0;2;2;1;1;
14500;202200009511;797 037;A01;2;7;0;1;8;1;1;
14501;202200009512;797 036;B01;2;7;0;2;4;23;1;
14502;202200009512;797 038;A01;2;7;0;2;1;2;1;
14503;202200009513;797 034;A01;3;7;9;1;2;14;1;
14504;202200009514;797 035;A01;2;33;3;0;2;1;1;
14505;202200009515;797 031;A01;2;7;3;0;3;1;1;
14506;202200009516;797 028;A01;1;7;3;2;3;15;1;
14507;202200009516;797 033;B01;1;7;3;2;2;1;1;
14508;202200009517;797 030;A01;2;33;0;2;4;1;1;
14509;202200009517;797 032;B01;2;7;0;2;1;2;1;
14510;202200009518;797 027;A01;2;7;0;2;1;3;1;
14511;202200009518;797 029;B01;2;7;0;2;4;23;1;
14512;202200009519;797 024;B01;1;7;0;0;6;1;1;
14513;202200009519;797 025;A01;1;33;0;2;1;1;1;
14514;202200009520;797 022;A01;3;1;0;2;1;0;5;
14515;202200009521;797 021;A01;1;1;0;9;1;13;5;
14516;202200009521;797 023;B01;2;1;0;9;1;13;5;
14517;202200009522;797 019;A01;0;7;2;0;1;2;1;
14518;202200009524;797 016;B01;3;21;0;0;7;15;1;
14519;202200009524;797 018;A01;1;2;0;2;1;1;1;
14520;202200009525;797 014;A01;2;7;0;2;3;15;1;
14521;202200009525;797 015;B01;1;1;0;2;8;1;5;
14522;202200009526;797 013;A01;2;7;15;9;9;1;1;
14523;202200009527;797 011;A01;3;7;2;9;6;1;1;