;Num_Acc;id_vehicule;num_veh;senc;catv;obs;obsm;choc;manv;motor;occutc
14524;202200009528;797 008;A01;1;7;14;0;1;6;1;
14525;202200009531;797 007;A01;0;7;0;1;3;0;1;
14526;202200009532;797 004;A01;0;7;0;9;3;19;1;
14527;202200009532;797 006;B01;0;1;0;2;2;1;5;
14528;202200009533;797 002;A01;1;7;6;0;0;1;1;
14529;202200009534;796 994;B01;2;7;0;2;2;12;1;
14530;202200009534;796 998;A01;2;31;0;2;2;1;1;
14531;202200009535;796 993;A01;2;7;0;0;4;15;1;
14532;202200009535;796 996;B01;2;7;0;0;6;14;1;
14533;202200009535;796 999;C01;0;7;0;2;1;1;1;
14534;202200009535;797 000;D01;2;7;0;2;2;14;1;
14535;202200009536;796 992;A01;1;7;8;0;2;15;1;
14536;202200009537;796 988;B01;3;30;0;2;1;1;1;
14537;202200009537;796 991;A01;3;7;0;2;1;15;1;
14538;202200009539;796 985;C01;1;10;0;2;1;2;1;
14539;202200009539;796 986;B01;1;7;0;2;4;2;1;
14540;202200009539;796 989;A01;1;7;0;2;4;1;1;
14541;202200009540;796 982;A01;2;7;2;0;1;13;1;
14542;202200009541;796 981;B01;1;1;0;2;1;10;5;
14543;202200009541;796 984;A01;2;7;0;2;1;1;1;
14544;202200009542;796 980;A01;1;7;0;2;8;22;3;
14545;202200009542;796 983;B01;1;1;0;2;1;1;5;
14546;202200009543;796 977;B01;2;7;0;2;4;23;1;
14547;202200009543;796 979;A01;2;7;0;2;1;2;1;
14548;202200009545;796 978;A01;1;7;6;0;1;1;1;
14549;202200009546;796 972;B01;2;30;0;2;3;1;3;
14550;202200009546;796 974;A01;1;7;0;2;2;15;1;
14551;202200009547;796 969;C01;2;7;0;2;1;1;1;
14552;202200009547;796 970;B01;2;7;0;2;1;1;1;
14553;202200009547;796 973;A01;2;7;0;2;1;15;1;
14554;202200009548;796 966;A01;2;17;0;2;1;2;1;
14555;202200009548;796 967;B01;2;7;0;2;4;2;1;
14556;202200009549;796 965;A01;1;7;0;2;1;26;1;
14557;202200009550;796 964;A01;1;33;0;1;2;0;1;
14558;202200009551;796 963;A01;2;30;0;1;1;1;1;
14559;202200009552;796 958;A01;3;1;0;2;1;1;5;
14560;202200009552;796 961;B01;3;7;0;2;3;1;1;
14561;202200009553;796 960;B01;2;17;0;2;4;1;1;
14562;202200009553;796 962;A01;2;7;0;2;1;1;1;
14563;202200009554;796 959;A01;3;2;0;1;8;1;1;
14564;202200009555;796 956;A01;2;7;0;2;8;22;1;
14565;202200009555;796 957;B01;2;1;0;2;7;1;5;
14566;202200009557;796 951;B01;2;10;0;2;7;1;1;
14567;202200009557;796 954;A01;2;31;0;2;1;18;1;
14568;202200009558;796 950;A01;0;7;0;2;2;19;1;
14569;202200009558;796 953;B01;0;7;0;2;1;1;1;
14570;202200009559;796 947;A01;3;7;0;2;7;15;1;
14571;202200009559;796 948;B01;3;33;0;2;2;1;1;
14572;202200009560;796 946;B01;1;50;0;2;1;1;3;
14573;202200009560;796 949;A01;1;10;0;2;2;22;1;
14574;202200009561;796 945;A01;2;7;0;2;1;2;1;
14575;202200009562;796 944;A01;1;31;0;0;0;26;1;
14576;202200009563;796 942;A01;2;10;8;0;9;1;1;
14577;202200009564;796 938;A01;1;7;15;0;1;14;1;
14578;202200009565;796 940;A01;3;33;0;2;1;1;1;
14579;202200009565;796 943;B01;1;7;0;2;5;1;1;
14580;202200009566;796 939;A01;2;10;0;2;1;1;1;
14581;202200009566;796 941;B01;2;7;0;2;4;23;1;
14582;202200009567;796 935;A01;1;7;0;2;1;0;1;
14583;202200009567;796 936;B01;2;7;0;2;1;1;1;
14584;202200009568;796 932;A01;1;7;0;2;7;17;1;
14585;202200009568;796 934;B01;1;1;0;2;8;1;5;
14586;202200009569;796 931;A01;2;7;0;1;2;1;2;
14587;202200009570;796 933;A01;1;7;0;1;1;1;1;
14588;202200009574;796 922;A01;1;30;0;2;1;13;1;
14589;202200009574;796 924;B01;1;13;0;2;8;5;1;
14590;202200009575;796 920;B01;2;7;0;2;7;15;1;
14591;202200009575;796 925;A01;1;7;0;2;3;9;1;
14592;202200009576;796 919;A01;1;7;0;2;3;1;1;
14593;202200009576;796 923;B01;2;7;0;2;2;13;1;
14594;202200009577;796 918;A01;1;7;0;2;2;15;1;
14595;202200009577;796 921;B01;2;1;0;2;3;1;5;
14596;202200009578;796 915;A01;1;7;2;0;1;13;1;
14597;202200009579;796 916;A01;1;7;0;1;0;26;1;
14598;202200009580;796 914;B01;1;7;9;2;3;2;1;
14599;202200009580;796 917;A01;1;7;0;2;2;2;1;
14600;202200009581;796 911;A01;1;10;13;0;9;14;1;
14601;202200009582;796 912;A01;2;7;0;1;2;1;2;
14602;202200009583;796 909;A01;2;33;0;2;2;17;1;
14603;202200009583;796 913;C01;2;21;0;0;8;1;1;
14604;202200009584;796 907;A01;2;7;4;0;8;1;1;
14605;202200009586;796 901;A01;2;33;0;2;1;17;1;
14606;202200009586;796 904;B01;1;7;0;2;3;15;1;
14607;202200009587;796 900;A01;1;7;0;2;1;1;1;
14608;202200009587;796 903;B01;1;7;0;2;9;1;1;
14609;202200009587;796 905;C01;1;7;0;2;9;1;1;
14610;202200009587;796 908;D01;1;7;0;2;9;1;1;
14611;202200009587;796 910;E01;1;7;0;2;4;1;1;
14612;202200009588;796 899;A01;3;7;0;2;3;9;1;
14613;202200009588;796 902;B01;3;7;0;2;5;1;1;
14614;202200009589;796 898;A01;1;10;0;1;7;9;1;
14615;202200009590;796 895;A01;2;7;0;2;8;15;1;
14616;202200009590;796 897;B01;2;33;0;2;1;13;1;
14617;202200009591;796 892;A01;1;7;0;2;6;13;1;
14618;202200009591;796 894;B01;2;7;0;2;1;1;1;
14619;202200009592;796 893;A01;1;31;0;2;2;18;1;
14620;202200009592;796 896;B01;1;37;0;2;2;16;0;2.0
14621;202200009593;796 891;A01;2;1;0;0;0;1;5;
14622;202200009594;796 889;A01;2;33;0;2;4;1;1;
14623;202200009594;796 890;B01;2;33;0;2;1;1;1;
14624;202200009595;796 888;A01;3;7;2;0;6;26;1;
14625;202200009596;796 884;A01;1;32;0;1;1;1;1;
14626;202200009597;796 883;B01;2;32;0;2;8;1;1;
14627;202200009597;796 886;A01;1;7;0;2;3;15;1;
14628;202200009598;796 881;B01;1;7;6;2;1;1;1;
14629;202200009598;796 885;A01;1;7;0;2;3;1;1;
14630;202200009599;796 871;A01;1;33;0;0;9;1;1;
14631;202200009600;796 873;A01;1;7;0;2;3;9;0;
14632;202200009600;796 878;B01;1;7;0;2;2;2;1;
14633;202200009601;796 872;C01;2;7;0;2;4;23;1;
14634;202200009601;796 874;B01;1;7;14;2;4;23;1;
14635;202200009601;796 876;A01;1;7;14;2;0;0;1;
14636;202200009602;796 869;A01;2;7;6;0;3;13;1;
14637;202200009602;796 870;B01;1;14;13;0;3;1;1;
14638;202200009604;796 866;A01;1;7;0;1;3;26;1;
14639;202200009605;796 865;B01;1;32;0;2;3;2;1;
14640;202200009605;796 868;A01;1;7;0;2;2;16;1;
14641;202200009607;796 860;A01;1;7;0;1;1;0;0;
14642;202200009608;796 862;A01;1;7;0;2;3;13;1;
14643;202200009608;796 864;B01;2;15;0;2;3;1;1;
14644;202200009609;796 858;A01;2;30;0;2;1;1;1;
14645;202200009609;796 861;B01;2;7;12;2;4;1;1;
14646;202200009610;796 857;B01;1;50;0;2;0;1;3;
14647;202200009610;796 859;Z01;1;0;0;0;0;0;0;
14648;202200009611;796 854;B01;1;2;0;2;1;2;1;
14649;202200009611;796 856;A01;1;1;0;2;7;2;5;
14650;202200009613;796 851;B01;3;7;0;2;3;1;1;
14651;202200009613;796 853;A01;3;10;0;2;1;1;1;
14652;202200009614;796 850;A01;2;7;8;0;2;14;1;
14653;202200009616;796 844;B01;2;7;0;2;3;1;1;
14654;202200009616;796 847;A01;2;10;0;2;5;15;1;
14655;202200009617;796 843;A01;-1;7;1;0;3;1;1;
14656;202200009618;796 838;B01;1;32;0;2;1;1;1;
14657;202200009618;796 842;A01;2;7;0;2;7;15;1;
14658;202200009619;796 836;B01;0;32;0;2;0;3;1;
14659;202200009619;796 841;A01;0;7;0;2;2;0;1;
14660;202200009620;796 835;A01;1;7;0;2;7;19;1;
14661;202200009620;796 840;B01;3;32;0;2;8;19;1;
14662;202200009621;796 833;B01;2;10;0;2;3;0;1;
14663;202200009621;796 834;A01;1;7;0;2;1;13;1;
14664;202200009621;796 837;C01;2;7;0;2;8;0;1;
14665;202200009621;796 839;D01;2;7;0;2;1;1;1;
14666;202200009622;796 830;A01;3;7;0;1;6;4;1;
14667;202200009623;796 832;A01;1;30;14;0;1;16;1;
14668;202200009624;796 829;B01;3;32;0;2;2;26;1;
14669;202200009624;796 831;A01;1;7;0;2;3;9;1;
14670;202200009625;796 826;Z01;1;7;0;2;6;15;1;
14671;202200009625;796 828;B01;1;33;0;2;2;17;1;
14672;202200009626;796 827;A01;3;10;0;1;3;15;1;
14673;202200009627;796 823;B01;2;7;0;2;5;2;1;
14674;202200009627;796 825;A01;2;2;0;2;1;2;1;
14675;202200009629;796 819;A01;2;7;16;0;1;1;1;
14676;202200009630;796 820;A01;0;33;0;1;1;21;1;
14677;202200009631;796 821;A01;2;7;1;9;1;0;2;
14678;202200009633;796 815;A01;2;7;4;0;1;9;1;
14679;202200009634;796 813;A01;1;7;0;2;1;17;1;
14680;202200009634;796 814;B01;1;3;0;2;1;1;3;
14681;202200009635;796 809;A01;3;7;0;1;1;1;1;
14682;202200009636;796 811;B01;2;32;1;2;0;1;1;
14683;202200009636;796 812;C01;2;7;1;2;4;24;1;
14684;202200009636;796 816;A01;2;7;1;2;3;0;1;
14685;202200009637;796 808;B01;3;7;0;2;1;2;1;
14686;202200009637;796 810;A01;3;7;0;2;4;2;0;
14687;202200009638;796 807;A01;2;7;0;1;1;1;1;
14688;202200009639;796 805;A01;1;7;9;0;0;1;1;
14689;202200009640;796 804;A01;1;32;0;2;1;26;1;
14690;202200009640;796 806;B01;2;7;0;2;1;1;1;
14691;202200009641;796 802;A01;0;7;0;1;1;15;1;
14692;202200009642;796 797;B01;1;33;0;2;1;1;1;
14693;202200009642;796 800;A01;1;7;0;2;4;23;1;
14694;202200009643;796 798;A01;2;80;0;1;1;1;3;
14695;202200009644;796 796;B01;3;2;0;2;1;17;1;
14696;202200009644;796 799;A01;3;7;0;2;8;26;1;
14697;202200009645;796 795;A01;0;7;0;1;1;1;1;
14698;202200009646;796 792;B01;1;1;0;2;3;1;5;
14699;202200009646;796 794;A01;1;7;0;0;2;16;1;
14700;202200009647;796 791;A01;0;7;0;1;1;1;1;
14701;202200009649;796 788;B01;3;3;0;2;2;1;1;
14702;202200009649;796 789;A01;3;7;0;2;3;1;1;
14703;202200009650;796 785;A01;1;7;0;1;2;1;1;
14704;202200009651;796 784;A01;0;7;0;2;1;1;0;
14705;202200009651;796 787;B01;0;30;0;2;1;1;1;
14706;202200009652;796 783;A01;3;7;0;2;3;13;1;
14707;202200009652;796 786;B01;3;7;0;2;3;1;1;
14708;202200009653;796 781;B01;1;10;0;2;4;2;1;
14709;202200009653;796 782;A01;1;7;0;2;1;2;1;
14710;202200009654;796 779;A01;1;30;0;0;0;0;1;
14711;202200009655;796 780;A01;1;7;0;1;1;1;1;
14712;202200009656;796 776;A01;1;7;0;1;3;15;1;
14713;202200009657;796 777;A01;1;7;0;2;3;15;1;
14714;202200009657;796 778;B01;2;7;0;2;2;1;1;
14715;202200009658;796 774;B01;3;99;9;9;1;21;0;
14716;202200009658;796 775;A01;3;60;0;2;1;1;5;
14717;202200009659;796 772;A01;1;7;0;2;1;19;1;
14718;202200009659;796 773;B01;1;33;0;2;1;0;1;
14719;202200009660;796 769;A01;1;7;0;2;2;1;1;
14720;202200009660;796 770;B01;1;7;0;2;4;1;1;
14721;202200009661;796 767;B01;2;1;0;2;1;1;5;
14722;202200009661;796 771;A01;1;7;0;2;7;26;1;
14723;202200009662;796 765;A01;3;7;0;2;1;9;6;
14724;202200009662;796 768;B01;3;1;0;2;7;0;5;
14725;202200009663;796 764;A01;1;7;0;2;1;1;1;
14726;202200009663;796 766;B01;1;7;0;2;3;1;1;
14727;202200009664;796 758;A01;2;7;0;2;1;13;1;
14728;202200009664;796 759;B01;2;7;0;2;1;1;1;
14729;202200009664;796 762;C01;2;7;0;2;1;1;1;
14730;202200009665;796 761;B01;2;7;0;2;0;1;1;
14731;202200009665;796 763;A01;2;7;0;2;3;16;1;
14732;202200009666;796 757;B01;3;7;0;2;2;16;1;
14733;202200009666;796 760;A01;3;33;0;2;3;18;1;
14734;202200009667;796 749;B01;2;7;0;2;6;1;1;
14735;202200009667;796 754;A01;2;2;0;2;1;19;1;
14736;202200009668;796 748;A01;1;7;0;1;2;14;1;
14737;202200009670;796 744;B01;1;34;0;2;1;21;1;
14738;202200009670;796 745;A01;1;7;0;2;6;10;1;
14739;202200009671;796 743;A01;0;7;0;1;5;4;2;
14740;202200009672;796 741;A01;0;7;3;0;1;0;1;
14741;202200009673;796 740;A01;2;7;0;1;1;0;0;
14742;202200009674;796 738;A01;1;7;0;0;9;1;1;
14743;202200009675;796 736;B01;2;15;0;2;3;1;0;
14744;202200009675;796 739;A01;1;10;0;2;3;0;1;
14745;202200009676;796 733;A01;3;2;0;2;3;13;1;
14746;202200009676;796 734;B01;3;7;0;2;8;14;1;
14747;202200009677;796 731;B01;1;7;0;2;4;23;1;
14748;202200009677;796 735;A01;1;7;0;2;1;1;1;
14749;202200009678;796 730;A01;3;7;13;0;3;1;1;
14750;202200009679;796 732;A01;2;7;0;2;1;1;1;
14751;202200009679;796 737;B01;1;3;0;2;8;9;1;
14752;202200009680;796 727;A01;3;7;8;0;1;1;1;
14753;202200009681;796 726;A01;2;2;16;0;8;1;1;
14754;202200009682;796 728;A01;1;7;0;2;2;1;1;
14755;202200009682;796 729;B01;2;7;0;2;3;23;1;
14756;202200009684;796 724;B01;2;1;0;2;8;1;5;
14757;202200009684;796 725;A01;2;7;0;2;2;12;1;
14758;202200009685;796 721;A01;2;7;0;2;1;1;1;
14759;202200009685;796 722;B01;2;33;0;2;4;1;0;
14760;202200009686;796 717;A01;1;33;0;2;2;17;1;
14761;202200009686;796 719;B01;1;7;0;2;8;15;1;
14762;202200009687;796 718;B01;3;7;0;2;1;1;1;
14763;202200009687;796 720;A01;3;2;0;2;8;26;1;
14764;202200009689;796 714;A01;1;10;0;2;3;1;1;
14765;202200009689;796 715;B01;1;31;0;2;7;1;1;
14766;202200009690;796 707;A01;1;30;1;0;1;26;1;
14767;202200009691;796 708;A01;1;7;0;2;3;15;1;
14768;202200009691;796 712;B01;0;7;0;2;3;1;1;
14769;202200009692;796 706;A01;1;7;17;0;2;14;1;
14770;202200009693;796 704;A01;2;2;0;0;0;26;1;
14771;202200009694;796 701;B01;2;7;0;2;1;17;1;
14772;202200009694;796 702;A01;2;7;0;2;8;10;1;
14773;202200009695;796 703;A01;1;7;0;2;0;26;1;
14774;202200009695;796 705;B01;1;7;0;2;0;26;1;
14775;202200009696;796 699;B01;1;7;0;2;1;1;1;
14776;202200009696;796 700;A01;2;7;0;2;3;13;1;
14777;202200009697;796 698;A01;1;7;0;1;1;1;1;
14778;202200009698;796 697;A01;2;31;0;0;0;1;1;
14779;202200009699;796 696;A01;1;7;3;0;1;1;1;
14780;202200009700;796 693;B01;1;7;0;0;1;1;1;
14781;202200009700;796 694;A01;2;7;0;2;7;1;1;
14782;202200009701;796 692;A01;1;33;5;0;7;1;1;
14783;202200009702;796 691;B01;1;7;0;2;1;1;1;
14784;202200009702;796 695;A01;1;7;0;2;7;1;1;
14785;202200009703;796 689;A01;2;7;0;2;1;13;1;
14786;202200009703;796 690;B01;1;7;0;2;3;1;1;
14787;202200009704;796 688;A01;1;7;0;1;2;21;1;
14788;202200009705;796 685;A01;1;7;13;0;2;1;1;
14789;202200009707;796 680;A01;2;2;0;0;0;1;1;
14790;202200009708;796 681;A01;3;7;0;2;3;16;1;
14791;202200009708;796 684;B01;3;34;0;2;2;15;1;
14792;202200009709;796 679;A01;3;7;0;0;0;0;1;
14793;202200009710;796 677;B01;2;7;0;2;6;15;1;
14794;202200009710;796 678;A01;2;33;0;2;2;17;1;
14795;202200009711;796 673;B01;1;7;0;2;3;1;1;
14796;202200009711;796 674;A01;2;7;0;2;3;5;3;
14797;202200009713;796 671;A01;1;7;2;0;0;1;1;
14798;202200009714;796 668;A01;2;32;0;2;1;1;1;
14799;202200009714;796 669;B01;3;7;0;2;3;19;1;
14800;202200009715;796 667;A01;1;7;0;2;1;0;1;
14801;202200009715;796 670;B01;1;7;0;2;5;1;2;
14802;202200009718;796 663;A01;1;7;0;1;1;1;1;
14803;202200009719;796 661;B01;1;33;0;2;1;17;1;
14804;202200009719;796 662;A01;1;7;0;2;6;17;1;
14805;202200009720;796 660;A01;0;7;12;0;1;1;1;
14806;202200009721;796 659;A01;2;2;12;0;1;1;1;
14807;202200009722;796 658;A01;0;7;12;0;1;1;1;
14808;202200009723;796 657;A01;0;7;2;0;1;1;1;
14809;202200009724;796 654;A01;3;7;4;0;4;23;1;
14810;202200009724;796 656;B01;3;7;0;2;1;2;1;
14811;202200009725;796 653;B01;1;1;0;2;1;1;5;
14812;202200009725;796 655;A01;1;7;0;9;2;16;1;
14813;202200009726;796 652;A01;2;14;0;1;7;19;1;
14814;202200009727;796 651;A01;3;7;0;1;2;1;1;
14815;202200009728;796 647;C01;1;7;0;0;0;0;1;
14816;202200009728;796 648;B01;1;7;0;2;2;17;1;
14817;202200009728;796 650;A01;2;7;0;2;3;17;1;
14818;202200009729;796 646;B01;1;7;0;2;2;1;1;
14819;202200009729;796 649;A01;1;7;0;2;3;10;1;
14820;202200009730;796 645;A01;3;7;0;1;1;25;0;
14821;202200009731;796 642;A01;1;7;0;2;2;1;1;
14822;202200009731;796 643;B01;1;30;0;2;0;0;1;
14823;202200009732;796 641;A01;2;7;9;0;1;26;1;
14824;202200009732;796 644;B01;2;7;0;2;0;0;1;
14825;202200009733;796 639;A01;0;7;0;0;8;19;1;
14826;202200009733;796 640;B01;3;7;0;2;1;19;1;
14827;202200009735;796 635;A01;2;7;0;2;4;23;1;
14828;202200009735;796 638;B01;2;7;0;2;1;2;2;
14829;202200009736;796 633;B01;2;33;0;0;8;1;1;
14830;202200009736;796 634;A01;1;7;0;2;3;15;1;
14831;202200009737;796 631;A01;0;10;0;2;6;1;1;
14832;202200009737;796 632;B01;0;7;0;2;0;0;0;
14833;202200009738;796 629;A01;1;7;0;0;3;26;1;
14834;202200009738;796 630;B01;2;31;0;2;1;1;1;
14835;202200009739;796 626;A01;1;7;0;2;3;11;2;
14836;202200009739;796 627;B01;1;33;0;0;1;1;1;
14837;202200009740;796 625;B01;1;30;0;1;4;1;1;
14838;202200009740;796 628;A01;1;7;0;2;1;1;1;
14839;202200009741;796 624;A01;1;7;0;1;3;1;1;
14840;202200009742;796 622;A01;3;7;9;0;2;0;1;
14841;202200009743;796 621;A01;3;7;0;2;0;9;1;
14842;202200009743;796 623;B01;3;80;0;2;0;1;3;
14843;202200009744;796 620;A01;2;7;2;0;1;14;1;
14844;202200009745;796 618;A01;1;7;0;1;2;1;1;
14845;202200009746;796 619;A01;2;32;4;0;3;13;1;
14846;202200009747;796 615;A01;3;7;0;2;1;1;1;
14847;202200009747;796 617;B01;0;7;0;2;1;13;1;
14848;202200009748;796 614;B01;3;7;0;2;3;1;1;
14849;202200009748;796 616;A01;0;50;0;2;1;1;3;
14850;202200009749;796 611;C01;2;10;0;2;1;2;1;
14851;202200009749;796 612;B01;2;10;0;2;1;2;1;
14852;202200009749;796 613;A01;2;10;0;2;4;2;1;
14853;202200009750;796 609;C01;2;10;-1;2;-1;-1;-1;
14854;202200009750;796 610;A01;2;7;0;2;0;1;1;
14855;202200009751;796 608;A01;3;30;8;0;1;25;3;
14856;202200009752;796 606;B01;1;14;0;2;4;2;1;
14857;202200009752;796 607;A01;1;7;0;2;1;1;1;
14858;202200009753;796 605;Z01;1;7;0;1;0;14;0;
14859;202200009754;796 603;B01;1;7;0;2;4;2;1;
14860;202200009754;796 604;A01;1;7;0;2;1;2;1;
14861;202200009756;796 598;B01;2;1;0;2;6;13;5;
14862;202200009756;796 601;A01;2;37;0;2;2;17;2;1.0
14863;202200009758;796 590;B01;2;43;0;2;1;13;1;
14864;202200009758;796 593;A01;2;7;0;2;6;17;1;
14865;202200009759;796 591;B01;1;34;0;2;2;1;1;
14866;202200009759;796 592;A01;1;7;0;2;3;11;1;
14867;202200009760;796 589;A01;2;1;0;0;0;1;5;
14868;202200009761;796 584;B01;1;1;8;2;1;18;5;
14869;202200009761;796 586;A01;1;7;0;2;0;22;2;
14870;202200009762;796 585;A01;2;7;0;2;3;13;1;
14871;202200009762;796 587;B01;2;43;0;2;4;1;1;
14872;202200009762;796 588;C01;2;7;0;2;4;1;1;
14873;202200009763;796 582;B01;2;1;0;2;1;1;5;
14874;202200009763;796 583;A01;1;50;0;2;1;13;3;
14875;202200009764;796 580;A01;1;50;0;2;1;1;3;
14876;202200009764;796 581;Z01;1;7;0;2;2;16;0;
14877;202200009766;796 577;A01;1;10;0;2;3;22;3;
14878;202200009766;796 578;B01;1;50;0;2;1;1;3;
14879;202200009767;796 575;A01;0;7;0;2;3;16;1;
14880;202200009767;796 576;B01;0;50;0;2;2;1;3;
14881;202200009768;796 574;A01;2;30;0;0;0;1;1;
14882;202200009769;796 573;A01;1;7;0;1;1;1;1;
14883;202200009771;796 571;A01;2;33;0;0;0;1;1;
14884;202200009772;796 569;B01;1;30;0;2;1;1;1;
14885;202200009772;796 570;A01;2;7;0;2;3;15;1;
14886;202200009773;796 568;A01;3;7;0;1;1;1;1;
14887;202200009775;796 564;A01;2;7;0;2;2;7;2;
14888;202200009775;796 565;B01;2;7;0;2;3;15;1;
14889;202200009776;796 563;A01;2;7;12;0;3;13;1;
14890;202200009777;796 560;Z01;2;7;0;2;7;15;1;
14891;202200009777;796 561;A01;1;7;8;1;6;1;1;
14892;202200009778;796 559;A01;2;50;1;0;1;13;3;
14893;202200009780;796 557;A01;1;7;1;0;1;1;1;
14894;202200009781;796 555;A01;1;7;0;2;3;13;1;
14895;202200009781;796 556;B01;1;33;0;2;7;2;0;
14896;202200009782;796 554;A01;2;7;8;0;1;2;1;
14897;202200009783;796 553;A01;3;7;0;1;2;16;1;
14898;202200009784;796 552;A01;3;7;8;0;8;26;1;
14899;202200009785;796 550;B01;1;7;0;2;8;1;0;
14900;202200009785;796 551;A01;2;33;0;2;7;3;1;
14901;202200009786;796 548;A01;-1;7;0;1;4;2;1;
14902;202200009786;796 549;B01;-1;7;0;2;1;2;1;
14903;202200009787;796 546;B01;1;1;0;2;1;0;5;
14904;202200009787;796 547;A01;1;7;0;2;1;1;1;
14905;202200009788;796 544;B01;3;7;0;2;3;24;2;
14906;202200009788;796 545;A01;3;7;0;2;2;9;1;
14907;202200009789;796 542;A01;0;7;0;2;3;24;1;
14908;202200009789;796 543;B01;0;7;1;0;2;2;1;
14909;202200009790;796 540;A01;2;99;0;2;3;22;0;
14910;202200009790;796 541;B01;2;1;0;2;1;0;5;
14911;202200009794;796 535;A01;1;7;0;1;1;1;1;
14912;202200009795;796 533;A01;0;14;0;2;1;1;0;
14913;202200009795;796 534;B01;0;99;0;2;8;1;0;
14914;202200009796;796 531;B01;1;32;0;2;1;5;3;
14915;202200009796;796 532;A01;1;7;0;2;3;11;1;
14916;202200009797;796 530;A01;1;15;0;1;3;0;1;
14917;202200009798;796 526;A01;2;7;0;2;1;0;1;
14918;202200009798;796 527;B01;2;7;0;2;4;23;1;
14919;202200009798;796 528;C01;2;7;0;2;4;23;1;
14920;202200009798;796 529;D01;2;7;0;2;4;23;1;
14921;202200009799;796 524;A01;1;7;0;9;1;1;1;
14922;202200009799;796 525;B01;1;50;0;2;8;1;3;
14923;202200009800;796 522;A01;0;7;0;2;3;15;1;
14924;202200009800;796 523;B01;0;34;0;2;1;2;1;
14925;202200009801;796 521;A01;2;7;1;0;1;14;1;
14926;202200009802;796 520;A01;1;40;0;1;7;1;0;
14927;202200009803;796 518;B01;3;32;0;2;7;17;1;
14928;202200009803;796 519;A01;3;7;0;2;8;13;0;
14929;202200009805;796 516;A01;2;14;0;1;1;1;1;
14930;202200009806;796 514;B01;1;50;0;2;8;15;3;
14931;202200009806;796 515;Z01;0;7;0;0;8;16;1;
14932;202200009807;796 512;B01;1;30;0;2;2;16;1;
14933;202200009807;796 513;A01;1;7;0;2;2;2;1;
14934;202200009808;796 510;A01;3;7;0;2;2;19;1;
14935;202200009808;796 511;B01;3;7;0;2;1;1;1;
14936;202200009809;796 509;A01;3;7;0;1;1;1;1;
14937;202200009810;796 507;B01;1;37;0;2;7;17;1;1.0
14938;202200009810;796 508;A01;1;1;0;2;8;2;5;
14939;202200009811;796 505;B01;3;1;0;2;1;1;5;
14940;202200009811;796 506;A01;3;7;0;2;7;15;1;
14941;202200009812;796 504;A01;1;7;0;0;1;1;1;
14942;202200009813;796 502;B01;1;7;0;2;3;13;1;
14943;202200009813;796 503;A01;1;33;0;2;7;17;1;
14944;202200009814;796 499;C01;1;38;0;2;6;1;1;1.0
14945;202200009814;796 500;B01;1;10;4;2;2;1;1;
14946;202200009814;796 501;A01;1;15;0;2;6;11;1;
14947;202200009815;796 497;B01;3;1;0;0;4;2;5;
14948;202200009815;796 498;A01;3;10;0;9;2;2;1;
14949;202200009816;796 495;B01;3;33;0;2;1;1;1;
14950;202200009816;796 496;A01;3;10;0;2;3;15;1;
14951;202200009817;796 494;A01;1;33;13;0;9;1;1;
14952;202200009818;796 492;B01;0;1;0;2;4;1;5;
14953;202200009818;796 493;A01;0;7;0;2;0;15;1;
14954;202200009819;796 491;A01;2;7;0;1;3;16;1;
14955;202200009820;796 490;A01;1;7;6;0;1;17;1;
14956;202200009821;796 489;A01;2;31;10;0;7;1;1;
14957;202200009822;796 488;A01;2;7;13;0;1;1;1;
14958;202200009823;796 487;A01;2;7;15;0;2;15;1;
14959;202200009824;796 485;A01;1;33;0;2;1;17;1;
14960;202200009824;796 486;B01;1;10;0;2;6;15;1;
14961;202200009825;796 483;B01;1;21;0;0;4;23;1;
14962;202200009825;796 484;A01;1;21;1;0;1;1;1;
14963;202200009826;796 482;A01;2;7;17;0;2;14;1;
14964;202200009827;796 481;A01;3;33;14;0;1;1;1;
14965;202200009829;796 477;B01;2;33;0;2;1;1;1;
14966;202200009829;796 478;A01;1;7;0;2;1;5;1;
14967;202200009830;796 476;A01;1;2;0;0;1;2;1;
14968;202200009831;796 474;A01;2;7;0;2;1;13;2;
14969;202200009831;796 475;B01;1;7;0;2;1;1;1;
14970;202200009832;796 473;A01;1;7;2;0;7;17;1;
14971;202200009834;796 470;A01;2;33;3;0;8;1;1;
14972;202200009835;796 469;A01;0;31;8;0;1;1;1;
14973;202200009836;796 466;A01;2;10;0;2;3;5;1;
14974;202200009836;796 467;C01;1;7;0;2;3;1;1;
14975;202200009836;796 468;B01;1;14;0;2;3;1;1;
14976;202200009837;796 465;A01;-1;7;13;0;3;-1;1;
14977;202200009838;796 463;A01;0;10;0;9;5;1;0;
14978;202200009838;796 464;B01;3;1;0;2;1;1;5;
14979;202200009839;796 462;A01;1;33;0;0;0;0;1;
14980;202200009840;796 461;A01;1;33;0;0;2;14;1;
14981;202200009841;796 459;A01;1;7;0;0;3;15;1;
14982;202200009841;796 460;B01;1;7;0;2;1;11;1;
14983;202200009843;796 455;A01;1;7;0;2;3;13;1;