;Num_Acc;id_vehicule;num_veh;senc;catv;obs;obsm;choc;manv;motor;occutc
14984;202200009843;796 456;B01;2;13;0;2;3;1;1;
14985;202200009843;796 457;C01;1;7;0;2;1;2;1;
14986;202200009844;796 453;B01;2;15;0;2;4;1;1;
14987;202200009844;796 454;A01;2;7;0;2;1;1;1;
14988;202200009845;796 452;A01;1;7;1;0;1;2;1;
14989;202200009846;796 449;A01;0;38;0;1;2;16;1;1.0
14990;202200009847;796 448;A01;1;7;13;0;3;1;1;
14991;202200009849;796 446;A01;1;7;2;0;3;17;1;
14992;202200009850;796 444;B01;1;80;0;2;1;1;3;
14993;202200009850;796 445;A01;2;80;0;2;1;1;3;
14994;202200009851;796 442;B01;1;31;0;2;2;17;1;
14995;202200009851;796 443;A01;1;7;0;0;8;15;1;
14996;202200009852;796 440;A01;1;7;0;2;0;16;1;
14997;202200009852;796 441;B01;2;50;0;2;7;19;3;
14998;202200009853;796 439;A01;1;1;0;0;0;0;5;
14999;202200009854;796 437;B01;3;1;0;2;1;1;5;
15000;202200009854;796 438;A01;3;7;0;9;0;15;1;
15001;202200009855;796 435;B01;2;10;0;9;3;1;1;
15002;202200009855;796 436;A01;2;1;0;2;1;1;5;
15003;202200009856;796 434;A01;2;43;8;0;1;0;1;
15004;202200009857;796 432;B01;1;14;0;2;1;1;1;
15005;202200009857;796 433;A01;2;7;0;2;3;13;1;
15006;202200009858;796 428;B01;3;31;0;2;1;1;1;
15007;202200009858;796 429;A01;3;7;0;2;3;1;1;
15008;202200009859;796 427;A01;1;7;16;0;9;0;1;
15009;202200009860;796 426;A01;1;2;0;0;0;26;1;
15010;202200009861;796 424;A01;1;7;0;2;3;13;1;
15011;202200009861;796 425;B01;2;14;4;2;3;1;1;
15012;202200009862;796 423;A01;1;7;12;0;1;1;1;
15013;202200009863;796 422;A01;1;7;0;1;1;1;1;
15014;202200009864;796 421;A01;1;7;13;0;2;0;1;
15015;202200009865;796 419;B01;2;1;0;2;5;1;5;
15016;202200009865;796 420;A01;1;7;0;9;2;1;1;
15017;202200009866;796 418;A01;0;37;15;0;8;15;1;4.0
15018;202200009867;796 417;A01;1;7;5;0;1;1;1;
15019;202200009868;796 415;A01;2;34;0;2;3;1;1;
15020;202200009868;796 416;Z01;2;7;0;2;0;0;0;
15021;202200009869;796 413;B01;2;15;0;2;4;2;1;
15022;202200009869;796 414;A01;2;7;0;2;1;2;1;
15023;202200009870;796 410;C01;2;7;0;2;4;2;1;
15024;202200009870;796 411;B01;2;7;0;2;4;2;1;
15025;202200009870;796 412;A01;2;7;0;2;1;2;1;
15026;202200009871;796 407;C01;1;10;0;2;4;2;1;
15027;202200009871;796 408;B01;1;7;0;2;4;2;1;
15028;202200009871;796 409;A01;1;14;0;2;1;2;1;
15029;202200009872;796 405;A01;1;7;0;2;3;11;2;
15030;202200009872;796 406;B01;1;34;0;2;2;3;1;
15031;202200009874;796 400;A01;2;32;0;2;1;3;1;
15032;202200009874;796 401;B01;2;7;0;2;8;1;1;
15033;202200009874;796 402;C01;2;7;0;2;4;1;1;
15034;202200009875;796 399;A01;1;10;3;0;1;1;1;
15035;202200009876;796 397;A01;1;7;0;2;1;18;1;
15036;202200009876;796 398;B01;1;7;0;2;4;0;2;
15037;202200009877;796 395;A01;1;10;0;2;3;15;1;
15038;202200009877;796 396;B01;1;32;0;2;8;1;1;
15039;202200009878;796 394;A01;1;1;0;0;1;2;5;
15040;202200009880;796 392;A01;1;7;8;0;1;26;1;
15041;202200009881;796 391;A01;2;14;13;0;9;1;1;
15042;202200009882;796 389;A01;3;7;0;2;8;15;1;
15043;202200009882;796 390;B01;3;30;0;2;1;1;1;
15044;202200009883;796 387;B01;2;33;0;2;1;1;1;
15045;202200009883;796 388;A01;1;7;0;2;7;15;3;
15046;202200009885;796 384;A01;2;7;8;0;5;1;1;
15047;202200009886;796 383;A01;1;7;0;1;2;1;1;
15048;202200009887;796 381;A01;2;2;0;2;2;17;1;
15049;202200009887;796 382;B01;2;7;0;2;3;15;1;
15050;202200009888;796 379;A01;2;7;0;2;3;15;1;
15051;202200009888;796 380;B01;2;50;0;2;1;15;3;
15052;202200009889;796 377;B01;1;7;0;2;4;1;1;
15053;202200009889;796 378;A01;1;7;0;2;1;2;1;
15054;202200009890;796 374;B01;1;32;0;2;0;1;0;
15055;202200009890;796 375;C01;1;2;0;2;0;1;0;
15056;202200009890;796 376;A01;1;7;0;2;8;15;1;
15057;202200009891;796 372;A01;2;30;0;2;1;1;0;
15058;202200009891;796 373;B01;1;7;0;2;3;15;1;
15059;202200009893;796 369;A01;1;7;1;0;2;0;1;
15060;202200009893;796 370;B01;1;7;1;0;6;0;1;
15061;202200009894;796 367;A01;1;7;0;2;3;13;1;
15062;202200009894;796 368;B01;0;7;0;2;3;5;1;
15063;202200009896;796 364;A01;1;7;0;1;1;1;1;
15064;202200009897;796 362;A01;1;7;0;2;0;0;2;
15065;202200009897;796 363;B01;1;1;0;0;1;0;5;
15066;202200009898;796 361;A01;1;7;0;1;3;1;1;
15067;202200009899;796 358;C01;1;33;0;9;1;1;1;
15068;202200009899;796 359;B01;2;33;0;2;1;1;1;
15069;202200009899;796 360;A01;2;7;0;2;6;15;1;
15070;202200009900;796 356;A01;1;7;0;2;1;9;1;
15071;202200009900;796 357;B01;1;7;0;2;7;1;1;
15072;202200009901;796 355;A01;1;7;1;0;1;14;1;
15073;202200009902;796 353;A01;3;31;0;2;1;26;1;
15074;202200009902;796 354;B01;3;1;0;2;1;1;5;
15075;202200009903;796 351;A01;2;10;0;1;2;1;1;
15076;202200009904;796 350;B01;1;7;0;2;1;0;2;
15077;202200009904;796 352;A01;2;7;0;2;2;1;1;
15078;202200009905;796 349;A01;2;7;0;9;1;2;1;
15079;202200009906;796 348;A01;1;7;0;1;2;1;1;
15080;202200009907;796 347;A01;1;7;1;0;2;1;1;
15081;202200009909;796 344;B01;1;7;0;2;1;1;1;
15082;202200009909;796 346;A01;2;7;0;2;1;5;1;
15083;202200009910;796 341;A01;2;7;3;2;1;2;1;
15084;202200009910;796 343;B01;2;15;4;2;6;2;1;
15085;202200009911;796 340;A01;1;7;0;2;8;15;1;
15086;202200009911;796 342;B01;1;31;0;2;2;17;1;
15087;202200009912;796 337;B01;3;7;0;2;3;1;1;
15088;202200009912;796 339;A01;3;7;0;2;1;15;1;
15089;202200009913;796 336;A01;1;7;0;2;8;15;1;
15090;202200009913;796 338;B01;1;7;0;2;1;1;1;
15091;202200009915;796 332;A01;2;7;0;2;3;15;1;
15092;202200009915;796 335;B01;2;1;0;2;1;1;5;
15093;202200009916;796 330;A01;1;7;0;2;1;1;1;
15094;202200009916;796 331;B01;0;7;0;2;4;1;1;
15095;202200009917;796 329;A01;1;7;2;0;1;14;2;
15096;202200009918;796 328;A01;1;7;0;1;1;16;0;
15097;202200009919;796 326;B01;2;7;0;4;8;23;1;
15098;202200009919;796 327;A01;3;39;0;2;2;26;3;
15099;202200009920;796 325;A01;2;30;0;0;1;1;1;
15100;202200009921;796 324;A01;2;7;15;1;1;16;1;
15101;202200009922;796 321;A01;1;7;0;2;1;1;1;
15102;202200009922;796 323;B01;2;50;0;2;0;0;3;
15103;202200009923;796 322;A01;1;7;9;1;7;16;1;
15104;202200009924;796 319;A01;2;7;0;1;0;1;1;
15105;202200009925;796 314;A01;1;7;0;2;1;1;1;
15106;202200009925;796 317;B01;2;2;0;2;7;1;1;
15107;202200009926;796 313;C01;0;7;0;2;8;1;1;
15108;202200009926;796 315;B01;0;7;0;2;2;1;1;
15109;202200009926;796 316;A01;3;7;0;2;3;9;1;
15110;202200009927;796 310;A01;2;31;0;2;1;19;1;
15111;202200009927;796 311;B01;2;7;0;2;2;1;1;
15112;202200009928;796 309;A01;2;34;0;2;1;5;1;
15113;202200009928;796 312;B01;1;7;0;2;8;15;1;
15114;202200009929;796 308;A01;3;10;0;1;2;1;1;
15115;202200009930;796 304;B01;2;1;0;2;6;1;5;
15116;202200009930;796 306;A01;2;7;0;9;2;16;1;
15117;202200009931;796 305;A01;1;7;0;2;7;15;1;
15118;202200009931;796 307;B01;2;1;0;2;1;1;5;
15119;202200009932;796 303;A01;1;33;0;0;7;1;1;
15120;202200009933;796 301;Z01;0;1;0;2;1;1;5;
15121;202200009933;796 302;A01;3;2;0;2;1;13;1;
15122;202200009934;796 300;A01;3;7;0;1;2;0;1;
15123;202200009935;796 299;A01;1;7;6;0;1;21;1;
15124;202200009936;796 297;B01;2;7;0;0;1;1;1;
15125;202200009936;796 298;A01;1;7;0;2;2;16;1;
15126;202200009937;796 296;A01;1;0;0;1;1;1;0;
15127;202200009938;796 293;A01;2;10;0;1;3;1;1;
15128;202200009939;796 292;C01;2;13;0;2;8;1;1;
15129;202200009939;796 294;B01;1;7;0;2;2;15;1;
15130;202200009939;796 295;A01;2;7;0;2;1;1;1;
15131;202200009940;796 290;A01;3;7;9;2;3;6;1;
15132;202200009940;796 291;B01;3;7;0;0;6;1;1;
15133;202200009941;796 289;A01;1;7;0;1;1;26;1;
15134;202200009942;796 288;A01;1;7;1;0;2;14;1;
15135;202200009943;796 286;A01;3;7;0;2;1;26;1;
15136;202200009943;796 287;B01;3;1;0;2;1;1;5;
15137;202200009944;796 284;B01;3;7;0;2;1;1;1;
15138;202200009944;796 285;A01;3;32;0;2;2;1;1;
15139;202200009945;796 283;A01;1;30;1;0;1;26;1;
15140;202200009946;796 281;B01;3;1;0;2;1;1;5;
15141;202200009946;796 282;A01;3;7;0;2;3;9;1;
15142;202200009947;796 280;A01;1;7;0;1;1;1;1;
15143;202200009949;796 277;A01;2;31;12;0;1;1;1;
15144;202200009951;796 275;A01;1;7;0;1;1;1;1;
15145;202200009952;796 274;A01;2;30;0;0;1;1;1;
15146;202200009953;796 271;A01;2;7;0;2;3;10;1;
15147;202200009953;796 273;B01;2;50;0;2;7;1;3;
15148;202200009954;796 270;B01;2;50;0;2;0;0;3;
15149;202200009954;796 272;A01;2;15;0;9;1;2;0;
15150;202200009955;796 267;A01;2;7;0;2;3;1;1;
15151;202200009955;796 269;B01;1;7;0;2;8;1;1;
15152;202200009956;796 266;A01;3;7;0;2;3;15;1;
15153;202200009956;796 268;B01;3;7;0;2;7;17;1;
15154;202200009957;796 264;A01;3;2;0;0;0;26;1;
15155;202200009958;796 262;A01;2;7;0;2;5;2;1;
15156;202200009958;796 263;B01;2;34;0;2;5;2;1;
15157;202200009958;796 265;Z01;2;7;0;2;4;4;1;
15158;202200009959;796 260;A01;1;7;2;0;1;14;1;
15159;202200009959;796 261;B01;3;7;0;0;0;15;0;
15160;202200009960;796 258;B01;2;7;0;2;5;23;1;
15161;202200009960;796 259;A01;2;34;0;2;1;2;3;
15162;202200009961;796 256;A01;1;1;0;2;8;15;5;
15163;202200009961;796 257;B01;2;7;0;2;2;1;1;
15164;202200009962;796 254;A01;1;7;0;2;1;15;2;
15165;202200009962;796 255;B01;2;1;0;2;8;1;5;
15166;202200009963;796 251;B01;1;1;0;2;1;1;5;
15167;202200009963;796 253;A01;1;7;0;2;8;22;1;
15168;202200009964;796 250;A01;1;1;0;2;8;2;5;
15169;202200009964;796 252;B01;1;7;0;2;7;1;1;
15170;202200009966;796 247;A01;3;7;0;2;8;19;1;
15171;202200009966;796 248;B01;3;33;0;2;1;1;1;
15172;202200009967;796 246;Z01;1;7;0;1;8;15;2;
15173;202200009968;796 244;B01;3;34;0;2;1;1;1;
15174;202200009968;796 245;A01;3;7;0;2;1;15;1;
15175;202200009971;796 241;A01;2;33;0;2;1;2;1;
15176;202200009971;796 242;B01;2;7;0;2;6;15;1;
15177;202200009972;796 238;A01;3;10;0;1;1;26;1;
15178;202200009973;796 237;A01;0;7;0;2;4;1;0;
15179;202200009973;796 239;B01;3;7;0;2;1;1;1;
15180;202200009974;796 234;A01;2;7;0;2;1;2;1;
15181;202200009974;796 236;B01;2;7;0;2;4;2;1;
15182;202200009975;796 233;A01;3;7;0;2;3;26;1;
15183;202200009975;796 235;Y01;3;60;0;2;1;16;5;
15184;202200009976;796 231;A01;1;7;1;2;1;14;1;
15185;202200009977;796 229;A01;1;7;0;1;1;1;0;
15186;202200009978;796 226;A01;1;10;0;2;1;2;1;
15187;202200009978;796 228;B01;2;7;0;2;4;2;1;
15188;202200009978;796 230;C01;1;7;0;2;4;2;1;
15189;202200009978;796 232;D01;1;7;0;2;1;2;3;
15190;202200009979;796 225;A01;2;7;0;2;1;1;1;
15191;202200009979;796 227;B01;1;43;0;2;3;1;1;
15192;202200009981;796 222;A01;0;7;0;1;1;1;1;
15193;202200009982;796 218;D01;2;7;0;2;5;2;2;
15194;202200009982;796 220;C01;2;7;0;2;4;2;1;
15195;202200009982;796 221;B01;2;7;0;2;4;2;1;
15196;202200009982;796 223;A01;2;14;0;2;1;2;1;
15197;202200009983;796 217;B01;1;2;8;0;1;0;1;
15198;202200009983;796 219;A01;1;7;0;0;0;2;3;
15199;202200009984;796 215;B01;2;80;0;2;1;1;3;
15200;202200009984;796 216;A01;2;14;0;2;7;16;1;
15201;202200009985;796 214;A01;3;7;0;1;2;1;1;
15202;202200009986;796 211;Z01;1;7;12;2;0;11;2;
15203;202200009986;796 212;A01;1;30;0;2;8;1;3;
15204;202200009987;796 210;B01;1;32;0;2;8;1;1;
15205;202200009987;796 213;A01;1;7;0;2;7;20;1;
15206;202200009988;796 209;A01;2;10;0;1;2;2;1;
15207;202200009989;796 208;A01;1;32;0;1;3;1;3;
15208;202200009990;796 207;A01;2;7;13;0;1;2;1;
15209;202200009991;796 206;A01;2;34;0;1;1;1;1;
15210;202200009993;796 204;A01;3;7;0;1;0;1;1;
15211;202200009994;796 203;A01;1;7;2;0;7;13;1;
15212;202200009995;796 200;A01;1;30;0;2;7;1;1;
15213;202200009995;796 202;B01;1;1;0;2;8;13;5;
15214;202200009996;796 199;A01;1;7;0;2;2;1;1;
15215;202200009996;796 201;B01;1;1;0;2;1;1;5;
15216;202200009997;796 197;A01;1;7;0;1;2;1;1;
15217;202200009998;796 196;B01;1;7;0;2;1;1;1;
15218;202200009998;796 198;A01;2;7;0;2;1;15;1;
15219;202200009999;796 194;A01;3;10;0;1;4;4;1;
15220;202200010000;796 193;B01;2;17;0;2;3;0;1;
15221;202200010000;796 195;A01;2;7;0;2;2;19;0;
15222;202200010001;796 191;A01;2;33;0;0;0;1;1;
15223;202200010003;796 188;A01;2;7;0;0;1;9;1;
15224;202200010003;796 189;B01;1;10;0;0;7;26;1;
15225;202200010004;796 186;A01;1;30;0;2;1;1;3;
15226;202200010004;796 187;B01;1;50;0;2;7;16;3;
15227;202200010005;796 185;A01;1;33;0;0;0;1;1;
15228;202200010006;796 183;A01;1;7;0;2;2;19;1;
15229;202200010006;796 184;B01;1;7;0;2;3;1;1;
15230;202200010007;796 181;B01;1;33;0;0;1;17;1;
15231;202200010007;796 182;A01;1;7;0;0;8;10;1;
15232;202200010008;796 179;A01;2;7;0;2;1;2;1;
15233;202200010008;796 180;B01;1;7;0;2;0;23;1;
15234;202200010009;796 178;A01;2;7;0;1;2;1;1;
15235;202200010011;796 174;B01;1;10;0;2;3;1;1;
15236;202200010011;796 176;A01;1;7;0;0;8;15;1;
15237;202200010012;796 172;A01;3;7;0;1;6;16;1;
15238;202200010013;796 171;A01;2;32;0;2;2;17;1;
15239;202200010013;796 173;B01;2;10;0;2;3;15;1;
15240;202200010014;796 170;A01;1;7;16;0;2;1;1;
15241;202200010015;796 169;X01;2;7;0;1;8;16;1;
15242;202200010016;796 168;A01;1;7;0;1;2;15;1;
15243;202200010018;796 165;A01;2;33;0;0;8;1;1;
15244;202200010019;796 163;B01;1;32;0;2;1;1;1;
15245;202200010019;796 164;A01;1;7;0;2;8;13;1;
15246;202200010020;796 161;A01;1;7;0;2;8;15;1;
15247;202200010020;796 162;B01;1;33;0;2;1;1;1;
15248;202200010021;796 160;A01;1;1;6;0;0;16;5;
15249;202200010022;796 159;A01;1;30;0;1;1;2;1;
15250;202200010023;796 157;A01;1;7;0;2;7;10;1;
15251;202200010023;796 158;B01;2;43;0;2;8;1;1;
15252;202200010024;796 155;B01;2;30;0;2;7;0;1;
15253;202200010024;796 156;A01;2;7;0;2;7;11;1;
15254;202200010025;796 153;B01;1;7;0;1;1;1;1;
15255;202200010025;796 154;A01;1;7;0;2;2;2;1;
15256;202200010026;796 151;A01;2;43;0;2;1;2;1;
15257;202200010026;796 152;B01;2;33;0;2;5;16;1;
15258;202200010027;796 150;A01;1;7;2;0;1;21;1;
15259;202200010028;796 149;A01;3;37;0;1;2;16;1;1.0
15260;202200010029;796 148;A01;0;10;1;1;1;1;0;
15261;202200010030;796 147;A01;1;10;0;1;7;1;1;
15262;202200010031;796 145;A01;3;7;0;0;4;23;1;
15263;202200010031;796 146;B01;3;7;0;2;4;26;1;
15264;202200010032;796 143;A01;0;7;0;2;1;13;1;
15265;202200010032;796 144;B01;0;7;0;2;3;1;1;
15266;202200010033;796 141;B01;1;7;0;2;3;19;1;
15267;202200010033;796 142;A01;1;50;0;2;7;0;3;
15268;202200010034;796 140;A01;2;30;0;1;0;0;1;
15269;202200010035;796 138;A01;1;7;1;0;7;15;1;
15270;202200010035;796 139;B01;1;7;0;2;3;1;1;
15271;202200010036;796 136;A01;1;32;0;2;2;0;0;
15272;202200010036;796 137;B01;3;7;0;2;0;0;0;
15273;202200010037;796 134;A01;1;7;0;2;2;15;1;
15274;202200010037;796 135;B01;0;1;0;2;1;15;5;
15275;202200010038;796 132;A01;1;3;0;2;5;0;1;
15276;202200010038;796 133;B01;1;7;0;2;4;0;1;
15277;202200010039;796 130;A01;0;7;0;0;8;22;2;
15278;202200010039;796 131;B01;0;1;1;0;1;17;5;
15279;202200010040;796 128;A01;2;7;0;2;2;15;1;
15280;202200010040;796 129;B01;1;33;0;2;1;1;1;
15281;202200010041;796 126;A01;0;7;0;2;3;15;1;
15282;202200010041;796 127;B01;0;32;0;2;1;1;1;
15283;202200010042;796 125;B01;0;2;1;2;3;1;3;
15284;202200010043;796 123;B01;2;7;0;2;7;16;1;
15285;202200010043;796 124;A01;1;34;0;2;8;2;1;
15286;202200010044;796 122;A01;1;10;0;1;1;15;1;
15287;202200010045;796 121;A01;1;33;0;0;0;1;1;
15288;202200010046;796 120;A01;1;7;0;1;1;1;1;
15289;202200010047;796 118;B01;2;30;0;2;7;1;3;
15290;202200010047;796 119;A01;2;33;0;2;6;13;1;
15291;202200010048;796 117;A01;3;7;0;0;9;2;1;
15292;202200010049;796 115;A01;3;7;0;2;1;15;1;
15293;202200010049;796 116;B01;3;2;0;2;1;1;1;
15294;202200010050;796 113;B01;1;7;0;9;1;1;1;
15295;202200010050;796 114;A01;2;14;0;0;0;1;1;
15296;202200010051;796 110;A01;1;7;0;2;1;0;1;
15297;202200010051;796 112;B01;2;7;0;2;3;1;1;
15298;202200010053;796 108;A01;1;1;0;0;0;1;5;
15299;202200010055;796 106;A01;1;7;0;1;1;2;1;
15300;202200010056;796 105;A01;1;7;0;1;1;1;1;
15301;202200010058;796 101;A01;1;7;1;0;1;1;1;
15302;202200010058;796 102;B01;1;38;0;2;6;24;1;1.0
15303;202200010059;796 098;A01;2;21;0;2;4;1;1;
15304;202200010059;796 099;B01;2;7;0;2;4;11;1;
15305;202200010059;796 100;C01;2;17;1;2;1;17;1;
15306;202200010060;796 096;B01;1;7;12;0;2;21;1;
15307;202200010060;796 097;A01;1;7;0;0;0;1;1;
15308;202200010061;796 094;A01;1;7;0;1;1;19;1;
15309;202200010062;796 095;A01;2;7;0;0;1;1;1;
15310;202200010065;796 087;B01;2;2;0;2;3;1;1;
15311;202200010065;796 088;A01;1;7;0;2;2;15;1;
15312;202200010067;796 084;A01;2;7;7;0;1;13;1;
15313;202200010068;796 082;A01;1;7;0;1;1;1;1;
15314;202200010069;796 080;B01;1;7;0;2;1;1;1;
15315;202200010069;796 081;A01;2;7;0;2;1;1;1;
15316;202200010070;796 078;A01;1;7;0;2;1;9;1;
15317;202200010070;796 079;B01;2;33;0;2;8;1;1;
15318;202200010071;796 076;B01;2;10;0;2;3;1;1;
15319;202200010071;796 077;A01;1;3;0;2;3;13;1;
15320;202200010073;796 072;A01;2;7;0;2;2;17;1;
15321;202200010073;796 073;B01;2;21;0;2;3;15;1;
15322;202200010074;796 069;B01;1;7;0;2;2;1;1;
15323;202200010074;796 071;A01;1;7;0;2;1;9;1;
15324;202200010075;796 070;B01;2;99;0;0;4;1;0;
15325;202200010075;796 075;A01;2;99;0;2;1;1;0;
15326;202200010076;796 067;B01;2;7;0;2;3;1;0;
15327;202200010076;796 068;A01;1;10;0;2;3;1;0;
15328;202200010077;796 065;A01;1;7;12;0;1;1;1;
15329;202200010078;796 064;B01;2;7;0;2;1;1;1;
15330;202200010078;796 066;A01;1;7;0;2;1;11;1;
15331;202200010079;796 063;A01;2;10;6;0;2;1;1;
15332;202200010080;796 062;A01;1;7;2;0;1;1;1;
15333;202200010081;796 061;A01;0;2;0;0;8;1;1;
15334;202200010082;796 060;A01;1;7;2;0;7;1;1;
15335;202200010083;796 058;B01;2;1;0;2;1;1;5;
15336;202200010083;796 059;A01;1;7;0;9;1;1;1;
15337;202200010084;796 054;A01;1;10;0;2;3;9;1;
15338;202200010084;796 056;B01;1;1;0;2;1;2;5;
15339;202200010085;796 051;A01;1;7;0;2;2;15;1;
15340;202200010085;796 052;B01;2;33;0;2;1;1;1;
15341;202200010086;796 050;A01;1;10;0;1;1;1;1;
15342;202200010087;796 048;B01;1;33;0;2;1;2;1;
15343;202200010087;796 049;A01;1;7;0;2;3;15;1;
15344;202200010088;796 053;C01;1;7;0;2;1;1;1;
15345;202200010088;796 055;B01;1;7;0;2;1;1;1;
15346;202200010088;796 057;A01;2;7;0;2;1;13;1;
15347;202200010089;796 047;A01;2;7;0;1;2;1;1;
15348;202200010090;796 045;B01;2;15;0;2;1;1;1;
15349;202200010090;796 046;A01;1;7;0;2;1;5;1;
15350;202200010091;796 042;B01;2;14;0;0;6;0;1;
15351;202200010091;796 043;A01;2;7;0;2;1;0;1;
15352;202200010092;796 041;A01;1;38;6;0;8;13;1;3.0
15353;202200010093;796 044;A01;1;7;13;0;3;1;1;
15354;202200010094;796 039;B01;2;7;0;2;1;17;1;
15355;202200010094;796 040;A01;1;7;0;2;1;1;1;
15356;202200010095;796 037;B01;2;33;0;2;1;1;1;
15357;202200010095;796 038;A01;1;7;0;2;2;19;1;
15358;202200010096;796 036;A01;3;2;12;0;2;2;1;
15359;202200010097;796 034;A01;2;7;0;2;3;2;1;
15360;202200010097;796 035;B01;1;7;0;2;1;13;1;
15361;202200010098;796 031;B01;2;7;13;2;9;2;1;
15362;202200010098;796 032;A01;2;7;0;2;4;2;1;
15363;202200010099;796 028;B01;1;7;0;2;3;15;1;
15364;202200010099;796 029;A01;1;2;0;2;1;17;1;
15365;202200010100;796 026;B01;1;1;0;2;1;1;5;
15366;202200010100;796 027;A01;2;7;0;9;1;15;1;
15367;202200010101;796 030;B01;2;7;0;2;1;1;1;
15368;202200010101;796 033;A01;1;7;0;2;1;13;1;
15369;202200010102;796 025;A01;1;10;0;0;0;1;1;
15370;202200010104;796 018;B01;1;33;3;0;1;2;1;
15371;202200010104;796 020;A01;1;33;3;0;1;2;1;
15372;202200010105;796 017;A01;2;10;0;2;6;11;1;
15373;202200010105;796 019;B01;2;33;0;2;2;1;1;
15374;202200010106;796 016;A01;2;7;15;0;1;1;1;
15375;202200010107;796 012;A01;1;43;0;2;1;2;1;
15376;202200010107;796 015;B01;1;7;0;2;4;2;1;
15377;202200010108;796 010;A01;3;33;0;2;1;21;1;
15378;202200010108;796 014;B01;3;7;0;2;6;1;1;
15379;202200010109;796 007;A01;2;10;0;2;7;1;1;
15380;202200010109;796 008;Y01;2;0;0;0;0;0;0;
15381;202200010110;796 006;A01;1;7;0;1;3;1;1;
15382;202200010111;796 001;C01;1;7;0;2;3;0;1;
15383;202200010111;796 002;B01;1;7;0;2;1;2;1;
15384;202200010111;796 004;A01;1;7;0;2;6;2;1;
15385;202200010112;796 003;B01;1;7;0;2;2;2;1;
15386;202200010112;796 005;A01;1;10;0;2;3;19;1;
15387;202200010113;796 000;A01;1;10;13;0;1;1;1;
15388;202200010114;795 998;A01;2;33;13;0;9;1;1;
15389;202200010115;795 997;A01;1;7;0;2;1;23;1;
15390;202200010115;795 999;B01;1;7;0;2;1;1;1;
15391;202200010116;795 994;A01;2;31;0;9;8;18;1;
15392;202200010117;795 993;A01;1;7;0;6;1;1;1;
15393;202200010117;795 995;B01;1;7;0;2;1;1;1;
15394;202200010117;795 996;C01;1;7;0;2;1;1;1;
15395;202200010118;795 991;A01;3;7;0;2;5;15;1;
15396;202200010118;795 992;B01;3;7;0;2;1;1;1;
15397;202200010119;795 987;A01;1;7;0;2;4;1;1;
15398;202200010119;795 989;B01;1;7;0;2;1;2;1;
15399;202200010119;795 990;Z01;1;7;0;0;0;0;0;
15400;202200010120;795 988;A01;1;31;13;0;0;15;1;
15401;202200010121;795 985;B01;1;31;0;2;1;2;1;
15402;202200010121;795 986;A01;1;7;0;2;5;1;1;
15403;202200010122;795 983;A01;1;33;0;2;1;2;1;
15404;202200010122;795 984;B01;1;0;0;0;4;1;-1;
15405;202200010123;795 982;A01;1;7;0;1;3;1;1;
15406;202200010124;795 981;A01;1;7;3;0;0;1;1;
15407;202200010125;795 977;A01;2;10;0;2;1;1;1;
15408;202200010125;795 979;B01;2;10;0;2;4;1;1;
15409;202200010128;795 972;B01;2;7;0;2;0;2;1;
15410;202200010128;795 973;A01;2;33;0;2;6;2;1;
15411;202200010129;795 971;A01;1;7;6;0;0;1;1;
15412;202200010130;795 968;B01;2;33;0;2;7;3;1;
15413;202200010130;795 970;A01;2;7;0;2;6;11;1;
15414;202200010131;795 967;B01;1;7;0;2;4;2;1;
15415;202200010131;795 969;A01;1;7;0;2;1;2;1;
15416;202200010132;795 965;A01;1;7;0;2;5;1;1;
15417;202200010132;795 966;B01;2;10;0;2;1;1;1;
15418;202200010133;795 962;B01;2;7;0;2;0;0;2;
15419;202200010133;795 964;A01;2;7;0;2;1;2;1;
15420;202200010134;795 961;B01;1;33;0;2;7;1;1;
15421;202200010134;795 963;A01;1;7;0;2;3;11;1;
15422;202200010135;795 957;B01;2;10;8;2;1;1;1;
15423;202200010135;795 960;A01;2;7;0;2;1;1;1;
15424;202200010136;795 956;B01;1;33;0;2;1;1;1;
15425;202200010136;795 958;A01;1;7;0;2;4;11;1;
15426;202200010137;795 955;B01;1;7;0;2;3;1;3;
15427;202200010137;795 959;A01;1;14;0;2;2;12;1;
15428;202200010138;795 954;A01;1;7;15;0;1;17;1;
15429;202200010139;795 951;A01;1;33;0;2;1;9;1;
15430;202200010139;795 953;B01;1;10;16;0;5;9;0;
15431;202200010140;795 948;B01;1;7;3;2;4;23;1;
15432;202200010140;795 952;A01;1;15;0;2;1;1;1;
15433;202200010141;795 949;B01;3;2;0;2;8;19;1;
15434;202200010141;795 950;A01;0;10;0;2;3;26;1;
15435;202200010143;795 944;B01;3;10;0;2;2;5;1;
15436;202200010143;795 946;A01;3;7;0;2;5;4;1;
15437;202200010145;795 940;A01;3;7;0;1;2;2;1;
15438;202200010146;795 939;A01;2;7;0;2;2;12;1;
15439;202200010146;795 941;B01;2;33;0;2;8;3;1;
15440;202200010148;795 933;A01;1;40;0;1;2;1;1;
15441;202200010149;795 934;B01;1;31;0;2;3;1;1;
15442;202200010149;795 936;A01;2;7;0;2;3;13;1;
15443;202200010150;795 929;B01;1;7;0;0;4;1;1;
15444;202200010150;795 931;A01;1;33;0;2;1;1;1;