;Num_Acc;id_vehicule;num_veh;senc;catv;obs;obsm;choc;manv;motor;occutc
15445;202200010151;795 926;A01;2;10;0;2;2;15;1;
15446;202200010151;795 928;B01;1;33;0;2;2;21;1;
15447;202200010153;795 922;B01;3;7;0;2;1;21;1;
15448;202200010153;795 924;A01;3;7;6;2;5;19;1;
15449;202200010154;795 921;A01;2;10;0;9;7;16;1;
15450;202200010154;795 923;B01;2;1;0;2;7;19;5;
15451;202200010156;795 919;A01;2;30;0;0;0;0;0;
15452;202200010157;795 916;B01;1;33;0;2;8;1;1;
15453;202200010157;795 918;A01;2;7;0;2;3;15;1;
15454;202200010158;795 915;B01;3;7;0;2;1;9;2;
15455;202200010158;795 917;A01;0;7;0;2;7;1;0;
15456;202200010159;795 911;C01;1;7;10;2;4;2;1;
15457;202200010159;795 913;B01;1;7;0;2;1;1;1;
15458;202200010159;795 914;A01;1;7;0;2;1;2;1;
15459;202200010160;795 910;B01;1;7;0;2;7;1;1;
15460;202200010160;795 912;A01;1;30;0;2;1;0;1;
15461;202200010161;795 906;B01;2;7;0;2;4;2;1;
15462;202200010161;795 908;A01;1;7;0;2;1;2;1;
15463;202200010162;795 904;B01;3;1;1;2;0;0;5;
15464;202200010162;795 907;A01;3;7;0;2;8;1;1;
15465;202200010163;795 902;A01;1;7;3;0;1;0;1;
15466;202200010163;795 903;B01;1;7;0;2;2;2;0;
15467;202200010163;795 905;C01;1;7;0;2;1;2;1;
15468;202200010165;795 899;B01;2;7;0;2;8;1;1;
15469;202200010165;795 900;A01;2;33;0;2;7;1;1;
15470;202200010166;795 897;A01;3;7;0;1;2;1;1;
15471;202200010167;795 895;A01;2;60;0;2;7;25;5;
15472;202200010167;795 896;B01;1;7;0;2;2;1;1;
15473;202200010168;795 893;A01;1;7;4;0;1;1;1;
15474;202200010168;795 894;B01;1;7;14;0;1;2;1;
15475;202200010168;795 898;C01;1;7;14;0;1;2;1;
15476;202200010169;795 890;B01;2;7;0;2;6;1;1;
15477;202200010169;795 892;A01;1;7;0;2;3;13;1;
15478;202200010170;795 888;B01;1;1;0;2;3;1;6;
15479;202200010170;795 891;A01;0;13;0;2;7;16;0;
15480;202200010171;795 887;B01;2;7;4;2;1;9;1;
15481;202200010171;795 889;A01;2;7;4;2;4;1;1;
15482;202200010172;795 886;A01;1;30;4;0;8;0;1;
15483;202200010173;795 882;A01;1;7;0;2;7;15;1;
15484;202200010173;795 885;B01;1;50;0;2;1;2;3;
15485;202200010174;795 880;A01;1;7;0;2;1;15;1;
15486;202200010174;795 881;B01;1;2;0;2;7;17;1;
15487;202200010174;795 883;C01;1;7;0;2;2;23;1;
15488;202200010175;795 884;A01;1;7;2;0;1;14;1;
15489;202200010176;795 878;A01;3;37;12;1;2;1;1;1.0
15490;202200010177;795 879;A01;3;7;0;1;0;0;0;
15491;202200010178;795 877;A01;3;10;0;1;2;1;1;
15492;202200010179;795 875;B01;1;7;0;2;4;2;1;
15493;202200010179;795 876;A01;1;7;0;2;1;2;1;
15494;202200010180;795 873;A01;1;7;0;2;2;26;2;
15495;202200010180;795 874;B01;1;31;0;2;4;23;1;
15496;202200010181;795 869;B01;1;7;0;2;1;21;1;
15497;202200010181;795 872;A01;2;7;0;2;1;21;1;
15498;202200010182;795 868;B01;1;7;0;2;3;23;1;
15499;202200010182;795 870;A01;2;34;0;2;3;13;1;
15500;202200010183;795 867;B01;0;7;0;2;1;1;1;
15501;202200010183;795 871;A01;0;7;0;2;3;15;1;
15502;202200010184;795 866;A01;1;7;7;0;1;1;1;
15503;202200010185;795 863;A01;3;7;0;2;2;1;1;
15504;202200010185;795 865;B01;3;7;0;2;3;1;1;
15505;202200010186;795 862;A01;2;7;0;2;3;13;1;
15506;202200010186;795 864;B01;1;7;0;2;1;1;1;
15507;202200010187;795 860;A01;3;10;2;0;9;1;1;
15508;202200010188;795 859;A01;2;7;0;2;3;5;1;
15509;202200010188;795 861;B01;2;7;0;2;3;14;2;
15510;202200010189;795 855;C01;2;7;0;2;2;1;1;
15511;202200010189;795 857;B01;2;7;0;2;6;1;1;
15512;202200010189;795 858;A01;2;14;0;2;2;12;1;
15513;202200010190;795 852;A01;1;7;0;2;1;26;1;
15514;202200010190;795 854;B01;1;7;0;2;1;1;1;
15515;202200010190;795 856;C01;3;7;0;2;1;1;1;
15516;202200010191;795 851;A01;2;10;0;1;5;26;1;
15517;202200010193;795 848;A01;2;34;0;1;1;1;1;
15518;202200010194;795 844;A01;1;15;0;2;2;1;0;
15519;202200010194;795 847;B01;1;7;0;2;1;1;1;
15520;202200010195;795 843;B01;1;7;0;2;3;1;1;
15521;202200010195;795 846;A01;2;7;0;2;3;1;1;
15522;202200010196;795 845;A01;0;7;6;0;2;16;1;
15523;202200010198;795 840;A01;1;33;0;1;7;3;1;
15524;202200010199;795 839;B01;1;33;0;0;1;2;1;
15525;202200010199;795 841;A01;1;7;0;0;8;10;0;
15526;202200010200;795 836;B01;1;32;0;2;1;1;0;
15527;202200010200;795 837;A01;1;7;0;2;8;15;1;
15528;202200010201;795 834;A01;0;7;0;2;2;2;1;
15529;202200010201;795 835;B01;3;1;0;2;1;2;5;
15530;202200010203;795 830;A01;0;7;0;2;7;16;1;
15531;202200010203;795 832;B01;0;37;0;2;3;1;3;3.0
15532;202200010205;795 828;A01;1;7;0;1;3;1;1;
15533;202200010206;795 826;A01;1;33;0;2;1;2;1;
15534;202200010206;795 827;B01;1;10;0;2;4;1;1;
15535;202200010207;795 822;A01;2;7;0;2;2;0;1;
15536;202200010207;795 825;B01;1;7;0;2;3;1;1;
15537;202200010208;795 820;B01;1;7;0;2;2;15;1;
15538;202200010208;795 823;A01;2;7;0;2;2;1;1;
15539;202200010209;795 816;B01;1;7;0;1;5;2;1;
15540;202200010209;795 819;A01;1;13;0;2;3;2;1;
15541;202200010211;795 814;B01;2;7;0;2;2;16;1;
15542;202200010211;795 817;A01;2;1;0;2;1;2;5;
15543;202200010212;795 811;A01;1;33;15;0;8;1;1;
15544;202200010213;795 812;B01;1;2;0;2;3;15;1;
15545;202200010214;795 810;A01;1;7;0;2;2;17;1;
15546;202200010214;795 813;B01;1;7;0;2;3;1;1;
15547;202200010216;795 807;A01;1;7;0;2;3;13;1;
15548;202200010216;795 809;B01;2;7;0;0;3;1;1;
15549;202200010217;795 806;A01;1;7;9;0;1;6;1;
15550;202200010218;795 804;B01;2;7;0;2;5;1;1;
15551;202200010218;795 805;A01;1;7;16;2;8;17;1;
15552;202200010219;795 800;B01;2;1;0;0;5;16;5;
15553;202200010219;795 802;A01;2;7;0;9;1;9;1;
15554;202200010223;795 793;Z01;2;7;0;2;1;15;0;
15555;202200010223;795 795;A01;1;7;0;2;3;15;2;
15556;202200010224;795 790;A01;1;7;0;9;2;1;2;
15557;202200010224;795 792;B01;2;50;0;2;0;0;3;
15558;202200010225;795 789;A01;0;31;0;2;1;2;1;
15559;202200010225;795 791;B01;0;10;0;0;6;23;1;
15560;202200010226;795 787;B01;2;1;0;2;8;1;5;
15561;202200010226;795 788;A01;1;7;0;2;3;15;1;
15562;202200010227;795 784;A01;1;7;0;2;2;15;1;
15563;202200010227;795 786;B01;2;1;0;2;1;1;5;
15564;202200010228;795 783;B01;0;7;0;2;4;1;1;
15565;202200010228;795 785;A01;0;7;0;2;1;1;1;
15566;202200010229;795 779;B01;3;50;0;2;1;1;3;
15567;202200010229;795 780;A01;3;7;0;2;7;16;1;
15568;202200010230;795 778;A01;2;7;3;2;2;26;1;
15569;202200010230;795 781;B01;2;7;0;2;1;2;1;
15570;202200010231;795 777;A01;3;7;0;1;1;16;1;
15571;202200010232;795 774;A01;2;2;14;0;1;1;1;
15572;202200010233;795 773;A01;3;7;0;2;7;1;1;
15573;202200010233;795 776;B01;3;2;0;2;8;1;1;
15574;202200010234;795 772;B01;2;7;0;2;4;1;1;
15575;202200010234;795 775;A01;2;7;0;2;1;0;1;
15576;202200010235;795 769;B01;3;33;0;2;1;1;1;
15577;202200010235;795 771;A01;3;30;0;2;1;5;1;
15578;202200010238;795 765;A01;2;7;0;1;1;9;1;
15579;202200010239;795 763;A01;2;7;14;0;1;1;1;
15580;202200010240;795 762;B01;1;7;0;2;3;0;1;
15581;202200010240;795 764;A01;1;30;0;2;1;2;1;
15582;202200010241;795 760;B01;1;1;0;2;7;26;5;
15583;202200010241;795 761;A01;1;7;0;2;1;26;1;
15584;202200010242;795 758;A01;0;1;0;1;3;16;5;
15585;202200010243;795 757;A01;1;7;0;2;1;17;1;
15586;202200010243;795 759;B01;1;7;0;2;4;1;2;
15587;202200010244;795 755;B01;1;30;0;2;1;17;1;
15588;202200010244;795 756;A01;2;7;0;2;8;10;1;
15589;202200010245;795 753;A01;1;7;0;1;3;15;1;
15590;202200010246;795 752;A01;2;43;0;2;3;3;1;
15591;202200010246;795 754;B01;2;7;0;2;7;1;1;
15592;202200010247;795 750;A01;1;7;8;0;2;1;1;
15593;202200010248;795 749;A01;1;33;0;2;1;18;1;
15594;202200010248;795 751;B01;1;7;0;2;5;16;1;
15595;202200010249;795 748;A01;1;7;4;0;0;0;1;
15596;202200010251;795 744;B01;1;7;9;2;1;2;1;
15597;202200010251;795 746;A01;1;7;9;0;4;1;1;
15598;202200010252;795 743;B01;2;15;0;2;6;2;1;
15599;202200010252;795 745;A01;1;32;3;0;9;1;1;
15600;202200010253;795 742;A01;2;7;1;0;9;1;1;
15601;202200010254;795 739;A01;2;10;0;2;3;15;1;
15602;202200010254;795 741;B01;1;33;0;2;1;1;1;
15603;202200010255;795 736;A01;1;10;0;2;3;14;1;
15604;202200010255;795 738;B01;1;10;0;2;5;23;1;
15605;202200010255;795 740;C01;1;7;1;2;4;1;2;
15606;202200010256;795 735;A01;3;7;0;1;1;1;1;
15607;202200010257;795 734;B01;1;7;0;2;3;15;1;
15608;202200010257;795 737;A01;2;33;0;2;1;17;1;
15609;202200010258;795 730;A01;0;30;1;0;1;1;1;
15610;202200010259;795 729;A01;3;32;0;2;4;1;1;
15611;202200010259;795 732;B01;3;7;0;2;1;1;1;
15612;202200010260;795 726;A01;1;7;1;0;1;9;1;
15613;202200010260;795 727;B01;1;7;0;2;4;23;1;
15614;202200010260;795 728;C01;1;7;0;2;4;23;1;
15615;202200010260;795 731;D01;1;7;0;2;4;23;1;
15616;202200010260;795 733;E01;1;7;0;2;4;23;1;
15617;202200010261;795 723;B01;1;50;0;2;0;2;3;
15618;202200010261;795 725;A01;2;7;0;2;2;19;1;
15619;202200010262;795 722;A01;0;7;0;2;1;1;1;
15620;202200010262;795 724;B01;0;7;0;2;4;0;1;
15621;202200010263;795 718;A01;2;10;0;1;1;1;1;
15622;202200010264;795 716;B01;1;7;0;2;3;1;1;
15623;202200010264;795 719;C01;1;7;0;2;1;1;1;
15624;202200010264;795 720;D01;1;7;0;2;1;21;1;
15625;202200010264;795 721;Z01;1;7;0;0;4;14;1;
15626;202200010265;795 715;A01;0;7;0;2;8;9;1;
15627;202200010265;795 717;B01;0;2;0;2;2;1;1;
15628;202200010266;795 714;A01;1;7;5;0;1;1;1;
15629;202200010267;795 713;A01;3;7;0;0;0;26;1;
15630;202200010270;795 706;A01;3;7;0;1;2;1;1;
15631;202200010271;795 705;A01;1;10;0;1;4;0;1;
15632;202200010272;795 704;A01;1;7;0;1;4;26;1;
15633;202200010274;795 701;A01;1;7;0;1;1;1;1;
15634;202200010275;795 700;A01;1;7;0;1;1;9;1;
15635;202200010276;795 696;A01;2;1;0;2;1;2;5;
15636;202200010276;795 699;B01;1;7;0;2;4;1;1;
15637;202200010277;795 697;A01;1;10;0;1;7;15;1;
15638;202200010281;795 692;A01;3;10;0;1;1;15;1;
15639;202200010282;795 689;B01;0;10;0;2;1;2;1;
15640;202200010282;795 691;A01;0;7;0;2;4;2;1;
15641;202200010283;795 688;B01;2;2;0;2;1;1;1;
15642;202200010283;795 690;A01;2;7;0;2;3;15;1;
15643;202200010284;795 686;A01;2;7;0;2;3;9;1;
15644;202200010284;795 687;B01;2;33;0;2;1;15;1;
15645;202200010285;795 685;A01;1;7;0;9;1;6;1;
15646;202200010286;795 684;A01;3;1;0;1;1;1;5;
15647;202200010287;795 683;A01;3;35;6;0;1;13;1;
15648;202200010288;795 680;B01;3;1;0;2;4;2;5;
15649;202200010288;795 682;A01;3;7;0;2;1;2;1;
15650;202200010289;795 678;B01;-1;1;2;0;0;0;5;
15651;202200010289;795 681;A01;-1;7;2;2;3;15;1;
15652;202200010290;795 679;A01;3;7;0;1;2;1;1;
15653;202200010291;795 672;A01;1;7;0;2;1;2;1;
15654;202200010291;795 677;B01;1;7;0;2;4;2;1;
15655;202200010293;795 670;A01;3;7;0;9;1;9;1;
15656;202200010293;795 671;B01;3;1;0;2;7;1;5;
15657;202200010294;795 669;A01;1;7;0;2;3;13;1;
15658;202200010294;795 673;B01;2;30;0;2;1;1;1;
15659;202200010295;795 666;B01;1;7;0;2;5;0;1;
15660;202200010295;795 668;A01;1;30;0;2;1;3;1;
15661;202200010296;795 663;B01;1;33;0;2;1;1;1;
15662;202200010296;795 667;A01;2;7;0;2;2;15;1;
15663;202200010297;795 664;A01;1;7;0;2;1;16;1;
15664;202200010297;795 665;B01;1;17;0;2;1;9;1;
15665;202200010298;795 662;A01;1;7;0;1;2;20;1;
15666;202200010299;795 659;A01;1;1;0;2;7;5;5;
15667;202200010299;795 661;B01;2;7;0;2;1;1;1;
15668;202200010300;795 658;A01;1;7;0;2;1;16;1;
15669;202200010300;795 660;B01;3;50;0;2;1;1;3;
15670;202200010301;795 656;B01;2;34;0;2;4;0;0;
15671;202200010301;795 657;A01;2;34;0;2;1;2;1;
15672;202200010302;795 652;A01;1;7;0;2;1;1;1;
15673;202200010302;795 654;B01;1;7;0;0;4;1;1;
15674;202200010303;795 653;B01;3;31;0;2;1;1;1;
15675;202200010303;795 655;A01;3;7;0;2;1;5;1;
15676;202200010304;795 650;B01;1;7;0;2;6;1;1;
15677;202200010304;795 651;A01;2;7;13;2;3;13;1;
15678;202200010305;795 647;B01;3;7;0;2;8;15;1;
15679;202200010305;795 648;A01;3;32;0;2;1;17;1;
15680;202200010306;795 645;A01;2;1;0;2;1;1;5;
15681;202200010306;795 649;B01;0;7;0;2;2;16;1;
15682;202200010307;795 644;Z01;1;7;0;2;7;14;0;
15683;202200010307;795 646;B01;1;43;0;2;5;1;1;
15684;202200010308;795 642;B01;2;7;0;2;7;0;1;
15685;202200010308;795 643;A01;1;7;1;0;1;15;1;
15686;202200010309;795 635;D01;1;7;0;0;5;2;1;
15687;202200010309;795 637;C01;1;7;0;2;4;2;1;
15688;202200010309;795 639;B01;1;7;0;2;1;1;1;
15689;202200010309;795 641;A01;1;7;0;2;1;1;1;
15690;202200010310;795 636;WX01;0;7;0;2;2;26;1;
15691;202200010310;795 638;A01;3;7;0;2;1;16;1;
15692;202200010310;795 640;B01;3;1;0;2;8;19;0;
15693;202200010311;795 633;B01;1;15;3;2;3;1;1;
15694;202200010311;795 634;A01;1;7;0;2;1;13;1;
15695;202200010312;795 632;A01;3;7;0;1;1;1;1;
15696;202200010314;795 628;A01;2;10;0;1;2;21;1;
15697;202200010315;795 626;A01;2;7;0;2;2;12;1;
15698;202200010315;795 629;B01;2;43;0;2;3;3;1;
15699;202200010317;795 625;A01;3;7;2;0;1;1;1;
15700;202200010318;795 623;A01;3;7;0;1;2;9;1;
15701;202200010319;795 620;D01;2;7;0;2;7;2;1;
15702;202200010319;795 621;C01;2;7;0;2;7;2;1;
15703;202200010319;795 622;B01;2;7;4;2;6;2;1;
15704;202200010319;795 624;A01;2;10;4;2;2;11;1;
15705;202200010320;795 619;A01;2;7;0;1;0;15;1;
15706;202200010321;795 618;A01;1;7;0;1;1;0;1;
15707;202200010323;795 613;A01;3;7;1;0;4;24;1;
15708;202200010323;795 614;B01;3;7;1;0;3;1;1;
15709;202200010324;795 612;A01;1;2;0;2;7;19;1;
15710;202200010324;795 616;Z01;2;7;0;2;1;19;1;
15711;202200010325;795 610;A01;1;7;0;1;1;17;1;
15712;202200010326;795 608;B01;0;80;0;2;4;1;3;
15713;202200010326;795 611;A01;3;7;0;2;1;9;1;
15714;202200010327;795 607;A01;3;33;0;2;1;13;1;
15715;202200010327;795 609;B01;3;7;0;2;3;10;1;
15716;202200010329;795 603;B01;1;10;0;2;8;1;1;
15717;202200010329;795 605;A01;2;30;0;2;8;9;1;
15718;202200010330;795 601;A01;1;32;0;2;8;3;1;
15719;202200010330;795 602;B01;1;7;0;2;2;12;1;
15720;202200010331;795 599;A01;0;7;0;1;4;25;1;
15721;202200010332;795 598;A01;1;7;0;2;8;19;1;
15722;202200010332;795 600;B01;2;31;0;2;1;1;1;
15723;202200010333;795 597;A01;2;30;0;0;0;1;1;
15724;202200010334;795 594;A01;0;7;0;1;2;1;1;
15725;202200010335;795 593;A01;3;2;0;2;1;18;1;
15726;202200010335;795 596;B01;3;7;0;2;7;16;1;
15727;202200010337;795 589;B01;2;7;0;2;8;21;1;
15728;202200010337;795 591;A01;1;7;0;2;1;13;1;
15729;202200010338;795 588;A01;0;7;0;2;1;1;1;
15730;202200010338;795 590;B01;0;7;0;1;4;23;1;
15731;202200010339;795 587;A01;1;7;0;1;1;16;1;
15732;202200010340;795 586;A01;3;31;3;0;7;1;1;
15733;202200010342;795 583;B01;1;32;0;2;2;0;1;
15734;202200010342;795 584;A01;2;7;0;2;8;1;1;
15735;202200010343;795 581;A01;3;10;2;0;3;13;1;
15736;202200010344;795 580;A01;1;10;0;2;2;1;1;
15737;202200010344;795 582;B01;1;1;0;2;2;9;5;
15738;202200010345;795 579;A01;1;7;0;1;5;20;1;
15739;202200010346;795 574;A01;2;30;0;2;2;17;1;
15740;202200010346;795 577;B01;2;7;0;2;8;15;1;
15741;202200010347;795 573;A01;2;14;0;9;6;9;1;
15742;202200010347;795 575;B01;2;1;0;2;1;2;5;
15743;202200010348;795 569;A01;2;33;0;2;1;21;1;
15744;202200010348;795 571;B01;2;7;0;2;4;23;1;
15745;202200010349;795 568;A01;1;1;0;9;0;1;5;
15746;202200010350;795 566;A01;1;7;2;0;3;21;1;
15747;202200010351;795 561;A01;2;10;0;2;3;10;1;
15748;202200010351;795 564;B01;2;33;0;2;1;1;1;
15749;202200010352;795 559;C01;1;10;0;2;6;1;1;
15750;202200010352;795 560;B01;1;33;0;2;3;3;1;
15751;202200010352;795 562;A01;1;7;0;2;2;12;1;
15752;202200010353;795 558;A01;0;10;3;0;2;14;1;
15753;202200010354;795 557;A01;0;10;0;2;5;9;0;
15754;202200010355;795 551;B01;1;34;1;2;1;17;1;
15755;202200010355;795 554;A01;1;7;0;2;8;10;1;
15756;202200010356;795 550;A01;2;7;0;2;1;2;1;
15757;202200010356;795 553;B01;2;7;0;2;4;2;1;
15758;202200010356;795 555;C01;2;7;0;2;7;1;1;
15759;202200010357;795 549;A01;3;50;0;2;7;19;3;
15760;202200010357;795 552;B01;2;7;0;2;1;1;3;
15761;202200010358;795 544;B01;1;99;0;2;0;16;0;
15762;202200010358;795 546;A01;1;10;0;9;8;1;0;
15763;202200010360;795 542;B01;1;34;0;0;0;0;0;
15764;202200010360;795 545;C01;1;32;0;2;0;0;1;
15765;202200010360;795 547;D01;2;7;0;2;0;0;1;
15766;202200010360;795 548;A01;2;34;0;2;1;3;1;
15767;202200010361;795 538;A01;2;10;0;2;4;20;3;
15768;202200010361;795 540;B01;2;2;0;2;1;1;1;
15769;202200010362;795 539;A01;0;37;0;2;6;9;1;1.0
15770;202200010362;795 541;B01;0;1;0;2;7;1;5;
15771;202200010363;795 536;B01;1;7;9;2;2;1;1;
15772;202200010363;795 537;A01;1;7;0;2;1;15;1;
15773;202200010364;795 535;A01;3;10;0;1;4;4;1;
15774;202200010365;795 531;B01;1;1;0;2;0;0;5;
15775;202200010365;795 533;A01;1;7;0;2;2;14;0;
15776;202200010366;795 532;A01;0;7;0;2;1;1;1;
15777;202200010366;795 534;B01;0;1;0;2;3;1;5;
15778;202200010367;795 529;B01;1;7;0;2;5;1;1;
15779;202200010367;795 530;A01;1;30;0;2;1;1;3;
15780;202200010368;795 526;A01;0;7;0;2;3;10;1;
15781;202200010368;795 528;B01;0;32;0;2;2;3;1;
15782;202200010369;795 524;B01;1;7;0;2;3;15;1;
15783;202200010369;795 527;A01;1;1;0;2;2;1;5;
15784;202200010370;795 522;A01;3;7;8;0;3;1;1;
15785;202200010371;795 523;B01;1;2;0;2;2;1;1;
15786;202200010371;795 525;A01;1;33;0;2;8;9;1;
15787;202200010372;795 521;A01;3;1;0;1;1;1;5;
15788;202200010373;795 520;A01;3;30;0;1;1;17;1;
15789;202200010375;795 517;Z01;2;0;0;1;8;15;0;
15790;202200010377;795 514;A01;1;7;0;2;1;14;1;
15791;202200010377;795 516;B01;1;1;0;2;7;1;5;
15792;202200010378;795 513;A01;3;7;0;1;2;16;1;
15793;202200010379;795 512;A01;1;7;1;0;2;14;3;
15794;202200010381;795 506;C01;1;7;0;2;4;0;1;
15795;202200010381;795 508;B01;1;99;0;2;6;0;1;
15796;202200010381;795 510;A01;1;7;0;2;1;2;1;
15797;202200010382;795 504;B01;2;10;0;2;4;23;1;
15798;202200010382;795 505;C01;2;7;0;2;4;23;1;
15799;202200010382;795 507;A01;2;7;0;2;1;1;1;
15800;202200010383;795 500;A01;1;32;0;2;2;12;1;
15801;202200010383;795 502;B01;1;10;0;0;6;1;1;
15802;202200010384;795 501;A01;1;7;0;2;3;2;1;
15803;202200010384;795 503;B01;2;32;0;2;2;15;1;
15804;202200010385;795 497;A01;3;37;0;0;7;1;1;1.0
15805;202200010386;795 498;A01;2;43;12;2;8;21;1;
15806;202200010386;795 499;Z01;2;7;0;2;0;18;0;
15807;202200010387;795 496;A01;1;1;0;1;1;19;5;
15808;202200010388;795 493;A01;1;30;0;2;5;14;1;
15809;202200010388;795 495;B01;1;10;0;2;3;1;1;
15810;202200010389;795 492;B01;2;32;0;2;0;1;1;
15811;202200010389;795 494;A01;2;30;0;2;5;16;0;
15812;202200010390;795 488;A01;1;10;0;2;7;16;1;
15813;202200010390;795 490;B01;1;50;0;2;3;1;3;
15814;202200010391;795 487;C01;2;7;4;2;4;1;1;
15815;202200010391;795 489;B01;2;10;0;2;1;1;1;
15816;202200010391;795 491;A01;2;7;0;2;9;1;1;
15817;202200010392;795 485;B01;1;7;0;2;6;10;3;
15818;202200010392;795 486;A01;2;50;0;2;1;17;3;
15819;202200010393;795 483;A01;1;7;0;1;1;1;1;
15820;202200010394;795 481;A01;1;30;0;0;0;1;0;
15821;202200010394;795 484;B01;1;7;0;0;2;16;1;
15822;202200010396;795 479;A01;1;37;0;1;2;7;1;1.0
15823;202200010397;795 478;A01;1;7;0;1;1;1;1;
15824;202200010398;795 476;B01;2;2;0;2;0;1;3;
15825;202200010398;795 477;Z01;2;7;0;2;0;22;0;
15826;202200010399;795 472;A01;2;7;0;2;1;2;1;
15827;202200010399;795 475;B01;2;7;0;1;4;23;1;
15828;202200010400;795 470;B01;1;7;0;2;3;1;1;
15829;202200010400;795 473;A01;1;7;1;2;2;1;1;
15830;202200010401;795 471;B01;3;32;0;2;5;1;1;
15831;202200010401;795 474;A01;3;7;0;2;3;9;1;
15832;202200010402;795 469;A01;2;1;0;0;0;21;5;
15833;202200010403;795 468;A01;2;30;0;1;1;1;3;
15834;202200010404;795 467;A01;3;15;0;1;1;1;1;
15835;202200010405;795 466;A01;1;30;0;1;1;1;3;
15836;202200010406;795 465;A01;2;7;0;1;1;1;1;
15837;202200010407;795 463;A01;2;33;0;0;0;17;1;
15838;202200010408;795 461;B01;1;10;0;2;3;1;1;
15839;202200010408;795 462;A01;2;7;0;2;3;13;0;
15840;202200010409;795 458;B01;1;7;0;2;3;1;1;
15841;202200010409;795 459;A01;2;7;0;2;3;13;1;
15842;202200010410;795 457;B01;1;7;0;2;8;1;1;
15843;202200010410;795 460;A01;1;7;0;2;1;1;1;
15844;202200010411;795 464;A01;1;7;0;1;3;15;1;
15845;202200010412;795 453;A01;1;7;0;2;1;2;1;
15846;202200010412;795 455;B01;1;7;0;2;4;2;1;
15847;202200010413;795 451;D01;1;7;0;2;1;2;1;
15848;202200010413;795 452;C01;1;7;0;2;1;2;1;
15849;202200010413;795 454;B01;1;7;0;2;1;2;1;
15850;202200010413;795 456;A01;1;7;0;0;4;1;1;
15851;202200010414;795 447;C01;1;43;0;2;1;17;1;
15852;202200010414;795 449;A01;1;7;0;2;3;10;1;
15853;202200010414;795 450;B01;1;33;0;2;1;17;1;
15854;202200010415;795 446;A01;1;7;0;0;1;15;1;
15855;202200010415;795 448;B01;1;33;0;2;1;1;1;
15856;202200010416;795 445;A01;1;32;0;0;0;2;1;
15857;202200010417;795 443;A01;0;7;0;2;5;19;1;
15858;202200010417;795 444;B01;1;7;0;2;1;1;1;
15859;202200010418;795 442;A01;1;10;8;0;1;2;1;
15860;202200010419;795 439;B01;1;7;0;0;4;1;1;
15861;202200010419;795 440;A01;1;30;0;2;1;1;1;
15862;202200010421;795 436;A01;2;7;0;9;1;1;1;
15863;202200010422;795 435;A01;1;7;0;1;2;1;1;
15864;202200010423;795 433;B01;3;7;0;2;8;15;1;
15865;202200010423;795 434;A01;3;34;0;2;1;1;1;
15866;202200010424;795 431;A01;1;7;0;2;8;0;1;
15867;202200010424;795 432;B01;2;7;0;2;8;0;1;
15868;202200010425;795 429;A01;3;40;0;2;1;1;3;
15869;202200010425;795 430;B01;3;7;0;4;3;1;2;
15870;202200010427;795 426;A01;2;7;0;1;2;1;1;
15871;202200010428;795 425;B01;2;2;0;0;0;26;3;
15872;202200010428;795 427;A01;2;7;0;2;7;13;1;
15873;202200010429;795 424;A01;2;7;2;0;1;1;1;
15874;202200010430;795 423;A01;2;7;0;1;2;2;1;
15875;202200010431;795 422;A01;2;38;0;1;2;1;0;1.0
15876;202200010432;795 421;A01;0;2;0;0;3;1;1;
15877;202200010434;795 416;A01;2;7;0;1;1;1;1;
15878;202200010435;795 414;A01;1;7;0;2;1;15;1;
15879;202200010435;795 415;B01;2;7;0;2;3;1;1;
15880;202200010436;795 412;A01;2;7;0;2;2;15;1;
15881;202200010436;795 413;B01;1;2;0;2;1;1;1;
15882;202200010437;795 410;A01;1;7;0;0;8;17;1;
15883;202200010437;795 411;B01;1;1;0;2;1;1;5;
15884;202200010438;795 409;A01;1;1;0;0;0;0;5;
15885;202200010439;795 408;A01;3;7;2;0;1;21;1;
15886;202200010440;795 407;A01;3;32;0;1;1;1;1;
15887;202200010441;795 406;A01;3;15;15;0;1;24;1;
15888;202200010442;795 404;A01;1;7;2;0;3;1;1;
15889;202200010443;795 403;B01;2;32;0;2;1;1;1;
15890;202200010443;795 405;A01;2;7;0;2;2;3;1;
15891;202200010444;795 401;A01;2;7;0;2;1;13;1;
15892;202200010444;795 402;B01;1;7;0;2;1;1;1;
15893;202200010445;795 399;B01;2;7;0;9;2;1;1;
15894;202200010445;795 400;A01;1;50;0;2;2;5;3;
15895;202200010446;795 397;B01;2;7;0;2;0;1;1;
15896;202200010446;795 398;A01;2;7;0;2;2;14;1;
15897;202200010447;795 395;B01;1;10;16;2;2;1;1;
15898;202200010447;795 396;A01;1;7;13;2;3;9;1;
15899;202200010448;795 394;A01;3;7;0;1;2;17;1;
15900;202200010449;795 390;B01;1;7;0;0;1;1;1;
15901;202200010449;795 393;A01;2;30;0;0;8;19;1;
15902;202200010450;795 391;A01;1;10;0;2;2;14;1;
15903;202200010450;795 392;B01;1;15;0;2;6;1;1;
15904;202200010451;795 388;A01;3;33;12;0;8;1;0;
15905;202200010452;795 387;A01;1;7;0;2;8;16;1;