;Num_Acc;id_vehicule;num_veh;senc;catv;obs;obsm;choc;manv;motor;occutc
15906;202200010452;795 389;B01;2;7;0;2;1;1;1;
15907;202200010453;795 384;B01;2;7;0;2;1;1;1;
15908;202200010453;795 386;A01;2;33;0;2;8;1;1;
15909;202200010455;795 382;A01;0;15;0;0;1;0;1;
15910;202200010456;795 380;B01;1;7;0;2;3;15;1;
15911;202200010456;795 381;A01;1;7;0;2;1;5;1;
15912;202200010458;795 376;A01;1;33;0;2;1;1;1;
15913;202200010458;795 377;B01;2;7;0;2;1;13;1;
15914;202200010459;795 374;A01;1;33;0;2;1;17;1;
15915;202200010459;795 375;B01;2;7;0;2;3;1;1;
15916;202200010461;795 371;B01;2;7;0;2;3;1;1;
15917;202200010461;795 372;A01;1;33;0;2;1;13;1;
15918;202200010462;795 370;A01;3;7;0;1;2;9;1;
15919;202200010463;795 367;B01;2;33;0;2;1;1;1;
15920;202200010463;795 369;A01;2;7;0;2;3;15;1;
15921;202200010464;795 366;B01;1;7;0;2;1;1;1;
15922;202200010464;795 368;A01;2;7;0;2;3;17;1;
15923;202200010465;795 362;A01;3;7;6;2;2;1;0;
15924;202200010465;795 364;B01;3;7;0;2;1;1;2;
15925;202200010466;795 363;A01;3;17;0;0;3;22;1;
15926;202200010466;795 365;B01;3;1;1;0;1;17;5;
15927;202200010467;795 359;B01;2;15;0;0;8;1;1;
15928;202200010467;795 361;A01;2;7;4;2;3;17;1;
15929;202200010468;795 358;A01;2;36;6;0;1;1;1;
15930;202200010469;795 357;A01;1;33;2;0;0;1;1;
15931;202200010470;795 355;A01;2;7;0;1;2;1;1;
15932;202200010471;795 354;B01;1;34;0;2;1;1;1;
15933;202200010471;795 356;A01;2;7;0;0;3;15;1;
15934;202200010472;795 353;A01;2;7;0;1;1;2;1;
15935;202200010473;795 350;C01;2;10;0;2;3;1;1;
15936;202200010473;795 351;B01;1;10;0;2;3;1;1;
15937;202200010473;795 352;A01;2;7;0;2;3;5;3;
15938;202200010474;795 346;B01;0;7;0;2;1;0;1;
15939;202200010474;795 349;A01;0;7;0;2;5;26;1;
15940;202200010475;795 347;B01;2;7;0;2;1;13;1;
15941;202200010475;795 348;A01;1;7;0;2;1;1;1;
15942;202200010476;795 344;A01;0;7;0;1;1;23;1;
15943;202200010477;795 343;A01;2;7;0;2;3;13;1;
15944;202200010477;795 345;B01;1;7;1;2;3;1;1;
15945;202200010478;795 341;A01;1;7;0;2;4;1;1;
15946;202200010478;795 342;B01;1;7;0;2;1;1;1;
15947;202200010479;795 339;B01;1;1;0;2;1;2;5;
15948;202200010479;795 340;A01;2;7;0;2;3;9;1;
15949;202200010480;795 337;A01;1;7;0;2;1;2;1;
15950;202200010480;795 338;B01;1;7;0;2;4;2;1;
15951;202200010481;795 335;A01;2;7;2;0;1;1;1;
15952;202200010482;795 332;A01;1;7;0;2;1;1;1;
15953;202200010482;795 333;B01;1;7;0;0;4;23;1;
15954;202200010482;795 334;C01;1;7;0;0;4;23;1;
15955;202200010482;795 336;D01;1;7;0;0;4;23;1;
15956;202200010483;795 330;B01;2;7;0;2;4;2;1;
15957;202200010483;795 331;A01;2;33;0;2;1;2;1;
15958;202200010484;795 329;A01;2;80;12;0;0;1;3;
15959;202200010485;795 327;B01;1;7;0;2;2;1;1;
15960;202200010485;795 328;A01;1;7;0;2;8;9;1;
15961;202200010486;795 326;A01;3;7;2;0;3;26;1;
15962;202200010487;795 324;B01;1;7;0;2;1;2;1;
15963;202200010487;795 325;A01;1;7;0;2;4;2;1;
15964;202200010488;795 322;B01;1;7;0;2;4;1;1;
15965;202200010488;795 323;A01;1;7;0;2;1;26;1;
15966;202200010489;795 321;A01;1;7;1;0;2;1;1;
15967;202200010490;795 319;A01;2;7;0;2;1;0;1;
15968;202200010490;795 320;B01;2;7;0;2;6;0;1;
15969;202200010491;795 316;B01;1;33;0;2;1;2;1;
15970;202200010491;795 318;A01;1;7;0;2;2;2;1;
15971;202200010493;795 315;A01;2;10;5;0;1;14;3;
15972;202200010494;795 312;B01;1;1;0;2;1;5;5;
15973;202200010494;795 314;A01;2;7;0;0;2;1;1;
15974;202200010495;795 311;A01;2;33;0;2;1;3;1;
15975;202200010495;795 313;B01;2;7;0;2;4;13;1;
15976;202200010496;795 310;A01;2;7;6;0;1;1;1;
15977;202200010497;795 309;A01;2;17;1;0;2;1;1;
15978;202200010498;795 307;B01;1;7;0;2;1;1;1;
15979;202200010498;795 308;A01;2;7;0;2;1;1;1;
15980;202200010499;795 303;A01;2;10;0;2;4;23;1;
15981;202200010499;795 305;B01;2;7;0;2;1;1;2;
15982;202200010499;795 306;C01;2;7;0;2;1;1;2;
15983;202200010500;795 302;B01;0;7;0;2;3;0;1;
15984;202200010500;795 304;A01;3;7;0;2;3;0;1;
15985;202200010501;795 299;A01;1;7;0;2;1;1;1;
15986;202200010501;795 301;B01;1;7;0;2;4;2;1;
15987;202200010502;795 298;B01;2;7;0;2;3;26;1;
15988;202200010502;795 300;A01;1;33;0;2;1;1;1;
15989;202200010503;795 297;A01;1;32;0;0;0;1;1;
15990;202200010504;795 296;A01;3;36;13;0;2;15;1;
15991;202200010505;795 292;A01;2;33;1;2;1;1;1;
15992;202200010505;795 293;C01;2;7;0;2;5;2;1;
15993;202200010505;795 294;B01;2;7;0;2;4;2;1;
15994;202200010506;795 291;A01;1;7;0;2;3;2;1;
15995;202200010506;795 295;B01;1;33;0;2;5;16;1;
15996;202200010507;795 288;A01;2;33;0;2;1;2;1;
15997;202200010507;795 290;B01;2;7;1;0;4;2;1;
15998;202200010508;795 286;A01;1;7;2;0;3;1;1;
15999;202200010509;795 287;A01;1;7;0;2;1;2;1;
16000;202200010509;795 289;B01;1;7;0;2;4;2;1;
16001;202200010510;795 283;A01;1;7;0;2;3;1;1;
16002;202200010510;795 284;B01;1;7;0;2;3;1;1;
16003;202200010510;795 285;C01;2;33;0;2;3;17;1;
16004;202200010511;795 281;A01;1;7;0;2;2;9;1;
16005;202200010511;795 282;B01;2;31;0;2;1;2;1;
16006;202200010512;795 279;B01;1;7;0;2;8;10;1;
16007;202200010512;795 280;A01;1;7;0;2;1;2;1;
16008;202200010513;795 276;A01;2;7;0;2;1;13;1;
16009;202200010513;795 277;B01;1;7;0;2;1;1;1;
16010;202200010514;795 275;A01;1;7;2;0;1;1;1;
16011;202200010515;795 274;A01;1;10;17;0;9;1;1;
16012;202200010516;795 272;B01;1;15;0;0;2;1;1;
16013;202200010516;795 273;A01;2;7;0;2;2;5;1;
16014;202200010517;795 270;B01;2;31;0;2;1;1;1;
16015;202200010517;795 271;A01;1;99;0;2;5;15;1;
16016;202200010518;795 268;B01;3;1;0;2;8;15;5;
16017;202200010518;795 269;A01;3;7;0;9;1;1;1;
16018;202200010519;795 266;B01;1;31;15;2;1;1;1;
16019;202200010519;795 267;A01;2;10;0;2;3;15;1;
16020;202200010520;795 264;B01;3;21;0;2;8;1;1;
16021;202200010520;795 265;A01;3;33;0;2;1;1;1;
16022;202200010521;795 262;B01;2;7;0;0;3;16;1;
16023;202200010521;795 263;A01;2;33;0;2;2;2;1;
16024;202200010522;795 261;A01;1;10;11;0;3;5;1;
16025;202200010523;795 259;A01;1;7;0;2;3;5;1;
16026;202200010523;795 260;B01;2;10;0;2;3;1;1;
16027;202200010524;795 257;A01;2;7;0;0;1;2;1;
16028;202200010524;795 258;B01;2;7;0;2;4;2;1;
16029;202200010525;795 255;B01;1;32;0;2;1;17;1;
16030;202200010525;795 256;A01;1;2;0;2;1;1;1;
16031;202200010526;795 254;A01;3;2;0;0;8;1;1;
16032;202200010527;795 253;A01;2;32;14;0;8;2;1;
16033;202200010528;795 251;A01;2;7;0;2;1;2;1;
16034;202200010528;795 252;B01;2;17;0;2;4;23;1;
16035;202200010529;795 247;A01;1;7;0;2;1;1;1;
16036;202200010529;795 248;B01;1;7;0;2;1;0;1;
16037;202200010529;795 249;C01;1;7;0;0;4;1;1;
16038;202200010529;795 250;D01;1;7;0;0;8;1;1;
16039;202200010530;795 246;A01;2;33;4;0;3;2;1;
16040;202200010531;795 244;B01;2;7;0;2;8;15;1;
16041;202200010531;795 245;A01;2;7;0;2;1;17;1;
16042;202200010532;795 241;A01;1;7;0;2;2;15;1;
16043;202200010532;795 242;B01;1;7;0;2;9;1;1;
16044;202200010532;795 243;C01;1;15;0;2;2;23;1;
16045;202200010533;795 239;A01;1;7;0;0;4;23;1;
16046;202200010533;795 240;B01;1;7;0;2;1;1;1;
16047;202200010534;795 237;A01;2;33;0;2;2;17;1;
16048;202200010534;795 238;B01;3;7;13;2;8;15;1;
16049;202200010535;795 236;A01;2;43;13;0;1;1;1;
16050;202200010537;795 232;A01;2;7;0;2;1;19;1;
16051;202200010537;795 233;B01;1;7;0;2;1;1;1;
16052;202200010538;795 231;A01;1;7;8;0;0;14;1;
16053;202200010539;795 230;A01;1;1;16;0;9;1;5;
16054;202200010540;795 229;A01;1;10;2;0;1;0;1;
16055;202200010542;795 225;B01;1;80;0;2;3;1;3;
16056;202200010542;795 226;A01;1;7;0;2;7;2;1;
16057;202200010544;795 222;A01;2;33;3;0;1;0;1;
16058;202200010545;795 221;A01;1;7;0;1;2;1;1;
16059;202200010546;795 220;A01;1;31;0;6;1;0;1;
16060;202200010547;795 219;A01;2;7;4;0;8;13;1;
16061;202200010549;795 217;A01;2;2;0;0;1;13;1;
16062;202200010550;795 216;A01;3;7;0;1;1;23;1;
16063;202200010551;795 214;B01;3;1;0;2;1;1;5;
16064;202200010551;795 215;A01;3;99;0;2;8;1;1;
16065;202200010552;795 212;B01;3;14;0;2;4;4;1;
16066;202200010552;795 213;A01;3;7;0;2;3;1;1;
16067;202200010553;795 209;B01;0;7;0;2;1;1;1;
16068;202200010553;795 210;A01;0;2;0;2;3;19;1;
16069;202200010554;795 208;A01;2;7;13;0;1;13;1;
16070;202200010555;795 207;A01;1;1;0;0;0;1;5;
16071;202200010556;795 206;A01;2;7;14;0;3;1;1;
16072;202200010558;795 203;B01;2;15;0;0;7;15;1;
16073;202200010558;795 204;A01;1;7;7;2;1;1;1;
16074;202200010559;795 201;B01;0;33;0;2;8;26;1;
16075;202200010559;795 202;A01;0;7;0;2;1;0;1;
16076;202200010560;795 199;A01;1;10;0;2;3;2;1;
16077;202200010560;795 200;B01;1;21;0;2;6;15;1;
16078;202200010561;795 197;B01;2;7;0;2;5;23;1;
16079;202200010561;795 198;A01;1;7;0;2;2;1;1;
16080;202200010562;795 195;B01;1;33;0;2;1;1;1;
16081;202200010562;795 196;A01;2;7;0;2;2;15;1;
16082;202200010563;795 194;A01;0;2;8;0;1;0;1;
16083;202200010564;795 193;A01;2;7;13;1;3;14;1;
16084;202200010565;795 192;A01;3;7;13;0;2;1;1;
16085;202200010566;795 191;A01;2;7;0;0;0;1;1;
16086;202200010567;795 190;A01;1;2;16;0;0;0;1;
16087;202200010568;795 188;A01;2;7;0;2;2;2;1;
16088;202200010568;795 189;B01;2;30;0;2;4;2;1;
16089;202200010569;795 187;A01;2;7;13;0;1;14;1;
16090;202200010570;795 185;B01;1;10;0;2;3;17;1;
16091;202200010570;795 186;A01;2;1;0;2;1;1;5;
16092;202200010571;795 184;A01;1;7;3;0;1;14;1;
16093;202200010572;795 182;A01;0;34;0;2;1;17;1;
16094;202200010572;795 183;B01;0;7;0;2;3;1;1;
16095;202200010574;795 178;B01;2;7;0;2;2;1;1;
16096;202200010574;795 179;A01;1;7;0;2;8;19;1;
16097;202200010575;795 177;A01;1;7;0;1;1;1;1;
16098;202200010576;795 176;A01;1;7;0;1;1;9;1;
16099;202200010577;795 175;A01;2;13;13;0;2;1;1;
16100;202200010578;795 173;A01;0;33;15;0;1;0;1;
16101;202200010579;795 171;A01;1;10;1;0;2;1;1;
16102;202200010579;795 172;B01;1;10;0;0;6;23;1;
16103;202200010580;795 170;A01;2;7;4;0;2;1;1;
16104;202200010581;795 168;A01;1;10;0;2;3;1;1;
16105;202200010581;795 169;B01;1;7;0;0;5;1;1;
16106;202200010582;795 166;B01;1;7;0;0;5;1;1;
16107;202200010582;795 167;A01;1;31;0;2;3;1;1;
16108;202200010583;795 165;A01;2;36;0;0;0;26;1;
16109;202200010584;795 163;B01;1;7;0;9;6;15;1;
16110;202200010584;795 164;A01;2;2;0;2;1;1;1;
16111;202200010586;795 160;A01;2;33;11;0;1;1;1;
16112;202200010587;795 158;A01;2;10;6;2;3;1;1;
16113;202200010587;795 159;B01;1;7;0;2;3;1;2;
16114;202200010588;795 155;A01;2;7;3;2;3;5;1;
16115;202200010588;795 156;B01;1;7;3;2;3;1;1;
16116;202200010588;795 157;C01;2;7;3;2;1;1;1;
16117;202200010589;795 153;B01;1;1;0;0;4;2;5;
16118;202200010589;795 154;A01;1;13;0;2;2;2;0;
16119;202200010590;795 152;A01;2;7;15;0;0;0;1;
16120;202200010591;795 150;B01;1;1;0;2;8;15;5;
16121;202200010591;795 151;A01;1;7;0;2;7;17;1;
16122;202200010592;795 148;B01;2;1;0;2;7;21;5;
16123;202200010592;795 149;A01;1;7;0;2;3;23;0;
16124;202200010593;795 147;A01;0;7;0;1;1;1;1;
16125;202200010595;795 144;B01;3;7;9;2;6;16;1;
16126;202200010595;795 145;A01;3;7;1;2;3;1;2;
16127;202200010596;795 142;B01;1;31;0;2;1;1;0;
16128;202200010596;795 143;A01;1;2;0;2;6;15;1;
16129;202200010597;795 140;A01;1;7;0;2;1;10;1;
16130;202200010597;795 141;B01;1;33;12;2;2;1;1;
16131;202200010598;795 138;B01;1;7;0;2;1;17;1;
16132;202200010598;795 139;A01;1;21;0;2;4;15;1;
16133;202200010599;795 137;A01;0;7;0;1;1;15;1;
16134;202200010600;795 134;A01;3;7;0;2;3;5;1;
16135;202200010600;795 135;B01;3;7;0;2;3;2;1;
16136;202200010600;795 136;C01;3;15;0;2;2;1;1;
16137;202200010601;795 132;A01;1;2;0;2;1;2;1;
16138;202200010601;795 133;B01;1;7;0;0;4;1;1;
16139;202200010602;795 131;A01;1;33;13;0;1;1;1;
16140;202200010603;795 130;A01;1;7;4;0;3;0;1;
16141;202200010604;795 129;A01;2;10;0;1;3;1;1;
16142;202200010606;795 124;A01;2;7;0;2;1;1;1;
16143;202200010606;795 125;B01;2;7;0;2;4;1;1;
16144;202200010607;795 122;A01;1;7;0;2;1;2;1;
16145;202200010607;795 123;B01;1;7;0;2;4;1;3;
16146;202200010609;795 120;A01;1;7;6;0;8;1;1;
16147;202200010610;795 118;A01;1;7;0;2;1;1;1;
16148;202200010610;795 119;B01;1;7;0;2;4;2;1;
16149;202200010611;795 117;A01;1;7;4;0;3;1;1;
16150;202200010612;795 115;B01;2;7;0;2;4;1;0;
16151;202200010612;795 116;A01;2;33;0;2;1;2;1;
16152;202200010613;795 114;A01;1;33;0;0;7;16;1;
16153;202200010614;795 110;D01;2;7;0;2;5;23;1;
16154;202200010614;795 111;C01;2;7;0;2;7;23;1;
16155;202200010614;795 112;B01;2;33;0;2;1;3;1;
16156;202200010614;795 113;A01;2;7;0;2;3;11;1;
16157;202200010615;795 098;B01;3;33;16;2;7;0;1;
16158;202200010615;795 099;A01;3;1;12;2;7;2;5;
16159;202200010616;795 097;A01;2;30;0;1;1;1;0;
16160;202200010617;795 095;B01;2;7;0;2;3;0;1;
16161;202200010617;795 096;A01;1;30;0;2;5;0;1;
16162;202200010618;795 092;A01;1;7;0;2;1;1;1;
16163;202200010618;795 093;B01;1;7;0;2;4;1;1;
16164;202200010618;795 094;C01;1;7;0;2;4;1;0;
16165;202200010619;795 091;A01;1;34;0;0;0;0;1;
16166;202200010620;795 090;A01;2;7;1;0;1;14;1;
16167;202200010621;795 089;A01;2;33;14;0;8;15;1;
16168;202200010622;795 087;B01;1;7;0;2;5;1;2;
16169;202200010622;795 088;A01;1;7;0;2;1;1;1;
16170;202200010624;795 083;A01;1;7;0;2;4;1;1;
16171;202200010624;795 084;B01;1;13;0;2;1;1;1;
16172;202200010625;795 082;A01;2;7;8;0;1;14;1;
16173;202200010626;795 080;A01;1;7;0;2;1;2;1;
16174;202200010626;795 081;B01;1;7;0;2;4;2;1;
16175;202200010627;795 078;A01;3;7;0;1;4;20;1;
16176;202200010628;795 076;A01;2;7;0;2;1;15;1;
16177;202200010628;795 077;B01;1;33;0;2;4;2;1;
16178;202200010629;795 074;A01;3;7;0;2;3;15;1;
16179;202200010629;795 075;B01;3;30;0;2;1;1;1;
16180;202200010631;795 070;B01;1;33;0;2;1;1;1;
16181;202200010631;795 071;A01;2;7;0;2;7;15;1;
16182;202200010633;795 067;B01;2;1;12;0;4;2;5;
16183;202200010633;795 068;A01;2;7;12;0;1;2;1;
16184;202200010634;795 065;A01;1;10;0;1;3;15;1;
16185;202200010637;795 060;A01;1;7;0;1;1;1;1;
16186;202200010638;795 059;A01;1;7;1;0;1;13;1;
16187;202200010639;795 057;B01;1;1;0;2;1;15;5;
16188;202200010639;795 058;A01;1;7;0;2;7;16;1;
16189;202200010641;795 054;A01;2;7;17;0;9;17;1;
16190;202200010642;795 052;A01;1;33;0;2;8;18;1;
16191;202200010642;795 053;B01;1;7;0;2;7;16;1;
16192;202200010643;795 050;B01;3;1;0;2;1;1;5;
16193;202200010643;795 051;A01;3;7;0;2;4;4;1;
16194;202200010644;795 048;B01;1;7;0;2;4;23;0;
16195;202200010644;795 049;A01;3;80;0;2;1;1;3;
16196;202200010646;795 043;B01;2;7;0;2;6;9;1;
16197;202200010646;795 044;A01;2;7;0;2;3;13;1;
16198;202200010647;795 042;A01;3;7;13;0;0;2;1;
16199;202200010648;795 041;Z01;3;0;0;1;2;26;0;
16200;202200010649;795 040;A01;1;3;14;0;3;15;0;
16201;202200010651;795 036;B01;2;7;0;2;4;1;1;
16202;202200010651;795 037;A01;2;10;0;2;1;1;1;
16203;202200010652;795 033;C01;1;17;0;2;6;2;1;
16204;202200010652;795 034;B01;1;7;0;2;4;2;1;
16205;202200010652;795 035;A01;1;7;0;2;1;2;1;
16206;202200010653;795 031;B01;2;32;0;2;3;1;1;
16207;202200010653;795 032;A01;1;10;0;2;3;13;1;
16208;202200010654;795 029;B01;1;7;0;2;1;15;1;
16209;202200010654;795 030;A01;2;7;0;2;8;1;1;
16210;202200010655;795 027;A01;2;15;0;2;1;16;1;
16211;202200010655;795 028;B01;2;1;0;2;8;1;5;
16212;202200010656;795 025;B01;1;7;0;1;6;2;2;
16213;202200010656;795 026;A01;1;7;0;2;1;2;2;
16214;202200010657;795 022;C01;2;34;0;2;4;2;1;
16215;202200010657;795 023;B01;2;33;0;2;5;2;1;
16216;202200010657;795 024;A01;2;33;0;2;3;13;1;
16217;202200010658;795 021;A01;1;43;0;0;2;1;1;
16218;202200010659;795 020;A01;2;33;4;0;3;14;1;
16219;202200010660;795 017;A01;2;34;0;2;4;1;1;
16220;202200010660;795 018;C01;2;7;0;2;2;1;1;
16221;202200010660;795 019;B01;2;7;0;2;8;11;1;
16222;202200010661;795 016;A01;1;32;1;2;7;21;1;
16223;202200010662;795 015;A01;2;1;12;0;1;14;5;
16224;202200010663;795 014;A01;3;7;9;0;1;1;1;
16225;202200010664;795 012;A01;1;7;0;2;5;22;3;
16226;202200010664;795 013;B01;1;1;1;0;0;1;5;
16227;202200010665;795 010;B01;1;99;16;2;1;1;3;
16228;202200010665;795 011;A01;2;10;16;0;5;15;3;
16229;202200010666;795 008;A01;1;7;0;2;2;2;2;
16230;202200010666;795 009;B01;0;2;0;0;0;0;0;
16231;202200010667;795 007;A01;1;37;0;1;3;1;1;1.0
16232;202200010668;795 005;B01;2;7;0;2;3;1;1;
16233;202200010668;795 006;A01;0;10;0;2;2;19;1;
16234;202200010669;795 003;A01;0;7;0;2;0;0;0;
16235;202200010669;795 004;B01;0;34;0;2;0;0;0;
16236;202200010670;795 001;B01;1;99;0;2;3;1;0;
16237;202200010670;795 002;A01;1;10;0;9;7;16;1;
16238;202200010671;795 000;A01;1;7;0;1;2;16;2;
16239;202200010672;794 998;A01;2;7;0;2;1;1;0;
16240;202200010672;794 999;B01;1;30;0;2;1;1;1;
16241;202200010674;794 994;B01;2;7;0;2;3;1;1;
16242;202200010674;794 995;A01;1;33;0;2;3;17;1;
16243;202200010675;794 992;B01;1;1;0;2;8;15;5;
16244;202200010675;794 993;A01;2;7;0;9;2;0;1;
16245;202200010676;794 990;A01;2;7;0;2;2;2;1;
16246;202200010676;794 991;B01;2;7;3;0;6;2;1;
16247;202200010677;794 988;A01;1;7;3;2;3;18;1;
16248;202200010677;794 989;B01;1;7;0;2;2;12;1;
16249;202200010678;794 986;A01;1;7;6;0;8;13;1;
16250;202200010679;794 983;A01;2;15;0;0;1;1;1;
16251;202200010679;794 984;B01;1;7;0;0;1;1;1;
16252;202200010680;794 985;B01;1;7;0;2;3;15;1;
16253;202200010680;794 987;A01;2;10;0;2;1;1;0;
16254;202200010681;794 981;A01;1;10;0;2;3;0;1;
16255;202200010681;794 982;B01;2;7;3;2;1;0;1;
16256;202200010682;794 979;B01;1;31;0;2;7;1;1;
16257;202200010682;794 980;A01;3;7;0;2;1;19;1;
16258;202200010684;794 976;B01;1;31;0;2;1;1;1;
16259;202200010684;794 977;A01;2;7;0;2;3;15;1;
16260;202200010685;794 974;A01;2;17;13;0;1;2;1;
16261;202200010686;794 971;B01;2;7;2;0;2;1;1;
16262;202200010686;794 972;A01;2;7;2;2;0;17;1;
16263;202200010687;794 967;C01;2;7;0;2;4;15;1;
16264;202200010687;794 968;B01;2;33;0;2;4;1;1;
16265;202200010687;794 969;A01;2;33;0;2;1;1;1;
16266;202200010688;794 965;A01;1;7;0;2;3;17;1;
16267;202200010688;794 966;B01;2;7;0;2;3;1;2;
16268;202200010688;794 970;C01;1;10;0;2;8;1;1;
16269;202200010688;794 973;D01;2;7;0;2;3;1;1;
16270;202200010688;794 975;E01;2;7;0;2;1;1;1;
16271;202200010689;794 962;C01;1;7;0;2;4;2;1;
16272;202200010689;794 963;B01;1;33;0;2;9;2;1;
16273;202200010689;794 964;A01;1;7;0;2;1;2;1;
16274;202200010690;794 960;A01;2;7;3;0;1;1;1;
16275;202200010691;794 959;A01;1;2;0;2;1;1;1;
16276;202200010691;794 961;B01;1;1;0;2;6;15;5;
16277;202200010692;794 957;A01;2;14;0;0;8;1;1;
16278;202200010693;794 955;A01;1;7;0;2;5;11;1;
16279;202200010693;794 956;B01;1;33;0;2;1;1;1;
16280;202200010693;794 958;C01;2;7;0;2;1;1;3;
16281;202200010694;794 953;A01;3;10;0;1;7;14;1;
16282;202200010695;794 952;A01;2;7;0;1;4;23;1;
16283;202200010695;794 954;B01;2;7;1;2;1;2;1;
16284;202200010696;794 948;B01;2;10;0;2;3;1;1;
16285;202200010696;794 950;A01;1;7;0;2;3;13;1;
16286;202200010697;794 949;A01;0;1;0;2;8;0;5;
16287;202200010697;794 951;B01;0;37;0;2;7;1;1;1.0
16288;202200010698;794 946;A01;1;7;3;0;1;2;1;
16289;202200010699;794 945;B01;1;7;0;2;1;1;1;
16290;202200010699;794 947;A01;2;7;0;2;3;16;1;
16291;202200010700;794 943;A01;0;2;0;0;0;1;1;
16292;202200010701;794 942;A01;2;7;0;2;1;1;1;
16293;202200010701;794 944;B01;2;2;0;2;5;1;1;
16294;202200010703;794 938;A01;2;15;0;2;1;2;1;
16295;202200010703;794 939;B01;2;80;0;2;4;15;3;
16296;202200010704;794 937;A01;2;7;0;2;2;16;1;
16297;202200010704;794 940;B01;2;50;0;2;1;25;3;
16298;202200010705;794 934;B01;2;7;0;2;1;1;1;
16299;202200010705;794 936;A01;1;33;0;2;1;26;1;
16300;202200010706;794 932;C01;1;43;0;2;1;0;1;
16301;202200010706;794 933;B01;1;7;3;2;3;0;1;
16302;202200010706;794 935;A01;1;10;4;2;1;0;1;
16303;202200010707;794 930;B01;3;7;0;2;2;19;1;
16304;202200010707;794 931;A01;1;31;0;2;1;1;1;
16305;202200010708;794 929;A01;2;7;4;0;9;1;1;
16306;202200010709;794 927;A01;2;7;0;2;3;15;1;
16307;202200010709;794 928;B01;1;15;0;2;1;1;1;
16308;202200010710;794 926;A01;2;15;1;0;2;14;1;
16309;202200010711;794 925;A01;2;7;13;0;9;13;1;
16310;202200010712;794 924;A01;1;7;13;0;1;1;1;
16311;202200010713;794 923;A01;2;7;13;0;9;1;1;
16312;202200010714;794 921;A01;2;7;0;2;1;17;1;
16313;202200010714;794 922;B01;1;7;0;2;1;1;1;
16314;202200010717;794 912;A01;2;7;0;2;1;13;1;
16315;202200010717;794 914;B01;1;7;0;2;1;1;1;
16316;202200010718;794 911;D01;1;7;0;2;4;1;1;
16317;202200010718;794 913;C01;1;7;0;2;4;1;1;
16318;202200010718;794 915;B01;1;7;0;2;4;1;1;
16319;202200010718;794 916;A01;1;10;0;2;1;1;1;
16320;202200010719;794 910;A01;2;7;0;0;1;14;1;
16321;202200010720;794 908;A01;3;7;13;0;2;0;1;
16322;202200010722;794 906;A01;2;7;0;0;9;1;1;
16323;202200010723;794 903;A01;1;33;3;0;8;13;1;
16324;202200010724;794 904;B01;2;7;0;2;3;1;1;
16325;202200010724;794 905;A01;1;7;0;2;3;1;1;
16326;202200010725;794 902;A01;0;10;17;0;2;14;1;
16327;202200010726;794 899;B01;2;7;0;2;1;1;1;
16328;202200010726;794 900;A01;1;7;0;2;1;13;1;
16329;202200010727;794 897;A01;2;7;13;0;1;13;1;
16330;202200010728;794 893;A01;1;33;0;2;1;1;1;
16331;202200010728;794 895;B01;2;7;0;2;7;15;2;
16332;202200010729;794 890;B01;2;7;0;1;1;1;1;
16333;202200010730;794 891;C01;1;7;0;2;3;1;1;
16334;202200010730;794 892;B01;2;7;0;2;2;1;1;
16335;202200010730;794 894;A01;2;7;0;2;3;20;1;
16336;202200010732;794 886;B01;2;7;0;9;2;2;1;
16337;202200010732;794 887;A01;1;1;0;9;4;1;5;
16338;202200010733;794 885;A01;2;7;0;2;1;13;2;
16339;202200010733;794 888;B01;1;7;0;2;1;1;1;
16340;202200010734;794 883;A01;2;7;0;2;3;9;1;
16341;202200010734;794 884;B01;2;1;0;2;1;2;5;
16342;202200010736;794 879;B01;2;17;0;2;1;2;1;
16343;202200010736;794 880;A01;2;7;4;0;2;1;1;
16344;202200010737;794 877;A01;0;7;0;2;3;1;1;
16345;202200010737;794 878;B01;0;7;0;2;3;13;1;
16346;202200010738;794 874;A01;1;7;0;2;1;1;1;
16347;202200010738;794 876;B01;2;7;3;2;8;1;1;
16348;202200010739;794 872;A01;1;7;6;0;1;1;1;
16349;202200010740;794 869;B01;2;33;0;2;3;13;1;
16350;202200010740;794 871;A01;1;10;0;2;3;13;1;
16351;202200010741;794 870;A01;1;7;13;0;1;26;1;
16352;202200010742;794 867;A01;2;33;0;2;7;1;1;
16353;202200010742;794 868;B01;1;7;0;2;1;9;1;
16354;202200010744;794 863;A01;2;7;0;2;3;1;1;
16355;202200010744;794 864;B01;1;33;0;2;2;1;1;
16356;202200010745;794 859;A01;3;7;2;0;1;19;1;
16357;202200010747;794 858;Z01;2;7;0;2;1;1;0;
16358;202200010747;794 861;B01;2;7;4;2;4;1;1;
16359;202200010748;794 856;B01;2;7;0;2;1;17;1;
16360;202200010748;794 857;A01;1;7;0;2;1;13;1;
16361;202200010749;794 855;A01;2;7;0;1;1;1;1;
16362;202200010750;794 851;B01;1;33;1;2;4;1;1;
16363;202200010750;794 852;A01;1;7;0;2;3;9;1;
16364;202200010751;794 849;A01;1;7;0;2;1;15;1;
16365;202200010751;794 850;B01;2;32;0;0;8;1;1;
16366;202200010752;794 846;B01;2;15;0;2;0;1;1;