;Num_Acc;id_vehicule;num_veh;senc;catv;obs;obsm;choc;manv;motor;occutc
16367;202200010752;794 848;A01;2;1;0;2;0;23;5;
16368;202200010753;794 843;A01;3;15;0;2;3;13;1;
16369;202200010753;794 845;B01;3;32;0;2;1;13;3;
16370;202200010754;794 840;B01;0;1;0;2;8;19;5;
16371;202200010754;794 841;A01;0;7;0;9;3;1;1;
16372;202200010755;794 839;A01;1;17;0;2;1;17;1;
16373;202200010755;794 842;B01;1;17;0;2;4;2;1;
16374;202200010755;794 844;C01;1;10;0;2;4;1;1;
16375;202200010755;794 847;D01;1;7;0;2;4;1;1;
16376;202200010755;794 853;E01;1;7;0;2;4;0;1;
16377;202200010755;794 854;F01;1;99;0;2;4;1;1;
16378;202200010757;794 836;A01;2;7;6;0;2;1;1;
16379;202200010758;794 833;A01;1;14;0;2;1;2;1;
16380;202200010758;794 834;B01;1;7;0;2;4;2;1;
16381;202200010759;794 832;A01;1;7;0;2;2;10;1;
16382;202200010759;794 835;B01;1;31;0;2;1;1;1;
16383;202200010760;794 829;A01;1;33;0;0;0;2;1;
16384;202200010761;794 831;A01;1;7;6;0;1;1;1;
16385;202200010762;794 825;A01;1;7;0;2;1;1;1;
16386;202200010762;794 827;B01;1;7;0;2;6;12;1;
16387;202200010762;794 828;C01;1;7;0;2;4;1;1;
16388;202200010762;794 830;D01;1;10;0;2;6;1;1;
16389;202200010763;794 824;B01;1;2;0;0;7;1;1;
16390;202200010763;794 826;A01;1;7;0;2;3;9;1;
16391;202200010764;794 820;A01;1;7;0;2;1;2;1;
16392;202200010764;794 823;B01;1;7;0;2;4;2;1;
16393;202200010765;794 821;A01;2;34;0;0;0;21;1;
16394;202200010766;794 818;A01;2;7;0;2;1;2;1;
16395;202200010766;794 822;B01;2;7;0;2;4;2;1;
16396;202200010767;794 817;B01;2;7;0;2;3;11;1;
16397;202200010767;794 819;A01;2;33;0;2;1;3;1;
16398;202200010768;794 813;B01;3;7;0;2;1;19;1;
16399;202200010768;794 816;A01;2;30;0;2;7;17;1;
16400;202200010769;794 809;A01;2;33;0;2;8;11;1;
16401;202200010769;794 811;B01;2;7;0;2;7;1;1;
16402;202200010769;794 814;C01;2;7;0;2;0;0;1;
16403;202200010770;794 805;A01;1;7;4;0;3;1;1;
16404;202200010771;794 804;A01;1;7;0;2;3;13;1;
16405;202200010771;794 807;B01;2;7;0;2;8;1;1;
16406;202200010771;794 810;C01;2;10;0;2;3;1;1;
16407;202200010772;794 806;B01;3;7;0;2;2;1;1;
16408;202200010772;794 808;A01;3;31;0;2;3;17;1;
16409;202200010773;794 803;A01;2;7;4;0;8;9;1;
16410;202200010774;794 802;A01;3;7;4;0;1;1;1;
16411;202200010775;794 801;A01;2;33;4;0;2;3;1;
16412;202200010776;794 799;B01;0;1;0;2;8;0;5;
16413;202200010776;794 800;XB01;0;50;0;2;0;26;3;
16414;202200010777;794 798;A01;2;7;4;0;9;1;1;
16415;202200010778;794 797;A01;2;7;8;0;1;1;1;
16416;202200010779;794 794;A01;2;7;0;2;4;12;2;
16417;202200010779;794 796;B01;2;33;0;2;1;3;1;
16418;202200010780;794 793;B01;3;80;0;2;6;1;3;
16419;202200010780;794 795;A01;3;1;0;2;7;17;0;
16420;202200010781;794 791;A01;1;80;1;1;1;1;3;
16421;202200010782;794 790;B01;1;33;0;2;1;1;1;
16422;202200010782;794 792;A01;1;10;0;2;4;21;1;
16423;202200010783;794 788;A01;1;7;0;1;1;1;1;
16424;202200010784;794 787;B01;1;7;0;2;8;1;1;
16425;202200010784;794 789;A01;2;7;12;2;3;13;1;
16426;202200010785;794 786;A01;0;7;0;1;1;1;1;
16427;202200010786;794 782;A01;1;7;0;2;1;2;1;
16428;202200010786;794 784;B01;1;7;0;2;4;2;1;
16429;202200010786;794 785;C01;1;7;0;2;4;2;1;
16430;202200010787;794 781;B01;0;99;0;2;4;1;3;
16431;202200010787;794 783;A01;0;7;0;2;3;1;1;
16432;202200010788;794 778;B01;2;7;0;2;3;15;1;
16433;202200010788;794 780;A01;1;33;0;2;5;1;1;
16434;202200010789;794 777;A01;0;7;0;2;1;1;1;
16435;202200010789;794 779;B01;0;7;0;2;4;1;2;
16436;202200010790;794 776;A01;1;7;0;1;1;26;1;
16437;202200010791;794 774;B01;1;32;0;2;2;1;1;
16438;202200010791;794 775;A01;2;7;0;2;1;10;1;
16439;202200010792;794 772;B01;1;30;0;2;1;1;1;
16440;202200010792;794 773;A01;2;7;0;2;3;1;1;
16441;202200010793;794 770;B01;2;10;0;2;2;1;1;
16442;202200010793;794 771;A01;1;7;0;2;7;15;1;
16443;202200010794;794 767;A01;3;7;0;1;1;13;1;
16444;202200010796;794 765;B01;1;7;0;0;0;0;1;
16445;202200010796;794 768;A01;1;7;3;2;1;1;1;
16446;202200010797;794 763;B01;1;33;0;2;7;17;1;
16447;202200010797;794 764;A01;1;10;0;2;8;15;1;
16448;202200010798;794 760;A01;2;7;0;2;2;15;1;
16449;202200010798;794 762;B01;1;7;0;2;1;1;1;
16450;202200010799;794 759;A01;3;30;0;0;2;1;1;
16451;202200010800;794 761;Z01;1;10;0;1;1;15;0;
16452;202200010801;794 757;B01;3;1;0;0;0;0;5;
16453;202200010801;794 758;A01;1;7;0;2;3;2;1;
16454;202200010802;794 756;A01;2;7;0;1;1;20;1;
16455;202200010803;794 754;A01;3;31;0;0;9;1;1;
16456;202200010804;794 755;A01;3;7;0;1;1;9;1;
16457;202200010805;794 751;B01;1;43;0;2;7;1;1;
16458;202200010805;794 753;A01;1;7;0;2;6;11;1;
16459;202200010807;794 745;A01;1;7;0;0;7;14;1;
16460;202200010809;794 744;A01;1;2;0;2;1;1;1;
16461;202200010809;794 746;Z01;1;7;0;0;0;0;0;
16462;202200010810;794 741;Z01;1;32;0;1;0;0;1;
16463;202200010811;794 742;B01;0;50;0;2;2;16;3;
16464;202200010811;794 743;A01;0;7;0;2;3;13;1;
16465;202200010812;794 740;A01;2;10;0;1;2;1;1;
16466;202200010813;794 738;A01;1;1;0;0;8;13;5;
16467;202200010814;794 737;B01;2;7;0;2;1;1;1;
16468;202200010814;794 739;A01;2;7;0;2;1;13;1;
16469;202200010815;794 736;A01;3;10;0;1;1;15;1;
16470;202200010816;794 735;A01;0;7;0;1;3;19;0;
16471;202200010817;794 732;A01;1;7;0;4;8;15;1;
16472;202200010817;794 734;B01;1;40;0;2;1;1;0;
16473;202200010818;794 731;B01;2;33;0;2;7;1;1;
16474;202200010818;794 733;A01;2;7;0;2;3;9;0;
16475;202200010819;794 725;B01;3;13;0;2;1;26;1;
16476;202200010819;794 727;A01;3;13;0;2;5;26;1;
16477;202200010820;794 724;A01;2;7;0;2;1;1;1;
16478;202200010820;794 726;B01;1;7;0;2;9;1;1;
16479;202200010820;794 729;C01;1;7;0;2;1;1;1;
16480;202200010821;794 723;A01;3;7;0;1;1;19;1;
16481;202200010822;794 721;A01;3;7;0;1;3;1;2;
16482;202200010823;794 719;C01;1;7;0;2;4;23;1;
16483;202200010823;794 720;B01;1;7;0;2;4;23;1;
16484;202200010823;794 722;A01;1;37;0;2;1;2;1;1.0
16485;202200010825;794 714;A01;1;7;1;2;2;17;0;
16486;202200010825;794 718;B01;1;7;1;2;3;1;1;
16487;202200010826;794 712;B01;3;40;0;2;1;2;3;
16488;202200010826;794 715;A01;3;7;0;4;8;19;0;
16489;202200010827;794 710;A01;1;7;0;1;1;1;1;
16490;202200010828;794 711;A01;1;7;0;2;3;15;1;
16491;202200010828;794 713;B01;2;1;0;2;9;1;5;
16492;202200010829;794 704;A01;3;7;0;1;3;1;1;
16493;202200010830;794 707;B01;3;7;0;2;5;16;2;
16494;202200010830;794 709;A01;3;33;0;2;1;7;1;
16495;202200010831;794 705;A01;1;7;0;2;3;15;1;
16496;202200010831;794 708;B01;1;50;0;2;1;17;3;
16497;202200010832;794 703;A01;1;30;0;2;1;1;1;
16498;202200010832;794 706;B01;3;1;0;2;8;1;5;
16499;202200010833;794 697;B01;2;14;0;2;8;1;1;
16500;202200010833;794 701;A01;2;7;0;2;1;1;1;
16501;202200010834;794 695;A01;3;7;0;2;5;1;1;
16502;202200010834;794 699;B01;3;7;0;2;2;1;1;
16503;202200010835;794 692;C01;1;7;0;2;4;1;1;
16504;202200010835;794 696;B01;1;7;0;2;4;1;1;
16505;202200010835;794 698;A01;1;7;0;2;1;1;1;
16506;202200010836;794 691;A01;2;7;0;2;4;26;1;
16507;202200010836;794 693;B01;2;7;0;2;1;2;1;
16508;202200010837;794 682;A01;1;7;4;2;3;21;1;
16509;202200010837;794 686;B01;1;7;0;2;6;1;1;
16510;202200010838;794 685;B01;1;2;0;2;5;2;1;
16511;202200010838;794 689;A01;3;7;0;2;3;15;1;
16512;202200010839;794 683;A01;1;10;0;2;2;2;1;
16513;202200010839;794 687;B01;1;15;0;2;6;1;0;
16514;202200010840;794 680;Z01;3;7;0;2;4;1;1;
16515;202200010840;794 681;A01;3;10;0;2;1;1;1;
16516;202200010841;794 678;A01;0;7;0;1;3;15;1;
16517;202200010842;794 677;B01;2;33;0;2;1;17;1;
16518;202200010842;794 679;A01;2;7;0;2;8;15;1;
16519;202200010843;794 676;A01;2;7;0;1;4;4;1;
16520;202200010844;794 674;A01;1;7;0;2;1;1;1;
16521;202200010844;794 675;B01;1;7;0;2;4;1;1;
16522;202200010845;794 672;A01;1;7;0;1;3;15;1;
16523;202200010846;794 670;B01;1;7;0;2;8;19;1;
16524;202200010846;794 673;A01;1;7;0;2;3;19;1;
16525;202200010847;794 668;A01;3;7;0;2;2;2;2;
16526;202200010847;794 671;B01;3;1;0;2;8;1;0;
16527;202200010848;794 667;A01;1;7;0;2;3;0;0;
16528;202200010848;794 669;B01;2;37;0;2;3;0;1;1.0
16529;202200010849;794 664;A01;1;7;0;2;8;15;1;
16530;202200010849;794 665;B01;1;30;0;2;2;17;1;
16531;202200010850;794 663;B01;2;7;0;2;2;1;1;
16532;202200010850;794 666;A01;3;7;0;2;7;9;1;
16533;202200010851;794 661;A01;1;30;0;0;8;21;1;
16534;202200010852;794 660;A01;3;7;0;2;1;2;1;
16535;202200010852;794 662;B01;3;7;0;2;4;2;1;
16536;202200010853;794 655;B01;2;10;0;2;1;2;1;
16537;202200010853;794 658;A01;2;7;0;2;4;2;1;
16538;202200010854;794 654;A01;1;7;0;2;1;2;1;
16539;202200010854;794 656;B01;1;7;0;0;4;2;1;
16540;202200010855;794 653;B01;2;7;0;2;0;0;1;
16541;202200010855;794 657;A01;2;30;0;2;4;26;1;
16542;202200010856;794 651;A01;3;7;0;1;6;4;1;
16543;202200010857;794 650;A01;1;30;0;2;7;15;1;
16544;202200010857;794 652;B01;2;1;0;2;8;1;0;
16545;202200010858;794 649;A01;1;7;0;2;3;1;1;
16546;202200010858;794 659;B01;2;7;0;2;1;1;2;
16547;202200010859;794 647;A01;2;7;0;2;1;2;1;
16548;202200010859;794 648;B01;2;30;0;2;4;23;3;
16549;202200010860;794 639;A01;1;7;0;2;1;1;2;
16550;202200010860;794 645;B01;1;7;0;2;8;1;1;
16551;202200010861;794 640;A01;1;31;0;2;1;17;1;
16552;202200010861;794 641;B01;1;10;0;2;8;15;1;
16553;202200010862;794 638;A01;1;30;0;2;1;1;1;
16554;202200010862;794 643;B01;1;7;0;2;3;1;1;
16555;202200010863;794 635;B01;2;7;0;2;3;1;1;
16556;202200010863;794 637;A01;1;7;0;2;2;15;2;
16557;202200010864;794 632;B01;1;15;0;2;2;2;0;
16558;202200010864;794 636;A01;3;10;0;2;2;15;1;
16559;202200010865;794 627;Z01;1;7;0;2;1;2;1;
16560;202200010865;794 630;A01;1;7;0;2;4;2;1;
16561;202200010865;794 633;B01;1;7;0;2;4;2;1;
16562;202200010866;794 629;C01;2;7;0;2;7;1;1;
16563;202200010866;794 631;B01;2;7;0;2;8;1;1;
16564;202200010866;794 634;A01;2;7;8;2;2;17;1;
16565;202200010867;794 625;A01;3;7;0;2;3;9;1;
16566;202200010867;794 628;B01;3;31;0;2;7;0;1;
16567;202200010868;794 624;B01;2;7;0;2;4;2;1;
16568;202200010868;794 626;A01;2;17;0;2;1;1;1;
16569;202200010869;794 616;B01;2;7;0;2;4;2;0;
16570;202200010869;794 619;A01;2;33;0;2;1;2;1;
16571;202200010870;794 614;B01;3;7;0;2;4;0;1;
16572;202200010870;794 620;A01;3;7;0;2;1;26;1;
16573;202200010871;794 613;C01;1;7;0;2;6;1;1;
16574;202200010871;794 617;B01;1;7;0;9;3;2;1;
16575;202200010871;794 621;A01;3;7;0;2;9;21;1;
16576;202200010872;794 612;E01;2;7;0;2;6;23;2;
16577;202200010872;794 615;D01;2;7;0;2;9;23;1;
16578;202200010872;794 618;C01;2;7;0;2;4;23;1;
16579;202200010872;794 622;B01;2;10;0;2;6;23;1;
16580;202200010872;794 623;A01;2;10;0;2;1;2;1;
16581;202200010873;794 608;A01;1;7;0;9;1;1;1;
16582;202200010873;794 611;B01;1;50;0;2;1;1;3;
16583;202200010874;794 609;A01;1;7;0;1;1;1;1;
16584;202200010875;794 607;B01;2;7;0;2;3;1;1;
16585;202200010875;794 610;A01;1;7;0;2;3;1;1;
16586;202200010876;794 605;A01;2;7;0;2;2;2;1;
16587;202200010876;794 606;B01;2;34;0;2;6;2;1;
16588;202200010877;794 601;B01;0;7;0;2;1;1;1;
16589;202200010877;794 604;A01;0;7;0;2;1;17;1;
16590;202200010878;794 599;B01;1;7;0;2;8;21;1;
16591;202200010878;794 602;A01;1;31;11;2;1;17;1;
16592;202200010879;794 598;B01;1;7;0;2;5;26;1;
16593;202200010879;794 603;A01;1;7;0;2;3;26;1;
16594;202200010880;794 597;B01;3;7;0;2;5;1;2;
16595;202200010880;794 600;A01;3;7;0;2;1;1;1;
16596;202200010881;794 596;A01;3;50;0;0;0;25;3;
16597;202200010882;794 593;A01;1;7;0;1;7;21;1;
16598;202200010883;794 591;B01;2;30;0;2;4;2;3;
16599;202200010883;794 595;A01;2;7;0;2;1;2;2;
16600;202200010884;794 594;A01;3;7;0;1;1;1;1;
16601;202200010885;794 590;B01;3;7;0;2;4;1;0;
16602;202200010885;794 592;A01;0;1;0;2;1;1;5;
16603;202200010886;794 587;A01;2;10;0;1;2;1;1;
16604;202200010887;794 585;A01;2;7;0;2;7;15;1;
16605;202200010887;794 588;B01;1;1;0;2;0;0;5;
16606;202200010887;794 589;C01;1;7;0;2;0;24;1;
16607;202200010888;794 586;A01;0;50;0;0;0;1;3;
16608;202200010889;794 584;A01;3;7;0;1;5;4;1;
16609;202200010890;794 582;A01;3;7;0;1;3;1;1;
16610;202200010891;794 581;A01;1;7;0;1;7;16;1;
16611;202200010892;794 579;A01;1;7;0;2;3;11;1;
16612;202200010892;794 583;B01;1;33;12;2;7;2;1;
16613;202200010893;794 578;B01;3;50;0;2;4;1;3;
16614;202200010893;794 580;A01;3;7;0;2;0;17;0;
16615;202200010894;794 574;A01;2;7;0;1;2;1;1;
16616;202200010895;794 575;A01;2;7;0;9;1;15;1;
16617;202200010895;794 576;B01;1;99;0;2;3;1;3;
16618;202200010896;794 571;A01;3;33;0;2;1;15;1;
16619;202200010896;794 572;B01;3;7;0;2;2;1;1;
16620;202200010897;794 570;A01;1;30;0;2;1;2;1;
16621;202200010897;794 573;B01;3;7;0;2;2;1;1;
16622;202200010898;794 568;A01;1;7;15;0;3;13;1;
16623;202200010899;794 565;B01;3;7;0;2;1;1;1;
16624;202200010899;794 569;A01;3;7;0;2;8;9;1;
16625;202200010901;794 563;B01;3;7;0;2;1;10;1;
16626;202200010901;794 566;A01;1;7;0;2;3;9;1;
16627;202200010902;794 562;A01;1;7;6;1;1;16;1;
16628;202200010903;794 559;B01;1;7;0;2;8;16;1;
16629;202200010903;794 561;A01;2;7;9;2;1;1;1;
16630;202200010904;794 560;A01;1;7;0;1;3;2;1;
16631;202200010905;794 556;A01;3;7;9;0;1;6;1;
16632;202200010906;794 553;A01;2;7;0;2;8;15;1;
16633;202200010906;794 555;B01;2;33;0;2;1;1;0;
16634;202200010907;794 554;A01;2;7;1;0;7;1;1;
16635;202200010908;794 552;A01;3;7;0;2;4;2;1;
16636;202200010908;794 557;B01;3;10;1;2;9;2;1;
16637;202200010908;794 558;C01;3;10;0;2;1;1;1;
16638;202200010909;794 550;A01;2;7;0;1;2;16;1;
16639;202200010910;794 547;A01;1;7;0;1;1;1;1;
16640;202200010911;794 549;A01;1;10;0;2;4;1;1;
16641;202200010911;794 551;B01;1;7;0;2;1;1;1;
16642;202200010912;794 546;A01;0;2;0;2;7;17;3;
16643;202200010912;794 548;B01;0;7;0;2;3;15;1;
16644;202200010913;794 543;A01;1;7;0;1;6;1;1;
16645;202200010914;794 540;A01;1;7;0;2;3;10;1;
16646;202200010914;794 544;B01;0;33;0;2;7;1;1;
16647;202200010915;794 542;B01;1;50;0;2;1;1;3;
16648;202200010915;794 545;A01;1;10;0;2;3;1;1;
16649;202200010916;794 539;A01;0;7;0;2;5;17;1;
16650;202200010916;794 541;B01;0;7;0;2;1;1;1;
16651;202200010917;794 534;B01;1;2;0;2;3;0;1;
16652;202200010917;794 537;A01;1;7;0;2;2;0;0;
16653;202200010918;794 536;B01;1;7;0;2;2;0;2;
16654;202200010918;794 538;A01;1;30;0;2;7;15;1;
16655;202200010919;794 533;A01;1;10;0;1;4;4;1;
16656;202200010920;794 532;A01;2;7;0;2;1;2;2;
16657;202200010920;794 535;B01;2;7;0;2;4;2;1;
16658;202200010922;794 524;A01;0;7;0;2;1;9;1;
16659;202200010922;794 527;B01;0;50;0;2;7;19;3;
16660;202200010923;794 526;A01;2;7;5;0;1;2;1;
16661;202200010923;794 529;B01;2;33;5;0;4;2;1;
16662;202200010924;794 525;A01;1;7;0;2;1;1;1;
16663;202200010924;794 531;B01;1;7;16;0;4;16;1;
16664;202200010925;794 523;A01;1;10;15;0;1;21;3;
16665;202200010926;794 522;A01;2;33;0;1;1;9;1;
16666;202200010927;794 518;B01;1;7;0;2;2;1;2;
16667;202200010927;794 519;A01;1;7;0;2;1;9;1;
16668;202200010928;794 517;A01;1;7;0;2;1;2;1;
16669;202200010928;794 520;B01;1;7;0;2;4;2;1;
16670;202200010929;794 516;A01;0;7;0;1;2;9;3;
16671;202200010930;794 514;A01;2;7;0;2;3;15;1;
16672;202200010930;794 515;B01;1;7;0;2;3;1;1;
16673;202200010931;794 513;A01;1;16;3;0;1;13;1;
16674;202200010933;794 508;B01;1;10;0;2;6;1;1;
16675;202200010933;794 511;A01;1;7;0;2;2;1;1;
16676;202200010934;794 506;B01;1;50;0;2;1;25;3;
16677;202200010934;794 509;A01;2;7;0;2;1;15;1;
16678;202200010935;794 507;A01;2;7;0;0;9;1;1;
16679;202200010936;794 500;C01;1;7;0;2;6;1;1;
16680;202200010936;794 504;B01;1;7;0;2;2;1;2;
16681;202200010936;794 505;A01;1;7;0;2;1;1;1;
16682;202200010937;794 499;A01;1;7;0;2;3;26;1;
16683;202200010937;794 502;B01;1;1;0;2;7;26;5;
16684;202200010938;794 501;A01;2;7;0;1;3;2;1;
16685;202200010939;794 498;B01;1;7;0;2;4;23;2;
16686;202200010939;794 503;A01;1;7;0;2;1;1;1;
16687;202200010941;794 494;A01;3;13;0;1;4;20;1;
16688;202200010942;794 492;A01;1;7;0;2;1;2;1;
16689;202200010942;794 497;B01;1;7;0;2;4;2;1;
16690;202200010943;794 491;B01;1;7;4;2;7;11;1;
16691;202200010943;794 493;C01;1;7;1;2;2;1;1;
16692;202200010943;794 496;D01;1;17;0;0;6;26;1;
16693;202200010944;794 489;A01;3;7;1;0;1;13;2;
16694;202200010945;794 488;A01;3;7;0;1;2;1;1;
16695;202200010946;794 487;A01;2;7;0;2;2;15;1;
16696;202200010946;794 490;B01;1;2;0;2;1;1;3;
16697;202200010947;794 486;A01;2;7;2;0;5;26;1;
16698;202200010948;794 484;A01;0;7;1;0;1;26;1;
16699;202200010949;794 483;A01;1;7;0;2;4;2;1;
16700;202200010949;794 485;B01;1;33;0;2;1;2;1;
16701;202200010950;794 481;A01;3;7;5;0;3;13;1;
16702;202200010951;794 482;A01;2;30;0;0;8;15;1;
16703;202200010952;794 476;A01;2;7;0;2;1;2;1;
16704;202200010952;794 480;B01;1;7;0;2;3;1;1;
16705;202200010953;794 475;A01;2;7;0;2;1;15;1;
16706;202200010953;794 479;B01;2;1;0;2;6;19;5;
16707;202200010954;794 478;A01;2;10;2;0;1;0;1;
16708;202200010955;794 474;B01;1;1;0;2;7;1;5;
16709;202200010955;794 477;A01;1;7;0;2;3;1;1;
16710;202200010956;794 472;A01;2;7;0;2;8;0;1;
16711;202200010956;794 473;B01;2;33;0;2;1;26;1;
16712;202200010957;794 471;A01;1;10;12;1;2;26;1;
16713;202200010958;794 469;B01;2;7;0;2;8;1;1;
16714;202200010958;794 470;A01;1;7;0;2;3;5;1;
16715;202200010959;794 465;B01;1;14;0;2;1;15;1;
16716;202200010959;794 468;A01;2;31;0;2;1;1;1;
16717;202200010960;794 463;C01;0;10;0;2;4;1;1;
16718;202200010960;794 466;B01;0;7;0;2;4;1;1;
16719;202200010960;794 467;A01;0;7;0;2;1;1;1;
16720;202200010961;794 462;A01;1;7;16;0;2;1;1;
16721;202200010962;794 461;B01;3;1;0;2;0;0;5;
16722;202200010962;794 464;Z01;3;7;0;2;2;17;0;
16723;202200010963;794 460;A01;3;7;0;1;4;4;0;
16724;202200010964;794 456;A01;3;7;0;1;2;1;0;
16725;202200010965;794 455;A01;0;7;0;2;1;1;1;
16726;202200010965;794 457;B01;0;7;0;2;4;1;1;
16727;202200010965;794 459;C01;0;7;0;2;4;1;1;
16728;202200010966;794 449;A01;0;7;0;1;1;1;1;
16729;202200010968;794 448;B01;2;80;0;2;1;19;3;
16730;202200010968;794 454;A01;2;7;0;2;6;15;1;
16731;202200010969;794 447;A01;1;1;0;-1;4;1;5;
16732;202200010970;794 443;A01;1;7;8;1;1;14;1;
16733;202200010971;794 445;A01;3;7;0;1;5;20;1;
16734;202200010972;794 444;A01;1;7;0;2;2;1;1;
16735;202200010972;794 446;B01;3;1;0;2;3;0;5;
16736;202200010973;794 441;A01;1;7;2;0;8;14;1;
16737;202200010974;794 439;B01;0;31;0;2;7;1;1;
16738;202200010974;794 442;A01;0;7;0;2;3;9;1;
16739;202200010975;794 438;A01;1;7;0;2;1;15;1;
16740;202200010975;794 440;B01;1;7;0;2;8;1;1;
16741;202200010976;794 433;B01;3;7;0;0;3;15;1;
16742;202200010976;794 437;A01;3;7;0;0;2;26;1;
16743;202200010977;794 434;A01;1;38;0;1;2;16;0;1.0
16744;202200010978;794 432;B01;1;2;0;2;8;1;1;
16745;202200010978;794 435;A01;1;3;0;2;8;1;1;
16746;202200010979;794 430;A01;1;7;0;2;5;17;1;
16747;202200010979;794 431;B01;2;33;0;2;2;21;1;
16748;202200010979;794 436;C01;2;7;0;2;8;0;1;
16749;202200010980;794 427;A01;3;7;14;1;1;1;1;
16750;202200010982;794 424;A01;3;33;0;0;9;26;1;
16751;202200010984;794 419;A01;1;7;13;0;1;14;1;
16752;202200010985;794 418;A01;2;7;0;2;3;13;1;
16753;202200010985;794 420;B01;1;7;0;2;1;1;1;
16754;202200010986;794 415;A01;2;32;13;0;7;1;1;
16755;202200010987;794 414;A01;0;3;0;2;1;2;1;
16756;202200010987;794 416;B01;0;7;0;0;4;23;1;
16757;202200010988;794 413;A01;1;7;0;2;7;16;1;
16758;202200010988;794 417;B01;1;16;0;2;3;1;1;
16759;202200010989;794 411;B01;1;7;0;2;3;1;1;
16760;202200010989;794 412;A01;2;7;0;2;3;13;1;
16761;202200010990;794 407;A01;1;7;6;0;8;26;1;
16762;202200010991;794 408;A01;2;10;8;1;1;16;3;
16763;202200010992;794 406;B01;1;7;0;2;8;1;1;
16764;202200010992;794 410;A01;1;7;0;2;7;19;1;
16765;202200010993;794 402;A01;1;7;0;1;2;1;1;
16766;202200010994;794 400;B01;3;50;0;2;7;1;3;
16767;202200010994;794 403;A01;3;30;0;2;3;9;1;
16768;202200010995;794 398;B01;1;7;0;2;4;1;1;
16769;202200010995;794 404;A01;1;21;0;2;1;1;1;
16770;202200010996;794 397;A01;3;7;0;1;3;1;1;
16771;202200010997;794 396;A01;3;10;12;0;1;1;1;
16772;202200010998;794 393;B01;3;7;0;2;2;1;0;
16773;202200010998;794 394;A01;1;1;0;2;1;1;5;
16774;202200010999;794 390;A01;2;10;0;1;1;1;1;
16775;202200011000;794 391;B01;2;1;0;2;0;0;5;
16776;202200011000;794 395;A01;1;7;0;9;8;19;2;
16777;202200011002;794 386;Z01;1;7;0;1;2;1;1;
16778;202200011003;794 385;B01;2;7;0;2;4;1;2;
16779;202200011003;794 388;A01;2;7;0;2;1;2;1;
16780;202200011004;794 383;A01;3;7;0;1;3;1;1;
16781;202200011005;794 382;A01;1;7;0;2;1;2;1;
16782;202200011005;794 384;B01;1;7;0;2;4;2;1;
16783;202200011005;794 387;C01;1;7;0;2;4;2;1;
16784;202200011006;794 379;A01;3;7;0;2;3;13;1;
16785;202200011006;794 381;B01;3;7;0;2;8;1;1;
16786;202200011007;794 375;B01;1;7;0;2;2;1;1;
16787;202200011007;794 378;A01;1;7;0;0;4;1;2;
16788;202200011008;794 374;Z01;0;7;0;2;3;0;0;
16789;202200011008;794 380;B01;0;50;0;2;1;0;3;
16790;202200011009;794 372;B01;1;50;0;2;0;1;3;
16791;202200011009;794 376;A01;2;7;0;2;2;15;1;
16792;202200011011;794 370;A01;0;7;0;1;1;1;1;
16793;202200011012;794 368;B01;1;7;0;2;3;11;0;
16794;202200011012;794 371;A01;1;7;3;2;5;1;1;
16795;202200011013;794 365;A01;3;7;0;2;3;9;1;
16796;202200011013;794 369;B01;2;7;0;2;1;1;1;
16797;202200011014;794 361;B01;3;32;0;2;1;1;1;
16798;202200011014;794 363;A01;3;1;0;2;1;13;5;
16799;202200011015;794 360;A01;1;7;0;2;2;16;1;
16800;202200011015;794 362;B01;1;50;0;2;0;1;3;
16801;202200011016;794 357;B01;3;7;0;2;1;15;2;
16802;202200011016;794 359;A01;3;32;0;2;1;3;1;
16803;202200011017;794 355;A01;1;7;1;0;0;1;1;
16804;202200011019;794 354;B01;1;50;0;2;1;25;3;
16805;202200011019;794 358;A01;1;7;0;2;1;9;2;
16806;202200011020;794 349;B01;2;1;0;2;1;1;5;
16807;202200011020;794 352;A01;2;10;0;2;3;9;1;
16808;202200011021;794 348;B01;2;1;0;2;1;13;5;
16809;202200011021;794 351;A01;1;7;0;2;3;1;1;
16810;202200011023;794 347;A01;0;7;0;1;1;26;0;
16811;202200011024;794 344;B01;0;1;0;0;0;0;5;
16812;202200011024;794 346;A01;0;7;0;2;1;0;1;
16813;202200011025;794 341;A01;1;7;0;2;2;2;1;
16814;202200011025;794 345;B01;1;1;0;0;4;2;5;
16815;202200011026;794 338;A01;2;14;0;1;3;1;1;
16816;202200011027;794 339;A01;0;7;0;2;8;9;1;
16817;202200011027;794 342;B01;1;33;0;2;1;1;1;
16818;202200011030;794 330;A01;3;7;0;2;2;15;1;
16819;202200011030;794 333;B01;3;2;0;2;1;1;1;
16820;202200011031;794 325;B01;1;7;0;2;3;1;1;
16821;202200011031;794 328;A01;2;7;0;2;3;13;1;
16822;202200011032;794 323;A01;2;7;6;2;1;0;1;
16823;202200011032;794 327;B01;1;7;0;2;7;0;1;
16824;202200011033;794 321;B01;3;7;0;2;1;0;1;
16825;202200011033;794 324;A01;3;7;0;2;1;26;1;
16826;202200011034;794 319;A01;2;7;0;2;1;15;1;
16827;202200011034;794 322;B01;1;80;0;2;1;1;3;