;Num_Acc;id_vehicule;num_veh;senc;catv;obs;obsm;choc;manv;motor;occutc
16828;202200011035;794 320;A01;2;2;0;0;8;15;1;
16829;202200011036;794 317;B01;2;7;0;2;1;1;1;
16830;202200011036;794 318;A01;1;7;13;2;1;6;1;
16831;202200011037;794 314;A01;3;7;0;1;2;1;1;
16832;202200011038;794 315;A01;2;7;4;2;6;23;1;
16833;202200011038;794 316;B01;2;7;0;2;2;0;1;
16834;202200011039;794 312;A01;2;7;13;0;2;1;1;
16835;202200011040;794 311;A01;3;33;0;0;8;1;1;
16836;202200011041;794 310;A01;3;7;0;2;1;1;1;
16837;202200011041;794 313;B01;3;7;0;2;1;1;1;
16838;202200011042;794 309;A01;1;7;0;1;3;9;1;
16839;202200011044;794 301;B01;1;7;0;2;3;0;1;
16840;202200011044;794 305;A01;3;7;0;2;3;13;1;
16841;202200011045;794 299;E01;1;7;0;2;4;2;1;
16842;202200011045;794 303;D01;1;7;0;2;4;2;1;
16843;202200011045;794 304;C01;1;7;0;2;4;2;1;
16844;202200011045;794 306;B01;1;7;0;2;4;2;2;
16845;202200011045;794 307;A01;1;13;0;2;1;2;1;
16846;202200011046;794 298;B01;2;7;0;2;7;15;1;
16847;202200011046;794 302;A01;1;33;0;2;1;18;1;
16848;202200011047;794 297;A01;1;7;17;0;1;1;1;
16849;202200011048;794 295;A01;1;33;6;0;8;13;1;
16850;202200011049;794 293;B01;3;31;0;2;1;1;1;
16851;202200011049;794 296;A01;3;7;0;2;3;15;1;
16852;202200011050;794 292;B01;1;1;1;2;1;2;0;
16853;202200011050;794 294;A01;1;7;1;0;3;24;1;
16854;202200011051;794 289;B01;0;7;0;2;1;1;1;
16855;202200011051;794 291;A01;3;7;0;2;1;13;1;
16856;202200011052;794 288;A01;1;7;0;2;6;1;1;
16857;202200011052;794 290;Z01;1;7;0;2;2;12;0;
16858;202200011053;794 285;A01;2;7;0;2;3;15;2;
16859;202200011053;794 287;B01;1;43;0;2;2;1;1;
16860;202200011054;794 283;B01;2;7;0;2;1;15;1;
16861;202200011054;794 286;A01;1;50;0;2;1;1;3;
16862;202200011055;794 278;A01;1;30;0;2;4;1;3;
16863;202200011055;794 280;B01;1;7;0;2;1;1;1;
16864;202200011056;794 275;A01;1;7;0;1;7;14;1;
16865;202200011057;794 281;A01;0;7;8;2;8;15;1;
16866;202200011057;794 284;B01;0;7;13;2;1;1;1;
16867;202200011058;794 277;Z01;1;7;0;2;0;12;0;
16868;202200011058;794 279;B01;1;10;0;2;5;1;1;
16869;202200011058;794 282;A01;1;32;0;2;8;3;1;
16870;202200011059;794 274;B01;2;1;0;2;3;19;5;
16871;202200011059;794 276;A01;1;7;0;2;1;16;1;
16872;202200011060;794 271;A01;2;7;0;2;2;15;1;
16873;202200011060;794 273;B01;1;2;0;2;1;1;1;
16874;202200011061;794 268;B01;2;7;0;2;5;2;2;
16875;202200011061;794 270;A01;2;31;5;2;3;2;1;
16876;202200011064;794 262;B01;2;7;0;2;1;1;1;
16877;202200011064;794 272;A01;1;10;0;2;3;13;1;
16878;202200011065;794 263;A01;2;7;9;0;2;1;1;
16879;202200011066;794 259;C01;1;7;0;2;3;1;1;
16880;202200011066;794 261;B01;2;32;0;2;1;21;1;
16881;202200011066;794 265;A01;1;10;12;2;2;15;1;
16882;202200011067;794 258;B01;1;7;0;2;4;1;1;
16883;202200011067;794 260;A01;1;7;0;2;2;1;1;
16884;202200011067;794 264;Z01;1;7;1;1;1;2;1;
16885;202200011068;794 252;A01;2;7;0;2;6;15;1;
16886;202200011068;794 254;B01;2;32;0;2;8;17;1;
16887;202200011069;794 251;A01;3;7;0;2;3;5;1;
16888;202200011069;794 255;B01;3;7;0;2;8;1;1;
16889;202200011070;794 253;C01;2;15;12;2;8;1;1;
16890;202200011070;794 256;B01;2;7;0;2;3;1;1;
16891;202200011070;794 257;A01;1;7;0;2;3;17;1;
16892;202200011071;794 247;B01;2;1;0;2;1;1;5;
16893;202200011071;794 250;A01;1;7;0;2;2;15;1;
16894;202200011072;794 246;A01;3;7;0;2;3;1;1;
16895;202200011072;794 248;B01;3;7;0;2;2;1;1;
16896;202200011073;794 245;A01;1;10;0;2;1;2;1;
16897;202200011073;794 249;B01;1;7;0;2;4;2;1;
16898;202200011074;794 243;B01;1;7;0;2;1;1;1;
16899;202200011074;794 244;A01;1;7;0;2;1;10;0;
16900;202200011075;794 242;A01;2;7;4;0;3;1;1;
16901;202200011076;794 238;A01;2;7;0;2;3;5;1;
16902;202200011076;794 239;B01;1;7;0;2;3;1;1;
16903;202200011076;794 241;C01;1;7;0;2;1;1;1;
16904;202200011077;794 237;Z01;2;7;0;2;8;13;0;
16905;202200011077;794 240;A01;2;31;0;2;7;1;3;
16906;202200011078;794 235;B01;1;37;0;2;1;19;1;1.0
16907;202200011078;794 236;A01;1;7;0;2;2;19;0;
16908;202200011079;794 234;A01;1;7;0;2;8;0;1;
16909;202200011080;794 233;A01;3;7;0;1;1;15;1;
16910;202200011081;794 227;B01;3;7;0;2;1;23;1;
16911;202200011081;794 231;A01;1;2;1;0;1;1;1;
16912;202200011082;794 226;A01;1;7;0;2;8;9;1;
16913;202200011082;794 228;B01;1;33;0;2;1;1;1;
16914;202200011083;794 225;B01;1;1;0;2;8;1;5;
16915;202200011083;794 230;A01;1;10;0;2;2;17;1;
16916;202200011084;794 221;A01;1;7;4;0;3;1;1;
16917;202200011084;794 224;B01;1;7;1;0;1;1;1;
16918;202200011084;794 229;C01;1;7;1;0;1;1;1;
16919;202200011085;794 222;A01;1;7;0;1;1;1;0;
16920;202200011086;794 220;A01;1;33;0;2;1;18;1;
16921;202200011086;794 223;B01;1;21;0;2;6;0;0;
16922;202200011087;794 217;A01;2;7;4;0;9;26;1;
16923;202200011088;794 218;A01;1;10;0;2;2;15;1;
16924;202200011088;794 219;B01;2;30;0;2;3;1;1;
16925;202200011089;794 213;A01;1;7;4;0;2;26;1;
16926;202200011090;794 212;C01;0;7;0;2;1;1;1;
16927;202200011090;794 214;A01;0;7;0;2;4;0;1;
16928;202200011090;794 216;B01;0;7;0;2;1;1;1;
16929;202200011091;794 211;A01;0;10;0;2;1;1;1;
16930;202200011091;794 215;B01;0;7;0;2;8;1;1;
16931;202200011092;794 210;A01;1;1;0;0;0;1;5;
16932;202200011093;794 207;A01;1;7;0;2;3;26;1;
16933;202200011093;794 209;B01;1;7;0;2;4;0;1;
16934;202200011094;794 202;A01;1;7;4;0;1;1;1;
16935;202200011095;794 203;A01;1;7;0;1;3;1;1;
16936;202200011097;794 197;B01;1;33;0;2;5;2;1;
16937;202200011097;794 198;A01;1;7;0;2;8;11;1;
16938;202200011098;794 193;B01;1;1;0;2;1;1;5;
16939;202200011098;794 195;A01;1;7;0;9;8;16;1;
16940;202200011099;794 192;A01;1;1;0;1;1;1;5;
16941;202200011100;794 190;A01;1;2;6;0;8;1;1;
16942;202200011101;794 189;A01;1;7;0;2;1;2;1;
16943;202200011101;794 191;B01;1;7;0;2;4;2;1;
16944;202200011102;794 186;A01;2;7;0;2;3;1;1;
16945;202200011102;794 188;B01;1;7;0;2;3;1;1;
16946;202200011103;794 185;A01;1;7;4;0;1;1;1;
16947;202200011104;794 183;A01;1;7;0;2;1;2;1;
16948;202200011104;794 187;B01;1;32;0;2;4;23;1;
16949;202200011105;794 182;A01;2;7;3;0;1;0;0;
16950;202200011106;794 181;A01;1;10;0;2;5;15;1;
16951;202200011106;794 184;B01;2;31;0;2;1;1;1;
16952;202200011107;794 180;Z01;1;7;0;1;0;20;0;
16953;202200011108;794 177;A01;1;43;0;2;3;17;1;
16954;202200011108;794 179;B01;1;7;0;2;3;15;1;
16955;202200011109;794 173;A01;1;7;0;2;4;2;1;
16956;202200011109;794 176;B01;1;7;0;2;1;2;1;
16957;202200011110;794 171;A01;2;7;0;2;1;2;1;
16958;202200011110;794 174;B01;2;7;0;2;4;2;1;
16959;202200011110;794 178;C01;2;7;0;2;0;0;1;
16960;202200011111;794 172;B01;1;7;0;9;2;1;1;
16961;202200011111;794 175;A01;1;50;0;2;1;1;3;
16962;202200011112;794 170;A01;2;33;1;0;2;21;1;
16963;202200011114;794 167;A01;2;7;0;2;4;26;1;
16964;202200011114;794 169;B01;2;7;0;2;1;2;1;
16965;202200011115;794 165;B01;3;7;0;2;1;15;1;
16966;202200011115;794 166;A01;3;33;0;2;3;1;1;
16967;202200011116;794 161;A01;1;10;0;2;8;13;1;
16968;202200011116;794 164;B01;1;33;0;2;7;17;1;
16969;202200011117;794 162;A01;1;7;0;2;1;2;1;
16970;202200011117;794 163;B01;1;7;0;0;0;0;1;
16971;202200011118;794 158;A01;1;7;0;1;1;1;1;
16972;202200011119;794 156;A01;2;1;0;1;1;1;5;
16973;202200011120;794 153;A01;0;10;0;1;2;2;1;
16974;202200011121;794 151;B01;2;7;0;2;1;1;1;
16975;202200011121;794 155;A01;1;7;0;2;1;13;1;
16976;202200011122;794 149;B01;2;7;0;2;1;1;1;
16977;202200011122;794 150;A01;1;33;0;2;1;13;1;
16978;202200011123;794 148;B01;2;1;0;2;7;1;5;
16979;202200011123;794 152;A01;2;7;0;2;8;13;1;
16980;202200011124;794 146;A01;2;15;0;1;2;1;6;
16981;202200011125;794 145;B01;3;10;0;2;6;15;1;
16982;202200011125;794 147;A01;3;7;0;2;1;1;1;
16983;202200011126;794 142;A01;1;7;0;2;1;15;1;
16984;202200011126;794 144;B01;1;33;0;2;1;1;1;
16985;202200011127;794 139;A01;1;10;0;2;3;1;1;
16986;202200011127;794 143;B01;2;33;0;2;7;1;1;
16987;202200011129;794 138;B01;0;7;0;2;4;1;1;
16988;202200011129;794 141;A01;0;7;0;2;1;1;1;
16989;202200011130;794 136;A01;1;7;1;2;1;1;1;
16990;202200011130;794 137;C01;2;7;0;2;3;1;1;
16991;202200011131;794 132;A01;1;30;0;9;0;1;1;
16992;202200011133;794 130;A01;3;30;0;2;6;2;1;
16993;202200011133;794 133;B01;3;7;0;2;2;2;1;
16994;202200011134;794 125;B01;2;7;0;2;3;15;1;
16995;202200011134;794 129;A01;1;7;0;2;3;1;1;
16996;202200011135;794 128;A01;1;30;0;2;0;17;1;
16997;202200011136;794 127;A01;1;7;1;1;2;1;2;
16998;202200011138;794 123;A01;1;7;3;0;1;2;1;
16999;202200011139;794 122;A01;1;7;1;0;2;1;1;
17000;202200011140;794 120;Z01;3;7;0;2;0;0;0;
17001;202200011140;794 124;A01;2;7;0;2;4;1;1;
17002;202200011141;794 118;B01;2;7;0;2;3;1;1;
17003;202200011141;794 121;A01;2;7;0;2;1;19;1;
17004;202200011142;794 114;B01;3;33;0;2;1;1;1;
17005;202200011142;794 119;A01;3;1;0;2;3;15;5;
17006;202200011143;794 115;B01;2;7;0;2;4;2;1;
17007;202200011143;794 117;A01;2;7;0;2;1;2;1;
17008;202200011146;794 108;A01;1;3;0;1;1;9;1;
17009;202200011147;794 106;B01;1;32;0;2;1;1;1;
17010;202200011147;794 111;A01;1;7;0;2;2;1;1;
17011;202200011148;794 102;A01;1;7;0;2;3;15;1;
17012;202200011148;794 107;C01;1;33;0;2;1;26;1;
17013;202200011148;794 110;B01;1;33;0;2;1;26;1;
17014;202200011149;794 104;B01;1;34;0;2;1;1;1;
17015;202200011149;794 105;A01;2;7;0;2;5;19;1;
17016;202200011150;794 101;A01;1;7;0;2;7;26;1;
17017;202200011150;794 103;B01;1;1;0;2;6;2;5;
17018;202200011151;794 099;A01;3;7;0;2;8;15;2;
17019;202200011151;794 100;B01;3;7;0;2;3;16;1;
17020;202200011153;794 095;B01;1;7;0;2;1;1;1;
17021;202200011153;794 097;A01;2;7;0;2;1;1;1;
17022;202200011154;794 091;A01;1;50;1;2;1;14;3;
17023;202200011154;794 093;B01;2;10;0;2;1;1;1;
17024;202200011155;794 090;A01;2;7;0;2;1;19;1;
17025;202200011155;794 092;B01;2;7;0;2;5;19;1;
17026;202200011155;794 094;D01;2;7;0;2;1;19;1;
17027;202200011155;794 098;C01;3;7;0;2;2;1;1;
17028;202200011156;794 089;A01;3;43;0;0;0;15;1;
17029;202200011157;794 084;B01;2;7;0;2;1;2;1;
17030;202200011157;794 088;A01;2;7;10;2;3;21;1;
17031;202200011158;794 087;A01;1;30;0;0;1;1;1;
17032;202200011159;794 083;B01;2;7;0;2;6;2;1;
17033;202200011159;794 086;A01;2;31;0;2;1;2;1;
17034;202200011160;794 082;B01;1;7;0;2;3;1;1;
17035;202200011160;794 085;A01;2;33;0;2;1;5;1;
17036;202200011161;794 081;A01;1;7;8;0;1;0;1;
17037;202200011162;794 078;Z01;0;7;0;1;0;0;0;
17038;202200011163;794 077;A01;1;1;0;2;8;26;5;
17039;202200011163;794 080;B01;1;7;0;2;1;26;1;
17040;202200011164;794 076;B01;2;10;0;2;6;15;1;
17041;202200011164;794 079;A01;2;30;0;2;2;17;1;
17042;202200011165;794 074;A01;2;7;0;2;7;13;1;
17043;202200011165;794 075;B01;1;7;0;2;1;1;1;
17044;202200011166;794 072;B01;1;31;0;2;1;1;1;
17045;202200011166;794 073;A01;1;7;0;2;5;15;1;
17046;202200011167;794 070;A01;0;7;0;1;3;1;1;
17047;202200011169;794 065;B01;1;2;0;2;7;26;1;
17048;202200011169;794 068;A01;1;7;0;2;3;26;1;
17049;202200011170;794 062;A01;1;7;0;1;1;1;1;
17050;202200011171;794 063;B01;3;7;0;2;3;15;1;
17051;202200011171;794 066;A01;3;2;0;2;1;1;1;
17052;202200011172;794 057;A01;1;31;0;2;1;14;3;
17053;202200011172;794 059;B01;1;10;0;2;6;1;1;
17054;202200011173;794 058;A01;3;7;0;1;1;1;2;
17055;202200011174;794 055;A01;1;7;0;1;3;1;1;
17056;202200011175;794 054;B01;1;7;0;2;3;1;1;
17057;202200011175;794 056;A01;0;7;0;2;3;1;3;
17058;202200011176;794 051;A01;1;7;0;2;6;11;1;
17059;202200011176;794 053;B01;1;33;0;2;7;1;1;
17060;202200011177;794 049;A01;1;7;0;1;3;1;1;
17061;202200011178;794 050;B01;3;7;1;0;2;1;1;
17062;202200011178;794 052;A01;3;7;0;2;8;22;1;
17063;202200011179;794 048;A01;1;7;6;0;0;14;1;
17064;202200011180;794 046;B01;2;10;0;2;8;23;1;
17065;202200011180;794 047;A01;2;33;0;2;1;13;1;
17066;202200011181;794 043;A01;1;7;0;0;9;1;1;
17067;202200011182;794 041;A01;2;7;0;2;1;13;1;
17068;202200011182;794 044;B01;1;7;0;2;1;1;1;
17069;202200011183;794 040;A01;3;7;0;2;1;1;1;
17070;202200011183;794 042;C01;3;7;0;2;4;23;1;
17071;202200011183;794 045;B01;3;7;0;2;4;23;1;
17072;202200011184;794 038;A01;3;1;0;0;0;1;5;
17073;202200011185;794 037;A01;2;32;0;2;2;11;1;
17074;202200011185;794 039;Z01;1;7;0;2;6;1;0;
17075;202200011186;794 034;A01;1;7;5;0;2;14;1;
17076;202200011187;794 032;A01;1;7;0;2;1;2;1;
17077;202200011187;794 035;B01;1;7;0;2;0;1;1;
17078;202200011188;794 030;A01;1;33;0;2;8;3;1;
17079;202200011188;794 033;Z01;1;7;0;2;0;11;0;
17080;202200011189;794 031;B01;1;1;0;2;7;1;5;
17081;202200011189;794 036;A01;2;7;0;2;1;9;1;
17082;202200011190;794 028;A01;1;7;0;2;3;13;1;
17083;202200011190;794 029;B01;2;7;0;2;3;1;1;
17084;202200011191;794 025;A01;1;50;0;0;0;1;3;
17085;202200011192;794 024;A01;3;7;0;1;7;4;1;
17086;202200011192;794 027;B01;3;7;0;2;8;1;1;
17087;202200011193;794 022;A01;1;7;0;2;1;15;1;
17088;202200011193;794 026;B01;2;1;0;2;2;1;5;
17089;202200011194;794 020;B01;0;7;0;2;1;13;1;
17090;202200011194;794 023;A01;0;7;0;2;1;1;1;
17091;202200011195;794 017;B01;1;32;0;2;2;1;1;
17092;202200011195;794 021;A01;2;7;0;2;5;1;2;
17093;202200011196;794 016;B01;3;7;0;2;2;15;0;
17094;202200011196;794 019;A01;3;1;0;2;1;1;5;
17095;202200011197;794 013;A01;2;10;0;2;3;13;1;
17096;202200011197;794 015;B01;1;7;0;2;3;1;1;
17097;202200011198;794 014;A01;2;33;0;2;2;1;1;
17098;202200011198;794 018;B01;2;7;0;2;3;1;1;
17099;202200011199;794 012;A01;2;50;2;0;1;25;3;
17100;202200011200;794 010;A01;1;7;0;1;3;9;1;
17101;202200011201;794 007;B01;2;7;0;2;1;1;1;
17102;202200011201;794 011;A01;1;7;0;2;1;5;1;
17103;202200011203;794 003;A01;1;7;0;2;1;1;1;
17104;202200011203;794 005;C01;1;7;0;9;4;1;1;
17105;202200011203;794 008;B01;1;1;0;2;4;1;5;
17106;202200011204;794 001;A01;1;7;0;2;3;13;1;
17107;202200011204;794 002;B01;2;7;0;2;3;1;1;
17108;202200011205;794 000;A01;1;1;0;9;1;21;5;
17109;202200011206;793 999;B01;1;7;0;2;8;15;1;
17110;202200011206;794 004;A01;1;30;0;2;0;0;1;
17111;202200011207;793 997;A01;1;7;2;0;1;1;1;
17112;202200011208;793 998;A01;1;10;0;1;1;15;3;
17113;202200011209;793 994;B01;2;80;1;0;1;1;3;
17114;202200011209;793 996;A01;2;7;0;2;8;22;1;
17115;202200011210;793 992;A01;3;7;15;0;1;1;1;
17116;202200011211;793 989;B01;2;7;0;2;3;1;1;
17117;202200011211;793 991;A01;1;7;2;2;3;1;1;
17118;202200011212;793 990;A01;3;2;0;2;1;2;1;
17119;202200011212;793 993;B01;3;7;0;2;5;15;1;
17120;202200011212;793 995;C01;0;7;0;2;3;2;1;
17121;202200011213;793 986;A01;1;2;0;0;7;1;1;
17122;202200011214;793 987;B01;2;50;0;2;1;1;3;
17123;202200011214;793 988;A01;1;1;0;2;7;15;5;
17124;202200011216;793 983;A01;1;10;0;2;3;15;1;
17125;202200011216;793 984;B01;1;1;0;2;2;1;5;
17126;202200011217;793 981;A01;1;50;0;0;0;15;3;
17127;202200011218;793 979;A01;1;31;0;2;0;17;1;
17128;202200011218;793 980;B01;1;7;0;2;0;15;1;
17129;202200011219;793 975;A01;1;7;0;2;1;2;1;
17130;202200011219;793 978;B01;1;33;0;0;4;2;1;
17131;202200011220;793 974;B01;1;7;0;0;0;0;1;
17132;202200011220;793 977;A01;1;32;0;0;0;0;1;
17133;202200011221;793 973;B01;2;7;0;2;1;1;2;
17134;202200011221;793 976;A01;1;7;0;2;1;13;1;
17135;202200011222;793 970;A01;1;7;6;2;1;14;1;
17136;202200011222;793 972;B01;1;7;0;2;1;2;1;
17137;202200011223;793 968;A01;2;7;0;2;1;15;1;
17138;202200011223;793 971;B01;1;31;0;2;1;1;1;
17139;202200011224;793 966;A01;2;7;0;2;2;19;1;
17140;202200011224;793 969;B01;2;7;0;2;3;1;1;
17141;202200011225;793 965;A01;1;7;0;2;1;1;1;
17142;202200011225;793 967;B01;3;7;0;2;7;19;1;
17143;202200011226;793 962;B01;1;80;0;2;8;19;3;
17144;202200011226;793 964;A01;1;7;0;2;1;16;1;
17145;202200011228;793 961;A01;1;10;0;9;5;22;1;
17146;202200011228;793 963;B01;2;80;1;0;1;1;3;
17147;202200011229;793 955;B01;1;10;0;2;2;1;1;
17148;202200011229;793 958;A01;1;33;0;2;1;9;1;
17149;202200011230;793 953;A01;1;7;0;2;1;1;1;
17150;202200011230;793 956;B01;1;7;0;2;7;11;1;
17151;202200011231;793 952;A01;1;10;0;2;4;1;1;
17152;202200011231;793 954;B01;1;30;0;2;1;1;1;
17153;202200011233;793 946;A01;3;7;0;2;2;20;1;
17154;202200011233;793 949;B01;3;1;0;2;3;1;5;
17155;202200011234;793 945;B01;0;0;0;2;0;0;-1;
17156;202200011234;793 948;A01;1;2;0;2;0;2;1;
17157;202200011235;793 944;B01;1;7;0;2;1;16;1;
17158;202200011235;793 947;A01;1;31;0;2;1;1;1;
17159;202200011236;793 942;B01;1;7;0;2;1;1;1;
17160;202200011236;793 943;A01;1;7;0;2;2;1;1;
17161;202200011238;793 936;A01;2;30;15;0;8;1;1;
17162;202200011239;793 938;A01;2;7;0;2;3;15;2;
17163;202200011240;793 935;A01;1;7;0;2;4;16;1;
17164;202200011240;793 940;B01;1;7;0;2;1;2;1;
17165;202200011241;793 933;A01;2;7;0;9;2;1;1;
17166;202200011241;793 934;C01;2;1;0;0;4;1;5;
17167;202200011241;793 937;B01;2;1;0;0;4;1;5;
17168;202200011242;793 930;A01;1;33;0;2;8;1;1;
17169;202200011242;793 932;B01;1;7;0;2;7;0;1;
17170;202200011243;793 928;A01;1;7;5;0;4;2;1;
17171;202200011244;793 926;B01;1;7;0;2;2;1;1;
17172;202200011244;793 929;A01;2;32;0;2;1;1;1;
17173;202200011245;793 925;B01;2;1;0;2;0;0;5;
17174;202200011245;793 927;A01;1;15;0;9;3;9;1;
17175;202200011246;793 923;A01;2;7;13;0;3;21;1;
17176;202200011247;793 921;A01;3;7;0;1;3;15;3;
17177;202200011248;793 918;D01;1;7;0;2;1;2;1;
17178;202200011248;793 920;C01;1;7;0;2;4;1;2;
17179;202200011248;793 922;B01;1;7;0;2;4;1;1;
17180;202200011248;793 924;A01;1;7;0;2;4;1;1;
17181;202200011249;793 917;B01;0;30;0;2;1;1;1;
17182;202200011249;793 919;A01;3;7;0;2;1;15;1;
17183;202200011250;793 912;A01;1;7;0;2;8;1;1;
17184;202200011250;793 916;B01;1;7;0;2;1;1;1;
17185;202200011251;793 914;A01;1;33;0;0;0;1;1;
17186;202200011252;793 910;A01;3;7;0;2;1;1;1;
17187;202200011252;793 911;B01;3;7;0;2;1;1;1;
17188;202200011253;793 909;C01;2;7;0;2;6;1;1;
17189;202200011253;793 913;B01;2;10;0;2;1;9;1;
17190;202200011253;793 915;A01;1;7;0;2;1;1;1;
17191;202200011254;793 907;B01;2;1;0;2;1;7;5;
17192;202200011254;793 908;A01;2;7;0;2;2;16;1;
17193;202200011255;793 906;A01;1;7;4;0;0;1;1;
17194;202200011256;793 903;A01;3;30;0;2;1;15;1;
17195;202200011256;793 905;B01;0;7;0;2;8;1;1;
17196;202200011257;793 901;A01;3;7;0;2;2;24;1;
17197;202200011257;793 902;B01;3;1;0;0;0;26;5;
17198;202200011258;793 899;B01;2;1;0;2;1;1;5;
17199;202200011258;793 904;A01;1;7;0;9;1;15;1;
17200;202200011259;793 898;B01;1;7;0;2;6;11;1;
17201;202200011259;793 900;A01;1;33;0;2;2;1;1;
17202;202200011260;793 895;B01;1;43;0;2;3;1;1;
17203;202200011260;793 896;A01;1;7;0;2;3;11;2;
17204;202200011262;793 890;B01;1;7;0;2;6;2;2;
17205;202200011262;793 893;A01;1;7;0;2;1;2;1;
17206;202200011263;793 888;A01;1;7;0;1;3;1;2;
17207;202200011264;793 889;A01;3;7;0;2;1;1;1;
17208;202200011264;793 891;B01;2;10;0;2;2;1;1;
17209;202200011265;793 887;B01;2;33;0;2;1;1;1;
17210;202200011265;793 892;A01;1;10;0;2;7;19;1;
17211;202200011266;793 883;A01;1;7;0;2;1;2;1;
17212;202200011266;793 886;B01;1;17;0;2;4;2;1;
17213;202200011267;793 882;B01;2;7;0;2;6;21;1;
17214;202200011267;793 885;A01;2;33;0;2;2;17;1;
17215;202200011268;793 881;B01;1;7;0;2;3;15;1;
17216;202200011268;793 884;A01;1;2;0;2;1;17;1;
17217;202200011269;793 879;B01;1;7;0;0;4;1;1;
17218;202200011269;793 880;A01;1;7;0;2;1;1;1;
17219;202200011270;793 877;A01;2;7;6;0;2;14;1;
17220;202200011271;793 876;B01;1;7;0;2;5;1;1;
17221;202200011271;793 878;A01;1;10;0;2;3;11;1;
17222;202200011272;793 874;B01;3;7;0;2;6;1;1;
17223;202200011272;793 875;A01;3;10;0;2;3;1;1;
17224;202200011273;793 871;B01;3;7;2;2;1;1;1;
17225;202200011273;793 873;A01;3;7;0;2;8;1;1;
17226;202200011274;793 872;A01;2;2;12;0;0;19;1;
17227;202200011275;793 870;A01;1;7;4;0;1;1;1;
17228;202200011276;793 869;A01;1;7;2;0;9;26;1;
17229;202200011277;793 867;A01;2;7;6;0;3;26;1;
17230;202200011278;793 864;A01;2;7;0;0;1;1;1;
17231;202200011279;793 859;A01;0;7;6;0;1;1;1;
17232;202200011280;793 865;A01;2;7;13;0;2;13;1;
17233;202200011281;793 861;D01;2;7;0;2;1;2;1;
17234;202200011281;793 863;C01;2;10;0;2;4;0;1;
17235;202200011281;793 866;B01;2;7;0;0;4;2;1;
17236;202200011281;793 868;A01;2;15;0;2;1;2;1;
17237;202200011282;793 853;A01;1;7;0;2;1;2;1;
17238;202200011282;793 856;B01;1;7;0;0;4;2;1;
17239;202200011282;793 858;C01;1;0;0;2;2;2;6;
17240;202200011283;793 852;A01;3;7;0;2;1;9;1;
17241;202200011283;793 857;B01;3;1;0;2;5;15;5;
17242;202200011284;793 851;A01;0;7;2;0;1;0;1;
17243;202200011285;793 850;C01;1;10;0;2;4;1;1;
17244;202200011285;793 854;B01;1;10;0;2;4;1;1;
17245;202200011285;793 855;A01;1;10;0;2;1;1;1;
17246;202200011286;793 847;A01;1;7;0;2;2;5;1;
17247;202200011286;793 849;B01;2;15;0;2;2;1;1;
17248;202200011289;793 844;B01;1;14;0;2;5;1;1;
17249;202200011289;793 845;A01;1;10;0;2;3;1;1;
17250;202200011290;793 841;B01;3;1;0;2;1;1;5;
17251;202200011290;793 843;A01;3;7;0;2;2;15;1;
17252;202200011292;793 839;B01;3;7;0;2;1;2;1;
17253;202200011292;793 842;A01;1;7;0;2;4;0;1;
17254;202200011293;793 834;B01;2;1;0;2;1;0;5;
17255;202200011293;793 836;A01;1;7;0;9;6;0;1;
17256;202200011294;793 835;A01;2;7;13;0;1;1;1;
17257;202200011296;793 826;C01;3;7;0;2;1;1;1;
17258;202200011296;793 827;B01;3;7;0;2;3;15;1;
17259;202200011296;793 830;A01;3;33;0;2;1;17;1;
17260;202200011297;793 821;A01;1;7;0;2;1;13;1;
17261;202200011297;793 823;B01;2;10;0;2;1;1;1;
17262;202200011298;793 820;G01;2;7;0;2;1;2;2;
17263;202200011298;793 822;A01;2;7;0;2;4;2;1;
17264;202200011298;793 825;B01;2;7;0;2;4;2;1;
17265;202200011298;793 829;C01;2;7;0;2;4;2;1;
17266;202200011298;793 833;D01;2;10;0;2;4;2;1;
17267;202200011298;793 837;E01;2;7;0;2;4;2;1;
17268;202200011298;793 838;F01;2;10;0;2;1;2;1;
17269;202200011299;793 824;A01;3;30;0;2;1;17;1;
17270;202200011299;793 832;B01;3;7;0;2;8;2;1;
17271;202200011300;793 818;A01;1;7;0;2;3;1;1;
17272;202200011300;793 819;B01;2;7;0;2;3;1;1;
17273;202200011301;793 815;B01;1;33;0;2;1;1;1;
17274;202200011301;793 817;A01;1;10;0;2;3;10;1;
17275;202200011302;793 814;A01;3;7;0;1;1;1;1;
17276;202200011303;793 812;B01;1;33;0;2;1;3;1;
17277;202200011303;793 816;A01;1;7;0;2;6;12;1;
17278;202200011304;793 811;A01;2;7;6;0;2;1;1;
17279;202200011306;793 807;B01;0;7;0;2;6;1;1;
17280;202200011306;793 810;A01;0;7;2;2;1;1;1;
17281;202200011307;793 805;B01;1;7;0;2;3;19;1;
17282;202200011307;793 808;A01;2;7;0;2;2;1;1;
17283;202200011308;793 803;A01;2;7;16;0;9;17;1;
17284;202200011309;793 800;A01;3;7;13;0;1;1;1;
17285;202200011310;793 801;B01;1;7;0;2;3;1;1;
17286;202200011310;793 804;A01;2;7;0;2;3;15;1;
17287;202200011311;793 799;A01;2;10;0;2;8;1;1;
17288;202200011311;793 802;B01;2;33;0;2;1;1;1;
17289;202200011312;793 798;A01;1;7;0;1;1;1;1;