;Num_Acc;id_vehicule;num_veh;senc;catv;obs;obsm;choc;manv;motor;occutc
17290;202200011314;793 793;A01;2;33;0;2;1;17;1;
17291;202200011314;793 794;B01;2;3;0;2;3;15;1;
17292;202200011316;793 791;A01;2;7;6;0;2;0;1;
17293;202200011317;793 785;D01;1;7;0;2;3;1;1;
17294;202200011317;793 788;C01;2;7;0;2;1;1;1;
17295;202200011317;793 789;B01;2;7;0;2;5;1;1;
17296;202200011317;793 790;A01;1;7;0;2;0;1;1;
17297;202200011319;793 783;B01;2;7;0;2;1;21;1;
17298;202200011319;793 787;A01;1;33;0;2;1;19;1;
17299;202200011320;793 784;Z01;3;7;15;2;1;15;0;
17300;202200011320;793 786;A01;3;33;12;2;4;16;1;
17301;202200011321;793 780;B01;2;10;0;2;1;2;1;
17302;202200011321;793 781;A01;2;7;0;2;4;2;1;
17303;202200011322;793 779;Z01;1;7;0;1;1;1;1;
17304;202200011323;793 777;Z01;2;7;0;2;0;0;0;
17305;202200011323;793 778;A01;3;30;0;2;4;1;1;
17306;202200011324;793 775;A01;2;7;0;1;5;4;2;
17307;202200011325;793 774;A01;2;7;0;2;5;12;1;
17308;202200011325;793 776;B01;1;7;0;2;2;1;1;
17309;202200011326;793 769;C01;1;7;0;2;1;2;1;
17310;202200011326;793 771;B01;1;10;0;2;1;2;1;
17311;202200011326;793 773;A01;1;7;0;2;4;2;1;
17312;202200011327;793 768;A01;3;7;0;2;5;16;1;
17313;202200011327;793 772;B01;3;33;0;2;8;15;1;
17314;202200011328;793 770;A01;0;34;0;1;3;1;1;
17315;202200011331;793 765;A01;3;10;9;0;1;0;1;
17316;202200011332;793 760;A01;1;7;0;2;3;1;1;
17317;202200011332;793 762;B01;2;7;0;2;3;13;1;
17318;202200011333;793 757;A01;1;7;0;1;1;1;1;
17319;202200011334;793 755;A01;0;7;0;2;6;17;1;
17320;202200011334;793 756;B01;3;2;0;2;1;0;1;
17321;202200011335;793 754;D01;1;7;0;2;4;1;3;
17322;202200011335;793 758;C01;1;7;0;2;1;1;1;
17323;202200011335;793 759;B01;1;7;0;2;4;1;1;
17324;202200011335;793 761;A01;1;7;0;2;1;1;1;
17325;202200011336;793 751;A01;1;7;4;0;2;14;1;
17326;202200011337;793 749;B01;1;7;0;2;1;1;1;
17327;202200011337;793 752;A01;2;7;0;2;3;1;1;
17328;202200011338;793 750;A01;3;32;0;2;0;0;0;
17329;202200011338;793 753;B01;3;7;0;2;0;0;6;
17330;202200011339;793 748;A01;1;7;3;0;1;1;2;
17331;202200011340;793 747;A01;2;7;8;0;3;19;1;
17332;202200011341;793 745;A01;1;7;4;0;3;1;1;
17333;202200011343;793 743;A01;1;7;8;0;8;1;1;
17334;202200011344;793 742;A01;1;10;14;0;1;1;1;
17335;202200011345;793 741;A01;1;33;12;0;0;0;1;
17336;202200011346;793 740;A01;2;7;8;0;1;14;1;
17337;202200011347;793 739;A01;1;7;3;0;1;14;1;
17338;202200011348;793 736;B01;2;32;0;2;1;1;1;
17339;202200011348;793 737;A01;3;7;0;2;2;15;1;
17340;202200011349;793 735;B01;3;7;0;2;7;1;1;
17341;202200011349;793 738;A01;0;2;0;2;1;1;1;
17342;202200011351;793 730;A01;1;7;1;0;1;1;1;
17343;202200011352;793 729;B01;3;7;8;2;9;16;1;
17344;202200011352;793 732;A01;3;7;0;2;2;14;1;
17345;202200011353;793 728;A01;1;7;0;0;0;26;1;
17346;202200011353;793 731;B01;1;15;0;0;0;0;0;
17347;202200011354;793 727;Z01;0;7;0;1;1;0;0;
17348;202200011355;793 724;A01;3;7;0;2;1;19;1;
17349;202200011355;793 726;B01;3;7;0;2;1;1;1;
17350;202200011356;793 722;B01;3;30;0;2;3;1;1;
17351;202200011356;793 723;A01;3;7;0;2;1;9;1;
17352;202200011357;793 725;A01;1;7;0;1;3;15;2;
17353;202200011358;793 719;B01;1;7;2;0;1;1;1;
17354;202200011358;793 720;Z01;1;7;0;0;0;0;0;
17355;202200011359;793 717;A01;1;7;0;2;1;1;1;
17356;202200011359;793 718;B01;1;7;0;2;4;2;1;
17357;202200011359;793 721;D01;1;17;0;2;4;1;1;
17358;202200011360;793 716;A01;3;32;0;0;1;16;1;
17359;202200011361;793 715;A01;1;7;6;0;1;1;1;
17360;202200011362;793 713;Y01;1;1;0;2;1;25;5;
17361;202200011362;793 714;A01;2;7;0;9;2;16;0;
17362;202200011363;793 711;Z01;3;7;0;1;1;13;1;
17363;202200011364;793 710;A01;1;7;0;2;1;2;1;
17364;202200011364;793 712;B01;1;1;0;2;4;1;5;
17365;202200011366;793 707;A01;1;7;0;1;2;1;1;
17366;202200011367;793 705;A01;2;13;0;1;6;20;1;
17367;202200011368;793 703;A01;1;33;0;2;3;1;1;
17368;202200011368;793 706;B01;2;10;0;2;3;0;1;
17369;202200011369;793 701;A01;1;10;0;2;1;2;1;
17370;202200011369;793 704;B01;1;1;0;2;4;2;5;
17371;202200011370;793 697;A01;3;10;0;2;2;17;1;
17372;202200011370;793 699;B01;3;7;0;2;3;16;1;
17373;202200011371;793 695;B01;2;1;0;2;1;1;5;
17374;202200011371;793 698;A01;1;7;0;2;3;15;1;
17375;202200011372;793 694;A01;2;7;13;0;9;0;1;
17376;202200011373;793 693;A01;1;7;0;2;2;19;1;
17377;202200011373;793 696;B01;1;7;0;2;3;1;1;
17378;202200011374;793 691;A01;2;7;0;1;1;1;1;
17379;202200011375;793 690;B01;2;14;0;2;5;23;1;
17380;202200011375;793 692;A01;2;14;0;2;3;2;1;
17381;202200011376;793 688;B01;2;32;0;2;1;1;1;
17382;202200011376;793 689;A01;1;7;0;2;2;15;1;
17383;202200011377;793 685;B01;1;7;1;2;4;23;1;
17384;202200011377;793 687;A01;1;7;1;0;1;2;1;
17385;202200011378;793 683;A01;2;7;0;1;4;20;1;
17386;202200011379;793 682;A01;1;33;2;0;1;1;1;
17387;202200011380;793 680;A01;3;7;2;0;1;1;1;
17388;202200011381;793 681;A01;1;7;3;0;2;1;1;
17389;202200011382;793 678;A01;3;33;0;1;1;26;1;
17390;202200011383;793 677;A01;1;7;0;2;3;1;1;
17391;202200011383;793 679;B01;2;1;0;2;8;19;5;
17392;202200011384;793 676;A01;2;7;13;0;2;1;1;
17393;202200011385;793 675;A01;0;-1;0;1;1;1;1;
17394;202200011386;793 672;A01;2;10;0;1;1;2;1;
17395;202200011387;793 673;A01;2;30;0;1;1;1;3;
17396;202200011388;793 671;A01;1;7;0;1;1;15;1;
17397;202200011389;793 669;B01;1;33;0;2;4;23;1;
17398;202200011389;793 670;A01;1;7;0;2;1;2;1;
17399;202200011390;793 668;A01;2;7;9;1;1;26;1;
17400;202200011391;793 666;B01;-1;34;0;2;1;1;1;
17401;202200011391;793 674;A01;-1;33;0;2;1;1;1;
17402;202200011392;793 665;A01;1;30;0;1;3;1;3;
17403;202200011393;793 664;A01;3;7;0;2;8;15;1;
17404;202200011393;793 667;B01;3;31;0;2;1;1;1;
17405;202200011394;793 661;A01;0;43;0;1;1;1;1;
17406;202200011395;793 660;A01;3;33;0;1;1;1;1;
17407;202200011396;793 662;A01;2;7;0;1;1;1;1;
17408;202200011398;793 658;A01;1;7;0;1;2;0;1;
17409;202200011399;793 655;A01;3;7;2;0;1;19;1;
17410;202200011400;793 654;A01;1;33;0;2;7;15;1;
17411;202200011400;793 657;B01;2;32;0;2;1;1;1;
17412;202200011401;793 651;B01;1;7;0;2;1;1;1;
17413;202200011401;793 652;A01;2;7;0;2;1;15;1;
17414;202200011402;793 648;A01;2;33;0;1;1;1;1;
17415;202200011403;793 647;A01;1;7;0;0;4;23;1;
17416;202200011403;793 650;B01;1;7;1;0;1;17;1;
17417;202200011403;793 653;C01;1;7;0;0;5;2;1;
17418;202200011403;793 656;D01;1;7;0;2;1;11;1;
17419;202200011404;793 646;B01;1;7;0;2;1;1;1;
17420;202200011404;793 649;A01;2;30;0;2;7;1;1;
17421;202200011405;793 643;A01;3;33;0;2;0;0;1;
17422;202200011405;793 645;Z01;3;7;0;2;0;0;1;
17423;202200011406;793 640;A01;1;7;0;2;3;1;1;
17424;202200011406;793 644;B01;1;30;0;2;2;9;1;
17425;202200011408;793 637;A01;1;7;0;1;3;1;1;
17426;202200011409;793 639;A01;1;7;0;2;2;17;1;
17427;202200011409;793 642;B01;1;1;0;2;4;26;5;
17428;202200011410;793 633;Z01;2;3;0;1;1;15;0;
17429;202200011411;793 631;B01;3;7;14;2;2;1;1;
17430;202200011411;793 636;A01;3;7;0;2;1;9;1;
17431;202200011412;793 630;A01;1;33;0;2;1;23;1;
17432;202200011412;793 635;Z01;2;7;0;2;8;16;0;
17433;202200011413;793 632;A01;1;7;0;2;2;14;1;
17434;202200011413;793 634;B01;1;1;0;0;4;1;5;
17435;202200011414;793 627;A01;2;30;0;1;1;3;1;
17436;202200011415;793 626;A01;1;7;0;2;1;1;1;
17437;202200011415;793 629;B01;2;7;0;2;1;15;1;
17438;202200011416;793 625;A01;1;1;0;0;0;1;5;
17439;202200011417;793 624;B01;2;7;0;2;4;16;1;
17440;202200011417;793 628;A01;2;32;0;2;1;2;1;
17441;202200011418;793 623;A01;2;31;15;0;1;1;1;
17442;202200011419;793 621;B01;1;33;0;2;7;17;1;
17443;202200011419;793 622;A01;1;7;0;2;3;15;1;
17444;202200011420;793 619;A01;2;7;3;0;1;0;1;
17445;202200011421;793 618;A01;1;10;8;0;2;1;1;
17446;202200011422;793 617;B01;2;31;0;2;1;1;1;
17447;202200011422;793 620;A01;2;1;0;2;4;9;5;
17448;202200011423;793 615;A01;2;37;0;1;2;1;1;2.0
17449;202200011424;793 616;A01;1;33;12;0;1;1;1;
17450;202200011425;793 613;A01;2;7;0;2;2;1;1;
17451;202200011425;793 614;B01;2;10;0;2;4;1;1;
17452;202200011426;793 612;A01;2;32;2;0;7;14;1;
17453;202200011427;793 608;A01;3;7;0;9;3;15;1;
17454;202200011427;793 610;B01;3;1;0;2;3;1;5;
17455;202200011428;793 606;A01;0;34;0;2;0;1;1;
17456;202200011428;793 607;B01;0;7;0;2;6;15;1;
17457;202200011429;793 605;A01;1;99;0;0;1;26;3;
17458;202200011431;793 603;A01;1;7;13;0;0;0;1;
17459;202200011432;793 601;B01;2;7;0;2;1;1;1;
17460;202200011432;793 604;A01;1;7;0;2;1;13;1;
17461;202200011433;793 599;B01;1;1;0;2;1;19;5;
17462;202200011433;793 602;A01;3;7;0;2;2;1;1;
17463;202200011434;793 598;B01;2;50;0;2;1;1;3;
17464;202200011434;793 600;A01;1;30;0;2;1;17;1;
17465;202200011435;793 597;A01;2;33;13;0;1;2;1;
17466;202200011436;793 596;Z01;1;10;0;1;1;0;0;
17467;202200011437;793 592;B01;2;7;0;2;3;24;1;
17468;202200011437;793 595;A01;1;1;1;0;3;15;5;
17469;202200011438;793 591;A01;1;7;0;1;3;2;1;
17470;202200011439;793 590;B01;1;1;0;2;4;2;5;
17471;202200011439;793 593;A01;1;7;0;2;2;2;1;
17472;202200011440;793 589;A01;3;7;1;0;7;6;1;
17473;202200011441;793 588;A01;1;7;0;1;8;1;1;
17474;202200011442;793 586;A01;1;7;0;2;2;15;1;
17475;202200011442;793 587;B01;2;7;0;2;1;1;0;
17476;202200011443;793 583;A01;1;50;0;2;7;5;3;
17477;202200011443;793 585;B01;1;10;0;2;0;1;0;
17478;202200011444;793 579;B01;1;7;0;2;1;2;1;
17479;202200011444;793 582;A01;1;7;0;0;4;15;1;
17480;202200011446;793 578;B01;2;21;0;2;3;1;1;
17481;202200011446;793 580;A01;1;33;0;2;1;1;1;
17482;202200011447;793 577;B01;2;7;0;2;3;13;2;
17483;202200011447;793 581;C01;2;50;0;2;4;1;3;
17484;202200011447;793 584;A01;2;1;0;2;0;1;5;
17485;202200011448;793 574;A01;2;7;0;1;1;15;3;
17486;202200011449;793 571;A01;1;7;15;0;3;14;1;
17487;202200011450;793 570;B01;3;7;0;2;4;2;1;
17488;202200011450;793 573;A01;3;7;0;2;1;2;1;
17489;202200011450;793 575;C01;3;10;0;2;4;2;0;
17490;202200011451;793 569;A01;2;32;0;2;6;13;1;
17491;202200011451;793 572;B01;2;10;0;2;2;1;6;
17492;202200011452;793 567;A01;1;30;0;2;1;18;3;
17493;202200011452;793 568;B01;1;7;0;2;2;16;1;
17494;202200011453;793 562;A01;3;34;0;2;1;17;1;
17495;202200011453;793 565;B01;3;7;0;2;3;15;2;
17496;202200011454;793 563;B01;3;1;0;2;3;19;5;
17497;202200011454;793 566;A01;1;7;0;0;1;1;1;
17498;202200011455;793 558;A01;2;42;0;2;1;1;1;
17499;202200011455;793 559;C01;1;7;0;2;3;1;1;
17500;202200011455;793 560;D01;2;7;0;2;3;1;1;
17501;202200011455;793 564;B01;2;7;0;2;6;1;1;
17502;202200011456;793 557;A01;2;50;0;2;1;1;3;
17503;202200011456;793 561;Z01;2;7;0;2;3;15;0;
17504;202200011457;793 556;A01;3;7;6;0;2;0;1;
17505;202200011458;793 553;Z01;1;30;0;1;0;1;0;
17506;202200011459;793 549;B01;0;7;0;2;2;2;1;
17507;202200011459;793 551;A01;0;7;0;2;4;4;1;
17508;202200011460;793 554;A01;0;7;2;9;0;1;1;
17509;202200011460;793 555;B01;0;50;0;2;0;0;3;
17510;202200011461;793 548;B01;1;33;0;2;1;16;1;
17511;202200011461;793 550;A01;1;7;0;2;3;15;1;
17512;202200011462;793 545;B01;1;7;0;2;1;2;1;
17513;202200011462;793 546;A01;1;7;0;2;4;2;1;
17514;202200011463;793 547;A01;2;10;0;2;3;15;1;
17515;202200011463;793 552;B01;3;7;0;2;3;1;1;
17516;202200011464;793 543;A01;2;32;8;0;1;14;1;
17517;202200011465;793 540;A01;1;33;6;0;2;14;1;
17518;202200011466;793 539;B01;2;7;0;2;3;1;1;
17519;202200011466;793 541;C01;1;7;0;2;3;0;1;
17520;202200011466;793 542;A01;2;7;0;2;1;1;1;
17521;202200011467;793 537;A01;2;1;0;1;1;1;5;
17522;202200011468;793 538;B01;2;17;0;0;6;24;1;
17523;202200011468;793 544;A01;2;17;1;0;2;1;1;
17524;202200011469;793 533;A01;1;7;8;0;1;2;1;
17525;202200011472;793 531;A01;2;7;0;0;1;1;1;
17526;202200011474;793 528;A01;0;7;0;2;1;17;2;
17527;202200011474;793 529;B01;0;7;0;2;4;1;1;
17528;202200011475;793 527;A01;2;33;3;0;1;1;1;
17529;202200011478;793 522;A01;1;7;8;0;2;14;1;
17530;202200011479;793 519;B01;1;7;0;2;2;1;1;
17531;202200011479;793 523;A01;2;7;1;2;5;1;1;
17532;202200011480;793 516;B01;1;7;0;2;6;16;2;
17533;202200011480;793 518;A01;1;33;0;2;2;16;0;
17534;202200011481;793 515;B01;2;1;0;2;1;1;5;
17535;202200011481;793 517;A01;3;7;0;9;3;15;1;
17536;202200011482;793 512;B01;1;15;3;2;1;1;1;
17537;202200011482;793 513;A01;2;7;0;2;1;5;1;
17538;202200011483;793 511;B01;1;7;0;2;3;15;2;
17539;202200011483;793 514;A01;2;30;0;2;1;1;1;
17540;202200011484;793 508;B01;2;33;0;2;1;1;1;
17541;202200011484;793 510;A01;2;7;0;2;5;15;1;
17542;202200011487;793 503;B01;2;7;0;2;3;1;2;
17543;202200011487;793 507;A01;2;1;0;2;2;12;5;
17544;202200011489;793 496;A01;2;7;0;2;4;23;1;
17545;202200011489;793 500;B01;2;7;0;2;1;2;1;
17546;202200011490;793 497;A01;3;7;0;2;2;15;1;
17547;202200011490;793 499;B01;3;31;0;2;1;1;1;
17548;202200011491;793 494;B01;2;7;0;2;4;1;1;
17549;202200011491;793 498;C01;2;7;0;2;4;12;1;
17550;202200011491;793 502;A01;2;7;0;2;1;1;1;
17551;202200011492;793 493;A01;0;2;0;2;1;5;1;
17552;202200011492;793 495;B01;0;7;0;2;1;1;1;
17553;202200011493;793 491;A01;1;7;0;2;3;15;1;
17554;202200011493;793 492;B01;1;32;0;2;0;15;1;
17555;202200011494;793 487;B01;2;2;0;2;1;1;3;
17556;202200011494;793 490;A01;2;7;0;2;4;1;1;
17557;202200011495;793 485;A01;2;7;0;2;3;9;1;
17558;202200011495;793 489;B01;2;33;0;2;5;16;1;
17559;202200011496;793 483;A01;3;7;0;2;2;1;1;
17560;202200011496;793 486;B01;3;32;0;2;0;0;1;
17561;202200011497;793 484;B01;2;43;0;2;3;1;1;
17562;202200011497;793 488;A01;2;10;0;0;6;1;1;
17563;202200011498;793 479;A01;0;7;13;0;0;1;1;
17564;202200011499;793 477;B01;1;30;0;2;2;2;1;
17565;202200011499;793 481;A01;1;7;0;2;3;10;1;
17566;202200011500;793 476;A01;1;7;0;2;8;1;1;
17567;202200011500;793 480;B01;2;33;0;2;8;13;1;
17568;202200011501;793 478;A01;1;33;0;2;1;17;1;
17569;202200011501;793 482;B01;2;10;0;2;5;15;1;
17570;202200011502;793 473;A01;2;7;2;0;1;1;1;
17571;202200011503;793 474;A01;1;7;0;1;2;1;1;
17572;202200011504;793 472;A01;2;33;0;0;0;21;1;
17573;202200011504;793 475;B01;2;7;0;0;0;9;1;
17574;202200011505;793 471;A01;1;7;0;1;3;15;1;
17575;202200011506;793 469;A01;1;33;7;0;1;14;1;
17576;202200011507;793 467;A01;1;7;0;1;2;2;1;
17577;202200011508;793 466;A01;3;7;0;2;2;1;1;
17578;202200011508;793 470;B01;3;60;0;2;1;6;5;
17579;202200011509;793 465;A01;2;10;0;2;1;1;1;
17580;202200011509;793 468;B01;1;7;0;2;1;1;1;
17581;202200011510;793 459;B01;2;2;0;0;2;17;1;
17582;202200011510;793 463;A01;0;7;0;0;0;0;1;
17583;202200011511;793 458;B01;2;7;0;2;1;0;1;
17584;202200011511;793 462;A01;1;7;0;2;1;0;1;
17585;202200011512;793 461;B01;2;1;0;2;4;1;5;
17586;202200011512;793 464;A01;2;7;0;2;1;1;1;
17587;202200011513;793 457;B01;2;7;0;2;1;15;1;
17588;202200011513;793 460;A01;1;2;0;2;2;1;1;
17589;202200011514;793 456;A01;3;32;0;2;8;1;1;
17590;202200011515;793 455;A01;2;7;0;1;3;26;1;
17591;202200011516;793 453;A01;1;7;0;1;8;15;1;
17592;202200011518;793 452;B01;2;7;0;2;1;1;1;
17593;202200011518;793 454;A01;1;7;0;2;7;1;1;
17594;202200011519;793 448;A01;1;7;0;2;3;9;1;
17595;202200011519;793 449;B01;2;1;0;2;1;1;5;
17596;202200011520;793 446;A01;1;7;0;0;0;1;1;
17597;202200011521;793 445;A01;3;10;0;2;6;26;1;
17598;202200011521;793 447;B01;1;34;0;2;1;1;1;
17599;202200011522;793 441;C01;3;7;0;0;4;23;1;
17600;202200011522;793 442;B01;3;7;0;2;4;23;1;
17601;202200011522;793 444;A01;3;10;0;2;1;2;1;
17602;202200011523;793 438;A01;2;31;0;9;0;0;1;
17603;202200011523;793 439;B01;2;7;0;0;0;0;1;
17604;202200011524;793 440;B01;2;7;0;2;3;1;2;
17605;202200011524;793 443;A01;1;2;0;2;1;26;1;
17606;202200011526;793 435;B01;3;15;0;2;2;15;1;
17607;202200011526;793 436;A01;3;7;0;0;1;1;1;
17608;202200011527;793 432;B01;2;7;0;2;1;1;1;
17609;202200011527;793 434;A01;1;7;0;2;1;13;1;
17610;202200011528;793 430;A01;2;7;2;0;9;13;1;
17611;202200011529;793 431;B01;1;80;0;2;8;0;3;
17612;202200011529;793 433;A01;1;7;0;2;2;1;3;
17613;202200011530;793 427;A01;2;7;7;0;9;1;1;
17614;202200011531;793 426;C01;1;10;0;9;2;2;1;
17615;202200011531;793 428;B01;1;7;0;2;1;21;1;
17616;202200011531;793 429;A01;2;7;0;2;1;13;1;
17617;202200011532;793 425;A01;2;7;3;6;1;2;1;
17618;202200011533;793 424;A01;1;7;2;0;7;1;1;
17619;202200011534;793 422;A01;3;7;13;0;1;1;1;
17620;202200011535;793 421;A01;1;7;0;2;2;19;1;
17621;202200011535;793 423;B01;1;33;0;2;1;1;1;
17622;202200011536;793 420;A01;3;7;6;0;1;1;1;
17623;202200011537;793 419;A01;2;33;2;0;0;1;1;
17624;202200011538;793 418;A01;2;36;10;0;3;1;1;
17625;202200011540;793 415;A01;1;7;0;2;1;1;1;
17626;202200011540;793 416;B01;2;7;0;2;1;1;1;
17627;202200011541;793 413;B01;2;1;0;2;1;5;5;
17628;202200011541;793 414;A01;1;7;0;2;7;1;1;
17629;202200011542;793 410;C01;2;17;14;0;2;1;1;
17630;202200011542;793 411;B01;2;7;0;0;6;1;1;
17631;202200011542;793 412;A01;2;7;0;2;1;2;1;
17632;202200011543;793 408;A01;2;7;0;2;1;5;1;
17633;202200011543;793 409;B01;2;15;0;2;1;1;1;
17634;202200011544;793 406;B01;1;7;0;2;1;1;1;
17635;202200011544;793 407;A01;2;7;0;2;3;19;1;
17636;202200011545;793 405;A01;1;10;6;0;8;13;1;
17637;202200011546;793 402;B01;2;7;0;2;1;14;1;
17638;202200011546;793 404;A01;1;7;0;2;1;13;1;
17639;202200011547;793 401;A01;1;7;0;2;8;13;1;
17640;202200011547;793 403;B01;1;14;13;2;8;1;1;
17641;202200011548;793 398;B01;1;7;0;2;3;15;1;
17642;202200011548;793 400;A01;1;7;17;2;2;17;1;
17643;202200011549;793 397;A01;2;7;3;2;1;1;1;
17644;202200011549;793 399;B01;1;7;0;2;3;1;1;
17645;202200011550;793 395;B01;2;7;0;2;3;1;1;
17646;202200011550;793 396;A01;1;7;0;2;3;13;3;
17647;202200011551;793 394;A01;2;33;0;0;0;1;1;
17648;202200011552;793 393;A01;2;7;8;0;3;21;1;
17649;202200011553;793 390;A01;1;7;0;2;1;19;1;
17650;202200011553;793 392;B01;2;7;0;2;1;1;2;
17651;202200011554;793 389;B01;2;7;1;2;6;1;1;
17652;202200011554;793 391;A01;1;7;0;2;3;13;1;
17653;202200011555;793 388;A01;1;7;0;0;9;1;1;
17654;202200011556;793 387;A01;1;33;0;0;1;1;1;
17655;202200011557;793 385;A01;1;33;0;0;8;1;1;
17656;202200011558;793 386;A01;2;7;2;0;1;6;1;
17657;202200011559;793 382;A01;0;7;0;0;0;0;1;
17658;202200011560;793 381;A01;2;7;0;2;2;2;1;
17659;202200011560;793 383;B01;2;1;0;2;6;2;5;
17660;202200011560;793 384;C01;2;1;0;2;6;2;5;
17661;202200011561;793 379;A01;1;33;0;6;8;0;1;
17662;202200011562;793 378;A01;2;15;0;2;2;21;1;
17663;202200011562;793 380;B01;1;7;0;2;1;5;1;
17664;202200011563;793 377;A01;3;32;15;0;1;0;1;
17665;202200011564;793 375;A01;1;31;15;0;0;2;1;
17666;202200011565;793 374;A01;1;10;0;9;7;1;6;
17667;202200011565;793 376;B01;1;1;0;2;8;1;5;
17668;202200011566;793 371;A01;2;10;0;0;4;1;1;
17669;202200011566;793 373;B01;2;32;0;2;1;1;1;
17670;202200011567;793 366;E01;3;10;0;2;1;1;1;
17671;202200011567;793 368;A01;3;7;0;2;4;1;1;
17672;202200011567;793 369;B01;3;7;0;2;9;1;1;
17673;202200011567;793 370;C01;3;7;0;2;9;1;1;
17674;202200011567;793 372;D01;3;7;0;2;9;1;1;
17675;202200011568;793 365;B01;1;7;0;2;3;2;1;
17676;202200011568;793 367;A01;2;7;0;2;1;17;1;
17677;202200011570;793 362;B01;2;17;0;2;3;1;1;
17678;202200011570;793 363;A01;1;7;0;2;3;11;1;
17679;202200011571;793 360;A01;0;7;0;2;3;13;1;
17680;202200011571;793 361;B01;0;33;0;2;3;21;1;
17681;202200011572;793 356;B01;2;7;0;0;3;1;2;
17682;202200011572;793 358;A01;1;7;0;2;3;1;1;
17683;202200011573;793 357;B01;1;3;0;2;7;15;0;
17684;202200011573;793 359;A01;1;31;0;2;1;1;0;
17685;202200011574;793 354;A01;3;7;0;2;1;9;1;
17686;202200011574;793 355;B01;1;33;7;2;8;1;1;
17687;202200011575;793 351;B01;0;33;2;0;0;0;1;
17688;202200011575;793 352;A01;0;34;13;0;0;0;1;
17689;202200011576;793 350;A01;2;33;13;0;1;13;1;
17690;202200011577;793 349;A01;2;7;0;0;9;1;1;
17691;202200011578;793 348;A01;1;7;2;0;2;1;1;
17692;202200011579;793 347;A01;1;7;13;0;3;1;1;
17693;202200011580;793 343;B01;1;7;0;2;3;16;1;
17694;202200011580;793 345;A01;2;33;0;2;3;1;1;
17695;202200011582;793 342;A01;0;7;0;1;8;13;1;
17696;202200011583;793 340;B01;3;1;0;2;3;2;5;
17697;202200011583;793 341;A01;3;7;0;2;2;2;1;
17698;202200011584;793 338;B01;3;7;0;2;1;1;1;
17699;202200011584;793 339;A01;3;50;0;2;1;19;3;
17700;202200011585;793 336;B01;0;7;0;2;1;9;1;
17701;202200011585;793 337;A01;1;33;0;2;2;1;1;
17702;202200011586;793 333;C01;0;7;0;2;0;2;1;
17703;202200011586;793 334;B01;0;7;0;2;0;23;1;
17704;202200011586;793 335;A01;0;7;12;2;0;0;1;
17705;202200011588;793 330;A01;3;7;0;2;3;1;1;
17706;202200011588;793 332;B01;3;7;0;2;1;15;2;
17707;202200011589;793 329;A01;2;2;8;0;2;14;1;
17708;202200011590;793 326;A01;2;7;13;0;2;11;1;
17709;202200011591;793 327;A01;2;10;0;2;3;15;1;
17710;202200011591;793 328;B01;2;34;0;0;1;1;1;
17711;202200011592;793 325;A01;1;33;0;0;8;1;1;
17712;202200011594;793 323;B01;2;7;0;2;1;9;1;
17713;202200011594;793 324;A01;3;2;8;0;2;1;1;
17714;202200011595;793 321;A01;2;7;6;0;1;0;1;
17715;202200011596;793 319;A01;0;33;0;2;1;1;1;
17716;202200011596;793 320;B01;3;10;0;2;7;15;1;
17717;202200011597;793 316;A01;1;7;0;2;6;23;1;
17718;202200011597;793 318;B01;1;7;0;2;2;1;1;
17719;202200011598;793 312;Z01;2;7;0;2;7;12;1;
17720;202200011598;793 314;A01;2;31;0;2;8;1;1;
17721;202200011599;793 307;B01;1;7;0;2;1;0;1;
17722;202200011599;793 309;C01;1;7;0;2;1;0;1;
17723;202200011599;793 310;A01;1;31;3;2;4;1;1;
17724;202200011600;793 305;A01;1;10;0;2;1;2;1;
17725;202200011600;793 306;B01;1;10;0;0;4;2;1;
17726;202200011600;793 308;C01;1;33;0;0;8;2;1;
17727;202200011600;793 311;D01;1;7;0;0;5;2;1;
17728;202200011600;793 313;E01;1;7;0;0;8;2;1;
17729;202200011600;793 315;F01;1;7;0;0;8;2;1;
17730;202200011600;793 317;G01;1;7;0;0;4;2;1;
17731;202200011601;793 304;A01;2;7;4;0;6;1;1;
17732;202200011602;793 303;A01;3;30;6;0;3;0;1;
17733;202200011603;793 301;A01;2;33;0;2;8;17;1;
17734;202200011603;793 302;B01;2;7;0;2;8;1;2;
17735;202200011604;793 299;A01;2;7;4;0;1;0;1;
17736;202200011605;793 298;A01;2;1;0;2;1;5;5;
17737;202200011605;793 300;B01;1;7;0;9;3;1;1;
17738;202200011607;793 292;C01;2;7;0;2;4;1;1;
17739;202200011607;793 293;B01;2;7;0;2;1;1;1;
17740;202200011607;793 295;A01;2;7;0;2;1;1;1;
17741;202200011608;793 290;B01;2;7;0;2;1;1;1;
17742;202200011608;793 291;A01;2;7;0;2;4;24;1;
17743;202200011609;793 288;A01;2;7;0;2;1;1;1;
17744;202200011609;793 289;B01;2;7;0;2;4;1;1;
17745;202200011610;793 287;A01;1;7;0;0;1;1;1;
17746;202200011611;793 285;Z01;2;7;0;2;0;0;1;
17747;202200011611;793 286;A01;2;7;0;2;7;2;2;
17748;202200011612;793 282;A01;2;7;0;2;1;5;1;
17749;202200011612;793 284;B01;1;7;0;2;1;1;1;
17750;202200011613;793 283;B01;2;7;4;0;2;14;1;