;Num_Acc;id_vehicule;num_veh;senc;catv;obs;obsm;choc;manv;motor;occutc
17751;202200011614;793 279;A01;2;33;0;2;8;3;1;
17752;202200011614;793 281;B01;2;7;0;2;2;12;2;
17753;202200011616;793 274;C01;2;7;0;2;4;2;1;
17754;202200011616;793 275;B01;2;7;0;2;4;2;1;
17755;202200011616;793 276;A01;2;7;0;2;1;2;2;
17756;202200011617;793 273;A01;2;17;1;1;1;2;1;
17757;202200011618;793 271;B01;2;7;0;2;4;1;1;
17758;202200011618;793 272;A01;2;33;0;2;1;2;1;
17759;202200011619;793 268;A01;1;7;0;2;1;1;1;
17760;202200011619;793 269;B01;1;7;4;2;3;17;1;
17761;202200011620;793 267;A01;2;7;0;2;1;1;1;
17762;202200011620;793 270;B01;2;7;0;2;4;1;1;
17763;202200011621;793 266;A01;2;7;4;0;9;12;1;
17764;202200011622;793 260;D01;1;7;0;2;4;2;1;
17765;202200011622;793 263;C01;1;7;0;2;4;2;1;
17766;202200011622;793 264;B01;1;7;0;2;4;2;1;
17767;202200011622;793 265;A01;1;7;0;2;1;2;1;
17768;202200011624;793 257;B01;1;7;0;2;2;23;1;
17769;202200011624;793 259;A01;1;7;0;2;4;0;0;
17770;202200011626;793 253;A01;3;33;0;1;1;1;1;
17771;202200011627;793 254;B01;2;7;0;2;5;1;1;
17772;202200011627;793 255;A01;2;33;0;2;1;3;1;
17773;202200011628;793 252;A01;2;33;0;0;8;2;1;
17774;202200011629;793 251;A01;1;10;0;1;2;16;1;
17775;202200011631;793 249;A01;0;7;0;1;6;4;1;
17776;202200011632;793 247;A01;1;10;0;1;3;15;1;
17777;202200011633;793 245;A01;1;10;0;2;1;21;1;
17778;202200011633;793 246;B01;1;7;4;0;4;0;1;
17779;202200011633;793 248;C01;1;10;4;0;2;13;1;
17780;202200011634;793 242;A01;-1;7;0;0;0;-1;1;
17781;202200011635;793 241;A01;2;33;0;2;7;21;1;
17782;202200011635;793 243;B01;2;7;0;2;8;1;1;
17783;202200011636;793 240;A01;3;7;0;1;2;15;1;
17784;202200011637;793 237;A01;1;33;0;2;1;3;1;
17785;202200011637;793 238;B01;1;7;0;2;8;11;1;
17786;202200011637;793 239;C01;1;7;0;2;4;1;1;
17787;202200011638;793 236;A01;2;1;0;0;0;9;5;
17788;202200011639;793 234;A01;1;7;0;1;1;1;1;
17789;202200011640;793 233;A01;2;33;0;2;5;2;1;
17790;202200011640;793 235;B01;2;31;0;2;1;3;1;
17791;202200011641;793 232;Z01;3;7;0;1;0;1;1;
17792;202200011642;793 231;A01;3;10;0;1;1;16;1;
17793;202200011643;793 229;A01;1;7;0;2;3;13;1;
17794;202200011643;793 230;B01;2;7;0;2;3;1;1;
17795;202200011644;793 226;A01;1;2;4;0;1;1;1;
17796;202200011645;793 227;A01;2;10;0;2;7;15;1;
17797;202200011645;793 228;B01;1;1;0;2;1;1;5;
17798;202200011647;793 222;A01;3;34;0;2;7;15;1;
17799;202200011647;793 223;C01;2;7;0;2;1;1;1;
17800;202200011647;793 224;B01;2;7;0;2;3;1;1;
17801;202200011649;793 219;A01;1;7;13;0;2;26;1;
17802;202200011650;793 218;A01;1;1;0;0;0;0;5;
17803;202200011651;793 217;A01;1;7;8;1;1;14;1;
17804;202200011652;793 215;A01;2;7;0;2;1;0;1;
17805;202200011652;793 216;B01;2;7;0;2;4;0;1;
17806;202200011653;793 214;A01;1;31;0;0;8;13;3;
17807;202200011654;793 212;A01;2;50;0;2;1;18;3;
17808;202200011654;793 213;B01;2;7;0;2;7;22;1;
17809;202200011655;793 209;A01;1;33;0;2;1;2;1;
17810;202200011655;793 210;B01;1;7;0;2;4;2;2;
17811;202200011656;793 208;B01;2;33;0;2;1;1;1;
17812;202200011656;793 211;A01;1;7;0;2;4;12;1;
17813;202200011658;793 204;B01;1;7;0;2;4;23;1;
17814;202200011658;793 205;A01;1;7;0;2;1;2;1;
17815;202200011659;793 203;A01;1;7;0;1;2;9;2;
17816;202200011660;793 199;B01;3;50;0;2;8;26;3;
17817;202200011660;793 201;A01;3;10;0;2;2;16;3;
17818;202200011661;793 196;A01;1;7;1;0;2;1;1;
17819;202200011661;793 198;B01;1;7;0;0;6;24;1;
17820;202200011662;793 197;B01;3;7;0;2;8;1;1;
17821;202200011662;793 200;A01;3;31;0;2;1;9;1;
17822;202200011663;793 194;A01;2;2;0;2;0;1;1;
17823;202200011663;793 195;B01;1;7;0;2;0;1;1;
17824;202200011664;793 192;B01;3;10;0;2;7;1;1;
17825;202200011664;793 193;A01;3;0;0;2;1;0;1;
17826;202200011666;793 186;A01;2;30;0;2;1;2;1;
17827;202200011666;793 188;B01;2;7;0;2;4;1;0;
17828;202200011667;793 187;A01;3;7;0;2;1;1;1;
17829;202200011667;793 189;B01;3;7;0;2;4;20;1;
17830;202200011668;793 183;B01;1;7;0;2;1;1;1;
17831;202200011668;793 185;A01;1;1;0;2;8;11;5;
17832;202200011669;793 182;A01;3;7;0;2;1;1;1;
17833;202200011669;793 184;B01;3;7;0;2;4;23;1;
17834;202200011670;793 180;B01;1;1;0;2;8;1;5;
17835;202200011670;793 181;A01;2;33;0;2;7;16;1;
17836;202200011671;793 179;A01;1;7;0;1;1;1;1;
17837;202200011672;793 177;B01;1;1;0;2;4;2;5;
17838;202200011672;793 178;A01;1;7;0;2;2;18;1;
17839;202200011673;793 175;A01;2;7;0;1;1;21;1;
17840;202200011674;793 174;A01;2;7;0;2;1;15;1;
17841;202200011674;793 176;B01;1;7;0;2;3;0;1;
17842;202200011675;793 173;A01;1;33;3;0;1;14;1;
17843;202200011677;793 170;B01;1;10;0;2;4;4;1;
17844;202200011677;793 172;A01;1;33;0;2;3;2;1;
17845;202200011678;793 169;A01;2;7;0;0;2;26;1;
17846;202200011679;793 167;A01;2;1;0;0;0;0;5;
17847;202200011680;793 166;A01;1;33;0;2;2;10;1;
17848;202200011680;793 168;B01;2;7;0;2;3;1;1;
17849;202200011681;793 164;B01;2;50;0;2;1;1;3;
17850;202200011681;793 165;A01;1;7;0;2;3;13;1;
17851;202200011683;793 161;A01;0;7;13;0;1;15;1;
17852;202200011684;793 160;A01;1;33;12;0;1;17;1;
17853;202200011685;793 158;B01;2;50;0;2;1;1;3;
17854;202200011685;793 159;A01;1;7;0;2;3;15;1;
17855;202200011686;793 155;A01;1;7;6;1;1;1;1;
17856;202200011687;793 156;A01;3;7;0;2;1;2;0;
17857;202200011687;793 157;B01;3;33;0;2;4;2;1;
17858;202200011688;793 154;A01;1;33;0;0;2;1;1;
17859;202200011689;793 153;A01;3;30;0;1;1;1;1;
17860;202200011691;793 151;A01;2;3;2;0;4;4;1;
17861;202200011692;793 149;B01;0;1;0;2;3;0;5;
17862;202200011692;793 150;A01;0;10;0;2;0;0;1;
17863;202200011693;793 146;A01;1;7;0;2;1;16;1;
17864;202200011693;793 148;B01;1;7;15;2;4;1;1;
17865;202200011694;793 145;A01;3;7;0;2;3;15;1;
17866;202200011694;793 147;B01;3;43;0;2;2;1;1;
17867;202200011695;793 141;B01;1;31;0;2;1;1;1;
17868;202200011695;793 143;A01;2;7;0;2;7;15;1;
17869;202200011696;793 142;A01;1;7;0;2;2;15;1;
17870;202200011696;793 144;B01;2;30;0;2;1;1;1;
17871;202200011698;793 138;B01;2;50;0;2;7;1;3;
17872;202200011698;793 139;A01;1;7;0;2;1;1;1;
17873;202200011699;793 136;A01;1;7;0;1;3;1;1;
17874;202200011700;793 133;A01;2;7;6;0;8;1;1;
17875;202200011701;793 134;B01;3;30;0;2;8;26;1;
17876;202200011701;793 135;A01;0;7;0;2;7;18;0;
17877;202200011702;793 130;A01;2;7;0;2;2;1;1;
17878;202200011702;793 132;B01;1;1;0;2;1;0;5;
17879;202200011704;793 127;B01;1;7;0;2;1;1;1;
17880;202200011704;793 128;A01;2;7;0;2;2;26;1;
17881;202200011705;793 124;A01;1;7;0;1;3;1;1;
17882;202200011706;793 125;A01;3;7;0;2;1;9;1;
17883;202200011706;793 126;B01;3;7;0;2;4;23;1;
17884;202200011707;793 121;C01;1;7;0;2;4;1;1;
17885;202200011707;793 122;B01;1;7;0;2;9;1;1;
17886;202200011707;793 123;A01;1;7;0;2;1;1;1;
17887;202200011708;793 119;B01;1;10;0;2;6;9;1;
17888;202200011708;793 120;A01;1;7;0;2;1;12;1;
17889;202200011709;793 117;A01;2;7;0;2;4;1;1;
17890;202200011709;793 118;B01;2;7;0;2;1;0;1;
17891;202200011710;793 115;A01;1;7;1;0;1;20;3;
17892;202200011711;793 114;A01;2;7;0;2;3;9;1;
17893;202200011711;793 116;B01;3;1;0;2;7;1;5;
17894;202200011712;793 112;A01;1;33;1;0;7;1;1;
17895;202200011713;793 111;A01;1;7;0;2;5;20;1;
17896;202200011713;793 113;B01;1;1;0;2;1;25;5;
17897;202200011714;793 110;A01;0;7;0;1;1;9;1;
17898;202200011715;793 108;A01;3;7;0;1;5;13;2;
17899;202200011716;793 104;B01;1;33;0;2;1;1;1;
17900;202200011716;793 106;A01;1;7;0;2;3;19;1;
17901;202200011718;793 101;A01;1;50;0;2;0;1;3;
17902;202200011718;793 102;B01;1;7;0;2;2;1;1;
17903;202200011719;793 100;A01;3;7;0;1;2;26;3;
17904;202200011720;793 099;A01;0;7;0;1;1;1;1;
17905;202200011721;793 097;B01;1;50;0;2;1;1;3;
17906;202200011721;793 098;A01;1;7;0;2;3;16;1;
17907;202200011722;793 095;A01;1;32;0;2;2;2;1;
17908;202200011722;793 096;B01;1;7;16;0;8;15;0;
17909;202200011723;793 094;A01;1;37;0;1;2;1;1;1.0
17910;202200011724;793 093;A01;1;33;0;0;8;1;1;
17911;202200011725;793 091;B01;1;7;0;2;4;2;1;
17912;202200011725;793 092;A01;1;10;0;2;1;2;1;
17913;202200011726;793 088;A01;2;7;0;2;3;1;1;
17914;202200011726;793 090;B01;1;32;0;2;1;1;1;
17915;202200011727;793 087;B01;2;7;0;2;4;1;1;
17916;202200011727;793 089;A01;2;7;0;2;2;1;1;
17917;202200011728;793 086;A01;1;31;0;0;0;26;1;
17918;202200011729;793 085;A01;1;7;8;0;9;1;0;
17919;202200011730;793 083;A01;1;7;0;2;2;19;1;
17920;202200011730;793 084;B01;2;1;0;2;8;1;5;
17921;202200011731;793 081;A01;2;50;0;2;1;1;3;
17922;202200011731;793 082;Z01;1;7;0;2;1;17;0;
17923;202200011733;793 078;A01;2;10;0;2;1;13;1;
17924;202200011733;793 079;B01;2;7;0;2;4;1;1;
17925;202200011734;793 076;A01;2;31;0;0;7;1;1;
17926;202200011735;793 075;B01;3;7;0;2;6;1;1;
17927;202200011735;793 077;A01;3;2;0;2;1;1;1;
17928;202200011737;793 070;A01;2;7;0;1;1;17;1;
17929;202200011738;793 071;B01;0;7;0;2;0;0;1;
17930;202200011738;793 072;A01;0;7;0;2;1;2;1;
17931;202200011739;793 068;A01;1;7;0;2;1;1;2;
17932;202200011739;793 069;B01;1;7;0;2;4;23;1;
17933;202200011740;793 066;A01;2;33;0;2;1;1;1;
17934;202200011740;793 067;B01;3;7;0;2;6;15;1;
17935;202200011741;793 065;A01;2;80;0;0;0;1;3;
17936;202200011742;793 064;A01;1;7;0;1;1;15;1;
17937;202200011743;793 063;A01;1;50;0;1;1;1;3;
17938;202200011745;793 060;A01;2;7;0;2;2;19;1;
17939;202200011745;793 062;B01;1;2;0;2;1;1;1;
17940;202200011746;793 057;A01;2;30;0;1;1;1;1;
17941;202200011747;793 056;B01;1;10;0;2;8;9;1;
17942;202200011747;793 058;A01;2;33;0;2;1;17;1;
17943;202200011748;793 054;A01;1;7;0;2;6;1;2;
17944;202200011748;793 055;B01;1;50;0;2;1;1;3;
17945;202200011749;793 050;A01;2;30;0;2;3;5;3;
17946;202200011749;793 051;B01;1;13;0;2;8;1;1;
17947;202200011750;793 049;B01;1;33;0;2;1;3;1;
17948;202200011750;793 052;A01;1;7;0;2;5;14;1;
17949;202200011750;793 053;C01;1;7;0;2;0;23;1;
17950;202200011753;793 045;A01;2;1;0;2;0;1;5;
17951;202200011753;793 047;B01;2;37;0;2;3;1;2;1.0
17952;202200011754;793 042;A01;2;1;0;2;1;1;5;
17953;202200011754;793 044;B01;2;7;0;2;4;23;2;
17954;202200011755;793 041;A01;1;30;8;2;3;18;1;
17955;202200011755;793 043;B01;1;7;0;2;7;22;1;
17956;202200011756;793 038;C01;1;7;0;2;4;2;1;
17957;202200011756;793 039;B01;1;7;0;2;4;2;1;
17958;202200011756;793 040;A01;1;7;0;2;1;1;1;
17959;202200011757;793 037;A01;1;50;12;0;1;13;3;
17960;202200011758;793 035;B01;2;31;0;2;8;1;1;
17961;202200011758;793 036;A01;3;7;0;2;1;15;1;
17962;202200011759;793 031;A01;1;7;0;2;3;16;1;
17963;202200011759;793 033;B01;1;31;0;2;1;1;1;
17964;202200011760;793 032;Z01;1;7;0;2;8;9;0;
17965;202200011760;793 034;A01;1;1;0;2;7;17;5;
17966;202200011761;793 027;Z01;2;7;0;2;1;0;0;
17967;202200011761;793 029;B01;2;7;0;2;4;23;1;
17968;202200011761;793 030;A01;2;7;0;2;1;23;1;
17969;202200011762;793 028;A01;2;1;0;1;1;1;5;
17970;202200011763;793 026;A01;1;7;9;0;9;26;6;
17971;202200011765;793 022;B01;0;7;0;2;6;2;1;
17972;202200011765;793 024;A01;0;7;0;2;3;2;1;
17973;202200011766;793 019;B01;3;7;0;2;0;5;0;
17974;202200011766;793 021;A01;2;33;0;2;3;1;1;
17975;202200011767;793 020;Z01;2;1;0;1;1;1;5;
17976;202200011768;793 016;B01;1;7;0;2;1;26;1;
17977;202200011768;793 018;A01;1;7;0;2;5;23;0;
17978;202200011769;793 015;B01;1;1;0;2;0;1;5;
17979;202200011769;793 017;A01;2;7;0;2;3;15;1;
17980;202200011770;793 012;C01;1;7;0;2;1;0;1;
17981;202200011770;793 013;B01;1;2;0;2;3;15;1;
17982;202200011770;793 014;A01;1;7;0;2;3;1;1;
17983;202200011771;793 010;A01;2;30;1;1;0;26;0;
17984;202200011773;793 008;A01;0;7;0;0;0;-1;-1;
17985;202200011774;793 005;B01;2;7;0;2;4;23;1;
17986;202200011774;793 007;A01;2;7;0;2;1;2;1;
17987;202200011775;793 004;B01;1;7;0;2;6;1;1;
17988;202200011775;793 006;A01;1;31;0;2;1;1;1;
17989;202200011776;793 002;A01;2;7;0;1;1;15;1;
17990;202200011777;793 003;A01;1;1;0;1;1;1;5;
17991;202200011778;792 999;A01;1;7;0;2;3;9;1;
17992;202200011778;793 001;B01;1;10;0;2;2;1;1;
17993;202200011779;792 998;A01;1;7;0;2;7;15;1;
17994;202200011779;793 000;B01;2;33;0;2;1;1;1;
17995;202200011780;792 996;A01;2;3;0;2;1;2;0;
17996;202200011780;792 997;B01;2;3;0;2;4;23;1;
17997;202200011781;792 994;A01;1;33;0;9;2;1;1;
17998;202200011781;792 995;B01;1;1;0;0;4;1;5;
17999;202200011782;792 992;B01;2;10;0;2;3;22;1;
18000;202200011782;792 993;A01;2;33;0;2;2;7;1;
18001;202200011784;792 988;A01;1;7;4;0;3;11;1;
18002;202200011785;792 989;A01;1;32;0;0;7;21;1;
18003;202200011786;792 986;B01;1;2;0;2;5;1;1;
18004;202200011786;792 987;A01;2;31;0;0;3;23;1;
18005;202200011787;792 984;B01;2;7;0;2;3;9;2;
18006;202200011787;792 985;A01;2;32;0;2;1;17;1;
18007;202200011789;792 979;B01;1;7;0;2;1;1;1;
18008;202200011789;792 980;A01;2;50;0;2;1;0;3;
18009;202200011790;792 978;A01;1;7;0;2;2;1;1;
18010;202200011790;792 981;B01;1;50;0;2;1;1;3;
18011;202200011791;792 975;B01;2;7;8;2;3;15;1;
18012;202200011791;792 977;A01;2;33;8;2;2;17;1;
18013;202200011792;792 973;A01;1;7;0;2;3;13;1;
18014;202200011792;792 974;B01;2;7;0;2;3;1;1;
18015;202200011792;792 976;C01;2;7;0;2;8;1;1;
18016;202200011793;792 970;B01;2;1;0;2;1;1;5;
18017;202200011793;792 972;A01;1;1;0;2;1;1;5;
18018;202200011794;792 969;B01;2;7;0;2;4;21;0;
18019;202200011794;792 971;A01;2;10;0;2;1;21;0;
18020;202200011795;792 964;A01;1;7;0;2;5;0;1;
18021;202200011795;792 966;B01;2;7;0;0;3;2;1;
18022;202200011795;792 968;C01;2;10;0;2;2;1;1;
18023;202200011796;792 965;A01;1;10;0;2;6;9;1;
18024;202200011796;792 967;B01;1;31;0;2;2;1;1;
18025;202200011797;792 963;A01;1;33;6;0;1;1;1;
18026;202200011798;792 961;B01;1;34;0;2;1;2;1;
18027;202200011798;792 962;A01;1;7;0;2;5;21;1;
18028;202200011799;792 960;A01;2;33;2;0;1;1;1;
18029;202200011800;792 959;A01;1;10;13;0;1;2;1;
18030;202200011801;792 958;A01;3;38;0;1;1;1;0;1.0
18031;202200011802;792 957;A01;1;31;12;0;1;14;1;
18032;202200011803;792 955;A01;2;30;3;0;8;13;1;
18033;202200011804;792 954;B01;1;13;0;2;1;2;0;
18034;202200011804;792 956;A01;1;7;0;2;4;2;1;
18035;202200011805;792 953;A01;1;7;3;0;1;13;1;
18036;202200011806;792 949;B01;1;2;0;2;4;2;1;
18037;202200011806;792 951;A01;1;0;0;0;0;1;0;
18038;202200011807;792 950;B01;0;7;0;2;1;1;1;
18039;202200011807;792 952;A01;0;7;3;2;6;15;1;
18040;202200011808;792 948;A01;2;33;0;0;9;1;1;
18041;202200011809;792 947;A01;3;10;0;2;0;23;0;
18042;202200011810;792 946;A01;2;7;2;0;1;26;1;
18043;202200011811;792 943;A01;2;7;0;2;1;9;1;
18044;202200011811;792 944;B01;1;50;0;2;7;1;3;
18045;202200011812;792 942;A01;1;1;0;9;0;9;5;
18046;202200011812;792 945;B01;1;99;0;9;2;26;0;
18047;202200011813;792 940;A01;1;7;13;0;7;0;1;
18048;202200011814;792 939;B01;1;7;0;2;3;9;1;
18049;202200011814;792 941;A01;1;7;0;2;1;1;1;
18050;202200011815;792 935;A01;1;34;0;2;5;1;1;
18051;202200011815;792 937;Z01;1;7;0;2;3;9;1;
18052;202200011816;792 934;A01;1;10;0;2;1;2;1;
18053;202200011816;792 936;B01;1;7;0;2;4;15;1;
18054;202200011816;792 938;C01;2;7;0;2;6;1;1;
18055;202200011817;792 930;A01;2;7;0;2;1;2;1;
18056;202200011817;792 932;B01;2;80;0;0;4;0;3;
18057;202200011819;792 929;A01;1;7;2;0;7;0;1;
18058;202200011820;792 925;A01;0;33;0;2;1;1;1;
18059;202200011820;792 926;B01;3;7;0;0;3;15;1;
18060;202200011821;792 924;A01;2;7;2;0;1;1;1;
18061;202200011823;792 918;B01;3;7;0;2;1;1;1;
18062;202200011823;792 919;A01;3;33;0;2;8;13;1;
18063;202200011824;792 916;A01;2;33;0;0;8;26;0;
18064;202200011825;792 915;A01;3;3;0;2;2;16;1;
18065;202200011825;792 917;B01;0;2;0;2;1;18;1;
18066;202200011826;792 914;A01;1;33;0;0;1;1;0;
18067;202200011827;792 912;A01;0;1;0;0;0;0;5;
18068;202200011828;792 913;A01;1;7;0;1;2;16;1;
18069;202200011829;792 911;A01;2;33;8;0;0;1;1;
18070;202200011830;792 907;A01;1;7;0;2;3;1;1;
18071;202200011830;792 909;B01;2;7;15;2;3;1;1;
18072;202200011831;792 908;A01;3;7;0;0;5;19;1;
18073;202200011831;792 910;B01;3;2;0;2;1;1;1;
18074;202200011832;792 906;A01;0;33;8;0;1;1;1;
18075;202200011833;792 902;A01;1;7;0;2;1;13;1;
18076;202200011833;792 904;B01;2;7;0;2;1;1;1;
18077;202200011834;792 903;B01;1;7;0;2;1;1;1;
18078;202200011834;792 905;A01;2;2;0;2;1;5;1;
18079;202200011835;792 899;A01;1;7;0;2;1;15;1;
18080;202200011835;792 901;B01;2;33;0;2;1;1;0;
18081;202200011836;792 898;A01;2;10;0;2;1;1;1;
18082;202200011836;792 900;B01;2;20;3;0;6;1;1;
18083;202200011837;792 896;A01;1;7;0;2;7;15;1;
18084;202200011837;792 897;B01;2;7;0;2;1;1;1;
18085;202200011839;792 893;B01;1;7;0;2;1;1;1;
18086;202200011839;792 894;A01;2;7;0;2;1;13;2;
18087;202200011840;792 891;A01;1;7;0;2;2;1;1;
18088;202200011840;792 892;B01;1;10;0;0;6;1;1;
18089;202200011841;792 890;A01;2;7;2;0;0;0;1;
18090;202200011842;792 888;A01;1;50;0;0;0;1;3;
18091;202200011843;792 887;A01;1;33;0;2;8;1;1;
18092;202200011843;792 889;B01;1;10;0;2;2;2;1;
18093;202200011844;792 886;A01;1;33;7;9;1;1;1;
18094;202200011845;792 884;A01;2;7;13;0;1;1;1;
18095;202200011846;792 879;A01;2;7;0;2;2;2;1;
18096;202200011846;792 881;C01;2;10;0;9;1;2;1;
18097;202200011846;792 882;E01;2;15;0;9;1;1;1;
18098;202200011846;792 883;D01;2;15;0;2;3;1;1;
18099;202200011846;792 885;B01;2;15;0;2;6;1;1;
18100;202200011847;792 878;A01;2;7;0;2;7;15;1;
18101;202200011847;792 880;B01;1;33;0;2;1;1;1;
18102;202200011848;792 876;A01;2;7;13;0;1;1;1;
18103;202200011849;792 875;A01;2;15;0;9;6;23;1;
18104;202200011849;792 877;B01;2;1;1;0;1;1;5;
18105;202200011850;792 873;B01;2;33;0;2;7;1;1;
18106;202200011850;792 874;A01;3;7;0;2;1;15;1;
18107;202200011851;792 871;A01;1;7;3;2;3;11;1;
18108;202200011851;792 872;B01;1;7;0;2;2;1;1;
18109;202200011852;792 870;A01;2;7;2;0;2;14;1;
18110;202200011853;792 868;A01;1;7;13;0;9;13;1;
18111;202200011854;792 867;B01;2;7;0;0;4;2;1;
18112;202200011854;792 869;A01;2;7;0;2;1;2;1;
18113;202200011855;792 865;A01;2;7;0;0;4;15;1;
18114;202200011855;792 866;B01;2;7;13;2;1;1;1;
18115;202200011856;792 864;A01;1;2;9;0;7;1;1;
18116;202200011857;792 861;B01;2;7;0;2;1;13;1;
18117;202200011857;792 863;A01;1;99;0;0;6;14;1;
18118;202200011858;792 860;B01;2;7;8;0;1;1;1;
18119;202200011858;792 862;A01;0;7;8;0;9;1;1;
18120;202200011859;792 859;A01;1;7;2;0;7;14;1;
18121;202200011860;792 858;A01;1;33;0;0;0;1;1;
18122;202200011861;792 855;A01;1;7;0;2;1;2;1;
18123;202200011861;792 857;B01;2;7;0;2;3;2;1;
18124;202200011862;792 856;A01;3;7;0;1;2;1;1;
18125;202200011863;792 853;B01;2;7;0;2;1;5;2;
18126;202200011863;792 854;A01;1;7;0;2;1;1;1;
18127;202200011865;792 851;A01;2;7;3;2;3;0;1;
18128;202200011865;792 852;B01;1;7;16;2;3;1;1;
18129;202200011867;792 845;B01;1;7;0;2;1;1;1;
18130;202200011867;792 847;A01;2;33;0;2;7;1;1;
18131;202200011868;792 844;C01;1;15;0;2;1;1;1;
18132;202200011868;792 846;B01;2;7;0;2;3;1;1;
18133;202200011868;792 848;A01;1;2;0;2;1;17;1;
18134;202200011869;792 843;A01;1;7;2;0;3;13;1;
18135;202200011870;792 842;A01;2;33;5;0;1;1;1;
18136;202200011871;792 840;B01;2;33;0;2;1;1;1;
18137;202200011871;792 841;A01;2;7;0;2;2;19;1;
18138;202200011874;792 835;B01;0;10;0;2;6;21;1;
18139;202200011874;792 837;A01;0;7;0;2;3;13;1;
18140;202200011875;792 833;A01;2;7;1;0;3;1;1;
18141;202200011876;792 832;B01;1;10;0;2;3;1;1;
18142;202200011876;792 834;A01;1;10;3;2;2;12;1;
18143;202200011877;792 828;A01;2;7;0;2;1;1;1;
18144;202200011877;792 830;B01;3;10;0;0;9;15;1;
18145;202200011878;792 827;A01;3;7;6;0;1;13;1;
18146;202200011879;792 826;A01;1;2;2;0;0;1;1;
18147;202200011880;792 825;A01;2;7;2;0;9;13;1;
18148;202200011882;792 822;A01;2;7;13;0;1;1;1;
18149;202200011884;792 819;A01;1;10;3;2;1;1;1;
18150;202200011885;792 817;B01;1;7;0;2;4;0;1;
18151;202200011885;792 818;A01;1;10;0;2;1;1;1;
18152;202200011886;792 815;A01;1;14;0;2;1;2;1;
18153;202200011886;792 816;B01;1;7;0;2;4;2;1;
18154;202200011887;792 813;B01;2;10;0;2;4;2;1;
18155;202200011887;792 814;A01;2;10;0;2;1;2;1;
18156;202200011888;792 810;C01;2;10;0;2;1;1;1;
18157;202200011888;792 811;B01;2;7;0;2;6;1;1;
18158;202200011888;792 812;A01;2;7;0;2;2;17;1;
18159;202200011889;792 808;A01;1;7;0;2;2;15;1;
18160;202200011889;792 809;B01;2;33;0;0;1;1;6;
18161;202200011890;792 807;Z01;0;7;0;1;1;2;6;
18162;202200011891;792 806;B01;1;7;0;1;1;1;1;
18163;202200011892;792 805;A01;2;7;0;1;3;15;1;
18164;202200011893;792 803;A01;2;7;0;2;3;7;0;
18165;202200011893;792 804;B01;2;7;0;2;2;0;0;
18166;202200011894;792 802;A01;1;50;0;0;0;0;3;
18167;202200011895;792 800;A01;3;10;0;2;8;1;1;
18168;202200011895;792 801;B01;3;50;0;2;7;1;3;
18169;202200011896;792 799;A01;2;30;0;0;9;1;3;
18170;202200011897;792 797;B01;3;7;0;0;0;0;0;
18171;202200011897;792 798;A01;3;7;14;0;8;9;1;
18172;202200011898;792 795;B01;2;33;0;2;2;3;0;
18173;202200011898;792 796;A01;2;7;0;2;3;15;0;
18174;202200011899;792 793;A01;1;14;0;2;2;2;1;
18175;202200011899;792 794;B01;1;7;0;0;5;2;1;
18176;202200011900;792 792;A01;1;7;12;0;1;1;1;
18177;202200011901;792 791;A01;2;7;0;1;2;1;1;
18178;202200011902;792 790;Z01;2;0;0;1;3;1;0;
18179;202200011904;792 786;A01;0;7;0;1;1;1;1;
18180;202200011905;792 785;A01;1;7;10;0;0;1;1;
18181;202200011906;792 783;A01;3;7;0;2;1;1;1;
18182;202200011906;792 784;B01;3;7;0;2;1;13;0;
18183;202200011907;792 781;A01;3;33;0;2;2;3;1;
18184;202200011907;792 782;B01;3;7;0;9;8;15;1;
18185;202200011908;792 779;A01;2;7;0;2;2;1;1;
18186;202200011908;792 780;B01;2;7;0;2;3;1;1;
18187;202200011909;792 777;B01;3;7;0;2;4;23;1;
18188;202200011909;792 778;A01;3;7;0;2;1;1;1;
18189;202200011910;792 775;B01;1;7;0;2;5;16;1;
18190;202200011910;792 776;A01;1;7;0;2;2;2;1;
18191;202200011911;792 774;A01;1;7;1;0;1;26;1;
18192;202200011912;792 771;A01;1;7;0;2;1;13;1;
18193;202200011912;792 772;C01;2;7;0;2;3;1;1;
18194;202200011912;792 773;B01;2;7;0;2;2;1;1;
18195;202200011913;792 769;Z01;1;7;0;2;1;1;1;
18196;202200011913;792 770;A01;1;1;0;2;6;15;5;
18197;202200011914;792 768;A01;1;7;14;0;9;26;1;
18198;202200011915;792 766;A01;0;7;0;2;2;15;1;
18199;202200011915;792 767;B01;0;33;0;2;1;1;1;
18200;202200011917;792 763;B01;1;60;0;2;8;1;5;
18201;202200011917;792 764;A01;2;7;0;2;3;9;1;
18202;202200011918;792 762;A01;2;7;0;0;9;26;1;
18203;202200011919;792 759;B01;1;50;0;2;1;19;3;
18204;202200011919;792 761;Z01;2;7;0;2;1;1;1;
18205;202200011920;792 757;B01;2;33;0;2;1;1;1;
18206;202200011920;792 758;A01;1;7;0;2;1;15;1;
18207;202200011921;792 756;A01;3;7;0;2;1;26;1;
18208;202200011921;792 760;B01;3;7;0;2;1;15;1;
18209;202200011922;792 755;A01;1;30;0;9;1;9;1;
18210;202200011923;792 753;A01;1;30;0;1;1;26;1;
18211;202200011924;792 750;A01;1;7;0;2;6;17;1;