;Num_Acc;id_vehicule;num_veh;senc;catv;obs;obsm;choc;manv;motor;occutc
18212;202200011924;792 752;B01;1;34;0;2;1;2;1;
18213;202200011925;792 751;Z01;3;7;0;2;3;16;1;
18214;202200011925;792 754;A01;3;50;0;2;7;15;3;
18215;202200011927;792 745;A01;2;37;9;1;3;2;4;1.0
18216;202200011928;792 746;B01;1;7;0;2;3;23;1;
18217;202200011928;792 747;A01;2;30;0;2;1;9;1;
18218;202200011929;792 744;A01;3;7;0;1;4;20;2;
18219;202200011930;792 741;B01;1;1;0;2;5;1;5;
18220;202200011930;792 743;A01;2;7;0;2;1;9;1;
18221;202200011931;792 740;A01;2;7;13;0;1;14;1;
18222;202200011932;792 739;B01;2;1;0;2;6;16;5;
18223;202200011932;792 742;A01;2;7;0;2;5;16;1;
18224;202200011933;792 736;A01;1;7;6;0;1;14;1;
18225;202200011934;792 737;A01;2;7;0;1;8;1;1;
18226;202200011935;792 733;A01;2;7;0;2;1;1;1;
18227;202200011935;792 735;B01;2;7;0;2;4;1;1;
18228;202200011936;792 734;A01;2;50;0;9;1;26;3;
18229;202200011937;792 731;A01;2;7;0;2;1;2;1;
18230;202200011937;792 732;B01;2;7;0;2;4;2;1;
18231;202200011938;792 729;A01;2;7;0;1;1;1;1;
18232;202200011939;792 728;B01;2;10;0;2;3;1;1;
18233;202200011939;792 730;A01;3;15;0;2;2;15;1;
18234;202200011940;792 725;B01;1;7;0;2;1;1;1;
18235;202200011940;792 726;A01;2;7;0;2;2;6;1;
18236;202200011941;792 722;B01;1;7;0;2;4;1;1;
18237;202200011941;792 723;A01;2;7;0;2;1;1;1;
18238;202200011942;792 724;A01;0;7;0;2;3;9;1;
18239;202200011942;792 727;B01;0;1;0;2;1;1;5;
18240;202200011943;792 721;A01;1;1;1;0;1;1;5;
18241;202200011944;792 720;A01;1;7;0;1;3;16;0;
18242;202200011945;792 718;A01;0;7;0;2;2;15;1;
18243;202200011945;792 719;B01;0;34;0;2;1;1;1;
18244;202200011946;792 714;B01;2;7;0;2;1;1;1;
18245;202200011946;792 716;A01;1;7;0;2;1;15;1;
18246;202200011947;792 712;B01;0;7;0;2;5;1;1;
18247;202200011947;792 713;A01;0;31;0;2;1;1;1;
18248;202200011948;792 715;A01;0;33;0;0;7;1;1;
18249;202200011948;792 717;B01;0;7;0;2;8;23;1;
18250;202200011949;792 711;A01;0;10;0;1;1;9;0;
18251;202200011950;792 710;A01;3;32;1;0;0;26;1;
18252;202200011951;792 709;A01;3;7;0;1;1;1;1;
18253;202200011952;792 708;A01;0;7;0;1;1;1;1;
18254;202200011954;792 706;A01;3;30;0;0;8;1;1;
18255;202200011955;792 704;A01;1;2;0;2;3;18;1;
18256;202200011955;792 705;B01;1;7;0;2;1;16;1;
18257;202200011956;792 703;A01;3;50;0;0;1;1;3;
18258;202200011957;792 701;A01;2;7;0;2;1;15;1;
18259;202200011957;792 702;B01;1;7;0;2;1;1;1;
18260;202200011958;792 700;A01;1;2;0;0;7;16;1;
18261;202200011959;792 699;A01;2;50;0;1;1;5;3;
18262;202200011960;792 697;B01;1;7;0;2;3;19;1;
18263;202200011960;792 698;A01;1;7;0;2;1;19;1;
18264;202200011961;792 694;A01;1;7;0;2;1;19;1;
18265;202200011961;792 695;B01;2;7;0;2;8;15;1;
18266;202200011962;792 692;A01;1;7;13;0;1;26;1;
18267;202200011963;792 693;B01;2;7;0;0;6;1;1;
18268;202200011963;792 696;A01;2;1;0;2;1;1;5;
18269;202200011964;792 691;A01;1;33;0;1;1;26;1;
18270;202200011965;792 686;A01;1;10;0;2;3;1;1;
18271;202200011965;792 687;B01;1;7;0;2;1;1;1;
18272;202200011965;792 689;C01;1;7;0;2;4;0;1;
18273;202200011966;792 684;A01;1;10;0;2;1;19;1;
18274;202200011966;792 685;B01;1;43;0;2;8;1;1;
18275;202200011967;792 688;A01;2;7;0;2;7;16;1;
18276;202200011967;792 690;B01;2;1;0;2;1;9;5;
18277;202200011968;792 683;A01;2;3;10;0;2;1;1;
18278;202200011969;792 681;A01;3;7;14;0;1;13;1;
18279;202200011971;792 678;B01;1;50;0;2;7;2;3;
18280;202200011971;792 682;A01;1;10;0;9;1;9;1;
18281;202200011972;792 676;B01;3;33;0;2;6;15;1;
18282;202200011972;792 677;A01;3;32;0;2;1;17;1;
18283;202200011973;792 672;B01;1;10;0;2;3;15;1;
18284;202200011973;792 673;A01;1;33;0;2;1;17;1;
18285;202200011975;792 670;B01;2;7;0;2;4;1;1;
18286;202200011975;792 671;A01;2;7;0;2;1;1;1;
18287;202200011976;792 666;B01;2;7;0;0;4;1;1;
18288;202200011976;792 667;A01;2;30;0;2;1;1;1;
18289;202200011977;792 663;A01;2;33;0;2;5;2;1;
18290;202200011977;792 664;B01;2;7;0;2;1;2;1;
18291;202200011978;792 665;C01;1;1;0;2;4;2;5;
18292;202200011978;792 668;B01;1;1;0;2;4;2;5;
18293;202200011978;792 669;A01;3;7;0;2;7;17;1;
18294;202200011979;792 661;A01;2;2;0;0;7;1;1;
18295;202200011980;792 657;Z01;1;7;1;1;1;1;1;
18296;202200011980;792 658;B01;2;7;0;2;0;23;1;
18297;202200011980;792 659;C01;1;7;0;2;0;1;1;
18298;202200011980;792 660;A01;1;7;0;2;4;23;1;
18299;202200011980;792 662;[01;1;7;0;2;8;24;1;
18300;202200011981;792 655;A01;2;7;0;2;1;1;1;
18301;202200011981;792 656;B01;2;1;0;2;7;25;5;
18302;202200011982;792 653;B01;1;30;0;2;8;1;1;
18303;202200011982;792 654;A01;1;7;0;2;1;15;1;
18304;202200011983;792 652;A01;3;7;0;1;3;15;1;
18305;202200011984;792 651;A01;2;7;0;1;2;16;1;
18306;202200011985;792 650;A01;2;7;8;1;2;1;1;
18307;202200011986;792 648;A01;2;10;0;2;8;20;3;
18308;202200011986;792 649;B01;2;32;0;2;5;1;1;
18309;202200011988;792 644;B01;1;50;0;2;1;1;3;
18310;202200011988;792 645;A01;0;80;0;0;1;1;3;
18311;202200011989;792 642;A01;1;33;0;2;2;3;1;
18312;202200011989;792 643;B01;1;7;0;2;6;11;1;
18313;202200011990;792 641;A01;2;2;14;0;9;1;1;
18314;202200011991;792 640;A01;1;1;0;0;7;1;5;
18315;202200011992;792 637;B01;2;32;0;2;2;1;1;
18316;202200011992;792 638;A01;2;30;0;2;6;13;1;
18317;202200011993;792 636;A01;3;7;0;2;3;19;1;
18318;202200011993;792 639;B01;3;33;9;0;7;1;1;
18319;202200011994;792 630;A01;1;7;0;2;7;22;2;
18320;202200011994;792 633;B01;1;32;0;2;3;18;1;
18321;202200011995;792 631;A01;1;50;0;2;1;1;3;
18322;202200011995;792 632;B01;2;7;0;2;3;15;1;
18323;202200011997;792 627;A01;1;10;0;2;3;13;1;
18324;202200011997;792 629;B01;2;2;0;2;1;1;1;
18325;202200011998;792 626;A01;1;7;0;1;4;20;1;
18326;202200011999;792 624;Z01;2;1;0;1;1;1;5;
18327;202200012000;792 623;B01;1;7;0;2;3;1;1;
18328;202200012000;792 625;A01;1;10;0;2;4;11;1;
18329;202200012001;792 621;B01;1;7;0;2;4;23;1;
18330;202200012001;792 622;A01;1;7;0;2;1;2;1;
18331;202200012002;792 619;A01;1;7;0;2;2;15;0;
18332;202200012002;792 620;B01;2;7;0;2;8;1;1;
18333;202200012003;792 617;A01;1;80;0;2;1;1;3;
18334;202200012003;792 618;Z01;1;7;0;2;8;16;1;
18335;202200012004;792 616;A01;3;50;0;0;0;1;3;
18336;202200012005;792 613;A01;2;50;0;2;8;13;3;
18337;202200012005;792 615;B01;2;7;0;2;7;1;1;
18338;202200012006;792 612;A01;1;7;7;0;1;1;1;
18339;202200012007;792 611;A01;2;7;4;6;1;1;1;
18340;202200012008;792 608;A01;1;10;0;1;5;1;3;
18341;202200012009;792 607;A01;1;2;9;0;1;14;1;
18342;202200012010;792 603;B01;1;33;0;2;1;3;1;
18343;202200012010;792 605;A01;1;7;0;2;6;11;3;
18344;202200012012;792 600;B01;2;1;1;0;1;1;5;
18345;202200012012;792 601;A01;2;10;0;2;7;22;1;
18346;202200012013;792 598;A01;3;7;2;0;1;21;1;
18347;202200012014;792 596;C01;1;7;0;2;1;2;1;
18348;202200012014;792 597;B01;1;7;0;2;4;2;1;
18349;202200012014;792 599;A01;1;7;0;2;4;2;1;
18350;202200012015;792 595;A01;0;7;8;0;1;6;1;
18351;202200012016;792 593;A01;2;7;9;9;9;1;1;
18352;202200012017;792 590;A01;1;30;0;2;1;1;1;
18353;202200012017;792 592;B01;1;10;0;2;5;1;1;
18354;202200012019;792 587;A01;1;7;0;2;4;1;1;
18355;202200012019;792 589;B01;1;7;0;2;4;1;1;
18356;202200012019;792 591;C01;1;7;0;2;1;1;1;
18357;202200012020;792 584;A01;2;33;0;2;8;14;1;
18358;202200012021;792 583;A01;3;7;0;2;5;1;1;
18359;202200012021;792 586;B01;3;7;1;2;0;1;1;
18360;202200012022;792 582;B01;2;10;0;2;2;15;1;
18361;202200012022;792 585;A01;2;7;0;2;3;15;1;
18362;202200012023;792 579;A01;2;1;14;0;7;13;5;
18363;202200012024;792 578;A01;3;7;0;2;4;2;1;
18364;202200012024;792 580;B01;3;7;0;2;4;2;1;
18365;202200012024;792 581;C01;3;7;0;2;1;2;1;
18366;202200012025;792 577;A01;2;7;4;0;2;1;1;
18367;202200012026;792 573;A01;2;17;3;0;0;0;1;
18368;202200012027;792 572;A01;3;7;0;2;1;2;1;
18369;202200012027;792 574;B01;3;7;0;2;1;2;1;
18370;202200012027;792 576;C01;3;7;0;2;4;2;1;
18371;202200012028;792 571;B01;2;7;0;0;0;0;2;
18372;202200012028;792 575;A01;1;30;12;0;1;13;1;
18373;202200012029;792 570;A01;2;31;0;0;3;1;1;
18374;202200012030;792 568;A01;1;7;0;1;1;1;2;
18375;202200012031;792 566;B01;2;10;0;2;2;0;1;
18376;202200012031;792 569;A01;2;33;0;2;3;0;0;
18377;202200012032;792 567;A01;1;7;0;1;3;15;1;
18378;202200012033;792 563;A01;2;10;0;2;1;2;1;
18379;202200012033;792 564;B01;2;10;0;2;4;2;1;
18380;202200012034;792 561;B01;3;13;0;2;2;1;1;
18381;202200012034;792 565;A01;3;14;0;2;3;15;1;
18382;202200012035;792 560;B01;3;7;0;2;1;15;1;
18383;202200012035;792 562;A01;3;7;15;0;2;21;1;
18384;202200012036;792 558;A01;2;31;0;2;0;3;1;
18385;202200012036;792 559;B01;2;7;0;2;0;1;1;
18386;202200012037;792 555;A01;1;33;12;0;0;0;1;
18387;202200012038;792 556;A01;2;10;4;0;8;1;1;
18388;202200012039;792 554;A01;0;7;0;2;8;0;1;
18389;202200012039;792 557;B01;2;37;0;2;3;26;2;4.0
18390;202200012040;792 553;A01;1;2;0;1;0;1;1;
18391;202200012041;792 552;A01;2;7;0;1;1;1;0;
18392;202200012042;792 549;A01;2;7;3;0;8;11;1;
18393;202200012042;792 551;B01;2;31;3;2;7;3;1;
18394;202200012043;792 545;A01;2;33;0;2;8;0;1;
18395;202200012043;792 547;B01;1;7;0;2;3;1;1;
18396;202200012044;792 544;A01;1;7;4;0;1;11;1;
18397;202200012046;792 541;A01;2;7;4;0;1;1;1;
18398;202200012047;792 540;A01;0;30;0;2;1;16;1;
18399;202200012047;792 542;B01;0;7;0;2;3;15;1;
18400;202200012048;792 539;A01;3;7;0;1;1;1;1;
18401;202200012049;792 537;B01;2;43;0;2;2;2;1;
18402;202200012049;792 538;A01;2;10;0;2;3;2;1;
18403;202200012050;792 536;A01;0;7;0;2;1;1;0;
18404;202200012051;792 534;B01;1;99;0;0;4;1;5;
18405;202200012051;792 535;A01;1;14;0;9;2;1;1;
18406;202200012052;792 533;A01;2;7;3;0;1;6;1;
18407;202200012053;792 532;A01;3;33;0;0;0;26;6;
18408;202200012054;792 530;A01;1;33;0;0;8;3;1;
18409;202200012055;792 529;A01;0;7;0;1;1;19;0;
18410;202200012057;792 525;A01;1;7;0;0;1;0;1;
18411;202200012058;792 523;A01;2;7;0;2;7;12;1;
18412;202200012058;792 524;B01;2;33;0;2;3;3;1;
18413;202200012058;792 527;C01;2;7;0;2;4;1;1;
18414;202200012059;792 522;A01;3;7;13;0;0;1;1;
18415;202200012060;792 521;A01;2;10;0;1;3;1;1;
18416;202200012061;792 519;B01;2;7;0;2;4;1;1;
18417;202200012061;792 520;A01;2;7;0;2;1;2;1;
18418;202200012062;792 516;B01;1;50;0;2;2;0;3;
18419;202200012062;792 518;A01;2;7;0;9;3;0;1;
18420;202200012063;792 517;A01;1;7;0;1;1;15;1;
18421;202200012064;792 514;A01;1;7;0;2;3;11;1;
18422;202200012064;792 515;B01;1;33;0;2;7;3;1;
18423;202200012065;792 512;A01;1;7;13;0;1;14;1;
18424;202200012066;792 513;A01;3;10;0;1;1;1;1;
18425;202200012067;792 508;A01;1;7;0;0;1;1;1;
18426;202200012068;792 506;B01;3;7;1;-1;6;23;1;
18427;202200012068;792 509;C01;1;7;0;2;4;23;1;
18428;202200012068;792 511;A01;1;7;1;2;2;1;1;
18429;202200012069;792 507;B01;2;2;0;2;1;1;1;
18430;202200012069;792 510;A01;1;7;0;2;6;9;1;
18431;202200012070;792 505;A01;1;7;13;0;2;1;1;
18432;202200012071;792 502;A01;2;33;0;2;2;3;1;
18433;202200012071;792 504;B01;2;33;0;2;8;26;1;
18434;202200012072;792 500;A01;1;7;0;2;0;0;0;
18435;202200012072;792 503;B01;2;36;0;2;0;1;1;
18436;202200012073;792 499;B01;2;15;0;0;8;1;1;
18437;202200012073;792 501;A01;2;10;0;0;7;17;1;
18438;202200012074;792 497;A01;2;32;0;2;8;3;1;
18439;202200012074;792 498;B01;2;7;0;2;7;12;1;
18440;202200012075;792 496;A01;1;7;2;0;1;1;1;
18441;202200012076;792 490;B01;2;7;0;2;8;24;1;
18442;202200012076;792 491;A01;2;10;0;2;0;26;1;
18443;202200012076;792 493;C01;2;7;0;2;2;1;1;
18444;202200012077;792 492;B01;1;32;0;2;1;1;1;
18445;202200012077;792 494;A01;2;7;0;2;8;9;1;
18446;202200012078;792 488;A01;1;32;0;2;2;3;1;
18447;202200012079;792 489;B01;1;7;0;2;9;15;1;
18448;202200012079;792 495;A01;1;10;0;2;1;2;1;
18449;202200012080;792 487;A01;0;33;0;0;0;1;1;
18450;202200012081;792 485;A01;2;7;3;0;1;13;1;
18451;202200012082;792 483;A01;1;33;0;2;1;1;1;
18452;202200012082;792 486;B01;1;7;0;0;5;1;1;
18453;202200012083;792 482;A01;3;7;0;2;1;26;1;
18454;202200012083;792 484;B01;3;7;0;2;8;1;1;
18455;202200012084;792 481;A01;2;2;0;0;8;1;1;
18456;202200012085;792 478;A01;1;7;0;2;2;1;1;
18457;202200012085;792 480;B01;2;2;0;2;1;1;1;
18458;202200012087;792 475;B01;2;7;0;2;8;1;1;
18459;202200012087;792 477;A01;3;7;6;2;3;5;1;
18460;202200012088;792 471;A01;-1;7;0;9;2;9;1;
18461;202200012088;792 474;B01;2;1;0;2;1;1;5;
18462;202200012089;792 470;A01;0;3;0;2;2;15;1;
18463;202200012089;792 473;B01;1;7;0;0;2;21;1;
18464;202200012090;792 469;B01;2;99;0;0;7;1;1;
18465;202200012090;792 472;A01;1;7;7;2;1;13;1;
18466;202200012091;792 467;A01;3;7;15;0;1;1;1;
18467;202200012092;792 466;A01;2;7;0;2;1;2;1;
18468;202200012092;792 468;B01;2;7;3;0;4;16;1;
18469;202200012094;792 462;A01;1;7;0;2;1;19;1;
18470;202200012094;792 464;B01;1;7;0;2;2;1;1;
18471;202200012095;792 463;A01;2;7;0;1;1;13;1;
18472;202200012097;792 458;A01;1;7;0;0;2;1;1;
18473;202200012098;792 457;A01;1;7;0;2;1;1;1;
18474;202200012098;792 459;B01;2;2;0;2;1;26;1;
18475;202200012099;792 455;A01;1;7;1;0;1;15;1;
18476;202200012100;792 453;A01;2;7;0;0;7;15;1;
18477;202200012100;792 456;B01;1;33;0;0;1;1;1;
18478;202200012101;792 452;B01;1;7;0;2;1;21;1;
18479;202200012101;792 454;A01;1;7;0;0;6;15;1;
18480;202200012102;792 451;A01;1;33;14;0;1;0;1;
18481;202200012103;792 450;A01;1;7;13;0;2;1;1;
18482;202200012104;792 449;A01;1;10;0;0;0;1;1;
18483;202200012105;792 448;A01;1;7;3;0;1;9;1;
18484;202200012106;792 445;A01;2;33;15;0;1;26;1;
18485;202200012107;792 443;A01;2;7;0;0;1;14;1;
18486;202200012107;792 446;B01;1;7;0;0;1;1;2;
18487;202200012108;792 441;A01;1;7;2;0;3;1;1;
18488;202200012109;792 440;B01;1;21;0;2;3;15;1;
18489;202200012109;792 442;A01;1;33;0;2;2;17;1;
18490;202200012110;792 439;A01;1;7;0;1;1;9;1;
18491;202200012111;792 437;A01;1;10;0;1;1;15;1;
18492;202200012112;792 436;B01;1;17;0;0;4;24;1;
18493;202200012112;792 438;A01;1;7;1;0;1;1;1;
18494;202200012113;792 435;A01;2;30;0;0;1;14;1;
18495;202200012114;792 432;B01;1;7;3;0;3;1;1;
18496;202200012114;792 434;A01;2;10;0;2;3;13;1;
18497;202200012115;792 429;A01;1;43;0;2;1;1;1;
18498;202200012115;792 431;B01;1;7;0;2;5;2;1;
18499;202200012116;792 430;A01;2;2;0;2;8;1;1;
18500;202200012116;792 433;B01;1;7;0;2;8;1;1;
18501;202200012117;792 427;A01;1;10;0;2;3;17;1;
18502;202200012117;792 428;B01;2;2;0;2;1;1;1;
18503;202200012118;792 426;A01;1;7;13;0;2;1;1;
18504;202200012120;792 423;A01;2;13;2;0;7;0;1;
18505;202200012121;792 422;A01;2;7;2;0;1;0;1;
18506;202200012122;792 418;A01;1;7;0;2;7;15;1;
18507;202200012122;792 420;B01;2;7;0;2;1;1;1;
18508;202200012123;792 417;B01;1;10;0;2;4;16;0;
18509;202200012123;792 421;A01;1;10;0;2;1;18;1;
18510;202200012124;792 416;A01;1;7;13;0;1;1;1;
18511;202200012124;792 419;B01;1;10;0;0;0;15;1;
18512;202200012125;792 415;A01;1;7;0;1;2;1;1;
18513;202200012126;792 412;A01;3;7;0;0;0;0;1;
18514;202200012127;792 409;C01;2;10;0;2;3;23;1;
18515;202200012127;792 410;B01;1;7;0;2;5;15;1;
18516;202200012127;792 413;A01;1;10;1;0;3;1;1;
18517;202200012128;792 406;B01;2;7;0;2;1;1;1;
18518;202200012128;792 408;A01;1;7;0;2;1;13;1;
18519;202200012129;792 405;A01;2;7;0;1;3;1;1;
18520;202200012130;792 404;B01;1;7;0;2;6;2;1;
18521;202200012130;792 407;A01;1;33;0;2;1;2;1;
18522;202200012131;792 403;A01;0;33;0;0;0;9;1;
18523;202200012133;792 399;B01;3;33;0;2;1;1;1;
18524;202200012133;792 401;A01;3;7;0;0;2;9;1;
18525;202200012136;792 392;B01;2;7;0;2;2;2;0;
18526;202200012136;792 394;A01;2;33;0;0;6;1;1;
18527;202200012137;792 391;A01;2;7;16;0;1;1;1;
18528;202200012138;792 390;A01;3;7;0;1;1;16;1;
18529;202200012139;792 389;A01;1;7;2;0;3;13;1;
18530;202200012140;792 388;A01;2;7;13;0;2;0;2;
18531;202200012141;792 385;B01;2;10;0;2;3;1;1;
18532;202200012141;792 386;A01;1;33;0;2;1;17;1;
18533;202200012142;792 383;A01;1;7;0;2;1;17;1;
18534;202200012142;792 387;B01;2;7;8;2;3;15;1;
18535;202200012143;792 382;B01;2;7;0;9;0;1;1;
18536;202200012143;792 384;A01;2;15;4;0;3;1;1;
18537;202200012144;792 378;A01;3;10;0;2;1;15;1;
18538;202200012144;792 379;B01;3;33;0;2;1;1;1;
18539;202200012145;792 376;A01;1;10;0;2;4;2;1;
18540;202200012145;792 380;B01;1;7;0;2;4;2;1;
18541;202200012145;792 381;C01;1;7;0;2;1;2;1;
18542;202200012146;792 375;A01;1;33;8;0;8;1;1;
18543;202200012146;792 377;B01;1;7;0;0;2;19;1;
18544;202200012147;792 372;A01;1;33;0;9;1;1;1;
18545;202200012148;792 373;B01;0;7;0;2;7;1;1;
18546;202200012148;792 374;A01;0;7;0;2;1;15;1;
18547;202200012149;792 370;A01;2;7;0;2;1;13;1;
18548;202200012149;792 371;B01;1;38;5;2;3;1;1;1.0
18549;202200012150;792 366;B01;3;7;0;2;1;23;1;
18550;202200012150;792 367;A01;3;7;0;2;1;1;1;
18551;202200012151;792 365;A01;1;33;16;9;3;26;1;
18552;202200012152;792 363;A01;1;30;0;0;1;1;1;
18553;202200012153;792 362;A01;1;10;3;2;1;2;1;
18554;202200012153;792 364;B01;1;99;0;0;4;1;1;
18555;202200012154;792 361;A01;1;7;0;1;8;1;1;
18556;202200012155;792 359;B01;3;38;0;2;4;1;6;1.0
18557;202200012155;792 360;A01;3;7;0;2;1;26;6;
18558;202200012156;792 358;A01;1;7;4;0;2;14;1;
18559;202200012157;792 356;A01;2;7;0;0;6;2;1;
18560;202200012157;792 357;B01;2;7;3;2;2;11;0;
18561;202200012158;792 355;A01;1;7;4;0;3;2;1;
18562;202200012159;792 354;A01;1;32;0;1;8;1;1;
18563;202200012160;792 353;A01;1;7;2;0;1;0;1;
18564;202200012161;792 350;B01;2;43;0;2;1;1;1;
18565;202200012161;792 352;A01;2;7;0;2;3;10;1;
18566;202200012162;792 348;B01;2;32;0;2;1;1;1;
18567;202200012162;792 351;A01;1;7;0;2;0;0;1;
18568;202200012163;792 346;C01;1;7;0;2;1;2;1;
18569;202200012163;792 347;B01;1;7;0;2;1;2;1;
18570;202200012163;792 349;A01;1;7;0;2;4;2;1;
18571;202200012164;792 343;B01;1;33;0;2;1;17;1;
18572;202200012164;792 345;A01;1;7;0;0;3;11;1;
18573;202200012165;792 341;A01;3;7;0;2;3;9;1;
18574;202200012165;792 344;B01;3;2;0;2;5;12;1;
18575;202200012166;792 339;C01;1;7;0;0;0;1;1;
18576;202200012166;792 340;B01;1;7;0;2;7;1;1;
18577;202200012166;792 342;A01;1;17;0;2;8;11;1;
18578;202200012167;792 338;A01;2;7;4;0;2;1;1;
18579;202200012168;792 337;A01;3;3;13;0;1;21;1;
18580;202200012169;792 334;A01;2;7;0;2;7;12;1;
18581;202200012169;792 336;B01;2;33;0;2;0;0;1;
18582;202200012170;792 335;A01;1;7;2;0;9;16;1;
18583;202200012171;792 332;A01;2;10;6;0;2;18;1;
18584;202200012172;792 331;B01;2;7;0;2;8;15;1;
18585;202200012172;792 333;A01;2;34;0;2;1;17;1;
18586;202200012173;792 330;A01;1;7;0;1;2;1;1;
18587;202200012175;792 326;B01;1;7;0;2;8;0;1;
18588;202200012175;792 328;A01;2;33;0;2;1;1;1;
18589;202200012176;792 322;A01;1;7;0;1;1;1;2;
18590;202200012177;792 323;B01;2;10;0;2;1;13;1;
18591;202200012177;792 325;A01;1;10;0;2;8;13;1;
18592;202200012178;792 321;B01;2;7;0;2;4;1;1;
18593;202200012178;792 324;A01;2;7;0;2;1;1;1;
18594;202200012179;792 320;A01;1;7;0;1;1;1;1;
18595;202200012180;792 319;A01;3;38;0;1;4;4;1;1.0
18596;202200012181;792 317;B01;1;33;0;2;0;3;1;
18597;202200012181;792 318;A01;1;7;0;2;7;11;1;
18598;202200012182;792 314;B01;2;17;0;2;1;1;1;
18599;202200012182;792 316;A01;1;7;4;2;1;13;1;
18600;202200012183;792 312;A01;1;7;0;2;3;23;1;
18601;202200012183;792 315;B01;2;2;0;2;1;5;1;
18602;202200012184;792 311;A01;2;33;0;2;7;1;1;
18603;202200012184;792 313;B01;2;7;0;2;3;11;1;
18604;202200012185;792 309;A01;3;15;0;2;2;12;1;
18605;202200012185;792 310;B01;3;7;0;2;8;1;1;
18606;202200012186;792 308;A01;1;7;4;0;1;1;1;
18607;202200012187;792 306;A01;3;7;2;2;2;13;1;
18608;202200012187;792 307;B01;3;7;0;2;1;1;1;
18609;202200012188;792 304;A01;2;7;4;0;3;16;1;
18610;202200012189;792 303;B01;1;1;0;2;8;15;5;
18611;202200012189;792 305;A01;1;7;0;2;7;17;1;
18612;202200012190;792 301;A01;1;7;2;0;1;1;-1;
18613;202200012191;792 302;A01;2;80;1;0;1;14;3;
18614;202200012192;792 296;A01;1;7;0;2;8;9;1;
18615;202200012192;792 297;B01;1;7;0;2;1;1;1;
18616;202200012193;792 294;A01;1;7;0;1;2;1;1;
18617;202200012194;792 293;A01;1;7;0;2;3;13;1;
18618;202200012194;792 295;B01;2;7;0;2;8;1;1;
18619;202200012194;792 298;C01;2;7;0;2;1;1;1;
18620;202200012195;792 290;A01;1;7;0;2;3;26;1;
18621;202200012195;792 292;B01;1;31;0;2;0;26;1;
18622;202200012196;792 289;A01;1;7;0;2;4;1;1;
18623;202200012196;792 291;B01;2;30;0;2;1;1;1;
18624;202200012197;792 285;A01;1;80;0;2;3;26;3;
18625;202200012197;792 287;B01;1;7;0;2;5;1;1;
18626;202200012198;792 284;A01;2;7;0;1;1;15;1;
18627;202200012199;792 282;B01;2;31;0;2;2;1;1;
18628;202200012199;792 283;A01;1;7;0;2;3;15;3;
18629;202200012200;792 280;A01;2;1;0;2;4;2;5;
18630;202200012200;792 281;Z01;2;7;0;2;1;2;1;
18631;202200012201;792 279;A01;1;30;16;0;9;1;1;
18632;202200012202;792 276;A01;1;7;0;2;3;1;1;
18633;202200012202;792 278;B01;1;7;8;2;4;9;1;
18634;202200012203;792 286;A01;3;7;0;0;0;9;1;
18635;202200012203;792 288;B01;2;1;0;0;0;1;5;
18636;202200012204;792 275;A01;1;7;0;2;3;9;1;
18637;202200012204;792 277;B01;2;7;0;2;1;0;1;
18638;202200012205;792 272;A01;2;7;14;0;0;0;1;
18639;202200012205;792 274;B01;2;31;14;0;9;2;1;
18640;202200012206;792 270;A01;1;7;0;2;1;1;1;
18641;202200012206;792 273;B01;3;1;0;2;1;9;5;
18642;202200012207;792 269;A01;2;10;0;2;2;15;1;
18643;202200012207;792 271;B01;1;33;0;2;1;1;1;
18644;202200012208;792 266;A01;1;30;0;2;3;21;1;
18645;202200012208;792 267;B01;2;30;0;2;3;0;1;
18646;202200012209;792 265;B01;2;7;0;2;3;1;1;
18647;202200012209;792 268;A01;1;10;0;2;3;11;1;
18648;202200012210;792 260;A01;1;30;0;2;1;17;1;
18649;202200012210;792 263;B01;1;7;0;2;8;9;1;
18650;202200012211;792 258;B01;0;7;0;2;4;1;1;
18651;202200012211;792 259;A01;0;7;0;2;1;1;1;
18652;202200012212;792 255;B01;1;10;0;2;4;0;1;
18653;202200012212;792 257;A01;1;7;0;2;1;0;1;
18654;202200012213;792 254;A01;1;7;0;1;1;9;1;
18655;202200012214;792 253;A01;2;7;0;2;3;1;1;
18656;202200012214;792 256;B01;1;7;0;2;3;1;1;
18657;202200012215;792 250;B01;1;7;0;2;8;20;1;
18658;202200012215;792 252;A01;1;7;0;2;1;2;1;
18659;202200012216;792 249;B01;1;1;0;2;8;2;5;
18660;202200012216;792 251;A01;1;7;0;2;2;9;1;
18661;202200012217;792 248;A01;0;7;0;1;1;1;1;
18662;202200012218;792 246;A01;1;10;0;1;2;1;1;
18663;202200012219;792 242;B01;1;31;0;2;1;1;1;
18664;202200012219;792 244;A01;1;7;0;2;1;15;1;
18665;202200012220;792 243;B01;2;1;0;2;6;11;5;
18666;202200012220;792 245;A01;2;7;0;2;2;1;1;
18667;202200012221;792 241;A01;2;7;0;1;2;1;1;
18668;202200012222;792 237;B01;3;7;0;2;3;9;1;
18669;202200012222;792 240;A01;3;33;0;2;1;15;1;
18670;202200012223;792 238;A01;3;21;0;0;4;4;1;
18671;202200012224;792 236;B01;1;7;0;2;2;1;1;