;Num_Acc;id_vehicule;num_veh;senc;catv;obs;obsm;choc;manv;motor;occutc
18672;202200012224;792 239;A01;2;33;0;2;1;13;1;
18673;202200012226;792 229;C01;2;7;0;2;4;23;1;
18674;202200012226;792 232;B01;2;10;0;2;4;23;1;
18675;202200012226;792 233;A01;2;7;0;2;1;2;1;
18676;202200012228;792 226;A01;3;14;1;2;5;2;1;
18677;202200012228;792 227;B01;3;7;1;2;9;23;1;
18678;202200012228;792 230;C01;3;7;0;2;4;24;1;
18679;202200012228;792 234;D01;3;7;0;2;7;11;1;
18680;202200012230;792 223;A01;1;32;0;2;7;17;1;
18681;202200012230;792 224;B01;1;7;0;2;8;15;1;
18682;202200012231;792 220;A01;1;7;8;0;1;13;1;
18683;202200012232;792 217;B01;2;32;0;2;8;1;1;
18684;202200012232;792 219;A01;1;7;0;2;2;15;1;
18685;202200012233;792 214;A01;2;60;0;1;1;25;5;
18686;202200012234;792 212;A01;2;7;0;2;8;13;1;
18687;202200012234;792 215;B01;1;7;0;2;1;1;3;
18688;202200012235;792 207;B01;2;10;1;2;5;1;1;
18689;202200012235;792 210;A01;1;7;0;2;1;1;1;
18690;202200012236;792 206;B01;1;7;0;2;4;1;1;
18691;202200012236;792 209;A01;1;7;0;2;1;2;1;
18692;202200012237;792 204;A01;1;37;0;1;5;20;2;1.0
18693;202200012238;792 205;A01;2;7;0;2;2;9;1;
18694;202200012238;792 208;B01;1;2;0;2;8;16;1;
18695;202200012239;792 203;A01;3;1;0;1;1;1;5;
18696;202200012241;792 200;A01;2;33;0;2;1;1;1;
18697;202200012241;792 202;B01;2;7;0;2;2;15;1;
18698;202200012242;792 196;B01;2;32;0;2;7;1;1;
18699;202200012242;792 198;A01;3;1;0;2;0;19;5;
18700;202200012243;792 195;A01;2;7;0;2;2;1;1;
18701;202200012243;792 197;B01;2;7;0;2;6;1;1;
18702;202200012244;792 192;A01;1;7;0;2;3;13;1;
18703;202200012244;792 194;B01;2;10;0;2;3;1;1;
18704;202200012245;792 189;A01;3;60;0;2;4;19;5;
18705;202200012245;792 191;Z01;0;30;0;2;0;9;0;
18706;202200012246;792 186;A01;0;33;0;2;7;1;1;
18707;202200012246;792 188;B01;0;7;0;2;1;1;1;
18708;202200012247;792 187;A01;2;31;6;0;1;1;1;
18709;202200012248;792 185;A01;1;14;0;1;2;1;1;
18710;202200012249;792 184;A01;1;33;0;0;7;2;1;
18711;202200012250;792 183;A01;2;50;0;0;0;13;3;
18712;202200012251;792 182;A01;3;30;15;0;1;26;1;
18713;202200012252;792 179;B01;3;1;0;2;9;15;5;
18714;202200012252;792 180;A01;3;21;0;2;2;1;0;
18715;202200012253;792 177;A01;2;80;0;2;1;1;3;
18716;202200012253;792 181;Z01;1;7;0;2;1;15;3;
18717;202200012254;792 178;Z01;3;10;0;1;1;9;0;
18718;202200012255;792 176;A01;1;33;0;0;8;13;1;
18719;202200012256;792 173;B01;1;1;0;2;8;1;5;
18720;202200012256;792 175;A01;1;10;0;2;7;17;1;
18721;202200012257;792 171;B01;0;7;0;2;1;0;1;
18722;202200012257;792 174;FA01;0;7;0;2;3;15;1;
18723;202200012258;792 170;B01;1;10;0;2;3;11;1;
18724;202200012258;792 172;A01;1;33;0;2;7;1;1;
18725;202200012259;792 168;B01;3;2;0;2;0;23;3;
18726;202200012259;792 169;A01;3;7;0;2;1;1;1;
18727;202200012260;792 167;A01;1;7;0;1;2;1;1;
18728;202200012261;792 166;A01;3;30;8;0;3;21;1;
18729;202200012262;792 163;A01;3;30;1;0;8;19;1;
18730;202200012262;792 165;B01;1;10;1;0;3;1;1;
18731;202200012263;792 162;B01;1;32;0;2;1;15;1;
18732;202200012263;792 164;A01;1;7;0;2;2;1;1;
18733;202200012264;792 160;A01;3;7;0;2;2;1;1;
18734;202200012264;792 161;B01;3;34;0;2;4;23;1;
18735;202200012265;792 158;B01;2;33;0;2;1;1;1;
18736;202200012265;792 159;A01;1;1;0;2;7;19;5;
18737;202200012266;792 157;A01;2;7;7;0;2;16;1;
18738;202200012267;792 153;A01;2;32;0;1;1;1;1;
18739;202200012268;792 152;B01;1;7;0;2;1;1;1;
18740;202200012268;792 155;A01;1;7;0;2;5;10;1;
18741;202200012269;792 154;B01;3;14;0;2;5;16;1;
18742;202200012269;792 156;A01;3;32;0;2;7;7;1;
18743;202200012271;792 150;A01;1;80;0;0;0;21;3;
18744;202200012272;792 147;A01;3;7;0;2;5;16;1;
18745;202200012272;792 151;B01;3;1;0;2;0;1;5;
18746;202200012273;792 142;A01;0;37;0;2;2;1;1;1.0
18747;202200012273;792 146;B01;0;7;0;2;3;9;1;
18748;202200012274;792 141;A01;2;7;0;2;2;1;1;
18749;202200012274;792 144;B01;2;32;0;2;1;1;1;
18750;202200012275;792 143;B01;1;50;0;2;0;1;3;
18751;202200012275;792 145;A01;2;7;0;2;1;1;1;
18752;202200012276;792 137;A01;2;1;0;2;1;1;5;
18753;202200012276;792 139;B01;2;7;0;2;4;16;2;
18754;202200012277;792 136;C01;1;7;0;2;5;24;1;
18755;202200012277;792 138;B01;1;33;1;2;2;1;1;
18756;202200012277;792 140;A01;1;7;0;2;3;13;1;
18757;202200012278;792 130;Z01;1;7;0;2;1;2;0;
18758;202200012278;792 135;B01;1;31;0;2;4;12;1;
18759;202200012279;792 132;A01;1;32;0;2;1;1;1;
18760;202200012279;792 134;B01;1;7;0;2;5;23;1;
18761;202200012280;792 131;A01;1;10;0;2;3;9;1;
18762;202200012280;792 133;B01;1;30;0;2;1;1;1;
18763;202200012281;792 126;B01;1;7;0;2;2;1;1;
18764;202200012281;792 129;A01;2;7;0;2;1;13;1;
18765;202200012283;792 125;B01;1;60;0;2;1;1;5;
18766;202200012283;792 128;A01;1;7;0;2;3;15;1;
18767;202200012284;792 123;A01;2;7;0;2;3;13;1;
18768;202200012284;792 124;B01;1;7;0;2;3;1;1;
18769;202200012286;792 119;B01;3;31;0;2;1;1;3;
18770;202200012286;792 121;A01;3;10;0;2;2;15;1;
18771;202200012287;792 116;A01;2;3;0;2;2;9;1;
18772;202200012287;792 118;B01;1;33;0;2;5;1;1;
18773;202200012288;792 115;A01;3;13;0;4;6;1;1;
18774;202200012288;792 117;B01;3;39;0;2;1;1;3;
18775;202200012289;792 114;A01;1;30;0;2;0;21;3;
18776;202200012290;792 111;A01;1;7;0;1;2;1;1;
18777;202200012291;792 110;A01;1;30;1;2;2;1;3;
18778;202200012291;792 112;B01;1;10;0;2;1;15;1;
18779;202200012292;792 109;A01;0;7;0;1;0;1;0;
18780;202200012293;792 108;A01;1;2;0;1;1;1;1;
18781;202200012294;792 106;A01;2;7;0;2;1;1;1;
18782;202200012294;792 113;B01;2;7;4;2;4;12;1;
18783;202200012295;792 105;B01;-1;7;0;2;2;9;1;
18784;202200012295;792 107;A01;-1;7;4;2;6;9;1;
18785;202200012296;792 103;A01;1;33;0;2;7;15;1;
18786;202200012296;792 104;B01;2;1;0;2;1;1;5;
18787;202200012299;792 096;A01;0;7;0;2;1;19;1;
18788;202200012299;792 098;B01;0;7;0;2;8;1;1;
18789;202200012300;792 095;A01;1;7;0;1;8;1;1;
18790;202200012301;792 094;A01;3;30;0;1;1;1;3;
18791;202200012302;792 093;A01;1;15;0;1;8;20;1;
18792;202200012303;792 092;A01;1;32;0;0;0;1;1;
18793;202200012304;792 089;A01;2;1;0;2;1;1;5;
18794;202200012305;792 090;Y01;1;60;0;2;7;19;5;
18795;202200012305;792 091;B01;2;7;0;2;1;1;1;
18796;202200012306;792 085;Z01;2;50;0;2;0;1;3;
18797;202200012306;792 087;A01;3;1;0;2;7;1;5;
18798;202200012307;792 086;B01;1;10;0;2;6;9;1;
18799;202200012307;792 088;A01;0;30;0;2;8;21;1;
18800;202200012308;792 084;Z01;1;33;0;1;1;1;0;
18801;202200012309;792 083;A01;2;7;0;1;4;4;1;
18802;202200012311;792 079;B01;3;7;0;2;3;1;1;
18803;202200012311;792 082;A01;3;10;0;2;2;1;1;
18804;202200012312;792 077;A01;2;60;0;2;3;19;5;
18805;202200012312;792 078;B01;2;7;0;2;2;1;1;
18806;202200012313;792 076;A01;1;7;0;1;1;9;1;
18807;202200012314;792 074;A01;1;2;0;2;7;17;3;
18808;202200012314;792 075;B01;1;7;0;2;3;15;1;
18809;202200012315;792 073;A01;1;31;0;1;2;1;1;
18810;202200012316;792 071;A01;3;7;0;2;3;1;2;
18811;202200012316;792 072;B01;3;10;0;2;1;1;1;
18812;202200012317;792 069;A01;1;7;0;9;3;2;1;
18813;202200012317;792 070;B01;1;1;0;2;6;1;5;
18814;202200012318;792 067;A01;1;43;0;2;1;1;1;
18815;202200012318;792 068;B01;1;7;0;2;4;1;1;
18816;202200012319;792 065;A01;3;3;0;2;8;10;1;
18817;202200012319;792 066;B01;1;37;0;2;2;1;0;1.0
18818;202200012320;792 063;A01;0;10;9;0;1;1;1;
18819;202200012321;792 061;C01;3;37;0;2;3;1;1;1.0
18820;202200012321;792 062;B01;3;7;0;2;1;1;1;
18821;202200012321;792 064;A01;3;7;0;2;5;1;1;
18822;202200012322;792 058;A01;1;7;0;2;4;23;1;
18823;202200012322;792 060;B01;1;7;0;2;1;1;1;
18824;202200012323;792 059;A01;1;7;0;1;1;15;1;
18825;202200012326;792 053;A01;3;7;0;2;5;26;1;
18826;202200012326;792 054;B01;3;32;0;2;1;1;1;
18827;202200012327;792 050;B01;1;7;0;2;6;0;1;
18828;202200012327;792 052;A01;1;37;0;2;2;12;1;2.0
18829;202200012328;792 049;B01;2;50;0;2;1;1;3;
18830;202200012328;792 051;A01;-1;7;0;2;3;1;3;
18831;202200012329;792 047;A01;0;7;0;2;4;26;1;
18832;202200012329;792 048;B01;0;7;0;2;1;1;1;
18833;202200012330;792 046;A01;0;7;0;1;2;15;1;
18834;202200012331;792 045;A01;0;40;0;1;7;1;3;
18835;202200012332;792 043;B01;1;50;0;2;1;1;3;
18836;202200012332;792 044;A01;1;7;0;2;2;0;1;
18837;202200012333;792 041;A01;3;7;0;2;2;0;1;
18838;202200012333;792 042;B01;3;33;0;2;3;0;1;
18839;202200012334;792 037;B01;2;1;0;2;3;2;5;
18840;202200012334;792 039;A01;2;7;0;2;5;2;1;
18841;202200012335;792 034;A01;0;31;0;2;2;1;1;
18842;202200012335;792 035;B01;0;7;0;2;3;9;1;
18843;202200012336;792 033;B01;1;37;0;2;3;1;2;4.0
18844;202200012336;792 036;A01;1;7;0;2;2;16;1;
18845;202200012337;792 032;A01;1;80;0;0;0;0;3;
18846;202200012338;792 030;A01;1;7;0;2;1;2;1;
18847;202200012338;792 031;B01;1;34;0;2;4;1;1;
18848;202200012340;792 026;B01;2;33;0;2;1;1;1;
18849;202200012340;792 028;A01;1;10;0;2;7;15;1;
18850;202200012341;792 025;B01;3;30;0;2;0;1;1;
18851;202200012341;792 027;A01;3;7;0;2;6;9;2;
18852;202200012342;792 024;A01;1;33;0;1;1;1;1;
18853;202200012343;792 023;A01;2;30;0;1;1;1;0;
18854;202200012344;792 021;A01;1;7;0;2;1;1;1;
18855;202200012344;792 022;B01;1;10;0;0;6;9;1;
18856;202200012345;792 019;A01;1;32;14;0;8;13;1;
18857;202200012346;792 017;C01;1;7;0;2;4;2;2;
18858;202200012346;792 018;B01;1;7;0;2;4;2;1;
18859;202200012346;792 020;A01;1;10;0;2;1;2;1;
18860;202200012347;792 016;A01;1;33;13;0;0;1;1;
18861;202200012348;792 013;B01;1;7;0;2;8;0;1;
18862;202200012348;792 015;A01;1;17;0;2;8;0;1;
18863;202200012349;792 012;A01;1;7;0;2;3;1;1;
18864;202200012349;792 014;B01;1;30;0;2;4;10;1;
18865;202200012350;792 011;A01;2;7;4;0;3;1;1;
18866;202200012351;792 009;B01;1;33;0;2;1;1;1;
18867;202200012351;792 010;A01;2;7;0;2;1;15;1;
18868;202200012352;792 007;A01;1;7;4;0;1;2;1;
18869;202200012353;792 005;C01;1;7;0;9;1;2;1;
18870;202200012353;792 006;B01;1;7;0;2;4;2;1;
18871;202200012353;792 008;A01;1;7;0;2;1;2;1;
18872;202200012354;792 003;B01;1;33;0;0;1;1;1;
18873;202200012354;792 004;A01;2;7;0;0;7;15;1;
18874;202200012355;792 000;A01;1;33;10;0;3;17;1;
18875;202200012356;791 999;C01;1;7;0;2;4;2;1;
18876;202200012356;792 001;A01;1;7;4;0;1;1;1;
18877;202200012356;792 002;B01;1;10;0;2;4;1;1;
18878;202200012357;791 997;A01;1;7;0;0;3;15;3;
18879;202200012357;791 998;B01;3;32;0;0;7;17;1;
18880;202200012358;791 995;B01;2;7;0;2;6;2;1;
18881;202200012358;791 996;A01;2;7;9;2;1;2;1;
18882;202200012359;791 994;A01;1;7;8;0;3;1;0;
18883;202200012360;791 992;A01;1;7;13;0;1;1;1;
18884;202200012361;791 991;A01;1;7;0;2;1;1;1;
18885;202200012361;791 993;B01;1;10;0;2;4;2;1;
18886;202200012362;791 990;A01;1;33;2;0;1;1;1;
18887;202200012363;791 989;A01;1;7;4;0;1;1;1;
18888;202200012364;791 987;A01;2;33;0;2;1;19;1;
18889;202200012364;791 988;B01;1;7;0;2;3;1;1;
18890;202200012366;791 984;A01;2;7;5;0;1;12;1;
18891;202200012367;791 983;B01;1;1;0;2;8;1;5;
18892;202200012367;791 985;A01;1;10;0;9;2;15;1;
18893;202200012369;791 979;B01;1;33;0;0;8;0;1;
18894;202200012369;791 981;A01;0;38;0;2;3;0;1;1.0
18895;202200012370;791 976;B01;1;7;0;2;1;1;1;
18896;202200012370;791 978;A01;1;7;0;2;4;23;1;
18897;202200012371;791 975;B01;1;7;0;2;5;15;1;
18898;202200012371;791 977;A01;2;33;0;2;1;1;1;
18899;202200012372;791 973;A01;1;7;13;0;7;1;1;
18900;202200012372;791 974;B01;2;7;0;0;0;17;1;
18901;202200012373;791 972;A01;1;7;0;1;0;0;1;
18902;202200012375;791 969;A01;0;7;2;0;1;0;1;
18903;202200012377;791 967;A01;1;7;13;0;3;13;1;
18904;202200012378;791 966;A01;3;33;0;1;1;17;1;
18905;202200012379;791 964;B01;1;1;0;2;4;1;5;
18906;202200012379;791 965;A01;1;1;0;2;1;1;5;
18907;202200012380;791 963;A01;0;7;0;1;5;1;1;
18908;202200012381;791 962;A01;1;7;0;1;3;1;1;
18909;202200012382;791 960;A01;1;7;0;2;1;17;1;
18910;202200012382;791 961;B01;2;33;0;2;1;5;1;
18911;202200012383;791 958;B01;1;7;0;2;6;17;1;
18912;202200012383;791 959;A01;1;33;0;2;1;17;1;
18913;202200012384;791 956;A01;1;7;0;1;1;1;1;
18914;202200012385;791 955;A01;2;7;0;2;3;9;1;
18915;202200012385;791 957;B01;2;1;0;2;2;26;5;
18916;202200012386;791 953;A01;1;2;6;0;1;0;1;
18917;202200012387;791 952;A01;1;7;0;2;3;26;1;
18918;202200012387;791 954;B01;1;1;0;2;2;21;5;
18919;202200012389;791 948;B01;3;7;0;2;8;1;1;
18920;202200012389;791 949;A01;2;1;0;2;1;1;5;
18921;202200012391;791 943;B01;2;7;0;2;5;1;1;
18922;202200012391;791 945;A01;2;2;0;2;3;2;1;
18923;202200012392;791 942;B01;1;7;0;2;3;1;1;
18924;202200012392;791 944;A01;2;1;0;2;4;13;5;
18925;202200012393;791 939;A01;1;7;3;2;1;13;1;
18926;202200012393;791 940;B01;2;7;0;2;1;1;1;
18927;202200012394;791 938;B01;1;7;0;2;3;9;1;
18928;202200012394;791 941;A01;1;1;0;2;1;1;5;
18929;202200012395;791 936;A01;2;7;0;2;5;15;1;
18930;202200012395;791 937;B01;1;33;0;2;1;1;1;
18931;202200012396;791 935;A01;1;7;0;0;2;26;1;
18932;202200012397;791 932;B01;1;7;0;2;1;1;1;
18933;202200012397;791 934;A01;2;7;13;2;7;1;1;
18934;202200012398;791 931;B01;3;10;0;2;1;17;1;
18935;202200012398;791 933;A01;3;33;0;2;1;26;1;
18936;202200012399;791 929;B01;1;1;0;2;1;2;5;
18937;202200012399;791 930;A01;1;21;0;2;5;2;0;
18938;202200012400;791 928;A01;1;7;8;1;1;25;1;
18939;202200012401;791 926;B01;2;7;0;2;2;9;1;
18940;202200012401;791 927;A01;2;7;0;2;3;1;1;
18941;202200012402;791 924;A01;1;36;1;0;2;14;1;
18942;202200012403;791 923;A01;1;7;0;1;1;9;1;
18943;202200012404;791 922;A01;3;1;0;0;0;0;5;
18944;202200012405;791 920;A01;2;7;0;0;5;1;1;
18945;202200012406;791 919;A01;1;7;0;2;3;9;1;
18946;202200012406;791 921;B01;2;37;0;2;1;1;6;1.0
18947;202200012407;791 916;A01;1;7;0;2;6;17;1;
18948;202200012407;791 918;B01;2;1;0;2;6;13;5;
18949;202200012408;791 917;A01;2;1;0;0;7;14;5;
18950;202200012409;791 912;B01;1;33;0;2;1;1;1;
18951;202200012409;791 914;A01;2;7;0;2;3;13;1;
18952;202200012410;791 911;A01;1;17;3;0;2;1;1;
18953;202200012411;791 910;A01;2;30;0;0;0;21;1;
18954;202200012412;791 909;A01;2;7;0;1;1;1;1;
18955;202200012413;791 907;A01;1;32;16;0;1;1;1;
18956;202200012415;791 903;B01;2;7;0;2;3;15;1;
18957;202200012415;791 905;A01;2;33;0;2;7;15;1;
18958;202200012417;791 901;A01;1;7;2;0;1;26;1;
18959;202200012418;791 899;A01;2;7;0;1;2;1;1;
18960;202200012419;791 896;B01;0;7;0;2;3;1;1;
18961;202200012419;791 898;A01;0;7;0;2;2;19;1;
18962;202200012420;791 895;B01;1;10;0;2;6;13;1;
18963;202200012420;791 897;A01;1;33;0;2;6;2;1;
18964;202200012421;791 892;A01;1;30;0;2;1;17;1;
18965;202200012421;791 894;B01;1;7;0;2;3;23;1;
18966;202200012422;791 891;A01;1;7;0;2;1;19;1;
18967;202200012422;791 893;B01;1;2;0;0;8;1;1;
18968;202200012423;791 887;A01;2;7;0;2;1;13;1;
18969;202200012423;791 889;B01;1;7;0;2;1;2;1;
18970;202200012423;791 890;C01;1;7;0;2;1;2;1;
18971;202200012424;791 886;B01;2;7;0;2;2;1;1;
18972;202200012424;791 888;A01;1;7;0;2;1;1;1;
18973;202200012425;791 885;A01;1;33;13;0;7;14;1;
18974;202200012427;791 882;B01;1;33;0;2;1;2;1;
18975;202200012427;791 883;A01;1;7;0;2;6;10;1;
18976;202200012428;791 879;A01;2;7;0;2;1;15;1;
18977;202200012428;791 880;B01;1;33;0;2;1;1;1;
18978;202200012429;791 875;A01;2;7;0;0;2;9;1;
18979;202200012429;791 877;B01;1;31;0;0;1;1;1;
18980;202200012431;791 868;A01;2;2;0;0;7;16;1;
18981;202200012433;791 864;A01;1;7;0;2;1;17;1;
18982;202200012433;791 866;B01;2;7;3;2;1;1;1;
18983;202200012434;791 863;A01;3;43;0;2;1;17;1;
18984;202200012434;791 865;B01;3;80;0;2;8;15;3;
18985;202200012435;791 861;B01;0;7;0;2;1;1;2;
18986;202200012435;791 862;A01;0;7;0;2;1;1;1;
18987;202200012436;791 858;A01;1;7;0;1;2;21;1;
18988;202200012437;791 856;B01;1;7;0;2;5;11;1;
18989;202200012437;791 857;A01;1;33;0;2;1;1;1;
18990;202200012438;791 855;A01;1;15;2;0;1;1;1;
18991;202200012439;791 853;A01;1;32;0;2;1;2;1;
18992;202200012439;791 854;B01;1;7;0;0;4;23;1;
18993;202200012440;791 852;A01;0;7;0;1;3;1;1;
18994;202200012441;791 850;A01;3;7;0;2;1;9;3;
18995;202200012441;791 851;B01;3;2;0;2;2;1;1;
18996;202200012442;791 847;A01;2;10;0;2;3;9;1;
18997;202200012442;791 849;B01;1;1;0;2;1;1;5;
18998;202200012443;791 844;A01;1;17;0;9;0;9;1;
18999;202200012443;791 848;B01;1;80;0;2;0;19;3;
19000;202200012444;791 841;D01;2;10;0;2;0;0;1;
19001;202200012444;791 842;C01;2;10;0;2;9;0;1;
19002;202200012444;791 843;B01;1;10;0;2;9;0;1;
19003;202200012444;791 845;A01;2;15;3;2;1;14;1;
19004;202200012444;791 846;E01;2;14;1;0;0;0;1;
19005;202200012445;791 839;B01;1;7;0;2;0;0;1;
19006;202200012445;791 840;A01;1;7;0;2;3;1;1;
19007;202200012446;791 835;A01;1;33;0;2;1;1;1;
19008;202200012446;791 836;B01;1;7;0;2;4;1;3;
19009;202200012446;791 837;C01;1;7;0;2;4;1;1;
19010;202200012447;791 834;A01;1;10;12;9;2;15;1;
19011;202200012447;791 838;B01;2;1;0;2;3;7;5;
19012;202200012448;791 832;A01;1;7;0;2;8;1;1;
19013;202200012448;791 833;Z01;1;10;0;2;7;14;0;
19014;202200012449;791 831;A01;2;7;0;1;2;15;1;
19015;202200012450;791 830;A01;2;1;0;1;1;0;5;
19016;202200012451;791 829;A01;2;7;1;1;1;21;1;
19017;202200012452;791 827;A01;2;7;0;2;7;22;1;
19018;202200012452;791 828;B01;2;50;1;2;0;0;3;
19019;202200012453;791 825;A01;2;7;0;2;3;1;1;
19020;202200012453;791 826;B01;3;1;0;2;6;15;5;
19021;202200012454;791 823;A01;1;7;0;2;5;15;1;
19022;202200012454;791 824;B01;1;80;0;2;1;1;3;
19023;202200012455;791 821;B01;2;1;0;2;1;1;5;
19024;202200012455;791 822;A01;1;7;0;2;8;15;1;
19025;202200012456;791 819;A01;2;2;0;2;7;13;1;
19026;202200012456;791 820;B01;1;7;0;2;3;15;1;
19027;202200012457;791 818;A01;1;10;0;1;2;2;1;
19028;202200012458;791 816;A01;3;7;0;9;3;0;1;
19029;202200012458;791 817;B01;3;1;0;2;1;13;5;
19030;202200012459;791 814;B01;1;7;0;2;3;11;1;
19031;202200012459;791 815;A01;2;2;0;2;1;1;1;
19032;202200012460;791 812;A01;1;7;0;2;1;1;1;
19033;202200012460;791 813;B01;1;7;0;2;4;26;1;
19034;202200012461;791 811;A01;1;7;0;0;0;6;1;
19035;202200012462;791 810;A01;1;7;1;0;2;1;1;
19036;202200012463;791 808;B01;3;7;0;2;1;1;1;
19037;202200012463;791 809;A01;3;7;0;2;1;5;1;
19038;202200012464;791 806;A01;3;30;0;2;1;2;3;
19039;202200012464;791 807;B01;3;7;0;2;4;2;1;
19040;202200012465;791 805;A01;1;33;0;1;1;1;1;
19041;202200012466;791 803;A01;1;33;0;2;8;17;1;
19042;202200012466;791 804;B01;1;7;0;2;2;17;0;
19043;202200012467;791 801;B01;1;7;0;2;1;1;1;
19044;202200012467;791 802;A01;1;7;0;2;1;11;1;
19045;202200012470;791 796;A01;2;10;0;2;1;2;1;
19046;202200012470;791 797;B01;2;10;0;2;4;2;1;
19047;202200012471;791 794;B01;1;31;0;2;1;1;1;
19048;202200012471;791 795;A01;2;7;0;2;5;15;1;
19049;202200012472;791 792;A01;2;31;0;2;1;13;1;
19050;202200012472;791 793;B01;1;10;0;2;2;23;1;
19051;202200012473;791 790;B01;2;7;0;2;3;9;1;
19052;202200012473;791 791;A01;2;33;0;2;7;1;1;
19053;202200012474;791 789;A01;2;7;6;0;4;26;1;
19054;202200012475;791 787;A01;1;33;0;2;1;2;1;
19055;202200012475;791 788;B01;1;7;0;2;4;13;1;
19056;202200012476;791 786;A01;1;7;0;1;1;1;1;
19057;202200012477;791 785;A01;1;7;6;0;3;1;1;
19058;202200012478;791 784;A01;1;30;8;0;1;13;1;
19059;202200012479;791 782;B01;2;7;0;2;1;16;1;
19060;202200012479;791 783;A01;1;1;0;2;7;1;5;
19061;202200012480;791 781;A01;2;7;14;0;9;1;1;
19062;202200012481;791 780;A01;3;33;0;1;1;1;1;
19063;202200012482;791 779;A01;0;7;8;0;1;14;1;
19064;202200012484;791 775;B01;2;7;0;2;2;1;1;
19065;202200012484;791 776;A01;2;2;0;2;1;16;1;
19066;202200012485;791 774;A01;1;33;13;0;1;13;1;
19067;202200012487;791 771;A01;1;7;0;2;8;11;1;
19068;202200012487;791 772;B01;1;33;0;2;1;1;1;
19069;202200012488;791 769;B01;1;7;6;2;1;1;1;
19070;202200012488;791 770;A01;3;7;6;2;8;1;1;
19071;202200012489;791 767;A01;1;7;0;2;1;2;1;
19072;202200012489;791 768;Z01;1;10;0;2;4;2;0;
19073;202200012490;791 765;B01;1;30;0;2;6;1;1;
19074;202200012490;791 766;A01;1;7;0;2;2;1;1;
19075;202200012491;791 764;A01;2;7;0;1;3;16;1;
19076;202200012492;791 763;A01;3;7;12;0;1;19;1;
19077;202200012493;791 761;B01;1;7;0;2;3;13;1;
19078;202200012493;791 762;A01;1;32;0;2;2;15;1;
19079;202200012494;791 760;Z01;1;0;0;1;7;16;0;
19080;202200012496;791 756;B01;2;1;0;2;6;13;5;
19081;202200012496;791 757;A01;2;32;0;2;2;1;1;
19082;202200012497;791 755;A01;2;30;0;1;1;1;3;
19083;202200012498;791 754;A01;1;3;0;1;5;1;3;
19084;202200012499;791 752;A01;2;7;0;2;8;17;1;
19085;202200012499;791 753;B01;1;7;0;2;1;15;2;
19086;202200012500;791 751;A01;2;50;0;1;1;1;3;
19087;202200012501;791 750;A01;1;14;0;1;5;16;0;
19088;202200012502;791 748;B01;2;3;0;2;0;0;0;
19089;202200012502;791 749;A01;2;7;0;2;1;1;0;
19090;202200012503;791 746;B01;1;7;0;2;3;13;1;
19091;202200012503;791 747;A01;2;7;0;2;3;1;1;
19092;202200012504;791 745;A01;2;33;0;0;1;0;1;
19093;202200012505;791 741;A01;2;7;0;2;3;13;1;
19094;202200012505;791 742;B01;2;32;0;2;2;17;1;
19095;202200012506;791 740;A01;1;7;8;0;3;13;1;
19096;202200012507;791 738;A01;1;30;0;2;1;1;1;
19097;202200012507;791 739;B01;1;7;0;2;5;1;1;
19098;202200012508;791 735;A01;1;33;0;2;2;2;1;
19099;202200012508;791 736;B01;1;33;0;2;6;2;1;
19100;202200012508;791 737;C01;1;33;16;0;0;2;1;
19101;202200012509;791 734;A01;2;7;13;0;2;2;1;
19102;202200012510;791 732;A01;3;34;0;2;8;15;1;
19103;202200012510;791 733;B01;3;33;0;2;1;1;1;
19104;202200012511;791 731;A01;3;2;8;0;1;14;1;
19105;202200012512;791 729;A01;2;10;0;2;1;2;1;
19106;202200012512;791 730;B01;2;7;3;0;4;2;1;
19107;202200012513;791 728;A01;3;10;0;1;3;15;1;
19108;202200012514;791 727;A01;1;7;7;0;9;1;1;
19109;202200012515;791 725;B01;1;33;0;2;1;2;1;
19110;202200012515;791 726;A01;1;7;0;0;5;23;1;
19111;202200012516;791 724;A01;2;7;3;0;2;1;1;
19112;202200012517;791 722;A01;1;7;11;0;3;19;1;
19113;202200012517;791 723;B01;2;7;0;2;2;1;1;
19114;202200012518;791 721;A01;2;7;15;0;1;11;1;
19115;202200012519;791 719;A01;1;10;2;0;3;13;1;
19116;202200012522;791 713;A01;1;36;13;0;2;17;1;
19117;202200012523;791 712;A01;3;20;0;0;0;1;1;
19118;202200012524;791 711;A01;1;7;0;0;0;0;0;
19119;202200012525;791 710;A01;1;2;13;0;7;1;1;
19120;202200012527;791 708;A01;0;10;6;0;1;1;1;
19121;202200012528;791 707;A01;1;33;2;0;1;0;1;
19122;202200012529;791 704;B01;3;1;0;2;1;1;5;
19123;202200012529;791 705;A01;3;7;0;9;3;15;2;
19124;202200012530;791 706;A01;2;33;13;0;7;1;1;
19125;202200012531;791 702;A01;2;7;2;0;1;14;1;
19126;202200012532;791 701;B01;1;7;0;2;3;1;1;
19127;202200012532;791 703;A01;1;7;0;2;1;1;1;
19128;202200012533;791 699;A01;2;10;16;0;1;1;1;
19129;202200012534;791 700;A01;1;33;0;0;1;1;1;
19130;202200012535;791 698;A01;1;7;0;0;9;17;1;