;Num_Acc;id_vehicule;num_veh;senc;catv;obs;obsm;choc;manv;motor;occutc
19131;202200012536;791 696;A01;2;7;0;2;3;15;1;
19132;202200012536;791 697;B01;1;1;0;2;3;1;5;
19133;202200012537;791 695;A01;1;7;13;0;9;21;1;
19134;202200012538;791 694;A01;0;7;0;1;4;26;1;
19135;202200012540;791 690;B01;1;31;0;2;8;26;1;
19136;202200012540;791 691;A01;1;20;0;2;5;19;1;
19137;202200012542;791 687;A01;1;7;13;0;0;0;1;
19138;202200012543;791 684;B01;1;7;3;2;1;1;1;
19139;202200012543;791 686;A01;2;7;0;2;1;13;1;
19140;202200012544;791 682;A01;1;7;8;0;0;1;1;
19141;202200012545;791 680;A01;2;10;0;2;1;1;1;
19142;202200012545;791 681;B01;2;33;0;2;8;1;1;
19143;202200012546;791 683;B01;2;2;0;9;4;2;1;
19144;202200012546;791 685;A01;2;7;15;2;2;2;1;
19145;202200012547;791 678;A01;0;33;14;0;1;1;1;
19146;202200012548;791 679;A01;1;7;6;0;2;1;1;
19147;202200012549;791 677;A01;2;31;0;0;7;1;1;
19148;202200012550;791 675;A01;2;7;0;2;2;14;1;
19149;202200012550;791 676;B01;2;7;0;0;3;1;1;
19150;202200012551;791 672;B01;1;10;0;2;1;1;1;
19151;202200012551;791 674;A01;2;7;0;2;3;15;1;
19152;202200012552;791 668;A01;2;7;0;0;1;1;1;
19153;202200012553;791 666;A01;1;7;0;1;1;9;1;
19154;202200012554;791 664;A01;1;31;4;0;0;13;1;
19155;202200012555;791 660;A01;2;31;12;0;0;0;1;
19156;202200012556;791 661;A01;1;7;4;2;1;1;1;
19157;202200012556;791 662;B01;1;7;0;0;1;1;1;
19158;202200012556;791 663;C01;1;7;15;0;1;1;1;
19159;202200012556;791 665;D01;1;7;0;2;1;1;1;
19160;202200012556;791 667;E01;1;7;0;2;1;1;2;
19161;202200012556;791 669;F01;1;7;0;2;1;1;1;
19162;202200012556;791 670;G01;1;7;0;2;4;1;1;
19163;202200012556;791 671;H01;1;7;0;2;1;1;1;
19164;202200012556;791 673;I01;1;7;0;2;7;1;1;
19165;202200012557;791 659;A01;3;33;0;0;1;1;1;
19166;202200012558;791 658;A01;3;2;0;0;8;16;1;
19167;202200012559;791 657;A01;0;33;0;6;1;1;1;
19168;202200012560;791 656;A01;1;7;4;0;3;21;1;
19169;202200012561;791 655;A01;2;33;0;0;0;1;1;
19170;202200012562;791 652;B01;0;7;0;2;1;0;1;
19171;202200012562;791 653;A01;0;2;0;0;4;1;1;
19172;202200012563;791 649;A01;3;7;0;1;2;1;1;
19173;202200012564;791 646;E01;2;15;0;2;1;1;1;
19174;202200012564;791 647;A01;2;17;0;2;8;11;1;
19175;202200012564;791 648;C01;2;7;0;2;1;2;1;
19176;202200012564;791 650;D01;2;7;0;2;1;2;1;
19177;202200012564;791 651;B01;2;7;0;2;7;17;1;
19178;202200012564;791 654;F01;1;7;0;9;1;1;1;
19179;202200012565;791 645;A01;1;7;13;0;9;1;1;
19180;202200012566;791 644;A01;1;7;13;0;3;13;1;
19181;202200012567;791 643;A01;1;31;13;0;0;0;1;
19182;202200012568;791 641;A01;2;7;13;0;3;13;1;
19183;202200012569;791 640;A01;2;7;0;9;3;15;1;
19184;202200012569;791 642;B01;2;33;0;0;2;17;1;
19185;202200012570;791 637;A01;1;7;6;0;1;1;1;
19186;202200012571;791 638;B01;3;7;0;0;4;4;1;
19187;202200012571;791 639;A01;3;7;0;0;1;2;3;
19188;202200012572;791 636;A01;3;17;0;0;8;16;1;
19189;202200012573;791 634;B01;2;2;0;2;1;1;1;
19190;202200012573;791 635;A01;2;7;0;2;6;20;1;
19191;202200012574;791 632;B01;2;7;0;2;1;1;2;
19192;202200012574;791 633;A01;1;7;0;2;7;15;1;
19193;202200012575;791 630;A01;2;2;0;2;3;19;1;
19194;202200012575;791 631;B01;2;7;0;2;1;1;1;
19195;202200012576;791 628;B01;0;7;0;2;1;1;1;
19196;202200012576;791 629;A01;0;7;0;2;1;13;1;
19197;202200012577;791 627;A01;1;7;3;0;1;0;1;
19198;202200012578;791 625;A01;2;1;0;2;3;1;5;
19199;202200012578;791 626;B01;1;7;0;9;3;13;1;
19200;202200012579;791 624;A01;1;7;0;0;1;0;1;
19201;202200012580;791 622;A01;1;7;2;0;0;1;1;
19202;202200012581;791 623;A01;2;7;2;0;3;1;1;
19203;202200012582;791 621;A01;2;7;6;0;1;13;1;
19204;202200012583;791 620;A01;2;7;2;0;2;1;1;
19205;202200012585;791 618;A01;1;7;0;0;9;1;1;
19206;202200012586;791 616;A01;1;7;14;0;1;1;1;
19207;202200012587;791 615;A01;1;33;13;0;8;1;1;
19208;202200012588;791 614;A01;3;7;5;0;3;6;2;
19209;202200012589;791 612;A01;2;10;0;2;3;15;1;
19210;202200012589;791 613;B01;2;34;0;2;1;17;1;
19211;202200012590;791 611;A01;1;7;0;1;3;1;1;
19212;202200012591;791 610;A01;0;1;13;0;0;0;5;
19213;202200012592;791 609;A01;1;32;3;0;2;14;1;
19214;202200012593;791 606;A01;1;7;0;2;1;1;1;
19215;202200012593;791 608;B01;2;7;0;2;7;13;1;
19216;202200012594;791 605;A01;0;2;0;0;8;26;1;
19217;202200012595;791 603;A01;0;7;0;2;0;15;0;
19218;202200012595;791 604;B01;3;2;0;2;1;1;1;
19219;202200012596;791 601;B01;2;2;0;2;1;1;1;
19220;202200012596;791 602;A01;1;7;0;2;3;19;1;
19221;202200012597;791 599;A01;1;7;0;2;3;26;1;
19222;202200012597;791 600;B01;2;7;0;2;3;1;1;
19223;202200012598;791 597;A01;2;7;0;2;2;9;1;
19224;202200012598;791 598;B01;1;33;0;2;6;1;1;
19225;202200012600;791 592;A01;2;7;0;2;2;15;1;
19226;202200012600;791 594;B01;1;1;0;2;1;1;5;
19227;202200012601;791 591;A01;1;7;0;2;4;23;1;
19228;202200012601;791 593;B01;1;7;0;2;1;2;1;
19229;202200012602;791 588;B01;3;31;0;2;1;1;1;
19230;202200012602;791 590;A01;3;7;0;2;2;15;2;
19231;202200012603;791 586;C01;2;7;0;9;0;0;0;
19232;202200012603;791 587;B01;2;33;0;2;1;3;1;
19233;202200012603;791 589;A01;2;7;0;2;4;0;1;
19234;202200012604;791 585;A01;2;7;0;1;3;1;1;
19235;202200012605;791 583;B01;2;7;0;2;5;2;1;
19236;202200012605;791 584;A01;2;33;0;2;1;2;1;
19237;202200012606;791 581;A01;3;7;3;2;7;1;1;
19238;202200012606;791 582;B01;1;7;0;2;1;1;1;
19239;202200012607;791 579;B01;2;7;0;2;4;1;1;
19240;202200012607;791 580;A01;2;7;0;2;1;11;1;
19241;202200012608;791 578;A01;2;7;15;0;9;1;1;
19242;202200012609;791 576;A01;2;7;0;2;2;12;1;
19243;202200012609;791 577;B01;2;10;0;2;6;1;1;
19244;202200012610;791 574;A01;1;7;0;2;2;1;1;
19245;202200012610;791 575;B01;0;7;0;2;3;9;1;
19246;202200012611;791 573;A01;1;7;4;0;8;0;1;
19247;202200012612;791 572;A01;2;34;0;2;0;1;1;
19248;202200012613;791 571;A01;1;13;4;0;3;2;1;
19249;202200012614;791 567;A01;2;7;0;2;4;1;1;
19250;202200012614;791 570;B01;2;7;0;2;1;1;1;
19251;202200012615;791 566;A01;2;7;0;2;1;1;1;
19252;202200012615;791 568;B01;2;7;0;0;2;1;1;
19253;202200012615;791 569;C01;2;7;0;2;1;1;1;
19254;202200012616;791 564;A01;1;7;3;0;3;1;1;
19255;202200012617;791 563;A01;1;7;0;2;6;2;1;
19256;202200012617;791 565;B01;1;31;0;2;1;2;1;
19257;202200012618;791 560;A01;2;10;14;1;2;1;1;
19258;202200012619;791 558;D01;1;7;0;2;6;1;3;
19259;202200012619;791 559;C01;1;10;0;2;4;2;1;
19260;202200012619;791 561;B01;1;31;0;2;4;2;1;
19261;202200012619;791 562;A01;1;7;0;2;2;2;1;
19262;202200012620;791 555;B01;2;7;0;2;1;1;0;
19263;202200012620;791 556;A01;1;60;0;2;1;26;5;
19264;202200012621;791 554;B01;2;7;4;2;6;1;1;
19265;202200012621;791 557;A01;2;7;0;2;2;1;1;
19266;202200012622;791 551;A01;1;7;0;2;0;0;1;
19267;202200012622;791 553;B01;2;50;0;2;0;0;3;
19268;202200012623;791 550;A01;1;7;13;0;9;0;1;
19269;202200012624;791 548;A01;2;7;4;0;3;1;1;
19270;202200012625;791 549;Z01;1;7;0;1;1;1;1;
19271;202200012626;791 545;A01;1;7;0;2;7;0;1;
19272;202200012626;791 546;B01;1;7;0;2;8;0;1;
19273;202200012626;791 547;C01;1;7;0;2;0;0;2;
19274;202200012627;791 543;B01;1;7;0;2;6;1;1;
19275;202200012627;791 544;A01;1;2;0;2;7;18;1;
19276;202200012628;791 542;A01;1;43;6;0;2;11;1;
19277;202200012629;791 541;A01;2;7;0;1;1;1;1;
19278;202200012630;791 540;Z01;3;7;0;1;1;26;0;
19279;202200012631;791 537;A01;1;7;0;2;7;15;1;
19280;202200012631;791 539;B01;1;7;0;2;1;1;1;
19281;202200012632;791 535;C01;2;7;0;2;4;2;1;
19282;202200012632;791 536;B01;2;10;0;2;4;2;1;
19283;202200012632;791 538;A01;2;33;0;2;1;2;1;
19284;202200012633;791 533;A01;1;7;0;2;8;20;1;
19285;202200012633;791 534;B01;1;32;0;2;1;1;1;
19286;202200012635;791 529;A01;1;1;0;2;1;1;5;
19287;202200012635;791 531;B01;1;7;0;2;5;1;1;
19288;202200012636;791 527;B01;3;7;0;2;5;0;1;
19289;202200012636;791 528;A01;2;30;0;2;5;26;1;
19290;202200012637;791 526;B01;1;7;0;2;1;1;1;
19291;202200012638;791 524;B01;1;7;0;2;0;0;1;
19292;202200012638;791 525;A01;1;30;1;0;0;1;1;
19293;202200012639;791 522;B01;1;7;0;2;4;1;1;
19294;202200012639;791 523;A01;1;7;0;2;1;1;1;
19295;202200012640;791 520;A01;2;7;0;2;7;15;1;
19296;202200012640;791 521;B01;1;33;0;2;1;1;1;
19297;202200012641;791 516;B01;1;33;0;2;8;1;1;
19298;202200012641;791 518;A01;1;7;0;2;8;10;1;
19299;202200012642;791 514;A01;3;99;14;2;1;26;1;
19300;202200012642;791 515;B01;3;99;0;2;4;2;1;
19301;202200012642;791 517;C01;3;99;0;2;1;2;1;
19302;202200012642;791 519;D01;3;99;0;2;1;2;1;
19303;202200012643;791 512;B01;3;0;0;2;7;15;0;
19304;202200012643;791 513;A01;3;30;0;2;2;1;1;
19305;202200012644;791 510;B01;3;7;0;2;0;0;1;
19306;202200012644;791 511;A01;2;7;0;2;2;13;1;
19307;202200012645;791 508;B01;1;10;0;2;4;1;1;
19308;202200012645;791 509;A01;1;33;0;2;1;1;1;
19309;202200012646;791 505;A01;2;33;0;0;8;9;1;
19310;202200012647;791 504;A01;2;10;0;2;1;2;1;
19311;202200012647;791 506;C01;2;7;0;2;1;2;3;
19312;202200012647;791 507;B01;2;7;0;2;4;2;1;
19313;202200012648;791 501;B01;2;2;0;2;8;1;1;
19314;202200012648;791 503;A01;1;7;0;2;8;15;1;
19315;202200012649;791 499;A01;3;7;1;0;6;16;3;
19316;202200012649;791 500;B01;3;7;0;2;7;24;1;
19317;202200012649;791 502;C01;3;7;0;2;7;24;1;
19318;202200012651;791 496;A01;1;7;0;1;1;0;1;
19319;202200012652;791 494;B01;3;31;0;2;1;1;1;
19320;202200012652;791 495;A01;3;7;0;2;1;11;1;
19321;202200012653;791 492;A01;2;2;0;2;8;19;1;
19322;202200012653;791 493;B01;2;7;0;2;1;16;1;
19323;202200012654;791 491;A01;2;7;0;0;0;13;1;
19324;202200012655;791 488;A01;1;7;1;0;3;2;1;
19325;202200012656;791 489;B01;1;7;0;2;6;1;1;
19326;202200012656;791 490;A01;1;7;12;2;1;16;3;
19327;202200012657;791 486;A01;0;60;0;1;1;1;5;
19328;202200012658;791 484;B01;3;1;0;2;7;0;5;
19329;202200012658;791 487;A01;3;7;0;9;1;9;1;
19330;202200012659;791 483;B01;2;50;0;2;7;19;3;
19331;202200012659;791 485;A01;2;7;0;2;1;1;1;
19332;202200012660;791 481;A01;2;2;0;2;1;2;1;
19333;202200012660;791 482;B01;2;7;0;2;4;0;1;
19334;202200012661;791 479;B01;3;31;0;2;1;1;1;
19335;202200012661;791 480;A01;3;7;0;2;1;1;1;
19336;202200012662;791 478;A01;3;7;0;1;4;4;1;
19337;202200012663;791 476;A01;2;7;0;1;0;26;1;
19338;202200012665;791 473;A01;1;7;0;1;2;1;1;
19339;202200012666;791 472;B01;3;7;0;2;1;1;1;
19340;202200012666;791 474;A01;3;2;0;2;1;10;1;
19341;202200012667;791 471;Z01;0;7;0;0;0;0;0;
19342;202200012668;791 469;A01;3;7;0;2;3;9;1;
19343;202200012668;791 470;B01;3;2;0;2;7;1;1;
19344;202200012669;791 468;A01;1;2;1;0;1;14;1;
19345;202200012670;791 466;A01;2;7;0;2;6;20;1;
19346;202200012670;791 467;B01;2;32;0;2;2;1;1;
19347;202200012671;791 465;A01;2;7;15;0;2;1;1;
19348;202200012672;791 464;A01;1;7;0;1;3;1;1;
19349;202200012673;791 462;B01;2;31;0;2;8;1;1;
19350;202200012673;791 463;A01;2;7;0;2;1;9;1;
19351;202200012674;791 460;A01;1;32;12;0;2;14;1;
19352;202200012675;791 461;A01;1;7;0;1;4;20;1;
19353;202200012676;791 459;A01;1;7;2;0;1;1;1;
19354;202200012677;791 458;A01;1;7;0;9;1;2;1;
19355;202200012678;791 457;A01;1;30;0;0;1;2;1;
19356;202200012679;791 456;A01;2;33;0;0;8;15;1;
19357;202200012680;791 453;A01;2;15;0;9;2;16;1;
19358;202200012680;791 455;B01;2;1;0;2;3;1;5;
19359;202200012681;791 454;A01;1;30;0;0;1;1;1;
19360;202200012682;791 451;A01;1;7;6;0;1;1;1;
19361;202200012683;791 450;A01;3;7;14;0;1;6;1;
19362;202200012686;791 446;A01;3;7;8;0;7;15;1;
19363;202200012688;791 442;B01;1;7;0;2;3;1;2;
19364;202200012688;791 443;A01;2;33;8;2;1;13;1;
19365;202200012689;791 440;B01;3;7;0;2;0;16;1;
19366;202200012689;791 441;A01;3;32;0;2;8;7;1;
19367;202200012690;791 437;A01;1;7;12;2;3;9;1;
19368;202200012690;791 438;B01;1;7;2;2;5;0;1;
19369;202200012690;791 439;C01;1;7;0;2;0;0;1;
19370;202200012691;791 436;A01;3;30;0;0;0;1;1;
19371;202200012692;791 431;B01;0;30;0;2;1;1;1;
19372;202200012692;791 433;A01;0;7;0;2;3;15;1;
19373;202200012693;791 432;B01;1;7;0;2;1;1;1;
19374;202200012693;791 435;A01;2;7;0;2;8;15;1;
19375;202200012695;791 428;A01;0;31;0;2;8;18;1;
19376;202200012695;791 429;B01;0;7;0;2;2;1;3;
19377;202200012696;791 427;A01;1;7;8;0;2;26;1;
19378;202200012697;791 425;A01;0;7;0;1;2;1;0;
19379;202200012699;791 423;A01;2;7;0;1;3;19;1;
19380;202200012701;791 421;A01;1;7;0;2;1;1;1;
19381;202200012702;791 420;F01;1;34;0;1;6;17;1;
19382;202200012704;791 416;B01;3;10;1;2;5;0;1;
19383;202200012704;791 417;A01;2;34;0;2;1;1;1;
19384;202200012705;791 415;A01;3;7;0;1;2;15;3;
19385;202200012706;791 414;A01;1;37;0;1;2;21;3;1.0
19386;202200012707;791 412;A01;2;7;0;2;1;1;1;
19387;202200012707;791 413;B01;1;3;0;2;8;1;1;
19388;202200012708;791 411;A01;1;7;0;1;3;1;1;
19389;202200012709;791 409;A01;3;33;12;0;1;26;1;
19390;202200012710;791 408;B01;1;38;0;2;6;0;1;1.0
19391;202200012710;791 410;A01;2;7;1;0;1;1;1;
19392;202200012711;791 405;A01;1;7;1;0;2;13;1;
19393;202200012711;791 407;B01;1;7;0;2;3;26;1;
19394;202200012712;791 404;A01;3;7;0;9;2;16;1;
19395;202200012712;791 406;B01;3;1;0;2;7;1;5;
19396;202200012713;791 401;A01;1;30;0;2;8;16;1;
19397;202200012713;791 403;B01;1;30;0;2;1;1;1;
19398;202200012715;791 398;A01;3;7;0;1;2;2;1;
19399;202200012716;791 396;C01;1;7;0;2;6;1;1;
19400;202200012716;791 397;B01;2;30;0;2;1;1;1;
19401;202200012716;791 399;A01;1;33;0;2;1;17;1;
19402;202200012717;791 394;A01;0;1;0;0;0;1;5;
19403;202200012718;791 393;B01;3;33;0;2;1;1;1;
19404;202200012718;791 395;A01;3;7;0;2;2;15;1;
19405;202200012719;791 388;Z01;1;7;0;2;0;12;0;
19406;202200012719;791 390;B01;1;7;0;2;6;1;2;
19407;202200012719;791 392;A01;1;33;0;2;3;14;1;
19408;202200012720;791 387;A01;1;7;12;1;1;1;1;
19409;202200012720;791 389;B01;1;7;12;9;1;0;1;
19410;202200012720;791 391;C01;1;7;12;2;1;1;1;
19411;202200012721;791 385;A01;0;7;0;1;2;16;1;
19412;202200012722;791 384;B01;1;1;0;2;8;17;5;
19413;202200012722;791 386;A01;1;1;0;2;7;13;5;
19414;202200012723;791 383;A01;1;7;0;1;1;1;1;
19415;202200012725;791 380;A01;2;50;0;2;1;1;3;
19416;202200012725;791 382;B01;2;7;0;2;3;15;1;
19417;202200012726;791 375;A01;3;7;0;2;1;15;1;
19418;202200012726;791 376;B01;3;7;0;2;1;1;1;
19419;202200012727;791 374;A01;2;7;0;2;2;15;2;
19420;202200012727;791 377;B01;1;2;0;2;1;1;1;
19421;202200012728;791 373;A01;1;7;4;0;2;1;1;
19422;202200012729;791 371;B01;2;2;0;2;1;1;1;
19423;202200012729;791 372;A01;1;7;0;2;7;1;1;
19424;202200012730;791 370;Z01;1;7;14;1;0;0;0;
19425;202200012731;791 368;A01;2;7;0;2;3;22;1;
19426;202200012731;791 369;B01;2;1;0;2;2;1;5;
19427;202200012732;791 366;A01;3;10;0;2;1;1;1;
19428;202200012732;791 367;B01;3;7;0;2;4;1;1;
19429;202200012733;791 364;B01;2;50;0;0;0;0;3;
19430;202200012733;791 365;A01;1;7;0;0;3;1;1;
19431;202200012736;791 358;A01;3;7;13;0;1;1;1;
19432;202200012737;791 357;A01;1;50;9;2;1;1;3;
19433;202200012738;791 356;A01;1;7;0;1;1;1;1;
19434;202200012739;791 354;A01;1;2;0;0;1;1;3;
19435;202200012741;791 349;B01;1;7;0;2;4;2;2;
19436;202200012741;791 355;A01;1;7;0;2;1;2;1;
19437;202200012742;791 348;B01;2;7;0;2;1;1;1;
19438;202200012742;791 350;A01;1;50;0;2;0;19;3;
19439;202200012743;791 346;B01;-1;0;0;2;1;1;-1;
19440;202200012743;791 347;A01;0;7;0;0;4;23;1;
19441;202200012744;791 344;B01;1;1;0;2;1;1;5;
19442;202200012744;791 345;A01;2;7;0;2;7;15;1;
19443;202200012745;791 342;A01;0;7;0;2;3;1;1;
19444;202200012745;791 343;B01;3;33;0;2;2;1;1;
19445;202200012747;791 338;B01;0;7;0;2;2;15;1;
19446;202200012747;791 339;A01;0;7;7;2;1;1;2;
19447;202200012748;791 336;A01;1;42;0;1;1;1;1;
19448;202200012749;791 335;A01;1;7;0;2;1;13;0;
19449;202200012749;791 337;B01;2;7;0;2;1;1;1;
19450;202200012750;791 334;A01;3;7;0;1;1;1;6;
19451;202200012751;791 332;B01;0;1;1;0;1;0;5;
19452;202200012751;791 333;A01;0;7;0;2;2;0;1;
19453;202200012752;791 330;A01;2;30;8;0;1;14;1;
19454;202200012753;791 331;A01;1;10;0;1;1;1;1;
19455;202200012754;791 328;A01;3;3;0;2;3;1;1;
19456;202200012754;791 329;B01;3;2;0;2;7;1;1;
19457;202200012755;791 327;A01;2;7;0;0;0;1;1;
19458;202200012757;791 325;A01;1;33;0;6;1;1;1;
19459;202200012758;791 323;A01;1;10;0;9;7;17;1;
19460;202200012758;791 324;B01;1;1;0;2;4;1;5;
19461;202200012759;791 321;B01;2;33;0;2;2;2;1;
19462;202200012759;791 322;A01;2;2;0;2;5;2;1;
19463;202200012760;791 319;B01;0;7;0;2;3;1;2;
19464;202200012760;791 320;A01;3;7;0;2;3;13;1;
19465;202200012761;791 316;A01;2;7;2;0;2;2;1;
19466;202200012762;791 315;B01;0;7;0;2;1;1;1;
19467;202200012762;791 317;A01;0;7;2;0;8;19;1;
19468;202200012763;791 314;A01;3;7;8;0;8;0;1;
19469;202200012764;791 313;A01;2;7;0;1;1;1;1;
19470;202200012765;791 312;A01;1;33;0;0;0;0;1;
19471;202200012766;791 318;A01;1;7;0;1;3;16;1;
19472;202200012768;791 307;A01;1;33;0;2;1;1;1;
19473;202200012768;791 308;B01;2;7;0;2;3;23;1;
19474;202200012768;791 310;C01;1;38;0;2;5;10;1;1.0
19475;202200012769;791 304;B01;2;1;0;2;4;19;5;
19476;202200012769;791 306;A01;2;7;0;9;1;1;1;
19477;202200012770;791 302;A01;1;10;0;2;2;3;6;
19478;202200012770;791 305;B01;2;7;13;0;8;15;1;
19479;202200012771;791 300;A01;3;32;1;0;1;14;1;
19480;202200012772;791 301;A01;1;7;8;0;0;1;1;
19481;202200012773;791 299;A01;2;7;13;0;2;1;1;
19482;202200012774;791 303;A01;0;7;0;1;0;1;1;
19483;202200012775;791 296;A01;2;33;16;0;1;14;1;
19484;202200012776;791 297;A01;1;7;0;2;8;15;1;
19485;202200012776;791 298;B01;1;7;0;2;1;17;1;
19486;202200012777;791 295;A01;1;33;11;0;1;17;1;
19487;202200012778;791 294;A01;2;7;6;0;1;1;1;
19488;202200012779;791 292;A01;2;7;0;2;2;1;1;
19489;202200012779;791 293;B01;1;1;0;2;7;19;5;
19490;202200012780;791 290;B01;1;31;0;2;4;1;6;
19491;202200012780;791 291;A01;1;7;0;2;1;2;6;
19492;202200012781;791 287;B01;2;7;0;2;1;1;1;
19493;202200012781;791 288;A01;2;15;0;2;4;1;1;
19494;202200012782;791 285;A01;3;31;8;0;1;0;1;
19495;202200012783;791 283;B01;2;1;0;2;6;2;5;
19496;202200012783;791 284;A01;2;2;0;2;1;2;3;
19497;202200012784;791 286;A01;2;7;0;2;8;1;1;
19498;202200012784;791 289;B01;1;7;0;2;1;15;1;
19499;202200012786;791 278;A01;1;7;0;2;7;15;1;
19500;202200012786;791 280;B01;2;33;0;2;1;1;1;
19501;202200012787;791 275;C01;1;7;0;2;3;23;1;
19502;202200012787;791 276;B01;1;7;0;2;1;1;1;
19503;202200012787;791 277;A01;2;99;0;2;2;15;1;
19504;202200012788;791 271;A01;0;7;0;2;1;0;1;
19505;202200012788;791 273;B01;0;7;0;2;1;0;1;
19506;202200012789;791 272;A01;2;7;0;2;1;15;1;
19507;202200012789;791 274;B01;1;2;0;2;1;1;1;
19508;202200012790;791 268;B01;2;7;0;2;4;23;1;
19509;202200012790;791 270;A01;2;10;0;2;1;2;1;
19510;202200012791;791 267;B01;3;7;0;2;1;9;1;
19511;202200012791;791 269;A01;3;33;0;2;7;1;1;
19512;202200012792;791 266;A01;3;7;15;1;1;25;1;
19513;202200012793;791 263;B01;1;2;0;2;2;1;1;
19514;202200012793;791 264;A01;1;7;0;2;3;15;1;
19515;202200012794;791 262;A01;1;7;0;2;1;19;1;
19516;202200012794;791 265;B01;1;7;0;2;3;19;1;
19517;202200012795;791 260;A01;2;7;0;2;2;16;1;
19518;202200012795;791 261;B01;2;1;0;2;5;1;0;
19519;202200012796;791 259;Z01;1;7;0;1;2;26;0;
19520;202200012797;791 258;A01;3;30;0;1;3;25;1;
19521;202200012799;791 255;A01;3;7;0;1;1;15;1;
19522;202200012801;791 252;A01;3;7;0;2;3;0;1;
19523;202200012801;791 253;B01;0;7;0;2;1;0;1;
19524;202200012803;791 247;A01;1;7;0;1;2;14;1;
19525;202200012804;791 246;B01;3;10;0;2;3;15;1;
19526;202200012804;791 248;A01;3;32;0;2;2;17;1;
19527;202200012805;791 244;A01;2;7;0;2;8;19;1;
19528;202200012805;791 245;B01;1;10;0;2;1;1;1;
19529;202200012806;791 242;B01;1;30;12;2;1;1;1;
19530;202200012806;791 243;A01;2;7;0;2;0;15;1;
19531;202200012807;791 241;A01;0;7;0;1;1;16;1;
19532;202200012808;791 237;B01;0;2;0;2;1;0;1;
19533;202200012808;791 239;A01;3;7;0;2;2;0;1;
19534;202200012810;791 235;A01;3;7;0;2;2;19;1;
19535;202200012810;791 236;B01;3;7;0;2;7;1;1;
19536;202200012811;791 230;A01;2;1;0;2;7;13;5;
19537;202200012811;791 234;B01;1;7;0;2;2;0;1;
19538;202200012812;791 231;A01;1;7;4;2;1;1;1;
19539;202200012812;791 232;B01;2;7;0;2;3;1;0;
19540;202200012813;791 229;A01;1;7;3;0;8;17;1;
19541;202200012815;791 223;B01;3;7;0;2;8;1;1;
19542;202200012815;791 227;A01;3;7;0;2;1;19;1;
19543;202200012816;791 222;B01;1;7;13;2;1;1;1;
19544;202200012816;791 225;A01;2;7;0;2;1;15;1;
19545;202200012817;791 215;A01;-1;2;0;0;0;0;1;
19546;202200012818;791 214;D01;2;7;0;2;4;2;1;
19547;202200012818;791 217;C01;2;7;0;2;2;2;1;
19548;202200012818;791 219;B01;2;7;0;2;6;2;1;
19549;202200012818;791 221;A01;2;32;0;2;1;3;1;
19550;202200012819;791 212;A01;1;7;13;0;1;1;1;
19551;202200012820;791 209;A01;1;7;16;0;1;1;1;
19552;202200012821;791 207;A01;1;7;13;0;3;1;1;
19553;202200012822;791 202;F01;2;7;0;2;4;2;1;
19554;202200012822;791 204;E01;2;7;0;2;4;2;1;
19555;202200012822;791 206;D01;2;7;0;2;4;2;1;
19556;202200012822;791 208;C01;2;7;0;2;4;2;2;
19557;202200012822;791 210;B01;2;7;0;2;4;2;1;
19558;202200012822;791 211;A01;2;10;0;2;1;2;1;
19559;202200012823;791 201;A01;1;10;0;1;2;1;1;
19560;202200012824;791 199;A01;2;7;13;0;1;1;1;
19561;202200012825;791 198;A01;1;7;0;1;1;1;1;
19562;202200012826;791 197;B01;2;10;0;2;3;15;1;
19563;202200012826;791 200;A01;1;50;0;2;1;1;3;
19564;202200012827;791 195;B01;2;7;0;1;1;1;1;
19565;202200012828;791 193;A01;2;7;0;1;3;15;1;
19566;202200012829;791 194;A01;3;50;0;2;1;19;3;
19567;202200012829;791 196;B01;3;7;0;2;8;1;1;
19568;202200012831;791 188;A01;1;33;0;1;2;13;1;
19569;202200012832;791 187;A01;1;7;0;0;4;1;1;
19570;202200012832;791 189;B01;1;7;0;2;1;1;1;
19571;202200012832;791 192;C01;1;7;0;2;1;2;1;
19572;202200012833;791 184;A01;2;7;0;2;7;15;1;
19573;202200012833;791 186;B01;1;30;0;2;1;1;1;
19574;202200012834;791 183;Z01;3;7;0;2;1;1;0;
19575;202200012834;791 185;B01;3;1;0;2;4;1;5;
19576;202200012835;791 182;A01;2;7;0;1;1;0;1;
19577;202200012836;791 180;A01;2;50;0;1;1;1;3;
19578;202200012837;791 179;A01;1;10;0;2;5;15;1;
19579;202200012837;791 181;B01;1;33;0;2;1;1;1;
19580;202200012838;791 178;A01;1;7;2;0;1;1;1;
19581;202200012839;791 173;A01;1;34;0;2;1;2;1;
19582;202200012839;791 176;B01;1;7;0;0;6;15;1;
19583;202200012840;791 174;B01;2;7;0;2;2;16;3;
19584;202200012840;791 177;A01;2;32;0;2;3;18;1;
19585;202200012842;791 170;A01;2;7;8;0;7;1;1;
19586;202200012843;791 169;A01;1;10;0;2;8;13;1;
19587;202200012843;791 171;B01;1;33;0;2;7;1;1;
19588;202200012844;791 167;A01;2;10;4;0;1;1;1;
19589;202200012845;791 166;B01;1;33;0;2;8;1;1;
19590;202200012845;791 168;A01;1;7;0;2;7;12;1;
19591;202200012846;791 164;A01;1;1;0;2;1;13;5;