;Num_Acc;id_vehicule;num_veh;senc;catv;obs;obsm;choc;manv;motor;occutc
19592;202200012846;791 165;B01;2;1;0;2;1;1;5;
19593;202200012847;791 161;A01;2;2;0;0;4;0;1;
19594;202200012848;791 160;B01;1;80;0;2;1;1;3;
19595;202200012848;791 163;A01;3;7;0;2;3;16;2;
19596;202200012849;791 159;A01;1;30;0;2;1;26;1;
19597;202200012849;791 162;B01;0;7;0;2;8;19;1;
19598;202200012850;791 157;A01;2;30;0;0;1;13;1;
19599;202200012851;791 154;B01;2;1;0;2;0;0;5;
19600;202200012851;791 156;A01;2;7;0;2;3;15;1;
19601;202200012852;791 155;B01;1;7;0;0;8;19;2;
19602;202200012852;791 158;A01;2;7;0;2;1;1;3;
19603;202200012853;791 153;Z01;1;1;0;1;1;1;0;
19604;202200012854;791 151;A01;3;7;0;2;1;0;1;
19605;202200012854;791 152;B01;3;7;0;2;1;13;1;
19606;202200012855;791 150;A01;3;7;2;0;1;15;1;
19607;202200012856;791 148;B01;1;33;0;2;0;0;1;
19608;202200012856;791 149;A01;3;7;0;2;0;0;1;
19609;202200012857;791 146;A01;3;7;0;2;0;0;0;
19610;202200012857;791 147;B01;3;33;0;2;1;16;0;
19611;202200012858;791 145;A01;0;7;2;0;1;13;1;
19612;202200012859;791 143;B01;3;31;0;0;3;0;1;
19613;202200012859;791 144;A01;3;10;0;0;0;0;1;
19614;202200012860;791 142;A01;2;7;0;1;2;21;1;
19615;202200012861;791 139;B01;2;2;0;2;2;9;1;
19616;202200012861;791 140;A01;1;7;0;2;2;9;1;
19617;202200012862;791 136;B01;1;7;0;2;7;15;1;
19618;202200012862;791 138;A01;1;33;0;2;1;1;1;
19619;202200012863;791 132;A01;1;7;0;2;3;9;2;
19620;202200012863;791 134;B01;2;33;0;2;7;16;1;
19621;202200012865;791 130;A01;0;7;0;1;1;16;0;
19622;202200012866;791 129;A01;2;7;0;1;6;23;1;
19623;202200012866;791 135;B01;2;7;1;0;1;2;1;
19624;202200012866;791 137;C01;2;7;1;0;1;2;1;
19625;202200012867;791 125;A01;2;33;0;2;1;1;1;
19626;202200012867;791 128;B01;1;7;0;2;4;1;1;
19627;202200012868;791 126;A01;1;7;0;1;3;15;1;
19628;202200012869;791 124;A01;1;30;0;2;4;1;3;
19629;202200012869;791 127;B01;1;7;0;2;2;1;0;
19630;202200012870;791 120;B01;3;7;0;0;3;23;1;
19631;202200012870;791 122;A01;3;7;0;0;2;26;1;
19632;202200012872;791 119;A01;2;7;0;2;1;5;1;
19633;202200012872;791 121;B01;1;7;0;2;1;1;1;
19634;202200012873;791 116;C01;1;7;1;0;0;17;1;
19635;202200012873;791 118;B01;1;7;0;2;9;1;1;
19636;202200012873;791 123;A01;1;10;0;2;4;23;1;
19637;202200012874;791 112;B01;3;7;0;2;1;1;1;
19638;202200012874;791 115;A01;3;7;0;2;2;1;1;
19639;202200012875;791 110;A01;2;50;1;2;8;5;3;
19640;202200012875;791 114;B01;1;7;0;2;8;24;1;
19641;202200012876;791 113;A01;3;33;0;1;1;1;1;
19642;202200012878;791 104;A01;2;1;0;2;7;1;5;
19643;202200012878;791 108;B01;1;7;0;2;1;1;0;
19644;202200012879;791 103;A01;2;60;0;2;1;1;5;
19645;202200012879;791 107;B01;2;7;0;2;3;1;1;
19646;202200012880;791 102;A01;2;7;0;2;1;0;1;
19647;202200012880;791 105;B01;1;10;0;2;1;1;1;
19648;202200012881;791 096;A01;1;1;0;2;1;15;5;
19649;202200012881;791 100;B01;1;7;0;9;1;15;1;
19650;202200012882;791 093;A01;3;2;0;2;1;1;1;
19651;202200012882;791 097;B01;2;7;0;0;8;1;1;
19652;202200012883;791 094;B01;1;7;0;2;4;0;1;
19653;202200012883;791 098;A01;1;2;0;2;1;2;1;
19654;202200012885;791 091;A01;3;7;0;1;4;4;1;
19655;202200012886;791 089;B01;2;1;0;2;1;1;5;
19656;202200012886;791 090;A01;2;7;0;9;8;19;1;
19657;202200012887;791 087;A01;2;80;0;1;1;1;3;
19658;202200012888;791 086;B01;2;7;0;2;4;2;1;
19659;202200012888;791 088;A01;2;7;0;2;1;2;1;
19660;202200012889;791 083;A01;0;7;0;0;0;1;1;
19661;202200012890;791 084;B01;3;31;0;2;7;15;1;
19662;202200012890;791 085;A01;3;7;0;2;1;10;1;
19663;202200012892;791 078;A01;1;7;12;0;1;13;1;
19664;202200012893;791 076;C01;2;1;0;2;1;1;5;
19665;202200012893;791 079;B01;2;1;0;2;3;1;5;
19666;202200012893;791 080;A01;1;7;0;2;7;15;1;
19667;202200012894;791 074;B01;1;1;0;2;3;3;5;
19668;202200012894;791 077;A01;1;7;0;2;3;15;1;
19669;202200012895;791 069;A01;2;10;0;2;5;1;1;
19670;202200012895;791 072;B01;2;10;0;2;1;1;1;
19671;202200012895;791 073;C01;2;7;0;2;4;1;1;
19672;202200012895;791 075;D01;2;7;0;2;3;1;1;
19673;202200012895;791 081;E01;2;7;0;2;6;1;1;
19674;202200012896;791 066;B01;1;10;0;0;5;23;1;
19675;202200012896;791 070;A01;1;1;1;0;1;1;5;
19676;202200012897;791 065;B01;2;1;0;2;8;19;5;
19677;202200012897;791 068;A01;1;33;0;2;1;0;1;
19678;202200012898;791 062;B01;2;7;7;0;6;1;1;
19679;202200012898;791 064;A01;2;7;0;0;2;15;1;
19680;202200012900;791 060;A01;2;7;0;1;2;16;1;
19681;202200012901;791 059;A01;1;7;15;0;1;10;1;
19682;202200012902;791 056;A01;1;10;0;2;1;2;1;
19683;202200012902;791 058;B01;1;17;0;0;4;1;1;
19684;202200012904;791 051;C01;1;7;0;2;1;1;1;
19685;202200012904;791 054;B01;1;7;0;2;1;2;1;
19686;202200012904;791 057;A01;1;7;0;2;4;2;1;
19687;202200012905;791 052;A01;0;7;0;1;1;15;1;
19688;202200012906;791 044;A01;2;15;0;2;1;12;1;
19689;202200012906;791 047;B01;2;7;0;2;3;2;1;
19690;202200012907;791 045;A01;1;7;0;1;1;16;1;
19691;202200012908;791 046;A01;1;10;0;9;0;16;0;
19692;202200012908;791 049;B01;-1;50;-1;-1;-1;-1;-1;
19693;202200012909;791 043;A01;1;7;4;0;2;12;1;
19694;202200012910;791 041;A01;2;10;3;0;2;14;1;
19695;202200012911;791 040;A01;1;10;0;2;1;2;1;
19696;202200012911;791 042;B01;1;7;0;2;4;15;2;
19697;202200012913;791 032;B01;1;7;0;2;6;1;2;
19698;202200012913;791 033;A01;1;33;0;2;8;3;1;
19699;202200012913;791 035;Z01;1;0;0;9;0;0;0;
19700;202200012913;791 038;T01;1;7;0;9;0;0;1;
19701;202200012914;791 031;A01;2;30;0;2;7;1;1;
19702;202200012914;791 034;B01;1;7;0;2;3;15;3;
19703;202200012915;791 027;A01;2;10;0;2;2;1;1;
19704;202200012915;791 030;B01;2;17;0;0;6;1;1;
19705;202200012916;791 025;A01;2;50;0;1;1;1;3;
19706;202200012917;791 024;A01;1;7;0;0;0;2;1;
19707;202200012918;791 028;A01;0;7;0;2;1;1;1;
19708;202200012918;791 029;B01;0;7;0;2;1;1;1;
19709;202200012919;791 026;A01;1;10;8;0;2;9;1;
19710;202200012920;791 023;A01;2;10;0;1;2;1;1;
19711;202200012921;791 022;A01;1;7;0;1;3;15;1;
19712;202200012922;791 021;A01;1;7;0;1;7;1;1;
19713;202200012923;791 017;A01;1;30;0;0;0;1;1;
19714;202200012924;791 016;A01;0;2;0;0;7;0;1;
19715;202200012925;791 014;A01;0;7;0;2;6;1;1;
19716;202200012925;791 019;B01;2;37;0;2;1;1;1;1.0
19717;202200012926;791 011;A01;1;10;0;2;0;0;0;
19718;202200012926;791 013;B01;1;1;0;2;8;2;5;
19719;202200012927;791 010;A01;1;7;0;1;1;1;2;
19720;202200012928;791 008;B01;2;7;0;2;3;1;1;
19721;202200012928;791 009;A01;2;10;0;2;1;13;1;
19722;202200012929;791 005;A01;1;7;0;1;1;19;1;
19723;202200012931;791 002;D01;2;7;0;2;6;1;1;
19724;202200012931;791 006;C01;2;7;0;2;8;1;1;
19725;202200012931;791 007;B01;2;7;0;2;6;1;1;
19726;202200012931;791 012;A01;2;7;0;2;3;1;1;
19727;202200012932;791 001;B01;2;7;0;2;1;13;1;
19728;202200012932;791 003;A01;1;7;0;2;1;1;1;
19729;202200012933;791 000;A01;3;31;1;0;0;9;1;
19730;202200012934;790 998;A01;2;7;0;1;1;1;1;
19731;202200012936;790 994;A01;2;15;4;0;2;1;1;
19732;202200012937;790 993;B01;3;7;0;2;1;1;1;
19733;202200012937;790 995;A01;3;33;0;2;8;9;1;
19734;202200012938;790 990;A01;2;80;6;0;7;26;3;
19735;202200012940;790 987;A01;3;7;0;2;7;13;1;
19736;202200012940;790 991;B01;3;7;0;2;1;1;1;
19737;202200012940;790 996;C01;3;7;0;2;3;23;1;
19738;202200012941;790 986;A01;2;7;0;2;2;1;1;
19739;202200012941;790 988;B01;1;7;0;2;2;15;1;
19740;202200012942;790 982;A01;3;7;0;2;3;1;1;
19741;202200012942;790 985;B01;3;7;0;2;3;1;1;
19742;202200012943;790 984;A01;1;33;0;1;2;1;1;
19743;202200012944;790 980;B01;3;7;0;2;3;23;1;
19744;202200012944;790 983;A01;2;99;0;2;0;2;3;
19745;202200012945;790 978;A01;3;7;0;0;4;2;1;
19746;202200012945;790 979;B01;3;7;0;2;1;2;1;
19747;202200012946;790 976;B01;1;7;0;2;1;1;1;
19748;202200012946;790 981;A01;2;30;0;2;3;15;1;
19749;202200012947;790 975;A01;1;7;0;2;3;1;1;
19750;202200012947;790 977;B01;1;50;0;2;2;19;3;
19751;202200012948;790 971;NA01;2;33;0;0;0;1;1;
19752;202200012949;790 972;A01;3;7;0;2;1;15;1;
19753;202200012949;790 974;B01;0;2;0;2;1;1;1;
19754;202200012950;790 970;A01;1;7;0;2;3;2;1;
19755;202200012950;790 973;B01;2;7;0;2;3;1;1;
19756;202200012951;790 969;A01;1;7;0;1;2;1;1;
19757;202200012952;790 968;A01;2;33;0;0;1;14;1;
19758;202200012953;790 967;A01;1;7;8;0;1;0;1;
19759;202200012954;790 965;A01;1;7;0;1;3;1;1;
19760;202200012955;790 964;A01;1;7;0;2;5;9;1;
19761;202200012955;790 966;B01;1;2;0;0;0;0;1;
19762;202200012956;790 963;A01;1;7;15;0;1;1;2;
19763;202200012957;790 960;C01;1;1;0;0;4;1;5;
19764;202200012957;790 961;B01;1;7;0;0;6;1;1;
19765;202200012957;790 962;A01;1;7;0;2;1;17;1;
19766;202200012958;790 959;A01;3;33;1;0;2;1;1;
19767;202200012959;790 955;A01;0;10;0;2;1;15;1;
19768;202200012959;790 958;B01;0;33;0;2;1;0;1;
19769;202200012960;790 953;A01;1;7;0;2;5;16;1;
19770;202200012960;790 957;B01;1;34;0;2;3;1;1;
19771;202200012961;790 951;D01;2;7;0;2;1;2;1;
19772;202200012961;790 952;C01;2;7;0;2;4;2;1;
19773;202200012961;790 954;B01;2;7;0;2;4;2;1;
19774;202200012961;790 956;A01;2;7;0;2;4;2;1;
19775;202200012962;790 949;A01;1;7;1;0;0;0;1;
19776;202200012963;790 948;A01;3;7;0;2;2;2;1;
19777;202200012963;790 950;B01;3;10;0;2;6;1;1;
19778;202200012964;790 946;A01;1;7;0;0;3;1;1;
19779;202200012965;790 943;A01;3;7;0;0;9;21;0;
19780;202200012966;790 941;D01;1;7;0;2;4;23;1;
19781;202200012966;790 944;C01;1;7;0;2;4;23;1;
19782;202200012966;790 945;B01;1;7;0;2;4;23;1;
19783;202200012966;790 947;A01;1;7;0;2;1;2;1;
19784;202200012967;790 940;A01;3;7;0;1;1;15;1;
19785;202200012968;790 937;A01;2;7;0;1;1;1;1;
19786;202200012969;790 935;A01;2;33;0;2;1;2;1;
19787;202200012969;790 938;B01;2;7;0;2;4;2;1;
19788;202200012969;790 939;C01;2;7;0;2;4;2;1;
19789;202200012969;790 942;D01;2;7;0;2;0;2;1;
19790;202200012970;790 933;A01;3;7;2;0;7;15;1;
19791;202200012971;790 932;A01;3;7;0;1;0;0;0;
19792;202200012972;790 934;Z01;1;7;0;2;3;15;1;
19793;202200012972;790 936;A01;2;33;0;2;3;1;1;
19794;202200012973;790 928;A01;1;7;4;0;1;1;1;
19795;202200012974;790 926;B01;2;7;0;2;3;1;1;
19796;202200012974;790 929;A01;1;7;0;2;3;1;1;
19797;202200012975;790 925;D01;1;7;0;2;4;2;2;
19798;202200012975;790 927;C01;1;7;0;2;4;2;1;
19799;202200012975;790 930;B01;1;7;0;2;4;2;1;
19800;202200012975;790 931;A01;1;7;0;2;1;2;1;
19801;202200012976;790 924;A01;1;50;0;1;1;1;3;
19802;202200012977;790 923;A01;1;7;6;0;1;0;1;
19803;202200012978;790 919;B01;2;2;0;2;1;11;1;
19804;202200012978;790 922;A01;1;7;0;2;3;1;0;
19805;202200012979;790 917;Z01;0;7;0;1;1;1;0;
19806;202200012981;790 909;B01;2;1;0;2;1;0;5;
19807;202200012981;790 914;A01;1;7;0;2;3;26;1;
19808;202200012982;790 908;C01;2;7;0;0;4;2;1;
19809;202200012982;790 913;B01;2;7;0;2;4;2;1;
19810;202200012982;790 915;A01;2;7;0;2;1;2;1;
19811;202200012983;790 907;B01;2;7;0;2;6;1;1;
19812;202200012983;790 910;Z01;2;43;0;2;2;12;0;
19813;202200012983;790 912;A01;2;33;0;2;1;3;1;
19814;202200012984;790 906;B01;1;10;0;2;7;1;1;
19815;202200012984;790 911;A01;1;7;0;2;1;1;1;
19816;202200012985;790 903;A01;3;13;0;1;1;1;1;
19817;202200012986;790 900;A01;1;30;0;1;1;1;1;
19818;202200012987;790 901;B01;2;7;0;2;3;1;1;
19819;202200012987;790 905;A01;1;7;0;2;3;21;1;
19820;202200012988;790 895;B01;1;50;0;2;1;17;3;
19821;202200012988;790 897;A01;1;7;0;2;3;15;1;
19822;202200012989;790 893;F01;2;7;0;2;1;1;1;
19823;202200012989;790 896;E01;2;10;0;2;1;1;1;
19824;202200012989;790 898;D01;2;10;0;2;1;1;1;
19825;202200012989;790 899;C01;2;7;3;2;1;1;1;
19826;202200012989;790 902;B01;2;7;0;2;1;1;1;
19827;202200012989;790 904;A01;2;7;0;2;4;1;1;
19828;202200012990;790 890;B01;2;43;0;2;1;1;1;
19829;202200012990;790 892;A01;1;7;0;2;2;15;1;
19830;202200012991;790 889;A01;1;7;4;0;3;0;1;
19831;202200012992;790 888;A01;1;7;0;1;1;2;1;
19832;202200012993;790 887;A01;1;7;15;0;1;14;1;
19833;202200012994;790 884;B01;2;31;0;2;1;0;1;
19834;202200012994;790 885;A01;2;7;0;2;6;2;2;
19835;202200012995;790 883;A01;2;50;0;2;7;5;3;
19836;202200012995;790 886;B01;1;32;0;2;8;1;1;
19837;202200012996;790 882;A01;1;1;0;1;1;1;5;
19838;202200012997;790 880;B01;0;7;0;2;1;1;1;
19839;202200012997;790 881;A01;3;10;0;2;4;4;1;
19840;202200012998;790 879;A01;1;7;0;1;0;0;1;
19841;202200012999;790 876;Z01;2;7;0;1;4;4;1;
19842;202200013000;790 878;A01;2;10;0;1;1;15;1;
19843;202200013001;790 874;B01;2;30;0;2;0;23;3;
19844;202200013001;790 875;A01;2;10;0;2;4;4;1;
19845;202200013002;790 873;A01;2;7;0;0;0;1;1;
19846;202200013003;790 868;A01;3;7;0;2;3;9;1;
19847;202200013003;790 872;B01;3;7;0;2;3;1;1;
19848;202200013004;790 870;A01;1;43;0;2;3;1;1;
19849;202200013004;790 871;B01;3;1;0;2;6;19;5;
19850;202200013005;790 865;A01;1;7;0;2;0;17;0;
19851;202200013005;790 867;B01;1;1;0;2;4;0;5;
19852;202200013005;790 869;C01;2;7;0;2;3;1;1;
19853;202200013006;790 866;A01;1;7;0;0;1;0;1;
19854;202200013007;790 860;B01;2;1;0;2;4;2;5;
19855;202200013007;790 864;A01;2;1;0;2;1;2;5;
19856;202200013008;790 858;A01;2;13;0;0;0;0;0;
19857;202200013008;790 863;B01;1;99;0;2;2;0;3;
19858;202200013009;790 857;B01;2;7;0;2;3;1;1;
19859;202200013009;790 861;A01;1;7;0;2;3;5;1;
19860;202200013010;790 859;B01;1;2;0;2;8;15;1;
19861;202200013010;790 862;A01;2;7;0;2;2;15;1;
19862;202200013011;790 852;A01;1;7;0;2;0;0;1;
19863;202200013011;790 856;B01;1;7;0;2;0;0;1;
19864;202200013012;790 851;A01;1;7;0;2;2;15;1;
19865;202200013012;790 854;B01;2;7;0;2;1;1;1;
19866;202200013013;790 849;B01;3;50;0;0;1;1;3;
19867;202200013013;790 853;A01;3;7;0;2;1;19;1;
19868;202200013014;790 850;B01;3;30;0;2;1;1;1;
19869;202200013014;790 855;A01;0;7;0;2;3;1;1;
19870;202200013015;790 847;A01;1;7;0;1;1;1;1;
19871;202200013016;790 846;A01;2;7;0;1;0;1;1;
19872;202200013017;790 845;A01;0;7;2;9;2;0;1;
19873;202200013018;790 843;B01;0;50;0;2;2;0;0;
19874;202200013018;790 844;Z01;0;7;0;0;0;0;0;
19875;202200013019;790 842;A01;3;7;0;1;1;15;1;
19876;202200013020;790 840;A01;1;33;3;0;2;1;1;
19877;202200013021;790 839;A01;2;7;0;2;7;15;1;
19878;202200013021;790 841;B01;1;33;0;2;1;1;1;
19879;202200013022;790 837;A01;3;7;8;0;1;15;1;
19880;202200013023;790 836;A01;3;7;0;2;1;1;1;
19881;202200013023;790 838;B01;3;7;0;2;4;1;1;
19882;202200013024;790 835;A01;1;33;13;0;1;1;1;
19883;202200013025;790 832;B01;0;60;0;2;7;1;5;
19884;202200013025;790 834;A01;3;7;0;2;3;1;1;
19885;202200013026;790 829;C01;1;10;0;2;3;1;1;
19886;202200013026;790 831;A01;1;7;0;1;1;1;1;
19887;202200013026;790 833;B01;1;7;0;2;1;1;1;
19888;202200013027;790 827;A01;2;10;0;2;7;17;1;
19889;202200013027;790 830;B01;1;7;0;2;3;1;1;
19890;202200013028;790 826;A01;3;7;0;2;7;13;1;
19891;202200013028;790 828;B01;3;7;0;2;1;1;1;
19892;202200013029;790 824;A01;1;7;0;2;1;1;1;
19893;202200013029;790 825;B01;2;50;0;2;8;19;3;
19894;202200013030;790 822;A01;3;2;12;0;7;26;1;
19895;202200013032;790 819;A01;3;7;0;1;3;15;1;
19896;202200013032;790 821;B01;1;1;0;2;0;0;5;
19897;202200013033;790 817;A01;1;7;13;0;3;0;1;
19898;202200013035;790 815;Z01;1;34;0;1;8;1;0;
19899;202200013036;790 812;A01;2;33;0;5;1;2;1;
19900;202200013037;790 810;A01;1;33;6;0;2;14;1;
19901;202200013038;790 811;A01;3;7;0;2;1;2;1;
19902;202200013038;790 813;B01;3;7;0;2;4;2;1;
19903;202200013039;790 805;A01;1;50;0;2;1;1;3;
19904;202200013039;790 809;B01;1;50;0;2;2;1;3;
19905;202200013040;790 806;B01;3;1;0;2;7;1;5;
19906;202200013040;790 808;A01;3;7;0;2;2;9;1;
19907;202200013041;790 804;B01;2;33;0;2;7;21;0;
19908;202200013041;790 807;A01;1;3;0;2;3;15;1;
19909;202200013042;790 800;A01;2;1;0;2;8;1;5;
19910;202200013042;790 803;Z01;2;7;0;2;0;17;1;
19911;202200013043;790 801;B01;3;7;0;2;4;23;1;
19912;202200013043;790 802;A01;3;7;0;2;1;2;1;
19913;202200013044;790 799;A01;1;40;0;1;8;1;3;
19914;202200013046;790 796;A01;1;7;0;1;1;0;1;
19915;202200013047;790 793;B01;3;34;0;2;1;1;1;
19916;202200013047;790 794;A01;0;7;0;2;5;15;1;
19917;202200013048;790 795;B01;3;7;0;2;4;2;1;
19918;202200013048;790 797;A01;3;7;0;2;1;2;1;
19919;202200013050;790 789;A01;2;7;0;2;1;11;1;
19920;202200013050;790 790;B01;2;7;0;2;4;1;1;
19921;202200013051;790 788;A01;0;7;9;0;3;13;1;
19922;202200013052;790 786;A01;2;32;12;0;7;16;1;
19923;202200013053;790 784;A01;2;7;1;0;2;14;1;
19924;202200013054;790 782;A01;1;10;14;0;0;16;1;
19925;202200013055;790 780;A01;3;7;1;0;1;1;1;
19926;202200013055;790 781;B01;3;7;0;2;1;23;1;
19927;202200013056;790 778;A01;1;33;0;2;8;18;1;
19928;202200013056;790 779;B01;2;7;0;2;7;1;1;
19929;202200013057;790 783;C01;0;7;0;2;3;1;1;
19930;202200013057;790 785;B01;0;7;0;2;4;26;1;
19931;202200013057;790 787;A01;0;7;0;2;3;2;1;
19932;202200013058;790 777;A01;2;33;1;0;1;1;1;
19933;202200013059;790 775;B01;2;7;0;2;1;1;1;
19934;202200013059;790 776;A01;1;30;0;2;7;15;1;
19935;202200013061;790 771;A01;2;7;0;1;1;1;1;
19936;202200013062;790 770;A01;2;3;1;2;1;1;1;
19937;202200013063;790 768;B01;3;7;0;2;3;26;1;
19938;202200013063;790 769;A01;3;34;0;2;1;6;1;
19939;202200013066;790 765;A01;2;7;6;0;1;16;1;
19940;202200013067;790 764;A01;3;7;0;2;3;26;1;
19941;202200013067;790 766;B01;3;31;0;2;1;9;1;
19942;202200013068;790 763;A01;0;10;13;0;1;1;1;
19943;202200013069;790 761;A01;1;7;0;1;3;1;1;
19944;202200013070;790 758;C01;2;7;0;2;4;2;1;
19945;202200013070;790 760;B01;2;7;0;2;4;2;1;
19946;202200013070;790 762;A01;2;7;0;2;1;2;1;
19947;202200013071;790 757;B01;2;33;0;2;4;23;1;
19948;202200013071;790 759;A01;2;7;0;2;1;2;3;
19949;202200013072;790 752;B01;2;7;0;2;4;2;1;
19950;202200013072;790 755;A01;2;7;0;2;1;2;1;
19951;202200013073;790 753;B01;2;10;0;2;2;0;1;
19952;202200013073;790 756;A01;1;7;0;2;6;23;1;
19953;202200013074;790 750;A01;2;7;0;2;1;15;1;
19954;202200013074;790 754;B01;2;1;0;2;8;1;5;
19955;202200013075;790 749;B01;2;43;0;2;2;1;1;
19956;202200013075;790 751;A01;2;10;0;2;6;11;1;
19957;202200013076;790 748;A01;3;32;0;0;8;1;1;
19958;202200013077;790 745;B01;2;1;0;2;1;1;5;
19959;202200013077;790 746;A01;2;17;0;2;7;16;6;
19960;202200013078;790 743;B01;1;50;0;2;5;21;3;
19961;202200013078;790 744;A01;1;7;0;2;3;17;1;
19962;202200013079;790 741;A01;1;7;0;2;8;1;1;
19963;202200013079;790 747;B01;1;7;0;2;1;15;1;
19964;202200013081;790 738;A01;2;7;0;2;3;5;2;
19965;202200013081;790 740;B01;1;32;0;2;1;1;1;
19966;202200013082;790 737;B01;2;7;0;1;1;1;1;
19967;202200013083;790 736;A01;2;99;0;2;3;9;0;
19968;202200013083;790 739;B01;2;2;0;2;5;0;1;
19969;202200013084;790 734;A01;1;1;0;1;8;1;5;
19970;202200013085;790 732;A01;2;33;0;2;7;17;1;
19971;202200013085;790 735;B01;2;7;0;2;8;13;1;
19972;202200013086;790 731;A01;1;7;0;2;5;20;1;
19973;202200013086;790 733;B01;1;2;0;2;1;1;3;
19974;202200013087;790 729;B01;2;31;0;2;2;1;1;
19975;202200013087;790 730;A01;1;7;0;2;1;9;1;
19976;202200013088;790 727;A01;1;7;2;2;1;13;1;
19977;202200013088;790 728;B01;1;17;0;2;3;1;1;
19978;202200013089;790 724;A01;1;7;0;2;8;22;1;
19979;202200013089;790 726;B01;1;1;0;2;1;1;5;
19980;202200013091;790 721;A01;3;7;0;2;3;13;1;
19981;202200013091;790 725;B01;3;38;0;2;6;1;1;1.0
19982;202200013092;790 719;A01;1;7;8;0;8;5;1;
19983;202200013093;790 718;A01;1;7;0;2;8;13;1;
19984;202200013093;790 720;B01;1;32;0;2;7;1;1;
19985;202200013094;790 717;A01;3;7;0;1;1;26;1;
19986;202200013095;790 714;A01;0;7;0;2;8;16;1;
19987;202200013095;790 716;B01;1;33;0;2;2;1;1;
19988;202200013096;790 713;B01;1;32;0;2;8;3;1;
19989;202200013096;790 715;A01;1;7;0;2;7;12;1;
19990;202200013097;790 712;A01;1;7;0;1;6;4;1;
19991;202200013098;790 709;A01;1;7;0;2;4;1;1;
19992;202200013098;790 711;B01;1;7;0;2;1;2;1;
19993;202200013099;790 707;A01;1;7;0;2;6;13;2;
19994;202200013099;790 710;B01;1;33;0;2;2;1;1;
19995;202200013100;790 705;A01;2;7;0;2;1;9;1;
19996;202200013100;790 708;B01;2;7;0;2;8;1;1;
19997;202200013101;790 702;A01;2;33;0;2;4;2;1;
19998;202200013101;790 704;Z01;2;7;0;2;1;2;1;
19999;202200013102;790 703;B01;1;7;0;2;1;1;1;
20000;202200013102;790 706;A01;1;7;0;2;4;1;1;
20001;202200013103;790 698;B01;2;7;0;2;3;15;2;
20002;202200013103;790 701;A01;2;43;0;2;2;1;1;
20003;202200013104;790 695;A01;2;33;0;2;8;3;1;
20004;202200013104;790 696;B01;2;10;0;2;7;14;1;
20005;202200013104;790 699;C01;2;10;0;2;6;1;1;
20006;202200013104;790 700;D01;2;7;0;2;2;2;1;
20007;202200013105;790 693;B01;0;7;0;2;8;1;1;
20008;202200013105;790 697;A01;0;7;0;2;1;19;1;
20009;202200013106;790 692;B01;2;30;0;2;8;1;1;
20010;202200013106;790 694;A01;2;7;0;2;2;7;2;
20011;202200013107;790 690;A01;3;7;1;1;4;20;1;
20012;202200013108;790 689;B01;1;1;1;0;7;2;5;
20013;202200013108;790 691;A01;1;7;0;2;8;24;1;
20014;202200013109;790 685;A01;2;7;0;2;1;1;1;
20015;202200013109;790 688;B01;2;7;0;0;4;1;1;
20016;202200013110;790 684;B01;2;1;0;2;4;1;5;
20017;202200013110;790 686;A01;2;7;0;2;2;0;1;
20018;202200013111;790 683;A01;0;7;0;2;8;10;1;
20019;202200013111;790 687;B01;0;7;0;2;1;5;1;
20020;202200013112;790 680;A01;1;7;0;1;1;1;1;
20021;202200013113;790 681;A01;1;7;1;0;1;14;1;
20022;202200013114;790 677;A01;1;33;0;0;0;26;1;
20023;202200013115;790 676;A01;2;7;0;2;3;11;1;
20024;202200013115;790 679;B01;2;7;0;2;7;1;1;
20025;202200013116;790 678;B01;1;15;0;2;7;1;1;
20026;202200013116;790 682;A01;0;10;0;2;1;9;1;
20027;202200013117;790 675;A01;1;7;11;0;0;26;1;
20028;202200013118;790 673;B01;2;7;0;2;1;2;1;
20029;202200013118;790 674;A01;2;7;0;0;4;2;1;
20030;202200013119;790 671;A01;2;10;0;2;1;1;1;
20031;202200013119;790 672;B01;2;7;0;2;4;2;1;
20032;202200013120;790 666;B01;1;10;0;2;4;2;1;
20033;202200013120;790 668;A01;1;7;0;2;1;2;1;
20034;202200013121;790 665;A01;1;7;0;2;5;17;1;
20035;202200013121;790 667;C01;2;7;0;2;3;1;1;
20036;202200013121;790 669;B01;2;7;0;2;3;16;1;
20037;202200013122;790 663;A01;1;43;0;0;7;1;1;
20038;202200013123;790 664;A01;1;7;0;2;2;15;1;
20039;202200013123;790 670;B01;2;7;0;2;8;15;1;
20040;202200013124;790 662;Z01;1;10;0;1;8;26;0;
20041;202200013125;790 657;C01;1;7;0;2;4;1;1;
20042;202200013125;790 660;B01;1;7;0;2;4;1;1;
20043;202200013125;790 661;A01;1;7;0;2;1;1;1;
20044;202200013126;790 656;A01;2;10;0;2;7;15;1;
20045;202200013126;790 659;B01;2;15;0;2;3;26;1;
20046;202200013127;790 658;A01;3;10;0;1;1;1;1;
20047;202200013128;790 655;A01;1;7;0;1;2;1;1;
20048;202200013129;790 652;B01;3;7;0;2;1;2;1;
20049;202200013129;790 653;A01;3;10;0;2;3;15;1;
20050;202200013130;790 650;A01;1;7;6;0;2;1;1;
20051;202200013131;790 651;A01;3;7;0;2;3;1;1;
20052;202200013131;790 654;B01;3;1;0;2;1;1;5;
20053;202200013132;790 647;A01;3;10;0;2;2;15;1;