;Num_Acc;id_vehicule;num_veh;senc;catv;obs;obsm;choc;manv;motor;occutc
20054;202200013132;790 649;B01;3;50;0;2;1;1;3;
20055;202200013133;790 645;B01;1;10;0;2;6;24;1;
20056;202200013133;790 648;A01;1;2;1;0;1;2;1;
20057;202200013135;790 644;A01;2;33;0;0;0;1;1;
20058;202200013137;790 641;A01;1;7;0;1;1;1;1;
20059;202200013138;790 639;A01;2;10;0;1;7;15;1;
20060;202200013139;790 638;A01;1;2;0;0;0;1;1;
20061;202200013140;790 640;A01;3;7;15;0;1;1;1;
20062;202200013141;790 636;A01;3;2;13;0;1;15;1;
20063;202200013142;790 634;B01;0;7;0;2;6;23;1;
20064;202200013142;790 637;A01;0;7;0;2;2;1;1;
20065;202200013143;790 632;B01;3;7;0;2;4;1;1;
20066;202200013143;790 635;A01;0;7;0;2;1;9;1;
20067;202200013144;790 631;A01;2;7;0;2;1;2;2;
20068;202200013144;790 633;B01;2;17;0;0;0;15;1;
20069;202200013145;790 629;B01;1;50;0;2;1;1;3;
20070;202200013145;790 630;A01;2;3;0;2;5;15;0;
20071;202200013146;790 626;A01;3;7;0;2;7;9;1;
20072;202200013146;790 628;B01;1;31;0;2;8;1;1;
20073;202200013147;790 624;B01;1;7;0;2;1;9;1;
20074;202200013147;790 627;A01;1;30;0;2;0;1;1;
20075;202200013148;790 622;A01;1;7;0;1;0;15;1;
20076;202200013150;790 623;B01;0;7;0;2;1;1;1;
20077;202200013150;790 625;A01;2;7;0;2;3;1;1;
20078;202200013151;790 620;A01;3;7;0;1;4;20;3;
20079;202200013152;790 618;A01;0;30;0;1;2;18;1;
20080;202200013153;790 615;A01;2;1;0;0;1;23;5;
20081;202200013154;790 614;A01;1;7;0;2;1;2;1;
20082;202200013154;790 616;B01;1;7;0;2;4;2;1;
20083;202200013154;790 619;C01;1;7;0;2;4;2;1;
20084;202200013156;790 609;A01;0;30;0;2;0;0;1;
20085;202200013156;790 611;B01;0;7;0;2;3;1;1;
20086;202200013157;790 605;B01;1;30;0;2;1;1;1;
20087;202200013157;790 608;A01;1;7;0;0;6;1;1;
20088;202200013158;790 606;A01;2;7;3;2;3;13;1;
20089;202200013158;790 610;B01;1;10;0;2;3;1;1;
20090;202200013159;790 604;A01;1;1;0;2;1;17;5;
20091;202200013159;790 607;B01;1;7;0;2;6;1;1;
20092;202200013160;790 602;B01;3;7;0;9;3;1;1;
20093;202200013160;790 603;A01;3;50;0;2;1;9;3;
20094;202200013161;790 601;A01;2;7;0;0;0;13;1;
20095;202200013162;790 599;A01;1;30;0;0;3;1;3;
20096;202200013163;790 600;A01;1;10;2;0;3;1;0;
20097;202200013164;790 597;A01;2;7;4;0;1;0;1;
20098;202200013165;790 593;A01;2;7;0;2;4;23;1;
20099;202200013165;790 595;B01;2;7;0;2;4;23;1;
20100;202200013165;790 598;C01;2;7;0;2;1;2;1;
20101;202200013166;790 591;A01;1;2;0;0;0;1;1;
20102;202200013167;790 590;A01;0;7;0;0;6;2;1;
20103;202200013167;790 594;B01;0;7;5;2;1;17;1;
20104;202200013167;790 596;C01;0;7;5;2;1;1;1;
20105;202200013168;790 588;B01;1;7;0;2;3;13;1;
20106;202200013168;790 589;A01;2;10;0;2;3;13;1;
20107;202200013169;790 587;A01;3;7;0;2;1;26;1;
20108;202200013169;790 592;B01;3;7;0;2;5;1;1;
20109;202200013171;790 584;B01;1;10;0;2;3;0;1;
20110;202200013171;790 585;A01;2;7;0;2;3;13;1;
20111;202200013172;790 583;A01;3;7;0;1;1;1;1;
20112;202200013173;790 581;A01;0;7;0;1;0;1;1;
20113;202200013174;790 576;B01;1;1;0;2;8;19;5;
20114;202200013174;790 580;A01;2;7;0;2;3;15;1;
20115;202200013175;790 577;B01;2;1;0;0;4;2;5;
20116;202200013175;790 579;A01;2;33;0;2;2;2;1;
20117;202200013176;790 578;A01;1;7;0;1;3;2;1;
20118;202200013177;790 570;A01;1;1;0;2;8;9;5;
20119;202200013177;790 573;B01;2;7;0;9;7;1;1;
20120;202200013178;790 571;A01;2;30;0;2;0;2;1;
20121;202200013178;790 572;Z01;2;0;0;2;0;2;1;
20122;202200013179;790 569;B01;1;7;0;2;2;1;1;
20123;202200013179;790 575;A01;1;1;0;2;1;19;5;
20124;202200013180;790 568;A01;3;7;0;1;0;1;1;
20125;202200013181;790 567;A01;1;33;5;0;1;1;1;
20126;202200013182;790 564;A01;1;7;0;9;8;19;1;
20127;202200013182;790 566;B01;1;80;0;2;1;15;3;
20128;202200013183;790 565;A01;3;7;0;1;1;20;1;
20129;202200013184;790 563;A01;1;7;7;0;0;1;1;
20130;202200013185;790 562;Z01;2;34;0;0;0;1;0;
20131;202200013186;790 559;A01;1;7;0;0;9;1;2;
20132;202200013187;790 558;A01;2;7;6;0;3;1;1;
20133;202200013188;790 557;A01;3;7;0;2;1;1;1;
20134;202200013188;790 561;B01;3;1;0;2;1;1;5;
20135;202200013189;790 553;B01;1;1;0;2;4;2;5;
20136;202200013189;790 556;A01;1;7;0;2;2;2;1;
20137;202200013190;790 551;B01;1;7;0;2;7;1;1;
20138;202200013190;790 555;A01;1;7;0;2;2;1;1;
20139;202200013191;790 550;A01;2;7;0;2;3;1;1;
20140;202200013191;790 552;B01;1;7;0;2;3;1;1;
20141;202200013192;790 549;A01;1;7;0;2;2;1;1;
20142;202200013192;790 554;B01;0;1;0;2;1;1;5;
20143;202200013193;790 547;A01;1;7;1;0;1;1;1;
20144;202200013194;790 545;A01;2;7;3;2;1;13;1;
20145;202200013194;790 548;B01;1;7;0;2;1;1;1;
20146;202200013195;790 539;A01;1;15;0;2;2;15;1;
20147;202200013195;790 541;B01;2;33;0;2;8;1;1;
20148;202200013196;790 540;A01;2;7;0;2;3;0;1;
20149;202200013196;790 542;B01;1;7;0;2;8;24;1;
20150;202200013196;790 544;C01;1;10;0;2;3;1;1;
20151;202200013197;790 537;B01;2;2;0;0;1;16;1;
20152;202200013197;790 538;A01;1;7;0;2;2;15;1;
20153;202200013198;790 536;A01;3;32;0;0;0;26;1;
20154;202200013199;790 535;A01;1;7;2;0;3;13;1;
20155;202200013200;790 533;A01;1;7;0;1;1;1;1;
20156;202200013201;790 530;A01;1;7;0;2;6;11;1;
20157;202200013201;790 532;B01;1;33;0;2;7;1;1;
20158;202200013202;790 529;B01;3;1;0;0;2;17;5;
20159;202200013202;790 531;A01;3;7;0;0;3;15;1;
20160;202200013203;790 527;B01;1;37;0;2;2;1;1;2.0
20161;202200013203;790 528;A01;2;2;0;2;1;1;1;
20162;202200013204;790 525;A01;2;7;0;1;2;1;1;
20163;202200013205;790 522;A01;2;33;0;2;8;11;1;
20164;202200013205;790 524;B01;2;7;0;2;7;2;1;
20165;202200013206;790 521;C01;1;7;0;2;4;15;1;
20166;202200013206;790 523;B01;1;7;0;2;4;1;1;
20167;202200013206;790 526;A01;1;7;0;2;1;1;1;
20168;202200013207;790 519;A01;1;7;0;2;1;0;1;
20169;202200013207;790 520;B01;1;7;0;2;4;0;1;
20170;202200013208;790 518;A01;2;33;3;0;8;13;1;
20171;202200013209;790 517;A01;3;7;6;0;1;26;1;
20172;202200013210;790 515;B01;2;1;0;0;0;1;5;
20173;202200013210;790 516;A01;2;2;0;0;0;1;1;
20174;202200013211;790 514;A01;1;7;4;0;9;1;1;
20175;202200013212;790 513;A01;3;7;0;1;1;26;1;
20176;202200013213;790 512;A01;2;7;13;0;9;1;1;
20177;202200013214;790 511;A01;1;7;0;0;0;1;1;
20178;202200013215;790 509;A01;1;33;0;0;9;1;1;
20179;202200013217;790 506;A01;2;7;0;2;5;1;1;
20180;202200013217;790 508;B01;2;10;0;2;2;1;1;
20181;202200013217;790 510;Z01;2;14;0;2;0;16;0;
20182;202200013218;790 505;A01;3;7;0;1;4;4;1;
20183;202200013219;790 502;B01;2;33;0;2;1;1;1;
20184;202200013219;790 504;A01;0;7;0;2;2;19;1;
20185;202200013220;790 501;A01;1;2;0;0;8;0;1;
20186;202200013221;790 499;B01;3;30;0;2;1;1;1;
20187;202200013221;790 503;A01;3;7;0;2;5;15;1;
20188;202200013222;790 496;A01;3;31;0;0;0;1;1;
20189;202200013223;790 494;A01;2;50;15;0;1;0;3;
20190;202200013224;790 492;B01;2;7;0;2;1;1;1;
20191;202200013224;790 497;A01;1;7;13;2;8;9;1;
20192;202200013225;790 490;A01;2;7;7;0;1;0;1;
20193;202200013226;790 489;A01;1;7;0;2;9;12;1;
20194;202200013226;790 491;B01;1;7;0;2;8;1;1;
20195;202200013226;790 493;C01;1;7;0;2;7;1;1;
20196;202200013226;790 495;D01;1;7;0;2;6;1;1;
20197;202200013226;790 498;E01;1;7;0;2;5;1;1;
20198;202200013226;790 500;F01;1;7;0;2;7;1;1;
20199;202200013227;790 487;A01;1;33;16;0;0;1;1;
20200;202200013228;790 485;A01;0;10;0;0;0;13;1;
20201;202200013229;790 486;A01;1;14;0;2;1;1;1;
20202;202200013229;790 488;B01;1;10;0;2;4;1;1;
20203;202200013230;790 484;A01;1;7;6;0;1;1;0;
20204;202200013231;790 481;A01;1;7;2;0;2;14;1;
20205;202200013232;790 483;A01;1;7;4;0;1;9;1;
20206;202200013233;790 479;B01;1;7;0;2;7;1;1;
20207;202200013233;790 482;A01;1;7;0;2;1;19;1;
20208;202200013234;790 478;B01;1;10;0;0;4;12;3;
20209;202200013234;790 480;A01;1;43;0;2;1;2;1;
20210;202200013235;790 475;A01;1;7;0;2;8;2;1;
20211;202200013235;790 477;B01;1;1;0;2;7;2;5;
20212;202200013236;790 471;C01;1;14;0;2;2;0;1;
20213;202200013236;790 474;B01;2;7;0;2;8;1;2;
20214;202200013236;790 476;A01;1;7;0;2;3;13;1;
20215;202200013237;790 470;A01;1;7;0;2;3;1;1;
20216;202200013237;790 473;B01;1;7;0;2;5;2;2;
20217;202200013238;790 468;B01;2;33;0;2;1;1;1;
20218;202200013238;790 472;A01;1;7;0;2;3;15;1;
20219;202200013239;790 467;A01;1;1;0;2;3;1;5;
20220;202200013239;790 469;B01;1;15;0;2;5;17;0;
20221;202200013240;790 464;A01;3;7;2;0;6;26;1;
20222;202200013241;790 465;A01;3;36;13;0;1;0;1;
20223;202200013242;790 461;B01;2;7;0;2;1;2;1;
20224;202200013242;790 463;A01;2;7;4;0;4;2;1;
20225;202200013243;790 462;B01;2;7;1;0;4;2;1;
20226;202200013243;790 466;A01;2;7;0;2;1;2;0;
20227;202200013244;790 460;A01;3;31;0;0;0;2;0;
20228;202200013245;790 459;A01;3;31;0;0;7;1;1;
20229;202200013246;790 457;A01;1;7;5;0;1;1;1;
20230;202200013247;790 456;A01;1;33;10;0;3;1;1;
20231;202200013248;790 453;B01;2;7;0;0;3;15;1;
20232;202200013248;790 455;A01;2;31;0;2;1;17;1;
20233;202200013249;790 454;A01;2;7;0;2;1;9;1;
20234;202200013249;790 458;B01;2;7;0;2;8;2;1;
20235;202200013250;790 450;A01;3;33;14;6;1;1;1;
20236;202200013251;790 451;B01;3;7;0;2;4;0;1;
20237;202200013251;790 452;A01;3;7;0;2;1;1;1;
20238;202200013252;790 447;A01;1;33;0;5;1;1;1;
20239;202200013253;790 448;A01;1;14;0;1;1;1;1;
20240;202200013254;790 445;B01;2;7;0;2;8;1;1;
20241;202200013254;790 449;A01;2;7;3;2;3;13;1;
20242;202200013255;790 444;B01;1;7;0;2;3;0;1;
20243;202200013255;790 446;A01;2;7;0;2;1;13;1;
20244;202200013257;790 441;B01;2;7;0;9;7;0;0;
20245;202200013257;790 443;A01;2;1;0;2;1;26;5;
20246;202200013258;790 439;A01;2;7;0;1;2;15;1;
20247;202200013261;790 433;A01;1;7;0;1;2;1;1;
20248;202200013262;790 432;B01;1;33;0;2;1;1;1;
20249;202200013262;790 434;A01;2;10;0;2;1;15;1;
20250;202200013264;790 425;A01;3;7;0;2;3;13;1;
20251;202200013264;790 427;B01;3;7;0;0;3;23;1;
20252;202200013265;790 423;A01;1;33;0;1;1;17;1;
20253;202200013266;790 422;B01;3;50;0;2;7;1;3;
20254;202200013266;790 426;A01;3;7;0;9;1;9;1;
20255;202200013267;790 421;B01;2;7;0;9;4;0;1;
20256;202200013267;790 424;A01;2;30;0;2;1;3;1;
20257;202200013268;790 420;A01;1;3;13;0;1;14;1;
20258;202200013269;790 418;A01;2;7;0;2;2;17;1;
20259;202200013269;790 419;B01;2;7;0;2;3;15;1;
20260;202200013270;790 414;A01;3;7;6;0;1;1;1;
20261;202200013271;790 415;A01;3;7;0;2;1;1;0;
20262;202200013271;790 417;B01;3;33;0;2;4;1;0;
20263;202200013274;790 407;A01;0;7;0;0;0;13;1;
20264;202200013275;790 408;B01;1;7;0;2;2;15;1;
20265;202200013275;790 410;A01;2;10;0;2;2;1;1;
20266;202200013277;790 405;A01;3;7;0;1;4;26;1;
20267;202200013278;790 403;A01;1;7;3;0;3;1;1;
20268;202200013279;790 402;A01;1;30;0;2;1;2;1;
20269;202200013279;790 404;B01;1;7;0;2;6;20;1;
20270;202200013280;790 400;A01;2;31;0;0;7;0;1;
20271;202200013281;790 398;B01;2;7;0;2;3;1;1;
20272;202200013281;790 401;A01;1;1;0;2;1;1;0;
20273;202200013282;790 395;A01;1;7;0;2;3;15;2;
20274;202200013282;790 397;B01;2;1;0;2;1;1;5;
20275;202200013283;790 396;A01;1;10;1;2;0;0;1;
20276;202200013283;790 399;B01;1;34;0;2;8;1;1;
20277;202200013284;790 392;A01;2;10;0;2;4;2;1;
20278;202200013284;790 393;C01;2;10;0;2;4;2;1;
20279;202200013284;790 394;B01;2;7;0;2;1;2;1;
20280;202200013285;790 390;A01;1;7;9;0;1;11;0;
20281;202200013286;790 388;A01;2;10;0;2;3;1;1;
20282;202200013286;790 391;B01;1;7;0;2;3;13;1;
20283;202200013287;790 389;A01;0;7;0;1;4;26;1;
20284;202200013288;790 386;A01;1;7;0;2;1;1;1;
20285;202200013288;790 387;B01;1;7;0;2;4;2;1;
20286;202200013289;790 384;A01;1;43;13;0;0;0;1;
20287;202200013290;790 383;A01;1;33;0;2;2;17;1;
20288;202200013290;790 385;B01;1;10;0;0;8;15;1;
20289;202200013291;790 381;B01;1;34;0;2;0;1;1;
20290;202200013291;790 382;A01;3;7;0;2;3;9;1;
20291;202200013292;790 378;A01;1;7;8;0;2;1;1;
20292;202200013294;790 376;B01;1;10;0;2;1;1;1;
20293;202200013294;790 379;A01;1;7;0;2;4;1;1;
20294;202200013296;790 371;A01;1;7;13;0;3;1;1;
20295;202200013297;790 372;A01;3;2;0;2;1;9;1;
20296;202200013297;790 375;B01;2;7;0;2;3;1;1;
20297;202200013298;790 368;A01;3;31;16;0;0;1;1;
20298;202200013300;790 366;B01;1;33;0;0;0;0;1;
20299;202200013300;790 369;A01;1;10;0;2;2;12;1;
20300;202200013301;790 365;A01;2;7;0;1;1;1;1;
20301;202200013302;790 363;A01;2;7;1;0;2;1;1;
20302;202200013303;790 361;B01;2;14;0;2;1;1;1;
20303;202200013303;790 364;A01;1;7;0;2;1;13;1;
20304;202200013304;790 360;A01;1;7;0;0;0;0;0;
20305;202200013304;790 362;B01;1;50;0;2;0;19;3;
20306;202200013305;790 357;A01;1;7;0;2;3;11;1;
20307;202200013305;790 359;B01;2;17;0;2;1;1;1;
20308;202200013307;790 355;B01;1;30;0;2;1;1;1;
20309;202200013307;790 358;A01;2;7;0;2;2;15;1;
20310;202200013308;790 353;A01;2;7;0;2;1;2;1;
20311;202200013308;790 356;B01;2;33;0;0;4;1;1;
20312;202200013309;790 352;A01;1;7;0;1;1;0;1;
20313;202200013311;790 348;A01;2;7;0;2;3;26;1;
20314;202200013311;790 351;B01;2;30;0;2;5;1;0;
20315;202200013312;790 347;B01;3;33;0;2;3;1;1;
20316;202200013312;790 349;A01;0;7;0;0;5;15;1;
20317;202200013313;790 345;A01;2;31;14;0;7;21;1;
20318;202200013314;790 346;A01;2;7;0;1;1;15;1;
20319;202200013315;790 342;B01;1;7;0;9;3;26;1;
20320;202200013315;790 344;A01;3;1;0;9;1;19;5;
20321;202200013316;790 340;A01;0;10;0;2;1;1;1;
20322;202200013316;790 343;B01;0;2;0;2;1;1;1;
20323;202200013317;790 339;A01;1;7;8;0;1;1;1;
20324;202200013318;790 338;A01;2;7;0;2;1;1;1;
20325;202200013318;790 341;B01;2;10;0;2;4;1;1;
20326;202200013320;790 335;B01;2;1;1;0;1;2;5;
20327;202200013321;790 334;A01;2;7;2;0;2;1;1;
20328;202200013322;790 331;B01;1;7;0;2;2;16;1;
20329;202200013322;790 333;C01;1;33;0;2;1;18;1;
20330;202200013323;790 330;A01;3;7;0;2;1;1;1;
20331;202200013323;790 332;B01;3;7;0;2;7;14;1;
20332;202200013324;790 328;A01;1;10;2;0;9;1;1;
20333;202200013327;790 325;A01;3;7;0;1;7;1;1;
20334;202200013328;790 323;A01;1;1;0;1;1;1;6;
20335;202200013329;790 322;B01;2;33;0;0;4;2;1;
20336;202200013329;790 324;A01;2;7;0;2;1;2;1;
20337;202200013330;790 321;A01;2;2;12;0;0;16;1;
20338;202200013331;790 319;A01;2;7;0;1;1;15;1;
20339;202200013332;790 316;C01;2;7;0;2;4;1;3;
20340;202200013332;790 317;B01;2;7;0;2;6;1;1;
20341;202200013332;790 320;A01;2;37;0;2;2;11;1;1.0
20342;202200013333;790 315;A01;1;33;0;2;2;21;1;
20343;202200013333;790 318;B01;1;7;0;2;3;15;1;
20344;202200013334;790 314;A01;1;1;12;0;0;15;5;
20345;202200013335;790 313;A01;1;7;0;1;2;21;1;
20346;202200013337;790 309;Y01;1;50;0;2;0;0;3;
20347;202200013337;790 312;A01;1;7;0;2;2;26;1;
20348;202200013338;790 303;A01;1;7;1;2;6;23;1;
20349;202200013338;790 305;Z01;1;0;0;2;1;0;0;
20350;202200013340;790 299;A01;1;10;0;2;5;9;1;
20351;202200013340;790 301;B01;2;34;0;2;1;26;1;
20352;202200013341;790 298;B01;1;50;0;2;1;1;3;
20353;202200013341;790 302;A01;1;7;0;2;2;1;1;
20354;202200013342;790 295;B01;2;7;0;2;1;1;1;
20355;202200013342;790 297;A01;2;7;0;2;4;1;1;
20356;202200013343;790 292;A01;1;7;0;0;9;11;1;
20357;202200013343;790 294;B01;1;7;0;2;1;2;1;
20358;202200013343;790 296;C01;1;13;0;2;7;2;1;
20359;202200013344;790 290;A01;1;31;12;0;7;1;1;
20360;202200013345;790 291;B01;3;2;0;2;1;1;1;
20361;202200013345;790 293;A01;3;50;0;2;5;19;3;
20362;202200013346;790 288;A01;2;10;0;1;1;1;1;
20363;202200013347;790 286;A01;2;30;0;2;8;1;1;
20364;202200013347;790 289;B01;2;7;0;2;3;15;1;
20365;202200013348;790 285;A01;3;31;0;1;7;21;1;
20366;202200013349;790 284;B01;1;33;0;2;1;1;1;
20367;202200013349;790 287;A01;2;10;0;2;5;15;1;
20368;202200013350;790 283;A01;1;7;0;1;1;1;1;
20369;202200013351;790 282;A01;2;7;0;1;3;26;2;
20370;202200013352;790 281;A01;3;7;0;1;1;1;1;
20371;202200013353;790 278;A01;1;7;0;2;1;2;1;
20372;202200013353;790 279;B01;1;7;5;0;4;2;2;
20373;202200013354;790 277;A01;1;2;0;2;1;1;1;
20374;202200013354;790 280;B01;1;7;0;2;2;1;1;
20375;202200013356;790 273;A01;1;99;0;2;1;26;0;
20376;202200013357;790 274;A01;3;7;0;1;3;15;1;
20377;202200013359;790 270;A01;3;7;0;1;3;1;1;
20378;202200013360;790 269;A01;2;33;12;0;1;26;1;
20379;202200013362;790 267;A01;2;7;15;0;1;26;1;
20380;202200013364;790 264;B01;1;7;0;2;1;15;1;
20381;202200013364;790 266;A01;1;30;0;2;3;17;1;
20382;202200013365;790 263;A01;1;7;13;0;0;13;1;
20383;202200013366;790 260;A01;1;33;15;0;1;1;1;
20384;202200013367;790 259;B01;3;2;0;2;1;17;1;
20385;202200013367;790 261;A01;3;10;0;2;3;15;1;
20386;202200013368;790 257;A01;2;33;1;0;1;1;1;
20387;202200013369;790 256;A01;3;7;0;2;2;15;1;
20388;202200013369;790 262;B01;3;50;0;2;0;0;3;
20389;202200013370;790 254;B01;1;7;15;2;3;1;1;
20390;202200013370;790 258;A01;2;30;0;2;1;1;1;
20391;202200013372;790 249;C01;3;7;0;2;4;1;1;
20392;202200013372;790 252;B01;3;7;0;2;5;1;1;
20393;202200013372;790 253;A01;3;33;0;2;1;3;1;
20394;202200013373;790 247;A01;2;7;0;2;1;1;1;
20395;202200013373;790 251;B01;2;10;0;2;0;0;1;
20396;202200013374;790 250;A01;1;50;1;0;1;1;3;
20397;202200013376;790 243;A01;1;7;0;1;1;1;1;
20398;202200013377;790 244;B01;3;1;0;2;4;1;5;
20399;202200013377;790 246;A01;3;7;8;2;1;1;1;
20400;202200013378;790 241;Z01;1;7;0;2;0;9;6;
20401;202200013378;790 242;B01;1;30;0;2;0;21;1;
20402;202200013379;790 238;B01;2;30;0;2;3;1;1;
20403;202200013379;790 240;A01;2;7;0;2;3;15;1;
20404;202200013381;790 236;B01;3;10;0;2;1;2;1;
20405;202200013381;790 239;A01;3;7;0;2;7;19;1;
20406;202200013382;790 234;A01;1;7;0;0;1;1;1;
20407;202200013384;790 230;B01;1;80;0;2;5;26;3;
20408;202200013384;790 233;A01;1;7;0;2;3;26;1;
20409;202200013385;790 228;A01;1;7;0;2;7;16;1;
20410;202200013385;790 232;B01;3;50;0;2;7;19;3;
20411;202200013386;790 229;A01;2;7;0;2;1;13;0;
20412;202200013386;790 231;B01;1;7;0;2;1;13;0;
20413;202200013387;790 227;A01;1;10;0;1;1;1;1;
20414;202200013388;790 222;A01;3;50;0;0;0;0;3;
20415;202200013389;790 223;A01;2;37;0;2;7;1;1;1.0
20416;202200013389;790 225;B01;2;2;0;2;8;13;1;
20417;202200013390;790 220;B01;0;7;0;2;1;15;1;
20418;202200013390;790 221;A01;0;7;11;2;5;1;1;
20419;202200013391;790 218;B01;1;30;0;2;4;2;0;
20420;202200013391;790 219;A01;1;7;0;2;8;17;1;
20421;202200013392;790 214;A01;3;2;0;2;7;16;1;
20422;202200013392;790 217;B01;3;7;0;2;3;15;1;
20423;202200013393;790 213;A01;1;30;0;2;1;13;1;
20424;202200013393;790 216;B01;1;7;0;2;1;1;0;
20425;202200013394;790 215;B01;1;7;3;2;2;1;1;
20426;202200013394;790 226;A01;1;7;0;2;3;26;1;
20427;202200013395;790 210;A01;-1;7;0;2;2;9;1;
20428;202200013395;790 212;B01;2;1;0;2;0;0;5;
20429;202200013396;790 209;A01;3;32;0;2;1;1;1;
20430;202200013396;790 211;B01;3;30;0;2;1;1;1;
20431;202200013397;790 208;A01;3;7;0;1;1;2;1;
20432;202200013398;790 205;B01;3;7;0;2;7;1;1;
20433;202200013398;790 207;A01;3;1;0;2;1;1;5;
20434;202200013399;790 203;B01;1;1;0;2;7;1;5;
20435;202200013399;790 206;A01;1;7;0;2;3;17;1;
20436;202200013400;790 202;A01;3;7;1;0;2;1;1;
20437;202200013400;790 204;B01;3;7;0;2;6;23;1;
20438;202200013403;790 197;B01;3;7;0;2;1;0;1;
20439;202200013403;790 199;A01;3;7;0;2;7;0;1;
20440;202200013404;790 196;B01;3;7;0;2;2;1;1;
20441;202200013404;790 200;A01;3;7;0;2;2;1;1;
20442;202200013406;790 192;B01;3;7;0;2;6;23;1;
20443;202200013406;790 194;A01;3;1;0;2;6;17;5;
20444;202200013407;790 190;A01;0;7;12;0;3;13;1;
20445;202200013408;790 191;A01;1;10;0;2;7;2;1;
20446;202200013408;790 193;B01;2;50;0;2;7;2;3;
20447;202200013409;790 189;A01;3;14;0;1;2;16;1;
20448;202200013410;790 187;A01;2;7;0;1;3;1;2;
20449;202200013412;790 182;A01;3;7;1;2;1;9;1;
20450;202200013412;790 184;B01;3;7;0;2;2;1;1;
20451;202200013413;790 183;A01;1;7;0;2;2;16;1;
20452;202200013413;790 185;B01;1;1;0;2;1;1;5;
20453;202200013414;790 181;A01;2;7;0;1;1;1;3;
20454;202200013415;790 177;A01;1;7;0;2;1;2;1;
20455;202200013415;790 179;B01;1;30;0;2;4;1;1;
20456;202200013416;790 175;B01;2;1;0;2;1;1;5;
20457;202200013416;790 180;A01;1;7;0;2;2;1;1;
20458;202200013417;790 174;A01;2;10;0;2;6;17;1;
20459;202200013417;790 176;B01;2;7;9;2;6;23;1;
20460;202200013417;790 178;C01;2;7;0;2;8;23;1;
20461;202200013418;790 172;Z01;1;7;0;1;0;14;0;
20462;202200013419;790 171;B01;1;30;0;2;7;1;1;
20463;202200013419;790 173;A01;1;7;0;2;3;11;1;
20464;202200013420;790 169;Z01;1;7;0;1;0;0;0;
20465;202200013421;790 168;A01;1;50;0;0;0;26;3;
20466;202200013422;790 167;B01;1;1;0;2;6;1;5;
20467;202200013422;790 170;A01;1;14;0;2;7;16;1;
20468;202200013423;790 164;B01;2;7;0;2;4;2;1;
20469;202200013423;790 166;A01;1;7;0;2;1;2;1;
20470;202200013424;790 163;A01;1;1;0;2;1;2;5;
20471;202200013424;790 165;B01;1;7;0;2;4;2;2;
20472;202200013425;790 162;A01;2;7;4;0;2;9;1;
20473;202200013426;790 159;B01;3;1;0;2;1;1;5;
20474;202200013426;790 161;A01;3;7;0;2;6;15;1;
20475;202200013427;790 157;A01;1;7;0;2;4;26;1;
20476;202200013427;790 160;B01;1;33;0;2;1;1;1;
20477;202200013428;790 156;A01;1;7;0;2;1;15;1;
20478;202200013428;790 158;B01;2;1;0;2;1;1;5;
20479;202200013429;790 155;A01;1;7;3;0;1;16;1;
20480;202200013430;790 154;A01;1;30;0;1;1;26;1;
20481;202200013431;790 153;A01;0;7;2;0;8;13;1;
20482;202200013432;790 152;A01;3;30;0;0;3;1;1;
20483;202200013433;790 147;A01;2;2;0;0;1;1;1;
20484;202200013434;790 148;C01;2;7;0;2;3;0;1;
20485;202200013434;790 150;B01;2;7;0;2;3;0;1;
20486;202200013434;790 151;A01;1;7;0;2;3;13;1;
20487;202200013436;790 142;A01;1;7;2;0;7;13;1;
20488;202200013437;790 143;A01;1;7;0;2;5;15;1;
20489;202200013437;790 144;B01;2;33;0;2;1;1;1;
20490;202200013438;790 141;B01;1;7;0;2;3;15;1;
20491;202200013438;790 145;A01;2;1;0;2;1;1;5;
20492;202200013439;790 137;A01;1;7;0;2;8;15;1;
20493;202200013439;790 139;B01;1;30;0;2;1;17;1;
20494;202200013440;790 136;A01;2;7;0;2;1;13;1;
20495;202200013440;790 138;B01;1;7;0;2;1;1;1;
20496;202200013440;790 140;C01;1;7;0;2;1;1;1;
20497;202200013441;790 133;A01;1;7;0;2;5;15;1;
20498;202200013441;790 135;B01;2;2;0;0;0;0;1;
20499;202200013443;790 129;A01;3;7;0;2;2;9;1;
20500;202200013443;790 131;B01;3;1;0;0;0;0;5;
20501;202200013444;790 130;A01;1;7;0;1;3;1;1;
20502;202200013445;790 126;A01;2;7;0;2;8;19;1;
20503;202200013445;790 128;B01;2;7;0;2;1;1;1;
20504;202200013446;790 125;A01;1;7;0;2;7;9;1;
20505;202200013446;790 127;B01;1;1;0;2;3;1;5;
20506;202200013447;790 123;A01;1;7;0;1;2;9;1;
20507;202200013449;790 119;A01;3;7;0;2;3;15;1;
20508;202200013449;790 121;B01;3;37;0;2;1;1;2;1.0
20509;202200013450;790 118;A01;2;32;0;1;0;17;1;
20510;202200013451;790 117;A01;2;7;0;1;2;15;1;
20511;202200013452;790 116;B01;2;7;0;2;4;1;1;
20512;202200013452;790 120;A01;2;10;0;2;1;1;1;
20513;202200013454;790 114;A01;1;80;12;0;1;25;3;
20514;202200013455;790 108;A01;2;10;0;2;1;19;1;