;Num_Acc;id_vehicule;num_veh;senc;catv;obs;obsm;choc;manv;motor;occutc
20515;202200013455;790 111;B01;2;1;0;2;8;1;5;
20516;202200013456;790 107;D01;1;7;0;2;4;2;0;
20517;202200013456;790 109;C01;1;7;0;2;4;2;1;
20518;202200013456;790 112;B01;1;7;0;2;4;2;1;
20519;202200013456;790 113;A01;1;7;0;2;1;1;1;
20520;202200013457;790 106;B01;3;60;0;2;8;0;5;
20521;202200013457;790 110;A01;3;7;0;2;2;2;1;
20522;202200013458;790 104;B01;1;7;0;2;4;2;1;
20523;202200013458;790 105;A01;1;10;0;2;1;2;1;
20524;202200013459;790 101;A01;3;7;0;2;1;15;1;
20525;202200013459;790 103;B01;2;33;0;2;1;1;1;
20526;202200013460;790 098;A01;1;7;0;2;3;26;1;
20527;202200013460;790 100;B01;1;7;0;2;1;1;1;
20528;202200013461;790 099;B01;2;1;0;2;7;16;5;
20529;202200013461;790 102;A01;2;7;0;2;3;9;2;
20530;202200013462;790 097;A01;1;7;0;0;9;1;1;
20531;202200013463;790 094;B01;1;1;0;2;1;1;5;
20532;202200013463;790 096;A01;1;37;0;2;1;15;1;1.0
20533;202200013465;790 089;B01;1;7;0;2;4;1;1;
20534;202200013465;790 090;A01;1;7;0;2;1;1;1;
20535;202200013466;790 091;B01;1;50;0;2;7;1;3;
20536;202200013466;790 093;A01;1;7;0;2;1;1;1;
20537;202200013467;790 087;B01;1;7;0;2;1;1;1;
20538;202200013467;790 088;A01;1;7;0;2;4;1;1;
20539;202200013468;790 085;B01;1;50;0;2;1;19;3;
20540;202200013468;790 086;A01;2;7;0;2;0;1;1;
20541;202200013469;790 082;B01;2;7;0;2;5;23;1;
20542;202200013469;790 083;A01;1;33;0;2;1;1;1;
20543;202200013470;790 081;A01;1;10;0;2;1;19;1;
20544;202200013470;790 084;B01;1;10;0;2;3;0;1;
20545;202200013472;790 077;A01;0;7;0;1;1;1;1;
20546;202200013473;790 074;B01;1;1;0;2;1;1;5;
20547;202200013473;790 076;A01;1;7;0;2;3;9;1;
20548;202200013474;790 073;B01;1;14;0;2;0;0;1;
20549;202200013474;790 075;A01;1;14;0;2;0;0;1;
20550;202200013475;790 072;A01;2;7;4;0;3;1;1;
20551;202200013476;790 071;Z01;2;3;0;1;3;1;0;
20552;202200013477;790 068;A01;2;34;0;1;1;3;6;
20553;202200013478;790 069;A01;1;7;0;2;3;15;1;
20554;202200013478;790 070;B01;0;30;0;2;2;17;1;
20555;202200013479;790 065;A01;1;13;0;2;1;1;1;
20556;202200013479;790 067;B01;1;7;0;2;4;1;1;
20557;202200013480;790 064;B01;3;7;0;2;1;1;1;
20558;202200013480;790 066;A01;3;7;0;2;1;5;1;
20559;202200013481;790 061;B01;3;7;0;2;1;1;1;
20560;202200013481;790 063;A01;3;7;0;2;1;9;1;
20561;202200013482;790 060;B01;2;7;0;2;4;1;1;
20562;202200013482;790 062;A01;2;30;0;2;1;2;1;
20563;202200013483;790 057;A01;2;7;0;2;1;1;1;
20564;202200013483;790 059;B01;1;7;0;2;1;1;1;
20565;202200013484;790 056;B01;1;7;0;2;1;2;1;
20566;202200013484;790 058;A01;1;7;4;0;1;0;1;
20567;202200013485;790 054;B01;2;1;0;2;1;1;5;
20568;202200013485;790 055;A01;2;7;0;2;1;9;1;
20569;202200013486;790 053;A01;2;40;0;1;2;19;3;
20570;202200013487;790 052;A01;3;7;0;1;1;15;1;
20571;202200013488;790 049;A01;0;7;14;0;1;1;1;
20572;202200013489;790 051;A01;2;7;13;0;1;21;1;
20573;202200013490;790 048;B01;1;7;0;1;1;26;1;
20574;202200013490;790 050;A01;1;7;0;2;1;2;3;
20575;202200013491;790 046;A01;1;7;17;0;3;0;1;
20576;202200013493;790 039;A01;1;31;0;2;9;1;1;
20577;202200013493;790 042;B01;2;7;0;2;3;1;1;
20578;202200013493;790 044;C01;2;7;0;2;3;1;1;
20579;202200013494;790 040;A01;2;32;0;2;6;11;1;
20580;202200013494;790 043;Z01;2;7;0;2;2;1;0;
20581;202200013495;790 038;A01;3;50;0;2;8;15;3;
20582;202200013495;790 041;B01;3;10;12;0;7;2;1;
20583;202200013496;790 034;A01;3;7;0;2;1;15;1;
20584;202200013496;790 036;B01;3;33;0;2;1;1;0;
20585;202200013497;790 033;Z01;2;7;0;2;8;11;0;
20586;202200013497;790 037;A01;2;33;0;2;7;2;1;
20587;202200013498;790 032;A01;2;7;0;2;7;19;1;
20588;202200013498;790 035;B01;1;7;0;2;1;1;1;
20589;202200013499;790 027;A01;1;7;0;2;1;2;1;
20590;202200013499;790 029;B01;1;7;0;2;4;2;1;
20591;202200013500;790 026;B01;3;1;0;2;1;1;5;
20592;202200013500;790 030;A01;3;7;0;2;1;9;1;
20593;202200013501;790 025;B01;3;7;0;2;4;23;1;
20594;202200013501;790 028;A01;1;7;14;0;1;1;1;
20595;202200013501;790 031;C01;1;7;0;2;3;1;1;
20596;202200013502;790 023;A01;2;7;2;0;3;13;1;
20597;202200013503;790 020;B01;0;3;0;2;1;15;1;
20598;202200013503;790 022;A01;3;32;0;2;1;5;1;
20599;202200013504;790 021;B01;2;32;0;2;2;1;1;
20600;202200013504;790 024;A01;2;7;0;2;1;9;1;
20601;202200013505;790 018;B01;1;1;0;2;8;2;5;
20602;202200013505;790 019;A01;1;7;0;2;7;9;1;
20603;202200013506;790 017;A01;0;7;0;0;9;1;1;
20604;202200013507;790 013;A01;2;7;0;2;1;15;1;
20605;202200013507;790 016;B01;1;34;0;2;8;1;1;
20606;202200013508;790 012;A01;3;7;0;2;7;15;1;
20607;202200013508;790 015;B01;3;33;0;2;1;1;1;
20608;202200013509;790 011;A01;1;50;0;2;1;1;3;
20609;202200013509;790 014;B01;1;7;0;2;1;1;1;
20610;202200013510;790 009;B01;2;7;0;2;0;0;1;
20611;202200013510;790 010;A01;2;33;0;2;0;2;1;
20612;202200013511;790 008;A01;2;7;0;1;3;1;1;
20613;202200013512;790 005;A01;3;50;0;2;7;1;3;
20614;202200013512;790 006;B01;3;2;0;2;1;15;5;
20615;202200013513;790 002;B01;1;1;0;2;7;1;5;
20616;202200013513;790 003;A01;1;13;0;2;2;16;1;
20617;202200013514;789 999;A01;2;7;0;2;3;15;1;
20618;202200013514;790 001;B01;1;1;0;2;7;1;5;
20619;202200013515;789 998;B01;2;7;0;2;2;1;1;
20620;202200013515;790 000;A01;1;7;13;2;7;13;1;
20621;202200013516;789 993;A01;2;7;2;0;9;21;1;
20622;202200013517;789 992;C01;2;7;0;2;4;23;1;
20623;202200013517;789 995;B01;2;10;0;2;4;23;1;
20624;202200013517;789 997;A01;2;15;0;2;1;2;1;
20625;202200013518;789 994;B01;2;30;0;2;1;1;1;
20626;202200013518;789 996;A01;1;7;0;2;3;15;1;
20627;202200013520;789 988;A01;1;31;0;2;1;1;1;
20628;202200013520;789 989;B01;2;7;0;2;2;15;2;
20629;202200013522;789 983;Z01;1;1;0;2;0;1;5;
20630;202200013522;789 986;A01;2;1;0;2;8;1;5;
20631;202200013523;789 981;A01;1;33;0;2;2;17;1;
20632;202200013523;789 985;B01;1;7;0;2;6;17;1;
20633;202200013524;789 982;B01;1;7;0;2;1;0;1;
20634;202200013524;789 984;A01;2;7;0;2;2;15;1;
20635;202200013525;789 978;B01;2;7;0;2;6;1;1;
20636;202200013525;789 980;A01;2;33;0;2;2;3;1;
20637;202200013526;789 976;A01;2;7;0;2;1;14;1;
20638;202200013526;789 977;B01;2;7;0;2;4;2;1;
20639;202200013526;789 979;C01;2;7;0;2;4;2;1;
20640;202200013527;789 975;A01;1;15;0;1;2;1;1;
20641;202200013528;789 971;A01;2;33;0;2;1;15;1;
20642;202200013528;789 972;B01;1;1;0;2;6;1;5;
20643;202200013529;789 970;A01;1;10;0;2;4;0;1;
20644;202200013529;789 973;C01;1;7;0;2;1;0;1;
20645;202200013529;789 974;B01;1;7;0;2;4;0;1;
20646;202200013530;789 968;A01;3;7;12;0;1;1;2;
20647;202200013531;789 966;A01;1;10;0;2;1;9;1;
20648;202200013531;789 969;B01;1;7;0;2;2;1;1;
20649;202200013532;789 963;A01;2;7;3;2;3;13;1;
20650;202200013532;789 965;B01;2;7;3;2;7;2;1;
20651;202200013532;789 967;C01;2;7;0;2;1;2;1;
20652;202200013533;789 964;A01;2;1;0;0;0;16;5;
20653;202200013534;789 960;B01;2;7;0;2;6;1;0;
20654;202200013534;789 962;A01;2;7;0;2;2;12;1;
20655;202200013535;789 957;C01;1;7;0;2;5;23;1;
20656;202200013535;789 959;B01;1;7;0;2;0;0;0;
20657;202200013535;789 961;A01;1;7;0;2;8;1;1;
20658;202200013536;789 956;A01;1;1;0;1;1;14;5;
20659;202200013537;789 953;Z01;1;3;0;2;8;0;0;
20660;202200013537;789 955;T01;1;7;0;0;0;0;1;
20661;202200013537;789 958;A01;1;3;0;2;7;12;1;
20662;202200013538;789 952;A01;2;32;0;2;8;3;1;
20663;202200013538;789 954;B01;2;7;0;2;7;12;1;
20664;202200013539;789 951;A01;1;10;0;1;1;4;1;
20665;202200013540;789 950;A01;2;10;0;1;0;15;0;
20666;202200013541;789 948;A01;2;32;12;0;1;14;1;
20667;202200013542;789 946;A01;2;1;0;1;3;1;5;
20668;202200013543;789 947;B01;1;7;0;2;1;2;1;
20669;202200013543;789 949;A01;1;7;0;2;4;2;1;
20670;202200013544;789 943;A01;0;7;0;1;7;1;1;
20671;202200013545;789 944;B01;2;33;0;2;1;1;1;
20672;202200013545;789 945;A01;1;7;0;2;5;15;1;
20673;202200013546;789 940;A01;1;10;0;2;2;10;1;
20674;202200013546;789 942;B01;2;32;0;2;3;1;1;
20675;202200013547;789 939;A01;1;34;0;0;8;3;1;
20676;202200013547;789 941;B01;1;7;0;0;7;12;1;
20677;202200013548;789 938;A01;3;33;0;0;0;21;1;
20678;202200013549;789 936;A01;1;7;4;0;0;14;1;
20679;202200013550;789 934;A01;2;7;4;0;5;2;1;
20680;202200013551;789 935;B01;0;13;0;2;1;0;0;
20681;202200013551;789 937;A01;0;7;0;2;4;1;1;
20682;202200013552;789 932;A01;1;50;1;0;1;14;3;
20683;202200013553;789 931;Z01;1;7;0;2;8;9;2;
20684;202200013553;789 933;A01;1;30;0;2;5;1;1;
20685;202200013554;789 928;A01;1;7;3;0;1;26;1;
20686;202200013555;789 929;A01;1;30;0;0;8;1;3;
20687;202200013556;789 927;B01;0;7;0;2;1;15;1;
20688;202200013556;789 930;A01;0;7;0;2;1;1;1;
20689;202200013557;789 926;A01;1;7;0;1;1;15;1;
20690;202200013558;789 924;A01;2;1;0;0;7;1;5;
20691;202200013559;789 922;A01;1;7;1;0;1;2;1;
20692;202200013559;789 925;B01;1;10;0;2;4;23;1;
20693;202200013560;789 921;A01;1;7;0;2;6;20;1;
20694;202200013560;789 923;B01;1;2;0;2;7;1;1;
20695;202200013561;789 919;A01;2;43;0;1;1;1;1;
20696;202200013562;789 918;A01;2;33;0;0;0;1;1;
20697;202200013563;789 916;A01;1;7;2;0;2;1;1;
20698;202200013564;789 917;A01;2;31;0;2;2;1;1;
20699;202200013564;789 920;Z01;2;10;0;2;3;13;0;
20700;202200013565;789 915;A01;2;1;0;0;0;1;5;
20701;202200013566;789 911;B01;1;7;0;0;4;2;1;
20702;202200013566;789 914;A01;1;7;0;2;1;0;1;
20703;202200013567;789 910;A01;2;1;0;0;0;1;5;
20704;202200013568;789 909;B01;1;50;0;2;7;1;3;
20705;202200013568;789 913;A01;1;10;0;2;3;15;1;
20706;202200013569;789 908;A01;2;7;0;2;1;15;1;
20707;202200013569;789 912;B01;1;33;0;2;1;0;1;
20708;202200013570;789 905;A01;1;7;1;0;7;14;1;
20709;202200013571;789 902;B01;1;1;0;2;1;1;5;
20710;202200013571;789 906;A01;1;7;0;2;3;15;1;
20711;202200013572;789 903;B01;2;7;0;2;6;11;1;
20712;202200013572;789 907;A01;2;33;0;2;1;3;1;
20713;202200013573;789 904;A01;1;31;0;0;2;1;1;
20714;202200013574;789 899;A01;1;7;0;1;1;1;1;
20715;202200013576;789 898;A01;1;7;0;2;5;17;1;
20716;202200013576;789 901;B01;1;37;0;2;3;7;0;1.0
20717;202200013577;789 896;A01;1;7;3;0;2;1;1;
20718;202200013578;789 895;A01;1;7;9;0;1;1;1;
20719;202200013579;789 892;A01;1;7;0;2;2;1;1;
20720;202200013579;789 894;B01;1;7;0;0;4;0;1;
20721;202200013580;789 891;A01;1;7;0;2;1;11;1;
20722;202200013580;789 893;B01;1;7;0;2;5;23;1;
20723;202200013581;789 887;B01;1;7;0;2;4;15;1;
20724;202200013581;789 889;A01;1;33;0;2;1;1;1;
20725;202200013582;789 888;A01;2;7;0;2;2;1;1;
20726;202200013582;789 890;B01;2;7;3;2;6;2;1;
20727;202200013583;789 884;Z01;1;7;0;1;3;1;1;
20728;202200013584;789 882;B01;1;7;9;2;2;16;1;
20729;202200013584;789 885;A01;1;10;2;2;3;18;1;
20730;202200013585;789 883;A01;1;10;3;0;1;14;1;
20731;202200013586;789 881;B01;1;7;0;2;4;11;1;
20732;202200013586;789 886;A01;1;10;0;2;3;2;1;
20733;202200013587;789 876;B01;1;2;0;2;1;1;1;
20734;202200013587;789 879;A01;1;10;0;2;4;20;1;
20735;202200013588;789 877;A01;1;32;5;0;1;6;1;
20736;202200013589;789 874;B01;1;10;0;2;5;1;1;
20737;202200013589;789 878;A01;1;33;0;2;3;3;1;
20738;202200013590;789 871;A01;1;7;0;1;3;1;1;
20739;202200013591;789 868;B01;2;1;0;2;3;19;5;
20740;202200013591;789 872;A01;2;7;0;9;3;19;1;
20741;202200013592;789 869;A01;2;1;0;2;0;0;5;
20742;202200013592;789 873;Z01;2;10;0;2;0;0;1;
20743;202200013593;789 865;A01;2;7;0;2;2;12;1;
20744;202200013593;789 866;B01;2;33;0;2;1;1;1;
20745;202200013594;789 861;A01;-1;7;0;2;3;15;1;
20746;202200013594;789 863;B01;-1;30;0;2;1;1;1;
20747;202200013595;789 857;A01;2;1;0;1;1;0;5;
20748;202200013596;789 855;B01;1;7;0;0;5;2;1;
20749;202200013596;789 858;A01;1;1;0;2;1;2;5;
20750;202200013597;789 856;A01;2;7;0;2;1;2;1;
20751;202200013597;789 859;B01;2;7;0;2;1;1;1;
20752;202200013597;789 862;C01;2;7;0;0;4;2;1;
20753;202200013598;789 854;A01;2;7;8;0;9;1;1;
20754;202200013600;789 851;B01;1;7;8;0;3;1;1;
20755;202200013600;789 852;A01;1;7;0;2;2;16;1;
20756;202200013602;789 850;A01;1;7;0;1;7;1;1;
20757;202200013603;789 848;A01;2;7;4;0;3;1;1;
20758;202200013604;789 847;A01;1;30;0;1;1;15;1;
20759;202200013606;789 839;A01;1;7;0;2;1;1;1;
20760;202200013606;789 845;B01;1;7;0;0;4;1;1;
20761;202200013607;789 837;B01;3;60;0;2;1;5;5;
20762;202200013607;789 841;A01;1;7;0;2;0;1;1;
20763;202200013608;789 836;C01;2;7;0;2;4;1;1;
20764;202200013608;789 838;B01;2;7;0;2;3;1;3;
20765;202200013608;789 840;A01;1;7;0;2;3;1;1;
20766;202200013609;789 832;A01;0;10;0;2;8;10;1;
20767;202200013609;789 835;B01;3;33;0;2;1;17;1;
20768;202200013610;789 830;B01;3;34;0;2;2;3;1;
20769;202200013610;789 833;A01;3;7;0;2;3;1;1;
20770;202200013611;789 831;B01;2;33;0;0;0;0;1;
20771;202200013611;789 834;A01;1;7;0;2;2;15;1;
20772;202200013612;789 827;A01;2;43;0;2;1;1;1;
20773;202200013612;789 829;B01;1;7;0;2;7;15;3;
20774;202200013614;789 825;A01;3;33;0;0;7;2;1;
20775;202200013615;789 824;Y01;3;1;8;0;8;0;5;
20776;202200013616;789 821;A01;3;7;0;1;1;9;1;
20777;202200013617;789 822;A01;1;7;0;2;3;9;1;
20778;202200013617;789 823;B01;3;1;0;2;1;1;5;
20779;202200013618;789 819;B01;2;1;0;2;2;1;0;
20780;202200013618;789 820;A01;2;7;0;2;3;1;1;
20781;202200013619;789 817;A01;2;2;0;0;7;1;1;
20782;202200013621;789 812;C01;1;7;10;0;4;2;1;
20783;202200013621;789 814;B01;1;7;0;2;4;2;1;
20784;202200013621;789 815;A01;1;10;0;2;1;2;1;
20785;202200013622;789 811;B01;1;1;0;2;4;1;5;
20786;202200013622;789 813;A01;1;7;0;2;1;1;1;
20787;202200013623;789 809;B01;2;80;1;0;1;1;3;
20788;202200013623;789 810;A01;2;10;0;0;3;22;1;
20789;202200013624;789 808;A01;2;7;6;0;1;1;1;
20790;202200013625;789 807;A01;3;7;0;1;1;1;1;
20791;202200013626;789 805;A01;0;31;0;0;0;0;0;
20792;202200013626;789 806;B01;0;7;0;0;0;0;0;
20793;202200013627;789 804;A01;2;7;0;1;2;2;1;
20794;202200013628;789 801;A01;1;32;0;1;1;3;0;
20795;202200013630;789 800;A01;2;7;13;0;1;13;1;
20796;202200013631;789 797;A01;3;7;0;2;6;15;0;
20797;202200013631;789 799;B01;2;32;0;2;2;2;3;
20798;202200013632;789 796;A01;2;7;0;2;1;2;1;
20799;202200013632;789 798;B01;2;7;0;2;4;2;1;
20800;202200013633;789 792;B01;1;7;0;2;1;18;1;
20801;202200013633;789 794;A01;0;30;0;2;1;21;1;
20802;202200013634;789 793;B01;2;7;0;0;8;9;1;
20803;202200013634;789 795;A01;1;7;0;0;1;1;1;
20804;202200013635;789 788;A01;1;34;0;2;1;0;1;
20805;202200013635;789 791;B01;1;7;0;0;5;15;2;
20806;202200013636;789 790;A01;1;7;0;1;1;1;1;
20807;202200013637;789 787;A01;1;2;0;0;5;2;1;
20808;202200013637;789 789;B01;1;7;0;2;1;2;1;
20809;202200013638;789 784;A01;3;7;0;2;8;1;1;
20810;202200013638;789 786;B01;3;50;0;2;0;0;3;
20811;202200013639;789 782;A01;1;10;0;2;6;1;1;
20812;202200013639;789 785;B01;1;7;0;2;1;1;1;
20813;202200013640;789 781;B01;1;7;0;2;1;1;1;
20814;202200013640;789 783;A01;3;7;0;2;3;15;1;
20815;202200013641;789 779;B01;3;7;0;2;8;9;1;
20816;202200013641;789 780;A01;1;33;0;2;8;1;1;
20817;202200013642;789 777;A01;1;7;0;1;2;16;1;
20818;202200013643;789 776;B01;1;2;0;2;8;1;1;
20819;202200013643;789 778;A01;2;7;0;2;8;17;1;
20820;202200013644;789 775;A01;2;2;0;0;0;1;1;
20821;202200013645;789 773;A01;3;33;0;0;0;26;1;
20822;202200013646;789 771;A01;3;33;0;2;7;1;1;
20823;202200013646;789 774;B01;1;7;0;2;1;1;1;
20824;202200013648;789 769;A01;1;31;6;0;2;1;1;
20825;202200013649;789 767;A01;1;7;3;0;2;0;1;
20826;202200013652;789 762;B01;1;7;0;0;5;1;1;
20827;202200013652;789 765;A01;2;10;0;2;1;1;1;
20828;202200013653;789 761;A01;1;2;12;0;0;2;1;
20829;202200013653;789 763;B01;1;7;0;0;0;17;1;
20830;202200013656;789 756;A01;1;7;0;2;1;5;0;
20831;202200013656;789 758;B01;2;7;0;2;1;5;1;
20832;202200013656;789 759;C01;2;7;0;0;0;1;0;
20833;202200013659;789 750;A01;1;21;10;0;2;1;1;
20834;202200013660;789 751;A01;3;43;0;2;1;2;1;
20835;202200013660;789 753;B01;3;33;0;2;4;2;1;
20836;202200013661;789 748;A01;0;7;0;2;2;1;1;
20837;202200013661;789 749;B01;0;2;0;2;1;5;1;
20838;202200013662;789 747;A01;3;7;0;1;1;1;1;
20839;202200013663;789 746;A01;1;7;0;1;1;1;1;
20840;202200013664;789 742;B01;2;30;0;2;4;15;1;
20841;202200013664;789 744;A01;2;7;0;2;2;1;1;
20842;202200013665;789 738;A01;1;10;0;0;3;13;1;
20843;202200013665;789 739;B01;2;10;0;2;2;1;1;
20844;202200013667;789 732;B01;3;7;0;2;1;23;1;
20845;202200013667;789 734;A01;1;31;0;2;0;1;1;
20846;202200013668;789 730;A01;3;2;0;2;2;5;1;
20847;202200013668;789 733;B01;3;7;0;2;2;1;1;
20848;202200013669;789 731;A01;2;7;0;1;7;1;1;
20849;202200013670;789 729;A01;1;7;0;0;1;1;1;
20850;202200013671;789 726;B01;0;1;0;2;1;1;5;
20851;202200013671;789 728;A01;0;7;0;9;6;9;1;
20852;202200013672;789 725;A01;3;7;0;2;3;0;1;
20853;202200013672;789 727;B01;3;50;0;2;0;0;3;
20854;202200013673;789 722;A01;2;7;0;2;1;5;1;
20855;202200013673;789 723;B01;1;10;0;2;1;1;1;
20856;202200013674;789 721;B01;2;7;0;2;3;15;1;
20857;202200013674;789 724;A01;2;2;0;2;2;1;1;
20858;202200013675;789 717;A01;1;33;4;0;2;1;1;
20859;202200013676;789 719;B01;1;30;0;2;1;2;1;
20860;202200013676;789 720;A01;1;10;0;2;4;1;1;
20861;202200013677;789 716;B01;2;7;0;2;3;1;1;
20862;202200013677;789 718;A01;1;33;11;2;2;1;1;
20863;202200013678;789 715;A01;2;2;6;0;1;1;1;
20864;202200013679;789 711;A01;1;33;10;0;3;1;1;
20865;202200013680;789 710;A01;2;7;0;0;2;16;1;
20866;202200013680;789 712;B01;1;7;0;2;1;1;1;
20867;202200013681;789 713;A01;1;7;0;2;4;16;1;
20868;202200013681;789 714;B01;1;1;0;2;1;1;5;
20869;202200013682;789 705;B01;3;7;0;2;1;1;1;
20870;202200013682;789 707;A01;3;7;0;0;7;1;1;
20871;202200013683;789 704;B01;2;7;9;2;3;1;1;
20872;202200013683;789 708;A01;2;7;0;2;3;9;1;
20873;202200013684;789 703;A01;2;7;0;2;1;16;1;
20874;202200013684;789 706;B01;1;10;7;2;2;1;1;
20875;202200013684;789 709;C01;1;10;0;2;3;17;1;
20876;202200013685;789 700;A01;2;7;0;9;2;2;1;
20877;202200013685;789 702;B01;2;1;0;2;0;1;5;
20878;202200013686;789 701;A01;2;7;14;0;1;13;1;
20879;202200013687;789 699;A01;2;33;13;0;3;1;1;
20880;202200013688;789 698;A01;1;7;2;0;1;1;1;
20881;202200013689;789 697;A01;1;32;0;0;7;1;1;
20882;202200013690;789 695;A01;3;7;13;0;9;13;1;
20883;202200013691;789 693;A01;2;7;13;0;1;1;1;
20884;202200013692;789 694;A01;2;32;14;0;1;1;1;
20885;202200013693;789 692;A01;0;33;2;0;1;17;1;
20886;202200013694;789 691;A01;1;7;7;0;1;6;1;
20887;202200013695;789 689;A01;2;7;13;0;2;14;1;
20888;202200013696;789 688;A01;2;7;0;2;1;13;1;
20889;202200013696;789 690;B01;1;7;0;2;1;1;1;
20890;202200013698;789 685;A01;3;7;0;2;7;15;1;
20891;202200013698;789 687;B01;1;7;0;2;1;1;1;
20892;202200013699;789 682;B01;1;7;1;0;7;17;1;
20893;202200013699;789 683;A01;1;10;0;0;6;23;1;
20894;202200013700;789 681;A01;1;7;13;0;8;1;1;
20895;202200013701;789 679;B01;2;7;0;2;8;20;2;
20896;202200013701;789 680;A01;2;2;0;2;1;1;1;
20897;202200013702;789 674;C01;2;7;0;2;8;24;1;
20898;202200013702;789 676;B01;1;7;0;2;3;1;1;
20899;202200013702;789 677;A01;1;7;1;2;3;1;1;
20900;202200013703;789 675;A01;1;7;0;2;4;2;1;
20901;202200013703;789 678;B01;1;7;0;2;1;1;1;
20902;202200013704;789 673;A01;3;7;0;1;2;15;1;
20903;202200013705;789 669;A01;1;32;0;2;4;1;1;
20904;202200013705;789 671;B01;1;7;0;2;1;13;1;
20905;202200013706;789 665;A01;1;7;0;2;2;2;1;
20906;202200013706;789 666;B01;1;1;0;2;4;2;5;
20907;202200013706;789 668;C01;1;1;0;2;4;2;5;
20908;202200013706;789 670;D01;1;1;0;2;4;2;5;
20909;202200013706;789 672;E01;1;1;0;2;4;2;5;
20910;202200013707;789 664;A01;1;33;1;2;1;26;1;
20911;202200013707;789 667;B01;1;7;0;1;8;24;1;
20912;202200013708;789 661;A01;3;7;0;0;3;1;1;
20913;202200013709;789 659;A01;2;10;0;2;4;2;1;
20914;202200013709;789 660;B01;2;7;0;2;4;1;1;
20915;202200013709;789 662;C01;2;7;0;2;4;1;1;
20916;202200013709;789 663;D01;2;10;0;2;1;1;1;
20917;202200013710;789 658;A01;1;7;0;1;4;26;2;
20918;202200013711;789 656;B01;1;7;0;0;3;1;1;
20919;202200013711;789 657;A01;2;7;0;0;3;13;1;
20920;202200013712;789 653;B01;1;1;0;2;4;1;5;
20921;202200013712;789 654;A01;1;7;0;2;1;1;0;
20922;202200013714;789 647;A01;2;99;0;2;2;2;1;
20923;202200013714;789 649;B01;2;7;0;2;4;2;1;
20924;202200013714;789 650;C01;2;7;0;2;4;2;1;
20925;202200013714;789 652;D01;2;7;0;0;4;2;1;
20926;202200013715;789 646;B01;3;33;0;2;8;17;1;
20927;202200013715;789 648;A01;3;7;0;2;7;2;1;
20928;202200013716;789 644;A01;2;3;12;0;1;21;3;
20929;202200013717;789 645;A01;2;7;0;1;7;21;1;
20930;202200013718;789 643;A01;2;7;13;0;9;0;1;
20931;202200013719;789 642;A01;1;7;4;0;1;26;1;
20932;202200013721;789 639;A01;1;30;0;2;1;1;1;
20933;202200013721;789 641;B01;2;7;0;2;3;1;1;
20934;202200013722;789 638;A01;2;7;4;0;3;1;1;
20935;202200013723;789 634;B01;1;7;0;2;6;1;0;
20936;202200013723;789 636;A01;2;2;0;2;1;13;1;
20937;202200013724;789 633;A01;2;7;4;0;3;1;1;
20938;202200013725;789 632;A01;2;7;0;2;1;9;1;
20939;202200013725;789 635;B01;2;1;0;2;8;1;5;
20940;202200013726;789 631;A01;1;33;0;0;8;1;1;
20941;202200013727;789 630;A01;1;1;0;0;0;26;5;
20942;202200013729;789 627;B01;1;7;0;2;8;1;1;
20943;202200013729;789 629;A01;2;7;0;2;3;13;1;
20944;202200013730;789 624;B01;1;7;4;0;4;2;1;
20945;202200013730;789 626;A01;1;7;0;2;1;2;1;
20946;202200013731;789 623;B01;2;7;0;2;4;2;1;
20947;202200013731;789 625;A01;2;7;0;2;1;2;1;
20948;202200013732;789 621;A01;1;7;4;0;8;1;1;
20949;202200013733;789 622;A01;1;7;0;1;1;2;1;
20950;202200013734;789 618;A01;2;7;0;0;9;14;1;
20951;202200013735;789 617;A01;2;7;0;2;1;1;1;
20952;202200013735;789 620;B01;2;15;0;0;4;1;1;
20953;202200013736;789 619;A01;1;30;12;2;7;14;1;
20954;202200013738;789 613;A01;2;7;0;2;4;26;1;
20955;202200013738;789 616;B01;2;7;0;2;4;0;1;
20956;202200013740;789 611;A01;2;7;2;0;1;0;1;
20957;202200013741;789 609;A01;2;7;4;0;2;0;1;
20958;202200013742;789 610;A01;1;7;0;1;2;1;1;
20959;202200013743;789 607;A01;1;7;3;0;1;2;1;
20960;202200013744;789 603;C01;1;7;0;2;4;1;1;
20961;202200013744;789 606;B01;1;7;0;2;4;2;1;
20962;202200013744;789 608;A01;1;10;0;2;1;2;1;
20963;202200013745;789 602;A01;1;7;4;2;1;2;1;
20964;202200013745;789 604;B01;1;7;0;2;3;1;2;
20965;202200013746;789 599;B01;1;10;0;0;3;15;1;
20966;202200013746;789 600;A01;1;31;0;2;2;17;3;
20967;202200013747;789 601;A01;1;7;0;2;1;1;1;
20968;202200013747;789 605;B01;1;7;0;2;4;4;1;
20969;202200013748;789 597;A01;1;7;4;0;1;1;1;
20970;202200013749;789 593;A01;1;32;0;2;1;21;1;
20971;202200013749;789 595;B01;1;7;0;0;6;2;1;
20972;202200013749;789 598;C01;2;7;0;9;1;0;1;
20973;202200013750;789 594;B01;3;1;0;2;6;1;5;
20974;202200013750;789 596;A01;0;7;0;2;2;16;1;
20975;202200013751;789 591;A01;1;7;0;2;1;1;1;
20976;202200013751;789 592;B01;1;7;0;2;4;11;1;