;Num_Acc;id_vehicule;num_veh;senc;catv;obs;obsm;choc;manv;motor;occutc
20977;202200013752;789 589;A01;2;7;0;2;1;1;0;
20978;202200013752;789 590;B01;1;33;0;2;1;13;0;
20979;202200013754;789 584;B01;2;7;0;2;4;0;1;
20980;202200013754;789 587;A01;2;7;0;2;1;0;1;
20981;202200013755;789 585;B01;2;10;0;2;3;1;1;
20982;202200013755;789 588;A01;1;2;0;2;1;26;1;
20983;202200013756;789 581;B01;1;7;0;2;3;1;1;
20984;202200013756;789 583;A01;1;7;0;2;6;2;1;
20985;202200013757;789 582;A01;2;7;0;1;4;4;1;
20986;202200013759;789 578;A01;1;7;2;0;1;2;1;
20987;202200013760;789 573;A01;2;7;0;2;1;1;1;
20988;202200013760;789 576;B01;2;7;0;2;5;2;1;
20989;202200013760;789 577;C01;2;7;1;2;6;1;1;
20990;202200013760;789 579;D01;2;7;1;2;2;1;1;
20991;202200013761;789 572;A01;1;7;0;2;3;19;1;
20992;202200013761;789 575;B01;2;7;0;2;2;15;1;
20993;202200013762;789 571;A01;3;7;7;2;8;9;1;
20994;202200013762;789 574;B01;0;7;0;2;3;1;1;
20995;202200013763;789 569;A01;1;33;6;2;2;3;1;
20996;202200013763;789 570;B01;1;7;0;2;3;17;1;
20997;202200013764;789 568;A01;2;30;0;1;1;1;1;
20998;202200013765;789 566;A01;2;7;0;2;3;15;1;
20999;202200013765;789 567;B01;1;7;0;2;1;1;1;
21000;202200013766;789 561;B01;1;33;0;2;1;0;1;
21001;202200013766;789 564;A01;2;7;0;2;1;17;1;
21002;202200013767;789 560;B01;1;99;0;0;0;0;0;
21003;202200013767;789 562;A01;1;33;0;0;5;1;1;
21004;202200013768;789 559;B01;1;10;0;2;1;2;1;
21005;202200013768;789 563;A01;1;7;0;2;1;2;1;
21006;202200013768;789 565;C01;1;7;0;0;4;1;1;
21007;202200013769;789 558;A01;2;80;0;0;9;1;3;
21008;202200013770;789 555;A01;1;7;0;2;3;15;1;
21009;202200013770;789 557;B01;1;32;0;2;3;1;1;
21010;202200013771;789 554;B01;1;7;0;2;6;1;1;
21011;202200013771;789 556;A01;1;7;0;2;2;17;1;
21012;202200013772;789 552;A01;1;7;0;2;3;1;1;
21013;202200013772;789 553;B01;2;1;0;2;1;13;5;
21014;202200013773;789 548;A01;2;10;0;0;0;17;1;
21015;202200013773;789 551;B01;2;32;0;2;7;17;1;
21016;202200013774;789 547;A01;2;7;0;2;8;11;1;
21017;202200013774;789 549;C01;2;7;0;2;4;1;1;
21018;202200013774;789 550;B01;2;33;0;2;1;3;1;
21019;202200013775;789 546;A01;2;33;1;0;1;13;1;
21020;202200013776;789 543;A01;3;2;8;0;1;1;1;
21021;202200013777;789 541;A01;1;7;0;2;8;11;1;
21022;202200013777;789 544;B01;1;31;0;2;7;3;1;
21023;202200013778;789 542;A01;1;7;0;2;8;15;1;
21024;202200013778;789 545;B01;1;31;0;2;7;17;1;
21025;202200013780;789 536;A01;1;10;0;2;2;0;1;
21026;202200013780;789 538;B01;2;7;0;2;3;1;1;
21027;202200013781;789 535;A01;1;7;0;2;6;11;1;
21028;202200013781;789 537;B01;1;33;0;2;1;3;1;
21029;202200013781;789 540;C01;1;7;0;2;6;1;1;
21030;202200013782;789 533;A01;1;33;0;2;1;3;1;
21031;202200013782;789 534;B01;1;7;0;2;4;1;1;
21032;202200013783;789 532;A01;2;7;13;0;3;1;1;
21033;202200013785;789 528;A01;1;7;0;1;1;16;1;
21034;202200013787;789 525;A01;1;7;0;1;2;0;1;
21035;202200013788;789 526;A01;1;10;0;1;2;17;0;
21036;202200013789;789 522;B01;2;7;0;2;1;1;1;
21037;202200013789;789 524;A01;2;7;0;2;4;23;1;
21038;202200013790;789 521;A01;2;31;0;2;3;13;1;
21039;202200013790;789 523;B01;2;7;0;2;2;1;1;
21040;202200013791;789 520;A01;3;7;0;1;1;1;1;
21041;202200013792;789 516;A01;0;10;0;2;8;9;1;
21042;202200013792;789 518;B01;0;34;0;2;8;1;1;
21043;202200013793;789 517;B01;2;7;0;2;8;15;1;
21044;202200013793;789 519;A01;2;31;0;2;1;17;1;
21045;202200013794;789 514;B01;0;1;0;2;4;1;5;
21046;202200013794;789 515;A01;0;7;0;2;1;1;1;
21047;202200013795;789 510;A01;3;7;0;2;1;2;1;
21048;202200013795;789 512;B01;3;3;0;2;4;2;1;
21049;202200013796;789 511;B01;1;7;0;2;3;1;1;
21050;202200013796;789 513;A01;1;7;0;2;2;14;1;
21051;202200013797;789 508;A01;1;7;0;2;1;1;1;
21052;202200013797;789 509;B01;1;7;0;2;4;1;2;
21053;202200013798;789 506;A01;1;33;0;2;1;17;1;
21054;202200013798;789 507;B01;1;7;0;2;3;10;1;
21055;202200013799;789 504;A01;1;7;0;2;1;13;1;
21056;202200013799;789 505;B01;2;7;0;2;1;1;1;
21057;202200013800;789 501;A01;1;7;0;2;5;26;1;
21058;202200013800;789 503;B01;2;7;0;2;3;21;1;
21059;202200013801;789 499;A01;1;7;0;1;1;26;1;
21060;202200013802;789 500;B01;1;37;0;2;1;7;2;2.0
21061;202200013802;789 502;A01;1;1;0;2;4;14;5;
21062;202200013803;789 496;A01;1;7;0;1;1;17;1;
21063;202200013804;789 495;B01;1;80;0;2;5;13;3;
21064;202200013804;789 497;A01;1;30;1;2;2;17;3;
21065;202200013805;789 492;B01;1;7;0;2;4;24;1;
21066;202200013805;789 494;A01;1;30;0;2;1;13;3;
21067;202200013806;789 493;A01;1;7;6;0;1;26;1;
21068;202200013807;789 490;A01;2;7;8;0;7;0;1;
21069;202200013808;789 488;A01;0;33;1;0;2;17;1;
21070;202200013809;789 489;B01;2;7;0;2;3;15;1;
21071;202200013809;789 491;A01;2;1;0;2;1;1;5;
21072;202200013810;789 483;B01;1;7;0;2;3;1;2;
21073;202200013810;789 485;A01;1;1;0;2;2;1;5;
21074;202200013811;789 482;B01;1;10;0;0;5;2;1;
21075;202200013811;789 484;A01;1;1;0;2;1;2;5;
21076;202200013812;789 481;A01;2;30;0;1;7;1;1;
21077;202200013813;789 479;A01;2;7;0;2;3;1;1;
21078;202200013813;789 480;B01;3;31;0;2;3;16;1;
21079;202200013814;789 478;A01;1;7;8;0;1;0;1;
21080;202200013816;789 472;B01;1;7;0;2;6;15;1;
21081;202200013816;789 473;A01;1;2;0;2;1;17;1;
21082;202200013817;789 474;B01;2;7;0;2;1;15;1;
21083;202200013817;789 476;A01;1;30;0;2;3;1;0;
21084;202200013818;789 471;A01;1;32;13;0;2;15;1;
21085;202200013819;789 470;A01;1;2;0;9;1;21;1;
21086;202200013820;789 468;B01;2;33;3;2;2;18;1;
21087;202200013820;789 469;A01;2;7;0;2;2;16;1;
21088;202200013821;789 467;A01;3;7;0;1;3;16;1;
21089;202200013822;789 464;A01;2;33;0;2;1;21;1;
21090;202200013822;789 466;B01;2;7;0;2;4;1;1;
21091;202200013825;789 460;B01;1;1;0;2;7;1;5;
21092;202200013825;789 461;A01;2;7;0;2;1;9;3;
21093;202200013826;789 455;D01;2;7;0;2;1;2;1;
21094;202200013826;789 456;C01;2;10;0;2;4;1;1;
21095;202200013826;789 457;B01;2;7;0;2;4;1;1;
21096;202200013826;789 458;A01;2;7;4;2;4;1;1;
21097;202200013827;789 452;B01;2;37;0;2;7;1;1;1.0
21098;202200013827;789 453;A01;2;7;0;1;1;5;1;
21099;202200013829;789 451;Z01;3;3;0;1;1;16;1;
21100;202200013830;789 448;A01;1;7;0;2;6;26;1;
21101;202200013830;789 449;B01;1;1;0;2;1;26;5;
21102;202200013831;789 450;A01;1;7;0;1;2;1;1;
21103;202200013832;789 445;A01;2;7;0;2;1;1;1;
21104;202200013832;789 447;B01;2;7;0;2;1;23;1;
21105;202200013833;789 442;A01;2;30;0;2;2;1;1;
21106;202200013833;789 444;B01;2;7;0;2;6;16;1;
21107;202200013834;789 443;A01;2;10;0;2;2;17;0;
21108;202200013834;789 446;B01;1;7;1;0;8;12;1;
21109;202200013835;789 440;B01;1;1;0;2;4;1;5;
21110;202200013835;789 441;A01;1;7;0;2;1;1;1;
21111;202200013836;789 437;A01;2;7;0;2;1;1;1;
21112;202200013836;789 438;B01;1;7;0;2;6;1;2;
21113;202200013837;789 435;B01;1;7;0;2;3;1;1;
21114;202200013837;789 436;A01;2;7;0;2;2;10;1;
21115;202200013838;789 439;A01;1;2;0;1;1;2;0;
21116;202200013839;789 433;A01;1;50;0;2;1;5;3;
21117;202200013839;789 434;B01;1;7;0;2;3;15;1;
21118;202200013840;789 430;A01;2;32;0;2;1;1;1;
21119;202200013840;789 432;B01;2;10;0;2;8;1;1;
21120;202200013841;789 427;A01;1;7;0;2;3;15;1;
21121;202200013841;789 429;B01;2;33;0;2;1;1;1;
21122;202200013842;789 428;A01;2;14;0;2;2;14;1;
21123;202200013842;789 431;B01;2;7;0;2;6;1;1;
21124;202200013843;789 424;A01;2;34;0;2;1;1;1;
21125;202200013843;789 426;B01;1;7;0;2;7;1;1;
21126;202200013844;789 421;B01;1;30;0;2;7;1;1;
21127;202200013844;789 423;A01;2;7;0;2;1;19;1;
21128;202200013845;789 422;B01;1;2;0;2;2;3;1;
21129;202200013845;789 425;A01;0;7;0;2;6;0;0;
21130;202200013846;789 420;A01;0;32;16;0;0;1;1;
21131;202200013847;789 416;A01;1;2;0;2;1;0;1;
21132;202200013847;789 419;B01;2;7;0;2;1;0;1;
21133;202200013848;789 414;D01;1;7;0;2;3;0;1;
21134;202200013848;789 415;C01;1;7;0;2;2;1;1;
21135;202200013848;789 417;B01;1;7;0;2;2;2;1;
21136;202200013848;789 418;A01;1;7;0;0;0;2;1;
21137;202200013849;789 411;A01;3;7;15;2;3;16;1;
21138;202200013849;789 413;B01;3;7;0;2;1;1;1;
21139;202200013850;789 410;A01;1;7;0;2;8;15;1;
21140;202200013850;789 412;B01;1;33;0;2;1;17;1;
21141;202200013851;789 406;A01;1;7;0;2;0;17;0;
21142;202200013851;789 407;B01;1;7;0;2;5;1;1;
21143;202200013851;789 409;C01;1;7;0;2;2;1;1;
21144;202200013852;789 405;B01;3;7;0;2;6;24;1;
21145;202200013852;789 408;A01;2;2;1;0;1;26;3;
21146;202200013853;789 403;A01;3;7;0;2;1;17;1;
21147;202200013853;789 404;B01;3;33;0;2;1;1;1;
21148;202200013854;789 402;A01;1;7;1;0;1;14;1;
21149;202200013855;789 400;A01;2;10;0;2;1;9;1;
21150;202200013855;789 401;B01;2;7;0;2;4;9;1;
21151;202200013857;789 395;A01;0;7;0;2;8;26;0;
21152;202200013857;789 396;B01;0;30;0;2;7;0;0;
21153;202200013858;789 397;B01;2;7;0;2;2;2;1;
21154;202200013858;789 399;A01;1;7;0;2;1;19;1;
21155;202200013859;789 393;A01;2;17;15;0;5;1;1;
21156;202200013860;789 392;A01;1;30;0;2;1;1;1;
21157;202200013860;789 394;B01;3;7;0;2;2;0;1;
21158;202200013861;789 390;[01;0;7;-1;2;8;0;-1;
21159;202200013861;789 391;B01;3;2;0;2;8;26;1;
21160;202200013862;789 388;B01;3;7;0;2;4;1;1;
21161;202200013862;789 389;A01;3;33;0;2;1;1;1;
21162;202200013863;789 386;A01;3;10;0;1;2;1;1;
21163;202200013864;789 385;A01;3;33;0;2;2;1;1;
21164;202200013864;789 387;B01;1;7;0;2;2;15;1;
21165;202200013865;789 383;A01;2;7;0;2;1;2;1;
21166;202200013865;789 384;B01;1;7;0;2;4;2;1;
21167;202200013866;789 380;A01;2;7;0;2;3;13;1;
21168;202200013866;789 381;B01;1;37;0;2;6;23;2;1.0
21169;202200013867;789 378;A01;3;7;0;1;2;1;1;
21170;202200013868;789 377;Z01;0;7;0;1;1;1;0;
21171;202200013872;789 372;A01;1;80;1;0;1;1;3;
21172;202200013873;789 368;B01;2;33;0;2;1;1;1;
21173;202200013873;789 370;A01;1;7;0;2;1;15;1;
21174;202200013874;789 369;A01;2;7;0;2;3;19;1;
21175;202200013874;789 371;B01;1;10;0;2;2;1;1;
21176;202200013875;789 366;A01;1;7;0;2;6;23;2;
21177;202200013875;789 367;B01;1;30;0;2;2;2;3;
21178;202200013876;789 364;A01;2;80;0;1;1;1;3;
21179;202200013877;789 362;A01;2;32;0;2;2;1;1;
21180;202200013877;789 363;B01;2;7;0;2;0;0;1;
21181;202200013878;789 365;A01;2;1;0;0;0;2;5;
21182;202200013879;789 360;B01;2;32;1;2;1;1;1;
21183;202200013879;789 361;A01;2;7;1;2;1;1;1;
21184;202200013880;789 357;A01;1;33;4;2;1;2;1;
21185;202200013880;789 358;B01;1;10;4;0;4;23;1;
21186;202200013881;789 359;A01;1;80;14;0;0;1;3;
21187;202200013882;789 355;A01;0;7;0;2;1;1;1;
21188;202200013882;789 356;B01;0;30;0;2;8;1;1;
21189;202200013885;789 350;B01;1;37;0;2;1;1;1;2.0
21190;202200013885;789 351;A01;2;7;0;2;8;26;1;
21191;202200013886;789 349;A01;1;7;1;0;1;1;1;
21192;202200013888;789 345;A01;2;7;0;2;5;23;1;
21193;202200013888;789 346;B01;2;30;0;2;3;2;1;
21194;202200013889;789 342;B01;2;7;0;2;1;1;1;
21195;202200013889;789 344;A01;3;7;0;2;1;16;1;
21196;202200013890;789 339;B01;1;10;0;2;3;15;1;
21197;202200013890;789 340;A01;1;32;0;2;1;17;1;
21198;202200013891;789 341;B01;1;7;0;2;1;1;1;
21199;202200013891;789 343;A01;1;13;0;2;2;1;1;
21200;202200013892;789 337;B01;1;7;0;2;7;16;1;
21201;202200013892;789 338;A01;-1;33;0;2;1;26;1;
21202;202200013893;789 335;A01;1;7;0;9;3;13;0;
21203;202200013893;789 336;B01;1;1;0;2;7;17;5;
21204;202200013894;789 334;A01;1;7;0;0;9;1;1;
21205;202200013895;789 332;B01;1;7;0;0;4;2;1;
21206;202200013895;789 333;A01;1;7;0;2;1;2;1;
21207;202200013896;789 331;A01;3;7;0;1;4;26;1;
21208;202200013897;789 329;A01;-1;30;0;2;7;1;1;
21209;202200013897;789 330;Z01;-1;10;0;0;0;0;6;
21210;202200013898;789 326;A01;2;7;0;2;1;2;2;
21211;202200013898;789 327;B01;2;33;0;2;4;23;1;
21212;202200013899;789 325;B01;2;7;0;0;0;26;1;
21213;202200013899;789 328;A01;2;7;4;0;9;21;1;
21214;202200013900;789 323;A01;3;7;0;2;3;26;0;
21215;202200013900;789 324;B01;0;33;0;2;5;0;1;
21216;202200013901;789 318;B01;2;7;0;0;6;15;1;
21217;202200013901;789 320;A01;2;33;0;2;1;17;1;
21218;202200013902;789 314;A01;1;7;0;2;1;2;1;
21219;202200013902;789 315;B01;1;7;0;0;4;2;1;
21220;202200013902;789 316;C01;1;7;0;2;2;17;1;
21221;202200013902;789 317;D01;1;7;3;2;6;13;1;
21222;202200013902;789 319;E01;1;7;0;2;1;2;1;
21223;202200013902;789 321;F01;1;7;0;0;4;23;1;
21224;202200013902;789 322;G01;1;7;0;2;1;2;1;
21225;202200013903;789 311;A01;1;2;0;2;1;15;1;
21226;202200013903;789 312;B01;2;7;0;2;1;1;1;
21227;202200013904;789 310;A01;3;7;0;1;2;2;1;
21228;202200013905;789 309;B01;1;1;0;2;8;15;5;
21229;202200013905;789 313;A01;1;7;0;2;2;15;1;
21230;202200013906;789 307;A01;1;1;0;2;1;13;5;
21231;202200013906;789 308;B01;2;7;0;9;3;1;1;
21232;202200013907;789 306;A01;1;7;0;1;2;1;1;
21233;202200013908;789 305;A01;1;7;0;1;1;1;1;
21234;202200013909;789 304;A01;0;7;0;1;1;1;1;
21235;202200013910;789 302;A01;2;7;13;0;1;1;1;
21236;202200013911;789 299;A01;1;7;0;2;3;9;1;
21237;202200013911;789 300;B01;2;1;0;2;1;21;5;
21238;202200013912;789 301;A01;2;3;0;2;3;5;1;
21239;202200013912;789 303;B01;1;7;0;2;3;1;1;
21240;202200013913;789 297;A01;1;7;0;2;1;1;1;
21241;202200013913;789 298;B01;1;7;0;0;4;15;1;
21242;202200013914;789 294;A01;1;7;0;2;1;13;1;
21243;202200013914;789 295;B01;2;7;0;2;3;1;1;
21244;202200013915;789 293;A01;1;7;2;0;1;1;1;
21245;202200013916;789 292;A01;2;7;0;0;1;0;1;
21246;202200013917;789 290;B01;1;7;0;2;1;1;1;
21247;202200013917;789 296;A01;2;3;0;2;3;16;1;
21248;202200013919;789 287;A01;1;7;2;0;1;1;1;
21249;202200013920;789 288;A01;2;7;13;0;1;13;1;
21250;202200013921;789 286;A01;1;33;0;1;8;1;1;
21251;202200013922;789 285;A01;2;7;0;1;1;0;1;
21252;202200013924;789 282;A01;2;33;0;0;2;0;1;
21253;202200013926;789 281;A01;2;7;2;0;3;13;1;
21254;202200013927;789 278;A01;1;7;0;2;1;2;1;
21255;202200013927;789 279;B01;1;1;0;2;4;2;5;
21256;202200013928;789 276;B01;1;1;0;2;1;1;5;
21257;202200013928;789 277;A01;2;13;0;2;3;15;1;
21258;202200013929;789 274;B01;1;2;0;2;7;1;1;
21259;202200013929;789 275;A01;1;7;0;2;1;19;1;
21260;202200013930;789 273;A01;2;7;13;0;1;13;1;
21261;202200013931;789 272;A01;3;7;9;1;3;1;1;
21262;202200013932;789 271;A01;2;7;1;0;1;13;2;
21263;202200013933;789 270;A01;0;7;0;1;2;1;1;
21264;202200013934;789 269;A01;2;7;2;0;1;16;1;
21265;202200013935;789 267;A01;2;7;0;1;3;1;1;
21266;202200013936;789 266;A01;0;7;0;2;3;15;3;
21267;202200013936;789 268;B01;1;33;0;2;1;1;1;
21268;202200013937;789 265;A01;2;7;3;0;1;1;1;
21269;202200013938;789 262;B01;3;7;0;2;1;23;3;
21270;202200013938;789 264;A01;3;15;1;0;5;26;1;
21271;202200013939;789 261;A01;2;10;0;9;1;1;1;
21272;202200013939;789 263;B01;1;1;0;2;1;1;5;
21273;202200013940;789 260;A01;2;10;8;0;1;1;1;
21274;202200013941;789 258;A01;0;2;0;2;1;1;1;
21275;202200013941;789 259;B01;0;10;0;2;4;23;1;
21276;202200013942;789 256;B01;1;7;0;2;1;1;1;
21277;202200013942;789 257;A01;2;7;0;2;2;13;1;
21278;202200013945;789 252;B01;3;1;0;2;8;2;5;
21279;202200013945;789 253;A01;3;7;0;2;7;13;1;
21280;202200013946;789 250;A01;1;80;0;2;1;1;3;
21281;202200013946;789 251;B01;2;7;0;9;2;9;1;
21282;202200013947;789 249;A01;2;36;6;0;1;1;0;
21283;202200013948;789 246;B01;1;10;0;0;6;1;1;
21284;202200013948;789 247;A01;1;33;0;2;1;1;1;
21285;202200013949;789 245;A01;1;33;6;0;8;0;1;
21286;202200013950;789 244;A01;1;17;0;2;5;24;1;
21287;202200013950;789 248;B01;1;7;1;0;1;1;1;
21288;202200013951;789 242;B01;3;7;0;2;1;1;1;
21289;202200013951;789 243;A01;3;2;0;2;1;13;1;
21290;202200013952;789 239;A01;1;7;14;9;1;1;6;
21291;202200013953;789 237;B01;2;7;0;2;6;11;1;
21292;202200013953;789 241;A01;2;33;0;2;2;1;1;
21293;202200013954;789 234;A01;1;7;0;2;6;21;3;
21294;202200013954;789 235;B01;1;7;4;2;4;1;1;
21295;202200013954;789 236;C01;1;7;4;2;4;0;1;
21296;202200013954;789 238;D01;1;10;0;2;4;2;1;
21297;202200013954;789 240;E01;1;10;0;2;1;0;1;
21298;202200013955;789 232;A01;2;7;13;0;3;13;1;
21299;202200013956;789 230;A01;0;7;0;2;1;1;1;
21300;202200013956;789 233;B01;0;7;15;0;3;1;1;
21301;202200013957;789 227;A01;1;7;0;2;1;2;2;
21302;202200013957;789 228;B01;1;7;0;2;4;2;1;
21303;202200013957;789 229;C01;1;10;0;2;1;2;1;
21304;202200013957;789 231;D01;1;7;0;2;1;2;1;
21305;202200013959;789 222;A01;1;7;0;0;4;26;1;
21306;202200013960;789 219;B01;2;32;0;2;7;3;1;
21307;202200013960;789 221;A01;2;33;0;2;8;11;1;
21308;202200013961;789 220;A01;1;33;0;6;1;1;1;
21309;202200013962;789 217;A01;1;33;0;2;7;3;1;
21310;202200013962;789 218;B01;1;7;0;2;8;17;1;
21311;202200013963;789 216;A01;0;7;0;1;2;1;1;
21312;202200013964;789 215;A01;1;80;0;1;5;2;3;
21313;202200013966;789 211;B01;1;33;0;2;1;19;1;
21314;202200013966;789 212;A01;2;15;0;2;2;19;1;
21315;202200013967;789 209;B01;1;7;0;2;3;1;1;
21316;202200013967;789 213;A01;1;7;0;2;3;15;1;
21317;202200013968;789 210;A01;2;10;3;0;7;14;1;
21318;202200013969;789 207;Z01;2;31;0;2;1;0;0;
21319;202200013969;789 208;A01;1;50;0;2;1;0;3;
21320;202200013970;789 204;A01;1;7;0;2;1;9;1;
21321;202200013970;789 206;B01;1;37;0;2;7;1;1;1.0
21322;202200013971;789 203;B01;2;17;0;0;6;1;1;
21323;202200013971;789 205;A01;2;7;0;2;2;3;1;
21324;202200013972;789 202;Z01;3;0;0;1;0;1;0;
21325;202200013974;789 198;B01;3;7;0;2;3;1;1;
21326;202200013974;789 200;A01;3;32;0;2;1;0;1;
21327;202200013975;789 197;A01;2;7;0;0;0;0;1;
21328;202200013977;789 191;A01;3;7;0;2;8;9;1;
21329;202200013977;789 193;B01;3;37;0;2;3;1;1;3.0
21330;202200013978;789 192;A01;1;37;0;1;2;14;1;1.0
21331;202200013979;789 189;B01;1;7;16;0;6;11;1;
21332;202200013979;789 190;A01;1;7;0;2;2;17;1;
21333;202200013980;789 186;B01;1;1;14;2;4;2;5;
21334;202200013980;789 188;A01;1;7;0;9;1;2;1;
21335;202200013981;789 185;A01;1;7;0;2;3;26;3;
21336;202200013981;789 187;B01;2;50;0;2;0;6;3;
21337;202200013982;789 183;A01;3;99;0;0;0;2;6;
21338;202200013983;789 180;A01;1;31;5;0;1;13;1;
21339;202200013984;789 179;A01;2;7;0;2;2;7;2;
21340;202200013984;789 182;B01;2;7;0;2;3;9;1;
21341;202200013985;789 181;A01;1;7;0;1;2;15;1;
21342;202200013986;789 174;A01;2;30;0;2;7;17;1;
21343;202200013986;789 177;B01;1;7;0;2;8;19;1;
21344;202200013987;789 175;B01;1;33;0;2;1;1;1;
21345;202200013987;789 178;A01;0;7;0;2;2;19;1;
21346;202200013988;789 173;B01;2;10;0;2;1;1;1;
21347;202200013988;789 176;A01;2;7;0;2;3;15;1;
21348;202200013989;789 171;A01;0;7;0;1;1;1;0;
21349;202200013990;789 168;A01;1;1;0;0;0;0;5;
21350;202200013991;789 167;C01;2;10;0;2;4;23;1;
21351;202200013991;789 169;B01;2;7;0;2;6;23;1;
21352;202200013991;789 172;A01;2;7;0;2;2;17;1;
21353;202200013992;789 165;A01;3;7;0;2;1;11;1;
21354;202200013992;789 166;B01;3;3;0;2;3;1;1;
21355;202200013992;789 170;C01;3;15;0;2;3;1;1;
21356;202200013994;789 160;A01;0;50;1;2;8;19;3;
21357;202200013994;789 163;B01;0;7;1;2;1;1;1;
21358;202200013995;789 159;A01;1;7;13;0;1;1;2;
21359;202200013996;789 158;A01;1;7;0;1;1;26;1;
21360;202200013997;789 155;A01;2;14;0;2;7;0;1;
21361;202200013997;789 157;B01;2;7;0;2;8;0;1;
21362;202200013998;789 156;Z01;0;7;0;1;2;16;1;
21363;202200013999;789 153;A01;1;7;0;1;3;1;1;
21364;202200014001;789 149;A01;1;7;4;0;2;1;1;
21365;202200014002;789 150;A01;1;7;0;1;1;1;1;
21366;202200014003;789 148;B01;1;2;0;2;8;1;1;
21367;202200014003;789 151;A01;1;2;0;2;7;14;0;
21368;202200014004;789 147;A01;1;7;0;1;1;1;1;
21369;202200014005;789 144;A01;1;7;0;2;2;1;1;
21370;202200014005;789 146;B01;2;7;0;2;3;1;3;
21371;202200014006;789 143;A01;1;7;0;2;3;15;1;
21372;202200014006;789 145;B01;2;1;0;2;1;1;5;
21373;202200014007;789 141;A01;2;33;0;2;2;15;1;
21374;202200014007;789 142;B01;1;32;0;2;1;1;0;
21375;202200014008;789 139;B01;2;7;0;2;4;2;1;
21376;202200014008;789 140;A01;2;33;0;2;1;2;1;
21377;202200014009;789 136;B01;3;50;0;2;1;25;3;
21378;202200014009;789 138;A01;3;10;0;2;1;16;1;
21379;202200014010;789 133;A01;1;7;0;2;1;2;1;
21380;202200014010;789 135;B01;1;7;0;2;4;2;1;
21381;202200014010;789 137;C01;1;7;0;2;4;2;1;
21382;202200014011;789 128;Z01;1;10;0;2;0;0;0;
21383;202200014011;789 131;B01;1;7;0;2;6;11;1;
21384;202200014011;789 134;A01;1;7;0;2;7;1;1;
21385;202200014012;789 129;A01;1;7;0;0;1;1;1;
21386;202200014012;789 132;B01;2;1;0;2;1;15;5;
21387;202200014013;789 127;A01;3;7;0;2;3;26;1;
21388;202200014013;789 130;B01;3;33;0;2;3;1;1;
21389;202200014014;789 126;A01;2;7;0;0;1;13;1;
21390;202200014015;789 123;A01;3;30;0;2;1;0;1;
21391;202200014015;789 125;B01;3;7;0;2;3;15;1;
21392;202200014016;789 122;B01;1;7;0;2;4;2;1;
21393;202200014016;789 124;A01;1;31;0;2;4;2;1;
21394;202200014017;789 118;C01;1;7;0;2;4;2;1;
21395;202200014017;789 119;B01;1;7;0;2;1;2;1;
21396;202200014017;789 121;A01;1;7;0;2;1;2;1;
21397;202200014018;789 117;A01;2;32;0;2;2;2;1;
21398;202200014018;789 120;B01;2;7;0;2;6;0;2;
21399;202200014019;789 111;B01;2;43;0;2;1;1;1;
21400;202200014019;789 114;A01;2;7;0;2;1;1;1;
21401;202200014020;789 112;A01;2;7;0;2;1;2;1;
21402;202200014020;789 113;B01;2;7;0;2;4;2;1;
21403;202200014020;789 116;C01;2;7;0;2;4;2;1;
21404;202200014021;789 109;A01;2;7;0;2;1;1;1;
21405;202200014021;789 110;B01;2;7;0;2;4;0;1;
21406;202200014021;789 115;C01;2;7;0;2;4;1;1;
21407;202200014022;789 107;B01;2;7;0;2;4;23;1;
21408;202200014022;789 108;A01;2;7;0;2;1;2;1;
21409;202200014023;789 104;B01;1;7;0;2;4;2;1;
21410;202200014023;789 105;A01;1;7;0;2;1;2;1;
21411;202200014024;789 103;B01;1;7;0;2;8;1;1;
21412;202200014024;789 106;A01;1;7;0;2;1;1;1;
21413;202200014025;789 101;A01;1;7;3;0;2;14;1;
21414;202200014026;789 100;A01;1;7;0;0;2;2;1;
21415;202200014026;789 102;B01;1;1;1;0;4;2;5;
21416;202200014028;789 093;A01;2;7;6;0;2;1;1;
21417;202200014029;789 089;A01;2;7;13;0;2;1;1;
21418;202200014030;789 088;A01;2;7;0;1;3;1;1;
21419;202200014032;789 084;B01;1;1;0;2;3;1;5;
21420;202200014032;789 086;A01;1;7;0;2;1;15;1;
21421;202200014033;789 083;A01;1;7;0;2;1;1;1;
21422;202200014033;789 087;B01;1;7;0;2;7;15;2;
21423;202200014034;789 077;C01;1;7;4;2;5;1;1;
21424;202200014034;789 080;B01;1;7;0;2;8;1;1;
21425;202200014034;789 082;A01;1;7;4;2;3;12;1;
21426;202200014035;789 076;A01;2;7;0;2;1;1;1;
21427;202200014035;789 079;B01;3;7;0;2;2;26;1;
21428;202200014036;789 075;A01;3;7;0;2;1;2;1;
21429;202200014036;789 078;C01;3;7;0;0;4;23;1;
21430;202200014036;789 081;B01;3;7;0;2;4;23;1;
21431;202200014037;789 072;A01;3;7;0;1;1;15;1;
21432;202200014038;789 071;B01;1;7;0;0;3;15;1;
21433;202200014038;789 073;A01;1;2;0;2;1;17;1;
21434;202200014039;789 069;A01;1;7;13;0;1;1;1;
21435;202200014041;789 063;A01;3;7;12;0;1;26;1;
21436;202200014042;789 062;A01;1;7;16;0;3;23;1;