;Num_Acc;id_vehicule;num_veh;senc;catv;obs;obsm;choc;manv;motor;occutc
21437;202200014042;789 065;B01;2;33;16;2;8;1;1;
21438;202200014043;789 061;A01;0;1;0;2;1;16;5;
21439;202200014043;789 064;B01;0;10;0;2;3;1;1;
21440;202200014044;789 059;A01;1;7;14;0;1;2;1;
21441;202200014045;789 058;B01;3;7;0;2;5;0;1;
21442;202200014045;789 060;A01;1;30;1;2;1;1;1;
21443;202200014046;789 055;WX01;0;7;0;1;2;26;1;
21444;202200014046;789 057;A01;0;7;0;2;1;1;0;
21445;202200014047;789 053;A01;3;7;0;2;8;19;1;
21446;202200014047;789 056;B01;3;33;0;2;1;1;1;
21447;202200014048;789 052;A01;2;7;0;2;3;15;1;
21448;202200014048;789 054;B01;2;7;0;2;2;1;1;
21449;202200014049;789 049;A01;0;10;0;2;1;0;6;
21450;202200014049;789 051;B01;0;7;0;2;1;26;0;
21451;202200014050;789 047;A01;3;33;0;2;3;9;1;
21452;202200014050;789 050;B01;0;7;1;0;3;0;0;
21453;202200014051;789 048;A01;1;33;0;0;8;15;1;
21454;202200014052;789 046;A01;1;7;9;0;1;1;1;
21455;202200014053;789 041;A01;1;7;9;2;7;1;2;
21456;202200014053;789 044;B01;1;7;9;2;1;1;1;
21457;202200014054;789 042;A01;1;7;0;2;1;1;2;
21458;202200014054;789 043;B01;2;10;0;2;8;9;1;
21459;202200014055;789 037;A01;1;1;0;2;1;19;5;
21460;202200014055;789 038;B01;2;7;0;2;7;1;1;
21461;202200014056;789 035;A01;1;2;0;1;1;1;1;
21462;202200014057;789 034;A01;1;2;12;0;2;14;1;
21463;202200014058;789 033;B01;2;7;0;2;2;1;1;
21464;202200014058;789 036;A01;1;2;0;2;1;26;1;
21465;202200014059;789 030;B01;2;30;0;2;4;2;1;
21466;202200014059;789 032;A01;2;30;0;2;1;2;1;
21467;202200014060;789 028;Z01;2;32;0;1;0;16;0;
21468;202200014061;789 029;B01;2;1;0;2;0;19;5;
21469;202200014061;789 031;A01;1;7;0;2;4;4;1;
21470;202200014062;789 023;A01;2;30;0;2;8;18;1;
21471;202200014062;789 027;B01;2;7;0;9;2;9;1;
21472;202200014063;789 022;A01;3;7;0;2;1;1;1;
21473;202200014063;789 024;B01;3;7;0;2;4;1;1;
21474;202200014063;789 026;C01;3;7;0;2;4;1;1;
21475;202200014064;789 021;A01;2;7;0;2;7;15;1;
21476;202200014064;789 025;B01;1;33;0;2;1;1;1;
21477;202200014065;789 017;A01;1;33;12;0;1;1;1;
21478;202200014066;789 019;A01;3;30;0;2;7;1;1;
21479;202200014066;789 020;B01;1;7;0;2;3;11;1;
21480;202200014067;789 016;A01;3;10;0;2;8;9;1;
21481;202200014067;789 018;B01;3;33;0;2;1;1;0;
21482;202200014068;789 015;A01;3;30;0;0;0;0;1;
21483;202200014069;789 013;B01;3;10;1;0;4;2;1;
21484;202200014069;789 014;A01;1;33;1;0;4;9;1;
21485;202200014070;789 011;Z01;3;7;0;1;1;1;1;
21486;202200014071;789 009;B01;3;7;0;2;7;2;1;
21487;202200014071;789 012;A01;1;7;0;2;1;9;1;
21488;202200014072;789 007;A01;2;7;0;2;6;9;3;
21489;202200014072;789 010;B01;2;33;0;2;1;0;1;
21490;202200014073;789 006;B01;2;10;0;2;3;0;1;
21491;202200014073;789 008;A01;3;30;0;2;3;17;1;
21492;202200014074;789 003;A01;1;7;0;2;2;15;1;
21493;202200014074;789 005;B01;2;32;0;2;1;1;1;
21494;202200014075;789 000;B01;1;7;0;2;3;1;1;
21495;202200014075;789 001;A01;2;7;0;2;3;13;1;
21496;202200014076;789 002;B01;1;7;0;2;6;1;1;
21497;202200014076;789 004;A01;2;30;0;2;1;13;1;
21498;202200014077;788 998;Z01;3;3;0;2;3;1;0;
21499;202200014077;788 999;A01;3;3;0;2;3;1;0;
21500;202200014078;788 996;B01;3;33;12;2;1;1;1;
21501;202200014078;788 997;A01;3;7;12;2;2;15;1;
21502;202200014079;788 995;A01;1;37;0;1;2;16;0;1.0
21503;202200014080;788 993;A01;2;7;0;2;1;15;1;
21504;202200014080;788 994;B01;1;7;0;2;1;1;1;
21505;202200014082;788 991;A01;3;99;3;5;1;14;1;
21506;202200014083;788 988;A01;1;7;0;2;6;19;1;
21507;202200014083;788 989;B01;2;7;0;2;1;0;1;
21508;202200014084;788 986;A01;1;30;5;0;3;13;1;
21509;202200014085;788 983;C01;3;33;0;2;3;2;1;
21510;202200014085;788 985;B01;3;7;0;2;3;1;1;
21511;202200014085;788 987;A01;3;7;0;2;3;17;1;
21512;202200014086;788 982;A01;2;7;0;2;7;1;1;
21513;202200014086;788 984;B01;1;50;0;2;2;1;3;
21514;202200014087;788 981;A01;3;1;0;1;9;21;5;
21515;202200014088;788 977;A01;1;7;0;1;1;23;1;
21516;202200014088;788 979;B01;1;7;0;2;1;2;1;
21517;202200014089;788 976;B01;1;7;0;2;4;23;3;
21518;202200014089;788 978;A01;1;7;0;2;1;2;1;
21519;202200014090;788 973;A01;1;7;0;2;1;17;1;
21520;202200014090;788 975;B01;2;7;0;2;1;1;1;
21521;202200014091;788 972;A01;1;7;0;2;1;14;3;
21522;202200014091;788 974;B01;1;1;0;2;4;1;5;
21523;202200014092;788 970;A01;3;7;8;0;9;1;1;
21524;202200014093;788 969;A01;1;33;0;2;1;1;1;
21525;202200014093;788 971;B01;2;1;0;2;7;19;5;
21526;202200014094;788 967;B01;1;30;0;2;1;2;3;
21527;202200014094;788 968;A01;1;7;0;2;5;4;2;
21528;202200014095;788 965;A01;0;7;0;1;1;9;1;
21529;202200014096;788 962;A01;1;7;0;2;1;2;1;
21530;202200014096;788 964;B01;1;7;0;2;4;2;1;
21531;202200014096;788 966;C01;1;7;0;2;4;2;2;
21532;202200014098;788 956;A01;0;7;8;0;1;13;1;
21533;202200014099;788 954;B01;3;7;0;0;0;0;1;
21534;202200014099;788 957;A01;3;1;0;2;0;21;5;
21535;202200014100;788 953;B01;1;7;0;2;5;23;1;
21536;202200014100;788 955;A01;1;7;0;2;3;21;1;
21537;202200014100;788 958;C01;1;7;0;2;1;2;1;
21538;202200014101;788 949;B01;1;50;0;2;0;1;3;
21539;202200014101;788 951;A01;1;7;0;2;8;1;1;
21540;202200014102;788 952;A01;2;80;0;0;1;1;3;
21541;202200014103;788 948;B01;2;32;0;2;1;1;1;
21542;202200014103;788 950;A01;2;10;0;2;3;15;1;
21543;202200014104;788 945;B01;1;7;0;2;4;2;1;
21544;202200014104;788 947;A01;1;7;0;2;1;2;1;
21545;202200014105;788 943;A01;1;1;0;1;2;1;5;
21546;202200014106;788 944;B01;1;1;0;2;4;2;5;
21547;202200014106;788 946;A01;1;1;0;2;1;2;5;
21548;202200014107;788 941;B01;0;7;0;2;3;15;1;
21549;202200014107;788 942;A01;0;33;0;2;7;17;1;
21550;202200014108;788 939;A01;1;34;0;2;1;1;1;
21551;202200014108;788 940;B01;3;1;0;2;8;1;5;
21552;202200014109;788 937;A01;1;7;0;2;8;9;1;
21553;202200014109;788 938;B01;1;33;0;2;7;1;1;
21554;202200014110;788 936;A01;1;7;0;1;2;1;1;
21555;202200014111;788 934;A01;1;7;0;2;6;19;1;
21556;202200014111;788 935;B01;2;2;0;2;1;1;1;
21557;202200014112;788 932;A01;1;32;0;2;1;1;1;
21558;202200014112;788 933;B01;2;10;0;2;8;1;1;
21559;202200014113;788 930;A01;2;31;12;0;0;26;1;
21560;202200014113;788 931;B01;1;7;0;0;2;26;1;
21561;202200014114;788 927;B01;2;7;0;2;4;23;2;
21562;202200014114;788 929;A01;2;7;0;2;4;2;1;
21563;202200014115;788 926;A01;1;32;0;2;5;26;1;
21564;202200014115;788 928;B01;1;7;0;2;3;15;1;
21565;202200014116;788 923;B01;1;2;0;2;8;1;1;
21566;202200014116;788 925;A01;2;7;0;2;3;15;1;
21567;202200014117;788 922;B01;2;2;0;2;7;1;1;
21568;202200014117;788 924;A01;2;7;0;2;1;15;1;
21569;202200014118;788 921;A01;3;7;0;1;3;12;2;
21570;202200014119;788 919;A01;1;7;0;2;1;2;1;
21571;202200014119;788 920;B01;1;7;0;2;4;2;1;
21572;202200014120;788 918;A01;0;7;0;1;1;1;3;
21573;202200014121;788 917;A01;1;31;0;1;1;1;1;
21574;202200014122;788 915;A01;0;7;0;2;1;9;1;
21575;202200014122;788 916;B01;1;1;0;2;0;1;5;
21576;202200014123;788 913;A01;2;7;0;2;1;16;1;
21577;202200014123;788 914;B01;1;1;0;2;7;1;5;
21578;202200014124;788 911;A01;1;7;0;2;1;13;1;
21579;202200014124;788 912;B01;2;7;0;2;1;1;1;
21580;202200014125;788 910;A01;1;1;8;0;7;25;5;
21581;202200014126;788 908;B01;3;7;0;2;1;15;1;
21582;202200014126;788 909;A01;2;33;0;2;0;0;1;
21583;202200014127;788 906;A01;1;1;0;2;1;2;5;
21584;202200014127;788 907;B01;1;1;0;2;4;2;5;
21585;202200014128;788 904;B01;0;7;0;2;3;13;1;
21586;202200014128;788 905;A01;0;7;0;2;3;1;1;
21587;202200014130;788 900;B01;2;7;0;2;8;1;1;
21588;202200014130;788 902;A01;1;7;0;2;1;15;1;
21589;202200014131;788 899;A01;0;1;0;0;0;5;5;
21590;202200014132;788 898;A01;3;7;0;1;4;26;1;
21591;202200014133;788 897;A01;2;7;0;1;1;1;1;
21592;202200014134;788 895;B01;1;7;0;2;1;1;1;
21593;202200014134;788 896;A01;1;31;0;2;0;1;1;
21594;202200014135;788 894;A01;1;7;0;1;2;19;1;
21595;202200014136;788 891;B01;1;2;0;2;2;17;1;
21596;202200014136;788 892;A01;1;7;0;2;0;0;1;
21597;202200014137;788 890;B01;3;32;0;2;1;1;1;
21598;202200014137;788 893;A01;3;7;0;2;5;15;1;
21599;202200014139;788 886;A01;0;7;0;2;1;1;1;
21600;202200014139;788 888;B01;0;33;0;2;3;1;1;
21601;202200014140;788 884;A01;1;7;6;0;0;26;1;
21602;202200014142;788 881;A01;1;31;0;0;3;18;1;
21603;202200014143;788 880;A01;1;33;0;2;0;1;1;
21604;202200014143;788 882;B01;2;7;0;0;0;15;1;
21605;202200014144;788 877;Y01;0;50;9;2;1;19;3;
21606;202200014144;788 879;A01;0;7;0;2;1;0;1;
21607;202200014145;788 873;B01;3;10;1;0;6;14;1;
21608;202200014145;788 875;A01;3;7;1;0;2;14;1;
21609;202200014146;788 874;A01;3;7;0;1;3;1;1;
21610;202200014147;788 872;A01;1;31;8;0;9;1;1;
21611;202200014148;788 870;A01;0;7;0;2;0;0;1;
21612;202200014148;788 871;B01;0;33;0;2;0;0;1;
21613;202200014149;788 868;B01;0;7;0;2;3;1;1;
21614;202200014149;788 869;C01;0;7;-1;2;-1;0;-1;
21615;202200014150;788 867;A01;1;43;0;1;1;1;1;
21616;202200014151;788 865;A01;3;10;0;2;1;19;1;
21617;202200014151;788 866;B01;1;1;0;2;8;19;5;
21618;202200014152;788 864;A01;1;7;0;1;3;1;1;
21619;202200014153;788 863;A01;1;7;0;1;8;1;1;
21620;202200014155;788 860;A01;2;7;0;2;3;15;1;
21621;202200014155;788 861;B01;1;34;0;2;3;1;1;
21622;202200014156;788 859;A01;1;31;0;0;7;1;1;
21623;202200014157;788 856;A01;1;7;0;2;1;1;1;
21624;202200014157;788 858;B01;1;7;0;2;4;1;1;
21625;202200014158;788 855;B01;3;7;0;2;3;19;0;
21626;202200014158;788 857;A01;3;7;0;2;1;26;1;
21627;202200014159;788 853;A01;2;30;0;2;8;1;3;
21628;202200014159;788 854;B01;1;7;0;2;1;1;2;
21629;202200014161;788 851;A01;1;43;0;1;1;1;1;
21630;202200014162;788 847;A01;2;7;0;2;2;1;1;
21631;202200014162;788 849;B01;3;31;0;2;1;9;1;
21632;202200014163;788 848;A01;1;7;0;1;4;4;2;
21633;202200014164;788 844;B01;2;32;0;2;2;1;1;
21634;202200014164;788 846;A01;2;7;0;2;3;10;1;
21635;202200014165;788 843;B01;2;10;0;2;7;15;1;
21636;202200014165;788 845;A01;2;80;0;2;1;1;3;
21637;202200014166;788 841;A01;1;32;0;2;1;1;1;
21638;202200014166;788 842;B01;1;10;0;2;4;1;1;
21639;202200014167;788 840;A01;1;7;0;1;1;1;2;
21640;202200014168;788 838;A01;2;33;0;0;7;16;1;
21641;202200014169;788 837;B01;3;1;0;2;1;1;5;
21642;202200014169;788 839;A01;3;7;0;2;4;1;1;
21643;202200014170;788 834;B01;3;2;0;2;4;23;1;
21644;202200014170;788 836;A01;3;7;0;2;1;1;1;
21645;202200014171;788 833;B01;2;7;0;2;3;1;1;
21646;202200014171;788 835;A01;2;2;0;2;1;1;1;
21647;202200014172;788 832;A01;1;7;0;1;4;20;2;
21648;202200014173;788 830;B01;2;50;0;2;1;1;3;
21649;202200014173;788 831;A01;3;7;0;2;8;22;1;
21650;202200014174;788 828;B01;1;7;0;2;1;1;1;
21651;202200014174;788 829;A01;1;7;0;2;8;19;1;
21652;202200014175;788 826;B01;2;2;0;2;8;1;1;
21653;202200014175;788 827;A01;2;7;0;2;1;10;1;
21654;202200014176;788 825;A01;3;13;0;1;5;26;1;
21655;202200014177;788 823;A01;3;10;0;2;1;15;2;
21656;202200014177;788 824;B01;3;33;0;2;1;1;1;
21657;202200014178;788 819;A01;2;7;1;0;2;14;2;
21658;202200014179;788 820;A01;1;7;0;2;3;1;1;
21659;202200014179;788 821;B01;2;2;0;2;1;13;1;
21660;202200014179;788 822;C01;2;15;0;2;8;1;1;
21661;202200014180;788 816;B01;1;43;0;2;1;1;1;
21662;202200014180;788 818;A01;1;1;0;2;8;15;5;
21663;202200014181;788 815;A01;2;7;0;2;2;1;1;
21664;202200014181;788 817;B01;2;21;0;2;4;1;1;
21665;202200014182;788 813;A01;2;33;0;6;1;1;1;
21666;202200014183;788 812;B01;2;1;0;2;1;1;5;
21667;202200014183;788 814;A01;2;10;0;2;7;16;1;
21668;202200014184;788 811;A01;1;33;0;0;9;13;1;
21669;202200014185;788 810;A01;2;10;0;1;1;15;1;
21670;202200014187;788 808;A01;1;7;0;1;2;4;2;
21671;202200014188;788 805;B01;2;7;0;2;2;13;1;
21672;202200014188;788 807;A01;1;10;0;2;2;1;1;
21673;202200014189;788 804;B01;1;2;0;2;5;17;3;
21674;202200014189;788 806;A01;1;7;0;2;1;11;1;
21675;202200014190;788 800;B01;2;7;0;2;3;1;1;
21676;202200014190;788 803;A01;1;21;0;2;1;13;1;
21677;202200014191;788 801;Z01;3;30;0;2;0;17;0;
21678;202200014191;788 802;A01;3;30;0;2;7;1;1;
21679;202200014192;788 796;A01;1;7;0;1;4;4;1;
21680;202200014193;788 797;C01;2;38;0;0;6;1;1;1.0
21681;202200014193;788 798;B01;1;10;0;0;3;1;1;
21682;202200014193;788 799;A01;2;2;0;2;3;17;1;
21683;202200014194;788 794;A01;3;7;0;0;0;1;1;
21684;202200014195;788 793;A01;1;1;0;2;2;15;5;
21685;202200014195;788 795;B01;1;1;0;2;1;1;5;
21686;202200014196;788 792;A01;1;7;2;0;3;17;1;
21687;202200014197;788 789;A01;2;7;3;0;3;13;1;
21688;202200014198;788 790;B01;1;1;0;2;6;1;5;
21689;202200014198;788 791;A01;1;7;0;9;2;9;1;
21690;202200014199;788 788;A01;1;7;0;0;9;1;1;
21691;202200014200;788 786;B01;1;1;0;2;1;1;5;
21692;202200014200;788 787;A01;2;7;0;9;7;15;1;
21693;202200014201;788 783;A01;2;7;0;2;3;13;1;
21694;202200014201;788 785;B01;1;7;0;2;3;0;1;
21695;202200014202;788 781;A01;1;7;0;0;9;1;1;
21696;202200014203;788 779;C01;1;7;0;2;3;24;1;
21697;202200014203;788 780;A01;1;7;0;2;3;11;1;
21698;202200014203;788 782;B01;1;33;0;2;1;1;1;
21699;202200014204;788 777;B01;2;2;14;0;1;1;1;
21700;202200014204;788 778;A01;2;10;8;0;1;1;1;
21701;202200014205;788 776;A01;2;7;0;1;3;2;1;
21702;202200014206;788 775;A01;1;7;0;1;1;16;3;
21703;202200014207;788 774;A01;3;7;3;0;8;1;1;
21704;202200014209;788 769;C01;2;10;0;2;8;2;1;
21705;202200014209;788 771;B01;2;15;0;2;3;2;1;
21706;202200014209;788 773;A01;1;10;0;2;3;17;1;
21707;202200014211;788 767;A01;3;7;0;1;1;1;1;
21708;202200014212;788 762;A01;-1;43;0;2;1;3;1;
21709;202200014212;788 764;B01;-1;7;0;2;3;15;1;
21710;202200014213;788 761;A01;2;7;0;0;0;19;1;
21711;202200014213;788 763;D01;1;1;0;2;1;1;5;
21712;202200014213;788 765;C01;1;1;0;9;1;1;5;
21713;202200014213;788 766;B01;1;1;0;2;1;1;5;
21714;202200014214;788 758;A01;1;7;0;2;4;2;1;
21715;202200014214;788 760;B01;1;7;0;2;1;16;1;
21716;202200014215;788 757;B01;2;7;0;2;3;1;1;
21717;202200014215;788 759;A01;1;2;0;2;1;13;1;
21718;202200014217;788 753;B01;2;1;0;2;4;1;5;
21719;202200014217;788 755;A01;2;7;0;2;2;1;1;
21720;202200014218;788 752;A01;2;2;1;1;8;1;3;
21721;202200014219;788 750;B01;2;7;0;2;1;1;1;
21722;202200014219;788 751;A01;1;7;0;2;7;13;1;
21723;202200014220;788 749;A01;2;50;1;0;1;1;3;
21724;202200014221;788 748;A01;3;7;6;1;2;14;1;
21725;202200014222;788 747;A01;2;7;0;1;7;1;1;
21726;202200014223;788 745;A01;1;7;0;1;2;1;1;
21727;202200014224;788 741;A01;2;7;0;9;3;1;1;
21728;202200014224;788 743;B01;2;50;0;2;0;16;3;
21729;202200014225;788 740;B01;2;7;0;2;5;1;2;
21730;202200014225;788 742;A01;2;33;0;2;1;3;1;
21731;202200014228;788 736;B01;2;7;0;2;3;1;1;
21732;202200014228;788 737;A01;1;7;0;2;3;1;1;
21733;202200014229;788 735;A01;3;7;0;1;6;4;1;
21734;202200014230;788 734;A01;2;7;6;0;8;1;1;
21735;202200014231;788 733;A01;0;33;4;0;3;1;1;
21736;202200014232;788 731;B01;2;7;0;0;1;1;1;
21737;202200014232;788 732;A01;2;7;0;2;3;9;1;
21738;202200014233;788 730;A01;2;33;0;0;0;1;1;
21739;202200014234;788 729;A01;1;7;8;0;1;14;1;
21740;202200014235;788 727;A01;2;33;0;0;8;1;1;
21741;202200014236;788 728;A01;3;7;0;1;2;21;1;
21742;202200014237;788 726;A01;3;7;0;1;4;4;1;
21743;202200014238;788 722;B01;2;33;0;2;1;26;1;
21744;202200014238;788 724;A01;1;7;0;2;2;15;1;
21745;202200014239;788 723;B01;2;7;4;2;4;1;1;
21746;202200014239;788 725;A01;2;7;4;2;1;0;1;
21747;202200014241;788 715;D01;2;7;0;0;8;1;1;
21748;202200014241;788 717;C01;2;7;0;0;8;1;1;
21749;202200014241;788 719;B01;2;7;0;0;4;1;1;
21750;202200014241;788 720;A01;2;7;0;2;7;14;1;
21751;202200014242;788 716;A01;3;7;0;1;3;1;1;
21752;202200014243;788 714;A01;2;33;3;0;3;1;1;
21753;202200014245;788 712;A01;1;10;5;0;1;1;1;
21754;202200014246;788 711;A01;1;7;0;0;9;1;3;
21755;202200014247;788 705;A01;2;17;0;2;0;0;1;
21756;202200014247;788 706;B01;2;10;0;2;0;0;1;
21757;202200014247;788 707;C01;2;7;0;2;0;0;1;
21758;202200014247;788 709;D01;2;14;0;2;0;0;1;
21759;202200014247;788 710;E01;2;14;0;2;0;0;1;
21760;202200014248;788 704;A01;1;33;0;0;8;1;1;
21761;202200014248;788 708;B01;3;21;0;0;0;15;1;
21762;202200014249;788 701;A01;2;7;0;1;1;9;1;
21763;202200014250;788 693;A01;1;7;0;1;2;1;1;
21764;202200014251;788 691;A01;2;7;0;2;2;3;1;
21765;202200014251;788 692;B01;2;7;0;2;3;1;1;
21766;202200014251;788 694;C01;2;10;0;2;8;1;1;
21767;202200014251;788 695;D01;2;7;0;2;7;1;1;
21768;202200014251;788 696;E01;2;7;0;2;8;1;1;
21769;202200014251;788 697;F01;2;7;0;2;8;1;1;
21770;202200014251;788 699;G01;2;7;0;2;5;1;1;
21771;202200014251;788 700;H01;2;7;0;2;7;1;1;
21772;202200014251;788 702;I01;2;10;0;2;7;1;1;
21773;202200014251;788 703;J01;2;7;0;2;6;1;1;
21774;202200014252;788 689;B01;1;30;0;0;7;16;1;
21775;202200014252;788 690;A01;2;7;0;2;3;26;1;
21776;202200014253;788 688;A01;2;7;0;1;3;1;1;
21777;202200014254;788 685;B01;0;1;0;2;8;1;5;
21778;202200014254;788 687;A01;0;7;0;2;1;15;1;
21779;202200014255;788 683;A01;1;7;1;2;3;16;1;
21780;202200014255;788 684;C01;1;3;0;2;4;26;1;
21781;202200014255;788 686;B01;1;7;0;2;2;1;1;
21782;202200014256;788 682;A01;2;7;16;0;9;1;1;
21783;202200014257;788 680;A01;1;7;0;2;1;1;1;
21784;202200014257;788 681;B01;1;7;0;2;1;1;1;
21785;202200014258;788 677;B01;1;31;0;2;1;1;1;
21786;202200014258;788 678;A01;1;7;0;0;8;9;1;
21787;202200014259;788 676;A01;1;7;0;9;3;18;1;
21788;202200014259;788 679;B01;1;1;0;2;4;17;5;
21789;202200014260;788 673;B01;1;7;0;2;4;1;1;
21790;202200014260;788 674;A01;1;7;0;2;9;1;1;
21791;202200014261;788 669;B01;2;80;0;2;1;1;3;
21792;202200014261;788 671;A01;1;7;0;2;8;15;1;
21793;202200014262;788 668;A01;1;2;0;2;2;1;1;
21794;202200014262;788 670;B01;2;13;0;2;1;1;1;
21795;202200014263;788 667;A01;2;1;0;9;0;21;5;
21796;202200014264;788 665;A01;1;7;0;1;3;19;1;
21797;202200014265;788 664;A01;2;7;0;2;2;13;1;
21798;202200014265;788 666;B01;2;7;0;2;1;1;1;
21799;202200014266;788 661;A01;2;7;0;0;8;15;1;
21800;202200014266;788 662;B01;2;80;0;2;1;1;3;
21801;202200014267;788 660;B01;1;7;0;2;1;1;1;
21802;202200014267;788 663;A01;2;7;1;2;1;1;1;
21803;202200014268;788 657;A01;1;7;13;0;3;9;1;
21804;202200014268;788 659;B01;2;15;0;2;1;2;1;
21805;202200014269;788 656;B01;2;7;0;2;3;0;1;
21806;202200014269;788 658;A01;1;7;0;2;3;0;1;
21807;202200014270;788 653;B01;3;30;0;2;1;1;1;
21808;202200014270;788 655;A01;3;7;0;2;3;1;1;
21809;202200014271;788 652;A01;1;7;0;2;3;22;1;
21810;202200014271;788 654;B01;1;1;1;0;1;1;5;
21811;202200014272;788 651;A01;1;33;12;0;7;16;1;
21812;202200014273;788 649;B01;1;32;0;2;1;1;1;
21813;202200014273;788 650;A01;2;7;0;2;1;15;1;
21814;202200014274;788 648;A01;2;7;0;0;1;1;3;
21815;202200014275;788 647;A01;3;37;0;0;0;21;1;2.0
21816;202200014276;788 644;B01;2;7;0;2;1;1;1;
21817;202200014276;788 646;A01;2;7;0;0;8;1;1;
21818;202200014279;788 639;B01;3;30;0;2;8;2;1;
21819;202200014279;788 640;A01;3;38;0;2;8;16;1;1.0
21820;202200014280;788 636;B01;1;7;0;2;2;15;1;
21821;202200014280;788 638;A01;2;33;0;2;2;1;1;
21822;202200014281;788 631;A01;1;2;0;0;1;26;1;
21823;202200014281;788 633;B01;2;7;0;0;5;23;6;
21824;202200014282;788 632;A01;1;14;0;2;3;1;0;
21825;202200014282;788 634;B01;1;1;0;0;3;1;5;
21826;202200014283;788 629;A01;2;7;0;0;1;2;1;
21827;202200014284;788 627;A01;2;15;0;1;8;26;1;
21828;202200014285;788 625;B01;1;50;0;2;1;2;3;
21829;202200014285;788 626;A01;2;7;0;2;1;15;1;
21830;202200014287;788 622;B01;0;33;0;2;2;0;0;
21831;202200014287;788 623;A01;0;7;0;2;0;0;1;
21832;202200014289;788 620;A01;1;7;0;1;2;15;1;
21833;202200014290;788 619;A01;1;7;4;1;2;14;1;
21834;202200014291;788 617;A01;2;7;0;2;2;14;1;
21835;202200014291;788 618;B01;2;33;0;0;8;1;1;
21836;202200014292;788 616;A01;2;7;0;1;1;19;3;
21837;202200014293;788 613;B01;2;17;0;2;1;1;1;
21838;202200014293;788 614;A01;1;7;0;2;1;13;1;
21839;202200014294;788 610;A01;2;7;0;2;3;15;1;
21840;202200014294;788 612;B01;1;1;0;2;1;1;5;
21841;202200014296;788 605;B01;3;1;0;2;1;1;5;
21842;202200014296;788 607;A01;3;10;0;2;2;16;1;
21843;202200014297;788 603;A01;2;7;0;2;4;23;1;
21844;202200014297;788 604;B01;2;15;0;2;4;23;1;
21845;202200014297;788 606;C01;2;15;0;2;1;1;1;
21846;202200014298;788 600;A01;3;33;0;0;7;26;1;
21847;202200014299;788 601;B01;0;1;0;2;4;1;5;
21848;202200014299;788 602;Z01;0;7;0;2;1;1;0;
21849;202200014300;788 599;A01;1;33;0;0;0;13;1;
21850;202200014301;788 597;A01;0;2;1;0;1;1;1;
21851;202200014301;788 598;B01;1;7;0;2;6;24;1;
21852;202200014302;788 595;B01;2;7;0;2;3;1;1;
21853;202200014302;788 596;A01;2;7;0;2;3;1;2;
21854;202200014303;788 592;B01;1;33;0;2;2;1;1;
21855;202200014303;788 594;A01;1;10;0;2;3;15;1;
21856;202200014305;788 589;A01;1;7;0;2;2;1;1;
21857;202200014305;788 590;B01;1;50;0;2;1;19;3;
21858;202200014306;788 587;B01;2;1;0;2;1;1;5;
21859;202200014306;788 588;A01;1;7;0;2;1;13;1;
21860;202200014307;788 586;A01;2;7;0;1;8;1;2;
21861;202200014308;788 585;A01;1;7;0;1;1;1;1;
21862;202200014309;788 582;A01;1;7;0;2;3;15;1;
21863;202200014309;788 584;B01;2;33;0;2;1;1;1;
21864;202200014310;788 581;B01;2;2;0;2;8;1;1;
21865;202200014310;788 583;A01;1;7;0;2;3;15;1;
21866;202200014311;788 579;A01;2;7;0;9;7;2;1;
21867;202200014311;788 580;B01;2;1;0;2;8;2;5;
21868;202200014312;788 577;A01;2;30;0;9;8;15;1;
21869;202200014312;788 578;B01;2;2;0;9;1;1;1;
21870;202200014313;788 574;A01;3;7;0;2;3;16;1;
21871;202200014313;788 576;B01;1;7;0;2;3;1;1;
21872;202200014315;788 572;A01;1;1;11;0;0;0;5;
21873;202200014317;788 568;B01;1;10;0;2;3;1;1;
21874;202200014317;788 569;A01;2;2;0;2;1;13;1;
21875;202200014318;788 566;B01;1;32;0;2;7;1;1;
21876;202200014318;788 567;A01;1;7;0;2;3;11;1;
21877;202200014319;788 565;A01;1;33;13;0;1;0;1;
21878;202200014320;788 563;A01;3;1;0;0;1;1;5;
21879;202200014321;788 562;Z01;0;7;0;2;1;26;0;
21880;202200014321;788 564;B01;3;7;0;2;8;16;1;
21881;202200014322;788 561;A01;1;7;4;0;0;2;1;
21882;202200014323;788 560;A01;1;7;0;1;1;15;2;
21883;202200014324;788 558;A01;3;10;0;1;4;20;1;
21884;202200014325;788 557;B01;1;7;3;2;4;0;0;
21885;202200014325;788 559;A01;1;7;0;2;1;2;6;
21886;202200014327;788 553;A01;3;7;0;2;1;2;1;
21887;202200014327;788 555;B01;3;7;0;2;4;2;1;
21888;202200014328;788 550;A01;2;17;0;2;1;2;1;
21889;202200014328;788 551;B01;2;17;0;2;4;2;1;
21890;202200014330;788 547;A01;1;38;4;0;8;0;1;3.0
21891;202200014331;788 544;A01;3;10;0;2;1;15;1;
21892;202200014331;788 546;B01;2;1;0;2;1;1;5;
21893;202200014332;788 543;A01;2;7;4;2;1;1;1;
21894;202200014332;788 545;B01;2;7;4;2;4;1;1;
21895;202200014333;788 540;A01;2;7;0;2;1;15;1;
21896;202200014333;788 542;B01;2;1;0;2;8;8;5;
21897;202200014334;788 539;B01;1;10;0;2;2;1;1;