;Num_Acc;id_vehicule;num_veh;senc;catv;obs;obsm;choc;manv;motor;occutc
21898;202200014334;788 541;A01;1;34;0;2;1;3;1;
21899;202200014335;788 535;B01;2;7;0;2;4;2;1;
21900;202200014335;788 537;A01;2;10;0;2;1;2;1;
21901;202200014336;788 536;B01;1;7;0;2;4;23;1;
21902;202200014336;788 538;A01;1;7;0;2;1;1;1;
21903;202200014337;788 533;A01;1;7;1;0;2;1;1;
21904;202200014338;788 529;A01;1;10;0;2;1;2;0;
21905;202200014338;788 531;B01;1;13;0;2;1;0;0;
21906;202200014338;788 532;C01;1;7;0;2;4;2;0;
21907;202200014338;788 534;D01;1;7;0;2;4;2;0;
21908;202200014339;788 528;A01;3;7;0;2;7;1;1;
21909;202200014339;788 530;B01;3;50;0;2;1;1;3;
21910;202200014340;788 525;A01;1;43;0;2;2;26;1;
21911;202200014340;788 526;B01;1;7;0;2;8;11;1;
21912;202200014341;788 524;A01;2;7;0;2;3;19;1;
21913;202200014341;788 527;B01;2;7;0;2;2;1;1;
21914;202200014342;788 520;A01;2;33;0;2;0;0;1;
21915;202200014342;788 522;B01;2;10;0;2;2;0;1;
21916;202200014342;788 523;C01;2;7;0;2;4;1;1;
21917;202200014343;788 519;B01;1;1;0;2;1;1;5;
21918;202200014343;788 521;A01;3;7;0;2;4;1;1;
21919;202200014344;788 516;A01;2;34;0;2;4;1;1;
21920;202200014344;788 517;B01;2;7;0;2;2;0;1;
21921;202200014344;788 518;C01;1;10;0;2;4;1;1;
21922;202200014345;788 513;A01;1;7;3;0;1;21;1;
21923;202200014346;788 514;A01;1;7;0;2;3;1;1;
21924;202200014346;788 515;B01;2;7;0;2;1;1;1;
21925;202200014347;788 510;A01;2;33;0;2;2;3;1;
21926;202200014347;788 512;B01;2;7;0;2;8;11;1;
21927;202200014348;788 507;A01;2;34;0;2;3;9;1;
21928;202200014348;788 509;B01;2;7;0;2;5;12;1;
21929;202200014349;788 508;A01;2;7;0;0;0;15;1;
21930;202200014349;788 511;B01;1;2;0;0;0;1;1;
21931;202200014350;788 505;A01;2;7;0;2;1;2;1;
21932;202200014350;788 506;B01;2;7;0;2;5;2;1;
21933;202200014351;788 503;A01;2;7;15;2;0;15;1;
21934;202200014351;788 504;B01;1;2;0;2;0;1;1;
21935;202200014352;788 501;A01;1;15;0;2;5;12;6;
21936;202200014352;788 502;B01;1;7;0;2;0;0;1;
21937;202200014353;788 500;A01;1;7;0;1;1;19;1;
21938;202200014354;788 499;A01;0;60;0;2;0;0;5;
21939;202200014355;788 495;B01;0;50;0;2;8;1;3;
21940;202200014355;788 497;Z01;0;10;0;2;0;0;0;
21941;202200014356;788 492;B01;2;33;0;9;4;23;1;
21942;202200014356;788 493;A01;2;7;0;2;1;16;1;
21943;202200014357;788 489;A01;2;7;5;0;9;1;1;
21944;202200014358;788 487;A01;2;7;0;2;1;9;1;
21945;202200014358;788 488;B01;2;7;0;2;7;1;1;
21946;202200014359;788 486;A01;0;7;0;1;4;26;1;
21947;202200014360;788 485;A01;3;7;0;1;0;1;0;
21948;202200014361;788 483;B01;1;1;0;2;7;0;5;
21949;202200014361;788 484;A01;1;7;0;2;1;1;1;
21950;202200014362;788 479;A01;3;7;0;2;3;15;1;
21951;202200014362;788 481;B01;3;33;0;2;1;17;0;
21952;202200014363;788 480;A01;3;7;0;2;1;2;1;
21953;202200014363;788 482;B01;3;7;0;2;4;2;1;
21954;202200014365;788 474;A01;1;7;0;2;1;5;1;
21955;202200014365;788 478;B01;3;2;0;2;4;5;1;
21956;202200014366;788 473;A01;2;10;0;2;1;15;1;
21957;202200014366;788 475;B01;1;7;0;2;1;2;1;
21958;202200014366;788 476;C01;1;7;0;2;1;0;1;
21959;202200014367;788 471;A01;3;7;0;2;1;5;1;
21960;202200014367;788 472;B01;3;37;0;2;1;1;3;1.0
21961;202200014368;788 470;A01;3;7;0;1;2;9;1;
21962;202200014369;788 468;A01;3;2;0;2;1;1;1;
21963;202200014369;788 469;B01;3;7;0;2;6;23;1;
21964;202200014370;788 466;A01;1;7;0;2;2;16;1;
21965;202200014370;788 467;B01;1;1;0;2;3;15;5;
21966;202200014371;788 463;A01;3;7;0;2;3;20;1;
21967;202200014371;788 464;B01;3;2;0;2;7;1;1;
21968;202200014373;788 458;A01;1;10;0;2;1;1;1;
21969;202200014373;788 459;B01;1;7;0;2;4;15;1;
21970;202200014375;788 454;B01;0;7;0;2;4;1;1;
21971;202200014375;788 455;A01;0;7;0;2;1;1;1;
21972;202200014376;788 451;A01;3;7;0;2;1;2;1;
21973;202200014376;788 452;B01;3;7;0;2;4;1;1;
21974;202200014376;788 453;C01;3;7;0;2;4;1;1;
21975;202200014377;788 449;A01;3;7;0;2;6;9;1;
21976;202200014377;788 450;B01;3;31;0;2;1;1;1;
21977;202200014378;788 447;A01;0;50;0;2;1;5;3;
21978;202200014378;788 448;B01;0;7;0;9;3;2;1;
21979;202200014379;788 446;A01;2;7;0;1;1;1;1;
21980;202200014380;788 444;A01;3;7;0;2;3;0;1;
21981;202200014380;788 445;B01;0;7;0;2;3;0;1;
21982;202200014381;788 443;A01;1;7;5;1;1;26;1;
21983;202200014382;788 442;A01;2;7;0;1;2;1;1;
21984;202200014383;788 440;A01;1;33;0;2;1;2;1;
21985;202200014383;788 441;B01;1;7;0;9;4;0;1;
21986;202200014384;788 438;A01;2;7;0;9;3;1;1;
21987;202200014384;788 439;B01;2;1;0;2;1;16;5;
21988;202200014385;788 437;A01;1;7;2;0;0;0;1;
21989;202200014386;788 435;B01;3;32;0;2;3;1;1;
21990;202200014386;788 436;A01;3;33;0;2;2;12;1;
21991;202200014387;788 433;B01;1;7;0;2;5;23;1;
21992;202200014387;788 434;A01;1;30;0;2;1;1;1;
21993;202200014388;788 432;Z01;2;1;0;1;1;1;5;
21994;202200014389;788 430;B01;1;7;0;2;1;15;3;
21995;202200014389;788 431;A01;2;30;0;2;1;1;1;
21996;202200014390;788 428;B01;1;10;0;2;2;1;1;
21997;202200014390;788 429;A01;1;1;0;2;8;13;5;
21998;202200014391;788 426;B01;2;7;0;2;0;13;2;
21999;202200014391;788 427;A01;1;7;0;2;1;1;1;
22000;202200014393;788 423;B01;2;7;0;2;3;13;1;
22001;202200014393;788 424;A01;1;2;0;2;3;1;1;
22002;202200014396;788 419;A01;1;7;0;2;1;2;0;
22003;202200014396;788 420;B01;1;2;0;2;4;2;1;
22004;202200014397;788 418;A01;1;7;2;0;3;1;1;
22005;202200014398;788 417;A01;1;2;0;1;1;1;1;
22006;202200014401;788 413;B01;1;7;0;2;1;1;1;
22007;202200014401;788 414;A01;2;7;0;2;1;13;1;
22008;202200014402;788 412;A01;2;7;0;0;1;1;1;
22009;202200014406;788 406;A01;0;7;0;2;1;5;1;
22010;202200014406;788 407;B01;0;7;0;2;2;1;1;
22011;202200014407;788 405;A01;1;7;13;0;7;1;1;
22012;202200014408;788 404;A01;1;7;7;0;1;1;1;
22013;202200014409;788 403;A01;1;33;7;0;1;1;1;
22014;202200014410;788 402;A01;1;7;6;0;3;1;1;
22015;202200014411;788 400;A01;1;7;0;2;1;13;1;
22016;202200014411;788 401;B01;2;10;0;2;1;1;1;
22017;202200014412;788 399;A01;1;10;0;1;3;1;1;
22018;202200014413;788 396;A01;3;7;0;2;3;13;1;
22019;202200014413;788 397;B01;3;7;0;2;3;1;1;
22020;202200014413;788 398;C01;3;7;0;2;6;1;0;
22021;202200014415;788 392;A01;2;7;0;0;9;1;1;
22022;202200014416;788 391;A01;0;2;0;0;0;13;1;
22023;202200014418;788 388;B01;2;31;0;2;3;1;6;
22024;202200014418;788 389;A01;2;7;0;2;2;9;6;
22025;202200014419;788 387;A01;3;7;0;1;2;1;1;
22026;202200014420;788 385;A01;3;33;0;2;1;19;1;
22027;202200014420;788 386;B01;3;7;0;2;5;1;1;
22028;202200014421;788 384;A01;2;31;0;0;7;1;1;
22029;202200014422;788 382;B01;-1;50;0;2;0;19;3;
22030;202200014422;788 383;A01;1;7;0;2;3;1;1;
22031;202200014423;788 379;A01;3;10;0;2;3;15;1;
22032;202200014423;788 380;B01;3;33;0;2;1;17;1;
22033;202200014424;788 378;A01;0;2;13;0;8;0;1;
22034;202200014425;788 377;A01;2;34;0;0;0;2;1;
22035;202200014426;788 376;A01;2;33;3;0;9;13;1;
22036;202200014427;788 375;A01;1;7;2;0;1;13;1;
22037;202200014428;788 373;A01;1;7;0;2;3;1;1;
22038;202200014428;788 374;B01;1;1;0;2;5;17;5;
22039;202200014429;788 371;A01;2;7;0;2;1;1;2;
22040;202200014429;788 372;B01;1;7;0;2;1;5;1;
22041;202200014430;788 370;A01;2;7;1;0;0;1;2;
22042;202200014431;788 369;A01;1;34;0;1;2;1;1;
22043;202200014432;788 368;A01;1;7;4;0;1;1;0;
22044;202200014434;788 363;A01;2;7;8;0;0;1;1;
22045;202200014435;788 360;C01;1;1;0;0;8;1;5;
22046;202200014435;788 361;B01;1;1;0;0;8;1;5;
22047;202200014435;788 362;A01;2;7;0;2;3;15;1;
22048;202200014436;788 358;A01;1;10;0;9;1;1;1;
22049;202200014436;788 359;B01;1;1;0;2;7;19;5;
22050;202200014437;788 357;A01;3;7;0;0;0;1;0;
22051;202200014438;788 355;B01;2;7;0;2;3;1;1;
22052;202200014438;788 356;A01;1;7;0;2;3;13;1;
22053;202200014439;788 354;A01;2;36;13;0;7;14;1;
22054;202200014441;788 351;A01;1;33;8;0;1;1;1;
22055;202200014442;788 348;A01;0;7;2;0;1;2;1;
22056;202200014443;788 346;A01;3;7;0;1;2;1;1;
22057;202200014444;788 347;A01;2;7;0;0;6;23;1;
22058;202200014444;788 349;B01;2;7;1;0;1;1;1;
22059;202200014445;788 344;A01;3;7;0;1;4;4;1;
22060;202200014446;788 345;A01;0;7;2;0;9;0;1;
22061;202200014447;788 343;A01;1;7;0;9;1;1;1;
22062;202200014448;788 339;A01;1;7;5;0;3;0;1;
22063;202200014449;788 338;B01;1;7;0;2;4;24;1;
22064;202200014449;788 340;A01;1;10;1;0;1;2;1;
22065;202200014450;788 337;A01;1;15;1;1;2;14;1;
22066;202200014451;788 336;A01;2;37;0;0;0;1;1;2.0
22067;202200014452;788 333;A01;2;10;0;2;1;2;1;
22068;202200014452;788 334;B01;2;15;0;2;4;2;6;
22069;202200014453;788 332;A01;1;7;0;2;8;11;1;
22070;202200014453;788 335;B01;1;33;0;2;2;2;1;
22071;202200014454;788 330;A01;1;32;0;1;1;3;1;
22072;202200014455;788 329;A01;2;33;0;2;1;1;1;
22073;202200014455;788 331;B01;2;10;0;2;4;2;1;
22074;202200014456;788 326;A01;2;7;0;2;1;13;1;
22075;202200014456;788 328;B01;1;7;0;2;1;1;1;
22076;202200014457;788 324;A01;2;7;0;2;1;2;1;
22077;202200014457;788 325;B01;2;7;0;2;4;2;1;
22078;202200014457;788 327;C01;2;7;0;2;4;2;1;
22079;202200014458;788 320;C01;1;7;0;2;1;2;1;
22080;202200014458;788 322;B01;1;7;0;2;1;1;1;
22081;202200014458;788 323;A01;2;7;0;2;1;5;1;
22082;202200014459;788 319;B01;1;33;0;2;1;2;1;
22083;202200014459;788 321;A01;1;7;0;2;4;2;1;
22084;202200014462;788 314;A01;2;7;0;2;1;2;1;
22085;202200014462;788 316;B01;2;2;0;2;4;2;1;
22086;202200014463;788 309;B01;2;2;0;2;8;18;1;
22087;202200014463;788 311;A01;2;7;0;2;2;12;1;
22088;202200014464;788 310;A01;1;7;0;2;1;0;1;
22089;202200014464;788 312;B01;1;7;0;2;4;0;1;
22090;202200014464;788 313;C01;1;7;0;2;7;0;2;
22091;202200014465;788 306;A01;1;7;0;2;3;5;1;
22092;202200014465;788 308;B01;2;7;0;2;3;1;1;
22093;202200014466;788 304;B01;1;7;0;2;1;0;1;
22094;202200014466;788 305;C01;1;7;0;2;1;0;1;
22095;202200014466;788 307;A01;1;7;0;2;4;0;0;
22096;202200014467;788 300;A01;1;33;0;2;1;2;1;
22097;202200014467;788 301;B01;1;7;0;2;1;1;1;
22098;202200014467;788 302;C01;1;7;0;2;4;2;1;
22099;202200014468;788 298;A01;0;7;0;9;1;15;1;
22100;202200014468;788 299;B01;3;20;0;0;8;1;3;
22101;202200014469;788 295;A01;2;33;0;2;1;3;1;
22102;202200014469;788 297;Z01;2;7;0;2;2;12;1;
22103;202200014470;788 293;C01;2;7;0;2;4;1;1;
22104;202200014470;788 294;B01;2;7;0;2;4;2;3;
22105;202200014470;788 296;A01;2;10;0;2;1;2;1;
22106;202200014471;788 290;B01;1;7;0;2;6;24;1;
22107;202200014471;788 292;A01;1;43;1;0;1;3;1;
22108;202200014472;788 289;B01;3;2;0;2;1;1;1;
22109;202200014472;788 291;A01;0;7;0;2;3;9;1;
22110;202200014473;788 287;A01;1;33;0;0;1;1;1;
22111;202200014474;788 286;A01;0;7;0;2;1;5;1;
22112;202200014474;788 288;B01;0;7;0;2;1;1;1;
22113;202200014475;788 285;A01;2;7;13;0;3;1;1;
22114;202200014476;788 282;A01;1;7;0;1;8;15;1;
22115;202200014478;788 278;B01;0;50;0;2;6;19;3;
22116;202200014478;788 279;A01;0;7;0;2;1;1;1;
22117;202200014479;788 276;B01;2;7;0;2;8;1;1;
22118;202200014479;788 277;A01;2;99;0;2;1;9;3;
22119;202200014480;788 274;A01;3;7;0;2;3;16;1;
22120;202200014480;788 275;B01;1;7;0;2;2;1;1;
22121;202200014482;788 272;A01;1;7;0;1;2;1;1;
22122;202200014483;788 269;B01;1;10;0;2;3;1;0;
22123;202200014483;788 271;A01;1;10;9;2;2;1;1;
22124;202200014484;788 268;A01;2;31;0;2;8;7;1;
22125;202200014484;788 270;B01;2;10;0;2;2;1;1;
22126;202200014485;788 265;A01;1;0;0;2;0;11;6;
22127;202200014485;788 267;B01;1;33;0;2;8;1;1;
22128;202200014486;788 264;A01;2;7;0;2;1;2;1;
22129;202200014486;788 266;B01;2;7;0;2;4;2;3;
22130;202200014487;788 263;A01;1;7;3;0;1;13;1;
22131;202200014488;788 262;A01;2;33;0;1;1;26;1;
22132;202200014489;788 259;B01;1;34;0;2;7;1;1;
22133;202200014489;788 261;A01;1;10;0;2;8;9;1;
22134;202200014490;788 258;A01;1;7;0;2;1;2;1;
22135;202200014490;788 260;B01;1;7;0;2;4;2;1;
22136;202200014491;788 256;B01;2;33;0;2;6;1;1;
22137;202200014491;788 257;A01;2;7;0;2;7;12;2;
22138;202200014492;788 255;A01;1;1;0;1;2;0;6;
22139;202200014493;788 252;A01;1;33;0;2;1;3;1;
22140;202200014493;788 254;Z01;1;7;0;2;8;11;0;
22141;202200014494;788 251;A01;3;7;0;2;1;13;1;
22142;202200014494;788 253;B01;2;17;0;2;3;1;1;
22143;202200014496;788 246;C01;1;7;0;2;8;1;1;
22144;202200014496;788 247;B01;1;7;0;2;1;1;1;
22145;202200014496;788 249;A01;1;7;0;2;1;1;3;
22146;202200014499;788 240;B01;2;7;0;2;4;0;2;
22147;202200014499;788 241;A01;2;34;0;2;1;0;1;
22148;202200014500;788 238;A01;2;7;15;2;3;5;1;
22149;202200014500;788 239;B01;1;7;0;2;3;0;1;
22150;202200014501;788 236;B01;1;7;0;2;6;2;2;
22151;202200014501;788 237;A01;1;7;0;2;1;12;1;
22152;202200014502;788 234;B01;1;2;0;0;8;1;1;
22153;202200014502;788 235;A01;2;7;0;0;0;15;1;
22154;202200014504;788 231;A01;3;7;0;1;5;4;1;
22155;202200014505;788 228;A01;1;37;0;2;3;0;0;1.0
22156;202200014505;788 230;Z01;1;7;0;2;0;0;0;
22157;202200014506;788 227;A01;2;43;0;2;7;15;1;
22158;202200014506;788 229;B01;1;33;0;2;1;1;1;
22159;202200014507;788 225;X01;0;7;0;2;0;26;1;
22160;202200014508;788 223;A01;2;31;0;2;8;21;1;
22161;202200014508;788 224;B01;2;15;0;2;6;1;1;
22162;202200014508;788 226;C01;2;7;0;2;0;22;1;
22163;202200014510;788 216;B01;3;30;0;2;1;23;1;
22164;202200014510;788 217;A01;3;14;0;2;4;4;1;
22165;202200014511;788 215;A01;1;80;0;1;2;1;3;
22166;202200014512;788 214;A01;2;30;0;0;3;1;1;
22167;202200014513;788 212;B01;0;33;0;2;7;1;1;
22168;202200014513;788 213;A01;0;7;0;2;1;1;1;
22169;202200014514;788 211;Z01;2;14;0;1;4;4;1;
22170;202200014515;788 210;A01;0;7;8;0;1;1;0;
22171;202200014516;788 208;B01;1;14;0;2;1;1;6;
22172;202200014516;788 209;A01;1;7;0;2;4;23;1;
22173;202200014517;788 205;A01;2;7;0;1;2;16;1;
22174;202200014518;788 204;A01;1;10;0;2;1;2;1;
22175;202200014518;788 206;B01;1;7;0;2;4;2;1;
22176;202200014518;788 207;C01;1;7;0;2;4;2;1;
22177;202200014520;788 201;B01;3;7;0;2;1;1;0;
22178;202200014520;788 202;A01;3;7;0;2;1;1;1;
22179;202200014521;788 198;A01;2;7;0;1;3;1;1;
22180;202200014522;788 199;A01;2;7;0;2;1;15;1;
22181;202200014522;788 200;B01;1;7;7;2;8;1;1;
22182;202200014523;788 196;B01;2;7;0;2;2;1;1;
22183;202200014523;788 197;A01;2;1;0;2;1;9;5;
22184;202200014524;788 194;A01;1;7;0;1;1;19;1;
22185;202200014525;788 195;A01;1;1;0;0;0;1;5;
22186;202200014526;788 193;Z01;1;7;0;1;0;14;1;
22187;202200014527;788 192;A01;1;32;9;1;1;21;1;
22188;202200014528;788 188;Z01;1;7;0;2;0;17;2;
22189;202200014528;788 190;A01;1;80;0;2;6;1;3;
22190;202200014529;788 187;C01;1;7;0;2;4;1;1;
22191;202200014529;788 189;B01;1;7;0;2;4;1;1;
22192;202200014529;788 191;A01;1;7;0;2;1;1;1;
22193;202200014530;788 184;A01;1;30;0;2;1;1;1;
22194;202200014530;788 186;B01;1;10;0;2;4;23;1;
22195;202200014531;788 183;B01;1;33;0;2;1;1;1;
22196;202200014531;788 185;A01;1;10;0;2;4;26;1;
22197;202200014532;788 181;A01;2;1;0;2;4;1;5;
22198;202200014532;788 182;Z01;2;14;0;2;0;23;0;
22199;202200014533;788 176;B01;2;30;0;2;0;1;1;
22200;202200014533;788 178;A01;3;7;0;2;1;5;1;
22201;202200014534;788 173;A01;1;33;0;2;7;1;1;
22202;202200014534;788 175;Z01;1;7;0;2;3;13;2;
22203;202200014535;788 172;B01;2;1;0;0;4;1;5;
22204;202200014535;788 174;A01;2;7;0;0;2;1;1;
22205;202200014536;788 168;C01;1;7;0;2;8;1;1;
22206;202200014536;788 170;A01;1;7;0;2;1;1;1;
22207;202200014536;788 171;B01;1;33;0;2;4;23;1;
22208;202200014537;788 167;B01;1;7;0;2;8;1;1;
22209;202200014537;788 169;A01;1;1;0;2;1;1;5;
22210;202200014538;788 165;A01;1;7;0;2;2;15;1;
22211;202200014538;788 166;B01;2;50;0;2;1;1;3;
22212;202200014539;788 163;B01;1;7;0;2;1;1;1;
22213;202200014539;788 164;A01;1;10;0;2;7;26;1;
22214;202200014540;788 162;A01;2;17;0;1;2;16;1;
22215;202200014541;788 160;A01;1;0;14;1;1;19;1;
22216;202200014542;788 159;A01;1;7;0;2;1;26;1;
22217;202200014542;788 161;B01;1;30;0;2;8;1;1;
22218;202200014543;788 158;A01;1;7;1;0;0;0;1;
22219;202200014544;788 156;A01;2;7;8;0;1;16;1;
22220;202200014545;788 155;A01;1;7;0;2;1;1;1;
22221;202200014545;788 157;B01;1;7;0;2;7;1;1;
22222;202200014547;788 153;A01;0;7;0;1;2;15;1;
22223;202200014548;788 151;A01;3;2;1;0;1;2;1;
22224;202200014551;788 145;C01;2;15;0;2;6;9;1;
22225;202200014551;788 148;B01;1;33;0;2;7;1;1;
22226;202200014551;788 149;A01;1;7;0;2;1;9;1;
22227;202200014552;788 142;B01;0;2;0;2;2;23;1;
22228;202200014552;788 144;A01;2;10;0;2;4;4;1;
22229;202200014553;788 141;A01;1;7;0;2;1;11;1;
22230;202200014553;788 143;B01;2;7;0;2;1;1;1;
22231;202200014554;788 139;A01;1;7;0;2;3;9;1;
22232;202200014554;788 140;B01;1;2;0;2;1;1;1;
22233;202200014555;788 135;A01;1;7;0;2;1;1;1;
22234;202200014555;788 136;B01;1;7;0;2;4;1;1;
22235;202200014555;788 138;C01;1;14;0;2;4;23;1;
22236;202200014556;788 134;A01;2;7;0;2;1;1;1;
22237;202200014556;788 137;B01;2;10;0;2;3;1;1;
22238;202200014558;788 131;B01;1;30;0;2;3;13;1;
22239;202200014558;788 132;A01;2;7;0;2;3;1;1;
22240;202200014559;788 128;A01;1;10;0;2;7;17;1;
22241;202200014559;788 130;B01;1;33;0;2;8;17;1;
22242;202200014561;788 124;B01;1;10;0;2;3;15;1;
22243;202200014561;788 126;A01;1;33;1;2;3;13;1;
22244;202200014562;788 123;A01;0;7;0;2;1;9;1;
22245;202200014562;788 125;B01;0;33;0;2;5;1;1;
22246;202200014563;788 119;A01;3;7;0;2;3;1;1;
22247;202200014563;788 122;B01;1;32;0;2;2;9;1;
22248;202200014564;788 120;A01;2;50;0;2;0;0;3;
22249;202200014564;788 121;B01;1;7;0;2;0;0;1;
22250;202200014565;788 117;A01;0;7;5;0;1;1;1;
22251;202200014566;788 116;B01;2;30;0;2;2;2;1;
22252;202200014566;788 118;A01;2;7;0;2;3;15;1;
22253;202200014567;788 114;B01;2;1;0;2;1;13;5;
22254;202200014567;788 115;A01;1;7;0;9;1;1;1;
22255;202200014568;788 112;B01;1;32;0;2;1;1;1;
22256;202200014568;788 113;A01;2;7;0;2;5;20;1;
22257;202200014569;788 104;A01;3;33;0;0;1;2;1;
22258;202200014570;788 103;A01;1;7;0;2;9;2;1;
22259;202200014570;788 105;B01;1;10;0;2;4;1;1;
22260;202200014570;788 106;C01;1;7;0;2;8;1;1;
22261;202200014570;788 108;D01;1;7;0;2;6;1;1;
22262;202200014570;788 110;E01;1;7;0;2;7;1;1;
22263;202200014571;788 101;A01;2;32;7;0;1;13;1;
22264;202200014572;788 100;A01;2;30;0;2;1;1;1;
22265;202200014572;788 102;B01;2;7;0;2;3;9;1;
22266;202200014573;788 097;B01;2;7;0;2;2;0;1;
22267;202200014573;788 099;A01;1;7;0;2;1;1;1;
22268;202200014574;788 095;C01;1;7;0;2;6;23;1;
22269;202200014574;788 096;B01;1;7;0;2;3;23;1;
22270;202200014574;788 098;A01;1;7;0;2;2;2;0;
22271;202200014575;788 093;A01;2;7;0;2;3;13;1;
22272;202200014575;788 094;B01;1;7;0;2;3;1;1;
22273;202200014576;788 091;B01;1;1;0;2;1;1;5;
22274;202200014576;788 092;A01;2;7;0;2;2;20;3;
22275;202200014577;788 088;A01;3;3;3;0;1;26;1;
22276;202200014578;788 086;A01;1;10;0;1;4;20;1;
22277;202200014579;788 085;B01;1;7;0;2;2;1;1;
22278;202200014579;788 087;A01;2;7;0;2;2;17;1;
22279;202200014580;788 082;B01;1;13;0;2;3;15;1;
22280;202200014580;788 084;A01;1;33;6;2;2;18;1;
22281;202200014581;788 083;A01;3;7;0;1;2;15;1;
22282;202200014582;788 078;B01;2;21;0;2;1;1;1;
22283;202200014582;788 080;A01;1;7;0;2;7;13;1;
22284;202200014584;788 069;B01;2;7;0;2;4;1;1;
22285;202200014584;788 070;A01;2;2;0;2;1;2;1;
22286;202200014585;788 066;A01;1;31;0;0;7;16;1;
22287;202200014586;788 067;A01;1;7;0;2;2;15;1;
22288;202200014586;788 068;B01;1;2;0;2;8;1;1;
22289;202200014587;788 064;A01;1;7;0;0;2;1;1;
22290;202200014589;788 062;A01;1;7;0;0;9;1;1;
22291;202200014590;788 060;A01;2;7;6;0;1;13;1;
22292;202200014591;788 059;A01;0;7;0;2;1;1;1;
22293;202200014591;788 061;B01;0;0;0;2;8;19;3;
22294;202200014592;788 054;C01;2;7;0;2;1;1;1;
22295;202200014592;788 056;B01;2;10;0;2;1;1;1;
22296;202200014592;788 058;A01;1;7;0;2;1;13;1;
22297;202200014593;788 055;B01;1;31;0;2;7;2;1;
22298;202200014593;788 057;A01;1;7;0;2;3;15;2;
22299;202200014594;788 052;A01;3;33;1;0;1;1;1;
22300;202200014595;788 051;B01;2;2;0;2;7;1;1;
22301;202200014595;788 053;A01;3;7;0;2;1;19;1;
22302;202200014596;788 048;A01;1;7;0;1;2;1;1;
22303;202200014597;788 047;C01;3;7;0;9;0;1;1;
22304;202200014597;788 049;B01;3;34;0;2;1;1;1;
22305;202200014597;788 050;A01;3;30;0;2;4;1;1;
22306;202200014599;788 045;A01;1;33;0;0;8;2;1;
22307;202200014600;788 044;A01;2;7;0;1;1;1;1;
22308;202200014601;788 043;A01;2;7;13;0;2;1;1;
22309;202200014602;788 040;A01;2;33;0;2;1;5;1;
22310;202200014602;788 042;B01;1;7;0;2;2;1;1;
22311;202200014604;788 036;A01;1;7;0;2;1;19;1;
22312;202200014604;788 038;B01;1;7;0;2;2;1;1;
22313;202200014605;788 035;B01;1;33;0;2;8;1;1;
22314;202200014605;788 037;A01;2;10;0;2;1;1;1;
22315;202200014607;788 032;A01;1;7;0;2;2;10;1;
22316;202200014607;788 033;B01;2;31;0;2;8;1;1;
22317;202200014608;788 030;A01;3;50;8;0;1;14;3;
22318;202200014609;788 029;A01;2;33;13;0;0;1;1;
22319;202200014609;788 031;B01;2;14;0;0;0;17;1;
22320;202200014610;788 028;A01;1;43;3;0;2;1;1;
22321;202200014611;788 026;B01;1;32;0;2;6;15;1;
22322;202200014611;788 027;A01;1;34;0;2;2;17;1;
22323;202200014612;788 025;A01;3;2;6;0;1;26;1;
22324;202200014614;788 021;B01;1;33;0;2;1;1;1;
22325;202200014614;788 022;A01;1;7;1;2;3;9;1;
22326;202200014615;788 019;A01;1;10;0;0;1;5;1;
22327;202200014615;788 020;B01;2;7;0;0;1;1;0;
22328;202200014617;788 016;A01;2;2;0;1;1;13;1;
22329;202200014618;788 015;A01;1;10;0;1;3;1;1;
22330;202200014619;788 017;A01;2;7;0;1;1;1;1;
22331;202200014620;788 014;A01;1;7;0;1;3;15;1;
22332;202200014621;788 011;A01;1;7;0;2;3;1;1;
22333;202200014621;788 012;B01;2;15;0;2;8;4;1;
22334;202200014622;788 013;A01;2;32;0;0;0;21;1;
22335;202200014623;788 010;A01;1;7;2;0;9;1;1;
22336;202200014625;788 007;B01;1;32;0;2;7;17;1;
22337;202200014625;788 009;A01;3;7;0;2;3;9;1;
22338;202200014628;788 002;B01;2;7;0;2;4;2;1;
22339;202200014628;788 003;A01;2;33;0;2;1;1;1;
22340;202200014629;787 996;C01;2;7;3;0;1;1;1;
22341;202200014629;787 998;D01;2;10;3;0;1;1;1;
22342;202200014629;787 999;B01;2;10;3;0;1;1;1;
22343;202200014629;788 000;A01;1;15;3;0;3;6;1;
22344;202200014631;787 995;C01;3;33;0;2;1;15;1;
22345;202200014631;787 997;B01;3;32;0;2;1;17;1;
22346;202200014631;788 001;A01;3;7;0;2;8;15;1;
22347;202200014632;787 990;B01;2;17;0;0;-1;13;1;
22348;202200014632;787 992;A01;2;7;13;0;0;17;1;
22349;202200014633;787 988;A01;3;7;0;1;1;1;1;
22350;202200014634;787 989;B01;2;80;0;2;8;1;3;
22351;202200014634;787 991;Z01;2;10;0;2;7;15;1;
22352;202200014635;787 986;A01;0;7;0;2;3;9;2;
22353;202200014635;787 987;B01;1;33;0;2;1;1;1;
22354;202200014636;787 984;A01;1;7;0;0;9;1;1;
22355;202200014637;787 983;A01;2;10;0;2;3;15;1;
22356;202200014637;787 985;B01;1;32;0;2;3;1;1;
22357;202200014639;787 980;A01;3;7;0;1;5;4;1;
22358;202200014640;787 979;A01;2;30;0;2;1;1;3;