;Num_Acc;id_vehicule;num_veh;senc;catv;obs;obsm;choc;manv;motor;occutc
22359;202200014640;787 981;B01;1;80;0;2;7;15;3;
22360;202200014641;787 976;A01;3;7;0;2;4;1;1;
22361;202200014641;787 978;B01;3;7;0;2;1;1;1;
22362;202200014642;787 975;A01;2;7;0;0;3;1;1;
22363;202200014642;787 977;B01;1;50;0;0;2;19;3;
22364;202200014643;787 973;B01;0;7;0;2;6;15;1;
22365;202200014643;787 974;A01;3;7;0;2;2;2;1;
22366;202200014644;787 972;A01;3;30;12;0;7;16;3;
22367;202200014645;787 970;B01;0;7;0;2;4;0;1;
22368;202200014645;787 971;A01;3;7;0;2;1;1;1;
22369;202200014646;787 968;A01;1;7;13;0;9;1;1;
22370;202200014647;787 967;A01;0;1;0;2;7;5;5;
22371;202200014647;787 969;B01;0;33;0;2;8;15;1;
22372;202200014648;787 963;A01;2;7;0;2;4;1;1;
22373;202200014648;787 966;B01;2;7;3;2;1;1;1;
22374;202200014649;787 964;A01;0;10;0;1;6;16;1;
22375;202200014652;787 956;A01;1;7;0;9;2;15;1;
22376;202200014652;787 957;B01;2;1;0;2;1;1;5;
22377;202200014653;787 955;A01;1;7;4;0;3;1;1;
22378;202200014654;787 953;A01;1;33;0;2;1;2;1;
22379;202200014654;787 954;B01;1;30;0;2;4;15;1;
22380;202200014655;787 951;A01;2;33;0;0;8;26;1;
22381;202200014656;787 950;B01;3;2;0;2;7;2;1;
22382;202200014656;787 952;A01;3;7;0;2;1;2;1;
22383;202200014657;787 945;A01;0;7;0;0;3;1;1;
22384;202200014657;787 948;B01;0;7;0;2;3;5;1;
22385;202200014658;787 947;A01;3;7;0;2;3;19;1;
22386;202200014658;787 949;B01;3;1;0;2;1;17;5;
22387;202200014659;787 943;A01;2;33;0;2;8;9;1;
22388;202200014660;787 944;B01;3;10;0;2;1;1;1;
22389;202200014660;787 946;A01;2;2;0;2;1;1;1;
22390;202200014661;787 941;B01;2;7;0;2;6;1;1;
22391;202200014661;787 942;A01;2;13;0;2;2;12;1;
22392;202200014662;787 939;A01;2;33;11;0;1;17;1;
22393;202200014663;787 932;A01;2;7;0;2;4;2;3;
22394;202200014663;787 934;B01;2;7;0;2;1;1;1;
22395;202200014663;787 935;C01;2;7;0;2;4;1;1;
22396;202200014663;787 936;D01;2;7;0;2;1;1;1;
22397;202200014663;787 938;E01;2;7;0;2;1;1;2;
22398;202200014663;787 940;F01;2;7;0;2;1;0;1;
22399;202200014665;787 931;A01;2;7;0;2;3;15;1;
22400;202200014665;787 933;B01;2;31;0;2;2;17;1;
22401;202200014666;787 929;B01;1;10;0;2;4;23;1;
22402;202200014666;787 930;A01;1;14;1;0;1;6;1;
22403;202200014667;787 928;A01;1;2;0;0;0;1;1;
22404;202200014668;787 925;A01;1;10;0;2;2;17;1;
22405;202200014668;787 926;B01;1;7;0;2;6;0;1;
22406;202200014669;787 924;A01;1;7;15;0;1;1;0;
22407;202200014670;787 920;A01;1;7;0;1;2;1;1;
22408;202200014672;787 922;A01;1;10;0;2;1;2;1;
22409;202200014672;787 927;B01;1;7;0;2;4;2;1;
22410;202200014673;787 919;A01;1;7;0;1;1;1;1;
22411;202200014674;787 918;A01;1;7;4;0;1;1;1;
22412;202200014675;787 914;B01;2;7;0;5;2;1;2;
22413;202200014675;787 915;A01;2;7;0;5;1;1;1;
22414;202200014676;787 910;A01;2;1;0;2;1;1;5;
22415;202200014676;787 911;B01;2;7;0;9;2;1;1;
22416;202200014677;787 912;A01;1;10;0;2;1;2;1;
22417;202200014677;787 916;B01;1;7;0;2;4;2;1;
22418;202200014678;787 913;B01;3;7;0;2;3;9;1;
22419;202200014678;787 917;A01;1;33;0;2;6;1;1;
22420;202200014679;787 908;A01;2;7;16;0;0;14;1;
22421;202200014680;787 906;A01;3;7;0;2;1;1;1;
22422;202200014680;787 909;B01;1;7;0;2;8;1;1;
22423;202200014681;787 905;A01;2;10;8;2;7;15;1;
22424;202200014681;787 907;B01;1;2;0;2;1;1;1;
22425;202200014682;787 904;A01;1;7;4;0;1;2;1;
22426;202200014684;787 898;A01;1;99;0;2;1;1;3;
22427;202200014684;787 902;B01;1;7;0;2;8;1;1;
22428;202200014685;787 897;C01;1;15;0;2;4;2;1;
22429;202200014685;787 899;A01;1;15;0;2;1;2;1;
22430;202200014685;787 901;B01;1;7;0;2;4;2;1;
22431;202200014686;787 895;A01;1;10;0;2;1;2;1;
22432;202200014686;787 896;B01;1;7;14;0;4;23;1;
22433;202200014687;787 893;A01;2;7;6;0;6;1;1;
22434;202200014688;787 892;B01;1;7;0;2;1;1;1;
22435;202200014688;787 894;A01;1;7;0;2;7;1;1;
22436;202200014690;787 887;B01;2;37;0;2;1;19;1;2.0
22437;202200014690;787 891;A01;1;10;0;2;7;1;1;
22438;202200014691;787 885;A01;1;30;0;2;2;1;1;
22439;202200014691;787 888;B01;1;7;0;2;8;15;1;
22440;202200014693;787 881;B01;3;31;0;0;8;1;1;
22441;202200014693;787 884;A01;3;32;0;2;2;3;1;
22442;202200014694;787 880;A01;1;7;0;2;8;13;1;
22443;202200014694;787 883;B01;1;33;0;2;7;1;1;
22444;202200014696;787 875;A01;-1;43;0;1;1;1;1;
22445;202200014697;787 869;B01;3;7;0;2;2;0;1;
22446;202200014697;787 873;A01;3;3;0;2;3;1;1;
22447;202200014698;787 871;A01;1;7;0;2;9;2;1;
22448;202200014698;787 872;B01;1;10;0;2;6;2;1;
22449;202200014698;787 874;C01;1;7;0;2;6;2;1;
22450;202200014698;787 876;D01;1;7;0;2;8;2;1;
22451;202200014699;787 867;A01;2;7;2;0;1;1;1;
22452;202200014701;787 866;A01;1;7;0;0;4;1;1;
22453;202200014702;787 864;A01;3;7;0;2;3;13;1;
22454;202200014702;787 865;B01;0;7;0;2;1;1;1;
22455;202200014703;787 861;B01;2;7;0;2;7;1;1;
22456;202200014703;787 862;A01;2;7;0;2;3;2;1;
22457;202200014704;787 859;A01;1;7;0;2;6;15;1;
22458;202200014704;787 863;B01;1;33;0;2;1;2;1;
22459;202200014706;787 853;A01;1;33;0;2;1;13;1;
22460;202200014706;787 856;B01;1;7;0;2;2;15;1;
22461;202200014707;787 851;B01;0;30;0;2;7;1;3;
22462;202200014707;787 854;A01;3;7;0;2;2;11;1;
22463;202200014708;787 849;C01;2;10;0;2;2;1;1;
22464;202200014708;787 850;B01;2;15;0;2;8;1;1;
22465;202200014708;787 852;A01;2;33;0;2;9;3;1;
22466;202200014709;787 845;A01;1;7;0;2;1;0;1;
22467;202200014709;787 848;B01;2;7;0;2;3;0;1;
22468;202200014710;787 842;C01;2;7;0;2;6;2;1;
22469;202200014710;787 844;B01;2;7;0;2;4;2;2;
22470;202200014710;787 846;A01;2;7;0;2;1;12;1;
22471;202200014711;787 841;A01;2;7;0;2;1;2;1;
22472;202200014711;787 843;B01;2;7;0;2;4;2;1;
22473;202200014711;787 847;C01;2;7;0;2;4;2;1;
22474;202200014712;787 839;B01;1;1;1;0;1;1;5;
22475;202200014712;787 840;A01;1;7;0;9;8;0;1;
22476;202200014713;787 837;A01;3;7;0;1;7;1;-1;
22477;202200014715;787 832;B01;1;33;0;2;1;1;1;
22478;202200014715;787 833;A01;2;7;0;2;2;5;1;
22479;202200014717;787 830;A01;2;7;0;1;1;15;1;
22480;202200014718;787 828;B01;2;32;0;1;1;1;1;
22481;202200014718;787 829;A01;2;32;0;2;1;2;1;
22482;202200014719;787 824;A01;1;7;0;2;3;1;1;
22483;202200014719;787 826;B01;2;50;0;2;1;1;3;
22484;202200014720;787 825;B01;2;3;0;0;0;0;0;
22485;202200014720;787 827;A01;1;33;0;2;0;11;1;
22486;202200014721;787 823;A01;1;7;0;1;1;1;1;
22487;202200014722;787 821;A01;1;43;0;0;1;21;1;
22488;202200014723;787 819;A01;2;7;0;2;6;1;0;
22489;202200014723;787 822;B01;2;7;0;2;1;15;0;
22490;202200014724;787 820;A01;1;10;8;0;2;2;1;
22491;202200014725;787 817;A01;1;7;0;1;1;17;0;
22492;202200014726;787 814;C01;1;7;0;2;4;2;0;
22493;202200014726;787 816;B01;1;7;0;2;1;1;2;
22494;202200014726;787 818;A01;1;7;0;2;1;1;1;
22495;202200014728;787 809;A01;2;7;0;2;1;1;1;
22496;202200014728;787 812;B01;1;14;0;2;8;9;1;
22497;202200014729;787 811;A01;0;30;12;0;0;1;1;
22498;202200014730;787 808;B01;2;10;0;2;4;2;1;
22499;202200014730;787 810;A01;2;30;0;2;1;2;1;
22500;202200014731;787 806;B01;1;7;0;2;3;1;3;
22501;202200014731;787 807;A01;1;7;12;0;9;26;1;
22502;202200014732;787 803;A01;3;50;0;2;1;13;3;
22503;202200014732;787 805;B01;3;7;0;9;1;1;0;
22504;202200014733;787 804;A01;3;7;0;1;3;15;1;
22505;202200014734;787 800;B01;1;33;0;2;7;1;1;
22506;202200014734;787 801;A01;1;7;0;2;8;13;1;
22507;202200014735;787 802;A01;2;7;0;1;1;1;1;
22508;202200014736;787 798;B01;2;30;0;2;1;1;1;
22509;202200014736;787 799;A01;1;37;0;2;8;1;1;1.0
22510;202200014737;787 796;B01;1;7;0;2;4;1;1;
22511;202200014737;787 797;A01;1;7;0;2;3;2;1;
22512;202200014738;787 795;A01;2;1;5;0;1;1;5;
22513;202200014739;787 791;A01;3;7;0;2;3;15;1;
22514;202200014739;787 793;B01;3;7;0;2;7;1;1;
22515;202200014740;787 788;A01;1;7;0;1;2;1;1;
22516;202200014741;787 789;A01;1;7;0;2;1;2;1;
22517;202200014741;787 792;B01;1;7;0;2;4;2;1;
22518;202200014741;787 794;C01;1;7;0;2;4;2;1;
22519;202200014742;787 787;B01;2;50;0;9;0;1;3;
22520;202200014742;787 790;A01;2;10;0;0;0;1;1;
22521;202200014743;787 786;A01;1;7;6;0;1;26;1;
22522;202200014744;787 785;A01;1;7;13;0;9;1;1;
22523;202200014745;787 784;A01;3;7;2;0;8;1;1;
22524;202200014746;787 781;A01;2;7;0;2;1;2;1;
22525;202200014746;787 783;B01;2;7;0;2;4;2;1;
22526;202200014747;787 779;A01;1;7;13;0;2;1;1;
22527;202200014748;787 777;A01;1;7;0;2;3;15;1;
22528;202200014748;787 778;Z01;1;7;0;0;0;0;1;
22529;202200014749;787 773;B01;1;7;0;2;1;1;1;
22530;202200014749;787 776;A01;1;7;0;2;4;20;1;
22531;202200014750;787 772;A01;1;10;0;2;1;13;1;
22532;202200014750;787 775;B01;2;10;0;2;1;1;1;
22533;202200014751;787 771;A01;1;10;0;2;6;21;1;
22534;202200014751;787 774;B01;1;10;0;2;2;21;1;
22535;202200014752;787 769;A01;2;30;0;2;0;2;1;
22536;202200014752;787 770;B01;2;1;0;2;4;2;5;
22537;202200014753;787 766;A01;1;7;0;1;0;2;1;
22538;202200014754;787 767;A01;1;33;3;0;8;0;1;
22539;202200014754;787 768;B01;1;7;0;0;4;0;6;
22540;202200014756;787 763;A01;3;31;0;2;1;1;1;
22541;202200014756;787 764;B01;3;7;0;2;4;1;1;
22542;202200014757;787 762;A01;2;7;14;1;2;0;1;
22543;202200014758;787 760;A01;1;10;0;2;1;1;1;
22544;202200014758;787 761;B01;1;7;0;2;4;1;1;
22545;202200014759;787 757;B01;3;7;0;2;4;26;1;
22546;202200014759;787 759;A01;3;7;0;2;1;26;1;
22547;202200014760;787 756;A01;2;7;0;2;1;2;1;
22548;202200014760;787 758;B01;1;31;0;2;1;3;1;
22549;202200014761;787 754;B01;2;33;0;2;1;3;1;
22550;202200014761;787 755;A01;2;7;0;2;7;12;1;
22551;202200014763;787 751;A01;1;7;0;2;6;17;1;
22552;202200014763;787 752;B01;1;31;0;2;1;1;1;
22553;202200014764;787 745;B01;2;7;0;2;4;23;1;
22554;202200014764;787 749;A01;2;10;0;2;1;2;1;
22555;202200014765;787 747;B01;1;33;0;2;1;17;1;
22556;202200014765;787 750;A01;3;7;0;2;1;15;1;
22557;202200014766;787 746;A01;3;7;0;2;8;9;2;
22558;202200014766;787 748;B01;3;30;0;2;1;1;1;
22559;202200014767;787 744;A01;1;33;0;0;0;1;1;
22560;202200014768;787 739;Z01;1;50;0;2;1;1;3;
22561;202200014768;787 741;A01;1;7;0;2;2;16;1;
22562;202200014769;787 738;B01;1;33;2;0;7;1;1;
22563;202200014769;787 740;C01;1;7;1;0;5;26;1;
22564;202200014769;787 743;A01;1;7;2;0;1;9;6;
22565;202200014770;787 735;B01;2;1;0;2;1;1;5;
22566;202200014770;787 736;A01;1;7;0;2;2;16;1;
22567;202200014771;787 733;B01;3;1;0;2;4;2;5;
22568;202200014771;787 734;A01;3;7;0;2;2;2;1;
22569;202200014772;787 732;Z01;1;33;0;1;1;18;1;
22570;202200014773;787 727;C01;1;7;0;2;4;2;1;
22571;202200014773;787 728;B01;1;7;0;2;4;2;1;
22572;202200014773;787 730;A01;1;7;0;2;1;2;1;
22573;202200014774;787 726;A01;3;34;0;2;8;1;1;
22574;202200014774;787 729;B01;3;7;0;2;1;1;2;
22575;202200014775;787 725;B01;2;7;0;2;3;1;1;
22576;202200014775;787 731;A01;1;7;0;2;3;13;2;
22577;202200014776;787 724;A01;1;7;0;1;1;1;1;
22578;202200014777;787 721;A01;1;1;0;2;1;13;5;
22579;202200014777;787 722;B01;2;7;0;2;3;1;1;
22580;202200014778;787 720;A01;2;7;0;2;6;15;1;
22581;202200014778;787 723;B01;2;32;0;2;2;17;1;
22582;202200014779;787 718;B01;1;33;0;2;8;13;1;
22583;202200014779;787 719;A01;1;10;0;2;7;14;1;
22584;202200014781;787 716;A01;1;7;0;1;1;1;3;
22585;202200014782;787 714;A01;2;7;3;0;3;13;1;
22586;202200014783;787 711;A01;3;33;5;0;1;1;1;
22587;202200014784;787 710;C01;1;7;0;2;4;26;1;
22588;202200014784;787 712;B01;1;7;0;2;4;2;1;
22589;202200014784;787 713;A01;1;7;0;2;1;26;1;
22590;202200014785;787 715;A01;2;32;0;1;3;1;1;
22591;202200014786;787 709;A01;3;7;0;1;2;1;1;
22592;202200014787;787 707;A01;2;7;13;2;1;13;1;
22593;202200014787;787 708;B01;1;2;0;2;1;1;1;
22594;202200014788;787 706;A01;2;33;0;0;7;1;1;
22595;202200014789;787 705;Z01;1;1;0;1;1;1;5;
22596;202200014790;787 703;A01;1;33;0;0;7;1;1;
22597;202200014791;787 702;A01;1;7;0;2;1;13;1;
22598;202200014791;787 704;B01;2;7;0;2;1;1;1;
22599;202200014792;787 700;A01;2;7;0;2;3;15;1;
22600;202200014792;787 701;B01;2;7;0;2;1;17;1;
22601;202200014794;787 698;A01;1;7;0;2;8;15;1;
22602;202200014794;787 699;B01;2;33;0;2;1;1;1;
22603;202200014795;787 697;A01;1;7;0;1;2;1;1;
22604;202200014796;787 695;A01;2;7;0;0;9;13;1;
22605;202200014797;787 694;A01;0;7;0;2;1;1;1;
22606;202200014798;787 692;A01;1;1;0;0;9;1;5;
22607;202200014799;787 691;B01;0;1;0;2;7;19;5;
22608;202200014799;787 693;A01;0;7;0;2;1;16;1;
22609;202200014800;787 689;B01;-1;7;0;2;1;1;1;
22610;202200014800;787 690;A01;-1;7;0;2;1;17;1;
22611;202200014801;787 688;A01;2;7;7;0;1;14;1;
22612;202200014802;787 686;A01;1;7;2;0;1;21;1;
22613;202200014803;787 684;A01;0;7;0;1;1;26;1;
22614;202200014804;787 685;B01;1;7;0;2;3;1;1;
22615;202200014804;787 687;A01;2;2;0;2;1;1;1;
22616;202200014805;787 683;A01;1;33;0;9;0;0;1;
22617;202200014806;787 680;B01;2;7;0;2;1;17;1;
22618;202200014806;787 682;A01;2;7;0;2;3;15;1;
22619;202200014807;787 677;A01;1;50;0;1;1;25;3;
22620;202200014808;787 679;B01;3;10;0;2;3;1;1;
22621;202200014808;787 681;A01;1;50;0;2;1;1;3;
22622;202200014809;787 674;A01;1;1;0;2;1;1;5;
22623;202200014809;787 676;B01;1;7;0;2;4;1;1;
22624;202200014811;787 675;A01;1;7;0;2;1;1;1;
22625;202200014811;787 678;B01;1;2;0;0;4;1;1;
22626;202200014812;787 670;B01;2;30;0;2;4;0;1;
22627;202200014812;787 671;A01;3;7;0;2;3;15;1;
22628;202200014814;787 666;B01;3;40;0;2;1;1;3;
22629;202200014814;787 669;A01;3;10;9;4;5;1;1;
22630;202200014815;787 663;A01;2;1;0;2;7;1;5;
22631;202200014815;787 665;B01;2;7;0;2;3;11;1;
22632;202200014816;787 662;A01;2;7;0;2;2;15;1;
22633;202200014816;787 664;B01;3;31;0;2;2;3;1;
22634;202200014817;787 660;A01;2;7;8;0;1;1;1;
22635;202200014818;787 661;A01;1;33;8;0;1;1;1;
22636;202200014819;787 668;A01;2;7;0;1;1;1;0;
22637;202200014820;787 657;B01;3;50;0;2;1;1;3;
22638;202200014820;787 659;A01;3;10;0;2;5;15;1;
22639;202200014821;787 654;B01;2;10;0;2;8;15;1;
22640;202200014821;787 656;A01;2;33;0;2;7;17;1;
22641;202200014821;787 658;C01;1;7;0;2;3;5;1;
22642;202200014824;787 651;B01;3;7;0;2;4;1;1;
22643;202200014824;787 655;A01;3;31;0;2;1;1;1;
22644;202200014825;787 646;A01;1;7;2;0;1;0;1;
22645;202200014826;787 644;B01;2;7;0;2;8;1;1;
22646;202200014826;787 645;A01;2;33;0;2;7;12;1;
22647;202200014829;787 639;A01;3;7;0;2;1;2;1;
22648;202200014829;787 641;B01;3;7;0;2;4;2;1;
22649;202200014830;787 637;B01;1;7;0;2;8;13;1;
22650;202200014830;787 640;A01;1;32;0;2;7;1;1;
22651;202200014831;787 635;A01;3;7;0;1;2;1;1;
22652;202200014832;787 632;B01;2;33;0;2;8;11;1;
22653;202200014832;787 634;A01;2;7;0;2;7;1;1;
22654;202200014833;787 630;B01;2;50;0;2;2;19;3;
22655;202200014833;787 633;A01;1;10;0;2;3;15;1;
22656;202200014835;787 627;A01;2;7;0;1;3;1;1;
22657;202200014836;787 625;Z01;1;10;0;2;2;0;1;
22658;202200014836;787 628;B01;1;7;0;2;6;1;1;
22659;202200014837;787 623;A01;1;7;0;2;1;1;1;
22660;202200014837;787 624;B01;1;10;0;2;4;23;1;
22661;202200014837;787 626;C01;1;7;0;2;4;2;1;
22662;202200014838;787 621;B01;1;80;0;2;5;1;3;
22663;202200014838;787 622;A01;2;7;0;2;3;9;2;
22664;202200014839;787 619;A01;1;7;0;2;2;2;1;
22665;202200014839;787 620;B01;1;7;0;2;4;2;1;
22666;202200014840;787 617;B01;1;1;0;2;8;1;5;
22667;202200014840;787 618;A01;1;10;0;2;2;16;1;
22668;202200014841;787 615;A01;1;7;0;1;1;15;1;
22669;202200014842;787 614;A01;2;7;0;2;1;1;1;
22670;202200014842;787 616;B01;2;7;0;2;4;1;1;
22671;202200014843;787 611;A01;1;33;4;2;7;1;1;
22672;202200014844;787 610;A01;0;7;0;2;1;1;1;
22673;202200014844;787 613;B01;0;7;15;2;1;1;1;
22674;202200014845;787 609;B01;3;7;16;2;3;26;1;
22675;202200014845;787 612;A01;1;7;1;2;2;14;1;
22676;202200014846;787 606;A01;2;7;0;2;3;1;2;
22677;202200014846;787 607;B01;1;7;0;2;3;13;1;
22678;202200014847;787 605;B01;2;7;0;2;3;11;1;
22679;202200014847;787 608;A01;2;10;0;0;0;11;1;
22680;202200014848;787 604;A01;0;7;0;1;2;1;1;
22681;202200014849;787 603;A01;2;7;1;0;3;13;1;
22682;202200014850;787 598;A01;3;33;0;9;9;7;1;
22683;202200014850;787 600;B01;3;1;0;0;0;0;5;
22684;202200014851;787 595;A01;2;7;0;2;1;2;1;
22685;202200014851;787 596;B01;2;7;0;2;4;2;1;
22686;202200014851;787 599;C01;2;7;0;2;7;1;1;
22687;202200014851;787 601;D01;2;7;0;2;6;1;1;
22688;202200014851;787 602;E01;2;7;0;0;8;1;1;
22689;202200014852;787 594;A01;3;7;0;2;7;2;1;
22690;202200014852;787 597;Z01;3;1;0;2;8;2;5;
22691;202200014853;787 593;A01;3;30;0;0;7;1;1;
22692;202200014854;787 588;B01;1;7;0;2;4;1;1;
22693;202200014854;787 591;A01;1;30;0;2;1;1;1;
22694;202200014855;787 589;A01;1;7;0;1;1;15;1;
22695;202200014856;787 587;A01;2;7;0;2;0;26;1;
22696;202200014856;787 590;B01;2;7;0;2;4;0;1;
22697;202200014856;787 592;C01;2;7;0;2;4;0;1;
22698;202200014857;787 584;A01;1;7;0;1;1;17;1;
22699;202200014858;787 582;B01;1;33;0;2;3;3;1;
22700;202200014858;787 586;A01;1;7;0;2;5;12;1;
22701;202200014859;787 583;A01;0;33;0;2;2;17;1;
22702;202200014859;787 585;B01;0;7;0;2;3;15;1;
22703;202200014860;787 581;A01;1;7;0;2;1;1;1;
22704;202200014861;787 579;A01;1;7;0;1;1;1;1;
22705;202200014862;787 577;A01;3;7;0;2;1;10;1;
22706;202200014862;787 580;B01;3;30;0;2;7;1;1;
22707;202200014865;787 573;A01;2;7;0;2;1;1;1;
22708;202200014866;787 571;A01;3;7;0;1;0;1;1;
22709;202200014867;787 570;A01;1;10;0;2;3;13;1;
22710;202200014867;787 572;B01;2;7;0;2;3;1;1;
22711;202200014868;787 567;A01;1;7;0;2;1;1;1;
22712;202200014868;787 568;B01;1;7;0;2;4;2;1;
22713;202200014868;787 569;C01;1;7;0;2;4;2;1;
22714;202200014869;787 565;A01;2;7;11;0;1;1;1;
22715;202200014870;787 562;A01;2;7;0;2;5;12;3;
22716;202200014870;787 563;B01;2;33;0;2;1;3;1;
22717;202200014871;787 564;A01;0;7;0;2;1;0;1;
22718;202200014871;787 566;B01;0;7;0;2;4;0;1;
22719;202200014872;787 561;A01;3;7;8;0;1;13;1;
22720;202200014873;787 558;B01;1;7;0;2;4;1;1;
22721;202200014873;787 560;A01;1;32;0;2;1;1;1;
22722;202200014874;787 554;A01;1;7;0;2;3;10;1;
22723;202200014874;787 557;B01;1;50;0;2;0;0;3;
22724;202200014875;787 553;A01;2;15;3;2;1;1;1;
22725;202200014875;787 556;B01;2;7;3;2;4;1;1;
22726;202200014875;787 559;C01;2;7;3;2;4;1;1;
22727;202200014876;787 552;B01;1;7;0;2;0;0;1;
22728;202200014876;787 555;A01;1;7;0;2;1;5;1;
22729;202200014877;787 550;B01;2;50;0;2;1;1;3;
22730;202200014877;787 551;A01;3;1;0;2;1;26;5;
22731;202200014878;787 549;A01;3;7;11;0;2;1;1;
22732;202200014879;787 548;A01;1;7;13;0;1;17;1;
22733;202200014880;787 547;A01;2;7;13;0;1;13;1;
22734;202200014881;787 544;A01;1;7;0;2;1;1;1;
22735;202200014881;787 546;B01;3;10;0;2;7;1;1;
22736;202200014882;787 545;A01;1;7;0;1;2;1;1;
22737;202200014883;787 543;A01;3;7;6;0;3;11;1;
22738;202200014884;787 541;B01;2;2;0;2;1;1;1;
22739;202200014884;787 542;A01;2;7;0;2;1;1;1;
22740;202200014885;787 536;B01;2;80;0;2;1;1;3;
22741;202200014885;787 537;A01;3;10;0;2;5;4;1;
22742;202200014886;787 534;A01;1;7;0;2;1;2;1;
22743;202200014886;787 538;B01;1;7;0;2;4;2;1;
22744;202200014886;787 539;C01;1;7;0;2;4;2;1;
22745;202200014887;787 533;B01;3;15;0;2;5;15;0;
22746;202200014887;787 535;A01;3;7;0;2;1;1;1;
22747;202200014888;787 532;A01;2;10;8;0;5;0;1;
22748;202200014890;787 529;B01;2;7;0;2;3;15;1;
22749;202200014890;787 530;A01;1;1;0;2;7;17;5;
22750;202200014891;787 528;A01;2;7;0;0;0;2;1;
22751;202200014892;787 526;B01;1;33;0;2;1;1;1;
22752;202200014892;787 527;A01;2;7;0;2;5;15;1;
22753;202200014893;787 522;A01;1;7;0;9;2;2;1;
22754;202200014893;787 525;B01;1;50;0;2;8;1;3;
22755;202200014894;787 520;A01;0;7;13;0;2;14;1;
22756;202200014895;787 519;A01;2;31;0;2;1;2;1;
22757;202200014895;787 524;B01;2;7;0;2;4;23;1;
22758;202200014896;787 516;E01;1;7;0;2;4;2;2;
22759;202200014896;787 517;B01;1;7;0;2;4;2;1;
22760;202200014896;787 518;A01;1;7;0;2;1;2;1;
22761;202200014896;787 521;D01;1;7;0;2;1;2;1;
22762;202200014896;787 523;C01;1;7;0;2;4;2;1;
22763;202200014897;787 515;A01;1;7;17;0;1;1;1;
22764;202200014898;787 512;A01;1;7;0;1;1;1;1;
22765;202200014899;787 511;A01;2;30;0;2;1;2;1;
22766;202200014899;787 514;B01;2;7;0;2;5;23;1;
22767;202200014900;787 510;A01;1;33;0;2;1;1;1;
22768;202200014900;787 513;B01;3;7;0;2;7;1;1;
22769;202200014901;787 508;A01;1;7;0;2;2;1;1;
22770;202200014901;787 509;B01;2;30;0;2;3;9;1;
22771;202200014902;787 506;A01;1;10;0;1;2;1;1;
22772;202200014904;787 505;A01;0;7;0;1;1;26;1;
22773;202200014905;787 503;A01;2;2;0;0;7;15;1;
22774;202200014906;787 502;A01;1;10;0;1;2;1;1;
22775;202200014908;787 496;A01;1;1;0;2;1;15;5;
22776;202200014908;787 497;B01;1;7;0;9;5;16;1;
22777;202200014909;787 494;B01;3;32;0;2;8;18;1;
22778;202200014909;787 499;A01;3;15;0;2;7;16;1;
22779;202200014910;787 495;A01;1;7;14;2;1;1;1;
22780;202200014910;787 498;B01;1;7;0;2;4;23;1;
22781;202200014910;787 501;C01;1;7;0;2;4;23;1;
22782;202200014911;787 490;B01;1;7;0;0;0;1;1;
22783;202200014911;787 492;A01;1;7;2;0;0;21;1;
22784;202200014912;787 491;B01;1;80;0;2;8;1;3;
22785;202200014912;787 493;A01;1;7;0;2;1;1;1;
22786;202200014913;787 485;B01;2;7;0;2;1;1;1;
22787;202200014913;787 488;A01;1;7;0;2;1;13;1;
22788;202200014914;787 486;A01;3;32;12;0;1;5;0;
22789;202200014916;787 483;B01;2;1;1;2;8;1;5;
22790;202200014916;787 484;A01;1;7;0;2;3;15;1;
22791;202200014917;787 482;A01;2;14;2;0;8;1;1;
22792;202200014918;787 480;B01;1;7;0;2;4;2;1;
22793;202200014918;787 481;A01;1;33;0;2;1;2;1;
22794;202200014919;787 478;A01;1;7;13;0;0;1;1;
22795;202200014920;787 476;B01;2;7;0;2;4;2;1;
22796;202200014920;787 479;A01;2;32;0;2;1;2;1;
22797;202200014921;787 475;A01;1;32;0;2;1;1;1;
22798;202200014921;787 477;B01;1;7;0;2;3;15;1;
22799;202200014922;787 473;B01;0;1;0;2;0;1;5;
22800;202200014922;787 474;A01;1;10;0;2;0;0;0;
22801;202200014923;787 470;A01;2;31;13;0;1;1;1;
22802;202200014924;787 471;A01;1;1;0;1;1;2;5;
22803;202200014925;787 468;A01;0;33;0;0;0;26;1;
22804;202200014926;787 469;A01;1;7;0;2;2;19;1;
22805;202200014926;787 472;B01;1;7;0;2;3;1;1;
22806;202200014927;787 466;A01;2;7;6;0;3;13;1;
22807;202200014928;787 465;A01;1;7;0;2;7;22;2;
22808;202200014928;787 467;B01;1;80;0;2;8;1;3;
22809;202200014929;787 464;A01;3;99;0;1;2;1;0;
22810;202200014930;787 462;B01;1;7;0;2;1;19;1;
22811;202200014930;787 463;A01;1;7;0;2;2;15;1;
22812;202200014931;787 461;A01;1;2;0;0;8;15;3;
22813;202200014932;787 460;A01;2;7;0;0;1;0;1;
22814;202200014933;787 456;A01;2;10;0;2;7;1;1;
22815;202200014933;787 458;B01;2;50;0;2;8;13;3;
22816;202200014934;787 459;A01;0;10;0;1;3;1;1;
22817;202200014935;787 454;A01;3;36;0;0;3;16;1;
22818;202200014936;787 455;A01;1;32;0;2;6;21;1;
22819;202200014938;787 449;A01;2;7;0;2;3;19;1;