;Num_Acc;id_vehicule;num_veh;senc;catv;obs;obsm;choc;manv;motor;occutc
22820;202200014938;787 453;B01;2;7;0;2;2;1;1;
22821;202200014941;787 445;B01;1;15;0;2;6;1;1;
22822;202200014941;787 446;A01;1;7;4;2;2;1;1;
22823;202200014942;787 442;A01;1;7;0;2;2;1;1;
22824;202200014942;787 444;B01;2;43;0;2;3;1;1;
22825;202200014943;787 441;A01;1;7;13;0;2;1;1;
22826;202200014944;787 440;A01;2;50;0;0;1;16;3;
22827;202200014945;787 443;A01;2;7;2;0;3;15;1;
22828;202200014948;787 433;B01;2;7;0;2;3;1;1;
22829;202200014948;787 435;A01;1;33;0;2;1;13;1;
22830;202200014949;787 431;A01;1;7;0;2;2;1;0;
22831;202200014949;787 434;B01;1;7;0;2;6;1;1;
22832;202200014950;787 432;A01;2;2;0;2;2;17;1;
22833;202200014950;787 437;B01;2;7;0;2;3;15;1;
22834;202200014951;787 429;A01;2;7;0;1;2;1;1;
22835;202200014952;787 428;A01;1;1;0;2;7;1;5;
22836;202200014952;787 430;B01;3;7;0;9;3;15;1;
22837;202200014953;787 426;A01;1;7;14;0;1;1;1;
22838;202200014954;787 424;A01;1;10;8;0;9;13;1;
22839;202200014955;787 422;C01;1;7;3;2;4;1;1;
22840;202200014955;787 425;B01;2;7;3;2;1;1;1;
22841;202200014955;787 427;A01;1;7;0;2;1;1;1;
22842;202200014956;787 421;A01;1;2;0;0;0;0;0;
22843;202200014957;787 417;A01;2;7;13;0;2;15;1;
22844;202200014958;787 414;A01;1;50;0;2;1;19;3;
22845;202200014958;787 418;B01;2;7;0;2;2;1;1;
22846;202200014959;787 415;A01;1;7;15;0;2;14;1;
22847;202200014961;787 411;D01;1;7;0;2;2;1;1;
22848;202200014961;787 413;A01;1;7;0;2;5;15;1;
22849;202200014961;787 416;B01;2;7;0;2;0;1;0;
22850;202200014961;787 419;C01;2;7;0;2;1;13;1;
22851;202200014963;787 408;A01;-1;7;0;2;1;1;1;
22852;202200014964;787 405;B01;1;7;0;2;1;21;1;
22853;202200014964;787 407;A01;2;7;0;2;8;26;1;
22854;202200014965;787 404;A01;2;33;0;2;1;13;1;
22855;202200014965;787 406;B01;1;33;0;2;1;13;1;
22856;202200014966;787 402;A01;3;37;0;1;2;1;1;1.0
22857;202200014967;787 401;A01;2;7;9;0;1;1;1;
22858;202200014968;787 398;B01;1;7;0;2;1;1;1;
22859;202200014968;787 399;A01;2;34;0;2;8;15;1;
22860;202200014969;787 396;A01;0;7;0;1;3;1;0;
22861;202200014970;787 394;B01;2;7;0;2;7;1;1;
22862;202200014970;787 395;A01;2;7;0;2;3;9;2;
22863;202200014971;787 397;A01;2;7;0;2;1;1;1;
22864;202200014971;787 400;B01;2;7;0;2;4;2;1;
22865;202200014971;787 403;C01;2;10;0;2;1;26;1;
22866;202200014972;787 393;A01;3;10;0;1;2;1;1;
22867;202200014974;787 388;A01;3;7;0;2;2;19;1;
22868;202200014974;787 390;B01;1;2;0;2;1;1;1;
22869;202200014975;787 387;A01;1;2;1;0;2;1;1;
22870;202200014976;787 384;A01;1;7;0;2;2;16;1;
22871;202200014976;787 386;B01;1;30;0;2;3;18;1;
22872;202200014978;787 377;A01;2;10;0;2;7;1;1;
22873;202200014978;787 380;B01;1;7;0;2;1;1;1;
22874;202200014979;787 379;B01;1;7;0;2;3;2;0;
22875;202200014979;787 382;A01;1;7;0;0;4;23;0;
22876;202200014980;787 374;B01;0;7;0;2;4;2;1;
22877;202200014980;787 376;A01;-1;30;0;2;1;2;1;
22878;202200014981;787 375;A01;2;7;0;9;8;1;1;
22879;202200014981;787 378;B01;1;1;0;2;3;1;5;
22880;202200014982;787 371;B01;2;7;15;2;1;21;1;
22881;202200014982;787 373;A01;2;1;0;2;1;19;5;
22882;202200014983;787 370;B01;2;7;0;2;5;23;1;
22883;202200014983;787 372;A01;2;33;0;2;3;3;1;
22884;202200014984;787 369;A01;1;7;0;1;3;1;1;
22885;202200014985;787 365;B01;1;30;0;2;1;1;1;
22886;202200014985;787 367;A01;3;21;0;2;3;15;1;
22887;202200014986;787 363;A01;2;7;13;0;1;1;1;
22888;202200014987;787 366;A01;1;7;0;2;1;17;1;
22889;202200014987;787 368;B01;1;21;0;0;8;15;1;
22890;202200014988;787 362;B01;2;7;0;2;3;15;2;
22891;202200014988;787 364;A01;2;32;0;2;2;17;1;
22892;202200014989;787 361;A01;1;7;0;1;2;1;1;
22893;202200014990;787 360;A01;3;33;0;0;7;1;1;
22894;202200014991;787 358;A01;2;10;2;0;1;1;1;
22895;202200014992;787 355;A01;2;7;13;0;1;1;1;
22896;202200014993;787 354;A01;3;31;0;2;1;16;1;
22897;202200014993;787 357;B01;3;10;0;2;2;1;1;
22898;202200014994;787 356;A01;2;7;0;2;1;9;1;
22899;202200014994;787 359;B01;2;10;0;0;4;1;1;
22900;202200014995;787 348;A01;2;7;0;2;5;1;1;
22901;202200014995;787 351;B01;2;7;0;2;1;1;1;
22902;202200014996;787 345;D01;2;7;0;2;8;2;1;
22903;202200014996;787 347;C01;2;7;0;2;2;2;1;
22904;202200014996;787 350;B01;2;7;0;0;3;1;1;
22905;202200014996;787 353;A01;2;7;0;2;1;2;0;
22906;202200014998;787 346;B01;1;7;0;2;8;1;1;
22907;202200014998;787 349;A01;2;33;0;2;8;13;1;
22908;202200014999;787 342;B01;1;7;0;2;2;12;1;
22909;202200014999;787 343;A01;1;7;0;2;8;1;1;
22910;202200015000;787 340;A01;2;7;0;2;2;13;1;
22911;202200015000;787 341;B01;1;7;0;2;2;1;1;
22912;202200015001;787 339;A01;2;7;3;0;3;1;1;
22913;202200015002;787 333;A01;1;10;0;2;7;2;1;
22914;202200015002;787 336;B01;1;1;0;2;8;2;5;
22915;202200015003;787 337;A01;1;7;0;1;2;0;0;
22916;202200015004;787 335;B01;1;7;1;0;2;1;1;
22917;202200015004;787 338;Z01;1;7;1;0;6;23;1;
22918;202200015005;787 332;A01;3;7;13;0;1;0;2;
22919;202200015006;787 331;B01;2;7;0;2;3;1;1;
22920;202200015006;787 334;A01;1;7;0;2;6;1;1;
22921;202200015007;787 325;C01;2;7;0;2;1;17;1;
22922;202200015007;787 329;A01;1;7;0;2;1;1;1;
22923;202200015008;787 326;A01;1;7;9;0;7;13;1;
22924;202200015009;787 324;A01;1;7;0;2;1;2;1;
22925;202200015009;787 327;B01;1;7;0;2;4;23;1;
22926;202200015009;787 330;C01;1;7;0;2;4;23;1;
22927;202200015010;787 322;B01;1;7;0;2;1;1;1;
22928;202200015010;787 328;A01;2;33;0;2;1;1;1;
22929;202200015011;787 321;A01;1;31;0;0;8;1;1;
22930;202200015012;787 320;A01;1;7;0;2;3;13;1;
22931;202200015012;787 323;B01;2;17;0;2;3;1;1;
22932;202200015013;787 319;A01;2;7;0;1;1;10;1;
22933;202200015014;787 316;A01;1;7;0;0;9;0;1;
22934;202200015015;787 314;A01;2;7;0;0;6;1;1;
22935;202200015015;787 315;B01;2;7;0;2;2;0;1;
22936;202200015017;787 309;A01;1;10;0;2;1;1;1;
22937;202200015017;787 311;B01;1;7;0;0;4;1;1;
22938;202200015018;787 313;A01;1;7;0;2;1;2;1;
22939;202200015018;787 318;B01;1;15;0;0;4;1;1;
22940;202200015019;787 306;B01;2;7;0;2;3;13;1;
22941;202200015019;787 308;A01;1;7;0;2;6;1;1;
22942;202200015020;787 304;A01;2;1;6;9;1;15;5;
22943;202200015021;787 303;A01;1;7;0;2;1;2;1;
22944;202200015021;787 305;B01;1;7;0;2;1;2;1;
22945;202200015021;787 307;C01;1;7;0;2;4;2;1;
22946;202200015022;787 301;A01;3;7;13;0;0;1;1;
22947;202200015023;787 297;A01;1;10;0;2;3;1;1;
22948;202200015023;787 299;B01;2;10;0;2;3;13;1;
22949;202200015025;787 300;B01;2;33;0;2;1;1;1;
22950;202200015025;787 302;A01;1;7;0;2;2;15;1;
22951;202200015026;787 294;A01;1;7;2;0;3;1;1;
22952;202200015027;787 292;A01;2;7;0;2;1;13;1;
22953;202200015027;787 295;B01;1;7;0;2;1;1;1;
22954;202200015028;787 290;A01;3;2;0;5;1;1;1;
22955;202200015029;787 287;A01;1;7;16;0;1;2;1;
22956;202200015030;787 285;E01;2;7;0;2;1;1;1;
22957;202200015030;787 286;D01;2;7;0;2;1;1;1;
22958;202200015030;787 289;C01;2;10;0;2;1;1;1;
22959;202200015030;787 291;B01;2;10;0;2;4;0;1;
22960;202200015030;787 293;A01;2;0;0;2;0;0;0;
22961;202200015031;787 284;A01;2;7;0;2;1;1;1;
22962;202200015031;787 288;B01;2;10;0;2;4;2;1;
22963;202200015032;787 281;B01;1;13;0;0;6;15;1;
22964;202200015032;787 283;A01;2;32;0;2;2;9;1;
22965;202200015033;787 280;A01;2;7;17;0;0;1;1;
22966;202200015034;787 278;B01;1;7;4;2;4;1;1;
22967;202200015034;787 282;A01;1;7;4;2;1;17;1;
22968;202200015035;787 277;B01;1;7;0;2;1;14;1;
22969;202200015035;787 279;A01;1;7;0;2;0;0;1;
22970;202200015036;787 275;A01;1;7;0;0;0;0;3;
22971;202200015037;787 274;A01;1;2;0;2;1;2;1;
22972;202200015037;787 276;B01;2;7;0;2;5;20;1;
22973;202200015038;787 270;B01;1;7;0;2;1;1;1;
22974;202200015038;787 273;A01;2;7;0;2;7;17;1;
22975;202200015039;787 269;A01;2;7;13;0;7;1;1;
22976;202200015040;787 268;C01;1;7;0;2;4;2;1;
22977;202200015040;787 271;B01;1;7;0;2;4;2;1;
22978;202200015040;787 272;A01;1;7;0;2;1;2;1;
22979;202200015041;787 267;A01;0;7;15;0;3;17;1;
22980;202200015042;787 264;A01;0;7;0;1;4;4;1;
22981;202200015043;787 262;A01;2;7;0;2;1;2;1;
22982;202200015043;787 265;B01;2;7;0;2;4;1;1;
22983;202200015044;787 261;B01;2;7;0;2;6;9;3;
22984;202200015044;787 266;A01;1;2;0;2;1;1;1;
22985;202200015045;787 260;B01;2;7;0;2;1;15;1;
22986;202200015045;787 263;A01;1;33;0;2;1;1;1;
22987;202200015046;787 259;A01;2;31;0;2;2;17;1;
22988;202200015047;787 258;A01;2;7;3;2;3;1;1;
22989;202200015049;787 256;A01;2;7;0;1;7;1;1;
22990;202200015050;787 255;A01;1;7;13;0;1;14;1;
22991;202200015051;787 253;A01;1;2;0;0;0;1;1;
22992;202200015052;787 251;B01;2;33;0;2;2;1;1;
22993;202200015052;787 254;A01;2;10;0;2;3;11;1;
22994;202200015053;787 250;B01;1;7;0;2;3;1;1;
22995;202200015053;787 252;A01;2;7;0;2;3;13;1;
22996;202200015054;787 247;B01;2;7;0;2;3;26;1;
22997;202200015054;787 249;A01;1;31;0;2;2;11;1;
22998;202200015056;787 245;A01;2;7;4;0;0;0;1;
22999;202200015059;787 237;B01;1;7;0;2;7;1;2;
23000;202200015059;787 239;A01;2;30;0;2;1;19;1;
23001;202200015060;787 234;D01;2;7;0;9;1;21;1;
23002;202200015060;787 236;A01;1;7;4;0;0;21;1;
23003;202200015060;787 238;B01;1;7;1;0;1;2;1;
23004;202200015060;787 242;C01;1;7;1;0;1;2;1;
23005;202200015061;787 233;A01;2;7;0;2;3;13;1;
23006;202200015061;787 235;B01;1;7;0;2;8;26;1;
23007;202200015061;787 240;C01;2;7;0;2;8;1;1;
23008;202200015062;787 230;B01;1;7;0;2;1;1;1;
23009;202200015062;787 232;A01;2;7;0;2;7;13;1;
23010;202200015063;787 231;A01;2;7;0;1;2;1;1;
23011;202200015064;787 227;B01;2;1;0;2;4;19;5;
23012;202200015064;787 229;A01;2;7;0;2;1;1;1;
23013;202200015065;787 226;B01;3;7;0;2;1;1;1;
23014;202200015065;787 228;A01;3;7;12;0;6;20;1;
23015;202200015066;787 224;A01;2;10;0;0;4;1;1;
23016;202200015066;787 225;B01;2;7;0;2;1;0;1;
23017;202200015067;787 220;B01;2;7;0;2;4;23;1;
23018;202200015067;787 222;A01;2;33;1;0;1;1;1;
23019;202200015068;787 219;B01;2;10;0;2;4;2;1;
23020;202200015068;787 223;A01;2;10;0;2;1;2;1;
23021;202200015069;787 218;A01;2;7;0;2;1;1;1;
23022;202200015069;787 221;B01;2;7;0;2;7;1;1;
23023;202200015071;787 214;A01;1;31;0;2;8;9;1;
23024;202200015071;787 215;Z01;2;7;0;2;1;1;1;
23025;202200015072;787 210;A01;2;7;0;2;1;2;1;
23026;202200015072;787 213;B01;2;7;0;2;5;2;1;
23027;202200015073;787 212;A01;2;7;0;1;2;1;1;
23028;202200015075;787 206;B01;2;7;0;2;4;1;1;
23029;202200015075;787 208;A01;2;7;0;2;1;1;1;
23030;202200015076;787 204;B01;2;7;0;2;4;1;1;
23031;202200015076;787 207;A01;2;7;0;2;1;2;1;
23032;202200015077;787 202;B01;1;7;0;2;7;13;1;
23033;202200015077;787 205;A01;1;7;0;2;3;10;1;
23034;202200015078;787 203;A01;3;33;0;0;0;1;1;
23035;202200015079;787 198;B01;2;2;0;2;1;1;1;
23036;202200015079;787 201;A01;1;7;0;2;1;15;1;
23037;202200015080;787 195;C01;2;10;0;2;3;1;3;
23038;202200015080;787 197;B01;1;7;0;2;3;16;1;
23039;202200015080;787 200;A01;1;10;0;2;2;1;1;
23040;202200015082;787 190;A01;1;2;0;2;1;5;1;
23041;202200015082;787 192;B01;2;7;0;2;1;1;1;
23042;202200015083;787 189;A01;2;7;4;0;9;2;1;
23043;202200015084;787 188;B01;1;7;0;2;3;6;1;
23044;202200015084;787 191;A01;2;7;0;2;3;1;1;
23045;202200015085;787 193;A01;2;7;13;0;1;1;1;
23046;202200015087;787 184;A01;1;7;0;2;1;2;3;
23047;202200015087;787 186;B01;1;7;0;2;2;2;1;
23048;202200015088;787 182;B01;1;33;0;2;1;2;1;
23049;202200015088;787 183;A01;1;7;0;2;2;26;1;
23050;202200015089;787 179;B01;1;7;0;2;8;1;1;
23051;202200015089;787 180;A01;2;31;0;2;8;17;1;
23052;202200015090;787 178;A01;1;80;0;2;4;2;3;
23053;202200015090;787 181;B01;1;7;0;2;2;2;1;
23054;202200015091;787 176;A01;1;43;0;2;8;3;1;
23055;202200015091;787 177;B01;1;7;0;2;2;12;1;
23056;202200015092;787 175;A01;2;37;1;0;2;1;1;1.0
23057;202200015093;787 174;A01;0;7;0;1;1;1;1;
23058;202200015094;787 172;A01;2;7;4;0;3;1;1;
23059;202200015095;787 170;A01;1;7;0;1;2;16;1;
23060;202200015096;787 169;B01;3;50;0;2;1;1;3;
23061;202200015096;787 171;A01;3;7;0;2;1;16;1;
23062;202200015097;787 168;A01;3;7;13;2;1;19;1;
23063;202200015099;787 164;B01;1;3;3;0;4;1;1;
23064;202200015099;787 166;A01;1;13;0;2;1;1;0;
23065;202200015100;787 163;A01;1;7;3;0;1;9;1;
23066;202200015101;787 160;C01;1;7;0;2;1;2;1;
23067;202200015101;787 162;B01;1;7;0;2;1;2;1;
23068;202200015101;787 165;A01;1;7;0;9;4;2;1;
23069;202200015102;787 156;C01;2;7;0;2;3;1;1;
23070;202200015102;787 158;B01;2;15;0;2;8;1;1;
23071;202200015102;787 159;A01;2;31;0;2;7;17;1;
23072;202200015103;787 155;PB01;2;31;0;2;1;1;1;
23073;202200015103;787 157;A01;1;7;0;2;2;15;1;
23074;202200015104;787 153;A01;1;7;0;1;2;19;1;
23075;202200015105;787 154;B01;1;7;0;0;2;1;1;
23076;202200015105;787 161;A01;2;7;0;2;3;17;1;
23077;202200015106;787 152;A01;2;43;13;0;7;14;1;
23078;202200015107;787 151;A01;1;7;0;1;2;16;2;
23079;202200015108;787 150;A01;2;7;0;1;1;1;1;
23080;202200015109;787 149;A01;1;7;2;0;1;1;1;
23081;202200015110;787 148;A01;2;7;2;0;1;14;1;
23082;202200015111;787 146;A01;2;34;0;1;2;1;1;
23083;202200015112;787 145;A01;3;2;2;0;1;1;1;
23084;202200015113;787 144;Z01;2;10;0;2;1;1;1;
23085;202200015113;787 147;A01;2;1;0;2;3;1;5;
23086;202200015114;787 143;A01;3;36;15;0;5;1;1;
23087;202200015115;787 142;A01;1;7;1;0;1;1;1;
23088;202200015116;787 139;B01;2;10;0;2;0;1;1;
23089;202200015116;787 140;A01;2;7;0;2;0;16;1;
23090;202200015117;787 137;A01;3;14;0;1;1;1;1;
23091;202200015118;787 135;A01;2;7;0;2;2;2;1;
23092;202200015118;787 138;B01;2;50;0;0;4;2;3;
23093;202200015119;787 134;A01;2;50;0;0;0;1;3;
23094;202200015120;787 136;A01;0;7;0;1;1;1;2;
23095;202200015121;787 132;A01;1;33;0;0;7;1;1;
23096;202200015122;787 131;B01;1;7;0;2;6;1;1;
23097;202200015122;787 133;A01;1;43;0;2;1;14;1;
23098;202200015124;787 129;A01;1;7;0;1;4;26;1;
23099;202200015125;787 125;B01;1;7;0;0;6;1;1;
23100;202200015125;787 127;A01;1;7;0;2;2;17;1;
23101;202200015127;787 121;B01;2;1;0;2;1;1;5;
23102;202200015127;787 123;A01;2;7;0;9;3;9;1;
23103;202200015128;787 119;A01;1;7;0;2;0;0;1;
23104;202200015128;787 120;B01;1;7;0;2;0;0;1;
23105;202200015128;787 124;C01;1;7;0;2;0;0;2;
23106;202200015129;787 118;A01;1;2;0;0;0;1;1;
23107;202200015130;787 116;A01;2;7;0;1;3;13;1;
23108;202200015131;787 117;Z01;2;10;0;1;4;4;3;
23109;202200015132;787 113;A01;1;10;0;2;4;1;1;
23110;202200015132;787 115;B01;1;7;0;2;1;2;1;
23111;202200015133;787 111;A01;2;7;0;1;2;1;2;
23112;202200015134;787 112;A01;2;7;0;0;4;1;1;
23113;202200015134;787 114;B01;2;1;0;2;1;2;5;
23114;202200015135;787 109;B01;2;1;1;0;1;1;5;
23115;202200015135;787 110;A01;2;7;0;2;5;23;1;
23116;202200015136;787 106;A01;1;7;0;0;8;1;1;
23117;202200015137;787 105;B01;1;1;0;2;1;1;5;
23118;202200015137;787 108;A01;1;7;0;2;3;17;1;
23119;202200015138;787 104;B01;2;2;0;2;1;17;1;
23120;202200015138;787 107;A01;2;7;0;0;6;15;1;
23121;202200015139;787 103;A01;2;10;0;1;2;1;6;
23122;202200015140;787 100;A01;1;10;0;1;1;2;1;
23123;202200015141;787 098;B01;1;7;0;2;4;2;1;
23124;202200015141;787 101;A01;1;10;0;2;5;2;1;
23125;202200015141;787 102;C01;1;10;0;2;1;2;1;
23126;202200015143;787 095;B01;2;1;0;2;1;1;5;
23127;202200015143;787 097;A01;2;7;0;2;3;16;4;
23128;202200015144;787 094;A01;1;10;0;1;5;4;1;
23129;202200015145;787 090;A01;1;7;0;0;4;1;1;
23130;202200015145;787 092;B01;1;7;0;2;4;1;1;
23131;202200015145;787 093;Z01;2;7;0;0;0;0;0;
23132;202200015147;787 087;A01;2;2;0;2;1;5;1;
23133;202200015147;787 091;B01;1;7;0;2;3;1;1;
23134;202200015148;787 086;B01;1;31;0;2;1;9;1;
23135;202200015148;787 089;A01;1;10;0;2;3;9;1;
23136;202200015150;787 081;A01;2;7;0;1;7;16;1;
23137;202200015151;787 079;A01;2;7;11;0;1;14;1;
23138;202200015152;787 080;A01;1;30;0;2;8;11;1;
23139;202200015152;787 082;B01;1;7;0;0;7;1;1;
23140;202200015153;787 076;A01;2;7;0;2;4;2;1;
23141;202200015154;787 074;B01;2;33;0;2;1;1;1;
23142;202200015154;787 078;A01;1;10;0;2;1;15;1;
23143;202200015155;787 070;A01;1;7;0;2;3;15;1;
23144;202200015155;787 077;B01;3;33;0;2;1;1;1;
23145;202200015157;787 069;C01;1;7;0;2;4;2;1;
23146;202200015157;787 071;B01;1;31;0;2;4;2;1;
23147;202200015157;787 073;A01;1;10;0;2;1;2;1;
23148;202200015158;787 064;B01;2;7;8;2;7;19;1;
23149;202200015158;787 068;A01;1;7;8;2;1;1;1;
23150;202200015159;787 063;A01;2;7;0;2;1;2;1;
23151;202200015159;787 067;B01;2;33;0;2;4;1;1;
23152;202200015160;787 062;A01;1;7;0;2;1;2;1;
23153;202200015160;787 066;B01;1;15;0;2;6;1;1;
23154;202200015161;787 061;A01;1;7;0;2;3;9;1;
23155;202200015161;787 065;B01;2;1;0;2;4;1;5;
23156;202200015162;787 056;B01;1;15;0;2;4;2;1;
23157;202200015162;787 060;A01;1;7;0;2;1;2;1;
23158;202200015163;787 055;A01;2;7;0;2;1;1;1;
23159;202200015163;787 058;B01;2;7;0;0;8;15;1;
23160;202200015164;787 057;A01;1;7;0;1;1;0;1;
23161;202200015165;787 049;B01;1;7;0;2;4;0;1;
23162;202200015165;787 053;A01;1;33;0;2;1;13;1;
23163;202200015167;787 048;A01;1;33;0;2;1;17;1;
23164;202200015167;787 052;B01;1;7;0;0;8;15;1;
23165;202200015168;787 044;B01;1;7;0;2;6;0;1;
23166;202200015168;787 046;A01;1;33;0;2;4;0;1;
23167;202200015169;787 045;B01;2;7;0;2;3;15;1;
23168;202200015169;787 050;A01;0;33;0;2;1;26;1;
23169;202200015170;787 042;A01;1;7;0;1;2;1;1;
23170;202200015171;787 043;A01;2;33;0;0;7;15;1;
23171;202200015173;787 038;A01;2;7;0;2;1;26;1;
23172;202200015173;787 040;B01;2;31;0;2;4;1;1;
23173;202200015175;787 035;A01;2;33;13;6;0;0;1;
23174;202200015176;787 033;A01;1;7;0;1;1;1;1;
23175;202200015177;787 031;C01;2;7;0;2;4;2;1;
23176;202200015177;787 034;B01;2;10;0;2;4;0;1;
23177;202200015177;787 036;A01;2;10;0;2;1;2;1;
23178;202200015179;787 026;A01;0;30;0;0;0;9;1;
23179;202200015180;787 027;B01;2;33;0;2;1;17;1;
23180;202200015180;787 029;A01;2;7;0;0;4;15;1;
23181;202200015181;787 024;A01;1;15;0;2;6;9;1;
23182;202200015181;787 028;B01;1;7;0;2;1;1;1;
23183;202200015182;787 023;A01;2;7;0;2;1;2;1;
23184;202200015182;787 025;B01;2;10;0;2;6;2;1;
23185;202200015183;787 021;A01;1;33;0;0;1;1;1;
23186;202200015184;787 022;A01;2;33;13;0;1;1;1;
23187;202200015185;787 015;A01;2;7;4;0;1;1;1;
23188;202200015187;787 013;A01;2;7;0;2;1;1;1;
23189;202200015187;787 017;B01;2;7;0;2;4;1;1;
23190;202200015187;787 018;C01;2;3;0;2;4;1;1;
23191;202200015187;787 020;D01;2;7;0;2;4;1;0;
23192;202200015188;787 014;A01;1;7;2;0;3;13;1;
23193;202200015189;787 007;A01;2;7;0;2;3;13;1;
23194;202200015189;787 010;B01;1;7;0;2;1;1;1;
23195;202200015190;787 009;B01;2;7;0;2;7;1;1;
23196;202200015190;787 012;A01;2;33;0;2;8;3;1;
23197;202200015192;787 006;A01;0;10;0;2;1;1;1;
23198;202200015192;787 011;B01;0;50;0;2;2;1;3;
23199;202200015193;787 002;A01;1;33;0;0;8;21;1;
23200;202200015194;786 999;B01;3;30;0;2;1;1;1;
23201;202200015194;787 001;A01;3;7;0;2;1;1;0;
23202;202200015196;786 998;A01;2;7;0;2;3;15;1;
23203;202200015196;787 003;B01;2;2;0;2;1;1;1;
23204;202200015198;786 993;B01;0;33;0;2;1;0;1;
23205;202200015198;786 996;A01;2;7;0;2;7;13;1;
23206;202200015199;786 989;A01;1;7;0;2;1;2;1;
23207;202200015199;786 991;B01;1;7;0;2;4;2;1;
23208;202200015199;786 994;C01;1;7;0;2;4;1;1;
23209;202200015200;786 987;A01;2;17;0;2;1;1;1;
23210;202200015200;786 988;B01;1;7;0;2;5;1;1;
23211;202200015201;786 986;A01;3;10;0;1;0;15;1;
23212;202200015202;786 985;A01;1;7;1;0;2;1;1;
23213;202200015203;786 982;A01;3;7;0;0;2;1;1;
23214;202200015203;786 984;B01;3;7;0;0;2;1;1;
23215;202200015204;786 980;A01;2;10;0;2;1;1;1;
23216;202200015204;786 983;B01;2;7;0;2;4;1;2;
23217;202200015205;786 976;B01;3;31;0;2;4;2;1;
23218;202200015205;786 979;A01;3;7;0;2;2;2;1;
23219;202200015207;786 978;B01;1;7;0;2;8;1;1;
23220;202200015207;786 981;A01;3;7;0;2;3;16;1;
23221;202200015208;786 973;Z01;1;7;0;1;6;9;0;
23222;202200015209;786 972;A01;2;35;8;0;2;0;1;
23223;202200015210;786 969;A01;1;33;0;2;7;21;1;
23224;202200015211;786 970;A01;3;7;0;2;2;15;1;
23225;202200015211;786 974;B01;3;32;0;2;1;1;1;
23226;202200015212;786 968;B01;2;7;0;2;3;24;1;
23227;202200015212;786 971;A01;1;7;0;2;1;13;1;
23228;202200015213;786 965;Z01;0;7;0;1;0;1;0;
23229;202200015214;786 966;A01;1;7;0;1;1;26;1;
23230;202200015215;786 964;B01;3;2;0;2;8;9;1;
23231;202200015215;786 967;A01;3;10;0;2;2;1;1;
23232;202200015216;786 962;B01;0;50;0;2;1;1;3;
23233;202200015216;786 963;A01;3;10;0;2;3;1;1;
23234;202200015217;786 958;A01;3;7;0;9;3;16;1;
23235;202200015217;786 960;B01;0;80;0;2;7;1;3;
23236;202200015218;786 959;B01;1;7;0;2;5;1;3;
23237;202200015218;786 961;A01;1;7;0;2;1;1;1;
23238;202200015219;786 957;A01;1;7;0;1;1;1;1;
23239;202200015221;786 953;A01;1;1;0;1;2;1;5;
23240;202200015222;786 954;A01;1;7;0;1;3;1;1;
23241;202200015223;786 950;A01;1;7;0;2;2;14;1;
23242;202200015223;786 952;B01;1;33;0;2;8;3;1;
23243;202200015225;786 946;A01;1;7;0;1;7;1;1;
23244;202200015226;786 942;B01;2;7;0;2;2;1;1;
23245;202200015226;786 947;A01;1;7;0;2;2;5;1;
23246;202200015227;786 944;A01;2;33;1;2;8;1;1;
23247;202200015227;786 945;B01;2;14;0;2;5;24;1;
23248;202200015227;786 948;Z01;2;7;0;2;7;13;0;
23249;202200015228;786 941;A01;1;7;8;0;2;16;1;
23250;202200015229;786 939;B01;1;14;0;2;2;1;1;
23251;202200015229;786 943;A01;1;7;0;2;1;17;1;
23252;202200015230;786 938;A01;2;7;0;9;3;1;1;
23253;202200015230;786 940;B01;1;7;0;2;8;19;5;
23254;202200015231;786 937;A01;1;33;0;0;7;13;1;
23255;202200015233;786 928;Z01;3;7;0;2;3;13;1;
23256;202200015233;786 931;A01;3;33;0;2;1;17;1;
23257;202200015234;786 930;A01;0;2;0;2;1;1;1;
23258;202200015234;786 935;B01;0;7;0;2;1;1;1;
23259;202200015235;786 926;A01;2;7;0;2;1;9;1;
23260;202200015235;786 933;B01;2;1;0;2;1;1;5;
23261;202200015236;786 924;A01;1;7;0;2;2;12;1;
23262;202200015236;786 927;B01;1;10;0;2;3;1;1;
23263;202200015236;786 932;C01;1;7;0;2;3;1;0;
23264;202200015236;786 934;D01;1;7;0;0;3;1;1;
23265;202200015237;786 923;C01;2;7;0;2;2;1;1;
23266;202200015237;786 925;B01;2;33;0;9;4;1;1;
23267;202200015237;786 929;A01;2;7;0;0;5;1;2;
23268;202200015238;786 922;A01;2;7;0;1;1;1;2;
23269;202200015239;786 920;A01;2;7;3;0;1;1;1;
23270;202200015240;786 914;A01;2;7;0;2;3;19;1;
23271;202200015240;786 917;B01;1;33;0;2;1;1;1;
23272;202200015242;786 919;A01;1;7;0;2;1;15;1;
23273;202200015242;786 921;B01;2;33;0;2;1;1;1;
23274;202200015243;786 913;A01;1;7;4;0;1;13;1;
23275;202200015244;786 912;B01;1;37;0;2;2;1;1;1.0
23276;202200015244;786 915;A01;1;32;0;2;6;18;1;
23277;202200015245;786 907;B01;1;7;0;2;3;15;1;
23278;202200015245;786 911;A01;2;7;0;2;3;16;1;
23279;202200015246;786 905;B01;1;32;0;2;3;1;1;
23280;202200015246;786 909;A01;1;7;0;2;3;10;1;
23281;202200015247;786 903;B01;1;43;0;2;1;1;1;