;Num_Acc;id_vehicule;num_veh;senc;catv;obs;obsm;choc;manv;motor;occutc
23282;202200015247;786 908;A01;1;7;0;9;8;20;1;
23283;202200015248;786 902;C01;2;7;0;2;4;2;1;
23284;202200015248;786 904;B01;2;7;0;2;4;2;1;
23285;202200015248;786 910;A01;2;7;0;2;1;2;1;
23286;202200015249;786 900;A01;2;7;0;1;2;1;1;
23287;202200015250;786 901;A01;1;32;0;2;1;17;1;
23288;202200015250;786 906;B01;2;7;0;2;3;9;1;
23289;202200015251;786 899;A01;1;33;8;0;1;17;1;
23290;202200015252;786 895;B01;1;2;0;2;4;2;1;
23291;202200015252;786 898;A01;1;7;0;9;1;2;1;
23292;202200015253;786 894;A01;1;1;0;5;1;1;5;
23293;202200015254;786 893;A01;1;7;0;1;1;1;1;
23294;202200015255;786 888;B01;2;32;0;2;8;21;1;
23295;202200015255;786 891;A01;2;32;0;2;8;21;1;
23296;202200015256;786 886;C01;1;7;0;2;3;0;1;
23297;202200015256;786 889;B01;2;30;0;2;1;15;0;
23298;202200015256;786 892;A01;2;30;0;2;1;0;1;
23299;202200015257;786 887;A01;2;21;0;2;3;15;1;
23300;202200015257;786 890;B01;2;7;6;2;1;17;1;
23301;202200015258;786 884;A01;3;7;1;0;2;14;1;
23302;202200015259;786 883;B01;1;7;0;2;1;1;1;
23303;202200015259;786 885;A01;2;7;0;2;2;15;1;
23304;202200015260;786 880;B01;1;7;0;2;5;23;1;
23305;202200015260;786 882;A01;1;7;0;2;3;1;1;
23306;202200015261;786 877;C01;1;7;0;2;0;0;1;
23307;202200015261;786 879;B01;1;7;0;2;3;0;1;
23308;202200015261;786 881;A01;1;7;0;2;1;26;1;
23309;202200015262;786 878;A01;1;7;0;1;2;1;1;
23310;202200015263;786 872;B01;2;10;0;2;1;1;1;
23311;202200015263;786 876;A01;1;7;0;2;5;14;1;
23312;202200015264;786 870;B01;1;7;0;2;1;1;1;
23313;202200015264;786 874;A01;1;7;0;2;3;15;1;
23314;202200015265;786 871;A01;1;33;0;0;0;1;1;
23315;202200015266;786 873;A01;2;10;0;2;1;9;1;
23316;202200015266;786 875;B01;1;10;0;2;4;2;1;
23317;202200015267;786 866;Z01;2;1;0;1;1;5;5;
23318;202200015268;786 864;A01;2;21;0;2;4;15;1;
23319;202200015268;786 868;B01;2;7;0;2;3;17;1;
23320;202200015269;786 863;A01;1;7;0;1;3;2;1;
23321;202200015270;786 862;B01;1;10;0;2;1;1;1;
23322;202200015270;786 869;A01;2;7;0;2;1;13;1;
23323;202200015271;786 865;B01;2;32;0;2;8;1;1;
23324;202200015271;786 867;A01;1;10;0;2;3;21;1;
23325;202200015272;786 861;A01;1;30;0;1;1;1;3;
23326;202200015273;786 859;A01;3;7;0;0;7;1;1;
23327;202200015274;786 857;A01;2;7;0;2;1;2;1;
23328;202200015274;786 860;B01;2;30;0;2;1;1;1;
23329;202200015275;786 856;A01;3;36;14;0;2;12;1;
23330;202200015276;786 855;A01;2;7;0;2;3;20;1;
23331;202200015276;786 858;B01;2;31;0;2;1;8;1;
23332;202200015277;786 854;A01;1;32;0;0;7;16;1;
23333;202200015279;786 849;B01;1;7;0;2;3;1;1;
23334;202200015279;786 852;A01;2;7;7;2;2;5;1;
23335;202200015280;786 847;A01;1;7;0;2;1;16;1;
23336;202200015280;786 851;B01;1;50;0;2;2;1;3;
23337;202200015281;786 845;B01;1;7;0;2;4;23;1;
23338;202200015281;786 848;A01;1;7;0;2;1;1;1;
23339;202200015282;786 843;A01;1;7;0;2;1;13;0;
23340;202200015282;786 846;B01;2;7;0;2;3;1;1;
23341;202200015282;786 850;C01;2;7;0;2;1;1;1;
23342;202200015283;786 844;A01;2;7;0;1;1;1;1;
23343;202200015284;786 836;A01;1;7;0;2;6;1;1;
23344;202200015284;786 839;B01;1;7;0;2;4;1;1;
23345;202200015284;786 841;C01;1;7;0;2;1;17;6;
23346;202200015285;786 837;B01;2;7;0;2;4;1;3;
23347;202200015285;786 840;A01;2;7;0;2;1;23;1;
23348;202200015286;786 838;A01;1;7;0;2;3;13;1;
23349;202200015286;786 842;B01;2;17;0;2;3;1;1;
23350;202200015287;786 835;A01;1;2;0;0;1;0;1;
23351;202200015288;786 833;A01;2;7;0;2;7;13;1;
23352;202200015288;786 834;B01;1;7;0;2;1;1;1;
23353;202200015289;786 830;A01;1;7;4;0;3;26;1;
23354;202200015290;786 831;A01;1;7;0;1;1;9;1;
23355;202200015291;786 829;B01;1;7;0;2;3;15;1;
23356;202200015291;786 832;A01;1;7;0;2;3;1;1;
23357;202200015293;786 827;A01;2;2;6;0;1;1;1;
23358;202200015294;786 823;A01;2;50;0;2;8;19;3;
23359;202200015294;786 824;B01;2;7;0;2;1;1;1;
23360;202200015295;786 820;A01;3;7;0;2;3;19;1;
23361;202200015295;786 826;B01;3;33;0;2;1;26;1;
23362;202200015296;786 816;A01;1;7;1;0;9;26;1;
23363;202200015297;786 817;B01;1;1;0;2;2;0;5;
23364;202200015297;786 821;A01;1;10;0;9;1;15;1;
23365;202200015298;786 815;A01;1;7;0;2;1;13;3;
23366;202200015298;786 818;B01;1;7;0;2;6;1;1;
23367;202200015298;786 822;C01;1;7;0;2;6;1;1;
23368;202200015298;786 825;D01;2;33;0;2;1;1;1;
23369;202200015299;786 814;A01;1;2;0;2;1;17;1;
23370;202200015299;786 819;B01;1;7;0;2;8;15;1;
23371;202200015300;786 813;A01;1;7;8;0;1;1;1;
23372;202200015301;786 809;B01;3;50;0;2;1;1;3;
23373;202200015301;786 811;A01;3;7;0;2;3;15;1;
23374;202200015302;786 808;A01;1;7;0;1;2;1;1;
23375;202200015304;786 807;A01;3;3;12;0;2;1;1;
23376;202200015305;786 806;A01;1;7;0;1;1;1;2;
23377;202200015306;786 803;A01;1;7;0;1;2;1;2;
23378;202200015307;786 799;A01;1;14;0;2;3;1;1;
23379;202200015307;786 801;B01;1;7;0;1;9;15;1;
23380;202200015308;786 800;B01;1;7;0;2;3;9;1;
23381;202200015308;786 805;A01;1;33;0;2;1;17;1;
23382;202200015309;786 796;C01;3;30;0;2;1;3;1;
23383;202200015309;786 798;B01;3;7;0;2;3;2;1;
23384;202200015309;786 804;A01;3;7;0;2;3;9;1;
23385;202200015310;786 797;B01;1;33;0;2;1;1;1;
23386;202200015310;786 802;A01;1;7;0;0;6;15;1;
23387;202200015311;786 790;Y01;1;1;2;2;1;2;5;
23388;202200015311;786 793;A01;1;7;1;2;4;1;1;
23389;202200015312;786 786;A01;2;2;0;2;1;13;1;
23390;202200015312;786 789;B01;1;7;0;2;3;1;2;
23391;202200015312;786 794;C01;1;10;0;2;4;19;1;
23392;202200015313;786 785;C01;2;7;0;2;4;1;1;
23393;202200015313;786 788;B01;2;7;0;2;9;1;1;
23394;202200015313;786 792;A01;2;7;0;2;1;1;1;
23395;202200015314;786 787;A01;1;7;0;2;1;15;1;
23396;202200015314;786 795;B01;2;10;0;2;1;1;1;
23397;202200015315;786 782;A01;1;7;0;1;1;19;1;
23398;202200015318;786 777;B01;2;10;0;2;5;16;1;
23399;202200015318;786 781;A01;2;80;0;2;4;0;3;
23400;202200015319;786 774;A01;1;7;0;2;2;1;1;
23401;202200015319;786 780;B01;1;7;0;2;4;0;1;
23402;202200015320;786 773;B01;2;33;0;2;7;17;1;
23403;202200015320;786 776;A01;2;10;0;2;8;17;0;
23404;202200015321;786 771;A01;1;7;0;0;1;1;1;
23405;202200015322;786 766;A01;1;7;12;0;1;9;1;
23406;202200015323;786 768;A01;1;10;0;2;1;2;1;
23407;202200015323;786 770;B01;1;7;0;2;4;2;1;
23408;202200015323;786 772;C01;1;7;0;2;4;2;1;
23409;202200015325;786 764;A01;2;7;0;0;6;15;1;
23410;202200015325;786 769;B01;2;33;0;2;1;1;1;
23411;202200015326;786 762;X01;2;7;0;1;0;0;0;
23412;202200015327;786 759;B01;0;7;0;2;7;1;1;
23413;202200015327;786 761;A01;0;7;0;2;2;15;1;
23414;202200015328;786 763;A01;2;7;2;0;1;1;1;
23415;202200015329;786 757;A01;2;30;0;2;1;2;1;
23416;202200015329;786 760;B01;2;7;0;2;5;2;1;
23417;202200015330;786 756;B01;1;21;0;0;8;15;1;
23418;202200015330;786 758;A01;1;7;0;0;2;17;1;
23419;202200015331;786 754;A01;1;7;0;1;1;0;0;
23420;202200015332;786 753;A01;2;33;4;0;7;1;1;
23421;202200015333;786 750;B01;3;1;0;2;1;9;5;
23422;202200015333;786 752;A01;2;7;0;9;3;1;1;
23423;202200015334;786 751;B01;3;7;0;2;0;1;1;
23424;202200015334;786 755;A01;3;7;0;2;3;15;1;
23425;202200015335;786 747;B01;1;33;0;2;1;1;1;
23426;202200015335;786 749;A01;2;31;0;2;1;17;1;
23427;202200015336;786 746;A01;2;7;0;2;1;19;1;
23428;202200015336;786 748;B01;2;7;0;2;5;19;1;
23429;202200015337;786 745;A01;1;7;13;0;9;1;1;
23430;202200015338;786 744;A01;0;7;15;0;2;1;1;
23431;202200015339;786 741;A01;3;33;0;0;0;0;1;
23432;202200015340;786 740;A01;1;7;0;2;3;9;1;
23433;202200015340;786 743;B01;1;30;0;2;7;1;1;
23434;202200015341;786 737;A01;1;7;0;1;3;1;1;
23435;202200015341;786 742;B01;1;7;0;1;3;1;0;
23436;202200015342;786 739;A01;1;7;6;0;1;13;1;
23437;202200015343;786 736;A01;2;10;0;2;1;26;1;
23438;202200015343;786 738;B01;2;1;0;2;4;0;5;
23439;202200015344;786 735;A01;2;7;0;0;0;0;1;
23440;202200015345;786 733;B01;2;7;0;2;2;16;1;
23441;202200015345;786 734;A01;-1;30;0;2;3;26;1;
23442;202200015346;786 726;B01;0;10;0;2;7;0;1;
23443;202200015346;786 730;A01;0;1;0;2;1;1;5;
23444;202200015347;786 727;A01;1;7;0;2;0;26;0;
23445;202200015347;786 731;B01;1;7;0;2;0;26;0;
23446;202200015348;786 723;B01;0;7;0;2;1;1;1;
23447;202200015348;786 725;A01;3;7;0;2;8;15;1;
23448;202200015349;786 724;B01;2;7;0;2;1;1;2;
23449;202200015349;786 732;A01;1;7;0;2;8;19;1;
23450;202200015350;786 721;A01;0;7;0;1;1;23;1;
23451;202200015351;786 720;A01;1;7;0;1;1;1;1;
23452;202200015352;786 719;A01;2;33;0;2;1;13;1;
23453;202200015352;786 722;B01;1;7;0;2;3;1;3;
23454;202200015353;786 716;A01;2;7;0;2;2;1;1;
23455;202200015353;786 718;B01;2;33;0;2;8;11;1;
23456;202200015354;786 715;A01;1;7;0;1;2;1;6;
23457;202200015355;786 712;B01;3;7;0;2;1;19;1;
23458;202200015355;786 717;A01;1;7;0;2;2;1;1;
23459;202200015356;786 710;A01;3;7;9;0;1;6;1;
23460;202200015357;786 709;A01;0;7;0;2;1;1;1;
23461;202200015357;786 714;B01;0;7;0;2;8;1;1;
23462;202200015358;786 711;A01;3;7;0;2;3;1;1;
23463;202200015358;786 713;B01;3;7;0;2;6;15;1;
23464;202200015359;786 708;A01;1;7;15;0;2;1;1;
23465;202200015360;786 707;A01;1;7;2;0;7;1;1;
23466;202200015361;786 703;A01;2;10;0;1;1;15;1;
23467;202200015362;786 704;A01;2;7;0;2;3;19;1;
23468;202200015362;786 706;B01;2;7;0;2;8;19;1;
23469;202200015363;786 701;A01;1;7;8;0;1;1;1;
23470;202200015365;786 697;B01;3;30;0;2;0;2;1;
23471;202200015365;786 700;A01;3;7;0;2;0;19;1;
23472;202200015366;786 696;A01;1;7;8;0;1;14;1;
23473;202200015367;786 695;A01;2;10;0;2;1;9;1;
23474;202200015367;786 699;B01;0;32;0;2;3;0;3;
23475;202200015368;786 694;A01;2;7;0;1;3;1;1;
23476;202200015370;786 691;A01;1;7;0;1;7;1;1;
23477;202200015371;786 689;A01;1;7;0;2;2;15;2;
23478;202200015371;786 692;B01;2;7;0;2;1;1;1;
23479;202200015372;786 688;B01;2;15;0;2;7;1;1;
23480;202200015372;786 690;A01;1;7;0;2;1;13;1;
23481;202200015373;786 684;A01;1;7;13;0;7;0;1;
23482;202200015374;786 686;A01;1;7;0;2;2;15;2;
23483;202200015374;786 687;B01;1;50;0;2;1;26;3;
23484;202200015375;786 683;A01;1;7;0;6;1;1;1;
23485;202200015376;786 682;B01;1;7;0;2;6;16;1;
23486;202200015376;786 685;A01;1;7;0;2;0;26;1;
23487;202200015377;786 678;A01;2;15;0;1;6;4;1;
23488;202200015378;786 679;C01;0;7;0;2;4;0;1;
23489;202200015378;786 681;B01;0;7;0;2;1;0;1;
23490;202200015379;786 674;A01;2;33;0;0;0;1;1;
23491;202200015380;786 676;C01;2;7;0;2;1;1;1;
23492;202200015380;786 677;B01;1;7;0;2;3;1;1;
23493;202200015380;786 680;A01;2;33;0;2;1;17;1;
23494;202200015381;786 672;A01;2;7;0;2;1;0;1;
23495;202200015381;786 675;B01;2;7;0;2;4;0;1;
23496;202200015382;786 667;A01;1;15;0;0;1;1;0;
23497;202200015382;786 670;B01;1;7;0;2;7;0;1;
23498;202200015383;786 665;B01;1;7;0;2;4;2;1;
23499;202200015383;786 669;A01;1;7;0;2;1;2;1;
23500;202200015384;786 666;B01;1;7;0;2;3;15;1;
23501;202200015384;786 671;A01;1;33;0;2;1;3;1;
23502;202200015385;786 663;A01;2;7;0;2;1;1;1;
23503;202200015385;786 668;B01;2;7;0;2;8;9;1;
23504;202200015386;786 662;B01;2;7;0;2;3;13;1;
23505;202200015386;786 664;A01;1;10;0;2;3;13;1;
23506;202200015387;786 661;A01;1;37;0;1;7;19;1;1.0
23507;202200015388;786 658;A01;2;7;0;2;2;17;1;
23508;202200015388;786 660;B01;2;10;0;2;3;15;1;
23509;202200015389;786 655;A01;3;31;8;0;0;9;1;
23510;202200015390;786 656;A01;1;10;0;2;3;15;1;
23511;202200015390;786 657;B01;1;7;0;2;2;1;1;
23512;202200015391;786 653;A01;2;7;2;0;1;1;1;
23513;202200015392;786 654;A01;3;7;2;0;1;10;1;
23514;202200015393;786 649;B01;1;1;0;2;8;26;5;
23515;202200015393;786 652;A01;1;7;0;2;1;26;1;
23516;202200015394;786 650;A01;2;7;0;1;1;1;1;
23517;202200015395;786 648;B01;2;7;0;2;2;2;1;
23518;202200015395;786 651;A01;1;2;0;0;4;2;1;
23519;202200015396;786 646;A01;1;50;0;0;0;26;3;
23520;202200015397;786 642;A01;1;10;0;2;3;1;1;
23521;202200015397;786 645;B01;2;1;0;2;3;1;5;
23522;202200015398;786 643;A01;2;7;0;2;8;13;1;
23523;202200015398;786 647;B01;1;7;0;2;8;1;1;
23524;202200015399;786 641;A01;3;7;16;2;3;13;1;
23525;202200015399;786 644;B01;3;10;0;2;6;1;1;
23526;202200015400;786 637;B01;2;13;0;2;3;21;1;
23527;202200015400;786 640;A01;1;7;0;2;3;13;1;
23528;202200015401;786 636;A01;3;7;0;0;2;21;1;
23529;202200015402;786 634;A01;2;7;0;2;2;15;1;
23530;202200015402;786 639;B01;1;33;0;2;1;1;1;
23531;202200015403;786 632;A01;3;10;13;2;7;1;1;
23532;202200015403;786 633;B01;3;7;0;2;1;1;1;
23533;202200015404;786 635;A01;1;99;0;2;7;13;3;
23534;202200015404;786 638;B01;1;7;0;9;7;1;1;
23535;202200015406;786 629;A01;1;30;0;2;3;17;1;
23536;202200015406;786 630;B01;1;10;0;2;8;15;1;
23537;202200015407;786 626;A01;1;30;0;1;1;1;1;
23538;202200015408;786 624;A01;1;7;13;0;3;13;1;
23539;202200015409;786 622;A01;2;7;0;1;4;20;1;
23540;202200015410;786 621;B01;2;30;0;2;1;9;1;
23541;202200015410;786 623;A01;2;7;0;2;2;1;1;
23542;202200015411;786 620;A01;2;7;2;0;8;1;1;
23543;202200015412;786 614;A01;2;14;3;0;0;13;1;
23544;202200015413;786 615;A01;3;7;0;2;3;1;1;
23545;202200015413;786 618;B01;3;7;0;2;2;1;1;
23546;202200015414;786 612;A01;1;7;13;0;2;14;1;
23547;202200015415;786 613;B01;1;10;0;2;1;1;1;
23548;202200015415;786 616;A01;1;7;0;2;7;15;1;
23549;202200015416;786 617;A01;2;7;0;2;3;1;1;
23550;202200015416;786 619;B01;1;30;0;2;1;15;1;
23551;202200015417;786 610;A01;2;7;2;0;1;1;1;
23552;202200015418;786 609;A01;1;32;0;1;1;1;1;
23553;202200015419;786 608;A01;0;7;0;2;1;1;1;
23554;202200015419;786 611;B01;0;7;0;2;8;9;1;
23555;202200015420;786 606;A01;1;7;6;0;1;14;1;
23556;202200015421;786 605;A01;2;7;0;2;1;5;1;
23557;202200015421;786 607;B01;1;7;0;2;7;26;1;
23558;202200015422;786 604;A01;3;10;0;1;1;1;0;
23559;202200015423;786 601;A01;1;7;0;2;8;1;1;
23560;202200015423;786 603;B01;1;7;0;2;2;1;1;
23561;202200015424;786 602;A01;2;7;16;0;0;1;1;
23562;202200015425;786 597;A01;1;33;0;0;0;1;1;
23563;202200015426;786 595;C01;1;7;0;2;4;23;1;
23564;202200015426;786 598;A01;1;7;0;2;1;2;1;
23565;202200015426;786 600;B01;1;7;0;2;4;23;1;
23566;202200015427;786 594;B01;2;1;11;2;1;13;5;
23567;202200015427;786 596;A01;1;37;0;2;6;1;4;1.0
23568;202200015428;786 599;A01;1;7;0;1;2;1;1;
23569;202200015429;786 591;A01;2;10;0;2;3;13;1;
23570;202200015429;786 593;B01;1;7;0;2;8;0;1;
23571;202200015430;786 590;B01;2;7;0;2;8;19;1;
23572;202200015430;786 592;A01;1;30;0;2;1;17;1;
23573;202200015431;786 588;A01;1;7;3;0;3;0;0;
23574;202200015431;786 589;B01;1;7;0;2;1;2;1;
23575;202200015432;786 587;A01;1;7;0;1;3;1;1;
23576;202200015433;786 584;B01;2;7;0;2;4;2;1;
23577;202200015433;786 586;A01;2;33;0;2;1;2;1;
23578;202200015434;786 582;A01;0;7;0;1;2;1;1;
23579;202200015436;786 579;A01;1;7;0;0;5;1;1;
23580;202200015437;786 576;B01;0;7;0;2;8;1;1;
23581;202200015437;786 580;A01;0;7;0;2;3;1;1;
23582;202200015439;786 575;A01;2;7;0;9;1;9;2;
23583;202200015439;786 578;B01;2;33;0;2;1;1;1;
23584;202200015440;786 574;A01;0;80;0;0;0;1;3;
23585;202200015441;786 573;A01;2;7;6;0;1;14;1;
23586;202200015442;786 570;A01;0;99;0;0;0;0;5;
23587;202200015443;786 569;Z01;1;7;0;2;7;12;3;
23588;202200015443;786 572;A01;1;31;0;2;3;1;1;
23589;202200015444;786 568;A01;1;7;0;2;1;0;2;
23590;202200015444;786 571;B01;2;7;0;2;2;0;1;
23591;202200015445;786 567;A01;1;33;7;0;1;1;1;
23592;202200015447;786 560;A01;2;7;0;2;3;17;1;
23593;202200015447;786 564;B01;2;1;0;2;4;13;5;
23594;202200015448;786 561;A01;1;7;0;2;6;11;1;
23595;202200015448;786 565;B01;1;31;0;2;2;1;1;
23596;202200015449;786 559;A01;0;38;0;1;2;9;1;1.0
23597;202200015452;786 552;A01;1;7;0;2;3;13;1;
23598;202200015452;786 555;B01;2;7;0;2;3;1;1;
23599;202200015454;786 548;A01;2;7;8;0;3;13;1;
23600;202200015455;786 547;A01;1;7;10;0;3;1;1;
23601;202200015456;786 545;A01;1;7;0;2;5;10;1;
23602;202200015456;786 546;B01;1;33;0;2;3;1;1;
23603;202200015457;786 542;A01;2;7;0;2;1;13;1;
23604;202200015457;786 543;B01;1;7;0;2;1;1;1;
23605;202200015458;786 541;B01;0;43;0;2;1;1;1;
23606;202200015458;786 544;A01;0;7;0;2;7;15;1;
23607;202200015459;786 537;A01;1;7;0;2;8;16;1;
23608;202200015459;786 540;B01;1;1;0;2;2;16;5;
23609;202200015460;786 534;A01;1;33;0;2;1;17;1;
23610;202200015460;786 536;B01;2;7;0;2;2;15;1;
23611;202200015461;786 533;A01;0;43;0;2;8;7;1;
23612;202200015461;786 538;B01;2;7;0;2;2;16;1;
23613;202200015462;786 529;A01;2;7;0;2;0;15;1;
23614;202200015462;786 531;B01;1;33;0;2;1;1;1;
23615;202200015463;786 527;A01;2;7;0;1;1;1;1;
23616;202200015464;786 525;A01;1;7;0;2;1;1;1;
23617;202200015464;786 528;B01;1;7;4;2;4;23;1;
23618;202200015464;786 532;C01;1;7;0;2;6;23;1;
23619;202200015466;786 523;B01;1;7;0;2;1;1;1;
23620;202200015466;786 524;A01;3;31;0;2;2;1;1;
23621;202200015467;786 517;A01;1;7;0;2;1;12;1;
23622;202200015467;786 520;B01;1;7;0;2;5;1;1;
23623;202200015467;786 522;C01;1;7;0;2;6;1;2;
23624;202200015468;786 518;A01;1;7;1;1;1;21;1;
23625;202200015469;786 515;D01;2;7;0;0;5;2;1;
23626;202200015469;786 516;C01;2;7;0;2;6;2;1;
23627;202200015469;786 519;B01;2;7;4;2;5;2;1;
23628;202200015469;786 521;A01;2;7;0;2;3;2;1;
23629;202200015470;786 513;A01;2;7;7;0;1;5;2;
23630;202200015471;786 512;A01;2;7;0;9;7;15;1;
23631;202200015471;786 514;B01;1;1;0;2;1;1;5;
23632;202200015472;786 509;A01;3;34;0;2;3;17;1;
23633;202200015472;786 510;B01;3;34;0;2;3;1;1;
23634;202200015474;786 506;B01;2;7;0;2;1;1;1;
23635;202200015474;786 511;A01;1;7;0;2;1;13;1;
23636;202200015475;786 503;C01;1;7;0;2;0;0;1;
23637;202200015475;786 505;B01;1;7;4;2;6;23;1;
23638;202200015475;786 507;A01;1;33;4;2;2;26;1;
23639;202200015476;786 502;B01;2;50;0;2;1;1;3;
23640;202200015476;786 504;A01;1;7;0;2;3;15;1;
23641;202200015477;786 499;A01;3;30;0;2;1;17;1;
23642;202200015477;786 500;B01;3;7;0;2;6;15;2;
23643;202200015478;786 497;B01;2;7;0;2;3;1;1;
23644;202200015478;786 501;A01;1;33;0;2;1;17;1;
23645;202200015479;786 496;A01;1;80;0;2;1;2;3;
23646;202200015479;786 498;B01;1;1;0;2;4;23;5;
23647;202200015480;786 495;A01;1;7;0;1;1;1;1;
23648;202200015481;786 494;A01;1;7;12;0;3;1;1;
23649;202200015482;786 492;A01;1;7;0;1;1;1;1;
23650;202200015483;786 491;B01;2;1;0;2;7;19;5;
23651;202200015483;786 493;A01;1;33;0;2;1;1;1;
23652;202200015484;786 489;A01;2;7;0;1;4;4;1;
23653;202200015485;786 488;B01;1;7;0;0;4;0;1;
23654;202200015485;786 490;A01;1;2;0;2;1;26;1;
23655;202200015486;786 485;A01;1;7;13;0;1;1;1;
23656;202200015487;786 486;A01;2;7;0;2;7;1;1;
23657;202200015487;786 487;B01;2;7;0;2;2;1;1;
23658;202200015488;786 483;B01;1;7;0;2;1;1;1;
23659;202200015488;786 484;A01;2;3;0;2;2;15;1;
23660;202200015489;786 480;B01;1;7;0;2;1;1;1;
23661;202200015489;786 482;A01;2;7;3;2;1;13;1;
23662;202200015491;786 475;C01;2;7;0;2;1;1;1;
23663;202200015491;786 477;B01;2;7;0;2;6;1;1;
23664;202200015491;786 479;A01;2;14;0;2;2;12;1;
23665;202200015492;786 473;B01;2;14;0;2;1;2;1;
23666;202200015492;786 476;A01;1;7;0;2;1;13;1;
23667;202200015493;786 472;A01;3;10;0;2;7;16;1;
23668;202200015493;786 474;B01;3;30;0;2;3;1;0;
23669;202200015494;786 470;B01;2;50;0;2;6;1;3;
23670;202200015494;786 471;A01;2;7;0;2;7;14;1;
23671;202200015495;786 469;A01;1;34;0;0;0;17;1;
23672;202200015496;786 466;A01;0;37;0;0;0;0;1;2.0
23673;202200015496;786 468;B01;1;10;0;0;0;26;1;
23674;202200015497;786 464;A01;0;7;15;0;1;1;1;
23675;202200015498;786 465;A01;2;34;0;2;1;1;1;
23676;202200015498;786 467;B01;1;7;0;2;2;15;1;
23677;202200015499;786 461;A01;1;7;0;1;1;1;1;
23678;202200015500;786 459;A01;2;0;0;2;0;15;0;
23679;202200015500;786 463;Y01;3;50;0;2;7;19;3;
23680;202200015502;786 454;A01;1;37;0;1;1;16;1;1.0
23681;202200015503;786 452;A01;3;7;4;0;1;14;2;
23682;202200015504;786 449;A01;2;1;0;0;0;1;5;
23683;202200015504;786 451;B01;2;10;0;9;2;2;0;
23684;202200015505;786 448;A01;1;1;0;0;0;21;5;
23685;202200015506;786 447;A01;1;7;0;2;3;9;1;
23686;202200015506;786 450;B01;2;2;1;2;1;0;1;
23687;202200015507;786 445;A01;1;2;0;0;7;1;1;
23688;202200015509;786 444;A01;1;3;16;0;0;0;0;
23689;202200015510;786 440;B01;2;1;0;2;5;16;5;
23690;202200015510;786 443;A01;2;7;0;2;3;1;1;
23691;202200015511;786 439;B01;3;31;0;2;5;26;0;
23692;202200015511;786 442;A01;3;7;0;2;3;9;1;
23693;202200015512;786 438;B01;0;7;0;2;2;15;1;
23694;202200015512;786 441;A01;0;30;0;2;1;1;1;
23695;202200015513;786 435;B01;0;7;0;2;1;1;1;
23696;202200015513;786 437;A01;3;10;13;2;2;13;1;
23697;202200015514;786 433;A01;1;7;14;0;1;13;2;
23698;202200015515;786 434;A01;2;10;0;2;1;15;6;
23699;202200015515;786 436;B01;1;34;0;2;8;1;1;
23700;202200015518;786 429;Z01;2;50;0;1;0;1;3;
23701;202200015520;786 425;A01;2;7;0;0;2;16;1;
23702;202200015520;786 427;B01;2;2;10;2;1;1;1;
23703;202200015521;786 423;B01;1;7;0;2;3;15;1;
23704;202200015521;786 424;A01;1;32;0;2;1;17;1;
23705;202200015522;786 420;B01;2;80;0;2;0;2;3;
23706;202200015522;786 422;A01;2;30;0;2;0;9;1;
23707;202200015523;786 419;B01;3;2;0;2;1;1;1;
23708;202200015523;786 421;A01;3;7;0;2;2;15;1;
23709;202200015525;786 415;A01;3;7;0;1;3;1;0;
23710;202200015526;786 416;A01;1;7;11;0;3;16;1;
23711;202200015527;786 414;A01;1;7;0;1;6;20;2;
23712;202200015528;786 412;A01;2;7;0;1;1;1;1;
23713;202200015529;786 411;A01;1;34;0;2;1;2;1;
23714;202200015529;786 413;B01;1;15;0;2;4;23;1;
23715;202200015530;786 408;B01;1;31;0;2;1;1;1;
23716;202200015530;786 409;A01;1;7;0;2;7;16;1;
23717;202200015532;786 405;A01;3;7;0;2;0;0;1;
23718;202200015532;786 406;B01;3;2;0;2;7;15;1;
23719;202200015533;786 402;B01;2;38;0;2;0;0;1;1.0
23720;202200015533;786 404;A01;2;38;0;2;3;1;1;2.0
23721;202200015534;786 401;B01;1;2;0;2;4;15;1;
23722;202200015534;786 403;A01;1;14;0;2;1;15;1;
23723;202200015536;786 395;A01;1;7;0;2;7;15;1;
23724;202200015536;786 398;B01;1;32;0;2;1;1;1;
23725;202200015537;786 394;A01;1;7;0;1;2;16;1;
23726;202200015538;786 393;A01;1;7;0;2;1;1;1;
23727;202200015538;786 396;B01;1;7;0;2;4;2;1;
23728;202200015538;786 397;C01;1;7;0;2;4;2;1;
23729;202200015539;786 390;A01;2;7;0;2;1;1;1;
23730;202200015539;786 392;B01;2;14;0;2;4;1;1;
23731;202200015540;786 389;A01;1;7;9;2;2;17;1;
23732;202200015540;786 391;B01;1;31;9;2;4;17;1;
23733;202200015541;786 387;A01;1;33;0;2;1;2;1;
23734;202200015541;786 388;B01;1;7;0;2;5;2;1;
23735;202200015542;786 384;B01;3;60;0;2;0;0;5;
23736;202200015542;786 386;A01;3;10;0;2;1;9;1;
23737;202200015543;786 380;B01;1;7;0;2;4;2;1;
23738;202200015543;786 382;A01;1;15;0;2;1;1;1;
23739;202200015544;786 378;A01;1;10;0;2;3;13;1;
23740;202200015544;786 381;B01;2;7;0;2;1;1;1;
23741;202200015544;786 383;C01;2;7;0;2;8;1;1;