;Num_Acc;id_vehicule;num_veh;senc;catv;obs;obsm;choc;manv;motor;occutc
23742;202200015544;786 385;D01;2;7;0;2;8;1;1;
23743;202200015545;786 377;A01;1;38;0;2;1;15;2;1.0
23744;202200015545;786 379;B01;2;7;0;2;1;19;1;
23745;202200015546;786 373;A01;1;7;0;2;0;14;1;
23746;202200015546;786 376;B01;1;31;0;2;8;3;1;
23747;202200015547;786 371;B01;3;7;0;2;2;1;1;
23748;202200015547;786 375;A01;2;2;0;2;7;1;1;
23749;202200015548;786 372;B01;2;7;0;2;1;1;1;
23750;202200015548;786 374;A01;1;7;0;2;1;0;1;
23751;202200015549;786 369;A01;1;7;13;0;2;1;1;
23752;202200015550;786 367;B01;2;7;0;2;5;1;1;
23753;202200015550;786 370;A01;2;7;4;2;3;21;1;
23754;202200015551;786 365;A01;2;7;0;1;3;1;1;
23755;202200015552;786 366;B01;3;50;0;2;1;1;3;
23756;202200015552;786 368;A01;3;7;0;2;2;1;1;
23757;202200015554;786 362;A01;1;33;0;2;8;3;1;
23758;202200015554;786 364;B01;2;7;0;2;5;12;1;
23759;202200015555;786 361;A01;0;31;0;0;0;26;1;
23760;202200015556;786 359;A01;1;7;1;0;9;1;1;
23761;202200015558;786 356;A01;2;7;3;0;5;1;1;
23762;202200015558;786 358;B01;2;15;0;2;1;21;1;
23763;202200015559;786 354;A01;1;7;3;0;2;1;1;
23764;202200015560;786 353;A01;1;7;0;0;9;19;1;
23765;202200015561;786 352;A01;2;7;0;2;7;15;1;
23766;202200015561;786 355;B01;1;2;0;2;1;1;1;
23767;202200015562;786 349;A01;2;7;1;0;1;1;1;
23768;202200015563;786 348;B01;2;7;0;2;1;1;1;
23769;202200015563;786 351;A01;2;7;0;2;8;11;1;
23770;202200015564;786 347;A01;2;7;0;2;6;1;1;
23771;202200015564;786 350;B01;2;2;1;2;1;2;1;
23772;202200015565;786 346;A01;2;2;8;0;0;14;1;
23773;202200015566;786 344;A01;3;7;0;1;1;2;1;
23774;202200015567;786 343;A01;1;32;8;0;2;1;1;
23775;202200015568;786 342;B01;2;30;0;2;7;1;1;
23776;202200015568;786 345;A01;1;7;0;2;2;1;1;
23777;202200015569;786 339;A01;1;7;0;2;3;20;1;
23778;202200015569;786 341;B01;1;1;0;2;7;1;5;
23779;202200015570;786 336;A01;1;7;4;0;1;1;1;
23780;202200015571;786 337;B01;1;7;0;2;0;0;1;
23781;202200015571;786 338;A01;1;10;0;2;1;0;1;
23782;202200015572;786 335;A01;2;13;0;1;3;1;1;
23783;202200015573;786 333;A01;1;7;11;0;1;1;1;
23784;202200015574;786 331;B01;0;7;0;2;1;0;1;
23785;202200015574;786 332;A01;3;2;9;0;1;0;1;
23786;202200015575;786 330;A01;1;7;0;0;0;26;0;
23787;202200015576;786 329;A01;2;7;0;2;3;1;1;
23788;202200015576;786 334;B01;3;1;0;2;8;1;5;
23789;202200015577;786 326;A01;1;7;0;1;2;1;1;
23790;202200015579;786 324;A01;1;7;1;2;8;15;2;
23791;202200015579;786 327;B01;1;10;0;2;3;1;1;
23792;202200015582;786 317;A01;2;7;0;1;2;15;1;
23793;202200015583;786 315;A01;2;7;0;2;1;26;1;
23794;202200015583;786 316;B01;1;7;0;2;7;11;1;
23795;202200015584;786 314;A01;1;7;13;0;1;1;1;
23796;202200015585;786 312;A01;3;7;0;1;3;16;1;
23797;202200015586;786 310;B01;1;7;0;0;3;1;1;
23798;202200015586;786 313;A01;1;33;0;2;1;1;1;
23799;202200015587;786 309;B01;2;7;0;0;3;1;1;
23800;202200015587;786 311;A01;2;7;0;2;2;2;1;
23801;202200015588;786 308;A01;3;2;12;0;0;2;1;
23802;202200015589;786 307;A01;2;33;0;0;0;1;0;
23803;202200015590;786 306;A01;1;7;0;1;1;1;1;
23804;202200015591;786 305;A01;1;30;0;0;7;1;1;
23805;202200015593;786 302;A01;2;2;0;2;1;13;1;
23806;202200015593;786 303;B01;1;21;0;2;3;21;1;
23807;202200015594;786 300;A01;2;7;8;0;3;1;1;
23808;202200015595;786 299;B01;2;33;0;2;1;17;1;
23809;202200015595;786 301;A01;2;7;0;0;6;10;0;
23810;202200015596;786 298;A01;1;31;13;0;7;1;1;
23811;202200015597;786 294;B01;3;21;0;2;3;1;1;
23812;202200015597;786 297;A01;3;10;0;2;3;1;1;
23813;202200015598;786 292;C01;1;14;0;0;3;0;1;
23814;202200015598;786 293;B01;2;7;0;0;3;0;1;
23815;202200015598;786 296;A01;2;7;0;2;2;17;1;
23816;202200015599;786 290;A01;2;7;8;2;3;19;1;
23817;202200015599;786 295;B01;2;7;8;2;1;1;1;
23818;202200015600;786 289;B01;2;7;0;2;3;1;1;
23819;202200015600;786 291;A01;1;10;0;2;3;1;1;
23820;202200015601;786 284;A01;2;14;4;2;2;5;1;
23821;202200015601;786 287;B01;1;10;0;2;1;1;1;
23822;202200015601;786 288;C01;2;7;0;2;3;1;1;
23823;202200015602;786 282;A01;2;7;0;0;7;1;1;
23824;202200015602;786 283;B01;2;7;0;2;8;9;1;
23825;202200015603;786 279;A01;0;7;0;2;6;18;1;
23826;202200015603;786 281;B01;0;7;0;2;2;1;1;
23827;202200015604;786 278;A01;0;7;0;2;5;13;1;
23828;202200015604;786 280;B01;3;50;0;0;1;2;3;
23829;202200015605;786 277;A01;1;7;13;0;1;0;6;
23830;202200015606;786 271;B01;2;7;0;2;3;13;1;
23831;202200015606;786 274;A01;1;7;0;2;3;1;1;
23832;202200015607;786 272;B01;2;2;0;2;1;1;1;
23833;202200015607;786 275;A01;2;7;0;2;7;9;1;
23834;202200015608;786 270;B01;0;7;0;2;2;1;1;
23835;202200015608;786 273;C01;0;7;0;2;2;19;1;
23836;202200015608;786 276;A01;3;7;0;2;8;23;1;
23837;202200015609;786 265;B01;1;7;0;2;1;21;1;
23838;202200015609;786 269;A01;2;7;0;2;1;13;1;
23839;202200015610;786 266;A01;2;7;0;1;3;1;2;
23840;202200015611;786 267;B01;3;38;0;2;8;19;0;1.0
23841;202200015611;786 268;A01;3;7;0;2;3;1;1;
23842;202200015612;786 261;A01;2;7;13;2;4;2;1;
23843;202200015612;786 264;B01;2;7;0;2;1;2;0;
23844;202200015613;786 259;A01;1;7;0;2;1;5;1;
23845;202200015613;786 262;B01;2;7;0;2;1;1;1;
23846;202200015614;786 260;B01;2;2;0;2;1;1;1;
23847;202200015614;786 263;A01;1;7;0;0;2;15;1;
23848;202200015615;786 258;A01;1;33;8;0;2;1;1;
23849;202200015616;786 256;A01;2;7;0;2;1;1;1;
23850;202200015616;786 257;B01;2;21;0;0;4;1;1;
23851;202200015617;786 255;A01;2;7;0;1;2;17;1;
23852;202200015618;786 253;B01;0;10;0;9;2;17;1;
23853;202200015618;786 254;A01;0;1;0;2;3;15;5;
23854;202200015620;786 250;B01;1;7;0;0;3;15;1;
23855;202200015620;786 251;A01;1;2;0;2;1;2;1;
23856;202200015621;786 249;A01;2;33;0;0;9;1;1;
23857;202200015622;786 246;A01;2;7;0;2;1;15;1;
23858;202200015622;786 248;B01;2;33;0;2;2;1;1;
23859;202200015623;786 245;B01;1;7;0;2;1;13;1;
23860;202200015623;786 247;A01;2;7;0;2;1;1;1;
23861;202200015624;786 244;A01;3;7;13;0;1;1;1;
23862;202200015625;786 242;A01;0;7;0;1;1;2;1;
23863;202200015626;786 240;A01;2;7;6;2;1;1;1;
23864;202200015626;786 243;B01;1;7;1;2;8;1;1;
23865;202200015627;786 239;B01;1;2;0;2;7;1;1;
23866;202200015627;786 241;A01;1;1;0;2;7;1;5;
23867;202200015628;786 236;B01;1;33;0;2;5;0;1;
23868;202200015628;786 237;A01;1;30;0;2;3;1;1;
23869;202200015629;786 234;A01;0;2;9;0;0;1;1;
23870;202200015630;786 233;A01;2;7;0;2;3;19;1;
23871;202200015630;786 235;B01;2;7;0;2;2;21;1;
23872;202200015631;786 231;A01;1;7;12;0;3;13;1;
23873;202200015632;786 229;B01;2;7;0;2;3;1;1;
23874;202200015632;786 232;A01;2;7;4;2;9;17;2;
23875;202200015633;786 228;B01;2;7;0;2;1;1;1;
23876;202200015633;786 230;A01;1;7;0;2;1;13;1;
23877;202200015634;786 226;A01;1;33;8;0;1;1;1;
23878;202200015635;786 224;A01;2;7;0;2;1;1;1;
23879;202200015635;786 227;B01;2;7;0;2;4;1;1;
23880;202200015636;786 225;A01;2;7;2;0;3;1;1;
23881;202200015637;786 221;A01;1;17;0;2;2;21;1;
23882;202200015637;786 222;B01;1;7;3;2;7;21;1;
23883;202200015638;786 218;A01;2;7;0;2;1;1;1;
23884;202200015638;786 219;B01;2;7;0;2;4;1;1;
23885;202200015639;786 217;C01;1;7;0;2;3;0;1;
23886;202200015639;786 220;A01;1;7;0;2;2;5;1;
23887;202200015639;786 223;B01;1;7;0;2;3;1;1;
23888;202200015640;786 215;B01;1;7;1;0;1;1;1;
23889;202200015640;786 216;A01;1;7;3;0;1;1;1;
23890;202200015641;786 214;A01;1;31;1;0;7;1;1;
23891;202200015642;786 212;A01;1;7;0;2;1;0;1;
23892;202200015642;786 213;B01;1;7;0;2;4;2;1;
23893;202200015643;786 211;A01;0;7;0;1;2;1;1;
23894;202200015644;786 210;A01;2;7;13;0;9;17;1;
23895;202200015645;786 206;B01;1;7;0;2;3;0;1;
23896;202200015645;786 208;A01;1;32;0;2;2;17;1;
23897;202200015646;786 207;B01;3;30;0;2;7;2;1;
23898;202200015646;786 209;A01;3;7;0;2;8;15;1;
23899;202200015647;786 204;A01;1;7;0;2;7;15;1;
23900;202200015647;786 205;B01;2;7;0;2;1;1;1;
23901;202200015648;786 202;B01;3;7;0;2;2;15;1;
23902;202200015648;786 203;A01;3;99;0;2;1;1;1;
23903;202200015649;786 201;A01;1;99;0;0;2;26;5;
23904;202200015650;786 198;A01;2;33;0;2;1;17;1;
23905;202200015650;786 200;B01;2;15;0;2;8;15;1;
23906;202200015651;786 197;B01;1;2;0;2;1;1;1;
23907;202200015651;786 199;A01;2;10;0;2;3;15;1;
23908;202200015652;786 196;B01;1;7;0;1;1;1;1;
23909;202200015653;786 195;A01;2;7;0;1;1;2;1;
23910;202200015654;786 192;B01;0;7;3;2;1;1;1;
23911;202200015654;786 194;A01;0;7;3;2;1;13;1;
23912;202200015655;786 191;A01;1;7;0;2;3;11;1;
23913;202200015655;786 193;B01;1;30;0;2;7;1;1;
23914;202200015656;786 189;B01;2;7;0;0;4;9;1;
23915;202200015656;786 190;A01;2;33;0;2;1;17;1;
23916;202200015658;786 186;A01;2;31;0;9;0;0;1;
23917;202200015659;786 185;A01;1;7;0;2;2;18;1;
23918;202200015659;786 187;B01;1;7;0;2;3;9;1;
23919;202200015660;786 180;B01;3;43;0;2;1;1;1;
23920;202200015660;786 183;A01;3;7;0;2;3;17;1;
23921;202200015662;786 179;A01;1;30;0;2;2;15;1;
23922;202200015662;786 182;B01;2;7;0;9;3;15;1;
23923;202200015663;786 178;A01;1;7;0;1;3;15;1;
23924;202200015664;786 175;A01;1;21;0;1;6;26;1;
23925;202200015665;786 173;D01;1;7;0;2;6;0;1;
23926;202200015665;786 174;C01;1;7;1;2;9;20;1;
23927;202200015665;786 176;B01;1;33;0;2;2;26;1;
23928;202200015665;786 177;A01;1;7;1;2;9;26;1;
23929;202200015666;786 171;A01;3;7;0;2;3;15;1;
23930;202200015666;786 172;B01;1;2;0;2;1;1;1;
23931;202200015667;786 168;A01;1;7;0;2;1;1;1;
23932;202200015667;786 170;B01;2;7;0;2;3;1;1;
23933;202200015668;786 167;B01;1;33;0;2;3;0;0;
23934;202200015668;786 169;A01;1;7;0;2;3;13;0;
23935;202200015670;786 166;A01;1;7;2;0;1;14;1;
23936;202200015671;786 162;B01;1;33;0;2;2;2;1;
23937;202200015671;786 164;A01;2;7;0;2;0;0;1;
23938;202200015672;786 160;A01;2;10;0;2;6;15;1;
23939;202200015672;786 163;B01;2;2;0;2;2;15;1;
23940;202200015673;786 156;B01;1;1;0;0;4;2;5;
23941;202200015673;786 157;A01;1;10;0;2;2;2;1;
23942;202200015674;786 158;B01;1;7;0;2;4;1;1;
23943;202200015674;786 161;A01;1;7;4;2;1;1;1;
23944;202200015675;786 159;A01;2;7;0;1;3;15;1;
23945;202200015676;786 155;A01;3;33;0;9;0;0;1;
23946;202200015677;786 152;B01;2;7;0;2;3;1;1;
23947;202200015677;786 153;A01;3;2;0;2;7;9;1;
23948;202200015678;786 151;B01;1;1;0;2;1;8;0;
23949;202200015678;786 154;A01;2;7;0;2;2;7;1;
23950;202200015679;786 149;B01;2;14;0;0;0;2;1;
23951;202200015679;786 150;A01;2;1;0;0;0;0;5;
23952;202200015680;786 147;B01;2;2;0;2;1;1;1;
23953;202200015680;786 148;A01;2;2;0;2;8;10;1;
23954;202200015681;786 145;A01;1;34;0;2;1;17;1;
23955;202200015681;786 146;B01;1;30;0;0;8;15;1;
23956;202200015682;786 143;B01;2;7;0;2;1;1;1;
23957;202200015682;786 144;A01;1;7;0;2;1;13;1;
23958;202200015683;786 141;B01;2;15;0;2;1;1;1;
23959;202200015683;786 142;A01;1;7;0;2;1;13;1;
23960;202200015684;786 140;A01;1;7;0;1;1;17;1;
23961;202200015685;786 138;B01;1;15;0;2;3;1;1;
23962;202200015685;786 139;A01;2;13;0;2;3;1;1;
23963;202200015686;786 136;B01;2;7;0;0;6;16;1;
23964;202200015686;786 137;A01;0;7;0;2;1;2;1;
23965;202200015687;786 134;B01;1;2;0;2;1;1;1;
23966;202200015687;786 135;A01;2;10;0;2;2;15;1;
23967;202200015689;786 131;A01;1;33;8;0;2;1;1;
23968;202200015691;786 128;A01;1;1;0;1;1;17;5;
23969;202200015692;786 127;A01;1;3;0;1;1;1;3;
23970;202200015693;786 125;B01;1;33;0;2;1;2;1;
23971;202200015693;786 126;A01;1;7;0;0;4;11;1;
23972;202200015694;786 120;A01;1;7;0;2;1;1;2;
23973;202200015694;786 121;B01;2;7;0;2;1;13;1;
23974;202200015695;786 118;A01;0;7;0;2;1;17;1;
23975;202200015695;786 119;B01;0;1;0;2;4;1;5;
23976;202200015697;786 115;A01;1;32;0;2;2;17;1;
23977;202200015697;786 116;B01;1;7;0;2;3;15;1;
23978;202200015698;786 113;A01;2;7;0;2;1;1;1;
23979;202200015698;786 114;B01;1;2;0;2;2;13;1;
23980;202200015700;786 111;A01;0;7;8;0;8;1;1;
23981;202200015701;786 108;A01;2;7;13;0;3;13;1;
23982;202200015702;786 106;B01;1;7;0;2;3;3;1;
23983;202200015702;786 107;A01;1;43;0;2;4;26;1;
23984;202200015703;786 104;A01;2;10;0;2;1;2;1;
23985;202200015703;786 105;B01;2;7;0;2;4;2;2;
23986;202200015705;786 101;A01;1;7;0;2;6;11;1;
23987;202200015705;786 102;B01;1;15;0;2;2;1;1;
23988;202200015708;786 095;B01;1;10;0;2;5;1;1;
23989;202200015708;786 096;A01;1;43;0;2;1;18;1;
23990;202200015709;786 093;A01;2;7;0;2;3;12;1;
23991;202200015709;786 094;B01;2;7;0;2;5;1;1;
23992;202200015711;786 086;E01;1;7;0;2;4;1;1;
23993;202200015711;786 087;D01;1;7;0;2;4;1;1;
23994;202200015711;786 088;C01;1;7;0;2;4;1;1;
23995;202200015711;786 089;B01;1;10;0;2;4;1;1;
23996;202200015711;786 090;A01;1;14;0;2;1;1;1;
23997;202200015712;786 085;A01;2;34;16;0;2;1;1;
23998;202200015714;786 082;B01;3;1;0;2;1;19;5;
23999;202200015714;786 083;A01;3;7;0;2;1;1;1;
24000;202200015715;786 080;B01;1;32;0;2;1;1;6;
24001;202200015715;786 081;A01;2;10;1;0;2;15;6;
24002;202200015716;786 077;B01;1;7;14;2;1;1;1;
24003;202200015716;786 078;C01;1;10;0;2;1;1;0;
24004;202200015716;786 079;A01;1;7;0;2;4;2;1;
24005;202200015717;786 076;A01;3;30;0;0;2;1;1;
24006;202200015718;786 075;A01;1;7;0;1;2;21;1;
24007;202200015719;786 074;A01;2;7;0;1;1;1;1;
24008;202200015720;786 071;C01;2;7;0;2;4;1;1;
24009;202200015720;786 072;B01;2;7;0;2;4;1;1;
24010;202200015720;786 073;A01;2;7;0;2;1;12;1;
24011;202200015721;786 070;A01;2;37;0;2;1;26;1;5.0
24012;202200015722;786 069;A01;1;7;7;0;1;1;1;
24013;202200015723;786 068;A01;1;7;0;1;3;1;1;
24014;202200015724;786 066;B01;2;7;0;2;4;15;1;
24015;202200015724;786 067;A01;2;7;0;2;1;1;1;
24016;202200015726;786 063;A01;1;7;0;1;2;26;1;
24017;202200015727;786 061;B01;0;7;0;2;6;2;1;
24018;202200015727;786 062;A01;0;33;0;2;1;2;1;
24019;202200015728;786 060;A01;1;7;0;1;2;0;1;
24020;202200015729;786 058;A01;3;7;0;2;2;1;1;
24021;202200015729;786 059;B01;1;7;0;2;1;1;1;
24022;202200015730;786 057;A01;1;10;0;1;1;1;0;
24023;202200015731;786 055;B01;1;7;0;2;3;1;1;
24024;202200015731;786 056;A01;2;7;0;2;2;9;1;
24025;202200015733;786 049;A01;1;7;0;2;1;15;1;
24026;202200015733;786 050;B01;2;1;0;2;1;1;5;
24027;202200015734;786 047;A01;3;7;0;1;3;1;1;
24028;202200015735;786 045;A01;3;7;0;1;2;1;1;
24029;202200015736;786 042;A01;2;7;0;1;8;15;1;
24030;202200015737;786 043;A01;-1;7;0;2;1;1;1;
24031;202200015737;786 044;B01;-1;7;0;2;1;1;1;
24032;202200015738;786 040;B01;2;34;0;2;2;13;1;
24033;202200015738;786 041;A01;2;13;0;2;2;9;1;
24034;202200015739;786 036;B01;3;7;0;2;4;2;1;
24035;202200015739;786 038;A01;3;10;0;2;1;2;1;
24036;202200015740;786 037;B01;2;7;0;2;2;17;1;
24037;202200015740;786 039;A01;2;37;0;2;6;2;1;1.0
24038;202200015741;786 034;B01;3;1;0;2;1;1;5;
24039;202200015741;786 035;A01;3;10;0;2;5;16;1;
24040;202200015742;786 031;A01;1;7;0;2;1;1;1;
24041;202200015742;786 033;B01;1;7;0;2;5;1;1;
24042;202200015743;786 029;B01;3;7;0;2;1;2;1;
24043;202200015743;786 030;C01;3;7;0;2;5;2;1;
24044;202200015743;786 032;A01;3;10;0;2;9;12;1;
24045;202200015744;786 028;A01;3;7;0;1;1;1;1;
24046;202200015747;786 023;B01;1;37;0;0;7;1;2;1.0
24047;202200015747;786 025;A01;1;7;0;2;1;26;1;
24048;202200015748;786 022;B01;3;10;0;2;6;1;1;
24049;202200015748;786 024;A01;3;7;0;2;1;1;1;
24050;202200015749;786 020;A01;3;7;0;2;1;2;1;
24051;202200015749;786 021;B01;3;7;0;2;4;26;1;
24052;202200015750;786 019;A01;2;50;0;0;0;1;3;
24053;202200015751;786 017;A01;2;7;0;2;5;16;2;
24054;202200015751;786 018;B01;2;1;0;2;1;1;5;
24055;202200015752;786 016;A01;1;7;0;0;9;0;1;
24056;202200015753;786 014;B01;2;33;0;2;3;1;1;
24057;202200015753;786 015;A01;1;17;0;2;3;13;1;
24058;202200015754;786 013;A01;1;17;3;0;2;14;1;
24059;202200015756;786 010;A01;1;10;8;0;1;15;1;
24060;202200015757;786 009;A01;2;7;13;0;9;14;1;
24061;202200015758;786 006;C01;3;1;0;2;1;2;5;
24062;202200015758;786 007;B01;3;1;0;2;1;2;5;
24063;202200015758;786 008;A01;3;7;0;9;6;1;1;
24064;202200015759;786 005;A01;1;21;2;0;1;1;0;
24065;202200015760;786 004;A01;3;33;15;0;1;1;1;
24066;202200015762;786 000;A01;3;7;2;0;1;14;1;
24067;202200015763;785 998;B01;2;1;0;2;7;21;5;
24068;202200015763;785 999;A01;2;7;0;2;3;19;1;
24069;202200015764;785 996;B01;1;7;0;0;3;10;1;
24070;202200015764;785 997;A01;2;7;0;2;1;1;1;
24071;202200015765;785 994;A01;2;7;0;2;8;15;1;
24072;202200015765;785 995;B01;1;31;0;2;8;1;1;
24073;202200015766;785 991;C01;1;7;0;2;3;1;1;
24074;202200015766;785 992;B01;2;33;0;2;1;1;1;
24075;202200015766;785 993;A01;2;7;0;2;8;9;1;
24076;202200015767;785 990;A01;2;7;16;0;1;1;1;
24077;202200015768;785 989;A01;3;7;0;1;2;1;1;
24078;202200015769;785 987;B01;1;33;0;2;1;1;1;
24079;202200015769;785 988;A01;1;7;0;2;3;16;1;
24080;202200015770;785 986;A01;3;33;17;0;1;13;1;
24081;202200015771;785 984;A01;1;7;0;2;3;1;1;
24082;202200015771;785 985;B01;2;7;0;2;3;13;1;
24083;202200015772;785 982;A01;1;21;0;2;8;15;1;
24084;202200015772;785 983;B01;1;33;0;2;7;17;1;
24085;202200015773;785 978;A01;0;7;2;0;1;1;1;
24086;202200015774;785 979;A01;1;7;0;2;2;17;1;
24087;202200015774;785 980;B01;1;2;0;0;4;15;1;
24088;202200015775;785 977;A01;3;7;7;0;1;13;1;
24089;202200015776;785 975;A01;2;7;0;0;4;15;0;
24090;202200015776;785 976;B01;2;33;0;2;1;1;1;
24091;202200015777;785 974;A01;3;7;0;1;1;15;1;
24092;202200015778;785 973;A01;3;7;0;1;1;1;1;
24093;202200015779;785 970;A01;1;32;0;2;2;5;1;
24094;202200015779;785 972;B01;2;7;0;2;1;1;1;
24095;202200015780;785 969;A01;3;31;0;2;3;17;1;
24096;202200015780;785 971;B01;0;7;0;2;3;15;1;
24097;202200015781;785 966;A01;3;2;0;2;2;15;1;
24098;202200015781;785 968;B01;3;7;0;2;3;9;1;
24099;202200015782;785 965;B01;1;7;0;2;2;1;1;
24100;202200015782;785 967;A01;2;7;0;2;1;19;1;
24101;202200015783;785 963;A01;2;7;0;2;1;1;1;
24102;202200015783;785 964;B01;2;7;2;2;1;15;1;
24103;202200015784;785 962;A01;3;31;0;6;2;1;1;
24104;202200015785;785 961;A01;1;7;0;1;3;15;1;
24105;202200015786;785 960;A01;2;33;13;0;3;0;1;
24106;202200015787;785 958;A01;3;30;0;2;1;1;1;
24107;202200015787;785 959;B01;3;10;0;2;3;15;1;
24108;202200015788;785 956;A01;3;1;0;0;0;1;5;
24109;202200015788;785 957;B01;3;50;0;0;0;17;3;
24110;202200015789;785 955;A01;2;7;0;1;1;15;1;
24111;202200015790;785 953;A01;1;7;0;2;8;15;1;
24112;202200015790;785 954;B01;2;2;0;2;1;1;1;
24113;202200015791;785 952;A01;1;7;0;1;1;15;1;
24114;202200015792;785 951;A01;1;38;8;0;1;14;1;15.0
24115;202200015794;785 948;A01;1;7;4;0;5;2;1;
24116;202200015795;785 946;A01;1;7;0;2;1;15;1;
24117;202200015795;785 947;B01;2;32;0;2;3;1;1;
24118;202200015796;785 943;B01;2;33;0;2;8;1;1;
24119;202200015796;785 945;A01;2;7;0;2;6;14;1;
24120;202200015797;785 942;A01;1;7;0;2;1;1;1;
24121;202200015797;785 944;B01;1;7;0;2;6;1;1;
24122;202200015798;785 940;B01;2;10;0;2;7;0;1;
24123;202200015798;785 941;A01;1;31;0;2;3;9;1;
24124;202200015799;785 939;A01;1;38;0;1;5;15;1;1.0
24125;202200015800;785 936;A01;2;7;0;0;0;0;1;
24126;202200015801;785 935;A01;3;7;0;1;1;16;1;
24127;202200015802;785 933;A01;1;7;0;2;1;13;1;
24128;202200015802;785 934;B01;2;7;0;2;1;1;1;
24129;202200015803;785 931;A01;3;7;0;2;2;1;3;
24130;202200015803;785 932;B01;3;10;0;2;1;0;1;
24131;202200015804;785 929;A01;3;7;0;2;1;1;1;
24132;202200015804;785 930;B01;3;31;0;2;1;13;1;
24133;202200015805;785 928;A01;1;33;11;0;0;0;1;
24134;202200015806;785 926;A01;0;7;9;0;2;16;1;
24135;202200015807;785 925;A01;1;7;0;2;2;1;1;
24136;202200015807;785 927;B01;1;7;0;0;6;12;1;
24137;202200015808;785 922;A01;2;2;0;0;0;1;1;
24138;202200015809;785 918;B01;2;80;0;0;4;26;3;
24139;202200015809;785 919;A01;2;7;0;9;3;26;1;
24140;202200015810;785 916;B01;3;1;0;2;3;19;5;
24141;202200015810;785 917;A01;3;1;0;2;1;1;5;
24142;202200015811;785 914;A01;2;7;0;2;3;15;1;
24143;202200015811;785 915;B01;1;7;0;2;1;1;1;
24144;202200015812;785 912;B01;3;1;0;2;1;1;5;
24145;202200015812;785 913;A01;3;7;0;2;5;15;1;
24146;202200015813;785 911;A01;1;34;1;0;1;1;0;
24147;202200015814;785 907;A01;2;7;0;2;6;1;1;
24148;202200015814;785 909;B01;2;7;0;2;3;1;1;
24149;202200015814;785 910;C01;2;7;0;2;2;1;1;
24150;202200015815;785 905;C01;1;7;0;2;1;1;1;
24151;202200015815;785 906;B01;1;7;0;2;1;1;1;
24152;202200015815;785 908;A01;1;7;0;2;4;1;1;
24153;202200015816;785 904;A01;1;7;4;0;1;1;1;
24154;202200015817;785 902;A01;1;7;0;2;2;19;1;
24155;202200015817;785 903;B01;0;99;0;2;1;1;3;
24156;202200015818;785 899;B01;2;10;0;2;2;2;1;
24157;202200015818;785 901;A01;2;7;0;2;6;1;1;
24158;202200015819;785 898;B01;2;33;0;2;1;1;1;
24159;202200015819;785 900;A01;1;7;0;2;2;1;1;
24160;202200015820;785 896;A01;1;7;6;0;4;26;1;
24161;202200015821;785 895;A01;2;7;1;0;0;24;1;
24162;202200015821;785 897;B01;2;7;0;1;2;1;1;
24163;202200015822;785 893;B01;1;7;14;2;4;2;1;
24164;202200015822;785 894;A01;1;7;0;2;1;2;1;
24165;202200015823;785 891;A01;2;7;0;2;4;2;2;
24166;202200015823;785 892;B01;2;7;0;2;1;2;1;
24167;202200015824;785 888;A01;1;7;0;2;3;1;1;
24168;202200015824;785 890;B01;2;37;0;2;3;1;4;2.0
24169;202200015825;785 887;A01;1;33;0;2;1;2;1;
24170;202200015825;785 889;B01;1;7;0;2;4;2;1;
24171;202200015826;785 884;A01;2;7;0;2;1;1;1;
24172;202200015826;785 885;B01;2;7;0;2;4;2;1;
24173;202200015827;785 882;B01;1;32;0;2;1;1;1;
24174;202200015827;785 883;A01;1;10;0;2;3;10;1;
24175;202200015828;785 880;B01;1;10;0;2;7;1;1;
24176;202200015828;785 881;A01;1;33;0;2;8;3;1;
24177;202200015829;785 878;B01;2;31;0;2;7;1;1;
24178;202200015829;785 879;A01;1;7;0;2;2;15;1;
24179;202200015830;785 876;A01;2;7;0;2;3;9;1;
24180;202200015830;785 877;B01;2;7;0;2;2;1;1;
24181;202200015831;785 874;A01;1;30;0;0;7;1;1;
24182;202200015832;785 873;B01;1;50;0;2;8;9;3;
24183;202200015832;785 875;A01;1;7;0;2;1;9;1;
24184;202200015833;785 872;A01;3;33;8;0;1;18;1;
24185;202200015834;785 869;A01;1;1;0;0;8;26;5;
24186;202200015835;785 870;A01;2;7;0;9;2;1;1;
24187;202200015835;785 871;B01;2;1;0;2;8;1;5;
24188;202200015837;785 865;A01;3;30;0;2;8;5;1;
24189;202200015837;785 868;B01;0;7;0;2;2;1;1;
24190;202200015838;785 864;A01;0;7;3;0;7;2;1;
24191;202200015839;785 863;A01;1;7;0;1;1;0;0;
24192;202200015840;785 861;A01;3;7;0;2;2;1;2;
24193;202200015840;785 862;B01;3;7;0;2;6;0;1;
24194;202200015841;785 859;A01;2;7;0;1;3;16;1;
24195;202200015842;785 857;B01;3;7;0;2;8;1;1;
24196;202200015842;785 858;A01;3;7;0;2;1;1;1;
24197;202200015842;785 860;C01;3;7;0;2;1;23;1;
24198;202200015843;785 855;A01;1;33;0;2;1;21;1;
24199;202200015843;785 856;B01;1;7;0;2;4;2;1;
24200;202200015844;785 853;B01;2;7;0;2;7;1;1;
24201;202200015844;785 854;A01;2;7;0;2;8;20;1;
24202;202200015845;785 852;A01;1;7;10;0;2;14;1;