;Num_Acc;id_vehicule;num_veh;senc;catv;obs;obsm;choc;manv;motor;occutc
24203;202200015846;785 850;A01;2;33;0;2;7;17;1;
24204;202200015846;785 851;B01;2;7;0;2;8;15;1;
24205;202200015847;785 849;A01;2;7;13;2;1;17;1;
24206;202200015848;785 847;B01;0;7;0;2;1;1;1;
24207;202200015848;785 848;A01;3;7;0;2;8;9;1;
24208;202200015849;785 844;A01;3;7;0;1;2;16;1;
24209;202200015850;785 845;B01;3;7;0;9;7;1;1;
24210;202200015850;785 846;A01;3;7;0;2;7;0;1;
24211;202200015851;785 841;B01;1;7;0;0;0;0;1;
24212;202200015851;785 843;A01;1;7;0;2;1;1;1;
24213;202200015852;785 840;B01;2;7;0;2;3;20;1;
24214;202200015852;785 842;A01;2;30;2;2;2;17;1;
24215;202200015853;785 839;A01;0;7;6;0;1;1;1;
24216;202200015854;785 835;B01;0;1;0;2;9;26;5;
24217;202200015854;785 837;A01;3;7;0;2;3;15;2;
24218;202200015855;785 834;C01;1;10;0;2;3;1;1;
24219;202200015855;785 836;B01;1;7;0;2;1;1;1;
24220;202200015855;785 838;A01;1;7;0;2;4;23;1;
24221;202200015857;785 831;A01;2;30;0;2;1;1;1;
24222;202200015857;785 833;B01;2;10;0;2;5;23;1;
24223;202200015858;785 827;A01;1;7;0;2;3;2;1;
24224;202200015858;785 829;B01;3;30;0;2;2;12;1;
24225;202200015860;785 824;B01;2;1;0;2;1;1;5;
24226;202200015860;785 825;A01;2;7;0;2;8;22;1;
24227;202200015861;785 820;B01;3;31;0;2;1;1;1;
24228;202200015861;785 822;A01;3;7;0;2;1;1;1;
24229;202200015862;785 821;Z01;2;99;0;2;1;1;0;
24230;202200015862;785 823;A01;2;7;0;2;3;1;1;
24231;202200015863;785 818;B01;2;50;0;2;8;15;3;
24232;202200015863;785 819;A01;2;7;0;2;1;15;1;
24233;202200015864;785 817;A01;2;38;10;0;0;0;1;4.0
24234;202200015866;785 815;A01;1;33;8;0;1;1;1;
24235;202200015867;785 813;A01;2;7;0;2;1;17;1;
24236;202200015867;785 814;B01;2;7;3;0;4;1;1;
24237;202200015868;785 810;B01;1;50;0;2;8;1;3;
24238;202200015868;785 812;A01;1;7;0;2;2;16;1;
24239;202200015869;785 808;B01;1;7;0;2;2;0;1;
24240;202200015869;785 809;A01;1;30;0;2;2;17;1;
24241;202200015869;785 811;C01;1;7;0;2;1;0;1;
24242;202200015870;785 806;A01;-1;7;-1;-1;-1;-1;-1;
24243;202200015871;785 805;A01;3;7;0;2;5;16;1;
24244;202200015871;785 807;B01;3;1;0;2;8;16;5;
24245;202200015873;785 802;B01;1;7;0;2;6;15;1;
24246;202200015873;785 804;A01;1;31;0;2;1;17;1;
24247;202200015874;785 798;B01;2;80;0;2;8;1;3;
24248;202200015874;785 800;C01;2;80;0;2;1;1;3;
24249;202200015874;785 801;Z01;1;7;0;2;3;13;1;
24250;202200015875;785 797;A01;1;31;0;2;1;1;1;
24251;202200015875;785 799;B01;2;7;0;2;1;1;1;
24252;202200015876;785 796;A01;1;7;2;0;1;26;1;
24253;202200015877;785 793;B01;2;32;0;2;1;2;0;
24254;202200015877;785 795;A01;2;7;0;2;4;20;0;
24255;202200015878;785 792;A01;2;7;0;2;1;15;1;
24256;202200015878;785 794;B01;1;1;0;2;8;1;5;
24257;202200015879;785 790;A01;3;10;0;1;1;1;1;
24258;202200015880;785 789;B01;1;1;0;2;1;1;5;
24259;202200015880;785 791;A01;1;99;0;2;2;15;1;
24260;202200015881;785 786;B01;2;31;0;2;0;0;1;
24261;202200015881;785 787;A01;1;34;0;2;1;13;1;
24262;202200015882;785 784;A01;2;32;1;0;2;1;1;
24263;202200015883;785 783;C01;1;10;0;2;4;2;1;
24264;202200015883;785 785;B01;1;7;0;2;4;2;1;
24265;202200015883;785 788;A01;1;7;0;2;1;2;1;
24266;202200015884;785 781;B01;3;7;0;0;3;0;1;
24267;202200015884;785 782;A01;3;7;0;2;1;15;1;
24268;202200015885;785 780;A01;2;7;12;0;1;1;1;
24269;202200015886;785 779;A01;3;7;12;0;1;15;1;
24270;202200015887;785 777;A01;2;10;2;0;1;1;1;
24271;202200015888;785 776;B01;1;7;0;2;1;1;1;
24272;202200015888;785 778;A01;2;10;0;2;1;1;1;
24273;202200015889;785 773;A01;1;33;0;2;3;13;1;
24274;202200015889;785 774;C01;1;7;0;2;6;1;3;
24275;202200015889;785 775;B01;1;7;0;2;5;1;1;
24276;202200015890;785 771;B01;1;1;0;2;4;15;5;
24277;202200015890;785 772;A01;1;1;0;2;1;1;5;
24278;202200015891;785 769;A01;2;7;0;2;1;2;1;
24279;202200015891;785 770;B01;2;37;0;2;4;23;1;1.0
24280;202200015892;785 767;A01;2;7;0;2;3;9;1;
24281;202200015892;785 768;B01;1;1;0;2;1;25;5;
24282;202200015893;785 766;A01;1;38;6;0;1;13;1;35.0
24283;202200015894;785 764;A01;2;43;0;1;1;1;1;
24284;202200015895;785 763;A01;1;1;0;2;1;2;5;
24285;202200015895;785 765;B01;1;7;0;2;4;2;1;
24286;202200015896;785 762;Z01;2;7;0;1;1;1;2;
24287;202200015897;785 761;A01;1;7;0;1;1;1;2;
24288;202200015898;785 759;A01;2;1;0;1;1;7;5;
24289;202200015899;785 760;A01;0;7;0;1;2;15;1;
24290;202200015900;785 757;B01;2;1;0;2;1;1;5;
24291;202200015900;785 758;A01;3;7;0;2;8;22;1;
24292;202200015901;785 755;B01;2;1;0;2;3;1;5;
24293;202200015901;785 756;A01;1;7;0;2;2;15;2;
24294;202200015902;785 753;B01;1;43;0;2;1;1;1;
24295;202200015902;785 754;A01;2;7;0;2;3;1;1;
24296;202200015903;785 751;A01;1;10;0;1;8;1;3;
24297;202200015904;785 750;B01;1;33;0;2;1;1;1;
24298;202200015904;785 752;A01;2;7;0;2;5;15;1;
24299;202200015905;785 749;A01;1;10;0;1;1;15;1;
24300;202200015906;785 748;A01;1;33;0;1;1;1;1;
24301;202200015907;785 746;B01;1;1;0;2;1;1;5;
24302;202200015907;785 747;A01;1;7;0;2;3;15;1;
24303;202200015909;785 742;B01;3;60;0;2;7;19;5;
24304;202200015909;785 743;A01;2;7;0;2;1;16;2;
24305;202200015910;785 738;B01;2;80;0;2;2;9;3;
24306;202200015910;785 740;Z01;2;7;0;2;1;1;0;
24307;202200015911;785 739;A01;1;7;0;2;3;15;1;
24308;202200015911;785 741;B01;1;30;0;2;5;1;3;
24309;202200015912;785 735;A01;2;7;0;2;3;9;1;
24310;202200015912;785 736;C01;1;7;0;2;2;1;1;
24311;202200015912;785 737;B01;2;2;0;2;7;2;1;
24312;202200015913;785 734;A01;2;50;0;2;0;1;3;
24313;202200015914;785 731;A01;1;7;0;2;5;23;1;
24314;202200015914;785 733;B01;1;50;0;2;1;1;3;
24315;202200015915;785 730;A01;2;32;0;2;1;1;1;
24316;202200015915;785 732;B01;2;7;0;2;4;1;1;
24317;202200015917;785 725;A01;3;33;0;2;1;17;1;
24318;202200015917;785 727;B01;3;7;0;2;3;13;1;
24319;202200015918;785 726;B01;3;7;0;0;0;0;0;
24320;202200015918;785 728;A01;1;30;0;2;0;1;1;
24321;202200015919;785 722;A01;1;1;0;2;2;1;5;
24322;202200015919;785 724;B01;1;32;0;2;1;1;1;
24323;202200015921;785 720;A01;2;1;1;0;1;16;5;
24324;202200015923;785 713;A01;2;33;0;1;3;17;1;
24325;202200015924;785 712;A01;3;7;0;2;3;19;1;
24326;202200015924;785 714;B01;3;7;0;2;2;1;1;
24327;202200015926;785 709;A01;1;7;6;0;1;15;1;
24328;202200015927;785 707;A01;2;7;0;2;1;15;1;
24329;202200015927;785 708;B01;1;33;0;2;8;1;1;
24330;202200015928;785 706;A01;1;33;2;0;0;26;1;
24331;202200015929;785 704;A01;2;99;0;1;2;1;0;
24332;202200015930;785 703;B01;2;7;0;2;1;1;1;
24333;202200015930;785 705;A01;3;7;0;2;3;1;1;
24334;202200015931;785 701;B01;3;7;8;0;3;1;1;
24335;202200015931;785 702;A01;3;7;0;2;1;15;0;
24336;202200015932;785 700;A01;3;7;12;0;2;15;1;
24337;202200015933;785 698;A01;1;7;0;1;2;21;1;
24338;202200015934;785 697;B01;1;7;0;2;1;1;0;
24339;202200015934;785 699;A01;2;37;0;2;3;0;0;1.0
24340;202200015935;785 694;A01;0;7;0;2;0;0;1;
24341;202200015935;785 695;B01;0;7;0;2;0;0;1;
24342;202200015935;785 696;C01;0;7;0;0;0;0;1;
24343;202200015936;785 691;B01;1;7;0;0;4;1;1;
24344;202200015936;785 693;A01;1;43;0;2;1;1;1;
24345;202200015937;785 690;B01;3;7;0;2;3;15;2;
24346;202200015937;785 692;A01;3;10;0;2;4;1;1;
24347;202200015938;785 687;A01;1;42;1;2;1;17;1;
24348;202200015938;785 689;B01;1;7;0;2;3;15;1;
24349;202200015939;785 686;A01;3;7;0;2;3;15;1;
24350;202200015939;785 688;B01;0;33;9;2;1;17;1;
24351;202200015940;785 683;A01;3;10;0;0;4;1;1;
24352;202200015940;785 684;B01;3;7;0;2;1;1;1;
24353;202200015941;785 682;B01;3;1;0;2;1;1;5;
24354;202200015941;785 685;A01;3;7;0;9;1;15;1;
24355;202200015942;785 680;A01;1;7;0;2;1;13;1;
24356;202200015942;785 681;B01;2;7;0;2;3;1;1;
24357;202200015943;785 679;A01;2;7;0;1;3;1;2;
24358;202200015945;785 676;A01;1;7;0;1;2;1;1;
24359;202200015946;785 675;B01;2;50;0;2;0;0;3;
24360;202200015946;785 677;A01;2;7;0;2;6;2;1;
24361;202200015947;785 673;A01;0;1;0;1;8;16;5;
24362;202200015948;785 672;A01;3;10;0;2;7;15;1;
24363;202200015948;785 674;B01;0;7;0;0;3;1;1;
24364;202200015949;785 671;A01;1;50;1;1;1;0;3;
24365;202200015950;785 670;A01;1;10;0;1;6;4;1;
24366;202200015951;785 669;A01;1;7;9;1;1;15;1;
24367;202200015952;785 667;A01;1;7;9;0;1;1;1;
24368;202200015953;785 668;A01;1;7;13;0;1;14;2;
24369;202200015954;785 663;A01;1;32;0;2;1;17;1;
24370;202200015954;785 665;B01;2;7;0;2;8;1;1;
24371;202200015954;785 666;C01;2;7;0;2;3;1;1;
24372;202200015955;785 662;B01;2;7;0;2;3;1;1;
24373;202200015955;785 664;A01;1;7;0;2;3;13;1;
24374;202200015956;785 660;B01;2;7;6;0;8;1;0;
24375;202200015956;785 661;A01;1;7;0;2;1;1;0;
24376;202200015957;785 657;B01;3;7;0;2;3;9;1;
24377;202200015957;785 658;A01;3;50;0;2;7;1;3;
24378;202200015958;785 656;A01;1;7;4;0;0;0;1;
24379;202200015959;785 655;A01;1;33;15;0;7;2;1;
24380;202200015960;785 654;A01;2;7;2;0;3;1;3;
24381;202200015961;785 653;A01;1;7;0;1;1;1;1;
24382;202200015962;785 651;B01;2;10;0;2;1;0;1;
24383;202200015962;785 652;A01;1;2;0;2;1;0;1;
24384;202200015964;785 648;B01;1;1;0;2;1;1;5;
24385;202200015964;785 650;A01;1;7;0;2;2;19;1;
24386;202200015965;785 646;B01;3;7;0;2;8;19;1;
24387;202200015965;785 647;A01;1;7;0;2;1;1;1;
24388;202200015966;785 643;B01;1;21;0;0;4;2;1;
24389;202200015966;785 644;A01;1;7;0;2;1;2;1;
24390;202200015967;785 642;A01;3;7;0;2;3;6;1;
24391;202200015967;785 645;B01;2;33;0;2;1;1;1;
24392;202200015968;785 641;A01;1;7;0;1;2;2;1;
24393;202200015969;785 640;A01;1;7;2;0;3;0;1;
24394;202200015970;785 638;B01;1;33;0;2;1;1;1;
24395;202200015970;785 639;A01;1;7;0;2;3;10;1;
24396;202200015971;785 636;A01;2;7;3;0;3;1;1;
24397;202200015972;785 634;A01;0;2;0;0;0;1;1;
24398;202200015973;785 630;A01;0;10;0;2;3;17;1;
24399;202200015973;785 632;B01;0;1;0;2;1;1;5;
24400;202200015974;785 631;A01;2;7;0;2;1;1;1;
24401;202200015974;785 633;B01;1;7;0;2;1;23;1;
24402;202200015974;785 635;C01;1;7;0;2;2;23;1;
24403;202200015974;785 637;D01;2;7;0;2;3;19;1;
24404;202200015975;785 628;A01;3;7;0;2;3;19;1;
24405;202200015975;785 629;B01;1;10;0;2;1;1;1;
24406;202200015976;785 627;A01;1;7;13;0;2;18;1;
24407;202200015978;785 621;A01;1;2;6;0;2;14;1;
24408;202200015979;785 619;A01;2;7;13;0;0;1;1;
24409;202200015980;785 616;B01;2;33;0;2;3;0;1;
24410;202200015980;785 618;A01;1;7;0;2;3;13;1;
24411;202200015981;785 617;A01;1;7;0;1;3;1;1;
24412;202200015982;785 614;A01;2;7;0;2;3;15;1;
24413;202200015982;785 615;B01;1;33;0;2;1;1;1;
24414;202200015983;785 612;B01;1;7;0;2;3;1;1;
24415;202200015983;785 613;A01;2;7;0;2;3;1;1;
24416;202200015984;785 611;A01;2;2;0;0;0;0;1;
24417;202200015985;785 608;A01;1;33;0;2;1;2;1;
24418;202200015985;785 610;B01;1;7;0;2;4;2;1;
24419;202200015986;785 606;A01;2;10;13;1;1;13;1;
24420;202200015987;785 605;A01;1;7;13;0;3;0;1;
24421;202200015988;785 603;B01;0;31;0;2;1;1;1;
24422;202200015988;785 604;A01;0;2;0;2;1;13;1;
24423;202200015989;785 600;B01;1;7;0;2;1;1;1;
24424;202200015989;785 602;A01;2;33;0;2;1;1;1;
24425;202200015990;785 599;A01;1;15;0;9;2;12;1;
24426;202200015990;785 601;B01;1;80;0;2;6;18;3;
24427;202200015991;785 598;A01;2;33;8;0;7;1;1;
24428;202200015992;785 597;A01;1;7;7;0;1;1;1;
24429;202200015993;785 596;A01;2;1;0;9;0;0;5;
24430;202200015994;785 595;A01;0;7;8;0;2;14;1;
24431;202200015995;785 591;B01;0;7;0;2;1;0;1;
24432;202200015995;785 593;A01;0;7;0;2;1;1;1;
24433;202200015996;785 592;B01;1;33;0;2;1;17;1;
24434;202200015996;785 594;A01;1;7;0;2;3;15;1;
24435;202200015997;785 589;A01;1;31;0;2;3;13;1;
24436;202200015997;785 590;B01;2;21;0;2;3;1;1;
24437;202200015998;785 588;A01;3;7;13;0;1;1;1;
24438;202200015999;785 586;A01;1;33;0;0;0;1;1;
24439;202200016000;785 585;B01;2;7;7;0;7;1;1;
24440;202200016000;785 587;A01;2;7;0;0;1;1;1;
24441;202200016001;785 584;A01;2;7;0;1;2;2;1;
24442;202200016002;785 581;A01;3;7;0;2;2;1;1;
24443;202200016002;785 583;B01;1;7;0;2;3;1;1;
24444;202200016003;785 580;B01;2;7;0;0;7;1;1;
24445;202200016003;785 582;A01;1;7;0;2;1;9;1;
24446;202200016004;785 578;A01;1;7;10;0;1;19;1;
24447;202200016005;785 576;A01;2;7;3;2;4;9;1;
24448;202200016005;785 577;B01;2;15;0;2;1;1;1;
24449;202200016005;785 579;C01;2;33;0;2;1;2;1;
24450;202200016006;785 573;B01;2;7;0;2;1;2;1;
24451;202200016006;785 575;A01;2;34;0;2;4;2;1;
24452;202200016007;785 572;A01;2;7;3;2;0;0;1;
24453;202200016007;785 574;B01;2;7;3;2;3;0;1;
24454;202200016010;785 567;B01;1;15;1;0;1;2;1;
24455;202200016010;785 569;A01;1;10;0;0;4;1;1;
24456;202200016011;785 568;A01;2;1;0;1;1;1;5;
24457;202200016012;785 563;A01;1;10;0;2;1;2;1;
24458;202200016012;785 564;B01;1;14;3;0;9;2;1;
24459;202200016013;785 561;A01;1;10;0;2;3;5;1;
24460;202200016013;785 565;B01;2;7;0;2;3;1;1;
24461;202200016013;785 566;C01;2;7;0;2;3;1;1;
24462;202200016014;785 560;A01;2;7;13;0;1;1;1;
24463;202200016015;785 559;A01;2;7;0;2;2;15;1;
24464;202200016015;785 562;B01;1;32;0;2;1;1;3;
24465;202200016016;785 557;A01;2;7;0;0;6;17;1;
24466;202200016016;785 558;B01;2;34;0;2;2;17;1;
24467;202200016017;785 554;A01;1;32;3;0;9;1;1;
24468;202200016018;785 553;A01;3;7;0;2;7;15;1;
24469;202200016018;785 555;B01;1;32;0;2;1;1;1;
24470;202200016019;785 548;A01;3;10;0;2;1;1;1;
24471;202200016019;785 551;B01;3;7;0;2;8;1;1;
24472;202200016020;785 550;B01;2;7;0;2;3;0;1;
24473;202200016020;785 552;A01;1;7;0;2;3;0;1;
24474;202200016021;785 547;A01;3;1;0;2;1;14;5;
24475;202200016021;785 549;B01;3;10;0;2;2;1;1;
24476;202200016022;785 543;B01;1;7;0;2;1;1;1;
24477;202200016022;785 545;A01;2;7;0;2;8;15;1;
24478;202200016023;785 540;A01;2;7;0;2;1;11;1;
24479;202200016023;785 544;B01;1;33;0;2;1;1;1;
24480;202200016023;785 546;C01;1;10;0;0;1;23;1;
24481;202200016024;785 541;B01;3;1;0;2;3;1;5;
24482;202200016024;785 542;A01;3;10;0;2;3;15;1;
24483;202200016025;785 536;A01;2;50;0;1;1;1;3;
24484;202200016027;785 534;A01;2;50;0;1;1;1;3;
24485;202200016028;785 535;B01;1;33;0;2;1;1;1;
24486;202200016028;785 538;A01;2;7;0;2;2;15;1;
24487;202200016030;785 531;B01;2;37;0;2;2;11;2;3.0
24488;202200016030;785 533;A01;2;7;0;2;3;13;1;
24489;202200016031;785 530;A01;1;7;13;0;2;14;1;
24490;202200016032;785 529;A01;3;33;0;5;1;1;1;
24491;202200016033;785 526;B01;1;33;0;2;1;1;1;
24492;202200016033;785 528;A01;2;7;0;2;3;13;1;
24493;202200016034;785 523;C01;1;7;0;2;4;23;1;
24494;202200016034;785 525;B01;1;7;0;2;9;2;1;
24495;202200016034;785 527;A01;1;10;0;2;1;2;1;
24496;202200016036;785 520;B01;3;7;0;2;3;1;1;
24497;202200016036;785 524;A01;3;7;0;2;3;13;1;
24498;202200016037;785 519;A01;1;7;16;0;9;1;1;
24499;202200016039;785 516;B01;3;32;0;2;1;1;1;
24500;202200016039;785 518;A01;3;7;0;2;3;15;1;
24501;202200016040;785 513;A01;1;50;0;1;1;1;3;
24502;202200016041;785 512;A01;2;7;0;2;1;13;1;
24503;202200016041;785 514;B01;1;7;0;2;1;1;1;
24504;202200016042;785 511;A01;1;7;0;2;2;19;1;
24505;202200016042;785 515;B01;2;7;0;2;1;1;1;
24506;202200016043;785 507;A01;1;7;0;2;3;15;1;
24507;202200016043;785 510;B01;2;1;0;2;1;9;5;
24508;202200016044;785 505;B01;2;7;0;0;4;26;1;
24509;202200016044;785 509;A01;1;31;0;2;1;2;1;
24510;202200016046;785 503;B01;2;7;0;2;1;2;0;
24511;202200016046;785 504;A01;2;50;8;0;4;1;3;
24512;202200016047;785 502;A01;1;33;0;0;7;1;1;
24513;202200016048;785 500;A01;2;33;0;0;9;17;1;
24514;202200016049;785 501;A01;1;1;0;0;0;1;5;
24515;202200016050;785 497;B01;3;2;0;2;2;1;1;
24516;202200016050;785 498;A01;3;10;0;0;8;20;1;
24517;202200016051;785 495;A01;1;7;0;2;3;22;1;
24518;202200016051;785 496;B01;1;1;0;2;0;1;5;
24519;202200016052;785 493;A01;2;33;0;0;2;1;1;
24520;202200016053;785 492;B01;3;7;0;2;3;1;1;
24521;202200016053;785 494;A01;3;2;0;2;7;1;1;
24522;202200016054;785 489;A01;1;15;0;2;3;15;1;
24523;202200016054;785 491;B01;1;33;0;0;7;16;1;
24524;202200016055;785 490;Z01;1;10;0;1;2;1;0;
24525;202200016056;785 487;A01;1;43;7;0;1;0;1;
24526;202200016057;785 483;A01;2;7;0;2;2;12;1;
24527;202200016057;785 485;B01;2;43;0;2;1;3;1;
24528;202200016058;785 479;B01;1;10;0;2;8;9;1;
24529;202200016058;785 481;A01;2;1;0;2;2;1;5;
24530;202200016059;785 478;B01;1;10;0;2;4;2;1;
24531;202200016059;785 480;A01;1;10;0;2;1;2;1;
24532;202200016060;785 477;A01;2;10;0;1;6;26;1;
24533;202200016061;785 474;B01;3;1;0;0;4;2;5;
24534;202200016061;785 476;A01;2;10;0;9;0;0;0;
24535;202200016062;785 472;A01;2;7;0;1;2;1;3;
24536;202200016063;785 473;B01;2;7;0;2;2;1;1;
24537;202200016063;785 475;Z01;2;10;0;2;3;1;1;
24538;202200016064;785 469;B01;1;7;0;2;4;2;1;
24539;202200016064;785 470;A01;1;7;0;2;1;2;1;
24540;202200016065;785 466;A01;1;7;0;2;2;2;1;
24541;202200016065;785 468;B01;1;7;0;2;1;12;1;
24542;202200016066;785 465;A01;1;32;4;9;3;1;1;
24543;202200016067;785 460;B01;2;10;0;2;2;1;1;
24544;202200016067;785 463;A01;2;10;4;2;6;11;1;
24545;202200016068;785 459;A01;2;7;0;2;1;2;1;
24546;202200016068;785 461;B01;2;7;0;2;4;1;2;
24547;202200016069;785 462;B01;0;2;0;2;1;2;1;
24548;202200016069;785 464;A01;0;7;0;2;4;15;1;
24549;202200016070;785 457;A01;1;7;0;2;1;1;1;
24550;202200016071;785 455;A01;1;7;3;2;2;14;1;
24551;202200016071;785 458;B01;1;14;0;2;4;1;1;
24552;202200016072;785 451;B01;2;33;0;2;8;3;1;
24553;202200016072;785 453;A01;2;7;0;2;0;12;1;
24554;202200016074;785 450;C01;1;10;0;2;1;1;1;
24555;202200016074;785 454;B01;1;7;0;2;4;23;1;
24556;202200016074;785 456;A01;1;7;0;2;4;23;1;
24557;202200016075;785 448;A01;2;33;0;0;0;1;1;
24558;202200016077;785 441;A01;2;7;0;2;1;2;1;
24559;202200016077;785 443;B01;2;7;0;2;4;2;1;
24560;202200016078;785 442;C01;1;7;0;2;1;23;1;
24561;202200016078;785 444;B01;1;7;0;2;9;23;1;
24562;202200016078;785 446;A01;2;7;10;2;9;1;1;
24563;202200016079;785 438;B01;2;32;0;2;1;3;1;
24564;202200016079;785 440;A01;2;7;0;2;3;11;1;
24565;202200016080;785 434;B01;2;60;0;2;1;0;5;
24566;202200016080;785 436;A01;1;7;0;2;1;19;1;
24567;202200016081;785 431;A01;2;33;0;2;1;3;1;
24568;202200016081;785 433;B01;2;10;0;2;5;14;1;
24569;202200016082;785 427;A01;1;10;4;2;2;2;1;
24570;202200016082;785 429;B01;1;7;4;2;4;2;1;
24571;202200016082;785 430;C01;1;7;4;2;1;1;1;
24572;202200016082;785 432;D01;1;7;4;2;1;1;1;
24573;202200016082;785 435;E01;1;7;4;2;1;2;1;
24574;202200016082;785 437;F01;1;7;4;2;0;21;1;
24575;202200016082;785 439;G01;1;7;4;2;1;21;1;
24576;202200016083;785 426;A01;3;34;0;1;7;1;1;
24577;202200016084;785 423;A01;2;10;0;2;5;12;1;
24578;202200016084;785 425;B01;2;10;0;2;1;1;1;
24579;202200016085;785 424;A01;1;7;0;2;1;2;1;
24580;202200016085;785 428;B01;1;1;0;2;7;19;5;
24581;202200016086;785 421;A01;1;7;0;2;1;2;1;
24582;202200016086;785 422;B01;1;10;0;2;4;2;1;
24583;202200016087;785 418;A01;2;7;0;2;7;21;1;
24584;202200016087;785 420;B01;2;7;4;2;0;0;1;
24585;202200016088;785 419;Z01;0;30;0;1;1;26;0;
24586;202200016089;785 416;B01;1;1;0;2;2;1;5;
24587;202200016089;785 417;A01;1;7;0;2;1;26;1;
24588;202200016090;785 413;A01;2;10;0;2;1;2;1;
24589;202200016090;785 415;B01;2;7;0;2;4;2;1;
24590;202200016091;785 411;A01;1;32;0;2;8;17;1;
24591;202200016091;785 412;B01;1;7;0;2;8;15;1;
24592;202200016092;785 410;B01;1;7;0;2;2;19;0;
24593;202200016092;785 414;A01;3;33;0;2;1;1;1;
24594;202200016093;785 406;B01;2;7;0;2;4;2;1;
24595;202200016093;785 408;C01;2;15;0;2;6;1;1;
24596;202200016093;785 409;A01;2;7;0;2;2;2;1;
24597;202200016094;785 405;B01;2;7;0;2;8;1;1;
24598;202200016094;785 407;A01;2;50;0;2;1;1;3;
24599;202200016095;785 404;A01;2;7;0;1;1;1;1;
24600;202200016096;785 402;A01;2;99;0;0;0;26;0;
24601;202200016097;785 401;B01;2;15;1;2;1;1;1;
24602;202200016097;785 403;A01;2;7;0;2;4;1;1;
24603;202200016098;785 399;A01;1;10;4;0;8;13;1;
24604;202200016099;785 398;A01;3;2;0;2;8;1;1;
24605;202200016099;785 400;B01;3;32;0;2;1;1;1;
24606;202200016100;785 395;B01;2;17;0;2;6;24;1;
24607;202200016100;785 397;A01;2;7;3;2;1;14;1;
24608;202200016101;785 394;B01;1;7;0;2;6;23;1;
24609;202200016101;785 396;A01;1;7;0;2;1;1;1;
24610;202200016103;785 390;A01;1;7;0;2;5;1;1;
24611;202200016103;785 392;B01;1;7;0;0;6;23;1;
24612;202200016104;785 389;A01;0;7;0;2;2;15;1;
24613;202200016104;785 391;B01;1;1;0;2;1;1;5;
24614;202200016105;785 385;Z01;1;7;0;2;1;0;1;
24615;202200016105;785 387;A01;1;50;0;2;4;19;3;
24616;202200016106;785 386;B01;1;7;0;2;5;0;1;
24617;202200016106;785 388;A01;1;30;0;2;1;2;3;
24618;202200016107;785 381;A01;2;7;0;2;1;2;1;
24619;202200016107;785 382;B01;2;7;0;2;4;2;1;
24620;202200016107;785 384;C01;2;10;0;0;8;1;1;
24621;202200016108;785 380;A01;1;7;0;2;3;1;2;
24622;202200016108;785 383;B01;1;33;0;2;1;1;1;
24623;202200016109;785 378;A01;1;10;0;2;3;0;3;
24624;202200016109;785 379;B01;1;2;0;2;2;0;1;
24625;202200016110;785 377;A01;1;7;1;0;2;14;1;
24626;202200016111;785 372;A01;1;10;4;2;2;11;1;
24627;202200016111;785 376;B01;1;7;3;0;6;1;1;
24628;202200016112;785 373;B01;1;33;0;2;2;2;1;
24629;202200016112;785 375;A01;1;7;0;2;2;15;1;
24630;202200016115;785 367;B01;1;1;0;2;8;1;5;
24631;202200016115;785 368;A01;1;10;0;2;7;17;1;
24632;202200016116;785 365;A01;1;7;13;0;7;1;1;
24633;202200016116;785 369;B01;2;0;0;0;0;5;0;
24634;202200016117;785 364;B01;2;7;0;2;5;1;1;
24635;202200016117;785 366;A01;2;30;0;2;1;9;1;
24636;202200016118;785 363;A01;1;7;0;1;3;26;1;
24637;202200016119;785 359;A01;0;32;0;0;0;0;1;
24638;202200016120;785 360;B01;3;7;0;2;7;1;1;
24639;202200016120;785 362;A01;3;2;0;2;1;1;1;
24640;202200016121;785 357;B01;2;38;0;2;3;0;1;11.0
24641;202200016121;785 361;A01;1;7;0;2;3;0;1;
24642;202200016123;785 354;A01;2;13;0;2;6;24;1;
24643;202200016123;785 355;B01;2;2;1;0;1;1;1;
24644;202200016124;785 351;A01;1;7;0;2;5;9;1;
24645;202200016124;785 353;B01;1;33;0;2;1;2;1;
24646;202200016126;785 348;A01;1;7;0;1;1;9;1;
24647;202200016127;785 347;A01;1;33;0;2;1;2;1;
24648;202200016127;785 349;B01;1;7;0;2;4;2;1;
24649;202200016129;785 341;A01;3;7;0;2;1;1;1;
24650;202200016129;785 344;B01;3;33;0;2;0;1;1;
24651;202200016130;785 340;B01;2;99;3;0;4;2;1;
24652;202200016130;785 343;A01;2;15;0;2;2;2;1;
24653;202200016131;785 339;B01;0;50;0;2;8;19;3;
24654;202200016131;785 342;A01;2;7;0;2;1;1;1;
24655;202200016132;785 337;A01;1;7;8;0;7;0;1;
24656;202200016133;785 335;B01;2;10;0;2;1;2;0;
24657;202200016133;785 336;A01;2;7;0;2;3;10;1;
24658;202200016134;785 334;B01;3;7;0;2;3;15;1;
24659;202200016134;785 338;A01;3;7;0;2;7;1;1;
24660;202200016135;785 332;B01;1;10;0;0;6;23;1;
24661;202200016135;785 333;A01;1;7;1;0;2;2;1;
24662;202200016136;785 331;A01;3;7;0;1;5;4;1;