;Num_Acc;id_vehicule;num_veh;senc;catv;obs;obsm;choc;manv;motor;occutc
24663;202200016137;785 330;A01;3;7;0;1;2;16;1;
24664;202200016138;785 328;B01;1;7;0;2;8;9;1;
24665;202200016138;785 329;A01;1;7;0;2;1;1;1;
24666;202200016140;785 325;A01;1;30;8;0;0;25;3;
24667;202200016141;785 322;B01;3;7;0;2;3;14;1;
24668;202200016141;785 323;A01;3;7;16;2;2;17;1;
24669;202200016142;785 321;A01;2;7;3;0;5;9;1;
24670;202200016143;785 316;B01;2;7;0;2;1;1;1;
24671;202200016143;785 319;A01;1;7;0;2;1;13;1;
24672;202200016144;785 315;A01;1;31;0;0;0;0;1;
24673;202200016144;785 318;B01;1;10;0;2;0;11;1;
24674;202200016145;785 313;A01;1;7;0;0;4;23;1;
24675;202200016145;785 314;B01;1;7;0;2;4;23;1;
24676;202200016145;785 317;C01;1;7;0;2;1;1;1;
24677;202200016145;785 320;D01;1;7;0;2;0;1;1;
24678;202200016145;785 324;E01;1;7;0;0;1;1;2;
24679;202200016145;785 326;F01;1;7;0;0;4;1;1;
24680;202200016146;785 312;A01;3;7;0;1;0;1;1;
24681;202200016147;785 310;A01;2;7;0;2;1;10;1;
24682;202200016147;785 311;B01;1;2;4;2;1;1;1;
24683;202200016148;785 309;A01;1;7;4;0;1;1;1;
24684;202200016149;785 308;A01;1;7;6;0;2;14;1;
24685;202200016150;785 306;A01;2;7;13;0;1;1;1;
24686;202200016151;785 304;A01;3;7;0;2;8;10;3;
24687;202200016151;785 305;B01;3;33;0;2;1;1;1;
24688;202200016152;785 303;B01;1;7;0;2;1;9;1;
24689;202200016152;785 307;A01;2;33;12;0;4;15;1;
24690;202200016153;785 301;A01;2;33;0;2;3;13;1;
24691;202200016153;785 302;B01;1;7;0;2;8;1;1;
24692;202200016154;785 298;B01;1;7;0;2;1;1;1;
24693;202200016154;785 300;A01;2;7;9;2;3;1;1;
24694;202200016155;785 297;A01;3;7;0;1;2;1;1;
24695;202200016156;785 299;A01;1;7;0;2;1;1;1;
24696;202200016158;785 293;A01;3;7;0;2;2;15;1;
24697;202200016158;785 296;B01;3;30;0;2;1;1;1;
24698;202200016159;785 294;A01;3;7;2;0;1;14;1;
24699;202200016160;785 292;A01;0;33;6;0;1;0;1;
24700;202200016161;785 291;A01;3;7;0;1;1;16;1;
24701;202200016162;785 288;A01;3;7;0;2;3;13;1;
24702;202200016162;785 290;B01;3;10;0;2;3;1;1;
24703;202200016163;785 286;A01;1;7;0;2;9;12;1;
24704;202200016163;785 289;B01;1;7;0;2;3;2;1;
24705;202200016164;785 287;A01;3;2;0;1;1;17;1;
24706;202200016165;785 283;A01;2;2;1;0;1;13;1;
24707;202200016165;785 285;B01;2;10;0;2;2;24;1;
24708;202200016168;785 277;A01;1;2;0;2;1;15;1;
24709;202200016168;785 279;B01;2;1;0;2;1;1;5;
24710;202200016168;785 281;C01;2;1;0;2;1;1;5;
24711;202200016169;785 272;B01;1;7;0;2;3;1;1;
24712;202200016169;785 274;A01;2;7;0;2;3;13;1;
24713;202200016170;785 270;B01;2;7;0;2;4;1;1;
24714;202200016170;785 271;A01;2;7;0;2;1;1;1;
24715;202200016171;785 269;A01;1;7;0;1;1;1;2;
24716;202200016172;785 268;A01;3;10;0;1;1;1;1;
24717;202200016173;785 265;A01;3;15;0;1;5;4;1;
24718;202200016174;785 264;A01;2;7;0;2;0;9;1;
24719;202200016174;785 266;B01;2;30;0;2;4;1;1;
24720;202200016175;785 262;A01;3;99;0;2;7;1;3;
24721;202200016175;785 263;B01;3;7;0;2;1;1;1;
24722;202200016176;785 260;A01;2;7;6;0;3;1;1;
24723;202200016179;785 256;B01;2;7;0;2;3;1;1;
24724;202200016179;785 257;A01;1;7;0;2;1;15;1;
24725;202200016180;785 254;A01;1;7;0;2;1;15;1;
24726;202200016180;785 255;B01;2;2;0;2;1;1;1;
24727;202200016181;785 252;B01;2;10;0;2;1;1;1;
24728;202200016181;785 253;A01;2;7;0;0;4;15;1;
24729;202200016182;785 250;A01;1;33;0;2;1;1;1;
24730;202200016182;785 251;B01;2;7;0;2;3;1;1;
24731;202200016183;785 248;B01;3;7;0;2;8;1;1;
24732;202200016183;785 249;A01;3;33;0;2;3;13;1;
24733;202200016184;785 246;A01;1;7;0;2;2;19;1;
24734;202200016184;785 247;B01;2;2;0;2;8;1;1;
24735;202200016185;785 244;A01;2;7;0;2;3;1;1;
24736;202200016185;785 245;B01;2;30;0;2;8;10;1;
24737;202200016186;785 242;B01;0;7;0;2;1;1;1;
24738;202200016186;785 243;A01;0;7;0;2;1;15;1;
24739;202200016187;785 240;A01;1;7;0;2;3;9;0;
24740;202200016187;785 241;B01;1;50;0;2;7;15;3;
24741;202200016188;785 239;A01;2;33;13;0;3;1;1;
24742;202200016189;785 237;A01;2;7;0;2;2;1;1;
24743;202200016189;785 238;B01;2;7;0;2;3;19;1;
24744;202200016190;785 236;A01;1;7;8;0;3;0;1;
24745;202200016191;785 233;C01;1;21;0;2;8;23;1;
24746;202200016191;785 234;B01;2;7;0;2;8;21;1;
24747;202200016191;785 235;A01;2;7;0;2;1;19;1;
24748;202200016192;785 231;B01;1;7;0;2;3;1;1;
24749;202200016192;785 232;A01;2;7;0;2;3;1;1;
24750;202200016193;785 229;B01;2;7;0;2;1;2;1;
24751;202200016193;785 230;A01;2;17;0;0;4;1;1;
24752;202200016194;785 225;A01;1;14;0;2;1;2;1;
24753;202200016194;785 226;B01;1;15;0;2;4;2;1;
24754;202200016194;785 227;C01;1;7;0;2;4;2;1;
24755;202200016194;785 228;D01;1;15;0;0;4;2;1;
24756;202200016195;785 223;A01;1;33;0;2;2;1;1;
24757;202200016195;785 224;B01;2;10;0;2;3;9;1;
24758;202200016196;785 221;B01;1;2;0;2;1;2;1;
24759;202200016196;785 222;A01;1;7;0;0;4;2;1;
24760;202200016197;785 219;B01;-1;7;0;0;5;0;1;
24761;202200016197;785 220;A01;-1;7;0;0;3;0;1;
24762;202200016198;785 218;A01;1;7;16;0;1;1;1;
24763;202200016199;785 216;A01;0;7;0;2;2;9;1;
24764;202200016199;785 217;B01;0;30;0;2;1;1;1;
24765;202200016201;785 213;B01;1;34;0;2;1;1;1;
24766;202200016201;785 214;A01;1;1;0;2;4;19;5;
24767;202200016202;785 211;B01;2;33;0;2;1;17;1;
24768;202200016202;785 212;A01;1;7;13;2;3;1;1;
24769;202200016203;785 209;B01;1;2;0;2;7;1;1;
24770;202200016203;785 210;A01;3;7;0;2;3;9;1;
24771;202200016204;785 207;B01;1;7;0;1;3;2;1;
24772;202200016204;785 208;A01;2;7;0;1;3;2;1;
24773;202200016205;785 206;A01;1;1;0;0;0;1;5;
24774;202200016206;785 204;A01;2;7;0;2;2;9;1;
24775;202200016206;785 205;B01;1;2;0;0;1;1;1;
24776;202200016207;785 202;A01;2;7;0;9;2;1;3;
24777;202200016207;785 203;B01;1;1;0;2;3;15;5;
24778;202200016208;785 200;B01;1;10;0;2;1;1;1;
24779;202200016208;785 201;A01;2;33;0;2;1;13;1;
24780;202200016209;785 199;A01;3;1;0;1;1;1;5;
24781;202200016210;785 197;C01;3;21;0;2;1;23;1;
24782;202200016210;785 198;A01;3;7;0;2;7;1;1;
24783;202200016211;785 194;A01;1;7;0;2;4;2;1;
24784;202200016211;785 195;B01;1;7;0;2;4;2;1;
24785;202200016211;785 196;C01;1;7;0;2;1;2;1;
24786;202200016212;785 192;B01;2;33;0;2;8;3;1;
24787;202200016212;785 193;A01;2;7;0;2;7;12;1;
24788;202200016214;785 187;Z01;2;7;0;2;7;12;0;
24789;202200016214;785 188;B01;2;7;0;2;2;14;1;
24790;202200016214;785 189;C01;2;33;3;2;3;1;1;
24791;202200016215;785 186;A01;1;33;7;0;1;1;1;
24792;202200016217;785 181;B01;2;7;0;2;8;23;1;
24793;202200016217;785 182;A01;2;7;1;0;2;1;1;
24794;202200016218;785 179;A01;1;7;0;2;4;12;1;
24795;202200016218;785 180;B01;1;33;0;2;1;3;1;
24796;202200016219;785 177;A01;1;10;0;2;1;2;1;
24797;202200016219;785 178;B01;1;17;0;2;4;2;1;
24798;202200016220;785 174;C01;1;7;0;2;4;2;1;
24799;202200016220;785 175;B01;1;7;0;2;4;2;1;
24800;202200016220;785 176;A01;1;7;0;2;1;2;1;
24801;202200016221;785 172;A01;1;33;0;2;0;0;1;
24802;202200016221;785 173;B01;2;7;0;2;0;0;1;
24803;202200016222;785 170;A01;1;7;0;2;1;17;1;
24804;202200016222;785 171;B01;1;15;0;2;6;0;1;
24805;202200016223;785 168;B01;2;7;0;2;6;2;1;
24806;202200016223;785 169;A01;2;7;0;2;2;2;1;
24807;202200016224;785 166;A01;1;15;0;2;2;12;1;
24808;202200016224;785 167;B01;1;7;0;2;6;9;1;
24809;202200016225;785 164;B01;1;7;0;2;4;23;1;
24810;202200016225;785 165;A01;1;7;0;2;1;2;1;
24811;202200016227;785 159;A01;1;7;1;2;1;12;1;
24812;202200016227;785 160;C01;1;7;0;2;4;23;1;
24813;202200016227;785 161;B01;1;7;0;2;9;23;1;
24814;202200016228;785 156;C01;2;7;0;2;1;21;1;
24815;202200016228;785 157;B01;2;7;0;2;4;2;1;
24816;202200016228;785 158;A01;2;7;0;2;6;23;1;
24817;202200016229;785 154;B01;2;7;0;2;1;1;1;
24818;202200016229;785 155;A01;1;7;0;2;1;1;1;
24819;202200016230;785 150;A01;1;10;0;0;4;1;-1;
24820;202200016230;785 151;B01;1;10;0;-1;1;2;-1;
24821;202200016230;785 152;C01;1;10;-1;-1;-1;2;-1;
24822;202200016230;785 153;D01;1;15;-1;-1;-1;2;-1;
24823;202200016231;785 147;B01;1;7;0;2;6;12;1;
24824;202200016231;785 148;A01;1;7;0;2;2;11;1;
24825;202200016232;785 145;A01;2;30;0;2;1;17;1;
24826;202200016232;785 146;B01;2;1;0;2;4;15;5;
24827;202200016233;785 143;B01;2;10;0;2;3;23;1;
24828;202200016233;785 144;A01;2;32;0;2;5;17;1;
24829;202200016234;785 141;A01;1;7;0;2;3;22;1;
24830;202200016234;785 142;B01;1;1;0;2;1;1;5;
24831;202200016235;785 139;A01;1;7;0;2;2;9;1;
24832;202200016235;785 140;B01;1;32;0;2;8;1;1;
24833;202200016236;785 137;A01;2;10;0;2;2;16;1;
24834;202200016236;785 138;B01;2;1;0;2;1;1;5;
24835;202200016238;785 135;A01;1;30;8;0;2;14;3;
24836;202200016239;785 134;A01;1;7;0;1;1;15;1;
24837;202200016240;785 133;A01;2;7;0;1;1;1;2;
24838;202200016241;785 131;B01;3;7;0;2;1;15;1;
24839;202200016241;785 132;A01;3;31;0;2;8;1;1;
24840;202200016242;785 129;A01;1;7;0;9;3;15;1;
24841;202200016242;785 130;B01;2;50;0;2;2;5;3;
24842;202200016243;785 127;A01;1;10;0;2;5;26;1;
24843;202200016243;785 128;B01;1;37;0;2;2;1;1;2.0
24844;202200016244;785 125;A01;1;7;0;2;2;15;1;
24845;202200016244;785 126;B01;2;2;0;2;1;1;1;
24846;202200016245;785 123;B01;1;14;0;2;1;2;1;
24847;202200016245;785 124;A01;1;2;0;2;4;17;1;
24848;202200016246;785 121;A01;3;7;0;2;1;2;1;
24849;202200016246;785 122;B01;3;7;0;0;4;2;1;
24850;202200016247;785 119;A01;3;10;0;2;8;9;1;
24851;202200016247;785 120;B01;3;99;0;2;7;1;3;
24852;202200016248;785 117;B01;0;10;0;2;1;1;1;
24853;202200016248;785 118;A01;0;7;0;2;4;1;2;
24854;202200016249;785 116;A01;0;34;5;0;1;1;1;
24855;202200016250;785 115;A01;2;7;0;1;1;9;1;
24856;202200016251;785 113;B01;1;7;0;2;1;1;1;
24857;202200016251;785 114;A01;1;2;0;2;9;1;1;
24858;202200016253;785 109;A01;2;7;0;2;7;17;1;
24859;202200016253;785 110;B01;2;32;0;2;1;1;1;
24860;202200016254;785 107;A01;2;1;0;0;0;15;5;
24861;202200016254;785 108;B01;3;0;0;0;0;0;0;
24862;202200016255;785 105;A01;3;32;0;2;1;17;1;
24863;202200016255;785 106;B01;3;10;0;2;3;15;1;
24864;202200016256;785 102;A01;1;10;0;2;0;0;1;
24865;202200016256;785 103;B01;1;7;0;2;4;2;1;
24866;202200016256;785 104;C01;1;7;0;2;4;2;1;
24867;202200016259;785 096;B01;1;1;0;2;8;1;5;
24868;202200016259;785 097;A01;2;15;0;9;6;1;1;
24869;202200016260;785 095;A01;1;7;13;0;2;0;1;
24870;202200016261;785 094;A01;1;7;13;0;1;1;1;
24871;202200016262;785 091;A01;2;10;0;2;1;1;1;
24872;202200016262;785 092;B01;2;7;0;0;4;15;1;
24873;202200016263;785 090;A01;2;7;8;0;2;1;1;
24874;202200016264;785 089;A01;2;7;0;1;3;1;1;
24875;202200016265;785 088;A01;1;30;6;0;1;26;1;
24876;202200016266;785 086;A01;3;33;0;2;8;15;1;
24877;202200016266;785 087;B01;0;10;0;2;2;1;1;
24878;202200016267;785 084;B01;3;1;0;2;4;15;5;
24879;202200016267;785 085;A01;3;33;0;2;1;17;1;
24880;202200016269;785 081;A01;1;7;9;2;1;17;2;
24881;202200016269;785 082;B01;1;21;0;0;8;15;1;
24882;202200016270;785 079;A01;3;7;0;2;7;17;1;
24883;202200016270;785 080;B01;3;1;0;2;8;15;5;
24884;202200016272;785 071;A01;1;7;0;2;1;13;1;
24885;202200016272;785 072;B01;2;7;0;2;1;1;1;
24886;202200016274;785 069;A01;1;7;0;1;2;1;1;
24887;202200016275;785 066;A01;2;7;0;2;1;1;1;
24888;202200016275;785 067;B01;1;7;0;2;1;17;2;
24889;202200016276;785 064;A01;1;15;0;2;2;1;1;
24890;202200016276;785 065;B01;1;7;0;2;2;5;1;
24891;202200016277;785 062;B01;3;39;0;2;2;1;1;
24892;202200016277;785 063;A01;3;10;0;4;1;1;1;
24893;202200016278;785 061;A01;1;7;13;0;1;0;1;
24894;202200016279;785 060;A01;1;7;13;0;3;11;1;
24895;202200016280;785 059;A01;1;7;2;0;8;13;1;
24896;202200016281;785 057;B01;0;7;2;2;1;1;1;
24897;202200016281;785 058;A01;0;7;6;2;7;1;1;
24898;202200016282;785 055;A01;1;7;0;2;3;19;1;
24899;202200016282;785 056;B01;2;33;0;2;1;1;1;
24900;202200016283;785 054;A01;1;7;0;1;3;1;1;
24901;202200016284;785 052;B01;1;7;0;2;2;2;2;
24902;202200016284;785 053;A01;1;7;3;2;2;14;1;
24903;202200016285;785 050;B01;1;80;0;2;1;1;3;
24904;202200016285;785 051;A01;2;7;0;2;2;15;1;
24905;202200016287;785 046;A01;1;7;0;2;1;2;1;
24906;202200016287;785 047;B01;1;7;0;2;4;2;1;
24907;202200016288;785 043;C01;2;7;0;9;9;21;1;
24908;202200016288;785 044;B01;2;7;0;2;3;1;1;
24909;202200016288;785 045;A01;1;7;0;2;3;5;1;
24910;202200016289;785 041;B01;1;50;0;2;4;2;3;
24911;202200016289;785 042;A01;1;7;0;9;1;2;1;
24912;202200016290;785 039;A01;0;7;0;2;1;2;1;
24913;202200016290;785 040;B01;0;7;0;2;1;19;1;
24914;202200016291;785 037;B01;3;1;0;2;1;1;5;
24915;202200016291;785 038;A01;3;7;0;9;1;9;1;
24916;202200016292;785 035;A01;3;10;0;2;3;1;1;
24917;202200016292;785 036;B01;3;1;0;2;3;1;5;
24918;202200016293;785 032;A01;2;7;1;0;2;14;1;
24919;202200016293;785 033;B01;2;33;0;2;1;2;1;
24920;202200016293;785 034;C01;2;7;0;2;0;2;1;
24921;202200016294;785 030;B01;2;33;0;2;1;26;1;
24922;202200016294;785 031;A01;2;7;0;2;3;9;1;
24923;202200016295;785 028;A01;3;7;0;2;2;1;1;
24924;202200016295;785 029;B01;3;1;0;0;4;1;5;
24925;202200016296;785 025;B01;1;1;0;2;8;13;5;
24926;202200016296;785 026;A01;1;14;0;2;3;13;1;
24927;202200016297;785 024;A01;3;7;2;0;2;1;1;
24928;202200016298;785 023;A01;2;7;0;1;2;2;1;
24929;202200016300;785 019;B01;3;7;0;2;1;1;1;
24930;202200016300;785 020;A01;3;50;0;2;1;13;3;
24931;202200016301;785 018;A01;3;80;0;5;1;1;3;
24932;202200016302;785 016;A01;0;7;0;2;1;13;1;
24933;202200016302;785 017;B01;0;7;0;2;3;14;1;
24934;202200016304;785 013;B01;3;21;0;0;4;2;1;
24935;202200016304;785 014;A01;3;7;0;2;1;2;2;
24936;202200016305;785 012;A01;1;7;8;0;1;0;1;
24937;202200016306;785 010;A01;2;7;0;2;2;14;1;
24938;202200016306;785 011;B01;2;7;0;2;6;1;1;
24939;202200016307;785 007;C01;1;7;0;2;4;1;2;
24940;202200016307;785 008;B01;1;7;0;2;4;1;1;
24941;202200016307;785 009;A01;1;10;11;2;1;14;1;
24942;202200016309;785 004;A01;2;7;5;0;1;26;1;
24943;202200016310;785 003;A01;2;7;4;0;1;0;1;
24944;202200016311;785 000;C01;2;7;0;2;7;1;2;
24945;202200016311;785 001;B01;2;7;0;2;2;1;0;
24946;202200016311;785 002;A01;2;15;0;2;1;1;0;
24947;202200016312;784 998;B01;2;10;0;2;4;0;1;
24948;202200016312;784 999;A01;2;7;0;2;0;2;1;
24949;202200016313;784 996;A01;-1;10;0;2;1;2;1;
24950;202200016313;784 997;B01;-1;10;0;2;4;2;1;
24951;202200016314;784 994;B01;2;7;0;2;4;23;1;
24952;202200016314;784 995;A01;2;10;1;0;1;1;1;
24953;202200016315;784 992;B01;2;7;0;2;1;12;2;
24954;202200016315;784 993;A01;2;7;0;0;4;1;1;
24955;202200016316;784 990;A01;1;7;0;1;1;1;1;
24956;202200016316;784 991;A01;1;7;0;1;1;1;1;
24957;202200016317;784 989;A01;1;7;0;1;3;1;1;
24958;202200016318;784 988;A01;2;7;0;1;2;15;1;
24959;202200016319;784 986;A01;2;34;0;2;1;1;1;
24960;202200016319;784 987;B01;2;7;0;2;6;23;1;
24961;202200016320;784 984;A01;2;10;0;2;2;1;1;
24962;202200016320;784 985;B01;2;30;0;2;1;18;1;
24963;202200016321;784 982;A01;2;7;0;2;3;9;1;
24964;202200016321;784 983;B01;2;32;0;2;7;1;1;
24965;202200016322;784 980;B01;2;1;0;2;1;1;5;
24966;202200016322;784 981;A01;1;7;0;2;2;15;1;
24967;202200016324;784 977;B01;1;2;0;2;1;17;1;
24968;202200016324;784 978;A01;1;7;0;2;3;10;1;
24969;202200016325;784 975;A01;2;7;0;2;1;15;1;
24970;202200016325;784 976;B01;1;7;0;2;3;1;2;
24971;202200016326;784 973;B01;2;1;0;2;1;19;5;
24972;202200016326;784 974;A01;2;7;0;2;2;16;0;
24973;202200016327;784 972;A01;2;7;2;0;1;13;1;
24974;202200016328;784 970;B01;1;30;0;9;7;16;1;
24975;202200016328;784 971;C01;0;0;0;2;0;18;-1;
24976;202200016329;784 969;A01;1;2;0;1;1;1;1;
24977;202200016330;784 967;A01;1;1;0;2;2;17;5;
24978;202200016330;784 968;B01;1;7;0;2;3;2;1;
24979;202200016331;784 966;A01;3;7;0;1;1;1;1;
24980;202200016334;784 961;B01;3;7;2;2;4;13;1;
24981;202200016334;784 962;A01;3;7;0;2;1;16;1;
24982;202200016335;784 960;A01;3;10;12;0;1;26;1;
24983;202200016336;784 958;A01;2;7;0;2;1;15;1;
24984;202200016336;784 959;B01;2;1;0;2;3;15;5;
24985;202200016337;784 957;A01;1;7;0;1;1;16;1;
24986;202200016340;784 952;B01;1;33;0;2;1;1;1;
24987;202200016340;784 953;A01;1;7;0;2;5;9;1;
24988;202200016341;784 951;A01;2;10;0;1;1;1;1;
24989;202200016342;784 949;A01;3;7;8;2;1;9;1;
24990;202200016342;784 950;B01;1;7;8;2;2;1;3;
24991;202200016343;784 947;B01;1;7;0;2;1;2;1;
24992;202200016343;784 948;A01;1;7;0;2;7;19;1;
24993;202200016344;784 945;B01;1;7;16;2;3;15;1;
24994;202200016344;784 946;A01;0;7;0;2;0;1;0;
24995;202200016345;784 943;B01;1;7;0;2;1;1;1;
24996;202200016345;784 944;A01;1;7;0;2;8;1;1;
24997;202200016346;784 942;A01;3;33;0;0;0;1;1;
24998;202200016347;784 940;A01;1;7;0;2;2;12;1;
24999;202200016347;784 941;B01;1;32;0;2;3;3;1;
25000;202200016348;784 939;A01;2;37;0;1;2;1;2;1.0
25001;202200016349;784 938;A01;1;1;0;1;1;1;5;
25002;202200016351;784 935;B01;0;10;0;2;3;1;3;
25003;202200016351;784 936;A01;0;80;0;2;1;1;3;
25004;202200016352;784 934;A01;1;7;0;1;1;20;1;
25005;202200016353;784 932;B01;1;31;0;2;4;23;1;
25006;202200016353;784 933;A01;1;33;0;2;1;1;1;
25007;202200016354;784 931;A01;2;7;0;1;2;1;1;
25008;202200016355;784 929;A01;2;7;0;2;2;16;1;
25009;202200016355;784 930;B01;2;50;0;2;8;1;3;
25010;202200016356;784 927;B01;1;60;0;2;7;19;5;
25011;202200016356;784 928;A01;1;33;0;2;1;1;1;
25012;202200016357;784 926;A01;2;7;0;1;1;1;1;
25013;202200016358;784 924;A01;1;14;0;2;1;2;1;
25014;202200016358;784 925;B01;1;10;0;2;4;2;1;
25015;202200016361;784 919;A01;0;7;0;1;2;16;1;
25016;202200016362;784 917;B01;1;37;0;2;7;26;0;1.0
25017;202200016362;784 918;A01;1;7;0;2;7;0;1;
25018;202200016363;784 915;B01;3;60;0;2;0;0;5;
25019;202200016363;784 916;A01;2;7;0;2;2;1;1;
25020;202200016364;784 914;A01;1;34;0;2;3;26;0;
25021;202200016365;784 912;A01;2;14;0;2;7;1;1;
25022;202200016365;784 913;B01;2;50;0;2;3;3;3;
25023;202200016366;784 910;A01;1;7;9;0;3;1;1;
25024;202200016366;784 911;B01;2;10;0;2;2;15;1;
25025;202200016367;784 908;A01;1;10;0;2;1;1;1;
25026;202200016367;784 909;B01;1;7;1;0;4;2;2;
25027;202200016368;784 907;A01;2;7;0;1;1;1;1;
25028;202200016369;784 905;A01;2;7;0;2;3;15;1;
25029;202200016369;784 906;B01;2;31;0;2;1;1;1;
25030;202200016370;784 904;A01;1;7;0;1;2;1;1;
25031;202200016371;784 902;A01;0;7;0;9;7;15;1;
25032;202200016371;784 903;B01;0;33;0;2;1;1;0;
25033;202200016372;784 901;A01;1;33;0;0;8;1;1;
25034;202200016373;784 900;A01;3;7;0;1;4;4;1;
25035;202200016374;784 899;A01;2;7;0;1;2;1;1;
25036;202200016375;784 898;A01;1;7;4;0;1;1;1;
25037;202200016376;784 897;A01;0;7;0;0;0;1;1;
25038;202200016377;784 894;A01;1;7;0;9;2;15;1;
25039;202200016377;784 896;B01;3;1;0;2;6;26;5;
25040;202200016378;784 893;A01;-1;7;6;2;1;9;1;
25041;202200016378;784 895;B01;-1;7;0;2;7;1;1;
25042;202200016379;784 891;A01;2;33;15;0;2;1;1;
25043;202200016380;784 890;B01;1;0;14;2;1;21;0;
25044;202200016380;784 892;A01;1;99;0;2;3;0;0;
25045;202200016381;784 888;A01;3;7;0;2;2;19;1;
25046;202200016381;784 889;B01;1;33;9;2;1;1;1;
25047;202200016382;784 887;A01;2;7;1;1;2;1;1;
25048;202200016383;784 885;B01;1;1;0;2;4;1;5;
25049;202200016383;784 886;A01;1;7;0;2;2;1;1;
25050;202200016384;784 883;B01;2;50;0;2;8;1;3;
25051;202200016384;784 884;A01;1;7;0;2;3;15;1;
25052;202200016385;784 882;A01;2;3;13;0;9;1;1;
25053;202200016387;784 878;A01;2;7;0;2;1;1;1;
25054;202200016387;784 881;B01;2;7;0;0;0;0;1;
25055;202200016388;784 877;A01;2;33;16;0;1;1;1;
25056;202200016389;784 875;B01;2;33;0;2;4;1;1;
25057;202200016389;784 876;A01;2;7;0;2;1;2;1;
25058;202200016390;784 873;B01;3;33;0;2;2;1;1;
25059;202200016390;784 874;A01;3;7;0;2;8;11;1;
25060;202200016391;784 872;A01;1;7;0;1;7;1;1;
25061;202200016393;784 868;B01;1;32;0;2;1;1;1;
25062;202200016393;784 869;A01;1;10;0;2;8;10;1;
25063;202200016394;784 867;A01;3;36;13;0;1;0;0;
25064;202200016395;784 865;A01;1;50;3;0;1;1;3;
25065;202200016397;784 862;B01;2;1;0;2;1;1;5;
25066;202200016397;784 863;A01;1;10;0;9;5;15;6;
25067;202200016398;784 860;B01;1;7;0;9;8;1;1;
25068;202200016398;784 861;A01;2;1;0;2;1;5;5;
25069;202200016399;784 857;A01;3;7;0;2;4;2;1;
25070;202200016399;784 859;B01;3;7;0;2;1;2;1;
25071;202200016400;784 856;A01;2;7;0;2;1;6;1;
25072;202200016400;784 858;B01;1;7;0;2;1;1;1;
25073;202200016401;784 854;A01;1;33;0;1;2;1;1;
25074;202200016402;784 851;A01;1;10;0;2;1;1;1;
25075;202200016402;784 852;B01;1;7;0;2;6;0;1;
25076;202200016403;784 849;A01;2;33;0;2;2;17;1;
25077;202200016403;784 850;B01;1;10;0;2;8;15;1;
25078;202200016405;784 845;A01;1;7;0;2;8;16;1;
25079;202200016405;784 846;B01;1;33;0;2;1;1;1;
25080;202200016406;784 843;B01;1;7;0;2;3;24;1;
25081;202200016406;784 844;A01;1;7;1;0;2;1;1;
25082;202200016406;784 847;C01;1;1;1;2;1;1;5;
25083;202200016407;784 842;A01;1;7;13;0;3;1;1;
25084;202200016408;784 841;A01;1;15;0;1;5;16;1;
25085;202200016409;784 840;A01;1;7;8;0;3;1;1;
25086;202200016410;784 839;A01;1;7;2;0;3;13;1;
25087;202200016411;784 837;A01;2;7;0;2;3;13;1;
25088;202200016411;784 838;B01;1;7;0;2;3;1;1;
25089;202200016412;784 836;A01;1;7;0;1;1;1;1;
25090;202200016413;784 834;B01;2;31;0;2;1;1;1;
25091;202200016413;784 835;A01;1;10;0;2;3;1;1;
25092;202200016414;784 832;A01;2;2;0;2;1;1;1;
25093;202200016414;784 833;B01;2;7;0;2;2;23;1;
25094;202200016415;784 830;A01;1;7;0;2;1;1;1;
25095;202200016415;784 831;B01;2;7;0;2;1;1;1;
25096;202200016416;784 828;B01;0;2;0;2;1;1;1;
25097;202200016416;784 829;A01;0;7;0;2;2;19;1;
25098;202200016417;784 827;A01;3;33;16;0;9;1;1;
25099;202200016418;784 826;A01;2;7;3;0;3;1;1;
25100;202200016419;784 824;B01;2;33;0;2;3;2;1;
25101;202200016419;784 825;A01;2;10;0;2;7;16;1;
25102;202200016420;784 823;A01;1;7;6;0;7;0;1;
25103;202200016422;784 819;B01;1;7;0;2;3;1;1;
25104;202200016422;784 821;A01;2;99;0;2;3;1;1;
25105;202200016423;784 817;A01;1;7;6;0;1;1;1;
25106;202200016424;784 816;A01;2;10;3;2;3;1;1;
25107;202200016424;784 818;B01;2;7;3;0;5;1;1;
25108;202200016425;784 812;B01;2;7;0;0;6;2;1;
25109;202200016425;784 814;A01;2;10;4;0;1;2;1;
25110;202200016426;784 811;B01;1;7;0;1;1;1;1;
25111;202200016426;784 813;A01;2;7;0;2;3;1;1;
25112;202200016427;784 809;A01;2;36;2;0;2;1;1;
25113;202200016428;784 808;B01;2;7;0;2;3;1;1;
25114;202200016428;784 810;A01;1;2;0;2;1;19;1;
25115;202200016429;784 807;A01;2;7;0;1;2;1;1;
25116;202200016430;784 805;A01;1;10;0;2;0;2;1;
25117;202200016430;784 806;B01;1;34;0;2;0;3;1;
25118;202200016431;784 804;A01;2;7;13;0;1;14;1;
25119;202200016433;784 801;A01;2;7;11;2;2;17;1;
25120;202200016433;784 802;B01;2;30;0;0;8;1;1;
25121;202200016434;784 800;A01;0;80;13;0;0;0;3;
25122;202200016435;784 798;A01;0;7;0;1;2;1;1;