;Num_Acc;id_vehicule;num_veh;senc;catv;obs;obsm;choc;manv;motor;occutc
25123;202200016436;784 797;B01;1;15;0;2;8;1;1;
25124;202200016436;784 799;A01;2;7;0;2;3;13;1;
25125;202200016437;784 794;A01;1;33;0;2;8;13;1;
25126;202200016437;784 796;B01;3;7;0;2;3;1;1;
25127;202200016438;784 793;B01;2;31;0;2;9;1;1;
25128;202200016438;784 795;A01;1;7;0;2;3;1;1;
25129;202200016439;784 790;A01;3;31;0;2;1;1;1;
25130;202200016439;784 792;B01;3;31;0;2;1;1;1;
25131;202200016440;784 789;A01;2;2;0;2;1;1;1;
25132;202200016440;784 791;B01;1;33;0;2;1;1;1;
25133;202200016442;784 785;A01;2;32;0;0;0;1;1;
25134;202200016443;784 784;A01;2;7;0;1;1;1;0;
25135;202200016444;784 782;B01;0;7;0;2;1;1;1;
25136;202200016444;784 783;A01;0;7;0;2;1;13;1;
25137;202200016445;784 781;A01;3;0;0;1;0;26;0;
25138;202200016446;784 779;A01;1;7;12;2;1;6;1;
25139;202200016446;784 780;B01;2;10;0;2;3;1;1;
25140;202200016447;784 778;A01;3;37;0;1;3;10;1;1.0
25141;202200016448;784 777;A01;2;7;16;0;9;1;1;
25142;202200016449;784 776;A01;2;7;0;1;1;1;1;
25143;202200016450;784 774;A01;2;7;0;0;9;1;1;
25144;202200016452;784 768;C01;1;10;0;2;0;1;1;
25145;202200016452;784 770;B01;1;15;0;2;8;1;1;
25146;202200016452;784 772;A01;2;7;0;2;3;13;1;
25147;202200016453;784 767;A01;2;33;0;0;7;1;1;
25148;202200016454;784 766;A01;2;7;5;0;2;0;1;
25149;202200016455;784 765;A01;3;36;0;0;0;1;1;
25150;202200016457;784 762;A01;1;7;0;1;2;16;1;
25151;202200016458;784 761;A01;1;7;3;0;9;26;1;
25152;202200016459;784 759;A01;1;7;0;2;3;19;1;
25153;202200016459;784 760;B01;1;2;0;2;1;1;1;
25154;202200016460;784 758;A01;2;7;4;0;2;1;1;
25155;202200016461;784 757;A01;0;7;0;1;3;16;1;
25156;202200016462;784 755;A01;1;7;16;0;9;0;1;
25157;202200016463;784 754;B01;1;17;0;0;6;1;1;
25158;202200016463;784 756;A01;1;10;3;2;2;2;1;
25159;202200016464;784 751;B01;1;1;0;2;8;1;5;
25160;202200016464;784 753;A01;2;7;0;2;1;11;1;
25161;202200016465;784 749;A01;1;7;0;2;4;1;1;
25162;202200016465;784 750;B01;1;7;0;2;4;2;1;
25163;202200016465;784 752;C01;1;7;0;2;4;2;1;
25164;202200016466;784 747;B01;1;7;1;2;3;5;1;
25165;202200016466;784 748;A01;2;7;8;2;8;1;1;
25166;202200016467;784 745;A01;2;7;14;2;3;21;1;
25167;202200016467;784 746;B01;2;7;0;2;3;21;1;
25168;202200016468;784 744;A01;2;33;6;0;1;0;1;
25169;202200016469;784 742;A01;2;33;0;6;1;1;1;
25170;202200016470;784 741;B01;1;10;0;2;2;1;1;
25171;202200016470;784 743;A01;1;17;0;2;6;1;1;
25172;202200016471;784 739;A01;2;7;0;2;5;5;1;
25173;202200016471;784 740;B01;1;1;0;2;1;1;5;
25174;202200016474;784 733;A01;1;7;0;0;3;0;1;
25175;202200016475;784 732;A01;3;2;0;2;1;1;1;
25176;202200016475;784 734;B01;3;36;0;2;1;16;1;
25177;202200016476;784 730;A01;2;7;13;0;3;1;1;
25178;202200016477;784 727;A01;1;7;1;0;6;24;1;
25179;202200016477;784 728;B01;1;10;1;0;2;26;1;
25180;202200016478;784 723;B01;2;7;0;2;4;21;1;
25181;202200016478;784 726;A01;2;33;14;2;1;3;1;
25182;202200016480;784 718;A01;1;7;17;0;3;0;1;
25183;202200016481;784 717;B01;1;7;0;2;4;1;2;
25184;202200016481;784 719;A01;1;10;0;2;1;2;1;
25185;202200016482;784 715;A01;0;15;0;1;2;1;1;
25186;202200016483;784 714;B01;1;15;0;2;1;1;0;
25187;202200016483;784 716;A01;2;7;0;2;1;1;1;
25188;202200016484;784 712;B01;3;7;0;9;5;17;2;
25189;202200016484;784 713;A01;3;1;0;2;8;13;5;
25190;202200016485;784 710;A01;1;10;0;2;2;15;1;
25191;202200016485;784 711;B01;2;30;0;2;1;1;1;
25192;202200016487;784 708;A01;1;7;13;0;1;0;1;
25193;202200016489;784 704;A01;2;7;0;2;1;13;1;
25194;202200016489;784 705;B01;1;7;0;2;1;1;1;
25195;202200016490;784 702;A01;0;10;0;2;1;2;1;
25196;202200016490;784 703;B01;0;50;0;0;4;2;3;
25197;202200016491;784 701;A01;1;33;0;0;0;1;1;
25198;202200016492;784 699;B01;1;15;0;2;4;2;1;
25199;202200016492;784 700;A01;1;15;0;2;1;2;1;
25200;202200016493;784 696;B01;3;7;0;2;3;15;1;
25201;202200016493;784 698;A01;3;2;0;2;1;15;1;
25202;202200016494;784 694;C01;1;7;0;2;4;1;1;
25203;202200016494;784 695;B01;1;7;0;2;4;1;1;
25204;202200016494;784 697;A01;1;7;0;2;1;1;1;
25205;202200016495;784 691;A01;1;7;0;2;1;13;1;
25206;202200016495;784 693;B01;2;7;0;2;1;1;1;
25207;202200016496;784 692;A01;1;3;0;1;3;15;1;
25208;202200016497;784 689;A01;1;7;0;1;3;1;1;
25209;202200016498;784 688;A01;1;7;0;2;7;26;1;
25210;202200016498;784 690;B01;2;33;0;2;3;1;0;
25211;202200016499;784 684;A01;1;7;0;2;1;1;1;
25212;202200016499;784 686;B01;1;7;1;2;5;1;1;
25213;202200016500;784 680;C01;1;7;0;2;1;1;1;
25214;202200016500;784 681;B01;1;7;3;2;1;1;1;
25215;202200016500;784 682;A01;1;7;0;2;1;1;1;
25216;202200016501;784 679;A01;2;7;4;0;1;0;1;
25217;202200016502;784 677;A01;2;7;0;2;8;9;1;
25218;202200016502;784 678;B01;1;7;0;2;2;1;1;
25219;202200016503;784 676;A01;1;7;4;0;1;17;1;
25220;202200016504;784 675;A01;3;7;12;0;1;1;1;
25221;202200016505;784 674;A01;1;7;4;0;3;13;1;
25222;202200016506;784 671;A01;1;33;16;0;8;26;1;
25223;202200016507;784 672;B01;2;1;0;2;0;0;5;
25224;202200016507;784 673;A01;2;7;0;2;2;16;1;
25225;202200016508;784 668;B01;2;7;0;2;8;2;1;
25226;202200016508;784 670;A01;2;7;0;0;1;26;1;
25227;202200016510;784 664;A01;1;7;0;2;1;2;1;
25228;202200016510;784 666;B01;1;13;0;2;4;1;1;
25229;202200016511;784 665;A01;1;32;0;2;0;16;1;
25230;202200016512;784 663;A01;2;10;0;2;1;1;1;
25231;202200016513;784 661;B01;2;7;0;2;3;1;1;
25232;202200016513;784 662;A01;2;32;0;2;7;0;1;
25233;202200016514;784 660;A01;1;34;4;2;8;1;1;
25234;202200016515;784 657;B01;1;2;0;2;0;0;1;
25235;202200016515;784 659;A01;1;80;0;2;1;1;3;
25236;202200016516;784 656;A01;1;7;0;2;8;26;1;
25237;202200016516;784 658;B01;1;7;0;2;3;1;1;
25238;202200016517;784 655;A01;1;7;0;2;3;1;1;
25239;202200016518;784 654;A01;1;7;4;0;8;1;1;
25240;202200016519;784 652;A01;2;10;0;2;1;1;1;
25241;202200016519;784 653;B01;1;7;0;2;8;15;1;
25242;202200016520;784 651;A01;1;36;15;0;1;26;1;
25243;202200016521;784 649;A01;1;7;0;2;5;2;1;
25244;202200016521;784 650;B01;1;7;0;2;3;2;1;
25245;202200016522;784 648;A01;2;7;2;0;2;14;1;
25246;202200016523;784 647;A01;1;7;0;1;1;1;1;
25247;202200016525;784 644;A01;1;7;0;0;1;1;1;
25248;202200016526;784 643;A01;2;7;0;1;2;1;3;
25249;202200016527;784 641;B01;1;1;0;2;7;26;5;
25250;202200016527;784 642;A01;1;7;0;9;3;9;1;
25251;202200016528;784 637;A01;1;7;0;0;1;1;1;
25252;202200016529;784 638;A01;2;33;0;2;1;26;1;
25253;202200016529;784 639;B01;2;7;0;2;4;2;1;
25254;202200016529;784 640;C01;1;7;0;2;3;5;1;
25255;202200016530;784 635;A01;1;7;0;1;1;1;1;
25256;202200016531;784 634;A01;2;7;0;2;8;26;1;
25257;202200016531;784 636;B01;2;80;0;2;7;26;3;
25258;202200016532;784 633;A01;1;50;0;0;1;26;3;
25259;202200016533;784 632;Z01;1;7;0;1;1;1;1;
25260;202200016534;784 629;A01;2;7;0;1;3;16;1;
25261;202200016535;784 626;A01;1;7;0;2;1;2;1;
25262;202200016535;784 628;B01;2;10;0;2;4;2;1;
25263;202200016536;784 624;A01;1;7;0;2;1;1;1;
25264;202200016536;784 625;B01;1;7;0;2;4;23;1;
25265;202200016536;784 627;C01;1;10;0;2;4;23;1;
25266;202200016537;784 622;A01;0;3;8;2;7;12;3;
25267;202200016537;784 623;B01;0;10;0;2;3;1;1;
25268;202200016538;784 619;B01;1;7;0;2;2;1;1;
25269;202200016538;784 621;A01;2;10;0;2;1;19;1;
25270;202200016539;784 618;A01;1;7;0;2;8;19;1;
25271;202200016539;784 620;B01;1;33;0;2;1;1;1;
25272;202200016541;784 615;A01;0;10;0;2;7;17;1;
25273;202200016541;784 617;B01;1;80;0;2;8;1;3;
25274;202200016542;784 612;A01;3;7;0;2;1;15;0;
25275;202200016542;784 613;B01;2;33;0;2;3;1;1;
25276;202200016543;784 611;B01;2;7;0;2;7;1;1;
25277;202200016543;784 614;A01;1;10;0;2;1;1;1;
25278;202200016544;784 608;A01;1;7;13;0;1;26;1;
25279;202200016545;784 609;A01;1;7;0;2;1;2;1;
25280;202200016545;784 610;B01;1;7;0;2;4;2;3;
25281;202200016546;784 605;A01;1;32;0;2;1;1;1;
25282;202200016546;784 607;B01;2;30;0;2;2;0;1;
25283;202200016547;784 603;A01;1;7;0;2;1;1;1;
25284;202200016547;784 604;C01;1;7;0;2;4;1;1;
25285;202200016547;784 606;B01;1;7;0;2;4;1;1;
25286;202200016549;784 599;A01;2;7;0;2;3;26;1;
25287;202200016549;784 600;B01;2;30;0;2;1;1;0;
25288;202200016550;784 598;A01;3;33;0;0;1;26;1;
25289;202200016551;784 594;A01;2;7;0;2;7;15;1;
25290;202200016551;784 596;B01;1;33;0;2;1;1;1;
25291;202200016552;784 593;A01;3;7;0;2;0;15;1;
25292;202200016552;784 595;B01;3;32;0;2;1;21;1;
25293;202200016552;784 597;C01;3;7;0;2;3;1;1;
25294;202200016553;784 591;A01;1;7;0;1;3;1;1;
25295;202200016554;784 592;A01;2;7;0;1;1;1;1;
25296;202200016555;784 588;B01;3;1;0;9;1;2;5;
25297;202200016555;784 589;A01;1;99;0;9;4;4;0;
25298;202200016556;784 587;A01;1;7;0;2;1;1;1;
25299;202200016556;784 590;B01;1;50;0;2;1;1;3;
25300;202200016557;784 585;A01;2;7;8;0;1;1;1;
25301;202200016558;784 586;A01;0;43;0;1;8;1;1;
25302;202200016559;784 582;B01;3;7;0;2;0;0;1;
25303;202200016559;784 584;A01;3;33;0;2;0;26;1;
25304;202200016560;784 581;B01;2;7;0;2;3;1;1;
25305;202200016560;784 583;A01;2;30;0;2;1;9;1;
25306;202200016561;784 577;B01;1;10;0;2;4;23;1;
25307;202200016561;784 580;A01;1;7;0;2;1;2;1;
25308;202200016562;784 578;A01;3;7;0;2;8;15;1;
25309;202200016562;784 579;B01;3;7;0;2;1;26;1;
25310;202200016563;784 575;B01;2;10;0;2;4;2;1;
25311;202200016563;784 576;A01;2;7;0;2;1;2;1;
25312;202200016564;784 574;A01;0;10;0;1;4;4;1;
25313;202200016565;784 569;C01;3;1;0;2;8;19;5;
25314;202200016565;784 571;B01;3;7;0;2;4;2;1;
25315;202200016565;784 573;A01;3;7;0;2;2;2;1;
25316;202200016566;784 564;A01;3;33;0;2;1;9;1;
25317;202200016566;784 567;B01;2;7;0;2;5;1;1;
25318;202200016567;784 565;B01;1;7;0;2;2;1;1;
25319;202200016567;784 566;A01;2;32;0;2;1;18;1;
25320;202200016568;784 562;A01;1;30;1;0;1;0;1;
25321;202200016569;784 561;A01;3;7;1;0;1;1;1;
25322;202200016569;784 563;B01;3;43;0;2;4;23;1;
25323;202200016570;784 560;A01;2;10;6;0;1;15;1;
25324;202200016571;784 559;A01;2;7;0;1;3;1;1;
25325;202200016572;784 557;B01;1;2;0;2;1;1;3;
25326;202200016572;784 558;A01;1;7;9;0;4;23;1;
25327;202200016573;784 553;A01;2;7;0;2;8;10;1;
25328;202200016573;784 554;B01;2;10;1;2;2;1;1;
25329;202200016575;784 550;B01;1;2;0;2;0;1;1;
25330;202200016575;784 551;A01;1;7;0;0;0;1;1;
25331;202200016577;784 544;B01;1;7;0;2;5;15;1;
25332;202200016577;784 546;A01;1;32;0;2;1;2;1;
25333;202200016578;784 542;A01;2;7;1;2;1;13;1;
25334;202200016578;784 543;B01;1;10;0;2;0;1;1;
25335;202200016579;784 540;A01;0;7;0;1;2;0;1;
25336;202200016580;784 538;B01;3;10;0;2;4;23;1;
25337;202200016580;784 539;A01;3;32;0;2;1;2;1;
25338;202200016581;784 535;A01;1;7;0;2;3;0;1;
25339;202200016581;784 536;B01;2;7;0;2;3;1;1;
25340;202200016583;784 534;A01;0;38;0;1;1;1;1;1.0
25341;202200016584;784 531;B01;1;34;0;2;0;0;1;
25342;202200016584;784 532;A01;1;32;0;2;1;0;1;
25343;202200016585;784 530;A01;1;15;0;2;1;1;1;
25344;202200016585;784 533;B01;1;7;0;2;7;13;1;
25345;202200016588;784 523;A01;3;7;0;2;1;13;1;
25346;202200016588;784 525;B01;0;7;0;2;2;1;1;
25347;202200016589;784 524;A01;1;33;0;2;1;1;1;
25348;202200016590;784 520;A01;1;7;0;9;3;9;1;
25349;202200016590;784 522;Y01;2;99;0;9;1;17;3;
25350;202200016591;784 519;A01;1;7;0;2;1;9;1;
25351;202200016591;784 521;B01;2;1;0;2;3;9;0;
25352;202200016592;784 517;A01;2;7;0;2;2;1;1;
25353;202200016592;784 518;B01;1;7;0;2;1;16;1;
25354;202200016593;784 516;Z01;1;7;0;1;2;1;1;
25355;202200016594;784 513;A01;3;7;0;2;3;15;1;
25356;202200016594;784 515;B01;3;7;0;2;3;1;1;
25357;202200016595;784 512;B01;2;7;0;2;7;15;1;
25358;202200016595;784 514;Z01;2;7;0;2;1;1;1;
25359;202200016597;784 508;A01;2;1;0;2;1;1;5;
25360;202200016597;784 510;B01;2;7;0;9;4;26;1;
25361;202200016598;784 503;A01;2;7;0;2;1;2;1;
25362;202200016598;784 505;B01;2;7;0;2;4;2;1;
25363;202200016598;784 506;C01;2;7;0;2;4;2;1;
25364;202200016598;784 507;D01;2;7;0;2;4;2;1;
25365;202200016599;784 504;A01;3;7;0;1;1;1;1;
25366;202200016600;784 502;A01;1;7;1;0;2;14;1;
25367;202200016602;784 499;B01;1;10;0;2;3;10;1;
25368;202200016602;784 501;A01;1;34;0;2;3;2;1;
25369;202200016603;784 497;B01;2;50;0;2;1;1;3;
25370;202200016603;784 498;A01;2;7;0;2;3;15;1;
25371;202200016604;784 495;A01;3;7;0;2;3;9;1;
25372;202200016604;784 496;B01;3;1;0;2;1;1;5;
25373;202200016605;784 493;B01;2;50;0;2;1;1;3;
25374;202200016605;784 494;A01;1;7;0;2;2;15;1;
25375;202200016606;784 491;B01;2;15;0;2;4;2;1;
25376;202200016606;784 492;A01;2;7;0;2;1;2;1;
25377;202200016607;784 490;A01;1;7;0;1;3;16;1;
25378;202200016609;784 487;A01;1;7;0;2;1;2;1;
25379;202200016609;784 489;B01;1;7;0;2;4;2;2;
25380;202200016610;784 484;A01;3;7;0;2;5;1;1;
25381;202200016610;784 486;B01;3;31;0;2;1;1;1;
25382;202200016612;784 479;A01;1;7;2;0;0;26;0;
25383;202200016614;784 475;A01;2;10;0;1;2;23;1;
25384;202200016615;784 474;Z01;2;1;0;2;7;15;5;
25385;202200016615;784 477;A01;2;50;0;2;7;17;3;
25386;202200016616;784 473;B01;1;3;0;0;8;19;3;
25387;202200016616;784 476;A01;2;33;0;2;1;1;1;
25388;202200016617;784 472;A01;3;7;0;1;1;1;1;
25389;202200016618;784 466;A01;3;7;0;2;1;1;1;
25390;202200016618;784 470;B01;3;7;0;2;1;26;1;
25391;202200016619;784 465;B01;1;10;0;0;8;15;1;
25392;202200016619;784 468;A01;1;7;0;2;1;2;1;
25393;202200016620;784 469;B01;1;7;0;2;3;15;1;
25394;202200016620;784 471;A01;1;80;0;2;1;1;3;
25395;202200016621;784 464;A01;2;10;0;2;3;11;1;
25396;202200016621;784 467;B01;2;32;0;2;7;17;1;
25397;202200016622;784 462;A01;1;7;0;0;1;1;1;
25398;202200016623;784 461;A01;2;1;0;0;0;1;5;
25399;202200016624;784 458;A01;1;7;0;2;1;19;1;
25400;202200016624;784 459;B01;1;7;0;0;5;1;1;
25401;202200016625;784 460;B01;2;33;0;2;3;1;1;
25402;202200016625;784 463;A01;1;1;0;2;8;13;5;
25403;202200016626;784 455;A01;1;7;0;2;1;13;1;
25404;202200016626;784 457;B01;2;7;0;2;1;16;1;
25405;202200016627;784 456;A01;1;7;0;1;1;15;1;
25406;202200016629;784 451;A01;1;33;0;0;8;21;1;
25407;202200016630;784 449;A01;1;7;4;2;2;0;1;
25408;202200016630;784 450;B01;1;7;0;0;4;0;1;
25409;202200016631;784 444;A01;1;7;0;2;1;2;1;
25410;202200016631;784 446;B01;1;21;0;0;6;2;1;
25411;202200016632;784 443;B01;3;7;0;2;3;1;1;
25412;202200016632;784 447;A01;3;7;0;2;1;5;1;
25413;202200016633;784 448;Z01;2;10;0;2;8;15;0;
25414;202200016633;784 452;A01;1;33;0;2;8;1;1;
25415;202200016634;784 442;B01;1;7;0;2;7;19;1;
25416;202200016634;784 445;A01;2;7;0;2;1;19;1;
25417;202200016636;784 441;A01;2;2;0;0;0;1;0;
25418;202200016637;784 436;A01;2;10;0;1;2;1;1;
25419;202200016638;784 434;B01;0;50;0;2;2;16;3;
25420;202200016638;784 439;A01;0;7;0;2;3;9;2;
25421;202200016639;784 433;A01;1;7;0;2;6;2;3;
25422;202200016639;784 437;B01;1;7;0;2;3;2;1;
25423;202200016639;784 438;Z01;2;7;0;2;3;13;1;
25424;202200016640;784 432;A01;2;7;0;0;9;26;1;
25425;202200016641;784 431;A01;1;33;0;0;8;2;1;
25426;202200016643;784 425;A01;2;7;0;9;1;9;1;
25427;202200016643;784 428;B01;1;50;0;2;7;0;3;
25428;202200016644;784 426;A01;2;7;1;0;2;14;2;
25429;202200016645;784 423;A01;1;7;2;0;1;13;6;
25430;202200016646;784 421;A01;2;7;16;0;1;13;1;
25431;202200016647;784 422;A01;0;7;0;1;1;15;1;
25432;202200016648;784 420;A01;3;7;0;1;1;1;1;
25433;202200016649;784 418;A01;2;33;0;2;1;1;1;
25434;202200016649;784 419;B01;2;7;4;2;8;23;1;
25435;202200016650;784 414;B01;2;33;0;2;5;2;1;
25436;202200016650;784 417;A01;2;7;0;2;3;2;1;
25437;202200016651;784 412;A01;3;32;0;1;1;15;1;
25438;202200016652;784 413;B01;2;50;0;2;0;0;3;
25439;202200016652;784 416;A01;2;7;0;2;0;17;1;
25440;202200016653;784 410;A01;1;7;0;2;4;1;1;
25441;202200016653;784 411;B01;1;7;0;2;1;1;1;
25442;202200016653;784 415;C01;1;10;0;2;1;1;1;
25443;202200016654;784 407;A01;3;30;0;0;0;26;1;
25444;202200016655;784 404;A01;2;10;0;2;1;2;1;
25445;202200016655;784 408;Z01;2;7;0;2;1;2;1;
25446;202200016656;784 403;B01;1;7;0;0;5;2;1;
25447;202200016656;784 406;A01;1;32;0;2;1;17;1;
25448;202200016657;784 405;B01;1;32;0;2;7;17;1;
25449;202200016657;784 409;A01;1;7;0;2;8;15;2;
25450;202200016658;784 402;A01;1;1;0;0;1;1;5;
25451;202200016659;784 400;A01;1;33;15;0;1;1;1;
25452;202200016660;784 399;A01;1;7;1;0;1;1;1;
25453;202200016660;784 401;B01;1;7;0;2;4;0;1;
25454;202200016661;784 395;B01;1;33;0;2;4;23;1;
25455;202200016661;784 398;A01;1;43;0;2;1;2;1;
25456;202200016662;784 397;A01;1;7;3;0;1;1;1;
25457;202200016663;784 392;B01;2;7;13;2;3;1;0;
25458;202200016663;784 396;A01;1;10;0;2;1;13;1;
25459;202200016665;784 388;B01;1;7;6;2;4;23;1;
25460;202200016665;784 389;A01;1;7;0;2;1;2;1;
25461;202200016667;784 381;A01;1;33;0;2;1;3;1;
25462;202200016667;784 383;B01;1;7;0;2;6;1;1;
25463;202200016667;784 386;C01;1;7;0;2;7;1;1;
25464;202200016668;784 382;A01;2;7;0;2;1;1;1;
25465;202200016668;784 385;B01;2;7;0;2;4;1;1;
25466;202200016668;784 390;C01;2;7;0;2;4;1;1;
25467;202200016669;784 378;B01;2;50;0;2;1;19;3;
25468;202200016669;784 380;A01;1;7;0;2;2;15;2;
25469;202200016670;784 373;C01;1;7;0;2;3;1;1;
25470;202200016670;784 377;B01;2;7;0;2;3;1;1;
25471;202200016670;784 379;A01;2;33;0;2;1;17;1;
25472;202200016671;784 372;A01;1;7;0;2;1;3;1;
25473;202200016671;784 374;B01;1;7;0;2;7;1;1;
25474;202200016671;784 376;C01;1;7;0;2;3;1;1;
25475;202200016672;784 371;A01;1;7;0;2;1;12;1;
25476;202200016672;784 375;B01;1;7;0;2;4;12;1;
25477;202200016673;784 369;A01;2;7;0;1;1;15;2;
25478;202200016674;784 370;A01;1;2;0;0;0;0;1;
25479;202200016675;784 365;A01;2;15;0;2;1;2;1;
25480;202200016675;784 367;B01;2;10;0;2;1;2;1;
25481;202200016675;784 368;C01;2;15;0;2;4;2;1;
25482;202200016677;784 364;B01;1;7;0;0;6;23;1;
25483;202200016677;784 366;A01;1;30;0;2;1;21;1;
25484;202200016680;784 356;C01;1;7;0;2;1;1;1;
25485;202200016680;784 358;B01;1;7;0;0;6;1;1;
25486;202200016680;784 361;A01;1;33;0;2;1;21;1;
25487;202200016681;784 355;A01;1;7;0;2;1;1;1;
25488;202200016681;784 357;B01;1;37;0;2;4;23;1;1.0
25489;202200016682;784 353;A01;2;33;3;0;0;0;1;
25490;202200016683;784 352;A01;2;7;0;2;8;15;1;
25491;202200016683;784 354;B01;1;1;0;2;1;1;5;
25492;202200016684;784 350;B01;2;7;0;2;4;23;1;
25493;202200016684;784 351;A01;2;7;0;2;3;2;1;
25494;202200016685;784 348;A01;3;32;0;1;8;5;1;
25495;202200016686;784 347;A01;0;7;0;2;1;15;1;
25496;202200016686;784 349;B01;1;7;0;2;1;1;1;
25497;202200016687;784 344;A01;3;17;0;2;8;17;0;
25498;202200016687;784 346;B01;3;7;0;2;6;2;1;
25499;202200016688;784 342;A01;2;10;0;2;3;15;1;
25500;202200016688;784 345;B01;1;2;0;2;1;1;1;
25501;202200016689;784 341;A01;3;2;0;2;1;0;1;
25502;202200016689;784 343;B01;3;10;0;2;2;0;1;
25503;202200016690;784 337;B01;2;31;0;2;1;1;1;
25504;202200016690;784 340;A01;1;7;0;2;2;15;1;
25505;202200016691;784 335;B01;2;7;0;2;2;16;1;
25506;202200016691;784 338;A01;1;7;0;2;3;9;1;
25507;202200016692;784 336;B01;0;7;0;0;5;2;1;
25508;202200016692;784 339;A01;0;34;0;2;1;2;1;
25509;202200016693;784 334;A01;2;33;2;0;3;1;1;
25510;202200016694;784 327;A01;2;7;0;2;1;1;1;
25511;202200016694;784 331;B01;1;7;0;2;1;13;1;
25512;202200016695;784 328;B01;2;7;0;2;4;1;1;
25513;202200016695;784 332;A01;2;7;0;2;1;26;1;
25514;202200016697;784 326;A01;1;7;9;0;0;14;1;
25515;202200016698;784 325;B01;2;32;0;2;1;1;1;
25516;202200016698;784 329;A01;1;7;0;2;2;1;1;
25517;202200016699;784 323;A01;1;7;13;0;3;1;1;
25518;202200016700;784 322;A01;0;7;0;2;2;7;1;
25519;202200016700;784 324;B01;0;7;0;2;8;11;1;
25520;202200016702;784 316;B01;3;7;0;2;3;1;1;
25521;202200016702;784 317;A01;3;2;0;2;1;1;1;
25522;202200016703;784 320;A01;2;7;0;1;4;4;1;
25523;202200016704;784 313;B01;1;7;0;2;8;1;3;
25524;202200016704;784 319;A01;1;10;0;2;2;9;1;
25525;202200016705;784 311;A01;1;7;0;2;1;2;3;
25526;202200016705;784 314;B01;1;7;7;0;4;2;1;
25527;202200016705;784 315;C01;1;7;0;0;5;2;1;
25528;202200016706;784 310;B01;1;7;0;2;2;16;1;
25529;202200016706;784 312;A01;1;30;0;2;1;18;1;
25530;202200016707;784 307;B01;2;7;0;2;3;1;1;
25531;202200016707;784 309;A01;1;7;0;2;3;13;1;
25532;202200016708;784 308;A01;2;1;0;0;2;1;5;
25533;202200016709;784 306;A01;0;7;0;1;1;1;1;
25534;202200016710;784 304;A01;2;33;8;0;8;0;1;
25535;202200016711;784 301;A01;0;7;6;0;1;15;1;
25536;202200016712;784 300;A01;2;7;0;2;1;1;1;
25537;202200016712;784 302;D01;2;7;0;2;4;23;1;
25538;202200016712;784 303;C01;2;7;0;2;4;23;1;
25539;202200016712;784 305;B01;2;7;0;2;4;23;1;
25540;202200016713;784 297;A01;1;7;12;0;3;15;1;
25541;202200016715;784 296;B01;1;1;0;2;8;2;5;
25542;202200016715;784 298;A01;1;3;0;2;2;2;1;
25543;202200016717;784 289;A01;2;7;0;2;1;2;1;
25544;202200016717;784 291;B01;2;33;0;0;4;2;1;
25545;202200016717;784 293;C01;2;33;0;0;4;2;1;
25546;202200016718;784 287;A01;3;32;0;1;2;26;1;
25547;202200016719;784 286;A01;2;7;13;0;1;1;1;
25548;202200016720;784 288;Z01;1;7;0;2;0;0;0;
25549;202200016720;784 290;B01;1;32;5;2;7;1;1;
25550;202200016721;784 285;A01;1;7;0;1;3;26;1;
25551;202200016722;784 282;A01;1;7;0;0;0;0;0;
25552;202200016723;784 281;B01;3;7;0;2;3;9;1;
25553;202200016723;784 283;A01;3;7;0;2;3;9;1;
25554;202200016724;784 280;A01;2;7;7;2;7;1;1;
25555;202200016724;784 284;B01;2;7;0;2;1;1;1;
25556;202200016725;784 277;B01;1;1;0;0;0;0;5;
25557;202200016725;784 279;A01;1;15;0;2;0;1;6;
25558;202200016726;784 276;A01;1;3;0;2;1;2;1;
25559;202200016726;784 278;B01;2;7;0;2;4;0;1;
25560;202200016727;784 274;B01;2;17;3;2;3;1;1;
25561;202200016727;784 275;A01;1;33;0;2;1;13;1;
25562;202200016728;784 273;A01;3;7;16;0;1;14;1;
25563;202200016729;784 268;A01;0;7;0;2;8;20;1;
25564;202200016729;784 270;B01;0;30;0;2;1;1;1;
25565;202200016730;784 267;B01;2;7;0;2;1;1;1;
25566;202200016730;784 271;A01;2;7;0;0;4;1;1;
25567;202200016731;784 269;B01;3;50;0;2;2;1;3;
25568;202200016731;784 272;A01;3;7;0;2;3;26;1;
25569;202200016732;784 266;A01;0;7;0;1;1;1;1;
25570;202200016733;784 263;A01;2;10;0;2;2;17;1;
25571;202200016733;784 265;B01;2;7;13;0;6;1;1;
25572;202200016734;784 261;A01;1;7;0;1;1;16;1;
25573;202200016735;784 262;A01;1;10;0;2;4;2;6;
25574;202200016735;784 264;B01;1;2;0;2;4;1;6;
25575;202200016736;784 255;A01;3;2;0;2;1;1;3;
25576;202200016736;784 258;B01;1;7;0;2;6;24;1;
25577;202200016737;784 254;A01;2;33;0;2;1;1;1;
25578;202200016737;784 257;B01;2;33;0;2;2;1;1;
25579;202200016737;784 260;C01;2;7;0;2;6;1;1;
25580;202200016738;784 250;C01;2;7;0;2;6;13;1;
25581;202200016738;784 252;B01;1;7;0;2;8;1;1;
25582;202200016738;784 253;A01;2;7;0;2;8;13;1;
25583;202200016739;784 248;B01;3;33;0;2;1;1;1;