;Num_Acc;id_vehicule;num_veh;senc;catv;obs;obsm;choc;manv;motor;occutc
25584;202200016739;784 251;A01;3;7;0;2;3;15;2;
25585;202200016740;784 246;A01;1;7;0;2;1;2;1;
25586;202200016740;784 249;B01;1;17;0;0;5;2;6;
25587;202200016741;784 244;C01;2;50;0;2;0;0;1;
25588;202200016741;784 245;A01;2;10;0;9;2;9;1;
25589;202200016741;784 247;B01;2;7;0;2;3;2;1;
25590;202200016743;784 238;A01;3;7;0;2;1;2;1;
25591;202200016743;784 240;B01;3;7;0;2;4;2;1;
25592;202200016744;784 239;B01;1;13;0;2;1;1;6;
25593;202200016744;784 241;A01;2;7;0;2;1;13;6;
25594;202200016745;784 236;A01;1;7;0;1;2;16;1;
25595;202200016746;784 235;A01;1;3;2;0;2;1;0;
25596;202200016747;784 234;B01;1;7;0;2;7;1;1;
25597;202200016747;784 237;A01;1;31;0;2;8;3;1;
25598;202200016748;784 233;A01;0;33;0;0;0;1;1;
25599;202200016749;784 232;A01;2;7;7;0;1;1;1;
25600;202200016750;784 228;Z01;1;7;0;2;1;1;0;
25601;202200016750;784 231;B01;2;2;0;2;7;1;1;
25602;202200016751;784 227;A01;2;7;0;2;7;22;1;
25603;202200016751;784 230;B01;2;1;1;2;1;0;5;
25604;202200016752;784 226;A01;2;7;0;2;1;0;1;
25605;202200016752;784 229;B01;2;7;0;0;4;1;1;
25606;202200016753;784 223;A01;1;50;0;2;1;19;3;
25607;202200016753;784 225;B01;1;7;0;2;1;1;1;
25608;202200016754;784 222;B01;1;7;0;2;3;19;1;
25609;202200016754;784 224;A01;2;7;0;2;2;1;1;
25610;202200016755;784 219;A01;2;7;0;9;1;1;1;
25611;202200016755;784 221;B01;2;1;0;2;1;15;5;
25612;202200016756;784 217;A01;1;7;0;2;2;2;1;
25613;202200016756;784 220;B01;1;10;0;2;8;2;1;
25614;202200016757;784 216;B01;3;7;0;2;1;1;1;
25615;202200016757;784 218;A01;3;2;0;2;1;5;1;
25616;202200016758;784 211;B01;2;2;0;2;1;1;1;
25617;202200016758;784 213;A01;1;7;0;2;6;10;1;
25618;202200016759;784 214;A01;2;33;0;2;1;5;1;
25619;202200016759;784 215;B01;1;7;0;2;1;1;1;
25620;202200016760;784 210;B01;1;7;8;2;8;15;1;
25621;202200016760;784 212;A01;1;7;0;2;1;1;1;
25622;202200016761;784 209;A01;2;7;0;1;2;1;1;
25623;202200016762;784 208;A01;2;30;0;0;2;1;1;
25624;202200016763;784 207;A01;0;33;2;0;1;1;1;
25625;202200016764;784 205;A01;1;7;0;2;1;26;1;
25626;202200016764;784 206;B01;1;7;0;2;2;1;1;
25627;202200016765;784 202;A01;0;7;13;0;0;21;1;
25628;202200016765;784 204;B01;1;7;0;0;0;3;1;
25629;202200016766;784 199;B01;0;1;0;2;8;1;5;
25630;202200016766;784 201;A01;0;1;0;2;1;26;5;
25631;202200016768;784 195;A01;1;7;1;0;7;14;1;
25632;202200016768;784 198;B01;1;7;0;2;6;23;1;
25633;202200016771;784 192;A01;1;10;0;1;1;15;1;
25634;202200016772;784 190;A01;2;7;3;0;2;0;1;
25635;202200016773;784 188;A01;3;33;0;1;1;1;1;
25636;202200016774;784 189;A01;2;7;0;0;6;16;1;
25637;202200016774;784 191;B01;0;7;0;2;2;26;3;
25638;202200016774;784 193;C01;2;34;0;2;7;1;1;
25639;202200016776;784 183;A01;2;7;15;0;2;14;1;
25640;202200016777;784 184;B01;1;31;0;2;1;1;1;
25641;202200016777;784 187;A01;2;2;0;2;8;15;1;
25642;202200016778;784 182;B01;2;7;0;2;4;2;1;
25643;202200016778;784 185;A01;2;7;0;2;1;0;1;
25644;202200016779;784 180;A01;0;7;0;2;2;19;1;
25645;202200016779;784 181;B01;0;7;0;2;8;0;1;
25646;202200016780;784 178;A01;1;7;0;0;1;2;1;
25647;202200016781;784 176;A01;1;7;7;0;1;21;1;
25648;202200016782;784 177;A01;1;33;0;2;1;1;1;
25649;202200016782;784 179;B01;1;7;0;0;6;11;1;
25650;202200016784;784 173;B01;2;10;4;2;4;1;1;
25651;202200016784;784 175;A01;2;7;4;2;1;2;1;
25652;202200016786;784 171;A01;3;10;0;1;2;16;1;
25653;202200016787;784 170;A01;3;21;0;0;0;23;1;
25654;202200016788;784 167;C01;2;7;0;2;4;2;1;
25655;202200016788;784 168;B01;2;7;0;2;4;2;1;
25656;202200016788;784 169;A01;2;7;0;2;1;2;1;
25657;202200016789;784 166;A01;2;7;3;0;2;1;1;
25658;202200016791;784 163;B01;2;7;0;2;8;1;1;
25659;202200016791;784 164;A01;2;7;0;2;1;19;1;
25660;202200016792;784 162;A01;3;10;12;1;4;24;1;
25661;202200016793;784 161;A01;2;7;6;0;1;0;1;
25662;202200016794;784 159;B01;2;7;0;2;1;1;1;
25663;202200016794;784 160;A01;1;7;7;2;1;13;1;
25664;202200016795;784 158;A01;1;7;0;1;8;15;1;
25665;202200016796;784 156;A01;1;30;0;0;0;1;1;
25666;202200016797;784 154;A01;1;7;0;1;2;18;1;
25667;202200016798;784 152;A01;1;7;0;2;1;2;1;
25668;202200016798;784 153;B01;1;10;0;0;0;0;0;
25669;202200016799;784 146;A01;3;2;1;2;1;5;1;
25670;202200016799;784 149;B01;3;7;0;2;1;15;1;
25671;202200016800;784 143;B01;1;31;0;0;7;16;1;
25672;202200016800;784 145;A01;1;33;0;2;1;1;1;
25673;202200016801;784 144;A01;2;7;0;2;7;23;1;
25674;202200016801;784 148;B01;2;7;0;2;6;21;1;
25675;202200016801;784 151;C01;2;7;1;1;3;2;1;
25676;202200016801;784 155;D01;2;7;0;2;2;24;0;
25677;202200016801;784 157;E01;2;38;0;2;6;24;1;1.0
25678;202200016802;784 140;A01;1;7;0;2;1;1;1;
25679;202200016802;784 142;B01;2;7;0;2;8;0;1;
25680;202200016803;784 141;A01;2;7;0;2;6;1;1;
25681;202200016803;784 147;C01;1;7;0;0;5;24;1;
25682;202200016803;784 150;B01;1;7;0;2;1;1;1;
25683;202200016804;784 137;A01;1;7;2;0;1;1;1;
25684;202200016805;784 136;B01;3;7;0;2;3;1;1;
25685;202200016805;784 138;A01;3;2;0;2;9;26;1;
25686;202200016806;784 135;A01;2;7;4;0;3;13;1;
25687;202200016806;784 139;B01;2;7;0;0;3;1;3;
25688;202200016807;784 132;A01;3;7;0;1;1;1;1;
25689;202200016807;784 134;B01;3;7;0;2;1;21;1;
25690;202200016808;784 131;A01;1;7;0;2;2;2;1;
25691;202200016808;784 133;B01;1;1;0;2;4;2;5;
25692;202200016809;784 130;A01;1;1;0;0;8;1;5;
25693;202200016810;784 128;A01;1;7;9;0;1;1;1;
25694;202200016811;784 126;B01;2;7;0;2;3;1;1;
25695;202200016811;784 129;A01;2;7;0;0;9;2;1;
25696;202200016812;784 124;A01;1;7;0;2;9;2;1;
25697;202200016812;784 125;B01;1;7;0;2;4;2;1;
25698;202200016812;784 127;C01;1;7;0;2;1;2;1;
25699;202200016813;784 123;A01;1;10;2;0;1;1;1;
25700;202200016815;784 119;B01;3;41;0;2;1;1;1;
25701;202200016815;784 121;A01;3;7;0;2;7;19;1;
25702;202200016816;784 118;A01;1;7;2;0;1;14;1;
25703;202200016819;784 113;A01;1;7;0;1;1;1;1;
25704;202200016821;784 110;B01;1;7;0;2;6;19;2;
25705;202200016821;784 112;A01;2;33;0;2;1;0;1;
25706;202200016822;784 107;A01;1;7;0;2;0;0;1;
25707;202200016822;784 108;B01;2;7;0;2;5;1;1;
25708;202200016822;784 109;C01;2;7;0;2;2;23;1;
25709;202200016823;784 105;A01;1;2;13;0;1;1;1;
25710;202200016824;784 104;B01;1;33;0;2;3;2;1;
25711;202200016824;784 106;A01;2;33;6;2;3;17;1;
25712;202200016825;784 101;B01;1;14;1;0;0;1;1;
25713;202200016825;784 103;A01;1;7;0;2;1;1;1;
25714;202200016826;784 100;B01;1;7;0;2;2;1;1;
25715;202200016826;784 102;A01;2;2;0;2;1;13;1;
25716;202200016827;784 097;B01;2;33;0;2;1;1;1;
25717;202200016827;784 099;A01;1;7;0;2;1;9;1;
25718;202200016828;784 096;A01;2;7;0;2;1;17;1;
25719;202200016828;784 098;B01;2;7;0;2;6;1;1;
25720;202200016829;784 093;A01;2;7;2;0;1;0;1;
25721;202200016830;784 090;A01;2;32;0;2;1;9;3;
25722;202200016830;784 091;B01;2;7;0;2;5;0;1;
25723;202200016831;784 089;A01;2;7;0;2;1;2;1;
25724;202200016831;784 092;B01;2;7;0;2;1;2;2;
25725;202200016831;784 094;C01;2;7;0;2;4;2;1;
25726;202200016831;784 095;D01;2;7;0;0;4;15;1;
25727;202200016832;784 086;A01;1;15;0;1;2;1;1;
25728;202200016833;784 085;A01;3;7;0;1;2;1;1;
25729;202200016834;784 087;A01;1;7;0;2;1;17;1;
25730;202200016834;784 088;B01;1;1;0;2;1;1;5;
25731;202200016835;784 083;A01;2;33;12;0;1;2;1;
25732;202200016836;784 082;A01;3;7;0;2;2;16;1;
25733;202200016836;784 084;B01;3;50;0;2;0;19;3;
25734;202200016837;784 080;B01;2;7;0;2;3;1;1;
25735;202200016837;784 081;A01;1;7;0;2;2;1;1;
25736;202200016838;784 079;A01;3;7;0;1;2;15;1;
25737;202200016839;784 078;A01;1;7;0;1;0;1;1;
25738;202200016840;784 077;A01;2;33;0;0;9;17;1;
25739;202200016841;784 073;B01;2;33;0;2;2;17;1;
25740;202200016841;784 074;A01;2;7;0;2;3;20;1;
25741;202200016842;784 075;A01;2;33;8;0;7;1;1;
25742;202200016843;784 071;B01;2;7;0;2;2;1;1;
25743;202200016843;784 076;A01;0;7;6;2;3;1;1;
25744;202200016844;784 069;B01;2;33;0;2;9;13;1;
25745;202200016844;784 072;A01;1;7;0;0;1;1;1;
25746;202200016845;784 067;A01;2;7;0;2;3;9;1;
25747;202200016845;784 070;B01;1;32;0;0;7;1;1;
25748;202200016847;784 063;A01;2;7;15;0;2;15;1;
25749;202200016848;784 064;B01;3;2;0;0;1;1;1;
25750;202200016848;784 065;A01;3;2;0;0;1;1;1;
25751;202200016849;784 061;B01;2;7;0;2;1;1;1;
25752;202200016849;784 062;A01;2;7;0;2;8;1;1;
25753;202200016850;784 059;A01;1;31;0;2;3;2;1;
25754;202200016850;784 060;B01;1;7;0;2;5;2;1;
25755;202200016852;784 057;A01;2;7;0;0;5;1;1;
25756;202200016852;784 058;B01;2;33;0;2;1;1;1;
25757;202200016853;784 055;A01;1;33;0;0;0;1;1;
25758;202200016854;784 053;A01;2;7;13;0;1;1;1;
25759;202200016855;784 052;A01;2;33;0;1;1;1;1;
25760;202200016856;784 049;B01;2;7;0;0;7;1;1;
25761;202200016856;784 050;A01;0;7;0;2;3;15;1;
25762;202200016857;784 045;A01;2;7;1;0;1;1;1;
25763;202200016858;784 044;A01;2;7;0;9;5;15;1;
25764;202200016858;784 048;B01;1;1;0;2;1;1;5;
25765;202200016860;784 039;B01;1;2;0;2;1;1;1;
25766;202200016860;784 042;A01;2;7;0;2;7;15;1;
25767;202200016861;784 036;A01;1;43;0;0;3;20;1;
25768;202200016862;784 034;G01;1;10;0;2;2;1;1;
25769;202200016862;784 035;F01;1;7;0;2;2;1;1;
25770;202200016862;784 037;E01;2;1;5;2;4;1;5;
25771;202200016862;784 038;D01;2;1;5;2;4;1;5;
25772;202200016862;784 040;C01;2;1;5;2;4;1;5;
25773;202200016862;784 041;B01;2;1;5;2;4;1;5;
25774;202200016862;784 043;A01;2;7;5;2;1;1;1;
25775;202200016864;784 031;A01;3;7;0;2;1;2;2;
25776;202200016864;784 033;B01;3;7;0;2;8;20;1;
25777;202200016865;784 027;B01;1;2;0;2;3;1;1;
25778;202200016865;784 029;A01;2;10;0;2;2;15;1;
25779;202200016866;784 025;A01;0;7;0;1;4;20;1;
25780;202200016867;784 026;B01;1;7;0;2;3;16;2;
25781;202200016867;784 028;A01;2;33;0;2;1;18;1;
25782;202200016868;784 023;A01;1;33;0;2;7;3;1;
25783;202200016868;784 024;B01;1;10;0;2;8;23;1;
25784;202200016869;784 022;A01;2;33;12;0;1;1;1;
25785;202200016870;784 020;B01;2;7;0;2;1;1;1;
25786;202200016870;784 021;A01;1;33;0;2;1;14;1;
25787;202200016871;784 016;B01;2;10;0;2;3;10;1;
25788;202200016871;784 017;A01;2;33;0;2;1;17;1;
25789;202200016872;784 018;Z01;3;7;0;1;0;1;0;
25790;202200016874;784 014;A01;1;7;2;0;1;0;1;
25791;202200016875;784 011;B01;1;7;13;0;1;1;1;
25792;202200016875;784 013;A01;1;7;0;0;6;1;2;
25793;202200016876;784 012;A01;1;50;0;1;1;1;3;
25794;202200016877;784 009;B01;1;7;0;2;6;1;1;
25795;202200016877;784 010;A01;1;7;0;2;2;17;1;
25796;202200016878;784 008;A01;1;33;12;0;3;10;1;
25797;202200016879;784 005;A01;1;7;4;2;2;14;1;
25798;202200016879;784 006;B01;1;7;0;2;1;1;1;
25799;202200016879;784 007;C01;1;7;0;2;1;1;1;
25800;202200016880;784 002;B01;1;7;0;0;1;1;1;
25801;202200016880;784 004;A01;2;7;0;2;1;6;1;
25802;202200016881;783 997;A01;2;13;0;2;3;1;1;
25803;202200016881;784 001;C01;1;7;0;2;3;1;1;
25804;202200016881;784 003;B01;2;33;0;2;4;17;1;
25805;202200016882;783 998;A01;2;7;0;2;1;2;1;
25806;202200016882;784 000;B01;2;7;0;2;4;0;1;
25807;202200016884;783 994;A01;1;7;0;2;2;12;1;
25808;202200016884;783 995;B01;1;7;0;2;6;2;2;
25809;202200016885;783 993;A01;1;7;2;0;2;14;1;
25810;202200016886;783 992;A01;1;7;0;1;2;1;0;
25811;202200016887;783 988;A01;1;33;0;2;1;17;0;
25812;202200016887;783 989;B01;1;7;0;2;8;15;1;
25813;202200016888;783 987;A01;3;7;0;1;3;2;1;
25814;202200016889;783 990;A01;2;33;0;1;3;17;1;
25815;202200016890;783 986;A01;2;1;15;0;1;1;5;
25816;202200016891;783 984;A01;1;7;0;2;1;1;1;
25817;202200016891;783 985;B01;2;15;0;2;6;20;1;
25818;202200016892;783 982;A01;1;7;16;0;0;6;1;
25819;202200016893;783 980;A01;2;7;0;1;1;1;1;
25820;202200016894;783 978;A01;3;2;0;0;8;1;1;
25821;202200016894;783 979;B01;0;7;0;2;3;15;1;
25822;202200016895;783 975;A01;2;7;0;2;3;13;1;
25823;202200016895;783 977;B01;1;15;0;2;3;1;1;
25824;202200016896;783 972;A01;2;33;0;2;3;17;1;
25825;202200016896;783 974;B01;0;7;0;2;8;1;1;
25826;202200016897;783 973;A01;1;43;0;2;3;17;1;
25827;202200016897;783 976;B01;2;7;0;2;3;1;3;
25828;202200016897;783 981;C01;1;7;0;2;3;1;1;
25829;202200016897;783 983;D01;1;43;0;2;1;17;1;
25830;202200016898;783 969;A01;2;1;0;2;1;1;5;
25831;202200016898;783 971;B01;2;7;0;2;8;1;1;
25832;202200016900;783 965;Z01;1;10;0;1;1;1;0;
25833;202200016903;783 962;A01;3;30;0;0;0;1;1;
25834;202200016905;783 957;B01;1;7;0;2;3;15;1;
25835;202200016905;783 959;A01;2;31;0;2;1;1;1;
25836;202200016906;783 958;B01;2;80;0;2;1;1;3;
25837;202200016906;783 961;A01;2;7;0;2;8;22;1;
25838;202200016907;783 953;B01;1;7;0;2;2;1;1;
25839;202200016907;783 955;A01;1;50;0;2;8;13;3;
25840;202200016908;783 948;E01;2;7;0;0;4;23;1;
25841;202200016908;783 950;D01;2;7;0;2;4;23;1;
25842;202200016908;783 952;C01;2;7;0;2;4;23;1;
25843;202200016908;783 954;B01;2;7;0;2;4;23;1;
25844;202200016908;783 956;A01;2;7;0;2;1;1;1;
25845;202200016909;783 947;B01;1;7;0;2;8;9;1;
25846;202200016909;783 949;A01;1;0;0;2;8;1;0;
25847;202200016910;783 951;A01;2;34;8;0;3;21;1;
25848;202200016911;783 946;A01;2;7;2;0;3;1;1;
25849;202200016912;783 944;B01;1;7;0;2;1;1;6;
25850;202200016912;783 945;A01;1;7;0;2;2;13;1;
25851;202200016913;783 940;A01;2;7;0;2;3;1;1;
25852;202200016913;783 943;B01;1;7;0;2;2;16;1;
25853;202200016914;783 939;A01;1;30;8;2;1;1;1;
25854;202200016914;783 941;B01;2;7;0;2;2;1;1;
25855;202200016916;783 932;C01;1;7;0;2;4;0;1;
25856;202200016916;783 935;B01;1;7;0;2;4;2;1;
25857;202200016916;783 936;A01;1;7;0;2;1;2;1;
25858;202200016918;783 930;A01;1;50;0;0;0;26;3;
25859;202200016919;783 929;C01;2;7;0;2;2;1;1;
25860;202200016919;783 931;A01;1;7;0;2;1;1;2;
25861;202200016919;783 934;B01;3;32;0;2;1;16;1;
25862;202200016920;783 928;A01;1;7;0;1;1;18;1;
25863;202200016921;783 925;A01;0;2;3;0;7;1;1;
25864;202200016922;783 924;A01;2;7;0;2;1;0;1;
25865;202200016922;783 927;B01;2;7;0;1;2;0;1;
25866;202200016923;783 921;B01;0;2;0;2;1;2;1;
25867;202200016923;783 922;A01;0;7;0;2;4;20;1;
25868;202200016924;783 919;A01;2;7;0;0;3;1;1;
25869;202200016924;783 923;B01;1;7;0;0;3;1;1;
25870;202200016925;783 920;B01;1;33;0;2;1;1;1;
25871;202200016925;783 926;A01;1;10;0;2;3;15;1;
25872;202200016926;783 918;A01;2;33;0;0;8;1;1;
25873;202200016928;783 914;A01;2;7;6;0;2;1;1;
25874;202200016929;783 910;A01;3;10;0;2;1;15;1;
25875;202200016929;783 913;B01;3;10;0;2;3;2;1;
25876;202200016930;783 912;B01;2;1;0;2;1;0;5;
25877;202200016930;783 916;A01;2;7;0;2;4;1;1;
25878;202200016931;783 908;A01;2;7;0;1;1;1;1;
25879;202200016932;783 907;B01;1;33;0;0;4;2;1;
25880;202200016932;783 909;A01;1;33;0;2;1;2;1;
25881;202200016933;783 904;A01;1;7;2;0;1;1;1;
25882;202200016934;783 902;B01;1;33;0;2;1;1;1;
25883;202200016934;783 903;A01;1;7;0;2;6;10;1;
25884;202200016935;783 901;A01;1;7;0;2;3;7;1;
25885;202200016935;783 905;B01;1;33;0;2;2;1;1;
25886;202200016935;783 906;C01;1;7;0;2;4;1;1;
25887;202200016936;783 899;A01;0;32;0;2;7;1;1;
25888;202200016936;783 900;B01;0;1;0;2;3;11;5;
25889;202200016937;783 897;A01;3;1;0;2;1;19;5;
25890;202200016937;783 898;B01;2;7;0;2;7;1;1;
25891;202200016938;783 894;A01;-1;10;0;2;4;2;1;
25892;202200016938;783 896;B01;-1;7;0;2;4;2;0;
25893;202200016939;783 891;B01;2;7;0;2;3;13;1;
25894;202200016939;783 892;A01;1;7;0;2;3;13;1;
25895;202200016940;783 888;B01;3;80;0;2;2;2;3;
25896;202200016940;783 890;A01;3;7;0;2;8;9;1;
25897;202200016941;783 886;A01;3;7;0;2;5;12;1;
25898;202200016941;783 887;B01;3;1;0;2;3;15;5;
25899;202200016942;783 885;B01;0;3;0;2;4;19;0;
25900;202200016942;783 889;A01;0;3;0;2;1;19;0;
25901;202200016943;783 884;A01;1;7;15;0;1;6;1;
25902;202200016944;783 883;A01;1;1;0;5;1;1;5;
25903;202200016945;783 882;A01;1;7;2;0;8;19;1;
25904;202200016946;783 879;A01;1;7;0;2;3;1;1;
25905;202200016946;783 881;B01;2;7;0;2;3;1;1;
25906;202200016948;783 875;B01;2;7;0;2;1;1;1;
25907;202200016948;783 877;A01;1;7;0;2;1;1;1;
25908;202200016949;783 874;A01;2;33;8;0;1;14;1;
25909;202200016950;783 876;B01;0;33;0;2;3;0;1;
25910;202200016950;783 880;A01;0;7;0;2;7;16;1;
25911;202200016951;783 873;A01;1;7;8;0;9;1;1;
25912;202200016952;783 872;A01;2;3;0;1;1;15;1;
25913;202200016953;783 868;B01;1;10;0;2;3;20;1;
25914;202200016953;783 870;A01;2;32;0;2;2;2;1;
25915;202200016954;783 866;A01;3;7;0;2;3;13;1;
25916;202200016954;783 867;B01;3;2;0;2;2;0;1;
25917;202200016955;783 865;A01;3;31;0;0;7;1;1;
25918;202200016955;783 869;B01;3;7;0;0;0;9;1;
25919;202200016956;783 864;A01;1;2;0;2;2;1;1;
25920;202200016956;783 871;B01;1;7;0;2;3;1;1;
25921;202200016957;783 861;A01;2;10;0;2;1;1;1;
25922;202200016957;783 863;B01;2;34;0;0;4;0;1;
25923;202200016958;783 860;A01;2;33;6;0;2;1;1;
25924;202200016959;783 859;A01;1;7;0;2;1;11;1;
25925;202200016959;783 862;B01;1;7;0;2;8;1;1;
25926;202200016960;783 857;A01;1;7;13;0;3;1;1;
25927;202200016961;783 855;A01;0;7;0;2;3;15;1;
25928;202200016961;783 858;B01;3;33;0;2;3;0;1;
25929;202200016962;783 852;B01;3;7;0;2;3;1;1;
25930;202200016962;783 856;A01;3;7;0;2;1;1;1;
25931;202200016963;783 853;A01;0;2;1;0;1;15;1;
25932;202200016965;783 850;A01;1;7;0;1;2;1;1;
25933;202200016966;783 847;A01;3;7;0;1;0;0;1;
25934;202200016967;783 844;B01;2;99;0;2;1;1;0;
25935;202200016967;783 849;A01;-1;7;0;2;1;15;2;
25936;202200016968;783 845;B01;1;1;1;0;2;21;5;
25937;202200016968;783 848;A01;1;7;0;2;3;22;1;
25938;202200016969;783 843;A01;1;7;0;2;1;26;1;
25939;202200016969;783 846;B01;2;7;0;0;0;0;1;
25940;202200016970;783 841;A01;1;7;0;2;2;12;1;
25941;202200016970;783 842;B01;1;32;0;0;6;1;1;
25942;202200016971;783 840;A01;1;10;0;1;2;15;1;
25943;202200016972;783 838;A01;1;31;4;0;3;26;1;
25944;202200016973;783 837;A01;1;7;0;0;9;1;1;
25945;202200016974;783 839;B01;1;7;0;9;3;1;1;
25946;202200016975;783 835;B01;2;34;0;2;7;17;1;
25947;202200016975;783 836;A01;2;37;0;2;3;1;0;1.0
25948;202200016976;783 834;A01;1;7;8;0;4;20;1;
25949;202200016977;783 831;B01;1;7;0;2;1;1;1;
25950;202200016977;783 833;A01;1;7;0;2;3;9;1;
25951;202200016978;783 830;A01;2;7;2;0;1;14;1;
25952;202200016980;783 828;A01;1;7;3;0;9;17;1;
25953;202200016981;783 826;A01;2;33;0;1;2;16;1;
25954;202200016982;783 821;A01;3;7;0;2;0;13;0;
25955;202200016982;783 824;B01;3;1;0;2;1;1;5;
25956;202200016983;783 822;A01;1;10;10;0;1;1;1;
25957;202200016984;783 819;G01;1;1;0;2;4;1;5;
25958;202200016984;783 820;A01;1;7;1;2;1;9;1;
25959;202200016984;783 823;B01;1;7;0;2;4;1;1;
25960;202200016984;783 825;C01;1;7;0;2;4;1;1;
25961;202200016984;783 827;F01;1;1;0;2;4;1;5;
25962;202200016985;783 813;A01;1;7;0;2;3;1;1;
25963;202200016985;783 817;B01;2;30;0;2;8;1;1;
25964;202200016986;783 816;A01;1;32;0;2;8;26;1;
25965;202200016986;783 818;Z01;1;7;0;2;0;0;0;
25966;202200016987;783 812;B01;3;7;0;2;1;1;1;
25967;202200016987;783 814;A01;3;7;0;2;3;9;1;
25968;202200016988;783 811;B01;1;7;0;2;5;1;1;
25969;202200016988;783 815;A01;1;30;0;2;3;15;1;
25970;202200016989;783 807;B01;1;34;0;2;1;1;1;
25971;202200016989;783 809;A01;2;7;0;2;3;15;1;
25972;202200016990;783 805;Z01;1;7;0;2;1;17;0;
25973;202200016990;783 806;B01;1;7;0;2;8;15;1;
25974;202200016991;783 801;A01;3;7;0;2;1;26;1;
25975;202200016991;783 804;B01;0;7;0;2;0;0;1;
25976;202200016992;783 800;B01;1;1;0;2;1;1;5;
25977;202200016992;783 803;A01;2;7;0;2;2;15;1;
25978;202200016993;783 795;A01;3;7;0;1;1;1;1;
25979;202200016995;783 798;B01;2;2;0;2;1;19;1;
25980;202200016995;783 802;A01;1;32;0;2;7;1;1;
25981;202200016996;783 794;A01;2;7;0;2;1;13;1;
25982;202200016996;783 797;B01;1;7;0;2;3;1;1;
25983;202200016997;783 793;A01;3;30;0;0;0;0;1;
25984;202200016998;783 792;A01;1;7;0;1;1;1;1;
25985;202200016999;783 789;A01;1;7;3;0;4;23;1;
25986;202200016999;783 791;B01;1;17;0;2;1;2;1;
25987;202200017000;783 788;A01;1;7;0;1;1;15;3;
25988;202200017001;783 783;A01;3;7;13;0;1;1;1;
25989;202200017002;783 782;A01;2;7;0;2;1;2;1;
25990;202200017002;783 785;B01;2;7;4;0;4;2;1;
25991;202200017002;783 786;C01;2;7;3;0;4;2;1;
25992;202200017002;783 790;D01;2;7;0;0;6;0;1;
25993;202200017003;783 784;B01;2;7;0;0;5;15;1;
25994;202200017003;783 787;A01;2;10;0;2;2;1;1;
25995;202200017004;783 781;A01;0;33;0;0;0;1;1;
25996;202200017005;783 778;A01;1;7;0;2;1;13;1;
25997;202200017005;783 779;B01;2;7;0;2;1;1;1;
25998;202200017006;783 776;A01;1;3;0;1;2;26;1;
25999;202200017007;783 777;A01;0;7;0;2;8;20;1;
26000;202200017007;783 780;B01;0;32;0;2;7;1;1;
26001;202200017008;783 775;A01;1;17;1;1;2;1;1;
26002;202200017009;783 773;B01;3;7;0;2;3;1;1;
26003;202200017009;783 774;A01;3;7;0;2;2;19;1;
26004;202200017010;783 771;A01;1;7;8;0;3;11;1;
26005;202200017011;783 770;B01;1;31;0;2;3;1;1;
26006;202200017011;783 772;A01;1;7;0;2;3;15;1;
26007;202200017012;783 768;B01;2;7;0;2;2;1;1;
26008;202200017012;783 769;A01;2;1;0;2;4;19;5;
26009;202200017013;783 767;B01;1;30;1;0;1;20;1;
26010;202200017014;783 765;A01;1;10;8;0;1;14;1;
26011;202200017015;783 764;A01;0;7;0;1;1;1;1;
26012;202200017016;783 761;B01;1;7;0;0;4;2;1;
26013;202200017016;783 763;A01;1;7;0;0;2;1;1;
26014;202200017017;783 760;B01;1;13;0;2;6;16;1;
26015;202200017017;783 762;A01;1;33;0;2;1;1;1;
26016;202200017019;783 754;A01;2;7;13;0;1;16;1;
26017;202200017020;783 753;A01;1;10;0;2;9;19;1;
26018;202200017020;783 759;B01;2;7;0;2;1;1;1;
26019;202200017021;783 748;A01;1;7;0;2;3;1;1;
26020;202200017021;783 751;B01;2;7;0;2;3;1;1;
26021;202200017022;783 747;A01;0;7;0;2;2;10;1;
26022;202200017022;783 750;B01;3;7;0;2;1;1;1;
26023;202200017023;783 742;A01;2;7;0;2;1;0;1;
26024;202200017023;783 745;B01;1;7;0;2;1;0;1;
26025;202200017024;783 744;B01;3;7;0;2;4;15;1;
26026;202200017024;783 746;A01;3;7;0;2;1;14;0;
26027;202200017025;783 740;A01;1;7;0;1;1;1;1;
26028;202200017026;783 739;A01;1;7;3;0;1;14;1;
26029;202200017027;783 737;A01;1;10;0;2;3;2;1;
26030;202200017027;783 738;B01;1;1;0;2;1;26;5;
26031;202200017028;783 735;A01;1;10;3;0;9;14;1;
26032;202200017029;783 732;A01;1;7;0;2;1;13;1;
26033;202200017029;783 734;B01;2;7;0;2;1;1;1;
26034;202200017029;783 736;C01;2;7;0;2;1;1;1;
26035;202200017031;783 729;A01;2;30;0;2;2;17;1;
26036;202200017031;783 731;B01;2;7;0;2;3;1;1;
26037;202200017032;783 727;A01;2;7;0;1;5;2;1;
26038;202200017033;783 728;A01;2;7;2;0;9;1;1;
26039;202200017034;783 726;A01;1;7;14;0;1;17;1;
26040;202200017035;783 725;A01;3;7;4;9;1;16;1;
26041;202200017037;783 723;A01;2;7;3;0;1;1;1;
26042;202200017038;783 722;A01;1;7;1;0;2;1;1;
26043;202200017039;783 720;B01;3;7;0;2;4;23;1;
26044;202200017039;783 721;A01;3;7;0;2;1;1;1;
26045;202200017040;783 717;A01;1;7;0;1;1;1;1;