;Num_Acc;id_vehicule;num_veh;senc;catv;obs;obsm;choc;manv;motor;occutc
26046;202200017041;783 716;B01;1;7;0;2;2;1;1;
26047;202200017041;783 718;A01;1;7;0;2;7;1;1;
26048;202200017042;783 715;Z01;2;7;0;1;1;5;1;
26049;202200017042;783 719;A01;1;7;0;2;1;1;1;
26050;202200017043;783 712;B01;2;7;0;2;1;1;1;
26051;202200017043;783 714;A01;1;7;0;1;1;17;1;
26052;202200017044;783 708;A01;2;7;0;2;1;1;1;
26053;202200017044;783 711;B01;2;7;0;2;4;1;1;
26054;202200017045;783 706;A01;1;7;0;2;3;1;1;
26055;202200017045;783 710;B01;2;7;0;0;3;5;1;
26056;202200017046;783 705;A01;2;7;0;2;1;16;2;
26057;202200017046;783 709;B01;2;1;0;2;0;1;5;
26058;202200017048;783 703;A01;3;7;8;0;9;1;1;
26059;202200017049;783 701;A01;1;10;13;0;1;1;1;
26060;202200017050;783 700;A01;1;7;0;2;1;9;1;
26061;202200017050;783 702;B01;1;50;0;2;2;0;3;
26062;202200017051;783 697;A01;2;17;0;2;3;2;1;
26063;202200017051;783 699;B01;1;10;0;2;6;23;1;
26064;202200017052;783 696;A01;2;7;0;1;2;1;2;
26065;202200017053;783 695;A01;2;30;0;2;6;10;1;
26066;202200017053;783 698;B01;2;32;0;2;1;1;1;
26067;202200017054;783 692;B01;1;7;0;2;4;1;1;
26068;202200017054;783 693;A01;1;7;0;2;2;2;1;
26069;202200017055;783 691;A01;2;30;0;2;1;1;1;
26070;202200017055;783 694;B01;2;7;0;2;8;1;1;
26071;202200017056;783 688;A01;2;7;0;2;1;2;1;
26072;202200017056;783 690;B01;2;7;0;2;4;2;1;
26073;202200017057;783 685;A01;2;7;0;2;3;1;1;
26074;202200017057;783 689;B01;1;50;0;2;2;15;3;
26075;202200017058;783 683;A01;2;7;0;2;1;0;1;
26076;202200017058;783 687;B01;1;7;0;2;2;1;1;
26077;202200017059;783 684;A01;1;7;0;1;1;16;1;
26078;202200017060;783 682;Z01;1;34;0;2;1;2;0;
26079;202200017060;783 686;A01;1;7;0;2;4;2;1;
26080;202200017061;783 681;A01;2;7;1;0;1;1;1;
26081;202200017062;783 679;A01;2;7;0;1;7;1;1;
26082;202200017063;783 678;Z01;1;7;0;0;0;0;0;
26083;202200017063;783 680;A01;1;7;8;2;5;17;1;
26084;202200017064;783 675;A01;3;10;0;2;5;12;1;
26085;202200017064;783 677;B01;3;33;0;2;3;1;1;
26086;202200017065;783 673;A01;1;7;0;2;1;1;1;
26087;202200017065;783 676;B01;1;7;0;2;4;23;1;
26088;202200017066;783 671;A01;0;33;0;1;1;19;1;
26089;202200017067;783 669;A01;1;36;13;0;2;17;1;
26090;202200017068;783 668;A01;2;7;1;0;1;12;1;
26091;202200017068;783 670;B01;2;7;4;2;4;24;1;
26092;202200017069;783 666;A01;2;7;0;1;2;1;1;
26093;202200017070;783 664;A01;2;21;8;0;2;1;1;
26094;202200017071;783 665;A01;1;7;0;2;1;15;0;
26095;202200017071;783 667;B01;1;30;0;2;1;0;1;
26096;202200017072;783 659;A01;1;7;0;2;3;15;1;
26097;202200017072;783 662;B01;2;30;0;2;6;1;1;
26098;202200017073;783 658;B01;1;7;0;2;4;2;1;
26099;202200017073;783 661;A01;2;10;0;2;1;2;1;
26100;202200017074;783 657;A01;2;7;0;2;3;17;1;
26101;202200017074;783 663;B01;1;7;0;2;3;0;1;
26102;202200017075;783 655;A01;1;7;0;2;7;1;1;
26103;202200017075;783 660;B01;2;7;0;2;1;1;1;
26104;202200017078;783 647;B01;2;34;0;2;3;1;1;
26105;202200017078;783 650;A01;2;7;0;2;2;16;1;
26106;202200017079;783 649;A01;1;7;15;0;3;13;1;
26107;202200017080;783 645;A01;2;7;15;9;1;0;1;
26108;202200017081;783 641;A01;0;7;0;1;2;1;1;
26109;202200017082;783 639;A01;1;1;0;2;1;17;5;
26110;202200017082;783 642;Z01;2;7;0;2;1;1;1;
26111;202200017083;783 638;B01;3;10;12;2;2;26;1;
26112;202200017083;783 644;A01;3;30;12;2;3;18;1;
26113;202200017084;783 636;B01;1;2;0;2;1;17;1;
26114;202200017084;783 637;A01;1;7;0;2;6;15;1;
26115;202200017085;783 634;A01;3;32;0;0;2;15;1;
26116;202200017086;783 633;B01;1;1;0;2;4;15;5;
26117;202200017086;783 635;A01;2;7;0;9;1;1;1;
26118;202200017087;783 630;B01;2;2;0;0;7;26;1;
26119;202200017087;783 632;A01;1;7;0;2;1;1;1;
26120;202200017089;783 624;A01;1;3;0;2;8;26;1;
26121;202200017089;783 628;B01;3;7;0;2;1;1;1;
26122;202200017090;783 627;A01;2;7;0;2;3;15;1;
26123;202200017090;783 629;B01;1;32;0;2;1;1;1;
26124;202200017091;783 622;B01;2;7;0;2;1;21;1;
26125;202200017091;783 623;A01;2;10;0;2;6;12;1;
26126;202200017092;783 616;Z01;2;7;1;0;0;14;0;
26127;202200017092;783 620;B01;2;7;0;2;9;24;1;
26128;202200017092;783 621;A01;2;7;0;2;8;24;1;
26129;202200017093;783 618;A01;3;7;0;1;1;16;1;
26130;202200017094;783 619;B01;1;7;1;0;1;0;2;
26131;202200017095;783 610;A01;3;7;0;2;2;13;1;
26132;202200017095;783 614;B01;3;2;0;2;1;1;1;
26133;202200017096;783 609;A01;3;7;0;2;1;15;1;
26134;202200017096;783 612;B01;3;30;0;2;8;1;1;
26135;202200017097;783 605;B01;1;7;0;2;7;9;2;
26136;202200017097;783 608;A01;1;99;0;2;1;2;5;
26137;202200017098;783 607;A01;2;7;0;1;1;1;1;
26138;202200017099;783 602;A01;3;2;0;2;1;1;1;
26139;202200017099;783 603;B01;3;13;0;2;1;15;1;
26140;202200017100;783 601;A01;1;33;0;5;2;21;1;
26141;202200017101;783 596;A01;3;33;0;2;7;1;1;
26142;202200017101;783 599;B01;3;7;0;2;1;15;3;
26143;202200017102;783 597;B01;1;7;0;2;1;2;1;
26144;202200017102;783 598;A01;2;7;0;2;1;17;1;
26145;202200017103;783 595;A01;2;7;15;0;1;1;1;
26146;202200017104;783 594;A01;0;7;0;1;3;15;1;
26147;202200017105;783 591;B01;1;7;0;2;2;1;1;
26148;202200017105;783 592;A01;2;7;8;2;2;15;1;
26149;202200017106;783 586;A01;1;7;0;9;7;15;1;
26150;202200017106;783 588;B01;2;1;0;2;1;1;5;
26151;202200017107;783 584;A01;1;7;0;2;1;0;2;
26152;202200017107;783 587;B01;1;7;0;2;4;1;1;
26153;202200017108;783 585;A01;1;7;0;2;8;9;1;
26154;202200017108;783 590;B01;2;1;0;2;3;2;5;
26155;202200017110;783 581;A01;2;7;11;0;7;13;1;
26156;202200017111;783 580;A01;1;10;0;1;1;1;1;
26157;202200017112;783 577;B01;1;1;0;2;2;1;5;
26158;202200017112;783 579;A01;1;7;0;2;5;15;1;
26159;202200017113;783 576;A01;1;7;7;2;6;19;1;
26160;202200017113;783 578;B01;1;7;13;2;1;1;2;
26161;202200017116;783 567;A01;2;7;13;0;1;1;1;
26162;202200017117;783 566;C01;1;7;0;2;3;1;1;
26163;202200017117;783 569;B01;1;7;0;2;2;1;1;
26164;202200017117;783 573;A01;2;7;0;2;2;13;1;
26165;202200017118;783 565;B01;2;7;0;2;1;1;1;
26166;202200017118;783 568;C01;1;7;0;0;1;1;1;
26167;202200017118;783 570;A01;3;7;0;2;3;19;1;
26168;202200017119;783 563;A01;1;31;0;2;6;17;1;
26169;202200017119;783 564;B01;1;7;0;0;6;15;1;
26170;202200017120;783 562;A01;1;7;0;9;9;1;1;
26171;202200017121;783 560;A01;3;37;0;1;1;15;1;1.0
26172;202200017122;783 557;A01;2;2;0;2;1;1;1;
26173;202200017122;783 561;B01;1;7;0;2;2;15;1;
26174;202200017123;783 555;A01;1;7;0;2;3;9;1;
26175;202200017123;783 558;B01;2;80;0;2;2;1;3;
26176;202200017125;783 554;A01;1;10;0;1;1;1;1;
26177;202200017127;783 551;A01;3;10;0;9;2;19;1;
26178;202200017127;783 553;B01;1;1;0;2;1;1;5;
26179;202200017128;783 546;A01;1;7;0;2;1;9;1;
26180;202200017128;783 548;B01;1;1;0;2;8;19;5;
26181;202200017129;783 545;A01;2;7;0;1;2;17;1;
26182;202200017131;783 540;B01;1;7;0;2;1;1;1;
26183;202200017131;783 543;A01;2;7;0;2;1;1;1;
26184;202200017132;783 542;A01;1;10;0;1;0;1;1;
26185;202200017133;783 541;A01;1;10;6;0;1;2;1;
26186;202200017134;783 538;A01;1;32;0;2;3;26;1;
26187;202200017134;783 539;B01;1;7;0;0;6;0;0;
26188;202200017137;783 533;B01;1;33;0;2;8;3;1;
26189;202200017137;783 536;A01;1;7;0;2;7;14;1;
26190;202200017138;783 529;A01;1;15;0;2;1;1;1;
26191;202200017138;783 531;B01;1;7;13;0;4;1;1;
26192;202200017139;783 528;A01;3;7;0;1;2;15;1;
26193;202200017140;783 524;D01;2;7;0;2;5;2;1;
26194;202200017140;783 525;C01;2;10;0;2;2;2;1;
26195;202200017140;783 527;B01;2;7;0;2;4;2;1;
26196;202200017140;783 530;A01;2;7;0;2;1;2;1;
26197;202200017142;783 521;A01;2;7;0;2;3;15;1;
26198;202200017142;783 523;B01;2;31;0;2;1;1;1;
26199;202200017143;783 519;A01;2;7;0;2;1;16;3;
26200;202200017143;783 522;B01;0;1;0;2;4;19;5;
26201;202200017144;783 517;B01;2;7;0;2;8;0;1;
26202;202200017144;783 520;A01;2;14;0;2;2;0;1;
26203;202200017145;783 515;A01;1;7;2;0;1;14;1;
26204;202200017146;783 516;A01;1;15;0;2;4;26;1;
26205;202200017146;783 518;B01;1;30;0;2;1;1;3;
26206;202200017147;783 513;A01;2;33;0;0;7;1;1;
26207;202200017148;783 511;A01;1;10;1;0;1;2;1;
26208;202200017148;783 514;B01;1;7;0;2;4;23;1;
26209;202200017149;783 510;A01;1;33;0;2;1;3;1;
26210;202200017149;783 512;B01;1;7;0;2;4;23;1;
26211;202200017150;783 509;A01;1;30;6;0;3;13;1;
26212;202200017151;783 507;B01;2;7;0;0;4;2;1;
26213;202200017151;783 508;A01;2;10;0;2;1;2;1;
26214;202200017152;783 505;B01;1;7;0;2;4;2;1;
26215;202200017152;783 506;A01;1;10;0;2;2;2;1;
26216;202200017154;783 501;B01;1;7;0;2;5;1;1;
26217;202200017154;783 504;A01;1;33;0;2;1;26;1;
26218;202200017155;783 497;A01;1;13;0;2;1;2;1;
26219;202200017155;783 500;B01;1;7;0;2;4;1;1;
26220;202200017156;783 495;B01;2;1;0;2;8;19;5;
26221;202200017156;783 498;A01;1;7;0;2;2;1;1;
26222;202200017157;783 490;A01;0;7;8;0;2;1;1;
26223;202200017158;783 491;A01;3;7;0;2;7;15;1;
26224;202200017158;783 502;B01;3;7;0;2;2;1;1;
26225;202200017159;783 488;A01;2;10;0;2;4;1;1;
26226;202200017159;783 492;B01;2;7;0;2;5;2;1;
26227;202200017159;783 493;C01;2;7;0;2;1;2;1;
26228;202200017160;783 487;B01;2;7;0;2;1;1;1;
26229;202200017160;783 494;A01;1;7;1;2;2;13;1;
26230;202200017161;783 486;B01;2;1;0;2;1;1;5;
26231;202200017161;783 489;A01;1;7;0;2;3;1;1;
26232;202200017162;783 483;A01;1;7;0;1;1;1;1;
26233;202200017163;783 482;B01;1;7;0;2;3;1;1;
26234;202200017163;783 485;A01;2;7;0;2;3;13;1;
26235;202200017164;783 480;A01;1;7;0;2;1;1;1;
26236;202200017164;783 484;B01;2;7;0;2;4;21;1;
26237;202200017165;783 477;B01;3;7;0;2;6;1;1;
26238;202200017165;783 481;Z01;3;7;0;2;3;1;1;
26239;202200017166;783 476;A01;2;7;0;2;1;2;1;
26240;202200017166;783 478;B01;2;7;0;2;4;2;1;
26241;202200017166;783 479;C01;2;7;0;2;4;2;1;
26242;202200017167;783 475;A01;1;7;0;1;1;1;1;
26243;202200017168;783 474;A01;2;7;3;0;9;1;1;
26244;202200017170;783 470;A01;1;7;8;0;1;14;1;
26245;202200017171;783 469;B01;2;7;0;2;3;1;1;
26246;202200017171;783 471;A01;0;50;0;2;1;19;3;
26247;202200017172;783 468;Z01;3;2;0;1;8;17;1;
26248;202200017173;783 467;A01;1;10;0;0;7;26;1;
26249;202200017174;783 464;A01;3;10;0;9;2;1;1;
26250;202200017174;783 466;B01;3;50;0;2;1;1;3;
26251;202200017175;783 463;A01;1;7;4;0;9;1;1;
26252;202200017176;783 462;A01;1;7;2;0;7;13;1;
26253;202200017177;783 461;A01;2;2;0;0;0;26;1;
26254;202200017178;783 460;B01;3;1;0;2;1;1;5;
26255;202200017178;783 465;A01;3;7;0;2;8;9;1;
26256;202200017179;783 456;B01;3;37;0;2;2;1;0;1.0
26257;202200017179;783 459;A01;3;7;0;2;3;16;0;
26258;202200017180;783 455;A01;1;30;0;2;3;9;1;
26259;202200017180;783 457;B01;1;10;0;2;2;9;1;
26260;202200017181;783 453;A01;3;10;0;2;3;11;1;
26261;202200017181;783 458;B01;3;33;0;2;7;17;1;
26262;202200017182;783 450;A01;1;31;0;0;0;26;1;
26263;202200017183;783 448;A01;2;7;0;2;1;9;0;
26264;202200017183;783 452;B01;2;31;0;2;1;1;0;
26265;202200017184;783 449;A01;1;30;12;0;0;0;1;
26266;202200017185;783 447;B01;1;7;0;2;3;1;1;
26267;202200017185;783 451;A01;2;7;0;2;1;1;1;
26268;202200017186;783 446;B01;1;7;0;2;6;19;1;
26269;202200017186;783 454;A01;1;7;0;2;1;1;0;
26270;202200017187;783 443;B01;2;7;0;2;3;15;1;
26271;202200017187;783 445;A01;2;31;0;2;1;17;1;
26272;202200017188;783 442;A01;1;1;0;2;1;1;5;
26273;202200017188;783 444;B01;2;7;0;2;3;9;1;
26274;202200017189;783 440;A01;3;7;0;1;2;1;1;
26275;202200017190;783 438;B01;1;3;0;2;3;23;1;
26276;202200017190;783 441;A01;1;0;0;2;3;16;0;
26277;202200017191;783 434;C01;1;10;0;2;1;1;1;
26278;202200017191;783 437;B01;1;7;0;2;9;1;1;
26279;202200017191;783 439;A01;1;7;0;0;4;1;1;
26280;202200017192;783 436;A01;2;7;6;0;1;1;1;
26281;202200017193;783 433;A01;1;7;0;2;3;16;1;
26282;202200017193;783 435;B01;1;50;0;2;7;1;3;
26283;202200017194;783 431;A01;1;1;0;0;0;0;5;
26284;202200017195;783 430;A01;1;17;1;2;2;1;1;
26285;202200017196;783 427;A01;2;7;0;2;3;15;1;
26286;202200017196;783 432;B01;2;7;0;2;2;1;1;
26287;202200017197;783 426;A01;1;7;0;2;1;19;1;
26288;202200017197;783 429;B01;1;33;0;2;3;1;1;
26289;202200017198;783 425;B01;1;2;0;2;7;17;1;
26290;202200017198;783 428;A01;1;7;0;2;6;15;1;
26291;202200017199;783 424;A01;2;7;8;0;7;1;1;
26292;202200017200;783 422;A01;3;1;0;0;0;0;5;
26293;202200017201;783 421;A01;2;10;0;1;1;15;1;
26294;202200017202;783 420;A01;1;7;0;2;5;15;1;
26295;202200017202;783 423;B01;2;32;0;2;1;1;1;
26296;202200017203;783 416;A01;1;33;0;2;3;18;1;
26297;202200017203;783 419;B01;1;7;0;2;2;16;1;
26298;202200017204;783 417;B01;1;31;0;2;3;17;1;
26299;202200017204;783 418;A01;2;7;0;2;7;15;1;
26300;202200017205;783 412;B01;2;1;0;2;4;1;5;
26301;202200017205;783 414;A01;2;7;0;2;3;0;1;
26302;202200017206;783 411;A01;1;7;0;2;2;1;1;
26303;202200017206;783 415;B01;1;1;0;2;7;19;5;
26304;202200017207;783 409;A01;1;7;0;2;1;1;1;
26305;202200017207;783 413;B01;1;7;0;2;4;23;1;
26306;202200017208;783 407;B01;3;32;0;2;7;1;1;
26307;202200017208;783 410;A01;3;7;0;2;8;9;1;
26308;202200017209;783 406;A01;2;2;13;2;7;2;1;
26309;202200017209;783 408;B01;2;7;0;0;8;15;1;
26310;202200017210;783 401;A01;1;7;0;2;6;12;1;
26311;202200017210;783 404;B01;1;7;0;2;3;1;1;
26312;202200017211;783 402;A01;2;10;0;2;3;1;1;
26313;202200017211;783 405;B01;1;7;0;2;2;15;1;
26314;202200017212;783 400;A01;3;15;0;2;6;13;1;
26315;202200017212;783 403;B01;3;7;0;2;2;1;1;
26316;202200017213;783 397;A01;2;7;0;2;1;13;1;
26317;202200017213;783 399;B01;1;14;0;2;1;1;1;
26318;202200017214;783 394;A01;1;7;0;2;2;26;1;
26319;202200017214;783 398;B01;1;30;0;2;1;9;1;
26320;202200017215;783 396;A01;1;7;0;1;1;15;1;
26321;202200017216;783 391;A01;3;1;0;2;1;25;5;
26322;202200017216;783 395;B01;3;37;0;2;7;23;1;1.0
26323;202200017217;783 390;B01;1;80;0;2;6;1;3;
26324;202200017217;783 393;A01;2;7;0;2;1;23;1;
26325;202200017218;783 392;A01;1;7;0;1;3;1;1;
26326;202200017219;783 386;B01;3;1;0;9;1;1;5;
26327;202200017219;783 389;A01;3;7;0;2;1;1;1;
26328;202200017220;783 385;A01;1;7;13;0;7;1;1;
26329;202200017221;783 387;A01;3;7;0;1;2;21;1;
26330;202200017222;783 382;A01;3;33;0;0;0;1;1;
26331;202200017223;783 383;A01;1;7;0;2;2;1;0;
26332;202200017223;783 388;B01;2;7;0;2;8;16;0;
26333;202200017224;783 380;A01;3;7;0;0;4;26;1;
26334;202200017225;783 379;A01;0;7;0;2;2;19;1;
26335;202200017225;783 381;B01;0;7;0;0;0;0;1;
26336;202200017226;783 378;A01;0;36;0;0;0;1;1;
26337;202200017227;783 377;A01;3;7;12;0;1;19;1;
26338;202200017228;783 371;B01;1;33;0;2;1;1;1;
26339;202200017228;783 374;A01;1;7;0;2;3;15;1;
26340;202200017229;783 370;A01;0;7;0;9;1;2;1;
26341;202200017229;783 375;B01;3;50;0;2;7;19;3;
26342;202200017230;783 372;B01;1;7;0;2;5;1;1;
26343;202200017230;783 376;A01;1;14;0;2;2;9;1;
26344;202200017231;783 368;A01;2;32;0;2;1;9;1;
26345;202200017231;783 373;B01;2;7;1;2;2;9;1;
26346;202200017233;783 366;A01;2;7;0;1;1;1;1;
26347;202200017234;783 362;B01;2;33;0;2;7;1;1;
26348;202200017234;783 365;A01;3;7;0;2;1;19;1;
26349;202200017235;783 361;B01;1;7;0;2;1;12;1;
26350;202200017235;783 363;A01;1;7;0;2;9;1;2;
26351;202200017236;783 359;B01;2;7;0;2;1;0;0;
26352;202200017236;783 364;A01;1;7;0;2;1;26;0;
26353;202200017237;783 360;A01;2;2;0;0;8;21;1;
26354;202200017238;783 355;B01;1;7;0;2;6;15;1;
26355;202200017238;783 358;A01;-1;50;0;2;1;1;3;
26356;202200017239;783 354;B01;3;50;8;0;0;2;3;
26357;202200017239;783 357;A01;3;1;8;0;0;2;5;
26358;202200017240;783 352;B01;1;7;0;2;4;23;1;
26359;202200017240;783 356;A01;1;7;0;2;1;2;1;
26360;202200017241;783 349;B01;2;10;0;2;1;1;1;
26361;202200017241;783 353;A01;1;10;0;2;1;1;1;
26362;202200017242;783 348;A01;3;7;0;0;0;1;2;
26363;202200017242;783 350;B01;3;50;0;2;0;21;3;
26364;202200017243;783 344;A01;3;7;16;0;9;1;1;
26365;202200017244;783 339;D01;2;7;0;2;4;2;1;
26366;202200017244;783 342;C01;2;10;0;2;4;2;1;
26367;202200017244;783 345;B01;2;7;0;2;4;2;1;
26368;202200017244;783 347;A01;2;7;0;2;1;2;1;
26369;202200017245;783 341;A01;1;7;0;2;1;15;1;
26370;202200017245;783 346;B01;2;7;0;2;1;1;1;
26371;202200017246;783 338;A01;2;1;0;2;2;16;5;
26372;202200017246;783 343;B01;1;7;0;2;3;1;1;
26373;202200017247;783 337;A01;2;7;0;2;1;15;1;
26374;202200017247;783 340;B01;2;2;0;2;1;1;1;
26375;202200017248;783 331;B01;1;7;0;2;6;11;1;
26376;202200017248;783 335;A01;1;7;0;2;2;1;1;
26377;202200017250;783 332;B01;2;1;0;2;1;13;5;
26378;202200017250;783 334;A01;1;2;9;2;1;13;1;
26379;202200017251;783 330;A01;1;30;0;1;1;1;1;
26380;202200017252;783 328;A01;2;7;3;0;1;9;0;
26381;202200017253;783 326;A01;1;33;0;2;1;1;1;
26382;202200017253;783 329;B01;2;38;0;2;1;15;1;1.0
26383;202200017254;783 324;A01;1;7;0;1;2;1;1;
26384;202200017255;783 321;A01;1;7;0;2;4;2;1;
26385;202200017255;783 325;B01;1;7;0;2;1;21;1;
26386;202200017255;783 327;C01;1;7;0;2;1;21;1;
26387;202200017256;783 319;A01;1;2;0;2;1;15;1;
26388;202200017256;783 323;B01;1;2;0;2;1;1;1;
26389;202200017257;783 318;C01;2;7;0;2;4;2;1;
26390;202200017257;783 320;B01;2;7;0;2;1;2;1;
26391;202200017257;783 322;A01;2;7;0;2;1;2;1;
26392;202200017258;783 314;A01;2;10;4;0;3;1;0;
26393;202200017259;783 315;B01;2;7;0;2;2;16;1;
26394;202200017259;783 317;A01;2;32;0;2;1;7;1;
26395;202200017260;783 312;A01;1;7;4;0;1;2;1;
26396;202200017261;783 313;A01;1;7;1;0;1;26;1;
26397;202200017262;783 311;B01;3;33;0;2;1;1;1;
26398;202200017262;783 316;A01;3;7;0;2;1;15;1;
26399;202200017263;783 306;Z01;1;7;0;2;2;3;0;
26400;202200017263;783 310;B01;1;1;0;2;4;1;5;
26401;202200017264;783 305;B01;1;7;3;2;4;1;1;
26402;202200017264;783 309;A01;1;7;3;2;1;1;1;
26403;202200017265;783 303;A01;3;1;0;2;2;6;5;
26404;202200017265;783 307;B01;3;7;0;2;1;1;1;
26405;202200017266;783 304;B01;1;10;0;2;2;16;1;
26406;202200017266;783 308;A01;1;2;0;2;1;1;1;
26407;202200017267;783 302;A01;1;7;4;0;3;0;1;
26408;202200017268;783 301;Z01;2;7;0;1;1;1;1;
26409;202200017269;783 298;B01;3;7;0;2;5;23;1;
26410;202200017269;783 300;A01;3;30;0;2;1;2;1;
26411;202200017270;783 299;A01;1;33;14;0;8;17;1;
26412;202200017271;783 295;A01;1;7;4;2;9;1;1;
26413;202200017271;783 297;B01;1;7;0;2;1;1;0;
26414;202200017272;783 293;B01;1;7;6;2;1;1;1;
26415;202200017272;783 296;A01;2;7;0;2;3;15;1;
26416;202200017274;783 291;A01;2;7;3;0;7;14;1;
26417;202200017275;783 290;B01;1;33;0;2;8;19;1;
26418;202200017275;783 294;A01;1;7;0;2;2;19;1;
26419;202200017276;783 289;A01;3;10;0;1;1;1;3;
26420;202200017277;783 288;A01;2;7;0;0;9;1;1;
26421;202200017278;783 285;B01;2;7;0;2;7;1;1;
26422;202200017278;783 287;A01;2;7;0;2;1;19;1;
26423;202200017279;783 284;A01;3;7;8;0;1;1;1;
26424;202200017280;783 283;A01;1;7;0;9;2;15;1;
26425;202200017280;783 286;B01;2;1;0;2;1;1;5;
26426;202200017281;783 277;A01;2;7;0;2;3;19;1;
26427;202200017281;783 281;B01;1;7;0;2;2;1;1;
26428;202200017282;783 274;A01;3;30;0;2;1;9;1;
26429;202200017282;783 279;B01;1;7;0;2;3;1;1;
26430;202200017283;783 267;A01;1;10;0;2;1;15;1;
26431;202200017283;783 271;B01;2;1;0;2;1;1;5;
26432;202200017284;783 269;A01;1;7;0;1;1;2;1;
26433;202200017285;783 270;A01;3;7;8;0;1;13;1;
26434;202200017286;783 266;B01;1;31;0;2;1;1;1;
26435;202200017286;783 268;A01;2;7;0;2;7;15;1;
26436;202200017287;783 262;B01;1;32;0;2;2;1;1;
26437;202200017287;783 264;A01;1;7;0;2;1;2;1;
26438;202200017289;783 261;Z01;2;32;0;2;4;0;0;
26439;202200017289;783 263;B01;2;33;0;2;1;0;1;
26440;202200017291;783 257;A01;1;2;6;0;1;14;1;
26441;202200017292;783 254;B01;0;7;0;2;1;1;1;
26442;202200017292;783 255;A01;3;2;0;2;1;15;0;
26443;202200017294;783 247;B01;2;7;0;2;1;1;2;
26444;202200017294;783 250;A01;1;7;0;2;1;5;1;
26445;202200017295;783 246;B01;2;1;0;2;1;0;5;
26446;202200017295;783 248;A01;1;7;0;2;3;13;3;
26447;202200017297;783 244;B01;2;7;0;2;1;1;1;
26448;202200017297;783 251;A01;1;7;0;2;5;15;1;
26449;202200017298;783 240;A01;1;0;0;1;1;26;1;
26450;202200017299;783 242;A01;1;1;0;2;1;2;5;
26451;202200017299;783 243;B01;1;7;0;9;4;23;1;
26452;202200017300;783 238;A01;3;7;0;2;8;15;1;
26453;202200017300;783 241;B01;3;32;0;2;1;1;1;
26454;202200017301;783 237;B01;3;7;0;2;9;23;1;
26455;202200017301;783 239;A01;3;7;0;2;6;26;1;
26456;202200017302;783 232;B01;3;7;0;2;3;1;1;
26457;202200017302;783 234;A01;3;30;0;2;1;16;1;
26458;202200017303;783 231;A01;1;7;2;0;1;6;1;
26459;202200017304;783 229;C01;3;7;0;2;3;23;1;
26460;202200017304;783 230;B01;1;7;0;2;9;1;1;
26461;202200017304;783 235;A01;2;7;0;2;7;15;2;
26462;202200017306;783 226;A01;1;7;0;2;8;13;1;
26463;202200017306;783 227;B01;2;7;0;2;3;1;2;
26464;202200017307;783 223;A01;3;31;0;2;1;1;1;
26465;202200017307;783 224;Z01;3;7;0;2;1;5;0;
26466;202200017308;783 221;B01;1;30;0;2;1;1;1;
26467;202200017308;783 222;A01;2;7;0;2;3;15;1;
26468;202200017309;783 220;A01;1;7;1;0;2;1;1;
26469;202200017310;783 217;A01;3;7;0;2;7;1;1;
26470;202200017310;783 225;B01;3;7;0;2;3;1;1;
26471;202200017311;783 218;A01;2;7;0;2;1;2;1;
26472;202200017311;783 219;B01;1;1;0;2;0;0;5;
26473;202200017312;783 216;A01;1;7;0;1;3;15;1;
26474;202200017313;783 212;A01;2;32;0;2;3;1;1;
26475;202200017313;783 214;B01;1;7;0;2;2;15;1;
26476;202200017314;783 211;B01;1;7;0;2;4;23;1;
26477;202200017314;783 213;A01;1;7;0;2;1;1;0;
26478;202200017315;783 210;B01;1;7;0;9;2;1;1;
26479;202200017315;783 215;A01;1;2;0;2;8;1;1;
26480;202200017316;783 208;A01;1;7;0;2;1;13;1;
26481;202200017316;783 209;B01;1;7;0;2;0;0;1;
26482;202200017317;783 206;B01;3;2;0;2;1;1;1;
26483;202200017317;783 207;A01;3;10;0;2;4;1;1;
26484;202200017318;783 204;A01;2;7;0;2;2;9;1;
26485;202200017318;783 205;B01;2;7;15;2;1;1;1;
26486;202200017320;783 199;A01;1;33;6;0;1;2;1;
26487;202200017321;783 203;A01;3;7;1;1;2;15;1;
26488;202200017322;783 200;A01;1;7;6;2;3;21;1;
26489;202200017322;783 202;B01;1;7;0;2;3;2;1;
26490;202200017323;783 198;A01;3;37;0;1;1;1;2;1.0
26491;202200017324;783 197;A01;3;7;6;0;4;4;1;
26492;202200017325;783 196;A01;3;7;13;0;1;1;1;
26493;202200017326;783 192;A01;2;33;0;2;8;3;1;
26494;202200017326;783 194;B01;2;7;0;2;7;12;1;
26495;202200017327;783 193;B01;1;33;0;2;1;0;1;
26496;202200017327;783 195;A01;3;7;0;2;3;0;1;
26497;202200017328;783 190;A01;3;7;8;0;1;26;1;
26498;202200017329;783 189;A01;3;7;0;2;1;1;1;
26499;202200017329;783 191;B01;1;7;0;2;7;1;1;
26500;202200017330;783 185;A01;0;50;0;0;0;0;3;
26501;202200017331;783 187;A01;1;33;0;1;1;5;1;
26502;202200017332;783 186;A01;1;7;0;2;1;13;1;
26503;202200017332;783 188;B01;2;7;0;2;3;1;1;
26504;202200017333;783 184;A01;1;7;0;0;9;0;1;
26505;202200017334;783 182;A01;2;2;0;0;0;0;1;
26506;202200017335;783 179;B01;2;7;0;2;2;1;1;