;Num_Acc;id_vehicule;num_veh;senc;catv;obs;obsm;choc;manv;motor;occutc
26507;202200017335;783 183;A01;1;7;0;2;1;1;1;
26508;202200017336;783 178;A01;1;30;1;2;1;1;1;
26509;202200017336;783 180;B01;1;7;0;2;1;14;1;
26510;202200017337;783 176;A01;1;7;0;1;2;1;1;
26511;202200017338;783 177;B01;1;7;0;2;8;1;1;
26512;202200017338;783 181;A01;2;10;0;2;1;19;1;
26513;202200017340;783 172;B01;1;7;0;2;1;2;1;
26514;202200017340;783 175;A01;1;7;3;2;4;23;1;
26515;202200017341;783 168;B01;1;7;0;2;1;1;1;
26516;202200017341;783 173;A01;2;7;0;2;1;17;1;
26517;202200017342;783 169;A01;1;30;0;2;1;2;1;
26518;202200017342;783 170;B01;1;7;0;2;4;2;1;
26519;202200017343;783 166;B01;1;33;0;2;0;17;1;
26520;202200017343;783 167;A01;1;7;0;2;3;2;1;
26521;202200017344;783 163;A01;2;7;0;2;1;2;1;
26522;202200017344;783 164;B01;2;7;0;2;4;2;1;
26523;202200017345;783 162;A01;1;7;0;1;2;1;1;
26524;202200017346;783 165;A01;0;7;0;2;3;9;1;
26525;202200017346;783 171;B01;0;7;0;2;1;9;1;
26526;202200017347;783 160;B01;3;7;0;0;1;2;1;
26527;202200017347;783 161;A01;3;7;0;0;4;2;1;
26528;202200017348;783 158;A01;3;7;0;1;2;16;1;
26529;202200017349;783 157;B01;1;7;0;2;7;0;1;
26530;202200017349;783 159;A01;1;7;0;2;1;1;1;
26531;202200017350;783 155;B01;2;1;0;2;1;5;5;
26532;202200017350;783 156;A01;2;7;0;2;3;0;0;
26533;202200017352;783 152;A01;1;7;0;2;2;16;2;
26534;202200017352;783 154;B01;1;1;0;2;1;1;5;
26535;202200017354;783 149;A01;2;7;0;1;0;1;1;
26536;202200017355;783 148;A01;3;7;0;2;2;1;1;
26537;202200017355;783 150;B01;3;7;0;2;1;1;1;
26538;202200017356;783 146;A01;1;1;0;0;0;21;5;
26539;202200017357;783 145;A01;2;7;0;2;1;1;1;
26540;202200017357;783 147;B01;2;7;0;2;8;1;1;
26541;202200017358;783 138;A01;0;7;0;2;1;0;1;
26542;202200017358;783 140;B01;0;7;0;2;4;23;1;
26543;202200017358;783 143;C01;0;7;0;2;4;23;1;
26544;202200017359;783 137;B01;3;7;0;2;4;2;1;
26545;202200017359;783 141;A01;3;7;0;2;4;1;1;
26546;202200017359;783 144;Z01;3;7;0;2;1;26;1;
26547;202200017360;783 134;E01;3;7;0;2;4;1;6;
26548;202200017360;783 135;D01;3;7;0;2;4;1;0;
26549;202200017360;783 136;C01;3;7;0;2;4;1;0;
26550;202200017360;783 139;B01;3;7;0;2;4;1;1;
26551;202200017360;783 142;A01;3;7;0;2;1;2;1;
26552;202200017361;783 131;B01;2;7;1;2;3;20;1;
26553;202200017361;783 133;A01;1;7;0;2;2;1;1;
26554;202200017362;783 127;A01;3;7;0;1;1;16;1;
26555;202200017363;783 125;B01;1;33;0;2;7;17;1;
26556;202200017363;783 128;A01;1;7;0;2;3;15;1;
26557;202200017364;783 126;B01;1;1;0;2;8;0;5;
26558;202200017364;783 129;A01;1;7;0;2;1;26;1;
26559;202200017365;783 124;A01;2;7;0;1;2;1;1;
26560;202200017366;783 121;B01;0;7;0;2;8;1;1;
26561;202200017366;783 123;A01;0;15;0;2;3;14;1;
26562;202200017367;783 120;A01;3;33;0;2;7;2;1;
26563;202200017367;783 122;B01;1;13;0;0;0;0;1;
26564;202200017368;783 116;A01;3;7;0;2;1;26;1;
26565;202200017368;783 117;B01;3;7;0;2;4;1;1;
26566;202200017368;783 118;C01;3;7;0;2;4;1;1;
26567;202200017368;783 119;D01;3;7;0;2;4;1;1;
26568;202200017369;783 114;B01;1;33;0;2;0;0;1;
26569;202200017369;783 115;A01;1;10;0;2;3;15;1;
26570;202200017370;783 111;B01;1;7;0;2;1;2;1;
26571;202200017370;783 112;A01;1;30;0;2;4;1;3;
26572;202200017371;783 110;A01;2;7;0;2;3;13;1;
26573;202200017371;783 113;B01;1;7;0;0;0;0;1;
26574;202200017372;783 109;A01;2;7;0;1;8;17;3;
26575;202200017373;783 107;B01;2;7;0;2;5;2;1;
26576;202200017373;783 108;A01;2;1;0;1;3;1;5;
26577;202200017374;783 106;A01;1;7;9;0;1;1;1;
26578;202200017375;783 104;B01;1;7;1;2;3;15;1;
26579;202200017375;783 105;A01;1;33;1;2;7;17;1;
26580;202200017376;783 100;B01;3;7;0;2;3;15;1;
26581;202200017376;783 103;A01;2;30;0;2;3;26;1;
26582;202200017377;783 099;A01;1;7;0;2;1;1;1;
26583;202200017377;783 102;B01;1;10;1;0;4;23;1;
26584;202200017378;783 098;B01;1;2;0;2;3;9;1;
26585;202200017378;783 101;A01;2;31;0;2;1;0;1;
26586;202200017379;783 097;Z01;1;10;0;1;1;1;0;
26587;202200017380;783 096;A01;1;7;0;1;1;1;1;
26588;202200017381;783 095;A01;2;80;9;0;2;1;3;
26589;202200017382;783 094;A01;2;33;13;0;1;1;1;
26590;202200017383;783 090;A01;0;7;4;0;1;21;1;
26591;202200017384;783 087;D01;1;7;0;2;1;1;2;
26592;202200017384;783 089;C01;1;7;0;2;4;1;1;
26593;202200017384;783 092;B01;1;7;0;2;1;1;1;
26594;202200017384;783 093;A01;1;7;0;2;1;1;1;
26595;202200017385;783 088;B01;1;7;0;2;4;0;2;
26596;202200017385;783 091;A01;1;10;0;2;1;0;3;
26597;202200017386;783 085;A01;3;7;0;2;6;9;1;
26598;202200017386;783 086;B01;3;7;0;2;1;1;1;
26599;202200017387;783 079;B01;2;7;0;2;3;1;1;
26600;202200017387;783 082;A01;1;7;0;2;1;9;1;
26601;202200017389;783 074;B01;1;33;0;2;4;1;1;
26602;202200017389;783 077;A01;1;33;0;2;1;1;1;
26603;202200017390;783 073;C01;1;7;0;2;0;1;1;
26604;202200017390;783 075;B01;1;7;0;2;0;1;1;
26605;202200017390;783 076;A01;2;7;6;2;1;15;1;
26606;202200017391;783 069;B01;3;10;0;0;2;20;1;
26607;202200017391;783 072;A01;3;30;0;2;7;18;1;
26608;202200017392;783 071;A01;1;7;0;1;1;15;1;
26609;202200017394;783 065;B01;2;7;0;2;1;1;1;
26610;202200017394;783 068;A01;1;10;0;2;1;1;1;
26611;202200017396;783 057;C01;1;7;0;2;1;1;1;
26612;202200017396;783 059;B01;1;7;0;2;4;15;1;
26613;202200017396;783 060;A01;1;16;0;2;1;1;1;
26614;202200017397;783 056;B01;2;10;0;2;8;1;1;
26615;202200017397;783 058;A01;1;7;0;2;3;13;1;
26616;202200017398;783 061;A01;2;30;0;0;0;1;3;
26617;202200017399;783 055;A01;3;10;0;1;4;4;1;
26618;202200017400;783 051;A01;1;7;0;2;1;9;1;
26619;202200017400;783 054;B01;3;7;0;2;7;1;1;
26620;202200017401;783 053;A01;2;1;0;0;0;16;5;
26621;202200017402;783 050;A01;1;7;0;9;6;24;1;
26622;202200017402;783 052;B01;0;50;0;0;0;0;3;
26623;202200017403;783 047;B01;3;7;0;2;2;11;1;
26624;202200017403;783 049;A01;3;7;0;2;1;1;1;
26625;202200017404;783 046;A01;2;30;0;0;7;16;1;
26626;202200017405;783 042;A01;2;30;0;2;2;17;1;
26627;202200017405;783 043;B01;2;7;0;2;6;15;1;
26628;202200017406;783 041;A01;0;7;0;2;1;1;1;
26629;202200017406;783 045;B01;0;7;0;2;4;1;1;
26630;202200017406;783 048;C01;0;7;0;0;4;1;1;
26631;202200017407;783 040;A01;1;7;0;2;2;1;1;
26632;202200017407;783 044;B01;2;1;0;2;4;13;5;
26633;202200017408;783 039;A01;1;30;0;0;5;12;3;
26634;202200017410;783 032;B01;3;7;0;2;3;15;1;
26635;202200017410;783 037;A01;3;50;0;2;2;15;3;
26636;202200017411;783 030;A01;3;7;1;0;1;1;2;
26637;202200017411;783 031;B01;3;7;0;2;4;23;2;
26638;202200017412;783 028;A01;1;30;0;2;1;0;1;
26639;202200017412;783 029;B01;1;7;0;2;6;0;1;
26640;202200017413;783 026;A01;2;34;14;0;1;0;1;
26641;202200017414;783 027;A01;2;7;0;1;1;2;1;
26642;202200017415;783 022;A01;3;7;0;2;1;15;1;
26643;202200017415;783 023;B01;3;7;13;2;3;1;1;
26644;202200017417;783 019;B01;1;7;0;2;4;1;1;
26645;202200017417;783 020;A01;1;7;0;2;1;1;1;
26646;202200017418;783 017;A01;1;43;0;2;1;2;1;
26647;202200017418;783 018;B01;2;7;0;2;3;15;1;
26648;202200017419;783 016;A01;1;7;0;1;1;16;1;
26649;202200017420;783 014;A01;3;7;0;2;3;15;1;
26650;202200017420;783 015;B01;3;1;0;2;1;1;5;
26651;202200017421;783 013;A01;1;2;2;0;3;1;1;
26652;202200017422;783 011;B01;1;30;0;2;1;1;1;
26653;202200017422;783 012;A01;2;10;0;2;3;16;1;
26654;202200017423;783 010;A01;3;2;0;0;3;15;3;
26655;202200017424;783 009;A01;2;7;3;0;2;1;0;
26656;202200017425;783 008;A01;3;7;1;0;2;14;1;
26657;202200017426;783 007;A01;2;10;0;0;1;1;1;
26658;202200017427;783 006;A01;2;33;12;0;2;15;1;
26659;202200017428;783 004;A01;1;7;3;0;2;1;1;
26660;202200017429;783 003;B01;2;32;0;2;1;0;1;
26661;202200017429;783 005;Z01;1;30;0;2;0;0;1;
26662;202200017430;783 002;A01;2;33;13;0;1;0;1;
26663;202200017431;782 996;B01;0;7;0;2;4;10;2;
26664;202200017431;782 998;A01;0;33;0;2;1;1;1;
26665;202200017433;782 997;C01;2;7;0;0;4;2;1;
26666;202200017433;783 000;B01;2;7;0;2;4;2;1;
26667;202200017433;783 001;A01;2;7;0;2;1;2;1;
26668;202200017434;782 994;A01;3;20;13;0;4;15;1;
26669;202200017436;782 990;A01;1;14;0;1;0;1;1;
26670;202200017437;782 989;A01;1;7;2;9;2;13;1;
26671;202200017438;782 987;A01;1;7;2;0;1;14;1;
26672;202200017439;782 985;A01;2;1;1;0;1;2;5;
26673;202200017440;782 988;A01;2;7;0;2;1;1;1;
26674;202200017440;782 993;B01;2;7;0;2;3;15;1;
26675;202200017441;782 983;A01;3;7;0;2;1;2;1;
26676;202200017441;782 984;B01;0;7;0;2;4;23;1;
26677;202200017441;782 986;C01;3;7;0;2;4;23;1;
26678;202200017442;782 981;B01;2;14;0;0;6;1;1;
26679;202200017442;782 982;A01;1;7;0;2;1;1;1;
26680;202200017443;782 980;A01;1;7;0;2;1;1;1;
26681;202200017444;782 977;A01;2;7;0;2;2;15;1;
26682;202200017444;782 979;B01;1;33;0;2;1;1;1;
26683;202200017445;782 976;A01;3;7;0;1;1;1;1;
26684;202200017446;782 974;A01;2;7;2;0;1;13;1;
26685;202200017447;782 973;A01;1;7;13;0;3;13;1;
26686;202200017448;782 975;A01;2;32;0;2;1;3;1;
26687;202200017448;782 978;B01;2;7;0;2;5;12;1;
26688;202200017449;782 970;A01;1;7;13;0;1;1;1;
26689;202200017450;782 969;A01;2;7;1;0;2;14;1;
26690;202200017451;782 967;A01;1;32;0;2;2;1;1;
26691;202200017451;782 968;Z01;1;13;0;2;6;11;0;
26692;202200017452;782 966;A01;1;7;6;0;1;1;1;
26693;202200017453;782 964;A01;1;7;6;0;1;15;1;
26694;202200017455;782 961;A01;3;10;0;2;2;16;1;
26695;202200017455;782 963;B01;0;30;0;2;1;1;1;
26696;202200017456;782 957;A01;3;7;0;9;1;1;1;
26697;202200017456;782 959;B01;0;1;0;2;1;21;5;
26698;202200017457;782 958;A01;2;30;0;2;2;16;1;
26699;202200017457;782 960;Z01;2;30;0;2;1;18;1;
26700;202200017458;782 956;A01;1;30;0;0;7;26;1;
26701;202200017459;782 955;A01;2;30;0;1;8;1;1;
26702;202200017460;782 954;A01;1;7;13;0;2;14;1;
26703;202200017461;782 951;A01;1;30;0;0;8;1;3;
26704;202200017462;782 949;A01;1;7;0;2;3;1;1;
26705;202200017462;782 950;B01;2;7;0;2;3;15;1;
26706;202200017462;782 952;C01;2;10;0;2;3;1;1;
26707;202200017463;782 945;A01;2;7;13;2;3;9;1;
26708;202200017463;782 947;B01;1;15;0;2;7;1;1;
26709;202200017464;782 946;A01;1;7;0;1;2;1;1;
26710;202200017466;782 942;B01;1;50;0;2;0;9;3;
26711;202200017466;782 943;A01;1;30;0;2;0;1;3;
26712;202200017467;782 948;A01;1;10;0;2;2;1;1;
26713;202200017467;782 953;B01;3;1;0;2;7;0;5;
26714;202200017468;782 940;A01;2;2;0;2;0;0;1;
26715;202200017468;782 941;B01;2;2;0;2;0;0;1;
26716;202200017469;782 939;Z01;2;34;0;1;1;1;0;
26717;202200017471;782 934;C01;1;7;1;0;4;24;1;
26718;202200017471;782 936;B01;1;7;1;0;6;24;1;
26719;202200017472;782 933;A01;2;33;13;0;2;1;1;
26720;202200017474;782 931;A01;3;7;2;0;2;1;1;
26721;202200017475;782 930;A01;2;7;0;1;2;1;1;
26722;202200017476;782 929;A01;2;37;0;1;7;7;1;1.0
26723;202200017477;782 928;A01;1;10;13;0;3;1;1;
26724;202200017478;782 927;A01;1;7;0;1;1;26;0;
26725;202200017479;782 925;A01;3;7;0;2;7;16;1;
26726;202200017479;782 926;B01;3;1;0;2;1;1;5;
26727;202200017480;782 923;A01;1;50;0;1;7;1;3;
26728;202200017481;782 921;A01;2;7;0;2;1;2;1;
26729;202200017481;782 924;B01;2;7;0;2;4;2;2;
26730;202200017482;782 922;A01;0;10;13;0;3;1;1;
26731;202200017483;782 918;A01;1;7;14;0;1;6;1;
26732;202200017484;782 917;B01;1;7;0;2;1;1;1;
26733;202200017484;782 920;Z01;1;7;0;2;0;2;0;
26734;202200017485;782 916;A01;1;14;3;0;2;14;1;
26735;202200017486;782 913;A01;2;50;0;2;1;1;3;
26736;202200017486;782 915;B01;2;7;0;2;3;9;1;
26737;202200017487;782 911;A01;0;7;0;2;2;1;1;
26738;202200017487;782 914;B01;1;80;0;2;7;1;3;
26739;202200017488;782 909;B01;1;33;0;2;1;1;1;
26740;202200017488;782 912;A01;2;10;0;2;3;15;1;
26741;202200017489;782 908;B01;3;1;0;2;7;1;5;
26742;202200017489;782 910;A01;3;7;0;2;3;9;1;
26743;202200017490;782 906;A01;2;14;0;1;3;15;1;
26744;202200017491;782 905;B01;1;2;0;2;1;1;1;
26745;202200017491;782 907;A01;2;7;0;2;3;15;1;
26746;202200017492;782 901;A01;1;7;0;2;1;1;1;
26747;202200017492;782 903;B01;1;7;0;2;1;1;1;
26748;202200017492;782 904;C01;1;7;0;2;4;1;1;
26749;202200017493;782 900;A01;1;30;0;9;2;12;1;
26750;202200017494;782 897;C01;1;7;0;2;4;2;0;
26751;202200017494;782 899;B01;1;7;0;2;4;2;1;
26752;202200017494;782 902;A01;1;7;0;2;1;2;1;
26753;202200017495;782 896;B01;1;7;0;2;6;1;1;
26754;202200017495;782 898;A01;1;14;0;2;2;14;1;
26755;202200017496;782 895;A01;3;31;0;1;0;0;1;
26756;202200017497;782 893;A01;1;10;0;1;3;1;1;
26757;202200017499;782 889;A01;1;7;13;0;1;15;1;
26758;202200017501;782 886;B01;1;7;0;2;1;1;1;
26759;202200017501;782 888;A01;1;7;0;2;8;9;1;
26760;202200017502;782 884;B01;1;7;0;2;3;9;1;
26761;202200017502;782 885;A01;1;2;0;2;3;9;1;
26762;202200017503;782 882;A01;1;7;0;0;0;1;1;
26763;202200017504;782 880;B01;1;1;9;2;1;1;5;
26764;202200017504;782 881;A01;1;10;9;2;4;4;1;
26765;202200017505;782 878;A01;3;7;0;1;2;1;1;
26766;202200017506;782 877;B01;2;7;0;2;2;1;1;
26767;202200017506;782 879;A01;1;33;0;2;9;1;1;
26768;202200017507;782 876;A01;2;7;6;0;1;1;1;
26769;202200017508;782 873;A01;0;7;0;2;8;21;1;
26770;202200017508;782 875;B01;0;33;0;2;1;0;1;
26771;202200017509;782 872;B01;3;1;0;2;1;1;5;
26772;202200017509;782 874;A01;3;7;0;9;3;1;1;
26773;202200017510;782 871;A01;1;7;0;1;2;1;1;
26774;202200017511;782 870;A01;1;7;3;0;9;1;1;
26775;202200017512;782 868;B01;3;7;0;2;3;1;1;
26776;202200017512;782 869;A01;3;50;0;2;2;1;3;
26777;202200017513;782 865;A01;2;7;0;2;7;15;1;
26778;202200017513;782 867;B01;1;31;0;2;1;1;1;
26779;202200017514;782 864;A01;1;2;0;0;0;1;1;
26780;202200017515;782 863;A01;1;10;0;2;2;15;1;
26781;202200017515;782 866;B01;2;7;0;2;7;1;1;
26782;202200017516;782 859;A01;1;7;0;2;1;2;1;
26783;202200017516;782 862;B01;1;7;0;2;4;1;2;
26784;202200017517;782 858;B01;1;7;0;2;1;1;1;
26785;202200017517;782 860;A01;2;7;0;2;1;5;1;
26786;202200017518;782 857;B01;2;7;0;2;1;1;1;
26787;202200017518;782 861;A01;2;7;0;2;7;26;1;
26788;202200017519;782 855;A01;2;7;0;2;1;13;1;
26789;202200017519;782 856;B01;1;7;0;2;1;1;1;
26790;202200017520;782 854;A01;2;10;13;0;0;1;1;
26791;202200017521;782 849;B01;1;7;0;2;8;1;1;
26792;202200017521;782 852;A01;2;1;0;2;1;1;5;
26793;202200017522;782 848;A01;1;7;0;2;3;1;1;
26794;202200017522;782 850;B01;2;2;0;2;1;5;1;
26795;202200017523;782 846;B01;2;43;0;2;2;11;1;
26796;202200017523;782 847;A01;2;7;0;2;3;1;1;
26797;202200017525;782 843;A01;2;7;0;2;2;15;1;
26798;202200017525;782 844;B01;1;30;0;2;1;1;1;
26799;202200017526;782 841;B01;1;7;0;2;1;1;1;
26800;202200017526;782 842;A01;1;7;0;2;4;2;1;
26801;202200017528;782 838;B01;1;7;0;2;7;16;1;
26802;202200017528;782 840;A01;1;33;0;2;1;18;1;
26803;202200017529;782 832;A01;1;7;13;0;1;1;1;
26804;202200017530;782 833;D01;1;7;0;2;1;2;1;
26805;202200017530;782 835;C01;1;7;0;2;4;2;1;
26806;202200017530;782 836;B01;1;7;0;2;4;2;1;
26807;202200017530;782 837;A01;1;7;0;2;4;2;1;
26808;202200017531;782 831;B01;2;7;0;2;3;1;1;
26809;202200017531;782 834;A01;2;33;0;2;1;17;1;
26810;202200017532;782 827;B01;1;1;0;2;1;1;5;
26811;202200017532;782 830;A01;2;7;0;2;1;13;1;
26812;202200017533;782 824;B01;2;15;0;2;9;2;1;
26813;202200017533;782 826;C01;2;15;0;2;4;2;1;
26814;202200017533;782 829;A01;2;7;0;2;1;1;2;
26815;202200017534;782 825;A01;1;33;0;2;2;17;1;
26816;202200017534;782 828;B01;1;7;0;2;3;15;1;
26817;202200017535;782 820;B01;1;50;0;2;7;3;3;
26818;202200017535;782 823;A01;1;7;0;2;8;1;1;
26819;202200017536;782 819;B01;2;7;0;2;3;11;1;
26820;202200017536;782 822;A01;2;33;0;2;2;3;1;
26821;202200017537;782 818;A01;1;7;2;0;1;13;1;
26822;202200017538;782 817;A01;3;1;0;1;1;1;5;
26823;202200017539;782 816;A01;2;32;0;0;0;0;1;
26824;202200017540;782 815;A01;1;7;2;0;7;13;0;
26825;202200017541;782 811;B01;2;7;0;2;4;23;1;
26826;202200017541;782 814;A01;2;10;0;2;1;1;1;
26827;202200017542;782 810;A01;1;10;0;2;3;12;1;
26828;202200017542;782 812;B01;1;33;0;2;1;3;1;
26829;202200017542;782 813;C01;1;10;0;2;0;0;0;
26830;202200017543;782 807;A01;1;7;0;2;8;11;1;
26831;202200017543;782 808;B01;1;10;0;2;2;1;1;
26832;202200017544;782 806;B01;2;7;0;2;3;1;1;
26833;202200017544;782 809;A01;1;7;0;0;3;26;1;
26834;202200017545;782 803;A01;1;33;0;2;1;1;1;
26835;202200017545;782 805;B01;1;7;0;2;2;15;1;
26836;202200017547;782 802;A01;0;7;0;1;1;1;1;
26837;202200017548;782 800;B01;1;50;0;2;2;1;3;
26838;202200017548;782 801;A01;1;7;0;2;3;9;1;
26839;202200017549;782 796;A01;2;7;0;2;1;1;1;
26840;202200017549;782 798;B01;2;1;0;2;4;2;5;
26841;202200017549;782 799;C01;2;1;0;2;4;2;5;
26842;202200017551;782 794;IA01;1;7;0;1;1;26;1;
26843;202200017553;782 792;A01;1;7;0;1;1;1;1;
26844;202200017554;782 790;A01;3;31;0;0;1;21;1;
26845;202200017555;782 789;A01;0;7;0;2;3;26;1;
26846;202200017555;782 791;B01;2;30;0;2;1;0;1;
26847;202200017556;782 787;A01;1;7;0;1;1;1;1;
26848;202200017557;782 786;B01;1;35;0;2;3;1;1;
26849;202200017557;782 788;A01;1;7;0;2;3;9;1;
26850;202200017558;782 785;A01;1;7;0;1;1;1;1;
26851;202200017559;782 783;A01;3;30;0;1;7;26;1;
26852;202200017560;782 781;A01;1;7;0;2;7;2;1;
26853;202200017560;782 782;B01;3;50;0;2;1;1;3;
26854;202200017561;782 778;A01;2;7;0;2;2;15;1;
26855;202200017561;782 780;B01;1;10;0;2;1;1;1;
26856;202200017562;782 777;A01;0;7;0;2;1;26;1;
26857;202200017562;782 779;B01;0;7;0;2;1;1;1;
26858;202200017563;782 776;A01;2;2;0;0;0;1;1;
26859;202200017565;782 774;A01;2;1;0;0;0;15;5;
26860;202200017566;782 773;A01;0;30;14;0;0;15;1;
26861;202200017567;782 771;B01;3;31;0;2;7;1;1;
26862;202200017567;782 772;A01;3;7;0;2;2;15;1;
26863;202200017568;782 770;A01;0;2;0;0;0;1;1;
26864;202200017569;782 767;A01;2;1;0;2;4;1;5;
26865;202200017569;782 769;B01;2;30;0;2;4;2;1;
26866;202200017570;782 763;A01;1;7;0;2;3;13;1;
26867;202200017570;782 765;B01;2;7;0;2;3;1;1;
26868;202200017571;782 764;A01;2;32;0;1;1;1;1;
26869;202200017572;782 761;A01;2;7;9;0;1;1;1;
26870;202200017573;782 759;A01;2;10;0;2;1;9;1;
26871;202200017573;782 760;B01;2;7;0;2;4;1;1;
26872;202200017573;782 762;C01;2;7;0;2;3;21;1;
26873;202200017574;782 756;B01;3;7;0;2;1;26;0;
26874;202200017574;782 758;A01;3;7;0;2;3;1;0;
26875;202200017575;782 755;B01;1;7;15;2;1;1;1;
26876;202200017575;782 757;A01;1;7;0;2;1;9;1;
26877;202200017576;782 754;A01;1;33;15;0;1;1;1;
26878;202200017578;782 751;A01;3;1;0;0;0;1;5;
26879;202200017579;782 748;A01;1;7;15;0;9;14;1;
26880;202200017580;782 747;B01;1;7;0;2;1;1;1;
26881;202200017580;782 749;A01;2;7;0;2;1;15;1;
26882;202200017581;782 745;B01;1;7;0;2;1;23;1;
26883;202200017581;782 746;A01;3;50;0;2;0;0;3;
26884;202200017582;782 743;B01;3;50;0;2;1;1;3;
26885;202200017582;782 744;A01;3;7;0;2;3;9;1;
26886;202200017583;782 741;B01;1;7;0;1;4;2;1;
26887;202200017583;782 742;A01;1;7;0;2;1;2;1;
26888;202200017584;782 740;A01;1;7;14;0;1;0;1;
26889;202200017585;782 737;A01;1;3;0;2;5;10;1;
26890;202200017585;782 739;B01;1;34;1;2;1;26;1;
26891;202200017586;782 736;B01;3;7;0;2;0;0;1;
26892;202200017586;782 738;A01;3;7;0;2;3;26;1;
26893;202200017587;782 731;B01;3;7;0;2;1;0;3;
26894;202200017587;782 732;A01;3;1;0;2;1;19;5;
26895;202200017588;782 729;B01;3;1;0;2;8;19;5;
26896;202200017588;782 730;A01;3;7;0;2;2;1;1;
26897;202200017589;782 727;B01;1;7;0;2;2;1;1;
26898;202200017589;782 728;A01;0;7;0;2;2;15;1;
26899;202200017590;782 724;A01;1;7;0;1;3;0;0;
26900;202200017591;782 722;A01;1;7;0;1;3;26;1;
26901;202200017592;782 721;A01;3;30;0;2;1;2;1;
26902;202200017592;782 723;B01;3;7;0;0;4;2;1;
26903;202200017593;782 719;B01;1;7;0;2;4;1;1;
26904;202200017593;782 720;A01;1;10;0;2;1;9;1;
26905;202200017594;782 718;A01;1;7;6;0;3;19;1;
26906;202200017595;782 717;A01;2;10;0;1;2;2;1;
26907;202200017596;782 709;B01;3;7;0;2;4;2;2;
26908;202200017596;782 711;D01;3;7;0;0;2;2;1;
26909;202200017596;782 712;C01;3;15;0;0;4;1;1;
26910;202200017596;782 714;A01;3;10;0;2;1;1;1;
26911;202200017597;782 708;C01;3;7;0;2;4;1;1;
26912;202200017597;782 710;B01;3;7;0;2;4;1;1;
26913;202200017597;782 713;A01;3;7;0;2;1;1;1;
26914;202200017598;782 707;A01;0;7;0;1;2;9;6;
26915;202200017599;782 704;B01;2;7;0;2;3;15;1;
26916;202200017599;782 706;A01;1;33;0;2;7;26;1;
26917;202200017600;782 703;B01;3;7;0;2;1;1;1;
26918;202200017600;782 705;A01;3;7;0;2;1;26;1;
26919;202200017601;782 700;A01;3;7;0;2;3;15;1;
26920;202200017601;782 702;B01;3;80;0;2;1;1;3;
26921;202200017602;782 699;B01;1;7;0;2;1;15;1;
26922;202200017602;782 701;Z01;3;7;0;2;3;1;1;
26923;202200017603;782 698;A01;3;7;0;1;2;1;1;
26924;202200017604;782 697;A01;2;7;0;1;1;1;1;
26925;202200017605;782 695;A01;3;7;0;1;1;26;1;
26926;202200017606;782 696;A01;1;80;0;0;0;15;3;
26927;202200017607;782 691;C01;2;7;0;2;4;23;1;
26928;202200017607;782 692;B01;2;7;0;2;4;23;1;
26929;202200017607;782 694;A01;2;7;0;2;0;0;1;
26930;202200017608;782 690;A01;3;7;0;2;3;15;1;
26931;202200017608;782 693;B01;3;7;0;2;2;2;1;
26932;202200017609;782 689;A01;1;7;0;1;3;1;1;
26933;202200017610;782 687;A01;1;2;0;2;1;17;1;
26934;202200017610;782 688;B01;1;7;0;2;8;15;1;
26935;202200017611;782 685;B01;3;7;0;2;7;1;1;
26936;202200017611;782 686;A01;1;7;0;2;1;15;1;
26937;202200017613;782 682;A01;2;7;0;2;1;13;1;
26938;202200017613;782 683;B01;1;7;0;2;1;1;1;
26939;202200017614;782 681;A01;1;7;3;0;1;14;1;
26940;202200017615;782 679;A01;1;33;0;2;3;7;1;
26941;202200017615;782 680;B01;1;7;0;2;3;1;1;
26942;202200017616;782 677;A01;1;7;0;2;1;9;1;
26943;202200017616;782 678;B01;1;1;0;2;4;1;5;
26944;202200017617;782 675;A01;2;7;0;2;5;22;1;
26945;202200017617;782 676;B01;2;1;14;2;1;1;5;
26946;202200017618;782 673;B01;2;7;0;2;6;15;1;
26947;202200017618;782 674;A01;2;2;0;2;1;2;1;
26948;202200017619;782 671;B01;1;7;0;2;7;1;1;
26949;202200017619;782 672;A01;1;7;0;2;1;26;1;
26950;202200017620;782 670;A01;1;7;0;1;3;1;1;
26951;202200017621;782 669;A01;2;1;9;0;8;1;5;
26952;202200017623;782 659;A01;1;7;0;9;1;1;0;
26953;202200017623;782 663;B01;1;60;0;0;0;0;5;
26954;202200017624;782 660;A01;1;7;0;2;4;1;1;
26955;202200017624;782 662;B01;1;7;0;2;9;1;1;
26956;202200017624;782 665;C01;1;7;0;2;6;2;0;
26957;202200017624;782 667;D01;1;7;0;2;1;1;1;
26958;202200017625;782 661;A01;1;7;0;2;0;9;2;
26959;202200017625;782 664;B01;2;2;0;2;0;9;1;
26960;202200017627;782 657;A01;1;7;15;0;9;14;1;
26961;202200017628;782 655;A01;1;10;0;2;0;0;0;
26962;202200017628;782 656;B01;3;60;0;2;0;0;3;
26963;202200017629;782 653;A01;3;7;0;2;3;1;1;
26964;202200017629;782 654;B01;3;50;0;2;4;1;3;
26965;202200017630;782 650;B01;1;99;0;2;8;19;0;
26966;202200017630;782 652;A01;2;7;0;2;1;2;1;
26967;202200017631;782 648;B01;2;7;0;2;3;1;1;