;Num_Acc;id_vehicule;num_veh;senc;catv;obs;obsm;choc;manv;motor;occutc
26968;202200017631;782 649;A01;1;7;0;2;1;15;1;
26969;202200017632;782 645;A01;1;10;0;2;3;19;6;
26970;202200017632;782 651;B01;1;2;0;2;2;1;6;
26971;202200017633;782 644;A01;2;30;0;9;7;1;1;
26972;202200017633;782 647;B01;2;1;0;2;8;1;5;
26973;202200017634;782 643;A01;1;7;0;2;2;2;1;
26974;202200017634;782 646;B01;1;30;0;0;4;2;1;
26975;202200017635;782 638;B01;1;1;0;2;1;1;5;
26976;202200017635;782 640;A01;1;7;0;2;6;9;1;
26977;202200017636;782 637;B01;2;7;0;2;4;2;1;
26978;202200017636;782 639;C01;2;7;0;2;4;2;1;
26979;202200017636;782 641;A01;2;7;0;2;1;2;1;
26980;202200017637;782 636;B01;1;7;1;2;8;1;1;
26981;202200017637;782 642;A01;1;7;0;2;3;13;1;
26982;202200017638;782 633;B01;2;7;0;2;4;1;1;
26983;202200017638;782 634;A01;2;7;0;2;1;2;1;
26984;202200017639;782 632;A01;3;7;0;2;3;1;1;
26985;202200017639;782 635;B01;3;7;0;2;3;1;0;
26986;202200017640;782 631;A01;1;7;13;0;9;1;1;
26987;202200017641;782 628;B01;1;7;0;2;4;1;1;
26988;202200017641;782 630;A01;1;34;0;2;1;2;1;
26989;202200017642;782 627;B01;3;10;0;2;1;9;1;
26990;202200017642;782 629;A01;3;1;0;2;3;5;5;
26991;202200017644;782 623;B01;1;7;0;2;8;15;1;
26992;202200017644;782 625;A01;1;34;0;2;2;17;1;
26993;202200017645;782 622;A01;2;10;0;0;2;1;1;
26994;202200017646;782 621;A01;1;7;0;1;1;1;1;
26995;202200017647;782 618;A01;2;32;12;0;1;25;1;
26996;202200017648;782 617;A01;0;0;0;2;0;0;0;
26997;202200017648;782 620;B01;3;33;0;2;0;0;1;
26998;202200017649;782 616;A01;3;7;0;2;3;1;1;
26999;202200017649;782 619;B01;1;7;0;2;2;1;1;
27000;202200017650;782 615;A01;2;30;0;0;7;1;1;
27001;202200017651;782 613;A01;1;7;0;2;1;10;1;
27002;202200017651;782 614;B01;2;32;0;2;8;1;1;
27003;202200017652;782 612;A01;2;7;0;1;2;1;3;
27004;202200017653;782 611;Z01;2;7;1;0;7;14;1;
27005;202200017654;782 607;A01;1;7;0;2;1;1;1;
27006;202200017654;782 609;B01;1;7;0;2;4;15;1;
27007;202200017655;782 606;A01;3;7;0;2;2;1;1;
27008;202200017655;782 610;B01;3;30;0;2;3;19;1;
27009;202200017656;782 605;B01;2;7;0;2;4;1;1;
27010;202200017656;782 608;A01;2;7;0;2;1;1;1;
27011;202200017658;782 602;A01;0;7;2;0;1;1;1;
27012;202200017659;782 600;A01;2;10;0;2;6;11;1;
27013;202200017659;782 603;B01;2;33;0;2;2;1;1;
27014;202200017660;782 599;B01;3;1;0;2;1;1;5;
27015;202200017660;782 601;A01;3;30;0;2;1;1;1;
27016;202200017662;782 595;A01;2;1;0;2;1;5;5;
27017;202200017662;782 597;B01;1;7;0;2;1;1;1;
27018;202200017663;782 592;A01;1;7;0;2;1;1;1;
27019;202200017663;782 594;B01;1;7;0;2;4;26;1;
27020;202200017663;782 598;C01;2;7;0;2;2;15;1;
27021;202200017664;782 590;A01;3;7;0;2;2;15;0;
27022;202200017664;782 591;B01;3;33;0;2;1;0;1;
27023;202200017666;782 588;A01;2;34;0;1;1;1;1;
27024;202200017667;782 586;A01;1;33;0;1;4;1;1;
27025;202200017669;782 582;B01;2;33;1;2;1;1;1;
27026;202200017669;782 584;A01;1;7;0;2;0;13;1;
27027;202200017670;782 580;A01;1;50;0;1;1;1;3;
27028;202200017671;782 579;B01;3;7;0;2;1;1;1;
27029;202200017671;782 581;A01;3;7;0;2;3;26;1;
27030;202200017673;782 576;A01;3;10;0;1;4;26;1;
27031;202200017674;782 574;[01;2;7;0;2;1;9;1;
27032;202200017674;782 577;A01;1;7;0;2;7;1;0;
27033;202200017675;782 573;B01;1;7;0;2;3;10;1;
27034;202200017675;782 575;A01;1;32;0;2;1;17;1;
27035;202200017677;782 570;A01;2;7;0;1;1;1;1;
27036;202200017678;782 568;B01;1;33;0;2;1;2;1;
27037;202200017678;782 569;A01;1;7;0;2;5;2;1;
27038;202200017679;782 565;B01;0;7;0;2;1;1;1;
27039;202200017679;782 567;A01;0;7;2;2;7;1;1;
27040;202200017681;782 563;A01;2;10;0;2;2;16;1;
27041;202200017681;782 564;B01;2;1;0;2;3;1;5;
27042;202200017683;782 559;A01;1;7;14;2;1;2;1;
27043;202200017683;782 561;B01;1;7;0;0;4;2;1;
27044;202200017685;782 555;B01;0;50;0;2;1;1;3;
27045;202200017685;782 557;A01;1;7;0;2;8;9;1;
27046;202200017686;782 553;B01;2;7;0;2;4;2;1;
27047;202200017686;782 556;A01;2;7;0;2;1;2;1;
27048;202200017687;782 551;A01;2;7;0;2;2;15;1;
27049;202200017687;782 554;B01;1;7;0;2;3;1;1;
27050;202200017689;782 549;A01;1;7;0;1;1;9;1;
27051;202200017690;782 546;A01;2;7;0;2;3;15;1;
27052;202200017690;782 548;B01;1;33;0;2;1;1;1;
27053;202200017691;782 544;A01;1;7;0;2;5;2;1;
27054;202200017691;782 547;Z01;1;32;0;2;1;2;1;
27055;202200017692;782 543;B01;1;34;0;2;1;2;1;
27056;202200017692;782 545;A01;1;7;0;2;3;2;1;
27057;202200017694;782 540;Z01;1;50;0;1;7;1;3;
27058;202200017695;782 537;B01;1;7;0;2;5;2;1;
27059;202200017695;782 539;A01;1;33;0;2;1;11;1;
27060;202200017696;782 534;B01;1;1;0;2;3;16;5;
27061;202200017696;782 535;A01;1;37;0;2;5;16;1;1.0
27062;202200017697;782 530;A01;2;33;0;2;1;3;1;
27063;202200017697;782 531;B01;2;7;0;2;6;12;1;
27064;202200017697;782 532;C01;2;10;0;2;5;23;1;
27065;202200017698;782 528;B01;2;7;0;2;4;2;1;
27066;202200017698;782 533;A01;2;7;0;2;1;2;2;
27067;202200017699;782 527;B01;2;34;1;2;0;17;1;
27068;202200017699;782 529;A01;2;7;0;2;3;13;1;
27069;202200017700;782 525;A01;2;30;0;2;7;17;1;
27070;202200017700;782 526;Z01;2;7;0;2;3;15;0;
27071;202200017701;782 523;A01;2;7;0;2;3;2;2;
27072;202200017701;782 524;B01;2;33;0;2;5;23;1;
27073;202200017702;782 521;A01;1;7;0;2;1;16;2;
27074;202200017702;782 522;B01;1;1;0;2;8;1;5;
27075;202200017703;782 520;A01;2;1;0;1;1;1;5;
27076;202200017704;782 518;A01;1;7;0;2;5;12;1;
27077;202200017704;782 519;B01;1;1;0;2;1;7;5;
27078;202200017705;782 517;A01;2;1;0;0;0;21;5;
27079;202200017706;782 515;B01;2;80;0;2;1;1;3;
27080;202200017706;782 516;A01;1;7;0;2;3;15;2;
27081;202200017707;782 512;A01;3;7;0;2;2;10;1;
27082;202200017707;782 513;B01;3;43;0;2;1;1;1;
27083;202200017708;782 511;Z01;3;7;0;2;0;1;0;
27084;202200017708;782 514;A01;3;33;0;2;3;9;1;
27085;202200017709;782 508;B01;2;50;0;2;4;1;3;
27086;202200017709;782 510;A01;1;10;0;2;1;1;1;
27087;202200017710;782 507;B01;1;1;0;2;0;1;5;
27088;202200017710;782 509;A01;3;7;0;2;7;16;1;
27089;202200017711;782 506;A01;3;7;0;1;1;1;1;
27090;202200017712;782 504;B01;2;33;0;2;1;1;1;
27091;202200017712;782 505;A01;2;1;0;2;8;15;5;
27092;202200017714;782 501;C01;2;7;16;0;4;23;1;
27093;202200017714;782 502;B01;2;7;16;0;3;1;3;
27094;202200017714;782 503;A01;2;32;0;2;1;3;1;
27095;202200017715;782 497;B01;2;7;0;2;3;17;1;
27096;202200017715;782 499;A01;1;7;0;2;2;1;1;
27097;202200017716;782 496;B01;2;7;0;2;4;2;1;
27098;202200017716;782 498;A01;2;7;0;2;1;2;1;
27099;202200017717;782 495;A01;1;7;0;1;1;2;1;
27100;202200017719;782 490;A01;1;7;0;2;6;9;1;
27101;202200017719;782 492;B01;2;33;0;2;1;1;1;
27102;202200017720;782 487;A01;1;7;8;0;1;26;1;
27103;202200017721;782 486;B01;2;7;0;2;1;16;1;
27104;202200017721;782 488;A01;2;30;0;2;1;5;1;
27105;202200017722;782 485;A01;3;7;12;0;3;1;1;
27106;202200017723;782 484;A01;1;7;0;1;8;15;1;
27107;202200017724;782 482;B01;3;33;0;2;1;1;1;
27108;202200017724;782 483;A01;1;2;0;0;2;1;1;
27109;202200017725;782 481;A01;-1;7;4;0;1;1;1;
27110;202200017726;782 480;A01;3;32;0;1;1;0;1;
27111;202200017727;782 478;B01;2;31;0;0;3;1;1;
27112;202200017727;782 479;A01;2;7;0;2;2;12;1;
27113;202200017728;782 477;A01;1;32;12;0;3;15;1;
27114;202200017729;782 475;A01;1;7;0;2;5;15;1;
27115;202200017729;782 476;B01;1;32;0;2;1;18;1;
27116;202200017730;782 473;A01;1;7;0;2;3;1;0;
27117;202200017730;782 474;B01;1;60;0;2;2;1;5;
27118;202200017731;782 470;A01;2;7;1;2;1;1;0;
27119;202200017731;782 472;B01;2;50;0;2;8;0;3;
27120;202200017732;782 471;A01;1;7;0;1;1;15;1;
27121;202200017733;782 467;B01;1;33;0;2;7;0;1;
27122;202200017733;782 469;A01;1;7;0;2;3;19;1;
27123;202200017734;782 465;C01;2;7;0;0;4;2;2;
27124;202200017734;782 466;B01;1;10;0;2;0;0;6;
27125;202200017734;782 468;A01;1;10;0;2;4;23;1;
27126;202200017735;782 464;A01;2;7;0;1;1;1;2;
27127;202200017736;782 461;B01;2;7;0;0;5;0;1;
27128;202200017736;782 463;A01;2;30;0;2;5;18;1;
27129;202200017737;782 462;A01;1;7;0;1;1;9;1;
27130;202200017738;782 454;A01;2;7;0;2;3;10;1;
27131;202200017738;782 455;B01;2;7;0;2;2;1;1;
27132;202200017739;782 452;A01;1;7;0;2;3;13;0;
27133;202200017739;782 453;B01;2;7;0;2;6;1;0;
27134;202200017741;782 450;A01;2;34;0;2;1;17;1;
27135;202200017741;782 451;B01;2;7;0;2;3;15;1;
27136;202200017742;782 448;A01;3;7;0;1;2;1;2;
27137;202200017743;782 446;B01;2;7;0;2;1;1;1;
27138;202200017743;782 447;A01;1;7;0;2;1;13;1;
27139;202200017744;782 444;A01;2;10;0;2;3;15;1;
27140;202200017744;782 445;B01;2;33;0;2;3;3;1;
27141;202200017745;782 442;A01;2;7;2;0;9;0;1;
27142;202200017746;782 443;Z01;1;7;0;1;1;1;1;
27143;202200017747;782 440;B01;1;10;0;2;8;13;1;
27144;202200017747;782 441;A01;1;32;0;2;7;17;1;
27145;202200017748;782 439;A01;2;50;0;1;1;25;3;
27146;202200017749;782 437;A01;0;10;0;1;4;4;1;
27147;202200017750;782 436;B01;2;10;0;2;3;1;1;
27148;202200017750;782 438;A01;1;1;0;2;1;13;5;
27149;202200017751;782 434;B01;1;7;0;2;6;1;1;
27150;202200017751;782 435;A01;1;10;0;2;1;15;1;
27151;202200017752;782 433;A01;1;7;2;0;1;13;1;
27152;202200017753;782 432;A01;3;7;9;0;4;26;1;
27153;202200017754;782 428;A01;2;7;0;2;1;9;1;
27154;202200017754;782 431;B01;3;7;0;2;1;1;1;
27155;202200017756;782 425;B01;3;7;0;9;2;1;1;
27156;202200017756;782 427;A01;3;1;0;2;1;0;5;
27157;202200017758;782 422;B01;1;1;0;2;3;2;5;
27158;202200017758;782 423;A01;1;2;0;9;5;2;1;
27159;202200017759;782 421;A01;2;7;4;0;2;14;1;
27160;202200017761;782 418;B01;2;33;8;2;3;21;1;
27161;202200017761;782 420;A01;1;7;0;2;3;13;1;
27162;202200017762;782 417;A01;1;13;13;0;2;1;1;
27163;202200017763;782 413;B01;2;15;0;2;3;1;1;
27164;202200017763;782 415;A01;1;13;0;2;3;13;1;
27165;202200017764;782 412;A01;3;7;1;0;1;1;1;
27166;202200017764;782 414;B01;0;10;0;2;2;24;1;
27167;202200017765;782 411;A01;2;33;0;0;0;2;1;
27168;202200017766;782 409;A01;1;7;0;0;0;1;1;
27169;202200017767;782 406;A01;1;7;0;2;2;13;0;
27170;202200017767;782 407;B01;2;7;0;0;6;1;1;
27171;202200017769;782 404;A01;2;7;13;0;0;0;1;
27172;202200017770;782 401;A01;3;7;0;2;7;2;1;
27173;202200017770;782 402;C01;0;13;0;0;6;2;1;
27174;202200017770;782 403;B01;3;1;0;2;3;2;5;
27175;202200017771;782 393;B01;2;7;14;0;1;1;1;
27176;202200017771;782 395;A01;1;15;0;0;0;1;1;
27177;202200017772;782 392;B01;3;2;0;2;1;1;0;
27178;202200017772;782 394;A01;3;7;0;2;2;15;1;
27179;202200017773;782 391;A01;1;10;2;0;8;13;1;
27180;202200017774;782 390;A01;3;2;7;0;1;1;1;
27181;202200017775;782 388;A01;1;7;2;0;1;1;1;
27182;202200017776;782 387;B01;1;7;0;2;1;1;1;
27183;202200017776;782 389;A01;2;7;5;2;1;13;1;
27184;202200017777;782 386;A01;1;7;8;0;1;0;1;
27185;202200017778;782 384;A01;1;7;0;2;2;1;1;
27186;202200017778;782 385;B01;2;7;0;2;3;1;1;
27187;202200017779;782 382;B01;0;7;0;2;3;14;1;
27188;202200017779;782 383;A01;0;33;0;2;3;13;1;
27189;202200017780;782 381;A01;3;7;0;1;2;1;1;
27190;202200017781;782 380;A01;2;2;9;0;1;1;1;
27191;202200017782;782 376;B01;3;7;0;2;3;0;1;
27192;202200017782;782 377;A01;3;2;0;2;3;13;1;
27193;202200017783;782 373;A01;1;7;0;2;7;17;1;
27194;202200017783;782 375;B01;1;1;0;2;8;2;5;
27195;202200017784;782 372;B01;2;7;0;0;4;2;1;
27196;202200017784;782 374;A01;2;60;0;2;1;2;5;
27197;202200017785;782 371;A01;3;21;13;0;9;1;1;
27198;202200017786;782 370;A01;1;7;13;0;3;13;1;
27199;202200017787;782 369;A01;1;33;12;0;7;1;1;
27200;202200017788;782 367;A01;1;7;0;0;9;1;1;
27201;202200017789;782 366;A01;2;7;0;2;1;19;1;
27202;202200017789;782 368;B01;1;33;0;2;7;1;1;
27203;202200017790;782 364;B01;3;31;0;2;1;1;1;
27204;202200017790;782 365;A01;3;7;0;2;8;16;1;
27205;202200017791;782 362;B01;3;7;0;2;3;15;1;
27206;202200017791;782 363;A01;3;2;0;2;1;1;1;
27207;202200017792;782 360;A01;1;7;0;2;1;13;1;
27208;202200017792;782 361;B01;2;7;0;2;1;1;1;
27209;202200017793;782 357;B01;0;35;0;2;5;1;1;
27210;202200017793;782 359;A01;3;10;0;2;1;9;1;
27211;202200017794;782 356;B01;1;7;0;2;8;1;1;
27212;202200017794;782 358;A01;2;7;0;2;8;1;1;
27213;202200017795;782 354;A01;3;7;0;2;2;19;1;
27214;202200017795;782 355;B01;2;2;0;2;1;1;1;
27215;202200017796;782 350;C01;1;7;0;2;8;1;1;
27216;202200017796;782 351;A01;1;7;0;2;3;17;1;
27217;202200017796;782 352;B01;2;7;0;2;3;1;1;
27218;202200017798;782 346;A01;2;7;13;0;2;14;1;
27219;202200017799;782 343;B01;3;33;2;2;1;17;1;
27220;202200017799;782 345;A01;3;7;0;2;3;15;1;
27221;202200017800;782 342;A01;3;7;0;2;1;13;1;
27222;202200017800;782 344;B01;3;7;0;2;1;1;1;
27223;202200017801;782 340;A01;1;2;0;0;8;15;1;
27224;202200017802;782 339;A01;1;7;3;2;1;17;1;
27225;202200017802;782 341;B01;1;7;3;2;4;17;1;
27226;202200017803;782 335;A01;1;7;0;2;1;13;0;
27227;202200017803;782 336;B01;2;7;0;2;1;1;1;
27228;202200017804;782 334;A01;2;7;6;0;1;13;1;
27229;202200017805;782 333;A01;2;7;13;0;1;1;1;
27230;202200017806;782 332;A01;2;33;13;0;0;0;1;
27231;202200017807;782 331;A01;1;7;2;0;8;1;1;
27232;202200017808;782 329;A01;2;7;13;0;2;1;1;
27233;202200017809;782 328;A01;1;7;0;0;8;13;1;
27234;202200017810;782 324;B01;1;7;7;2;7;1;1;
27235;202200017810;782 327;A01;1;10;0;2;1;1;1;
27236;202200017811;782 325;A01;1;2;0;2;1;1;1;
27237;202200017811;782 326;B01;1;10;0;0;4;1;1;
27238;202200017812;782 320;A01;1;33;0;2;7;17;1;
27239;202200017812;782 322;B01;1;7;0;2;8;1;1;
27240;202200017813;782 319;A01;1;7;0;0;1;1;1;
27241;202200017814;782 318;A01;2;33;0;5;0;1;1;
27242;202200017815;782 314;B01;2;7;16;2;1;1;1;
27243;202200017815;782 316;A01;1;7;0;2;1;5;1;
27244;202200017816;782 313;A01;1;17;0;2;6;13;1;
27245;202200017816;782 315;B01;2;7;0;2;3;1;1;
27246;202200017816;782 317;C01;2;7;3;2;3;1;1;
27247;202200017817;782 312;A01;1;7;2;0;1;17;1;
27248;202200017818;782 311;A01;1;7;0;1;0;26;1;
27249;202200017819;782 308;A01;1;7;0;2;1;2;1;
27250;202200017819;782 309;B01;1;7;0;0;4;2;1;
27251;202200017820;782 307;A01;2;7;3;2;2;17;1;
27252;202200017820;782 310;B01;2;7;0;0;6;1;1;
27253;202200017821;782 305;B01;2;7;0;0;4;2;1;
27254;202200017821;782 306;A01;2;7;0;2;1;2;3;
27255;202200017822;782 304;A01;3;7;0;1;1;1;1;
27256;202200017823;782 303;A01;2;7;3;0;9;1;1;
27257;202200017824;782 299;A01;2;10;0;2;1;2;1;
27258;202200017824;782 301;B01;2;15;0;0;4;1;1;
27259;202200017825;782 298;B01;1;7;0;2;4;1;1;
27260;202200017825;782 300;A01;2;7;0;2;1;2;1;
27261;202200017826;782 297;A01;1;7;8;0;2;1;1;
27262;202200017827;782 295;A01;2;7;0;2;1;2;1;
27263;202200017827;782 296;B01;2;7;0;0;4;2;2;
27264;202200017828;782 292;B01;3;7;0;2;4;24;1;
27265;202200017828;782 294;A01;3;7;1;0;1;1;1;
27266;202200017829;782 290;B01;1;7;0;2;8;1;2;
27267;202200017829;782 291;A01;1;17;0;2;2;12;1;
27268;202200017829;782 293;C01;1;33;0;2;1;1;0;
27269;202200017830;782 288;A01;1;7;3;0;1;1;1;
27270;202200017831;782 287;A01;1;7;0;2;1;15;1;
27271;202200017831;782 289;B01;2;7;0;2;3;1;1;
27272;202200017832;782 284;A01;1;7;15;0;3;1;1;
27273;202200017833;782 283;C01;2;7;0;2;4;2;1;
27274;202200017833;782 285;B01;2;33;0;2;4;2;1;
27275;202200017833;782 286;A01;2;33;0;2;1;2;1;
27276;202200017835;782 280;A01;1;33;0;2;1;1;1;
27277;202200017835;782 282;B01;1;7;0;2;8;19;1;
27278;202200017836;782 278;A01;2;33;0;0;8;26;1;
27279;202200017837;782 277;A01;1;7;0;2;1;26;1;
27280;202200017837;782 279;B01;1;7;0;2;1;0;1;
27281;202200017838;782 275;A01;2;7;2;0;9;1;1;
27282;202200017839;782 274;B01;2;2;0;2;1;1;1;
27283;202200017839;782 276;A01;1;10;0;2;2;15;1;
27284;202200017840;782 271;A01;2;2;0;2;3;1;1;
27285;202200017840;782 273;B01;2;7;0;2;2;9;1;
27286;202200017841;782 270;B01;1;33;1;2;1;17;1;
27287;202200017841;782 272;A01;3;7;1;2;3;19;1;
27288;202200017842;782 267;B01;2;33;0;2;2;17;1;
27289;202200017842;782 269;A01;2;7;0;2;3;15;1;
27290;202200017843;782 266;B01;2;33;0;2;6;1;1;
27291;202200017843;782 268;A01;1;33;0;2;0;13;1;
27292;202200017844;782 264;A01;1;7;0;0;9;17;1;
27293;202200017845;782 263;B01;1;7;0;2;8;10;3;
27294;202200017845;782 265;A01;2;10;0;2;1;1;1;
27295;202200017846;782 262;A01;1;33;0;0;0;19;1;
27296;202200017847;782 260;Z01;2;2;0;0;0;0;0;
27297;202200017847;782 261;A01;1;7;0;2;2;1;1;
27298;202200017848;782 259;A01;3;7;0;0;0;1;1;
27299;202200017849;782 256;A01;1;34;0;9;0;18;1;
27300;202200017849;782 258;B01;1;80;0;2;0;16;3;
27301;202200017850;782 257;A01;1;50;0;2;0;0;3;
27302;202200017851;782 253;A01;1;1;0;1;1;1;5;
27303;202200017852;782 252;A01;0;7;0;2;1;1;1;
27304;202200017852;782 254;B01;0;7;0;2;5;1;1;
27305;202200017854;782 249;A01;2;7;0;1;1;15;1;
27306;202200017855;782 247;A01;2;7;0;9;1;15;1;
27307;202200017855;782 248;B01;1;1;0;2;3;1;5;
27308;202200017856;782 246;A01;1;7;0;1;7;15;1;
27309;202200017857;782 244;B01;1;33;0;2;1;1;1;
27310;202200017857;782 245;A01;2;10;0;2;7;15;1;
27311;202200017858;782 242;B01;1;7;0;2;3;1;1;
27312;202200017858;782 243;A01;1;37;0;2;8;1;0;3.0
27313;202200017859;782 241;A01;0;7;0;0;9;0;1;
27314;202200017860;782 238;A01;1;10;0;2;3;15;1;
27315;202200017860;782 240;B01;3;33;0;2;2;17;1;
27316;202200017861;782 237;A01;2;7;0;2;1;19;1;
27317;202200017861;782 239;B01;2;7;0;0;8;1;1;
27318;202200017862;782 234;B01;2;15;0;2;1;1;1;
27319;202200017862;782 236;A01;1;7;0;2;1;13;1;
27320;202200017863;782 232;C01;2;7;0;2;3;0;1;
27321;202200017863;782 233;B01;2;7;0;2;3;1;1;
27322;202200017863;782 235;A01;2;7;0;2;2;14;1;
27323;202200017864;782 231;A01;1;10;0;1;3;1;1;
27324;202200017865;782 228;A01;1;43;0;0;9;1;1;
27325;202200017866;782 226;C01;3;7;0;2;4;2;1;
27326;202200017866;782 227;D01;3;7;0;2;4;2;1;
27327;202200017866;782 229;B01;3;7;0;2;4;2;2;
27328;202200017866;782 230;A01;3;7;0;2;1;2;1;
27329;202200017867;782 223;A01;1;7;1;0;2;5;1;
27330;202200017868;782 219;A01;3;7;0;2;2;15;1;
27331;202200017868;782 220;B01;3;33;0;2;1;1;1;
27332;202200017869;782 221;A01;1;7;0;2;4;2;1;
27333;202200017869;782 222;B01;1;7;0;0;0;0;0;
27334;202200017869;782 224;C01;1;7;0;0;0;0;0;
27335;202200017869;782 225;D01;1;34;0;0;0;0;0;
27336;202200017870;782 217;A01;1;33;1;2;8;13;1;
27337;202200017870;782 218;B01;2;7;0;2;3;1;1;
27338;202200017871;782 216;A01;1;32;15;0;8;1;1;
27339;202200017872;782 213;A01;2;33;0;2;7;1;1;
27340;202200017872;782 214;B01;2;10;0;2;8;11;1;
27341;202200017873;782 210;A01;1;7;0;2;2;2;1;
27342;202200017873;782 212;B01;1;7;0;2;6;2;1;
27343;202200017874;782 209;A01;2;7;0;2;3;1;1;
27344;202200017874;782 211;B01;2;7;0;2;1;15;1;
27345;202200017875;782 208;A01;2;7;16;0;0;1;1;
27346;202200017876;782 205;B01;2;32;0;2;3;1;1;
27347;202200017876;782 207;A01;2;7;0;2;2;12;1;
27348;202200017877;782 206;A01;2;0;0;2;0;0;0;
27349;202200017878;782 202;B01;1;7;0;2;3;1;1;
27350;202200017878;782 204;A01;1;7;0;2;2;12;1;
27351;202200017879;782 201;A01;3;7;0;2;7;15;1;
27352;202200017879;782 203;B01;1;32;0;2;1;1;1;
27353;202200017880;782 198;B01;2;7;0;2;4;2;1;
27354;202200017880;782 200;A01;2;7;0;2;1;2;1;
27355;202200017881;782 197;A01;2;7;4;0;1;1;1;
27356;202200017882;782 196;A01;2;7;0;2;2;15;1;
27357;202200017882;782 199;B01;0;33;0;2;1;1;1;
27358;202200017883;782 193;B01;2;7;0;2;3;15;1;
27359;202200017883;782 195;A01;2;7;0;2;1;17;1;
27360;202200017884;782 192;B01;3;2;0;2;2;1;1;
27361;202200017884;782 194;A01;3;7;0;2;1;1;1;
27362;202200017885;782 190;B01;2;7;0;2;6;24;1;
27363;202200017885;782 191;A01;2;7;1;0;1;9;1;
27364;202200017886;782 188;B01;2;31;0;2;1;1;1;
27365;202200017886;782 189;A01;2;7;0;2;8;10;1;
27366;202200017887;782 186;B01;0;1;0;2;7;1;5;
27367;202200017887;782 187;A01;3;7;0;2;8;5;0;
27368;202200017888;782 184;B01;1;7;0;2;7;16;1;
27369;202200017888;782 185;A01;1;50;0;2;7;1;3;
27370;202200017889;782 183;A01;1;10;0;1;1;9;1;
27371;202200017890;782 179;B01;1;31;0;2;7;1;1;
27372;202200017890;782 182;A01;1;10;0;2;1;15;1;
27373;202200017891;782 178;B01;2;1;0;2;1;1;5;
27374;202200017891;782 180;A01;1;7;0;9;2;16;1;
27375;202200017891;782 181;C01;2;1;0;2;1;1;5;
27376;202200017892;782 176;A01;1;7;0;2;2;2;1;
27377;202200017892;782 177;B01;1;2;0;2;6;2;1;
27378;202200017893;782 175;A01;2;7;0;1;1;15;1;
27379;202200017894;782 173;B01;2;7;0;2;3;0;1;
27380;202200017894;782 174;A01;2;50;0;2;3;5;3;
27381;202200017896;782 171;A01;2;7;10;0;1;15;1;
27382;202200017898;782 166;A01;3;3;0;2;8;15;1;
27383;202200017898;782 168;B01;1;7;0;2;1;1;1;
27384;202200017899;782 165;B01;2;2;13;0;9;1;1;
27385;202200017899;782 167;A01;2;7;0;2;2;0;1;
27386;202200017900;782 164;A01;3;7;0;1;1;16;1;
27387;202200017901;782 162;A01;1;7;0;2;2;1;1;
27388;202200017901;782 163;B01;1;2;0;2;8;1;1;
27389;202200017902;782 159;A01;2;7;0;2;1;9;1;
27390;202200017902;782 161;B01;3;1;0;2;5;1;5;
27391;202200017903;782 158;A01;1;7;0;2;8;15;2;
27392;202200017903;782 160;B01;1;32;0;2;7;1;1;
27393;202200017904;782 155;B01;3;50;0;2;7;26;3;
27394;202200017904;782 156;A01;3;7;0;2;1;1;1;
27395;202200017905;782 154;B01;3;7;0;2;3;1;1;
27396;202200017905;782 157;A01;3;50;0;2;1;26;3;
27397;202200017906;782 152;A01;1;37;0;2;1;19;2;1.0
27398;202200017906;782 153;B01;2;7;0;2;8;8;1;
27399;202200017907;782 151;A01;1;7;16;0;4;26;1;
27400;202200017908;782 147;A01;1;31;0;2;1;2;1;
27401;202200017908;782 149;B01;1;10;0;2;5;1;1;
27402;202200017909;782 146;B01;1;33;0;2;9;18;1;
27403;202200017909;782 148;A01;1;7;0;2;2;12;1;
27404;202200017909;782 150;C01;1;7;0;2;5;2;1;
27405;202200017910;782 143;A01;2;33;0;2;8;1;1;
27406;202200017910;782 145;B01;1;50;0;0;1;15;3;
27407;202200017911;782 142;B01;0;10;1;2;3;15;1;
27408;202200017911;782 144;A01;0;7;1;2;2;1;1;
27409;202200017912;782 140;A01;1;10;0;2;1;13;1;
27410;202200017912;782 141;B01;2;7;0;2;2;0;1;
27411;202200017913;782 139;A01;2;7;2;0;1;1;1;
27412;202200017914;782 135;B01;3;1;0;2;7;0;5;
27413;202200017914;782 138;A01;3;7;0;2;0;1;1;
27414;202200017915;782 136;B01;1;7;0;2;4;23;1;
27415;202200017915;782 137;A01;1;7;0;2;1;2;1;
27416;202200017916;782 134;A01;3;7;0;1;3;20;1;
27417;202200017917;782 133;A01;0;10;0;1;0;26;1;
27418;202200017919;782 131;A01;1;7;1;0;4;20;2;
27419;202200017920;782 130;A01;2;7;13;0;1;13;1;
27420;202200017921;782 129;A01;1;7;0;1;2;1;1;
27421;202200017922;782 127;A01;1;7;0;2;1;1;1;
27422;202200017922;782 128;B01;1;7;0;2;4;1;1;
27423;202200017924;782 124;B01;1;13;0;2;5;1;1;
27424;202200017924;782 125;A01;1;7;0;2;3;13;5;
27425;202200017925;782 119;B01;3;7;0;2;3;1;1;
27426;202200017925;782 121;A01;3;31;0;2;1;13;1;
27427;202200017926;782 118;A01;1;7;0;2;1;1;1;
27428;202200017926;782 120;B01;1;7;0;2;4;23;1;