;Num_Acc;id_vehicule;num_veh;senc;catv;obs;obsm;choc;manv;motor;occutc
27429;202200017926;782 122;C01;1;7;0;2;4;23;1;
27430;202200017926;782 123;D01;1;7;0;2;4;23;3;
27431;202200017927;782 115;B01;3;37;0;2;0;0;1;1.0
27432;202200017927;782 116;A01;3;2;0;0;0;0;1;
27433;202200017929;782 108;B01;2;7;0;2;6;23;1;
27434;202200017929;782 109;A01;2;14;0;2;2;1;1;
27435;202200017930;782 106;B01;2;7;0;2;3;26;0;
27436;202200017930;782 107;A01;1;7;0;2;3;26;0;
27437;202200017931;782 103;C01;2;7;0;2;3;1;1;
27438;202200017931;782 104;B01;1;7;0;2;3;15;1;
27439;202200017931;782 105;A01;1;7;0;2;1;17;1;
27440;202200017932;782 102;A01;2;7;13;0;1;1;1;
27441;202200017933;782 100;A01;3;30;4;0;1;2;1;
27442;202200017934;782 099;A01;1;7;0;2;2;15;1;
27443;202200017934;782 101;B01;2;33;0;2;1;1;1;
27444;202200017935;782 096;B01;0;10;0;2;7;1;1;
27445;202200017935;782 098;A01;3;50;0;2;1;9;3;
27446;202200017936;782 093;A01;1;10;0;2;1;1;1;
27447;202200017936;782 094;B01;1;7;0;2;1;1;1;
27448;202200017936;782 095;C01;1;7;0;2;4;1;1;
27449;202200017936;782 097;D01;1;7;0;2;4;23;1;
27450;202200017937;782 092;A01;0;7;2;0;1;9;1;
27451;202200017938;782 089;B01;3;2;0;2;3;2;1;
27452;202200017938;782 091;A01;3;7;0;2;1;15;1;
27453;202200017939;782 088;B01;0;7;0;2;3;1;1;
27454;202200017939;782 090;A01;0;7;0;2;2;14;1;
27455;202200017940;782 086;Z01;0;7;0;2;1;1;1;
27456;202200017940;782 087;A01;1;7;0;2;4;1;1;
27457;202200017941;782 082;A01;1;32;0;1;1;19;1;
27458;202200017942;782 081;A01;1;7;2;0;0;1;1;
27459;202200017943;782 080;A01;1;3;0;1;0;26;1;
27460;202200017944;782 077;A01;1;7;0;2;8;1;1;
27461;202200017944;782 079;B01;2;7;0;2;1;1;1;
27462;202200017946;782 074;A01;1;7;6;0;8;0;1;
27463;202200017947;782 072;B01;3;7;14;0;2;18;1;
27464;202200017947;782 073;A01;3;7;14;0;2;16;1;
27465;202200017948;782 071;A01;1;2;0;0;0;0;1;
27466;202200017949;782 070;A01;1;30;16;0;0;1;1;
27467;202200017950;782 068;A01;3;7;0;2;2;16;1;
27468;202200017950;782 069;B01;3;2;0;2;1;12;2;
27469;202200017951;782 067;A01;3;2;0;0;9;1;1;
27470;202200017952;782 062;C01;2;7;0;2;1;1;1;
27471;202200017952;782 064;B01;2;7;0;2;1;9;1;
27472;202200017952;782 066;A01;1;31;9;2;0;9;1;
27473;202200017953;782 063;A01;3;7;2;2;1;13;1;
27474;202200017953;782 065;B01;3;7;0;2;1;1;3;
27475;202200017954;782 059;A01;2;10;0;2;1;2;1;
27476;202200017954;782 060;B01;2;7;0;2;4;2;1;
27477;202200017954;782 061;C01;2;33;0;2;8;3;1;
27478;202200017955;782 056;A01;1;10;0;2;6;11;1;
27479;202200017955;782 058;B01;1;33;0;2;2;3;1;
27480;202200017956;782 055;B01;1;7;0;2;2;1;1;
27481;202200017956;782 057;A01;0;7;0;2;3;16;2;
27482;202200017958;782 052;B01;1;7;0;2;1;1;1;
27483;202200017958;782 053;A01;1;7;0;2;6;26;1;
27484;202200017959;782 049;C01;2;7;0;2;7;1;1;
27485;202200017959;782 050;B01;2;7;0;2;2;1;1;
27486;202200017959;782 051;A01;2;7;0;2;3;13;1;
27487;202200017960;782 048;A01;1;7;3;0;1;1;1;
27488;202200017961;782 044;B01;0;7;0;2;8;15;1;
27489;202200017961;782 047;A01;0;7;0;2;1;1;1;
27490;202200017962;782 043;C01;2;7;0;2;1;1;1;
27491;202200017962;782 045;B01;2;33;0;2;8;1;1;
27492;202200017962;782 046;A01;2;7;0;2;2;14;1;
27493;202200017963;782 042;Y01;1;35;0;1;0;0;-1;
27494;202200017964;782 040;B01;1;7;0;2;1;9;2;
27495;202200017964;782 041;A01;2;31;0;2;7;1;1;
27496;202200017965;782 038;B01;1;7;0;2;4;0;1;
27497;202200017965;782 039;A01;1;33;0;2;7;1;1;
27498;202200017966;782 037;A01;1;7;0;1;3;1;1;
27499;202200017967;782 034;A01;1;7;0;2;8;9;1;
27500;202200017967;782 036;B01;1;7;0;2;1;1;1;
27501;202200017968;782 033;A01;2;32;0;2;1;2;1;
27502;202200017968;782 035;B01;2;10;0;2;4;4;1;
27503;202200017969;782 030;A01;2;33;0;2;1;17;1;
27504;202200017969;782 031;B01;2;7;0;2;6;15;1;
27505;202200017970;782 029;A01;3;7;0;2;1;9;1;
27506;202200017970;782 032;B01;3;30;0;2;7;1;1;
27507;202200017971;782 026;B01;2;32;0;2;4;23;1;
27508;202200017971;782 028;A01;2;7;0;2;1;2;2;
27509;202200017972;782 025;Z01;0;7;0;2;2;19;0;
27510;202200017972;782 027;A01;0;30;0;2;3;1;1;
27511;202200017973;782 022;B01;1;33;0;2;1;1;1;
27512;202200017973;782 024;A01;2;7;0;2;2;15;1;
27513;202200017974;782 021;B01;1;50;0;2;0;0;3;
27514;202200017974;782 023;A01;1;7;0;2;1;0;1;
27515;202200017975;782 019;A01;1;10;0;2;6;10;3;
27516;202200017975;782 020;B01;1;30;0;2;3;1;1;
27517;202200017976;782 015;A01;3;7;0;2;1;1;1;
27518;202200017976;782 017;B01;3;30;0;2;3;1;1;
27519;202200017977;782 016;B01;3;7;0;2;2;15;0;
27520;202200017977;782 018;A01;3;7;0;2;1;1;1;
27521;202200017978;782 013;A01;2;33;11;0;1;2;1;
27522;202200017980;782 012;A01;1;7;2;0;1;2;1;
27523;202200017981;782 011;A01;1;7;0;1;1;1;2;
27524;202200017982;782 010;A01;2;32;14;0;1;13;1;
27525;202200017983;782 008;B01;2;50;0;2;1;1;3;
27526;202200017983;782 009;A01;2;10;0;2;2;16;1;
27527;202200017984;782 004;A01;2;7;0;2;3;2;1;
27528;202200017984;782 006;B01;2;30;0;2;4;23;3;
27529;202200017985;782 003;C01;1;3;4;0;0;0;1;
27530;202200017985;782 005;B01;1;3;4;0;4;0;1;
27531;202200017985;782 007;A01;1;7;4;2;1;9;1;
27532;202200017986;782 001;A01;2;1;0;2;3;13;5;
27533;202200017986;782 002;B01;2;43;0;2;1;1;1;
27534;202200017987;782 000;A01;2;7;0;1;1;1;1;
27535;202200017988;781 998;A01;2;1;0;2;1;15;5;
27536;202200017988;781 999;B01;1;30;0;2;8;1;3;
27537;202200017989;781 997;A01;2;7;0;1;1;1;1;
27538;202200017990;781 995;B01;2;10;0;2;1;1;3;
27539;202200017990;781 996;A01;2;10;8;2;2;1;1;
27540;202200017991;781 993;B01;2;10;0;2;3;1;1;
27541;202200017991;781 994;A01;1;7;0;2;2;1;1;
27542;202200017993;781 988;A01;2;33;0;2;1;17;1;
27543;202200017993;781 990;B01;2;7;0;2;8;15;1;
27544;202200017994;781 984;A01;1;7;0;2;5;4;1;
27545;202200017994;781 985;B01;1;7;0;2;2;1;1;
27546;202200017995;781 986;C01;2;7;0;2;5;14;1;
27547;202200017995;781 987;A01;2;33;0;2;8;3;1;
27548;202200017995;781 989;B01;2;7;0;2;3;1;1;
27549;202200017996;781 982;A01;1;7;0;2;2;12;1;
27550;202200017996;781 983;B01;1;32;0;2;0;2;1;
27551;202200017997;781 981;A01;2;1;0;1;1;7;5;
27552;202200017998;781 979;A01;1;1;0;2;5;15;5;
27553;202200017998;781 980;B01;1;99;0;2;5;2;0;
27554;202200017999;781 977;A01;1;7;0;2;3;10;1;
27555;202200017999;781 978;B01;1;31;0;2;1;1;3;
27556;202200018000;781 976;A01;2;7;0;1;1;1;1;
27557;202200018002;781 973;A01;2;10;0;9;2;16;1;
27558;202200018002;781 974;B01;3;1;0;2;6;1;5;
27559;202200018003;781 972;A01;2;37;12;0;2;20;1;2.0
27560;202200018004;781 969;A01;2;7;0;2;2;15;1;
27561;202200018004;781 970;C01;1;30;0;2;8;24;1;
27562;202200018004;781 971;B01;1;7;1;0;8;1;1;
27563;202200018005;781 968;A01;1;7;9;0;1;1;1;
27564;202200018007;781 964;A01;2;30;0;2;1;17;1;
27565;202200018007;781 965;B01;2;7;0;2;3;9;1;
27566;202200018008;781 963;A01;1;7;0;1;4;14;2;
27567;202200018009;781 962;A01;1;2;0;0;7;1;3;
27568;202200018012;781 956;B01;1;10;14;2;1;26;1;
27569;202200018012;781 958;A01;1;7;0;9;4;26;0;
27570;202200018013;781 955;A01;1;33;0;2;7;1;1;
27571;202200018013;781 957;Z01;1;7;0;2;0;18;0;
27572;202200018014;781 952;B01;1;32;0;2;1;1;1;
27573;202200018014;781 954;A01;1;7;0;2;2;15;2;
27574;202200018015;781 951;A01;2;7;0;2;3;1;2;
27575;202200018015;781 953;B01;2;1;0;2;1;7;5;
27576;202200018016;781 950;A01;1;7;0;1;2;1;1;
27577;202200018017;781 948;A01;1;30;0;2;0;13;3;
27578;202200018017;781 949;Z01;1;7;0;2;2;17;0;
27579;202200018018;781 947;A01;2;7;0;1;2;15;0;
27580;202200018020;781 944;B01;1;2;0;2;8;2;1;
27581;202200018020;781 945;A01;1;7;0;2;7;12;1;
27582;202200018021;781 942;A01;2;34;0;1;1;1;1;
27583;202200018022;781 943;A01;3;33;0;1;1;17;1;
27584;202200018023;781 939;B01;1;7;0;2;0;2;1;
27585;202200018023;781 941;A01;1;7;0;2;0;1;1;
27586;202200018024;781 938;B01;2;7;0;2;1;1;1;
27587;202200018024;781 940;A01;2;7;0;2;1;1;1;
27588;202200018025;781 936;B01;1;7;0;2;1;1;1;
27589;202200018025;781 937;A01;2;7;0;2;1;1;1;
27590;202200018026;781 933;A01;1;10;0;2;7;1;1;
27591;202200018026;781 935;B01;2;7;0;2;1;0;1;
27592;202200018027;781 932;B01;2;7;0;2;1;1;1;
27593;202200018027;781 934;A01;1;7;0;2;1;13;1;
27594;202200018028;781 928;B01;2;7;0;2;1;1;1;
27595;202200018028;781 930;A01;1;7;0;2;1;13;1;
27596;202200018029;781 929;B01;2;7;0;0;2;2;1;
27597;202200018029;781 931;A01;2;99;0;2;1;15;0;
27598;202200018030;781 925;B01;1;21;0;0;6;2;1;
27599;202200018030;781 927;A01;1;31;0;2;2;2;0;
27600;202200018031;781 923;A01;1;7;13;0;7;1;1;
27601;202200018032;781 924;B01;1;7;0;2;4;2;1;
27602;202200018032;781 926;A01;1;7;0;2;1;2;1;
27603;202200018033;781 922;A01;2;7;2;9;1;1;1;
27604;202200018034;781 920;B01;1;7;0;2;3;1;1;
27605;202200018034;781 921;A01;2;33;0;2;1;13;1;
27606;202200018035;781 918;B01;2;30;0;2;1;17;1;
27607;202200018035;781 919;A01;1;30;0;2;1;17;0;
27608;202200018036;781 916;A01;3;2;0;2;0;0;1;
27609;202200018036;781 917;B01;3;7;0;2;3;1;1;
27610;202200018038;781 913;A01;1;30;0;2;1;2;1;
27611;202200018038;781 914;B01;1;7;0;2;8;15;2;
27612;202200018039;781 912;A01;1;10;0;0;9;1;1;
27613;202200018040;781 910;B01;2;7;0;2;1;1;1;
27614;202200018040;781 911;A01;1;7;0;2;1;13;1;
27615;202200018041;781 908;B01;2;32;0;2;1;17;1;
27616;202200018041;781 909;A01;1;7;0;2;1;15;1;
27617;202200018042;781 906;B01;2;33;0;2;1;1;1;
27618;202200018042;781 907;A01;2;7;0;2;2;10;1;
27619;202200018043;781 904;B01;3;30;0;2;1;1;1;
27620;202200018043;781 905;A01;3;10;0;2;3;1;1;
27621;202200018044;781 902;B01;1;7;0;2;6;23;1;
27622;202200018044;781 903;A01;1;7;0;2;2;23;1;
27623;202200018045;781 900;B01;3;7;0;2;8;23;1;
27624;202200018045;781 901;A01;2;7;0;2;1;16;1;
27625;202200018046;781 899;Z01;3;7;0;1;8;4;0;
27626;202200018047;781 896;C01;1;7;0;2;4;23;1;
27627;202200018047;781 897;B01;1;7;0;2;4;23;1;
27628;202200018047;781 898;A01;1;7;0;2;1;2;1;
27629;202200018048;781 894;A01;3;7;0;2;3;15;1;
27630;202200018048;781 895;B01;3;2;0;2;1;1;1;
27631;202200018049;781 887;C01;3;7;0;2;6;23;1;
27632;202200018049;781 888;B01;3;7;0;2;3;1;1;
27633;202200018049;781 889;A01;3;7;0;2;3;2;1;
27634;202200018051;781 884;A01;1;7;0;2;1;17;1;
27635;202200018051;781 885;B01;1;7;0;2;6;15;1;
27636;202200018052;781 882;B01;1;30;0;2;1;1;1;
27637;202200018052;781 883;A01;2;7;0;2;8;15;1;
27638;202200018053;781 881;A01;1;7;0;1;7;1;1;
27639;202200018054;781 879;B01;2;2;0;2;8;2;1;
27640;202200018054;781 880;A01;2;30;0;2;7;2;1;
27641;202200018055;781 877;B01;1;7;0;2;8;1;1;
27642;202200018055;781 878;A01;3;7;0;2;1;1;1;
27643;202200018057;781 875;A01;2;7;0;1;2;1;1;
27644;202200018058;781 873;B01;3;7;0;2;3;15;1;
27645;202200018058;781 874;A01;3;43;0;2;3;17;1;
27646;202200018059;781 869;A01;1;7;1;0;1;9;1;
27647;202200018060;781 867;A01;1;7;0;2;5;16;1;
27648;202200018060;781 868;B01;1;80;0;2;1;26;3;
27649;202200018062;781 864;A01;3;7;0;1;1;9;1;
27650;202200018063;781 862;B01;3;2;0;2;8;1;1;
27651;202200018063;781 863;A01;3;7;0;2;1;15;1;
27652;202200018064;781 861;A01;1;30;8;0;1;14;1;
27653;202200018065;781 860;A01;3;10;0;1;4;4;1;
27654;202200018066;781 858;A01;1;7;0;2;2;1;1;
27655;202200018066;781 859;B01;2;7;0;2;3;1;1;
27656;202200018067;781 856;B01;1;3;1;0;0;2;1;
27657;202200018067;781 857;A01;1;3;0;2;3;20;1;
27658;202200018068;781 854;A01;1;7;1;0;3;1;0;
27659;202200018070;781 851;A01;2;7;1;0;3;1;1;
27660;202200018071;781 850;A01;3;7;0;1;3;1;1;
27661;202200018072;781 848;A01;2;33;0;2;3;2;1;
27662;202200018072;781 849;B01;2;7;0;2;3;15;1;
27663;202200018073;781 844;C01;2;7;0;9;0;2;1;
27664;202200018073;781 845;D01;2;2;0;0;0;0;1;
27665;202200018073;781 846;A01;2;7;0;2;1;2;6;
27666;202200018073;781 847;B01;2;10;0;2;1;2;6;
27667;202200018074;781 842;B01;1;7;0;2;5;2;2;
27668;202200018074;781 843;A01;1;34;0;2;1;2;1;
27669;202200018075;781 840;B01;2;7;0;2;4;2;1;
27670;202200018075;781 841;A01;2;7;0;2;1;2;1;
27671;202200018076;781 838;B01;2;7;0;2;4;2;1;
27672;202200018076;781 839;A01;2;31;0;2;1;2;1;
27673;202200018077;781 837;A01;3;14;0;1;6;20;1;
27674;202200018078;781 835;B01;2;7;0;2;0;2;2;
27675;202200018078;781 836;A01;2;30;0;2;4;2;3;
27676;202200018079;781 834;A01;1;7;0;1;4;4;1;
27677;202200018080;781 832;B01;3;1;0;2;2;1;5;
27678;202200018080;781 833;A01;3;7;0;2;3;1;1;
27679;202200018081;781 830;Z01;1;7;0;2;8;22;0;
27680;202200018081;781 831;B01;1;2;0;2;1;1;1;
27681;202200018082;781 828;B01;3;7;0;0;0;2;1;
27682;202200018082;781 829;A01;3;33;0;0;0;2;1;
27683;202200018083;781 827;A01;1;7;0;1;1;5;1;
27684;202200018084;781 825;A01;2;1;0;2;1;1;5;
27685;202200018084;781 826;Z01;1;7;0;2;7;15;0;
27686;202200018085;781 823;B01;1;7;0;2;4;1;2;
27687;202200018085;781 824;A01;1;33;0;2;1;11;1;
27688;202200018086;781 821;A01;2;1;0;2;3;21;5;
27689;202200018086;781 822;B01;2;80;0;2;1;1;3;
27690;202200018087;781 817;B01;2;7;0;2;1;1;1;
27691;202200018087;781 818;A01;1;1;0;2;7;1;5;
27692;202200018088;781 816;A01;2;33;0;1;1;17;1;
27693;202200018090;781 813;B01;2;7;0;2;4;2;1;
27694;202200018090;781 814;A01;2;1;0;2;1;2;5;
27695;202200018091;781 811;A01;1;7;0;2;3;0;1;
27696;202200018091;781 812;B01;1;34;0;2;6;0;1;
27697;202200018092;781 809;A01;1;1;0;2;8;1;5;
27698;202200018092;781 810;B01;3;7;0;2;1;26;0;
27699;202200018093;781 807;A01;0;7;0;2;2;15;1;
27700;202200018093;781 808;B01;3;7;0;2;3;1;1;
27701;202200018094;781 805;B01;1;7;0;2;1;16;0;
27702;202200018094;781 806;A01;1;33;0;2;1;1;0;
27703;202200018095;781 803;A01;3;7;0;2;3;24;1;
27704;202200018095;781 804;B01;0;1;1;0;1;1;5;
27705;202200018096;781 801;A01;0;7;0;2;2;15;1;
27706;202200018096;781 802;B01;0;30;0;2;8;26;1;
27707;202200018097;781 799;B01;3;1;0;2;0;0;5;
27708;202200018097;781 800;A01;3;7;0;2;1;0;0;
27709;202200018098;781 797;A01;1;7;0;2;1;17;1;
27710;202200018098;781 798;B01;1;1;0;2;8;15;5;
27711;202200018099;781 796;A01;2;33;13;0;1;1;1;
27712;202200018101;781 794;A01;1;10;8;0;2;1;1;
27713;202200018102;781 792;A01;2;7;0;2;3;1;1;
27714;202200018102;781 793;B01;1;7;0;2;3;1;1;
27715;202200018103;781 791;A01;2;10;4;0;0;17;1;
27716;202200018104;781 788;C01;1;7;0;2;1;1;1;
27717;202200018104;781 789;A01;2;7;0;2;6;0;0;
27718;202200018104;781 790;B01;2;7;0;2;1;13;1;
27719;202200018105;781 787;A01;2;33;0;6;1;21;1;
27720;202200018106;781 786;A01;2;15;3;0;7;1;1;
27721;202200018107;781 784;A01;2;7;0;2;3;0;1;
27722;202200018107;781 785;B01;2;80;0;2;4;0;3;
27723;202200018108;781 782;A01;1;7;0;2;1;1;1;
27724;202200018108;781 783;B01;2;7;0;2;3;9;1;
27725;202200018109;781 780;A01;1;43;0;2;1;17;1;
27726;202200018109;781 781;B01;2;7;0;9;1;2;1;
27727;202200018110;781 779;A01;3;2;0;0;0;1;0;
27728;202200018111;781 778;A01;1;2;12;0;0;1;1;
27729;202200018112;781 776;B01;1;7;0;2;1;1;1;
27730;202200018112;781 777;A01;2;7;0;2;6;1;1;
27731;202200018113;781 774;A01;3;33;12;9;3;6;1;
27732;202200018113;781 775;B01;3;7;0;9;3;26;1;
27733;202200018114;781 773;A01;1;7;0;1;0;1;1;
27734;202200018115;781 771;A01;1;7;0;2;3;1;1;
27735;202200018115;781 772;B01;1;33;0;2;2;1;1;
27736;202200018116;781 769;B01;1;7;0;2;1;1;1;
27737;202200018116;781 770;A01;2;7;3;2;1;1;1;
27738;202200018118;781 764;B01;1;13;0;2;1;1;1;
27739;202200018118;781 765;A01;1;7;0;2;8;9;1;
27740;202200018119;781 761;B01;2;2;0;2;1;1;1;
27741;202200018119;781 762;A01;1;7;0;2;3;19;1;
27742;202200018120;781 760;A01;2;7;15;0;2;1;1;
27743;202200018121;781 758;A01;2;7;0;2;3;1;1;
27744;202200018121;781 759;B01;1;30;0;2;1;1;1;
27745;202200018122;781 757;A01;1;7;0;1;1;1;1;
27746;202200018123;781 755;B01;1;7;0;2;1;1;1;
27747;202200018123;781 756;A01;3;7;0;2;1;13;1;
27748;202200018125;781 753;A01;2;7;0;1;1;1;1;
27749;202200018126;781 751;B01;2;7;0;2;1;1;1;
27750;202200018126;781 752;A01;1;7;0;2;2;15;1;
27751;202200018127;781 750;A01;1;7;15;0;1;13;1;
27752;202200018128;781 748;B01;2;34;0;2;1;1;1;
27753;202200018128;781 749;A01;1;7;0;2;1;15;1;
27754;202200018130;781 745;A01;1;2;0;0;0;26;1;
27755;202200018131;781 744;A01;1;7;0;1;2;1;1;
27756;202200018132;781 740;B01;1;10;0;2;5;26;1;
27757;202200018132;781 741;A01;1;43;16;2;1;1;1;
27758;202200018133;781 739;A01;2;7;0;0;7;0;0;
27759;202200018134;781 738;A01;2;7;8;0;1;1;1;
27760;202200018135;781 736;A01;1;7;0;2;1;13;1;
27761;202200018135;781 737;B01;2;7;0;2;1;1;1;
27762;202200018136;781 734;A01;1;7;0;0;3;9;1;
27763;202200018136;781 735;B01;1;33;0;0;1;1;1;
27764;202200018137;781 732;A01;2;15;0;2;3;1;1;
27765;202200018137;781 733;B01;1;7;0;2;3;13;1;
27766;202200018138;781 731;A01;3;2;0;0;0;1;1;
27767;202200018139;781 729;A01;2;7;0;2;6;1;1;
27768;202200018139;781 730;B01;2;7;0;2;2;14;1;
27769;202200018140;781 721;A01;1;7;0;2;1;1;2;
27770;202200018140;781 722;B01;1;7;0;2;4;1;1;
27771;202200018140;781 723;C01;1;7;0;2;4;1;1;
27772;202200018140;781 724;Z01;1;7;0;0;0;1;1;
27773;202200018140;781 725;E01;1;7;0;2;4;1;1;
27774;202200018140;781 726;F01;1;7;0;2;4;1;1;
27775;202200018140;781 727;G01;1;7;0;2;3;21;1;
27776;202200018141;781 719;B01;2;7;0;2;6;1;1;
27777;202200018141;781 720;A01;2;10;0;2;2;14;1;
27778;202200018142;781 716;A01;1;7;4;2;2;2;1;
27779;202200018142;781 717;B01;1;7;4;2;2;2;1;
27780;202200018142;781 718;C01;1;7;4;2;6;2;1;
27781;202200018143;781 715;A01;1;7;4;0;2;1;1;
27782;202200018144;781 713;A01;1;7;0;2;1;11;1;
27783;202200018144;781 714;B01;1;7;0;2;4;2;1;
27784;202200018145;781 711;A01;1;7;0;2;2;1;1;
27785;202200018145;781 712;B01;1;7;0;2;6;11;1;
27786;202200018147;781 707;A01;2;7;0;2;1;1;1;
27787;202200018147;781 708;B01;2;7;0;2;4;2;1;
27788;202200018148;781 706;A01;2;3;4;0;1;13;1;
27789;202200018149;781 703;A01;2;7;0;2;5;2;1;
27790;202200018149;781 704;B01;2;7;0;2;8;2;1;
27791;202200018149;781 705;Z01;2;7;0;2;0;0;0;
27792;202200018150;781 700;A01;1;10;0;2;4;2;1;
27793;202200018150;781 701;B01;1;7;0;2;4;2;1;
27794;202200018150;781 702;C01;1;7;0;2;1;0;1;
27795;202200018151;781 699;A01;1;10;6;0;3;13;1;
27796;202200018152;781 697;A01;1;33;0;2;6;17;1;
27797;202200018152;781 698;B01;2;7;0;2;8;15;1;
27798;202200018153;781 696;A01;1;7;0;1;3;16;1;
27799;202200018154;781 695;A01;1;33;0;2;7;21;1;
27800;202200018155;781 694;A01;1;7;0;1;8;15;1;
27801;202200018156;781 692;A01;3;2;0;2;1;1;3;
27802;202200018156;781 693;B01;3;7;0;2;3;1;1;
27803;202200018157;781 691;A01;2;2;0;1;1;1;1;
27804;202200018158;781 689;A01;1;7;0;2;5;14;1;
27805;202200018158;781 690;B01;1;2;0;2;1;1;1;
27806;202200018159;781 688;A01;1;30;0;0;0;1;0;
27807;202200018160;781 686;B01;2;7;0;2;4;9;1;
27808;202200018160;781 687;A01;2;7;0;2;1;11;1;
27809;202200018161;781 684;B01;1;33;0;2;0;0;1;
27810;202200018161;781 685;A01;1;7;0;2;1;5;1;
27811;202200018162;781 683;A01;2;7;0;1;1;17;2;
27812;202200018163;781 681;A01;1;7;0;2;1;2;1;
27813;202200018163;781 682;B01;1;7;0;2;4;2;3;
27814;202200018164;781 678;C01;2;7;0;2;4;1;1;
27815;202200018164;781 679;B01;2;7;0;2;6;2;1;
27816;202200018164;781 680;A01;2;33;0;2;1;17;1;
27817;202200018165;781 676;A01;1;10;0;2;3;9;1;
27818;202200018165;781 677;B01;3;33;0;2;5;1;1;
27819;202200018166;781 675;A01;1;14;0;1;1;1;1;
27820;202200018167;781 672;B01;1;7;0;2;8;15;1;
27821;202200018167;781 673;A01;1;33;0;2;1;17;1;
27822;202200018168;781 670;B01;1;7;0;2;1;1;1;
27823;202200018168;781 671;A01;3;7;0;2;8;19;1;
27824;202200018170;781 667;B01;3;50;0;9;1;0;3;
27825;202200018170;781 668;A01;3;1;0;2;1;0;5;
27826;202200018171;781 664;C01;1;7;0;2;4;1;1;
27827;202200018171;781 665;A01;1;7;0;2;1;1;1;
27828;202200018171;781 666;B01;1;7;0;2;4;1;1;
27829;202200018172;781 663;A01;0;30;12;0;1;1;1;
27830;202200018173;781 661;B01;1;7;0;2;4;2;1;
27831;202200018173;781 662;A01;1;7;0;2;1;2;1;
27832;202200018174;781 659;B01;2;31;0;2;1;1;1;
27833;202200018174;781 660;A01;2;10;0;2;8;16;1;
27834;202200018176;781 654;A01;3;32;4;2;1;11;1;
27835;202200018176;781 655;B01;1;7;4;2;6;1;1;
27836;202200018178;781 650;A01;3;7;0;2;5;15;1;
27837;202200018178;781 651;B01;3;50;0;2;1;1;3;
27838;202200018179;781 649;A01;3;32;0;0;7;1;1;
27839;202200018181;781 645;A01;2;7;0;2;1;5;1;
27840;202200018181;781 646;B01;1;7;0;2;1;5;1;
27841;202200018182;781 643;A01;3;7;1;0;1;13;1;
27842;202200018182;781 644;B01;2;2;0;2;1;1;3;
27843;202200018183;781 642;A01;3;33;12;0;1;1;1;
27844;202200018184;781 640;B01;3;2;0;2;1;1;1;
27845;202200018184;781 641;A01;3;7;0;2;3;0;1;
27846;202200018185;781 638;A01;1;7;0;2;1;26;1;
27847;202200018185;781 639;B01;0;33;0;2;3;21;1;
27848;202200018186;781 636;B01;1;2;0;2;1;1;1;
27849;202200018186;781 637;A01;2;7;0;2;7;15;1;
27850;202200018187;781 634;A01;2;7;0;2;1;5;1;
27851;202200018187;781 635;B01;1;7;0;2;1;1;1;
27852;202200018188;781 633;A01;0;30;12;0;2;1;1;
27853;202200018189;781 631;B01;0;99;0;2;8;26;0;
27854;202200018189;781 632;A01;0;7;0;2;8;9;1;
27855;202200018190;781 629;B01;2;7;0;2;5;23;1;
27856;202200018190;781 630;A01;2;7;1;0;3;9;1;
27857;202200018191;781 627;A01;1;7;0;2;5;1;1;
27858;202200018191;781 628;B01;1;1;0;2;1;1;5;
27859;202200018192;781 625;A01;0;7;0;2;9;26;1;
27860;202200018192;781 626;B01;0;7;0;2;3;0;1;
27861;202200018193;781 623;A01;3;7;0;2;3;9;1;
27862;202200018193;781 624;B01;3;50;0;2;1;1;3;
27863;202200018194;781 620;C01;3;7;0;2;1;9;1;
27864;202200018194;781 621;B01;3;31;0;2;4;2;1;
27865;202200018194;781 622;A01;3;7;0;2;1;1;1;
27866;202200018195;781 619;A01;1;7;0;0;2;13;1;
27867;202200018196;781 617;A01;1;33;0;2;3;3;1;
27868;202200018196;781 618;B01;1;7;0;2;5;2;1;
27869;202200018197;781 615;A01;1;7;0;1;1;16;2;
27870;202200018198;781 613;B01;3;50;0;2;1;1;3;
27871;202200018198;781 614;A01;3;7;0;2;2;15;1;
27872;202200018199;781 611;A01;1;1;0;2;1;2;5;
27873;202200018199;781 612;B01;1;7;0;2;4;2;1;
27874;202200018200;781 609;B01;1;10;0;2;6;15;1;
27875;202200018200;781 610;A01;1;32;0;2;2;17;1;
27876;202200018201;781 607;B01;3;33;0;2;1;1;1;
27877;202200018201;781 608;A01;3;7;0;2;2;15;1;
27878;202200018202;781 605;A01;2;30;0;2;2;1;1;
27879;202200018202;781 606;Z01;1;7;0;2;0;9;0;
27880;202200018203;781 604;A01;1;43;0;0;0;21;1;
27881;202200018204;781 602;A01;1;7;4;2;6;21;2;
27882;202200018204;781 603;B01;1;33;0;2;2;1;1;
27883;202200018205;781 600;A01;1;1;0;2;1;1;5;
27884;202200018205;781 601;B01;1;7;0;2;6;15;1;
27885;202200018207;781 598;A01;3;7;0;1;4;4;1;
27886;202200018208;781 596;B01;1;1;0;2;1;1;5;
27887;202200018208;781 597;A01;2;7;0;2;3;1;1;
27888;202200018209;781 594;A01;1;30;0;2;1;1;1;
27889;202200018209;781 595;B01;0;7;15;0;1;15;1;