;Num_Acc;id_vehicule;num_veh;senc;catv;obs;obsm;choc;manv;motor;occutc
27890;202200018210;781 593;A01;2;32;1;1;1;1;1;
27891;202200018211;781 591;B01;1;7;0;0;2;2;3;
27892;202200018211;781 592;A01;1;7;9;2;2;14;1;
27893;202200018212;781 589;A01;1;7;0;2;3;1;1;
27894;202200018212;781 590;B01;1;33;0;2;1;1;1;
27895;202200018213;781 588;A01;0;10;0;2;1;13;1;
27896;202200018214;781 587;A01;2;7;0;1;3;1;1;
27897;202200018215;781 585;B01;1;43;0;2;1;0;1;
27898;202200018215;781 586;A01;1;7;0;2;4;0;1;
27899;202200018216;781 583;B01;1;7;0;2;8;1;1;
27900;202200018216;781 584;A01;1;7;0;2;1;15;1;
27901;202200018217;781 581;B01;3;1;0;0;0;21;5;
27902;202200018217;781 582;A01;3;1;0;0;0;21;5;
27903;202200018218;781 579;B01;2;7;14;2;3;23;1;
27904;202200018218;781 580;A01;2;30;1;0;4;1;1;
27905;202200018219;781 578;A01;3;7;0;1;0;5;1;
27906;202200018220;781 577;A01;3;32;8;0;2;14;1;
27907;202200018221;781 575;A01;1;1;0;2;7;15;5;
27908;202200018221;781 576;B01;1;7;0;2;3;15;1;
27909;202200018222;781 573;A01;2;7;0;2;1;0;1;
27910;202200018222;781 574;B01;2;7;0;2;4;0;1;
27911;202200018223;781 570;A01;2;10;0;9;2;2;1;
27912;202200018223;781 571;B01;2;80;0;0;4;2;3;
27913;202200018223;781 572;C01;2;80;0;2;4;2;3;
27914;202200018224;781 569;A01;3;7;0;1;1;1;1;
27915;202200018225;781 567;B01;3;7;0;2;2;1;1;
27916;202200018225;781 568;A01;3;7;0;2;1;9;1;
27917;202200018226;781 566;A01;2;7;0;1;2;1;1;
27918;202200018227;781 564;B01;1;7;0;2;4;23;1;
27919;202200018227;781 565;A01;1;7;0;2;1;2;1;
27920;202200018228;781 562;B01;1;7;0;2;1;1;1;
27921;202200018228;781 563;A01;2;1;0;2;1;1;5;
27922;202200018229;781 560;B01;2;32;0;2;9;1;1;
27923;202200018229;781 561;A01;1;7;0;2;1;15;1;
27924;202200018230;781 558;B01;2;30;0;2;1;1;1;
27925;202200018230;781 559;A01;3;7;0;2;3;9;1;
27926;202200018231;781 557;A01;0;1;16;0;0;1;5;
27927;202200018232;781 555;B01;0;7;0;2;1;1;1;
27928;202200018232;781 556;A01;3;7;0;2;3;16;1;
27929;202200018233;781 553;A01;0;7;0;2;3;9;0;
27930;202200018233;781 554;B01;0;1;0;0;1;1;5;
27931;202200018234;781 550;C01;0;7;0;2;4;1;1;
27932;202200018234;781 551;B01;0;7;0;2;4;0;1;
27933;202200018234;781 552;A01;0;7;0;2;1;1;1;
27934;202200018235;781 548;A01;1;7;0;2;6;19;1;
27935;202200018235;781 549;B01;2;7;0;2;2;0;1;
27936;202200018236;781 547;A01;1;3;1;0;1;1;1;
27937;202200018237;781 545;B01;2;7;-1;2;0;1;1;
27938;202200018237;781 546;A01;1;50;11;2;0;0;3;
27939;202200018238;781 543;A01;3;7;0;2;1;1;1;
27940;202200018238;781 544;B01;3;7;0;2;7;1;1;
27941;202200018239;781 541;A01;1;7;0;2;7;9;1;
27942;202200018239;781 542;B01;1;7;0;2;3;0;1;
27943;202200018240;781 540;A01;0;33;6;0;1;15;1;
27944;202200018241;781 538;A01;1;7;0;2;1;15;1;
27945;202200018241;781 539;B01;0;33;0;2;8;1;1;
27946;202200018242;781 536;A01;1;32;0;2;1;17;1;
27947;202200018242;781 537;B01;1;7;0;2;3;19;1;
27948;202200018243;781 534;B01;2;2;0;2;1;1;1;
27949;202200018243;781 535;A01;1;7;0;2;3;23;1;
27950;202200018245;781 531;A01;1;7;0;2;3;16;1;
27951;202200018245;781 532;B01;1;7;0;2;5;0;1;
27952;202200018246;781 529;B01;1;1;0;0;0;0;0;
27953;202200018246;781 530;A01;1;10;0;2;7;15;1;
27954;202200018247;781 528;Z01;1;7;0;1;3;15;0;
27955;202200018248;781 527;A01;1;7;0;1;1;15;-1;
27956;202200018249;781 524;C01;1;7;0;9;4;1;1;
27957;202200018249;781 525;B01;1;7;0;2;1;1;1;
27958;202200018249;781 526;A01;1;10;0;2;1;1;1;
27959;202200018250;781 523;A01;0;34;0;1;1;17;1;
27960;202200018251;781 522;A01;2;7;0;1;1;1;1;
27961;202200018253;781 520;A01;1;7;0;1;1;15;1;
27962;202200018254;781 519;A01;1;7;0;1;4;20;1;
27963;202200018255;781 517;A01;3;7;3;2;1;1;1;
27964;202200018255;781 518;B01;3;7;0;2;2;15;1;
27965;202200018256;781 515;A01;1;7;0;2;4;16;1;
27966;202200018256;781 516;B01;1;32;0;2;0;2;1;
27967;202200018257;781 513;A01;3;31;0;2;1;1;1;
27968;202200018257;781 514;B01;1;7;0;0;0;0;1;
27969;202200018258;781 510;C01;2;7;0;0;4;2;1;
27970;202200018258;781 511;B01;2;7;0;2;4;2;1;
27971;202200018258;781 512;A01;2;7;0;2;1;21;1;
27972;202200018259;781 508;B01;3;7;0;2;3;1;1;
27973;202200018259;781 509;A01;3;1;0;2;2;7;5;
27974;202200018260;781 506;Z01;2;7;0;9;1;17;0;
27975;202200018260;781 507;B01;2;50;0;9;4;0;3;
27976;202200018261;781 504;A01;2;2;0;2;2;15;1;
27977;202200018261;781 505;Z01;2;7;0;2;3;1;0;
27978;202200018262;781 503;A01;3;7;0;1;3;1;1;
27979;202200018263;781 501;B01;1;7;0;2;3;15;1;
27980;202200018263;781 502;A01;1;2;0;2;2;17;1;
27981;202200018264;781 499;A01;0;10;0;2;3;1;1;
27982;202200018264;781 500;B01;1;50;0;2;7;0;3;
27983;202200018265;781 497;B01;1;1;0;2;4;1;5;
27984;202200018265;781 498;A01;1;7;0;2;3;2;1;
27985;202200018266;781 495;A01;2;30;0;1;0;0;0;
27986;202200018266;781 496;B01;2;7;0;2;6;23;1;
27987;202200018267;781 493;A01;1;31;0;2;6;1;1;
27988;202200018267;781 494;B01;1;33;0;2;1;1;1;
27989;202200018268;781 491;B01;1;7;0;2;4;2;1;
27990;202200018268;781 492;A01;1;7;0;2;1;2;1;
27991;202200018269;781 490;A01;3;33;0;0;7;9;1;
27992;202200018270;781 489;A01;1;7;0;1;2;0;1;
27993;202200018271;781 487;B01;2;2;0;2;1;1;1;
27994;202200018271;781 488;A01;2;7;0;2;2;15;1;
27995;202200018272;781 485;A01;1;33;14;2;1;1;1;
27996;202200018272;781 486;B01;1;7;0;2;4;1;0;
27997;202200018274;781 481;A01;1;7;0;2;5;15;1;
27998;202200018274;781 482;B01;1;2;0;2;5;1;1;
27999;202200018275;781 480;Z01;3;7;0;1;4;26;0;
28000;202200018276;781 479;A01;0;33;0;1;2;14;1;
28001;202200018277;781 475;Z01;1;0;0;0;0;0;0;
28002;202200018277;781 476;B01;1;31;0;2;8;0;1;
28003;202200018278;781 472;C01;1;7;0;0;0;0;1;
28004;202200018278;781 473;B01;1;7;0;2;9;1;1;
28005;202200018278;781 474;A01;1;7;0;2;9;1;1;
28006;202200018279;781 471;A01;1;7;0;2;6;0;1;
28007;202200018280;781 470;A01;1;7;1;0;2;1;1;
28008;202200018281;781 466;D01;2;7;0;2;4;2;1;
28009;202200018281;781 467;C01;2;7;0;2;4;2;1;
28010;202200018281;781 468;B01;1;7;0;2;4;2;1;
28011;202200018281;781 469;A01;2;7;0;2;1;2;1;
28012;202200018282;781 465;A01;1;7;0;1;1;1;1;
28013;202200018283;781 463;B01;1;7;0;2;2;1;1;
28014;202200018283;781 464;A01;3;7;0;2;7;1;1;
28015;202200018284;781 462;A01;3;7;0;1;1;1;1;
28016;202200018286;781 452;A01;1;10;0;1;2;1;1;
28017;202200018287;781 451;A01;3;7;0;2;1;1;1;
28018;202200018288;781 445;B01;1;7;0;2;8;16;1;
28019;202200018288;781 446;C01;1;7;15;0;1;1;1;
28020;202200018288;781 447;A01;1;7;0;2;2;1;1;
28021;202200018289;781 444;A01;3;7;0;1;1;2;2;
28022;202200018290;781 442;A01;3;2;0;2;1;1;1;
28023;202200018290;781 443;B01;3;7;0;2;4;1;1;
28024;202200018291;781 440;B01;2;7;0;2;1;0;1;
28025;202200018291;781 441;A01;2;10;0;2;1;13;1;
28026;202200018292;781 438;A01;1;31;0;2;1;17;1;
28027;202200018292;781 439;B01;1;7;0;2;6;15;1;
28028;202200018293;781 436;B01;2;7;0;2;4;1;1;
28029;202200018293;781 437;A01;2;33;0;2;1;1;1;
28030;202200018294;781 435;A01;2;50;1;0;1;1;3;
28031;202200018295;781 434;A01;2;7;0;1;1;16;1;
28032;202200018296;781 432;B01;1;1;0;2;7;1;5;
28033;202200018296;781 433;A01;2;7;0;2;2;14;1;
28034;202200018297;781 429;A01;1;7;1;0;2;14;1;
28035;202200018298;781 428;A01;3;50;0;1;1;25;3;
28036;202200018299;781 426;A01;1;7;0;2;1;1;0;
28037;202200018299;781 427;B01;1;7;0;2;4;1;0;
28038;202200018300;781 424;B01;0;33;0;2;3;1;0;
28039;202200018300;781 425;A01;0;7;0;2;3;20;0;
28040;202200018301;781 423;A01;0;7;0;0;0;0;1;
28041;202200018302;781 421;A01;1;7;0;2;1;2;1;
28042;202200018302;781 422;B01;1;7;0;2;4;2;1;
28043;202200018303;781 418;Y01;1;1;0;2;0;0;0;
28044;202200018303;781 420;A01;2;7;0;2;0;15;0;
28045;202200018304;781 415;B01;3;7;0;2;7;15;1;
28046;202200018304;781 417;A01;3;7;0;2;1;1;1;
28047;202200018305;781 413;B01;3;50;0;2;1;9;3;
28048;202200018305;781 414;A01;3;7;0;2;6;9;1;
28049;202200018306;781 411;A01;3;31;0;0;0;1;1;
28050;202200018307;781 410;A01;2;7;0;1;1;1;1;
28051;202200018308;781 408;A01;1;2;0;2;2;9;1;
28052;202200018308;781 409;B01;2;7;0;2;2;0;2;
28053;202200018309;781 407;A01;3;7;0;2;1;0;1;
28054;202200018309;781 412;B01;3;10;0;2;3;0;1;
28055;202200018310;781 405;B01;1;2;0;2;4;1;1;
28056;202200018310;781 406;A01;1;7;0;2;1;2;1;
28057;202200018311;781 402;A01;1;31;0;2;7;15;1;
28058;202200018311;781 404;B01;3;7;0;2;2;19;1;
28059;202200018312;781 399;A01;1;2;0;2;1;1;1;
28060;202200018312;781 401;B01;1;7;0;2;4;23;1;
28061;202200018313;781 398;A01;1;80;0;2;3;1;3;
28062;202200018313;781 400;Z01;2;7;0;2;0;0;1;
28063;202200018314;781 397;A01;1;7;2;0;1;1;1;
28064;202200018315;781 395;A01;1;7;1;0;1;14;1;
28065;202200018316;781 396;A01;2;10;0;1;1;1;0;
28066;202200018317;781 394;A01;1;33;6;0;1;1;1;
28067;202200018318;781 392;A01;1;2;0;2;1;2;1;
28068;202200018318;781 393;B01;2;7;0;2;5;16;1;
28069;202200018319;781 391;A01;1;7;0;1;3;1;1;
28070;202200018320;781 389;A01;1;1;0;1;1;1;5;
28071;202200018321;781 390;A01;-1;7;0;1;3;1;1;
28072;202200018322;781 386;B01;3;7;0;2;1;1;1;
28073;202200018322;781 388;A01;3;7;0;2;8;1;1;
28074;202200018323;781 385;B01;2;30;0;2;1;17;1;
28075;202200018323;781 387;A01;1;7;0;2;3;15;1;
28076;202200018324;781 384;A01;2;33;12;0;1;6;1;
28077;202200018325;781 383;A01;3;30;14;0;1;17;1;
28078;202200018326;781 381;A01;1;7;0;2;3;15;1;
28079;202200018326;781 382;B01;1;1;0;2;3;1;5;
28080;202200018327;781 380;A01;3;7;0;1;2;1;3;
28081;202200018328;781 379;A01;3;7;0;1;1;1;1;
28082;202200018329;781 377;A01;1;7;0;1;2;1;1;
28083;202200018330;781 376;A01;1;7;3;0;9;0;1;
28084;202200018332;781 373;A01;1;10;0;1;2;1;1;
28085;202200018333;781 372;A01;2;7;4;0;1;1;1;
28086;202200018334;781 370;C01;2;7;0;2;7;1;1;
28087;202200018334;781 371;B01;2;7;0;2;4;2;1;
28088;202200018334;781 374;A01;1;7;0;2;1;2;1;
28089;202200018335;781 369;A01;3;30;0;0;7;9;1;
28090;202200018336;781 367;A01;2;33;0;1;1;0;1;
28091;202200018337;781 366;B01;2;7;0;2;8;1;2;
28092;202200018337;781 368;A01;1;7;0;2;1;13;1;
28093;202200018338;781 365;A01;1;10;0;1;1;1;1;
28094;202200018339;781 360;A01;1;7;0;2;2;14;1;
28095;202200018339;781 363;B01;1;1;0;2;6;1;5;
28096;202200018340;781 361;A01;2;33;0;2;1;1;1;
28097;202200018340;781 364;B01;2;7;0;2;8;15;1;
28098;202200018341;781 358;A01;1;7;0;2;1;2;1;
28099;202200018341;781 359;B01;1;7;0;2;4;2;1;
28100;202200018341;781 362;C01;1;7;0;2;4;2;1;
28101;202200018343;781 353;A01;1;7;16;2;1;1;1;
28102;202200018344;781 354;B01;2;80;0;2;0;21;3;
28103;202200018344;781 356;A01;3;7;0;2;2;15;1;
28104;202200018345;781 352;A01;1;7;0;1;1;16;1;
28105;202200018346;781 347;B01;1;7;0;2;1;1;1;
28106;202200018346;781 350;A01;2;7;0;2;7;15;1;
28107;202200018347;781 348;A01;1;7;0;2;2;15;1;
28108;202200018347;781 351;B01;2;33;0;2;1;1;1;
28109;202200018348;781 346;B01;2;15;0;2;6;1;1;
28110;202200018348;781 349;A01;2;10;0;2;7;2;1;
28111;202200018349;781 344;A01;3;7;6;0;1;20;1;
28112;202200018350;781 343;B01;1;1;0;2;1;17;5;
28113;202200018350;781 345;A01;1;20;0;2;8;15;1;
28114;202200018351;781 340;A01;1;7;0;2;3;1;3;
28115;202200018351;781 342;B01;2;7;0;2;3;13;1;
28116;202200018353;781 337;A01;3;7;0;2;1;1;1;
28117;202200018353;781 339;B01;3;7;0;2;8;1;1;
28118;202200018354;781 336;A01;1;14;0;0;0;1;1;
28119;202200018355;781 332;B01;3;7;0;2;3;15;1;
28120;202200018355;781 334;A01;3;1;0;2;1;1;5;
28121;202200018356;781 333;A01;1;14;0;9;2;12;1;
28122;202200018356;781 335;B01;1;1;0;2;1;1;5;
28123;202200018357;781 327;A01;2;7;0;2;3;1;0;
28124;202200018357;781 330;B01;1;33;0;2;1;0;0;
28125;202200018358;781 329;B01;0;1;0;2;8;19;5;
28126;202200018358;781 331;A01;0;7;0;9;3;15;3;
28127;202200018359;781 326;A01;1;7;11;2;7;1;1;
28128;202200018359;781 328;B01;1;7;0;2;1;15;2;
28129;202200018360;781 323;B01;3;7;0;2;4;2;1;
28130;202200018360;781 325;A01;3;2;0;2;1;2;1;
28131;202200018361;781 324;A01;0;33;0;0;1;2;1;
28132;202200018362;781 321;A01;3;32;0;2;2;1;1;
28133;202200018362;781 322;B01;3;7;0;2;0;0;1;
28134;202200018363;781 320;A01;1;33;12;0;8;13;1;
28135;202200018364;781 317;A01;3;7;0;2;8;15;1;
28136;202200018364;781 319;B01;3;33;0;2;1;17;1;
28137;202200018365;781 315;A01;3;7;0;2;6;10;2;
28138;202200018365;781 316;B01;3;30;0;2;1;1;1;
28139;202200018366;781 314;A01;3;10;0;2;3;9;1;
28140;202200018366;781 318;B01;1;32;0;2;5;9;1;
28141;202200018368;781 312;A01;1;7;0;1;3;1;1;
28142;202200018369;781 309;A01;1;7;0;2;1;2;1;
28143;202200018369;781 310;B01;1;7;0;2;4;2;1;
28144;202200018369;781 313;C01;1;7;1;2;5;26;1;
28145;202200018370;781 306;A01;3;2;0;0;7;1;1;
28146;202200018371;781 308;A01;1;31;0;1;1;21;1;
28147;202200018372;781 303;A01;1;10;0;0;3;15;3;
28148;202200018373;781 305;B01;3;1;0;2;8;1;5;
28149;202200018373;781 307;A01;3;7;0;9;2;15;1;
28150;202200018374;781 301;A01;3;10;15;0;2;1;1;
28151;202200018375;781 300;A01;2;7;0;2;8;19;1;
28152;202200018375;781 302;B01;2;2;0;2;1;1;1;
28153;202200018376;781 299;A01;0;7;13;0;1;0;0;
28154;202200018377;781 298;A01;0;33;0;0;1;1;1;
28155;202200018379;781 293;A01;2;7;0;2;2;15;1;
28156;202200018379;781 296;B01;2;7;0;2;1;1;1;
28157;202200018380;781 292;A01;1;7;0;2;1;9;1;
28158;202200018380;781 294;B01;1;7;0;2;8;1;1;
28159;202200018381;781 291;A01;1;31;15;0;1;1;1;
28160;202200018382;781 289;A01;2;7;0;1;3;1;1;
28161;202200018383;781 287;B01;1;10;0;2;3;1;0;
28162;202200018383;781 290;A01;2;7;0;2;3;17;1;
28163;202200018384;781 286;B01;2;33;0;2;1;1;1;
28164;202200018384;781 288;A01;2;7;0;2;2;9;1;
28165;202200018385;781 285;A01;3;7;0;1;1;1;1;
28166;202200018386;781 282;Z01;1;7;0;1;1;15;0;
28167;202200018387;781 279;B01;2;7;0;2;2;1;1;
28168;202200018387;781 281;A01;2;7;0;2;2;15;1;
28169;202200018388;781 278;B01;0;7;0;2;7;1;1;
28170;202200018388;781 280;A01;0;1;0;2;1;19;5;
28171;202200018390;781 273;A01;0;7;0;2;1;9;1;
28172;202200018390;781 274;B01;0;30;0;2;1;1;1;
28173;202200018391;781 270;A01;3;7;0;2;1;9;1;
28174;202200018391;781 271;B01;0;7;0;2;8;0;1;
28175;202200018392;781 272;A01;3;7;0;2;3;19;1;
28176;202200018392;781 275;B01;1;33;0;2;1;1;1;
28177;202200018393;781 268;A01;2;7;0;9;8;24;1;
28178;202200018393;781 269;B01;2;1;1;0;1;1;5;
28179;202200018394;781 267;A01;2;7;1;0;1;14;1;
28180;202200018395;781 264;A01;3;7;0;2;2;19;1;
28181;202200018395;781 266;B01;2;7;0;2;3;1;3;
28182;202200018396;781 263;B01;2;7;0;2;1;1;1;
28183;202200018396;781 265;A01;1;7;0;2;1;13;1;
28184;202200018397;781 262;A01;1;7;8;0;1;1;1;
28185;202200018398;781 261;A01;3;7;0;1;0;15;1;
28186;202200018399;781 258;A01;3;7;0;2;1;15;1;
28187;202200018399;781 260;B01;3;7;0;2;7;1;1;
28188;202200018400;781 255;A01;2;10;0;2;4;2;1;
28189;202200018400;781 257;B01;2;1;0;2;1;2;5;
28190;202200018401;781 256;A01;1;10;0;2;2;1;1;
28191;202200018401;781 259;B01;1;7;0;2;1;1;1;
28192;202200018402;781 253;A01;2;7;0;2;4;10;1;
28193;202200018402;781 254;B01;1;33;0;2;1;1;1;
28194;202200018403;781 250;A01;3;32;0;2;2;11;1;
28195;202200018403;781 252;B01;3;7;1;0;6;20;1;
28196;202200018404;781 249;B01;1;7;0;2;1;1;1;
28197;202200018404;781 251;A01;1;7;0;2;4;2;1;
28198;202200018407;781 246;B01;1;10;0;2;4;2;3;
28199;202200018407;781 247;A01;1;7;0;2;1;2;1;
28200;202200018408;781 242;A01;2;7;0;1;1;1;1;
28201;202200018409;781 243;A01;0;33;0;2;3;17;1;
28202;202200018409;781 244;B01;0;7;0;2;3;1;1;
28203;202200018410;781 240;B01;2;33;0;2;7;15;1;
28204;202200018410;781 241;A01;2;7;0;2;1;9;1;
28205;202200018411;781 235;B01;1;33;0;2;1;1;1;
28206;202200018411;781 237;A01;1;7;0;2;1;15;1;
28207;202200018412;781 236;A01;0;15;0;2;3;17;1;
28208;202200018412;781 238;B01;0;10;0;2;1;1;1;
28209;202200018413;781 233;A01;1;10;0;1;1;1;1;
28210;202200018414;781 234;A01;0;7;8;0;1;13;1;
28211;202200018415;781 230;A01;1;50;0;2;1;1;3;
28212;202200018415;781 231;B01;1;1;0;2;1;1;5;
28213;202200018416;781 232;A01;2;50;0;2;8;5;3;
28214;202200018416;781 239;B01;2;7;0;2;1;1;1;
28215;202200018417;781 225;A01;2;7;0;2;2;1;1;
28216;202200018417;781 227;B01;2;2;0;2;4;23;1;
28217;202200018418;781 221;A01;1;7;0;2;1;2;1;
28218;202200018418;781 223;B01;1;7;0;2;4;2;2;
28219;202200018419;781 220;A01;2;7;0;2;1;13;1;
28220;202200018419;781 222;B01;2;17;0;2;1;1;1;
28221;202200018420;781 224;A01;2;7;0;2;1;13;1;
28222;202200018420;781 229;B01;1;7;0;2;1;1;1;
28223;202200018421;781 218;B01;2;34;0;2;8;1;1;
28224;202200018421;781 219;A01;2;33;0;2;7;12;1;
28225;202200018423;781 212;A01;1;7;0;2;1;2;1;
28226;202200018423;781 213;B01;1;10;0;2;4;2;1;
28227;202200018424;781 208;B01;1;33;3;2;8;2;1;
28228;202200018424;781 209;A01;1;7;0;2;2;12;1;
28229;202200018425;781 211;B01;3;60;0;2;8;0;5;
28230;202200018425;781 215;A01;0;7;0;0;0;0;1;
28231;202200018426;781 210;B01;2;10;0;2;1;1;1;
28232;202200018426;781 214;A01;2;3;0;2;4;1;1;
28233;202200018427;781 206;B01;1;7;0;2;6;2;1;
28234;202200018427;781 207;A01;1;7;0;2;1;2;2;
28235;202200018428;781 201;C01;1;33;0;2;1;3;1;
28236;202200018428;781 202;B01;1;7;0;2;5;2;1;
28237;202200018428;781 203;A01;1;32;0;2;3;2;1;
28238;202200018429;781 199;B01;3;1;0;2;5;26;5;
28239;202200018429;781 205;A01;3;7;0;9;3;26;1;
28240;202200018430;781 198;A01;3;30;0;0;0;1;1;
28241;202200018431;781 200;A01;1;7;0;2;3;1;1;
28242;202200018431;781 204;Z01;1;0;0;2;2;12;0;
28243;202200018432;781 195;A01;1;7;0;1;3;1;1;
28244;202200018433;781 197;A01;3;7;0;1;1;1;1;
28245;202200018434;781 193;B01;2;32;0;2;1;1;1;
28246;202200018434;781 196;A01;2;7;0;2;1;9;1;
28247;202200018435;781 192;B01;2;7;0;2;5;1;1;
28248;202200018435;781 194;A01;2;7;0;2;3;14;1;
28249;202200018436;781 188;B01;2;7;0;2;3;15;1;
28250;202200018436;781 191;A01;2;34;0;2;1;17;1;
28251;202200018437;781 189;A01;1;50;12;0;1;14;3;
28252;202200018438;781 187;A01;3;7;0;2;7;15;1;
28253;202200018438;781 190;B01;3;33;0;2;1;1;1;
28254;202200018439;781 185;A01;2;7;1;0;2;14;1;
28255;202200018440;781 182;B01;1;7;0;2;4;2;1;
28256;202200018440;781 186;A01;1;7;0;2;1;2;1;
28257;202200018441;781 180;A01;2;7;0;2;2;1;1;
28258;202200018441;781 183;B01;2;1;0;2;4;21;5;
28259;202200018442;781 181;A01;2;10;0;2;5;15;1;
28260;202200018442;781 184;B01;1;34;0;2;2;1;1;
28261;202200018444;781 177;A01;1;1;0;0;1;1;5;
28262;202200018445;781 176;A01;2;7;0;1;3;1;1;
28263;202200018446;781 175;A01;1;7;4;0;1;1;1;
28264;202200018447;781 174;B01;1;7;0;2;3;1;1;
28265;202200018447;781 178;A01;1;50;0;2;7;1;3;
28266;202200018448;781 171;A01;1;30;0;2;1;1;1;
28267;202200018448;781 173;B01;1;7;0;2;7;15;1;
28268;202200018449;781 170;B01;1;7;1;2;8;1;1;
28269;202200018449;781 172;A01;1;7;1;2;3;15;1;
28270;202200018450;781 166;B01;2;1;0;2;1;1;5;
28271;202200018450;781 168;A01;1;7;0;2;3;9;1;
28272;202200018451;781 167;B01;1;33;0;2;1;1;1;
28273;202200018451;781 169;A01;1;7;0;2;5;2;1;
28274;202200018452;781 164;A01;3;7;0;2;1;1;3;
28275;202200018452;781 165;B01;1;2;0;2;8;1;1;
28276;202200018453;781 163;A01;1;30;9;0;0;14;1;
28277;202200018454;781 162;A01;1;7;13;0;1;1;1;
28278;202200018455;781 161;A01;0;7;0;1;0;1;0;
28279;202200018456;781 157;A01;1;32;0;1;1;1;1;
28280;202200018457;781 158;B01;0;33;0;2;3;1;1;
28281;202200018457;781 160;A01;0;7;0;2;1;1;1;
28282;202200018458;781 152;A01;2;32;0;0;0;1;1;
28283;202200018459;781 149;A01;2;7;0;2;3;1;1;
28284;202200018459;781 153;B01;2;7;0;2;5;9;1;
28285;202200018460;781 150;A01;2;7;0;2;1;1;1;
28286;202200018460;781 154;B01;2;7;0;2;4;2;1;
28287;202200018460;781 156;C01;2;7;0;2;4;2;1;
28288;202200018460;781 159;D01;2;7;0;2;4;2;1;
28289;202200018461;781 148;B01;2;7;0;2;4;1;2;
28290;202200018461;781 151;A01;2;7;0;2;1;1;1;
28291;202200018462;781 146;A01;1;7;0;1;7;1;1;
28292;202200018463;781 147;A01;2;7;0;1;2;1;1;
28293;202200018464;781 143;A01;2;50;12;0;1;0;3;
28294;202200018465;781 141;B01;1;7;0;2;2;1;1;
28295;202200018465;781 144;A01;2;10;0;2;1;15;1;
28296;202200018467;781 137;A01;2;33;4;2;8;3;1;
28297;202200018467;781 139;B01;2;7;4;2;2;12;2;
28298;202200018467;781 142;C01;2;7;4;2;4;1;1;
28299;202200018467;781 145;D01;2;10;4;2;8;1;1;
28300;202200018468;781 134;A01;0;7;2;2;5;1;1;
28301;202200018468;781 138;B01;0;7;0;2;1;1;2;
28302;202200018469;781 130;B01;2;50;0;2;1;5;3;
28303;202200018469;781 132;A01;2;7;0;9;1;15;1;
28304;202200018470;781 131;B01;2;33;0;2;2;3;1;
28305;202200018470;781 133;A01;2;7;0;2;3;12;1;
28306;202200018471;781 129;A01;2;7;0;1;2;2;1;
28307;202200018472;781 126;A01;0;32;0;2;1;1;1;
28308;202200018472;781 128;B01;0;7;0;2;1;16;1;
28309;202200018473;781 125;A01;2;15;0;0;1;1;1;
28310;202200018474;781 123;A01;3;7;0;9;1;15;1;
28311;202200018474;781 127;B01;3;1;0;2;7;1;5;
28312;202200018475;781 122;B01;3;33;0;2;1;1;1;
28313;202200018475;781 124;A01;3;10;0;2;3;15;1;
28314;202200018476;781 118;A01;2;7;0;2;8;10;1;
28315;202200018476;781 120;B01;2;31;0;2;1;1;1;
28316;202200018477;781 115;A01;1;7;0;2;1;2;1;
28317;202200018477;781 121;B01;1;14;0;2;4;2;1;
28318;202200018478;781 114;B01;0;7;0;2;2;1;1;
28319;202200018478;781 117;A01;0;7;0;2;7;15;1;
28320;202200018479;781 111;B01;2;34;0;2;7;1;1;
28321;202200018479;781 113;A01;2;7;12;2;1;17;1;
28322;202200018480;781 108;B01;1;37;0;0;7;1;1;1.0
28323;202200018480;781 112;A01;1;10;0;2;1;9;1;
28324;202200018481;781 106;A01;3;32;0;4;1;1;1;
28325;202200018481;781 109;B01;3;40;0;2;2;1;2;
28326;202200018482;781 107;A01;1;7;0;2;7;12;1;
28327;202200018482;781 110;B01;1;33;0;2;8;3;1;
28328;202200018483;781 105;A01;1;31;0;0;7;9;0;
28329;202200018485;781 104;A01;2;7;8;0;3;1;1;
28330;202200018486;781 100;A01;2;7;0;2;1;2;1;
28331;202200018486;781 102;B01;2;7;0;2;4;2;1;
28332;202200018487;781 099;A01;1;7;0;2;2;26;1;
28333;202200018487;781 101;B01;2;7;0;2;7;15;1;
28334;202200018488;781 096;B01;1;7;0;2;4;1;1;
28335;202200018488;781 098;A01;1;7;0;2;1;1;1;
28336;202200018489;781 094;A01;2;30;12;0;8;17;1;
28337;202200018490;781 095;B01;1;33;0;2;8;1;1;
28338;202200018490;781 097;A01;2;7;0;2;3;15;1;
28339;202200018491;781 087;A01;0;7;0;2;1;15;1;
28340;202200018491;781 090;B01;0;32;0;2;1;1;1;
28341;202200018492;781 088;B01;1;33;0;2;1;1;1;
28342;202200018492;781 091;A01;2;7;0;2;5;15;1;
28343;202200018493;781 085;D01;2;7;0;2;4;2;1;
28344;202200018493;781 089;C01;2;7;0;2;4;2;1;
28345;202200018493;781 092;B01;2;7;0;2;4;2;1;
28346;202200018493;781 093;A01;2;10;0;2;1;2;1;
28347;202200018495;781 082;B01;3;1;0;2;7;1;5;
28348;202200018495;781 084;A01;3;10;0;2;1;1;1;
28349;202200018496;781 080;B01;2;30;0;2;2;16;1;
28350;202200018496;781 086;A01;1;7;0;2;1;1;1;
28351;202200018498;781 077;B01;1;7;0;2;3;1;1;