;Num_Acc;id_vehicule;num_veh;senc;catv;obs;obsm;choc;manv;motor;occutc
28352;202200018498;781 078;A01;2;10;0;2;0;0;1;
28353;202200018499;781 073;B01;3;1;0;2;4;1;5;
28354;202200018499;781 075;A01;3;7;0;2;2;15;1;
28355;202200018500;781 072;B01;1;1;0;2;1;1;5;
28356;202200018500;781 076;A01;0;7;0;2;2;9;2;
28357;202200018501;781 070;B01;2;7;0;2;3;1;1;
28358;202200018501;781 071;A01;-1;7;0;2;1;9;1;
28359;202200018502;781 066;B01;1;50;0;2;8;1;3;
28360;202200018502;781 069;A01;1;7;0;2;1;1;1;
28361;202200018503;781 065;A01;0;33;0;2;3;0;1;
28362;202200018503;781 068;B01;0;7;0;2;1;15;1;
28363;202200018504;781 062;A01;3;30;6;0;1;0;1;
28364;202200018505;781 063;A01;3;7;0;1;6;20;1;
28365;202200018506;781 064;A01;1;7;0;2;2;10;1;
28366;202200018506;781 067;B01;1;80;0;2;1;16;3;
28367;202200018508;781 057;A01;3;32;0;1;2;9;1;
28368;202200018509;781 056;A01;1;80;0;2;6;1;3;
28369;202200018509;781 059;B01;1;2;0;2;7;1;3;
28370;202200018510;781 058;B01;0;7;0;2;3;15;1;
28371;202200018510;781 061;A01;0;31;0;2;1;1;1;
28372;202200018511;781 055;A01;1;7;0;1;1;1;1;
28373;202200018512;781 053;A01;1;7;0;1;2;1;1;
28374;202200018513;781 052;A01;0;10;0;2;3;9;1;
28375;202200018513;781 054;B01;0;50;0;2;1;1;3;
28376;202200018514;781 049;A01;3;7;0;1;2;1;2;
28377;202200018515;781 048;A01;1;7;0;2;1;13;1;
28378;202200018515;781 050;B01;2;7;0;2;1;1;1;
28379;202200018515;781 051;C01;2;7;0;2;2;1;1;
28380;202200018517;781 041;C01;1;7;0;2;4;23;0;
28381;202200018517;781 043;B01;1;7;0;2;2;1;0;
28382;202200018517;781 045;A01;1;30;0;2;8;11;0;
28383;202200018518;781 040;B01;3;10;0;2;0;15;1;
28384;202200018518;781 044;A01;3;7;8;2;1;17;1;
28385;202200018519;781 037;A01;1;7;0;2;3;9;1;
28386;202200018519;781 039;B01;1;31;0;2;0;0;1;
28387;202200018520;781 035;A01;1;7;0;1;3;15;1;
28388;202200018521;781 033;B01;2;10;1;9;2;1;1;
28389;202200018521;781 036;A01;1;17;0;0;5;24;1;
28390;202200018522;781 030;A01;2;7;6;0;7;14;1;
28391;202200018524;781 027;A01;3;2;0;2;4;2;1;
28392;202200018524;781 029;B01;0;7;0;2;1;2;1;
28393;202200018525;781 025;C01;1;7;0;2;4;2;1;
28394;202200018525;781 028;B01;1;7;0;2;4;2;3;
28395;202200018525;781 031;A01;1;7;0;2;1;2;1;
28396;202200018526;781 024;B01;2;33;0;2;1;1;1;
28397;202200018526;781 026;A01;1;7;0;2;7;15;1;
28398;202200018527;781 020;A01;1;7;0;2;3;19;1;
28399;202200018527;781 022;B01;2;2;0;2;1;1;1;
28400;202200018528;781 018;Z01;1;7;0;1;1;1;0;
28401;202200018529;781 016;A01;0;7;0;0;2;15;0;
28402;202200018529;781 017;B01;3;33;0;2;3;1;0;
28403;202200018530;781 015;A01;2;80;0;2;8;19;3;
28404;202200018530;781 019;B01;2;7;0;2;2;1;1;
28405;202200018531;781 012;A01;0;7;0;2;1;1;1;
28406;202200018531;781 014;B01;0;7;0;2;1;1;1;
28407;202200018532;781 011;A01;1;10;0;2;7;1;1;
28408;202200018532;781 013;B01;1;1;0;2;8;2;5;
28409;202200018533;781 009;B01;1;7;0;2;6;10;1;
28410;202200018533;781 010;A01;1;33;0;2;1;1;1;
28411;202200018534;781 006;A01;2;10;0;1;0;1;1;
28412;202200018535;781 004;A01;1;33;0;2;1;18;1;
28413;202200018535;781 007;B01;2;7;0;2;2;19;2;
28414;202200018536;781 002;A01;1;7;0;2;1;5;1;
28415;202200018536;781 005;B01;2;7;0;2;1;1;1;
28416;202200018537;781 003;A01;2;7;0;2;1;19;1;
28417;202200018537;781 008;B01;1;7;0;2;1;1;1;
28418;202200018538;780 998;A01;2;7;0;0;9;26;1;
28419;202200018539;780 995;B01;2;7;0;2;2;6;1;
28420;202200018539;780 999;A01;2;10;0;2;1;1;1;
28421;202200018540;780 994;A01;2;10;0;2;1;2;1;
28422;202200018540;780 996;B01;2;7;0;2;5;2;1;
28423;202200018540;781 000;C01;2;7;0;2;4;2;1;
28424;202200018540;781 001;D01;2;7;0;2;3;2;1;
28425;202200018541;780 993;A01;2;10;0;2;1;1;1;
28426;202200018541;780 997;B01;2;7;0;2;3;0;1;
28427;202200018542;780 991;A01;3;1;0;0;0;1;5;
28428;202200018544;780 989;B01;3;1;0;2;1;1;5;
28429;202200018544;780 992;A01;3;7;0;2;5;15;1;
28430;202200018545;780 985;A01;2;7;0;2;1;26;1;
28431;202200018546;780 986;B01;1;10;1;0;1;14;1;
28432;202200018546;780 988;A01;2;10;0;2;1;24;1;
28433;202200018547;780 987;A01;1;33;8;0;1;1;1;
28434;202200018548;780 984;A01;1;7;6;0;1;13;1;
28435;202200018549;780 981;A01;1;3;0;1;2;1;1;
28436;202200018550;780 980;A01;2;15;13;2;1;13;1;
28437;202200018550;780 983;B01;1;7;0;2;3;1;1;
28438;202200018551;780 979;B01;3;7;0;2;7;1;1;
28439;202200018551;780 982;A01;3;7;0;2;3;9;1;
28440;202200018552;780 978;A01;1;7;13;0;1;14;1;
28441;202200018553;780 977;A01;1;30;6;0;0;0;1;
28442;202200018554;780 975;A01;3;33;0;0;3;1;1;
28443;202200018555;780 974;A01;1;7;1;0;8;15;1;
28444;202200018556;780 973;B01;1;32;0;2;1;1;1;
28445;202200018556;780 976;A01;2;10;0;2;3;5;1;
28446;202200018557;780 971;A01;2;7;0;2;3;15;1;
28447;202200018557;780 972;B01;1;7;0;2;2;1;1;
28448;202200018558;780 968;A01;2;7;0;2;1;9;1;
28449;202200018558;780 970;B01;2;10;0;2;2;1;1;
28450;202200018559;780 967;A01;1;33;0;0;0;1;1;
28451;202200018560;780 966;A01;2;7;0;2;1;2;1;
28452;202200018560;780 969;B01;0;7;0;2;8;2;1;
28453;202200018561;780 964;A01;1;7;0;1;3;1;1;
28454;202200018562;780 965;A01;1;7;13;0;0;1;1;
28455;202200018563;780 962;A01;1;7;0;1;1;1;1;
28456;202200018564;780 958;B01;0;7;8;2;3;1;1;
28457;202200018564;780 960;A01;0;7;0;2;3;13;1;
28458;202200018565;780 953;E01;1;7;0;2;4;23;1;
28459;202200018565;780 955;D01;1;7;0;2;1;23;1;
28460;202200018565;780 957;C01;1;7;0;2;1;1;1;
28461;202200018565;780 959;B01;1;7;0;2;4;23;1;
28462;202200018565;780 961;A01;1;10;0;2;1;1;1;
28463;202200018566;780 951;A01;0;7;0;1;3;15;3;
28464;202200018567;780 950;B01;2;1;0;2;1;1;5;
28465;202200018567;780 952;A01;2;7;0;2;3;9;1;
28466;202200018568;780 949;C01;1;15;0;0;4;2;1;
28467;202200018568;780 954;B01;1;7;0;0;6;2;1;
28468;202200018568;780 956;A01;1;7;0;2;9;26;1;
28469;202200018569;780 944;B01;0;7;0;2;4;23;1;
28470;202200018569;780 945;A01;0;31;0;2;1;1;1;
28471;202200018570;780 943;A01;1;33;12;0;1;1;1;
28472;202200018571;780 941;B01;2;2;0;2;7;1;1;
28473;202200018571;780 947;A01;3;7;0;2;1;15;1;
28474;202200018572;780 940;B01;3;1;0;2;8;19;5;
28475;202200018572;780 942;A01;3;7;0;9;2;1;1;
28476;202200018573;780 935;A01;1;7;0;2;1;17;1;
28477;202200018573;780 936;B01;1;21;0;2;3;15;1;
28478;202200018574;780 934;A01;2;7;0;2;1;2;1;
28479;202200018574;780 938;B01;2;7;0;2;4;2;1;
28480;202200018575;780 930;B01;1;2;1;2;3;1;1;
28481;202200018575;780 932;A01;2;7;1;2;2;15;1;
28482;202200018576;780 931;B01;3;7;0;2;3;1;1;
28483;202200018576;780 933;A01;3;7;0;2;1;15;1;
28484;202200018577;780 928;A01;1;2;15;0;1;1;1;
28485;202200018578;780 926;B01;2;1;0;2;1;9;5;
28486;202200018578;780 927;A01;1;7;0;2;1;1;1;
28487;202200018579;780 924;A01;0;7;0;2;2;16;1;
28488;202200018579;780 929;B01;0;1;0;2;8;1;5;
28489;202200018580;780 922;B01;2;7;0;2;1;0;1;
28490;202200018580;780 923;A01;1;7;0;2;1;13;1;
28491;202200018581;780 920;A01;1;7;0;2;2;16;1;
28492;202200018581;780 925;B01;2;1;0;2;1;2;5;
28493;202200018582;780 918;A01;1;7;9;0;1;26;1;
28494;202200018583;780 915;A01;3;7;0;2;3;9;1;
28495;202200018583;780 919;B01;3;1;0;2;1;1;5;
28496;202200018585;780 916;A01;1;34;1;0;1;0;1;
28497;202200018586;780 913;A01;2;2;0;1;1;15;1;
28498;202200018587;780 912;A01;1;10;0;1;1;1;1;
28499;202200018588;780 906;A01;1;10;0;2;1;1;1;
28500;202200018588;780 909;B01;2;7;0;2;1;13;1;
28501;202200018589;780 905;B01;2;2;0;2;2;1;1;
28502;202200018589;780 908;A01;1;10;0;2;3;15;1;
28503;202200018590;780 903;B01;2;33;0;2;5;23;1;
28504;202200018590;780 907;A01;2;33;14;0;9;18;1;
28505;202200018590;780 911;C01;2;7;0;2;2;1;1;
28506;202200018591;780 899;B01;1;7;0;2;3;0;1;
28507;202200018591;780 901;A01;3;7;0;2;3;15;2;
28508;202200018592;780 896;A01;1;7;0;2;4;1;1;
28509;202200018593;780 895;A01;1;7;0;1;0;0;1;
28510;202200018594;780 892;B01;1;33;0;2;2;1;1;
28511;202200018594;780 894;A01;3;7;0;2;3;9;1;
28512;202200018595;780 891;A01;3;7;0;2;1;2;1;
28513;202200018595;780 893;B01;3;7;0;2;4;1;1;
28514;202200018596;780 889;A01;1;1;0;2;0;0;5;
28515;202200018597;780 887;A01;1;7;13;0;3;1;1;
28516;202200018598;780 886;A01;1;7;0;2;4;2;1;
28517;202200018598;780 888;B01;1;7;0;2;4;2;1;
28518;202200018598;780 890;C01;1;7;0;2;1;2;1;
28519;202200018599;780 878;B01;3;10;0;2;1;26;1;
28520;202200018599;780 882;A01;3;7;1;0;1;14;1;
28521;202200018600;780 877;C01;1;7;0;0;8;1;1;
28522;202200018600;780 881;B01;1;7;0;2;9;0;1;
28523;202200018600;780 884;A01;1;7;0;2;1;0;1;
28524;202200018601;780 879;A01;1;7;0;2;1;16;1;
28525;202200018601;780 883;B01;2;1;0;2;1;5;5;
28526;202200018602;780 880;B01;2;7;0;2;1;1;1;
28527;202200018602;780 885;A01;1;34;0;2;1;26;1;
28528;202200018603;780 872;A01;1;7;0;9;1;9;1;
28529;202200018603;780 876;B01;1;50;0;2;1;1;3;
28530;202200018604;780 870;B01;2;2;0;2;4;1;1;
28531;202200018604;780 875;A01;2;7;0;2;3;9;1;
28532;202200018605;780 871;B01;3;1;1;2;1;2;0;
28533;202200018605;780 873;A01;3;7;14;2;4;23;1;
28534;202200018606;780 869;A01;2;7;0;1;3;15;1;
28535;202200018607;780 867;B01;2;40;0;2;8;1;3;
28536;202200018607;780 874;A01;1;14;0;4;6;4;1;
28537;202200018608;780 866;A01;1;7;0;2;1;1;1;
28538;202200018608;780 868;B01;2;37;0;2;1;1;1;1.0
28539;202200018609;780 865;A01;1;7;2;0;1;13;1;
28540;202200018610;780 864;A01;3;7;0;1;1;26;1;
28541;202200018611;780 863;A01;1;15;0;0;1;1;1;
28542;202200018612;780 860;A01;3;30;1;0;1;2;1;
28543;202200018613;780 858;A01;1;7;0;2;2;1;1;
28544;202200018613;780 861;Z01;1;7;0;2;1;1;1;
28545;202200018614;780 856;A01;1;7;0;2;2;1;1;
28546;202200018614;780 862;B01;1;7;0;2;7;1;1;
28547;202200018615;780 851;A01;1;7;0;2;3;15;1;
28548;202200018615;780 854;B01;2;32;0;2;1;17;1;
28549;202200018616;780 850;B01;1;2;0;2;2;1;1;
28550;202200018616;780 855;A01;1;10;0;2;1;9;1;
28551;202200018617;780 849;C01;0;7;-1;2;-1;15;-1;
28552;202200018617;780 852;B01;1;2;0;2;1;2;1;
28553;202200018618;780 847;A01;1;2;0;0;8;2;1;
28554;202200018618;780 848;B01;1;7;0;2;2;2;1;
28555;202200018619;780 844;B01;3;7;0;2;4;23;1;
28556;202200018619;780 846;A01;3;30;0;2;1;1;1;
28557;202200018620;780 843;B01;3;10;0;2;1;1;1;
28558;202200018620;780 845;A01;3;7;0;2;8;10;1;
28559;202200018621;780 839;A01;1;7;0;2;3;1;1;
28560;202200018621;780 842;B01;2;2;0;2;2;15;1;
28561;202200018622;780 841;A01;3;7;0;0;9;1;1;
28562;202200018623;780 838;A01;1;31;0;2;1;17;1;
28563;202200018623;780 840;B01;1;2;0;2;3;19;1;
28564;202200018624;780 837;A01;3;7;8;0;0;0;1;
28565;202200018625;780 834;A01;1;7;9;0;1;0;1;
28566;202200018626;780 835;B01;2;10;0;2;1;1;0;
28567;202200018626;780 836;A01;1;31;0;2;7;15;1;
28568;202200018628;780 831;A01;3;7;0;2;8;15;1;
28569;202200018628;780 832;B01;3;33;0;2;2;1;1;
28570;202200018628;780 833;C01;3;10;0;2;3;23;1;
28571;202200018629;780 828;A01;1;2;0;0;9;1;1;
28572;202200018630;780 827;A01;1;33;0;2;7;13;1;
28573;202200018630;780 829;B01;2;7;0;2;3;1;1;
28574;202200018631;780 825;A01;2;7;13;0;3;1;1;
28575;202200018632;780 824;B01;3;7;0;2;8;9;1;
28576;202200018632;780 826;A01;3;33;0;2;1;17;1;
28577;202200018633;780 823;A01;1;7;0;1;1;1;1;
28578;202200018634;780 821;A01;1;7;0;0;4;23;1;
28579;202200018634;780 822;B01;1;7;0;2;1;2;1;
28580;202200018635;780 819;A01;1;33;0;2;2;17;1;
28581;202200018635;780 820;B01;1;2;0;2;8;15;1;
28582;202200018636;780 816;A01;2;7;0;2;3;13;1;
28583;202200018636;780 817;B01;1;7;0;2;3;1;1;
28584;202200018637;780 813;B01;3;7;0;2;4;26;2;
28585;202200018637;780 815;A01;3;10;0;2;1;26;1;
28586;202200018638;780 811;A01;1;50;0;2;1;1;3;
28587;202200018638;780 814;B01;1;10;0;9;3;15;1;
28588;202200018639;780 810;B01;2;7;0;2;3;1;1;
28589;202200018639;780 812;A01;1;7;0;2;3;1;1;
28590;202200018640;780 809;A01;3;34;9;0;1;1;0;
28591;202200018641;780 806;A01;1;7;0;2;1;1;1;
28592;202200018641;780 808;B01;2;7;0;2;3;1;1;
28593;202200018642;780 803;A01;1;7;0;2;1;2;1;
28594;202200018642;780 804;B01;1;7;0;2;4;2;1;
28595;202200018643;780 802;A01;1;7;0;2;0;15;2;
28596;202200018643;780 805;B01;1;31;0;2;0;0;1;
28597;202200018644;780 800;A01;2;33;0;5;1;1;1;
28598;202200018645;780 797;B01;1;7;0;2;8;1;1;
28599;202200018645;780 799;C01;1;7;0;2;1;1;1;
28600;202200018645;780 801;A01;1;15;0;2;7;12;1;
28601;202200018646;780 795;A01;1;50;0;0;0;26;3;
28602;202200018647;780 793;B01;1;7;0;2;4;2;1;
28603;202200018647;780 796;A01;1;7;0;2;1;2;1;
28604;202200018648;780 794;A01;3;7;0;2;1;15;1;
28605;202200018648;780 798;B01;2;33;0;2;7;1;1;
28606;202200018649;780 790;A01;2;7;0;2;1;2;1;
28607;202200018649;780 792;B01;2;7;0;2;0;0;1;
28608;202200018650;780 787;A01;1;7;4;0;3;1;1;
28609;202200018652;780 785;B01;1;7;0;2;4;2;1;
28610;202200018652;780 788;C01;1;7;0;2;4;2;1;
28611;202200018652;780 791;A01;1;7;0;2;1;2;1;
28612;202200018654;780 781;A01;1;10;0;2;1;2;1;
28613;202200018654;780 783;B01;1;7;0;2;4;23;1;
28614;202200018654;780 784;C01;1;7;0;2;4;23;1;
28615;202200018655;780 779;B01;1;10;0;2;3;6;1;
28616;202200018655;780 780;A01;2;7;0;2;3;1;0;
28617;202200018656;780 778;A01;2;7;0;1;2;1;1;
28618;202200018657;780 776;A01;3;34;0;2;4;0;1;
28619;202200018657;780 777;B01;3;7;0;2;1;0;0;
28620;202200018658;780 774;A01;1;7;0;1;1;1;1;
28621;202200018660;780 772;A01;1;7;0;1;1;14;1;
28622;202200018661;780 770;B01;3;7;0;2;5;20;1;
28623;202200018661;780 773;A01;3;33;0;2;1;1;1;
28624;202200018664;780 767;A01;2;7;0;1;7;1;1;
28625;202200018665;780 764;B01;1;7;0;2;4;1;1;
28626;202200018665;780 766;A01;1;31;0;2;1;1;1;
28627;202200018666;780 763;A01;2;7;0;2;1;13;1;
28628;202200018666;780 765;B01;2;7;0;2;4;1;1;
28629;202200018667;780 757;B01;1;2;0;2;1;17;1;
28630;202200018667;780 760;A01;2;10;0;2;3;15;1;
28631;202200018668;780 755;A01;2;32;0;2;1;17;1;
28632;202200018669;780 754;Z01;2;7;0;2;1;2;0;
28633;202200018669;780 756;C01;2;7;0;2;4;23;1;
28634;202200018669;780 759;B01;2;7;0;2;4;23;1;
28635;202200018669;780 762;A01;2;7;0;2;4;2;1;
28636;202200018670;780 758;A01;1;10;0;2;5;12;1;
28637;202200018670;780 761;B01;1;33;0;2;1;1;1;
28638;202200018671;780 751;B01;3;50;0;2;0;5;3;
28639;202200018671;780 753;A01;3;7;0;2;3;1;1;
28640;202200018672;780 747;A01;1;7;0;1;2;9;1;
28641;202200018673;780 748;A01;1;7;0;2;1;2;3;
28642;202200018673;780 750;B01;1;7;0;2;1;2;2;
28643;202200018673;780 752;C01;1;7;0;2;4;2;2;
28644;202200018674;780 746;A01;2;7;0;1;1;1;1;
28645;202200018675;780 743;B01;2;7;0;2;4;23;2;
28646;202200018675;780 745;A01;2;33;0;2;1;11;1;
28647;202200018676;780 742;A01;2;10;0;2;1;16;1;
28648;202200018676;780 749;B01;1;7;8;2;1;1;1;
28649;202200018678;780 740;A01;1;32;0;0;0;3;1;
28650;202200018680;780 738;A01;3;7;12;0;3;1;1;
28651;202200018681;780 737;A01;2;33;0;0;8;1;1;
28652;202200018682;780 733;B01;2;37;0;2;3;1;1;1.0
28653;202200018682;780 735;A01;2;7;0;2;2;26;1;
28654;202200018683;780 734;B01;1;7;0;2;2;1;1;
28655;202200018683;780 736;A01;1;32;0;2;0;0;1;
28656;202200018684;780 730;B01;1;33;0;2;3;1;1;
28657;202200018684;780 732;A01;1;7;0;2;8;11;1;
28658;202200018685;780 729;A01;2;7;0;2;3;1;3;
28659;202200018685;780 731;B01;3;1;0;2;4;26;5;
28660;202200018686;780 727;B01;0;32;0;2;8;1;1;
28661;202200018686;780 728;A01;0;7;0;2;2;15;1;
28662;202200018687;780 725;A01;3;7;13;1;1;1;1;
28663;202200018688;780 724;A01;2;7;15;0;1;6;1;
28664;202200018689;780 723;A01;1;7;0;2;4;2;1;
28665;202200018689;780 726;B01;1;7;0;2;4;2;1;
28666;202200018690;780 720;A01;1;7;0;2;1;9;1;
28667;202200018690;780 722;B01;1;7;0;2;2;1;1;
28668;202200018691;780 719;A01;1;30;0;2;1;1;1;
28669;202200018691;780 721;B01;1;7;0;2;3;1;1;
28670;202200018692;780 715;A01;1;7;0;2;6;1;1;
28671;202200018692;780 717;Z01;1;7;0;2;2;12;1;
28672;202200018693;780 713;A01;2;32;0;2;8;18;1;
28673;202200018693;780 718;B01;2;7;0;2;3;1;1;
28674;202200018694;780 712;A01;1;7;1;0;3;19;1;
28675;202200018696;780 711;A01;2;34;0;0;7;1;1;
28676;202200018698;780 703;B01;1;7;0;2;8;11;1;
28677;202200018698;780 707;A01;1;33;0;2;2;3;1;
28678;202200018699;780 704;A01;0;15;0;2;3;9;1;
28679;202200018699;780 706;B01;0;10;0;2;7;2;1;
28680;202200018700;780 700;A01;1;50;0;2;1;9;3;
28681;202200018700;780 702;B01;2;7;0;2;5;1;1;
28682;202200018701;780 698;A01;2;32;0;2;1;3;1;
28683;202200018701;780 701;B01;2;10;0;2;5;1;1;
28684;202200018703;780 696;A01;1;7;0;0;0;14;1;
28685;202200018704;780 691;A01;3;10;0;2;1;9;1;
28686;202200018704;780 694;B01;1;7;0;2;8;1;1;
28687;202200018705;780 692;A01;1;32;0;2;2;3;1;
28688;202200018705;780 693;B01;1;10;0;2;8;22;1;
28689;202200018705;780 695;C01;1;7;0;2;1;23;1;
28690;202200018707;780 688;A01;0;0;-1;-1;-1;0;-1;
28691;202200018708;780 686;A01;1;7;0;2;1;1;1;
28692;202200018708;780 690;B01;2;7;0;2;8;1;1;
28693;202200018709;780 680;B01;3;7;0;2;6;1;1;
28694;202200018709;780 684;A01;3;7;0;2;2;1;1;
28695;202200018710;780 679;D01;1;7;0;2;4;1;1;
28696;202200018710;780 681;C01;1;7;0;2;4;1;1;
28697;202200018710;780 682;B01;1;7;0;2;4;1;1;
28698;202200018710;780 685;A01;1;7;0;2;1;1;1;
28699;202200018711;780 677;A01;0;7;0;2;1;1;0;
28700;202200018711;780 678;B01;1;33;0;2;4;26;1;
28701;202200018712;780 675;A01;1;31;0;2;1;17;1;
28702;202200018712;780 676;B01;1;33;0;2;1;1;1;
28703;202200018713;780 673;A01;2;7;0;2;2;1;1;
28704;202200018713;780 674;B01;2;7;4;2;6;1;1;
28705;202200018714;780 671;A01;1;7;8;0;1;15;1;
28706;202200018715;780 672;B01;2;32;0;2;3;1;1;
28707;202200018715;780 683;A01;1;7;0;2;3;17;1;
28708;202200018716;780 669;B01;2;1;0;2;1;1;5;
28709;202200018716;780 670;A01;1;7;0;2;5;15;1;
28710;202200018717;780 665;A01;2;7;0;2;1;1;1;
28711;202200018717;780 668;B01;1;7;0;2;1;1;1;
28712;202200018718;780 664;B01;2;10;0;2;4;2;1;
28713;202200018718;780 666;A01;2;10;0;2;1;2;1;
28714;202200018719;780 660;A01;1;32;0;2;0;3;1;
28715;202200018719;780 662;B01;1;10;0;2;0;11;1;
28716;202200018720;780 659;A01;1;7;0;2;3;2;1;
28717;202200018720;780 663;B01;1;7;0;2;2;15;1;
28718;202200018721;780 661;B01;3;50;0;2;1;1;3;
28719;202200018721;780 667;A01;2;31;0;2;3;1;1;
28720;202200018722;780 657;B01;2;33;0;2;1;16;1;
28721;202200018722;780 658;A01;2;1;0;2;4;16;5;
28722;202200018723;780 655;A01;2;1;1;0;1;13;5;
28723;202200018724;780 654;A01;1;7;1;2;1;21;1;
28724;202200018724;780 656;B01;1;7;0;0;0;10;1;
28725;202200018725;780 652;A01;1;32;0;2;1;16;1;
28726;202200018725;780 653;B01;2;7;0;2;3;23;3;
28727;202200018726;780 649;A01;2;7;0;2;2;9;1;
28728;202200018726;780 650;B01;2;3;0;2;6;1;1;
28729;202200018727;780 646;B01;1;43;0;2;1;1;1;
28730;202200018727;780 647;A01;1;7;0;2;2;10;1;
28731;202200018728;780 648;B01;1;7;0;2;2;15;1;
28732;202200018728;780 651;A01;2;32;0;2;3;7;1;
28733;202200018730;780 644;A01;1;7;0;1;1;1;1;
28734;202200018731;780 643;A01;1;7;12;1;3;1;1;
28735;202200018732;780 638;A01;1;7;9;0;2;16;1;
28736;202200018732;780 640;B01;2;1;9;2;1;1;5;
28737;202200018733;780 637;A01;2;1;0;2;7;13;5;
28738;202200018733;780 639;B01;2;1;0;2;7;1;5;
28739;202200018733;780 641;Z01;2;1;0;2;6;1;5;
28740;202200018734;780 642;A01;1;1;0;1;1;1;5;
28741;202200018735;780 634;A01;1;10;0;2;0;0;1;
28742;202200018735;780 636;B01;1;10;0;2;0;0;1;
28743;202200018736;780 632;A01;1;33;0;2;2;3;1;
28744;202200018736;780 633;B01;1;30;0;2;8;13;1;
28745;202200018736;780 635;C01;1;7;0;2;4;17;1;
28746;202200018737;780 630;B01;2;7;0;2;4;1;1;
28747;202200018737;780 631;A01;2;7;1;2;1;1;1;
28748;202200018738;780 628;A01;1;7;0;2;0;1;1;
28749;202200018738;780 629;B01;1;7;0;2;0;23;1;
28750;202200018739;780 625;A01;1;7;0;2;1;15;1;
28751;202200018739;780 627;B01;2;30;0;2;6;18;1;
28752;202200018740;780 623;A01;1;7;0;2;5;1;2;
28753;202200018740;780 624;B01;1;34;0;2;8;1;1;
28754;202200018741;780 622;A01;2;10;0;1;1;1;0;
28755;202200018742;780 621;B01;1;30;0;2;1;18;1;
28756;202200018742;780 626;A01;1;7;0;2;2;16;1;
28757;202200018743;780 620;A01;2;7;4;0;1;1;1;
28758;202200018744;780 619;A01;1;1;0;0;0;1;5;
28759;202200018745;780 615;A01;1;7;0;2;3;13;1;
28760;202200018745;780 617;B01;1;43;0;2;2;5;1;
28761;202200018746;780 614;B01;1;1;0;2;1;1;5;
28762;202200018746;780 618;A01;1;37;0;2;7;1;2;1.0
28763;202200018747;780 613;A01;2;7;0;2;2;9;1;
28764;202200018747;780 616;B01;2;2;0;2;1;1;1;
28765;202200018748;780 610;B01;1;43;0;2;2;1;1;
28766;202200018748;780 611;A01;1;7;0;2;3;15;1;
28767;202200018749;780 608;B01;1;7;0;2;0;1;1;
28768;202200018749;780 612;A01;1;30;0;2;1;1;3;
28769;202200018750;780 607;A01;1;30;0;2;1;2;1;
28770;202200018750;780 609;B01;1;7;0;2;4;23;1;
28771;202200018751;780 605;A01;1;10;0;2;0;22;1;
28772;202200018751;780 606;B01;1;1;0;2;1;1;5;
28773;202200018752;780 602;B01;2;1;0;2;4;2;5;
28774;202200018752;780 604;A01;2;7;1;2;2;2;3;
28775;202200018753;780 600;B01;3;37;0;2;0;13;3;1.0
28776;202200018753;780 601;A01;1;50;0;0;4;1;3;
28777;202200018754;780 598;B01;0;7;0;2;4;2;1;
28778;202200018754;780 603;A01;0;7;0;2;1;2;1;
28779;202200018755;780 596;A01;2;7;0;2;1;1;1;
28780;202200018755;780 599;B01;3;7;0;2;8;1;2;
28781;202200018756;780 595;A01;2;7;0;0;6;22;1;
28782;202200018756;780 597;B01;2;1;1;0;7;1;5;
28783;202200018758;780 590;A01;2;7;0;2;6;2;1;
28784;202200018758;780 592;B01;2;43;0;2;2;2;1;
28785;202200018759;780 591;B01;1;30;0;2;1;1;1;
28786;202200018759;780 594;A01;1;7;0;2;8;1;1;
28787;202200018760;780 589;A01;1;1;0;0;0;1;5;
28788;202200018761;780 588;Z01;1;7;0;1;0;1;1;
28789;202200018762;780 585;B01;2;50;0;9;3;1;3;
28790;202200018762;780 587;A01;1;10;0;2;1;15;1;
28791;202200018763;780 586;A01;2;50;0;0;0;1;3;
28792;202200018764;780 581;B01;1;7;0;2;8;1;1;
28793;202200018764;780 583;A01;1;7;0;2;1;1;1;
28794;202200018766;780 579;A01;1;7;1;0;1;26;1;
28795;202200018767;780 578;A01;1;1;0;1;1;1;5;
28796;202200018768;780 577;B01;1;15;0;2;3;1;1;
28797;202200018768;780 580;A01;2;7;0;2;1;13;1;
28798;202200018770;780 570;A01;3;7;0;2;4;1;1;
28799;202200018770;780 572;B01;3;7;0;2;9;1;1;
28800;202200018770;780 573;C01;3;7;0;2;9;1;1;
28801;202200018770;780 574;D01;3;7;0;2;9;1;1;
28802;202200018770;780 576;E01;3;7;0;2;1;1;1;
28803;202200018771;780 566;Z01;1;7;0;2;3;1;1;
28804;202200018771;780 568;A01;1;50;0;2;5;1;3;
28805;202200018772;780 569;A01;0;7;0;1;2;1;1;
28806;202200018773;780 565;B01;1;7;0;2;6;23;1;
28807;202200018773;780 567;A01;1;30;0;2;7;2;1;
28808;202200018774;780 562;A01;1;30;0;2;8;0;1;
28809;202200018774;780 564;B01;1;13;0;2;7;0;1;
28810;202200018775;780 559;B01;1;32;0;2;5;23;1;
28811;202200018775;780 561;A01;1;7;0;2;3;2;1;
28812;202200018777;780 556;A01;1;33;0;2;3;18;1;