;Num_Acc;id_vehicule;num_veh;senc;catv;obs;obsm;choc;manv;motor;occutc
28813;202200018777;780 558;B01;1;10;0;0;7;12;0;
28814;202200018778;780 554;A01;1;31;0;2;1;17;1;
28815;202200018778;780 555;B01;1;7;0;2;3;15;2;
28816;202200018779;780 551;B01;3;7;0;2;1;1;1;
28817;202200018779;780 553;A01;3;7;0;2;5;1;1;
28818;202200018780;780 546;A01;1;7;0;2;8;22;2;
28819;202200018780;780 547;B01;1;1;0;2;1;1;5;
28820;202200018781;780 548;C01;0;7;0;2;4;1;1;
28821;202200018781;780 550;B01;0;7;0;2;4;1;1;
28822;202200018781;780 552;A01;0;7;0;2;1;1;1;
28823;202200018782;780 544;C01;1;7;0;2;4;2;1;
28824;202200018782;780 545;B01;1;7;0;2;4;2;1;
28825;202200018782;780 549;A01;1;10;0;2;1;2;1;
28826;202200018784;780 540;A01;1;30;0;1;1;1;1;
28827;202200018785;780 539;B01;1;10;0;9;3;22;1;
28828;202200018785;780 541;A01;1;1;1;0;1;1;5;
28829;202200018786;780 537;A01;2;1;0;2;4;17;5;
28830;202200018786;780 538;Z01;2;30;0;2;0;1;0;
28831;202200018787;780 535;A01;1;7;0;2;1;5;1;
28832;202200018787;780 536;B01;1;43;0;2;1;2;1;
28833;202200018788;780 534;A01;1;30;1;0;1;14;1;
28834;202200018789;780 533;A01;1;31;0;1;3;1;1;
28835;202200018790;780 531;B01;1;7;0;2;2;1;0;
28836;202200018790;780 532;A01;3;32;0;2;7;1;0;
28837;202200018791;780 529;B01;1;1;0;2;0;18;5;
28838;202200018791;780 530;A01;1;7;0;2;5;1;2;
28839;202200018793;780 525;A01;2;1;8;0;0;0;5;
28840;202200018794;780 524;B01;2;33;0;2;7;15;1;
28841;202200018794;780 526;A01;2;31;0;2;1;1;1;
28842;202200018795;780 520;Y01;0;60;1;2;2;1;5;
28843;202200018795;780 522;A01;2;1;1;2;1;1;5;
28844;202200018796;780 523;B01;3;7;0;2;3;23;1;
28845;202200018796;780 527;A01;1;7;0;2;3;15;1;
28846;202200018797;780 519;A01;3;1;0;2;1;19;5;
28847;202200018797;780 521;B01;1;7;0;2;1;1;3;
28848;202200018798;780 517;B01;2;1;1;0;1;1;5;
28849;202200018798;780 518;A01;2;7;1;0;5;22;1;
28850;202200018799;780 515;A01;1;43;0;1;1;1;1;
28851;202200018800;780 514;A01;1;7;0;1;2;1;1;
28852;202200018801;780 511;A01;1;80;0;1;3;1;3;
28853;202200018802;780 513;A01;3;10;0;2;8;15;1;
28854;202200018802;780 516;B01;1;37;0;2;2;7;1;2.0
28855;202200018803;780 510;B01;2;10;0;0;6;1;1;
28856;202200018803;780 512;A01;2;33;0;2;2;17;1;
28857;202200018804;780 509;A01;2;1;0;0;0;1;5;
28858;202200018806;780 505;Z01;1;15;0;2;7;14;1;
28859;202200018806;780 507;A01;1;1;0;2;3;18;5;
28860;202200018807;780 504;A01;2;7;0;1;7;0;3;
28861;202200018808;780 501;B01;2;1;1;2;1;5;5;
28862;202200018808;780 502;A01;1;7;0;2;2;1;1;
28863;202200018809;780 498;A01;2;7;0;2;1;13;1;
28864;202200018809;780 500;B01;1;7;0;2;1;1;1;
28865;202200018809;780 503;C01;1;7;0;2;7;1;1;
28866;202200018810;780 497;B01;1;7;0;2;3;0;1;
28867;202200018810;780 499;A01;2;32;0;2;0;0;1;
28868;202200018811;780 493;A01;1;33;0;2;1;1;1;
28869;202200018811;780 495;B01;3;10;0;2;3;9;1;
28870;202200018812;780 492;B01;2;7;0;2;7;12;0;
28871;202200018812;780 494;A01;2;32;0;2;8;2;0;
28872;202200018813;780 488;B01;1;7;0;2;2;16;1;
28873;202200018813;780 489;A01;2;7;0;2;3;1;2;
28874;202200018814;780 487;B01;1;7;0;2;1;2;1;
28875;202200018814;780 490;A01;1;7;3;2;4;11;1;
28876;202200018815;780 486;A01;3;30;8;0;1;18;1;
28877;202200018817;780 480;A01;1;7;0;2;1;2;0;
28878;202200018817;780 482;B01;1;7;0;2;4;2;1;
28879;202200018817;780 484;C01;1;7;0;2;4;2;3;
28880;202200018817;780 485;D01;1;7;0;2;6;2;1;
28881;202200018818;780 476;A01;1;10;0;2;8;9;1;
28882;202200018818;780 478;B01;1;1;0;2;7;21;5;
28883;202200018820;780 475;B01;2;1;0;2;7;1;5;
28884;202200018820;780 479;A01;2;7;0;2;1;16;1;
28885;202200018821;780 472;A01;1;7;0;2;3;11;1;
28886;202200018821;780 473;B01;1;7;0;2;2;1;1;
28887;202200018822;780 471;A01;1;7;3;0;8;17;1;
28888;202200018823;780 468;B01;1;7;0;2;4;23;1;
28889;202200018823;780 470;A01;1;7;0;2;1;2;1;
28890;202200018824;780 463;B01;2;7;0;2;4;23;1;
28891;202200018824;780 465;A01;2;2;1;0;1;2;1;
28892;202200018825;780 464;A01;1;34;0;2;1;2;1;
28893;202200018825;780 466;B01;1;7;0;0;6;2;1;
28894;202200018826;780 457;A01;2;1;0;2;3;13;5;
28895;202200018826;780 460;B01;2;33;0;2;1;0;1;
28896;202200018827;780 458;B01;2;1;0;2;7;1;5;
28897;202200018827;780 461;A01;2;7;0;2;3;9;1;
28898;202200018828;780 452;A01;3;7;0;2;3;10;1;
28899;202200018828;780 455;B01;3;1;0;2;1;1;5;
28900;202200018829;780 451;A01;0;7;0;2;3;1;0;
28901;202200018829;780 453;B01;0;34;0;2;1;1;1;
28902;202200018830;780 448;A01;2;7;2;0;1;1;1;
28903;202200018831;780 450;A01;1;7;0;2;1;2;3;
28904;202200018831;780 454;B01;1;7;0;2;4;2;1;
28905;202200018831;780 456;C01;1;7;0;2;6;2;1;
28906;202200018831;780 459;D01;1;7;9;2;5;0;1;
28907;202200018831;780 462;E01;1;7;0;2;4;2;1;
28908;202200018831;780 467;F01;1;7;0;2;4;2;1;
28909;202200018832;780 444;B01;2;7;0;2;8;23;1;
28910;202200018832;780 446;D01;2;7;0;0;0;23;1;
28911;202200018832;780 447;C01;2;7;0;2;7;23;1;
28912;202200018832;780 449;A01;2;7;0;2;1;2;1;
28913;202200018833;780 443;B01;1;7;0;2;1;1;2;
28914;202200018833;780 445;A01;2;7;0;2;1;1;1;
28915;202200018834;780 441;A01;2;7;9;0;2;1;1;
28916;202200018835;780 439;A01;1;34;0;2;2;10;1;
28917;202200018835;780 442;B01;-1;7;0;2;0;0;-1;
28918;202200018836;780 438;A01;0;7;13;0;3;0;1;
28919;202200018837;780 435;B01;3;0;0;2;2;19;0;
28920;202200018837;780 437;A01;3;7;0;2;3;15;0;
28921;202200018838;780 434;A01;1;7;13;0;0;9;1;
28922;202200018839;780 436;A01;3;7;0;2;1;19;0;
28923;202200018839;780 440;B01;3;7;0;2;6;19;1;
28924;202200018840;780 431;B01;2;10;0;2;8;26;1;
28925;202200018840;780 432;A01;2;7;0;0;7;2;1;
28926;202200018842;780 429;A01;1;33;16;0;0;13;1;
28927;202200018843;780 427;A01;2;7;0;2;3;15;1;
28928;202200018843;780 428;B01;1;32;0;2;1;1;1;
28929;202200018845;780 422;B01;1;2;0;2;1;1;1;
28930;202200018845;780 423;A01;1;7;0;2;3;15;1;
28931;202200018846;780 421;C01;2;33;0;2;6;1;1;
28932;202200018846;780 424;B01;2;7;0;2;3;1;1;
28933;202200018846;780 426;A01;1;7;0;2;3;13;1;
28934;202200018847;780 418;A01;1;7;0;2;2;2;1;
28935;202200018847;780 420;B01;1;2;0;2;4;1;1;
28936;202200018848;780 419;A01;0;7;0;1;1;20;1;
28937;202200018849;780 413;A01;1;7;0;2;8;9;1;
28938;202200018849;780 416;B01;1;2;0;2;1;9;3;
28939;202200018851;780 414;B01;0;7;0;2;1;1;1;
28940;202200018851;780 417;A01;0;7;0;2;1;13;1;
28941;202200018852;780 409;A01;1;7;0;2;1;15;1;
28942;202200018852;780 411;B01;2;33;0;2;1;0;1;
28943;202200018853;780 407;A01;2;7;0;1;1;1;1;
28944;202200018854;780 406;B01;1;30;0;2;1;1;1;
28945;202200018854;780 410;A01;1;7;0;2;7;1;1;
28946;202200018855;780 404;A01;2;7;15;0;6;13;1;
28947;202200018856;780 403;B01;1;1;0;2;0;0;5;
28948;202200018856;780 405;A01;1;7;0;2;1;9;1;
28949;202200018857;780 402;A01;1;10;0;2;1;2;1;
28950;202200018857;780 408;B01;1;7;0;2;4;2;1;
28951;202200018858;780 400;B01;1;1;0;2;3;1;5;
28952;202200018858;780 401;A01;2;7;0;9;3;15;1;
28953;202200018859;780 399;A01;0;33;13;0;2;26;1;
28954;202200018860;780 397;A01;2;7;0;2;3;2;0;
28955;202200018860;780 398;B01;2;33;0;2;1;17;1;
28956;202200018861;780 395;A01;3;1;0;1;1;1;5;
28957;202200018862;780 389;A01;1;10;0;2;3;2;1;
28958;202200018862;780 391;B01;1;33;0;0;4;1;1;
28959;202200018862;780 393;C01;1;33;0;0;4;1;1;
28960;202200018862;780 394;D01;1;34;0;0;4;1;1;
28961;202200018863;780 390;A01;2;7;0;2;1;16;1;
28962;202200018863;780 392;B01;1;1;0;2;1;5;5;
28963;202200018864;780 388;A01;1;2;0;2;1;2;1;
28964;202200018864;780 396;B01;1;7;0;2;2;1;1;
28965;202200018865;780 385;B01;1;7;0;2;3;1;1;
28966;202200018865;780 387;A01;2;7;0;2;3;13;1;
28967;202200018866;780 384;B01;2;7;0;2;6;15;1;
28968;202200018866;780 386;A01;2;31;0;2;6;1;1;
28969;202200018867;780 382;A01;1;33;0;6;1;19;1;
28970;202200018868;780 381;A01;2;7;0;1;4;20;1;
28971;202200018869;780 378;A01;2;7;0;9;3;2;1;
28972;202200018869;780 379;B01;1;1;0;0;7;1;5;
28973;202200018870;780 376;A01;2;7;0;2;3;1;1;
28974;202200018870;780 383;B01;0;7;0;2;7;1;1;
28975;202200018871;780 374;B01;2;7;1;0;6;1;1;
28976;202200018871;780 377;A01;1;33;1;2;2;1;1;
28977;202200018872;780 370;B01;1;50;9;2;1;1;3;
28978;202200018872;780 371;A01;2;7;9;2;5;15;1;
28979;202200018873;780 369;A01;2;7;6;2;1;1;1;
28980;202200018873;780 373;B01;1;30;0;2;7;15;1;
28981;202200018874;780 372;A01;1;7;0;1;1;1;1;
28982;202200018875;780 368;A01;2;7;17;0;2;14;1;
28983;202200018876;780 367;A01;1;36;12;0;8;0;1;
28984;202200018877;780 365;A01;1;7;6;0;3;1;1;
28985;202200018878;780 363;A01;1;10;6;0;1;1;1;
28986;202200018879;780 362;B01;1;7;4;0;4;23;1;
28987;202200018879;780 366;A01;1;7;0;2;3;14;1;
28988;202200018880;780 359;B01;2;7;0;2;1;1;1;
28989;202200018880;780 360;A01;1;7;0;2;1;13;1;
28990;202200018881;780 358;A01;2;7;0;1;2;1;2;
28991;202200018882;780 361;B01;2;10;0;2;2;1;1;
28992;202200018882;780 364;A01;2;30;0;2;5;1;1;
28993;202200018883;780 356;A01;2;33;0;2;1;13;1;
28994;202200018883;780 357;B01;1;10;0;2;3;1;1;
28995;202200018884;780 354;A01;1;34;11;0;1;17;1;
28996;202200018885;780 355;A01;0;33;6;0;1;15;1;
28997;202200018887;780 349;A01;2;10;0;2;3;13;1;
28998;202200018887;780 351;B01;1;7;0;2;8;1;1;
28999;202200018889;780 344;B01;2;7;0;2;2;1;1;
29000;202200018889;780 346;A01;3;1;0;2;8;9;5;
29001;202200018890;780 343;A01;1;7;0;2;1;1;1;
29002;202200018890;780 345;B01;2;7;0;0;1;13;1;
29003;202200018891;780 341;A01;2;33;0;6;1;1;1;
29004;202200018892;780 340;A01;2;7;7;0;0;1;1;
29005;202200018893;780 342;C01;3;7;0;2;4;2;1;
29006;202200018893;780 347;B01;3;7;0;2;4;2;1;
29007;202200018893;780 353;A01;3;7;0;2;1;2;1;
29008;202200018894;780 336;A01;1;2;0;0;7;16;1;
29009;202200018895;780 335;D01;1;15;0;2;3;11;1;
29010;202200018895;780 337;C01;1;7;0;2;2;1;1;
29011;202200018895;780 338;B01;1;7;0;2;3;2;1;
29012;202200018895;780 339;A01;1;7;0;2;3;1;1;
29013;202200018896;780 333;A01;1;7;0;1;2;0;1;
29014;202200018897;780 334;A01;2;7;0;1;1;1;2;
29015;202200018898;780 332;B01;3;2;0;0;9;1;1;
29016;202200018899;780 330;B01;0;7;0;0;3;1;1;
29017;202200018899;780 331;A01;0;2;0;2;3;1;1;
29018;202200018900;780 327;A01;2;33;0;2;1;13;1;
29019;202200018900;780 329;B01;1;7;0;2;1;23;1;
29020;202200018901;780 326;A01;1;13;17;0;2;1;0;
29021;202200018903;780 323;A01;3;2;0;0;7;1;1;
29022;202200018905;780 321;A01;1;7;16;0;0;1;1;
29023;202200018906;780 319;A01;2;7;14;0;1;2;2;
29024;202200018907;780 320;A01;1;30;0;0;7;9;1;
29025;202200018908;780 315;B01;0;7;0;2;1;9;1;
29026;202200018908;780 318;A01;1;33;0;2;7;1;0;
29027;202200018909;780 313;A01;2;7;2;0;9;1;1;
29028;202200018910;780 308;B01;2;7;0;9;1;1;1;
29029;202200018910;780 311;A01;2;1;0;2;1;19;5;
29030;202200018911;780 309;A01;1;7;0;2;1;1;1;
29031;202200018911;780 312;B01;1;10;0;2;4;23;1;
29032;202200018911;780 314;C01;1;7;0;2;5;23;1;
29033;202200018911;780 316;D01;1;7;0;2;5;23;1;
29034;202200018911;780 317;E01;1;7;0;2;4;23;1;
29035;202200018912;780 305;B01;3;33;0;2;2;17;1;
29036;202200018912;780 307;A01;3;7;0;2;3;15;1;
29037;202200018913;780 304;A01;1;7;0;2;5;14;1;
29038;202200018913;780 306;B01;1;34;0;2;3;3;1;
29039;202200018915;780 298;B01;2;15;0;2;2;1;1;
29040;202200018915;780 300;A01;2;7;0;2;8;0;1;
29041;202200018916;780 299;B01;2;15;0;2;1;1;1;
29042;202200018916;780 301;A01;1;7;6;2;5;13;1;
29043;202200018917;780 296;A01;2;7;3;0;2;0;1;
29044;202200018918;780 295;A01;1;7;0;0;2;1;1;
29045;202200018919;780 297;A01;2;37;0;2;1;1;6;6.0
29046;202200018919;780 310;B01;2;7;0;2;8;10;1;
29047;202200018921;780 292;A01;3;7;0;1;2;16;1;
29048;202200018922;780 289;B01;2;7;0;2;3;11;1;
29049;202200018922;780 291;A01;2;15;0;2;1;1;1;
29050;202200018924;780 284;B01;2;7;0;2;4;2;1;
29051;202200018924;780 286;A01;2;10;0;2;1;2;1;
29052;202200018925;780 283;A01;2;33;3;0;1;1;1;
29053;202200018926;780 285;A01;3;7;0;2;1;13;1;
29054;202200018926;780 290;B01;3;7;0;2;1;1;1;
29055;202200018927;780 281;A01;1;7;0;2;2;1;1;
29056;202200018927;780 282;B01;1;38;0;2;3;2;1;1.0
29057;202200018928;780 277;B01;2;7;0;2;6;1;1;
29058;202200018928;780 278;A01;2;7;4;2;9;26;1;
29059;202200018929;780 275;A01;2;7;13;0;0;13;1;
29060;202200018931;780 271;A01;2;7;0;2;8;1;1;
29061;202200018931;780 272;B01;2;30;0;2;7;17;1;
29062;202200018932;780 265;A01;1;7;7;2;6;19;1;
29063;202200018932;780 267;B01;2;10;0;2;3;1;1;
29064;202200018933;780 270;B01;3;32;0;2;3;1;1;
29065;202200018933;780 276;A01;3;7;0;2;3;15;1;
29066;202200018934;780 264;A01;0;7;0;2;1;9;1;
29067;202200018934;780 266;B01;1;33;0;2;1;1;1;
29068;202200018934;780 268;C01;1;33;0;2;1;1;1;
29069;202200018934;780 269;D01;1;33;0;2;1;1;1;
29070;202200018935;780 263;A01;2;7;2;0;8;1;1;
29071;202200018937;780 259;A01;3;7;12;0;1;1;1;
29072;202200018938;780 258;A01;1;7;0;2;2;17;1;
29073;202200018938;780 260;B01;1;7;0;0;6;21;1;
29074;202200018939;780 256;A01;2;30;0;1;1;2;1;
29075;202200018940;780 257;A01;1;33;0;0;0;1;1;
29076;202200018941;780 254;A01;1;7;0;1;1;1;1;
29077;202200018942;780 253;B01;2;7;5;2;7;15;2;
29078;202200018942;780 255;A01;2;7;0;2;1;1;1;
29079;202200018943;780 251;A01;2;7;0;1;1;1;1;
29080;202200018944;780 249;A01;1;7;0;2;4;2;1;
29081;202200018944;780 250;B01;1;33;0;2;7;2;1;
29082;202200018944;780 252;C01;1;7;0;2;8;11;1;
29083;202200018945;780 248;A01;3;7;0;2;1;1;1;
29084;202200018946;780 246;B01;1;33;0;2;1;1;1;
29085;202200018946;780 247;A01;1;7;0;2;6;17;1;
29086;202200018948;780 242;B01;1;7;0;2;4;2;1;
29087;202200018948;780 245;A01;1;33;0;2;1;1;1;
29088;202200018949;780 241;B01;3;7;0;2;8;1;3;
29089;202200018949;780 243;A01;3;7;0;2;2;1;1;
29090;202200018950;780 237;A01;1;7;8;0;1;15;1;
29091;202200018951;780 238;B01;2;99;0;2;8;18;0;
29092;202200018951;780 240;A01;2;7;13;2;1;12;1;
29093;202200018952;780 233;Z01;2;7;0;2;2;0;1;
29094;202200018952;780 236;B01;2;7;0;2;8;0;1;
29095;202200018952;780 239;A01;2;7;14;2;1;0;1;
29096;202200018953;780 234;B01;2;7;0;2;3;1;1;
29097;202200018953;780 235;A01;1;7;0;2;1;13;1;
29098;202200018954;780 230;B01;3;7;0;0;5;1;0;
29099;202200018954;780 232;A01;3;30;0;0;0;0;0;
29100;202200018955;780 229;A01;3;7;0;2;1;19;1;
29101;202200018955;780 231;B01;2;32;0;2;7;1;1;
29102;202200018956;780 227;A01;0;7;0;1;0;1;1;
29103;202200018957;780 225;B01;2;10;0;2;1;2;1;
29104;202200018957;780 228;A01;2;17;0;2;4;1;1;
29105;202200018958;780 224;B01;2;33;0;2;2;1;1;
29106;202200018958;780 226;A01;1;7;0;2;1;15;2;
29107;202200018959;780 222;A01;3;7;0;1;3;1;1;
29108;202200018960;780 221;B01;1;1;0;0;1;0;5;
29109;202200018960;780 223;A01;1;7;0;0;1;1;1;
29110;202200018961;780 216;A01;2;31;0;2;1;1;1;
29111;202200018961;780 219;B01;1;7;0;2;2;1;1;
29112;202200018962;780 218;A01;2;7;0;2;1;1;1;
29113;202200018962;780 220;B01;2;7;0;2;4;1;1;
29114;202200018963;780 214;A01;1;7;0;2;1;15;1;
29115;202200018963;780 217;B01;1;7;0;2;1;1;1;
29116;202200018964;780 213;B01;2;7;6;2;2;17;1;
29117;202200018964;780 215;A01;2;7;0;2;8;13;1;
29118;202200018965;780 211;A01;0;7;0;1;2;0;0;
29119;202200018966;780 210;Z01;2;7;0;2;0;0;0;
29120;202200018966;780 212;A01;1;33;0;2;8;1;1;
29121;202200018967;780 207;A01;2;7;0;0;3;1;1;
29122;202200018969;780 205;A01;2;7;6;0;1;25;1;
29123;202200018971;780 202;A01;2;34;0;2;1;5;1;
29124;202200018971;780 206;B01;1;7;0;2;1;11;1;
29125;202200018972;780 200;A01;1;7;13;0;3;13;1;
29126;202200018973;780 201;B01;1;1;0;2;1;1;5;
29127;202200018973;780 203;A01;1;7;0;2;0;26;1;
29128;202200018974;780 199;A01;2;7;6;0;2;1;0;
29129;202200018975;780 197;A01;3;7;0;2;1;1;1;
29130;202200018975;780 198;B01;3;7;0;2;1;1;1;
29131;202200018976;780 193;A01;3;7;0;2;1;15;1;
29132;202200018976;780 196;B01;3;2;0;2;7;3;1;
29133;202200018977;780 194;B01;1;10;0;2;4;1;1;
29134;202200018977;780 195;A01;1;7;0;2;1;1;1;
29135;202200018978;780 190;A01;1;7;2;0;1;14;1;
29136;202200018979;780 186;B01;1;1;0;2;7;1;5;
29137;202200018979;780 188;A01;1;7;0;2;1;9;1;
29138;202200018980;780 187;A01;1;7;0;2;2;10;1;
29139;202200018980;780 189;B01;1;30;0;2;1;1;1;
29140;202200018981;780 184;A01;1;33;0;0;9;1;1;
29141;202200018982;780 183;B01;1;99;0;2;1;1;1;
29142;202200018982;780 185;A01;1;31;0;2;1;1;1;
29143;202200018983;780 181;A01;1;7;0;0;1;26;1;
29144;202200018984;780 180;B01;1;7;0;2;4;2;1;
29145;202200018984;780 182;A01;1;10;0;2;1;1;1;
29146;202200018985;780 177;A01;1;1;1;0;1;2;5;
29147;202200018985;780 179;B01;1;15;0;0;4;23;1;
29148;202200018986;780 172;Z01;3;7;0;2;2;17;0;
29149;202200018986;780 176;B01;3;60;0;2;1;1;5;
29150;202200018987;780 169;A01;1;10;0;2;3;1;1;
29151;202200018987;780 171;B01;2;7;0;2;3;1;1;
29152;202200018987;780 174;C01;2;7;0;2;3;1;1;
29153;202200018988;780 167;A01;1;10;0;2;1;2;1;
29154;202200018988;780 168;B01;1;7;0;2;4;2;1;
29155;202200018988;780 173;C01;1;10;0;2;6;2;1;
29156;202200018989;780 165;A01;1;7;0;2;1;1;1;
29157;202200018989;780 166;B01;1;7;0;0;4;1;1;
29158;202200018990;780 170;B01;2;7;0;2;1;1;1;
29159;202200018990;780 175;A01;1;7;0;2;2;1;1;
29160;202200018991;780 163;Z01;1;7;0;2;1;1;1;
29161;202200018991;780 164;B01;1;7;0;2;4;1;1;
29162;202200018992;780 156;B01;2;10;0;2;3;1;1;
29163;202200018992;780 158;A01;2;7;0;2;1;1;1;
29164;202200018993;780 157;C01;2;7;0;2;1;1;1;
29165;202200018993;780 159;B01;2;7;0;2;1;1;1;
29166;202200018993;780 161;A01;2;7;0;0;4;23;1;
29167;202200018994;780 160;A01;3;7;0;2;1;15;1;
29168;202200018994;780 162;B01;3;33;0;2;0;0;1;
29169;202200018995;780 154;A01;3;7;0;1;2;26;1;
29170;202200018996;780 153;A01;2;7;0;2;5;12;1;
29171;202200018996;780 155;B01;2;33;0;2;2;1;1;
29172;202200018997;780 148;A01;2;7;0;0;0;1;1;
29173;202200018997;780 150;Z01;2;7;0;2;1;3;1;
29174;202200018998;780 152;A01;1;30;15;0;2;1;1;
29175;202200018999;780 147;C01;1;7;0;2;1;1;1;
29176;202200018999;780 149;B01;2;7;0;2;1;1;1;
29177;202200018999;780 151;A01;1;7;0;2;4;9;1;
29178;202200019000;780 146;A01;2;33;0;0;0;1;1;
29179;202200019002;780 139;A01;2;14;0;2;2;11;1;
29180;202200019002;780 141;B01;2;33;0;2;6;1;1;
29181;202200019002;780 143;C01;2;33;0;2;7;1;1;
29182;202200019003;780 137;A01;3;10;0;1;0;1;1;
29183;202200019005;780 142;B01;2;7;14;0;2;5;0;
29184;202200019005;780 144;A01;1;7;0;0;5;23;1;
29185;202200019006;780 133;A01;1;10;3;0;3;0;1;
29186;202200019007;780 132;Z01;2;7;0;0;0;0;0;
29187;202200019007;780 135;A01;2;7;0;2;3;26;1;
29188;202200019008;780 134;A01;1;33;1;0;1;1;1;
29189;202200019009;780 131;A01;2;33;0;0;3;1;1;
29190;202200019010;780 129;A01;3;7;0;1;1;1;1;
29191;202200019011;780 128;A01;2;7;0;2;4;1;2;
29192;202200019011;780 130;B01;2;33;0;2;1;1;1;
29193;202200019012;780 126;A01;2;1;0;0;0;2;5;
29194;202200019013;780 124;B01;2;7;0;2;1;5;0;
29195;202200019013;780 127;A01;1;10;0;2;1;1;0;
29196;202200019014;780 125;A01;1;7;0;1;3;1;1;
29197;202200019015;780 123;A01;3;2;0;0;0;0;1;
29198;202200019016;780 122;A01;1;1;0;2;1;1;5;
29199;202200019017;780 120;B01;2;7;0;2;8;9;1;
29200;202200019017;780 121;A01;2;34;0;2;7;3;1;
29201;202200019018;780 118;A01;3;10;0;2;6;1;1;
29202;202200019018;780 119;B01;3;2;0;2;1;13;1;
29203;202200019019;780 117;A01;1;7;0;1;3;15;1;
29204;202200019021;780 114;B01;1;7;4;2;6;0;1;
29205;202200019021;780 116;A01;1;7;0;2;2;12;1;
29206;202200019022;780 113;B01;2;10;1;0;4;24;1;
29207;202200019023;780 112;A01;2;7;0;1;5;1;1;
29208;202200019024;780 109;A01;1;10;2;0;8;14;1;
29209;202200019026;780 106;A01;-1;7;0;2;1;2;1;
29210;202200019026;780 110;B01;-1;7;0;2;4;2;1;
29211;202200019027;780 104;B01;1;7;0;2;4;2;2;
29212;202200019027;780 105;A01;1;7;0;2;1;2;1;
29213;202200019028;780 103;A01;1;7;3;0;9;12;1;
29214;202200019029;780 100;A01;1;32;0;2;2;3;1;
29215;202200019029;780 102;B01;1;7;0;2;6;11;1;
29216;202200019030;780 101;A01;0;7;0;1;1;16;1;
29217;202200019031;780 097;A01;1;7;0;2;1;12;1;
29218;202200019031;780 098;B01;1;7;0;2;6;1;1;
29219;202200019032;780 099;A01;1;33;0;0;9;1;1;
29220;202200019033;780 094;A01;1;7;3;0;1;14;2;
29221;202200019035;780 092;B01;2;31;0;2;1;1;1;
29222;202200019035;780 096;A01;1;7;0;2;6;15;1;
29223;202200019036;780 089;B01;2;7;0;2;5;15;1;
29224;202200019036;780 091;A01;2;7;0;2;1;1;1;
29225;202200019037;780 088;A01;1;7;0;2;4;23;1;
29226;202200019037;780 090;B01;1;7;0;2;2;1;1;
29227;202200019038;780 085;B01;1;1;0;2;1;1;5;
29228;202200019038;780 086;A01;1;30;0;2;2;16;1;
29229;202200019039;780 087;A01;1;7;12;0;8;2;1;
29230;202200019040;780 083;B01;1;10;0;2;1;15;1;
29231;202200019040;780 084;A01;1;32;0;2;1;1;1;
29232;202200019041;780 081;A01;2;1;0;0;0;1;5;
29233;202200019042;780 076;A01;2;7;0;2;2;12;1;
29234;202200019042;780 079;B01;2;7;0;2;3;1;1;
29235;202200019042;780 082;Z01;2;7;0;2;3;1;1;
29236;202200019043;780 077;A01;1;10;0;2;4;2;1;
29237;202200019043;780 078;B01;1;1;0;9;1;2;5;
29238;202200019044;780 080;A01;3;33;15;9;1;0;1;
29239;202200019045;780 072;A01;2;34;0;1;8;1;1;
29240;202200019047;780 074;A01;1;10;13;0;9;14;1;
29241;202200019048;780 070;B01;1;1;0;2;2;1;5;
29242;202200019048;780 071;A01;1;7;0;2;8;22;0;
29243;202200019049;780 069;A01;2;33;8;0;0;1;1;
29244;202200019050;780 066;A01;0;7;0;1;1;1;1;
29245;202200019051;780 065;A01;2;7;0;1;1;1;2;
29246;202200019052;780 064;A01;2;7;0;1;2;1;1;
29247;202200019053;780 063;A01;2;7;1;0;2;14;1;
29248;202200019054;780 061;A01;2;7;8;0;1;13;1;
29249;202200019055;780 059;A01;3;7;0;1;1;26;1;
29250;202200019056;780 060;A01;3;10;0;9;3;19;1;
29251;202200019056;780 062;B01;3;1;0;2;1;1;5;
29252;202200019057;780 058;A01;2;80;12;0;8;14;3;
29253;202200019058;780 056;Z01;2;7;0;1;7;2;1;
29254;202200019059;780 054;A01;1;10;0;2;5;12;1;
29255;202200019059;780 055;B01;1;31;0;2;8;1;1;
29256;202200019060;780 051;B01;2;7;0;2;7;15;1;
29257;202200019060;780 052;A01;1;7;0;2;1;2;1;
29258;202200019061;780 049;A01;1;30;0;2;1;17;3;
29259;202200019061;780 050;B01;3;7;0;2;3;9;1;
29260;202200019063;780 048;A01;2;7;2;0;1;0;1;
29261;202200019064;780 046;A01;1;7;0;2;2;1;1;
29262;202200019064;780 047;B01;1;43;0;2;1;1;1;
29263;202200019065;780 045;A01;1;7;0;1;7;26;1;
29264;202200019066;780 044;A01;1;7;0;1;1;1;1;
29265;202200019067;780 043;A01;2;34;0;1;2;1;1;
29266;202200019068;780 040;A01;1;30;0;1;7;1;1;
29267;202200019070;780 037;A01;1;32;0;2;2;17;1;
29268;202200019070;780 038;Z01;1;7;0;2;8;15;0;
29269;202200019071;780 035;A01;0;31;0;2;1;9;1;
29270;202200019071;780 036;B01;0;10;0;2;3;1;1;
29271;202200019072;780 034;A01;2;7;2;0;3;1;1;
29272;202200019073;780 032;A01;1;1;0;2;4;1;5;
29273;202200019073;780 033;B01;1;80;0;2;6;11;3;