;Num_Acc;id_vehicule;num_veh;senc;catv;obs;obsm;choc;manv;motor;occutc
29274;202200019074;780 028;B01;1;1;0;2;6;15;5;
29275;202200019074;780 031;A01;1;34;0;2;1;1;3;
29276;202200019075;780 027;A01;3;7;0;2;2;1;1;
29277;202200019075;780 030;B01;3;1;0;2;1;1;5;
29278;202200019076;780 029;A01;1;43;12;1;3;21;1;
29279;202200019077;780 025;B01;3;43;0;2;5;15;1;
29280;202200019077;780 026;A01;3;7;0;2;1;26;1;
29281;202200019078;780 022;B01;1;1;0;2;1;1;5;
29282;202200019078;780 024;A01;1;14;0;2;8;15;6;
29283;202200019079;780 021;B01;1;7;0;2;3;1;1;
29284;202200019079;780 023;A01;1;7;16;2;5;15;1;
29285;202200019080;780 019;B01;1;7;0;2;4;15;1;
29286;202200019080;780 020;A01;1;31;0;2;1;2;1;
29287;202200019081;780 017;B01;1;7;0;2;3;1;1;
29288;202200019081;780 018;A01;1;7;0;2;2;7;1;
29289;202200019082;780 015;B01;1;10;1;2;8;20;1;
29290;202200019082;780 016;A01;1;7;0;2;7;1;1;
29291;202200019083;780 013;A01;2;7;0;1;1;15;2;
29292;202200019084;780 012;A01;1;7;0;2;4;2;1;
29293;202200019084;780 014;B01;1;7;0;2;1;1;1;
29294;202200019085;780 010;A01;3;7;0;2;1;1;1;
29295;202200019085;780 011;B01;3;30;0;2;7;1;1;
29296;202200019086;780 006;B01;1;7;0;2;4;23;1;
29297;202200019086;780 009;A01;1;7;0;2;1;1;1;
29298;202200019087;780 005;B01;2;7;7;2;6;1;2;
29299;202200019087;780 007;A01;1;7;8;2;3;1;1;
29300;202200019088;780 003;A01;3;7;0;1;1;26;1;
29301;202200019089;780 004;Z01;1;7;0;1;0;1;0;
29302;202200019090;779 999;A01;2;30;12;0;3;17;3;
29303;202200019091;780 001;A01;1;7;0;2;4;2;1;
29304;202200019091;780 002;B01;1;7;0;2;4;2;1;
29305;202200019091;780 008;C01;1;7;0;2;4;2;1;
29306;202200019092;779 998;B01;3;50;0;2;0;0;3;
29307;202200019092;780 000;A01;0;7;0;2;0;0;1;
29308;202200019093;779 995;A01;3;1;0;2;4;1;5;
29309;202200019093;779 997;Z01;3;7;0;2;2;16;0;
29310;202200019094;779 992;B01;1;30;0;0;8;1;1;
29311;202200019094;779 994;A01;1;10;0;0;0;11;1;
29312;202200019095;779 990;A01;1;7;0;2;2;13;2;
29313;202200019095;779 991;B01;1;30;0;2;1;1;3;
29314;202200019096;779 993;B01;2;17;0;0;4;1;1;
29315;202200019096;779 996;A01;2;7;4;2;2;17;1;
29316;202200019097;779 986;A01;1;32;1;0;2;18;1;
29317;202200019097;779 988;Z01;1;7;0;2;0;22;1;
29318;202200019098;779 985;A01;3;7;0;1;3;1;1;
29319;202200019099;779 984;B01;2;7;0;2;1;0;0;
29320;202200019099;779 987;A01;1;7;0;2;1;13;1;
29321;202200019100;779 982;A01;2;10;0;2;1;15;1;
29322;202200019100;779 983;B01;2;50;0;2;2;1;3;
29323;202200019101;779 980;B01;2;50;0;2;7;1;3;
29324;202200019101;779 981;A01;1;7;0;9;1;9;0;
29325;202200019102;779 978;A01;1;7;0;2;5;22;2;
29326;202200019102;779 979;B01;1;1;1;0;1;1;5;
29327;202200019103;779 976;A01;3;7;1;0;2;26;1;
29328;202200019105;779 977;A01;1;7;17;0;2;1;2;
29329;202200019106;779 974;A01;1;7;0;1;3;1;0;
29330;202200019107;779 973;A01;0;7;0;1;2;0;1;
29331;202200019109;779 971;A01;2;10;12;0;2;15;1;
29332;202200019110;779 969;A01;1;7;15;0;1;26;1;
29333;202200019111;779 968;A01;2;7;0;2;3;19;1;
29334;202200019111;779 970;B01;2;33;0;2;1;1;1;
29335;202200019112;779 964;B01;2;10;1;0;8;24;1;
29336;202200019112;779 965;A01;2;7;0;2;3;13;1;
29337;202200019113;779 963;A01;1;32;0;2;7;12;1;
29338;202200019113;779 966;B01;1;7;6;2;3;1;1;
29339;202200019114;779 962;A01;1;7;2;0;2;1;1;
29340;202200019115;779 957;B01;1;34;0;2;1;1;1;
29341;202200019115;779 959;A01;2;7;0;2;5;10;1;
29342;202200019116;779 956;B01;2;50;0;2;1;1;3;
29343;202200019116;779 958;A01;2;7;0;2;8;15;2;
29344;202200019117;779 954;B01;2;7;0;2;1;0;1;
29345;202200019117;779 955;A01;2;10;0;2;0;26;1;
29346;202200019118;779 951;A01;1;7;0;9;3;9;1;
29347;202200019118;779 953;B01;2;1;0;2;1;1;5;
29348;202200019119;779 950;A01;1;7;0;2;1;15;1;
29349;202200019119;779 952;B01;2;32;0;2;1;1;3;
29350;202200019120;779 948;B01;1;7;0;2;4;2;1;
29351;202200019120;779 949;A01;1;7;0;2;1;2;1;
29352;202200019121;779 944;A01;1;7;0;1;1;15;1;
29353;202200019122;779 943;B01;1;7;0;2;4;1;1;
29354;202200019122;779 945;A01;1;7;0;2;1;1;1;
29355;202200019123;779 942;Z01;0;7;0;1;0;16;0;
29356;202200019124;779 941;A01;1;33;0;1;2;1;1;
29357;202200019125;779 940;A01;0;7;0;1;1;2;1;
29358;202200019126;779 939;A01;3;7;0;1;2;1;1;
29359;202200019127;779 938;A01;1;7;0;1;1;15;1;
29360;202200019128;779 937;A01;1;7;0;1;1;17;1;
29361;202200019129;779 934;A01;2;7;0;2;4;26;1;
29362;202200019129;779 935;B01;2;7;16;0;0;0;1;
29363;202200019130;779 933;B01;2;30;0;0;4;23;1;
29364;202200019130;779 936;A01;2;10;0;2;1;11;1;
29365;202200019131;779 930;B01;1;1;0;2;5;1;5;
29366;202200019131;779 932;A01;2;7;0;2;1;9;1;
29367;202200019132;779 929;A01;3;50;0;2;1;19;3;
29368;202200019132;779 931;B01;3;7;0;2;1;1;1;
29369;202200019133;779 925;B01;1;7;0;2;2;1;1;
29370;202200019133;779 926;A01;1;10;0;2;8;26;1;
29371;202200019134;779 923;A01;2;10;0;2;2;5;0;
29372;202200019134;779 924;B01;2;7;0;2;3;1;1;
29373;202200019134;779 927;C01;2;7;0;2;1;5;1;
29374;202200019134;779 928;D01;2;7;0;2;6;1;1;
29375;202200019135;779 921;B01;2;7;0;2;1;1;1;
29376;202200019135;779 922;A01;2;7;0;2;7;1;1;
29377;202200019136;779 919;A01;0;7;0;2;1;0;1;
29378;202200019136;779 920;B01;0;7;0;2;4;2;1;
29379;202200019137;779 917;A01;1;7;1;0;2;0;1;
29380;202200019138;779 918;A01;0;7;0;1;1;16;1;
29381;202200019139;779 915;A01;2;7;0;1;0;1;2;
29382;202200019140;779 913;C01;2;7;0;2;3;1;1;
29383;202200019140;779 914;B01;1;7;0;2;6;16;1;
29384;202200019140;779 916;A01;1;7;0;2;2;1;1;
29385;202200019141;779 911;B01;1;1;1;0;1;1;5;
29386;202200019141;779 912;A01;1;10;0;2;1;20;1;
29387;202200019142;779 909;A01;1;7;0;1;4;20;1;
29388;202200019144;779 906;B01;1;50;0;2;1;1;3;
29389;202200019144;779 907;A01;1;7;0;2;3;20;1;
29390;202200019145;779 904;A01;1;7;0;2;7;1;1;
29391;202200019145;779 905;B01;1;1;0;2;1;1;5;
29392;202200019146;779 902;A01;1;7;0;1;1;1;1;
29393;202200019147;779 901;A01;1;7;0;2;2;15;1;
29394;202200019147;779 903;B01;2;32;0;2;1;1;1;
29395;202200019148;779 898;A01;2;1;0;2;5;1;5;
29396;202200019148;779 900;B01;3;7;0;2;2;1;1;
29397;202200019149;779 897;B01;0;7;0;2;3;1;2;
29398;202200019149;779 899;A01;0;7;0;2;2;1;1;
29399;202200019150;779 895;A01;2;2;0;0;0;21;1;
29400;202200019151;779 894;A01;1;7;0;2;7;26;1;
29401;202200019151;779 896;B01;1;10;0;2;3;1;1;
29402;202200019152;779 891;B01;3;7;0;2;1;1;1;
29403;202200019152;779 892;A01;3;7;0;2;4;17;1;
29404;202200019153;779 890;B01;2;14;0;2;3;1;1;
29405;202200019153;779 893;A01;2;7;4;2;2;1;1;
29406;202200019154;779 889;A01;2;30;0;0;7;1;1;
29407;202200019155;779 887;B01;2;7;0;2;3;1;2;
29408;202200019155;779 888;A01;1;7;0;2;7;1;1;
29409;202200019156;779 886;A01;2;10;0;1;2;1;1;
29410;202200019157;779 885;A01;2;50;0;0;3;26;3;
29411;202200019158;779 883;B01;1;2;0;2;7;0;0;
29412;202200019158;779 884;A01;3;7;0;2;1;9;1;
29413;202200019159;779 881;B01;1;7;0;2;3;1;1;
29414;202200019159;779 882;A01;1;7;0;2;1;1;1;
29415;202200019161;779 876;B01;1;7;0;2;8;1;1;
29416;202200019161;779 878;C01;1;7;0;2;9;1;1;
29417;202200019161;779 880;A01;3;7;0;2;1;17;1;
29418;202200019162;779 875;A01;1;7;0;2;7;1;1;
29419;202200019162;779 877;B01;0;10;0;0;6;15;1;
29420;202200019163;779 873;A01;0;7;0;1;1;1;2;
29421;202200019164;779 874;A01;1;33;0;9;0;1;1;
29422;202200019165;779 872;A01;1;31;0;1;1;1;3;
29423;202200019166;779 870;B01;1;31;0;2;1;0;1;
29424;202200019166;779 871;A01;2;7;0;2;1;10;1;
29425;202200019167;779 868;B01;1;7;0;2;0;15;1;
29426;202200019167;779 869;A01;1;7;0;2;0;1;1;
29427;202200019168;779 866;A01;1;7;0;1;3;26;1;
29428;202200019169;779 863;A01;2;7;0;1;1;1;2;
29429;202200019170;779 864;A01;1;33;0;2;1;17;1;
29430;202200019170;779 865;B01;1;7;0;2;3;1;1;
29431;202200019170;779 867;C01;2;7;0;2;8;1;1;
29432;202200019171;779 862;A01;1;7;0;1;1;1;1;
29433;202200019172;779 859;A01;3;7;0;2;1;16;1;
29434;202200019172;779 860;B01;3;33;0;2;4;16;1;
29435;202200019173;779 858;A01;2;32;0;2;0;1;1;
29436;202200019173;779 861;B01;1;7;0;2;0;15;1;
29437;202200019174;779 856;A01;1;7;0;2;8;10;1;
29438;202200019174;779 857;B01;2;7;0;2;2;1;1;
29439;202200019175;779 855;A01;3;7;0;1;2;1;1;
29440;202200019176;779 851;B01;0;7;0;2;1;1;1;
29441;202200019176;779 853;A01;0;7;0;2;3;1;1;
29442;202200019177;779 852;B01;0;31;0;2;4;23;1;
29443;202200019177;779 854;A01;0;7;0;2;3;1;1;
29444;202200019178;779 848;A01;1;31;0;2;2;3;1;
29445;202200019178;779 849;B01;1;7;0;2;8;11;1;
29446;202200019179;779 845;A01;3;7;0;2;3;15;1;
29447;202200019179;779 846;B01;3;32;0;2;2;2;1;
29448;202200019180;779 847;B01;0;2;0;2;1;0;1;
29449;202200019180;779 850;Z01;3;7;0;2;1;5;1;
29450;202200019181;779 842;A01;1;7;0;2;2;9;1;
29451;202200019181;779 844;B01;2;50;0;2;1;1;3;
29452;202200019182;779 841;B01;1;33;0;2;1;1;1;
29453;202200019182;779 843;A01;2;10;0;2;3;19;1;
29454;202200019183;779 839;A01;2;7;0;2;3;5;0;
29455;202200019183;779 840;B01;1;33;0;2;8;1;1;
29456;202200019184;779 836;A01;2;7;0;2;0;0;0;
29457;202200019184;779 837;B01;2;7;0;2;7;1;1;
29458;202200019184;779 838;C01;2;7;0;2;5;1;1;
29459;202200019185;779 833;Z01;1;1;0;1;0;17;5;
29460;202200019186;779 830;B01;3;7;0;2;6;1;2;
29461;202200019186;779 832;A01;3;7;0;2;3;5;1;
29462;202200019188;779 829;A01;1;7;6;0;2;21;1;
29463;202200019190;779 826;B01;1;15;13;0;8;1;1;
29464;202200019190;779 827;A01;2;15;0;0;3;5;1;
29465;202200019191;779 822;A01;3;7;0;2;7;19;1;
29466;202200019191;779 824;B01;1;7;0;2;3;1;1;
29467;202200019192;779 823;B01;1;7;0;2;1;1;1;
29468;202200019192;779 825;A01;2;7;0;2;2;15;1;
29469;202200019193;779 820;A01;1;7;0;2;2;1;1;
29470;202200019193;779 821;B01;2;7;0;2;3;26;1;
29471;202200019194;779 817;A01;1;7;0;2;2;19;1;
29472;202200019194;779 819;B01;1;2;0;2;8;0;1;
29473;202200019195;779 816;B01;1;15;0;2;4;2;1;
29474;202200019195;779 818;A01;1;7;0;2;1;2;1;
29475;202200019196;779 813;A01;1;7;2;0;1;13;1;
29476;202200019197;779 814;A01;1;7;0;2;2;26;1;
29477;202200019197;779 815;B01;1;7;0;1;2;23;1;
29478;202200019198;779 810;A01;3;7;2;0;1;0;0;
29479;202200019199;779 811;A01;0;32;14;0;1;13;1;
29480;202200019200;779 809;A01;2;7;0;1;7;1;1;
29481;202200019201;779 808;Z01;1;32;0;1;3;1;0;
29482;202200019202;779 807;A01;0;7;17;0;1;1;1;
29483;202200019203;779 805;A01;3;7;0;1;3;15;1;
29484;202200019205;779 803;A01;3;2;0;0;0;1;1;
29485;202200019206;779 802;A01;1;7;0;9;5;26;1;
29486;202200019208;779 799;A01;3;7;0;1;1;26;1;
29487;202200019209;779 798;A01;1;7;4;0;3;21;1;
29488;202200019210;779 796;A01;1;32;0;2;3;1;1;
29489;202200019210;779 797;B01;2;14;0;2;2;15;1;
29490;202200019211;779 793;B01;1;2;0;0;7;17;1;
29491;202200019211;779 795;A01;2;7;0;2;1;15;1;
29492;202200019212;779 792;A01;1;43;0;2;1;2;1;
29493;202200019212;779 794;B01;1;7;0;2;5;2;1;
29494;202200019213;779 790;A01;2;7;14;0;2;0;1;
29495;202200019214;779 786;A01;2;7;0;0;8;14;1;
29496;202200019215;779 787;Z01;0;0;0;2;0;1;0;
29497;202200019215;779 788;A01;2;31;0;2;3;11;1;
29498;202200019216;779 785;A01;3;7;0;2;3;15;1;
29499;202200019216;779 789;C01;3;7;0;2;1;15;1;
29500;202200019216;779 791;B01;3;7;0;2;1;1;1;
29501;202200019217;779 781;B01;1;7;0;2;7;21;1;
29502;202200019217;779 784;A01;1;7;0;2;2;13;1;
29503;202200019218;779 780;A01;1;7;0;2;7;12;2;
29504;202200019218;779 783;B01;1;32;0;2;8;3;1;
29505;202200019219;779 779;A01;2;31;0;2;3;1;1;
29506;202200019219;779 782;B01;2;7;0;2;5;1;1;
29507;202200019220;779 778;A01;2;7;13;0;3;1;1;
29508;202200019221;779 775;A01;1;33;12;0;1;21;1;
29509;202200019222;779 774;A01;1;7;12;0;1;1;1;
29510;202200019223;779 771;D01;2;7;0;2;6;1;2;
29511;202200019223;779 773;C01;2;7;0;2;6;1;1;
29512;202200019223;779 776;B01;2;33;0;2;8;3;1;
29513;202200019223;779 777;A01;2;7;0;2;7;12;1;
29514;202200019224;779 770;A01;2;33;0;2;8;13;1;
29515;202200019224;779 772;B01;2;7;0;2;6;1;1;
29516;202200019225;779 768;B01;2;14;0;2;6;1;1;
29517;202200019225;779 769;A01;2;7;0;2;1;0;1;
29518;202200019226;779 767;A01;1;10;0;1;1;1;1;
29519;202200019227;779 766;A01;2;31;0;1;1;1;1;
29520;202200019229;779 763;A01;2;7;0;1;2;16;2;
29521;202200019230;779 761;B01;2;2;0;2;6;1;1;
29522;202200019230;779 764;A01;1;7;0;2;3;15;1;
29523;202200019231;779 757;A01;2;7;13;0;3;13;1;
29524;202200019232;779 756;A01;1;32;0;2;2;17;1;
29525;202200019232;779 758;B01;1;7;0;2;3;20;1;
29526;202200019233;779 755;A01;2;30;0;2;1;17;1;
29527;202200019233;779 759;B01;1;7;0;2;1;15;1;
29528;202200019234;779 754;A01;3;32;9;0;3;5;1;
29529;202200019235;779 752;A01;1;17;2;0;1;14;1;
29530;202200019236;779 750;A01;2;10;0;1;3;20;1;
29531;202200019237;779 751;A01;3;30;0;2;1;1;1;
29532;202200019237;779 753;B01;3;7;0;2;8;9;1;
29533;202200019239;779 746;A01;3;33;13;0;1;2;1;
29534;202200019240;779 745;B01;3;7;0;2;8;11;1;
29535;202200019240;779 748;A01;3;33;0;2;2;3;1;
29536;202200019241;779 744;A01;3;7;0;2;3;10;1;
29537;202200019241;779 747;B01;3;32;0;2;1;1;3;
29538;202200019242;779 738;A01;1;7;0;2;0;9;1;
29539;202200019242;779 743;B01;1;2;0;2;7;12;1;
29540;202200019243;779 740;A01;1;30;0;2;3;15;1;
29541;202200019243;779 742;B01;1;7;0;2;2;1;2;
29542;202200019244;779 739;B01;1;7;0;2;4;2;1;
29543;202200019244;779 741;A01;1;7;0;2;1;1;1;
29544;202200019245;779 737;A01;3;10;16;0;1;1;1;
29545;202200019246;779 735;A01;1;10;0;2;3;15;1;
29546;202200019246;779 736;B01;2;1;0;2;1;7;5;
29547;202200019247;779 733;A01;1;50;0;2;1;2;3;
29548;202200019247;779 734;B01;1;7;0;2;4;23;1;
29549;202200019249;779 727;A01;2;7;0;2;1;0;1;
29550;202200019249;779 729;B01;1;15;0;2;1;1;1;
29551;202200019250;779 726;A01;1;7;2;0;0;0;1;
29552;202200019251;779 724;A01;2;10;2;0;3;0;1;
29553;202200019252;779 721;B01;2;7;0;2;3;1;1;
29554;202200019252;779 722;A01;1;7;0;2;3;17;1;
29555;202200019253;779 728;A01;1;7;0;2;8;15;2;
29556;202200019253;779 731;B01;1;32;0;2;2;17;1;
29557;202200019255;779 716;B01;1;17;0;2;1;1;1;
29558;202200019255;779 717;A01;2;7;0;2;1;13;1;
29559;202200019256;779 723;B01;3;7;0;2;0;9;1;
29560;202200019256;779 725;A01;3;50;0;2;1;1;3;
29561;202200019257;779 713;A01;2;7;0;2;3;15;1;
29562;202200019257;779 714;B01;2;7;0;2;1;17;1;
29563;202200019258;779 711;A01;3;7;0;2;1;1;1;
29564;202200019258;779 712;B01;3;7;0;2;8;1;1;
29565;202200019259;779 715;A01;2;7;0;1;1;9;1;
29566;202200019260;779 708;B01;2;7;0;2;1;1;1;
29567;202200019260;779 709;A01;1;7;0;2;1;5;1;
29568;202200019261;779 705;B01;1;7;0;0;4;1;3;
29569;202200019261;779 706;A01;1;7;0;2;1;1;1;
29570;202200019262;779 703;B01;1;0;0;9;0;0;0;
29571;202200019262;779 704;A01;2;1;0;2;0;0;5;
29572;202200019263;779 700;B01;1;7;0;2;6;0;1;
29573;202200019263;779 701;A01;1;7;0;2;1;1;1;
29574;202200019264;779 707;B01;1;1;0;2;3;1;5;
29575;202200019264;779 710;A01;1;7;0;2;1;15;1;
29576;202200019265;779 698;A01;1;7;0;2;3;13;1;
29577;202200019265;779 702;B01;1;1;0;2;1;17;5;
29578;202200019266;779 695;A01;1;7;0;2;3;13;2;
29579;202200019266;779 697;B01;2;7;0;2;3;1;1;
29580;202200019267;779 694;A01;1;33;0;1;1;1;1;
29581;202200019268;779 692;B01;2;7;0;2;1;1;1;
29582;202200019268;779 693;A01;1;7;0;2;1;13;1;
29583;202200019269;779 689;A01;2;7;0;2;2;1;1;
29584;202200019269;779 696;B01;2;1;0;2;0;1;5;
29585;202200019270;779 690;A01;2;31;0;0;0;1;1;
29586;202200019271;779 687;A01;2;1;0;2;8;1;5;
29587;202200019271;779 688;Z01;2;7;0;2;2;17;1;
29588;202200019272;779 685;A01;1;30;14;0;3;14;3;
29589;202200019273;779 686;A01;1;7;0;2;1;10;1;
29590;202200019273;779 691;B01;3;50;0;2;7;1;3;
29591;202200019274;779 682;A01;3;1;0;2;3;1;5;
29592;202200019274;779 683;B01;2;7;0;2;3;1;2;
29593;202200019275;779 681;B01;2;7;0;2;2;1;1;
29594;202200019275;779 684;A01;1;7;13;2;9;13;1;
29595;202200019276;779 680;A01;2;1;0;1;1;1;5;
29596;202200019277;779 677;A01;1;10;0;2;2;16;1;
29597;202200019277;779 679;B01;1;1;0;2;3;1;5;
29598;202200019278;779 676;B01;2;15;0;2;6;2;1;
29599;202200019278;779 678;A01;2;7;3;2;2;11;1;
29600;202200019280;779 672;A01;1;7;2;0;0;0;1;
29601;202200019281;779 671;A01;1;7;0;2;2;9;2;
29602;202200019281;779 674;B01;2;33;0;2;1;1;1;
29603;202200019283;779 669;A01;1;7;0;1;1;1;1;
29604;202200019284;779 667;B01;2;10;0;2;3;15;1;
29605;202200019284;779 668;A01;2;32;0;2;2;17;1;
29606;202200019285;779 666;A01;1;15;0;0;8;1;1;
29607;202200019286;779 664;A01;1;33;0;2;2;17;1;
29608;202200019286;779 665;B01;2;7;0;2;2;15;1;
29609;202200019287;779 661;A01;2;7;0;2;3;1;0;
29610;202200019287;779 663;B01;1;7;0;2;3;26;1;
29611;202200019288;779 660;A01;2;1;0;2;0;7;5;
29612;202200019288;779 662;Z01;3;30;0;2;0;8;0;
29613;202200019289;779 658;A01;1;7;0;9;1;16;1;
29614;202200019289;779 659;B01;1;50;0;2;1;1;3;
29615;202200019290;779 655;A01;2;7;0;1;1;1;1;
29616;202200019291;779 653;A01;2;7;0;2;3;2;1;
29617;202200019291;779 654;B01;2;7;0;2;2;2;1;
29618;202200019291;779 656;C01;2;13;0;2;4;23;1;
29619;202200019292;779 651;JA01;2;7;0;9;1;2;1;
29620;202200019292;779 652;B01;2;1;0;2;0;0;5;
29621;202200019293;779 647;B01;2;7;0;2;8;1;1;
29622;202200019293;779 649;A01;1;30;0;2;1;1;1;
29623;202200019294;779 648;A01;0;50;0;0;0;0;3;
29624;202200019295;779 650;B01;2;7;0;2;1;1;1;
29625;202200019295;779 657;A01;1;7;3;0;1;1;1;
29626;202200019296;779 646;A01;1;1;0;0;0;1;5;
29627;202200019297;779 645;A01;2;7;0;1;3;1;1;
29628;202200019298;779 643;A01;0;7;0;1;4;26;1;
29629;202200019299;779 644;A01;1;7;0;1;2;9;1;
29630;202200019300;779 641;A01;1;10;0;2;1;2;1;
29631;202200019300;779 642;B01;1;0;0;2;0;0;0;
29632;202200019301;779 638;A01;2;32;0;2;1;2;1;
29633;202200019301;779 640;B01;2;7;0;0;7;2;1;
29634;202200019302;779 637;A01;1;7;6;0;1;0;1;
29635;202200019303;779 634;A01;2;7;0;2;0;0;1;
29636;202200019303;779 636;B01;2;7;0;2;0;0;1;
29637;202200019304;779 632;A01;3;32;0;2;3;17;1;
29638;202200019304;779 633;B01;0;1;0;2;3;15;5;
29639;202200019305;779 631;A01;1;33;0;1;0;0;1;
29640;202200019306;779 635;B01;2;7;0;2;1;13;1;
29641;202200019306;779 639;A01;1;10;0;2;3;1;1;
29642;202200019307;779 630;A01;1;7;0;1;1;1;1;
29643;202200019308;779 628;A01;2;7;0;2;1;1;1;
29644;202200019308;779 629;B01;2;7;0;2;4;1;1;
29645;202200019309;779 627;A01;1;7;12;0;3;14;1;
29646;202200019310;779 624;C01;2;7;1;0;1;2;1;
29647;202200019310;779 625;B01;2;7;0;2;1;23;1;
29648;202200019310;779 626;A01;2;7;0;2;4;23;1;
29649;202200019311;779 623;A01;1;7;0;1;5;20;0;
29650;202200019312;779 621;A01;2;30;0;2;0;0;0;
29651;202200019313;779 622;A01;3;21;0;0;0;0;0;
29652;202200019314;779 617;A01;1;30;12;2;0;18;1;
29653;202200019314;779 618;B01;1;15;12;2;0;16;1;
29654;202200019315;779 619;B01;2;32;0;2;3;1;1;
29655;202200019315;779 620;A01;2;7;0;2;2;14;0;
29656;202200019316;779 614;B01;1;7;0;2;3;15;1;
29657;202200019316;779 616;A01;1;32;0;2;1;17;1;
29658;202200019317;779 613;A01;1;10;0;2;7;16;1;
29659;202200019317;779 615;B01;1;50;0;2;1;1;3;
29660;202200019318;779 611;A01;2;7;0;1;2;1;1;
29661;202200019319;779 612;A01;0;7;6;0;1;1;1;
29662;202200019320;779 607;A01;1;14;0;2;1;2;1;
29663;202200019320;779 608;B01;1;14;0;2;4;23;1;
29664;202200019320;779 610;C01;1;14;0;2;4;23;1;
29665;202200019321;779 606;B01;3;7;0;0;4;23;1;
29666;202200019321;779 609;A01;3;7;0;2;1;2;1;
29667;202200019322;779 602;B01;0;30;0;2;7;1;0;
29668;202200019322;779 604;A01;0;10;0;2;2;15;0;
29669;202200019323;779 601;A01;1;34;0;2;1;0;0;
29670;202200019323;779 603;Z01;1;7;0;2;1;15;1;
29671;202200019324;779 605;A01;2;7;0;1;1;1;1;
29672;202200019325;779 597;A01;1;7;0;2;4;2;1;
29673;202200019325;779 599;B01;1;2;0;2;1;2;1;
29674;202200019326;779 596;Y01;2;1;0;2;7;15;5;
29675;202200019326;779 600;A01;2;32;0;2;1;1;0;
29676;202200019327;779 595;A01;0;7;0;2;3;13;1;
29677;202200019327;779 598;B01;0;33;0;2;1;1;1;
29678;202200019328;779 593;A01;2;7;14;1;3;1;1;
29679;202200019329;779 592;A01;1;7;14;0;1;2;1;
29680;202200019330;779 591;B01;1;1;0;2;2;1;5;
29681;202200019330;779 594;A01;1;7;0;9;2;15;1;
29682;202200019333;779 582;B01;1;7;0;2;7;17;0;
29683;202200019333;779 584;A01;1;32;0;2;8;17;1;
29684;202200019334;779 580;B01;1;7;13;2;9;1;1;
29685;202200019334;779 583;A01;2;7;2;2;3;1;1;
29686;202200019335;779 579;A01;3;7;0;2;3;13;1;
29687;202200019335;779 581;B01;3;10;0;2;3;1;1;
29688;202200019336;779 576;A01;3;7;0;1;1;0;0;
29689;202200019337;779 573;A01;1;7;0;1;3;1;1;
29690;202200019338;779 570;A01;2;10;0;2;1;13;1;
29691;202200019338;779 572;B01;1;7;0;2;1;1;1;
29692;202200019339;779 571;A01;1;7;0;2;1;17;1;
29693;202200019339;779 574;B01;1;7;0;2;8;15;1;
29694;202200019340;779 568;A01;1;2;13;0;2;1;1;
29695;202200019341;779 567;A01;2;7;0;2;3;10;1;
29696;202200019341;779 569;B01;2;33;0;2;1;15;1;
29697;202200019342;779 564;B01;2;7;0;2;6;1;1;
29698;202200019342;779 566;A01;1;7;0;2;1;15;0;
29699;202200019343;779 563;B01;2;33;0;2;1;1;1;
29700;202200019343;779 565;A01;1;7;0;2;3;13;1;
29701;202200019344;779 562;A01;3;7;13;0;1;1;1;
29702;202200019345;779 560;A01;2;7;0;2;1;15;3;
29703;202200019345;779 561;B01;2;7;0;1;4;15;1;
29704;202200019346;779 556;A01;2;10;6;0;1;1;1;
29705;202200019347;779 555;A01;2;7;0;2;1;2;1;
29706;202200019347;779 557;B01;2;7;0;2;4;2;1;
29707;202200019347;779 559;C01;2;7;0;2;4;2;1;
29708;202200019348;779 554;B01;1;7;0;0;0;1;1;
29709;202200019348;779 558;A01;2;30;0;0;0;1;1;
29710;202200019349;779 552;A01;1;7;7;0;1;1;1;
29711;202200019350;779 551;A01;1;7;13;0;1;0;1;
29712;202200019351;779 550;A01;3;7;0;2;3;1;1;
29713;202200019351;779 553;B01;3;33;0;2;2;1;1;
29714;202200019352;779 549;A01;1;7;0;1;2;1;1;
29715;202200019353;779 548;A01;3;7;11;1;3;1;3;
29716;202200019354;779 546;A01;3;7;0;2;2;5;2;
29717;202200019354;779 547;B01;3;7;0;2;2;1;1;
29718;202200019355;779 545;A01;1;10;2;0;3;0;1;
29719;202200019356;779 544;A01;1;33;0;0;0;0;1;
29720;202200019358;779 541;A01;2;7;0;2;3;1;1;
29721;202200019358;779 542;B01;0;7;0;2;1;19;0;
29722;202200019359;779 540;A01;1;7;13;0;3;1;1;
29723;202200019360;779 537;A01;1;7;0;2;1;9;1;
29724;202200019360;779 539;B01;1;7;0;0;3;1;1;
29725;202200019361;779 538;A01;1;7;8;0;1;13;1;
29726;202200019362;779 536;A01;2;7;13;0;0;1;1;
29727;202200019363;779 532;B01;2;33;0;0;5;1;1;
29728;202200019363;779 535;A01;2;7;0;2;3;9;1;
29729;202200019364;779 531;B01;1;2;0;2;1;1;1;
29730;202200019364;779 534;A01;2;7;0;2;2;1;1;
29731;202200019365;779 530;B01;1;15;0;2;7;1;1;
29732;202200019365;779 533;A01;1;10;0;2;1;1;1;
29733;202200019367;779 527;A01;1;7;0;2;2;15;2;
29734;202200019367;779 529;B01;1;7;0;2;3;1;1;