;Num_Acc;id_vehicule;num_veh;senc;catv;obs;obsm;choc;manv;motor;occutc
29735;202200019368;779 526;A01;1;7;0;1;3;1;1;
29736;202200019369;779 523;B01;2;2;0;2;3;15;1;
29737;202200019369;779 524;A01;1;7;0;2;3;1;1;
29738;202200019370;779 522;A01;3;7;0;2;3;1;1;
29739;202200019370;779 525;B01;0;33;0;2;1;5;1;
29740;202200019371;779 521;A01;1;7;8;0;8;2;1;
29741;202200019372;779 519;B01;0;50;0;2;1;6;3;
29742;202200019372;779 520;A01;0;7;0;2;7;15;1;
29743;202200019373;779 517;B01;2;17;0;2;4;24;1;
29744;202200019373;779 518;A01;2;80;1;0;1;1;3;
29745;202200019374;779 516;A01;2;7;17;0;9;14;1;
29746;202200019376;779 511;C01;1;7;0;0;6;2;3;
29747;202200019376;779 512;B01;2;7;0;2;1;1;1;
29748;202200019376;779 515;A01;1;7;0;2;1;6;1;
29749;202200019377;779 507;B01;1;7;0;2;1;1;1;
29750;202200019377;779 509;A01;2;7;0;2;1;16;1;
29751;202200019378;779 508;A01;2;10;0;2;1;1;1;
29752;202200019378;779 510;B01;1;7;0;2;8;15;1;
29753;202200019379;779 506;A01;1;7;13;0;3;1;1;
29754;202200019380;779 505;A01;1;1;7;0;0;14;5;
29755;202200019381;779 504;A01;1;7;7;0;8;1;1;
29756;202200019382;779 502;A01;1;15;0;2;2;1;1;
29757;202200019382;779 503;B01;2;7;0;2;1;13;1;
29758;202200019383;779 499;B01;0;1;0;2;2;0;5;
29759;202200019383;779 500;A01;3;7;0;9;2;0;1;
29760;202200019384;779 498;B01;0;7;0;2;1;1;1;
29761;202200019384;779 501;A01;0;33;0;2;4;1;1;
29762;202200019385;779 495;B01;3;1;0;0;4;2;5;
29763;202200019385;779 496;A01;1;33;0;9;1;2;1;
29764;202200019386;779 492;A01;3;2;0;2;1;16;1;
29765;202200019386;779 494;B01;0;7;0;2;1;1;1;
29766;202200019387;779 491;A01;1;7;0;2;9;13;1;
29767;202200019387;779 493;B01;2;7;0;2;9;1;1;
29768;202200019387;779 497;C01;2;7;0;2;1;1;1;
29769;202200019388;779 488;A01;1;7;1;2;2;17;2;
29770;202200019388;779 490;B01;1;21;0;2;3;15;1;
29771;202200019389;779 486;A01;1;7;0;9;1;1;1;
29772;202200019389;779 489;B01;2;1;0;2;8;19;5;
29773;202200019390;779 483;A01;2;7;0;0;1;0;1;
29774;202200019390;779 485;B01;2;33;0;2;1;17;1;
29775;202200019390;779 487;C01;1;30;0;2;1;13;1;
29776;202200019391;779 482;B01;2;7;0;2;2;2;1;
29777;202200019391;779 484;A01;2;2;0;2;4;2;1;
29778;202200019392;779 478;B01;2;7;0;2;3;1;1;
29779;202200019392;779 480;A01;1;7;0;2;3;1;1;
29780;202200019393;779 477;B01;1;7;0;2;1;1;1;
29781;202200019393;779 481;A01;2;7;0;2;1;5;1;
29782;202200019394;779 476;B01;2;7;0;2;1;1;1;
29783;202200019394;779 479;A01;1;7;0;0;2;15;1;
29784;202200019395;779 475;A01;1;1;0;0;0;1;5;
29785;202200019396;779 474;A01;0;7;13;0;1;0;1;
29786;202200019397;779 473;A01;2;7;0;1;3;15;2;
29787;202200019398;779 471;A01;1;2;0;2;1;1;1;
29788;202200019398;779 472;B01;2;7;0;0;4;1;1;
29789;202200019399;779 470;A01;1;2;12;0;7;1;1;
29790;202200019400;779 469;A01;2;7;13;0;0;14;1;
29791;202200019401;779 468;A01;2;33;0;0;0;1;0;
29792;202200019402;779 467;A01;1;7;0;1;2;19;1;
29793;202200019403;779 466;A01;3;7;6;0;3;13;1;
29794;202200019404;779 463;A01;3;7;13;0;1;1;1;
29795;202200019405;779 462;A01;2;2;0;2;2;15;1;
29796;202200019405;779 465;B01;2;7;0;2;8;1;1;
29797;202200019406;779 459;A01;1;7;13;0;9;1;1;
29798;202200019407;779 460;B01;1;7;0;2;1;21;2;
29799;202200019407;779 461;A01;2;7;0;2;1;21;1;
29800;202200019408;779 455;A01;1;7;0;2;3;15;2;
29801;202200019408;779 457;B01;2;2;0;2;1;1;1;
29802;202200019409;779 454;A01;2;7;13;0;3;1;1;
29803;202200019410;779 453;A01;0;32;8;0;3;1;1;
29804;202200019411;779 451;A01;2;7;0;2;1;15;1;
29805;202200019411;779 456;B01;1;7;0;2;1;1;1;
29806;202200019412;779 450;B01;3;7;0;2;3;1;1;
29807;202200019412;779 452;A01;3;10;0;2;3;13;1;
29808;202200019413;779 449;A01;1;7;6;0;2;14;1;
29809;202200019414;779 446;A01;3;2;16;2;1;17;1;
29810;202200019414;779 448;B01;3;7;0;2;3;15;1;
29811;202200019415;779 447;A01;0;7;0;1;2;1;1;
29812;202200019416;779 445;A01;1;31;0;0;2;1;1;
29813;202200019417;779 444;A01;1;17;0;0;7;14;1;
29814;202200019418;779 442;A01;3;7;0;1;1;1;1;
29815;202200019419;779 441;B01;2;7;13;2;8;21;0;
29816;202200019419;779 443;A01;1;7;13;2;3;13;1;
29817;202200019420;779 440;A01;3;36;0;0;1;1;1;
29818;202200019421;779 439;A01;1;7;2;0;1;21;1;
29819;202200019422;779 438;A01;1;33;3;0;1;1;1;
29820;202200019423;779 435;B01;1;13;0;2;3;1;1;
29821;202200019423;779 437;A01;1;7;0;2;3;13;1;
29822;202200019424;779 436;A01;3;2;8;0;1;2;1;
29823;202200019425;779 433;A01;1;7;0;2;1;2;1;
29824;202200019425;779 434;B01;2;7;0;2;1;2;1;
29825;202200019427;779 429;B01;1;33;0;2;1;2;1;
29826;202200019427;779 430;A01;1;1;0;2;4;2;5;
29827;202200019428;779 428;A01;1;33;0;0;0;0;1;
29828;202200019429;779 426;B01;3;1;0;2;8;1;5;
29829;202200019429;779 427;A01;3;7;0;2;7;17;1;
29830;202200019430;779 424;A01;2;7;0;1;3;1;1;
29831;202200019431;779 423;A01;2;7;0;2;4;23;1;
29832;202200019431;779 425;B01;2;7;1;0;1;2;1;
29833;202200019432;779 421;A01;1;7;2;0;1;1;1;
29834;202200019433;779 420;A01;1;10;0;0;5;15;1;
29835;202200019433;779 422;B01;2;33;0;2;1;1;1;
29836;202200019434;779 417;B01;1;7;0;2;3;1;1;
29837;202200019434;779 419;A01;2;2;0;2;1;5;1;
29838;202200019435;779 416;A01;1;7;0;9;8;24;1;
29839;202200019435;779 418;B01;1;1;1;0;7;21;5;
29840;202200019436;779 415;A01;3;2;0;0;0;5;1;
29841;202200019437;779 414;A01;2;7;13;0;3;1;1;
29842;202200019438;779 413;A01;1;2;0;1;1;1;1;
29843;202200019439;779 411;A01;1;7;0;0;1;0;1;
29844;202200019439;779 412;B01;1;31;0;0;4;0;1;
29845;202200019440;779 410;A01;1;7;0;0;9;14;1;
29846;202200019441;779 407;A01;1;7;0;0;0;1;1;
29847;202200019442;779 406;A01;1;7;0;2;3;13;1;
29848;202200019442;779 408;B01;2;7;0;2;8;1;1;
29849;202200019442;779 409;C01;2;7;0;2;1;1;1;
29850;202200019443;779 404;A01;1;7;8;2;1;5;1;
29851;202200019443;779 405;B01;2;14;0;2;3;1;1;
29852;202200019444;779 403;A01;3;33;0;0;0;1;1;
29853;202200019445;779 400;B01;2;7;0;2;1;1;1;
29854;202200019445;779 402;A01;1;7;0;2;4;1;1;
29855;202200019446;779 399;B01;2;7;0;2;8;21;1;
29856;202200019446;779 401;A01;1;7;0;2;8;13;1;
29857;202200019447;779 396;B01;2;43;0;2;3;1;1;
29858;202200019447;779 397;A01;1;7;0;2;3;13;1;
29859;202200019448;779 394;A01;3;7;0;2;1;9;1;
29860;202200019448;779 395;B01;1;33;0;2;1;17;1;
29861;202200019448;779 398;C01;2;7;0;2;3;1;1;
29862;202200019449;779 392;B01;2;7;0;2;1;1;1;
29863;202200019449;779 393;A01;1;7;0;2;1;17;2;
29864;202200019451;779 390;A01;3;10;0;1;3;20;1;
29865;202200019452;779 389;A01;3;2;0;0;7;1;1;
29866;202200019453;779 387;A01;1;7;0;0;0;0;1;
29867;202200019454;779 386;B01;1;32;0;2;7;1;1;
29868;202200019454;779 388;A01;1;7;0;2;3;11;1;
29869;202200019455;779 383;A01;2;33;0;2;8;1;1;
29870;202200019455;779 385;Z01;2;10;0;2;2;0;0;
29871;202200019456;779 382;A01;1;7;8;2;1;0;1;
29872;202200019456;779 384;B01;2;7;6;2;3;0;1;
29873;202200019457;779 380;B01;-1;7;0;2;0;0;-1;
29874;202200019457;779 381;A01;-1;7;0;2;-1;0;-1;
29875;202200019459;779 377;B01;1;7;0;1;8;2;1;
29876;202200019460;779 375;B01;2;7;0;2;4;1;1;
29877;202200019460;779 376;A01;2;7;0;2;1;2;1;
29878;202200019461;779 378;A01;3;7;13;0;1;1;1;
29879;202200019462;779 372;B01;1;7;0;0;5;1;1;
29880;202200019462;779 374;A01;1;15;0;2;2;1;1;
29881;202200019463;779 371;B01;1;7;0;2;3;1;1;
29882;202200019463;779 373;A01;2;10;0;2;3;13;1;
29883;202200019464;779 369;A01;2;33;0;2;2;1;1;
29884;202200019464;779 370;B01;2;7;0;2;3;11;1;
29885;202200019465;779 367;A01;2;7;4;0;0;1;1;
29886;202200019467;779 363;B01;1;33;0;2;3;1;1;
29887;202200019467;779 364;A01;1;7;0;2;5;12;1;
29888;202200019468;779 368;A01;3;33;0;0;7;23;0;
29889;202200019469;779 361;Z01;2;7;0;2;1;11;1;
29890;202200019469;779 362;A01;2;7;0;2;5;23;1;
29891;202200019470;779 360;A01;2;7;4;0;2;14;1;
29892;202200019471;779 358;A01;2;7;0;2;5;26;3;
29893;202200019471;779 359;B01;2;32;0;2;1;2;1;
29894;202200019472;779 354;A01;2;43;0;2;4;21;1;
29895;202200019472;779 355;B01;2;7;0;2;1;21;1;
29896;202200019472;779 356;C01;2;7;0;2;1;1;1;
29897;202200019472;779 357;D01;2;7;0;2;1;1;1;
29898;202200019473;779 352;B01;2;15;0;2;4;2;1;
29899;202200019473;779 353;A01;2;10;0;2;1;2;1;
29900;202200019474;779 349;B01;2;33;0;2;2;9;1;
29901;202200019474;779 350;C01;2;10;0;2;7;1;1;
29902;202200019474;779 351;A01;2;7;0;2;6;1;1;
29903;202200019475;779 347;B01;2;33;0;2;7;3;1;
29904;202200019475;779 348;A01;2;7;0;2;8;11;1;
29905;202200019476;779 345;A01;2;7;4;2;3;1;1;
29906;202200019476;779 346;B01;2;7;4;0;3;1;1;
29907;202200019477;779 344;A01;2;30;11;0;1;14;1;
29908;202200019478;779 342;A01;1;7;0;2;3;26;1;
29909;202200019478;779 343;B01;1;1;0;2;7;1;5;
29910;202200019479;779 340;A01;1;7;0;2;0;17;1;
29911;202200019479;779 341;B01;1;1;0;2;8;1;5;
29912;202200019480;779 339;A01;2;7;2;0;8;19;1;
29913;202200019481;779 336;A01;2;10;0;2;3;1;1;
29914;202200019481;779 337;B01;1;7;0;2;3;1;1;
29915;202200019482;779 335;A01;3;10;0;1;1;1;1;
29916;202200019483;779 329;A01;1;20;0;2;1;26;1;
29917;202200019483;779 330;B01;1;20;0;2;1;2;1;
29918;202200019483;779 331;C01;1;20;0;2;4;26;2;
29919;202200019484;779 327;B01;1;7;0;2;1;15;1;
29920;202200019484;779 328;A01;1;2;0;2;1;2;1;
29921;202200019486;779 324;B01;2;32;0;2;0;0;1;
29922;202200019486;779 325;Z01;2;0;0;2;0;0;0;
29923;202200019488;779 319;B01;1;7;0;2;0;2;0;
29924;202200019488;779 320;C01;1;7;0;2;1;0;0;
29925;202200019488;779 321;A01;1;7;0;2;4;23;0;
29926;202200019490;779 316;JA01;2;7;4;0;1;0;1;
29927;202200019491;779 314;B01;2;7;0;2;0;1;1;
29928;202200019491;779 315;A01;2;32;0;2;2;15;1;
29929;202200019492;779 312;A01;0;2;0;2;5;2;1;
29930;202200019492;779 313;B01;0;32;0;2;6;15;1;
29931;202200019493;779 310;B01;2;33;0;2;1;1;1;
29932;202200019493;779 311;A01;2;7;0;2;8;15;1;
29933;202200019494;779 308;B01;1;7;0;2;2;15;1;
29934;202200019494;779 309;A01;1;7;0;2;3;1;1;
29935;202200019495;779 306;A01;2;7;0;2;0;0;1;
29936;202200019495;779 307;B01;2;7;0;2;0;0;1;
29937;202200019496;779 304;B01;1;33;0;2;0;1;1;
29938;202200019496;779 305;A01;3;7;0;2;8;26;1;
29939;202200019497;779 302;A01;0;7;0;2;0;0;1;
29940;202200019497;779 303;B01;0;7;0;2;1;19;1;
29941;202200019498;779 300;B01;3;7;0;0;4;1;1;
29942;202200019498;779 301;A01;3;7;14;0;1;2;1;
29943;202200019499;779 298;A01;1;7;0;2;3;1;2;
29944;202200019499;779 299;B01;1;7;0;2;1;1;1;
29945;202200019500;779 296;B01;2;7;0;2;1;1;1;
29946;202200019500;779 297;A01;1;7;8;2;3;1;1;
29947;202200019501;779 294;A01;1;7;0;2;2;1;1;
29948;202200019501;779 295;B01;1;7;0;2;3;9;1;
29949;202200019502;779 292;A01;1;7;0;2;2;16;1;
29950;202200019502;779 293;B01;2;1;0;2;3;25;5;
29951;202200019503;779 291;A01;1;7;8;0;1;13;1;
29952;202200019504;779 290;A01;3;37;0;2;0;26;4;6.0
29953;202200019505;779 288;A01;1;10;0;2;3;15;1;
29954;202200019505;779 289;B01;2;33;0;2;1;1;1;
29955;202200019506;779 287;A01;1;7;0;1;2;26;1;
29956;202200019507;779 286;A01;1;7;0;1;5;26;1;
29957;202200019509;779 280;C01;1;7;0;2;6;15;1;
29958;202200019509;779 281;B01;1;33;0;2;1;2;1;
29959;202200019509;779 282;A01;1;33;0;2;1;1;1;
29960;202200019510;779 278;A01;3;10;8;2;1;19;3;
29961;202200019510;779 279;B01;3;7;0;2;1;0;1;
29962;202200019511;779 276;A01;1;7;0;2;1;1;1;
29963;202200019511;779 277;B01;2;50;0;2;7;15;3;
29964;202200019512;779 274;B01;0;7;0;2;3;1;1;
29965;202200019512;779 275;A01;1;7;0;2;3;15;1;
29966;202200019513;779 272;A01;0;7;0;2;7;16;1;
29967;202200019513;779 273;B01;2;32;0;2;0;0;0;
29968;202200019514;779 271;A01;3;7;0;1;2;1;1;
29969;202200019515;779 270;A01;1;15;1;1;1;21;1;
29970;202200019516;779 268;A01;0;7;0;2;3;15;1;
29971;202200019516;779 269;B01;0;2;0;2;1;1;1;
29972;202200019518;779 264;A01;1;7;0;2;5;17;1;
29973;202200019518;779 265;B01;1;1;0;2;8;26;5;
29974;202200019519;779 262;A01;1;7;0;2;2;15;1;
29975;202200019519;779 263;B01;1;7;0;2;1;1;1;
29976;202200019520;779 260;A01;3;31;0;2;1;2;1;
29977;202200019520;779 261;B01;3;10;0;2;6;2;1;
29978;202200019521;779 258;A01;1;7;0;2;1;19;1;
29979;202200019521;779 259;B01;3;1;0;2;7;1;5;
29980;202200019522;779 256;B01;1;1;0;2;1;1;5;
29981;202200019522;779 257;A01;1;7;0;2;7;19;1;
29982;202200019523;779 254;B01;1;7;0;2;4;2;1;
29983;202200019523;779 255;A01;1;7;0;2;1;2;1;
29984;202200019524;779 252;B01;2;99;0;2;2;1;1;
29985;202200019524;779 253;A01;1;7;0;2;3;13;1;
29986;202200019525;779 250;B01;1;50;0;2;3;9;3;
29987;202200019525;779 251;A01;1;7;0;9;2;2;1;
29988;202200019526;779 248;A01;3;7;0;2;2;2;0;
29989;202200019526;779 249;B01;3;1;0;2;4;2;5;
29990;202200019527;779 247;Y01;2;1;12;0;1;1;5;
29991;202200019528;779 246;A01;1;7;0;1;1;16;0;
29992;202200019529;779 245;A01;1;7;0;1;2;1;1;
29993;202200019530;779 244;A01;2;7;8;0;1;1;1;
29994;202200019531;779 243;A01;2;7;8;0;3;1;1;
29995;202200019532;779 241;A01;2;7;0;2;1;1;6;
29996;202200019532;779 242;B01;2;99;0;0;4;1;3;
29997;202200019534;779 238;B01;2;7;0;2;1;1;1;
29998;202200019534;779 239;A01;1;7;0;2;6;1;1;
29999;202200019536;779 234;B01;2;7;8;2;1;1;1;
30000;202200019536;779 235;A01;2;7;8;2;2;17;1;
30001;202200019537;779 232;B01;1;1;0;2;4;1;5;
30002;202200019537;779 233;A01;2;7;0;2;1;1;1;
30003;202200019538;779 231;A01;1;14;0;1;7;1;1;
30004;202200019539;779 230;A01;1;30;8;0;1;1;1;
30005;202200019540;779 228;B01;0;7;0;2;3;5;1;
30006;202200019540;779 229;A01;0;30;0;2;8;11;1;
30007;202200019541;779 226;B01;1;7;0;9;6;11;1;
30008;202200019541;779 227;A01;1;30;0;2;1;17;1;
30009;202200019542;779 224;A01;1;7;0;2;3;15;1;
30010;202200019542;779 225;B01;1;50;0;2;1;15;3;
30011;202200019543;779 223;A01;1;10;0;1;7;1;1;
30012;202200019544;779 221;B01;1;33;0;2;4;1;1;
30013;202200019544;779 222;A01;1;7;0;2;1;21;1;
30014;202200019545;779 220;A01;1;3;8;0;2;1;1;
30015;202200019546;779 218;B01;3;2;0;0;0;0;1;
30016;202200019546;779 219;Z01;3;7;0;2;0;0;0;
30017;202200019547;779 216;B01;3;7;0;2;4;15;1;
30018;202200019547;779 217;A01;3;2;0;2;1;21;1;
30019;202200019548;779 215;A01;3;7;0;1;1;9;3;
30020;202200019550;779 212;A01;3;7;0;2;3;26;1;
30021;202200019550;779 213;B01;3;2;0;2;1;1;1;
30022;202200019551;779 211;A01;2;2;12;0;2;14;1;
30023;202200019552;779 209;A01;2;32;0;2;7;3;1;
30024;202200019552;779 210;B01;2;7;0;2;8;1;1;
30025;202200019553;779 207;B01;2;7;0;2;8;11;1;
30026;202200019553;779 208;A01;2;31;0;2;7;3;1;
30027;202200019554;779 205;B01;3;50;0;2;8;19;3;
30028;202200019554;779 206;A01;1;10;0;2;2;1;1;
30029;202200019555;779 203;B01;3;50;0;2;8;25;3;
30030;202200019555;779 204;A01;3;7;0;2;1;1;1;
30031;202200019556;779 201;A01;1;7;0;1;3;1;1;
30032;202200019557;779 200;A01;1;7;0;2;2;16;1;
30033;202200019557;779 202;B01;1;33;0;2;3;1;1;
30034;202200019558;779 199;A01;2;32;0;1;1;1;1;
30035;202200019559;779 197;A01;0;10;0;2;1;1;1;
30036;202200019559;779 198;B01;1;50;0;2;1;1;3;
30037;202200019560;779 195;A01;1;7;0;2;4;2;1;
30038;202200019560;779 196;B01;0;7;0;0;0;0;1;
30039;202200019561;779 192;A01;1;43;0;2;1;2;1;
30040;202200019561;779 194;B01;1;7;0;2;4;23;1;
30041;202200019562;779 191;B01;1;7;0;2;5;1;1;
30042;202200019562;779 193;A01;2;7;0;2;1;1;1;
30043;202200019563;779 188;B01;3;1;0;2;1;1;5;
30044;202200019563;779 190;A01;3;80;0;2;1;1;3;
30045;202200019564;779 187;B01;0;2;0;2;1;3;1;
30046;202200019564;779 189;A01;0;7;0;2;1;9;1;
30047;202200019565;779 185;A01;1;1;0;2;1;2;5;
30048;202200019565;779 186;B01;1;1;0;2;4;2;5;
30049;202200019566;779 183;A01;0;10;0;1;3;1;1;
30050;202200019567;779 182;B01;2;3;0;1;1;23;3;
30051;202200019567;779 184;A01;2;7;0;2;1;2;2;
30052;202200019568;779 180;A01;1;7;0;0;2;1;1;
30053;202200019568;779 181;B01;1;7;0;0;0;0;1;
30054;202200019569;779 178;A01;2;1;0;9;1;1;5;
30055;202200019570;779 179;A01;1;1;0;1;1;1;5;
30056;202200019571;779 174;A01;0;34;0;2;3;7;1;
30057;202200019571;779 176;B01;3;80;0;2;2;12;3;
30058;202200019572;779 173;C01;2;37;9;2;1;2;2;1.0
30059;202200019572;779 175;B01;2;10;0;2;2;2;1;
30060;202200019572;779 177;A01;2;3;0;2;6;0;1;
30061;202200019573;779 170;A01;1;7;0;2;8;13;1;
30062;202200019573;779 172;B01;1;2;0;2;7;17;1;
30063;202200019575;779 166;A01;3;7;0;2;2;16;1;
30064;202200019575;779 168;B01;3;30;0;2;1;2;1;
30065;202200019576;779 167;A01;1;7;1;0;2;0;0;
30066;202200019577;779 164;A01;0;32;0;2;1;2;1;
30067;202200019577;779 165;B01;0;7;0;0;4;2;1;
30068;202200019578;779 162;A01;1;32;0;2;1;26;1;
30069;202200019578;779 163;B01;2;7;0;2;3;15;1;
30070;202200019579;779 161;A01;3;3;0;1;2;1;1;
30071;202200019580;779 158;A01;3;7;0;0;0;15;1;
30072;202200019580;779 160;B01;3;2;15;0;2;1;1;
30073;202200019582;779 153;A01;2;30;0;2;1;18;1;
30074;202200019582;779 155;B01;2;7;0;2;5;16;1;
30075;202200019583;779 150;A01;1;7;2;0;2;16;1;
30076;202200019584;779 149;B01;1;7;8;0;4;2;1;
30077;202200019584;779 151;A01;1;7;0;2;1;2;1;
30078;202200019585;779 152;C01;1;7;0;0;4;1;1;
30079;202200019585;779 154;A01;1;7;0;2;1;0;1;
30080;202200019585;779 156;B01;1;7;0;0;8;2;1;
30081;202200019586;779 148;A01;1;31;15;0;1;1;1;
30082;202200019587;779 147;A01;2;7;1;0;1;14;1;
30083;202200019588;779 144;B01;1;7;0;2;2;2;0;
30084;202200019588;779 146;A01;1;7;0;0;3;15;1;
30085;202200019589;779 143;A01;3;21;2;0;1;1;1;
30086;202200019590;779 142;A01;2;3;8;0;1;14;1;
30087;202200019591;779 140;A01;2;7;1;0;1;1;1;
30088;202200019591;779 141;B01;2;7;1;2;-1;24;-1;
30089;202200019592;779 138;A01;2;7;0;0;2;15;1;
30090;202200019592;779 139;B01;1;1;0;2;1;1;5;
30091;202200019593;779 137;A01;0;7;0;0;9;1;1;
30092;202200019594;779 136;A01;2;17;1;0;2;1;1;
30093;202200019595;779 135;A01;1;7;13;0;1;1;1;
30094;202200019596;779 134;A01;1;30;3;0;7;1;1;
30095;202200019597;779 131;A01;0;2;0;0;0;0;1;
30096;202200019598;779 126;A01;1;33;0;2;1;17;1;
30097;202200019598;779 128;B01;1;7;0;2;3;15;1;
30098;202200019598;779 130;C01;2;7;0;2;3;24;1;
30099;202200019599;779 127;B01;2;7;0;0;3;1;1;
30100;202200019599;779 129;A01;1;7;0;0;3;1;1;
30101;202200019600;779 124;A01;1;7;15;0;2;2;1;
30102;202200019601;779 123;A01;2;7;0;2;7;15;1;
30103;202200019601;779 125;B01;1;33;0;2;1;1;1;
30104;202200019602;779 120;B01;0;7;0;0;8;0;1;
30105;202200019602;779 121;A01;0;10;0;2;1;1;1;
30106;202200019603;779 122;A01;1;33;12;0;6;1;1;
30107;202200019604;779 119;A01;1;7;2;0;3;13;1;
30108;202200019606;779 114;A01;1;7;13;0;1;13;1;
30109;202200019607;779 113;A01;2;7;13;2;5;13;1;
30110;202200019607;779 115;B01;1;7;0;2;2;1;1;
30111;202200019607;779 116;C01;1;7;0;2;1;1;1;
30112;202200019608;779 112;A01;1;2;0;0;0;1;1;
30113;202200019609;779 110;A01;1;33;0;2;1;1;1;
30114;202200019609;779 111;B01;1;10;0;2;5;15;1;
30115;202200019610;779 108;B01;2;33;0;2;1;2;1;
30116;202200019610;779 109;A01;2;7;0;0;7;16;1;
30117;202200019611;779 107;A01;1;7;2;0;1;1;1;
30118;202200019612;779 105;A01;2;33;0;0;0;26;1;
30119;202200019613;779 102;B01;2;7;0;2;2;1;3;
30120;202200019613;779 103;A01;1;7;0;2;1;5;1;
30121;202200019614;779 101;B01;2;7;0;2;1;1;1;
30122;202200019614;779 104;A01;1;2;0;2;1;1;1;
30123;202200019615;779 099;B01;0;7;0;2;5;1;2;
30124;202200019615;779 100;A01;0;2;0;2;8;26;1;
30125;202200019616;779 098;A01;1;33;0;6;2;1;1;
30126;202200019617;779 097;A01;1;1;6;0;1;1;5;
30127;202200019618;779 093;C01;2;7;0;2;3;1;3;
30128;202200019618;779 095;B01;1;7;0;0;4;23;1;
30129;202200019618;779 096;A01;1;7;0;2;1;1;1;
30130;202200019619;779 092;B01;2;16;0;2;2;1;1;
30131;202200019619;779 094;A01;1;7;0;2;7;15;1;
30132;202200019620;779 090;B01;3;33;0;2;1;1;1;
30133;202200019620;779 091;A01;3;7;0;2;1;15;1;
30134;202200019621;779 089;A01;3;2;6;0;1;1;1;
30135;202200019622;779 086;A01;2;2;0;2;1;1;1;
30136;202200019622;779 088;B01;1;7;0;2;7;19;1;
30137;202200019623;779 085;A01;1;7;0;2;2;15;1;
30138;202200019623;779 087;B01;2;7;0;2;3;1;1;
30139;202200019624;779 083;B01;2;1;0;2;1;1;5;
30140;202200019624;779 084;A01;1;7;0;2;3;26;1;
30141;202200019625;779 080;B01;2;10;0;0;1;1;1;
30142;202200019625;779 082;A01;3;2;0;2;8;1;1;
30143;202200019626;779 079;A01;2;7;0;2;1;0;1;
30144;202200019626;779 081;B01;1;7;0;2;1;0;1;
30145;202200019627;779 078;A01;2;7;0;1;2;21;0;
30146;202200019628;779 076;A01;1;7;0;2;1;5;1;
30147;202200019628;779 077;B01;2;7;0;2;8;1;1;
30148;202200019629;779 074;A01;1;33;0;2;2;15;1;
30149;202200019629;779 075;B01;1;7;0;2;3;17;1;
30150;202200019630;779 072;A01;1;2;1;0;1;14;1;
30151;202200019631;779 071;A01;2;7;0;2;1;13;1;
30152;202200019631;779 073;B01;1;13;0;2;3;1;1;
30153;202200019632;779 067;A01;2;7;0;2;2;2;1;
30154;202200019632;779 068;B01;2;2;0;0;4;2;1;
30155;202200019632;779 070;C01;2;2;0;0;4;2;1;
30156;202200019633;779 065;A01;1;7;13;9;8;1;1;
30157;202200019634;779 063;D01;2;7;0;2;3;1;1;
30158;202200019634;779 064;C01;1;7;0;2;8;1;1;
30159;202200019634;779 066;B01;1;7;0;2;8;1;1;
30160;202200019634;779 069;A01;1;7;0;2;3;13;1;
30161;202200019635;779 062;A01;2;33;13;0;9;1;1;
30162;202200019636;779 060;A01;2;7;6;0;3;13;1;
30163;202200019637;779 061;A01;1;80;0;0;0;0;3;
30164;202200019638;779 056;B01;2;17;0;2;4;1;1;
30165;202200019638;779 058;A01;2;7;0;2;1;1;1;
30166;202200019640;779 052;B01;1;7;0;2;2;1;1;
30167;202200019640;779 053;A01;1;32;0;2;3;1;1;
30168;202200019641;779 050;A01;2;7;0;2;8;10;1;
30169;202200019641;779 051;B01;1;31;0;2;1;2;1;
30170;202200019642;779 048;A01;1;33;1;2;3;0;1;
30171;202200019642;779 049;B01;1;7;0;0;3;26;1;
30172;202200019643;779 047;A01;3;7;0;1;2;1;1;
30173;202200019644;779 045;B01;1;15;0;2;1;1;1;
30174;202200019644;779 046;A01;2;7;0;2;1;17;1;
30175;202200019645;779 044;A01;2;38;0;2;1;2;1;37.0
30176;202200019645;779 054;B01;2;17;0;2;4;2;1;
30177;202200019646;779 043;A01;3;7;13;0;0;1;1;
30178;202200019647;779 042;A01;2;7;8;0;3;1;1;
30179;202200019648;779 039;B01;2;30;0;2;1;1;1;
30180;202200019648;779 040;A01;1;31;0;2;1;5;1;
30181;202200019649;779 038;A01;1;7;0;2;1;5;1;
30182;202200019649;779 041;B01;2;7;0;2;1;1;1;
30183;202200019650;779 035;B01;1;7;0;2;3;1;1;
30184;202200019650;779 037;A01;2;7;0;2;1;13;1;
30185;202200019651;779 034;A01;2;7;0;2;3;5;1;
30186;202200019651;779 036;B01;1;7;0;2;3;1;1;
30187;202200019652;779 032;B01;2;7;0;2;1;1;1;
30188;202200019652;779 033;A01;1;7;0;2;3;1;1;
30189;202200019653;779 031;A01;2;7;13;0;2;26;1;
30190;202200019654;779 028;A01;1;7;0;2;3;10;1;
30191;202200019654;779 029;B01;2;34;0;0;1;0;0;
30192;202200019655;779 027;B01;1;7;0;9;2;1;1;
30193;202200019655;779 030;A01;3;1;0;2;1;15;5;
30194;202200019656;779 024;B01;2;33;0;2;8;1;1;
30195;202200019656;779 026;A01;1;7;0;2;7;1;1;