;Num_Acc;id_vehicule;num_veh;senc;catv;obs;obsm;choc;manv;motor;occutc
30196;202200019657;779 023;A01;2;7;0;2;1;5;1;
30197;202200019657;779 025;B01;1;10;0;2;1;1;1;
30198;202200019659;779 020;B01;2;10;0;2;6;15;1;
30199;202200019659;779 021;A01;2;33;0;2;1;2;1;
30200;202200019661;779 016;B01;1;7;0;2;1;1;1;
30201;202200019661;779 017;A01;2;7;0;2;1;15;1;
30202;202200019662;779 012;A01;1;7;2;0;8;19;1;
30203;202200019663;779 013;C01;2;1;0;2;0;1;5;
30204;202200019663;779 014;B01;2;1;0;2;1;1;5;
30205;202200019663;779 015;A01;1;7;0;0;3;17;1;
30206;202200019664;779 011;A01;0;7;0;1;4;4;1;
30207;202200019665;779 010;A01;1;7;3;0;1;13;1;
30208;202200019666;779 008;B01;1;7;0;2;1;1;1;
30209;202200019666;779 009;A01;2;7;0;2;2;13;1;
30210;202200019667;779 006;A01;2;7;0;1;2;1;1;
30211;202200019668;779 005;A01;1;7;8;0;2;1;1;
30212;202200019669;779 002;A01;1;7;0;0;4;23;1;
30213;202200019669;779 004;B01;1;7;0;2;1;1;1;
30214;202200019670;779 003;A01;2;31;12;0;0;1;1;
30215;202200019671;779 001;A01;0;7;0;1;1;15;1;
30216;202200019672;779 000;A01;0;7;0;1;0;0;0;
30217;202200019673;778 998;B01;1;7;0;2;1;1;1;
30218;202200019673;778 999;A01;1;10;0;2;4;1;1;
30219;202200019675;778 994;A01;1;31;12;0;1;1;1;
30220;202200019676;778 992;D01;1;7;0;2;4;1;1;
30221;202200019676;778 993;C01;1;7;0;2;4;1;1;
30222;202200019676;778 995;B01;1;7;0;2;4;1;1;
30223;202200019676;778 996;A01;1;7;0;2;3;2;2;
30224;202200019677;778 991;A01;2;33;12;0;1;1;1;
30225;202200019678;778 989;A01;1;17;0;2;8;0;1;
30226;202200019678;778 990;B01;1;7;0;2;7;0;1;
30227;202200019679;778 986;A01;1;10;0;2;3;15;1;
30228;202200019679;778 987;B01;2;34;3;2;1;1;1;
30229;202200019680;778 984;A01;1;33;0;2;0;3;1;
30230;202200019680;778 985;B01;1;7;0;2;0;0;1;
30231;202200019680;778 988;C01;1;7;0;2;0;0;1;
30232;202200019681;778 981;A01;2;7;0;2;1;15;1;
30233;202200019681;778 983;B01;1;7;0;2;1;1;1;
30234;202200019683;778 980;A01;1;7;2;0;1;14;1;
30235;202200019684;778 978;A01;1;10;0;2;3;9;1;
30236;202200019684;778 979;B01;1;15;0;2;2;1;1;
30237;202200019685;778 975;A01;2;31;0;0;2;3;1;
30238;202200019686;778 971;B01;2;33;0;2;3;1;1;
30239;202200019686;778 973;A01;2;7;0;2;5;14;1;
30240;202200019687;778 968;A01;2;1;0;2;2;1;5;
30241;202200019687;778 969;B01;1;7;0;2;3;19;1;
30242;202200019693;778 957;A01;1;10;0;2;5;1;1;
30243;202200019693;778 959;B01;1;7;0;2;3;2;1;
30244;202200019694;778 954;A01;2;7;2;0;1;13;1;
30245;202200019696;778 952;A01;1;7;3;2;2;1;1;
30246;202200019697;778 950;B01;2;7;0;2;2;12;1;
30247;202200019697;778 951;A01;2;32;0;2;3;3;1;
30248;202200019698;778 947;B01;2;7;0;2;4;11;1;
30249;202200019698;778 949;A01;2;33;0;2;1;3;1;
30250;202200019699;778 946;A01;2;33;0;2;3;1;1;
30251;202200019699;778 948;B01;1;7;0;2;0;0;1;
30252;202200019701;778 943;A01;1;7;2;0;1;1;2;
30253;202200019702;778 941;B01;2;32;0;2;2;1;1;
30254;202200019702;778 942;A01;1;2;0;2;5;15;1;
30255;202200019703;778 938;A01;2;7;0;2;1;2;1;
30256;202200019703;778 940;B01;2;7;0;2;4;2;1;
30257;202200019704;778 937;A01;2;7;0;2;5;17;1;
30258;202200019704;778 939;B01;2;7;0;2;3;26;1;
30259;202200019705;778 936;A01;1;80;12;0;8;1;3;
30260;202200019707;778 933;B01;2;7;4;0;4;1;1;
30261;202200019707;778 935;A01;2;7;4;2;1;1;1;
30262;202200019708;778 930;A01;3;7;0;2;1;0;1;
30263;202200019708;778 932;B01;3;7;0;0;4;0;1;
30264;202200019709;778 927;C01;1;7;0;2;3;1;1;
30265;202200019709;778 929;B01;1;7;0;2;1;1;1;
30266;202200019709;778 931;A01;1;7;0;2;4;26;1;
30267;202200019710;778 926;A01;2;7;0;2;1;2;1;
30268;202200019710;778 928;B01;2;30;0;2;4;13;1;
30269;202200019711;778 925;A01;3;7;8;0;1;13;1;
30270;202200019712;778 920;B01;2;33;0;2;2;17;1;
30271;202200019712;778 922;A01;2;7;0;2;3;15;1;
30272;202200019713;778 921;A01;1;10;0;2;1;1;1;
30273;202200019713;778 923;B01;1;10;0;2;4;2;1;
30274;202200019713;778 924;C01;1;10;0;2;3;2;1;
30275;202200019714;778 917;A01;1;7;0;2;3;15;1;
30276;202200019714;778 919;B01;1;7;0;2;1;1;2;
30277;202200019715;778 916;A01;1;7;0;2;7;12;1;
30278;202200019715;778 918;B01;1;33;0;2;8;2;1;
30279;202200019716;778 914;A01;2;7;1;0;1;14;1;
30280;202200019716;778 915;B01;2;7;0;2;5;26;1;
30281;202200019717;778 910;A01;1;33;0;0;8;17;1;
30282;202200019718;778 911;A01;2;7;0;2;1;2;1;
30283;202200019718;778 912;B01;2;7;0;2;4;2;1;
30284;202200019718;778 913;C01;2;10;0;2;4;2;1;
30285;202200019719;778 907;A01;0;7;0;1;1;1;1;
30286;202200019721;778 905;A01;3;7;0;1;2;1;0;
30287;202200019722;778 904;B01;3;1;0;2;3;1;5;
30288;202200019722;778 906;A01;3;7;0;9;4;4;1;
30289;202200019723;778 901;B01;0;50;0;2;0;0;3;
30290;202200019723;778 903;A01;3;7;0;9;3;2;1;
30291;202200019724;778 902;A01;3;7;0;1;1;16;1;
30292;202200019726;778 897;A01;2;7;13;0;3;16;1;
30293;202200019727;778 896;B01;1;7;0;2;6;26;1;
30294;202200019727;778 898;A01;1;32;0;2;1;1;1;
30295;202200019728;778 894;A01;2;7;0;2;1;16;1;
30296;202200019728;778 895;B01;2;7;0;2;2;1;1;
30297;202200019730;778 892;B01;2;31;0;2;1;1;1;
30298;202200019730;778 893;A01;1;7;0;2;7;15;1;
30299;202200019732;778 887;A01;0;34;6;0;2;15;0;
30300;202200019733;778 885;A01;2;7;0;1;7;1;1;
30301;202200019734;778 886;B01;0;7;0;2;3;16;1;
30302;202200019734;778 888;A01;0;50;0;2;1;1;3;
30303;202200019738;778 878;B01;2;7;0;2;8;1;1;
30304;202200019738;778 880;A01;2;7;0;2;1;19;1;
30305;202200019739;778 876;B01;2;1;0;2;1;1;5;
30306;202200019739;778 877;A01;1;7;0;2;3;9;1;
30307;202200019740;778 875;A01;2;7;0;1;4;1;3;
30308;202200019741;778 874;A01;1;7;8;0;5;4;1;
30309;202200019742;778 872;B01;2;7;0;2;6;2;1;
30310;202200019742;778 873;A01;2;33;0;2;1;2;1;
30311;202200019743;778 871;A01;1;7;9;0;1;1;1;
30312;202200019744;778 870;A01;3;33;0;0;0;1;1;
30313;202200019745;778 868;A01;3;99;0;9;0;26;0;
30314;202200019745;778 869;B01;2;1;0;0;0;0;5;
30315;202200019746;778 866;B01;2;7;0;2;4;21;1;
30316;202200019746;778 867;A01;2;7;0;2;1;1;1;
30317;202200019747;778 865;A01;3;7;6;0;1;1;1;
30318;202200019748;778 863;A01;1;10;0;2;1;1;1;
30319;202200019748;778 864;B01;2;7;0;2;8;0;1;
30320;202200019749;778 861;A01;2;33;0;0;0;2;1;
30321;202200019750;778 862;A01;1;7;0;1;4;4;0;
30322;202200019751;778 859;B01;0;7;0;2;6;15;1;
30323;202200019751;778 860;A01;1;33;0;2;1;1;1;
30324;202200019753;778 858;A01;1;7;9;0;1;26;1;
30325;202200019754;778 855;B01;3;1;0;2;3;15;5;
30326;202200019754;778 856;A01;3;7;0;2;2;1;1;
30327;202200019756;778 854;A01;3;7;1;0;2;1;1;
30328;202200019757;778 849;A01;2;30;0;0;3;1;1;
30329;202200019758;778 850;A01;2;7;0;1;1;15;1;
30330;202200019759;778 848;A01;1;31;11;0;1;17;1;
30331;202200019760;778 846;A01;1;7;0;1;0;16;2;
30332;202200019761;778 845;A01;3;7;9;2;3;16;1;
30333;202200019761;778 847;B01;2;7;0;2;1;1;1;
30334;202200019762;778 843;B01;1;7;0;2;1;16;1;
30335;202200019762;778 844;A01;1;7;0;1;1;13;1;
30336;202200019763;778 840;B01;3;30;0;2;3;2;1;
30337;202200019763;778 841;A01;3;7;0;2;2;15;0;
30338;202200019764;778 839;B01;1;33;3;2;3;1;1;
30339;202200019764;778 842;A01;1;7;3;2;6;13;1;
30340;202200019765;778 835;A01;0;7;0;2;1;1;1;
30341;202200019765;778 837;B01;0;7;0;2;4;1;1;
30342;202200019765;778 838;Z01;0;7;0;0;4;15;1;
30343;202200019767;778 832;A01;2;7;2;0;7;13;1;
30344;202200019768;778 831;B01;1;7;0;0;0;0;1;
30345;202200019768;778 833;A01;1;33;0;2;1;17;1;
30346;202200019769;778 827;B01;2;34;0;2;1;9;1;
30347;202200019769;778 829;A01;1;7;0;2;1;9;1;
30348;202200019770;778 824;A01;3;7;0;2;5;26;1;
30349;202200019770;778 826;B01;1;30;0;2;1;1;1;
30350;202200019771;778 825;A01;1;7;0;2;1;1;1;
30351;202200019771;778 828;B01;1;7;0;2;1;1;1;
30352;202200019771;778 830;C01;1;7;0;2;4;23;1;
30353;202200019772;778 821;C01;1;33;0;2;1;0;1;
30354;202200019772;778 822;B01;2;7;0;2;6;1;1;
30355;202200019772;778 823;A01;2;7;0;2;3;17;1;
30356;202200019773;778 820;A01;1;7;15;0;2;14;1;
30357;202200019774;778 816;A01;3;7;0;2;7;9;1;
30358;202200019774;778 818;B01;3;32;0;2;8;9;1;
30359;202200019775;778 817;A01;3;7;0;2;2;9;1;
30360;202200019775;778 819;B01;1;33;0;2;1;1;1;
30361;202200019776;778 813;A01;1;43;0;2;8;3;1;
30362;202200019776;778 814;B01;1;10;0;2;7;1;1;
30363;202200019776;778 815;C01;1;7;0;2;8;1;1;
30364;202200019777;778 812;A01;1;30;12;0;1;14;1;
30365;202200019778;778 809;A01;1;7;0;2;1;2;1;
30366;202200019778;778 810;B01;1;7;0;2;1;2;1;
30367;202200019778;778 811;C01;1;10;0;2;7;2;1;
30368;202200019779;778 806;A01;2;34;4;0;7;14;1;
30369;202200019780;778 807;A01;1;34;0;2;2;17;1;
30370;202200019780;778 808;B01;1;37;0;2;3;15;1;1.0
30371;202200019781;778 804;A01;1;7;0;2;3;2;1;
30372;202200019781;778 805;B01;1;7;0;2;6;2;1;
30373;202200019782;778 803;A01;2;10;13;0;1;1;1;
30374;202200019783;778 801;A01;1;7;0;2;7;7;2;
30375;202200019783;778 802;Z01;3;7;0;2;1;5;0;
30376;202200019784;778 798;A01;2;1;0;0;1;1;5;
30377;202200019785;778 799;A01;3;7;0;2;4;2;3;
30378;202200019785;778 800;B01;3;7;0;2;1;21;1;
30379;202200019786;778 795;Z01;2;7;0;2;0;13;0;
30380;202200019786;778 797;A01;2;32;0;2;2;17;1;
30381;202200019787;778 793;Z01;1;32;0;1;1;1;0;
30382;202200019788;778 791;B01;1;30;0;2;7;16;1;
30383;202200019788;778 792;A01;1;7;0;2;3;16;1;
30384;202200019789;778 787;Z01;1;7;0;2;0;2;0;
30385;202200019789;778 789;A01;1;32;0;2;1;2;1;
30386;202200019791;778 784;A01;3;1;0;0;1;0;5;
30387;202200019792;778 785;B01;1;7;0;2;3;15;2;
30388;202200019792;778 786;A01;1;32;0;2;7;17;1;
30389;202200019793;778 782;A01;1;7;0;1;2;1;1;
30390;202200019794;778 781;B01;2;7;0;2;1;7;1;
30391;202200019794;778 783;A01;2;32;0;2;4;16;3;
30392;202200019795;778 777;A01;2;30;0;2;8;16;1;
30393;202200019795;778 779;Z01;2;7;0;2;0;18;1;
30394;202200019796;778 778;A01;3;1;0;2;1;19;5;
30395;202200019796;778 780;B01;3;7;0;9;1;1;1;
30396;202200019797;778 775;A01;2;10;0;2;1;1;1;
30397;202200019797;778 776;B01;2;1;0;2;8;19;5;
30398;202200019798;778 772;A01;1;30;0;2;3;10;1;
30399;202200019798;778 773;B01;1;33;0;2;2;1;1;
30400;202200019799;778 771;A01;1;7;0;2;1;1;1;
30401;202200019799;778 774;B01;1;7;0;2;4;1;1;
30402;202200019800;778 769;B01;1;13;0;2;8;14;1;
30403;202200019800;778 770;A01;1;1;0;2;8;18;5;
30404;202200019803;778 761;A01;1;1;0;1;7;1;5;
30405;202200019804;778 762;A01;2;7;0;2;1;13;1;
30406;202200019804;778 763;B01;2;7;0;2;3;1;1;
30407;202200019804;778 765;C01;2;7;0;2;0;0;1;
30408;202200019805;778 759;B01;2;1;0;2;1;1;5;
30409;202200019805;778 760;A01;1;7;0;2;1;15;2;
30410;202200019806;778 757;A01;1;7;0;2;3;2;1;
30411;202200019806;778 758;B01;1;1;0;2;5;2;5;
30412;202200019807;778 754;A01;2;7;0;1;3;15;2;
30413;202200019808;778 755;A01;1;7;0;2;1;2;1;
30414;202200019808;778 756;B01;1;7;0;2;4;1;1;
30415;202200019810;778 750;A01;1;1;0;2;1;25;5;
30416;202200019810;778 753;B01;1;7;0;9;2;1;1;
30417;202200019811;778 746;A01;1;7;0;2;1;1;1;
30418;202200019811;778 748;B01;1;7;0;2;5;23;1;
30419;202200019811;778 749;C01;1;7;0;2;6;23;1;
30420;202200019812;778 745;B01;2;7;0;2;3;1;1;
30421;202200019812;778 747;A01;1;7;0;2;3;1;1;
30422;202200019813;778 741;Z01;2;0;0;2;1;9;0;
30423;202200019813;778 743;A01;2;30;4;2;7;17;1;
30424;202200019815;778 738;A01;2;7;0;2;2;2;1;
30425;202200019815;778 739;B01;2;7;0;2;4;1;1;
30426;202200019817;778 735;A01;1;7;1;2;6;2;1;
30427;202200019817;778 736;B01;1;33;0;2;6;17;1;
30428;202200019818;778 731;A01;2;7;14;9;2;11;1;
30429;202200019818;778 733;B01;2;1;14;2;3;0;5;
30430;202200019819;778 730;A01;1;7;0;2;2;9;1;
30431;202200019819;778 732;B01;1;7;0;2;6;1;1;
30432;202200019819;778 734;C01;1;7;0;2;4;1;1;
30433;202200019820;778 729;A01;1;7;0;1;1;16;1;
30434;202200019821;778 727;A01;1;7;0;2;2;26;1;
30435;202200019821;778 728;B01;1;1;0;2;1;1;5;
30436;202200019822;778 726;Z01;1;7;0;1;0;16;0;
30437;202200019823;778 725;A01;1;32;15;0;2;14;1;
30438;202200019824;778 723;A01;1;33;0;2;1;1;1;
30439;202200019824;778 724;RB01;1;30;0;2;0;0;1;
30440;202200019825;778 722;A01;1;7;0;1;7;1;1;
30441;202200019826;778 719;A01;1;7;0;2;1;1;1;
30442;202200019826;778 721;B01;2;7;0;2;1;13;1;
30443;202200019827;778 718;A01;3;43;0;2;1;1;1;
30444;202200019827;778 720;B01;3;7;0;2;2;9;1;
30445;202200019828;778 717;A01;2;7;4;0;1;1;1;
30446;202200019829;778 714;B01;1;33;0;2;7;1;1;
30447;202200019829;778 716;A01;1;13;0;2;8;10;1;
30448;202200019830;778 715;A01;2;2;0;0;0;0;1;
30449;202200019831;778 712;A01;1;14;0;1;6;26;6;
30450;202200019832;778 713;A01;0;7;3;0;1;1;1;
30451;202200019833;778 711;A01;2;7;13;0;8;1;1;
30452;202200019834;778 709;A01;0;15;0;2;6;15;1;
30453;202200019834;778 710;B01;1;33;0;2;1;1;1;
30454;202200019835;778 708;A01;1;37;0;1;1;15;1;1.0
30455;202200019836;778 705;A01;3;7;0;2;4;9;0;
30456;202200019836;778 706;B01;3;7;0;2;1;9;6;
30457;202200019837;778 704;A01;3;7;0;1;8;19;3;
30458;202200019838;778 701;B01;0;33;0;2;1;1;1;
30459;202200019838;778 702;A01;0;7;0;2;2;15;1;
30460;202200019839;778 699;A01;1;7;0;0;4;1;1;
30461;202200019839;778 703;B01;1;7;0;2;1;1;1;
30462;202200019840;778 696;A01;2;7;0;2;8;19;1;
30463;202200019840;778 700;B01;2;7;0;2;1;1;1;
30464;202200019841;778 695;A01;0;10;0;2;1;1;0;
30465;202200019841;778 697;B01;0;7;0;2;4;1;1;
30466;202200019841;778 698;C01;0;7;0;2;4;23;1;
30467;202200019842;778 692;B01;2;7;0;2;3;1;1;
30468;202200019842;778 694;A01;1;7;0;2;3;13;1;
30469;202200019844;778 690;A01;2;7;0;1;1;16;2;
30470;202200019845;778 687;B01;1;7;0;2;2;15;1;
30471;202200019845;778 689;A01;1;32;0;2;1;0;0;
30472;202200019846;778 686;A01;3;50;0;0;0;2;3;
30473;202200019847;778 685;A01;0;7;0;2;1;15;1;
30474;202200019847;778 688;B01;0;32;0;2;1;0;1;
30475;202200019848;778 682;B01;2;33;0;2;1;1;1;
30476;202200019848;778 684;A01;2;7;0;2;3;15;1;
30477;202200019850;778 680;A01;3;7;0;1;4;4;1;
30478;202200019851;778 678;B01;1;33;0;2;1;1;1;
30479;202200019851;778 681;A01;1;7;0;2;3;9;1;
30480;202200019852;778 679;A01;2;33;2;0;3;1;1;
30481;202200019853;778 674;B01;3;50;0;2;1;1;3;
30482;202200019853;778 675;A01;1;7;0;2;2;15;1;
30483;202200019854;778 673;B01;2;7;0;0;0;0;1;
30484;202200019854;778 676;A01;1;7;0;0;0;0;1;
30485;202200019855;778 677;A01;1;40;0;1;2;1;3;
30486;202200019856;778 672;A01;1;43;8;0;1;1;1;
30487;202200019858;778 670;A01;1;80;0;1;1;1;3;
30488;202200019859;778 664;B01;1;7;0;0;3;9;1;
30489;202200019859;778 668;A01;1;2;0;0;1;1;1;
30490;202200019860;778 665;B01;2;7;0;9;3;0;1;
30491;202200019860;778 667;A01;1;2;0;2;8;13;1;
30492;202200019861;778 666;A01;1;30;0;1;1;1;3;
30493;202200019862;778 659;B01;1;7;0;2;1;1;1;
30494;202200019862;778 661;A01;2;7;0;2;1;13;2;
30495;202200019863;778 660;B01;1;2;0;0;4;1;1;
30496;202200019863;778 663;A01;1;7;0;2;2;1;1;
30497;202200019864;778 656;A01;1;1;0;0;1;1;5;
30498;202200019865;778 654;A01;3;33;0;2;1;1;1;
30499;202200019865;778 657;B01;3;7;0;2;8;15;1;
30500;202200019866;778 655;A01;2;10;0;2;3;1;1;
30501;202200019866;778 658;B01;1;7;0;2;7;9;1;
30502;202200019866;778 662;C01;2;7;0;2;3;23;1;
30503;202200019867;778 653;A01;2;7;2;0;1;1;1;
30504;202200019868;778 650;B01;1;1;0;2;1;1;5;
30505;202200019868;778 651;A01;2;7;0;2;2;15;1;
30506;202200019869;778 648;A01;2;7;0;2;1;5;1;
30507;202200019869;778 649;B01;1;7;0;2;1;1;1;
30508;202200019871;778 644;A01;3;7;2;0;1;1;1;
30509;202200019872;778 643;A01;3;2;0;6;1;1;1;
30510;202200019873;778 642;A01;2;7;17;0;1;13;1;
30511;202200019874;778 640;A01;1;2;8;0;2;0;1;
30512;202200019877;778 635;A01;2;7;6;2;1;1;1;
30513;202200019877;778 637;B01;1;13;0;2;3;1;1;
30514;202200019878;778 633;A01;2;7;2;0;1;6;1;
30515;202200019880;778 631;A01;3;7;0;2;3;15;1;
30516;202200019880;778 634;B01;3;30;0;2;1;1;1;
30517;202200019881;778 629;A01;1;2;8;0;1;1;1;
30518;202200019883;778 624;A01;3;7;0;2;1;1;1;
30519;202200019883;778 627;B01;3;14;0;2;2;1;1;
30520;202200019884;778 623;B01;2;7;0;2;3;1;1;
30521;202200019884;778 625;A01;1;7;0;2;3;13;1;
30522;202200019885;778 622;A01;1;7;2;0;8;14;1;
30523;202200019886;778 619;A01;1;7;13;0;3;1;1;
30524;202200019887;778 620;A01;3;7;0;2;1;5;1;
30525;202200019887;778 621;B01;0;7;0;2;1;1;1;
30526;202200019888;778 617;A01;2;32;0;2;3;13;1;
30527;202200019888;778 618;B01;1;7;0;2;3;0;1;
30528;202200019889;778 615;A01;1;17;0;1;1;1;1;
30529;202200019890;778 614;A01;1;7;0;9;1;2;1;
30530;202200019890;778 616;B01;1;1;0;2;4;2;5;
30531;202200019891;778 613;A01;3;7;13;0;1;1;1;
30532;202200019892;778 610;B01;1;7;0;2;5;15;1;
30533;202200019892;778 612;A01;1;32;0;2;1;26;1;
30534;202200019893;778 609;A01;1;31;0;2;1;1;1;
30535;202200019893;778 611;B01;2;7;0;2;1;1;1;
30536;202200019895;778 606;A01;3;7;13;0;2;1;1;
30537;202200019896;778 605;A01;1;32;0;1;1;26;1;
30538;202200019897;778 607;A01;2;33;0;0;8;1;1;
30539;202200019898;778 602;B01;2;7;0;2;1;21;1;
30540;202200019898;778 604;A01;1;7;0;2;1;5;1;
30541;202200019899;778 603;A01;1;2;0;0;1;2;1;
30542;202200019900;778 601;B01;0;7;-1;1;-1;0;-1;
30543;202200019901;778 599;A01;1;7;6;1;2;14;1;
30544;202200019902;778 600;A01;0;33;2;0;1;1;1;
30545;202200019903;778 597;A01;1;33;0;5;1;1;1;
30546;202200019904;778 596;B01;3;7;0;2;3;9;1;
30547;202200019904;778 598;A01;1;33;0;2;1;17;1;
30548;202200019905;778 590;A01;1;7;0;1;1;1;1;
30549;202200019906;778 589;A01;3;1;0;0;0;1;5;
30550;202200019907;778 588;C01;1;7;0;2;1;1;1;
30551;202200019907;778 591;A01;2;10;0;2;3;13;1;
30552;202200019907;778 593;B01;1;10;0;2;3;1;0;
30553;202200019907;778 595;D01;1;7;15;0;1;1;1;
30554;202200019908;778 586;A01;0;7;6;0;1;1;1;
30555;202200019909;778 582;B01;2;7;0;2;4;2;2;
30556;202200019909;778 585;A01;2;7;0;2;1;2;1;
30557;202200019909;778 587;C01;2;7;0;2;4;2;1;
30558;202200019910;778 580;A01;1;7;0;2;1;1;1;
30559;202200019910;778 583;B01;2;7;0;2;1;1;1;
30560;202200019911;778 577;A01;3;7;0;2;1;16;1;
30561;202200019911;778 579;B01;3;7;0;2;5;1;1;
30562;202200019913;778 575;B01;2;7;3;0;4;1;1;
30563;202200019913;778 578;A01;2;7;0;2;1;1;1;
30564;202200019914;778 573;A01;2;2;6;0;0;0;1;
30565;202200019915;778 569;A01;2;33;12;0;7;1;1;
30566;202200019916;778 568;A01;1;10;0;2;1;1;1;
30567;202200019916;778 571;B01;1;7;0;2;4;0;1;
30568;202200019916;778 574;C01;1;7;0;2;1;0;0;
30569;202200019917;778 567;B01;0;7;0;2;8;1;1;
30570;202200019917;778 570;A01;3;7;0;2;8;13;1;
30571;202200019917;778 572;C01;0;2;0;2;0;1;1;
30572;202200019918;778 566;A01;2;7;0;0;1;0;1;
30573;202200019919;778 564;A01;2;33;0;0;7;1;1;
30574;202200019920;778 563;A01;2;7;0;2;1;13;1;
30575;202200019920;778 565;B01;1;7;0;2;3;1;1;
30576;202200019921;778 561;A01;1;31;0;2;1;3;1;
30577;202200019921;778 562;B01;1;7;0;2;3;1;1;
30578;202200019922;778 560;A01;1;7;15;0;9;1;1;
30579;202200019923;778 556;B01;2;7;0;2;1;2;1;
30580;202200019923;778 558;A01;2;7;0;1;4;23;0;
30581;202200019924;778 557;B01;0;1;0;2;3;1;5;
30582;202200019924;778 559;A01;1;21;0;2;3;1;1;
30583;202200019925;778 555;A01;2;7;13;0;9;1;1;
30584;202200019926;778 554;A01;2;33;0;0;7;1;1;
30585;202200019927;778 553;A01;3;1;0;0;0;1;5;
30586;202200019928;778 551;A01;1;33;7;0;7;15;1;
30587;202200019929;778 548;A01;2;17;0;2;7;12;1;
30588;202200019929;778 550;B01;2;7;0;2;8;1;1;
30589;202200019930;778 547;A01;2;7;0;2;1;17;1;
30590;202200019930;778 549;B01;1;7;0;2;1;1;1;
30591;202200019930;778 552;C01;1;10;0;2;3;1;1;
30592;202200019931;778 545;B01;3;7;0;2;6;20;1;
30593;202200019931;778 546;A01;3;10;0;2;7;1;1;
30594;202200019932;778 542;A01;2;32;0;2;1;11;1;
30595;202200019932;778 544;B01;2;30;0;2;1;3;0;
30596;202200019933;778 541;B01;1;33;0;2;1;5;1;
30597;202200019933;778 543;A01;2;7;0;2;3;5;1;
30598;202200019934;778 540;A01;3;7;0;1;1;15;1;
30599;202200019935;778 536;A01;1;2;0;0;0;1;1;
30600;202200019937;778 533;B01;1;7;0;2;3;1;1;
30601;202200019937;778 537;A01;2;7;0;2;3;13;1;
30602;202200019938;778 532;A01;1;13;0;2;7;10;1;
30603;202200019938;778 534;B01;1;33;0;2;1;1;1;
30604;202200019939;778 528;A01;2;10;0;2;1;1;1;
30605;202200019939;778 530;B01;2;1;0;2;4;1;5;
30606;202200019940;778 527;B01;2;43;0;2;2;2;1;
30607;202200019940;778 529;A01;2;7;0;2;3;11;2;
30608;202200019940;778 531;C01;2;33;0;2;4;2;1;
30609;202200019941;778 525;A01;2;1;0;0;0;1;5;
30610;202200019942;778 524;B01;2;7;0;2;1;1;1;
30611;202200019942;778 526;A01;1;7;0;2;1;13;1;
30612;202200019943;778 523;A01;2;7;0;1;4;1;2;
30613;202200019944;778 521;A01;2;33;13;0;2;1;1;
30614;202200019945;778 520;B01;2;7;0;2;4;1;1;
30615;202200019945;778 522;A01;2;31;0;2;1;2;1;
30616;202200019947;778 515;A01;2;7;0;2;4;2;1;
30617;202200019947;778 517;B01;2;7;0;2;1;2;1;
30618;202200019948;778 514;A01;2;32;0;2;8;3;1;
30619;202200019948;778 516;B01;2;7;0;2;2;1;1;
30620;202200019949;778 513;A01;2;2;5;0;3;13;1;
30621;202200019952;778 507;A01;2;7;3;0;2;12;1;
30622;202200019953;778 504;A01;1;10;0;1;6;22;1;
30623;202200019954;778 503;D01;1;7;0;2;9;9;1;
30624;202200019954;778 505;C01;1;7;0;2;9;9;1;
30625;202200019954;778 506;B01;1;7;0;2;1;9;1;
30626;202200019954;778 508;A01;1;7;0;2;9;1;1;
30627;202200019955;778 501;B01;2;10;0;2;4;21;1;
30628;202200019955;778 502;A01;2;7;0;2;1;1;1;
30629;202200019956;778 500;A01;1;32;12;0;3;16;1;
30630;202200019957;778 499;A01;2;7;0;1;3;15;1;
30631;202200019958;778 497;A01;3;30;0;2;1;2;1;
30632;202200019958;778 498;B01;3;31;0;2;4;2;1;
30633;202200019959;778 496;A01;1;7;0;1;1;16;2;
30634;202200019960;778 495;A01;1;7;13;0;1;1;1;
30635;202200019961;778 493;A01;3;7;0;9;3;1;1;
30636;202200019961;778 494;B01;3;1;0;2;8;9;5;
30637;202200019962;778 491;A01;2;7;0;1;2;14;1;
30638;202200019963;778 490;B01;3;32;0;2;1;1;1;
30639;202200019963;778 492;A01;3;7;0;2;6;10;1;
30640;202200019965;778 487;A01;1;7;0;1;1;1;1;
30641;202200019966;778 486;A01;2;1;0;0;0;1;5;
30642;202200019967;778 483;B01;1;2;0;2;1;3;1;
30643;202200019967;778 485;A01;2;7;0;9;8;19;1;
30644;202200019968;778 481;B01;2;7;0;2;4;2;1;
30645;202200019968;778 484;A01;2;7;0;2;1;2;1;
30646;202200019969;778 479;A01;1;10;0;2;1;1;3;
30647;202200019969;778 482;B01;1;1;0;2;4;11;5;
30648;202200019970;778 478;B01;1;10;0;2;1;1;1;
30649;202200019970;778 480;A01;1;34;0;2;7;19;1;
30650;202200019971;778 475;A01;1;7;0;2;2;15;1;
30651;202200019971;778 477;B01;2;7;0;2;1;1;1;
30652;202200019972;778 476;A01;2;33;0;1;1;1;1;
30653;202200019973;778 473;A01;2;7;0;2;1;26;1;
30654;202200019973;778 474;B01;2;7;0;2;4;26;0;
30655;202200019974;778 471;A01;1;7;6;1;7;1;1;
30656;202200019975;778 469;A01;3;31;0;2;0;0;1;