;Num_Acc;id_vehicule;num_veh;senc;catv;obs;obsm;choc;manv;motor;occutc
30657;202200019976;778 470;B01;2;30;0;2;7;1;1;
30658;202200019976;778 472;A01;3;7;0;2;3;20;1;
30659;202200019977;778 465;A01;1;7;0;2;7;19;1;
30660;202200019977;778 468;B01;1;31;0;2;1;2;1;
30661;202200019979;778 464;B01;1;30;0;2;0;18;0;
30662;202200019979;778 466;A01;2;50;0;2;7;5;3;
30663;202200019980;778 456;A01;2;7;0;2;1;17;3;
30664;202200019980;778 459;B01;2;33;0;2;7;17;1;
30665;202200019980;778 462;C01;2;7;0;2;6;23;1;
30666;202200019981;778 455;C01;1;7;0;2;4;23;1;
30667;202200019981;778 458;B01;1;33;0;2;9;23;1;
30668;202200019981;778 461;A01;1;7;0;2;1;2;1;
30669;202200019982;778 457;A01;1;32;0;2;0;2;1;
30670;202200019982;778 460;Z01;1;10;0;2;0;2;1;
30671;202200019984;778 449;B01;1;7;0;2;4;2;1;
30672;202200019984;778 451;A01;1;7;0;2;1;2;1;
30673;202200019985;778 450;B01;2;40;0;2;2;1;3;
30674;202200019985;778 452;A01;2;10;0;4;3;15;1;
30675;202200019986;778 447;B01;1;31;0;2;0;21;1;
30676;202200019986;778 448;A01;0;7;0;2;2;0;1;
30677;202200019987;778 444;A01;2;43;0;2;1;5;1;
30678;202200019987;778 446;B01;1;7;0;2;2;2;2;
30679;202200019988;778 443;A01;1;10;0;2;3;9;1;
30680;202200019988;778 445;B01;2;7;0;2;1;1;1;
30681;202200019989;778 442;A01;-1;7;0;1;2;17;1;
30682;202200019990;778 438;A01;3;10;0;2;1;2;1;
30683;202200019990;778 439;B01;0;7;0;2;4;2;1;
30684;202200019991;778 437;A01;1;33;3;0;1;1;1;
30685;202200019992;778 436;A01;2;7;0;1;1;15;1;
30686;202200019994;778 433;A01;1;7;0;2;3;13;1;
30687;202200019994;778 435;B01;2;7;0;2;1;1;1;
30688;202200019995;778 431;A01;3;7;0;2;2;10;1;
30689;202200019995;778 432;B01;3;34;0;2;1;1;1;
30690;202200019996;778 429;B01;3;7;0;2;1;1;1;
30691;202200019996;778 430;A01;3;7;0;2;3;19;1;
30692;202200019997;778 428;A01;3;7;12;0;2;1;0;
30693;202200019998;778 426;A01;2;7;0;2;1;2;1;
30694;202200019998;778 427;B01;2;7;0;2;4;2;1;
30695;202200019999;778 424;B01;2;32;0;2;1;1;1;
30696;202200019999;778 425;A01;1;7;0;2;5;15;1;
30697;202200020000;778 423;A01;2;34;3;0;3;16;1;
30698;202200020001;778 419;B01;0;7;0;2;8;22;1;
30699;202200020001;778 421;A01;0;2;1;0;2;17;3;
30700;202200020003;778 416;A01;1;60;0;0;1;2;5;
30701;202200020004;778 415;A01;0;7;0;2;5;15;1;
30702;202200020004;778 417;B01;0;33;0;2;1;1;1;
30703;202200020005;778 414;A01;1;7;0;0;0;14;1;
30704;202200020006;778 413;Z01;2;32;0;1;0;0;0;
30705;202200020007;778 409;A01;1;7;0;2;3;1;1;
30706;202200020007;778 410;B01;2;7;0;2;3;1;1;
30707;202200020007;778 412;C01;2;7;0;2;3;1;1;
30708;202200020008;778 408;B01;2;7;0;0;0;1;0;
30709;202200020008;778 411;A01;2;10;0;2;1;1;1;
30710;202200020009;778 405;A01;1;7;0;2;1;2;1;
30711;202200020009;778 406;B01;1;1;0;0;0;0;5;
30712;202200020010;778 404;B01;2;7;0;2;1;1;1;
30713;202200020010;778 407;A01;1;7;3;2;1;5;1;
30714;202200020011;778 401;A01;2;7;0;2;3;13;1;
30715;202200020011;778 402;B01;1;7;0;2;3;1;1;
30716;202200020012;778 400;A01;2;7;2;0;1;1;1;
30717;202200020013;778 399;A01;2;80;0;1;1;1;3;
30718;202200020014;778 396;C01;1;7;0;2;1;2;1;
30719;202200020014;778 397;B01;1;7;0;2;4;2;1;
30720;202200020014;778 398;A01;1;7;0;2;4;23;1;
30721;202200020015;778 395;A01;2;7;12;0;4;15;1;
30722;202200020016;778 392;A01;1;7;0;2;4;1;1;
30723;202200020016;778 393;C01;1;10;0;2;1;1;1;
30724;202200020016;778 394;B01;1;7;0;2;1;1;1;
30725;202200020017;778 390;A01;1;7;0;2;8;20;1;
30726;202200020017;778 391;B01;1;32;0;2;1;1;1;
30727;202200020018;778 388;B01;3;50;0;2;3;19;3;
30728;202200020018;778 389;A01;1;7;0;2;2;1;1;
30729;202200020019;778 386;A01;1;7;0;1;7;1;1;
30730;202200020020;778 385;B01;2;7;0;2;9;1;1;
30731;202200020020;778 387;A01;2;7;0;2;7;12;1;
30732;202200020021;778 383;A01;1;10;0;2;8;12;1;
30733;202200020021;778 384;B01;1;33;0;2;3;2;1;
30734;202200020022;778 382;A01;1;7;0;1;3;1;1;
30735;202200020023;778 380;A01;1;33;0;2;1;2;1;
30736;202200020023;778 381;B01;1;10;0;2;5;2;1;
30737;202200020024;778 378;A01;1;32;3;0;7;14;1;
30738;202200020025;778 377;B01;2;7;0;2;2;0;2;
30739;202200020025;778 379;A01;2;7;1;2;2;13;1;
30740;202200020026;778 375;B01;2;7;0;2;4;0;1;
30741;202200020026;778 376;A01;2;7;0;2;1;2;1;
30742;202200020027;778 373;B01;0;7;0;2;8;15;1;
30743;202200020027;778 374;A01;0;34;0;2;1;17;1;
30744;202200020028;778 368;A01;1;7;0;1;2;1;1;
30745;202200020029;778 366;B01;1;7;0;2;6;1;1;
30746;202200020029;778 367;C01;1;10;0;2;4;1;1;
30747;202200020029;778 369;D01;1;7;0;2;4;1;1;
30748;202200020029;778 370;E01;1;7;0;2;4;1;1;
30749;202200020029;778 371;F01;1;7;0;2;4;1;1;
30750;202200020029;778 372;A01;1;7;0;2;1;1;1;
30751;202200020030;778 364;A01;2;33;0;2;5;21;1;
30752;202200020030;778 365;B01;2;7;0;2;5;11;1;
30753;202200020031;778 362;A01;1;7;0;2;1;1;1;
30754;202200020031;778 363;B01;1;7;0;2;4;0;1;
30755;202200020032;778 359;A01;2;7;0;1;1;26;1;
30756;202200020033;778 358;A01;3;7;0;1;1;15;1;
30757;202200020034;778 354;A01;3;7;0;2;0;17;1;
30758;202200020034;778 355;B01;1;50;0;2;0;1;3;
30759;202200020035;778 353;A01;3;7;0;1;4;20;1;
30760;202200020036;778 350;Z01;1;10;0;2;4;16;0;
30761;202200020036;778 351;A01;1;2;0;2;4;1;1;
30762;202200020037;778 349;Z01;1;50;0;1;1;5;3;
30763;202200020038;778 348;A01;1;7;0;1;2;16;0;
30764;202200020040;778 345;A01;2;10;0;1;2;1;1;
30765;202200020041;778 343;B01;2;2;0;2;7;17;1;
30766;202200020041;778 344;A01;2;7;0;2;3;15;1;
30767;202200020042;778 342;A01;0;7;0;1;1;1;1;
30768;202200020043;778 340;B01;3;7;0;2;1;1;1;
30769;202200020043;778 341;A01;2;50;0;2;8;9;3;
30770;202200020044;778 339;A01;2;7;0;1;2;1;1;
30771;202200020045;778 337;A01;1;33;0;1;1;1;1;
30772;202200020046;778 336;A01;1;7;0;1;2;1;1;
30773;202200020047;778 335;A01;1;7;0;1;8;15;1;
30774;202200020048;778 334;A01;1;7;0;1;1;19;1;
30775;202200020049;778 333;A01;2;7;0;1;3;1;1;
30776;202200020050;778 330;A01;1;7;0;2;1;26;1;
30777;202200020050;778 331;B01;2;7;0;2;1;1;1;
30778;202200020050;778 332;X01;3;7;0;2;1;9;0;
30779;202200020051;778 329;A01;1;7;0;1;1;20;2;
30780;202200020053;778 327;A01;1;7;2;0;1;13;1;
30781;202200020054;778 326;A01;3;7;0;2;0;21;1;
30782;202200020055;778 325;A01;1;7;0;1;2;1;1;
30783;202200020056;778 322;Z01;1;50;0;1;1;1;3;
30784;202200020057;778 319;A01;1;3;0;2;2;19;1;
30785;202200020057;778 320;B01;1;7;0;2;1;1;1;
30786;202200020058;778 317;A01;1;7;0;2;3;15;1;
30787;202200020058;778 318;B01;2;32;0;2;3;1;1;
30788;202200020059;778 316;A01;1;7;0;1;3;1;1;
30789;202200020060;778 314;B01;2;1;0;2;0;0;5;
30790;202200020060;778 315;Z01;2;1;0;2;0;0;5;
30791;202200020061;778 313;A01;2;50;0;0;0;1;3;
30792;202200020062;778 311;B01;1;37;0;2;1;1;1;1.0
30793;202200020062;778 312;A01;1;7;16;2;7;15;1;
30794;202200020063;778 310;A01;1;7;0;1;1;19;1;
30795;202200020064;778 308;B01;1;7;0;2;5;20;1;
30796;202200020064;778 309;A01;1;30;0;2;3;18;1;
30797;202200020065;778 306;B01;1;7;0;2;1;1;1;
30798;202200020065;778 307;A01;2;7;0;2;1;13;1;
30799;202200020066;778 305;A01;3;7;0;1;7;1;1;
30800;202200020067;778 300;A01;1;7;0;2;1;2;1;
30801;202200020067;778 301;E01;1;10;0;2;4;2;1;
30802;202200020067;778 302;D01;1;10;0;2;4;2;1;
30803;202200020067;778 303;C01;1;10;0;2;4;2;1;
30804;202200020067;778 304;B01;1;7;0;2;1;2;1;
30805;202200020068;778 297;B01;2;7;0;2;4;2;1;
30806;202200020068;778 298;A01;2;7;0;2;3;2;1;
30807;202200020069;778 296;A01;1;7;0;2;1;1;1;
30808;202200020070;778 290;A01;3;2;0;2;4;2;1;
30809;202200020070;778 291;B01;3;7;0;2;4;2;1;
30810;202200020070;778 292;C01;3;7;0;2;1;1;1;
30811;202200020070;778 293;D01;3;7;0;2;1;1;1;
30812;202200020070;778 294;E01;3;10;0;2;1;2;1;
30813;202200020071;778 289;A01;1;43;4;2;0;1;1;
30814;202200020072;778 284;A01;1;1;0;1;1;26;5;
30815;202200020073;778 283;A01;2;37;0;1;7;16;1;1.0
30816;202200020074;778 281;B01;2;7;0;2;4;0;1;
30817;202200020074;778 282;A01;2;7;0;2;1;2;1;
30818;202200020076;778 279;A01;1;7;0;1;2;1;1;
30819;202200020077;778 277;A01;2;7;0;9;8;1;1;
30820;202200020077;778 278;B01;1;1;0;2;7;1;5;
30821;202200020078;778 273;A01;3;7;0;2;1;2;1;
30822;202200020078;778 274;B01;3;1;0;0;0;0;5;
30823;202200020079;778 271;B01;1;7;0;2;6;23;1;
30824;202200020079;778 272;A01;1;7;0;2;2;2;1;
30825;202200020080;778 269;B01;1;37;0;0;6;1;2;1.0
30826;202200020080;778 270;A01;1;33;11;2;6;9;1;
30827;202200020081;778 267;A01;1;7;0;2;3;11;1;
30828;202200020081;778 268;B01;1;33;0;2;2;1;1;
30829;202200020082;778 258;A01;1;7;0;2;2;1;1;
30830;202200020082;778 259;B01;1;10;1;0;6;23;1;
30831;202200020083;778 256;A01;1;7;0;2;2;2;1;
30832;202200020083;778 257;B01;1;7;0;2;6;2;1;
30833;202200020084;778 254;B01;3;7;0;2;4;2;1;
30834;202200020084;778 255;A01;3;33;0;2;1;2;1;
30835;202200020085;778 252;A01;3;7;0;2;3;9;1;
30836;202200020085;778 253;B01;1;50;0;2;1;1;3;
30837;202200020087;778 250;A01;1;10;0;1;0;0;1;
30838;202200020088;778 248;A01;1;10;0;2;3;2;1;
30839;202200020088;778 249;B01;1;7;0;9;5;2;1;
30840;202200020089;778 246;A01;0;7;0;2;1;1;1;
30841;202200020089;778 247;B01;3;1;0;2;1;1;5;
30842;202200020090;778 244;B01;0;0;0;2;1;0;0;
30843;202200020090;778 245;A01;0;32;0;2;1;1;0;
30844;202200020091;778 242;B01;3;7;0;2;1;1;1;
30845;202200020091;778 243;A01;3;7;0;0;7;9;1;
30846;202200020093;778 238;A01;3;7;0;2;1;1;1;
30847;202200020093;778 239;B01;3;33;0;2;1;1;1;
30848;202200020094;778 236;B01;2;32;0;2;8;1;1;
30849;202200020094;778 237;A01;1;7;0;2;3;15;1;
30850;202200020095;778 235;A01;2;31;0;2;1;21;1;
30851;202200020096;778 233;B01;2;2;0;2;7;15;1;
30852;202200020096;778 234;A01;1;7;0;2;1;1;1;
30853;202200020097;778 232;A01;2;7;9;1;1;1;1;
30854;202200020098;778 231;A01;2;7;1;0;3;1;1;
30855;202200020100;778 227;A01;3;7;0;2;2;15;1;
30856;202200020100;778 228;B01;3;32;0;2;3;21;3;
30857;202200020101;778 225;A01;1;33;0;2;1;17;1;
30858;202200020101;778 226;B01;1;7;0;2;3;15;1;
30859;202200020102;778 223;A01;3;7;0;2;1;1;1;
30860;202200020102;778 224;B01;3;2;0;2;7;1;1;
30861;202200020103;778 222;A01;1;33;13;0;2;14;1;
30862;202200020104;778 221;A01;1;7;0;1;1;1;1;
30863;202200020105;778 220;A01;1;7;0;1;1;1;1;
30864;202200020106;778 219;A01;2;33;0;0;0;1;1;
30865;202200020108;778 215;A01;1;7;0;2;1;1;1;
30866;202200020108;778 216;B01;1;50;0;2;1;8;3;
30867;202200020109;778 214;A01;3;7;0;1;3;26;1;
30868;202200020110;778 212;A01;1;32;0;2;1;1;1;
30869;202200020110;778 213;B01;1;7;0;0;0;1;1;
30870;202200020111;778 211;A01;2;7;0;1;1;15;1;
30871;202200020112;778 210;A01;3;7;0;1;3;1;2;
30872;202200020113;778 208;B01;3;1;0;2;2;1;5;
30873;202200020113;778 209;A01;3;7;0;2;1;26;1;
30874;202200020115;778 205;A01;1;30;0;1;7;1;1;
30875;202200020116;778 203;B01;2;2;0;2;1;26;1;
30876;202200020116;778 204;A01;1;7;0;2;2;15;1;
30877;202200020117;778 201;B01;1;33;0;2;1;1;1;
30878;202200020117;778 202;A01;1;7;0;2;3;19;1;
30879;202200020118;778 199;B01;0;31;0;0;0;0;1;
30880;202200020118;778 200;A01;3;7;0;2;2;15;1;
30881;202200020120;778 196;A01;3;7;0;2;1;13;1;
30882;202200020120;778 197;B01;3;1;0;2;1;1;5;
30883;202200020121;778 195;A01;1;7;14;0;1;1;1;
30884;202200020122;778 194;Z01;1;7;0;9;1;1;3;
30885;202200020123;778 192;A01;0;7;0;2;3;5;1;
30886;202200020123;778 193;B01;0;17;0;2;3;1;1;
30887;202200020124;778 190;B01;2;7;0;2;3;1;1;
30888;202200020124;778 191;A01;2;7;0;2;6;16;1;
30889;202200020125;778 188;B01;2;7;0;2;4;16;1;
30890;202200020125;778 189;A01;2;34;0;2;1;1;1;
30891;202200020126;778 186;A01;1;7;0;2;3;19;1;
30892;202200020126;778 187;B01;1;7;0;2;2;2;1;
30893;202200020127;778 185;A01;1;7;0;0;1;1;1;
30894;202200020128;778 184;A01;1;2;0;0;8;1;1;
30895;202200020129;778 182;B01;1;50;1;0;0;1;3;
30896;202200020129;778 183;A01;0;7;0;2;1;20;0;
30897;202200020130;778 181;A01;3;7;0;1;2;1;1;
30898;202200020131;778 179;A01;1;1;0;2;1;1;5;
30899;202200020131;778 180;B01;1;7;0;2;1;1;1;
30900;202200020132;778 177;A01;1;7;0;2;1;16;1;
30901;202200020132;778 178;B01;2;50;0;2;1;5;3;
30902;202200020134;778 173;A01;0;7;0;2;1;15;1;
30903;202200020134;778 174;B01;0;1;0;2;8;1;5;
30904;202200020135;778 171;B01;1;1;1;0;0;0;5;
30905;202200020135;778 172;A01;1;10;1;0;8;24;1;
30906;202200020136;778 165;C01;1;10;0;2;1;0;1;
30907;202200020136;778 166;A01;1;7;0;2;1;1;1;
30908;202200020136;778 167;B01;1;7;0;2;1;2;1;
30909;202200020136;778 168;D01;1;7;0;0;1;2;2;
30910;202200020136;778 169;E01;1;7;0;0;4;2;1;
30911;202200020138;778 162;A01;0;30;0;2;1;19;1;
30912;202200020138;778 164;B01;0;7;0;2;3;1;1;
30913;202200020139;778 160;A01;3;7;0;2;3;5;1;
30914;202200020139;778 161;B01;3;7;0;2;1;1;1;
30915;202200020140;778 158;B01;1;32;0;2;6;1;1;
30916;202200020140;778 159;Z01;2;7;0;2;1;15;1;
30917;202200020141;778 154;A01;3;10;0;2;1;2;1;
30918;202200020141;778 155;B01;3;7;0;2;0;0;1;
30919;202200020141;778 156;C01;3;7;0;2;0;0;1;
30920;202200020141;778 157;D01;3;7;0;2;0;0;1;
30921;202200020142;778 151;C01;1;13;0;2;0;1;1;
30922;202200020142;778 152;B01;1;7;0;2;6;9;1;
30923;202200020142;778 153;A01;1;33;0;2;6;9;1;
30924;202200020143;778 149;B01;3;34;0;0;0;0;0;
30925;202200020143;778 150;A01;3;7;0;2;5;12;2;
30926;202200020144;778 147;A01;1;7;0;2;3;13;1;
30927;202200020144;778 148;B01;2;7;0;2;1;1;1;
30928;202200020145;778 146;A01;0;7;0;0;1;0;1;
30929;202200020146;778 143;C01;1;7;0;2;4;0;1;
30930;202200020146;778 144;B01;1;7;0;2;4;0;1;
30931;202200020146;778 145;A01;1;7;0;2;1;2;1;
30932;202200020147;778 141;A01;1;7;0;2;1;2;1;
30933;202200020147;778 142;B01;1;7;0;2;4;2;1;
30934;202200020148;778 140;A01;2;10;14;0;1;0;1;
30935;202200020150;778 136;A01;3;7;0;2;3;15;1;
30936;202200020150;778 137;B01;2;32;0;2;2;0;1;
30937;202200020151;778 134;B01;2;32;0;2;1;1;1;
30938;202200020151;778 135;A01;1;10;4;2;1;13;1;
30939;202200020153;778 131;B01;2;32;0;2;1;1;1;
30940;202200020153;778 132;A01;1;7;0;2;1;17;0;
30941;202200020154;778 129;B01;2;7;0;2;1;2;1;
30942;202200020154;778 130;A01;2;7;0;2;4;23;1;
30943;202200020155;778 128;A01;2;1;8;0;1;25;5;
30944;202200020156;778 126;A01;1;13;0;2;8;11;6;
30945;202200020156;778 127;B01;1;31;0;2;2;1;1;
30946;202200020157;778 122;C01;1;7;0;2;4;1;1;
30947;202200020157;778 123;B01;1;7;0;2;3;2;1;
30948;202200020157;778 124;A01;1;7;0;2;6;2;1;
30949;202200020157;778 125;Z01;1;7;0;2;2;18;2;
30950;202200020158;778 120;A01;0;33;0;2;8;9;1;
30951;202200020158;778 121;B01;3;32;0;2;2;1;1;
30952;202200020160;778 117;A01;2;34;0;2;5;1;1;
30953;202200020160;778 118;B01;1;10;0;2;0;1;1;
30954;202200020161;778 116;A01;3;7;4;0;2;1;1;
30955;202200020162;778 115;A01;3;1;0;0;1;1;5;
30956;202200020163;778 113;A01;2;1;0;2;7;13;5;
30957;202200020163;778 114;Z01;1;7;0;2;1;16;1;
30958;202200020164;778 111;A01;1;7;0;2;7;1;2;
30959;202200020164;778 112;B01;2;80;0;2;7;1;3;
30960;202200020165;778 109;Z01;3;7;0;2;0;1;1;
30961;202200020165;778 110;A01;1;50;0;2;1;1;3;
30962;202200020166;778 107;B01;3;1;0;2;1;1;5;
30963;202200020166;778 108;A01;3;10;0;2;8;22;1;
30964;202200020167;778 106;A01;1;7;0;1;2;16;1;
30965;202200020168;778 104;A01;1;30;0;2;1;3;1;
30966;202200020168;778 105;B01;1;32;0;2;7;0;1;
30967;202200020169;778 102;B01;1;10;0;0;4;2;1;
30968;202200020169;778 103;A01;1;7;0;2;1;2;1;
30969;202200020170;778 100;B01;3;7;0;0;4;26;1;
30970;202200020170;778 101;A01;3;37;0;2;0;0;6;1.0
30971;202200020171;778 098;B01;2;37;9;0;1;1;1;2.0
30972;202200020171;778 099;A01;1;7;9;0;6;15;1;
30973;202200020172;778 096;Z01;3;7;0;2;4;20;1;
30974;202200020172;778 097;B01;1;7;0;2;3;23;1;
30975;202200020173;778 093;C01;2;7;0;2;4;2;2;
30976;202200020173;778 094;B01;2;7;0;2;4;2;1;
30977;202200020173;778 095;A01;2;7;0;2;1;2;1;
30978;202200020174;778 091;A01;1;7;0;2;2;21;1;
30979;202200020174;778 092;Y01;1;60;0;2;4;25;5;
30980;202200020175;778 089;A01;1;17;0;0;0;0;1;
30981;202200020175;778 090;B01;1;20;1;0;0;0;0;
30982;202200020176;778 087;A01;1;13;0;2;4;2;1;
30983;202200020176;778 088;B01;1;7;0;2;1;2;1;
30984;202200020177;778 085;A01;1;34;0;2;1;5;1;
30985;202200020177;778 086;B01;2;15;0;2;6;15;1;
30986;202200020178;778 083;A01;1;7;0;2;3;15;1;
30987;202200020178;778 084;B01;2;33;0;2;1;1;1;
30988;202200020179;778 081;B01;1;7;0;2;5;1;1;
30989;202200020179;778 082;A01;0;7;0;2;1;19;1;
30990;202200020181;778 077;B01;2;30;0;2;1;1;1;
30991;202200020181;778 078;A01;1;7;0;2;1;10;1;
30992;202200020182;778 075;B01;3;30;0;2;1;2;1;
30993;202200020182;778 076;A01;3;7;0;2;0;0;1;
30994;202200020183;778 073;A01;3;7;0;2;3;15;1;
30995;202200020183;778 074;B01;3;33;0;2;3;1;1;
30996;202200020184;778 071;A01;1;7;0;2;1;1;0;
30997;202200020184;778 072;B01;1;7;0;2;6;0;0;
30998;202200020185;778 069;B01;0;7;0;0;0;0;2;
30999;202200020185;778 070;A01;0;32;0;0;0;0;1;
31000;202200020186;778 068;A01;3;7;0;1;1;1;1;
31001;202200020188;778 064;A01;1;7;0;2;1;2;1;
31002;202200020188;778 065;B01;1;7;0;2;4;2;0;
31003;202200020189;778 062;B01;1;32;0;2;2;2;1;
31004;202200020189;778 063;A01;1;7;0;2;5;13;1;
31005;202200020190;778 061;A01;2;7;3;0;1;15;1;
31006;202200020191;778 059;B01;0;34;0;0;0;0;1;
31007;202200020191;778 060;A01;0;7;0;2;3;2;1;
31008;202200020192;778 057;B01;3;7;0;2;8;9;1;
31009;202200020192;778 058;A01;3;32;0;2;1;3;1;
31010;202200020193;778 055;A01;1;10;0;2;3;26;1;
31011;202200020193;778 056;B01;1;1;0;2;2;17;5;
31012;202200020194;778 052;C01;1;7;0;2;4;23;3;
31013;202200020194;778 053;B01;3;7;0;2;4;23;1;
31014;202200020194;778 054;A01;3;7;0;2;1;2;1;
31015;202200020195;778 051;A01;2;7;0;1;2;16;1;
31016;202200020198;778 047;A01;2;7;0;1;2;26;1;
31017;202200020199;778 045;B01;1;13;0;2;3;1;0;
31018;202200020199;778 046;A01;2;10;0;2;3;5;1;
31019;202200020200;778 043;A01;2;7;0;2;2;17;1;
31020;202200020200;778 044;B01;2;31;0;2;8;1;1;
31021;202200020201;778 041;B01;2;7;0;2;1;1;1;
31022;202200020201;778 042;A01;1;7;0;2;1;17;1;
31023;202200020202;778 039;B01;2;1;0;2;4;2;5;
31024;202200020202;778 040;A01;2;10;0;2;2;2;1;
31025;202200020203;778 036;A01;1;7;0;2;3;13;1;
31026;202200020203;778 037;B01;2;7;0;2;3;1;1;
31027;202200020203;778 038;C01;1;21;0;0;0;1;1;
31028;202200020204;778 034;A01;1;10;0;2;2;17;1;
31029;202200020204;778 035;B01;1;7;0;0;6;1;2;
31030;202200020205;778 033;A01;3;7;0;1;3;1;1;
31031;202200020206;778 031;A01;2;7;0;2;3;13;1;
31032;202200020206;778 032;B01;1;20;0;2;3;1;0;
31033;202200020207;778 030;A01;1;37;0;1;2;1;1;1.0
31034;202200020208;778 028;B01;1;14;0;0;0;1;1;
31035;202200020208;778 029;A01;2;33;0;0;9;1;1;
31036;202200020209;778 026;A01;1;7;0;2;5;0;1;
31037;202200020209;778 027;B01;1;7;0;2;3;0;1;
31038;202200020210;778 024;A01;2;2;0;2;7;1;1;
31039;202200020210;778 025;B01;1;17;0;2;3;1;1;
31040;202200020211;778 023;A01;3;7;2;0;1;1;1;
31041;202200020212;778 021;A01;1;33;0;2;7;17;1;
31042;202200020212;778 022;B01;1;7;0;2;3;15;1;
31043;202200020213;778 019;B01;2;7;0;2;1;1;1;
31044;202200020213;778 020;A01;2;10;0;2;6;1;1;
31045;202200020214;778 018;A01;1;33;13;0;2;1;1;
31046;202200020215;778 016;A01;0;7;0;2;1;11;1;
31047;202200020215;778 017;B01;0;7;0;2;1;26;1;
31048;202200020216;778 015;A01;3;7;0;1;3;1;1;
31049;202200020217;778 013;A01;1;7;0;2;1;5;1;
31050;202200020217;778 014;B01;2;7;0;2;1;0;1;
31051;202200020218;778 012;A01;2;80;0;1;1;1;3;
31052;202200020219;778 010;A01;1;1;0;2;5;1;5;
31053;202200020219;778 011;B01;2;7;0;2;1;9;1;
31054;202200020220;778 009;A01;2;7;6;0;8;1;1;
31055;202200020221;778 007;B01;3;7;0;2;2;15;1;
31056;202200020221;778 008;A01;3;33;0;2;8;1;1;
31057;202200020222;778 005;B01;3;2;0;2;3;1;1;
31058;202200020222;778 006;A01;3;7;0;2;3;15;1;
31059;202200020223;778 004;A01;1;7;0;0;0;13;1;
31060;202200020225;778 000;A01;2;7;2;0;3;13;1;
31061;202200020226;777 998;B01;2;7;0;2;1;1;1;
31062;202200020226;777 999;A01;1;7;0;2;1;13;1;
31063;202200020227;777 997;A01;1;10;4;0;2;14;1;
31064;202200020228;777 995;B01;2;7;0;0;3;15;1;
31065;202200020228;777 996;A01;2;33;0;2;1;17;1;
31066;202200020229;777 994;A01;1;33;0;1;1;1;1;
31067;202200020230;777 993;A01;1;7;2;0;1;1;3;
31068;202200020232;777 990;A01;1;7;6;0;1;1;1;
31069;202200020233;777 987;B01;2;17;3;2;5;23;1;
31070;202200020233;777 988;C01;2;17;0;2;1;21;1;
31071;202200020233;777 989;A01;2;17;0;2;1;1;1;
31072;202200020234;777 984;A01;1;7;0;2;3;5;1;
31073;202200020234;777 985;B01;2;7;5;2;3;1;1;
31074;202200020234;777 986;C01;2;7;0;2;1;1;1;
31075;202200020235;777 982;A01;2;10;0;2;3;1;1;
31076;202200020235;777 983;B01;2;7;8;2;1;1;1;
31077;202200020236;777 981;A01;2;7;11;0;2;14;1;
31078;202200020237;777 979;A01;3;2;0;2;1;1;1;
31079;202200020237;777 980;B01;3;7;0;2;4;20;1;
31080;202200020238;777 977;A01;0;7;0;1;1;1;1;
31081;202200020240;777 974;B01;1;7;0;2;1;1;1;
31082;202200020240;777 975;A01;2;7;0;2;1;5;1;
31083;202200020241;777 972;A01;1;34;9;0;1;0;1;
31084;202200020242;777 965;B01;1;50;0;2;1;17;3;
31085;202200020242;777 966;A01;1;7;0;9;3;1;1;
31086;202200020243;777 962;B01;1;7;0;2;6;2;1;
31087;202200020243;777 963;A01;1;7;0;2;2;11;1;
31088;202200020246;777 956;B01;1;7;0;2;1;1;1;
31089;202200020246;777 957;A01;1;7;0;2;1;5;1;
31090;202200020247;777 954;B01;1;14;0;2;8;2;0;
31091;202200020247;777 955;A01;1;7;0;2;2;12;1;
31092;202200020248;777 951;B01;3;7;0;2;1;16;1;
31093;202200020248;777 953;A01;2;7;8;0;5;1;1;
31094;202200020249;777 950;B01;2;10;0;2;1;2;1;
31095;202200020249;777 952;A01;2;7;0;2;4;2;1;
31096;202200020250;777 948;B01;1;50;0;2;7;1;3;
31097;202200020250;777 949;A01;2;7;0;2;3;9;1;
31098;202200020252;777 942;A01;1;7;4;2;4;2;1;
31099;202200020252;777 943;B01;1;7;0;2;4;2;1;
31100;202200020252;777 945;C01;1;7;4;2;4;2;1;
31101;202200020252;777 947;D01;1;7;0;2;1;2;1;
31102;202200020253;777 941;A01;3;7;0;1;3;15;1;
31103;202200020254;777 940;A01;2;33;0;2;1;17;1;
31104;202200020255;777 938;A01;3;42;0;2;3;14;1;
31105;202200020255;777 939;B01;3;7;0;2;2;1;1;
31106;202200020256;777 936;A01;1;10;0;2;6;11;1;
31107;202200020256;777 937;B01;1;7;0;2;7;1;1;
31108;202200020257;777 934;B01;0;7;0;2;4;23;1;
31109;202200020257;777 935;A01;0;7;14;2;1;2;1;
31110;202200020258;777 932;A01;1;43;0;2;3;3;1;
31111;202200020258;777 933;B01;1;7;0;2;5;2;3;
31112;202200020259;777 930;A01;3;7;0;2;1;1;1;
31113;202200020259;777 931;B01;3;7;0;2;6;0;1;
31114;202200020260;777 927;A01;1;7;0;2;7;15;1;
31115;202200020260;777 929;B01;3;7;0;2;2;0;1;
31116;202200020261;777 926;B01;2;7;4;2;9;26;1;
31117;202200020261;777 928;A01;2;7;4;2;1;1;1;
31118;202200020265;777 914;B01;1;2;0;2;1;2;1;