;Num_Acc;id_vehicule;num_veh;senc;catv;obs;obsm;choc;manv;motor;occutc
31119;202200020265;777 916;A01;1;10;0;2;3;10;1;
31120;202200020266;777 913;A01;2;7;4;2;4;1;2;
31121;202200020266;777 915;B01;2;7;0;2;4;2;1;
31122;202200020266;777 917;C01;2;7;0;2;4;2;1;
31123;202200020266;777 918;D01;2;7;0;2;1;2;1;
31124;202200020267;777 911;A01;1;13;0;2;2;12;1;
31125;202200020267;777 912;B01;1;7;0;2;6;1;1;
31126;202200020268;777 909;Z01;1;10;0;2;0;16;1;
31127;202200020268;777 910;B01;1;1;0;2;8;2;5;
31128;202200020270;777 905;C01;2;7;0;2;8;12;0;
31129;202200020270;777 906;B01;2;7;0;2;7;12;1;
31130;202200020270;777 908;A01;2;7;4;0;3;1;1;
31131;202200020271;777 904;A01;3;10;0;1;4;20;1;
31132;202200020272;777 902;A01;3;7;0;1;3;0;1;
31133;202200020273;777 901;A01;3;7;0;2;3;15;1;
31134;202200020273;777 903;B01;2;2;0;2;1;1;1;
31135;202200020274;777 899;B01;2;7;0;2;8;1;1;
31136;202200020274;777 900;A01;2;10;6;0;1;17;1;
31137;202200020275;777 898;A01;2;7;6;0;1;16;1;
31138;202200020277;777 894;A01;1;7;4;2;0;26;1;
31139;202200020277;777 896;B01;1;7;0;2;8;0;1;
31140;202200020278;777 892;A01;0;1;0;1;1;2;5;
31141;202200020279;777 893;A01;1;1;0;0;0;1;5;
31142;202200020280;777 889;A01;2;7;0;9;1;9;1;
31143;202200020280;777 891;B01;2;1;0;2;7;26;5;
31144;202200020282;777 887;A01;2;7;0;2;2;1;1;
31145;202200020282;777 888;B01;2;7;0;2;4;1;1;
31146;202200020283;777 884;A01;1;7;-1;-1;-1;-1;-1;
31147;202200020283;777 886;B01;1;7;-1;-1;-1;-1;-1;
31148;202200020285;777 880;A01;3;7;0;2;1;2;1;
31149;202200020285;777 882;B01;3;7;0;2;4;23;1;
31150;202200020286;777 881;A01;1;7;8;0;1;14;1;
31151;202200020287;777 878;A01;1;43;12;0;3;13;1;
31152;202200020288;777 876;A01;1;7;0;2;3;1;1;
31153;202200020288;777 877;B01;2;7;0;2;1;1;1;
31154;202200020288;777 879;C01;1;7;0;2;3;1;1;
31155;202200020290;777 873;B01;1;50;0;2;1;15;3;
31156;202200020290;777 875;A01;1;32;0;2;1;1;3;
31157;202200020291;777 871;A01;1;10;0;2;1;15;1;
31158;202200020291;777 872;B01;1;1;0;2;8;19;5;
31159;202200020292;777 868;A01;3;7;0;2;8;15;1;
31160;202200020292;777 870;B01;3;33;0;2;7;17;1;
31161;202200020293;777 864;B01;2;2;0;2;2;1;1;
31162;202200020293;777 865;A01;1;7;0;2;2;19;1;
31163;202200020294;777 862;Z01;1;7;0;2;0;18;0;
31164;202200020294;777 863;A01;1;1;0;2;0;1;5;
31165;202200020295;777 860;B01;1;7;0;2;1;26;1;
31166;202200020295;777 861;A01;2;31;0;2;1;26;1;
31167;202200020296;777 859;A01;1;7;0;0;2;14;1;
31168;202200020297;777 856;A01;3;3;0;9;3;26;0;
31169;202200020298;777 857;A01;2;50;0;2;1;19;3;
31170;202200020298;777 858;B01;1;7;0;0;7;16;3;
31171;202200020299;777 854;A01;3;7;0;9;2;9;1;
31172;202200020299;777 855;B01;3;50;0;2;6;25;3;
31173;202200020300;777 853;A01;0;1;0;1;1;1;5;
31174;202200020301;777 851;A01;1;7;0;2;3;1;1;
31175;202200020301;777 852;B01;2;10;0;2;0;0;1;
31176;202200020302;777 850;A01;2;50;0;0;7;1;3;
31177;202200020303;777 849;A01;1;7;0;1;2;1;1;
31178;202200020304;777 847;A01;2;7;4;0;2;0;1;
31179;202200020305;777 846;A01;2;1;0;2;7;1;5;
31180;202200020305;777 848;B01;1;7;0;2;3;15;1;
31181;202200020306;777 844;A01;3;33;0;0;0;26;0;
31182;202200020307;777 843;A01;2;10;0;2;1;1;1;
31183;202200020307;777 845;B01;2;7;0;2;4;23;2;
31184;202200020308;777 841;B01;0;7;0;0;0;0;1;
31185;202200020308;777 842;A01;0;32;0;0;2;17;1;
31186;202200020309;777 840;A01;1;1;0;1;3;1;5;
31187;202200020310;777 837;B01;1;43;0;2;1;1;1;
31188;202200020310;777 838;A01;2;30;0;2;7;15;1;
31189;202200020311;777 839;A01;2;7;0;1;2;16;2;
31190;202200020312;777 836;Z01;1;7;0;1;1;1;0;
31191;202200020313;777 834;B01;1;7;0;2;3;0;1;
31192;202200020313;777 835;A01;2;30;0;2;6;0;1;
31193;202200020314;777 832;A01;2;7;8;1;1;14;1;
31194;202200020315;777 831;A01;1;50;0;2;1;1;3;
31195;202200020315;777 833;B01;1;7;0;9;3;1;1;
31196;202200020316;777 830;A01;1;7;1;0;2;1;1;
31197;202200020317;777 829;A01;1;33;0;0;0;12;1;
31198;202200020318;777 828;A01;1;40;0;1;0;1;0;
31199;202200020319;777 827;X01;3;7;0;1;1;26;0;
31200;202200020321;777 824;B01;2;32;0;2;1;1;1;
31201;202200020321;777 825;A01;1;7;0;2;5;15;2;
31202;202200020322;777 821;A01;2;7;12;0;2;14;1;
31203;202200020323;777 822;B01;2;7;0;2;5;1;1;
31204;202200020323;777 823;A01;1;7;0;2;2;1;1;
31205;202200020324;777 819;A01;3;2;0;2;1;1;1;
31206;202200020324;777 820;B01;3;7;0;2;4;23;1;
31207;202200020325;777 816;A01;3;7;0;2;2;9;1;
31208;202200020325;777 818;B01;0;33;0;2;1;1;1;
31209;202200020326;777 815;B01;1;7;0;0;8;15;1;
31210;202200020326;777 817;A01;1;34;0;2;1;17;1;
31211;202200020327;777 813;A01;1;7;0;1;1;26;1;
31212;202200020329;777 809;B01;1;7;0;2;6;1;1;
31213;202200020329;777 811;A01;1;32;0;2;2;14;1;
31214;202200020330;777 808;A01;1;60;0;2;2;1;5;
31215;202200020330;777 810;B01;0;10;-1;2;-1;0;-1;
31216;202200020331;777 805;A01;1;34;0;2;3;12;1;
31217;202200020331;777 807;B01;1;7;0;2;4;1;1;
31218;202200020332;777 804;Y01;1;60;0;2;8;25;5;
31219;202200020332;777 806;A01;0;7;0;2;2;16;1;
31220;202200020333;777 803;A01;2;7;1;0;1;13;1;
31221;202200020334;777 802;A01;0;7;-1;1;-1;0;-1;
31222;202200020335;777 800;Z01;2;50;0;2;3;19;3;
31223;202200020335;777 801;A01;2;1;0;2;1;1;5;
31224;202200020336;777 797;A01;2;50;0;1;8;1;3;
31225;202200020337;777 798;A01;2;34;0;2;1;1;1;
31226;202200020337;777 799;B01;1;7;0;2;7;15;1;
31227;202200020338;777 795;Z01;1;7;0;2;1;10;1;
31228;202200020338;777 796;A01;2;33;0;2;1;1;1;
31229;202200020339;777 794;A01;2;7;0;1;3;2;1;
31230;202200020340;777 791;A01;1;30;0;2;8;1;3;
31231;202200020340;777 793;Z01;2;7;0;2;0;15;0;
31232;202200020341;777 790;A01;3;7;0;0;1;1;1;
31233;202200020341;777 792;B01;3;7;0;2;3;15;1;
31234;202200020342;777 788;A01;1;30;0;2;8;18;1;
31235;202200020342;777 789;B01;1;10;0;2;7;22;1;
31236;202200020343;777 786;B01;3;33;0;2;1;1;1;
31237;202200020343;777 787;A01;3;7;0;2;1;15;1;
31238;202200020345;777 782;A01;1;1;8;0;1;1;5;
31239;202200020346;777 780;A01;1;2;0;1;1;17;0;
31240;202200020348;777 777;A01;1;1;0;2;1;0;5;
31241;202200020348;777 778;Z01;3;50;0;2;0;0;3;
31242;202200020349;777 775;B01;3;1;0;2;1;1;5;
31243;202200020349;777 776;A01;3;50;0;2;7;9;3;
31244;202200020350;777 771;A01;2;7;0;2;8;10;1;
31245;202200020350;777 773;B01;1;30;0;2;7;15;3;
31246;202200020351;777 770;A01;1;7;0;2;3;10;1;
31247;202200020351;777 772;B01;2;33;0;2;3;1;1;
31248;202200020351;777 774;C01;1;7;0;2;0;0;2;
31249;202200020352;777 769;A01;1;7;0;1;3;15;1;
31250;202200020353;777 767;B01;3;99;0;2;1;1;3;
31251;202200020353;777 768;A01;1;14;0;9;7;1;1;
31252;202200020355;777 763;A01;3;7;0;1;2;21;1;
31253;202200020356;777 764;A01;3;7;0;2;2;1;1;
31254;202200020356;777 765;B01;3;60;0;2;1;19;5;
31255;202200020357;777 762;A01;0;32;0;1;0;0;1;
31256;202200020358;777 761;A01;1;7;0;1;2;17;1;
31257;202200020359;777 759;Z01;1;10;0;1;1;1;0;
31258;202200020360;777 760;A01;1;33;12;0;3;2;1;
31259;202200020361;777 757;A01;2;7;0;1;3;1;2;
31260;202200020362;777 755;C01;2;17;0;2;2;0;1;
31261;202200020362;777 756;B01;2;17;0;0;6;2;1;
31262;202200020362;777 758;A01;2;7;0;2;2;2;1;
31263;202200020364;777 752;A01;2;7;2;0;1;1;1;
31264;202200020365;777 750;B01;1;7;0;2;4;0;1;
31265;202200020365;777 751;A01;1;7;0;2;1;26;1;
31266;202200020366;777 747;B01;2;7;0;2;8;0;1;
31267;202200020366;777 749;A01;2;14;0;2;1;9;1;
31268;202200020367;777 746;A01;3;10;0;2;2;1;1;
31269;202200020367;777 748;B01;1;10;0;2;5;1;1;
31270;202200020368;777 743;B01;1;33;0;2;1;17;1;
31271;202200020368;777 745;A01;1;7;0;2;6;15;1;
31272;202200020369;777 744;A01;1;33;0;0;8;21;1;
31273;202200020370;777 742;A01;3;7;0;1;2;16;1;
31274;202200020372;777 739;A01;1;7;0;2;1;1;1;
31275;202200020372;777 740;B01;2;10;0;2;2;15;0;
31276;202200020373;777 738;A01;1;7;0;0;9;19;1;
31277;202200020374;777 737;A01;2;33;0;1;1;3;1;
31278;202200020376;777 734;A01;1;7;0;2;1;2;2;
31279;202200020376;777 736;B01;2;7;0;2;3;15;2;
31280;202200020377;777 732;A01;3;7;13;0;1;1;1;
31281;202200020378;777 731;A01;3;7;0;2;2;10;1;
31282;202200020378;777 733;B01;0;31;0;0;0;0;0;
31283;202200020379;777 729;A01;2;30;0;0;0;1;1;
31284;202200020380;777 728;B01;1;10;0;2;8;1;1;
31285;202200020380;777 730;A01;2;33;0;2;8;13;1;
31286;202200020382;777 724;B01;3;7;0;2;2;15;1;
31287;202200020382;777 725;A01;1;10;0;2;3;1;1;
31288;202200020383;777 723;B01;1;7;0;2;3;21;1;
31289;202200020383;777 726;A01;2;7;0;2;1;13;1;
31290;202200020384;777 721;A01;2;10;0;2;4;2;1;
31291;202200020384;777 722;B01;2;10;0;2;0;1;1;
31292;202200020385;777 718;A01;2;7;0;9;2;2;1;
31293;202200020385;777 719;B01;2;50;0;2;3;2;3;
31294;202200020386;777 717;B01;1;7;0;2;1;9;0;
31295;202200020386;777 720;A01;1;43;0;2;2;1;1;
31296;202200020387;777 715;A01;1;7;1;-1;2;21;1;
31297;202200020387;777 716;B01;1;7;0;2;8;24;1;
31298;202200020388;777 713;A01;2;7;0;2;8;9;1;
31299;202200020388;777 714;B01;1;7;0;0;1;1;1;
31300;202200020390;777 711;A01;1;32;12;0;1;1;1;
31301;202200020391;777 710;A01;1;7;13;0;3;1;1;
31302;202200020392;777 709;A01;2;7;13;0;1;1;1;
31303;202200020393;777 708;A01;2;7;0;1;2;0;1;
31304;202200020394;777 704;B01;1;60;0;2;1;19;5;
31305;202200020394;777 705;A01;2;7;0;9;7;1;1;
31306;202200020395;777 702;B01;3;7;0;2;3;1;1;
31307;202200020395;777 703;A01;3;7;0;2;3;13;1;
31308;202200020396;777 698;A01;2;7;0;2;7;19;1;
31309;202200020396;777 701;B01;1;7;0;2;1;1;1;
31310;202200020397;777 699;A01;2;7;0;2;1;15;1;
31311;202200020397;777 700;B01;1;33;0;2;1;3;1;
31312;202200020398;777 697;A01;0;7;0;1;3;1;1;
31313;202200020399;777 696;A01;1;7;2;0;1;14;1;
31314;202200020400;777 695;A01;2;7;4;0;3;13;1;
31315;202200020401;777 694;A01;0;14;16;0;0;1;1;
31316;202200020402;777 693;A01;3;14;16;0;7;14;1;
31317;202200020403;777 692;A01;1;7;0;1;2;1;1;
31318;202200020404;777 690;A01;2;7;0;1;2;1;1;
31319;202200020405;777 689;A01;2;7;0;2;2;2;2;
31320;202200020405;777 691;B01;2;1;0;0;4;2;5;
31321;202200020406;777 686;A01;1;7;6;0;2;1;1;
31322;202200020407;777 682;A01;3;7;0;2;3;9;1;
31323;202200020407;777 683;B01;3;33;0;2;2;15;1;
31324;202200020408;777 684;B01;2;30;0;2;1;1;1;
31325;202200020408;777 685;A01;1;7;0;2;2;15;1;
31326;202200020409;777 679;A01;1;7;0;1;7;1;1;
31327;202200020410;777 677;A01;1;7;0;2;1;2;1;
31328;202200020410;777 678;B01;1;7;0;2;4;23;1;
31329;202200020410;777 680;C01;1;7;0;2;4;23;1;
31330;202200020410;777 681;D01;1;7;0;2;4;23;1;
31331;202200020411;777 676;A01;2;7;0;0;9;1;1;
31332;202200020413;777 672;B01;0;7;0;2;3;1;1;
31333;202200020413;777 673;A01;0;7;0;2;3;1;1;
31334;202200020415;777 670;A01;3;39;0;1;1;1;1;
31335;202200020416;777 668;A01;2;7;0;0;3;0;1;
31336;202200020417;777 665;A01;0;7;0;1;3;1;1;
31337;202200020418;777 664;A01;3;7;0;2;8;20;1;
31338;202200020418;777 666;B01;3;33;0;2;7;1;1;
31339;202200020419;777 660;A01;2;7;5;0;0;0;1;
31340;202200020420;777 661;A01;0;30;0;0;0;1;1;
31341;202200020422;777 657;A01;1;7;3;0;1;0;1;
31342;202200020424;777 655;A01;1;7;0;1;4;20;1;
31343;202200020425;777 651;A01;2;7;0;2;2;1;1;
31344;202200020425;777 654;B01;2;7;0;2;0;0;0;
31345;202200020426;777 648;B01;2;7;0;2;3;1;1;
31346;202200020426;777 650;A01;1;7;0;2;3;1;1;
31347;202200020427;777 646;C01;1;10;0;2;2;1;1;
31348;202200020427;777 647;B01;1;7;0;2;3;1;1;
31349;202200020427;777 649;A01;2;7;0;2;1;17;1;
31350;202200020429;777 644;A01;1;7;0;1;1;1;1;
31351;202200020430;777 640;C01;1;7;0;2;8;23;1;
31352;202200020430;777 642;B01;1;7;1;2;4;2;1;
31353;202200020430;777 643;A01;1;10;0;2;1;2;1;
31354;202200020431;777 641;A01;2;10;5;0;1;9;1;
31355;202200020432;777 638;A01;2;7;4;0;2;1;1;
31356;202200020433;777 637;A01;1;2;0;2;8;9;1;
31357;202200020433;777 639;B01;1;7;0;2;1;1;1;
31358;202200020434;777 632;B01;1;2;0;2;3;1;1;
31359;202200020434;777 634;A01;2;7;0;2;3;16;1;
31360;202200020435;777 633;C01;2;31;0;2;1;1;1;
31361;202200020435;777 635;B01;2;10;0;2;8;1;1;
31362;202200020435;777 636;A01;2;10;0;2;8;9;1;
31363;202200020436;777 630;A01;2;7;3;0;0;0;1;
31364;202200020436;777 631;B01;2;7;3;0;0;0;1;
31365;202200020437;777 628;A01;1;80;0;1;0;5;3;
31366;202200020438;777 626;B01;2;7;0;2;5;1;1;
31367;202200020438;777 629;A01;2;17;0;2;2;14;1;
31368;202200020439;777 625;A01;2;34;0;2;1;2;1;
31369;202200020439;777 627;B01;1;7;0;2;3;10;1;
31370;202200020440;777 624;A01;1;7;0;1;5;1;1;
31371;202200020441;777 618;A01;3;7;0;2;7;13;1;
31372;202200020441;777 620;B01;3;33;0;2;1;1;0;
31373;202200020442;777 619;B01;1;15;0;2;5;2;1;
31374;202200020442;777 622;A01;1;33;0;2;1;0;1;
31375;202200020443;777 616;A01;2;7;2;0;7;1;1;
31376;202200020444;777 617;A01;1;7;0;2;1;2;1;
31377;202200020444;777 621;B01;1;7;0;2;1;2;1;
31378;202200020444;777 623;C01;1;7;0;2;4;2;2;
31379;202200020445;777 615;A01;1;7;15;0;2;0;1;
31380;202200020446;777 614;A01;2;7;0;0;0;2;1;
31381;202200020447;777 608;B01;2;33;0;2;1;1;1;
31382;202200020447;777 610;A01;2;7;0;2;5;9;1;
31383;202200020448;777 609;A01;2;33;0;2;1;1;1;
31384;202200020448;777 611;B01;2;7;0;2;4;12;1;
31385;202200020449;777 605;B01;2;15;2;2;3;1;1;
31386;202200020449;777 606;A01;1;7;13;2;3;13;1;
31387;202200020450;777 607;A01;1;33;14;0;7;1;1;
31388;202200020451;777 602;A01;2;17;0;2;2;12;1;
31389;202200020451;777 603;B01;2;7;3;0;3;1;1;
31390;202200020453;777 598;B01;3;17;0;0;4;23;1;
31391;202200020453;777 600;A01;3;10;0;2;1;2;1;
31392;202200020454;777 594;A01;2;7;0;2;1;2;1;
31393;202200020454;777 596;B01;2;7;0;2;4;2;1;
31394;202200020454;777 597;C01;2;7;0;2;4;2;1;
31395;202200020454;777 599;D01;2;7;0;2;2;2;1;
31396;202200020455;777 593;A01;2;7;8;0;1;1;1;
31397;202200020456;777 589;A01;2;7;0;2;1;2;1;
31398;202200020456;777 591;B01;2;10;0;2;1;2;1;
31399;202200020458;777 587;A01;2;33;12;0;4;16;1;
31400;202200020459;777 586;A01;1;7;0;2;4;2;1;
31401;202200020459;777 588;Z01;1;0;0;2;1;2;0;
31402;202200020460;777 585;A01;1;7;10;0;1;1;1;
31403;202200020461;777 581;A01;1;7;0;2;4;1;1;
31404;202200020461;777 582;B01;1;7;0;2;1;1;1;
31405;202200020461;777 583;C01;1;7;0;2;4;1;1;
31406;202200020461;777 584;D01;1;7;0;2;1;1;1;
31407;202200020462;777 579;A01;3;7;0;1;1;1;1;
31408;202200020463;777 578;B01;2;33;0;2;2;1;1;
31409;202200020463;777 580;A01;2;7;0;2;3;13;1;
31410;202200020464;777 577;A01;1;7;0;0;9;1;1;
31411;202200020465;777 576;A01;1;7;4;0;1;14;1;
31412;202200020466;777 573;C01;2;7;4;2;7;21;1;
31413;202200020466;777 574;B01;2;7;4;2;6;1;1;
31414;202200020466;777 575;A01;2;17;4;2;2;12;1;
31415;202200020467;777 571;A01;3;7;0;2;1;1;1;
31416;202200020467;777 572;B01;3;34;0;2;4;23;1;
31417;202200020468;777 569;A01;2;31;4;2;1;2;1;
31418;202200020468;777 570;B01;2;7;4;2;4;2;1;
31419;202200020469;777 566;B01;1;7;9;2;8;1;1;
31420;202200020469;777 568;A01;1;7;9;2;3;1;1;
31421;202200020470;777 563;D01;2;7;0;2;4;2;1;
31422;202200020470;777 564;C01;2;31;0;2;4;2;1;
31423;202200020470;777 565;B01;2;33;0;2;4;2;1;
31424;202200020470;777 567;A01;2;33;0;2;1;1;1;
31425;202200020471;777 562;A01;2;34;4;2;1;1;1;
31426;202200020472;777 560;A01;1;7;0;2;1;1;1;
31427;202200020472;777 561;B01;1;7;0;2;4;1;1;
31428;202200020473;777 555;C01;2;7;4;2;8;2;1;
31429;202200020473;777 556;B01;2;7;4;2;4;2;1;
31430;202200020473;777 558;D01;1;33;4;2;4;2;1;
31431;202200020473;777 559;A01;2;7;4;2;1;1;1;
31432;202200020474;777 554;B01;1;7;0;2;3;1;1;
31433;202200020474;777 557;A01;1;50;0;2;1;1;3;
31434;202200020475;777 551;C01;2;7;4;2;4;2;1;
31435;202200020475;777 552;B01;2;10;4;2;4;2;1;
31436;202200020475;777 553;A01;2;7;4;2;1;2;1;
31437;202200020476;777 548;B01;2;7;0;2;6;12;1;
31438;202200020476;777 549;A01;2;7;0;2;2;12;1;
31439;202200020477;777 547;B01;1;20;0;2;4;1;1;
31440;202200020477;777 550;A01;1;20;0;2;1;2;1;
31441;202200020478;777 544;B01;2;31;0;2;8;3;1;
31442;202200020478;777 545;C01;2;7;0;2;6;2;1;
31443;202200020478;777 546;A01;2;7;0;2;2;14;1;
31444;202200020480;777 538;A01;2;7;0;2;0;11;1;
31445;202200020480;777 539;B01;2;30;0;2;0;1;1;
31446;202200020481;777 540;B01;0;7;0;2;1;26;1;
31447;202200020481;777 543;A01;2;7;0;2;1;1;1;
31448;202200020482;777 536;B01;1;1;0;2;4;9;5;
31449;202200020482;777 537;A01;2;33;0;2;1;1;1;
31450;202200020483;777 533;A01;2;30;0;2;8;1;1;
31451;202200020483;777 534;Z01;2;10;0;2;7;16;1;
31452;202200020485;777 530;A01;0;50;0;1;1;19;3;
31453;202200020486;777 532;A01;3;10;0;2;1;9;1;
31454;202200020486;777 535;B01;3;7;0;2;8;1;1;
31455;202200020487;777 528;A01;1;7;0;2;2;10;1;
31456;202200020487;777 529;B01;2;30;0;2;3;1;1;
31457;202200020488;777 527;A01;2;33;0;0;0;26;1;
31458;202200020489;777 526;A01;1;7;6;0;1;26;1;
31459;202200020490;777 523;A01;1;7;0;2;3;1;1;
31460;202200020490;777 525;B01;2;2;0;2;3;17;1;
31461;202200020491;777 522;A01;-1;2;0;2;8;15;1;
31462;202200020491;777 524;B01;-1;7;0;2;7;2;1;
31463;202200020492;777 519;B01;1;37;1;0;4;26;0;2.0
31464;202200020492;777 521;A01;1;7;1;0;1;2;1;
31465;202200020493;777 516;B01;1;7;0;2;1;1;1;
31466;202200020493;777 517;A01;2;7;0;2;5;15;1;
31467;202200020494;777 518;A01;2;7;0;2;2;15;1;
31468;202200020494;777 520;B01;1;1;0;2;1;1;5;
31469;202200020496;777 511;A01;0;33;1;2;1;17;1;
31470;202200020496;777 512;B01;0;7;1;2;3;19;1;
31471;202200020497;777 510;A01;1;1;0;2;1;2;5;
31472;202200020497;777 513;B01;1;7;0;2;4;23;1;
31473;202200020498;777 509;A01;0;37;1;0;8;1;1;1.0
31474;202200020499;777 506;B01;3;1;0;2;7;0;5;
31475;202200020499;777 508;A01;3;7;0;2;3;15;1;
31476;202200020500;777 505;B01;1;1;0;2;1;1;5;
31477;202200020500;777 507;A01;3;7;0;2;1;1;1;
31478;202200020501;777 502;C01;1;7;0;2;2;1;0;
31479;202200020501;777 503;B01;3;7;0;2;3;1;0;
31480;202200020501;777 504;A01;3;32;0;2;0;9;0;
31481;202200020502;777 500;A01;3;7;0;2;7;15;1;
31482;202200020502;777 501;B01;3;32;0;2;1;1;1;
31483;202200020503;777 497;A01;2;7;0;1;1;1;2;
31484;202200020504;777 496;C01;2;7;0;2;3;1;1;
31485;202200020504;777 498;B01;2;7;0;2;5;15;1;
31486;202200020504;777 499;A01;1;7;0;2;2;1;1;
31487;202200020505;777 493;B01;2;7;0;2;4;23;1;
31488;202200020505;777 495;A01;2;10;0;2;1;1;0;
31489;202200020506;777 492;A01;2;10;0;1;2;1;1;
31490;202200020507;777 490;A01;1;10;16;0;9;1;1;
31491;202200020508;777 491;B01;1;7;0;2;4;2;1;
31492;202200020508;777 494;A01;1;7;0;2;1;2;1;
31493;202200020509;777 488;A01;1;7;0;2;3;1;1;
31494;202200020509;777 489;B01;2;31;0;2;3;17;1;
31495;202200020510;777 487;A01;2;7;0;1;3;1;1;
31496;202200020511;777 485;B01;1;10;0;2;3;1;1;
31497;202200020511;777 486;A01;2;7;0;2;3;13;1;
31498;202200020512;777 484;A01;2;7;14;0;2;1;1;
31499;202200020513;777 481;A01;1;33;0;0;1;1;1;
31500;202200020514;777 482;B01;0;32;0;2;3;0;0;
31501;202200020514;777 483;A01;0;7;0;2;3;1;0;
31502;202200020515;777 480;A01;2;7;3;0;0;1;1;
31503;202200020517;777 475;A01;1;7;2;0;8;17;1;
31504;202200020518;777 473;B01;3;7;6;2;3;1;1;
31505;202200020518;777 474;A01;3;7;0;2;1;1;1;
31506;202200020519;777 468;A01;1;7;6;0;3;1;1;
31507;202200020520;777 466;A01;1;33;0;2;1;1;1;
31508;202200020520;777 467;B01;2;7;0;2;3;20;1;
31509;202200020521;777 464;A01;2;21;0;2;3;15;1;
31510;202200020521;777 465;B01;2;7;0;2;2;17;1;
31511;202200020522;777 460;B01;1;10;0;2;3;1;1;
31512;202200020522;777 461;A01;2;7;0;2;3;13;1;
31513;202200020522;777 463;C01;2;7;0;2;1;1;1;
31514;202200020523;777 457;B01;2;15;13;2;1;2;1;
31515;202200020523;777 458;A01;2;7;3;2;4;9;1;
31516;202200020524;777 456;A01;3;7;6;0;3;1;1;
31517;202200020526;777 453;A01;1;31;16;0;9;1;1;
31518;202200020527;777 452;A01;1;7;0;1;3;1;1;
31519;202200020528;777 449;A01;2;7;0;2;3;1;1;
31520;202200020528;777 451;B01;1;7;0;2;3;1;1;
31521;202200020529;777 447;B01;0;7;0;2;0;0;1;
31522;202200020529;777 450;A01;0;33;0;2;0;0;1;
31523;202200020530;777 446;B01;2;10;0;2;1;1;1;
31524;202200020530;777 448;A01;1;7;0;2;1;5;1;
31525;202200020531;777 445;A01;1;7;13;0;0;21;1;
31526;202200020533;777 440;A01;2;15;0;2;1;1;1;
31527;202200020533;777 442;B01;2;7;0;0;4;1;1;
31528;202200020535;777 436;B01;2;33;0;2;1;1;1;
31529;202200020535;777 439;A01;1;7;0;2;2;15;1;
31530;202200020536;777 433;B01;2;2;0;2;8;1;1;
31531;202200020536;777 437;A01;2;7;0;2;2;16;1;
31532;202200020537;777 431;B01;2;31;0;2;1;2;1;
31533;202200020537;777 434;A01;2;2;0;2;8;2;1;
31534;202200020538;777 432;A01;0;33;1;0;1;2;1;
31535;202200020539;777 429;A01;2;7;0;1;2;1;1;
31536;202200020540;777 427;B01;1;7;0;2;6;1;1;
31537;202200020540;777 430;A01;1;7;1;2;1;1;0;
31538;202200020542;777 424;A01;0;10;0;2;7;17;1;
31539;202200020542;777 425;B01;0;1;0;2;8;1;5;
31540;202200020543;777 422;A01;1;7;0;2;8;10;1;
31541;202200020543;777 423;B01;2;1;0;2;1;1;5;
31542;202200020544;777 420;A01;1;1;0;2;1;1;5;
31543;202200020544;777 421;B01;2;50;0;2;1;1;3;
31544;202200020545;777 419;A01;1;40;0;1;1;1;3;
31545;202200020546;777 416;A01;1;33;0;2;1;13;1;
31546;202200020546;777 418;B01;2;7;0;2;3;1;1;
31547;202200020547;777 414;A01;1;32;0;2;2;17;0;
31548;202200020547;777 415;B01;1;7;0;2;8;15;0;
31549;202200020548;777 417;A01;2;7;6;0;2;13;1;
31550;202200020550;777 411;B01;0;50;0;2;2;2;3;
31551;202200020550;777 412;A01;0;7;0;2;3;18;1;
31552;202200020551;777 406;A01;2;7;0;1;1;1;1;
31553;202200020552;777 407;B01;2;10;0;2;3;14;1;
31554;202200020552;777 409;A01;1;7;0;2;1;21;1;
31555;202200020553;777 408;A01;2;7;0;9;1;15;1;
31556;202200020553;777 410;B01;1;1;0;2;3;1;5;
31557;202200020554;777 405;A01;1;7;6;0;1;16;1;
31558;202200020555;777 402;A01;1;7;1;0;2;1;1;
31559;202200020556;777 401;B01;2;7;0;2;5;17;1;
31560;202200020556;777 403;A01;2;30;0;2;3;15;1;
31561;202200020557;777 398;A01;2;33;0;2;1;26;1;
31562;202200020557;777 399;B01;1;10;0;2;6;10;1;
31563;202200020558;777 400;A01;2;33;0;2;1;2;1;
31564;202200020558;777 404;B01;2;7;0;2;4;2;1;
31565;202200020559;777 396;B01;3;32;0;2;1;0;1;
31566;202200020559;777 397;A01;3;32;0;2;1;0;1;
31567;202200020560;777 394;B01;0;7;0;2;1;15;1;
31568;202200020560;777 395;A01;3;50;0;2;1;1;3;
31569;202200020561;777 392;A01;2;7;0;1;2;1;1;
31570;202200020562;777 393;A01;3;10;0;1;3;16;1;
31571;202200020563;777 391;A01;1;7;0;0;0;26;1;
31572;202200020564;777 390;A01;3;50;0;0;0;1;3;
31573;202200020565;777 388;A01;1;7;4;0;3;1;1;
31574;202200020566;777 389;A01;3;2;0;0;0;14;1;
31575;202200020567;777 387;A01;1;10;2;0;2;1;1;
31576;202200020568;777 385;A01;2;33;6;0;1;13;1;
31577;202200020569;777 384;A01;1;7;0;2;3;17;1;
31578;202200020569;777 386;B01;2;33;0;2;1;1;1;