;Num_Acc;id_vehicule;num_veh;senc;catv;obs;obsm;choc;manv;motor;occutc
31579;202200020570;777 382;A01;1;7;2;0;2;0;1;
31580;202200020571;777 381;A01;1;1;0;2;1;19;5;
31581;202200020571;777 383;B01;3;7;0;2;3;16;1;
31582;202200020572;777 380;A01;2;2;13;0;0;13;1;
31583;202200020573;777 379;A01;2;37;1;0;1;1;1;2.0
31584;202200020574;777 376;A01;0;7;4;0;1;17;1;
31585;202200020575;777 377;A01;1;7;2;0;7;14;1;
31586;202200020576;777 375;B01;1;31;0;0;8;1;1;
31587;202200020576;777 378;A01;1;7;0;2;1;1;1;
31588;202200020577;777 374;A01;3;7;0;1;1;1;1;
31589;202200020578;777 373;A01;1;7;0;1;3;1;1;
31590;202200020579;777 370;A01;2;10;0;2;1;1;1;
31591;202200020579;777 372;B01;2;7;0;2;4;1;1;
31592;202200020580;777 369;A01;1;21;0;0;7;14;1;
31593;202200020581;777 371;A01;3;7;0;1;6;1;2;
31594;202200020582;777 367;A01;1;7;0;2;2;11;1;
31595;202200020582;777 368;B01;1;7;0;2;1;1;1;
31596;202200020583;777 364;B01;1;7;0;2;4;2;1;
31597;202200020583;777 365;A01;1;1;0;2;1;2;5;
31598;202200020584;777 362;A01;2;7;0;2;3;13;1;
31599;202200020584;777 366;B01;1;7;13;2;8;1;1;
31600;202200020585;777 360;A01;1;7;0;0;0;1;1;
31601;202200020586;777 361;A01;2;7;0;2;1;2;1;
31602;202200020586;777 363;B01;2;2;0;2;4;2;1;
31603;202200020588;777 355;A01;1;10;0;2;1;13;1;
31604;202200020588;777 357;B01;2;7;0;2;1;1;1;
31605;202200020589;777 356;A01;3;7;0;2;2;17;1;
31606;202200020589;777 359;B01;3;1;0;2;8;1;5;
31607;202200020590;777 353;A01;1;7;0;1;1;1;1;
31608;202200020591;777 354;A01;1;15;9;0;1;1;1;
31609;202200020592;777 352;A01;0;33;0;0;0;0;1;
31610;202200020593;777 348;A01;2;10;0;0;4;15;1;
31611;202200020593;777 351;B01;2;2;0;2;1;17;1;
31612;202200020594;777 347;A01;1;7;0;2;3;14;2;
31613;202200020594;777 350;B01;1;33;0;2;1;1;1;
31614;202200020595;777 346;B01;1;7;0;2;7;17;0;
31615;202200020595;777 349;A01;1;31;0;2;8;2;1;
31616;202200020596;777 341;A01;1;30;0;2;1;17;1;
31617;202200020596;777 344;B01;2;10;0;2;3;9;1;
31618;202200020597;777 342;A01;2;7;0;2;8;19;1;
31619;202200020597;777 345;B01;2;7;0;2;1;19;1;
31620;202200020598;777 340;B01;1;21;0;0;7;15;1;
31621;202200020598;777 343;A01;2;33;0;2;0;1;1;
31622;202200020599;777 337;A01;2;30;0;2;2;17;1;
31623;202200020599;777 339;B01;2;7;0;2;3;2;1;
31624;202200020600;777 335;B01;3;33;0;2;1;1;1;
31625;202200020600;777 338;A01;3;7;0;2;3;20;3;
31626;202200020601;777 333;A01;3;7;0;1;1;16;1;
31627;202200020602;777 334;B01;1;7;0;2;1;1;1;
31628;202200020602;777 336;A01;2;7;0;2;7;19;1;
31629;202200020603;777 331;A01;1;33;0;2;1;13;1;
31630;202200020603;777 332;B01;2;7;0;2;3;1;1;
31631;202200020604;777 327;A01;1;7;0;2;1;1;1;
31632;202200020604;777 329;B01;1;7;4;2;4;1;1;
31633;202200020604;777 330;C01;1;7;0;2;4;1;1;
31634;202200020605;777 325;B01;2;7;0;2;2;1;1;
31635;202200020605;777 328;A01;1;1;0;2;1;15;5;
31636;202200020606;777 324;A01;2;7;0;2;1;2;1;
31637;202200020606;777 326;B01;2;7;0;2;4;2;1;
31638;202200020607;777 323;A01;1;32;0;1;1;1;1;
31639;202200020608;777 320;B01;3;33;0;2;2;1;1;
31640;202200020608;777 322;A01;3;7;0;2;7;19;1;
31641;202200020609;777 319;A01;2;7;4;0;1;2;1;
31642;202200020610;777 318;A01;3;7;0;2;1;1;1;
31643;202200020610;777 321;B01;2;7;0;2;8;1;1;
31644;202200020611;777 316;A01;2;1;0;2;7;11;5;
31645;202200020611;777 317;B01;1;7;0;2;1;1;1;
31646;202200020612;777 314;A01;2;7;0;1;3;1;1;
31647;202200020613;777 313;B01;2;14;0;2;0;0;1;
31648;202200020613;777 315;A01;2;7;4;2;0;21;1;
31649;202200020614;777 312;A01;2;7;15;0;9;1;1;
31650;202200020615;777 309;B01;1;7;0;2;5;1;1;
31651;202200020615;777 311;A01;1;33;0;2;1;21;1;
31652;202200020616;777 310;A01;1;7;0;0;3;14;1;
31653;202200020617;777 308;A01;2;7;0;6;2;1;1;
31654;202200020618;777 306;A01;2;1;0;0;7;1;5;
31655;202200020619;777 305;B01;1;7;0;2;5;1;1;
31656;202200020619;777 307;A01;1;7;0;2;3;11;1;
31657;202200020621;777 301;B01;2;10;0;2;1;21;1;
31658;202200020621;777 304;A01;2;7;3;2;2;0;1;
31659;202200020622;777 300;A01;1;31;0;2;1;13;1;
31660;202200020622;777 302;B01;2;7;0;9;3;1;1;
31661;202200020623;777 297;B01;2;7;0;2;8;15;1;
31662;202200020623;777 299;A01;2;10;0;2;1;1;1;
31663;202200020624;777 295;A01;1;32;0;2;6;1;1;
31664;202200020624;777 296;B01;1;32;16;2;2;1;1;
31665;202200020626;777 293;A01;2;7;4;2;3;11;1;
31666;202200020626;777 294;B01;2;33;4;2;3;1;1;
31667;202200020627;777 289;B01;0;33;0;2;1;1;1;
31668;202200020627;777 290;A01;1;7;0;2;2;10;1;
31669;202200020628;777 287;A01;1;7;0;1;3;1;1;
31670;202200020629;777 284;A01;1;7;0;2;3;13;1;
31671;202200020629;777 286;B01;2;38;0;2;3;1;1;27.0
31672;202200020629;777 298;C01;1;7;0;2;1;1;1;
31673;202200020630;777 281;B01;3;33;0;2;1;17;1;
31674;202200020630;777 283;A01;3;7;0;2;6;15;1;
31675;202200020631;777 282;C01;2;7;4;0;2;11;1;
31676;202200020631;777 285;B01;2;15;0;2;1;1;1;
31677;202200020631;777 288;A01;2;13;0;2;5;1;1;
31678;202200020632;777 278;B01;3;33;0;2;4;1;1;
31679;202200020632;777 279;A01;3;33;0;2;1;1;1;
31680;202200020633;777 277;B01;1;7;0;0;4;15;1;
31681;202200020633;777 280;A01;1;7;0;2;1;2;1;
31682;202200020634;777 276;A01;0;7;0;9;2;14;1;
31683;202200020635;777 274;A01;2;50;0;1;1;1;3;
31684;202200020636;777 275;B01;0;7;0;1;0;0;-1;
31685;202200020637;777 272;A01;1;7;13;0;1;1;1;
31686;202200020638;777 273;A01;1;1;0;1;1;5;5;
31687;202200020639;777 267;Z01;2;7;0;2;0;2;0;
31688;202200020639;777 268;B01;2;2;0;2;4;2;1;
31689;202200020640;777 269;A01;3;7;13;2;3;13;1;
31690;202200020640;777 271;B01;3;7;13;2;3;1;1;
31691;202200020641;777 266;B01;3;7;0;2;3;9;0;
31692;202200020641;777 270;A01;3;33;0;2;2;1;1;
31693;202200020642;777 264;B01;3;33;0;2;7;1;1;
31694;202200020642;777 265;A01;3;7;0;2;7;1;1;
31695;202200020643;777 262;B01;1;33;0;2;1;1;1;
31696;202200020643;777 263;A01;2;7;0;2;3;13;1;
31697;202200020644;777 259;A01;1;32;0;2;2;7;1;
31698;202200020644;777 261;B01;1;10;0;2;3;16;1;
31699;202200020645;777 258;A01;0;36;0;6;1;19;1;
31700;202200020646;777 260;A01;2;7;14;0;1;1;1;
31701;202200020647;777 257;A01;1;80;12;0;7;14;3;
31702;202200020648;777 256;A01;2;7;13;0;2;1;1;
31703;202200020649;777 253;B01;2;2;0;2;0;21;1;
31704;202200020649;777 255;A01;1;10;0;2;0;17;1;
31705;202200020650;777 252;A01;2;2;7;0;1;1;1;
31706;202200020651;777 250;A01;0;7;1;0;2;1;1;
31707;202200020653;777 247;A01;2;7;0;2;3;1;1;
31708;202200020653;777 248;B01;1;7;0;2;1;19;1;
31709;202200020654;777 245;D01;1;7;0;2;8;1;1;
31710;202200020654;777 249;C01;2;7;0;2;1;1;1;
31711;202200020654;777 251;B01;1;7;0;2;8;1;1;
31712;202200020654;777 254;A01;1;7;0;2;8;13;1;
31713;202200020655;777 242;B01;1;10;0;2;8;1;1;
31714;202200020655;777 244;A01;2;7;0;2;1;1;1;
31715;202200020656;777 240;B01;2;7;0;2;1;21;1;
31716;202200020656;777 243;A01;1;7;0;2;1;13;1;
31717;202200020657;777 238;Z01;1;32;0;1;0;1;0;
31718;202200020658;777 239;B01;1;7;0;2;3;1;1;
31719;202200020658;777 241;A01;1;32;0;2;7;14;1;
31720;202200020660;777 235;A01;0;7;12;0;0;1;1;
31721;202200020661;777 234;A01;3;7;0;2;1;11;1;
31722;202200020661;777 236;B01;3;7;0;2;1;1;1;
31723;202200020663;777 230;B01;2;15;0;2;8;1;1;
31724;202200020663;777 231;A01;2;7;0;2;7;17;1;
31725;202200020664;777 228;B01;2;50;0;2;1;1;3;
31726;202200020664;777 229;A01;2;7;0;2;2;16;1;
31727;202200020665;777 226;A01;1;7;0;2;1;1;1;
31728;202200020665;777 227;B01;2;7;0;2;1;0;1;
31729;202200020666;777 223;A01;3;10;0;0;1;1;1;
31730;202200020666;777 225;B01;3;1;0;0;7;26;5;
31731;202200020667;777 222;A01;1;7;0;0;9;1;1;
31732;202200020668;777 220;A01;1;7;0;9;1;2;0;
31733;202200020668;777 221;B01;1;1;0;2;4;1;5;
31734;202200020669;777 218;A01;2;33;13;0;0;0;1;
31735;202200020670;777 217;A01;3;2;0;2;8;16;1;
31736;202200020670;777 219;B01;1;7;0;2;2;1;1;
31737;202200020671;777 216;A01;1;7;13;0;1;0;1;
31738;202200020672;777 214;A01;3;7;13;0;0;13;1;
31739;202200020673;777 213;B01;1;7;0;2;3;1;1;
31740;202200020673;777 215;A01;2;7;0;2;3;13;1;
31741;202200020674;777 211;B01;3;1;1;0;1;1;5;
31742;202200020674;777 212;A01;3;7;0;0;4;23;1;
31743;202200020675;777 209;B01;2;15;0;2;2;1;1;
31744;202200020675;777 210;A01;1;7;0;2;8;19;1;
31745;202200020676;777 208;A01;3;2;0;0;0;1;1;
31746;202200020677;777 207;A01;2;7;2;0;1;19;1;
31747;202200020678;777 206;A01;2;33;14;0;1;0;1;
31748;202200020679;777 204;B01;1;7;6;2;3;1;1;
31749;202200020679;777 205;A01;1;7;0;2;1;1;1;
31750;202200020682;777 200;B01;1;2;0;2;8;15;1;
31751;202200020682;777 201;A01;2;7;0;2;3;1;1;
31752;202200020683;777 197;A01;1;7;0;2;3;13;1;
31753;202200020683;777 198;B01;2;7;0;2;1;1;1;
31754;202200020684;777 194;B01;2;7;0;2;1;2;1;
31755;202200020684;777 196;A01;2;7;0;0;4;1;1;
31756;202200020685;777 191;B01;2;15;0;0;4;2;1;
31757;202200020685;777 193;A01;2;7;0;2;1;0;1;
31758;202200020687;777 188;A01;1;33;0;0;0;0;1;
31759;202200020688;777 187;A01;1;33;2;2;1;17;1;
31760;202200020688;777 189;B01;1;7;0;0;4;17;1;
31761;202200020689;777 184;B01;1;33;0;2;1;23;1;
31762;202200020689;777 186;A01;1;17;0;2;4;4;1;
31763;202200020691;777 182;A01;3;2;0;0;0;1;1;
31764;202200020692;777 180;B01;3;50;0;2;3;19;3;
31765;202200020692;777 181;A01;1;7;0;2;2;1;1;
31766;202200020693;777 178;A01;0;32;0;2;2;17;1;
31767;202200020693;777 179;B01;0;7;0;2;1;9;1;
31768;202200020694;777 175;B01;1;7;0;2;2;1;1;
31769;202200020694;777 177;A01;1;7;0;2;5;1;1;
31770;202200020695;777 176;A01;3;2;6;0;8;26;1;
31771;202200020696;777 174;A01;2;7;3;0;1;1;1;
31772;202200020697;777 173;A01;2;7;4;0;1;1;1;
31773;202200020698;777 171;A01;3;1;0;0;0;2;5;
31774;202200020699;777 168;D01;1;7;0;2;1;1;1;
31775;202200020699;777 169;C01;1;7;0;2;1;1;1;
31776;202200020699;777 170;A01;1;7;0;2;4;1;1;
31777;202200020699;777 172;B01;1;7;0;2;1;1;0;
31778;202200020701;777 164;A01;3;36;14;0;1;1;1;
31779;202200020702;777 161;A01;1;33;0;2;0;21;1;
31780;202200020702;777 162;B01;1;1;0;2;0;9;5;
31781;202200020703;777 163;B01;2;31;0;0;8;1;1;
31782;202200020703;777 165;A01;1;7;0;2;3;15;1;
31783;202200020704;777 159;A01;2;1;0;2;1;19;5;
31784;202200020704;777 160;B01;2;7;0;0;7;1;1;
31785;202200020705;777 156;B01;1;7;0;2;3;1;1;
31786;202200020705;777 158;A01;2;7;0;2;3;17;1;
31787;202200020706;777 155;B01;2;33;0;2;1;1;1;
31788;202200020706;777 157;A01;3;7;0;2;3;15;1;
31789;202200020707;777 153;A01;3;7;0;2;3;13;1;
31790;202200020707;777 154;B01;3;32;0;2;1;1;1;
31791;202200020708;777 151;A01;1;7;0;2;1;9;1;
31792;202200020708;777 152;B01;1;1;0;2;7;1;5;
31793;202200020709;777 148;A01;1;7;0;1;3;1;0;
31794;202200020711;777 145;B01;2;7;0;2;3;15;1;
31795;202200020711;777 146;A01;1;10;8;2;6;17;1;
31796;202200020712;777 144;A01;3;15;0;0;7;1;1;
31797;202200020713;777 143;A01;2;3;6;0;1;13;1;
31798;202200020716;777 139;A01;2;1;0;0;0;1;5;
31799;202200020717;777 137;B01;2;7;0;2;1;1;1;
31800;202200020717;777 138;A01;1;7;0;2;7;0;0;
31801;202200020719;777 133;B01;3;7;0;2;3;1;2;
31802;202200020719;777 134;A01;3;3;0;2;3;13;0;
31803;202200020720;777 132;A01;2;7;2;0;1;1;2;
31804;202200020721;777 131;A01;1;7;2;0;1;1;2;
31805;202200020722;777 128;A01;1;10;0;9;2;2;1;
31806;202200020722;777 129;B01;1;1;0;2;3;2;5;
31807;202200020723;777 127;B01;1;7;0;0;3;13;1;
31808;202200020723;777 130;A01;2;7;0;0;3;1;1;
31809;202200020724;777 125;A01;2;10;2;0;2;1;1;
31810;202200020725;777 122;A01;3;7;0;0;8;15;1;
31811;202200020725;777 124;B01;3;33;0;2;2;17;0;
31812;202200020726;777 121;A01;0;7;0;0;2;19;1;
31813;202200020726;777 123;B01;0;36;0;0;1;1;1;
31814;202200020727;777 119;A01;2;7;13;0;3;1;1;
31815;202200020728;777 118;A01;1;7;0;2;1;0;1;
31816;202200020728;777 120;B01;2;7;0;2;1;0;1;
31817;202200020729;777 115;B01;1;33;0;2;1;21;1;
31818;202200020729;777 117;A01;2;7;0;2;6;15;1;
31819;202200020730;777 114;A01;1;7;0;2;2;1;1;
31820;202200020730;777 116;B01;1;15;0;2;6;1;1;
31821;202200020731;777 111;B01;2;33;0;2;8;2;1;
31822;202200020731;777 113;A01;2;7;0;2;2;12;1;
31823;202200020732;777 110;B01;2;13;0;2;2;26;1;
31824;202200020732;777 112;A01;1;2;0;2;1;1;1;
31825;202200020733;777 109;A01;2;17;3;0;2;0;1;
31826;202200020734;777 108;A01;2;3;8;0;1;14;1;
31827;202200020735;777 107;A01;3;7;2;0;1;17;1;
31828;202200020736;777 106;A01;3;2;0;0;3;21;1;
31829;202200020737;777 105;A01;2;10;0;1;2;1;1;
31830;202200020738;777 101;B01;1;7;0;2;3;19;1;
31831;202200020738;777 103;A01;2;7;0;2;1;1;1;
31832;202200020739;777 100;B01;1;2;0;2;1;1;1;
31833;202200020739;777 102;A01;1;38;0;2;3;9;1;1.0
31834;202200020740;777 099;A01;0;2;0;0;0;13;1;
31835;202200020741;777 098;A01;1;10;0;1;2;1;1;
31836;202200020742;777 097;A01;2;17;2;0;7;1;1;
31837;202200020744;777 095;A01;2;7;8;0;0;0;1;
31838;202200020745;777 092;A01;2;7;0;2;3;13;1;
31839;202200020745;777 094;B01;1;7;0;2;1;1;1;
31840;202200020746;777 091;A01;0;7;0;2;1;1;1;
31841;202200020746;777 093;B01;0;80;0;2;1;1;3;
31842;202200020747;777 088;B01;2;14;0;2;1;1;1;
31843;202200020747;777 089;A01;1;7;0;2;1;1;1;
31844;202200020748;777 087;A01;1;33;0;2;5;17;1;
31845;202200020748;777 090;B01;1;20;0;2;3;15;1;
31846;202200020749;777 086;A01;0;1;0;0;3;0;5;
31847;202200020750;777 084;A01;1;7;0;2;3;15;1;
31848;202200020750;777 085;B01;2;7;0;2;1;1;1;
31849;202200020752;777 076;B01;0;99;0;2;8;1;3;
31850;202200020752;777 077;A01;3;10;0;9;8;13;1;
31851;202200020753;777 075;A01;1;7;0;1;7;21;1;
31852;202200020754;777 073;A01;2;33;0;2;8;1;1;
31853;202200020754;777 074;B01;2;14;0;2;6;23;1;
31854;202200020755;777 072;A01;1;2;0;0;1;1;1;
31855;202200020756;777 070;A01;2;2;0;0;0;1;0;
31856;202200020757;777 068;C01;1;32;0;2;1;2;1;
31857;202200020757;777 069;B01;1;7;0;2;8;1;1;
31858;202200020757;777 071;A01;2;7;0;2;3;13;1;
31859;202200020758;777 066;A01;1;33;0;0;0;21;1;
31860;202200020759;777 065;A01;1;7;0;2;1;2;1;
31861;202200020759;777 067;B01;1;7;0;2;4;2;1;
31862;202200020760;777 063;A01;1;7;3;0;1;0;1;
31863;202200020761;777 062;A01;1;10;0;2;0;15;1;
31864;202200020761;777 064;B01;1;2;0;2;1;1;1;
31865;202200020762;777 060;B01;2;7;0;2;4;2;1;
31866;202200020762;777 061;A01;2;7;0;2;1;1;1;
31867;202200020763;777 058;A01;1;7;0;2;3;19;1;
31868;202200020763;777 059;B01;2;2;0;2;1;1;1;
31869;202200020765;777 054;B01;2;33;0;2;1;3;1;
31870;202200020765;777 055;A01;2;7;0;2;3;11;1;
31871;202200020766;777 053;A01;1;7;0;2;5;19;1;
31872;202200020766;777 056;B01;1;7;0;2;1;1;1;
31873;202200020767;777 052;A01;1;34;0;9;1;1;1;
31874;202200020768;777 049;B01;2;33;0;2;1;1;1;
31875;202200020768;777 051;A01;1;7;0;2;3;19;1;
31876;202200020769;777 048;A01;2;7;0;2;1;12;1;
31877;202200020769;777 050;B01;2;10;0;2;6;1;1;
31878;202200020770;777 045;B01;1;7;0;2;1;1;1;
31879;202200020770;777 047;A01;1;7;0;2;4;26;1;
31880;202200020771;777 042;A01;1;7;0;2;1;2;1;
31881;202200020771;777 043;B01;1;10;0;2;4;2;1;
31882;202200020771;777 044;C01;1;7;0;2;4;2;1;
31883;202200020771;777 046;D01;1;7;0;2;4;2;1;
31884;202200020772;777 040;A01;1;7;4;0;3;2;1;
31885;202200020773;777 039;B01;1;7;0;2;1;0;1;
31886;202200020773;777 041;A01;1;7;1;2;7;1;1;
31887;202200020774;777 038;A01;1;34;5;0;1;0;1;
31888;202200020775;777 035;A01;1;33;0;2;1;3;1;
31889;202200020775;777 037;B01;1;1;0;2;7;5;5;
31890;202200020776;777 033;B01;2;31;0;2;0;0;1;
31891;202200020776;777 034;Z01;2;15;0;2;0;0;0;
31892;202200020776;777 036;A01;2;7;0;2;2;12;1;
31893;202200020777;777 032;A01;3;1;0;0;0;1;5;
31894;202200020778;777 030;A01;2;3;0;2;2;14;1;
31895;202200020778;777 031;B01;2;32;0;2;2;2;1;
31896;202200020779;777 029;A01;2;7;4;0;3;1;1;
31897;202200020780;777 027;A01;2;7;0;2;0;14;0;
31898;202200020780;777 028;B01;2;7;0;2;0;1;0;
31899;202200020781;777 025;B01;2;7;0;2;3;13;1;
31900;202200020781;777 026;A01;1;7;13;0;8;1;1;
31901;202200020782;777 024;A01;1;2;0;0;0;26;1;
31902;202200020783;777 023;A01;3;7;0;1;1;1;1;
31903;202200020784;777 021;B01;0;33;0;2;2;17;1;
31904;202200020784;777 022;A01;0;7;0;2;3;21;1;
31905;202200020785;777 018;A01;2;31;6;0;1;14;1;
31906;202200020786;777 019;A01;3;7;0;2;2;21;1;
31907;202200020786;777 020;B01;3;7;0;2;9;15;1;
31908;202200020787;777 015;A01;2;7;0;2;1;19;1;
31909;202200020787;777 017;B01;2;7;0;2;8;1;1;
31910;202200020788;777 014;A01;1;7;0;2;1;5;2;
31911;202200020788;777 016;B01;1;2;0;2;8;2;1;
31912;202200020789;777 012;A01;3;7;0;9;0;16;1;
31913;202200020789;777 013;B01;3;1;0;2;0;0;5;
31914;202200020790;777 010;B01;1;7;0;2;1;1;1;
31915;202200020790;777 011;A01;1;7;0;2;1;13;1;
31916;202200020792;777 004;A01;2;32;0;2;3;1;1;
31917;202200020792;777 007;B01;1;7;0;2;1;1;1;
31918;202200020793;777 005;B01;3;7;0;2;3;1;1;
31919;202200020793;777 006;A01;3;7;0;2;2;15;1;
31920;202200020794;777 003;A01;1;32;0;0;7;0;1;
31921;202200020795;777 002;A01;2;7;0;1;1;16;1;
31922;202200020796;777 000;B01;3;7;0;2;3;21;1;
31923;202200020796;777 001;A01;3;7;0;2;1;13;1;
31924;202200020797;776 998;A01;2;10;0;2;3;15;1;
31925;202200020797;776 999;B01;2;32;0;2;1;0;1;
31926;202200020798;776 996;A01;1;7;4;2;8;12;1;
31927;202200020798;776 997;B01;1;34;0;2;1;1;1;
31928;202200020799;776 995;A01;2;1;0;2;0;1;5;
31929;202200020800;776 993;A01;1;7;0;2;5;1;1;
31930;202200020800;776 994;B01;1;30;0;2;1;1;1;
31931;202200020802;776 989;B01;1;7;0;2;1;1;1;
31932;202200020802;776 990;A01;1;7;0;2;6;1;1;
31933;202200020803;776 988;A01;1;7;3;0;1;1;1;
31934;202200020806;776 982;A01;1;7;1;0;1;2;1;
31935;202200020807;776 980;A01;2;37;0;2;1;15;1;1.0
31936;202200020807;776 981;B01;1;33;0;2;8;1;1;
31937;202200020808;776 978;A01;1;7;0;2;1;2;1;
31938;202200020808;776 979;B01;1;14;0;2;4;26;1;
31939;202200020809;776 975;B01;3;50;0;2;1;1;3;
31940;202200020809;776 977;A01;1;7;0;2;3;9;1;
31941;202200020811;776 970;B01;1;7;0;2;8;0;1;
31942;202200020811;776 973;A01;3;7;0;2;3;13;1;
31943;202200020812;776 967;B01;2;33;0;2;8;1;1;
31944;202200020812;776 969;Z01;1;10;0;0;0;0;0;
31945;202200020813;776 966;A01;1;10;0;2;1;15;1;
31946;202200020813;776 968;B01;2;33;0;2;0;0;1;
31947;202200020815;776 963;A01;1;7;0;1;3;15;1;
31948;202200020816;776 961;A01;3;7;1;0;1;13;1;
31949;202200020816;776 962;B01;3;10;1;2;8;24;1;
31950;202200020818;776 954;B01;3;30;0;2;1;1;1;
31951;202200020818;776 956;A01;3;7;0;2;1;15;1;
31952;202200020819;776 953;B01;1;33;0;2;1;26;0;
31953;202200020819;776 955;A01;2;7;0;0;3;19;0;
31954;202200020820;776 949;B01;1;1;0;2;8;1;5;
31955;202200020820;776 952;A01;2;14;0;2;1;16;1;
31956;202200020821;776 948;C01;2;7;0;2;4;1;2;
31957;202200020821;776 950;B01;2;7;0;2;4;1;1;
31958;202200020821;776 951;A01;2;7;0;2;1;1;1;
31959;202200020822;776 946;B01;1;2;0;2;1;2;1;
31960;202200020822;776 947;A01;1;7;0;2;6;20;1;
31961;202200020823;776 942;A01;3;30;0;2;8;11;1;
31962;202200020823;776 943;B01;3;7;0;2;8;1;1;
31963;202200020824;776 938;B01;1;7;0;2;1;1;1;
31964;202200020824;776 940;A01;2;2;0;2;3;5;1;
31965;202200020826;776 937;A01;1;33;3;0;1;9;1;
31966;202200020827;776 935;A01;2;7;1;0;2;17;1;
31967;202200020827;776 936;B01;2;10;0;9;6;24;1;
31968;202200020828;776 933;B01;3;1;0;2;8;19;5;
31969;202200020828;776 934;A01;3;10;0;2;1;9;1;
31970;202200020829;776 932;A01;0;50;0;0;0;0;3;
31971;202200020830;776 930;A01;2;7;0;2;7;19;1;
31972;202200020830;776 931;B01;1;7;0;2;1;19;1;
31973;202200020831;776 929;A01;3;7;0;1;2;1;1;
31974;202200020832;776 927;B01;3;1;0;2;4;1;5;
31975;202200020832;776 928;A01;3;7;0;2;1;2;1;
31976;202200020833;776 925;A01;1;7;0;1;2;1;1;
31977;202200020834;776 924;A01;1;7;0;2;1;0;2;
31978;202200020834;776 926;B01;2;80;0;2;2;0;3;
31979;202200020835;776 922;B01;3;7;0;9;2;26;1;
31980;202200020835;776 923;A01;1;80;0;2;1;1;3;
31981;202200020837;776 916;B01;1;7;0;2;6;1;1;
31982;202200020837;776 917;A01;1;7;0;2;2;19;1;
31983;202200020838;776 915;A01;3;7;0;1;2;1;1;
31984;202200020839;776 913;A01;3;7;0;2;3;10;1;
31985;202200020839;776 914;B01;3;7;0;2;2;1;1;
31986;202200020840;776 912;A01;2;7;0;1;3;1;1;
31987;202200020841;776 910;A01;2;7;0;2;4;23;1;
31988;202200020841;776 911;B01;2;1;1;2;1;1;5;
31989;202200020842;776 908;A01;2;7;0;2;8;26;1;
31990;202200020842;776 909;B01;1;33;0;2;1;1;1;
31991;202200020843;776 907;A01;2;7;0;1;7;1;1;
31992;202200020844;776 905;B01;2;7;0;2;8;23;1;
31993;202200020844;776 906;A01;1;7;0;2;3;13;1;
31994;202200020845;776 903;B01;2;33;0;2;1;1;1;
31995;202200020845;776 904;A01;1;1;0;2;5;19;5;
31996;202200020847;776 901;A01;1;33;0;0;0;1;1;
31997;202200020848;776 899;Z01;1;7;0;2;7;1;1;
31998;202200020848;776 900;A01;1;60;0;2;7;1;5;
31999;202200020849;776 898;A01;2;7;0;1;3;1;1;
32000;202200020851;776 895;B01;1;30;14;0;3;9;1;
32001;202200020851;776 896;A01;1;7;0;2;0;9;1;
32002;202200020852;776 893;B01;2;7;0;2;3;15;1;
32003;202200020852;776 894;A01;2;30;0;2;2;8;1;
32004;202200020853;776 891;B01;2;7;0;0;0;0;1;
32005;202200020853;776 892;A01;2;7;0;0;0;0;1;
32006;202200020854;776 890;A01;2;7;15;0;1;14;1;
32007;202200020855;776 887;C01;1;7;0;2;2;1;1;
32008;202200020855;776 888;B01;2;7;0;2;3;1;1;
32009;202200020855;776 889;A01;1;34;0;2;1;17;1;
32010;202200020856;776 885;A01;0;10;0;0;0;1;1;
32011;202200020857;776 884;B01;1;7;0;2;1;1;1;
32012;202200020857;776 886;A01;2;7;3;2;9;26;1;
32013;202200020858;776 881;A01;1;7;0;2;3;13;1;
32014;202200020858;776 882;B01;2;13;0;2;8;1;0;
32015;202200020860;776 878;A01;2;2;3;0;1;1;1;
32016;202200020861;776 879;A01;1;7;0;2;3;1;2;
32017;202200020861;776 883;B01;1;7;0;2;2;1;1;
32018;202200020862;776 877;A01;3;10;0;1;2;1;1;
32019;202200020863;776 876;A01;1;7;6;0;1;1;1;
32020;202200020864;776 874;A01;3;7;0;1;1;1;0;
32021;202200020865;776 873;B01;3;7;0;2;2;1;1;
32022;202200020865;776 875;A01;3;10;0;2;3;1;1;
32023;202200020866;776 869;C01;2;15;0;0;3;1;1;
32024;202200020866;776 871;B01;2;15;0;0;8;1;1;
32025;202200020866;776 872;A01;1;7;0;2;1;13;1;
32026;202200020867;776 870;A01;3;10;0;0;3;16;0;
32027;202200020868;776 867;B01;2;13;0;2;2;15;1;
32028;202200020868;776 868;A01;1;7;0;2;2;1;1;
32029;202200020869;776 865;B01;2;1;0;2;1;1;5;
32030;202200020869;776 866;A01;2;7;0;2;1;15;1;
32031;202200020871;776 862;A01;2;7;0;2;0;26;1;
32032;202200020872;776 860;A01;2;2;0;2;1;15;1;
32033;202200020872;776 861;B01;1;7;0;2;3;23;1;
32034;202200020873;776 857;B01;2;7;0;2;7;1;0;
32035;202200020873;776 858;A01;2;2;0;0;8;1;1;
32036;202200020874;776 856;A01;1;7;0;2;1;9;1;
32037;202200020874;776 859;B01;2;50;0;2;7;1;3;
32038;202200020875;776 854;B01;3;7;0;2;1;1;2;
32039;202200020875;776 855;A01;3;7;0;2;1;13;1;