;Num_Acc;id_vehicule;num_veh;senc;catv;obs;obsm;choc;manv;motor;occutc
32040;202200020876;776 853;A01;2;43;0;0;0;26;1;
32041;202200020877;776 851;Z01;3;7;0;9;2;16;0;
32042;202200020877;776 852;B01;3;1;0;2;1;16;5;
32043;202200020878;776 850;A01;1;99;2;0;1;1;1;
32044;202200020879;776 849;A01;1;7;2;0;3;0;1;
32045;202200020880;776 846;A01;1;7;0;1;2;0;1;
32046;202200020881;776 847;B01;1;7;0;9;4;0;1;
32047;202200020881;776 848;A01;1;50;0;2;1;1;3;
32048;202200020882;776 845;A01;0;7;0;1;7;2;1;
32049;202200020884;776 841;A01;2;7;0;2;2;15;1;
32050;202200020884;776 842;B01;1;7;0;2;1;1;1;
32051;202200020885;776 840;A01;1;10;9;0;3;0;1;
32052;202200020886;776 838;A01;2;7;0;1;2;1;1;
32053;202200020887;776 835;A01;2;30;0;2;9;13;1;
32054;202200020887;776 837;B01;1;7;0;2;3;1;1;
32055;202200020888;776 836;A01;1;33;0;2;1;17;1;
32056;202200020888;776 839;B01;1;7;0;9;2;15;1;
32057;202200020889;776 833;A01;1;10;0;2;2;2;1;
32058;202200020889;776 834;B01;1;7;13;0;6;16;1;
32059;202200020890;776 832;A01;1;7;13;0;3;13;0;
32060;202200020891;776 830;A01;1;7;8;0;2;1;1;
32061;202200020892;776 829;A01;3;21;0;2;8;16;0;
32062;202200020892;776 831;B01;3;7;0;2;2;1;1;
32063;202200020893;776 823;E01;1;7;0;2;3;1;1;
32064;202200020893;776 825;D01;1;7;0;2;1;0;2;
32065;202200020893;776 826;C01;1;7;0;2;1;0;1;
32066;202200020893;776 827;B01;1;7;0;2;2;1;1;
32067;202200020893;776 828;A01;1;7;0;0;0;0;1;
32068;202200020894;776 824;A01;3;7;6;1;1;20;1;
32069;202200020895;776 816;A01;1;7;0;2;3;13;1;
32070;202200020895;776 819;B01;2;15;0;2;8;1;1;
32071;202200020895;776 821;C01;2;7;0;2;1;1;2;
32072;202200020896;776 813;A01;1;7;0;1;2;1;1;
32073;202200020897;776 810;A01;0;7;15;2;1;1;1;
32074;202200020898;776 806;A01;1;7;3;0;1;0;1;
32075;202200020899;776 805;B01;0;33;0;2;8;1;1;
32076;202200020899;776 807;A01;0;7;0;2;2;15;1;
32077;202200020900;776 801;B01;1;2;0;2;7;2;1;
32078;202200020900;776 802;A01;1;7;0;2;1;1;1;
32079;202200020901;776 797;A01;1;7;0;2;5;17;1;
32080;202200020901;776 799;B01;1;7;4;2;8;1;1;
32081;202200020901;776 800;C01;1;7;0;2;0;17;0;
32082;202200020902;776 796;B01;1;7;0;2;1;1;1;
32083;202200020902;776 798;A01;1;7;0;2;1;1;1;
32084;202200020903;776 795;A01;2;10;13;0;3;1;1;
32085;202200020904;776 794;A01;1;7;0;1;3;26;1;
32086;202200020905;776 790;A01;1;10;0;2;1;1;1;
32087;202200020905;776 792;B01;1;7;0;2;4;1;1;
32088;202200020905;776 793;C01;1;7;0;0;4;1;1;
32089;202200020906;776 789;A01;2;7;0;2;3;15;2;
32090;202200020906;776 791;B01;1;33;0;2;1;21;1;
32091;202200020907;776 786;A01;3;33;14;0;1;1;1;
32092;202200020908;776 784;D01;2;15;0;2;1;1;1;
32093;202200020908;776 785;C01;2;7;0;2;1;1;1;
32094;202200020908;776 787;B01;1;7;0;2;3;18;1;
32095;202200020908;776 788;A01;1;15;0;2;2;1;1;
32096;202200020909;776 781;B01;2;7;0;0;4;1;1;
32097;202200020909;776 782;A01;2;7;0;2;2;12;1;
32098;202200020910;776 780;A01;0;10;0;2;3;1;0;
32099;202200020910;776 783;B01;3;10;0;2;2;1;0;
32100;202200020911;776 777;A01;1;7;0;2;2;20;1;
32101;202200020911;776 779;B01;1;33;0;2;1;1;1;
32102;202200020912;776 776;A01;1;7;13;0;3;1;1;
32103;202200020913;776 775;A01;1;7;0;1;1;1;1;
32104;202200020914;776 773;B01;1;17;0;0;6;16;1;
32105;202200020914;776 774;A01;2;7;0;2;1;1;1;
32106;202200020915;776 770;B01;2;7;4;2;8;1;1;
32107;202200020915;776 771;A01;2;7;0;2;7;17;1;
32108;202200020916;776 769;B01;1;2;0;2;1;1;1;
32109;202200020916;776 772;A01;1;7;0;2;3;1;3;
32110;202200020917;776 768;A01;0;37;0;1;3;1;1;2.0
32111;202200020918;776 765;A01;2;7;0;2;7;12;1;
32112;202200020918;776 767;B01;2;33;0;2;8;1;1;
32113;202200020919;776 766;A01;1;7;0;1;1;1;1;
32114;202200020920;776 764;A01;1;7;3;0;7;1;2;
32115;202200020921;776 761;A01;2;7;0;2;1;0;1;
32116;202200020921;776 762;B01;2;7;0;2;4;0;1;
32117;202200020923;776 757;B01;1;10;0;2;6;23;1;
32118;202200020923;776 759;A01;1;7;1;0;5;1;1;
32119;202200020924;776 758;A01;1;30;0;2;7;17;1;
32120;202200020924;776 760;B01;1;7;8;2;8;15;1;
32121;202200020925;776 753;A01;1;7;0;2;1;1;1;
32122;202200020925;776 754;B01;1;7;0;2;0;13;1;
32123;202200020925;776 755;C01;1;15;0;2;6;23;1;
32124;202200020925;776 756;D01;1;15;1;0;0;21;1;
32125;202200020928;776 745;A01;1;31;0;2;1;13;1;
32126;202200020928;776 746;B01;2;7;0;2;2;1;1;
32127;202200020929;776 747;B01;1;10;0;2;4;1;1;
32128;202200020929;776 748;A01;1;10;0;2;1;1;1;
32129;202200020930;776 744;A01;1;7;2;0;1;13;1;
32130;202200020931;776 743;A01;0;7;0;1;4;26;1;
32131;202200020932;776 742;A01;2;10;2;0;1;1;1;
32132;202200020934;776 739;B01;1;10;0;2;7;1;1;
32133;202200020934;776 741;A01;1;7;0;2;9;13;1;
32134;202200020935;776 738;A01;0;10;2;0;1;1;1;
32135;202200020936;776 737;A01;1;7;8;0;1;1;1;
32136;202200020937;776 736;A01;0;38;0;1;5;1;1;1.0
32137;202200020938;776 732;B01;1;33;0;2;2;0;1;
32138;202200020938;776 734;A01;1;2;0;2;1;19;1;
32139;202200020939;776 728;B01;2;7;0;2;3;19;1;
32140;202200020939;776 730;A01;1;2;0;2;1;3;1;
32141;202200020940;776 729;D01;2;7;0;2;4;23;1;
32142;202200020940;776 731;C01;2;7;0;2;4;23;1;
32143;202200020940;776 733;B01;2;7;0;2;4;23;1;
32144;202200020940;776 735;A01;2;7;0;2;1;2;1;
32145;202200020942;776 723;B01;2;7;0;2;2;1;1;
32146;202200020942;776 726;A01;2;7;0;2;6;11;1;
32147;202200020943;776 724;A01;3;7;10;0;1;1;1;
32148;202200020944;776 722;A01;1;10;0;2;1;2;1;
32149;202200020944;776 725;B01;1;7;0;0;5;23;1;
32150;202200020945;776 719;A01;3;7;0;1;2;16;1;
32151;202200020946;776 717;C01;2;7;0;2;8;2;1;
32152;202200020946;776 720;B01;2;7;4;2;4;2;1;
32153;202200020946;776 721;A01;2;7;0;2;1;2;3;
32154;202200020947;776 716;A01;0;7;0;0;6;19;1;
32155;202200020947;776 718;B01;0;7;0;0;1;1;1;
32156;202200020948;776 715;A01;3;10;0;1;3;1;1;
32157;202200020950;776 713;A01;3;7;6;0;1;1;1;
32158;202200020951;776 711;A01;2;33;9;0;1;9;1;
32159;202200020952;776 710;A01;1;7;4;0;2;2;1;
32160;202200020953;776 709;A01;0;1;12;0;1;26;5;
32161;202200020954;776 704;A01;2;10;0;2;7;15;1;
32162;202200020954;776 706;B01;1;33;0;2;2;1;1;
32163;202200020955;776 703;A01;2;7;0;2;5;1;1;
32164;202200020955;776 705;B01;2;33;0;2;1;3;1;
32165;202200020955;776 707;C01;2;7;0;2;6;0;2;
32166;202200020956;776 700;A01;1;32;3;0;3;13;1;
32167;202200020957;776 701;A01;2;7;1;0;1;16;1;
32168;202200020957;776 702;B01;2;7;1;2;4;24;1;
32169;202200020958;776 697;B01;2;13;0;2;1;2;1;
32170;202200020958;776 699;A01;2;33;0;2;8;2;1;
32171;202200020959;776 692;B01;3;10;0;2;3;1;1;
32172;202200020959;776 695;A01;3;80;0;2;1;15;3;
32173;202200020960;776 691;A01;1;7;0;2;3;13;1;
32174;202200020960;776 694;B01;2;7;0;2;3;1;1;
32175;202200020960;776 696;C01;2;7;0;2;8;1;1;
32176;202200020960;776 698;D01;2;7;0;2;8;1;3;
32177;202200020961;776 690;A01;1;7;0;2;3;3;1;
32178;202200020961;776 693;B01;1;32;0;2;7;0;1;
32179;202200020962;776 687;A01;2;33;0;2;1;13;0;
32180;202200020962;776 689;B01;2;7;0;9;6;26;1;
32181;202200020964;776 683;A01;3;7;9;0;1;13;1;
32182;202200020965;776 681;A01;1;7;0;2;1;1;1;
32183;202200020965;776 684;B01;1;7;0;2;4;2;1;
32184;202200020965;776 685;C01;1;7;0;2;4;2;1;
32185;202200020967;776 680;A01;0;7;0;1;4;4;1;
32186;202200020968;776 678;A01;1;7;0;2;2;15;1;
32187;202200020968;776 679;B01;1;33;0;2;1;1;1;
32188;202200020969;776 677;A01;2;7;3;0;2;26;1;
32189;202200020970;776 676;A01;1;7;0;1;1;15;1;
32190;202200020971;776 674;B01;2;10;0;2;3;6;1;
32191;202200020971;776 675;A01;1;7;0;2;1;1;1;
32192;202200020972;776 671;A01;2;7;0;1;3;16;1;
32193;202200020973;776 672;B01;1;7;0;0;3;1;1;
32194;202200020973;776 673;A01;2;7;0;2;1;15;1;
32195;202200020974;776 666;C01;2;7;0;2;2;21;1;
32196;202200020974;776 668;B01;2;7;0;0;6;21;1;
32197;202200020974;776 669;A01;1;7;2;0;1;1;1;
32198;202200020976;776 664;A01;1;7;0;2;3;9;1;
32199;202200020976;776 667;B01;1;33;0;2;1;1;1;
32200;202200020978;776 662;A01;3;7;0;1;1;1;1;
32201;202200020980;776 657;A01;1;7;7;2;7;15;1;
32202;202200020980;776 659;B01;2;7;0;2;1;1;1;
32203;202200020981;776 656;A01;1;7;0;1;0;0;1;
32204;202200020982;776 658;A01;1;7;0;1;1;1;1;
32205;202200020983;776 655;A01;1;7;2;0;2;14;1;
32206;202200020984;776 654;A01;1;7;0;0;0;13;1;
32207;202200020985;776 651;A01;1;7;0;2;1;19;1;
32208;202200020985;776 653;B01;1;7;0;2;6;16;1;
32209;202200020986;776 652;A01;2;7;8;0;1;1;1;
32210;202200020987;776 650;A01;1;7;0;1;2;1;1;
32211;202200020989;776 647;B01;1;2;0;2;1;0;1;
32212;202200020989;776 649;A01;1;32;0;2;3;0;1;
32213;202200020990;776 645;A01;3;7;0;1;2;1;1;
32214;202200020991;776 646;A01;1;10;0;1;2;1;1;
32215;202200020992;776 643;B01;2;10;0;2;1;1;1;
32216;202200020992;776 644;A01;3;7;0;2;3;16;1;
32217;202200020994;776 639;A01;2;7;0;1;1;1;1;
32218;202200020995;776 640;A01;1;7;0;1;3;1;1;
32219;202200020996;776 638;A01;1;7;0;1;1;1;1;
32220;202200020997;776 635;B01;3;39;0;0;1;1;3;
32221;202200020997;776 637;A01;2;7;14;4;0;13;1;
32222;202200020998;776 632;B01;3;7;0;0;3;1;1;
32223;202200020998;776 634;A01;3;7;0;0;3;16;1;
32224;202200020999;776 631;A01;2;7;3;0;3;1;1;
32225;202200021000;776 633;A01;2;7;0;2;6;10;1;
32226;202200021000;776 636;B01;2;33;0;2;2;1;1;
32227;202200021002;776 628;A01;2;30;0;0;3;21;1;
32228;202200021003;776 626;B01;2;1;0;2;1;1;5;
32229;202200021003;776 627;A01;1;7;0;2;2;1;1;
32230;202200021004;776 625;A01;2;32;0;0;0;2;1;
32231;202200021005;776 624;A01;3;7;0;1;1;2;1;
32232;202200021006;776 622;A01;2;7;8;0;1;1;1;
32233;202200021007;776 621;B01;1;10;0;2;7;16;1;
32234;202200021007;776 623;A01;2;30;0;2;8;18;1;
32235;202200021008;776 620;A01;3;7;0;1;1;1;1;
32236;202200021009;776 618;B01;3;1;0;2;0;0;0;
32237;202200021009;776 619;A01;3;7;0;2;3;15;0;
32238;202200021010;776 615;C01;2;15;0;2;1;2;1;
32239;202200021010;776 616;B01;2;15;0;2;1;1;1;
32240;202200021010;776 617;A01;1;7;0;2;1;13;1;
32241;202200021011;776 613;A01;1;7;2;0;1;1;1;
32242;202200021012;776 612;B01;1;7;0;2;1;1;1;
32243;202200021012;776 614;A01;1;7;0;2;5;1;2;
32244;202200021013;776 610;B01;0;10;0;2;2;15;1;
32245;202200021013;776 611;A01;3;33;0;0;0;1;1;
32246;202200021014;776 609;A01;0;30;0;1;1;1;1;
32247;202200021015;776 608;A01;3;7;13;0;0;0;1;
32248;202200021016;776 607;A01;3;7;7;0;1;0;1;
32249;202200021017;776 606;A01;1;2;0;0;0;0;1;
32250;202200021019;776 603;A01;2;10;0;2;3;17;1;
32251;202200021019;776 605;B01;2;33;0;2;2;3;1;
32252;202200021020;776 598;B01;2;7;0;2;2;1;1;
32253;202200021020;776 599;A01;3;50;0;2;3;19;3;
32254;202200021021;776 596;A01;2;7;0;2;2;2;1;
32255;202200021021;776 597;B01;2;2;0;2;1;2;1;
32256;202200021022;776 593;A01;1;7;0;1;3;1;1;
32257;202200021023;776 592;A01;1;7;0;2;1;2;1;
32258;202200021023;776 594;B01;1;7;0;2;4;2;1;
32259;202200021023;776 595;C01;1;10;0;2;4;2;1;
32260;202200021024;776 591;A01;3;7;8;0;1;1;1;
32261;202200021025;776 590;A01;1;7;0;1;1;1;1;
32262;202200021026;776 589;A01;3;7;0;1;2;1;1;
32263;202200021027;776 586;A01;3;7;0;2;1;9;1;
32264;202200021027;776 588;B01;0;50;0;2;7;1;3;
32265;202200021028;776 587;A01;1;7;0;1;2;26;1;
32266;202200021031;776 582;B01;2;7;0;2;7;2;1;
32267;202200021031;776 584;A01;2;31;0;2;3;13;1;
32268;202200021032;776 579;A01;2;7;0;0;6;1;1;
32269;202200021032;776 580;B01;2;7;0;2;2;17;1;
32270;202200021033;776 577;A01;1;7;0;2;5;1;1;
32271;202200021033;776 578;B01;1;50;0;2;1;1;3;
32272;202200021034;776 573;B01;1;33;0;2;3;2;6;
32273;202200021034;776 575;A01;1;7;0;2;6;16;0;
32274;202200021035;776 574;A01;1;7;0;1;2;1;1;
32275;202200021036;776 570;A01;1;7;0;2;4;9;1;
32276;202200021036;776 572;B01;1;7;0;2;1;9;1;
32277;202200021037;776 571;A01;2;7;0;1;1;26;1;
32278;202200021038;776 569;A01;1;7;0;0;9;0;1;
32279;202200021041;776 564;A01;3;7;4;0;3;13;1;
32280;202200021043;776 557;A01;2;7;0;2;4;1;1;
32281;202200021043;776 558;B01;2;7;0;2;1;2;1;
32282;202200021043;776 560;C01;2;7;0;2;4;2;1;
32283;202200021043;776 561;D01;2;7;0;2;4;2;1;
32284;202200021043;776 562;E01;2;10;0;2;1;2;1;
32285;202200021044;776 554;A01;2;7;0;1;1;1;1;
32286;202200021044;776 555;B01;2;7;0;2;1;2;1;
32287;202200021045;776 556;B01;2;7;0;2;4;23;1;
32288;202200021045;776 559;A01;2;10;0;2;1;1;1;
32289;202200021046;776 553;A01;2;33;0;0;0;12;1;
32290;202200021047;776 549;A01;1;7;0;2;1;2;1;
32291;202200021047;776 551;B01;1;7;0;2;1;23;1;
32292;202200021048;776 550;B01;3;1;1;0;1;1;5;
32293;202200021048;776 552;A01;0;7;0;2;2;22;1;
32294;202200021049;776 545;B01;1;30;0;2;1;1;1;
32295;202200021049;776 547;A01;1;7;0;2;5;26;1;
32296;202200021050;776 543;A01;2;7;0;2;2;2;1;
32297;202200021050;776 544;B01;2;10;0;2;4;2;1;
32298;202200021050;776 546;C01;2;7;14;0;1;2;1;
32299;202200021050;776 548;D01;2;7;14;0;1;2;1;
32300;202200021051;776 541;B01;2;7;0;2;7;1;2;
32301;202200021051;776 542;A01;2;7;0;2;8;11;1;
32302;202200021052;776 540;A01;1;30;0;1;1;17;6;
32303;202200021053;776 539;A01;1;7;4;0;3;13;1;
32304;202200021054;776 537;B01;0;30;0;2;1;17;1;
32305;202200021054;776 538;A01;0;7;0;2;8;15;1;
32306;202200021055;776 535;B01;2;7;0;2;3;11;1;
32307;202200021055;776 536;A01;2;7;0;2;1;5;1;
32308;202200021056;776 534;A01;1;7;5;0;2;14;1;
32309;202200021057;776 531;B01;2;7;0;2;6;1;1;
32310;202200021057;776 532;A01;2;7;0;2;2;14;1;
32311;202200021058;776 530;A01;2;7;13;0;0;0;1;
32312;202200021059;776 529;A01;0;7;0;2;1;13;1;
32313;202200021059;776 533;B01;3;7;0;1;0;0;1;
32314;202200021060;776 524;D01;2;7;0;2;4;11;1;
32315;202200021060;776 525;C01;2;7;0;2;0;1;1;
32316;202200021060;776 527;B01;2;7;0;2;4;1;1;
32317;202200021060;776 528;A01;2;7;0;2;1;1;1;
32318;202200021061;776 523;B01;1;7;0;2;3;1;1;
32319;202200021061;776 526;A01;2;1;0;2;1;1;5;
32320;202200021062;776 522;A01;2;7;4;0;1;1;1;
32321;202200021063;776 521;A01;0;7;0;1;2;1;1;
32322;202200021064;776 519;B01;1;7;0;2;4;1;0;
32323;202200021064;776 520;A01;1;7;0;2;0;1;1;
32324;202200021065;776 516;B01;1;10;0;2;6;1;1;
32325;202200021065;776 517;A01;1;7;0;2;1;26;3;
32326;202200021066;776 515;A01;2;7;0;2;7;9;0;
32327;202200021066;776 518;B01;3;50;0;2;7;1;3;
32328;202200021069;776 504;A01;1;33;0;2;8;25;1;
32329;202200021069;776 506;B01;1;7;0;2;7;1;1;
32330;202200021070;776 503;A01;1;7;0;2;1;2;1;
32331;202200021070;776 505;B01;1;10;0;2;1;2;1;
32332;202200021070;776 507;C01;1;10;0;2;1;2;1;
32333;202200021070;776 508;D01;1;10;0;2;1;2;1;
32334;202200021070;776 509;E01;1;10;0;2;1;2;1;
32335;202200021070;776 510;F01;1;7;0;2;4;2;1;
32336;202200021071;776 499;A01;1;7;0;9;1;1;1;
32337;202200021071;776 501;B01;1;7;0;9;1;1;1;
32338;202200021073;776 497;Z01;3;99;0;1;0;26;0;
32339;202200021074;776 496;B01;2;7;0;2;5;12;1;
32340;202200021074;776 498;A01;2;7;0;2;3;1;1;
32341;202200021075;776 492;A01;2;7;0;2;3;17;1;
32342;202200021075;776 494;B01;2;32;0;2;7;1;1;
32343;202200021076;776 493;B01;1;7;0;2;2;1;1;
32344;202200021076;776 495;A01;2;7;0;2;2;15;1;
32345;202200021077;776 488;C01;1;7;0;2;8;1;1;
32346;202200021077;776 490;B01;1;17;0;2;4;2;1;
32347;202200021077;776 491;A01;1;17;0;2;1;1;1;
32348;202200021078;776 487;B01;3;1;0;2;5;16;0;
32349;202200021078;776 489;A01;2;7;0;2;1;9;1;
32350;202200021079;776 484;Z01;1;7;0;2;1;0;0;
32351;202200021079;776 486;A01;1;7;4;2;4;1;1;
32352;202200021080;776 483;A01;2;7;0;0;4;1;1;
32353;202200021081;776 482;A01;3;7;0;2;2;15;1;
32354;202200021081;776 485;B01;3;7;0;2;2;1;1;
32355;202200021082;776 480;A01;2;33;0;2;9;2;1;
32356;202200021082;776 481;B01;2;7;0;2;4;2;1;
32357;202200021083;776 479;A01;1;7;4;0;1;1;1;
32358;202200021084;776 475;A01;2;7;0;2;8;11;1;
32359;202200021084;776 477;B01;1;13;0;2;2;1;1;
32360;202200021085;776 476;A01;1;7;0;2;4;16;1;
32361;202200021085;776 478;B01;2;13;0;2;1;1;1;
32362;202200021086;776 471;A01;2;7;3;2;4;0;2;
32363;202200021086;776 473;B01;2;7;3;2;5;0;1;
32364;202200021086;776 474;Z01;2;10;3;2;1;0;1;
32365;202200021087;776 470;A01;1;50;0;2;2;19;3;
32366;202200021087;776 472;Z01;2;7;0;2;0;1;1;
32367;202200021089;776 466;A01;3;7;0;2;2;10;1;
32368;202200021089;776 467;B01;3;33;0;2;2;1;1;
32369;202200021090;776 465;A01;1;7;4;0;3;1;1;
32370;202200021091;776 462;A01;2;7;0;2;1;2;1;
32371;202200021091;776 463;B01;2;7;0;2;4;2;1;
32372;202200021091;776 464;C01;2;10;0;9;4;2;1;
32373;202200021092;776 457;A01;1;7;16;0;9;17;1;
32374;202200021092;776 459;B01;1;7;0;2;3;0;1;
32375;202200021093;776 455;A01;1;7;0;2;3;2;1;
32376;202200021093;776 456;B01;1;7;0;2;5;1;1;
32377;202200021093;776 458;C01;1;7;0;2;4;2;1;
32378;202200021093;776 460;D01;1;7;0;2;6;23;1;
32379;202200021093;776 461;E01;1;7;0;2;3;1;1;
32380;202200021094;776 452;A01;1;10;0;2;1;2;1;
32381;202200021094;776 453;C01;1;10;0;2;4;2;1;
32382;202200021094;776 454;B01;1;7;0;2;4;2;1;
32383;202200021095;776 449;A01;2;10;0;2;1;15;1;
32384;202200021095;776 451;B01;1;2;0;2;1;1;3;
32385;202200021096;776 448;B01;1;7;0;2;7;1;2;
32386;202200021096;776 450;A01;1;7;0;2;3;13;1;
32387;202200021097;776 445;A01;1;33;0;2;8;1;1;
32388;202200021097;776 447;Z01;1;0;0;2;0;0;0;
32389;202200021099;776 442;A01;2;7;0;2;1;21;1;
32390;202200021099;776 443;B01;2;7;0;2;5;1;1;
32391;202200021100;776 438;A01;1;7;0;2;4;1;1;
32392;202200021100;776 440;B01;1;7;0;2;1;1;1;
32393;202200021101;776 439;B01;1;7;0;2;2;0;1;
32394;202200021101;776 441;A01;2;99;0;2;1;1;1;
32395;202200021102;776 435;A01;2;7;0;2;1;2;1;
32396;202200021102;776 436;B01;2;7;0;0;4;2;1;
32397;202200021103;776 434;A01;3;33;0;2;1;1;1;
32398;202200021103;776 437;B01;3;7;0;2;5;15;1;
32399;202200021104;776 433;A01;1;7;1;0;2;14;1;
32400;202200021105;776 431;B01;1;7;0;2;1;1;1;
32401;202200021105;776 432;A01;1;3;13;0;4;15;3;
32402;202200021107;776 427;B01;1;32;0;2;1;1;1;
32403;202200021107;776 428;A01;1;7;0;9;1;20;1;
32404;202200021108;776 426;A01;1;7;7;0;1;1;-1;
32405;202200021109;776 425;A01;1;7;17;0;1;26;1;
32406;202200021112;776 421;A01;1;7;2;0;1;2;1;
32407;202200021113;776 420;A01;3;7;0;2;1;1;1;
32408;202200021113;776 422;B01;3;7;0;2;4;23;1;
32409;202200021114;776 417;A01;1;7;0;2;1;13;1;
32410;202200021114;776 419;B01;2;7;0;2;1;1;1;
32411;202200021115;776 416;A01;2;10;0;2;1;2;1;
32412;202200021115;776 418;B01;2;2;0;2;4;3;1;
32413;202200021116;776 414;A01;3;7;0;2;2;5;1;
32414;202200021116;776 415;B01;3;50;0;2;1;2;3;
32415;202200021117;776 412;A01;1;30;1;0;1;13;1;
32416;202200021118;776 413;A01;1;7;0;1;2;1;1;
32417;202200021121;776 407;A01;2;2;1;2;2;26;1;
32418;202200021122;776 406;A01;1;7;0;2;2;1;1;
32419;202200021122;776 408;B01;1;7;0;2;1;16;1;
32420;202200021124;776 403;A01;2;30;0;1;1;2;1;
32421;202200021125;776 400;A01;1;30;0;2;1;17;3;
32422;202200021125;776 401;Z01;2;30;0;2;7;15;-1;
32423;202200021126;776 399;A01;2;30;0;2;1;15;1;
32424;202200021126;776 402;B01;2;30;0;2;7;15;1;
32425;202200021127;776 398;A01;1;7;8;0;3;13;3;
32426;202200021128;776 396;A01;3;7;0;2;3;9;1;
32427;202200021128;776 397;B01;3;30;0;2;1;1;1;
32428;202200021129;776 394;A01;2;30;1;0;1;8;1;
32429;202200021129;776 395;B01;2;7;0;2;8;22;1;
32430;202200021130;776 390;A01;3;33;0;2;2;1;1;
32431;202200021130;776 393;B01;3;7;0;2;3;1;1;
32432;202200021131;776 388;A01;1;7;1;2;2;1;1;
32433;202200021131;776 389;B01;1;10;0;2;6;1;1;
32434;202200021131;776 391;C01;1;7;0;2;6;24;2;
32435;202200021131;776 392;D01;1;7;0;2;1;1;1;
32436;202200021133;776 383;C01;2;10;0;2;8;1;1;
32437;202200021133;776 384;B01;1;7;0;2;8;1;2;
32438;202200021133;776 385;A01;1;7;0;2;3;5;1;
32439;202200021134;776 379;A01;1;7;0;1;2;1;1;
32440;202200021135;776 380;A01;1;7;0;2;4;26;1;
32441;202200021135;776 381;B01;1;7;0;2;6;0;1;
32442;202200021135;776 382;C01;1;7;0;0;5;0;1;
32443;202200021136;776 377;A01;2;37;0;1;8;7;1;1.0
32444;202200021137;776 372;A01;1;32;0;2;2;17;1;
32445;202200021137;776 374;B01;1;7;0;2;8;1;1;
32446;202200021138;776 371;Z01;1;50;0;2;1;1;3;
32447;202200021138;776 373;A01;1;33;0;2;7;1;1;
32448;202200021139;776 370;A01;1;33;0;0;8;26;1;
32449;202200021140;776 369;Z01;2;10;0;1;1;1;1;
32450;202200021141;776 365;A01;2;7;0;2;1;2;1;
32451;202200021141;776 366;B01;2;7;0;2;4;2;1;
32452;202200021142;776 367;B01;1;50;0;2;1;1;3;
32453;202200021142;776 368;A01;2;1;0;2;1;1;5;
32454;202200021143;776 363;A01;1;7;0;2;8;23;1;
32455;202200021143;776 364;B01;1;50;1;0;1;0;3;
32456;202200021144;776 361;A01;0;7;0;2;1;1;1;
32457;202200021144;776 362;B01;0;7;0;2;4;1;1;
32458;202200021145;776 358;A01;0;7;0;2;1;16;2;
32459;202200021145;776 360;B01;0;7;0;2;1;1;1;
32460;202200021146;776 357;B01;1;33;0;2;3;0;1;
32461;202200021146;776 359;A01;1;7;0;2;8;15;1;
32462;202200021148;776 353;B01;3;7;0;2;8;1;1;
32463;202200021148;776 354;A01;3;99;0;2;1;9;1;
32464;202200021149;776 352;A01;1;1;0;1;8;1;5;
32465;202200021150;776 351;A01;1;7;0;2;5;1;1;
32466;202200021151;776 348;A01;2;43;0;2;2;1;1;
32467;202200021151;776 349;C01;2;7;0;2;1;1;1;
32468;202200021151;776 350;B01;2;7;0;2;6;16;1;
32469;202200021152;776 347;Z01;2;7;0;1;4;4;1;
32470;202200021153;776 344;A01;0;7;0;2;7;15;0;
32471;202200021153;776 345;B01;0;34;0;2;1;1;1;
32472;202200021153;776 346;C01;0;7;0;2;1;1;1;
32473;202200021154;776 342;A01;2;30;0;0;7;18;1;
32474;202200021155;776 341;A01;1;7;0;2;1;1;1;
32475;202200021155;776 343;B01;2;33;0;2;7;15;1;
32476;202200021156;776 340;A01;2;33;1;0;1;1;1;
32477;202200021157;776 337;A01;1;33;0;2;1;17;1;
32478;202200021157;776 338;B01;1;7;0;2;3;15;1;
32479;202200021158;776 336;A01;0;7;0;2;1;1;1;
32480;202200021158;776 339;B01;1;7;0;2;1;1;0;
32481;202200021159;776 334;A01;1;7;0;2;1;1;1;
32482;202200021159;776 335;B01;3;21;0;0;8;19;1;
32483;202200021160;776 332;B01;2;7;1;0;6;1;1;
32484;202200021160;776 333;A01;2;7;0;2;2;17;1;
32485;202200021161;776 331;A01;1;7;6;0;2;0;1;
32486;202200021162;776 328;A01;1;10;0;2;7;15;1;
32487;202200021162;776 329;B01;1;33;0;2;1;1;1;
32488;202200021163;776 327;A01;1;2;0;2;1;26;1;
32489;202200021163;776 330;B01;2;7;0;9;2;1;1;
32490;202200021164;776 326;A01;3;7;14;0;1;19;1;
32491;202200021165;776 325;A01;0;10;0;1;4;4;1;
32492;202200021166;776 324;A01;3;2;1;1;3;9;1;
32493;202200021167;776 322;B01;1;7;0;2;6;1;1;
32494;202200021167;776 323;A01;2;7;6;2;1;6;1;
32495;202200021168;776 321;A01;1;7;7;0;1;26;1;
32496;202200021169;776 320;A01;2;30;15;0;0;1;1;
32497;202200021170;776 319;A01;2;7;0;5;3;1;1;
32498;202200021172;776 316;A01;1;31;5;0;2;0;1;
32499;202200021173;776 315;B01;1;30;0;2;1;1;1;
32500;202200021173;776 318;A01;0;7;0;2;3;26;0;