;Num_Acc;id_vehicule;num_veh;senc;catv;obs;obsm;choc;manv;motor;occutc
32501;202200021174;776 313;A01;1;33;0;2;1;1;1;
32502;202200021174;776 314;B01;2;3;0;2;8;15;1;
32503;202200021175;776 311;A01;3;33;0;2;1;17;1;
32504;202200021175;776 312;B01;3;7;0;2;3;15;1;
32505;202200021176;776 310;A01;2;10;0;1;3;26;1;
32506;202200021177;776 308;A01;2;2;0;2;1;2;1;
32507;202200021177;776 309;B01;2;10;0;2;4;2;1;
32508;202200021178;776 306;B01;3;1;0;2;0;1;5;
32509;202200021178;776 307;A01;3;7;0;2;0;1;1;
32510;202200021179;776 305;A01;1;7;6;0;1;1;1;
32511;202200021180;776 304;A01;-1;7;0;0;0;1;1;
32512;202200021181;776 302;A01;1;7;0;1;1;15;1;
32513;202200021182;776 301;B01;1;1;0;2;3;15;5;
32514;202200021182;776 303;A01;1;33;8;2;1;17;1;
32515;202200021183;776 298;A01;2;7;0;2;2;23;1;
32516;202200021183;776 299;B01;1;1;0;2;1;5;5;
32517;202200021184;776 297;B01;1;10;0;2;8;15;0;
32518;202200021184;776 300;A01;2;7;0;2;1;2;1;
32519;202200021185;776 296;A01;1;7;8;0;1;1;1;
32520;202200021186;776 295;A01;2;7;0;1;1;15;1;
32521;202200021188;776 293;A01;3;31;0;0;8;1;1;
32522;202200021189;776 289;C01;2;10;0;0;3;1;1;
32523;202200021189;776 291;B01;2;7;0;0;6;1;2;
32524;202200021189;776 292;A01;1;7;0;2;3;13;1;
32525;202200021190;776 290;A01;2;32;0;1;7;1;1;
32526;202200021191;776 287;A01;1;7;0;1;4;4;1;
32527;202200021192;776 284;B01;0;7;9;2;6;1;1;
32528;202200021192;776 288;A01;0;7;0;2;2;1;1;
32529;202200021193;776 285;B01;3;1;0;2;7;1;5;
32530;202200021193;776 286;A01;1;14;0;2;1;1;1;
32531;202200021194;776 282;B01;2;7;0;2;4;1;1;
32532;202200021194;776 283;A01;2;7;0;2;1;1;1;
32533;202200021195;776 280;B01;1;33;0;2;1;1;1;
32534;202200021195;776 281;A01;1;7;0;2;1;10;1;
32535;202200021196;776 279;Z01;1;50;0;1;1;5;3;
32536;202200021197;776 277;B01;1;7;0;2;3;11;2;
32537;202200021197;776 278;A01;1;31;0;2;2;1;1;
32538;202200021198;776 275;A01;2;31;0;2;2;1;1;
32539;202200021198;776 276;Z01;2;7;0;2;3;15;0;
32540;202200021199;776 273;B01;2;30;0;2;3;15;1;
32541;202200021199;776 274;A01;2;30;0;2;5;1;1;
32542;202200021200;776 272;A01;2;7;0;1;1;15;1;
32543;202200021201;776 270;A01;1;7;0;1;7;19;1;
32544;202200021202;776 269;A01;1;7;0;2;7;1;1;
32545;202200021202;776 271;B01;1;7;0;2;1;0;1;
32546;202200021203;776 266;B01;1;32;0;2;2;26;1;
32547;202200021203;776 268;A01;1;10;0;2;3;13;1;
32548;202200021204;776 265;B01;1;33;0;2;7;17;1;
32549;202200021204;776 267;A01;1;7;0;2;3;17;1;
32550;202200021205;776 264;Z01;1;7;0;9;7;16;0;
32551;202200021206;776 262;A01;-1;14;0;2;7;14;0;
32552;202200021206;776 263;B01;-1;7;0;2;3;1;1;
32553;202200021207;776 259;A01;1;38;9;2;4;23;1;1.0
32554;202200021207;776 261;B01;1;37;9;0;4;1;1;1.0
32555;202200021208;776 258;B01;2;1;0;2;1;1;5;
32556;202200021208;776 260;A01;1;7;0;2;3;9;1;
32557;202200021210;776 256;A01;3;7;6;0;1;20;2;
32558;202200021211;776 253;A01;1;7;0;2;3;13;1;
32559;202200021211;776 255;B01;1;31;0;2;7;2;1;
32560;202200021212;776 254;A01;1;7;0;0;2;16;1;
32561;202200021213;776 251;A01;1;7;0;2;0;0;1;
32562;202200021213;776 252;B01;1;33;0;2;0;0;1;
32563;202200021214;776 249;B01;1;1;0;2;9;13;5;
32564;202200021214;776 250;A01;1;37;0;9;7;17;2;1.0
32565;202200021215;776 247;A01;1;7;2;0;3;13;2;
32566;202200021218;776 243;A01;1;7;0;2;1;17;1;
32567;202200021218;776 244;B01;1;7;0;2;8;15;1;
32568;202200021219;776 242;A01;1;7;8;0;0;1;1;
32569;202200021220;776 240;A01;2;7;0;1;3;2;1;
32570;202200021221;776 241;A01;2;3;6;0;1;1;1;
32571;202200021222;776 238;A01;2;7;8;0;0;1;1;
32572;202200021223;776 237;A01;2;7;0;2;2;1;1;
32573;202200021223;776 239;B01;2;60;0;2;1;1;5;
32574;202200021224;776 235;B01;2;15;0;0;4;2;1;
32575;202200021224;776 236;A01;2;10;0;2;1;2;1;
32576;202200021226;776 231;A01;2;7;0;9;2;1;1;
32577;202200021226;776 232;B01;2;1;0;0;6;1;5;
32578;202200021228;776 228;A01;1;2;16;0;9;1;1;
32579;202200021229;776 227;A01;2;14;0;1;1;1;1;
32580;202200021230;776 224;A01;1;14;0;2;7;0;1;
32581;202200021230;776 226;B01;1;31;0;2;3;2;1;
32582;202200021231;776 223;A01;1;7;0;2;3;13;1;
32583;202200021231;776 225;B01;2;7;0;2;3;1;1;
32584;202200021232;776 219;A01;2;7;0;2;3;15;1;
32585;202200021232;776 222;B01;1;1;0;2;7;15;5;
32586;202200021233;776 220;B01;1;33;0;2;1;1;1;
32587;202200021233;776 221;A01;2;33;0;2;1;13;1;
32588;202200021234;776 217;A01;2;7;0;2;4;4;1;
32589;202200021234;776 218;B01;1;31;0;2;1;1;1;
32590;202200021235;776 216;A01;2;7;0;1;3;13;1;
32591;202200021237;776 212;A01;2;7;0;2;1;0;1;
32592;202200021237;776 214;B01;1;7;0;2;1;0;1;
32593;202200021238;776 209;B01;2;33;1;2;1;1;1;
32594;202200021238;776 211;A01;2;7;0;2;5;15;1;
32595;202200021239;776 208;B01;1;7;0;2;1;19;1;
32596;202200021239;776 210;A01;1;33;8;2;8;1;1;
32597;202200021240;776 207;A01;2;7;0;1;3;1;1;
32598;202200021241;776 206;A01;3;7;0;1;3;15;1;
32599;202200021242;776 205;A01;2;2;0;0;0;1;1;
32600;202200021243;776 203;B01;2;7;0;2;3;15;1;
32601;202200021243;776 204;A01;2;33;0;2;7;17;1;
32602;202200021244;776 200;C01;1;10;0;2;1;1;1;
32603;202200021244;776 201;B01;1;10;0;2;3;1;1;
32604;202200021244;776 202;A01;2;7;0;2;3;13;1;
32605;202200021245;776 198;A01;2;7;0;0;1;21;1;
32606;202200021246;776 197;A01;1;7;0;2;1;26;1;
32607;202200021246;776 199;B01;2;7;0;2;1;1;2;
32608;202200021247;776 194;A01;1;15;3;0;2;1;1;
32609;202200021248;776 195;B01;1;7;0;2;3;15;1;
32610;202200021248;776 196;A01;2;1;0;2;2;1;5;
32611;202200021251;776 191;A01;1;31;13;0;3;14;1;
32612;202200021252;776 188;B01;1;1;0;2;1;15;5;
32613;202200021252;776 190;A01;2;7;0;2;7;15;1;
32614;202200021253;776 187;A01;1;7;0;2;2;9;1;
32615;202200021253;776 189;B01;2;33;0;0;7;1;1;
32616;202200021254;776 186;A01;0;1;0;0;0;0;5;
32617;202200021255;776 184;B01;1;37;0;2;1;1;1;1.0
32618;202200021255;776 185;A01;2;30;0;2;1;1;1;
32619;202200021256;776 183;A01;2;7;2;0;3;1;3;
32620;202200021257;776 181;A01;2;7;16;0;7;1;1;
32621;202200021258;776 180;B01;2;7;0;2;1;1;1;
32622;202200021258;776 182;A01;1;50;0;2;1;9;3;
32623;202200021259;776 179;A01;2;33;13;0;1;1;1;
32624;202200021260;776 177;A01;1;7;0;2;3;15;1;
32625;202200021260;776 178;B01;1;33;0;2;1;17;1;
32626;202200021261;776 176;A01;1;7;6;0;1;14;1;
32627;202200021262;776 173;B01;2;7;0;0;7;15;1;
32628;202200021262;776 175;A01;1;37;0;2;1;1;1;1.0
32629;202200021263;776 172;A01;3;1;0;2;1;5;5;
32630;202200021263;776 174;B01;3;33;0;9;1;1;1;
32631;202200021264;776 171;A01;3;7;0;0;7;15;1;
32632;202200021265;776 169;B01;0;7;0;2;3;1;1;
32633;202200021265;776 170;A01;0;32;0;2;1;17;1;
32634;202200021266;776 167;A01;2;33;0;0;7;9;1;
32635;202200021267;776 165;A01;3;33;0;0;0;1;1;
32636;202200021268;776 164;A01;3;7;1;0;1;25;1;
32637;202200021269;776 161;B01;2;33;0;2;1;1;1;
32638;202200021269;776 162;A01;1;7;0;2;8;15;2;
32639;202200021270;776 160;A01;3;7;0;2;3;5;1;
32640;202200021270;776 163;B01;3;7;0;2;3;2;1;
32641;202200021271;776 159;A01;3;1;0;1;1;18;5;
32642;202200021272;776 158;A01;1;31;13;0;0;1;1;
32643;202200021273;776 156;A01;0;33;15;0;7;14;1;
32644;202200021274;776 155;B01;1;2;0;2;6;1;1;
32645;202200021274;776 157;A01;1;7;0;2;3;11;1;
32646;202200021275;776 153;A01;1;7;0;2;1;17;1;
32647;202200021275;776 154;B01;2;7;0;2;1;1;1;
32648;202200021276;776 151;B01;2;7;0;2;8;1;1;
32649;202200021276;776 152;A01;1;33;0;2;8;17;1;
32650;202200021278;776 148;A01;2;7;0;0;4;1;3;
32651;202200021278;776 150;B01;2;7;0;2;1;2;1;
32652;202200021279;776 147;A01;1;7;0;1;2;1;1;
32653;202200021281;776 141;B01;2;99;0;2;1;16;5;
32654;202200021281;776 142;A01;3;7;0;1;2;15;1;
32655;202200021282;776 139;B01;2;2;0;2;1;1;1;
32656;202200021282;776 140;A01;3;7;0;2;3;16;1;
32657;202200021283;776 138;A01;1;3;0;1;3;1;1;
32658;202200021284;776 136;B01;1;33;0;2;1;17;1;
32659;202200021284;776 137;A01;1;7;0;2;6;15;1;
32660;202200021285;776 135;A01;1;33;5;0;8;1;1;
32661;202200021286;776 133;A01;-1;33;0;0;0;23;1;
32662;202200021286;776 134;B01;-1;7;0;0;0;21;1;
32663;202200021287;776 131;A01;3;1;0;2;1;1;5;
32664;202200021287;776 132;B01;0;7;0;9;1;15;1;
32665;202200021288;776 127;B01;2;7;0;2;8;15;1;
32666;202200021288;776 128;A01;2;33;15;2;7;17;1;
32667;202200021289;776 125;A01;1;31;0;2;1;17;1;
32668;202200021289;776 126;B01;2;21;0;2;3;1;1;
32669;202200021290;776 123;A01;1;7;0;0;3;15;1;
32670;202200021290;776 124;B01;2;33;0;2;9;1;1;
32671;202200021291;776 122;A01;1;7;0;0;9;1;1;
32672;202200021292;776 121;A01;2;7;2;0;1;0;1;
32673;202200021294;776 119;A01;1;2;11;0;0;6;1;
32674;202200021295;776 117;B01;1;31;0;0;4;15;1;
32675;202200021295;776 118;A01;1;7;0;0;3;1;1;
32676;202200021296;776 115;A01;0;7;0;2;1;21;1;
32677;202200021296;776 116;B01;0;7;0;2;1;24;1;
32678;202200021297;776 113;B01;2;7;0;2;3;2;1;
32679;202200021297;776 114;A01;2;2;0;2;8;13;1;
32680;202200021298;776 111;A01;0;7;0;2;3;1;1;
32681;202200021298;776 112;B01;0;7;0;2;1;15;1;
32682;202200021299;776 110;A01;3;31;2;0;1;1;3;
32683;202200021300;776 109;A01;2;7;2;0;1;13;1;
32684;202200021301;776 108;A01;1;7;3;0;2;21;1;
32685;202200021302;776 107;A01;1;7;13;0;9;13;1;
32686;202200021303;776 105;B01;1;20;0;0;4;1;1;
32687;202200021303;776 106;A01;1;10;0;2;1;1;1;
32688;202200021304;776 101;B01;2;7;12;2;1;1;1;
32689;202200021304;776 103;A01;0;7;0;2;2;19;1;
32690;202200021306;776 098;A01;1;14;13;0;7;14;1;
32691;202200021307;776 094;B01;1;33;0;2;1;1;1;
32692;202200021307;776 095;A01;2;7;0;2;5;15;1;
32693;202200021308;776 092;A01;2;7;0;2;1;1;1;
32694;202200021308;776 093;B01;2;7;0;2;4;0;1;
32695;202200021308;776 096;C01;2;7;0;0;4;1;1;
32696;202200021308;776 097;D01;2;7;0;2;4;1;1;
32697;202200021309;776 089;B01;1;10;0;2;3;1;1;
32698;202200021309;776 091;A01;1;7;3;2;5;17;1;
32699;202200021310;776 087;B01;2;7;0;2;1;1;1;
32700;202200021310;776 088;C01;2;7;0;2;3;2;1;
32701;202200021310;776 090;Z01;2;7;16;0;5;23;1;
32702;202200021311;776 084;A01;2;7;3;0;3;0;1;
32703;202200021312;776 083;C01;1;17;0;2;1;1;1;
32704;202200021312;776 085;B01;1;7;0;2;4;1;1;
32705;202200021312;776 086;A01;1;7;0;0;4;15;1;
32706;202200021313;776 082;A01;1;33;0;0;0;16;1;
32707;202200021314;776 081;A01;2;15;6;0;7;14;1;
32708;202200021315;776 079;A01;3;33;0;0;2;1;1;
32709;202200021316;776 078;A01;2;7;0;2;1;2;1;
32710;202200021316;776 080;B01;2;7;0;2;4;2;2;
32711;202200021317;776 074;A01;1;17;1;0;2;1;1;
32712;202200021317;776 076;B01;1;17;0;2;8;23;1;
32713;202200021318;776 075;B01;1;32;0;2;3;3;1;
32714;202200021318;776 077;A01;1;7;0;2;5;12;1;
32715;202200021319;776 072;A01;1;7;0;0;9;0;1;
32716;202200021320;776 071;A01;2;7;1;0;1;14;1;
32717;202200021320;776 073;B01;2;7;0;2;4;23;1;
32718;202200021321;776 070;A01;2;7;13;0;9;1;1;
32719;202200021323;776 067;B01;2;33;0;2;1;1;1;
32720;202200021323;776 069;A01;2;7;0;2;5;12;1;
32721;202200021324;776 065;A01;3;7;0;1;4;4;1;
32722;202200021325;776 064;B01;2;33;0;2;6;3;1;
32723;202200021325;776 066;A01;2;7;0;2;7;12;1;
32724;202200021326;776 063;A01;2;2;6;0;1;0;0;
32725;202200021327;776 061;A01;3;7;13;0;0;1;1;
32726;202200021328;776 060;B01;2;7;0;2;3;2;1;
32727;202200021328;776 062;A01;2;7;0;2;2;1;1;
32728;202200021329;776 057;B01;1;7;0;2;2;17;1;
32729;202200021329;776 059;A01;1;7;0;2;3;11;0;
32730;202200021330;776 056;B01;1;33;0;2;1;3;1;
32731;202200021330;776 058;A01;1;7;0;2;7;12;1;
32732;202200021331;776 054;A01;2;33;0;0;0;0;1;
32733;202200021332;776 053;B01;1;7;0;0;1;1;1;
32734;202200021332;776 055;A01;2;7;0;2;1;1;1;
32735;202200021333;776 052;A01;3;33;17;0;1;1;1;
32736;202200021334;776 048;B01;2;60;0;2;1;1;5;
32737;202200021334;776 049;A01;2;7;0;2;0;16;1;
32738;202200021335;776 045;A01;2;7;0;2;8;10;1;
32739;202200021335;776 046;B01;2;33;0;2;1;8;1;
32740;202200021336;776 044;A01;3;7;0;1;1;1;1;
32741;202200021337;776 041;A01;2;1;0;2;3;19;5;
32742;202200021337;776 043;B01;1;7;0;2;1;16;0;
32743;202200021338;776 040;B01;1;31;0;2;1;0;1;
32744;202200021338;776 042;A01;2;7;0;2;0;13;0;
32745;202200021339;776 039;A01;2;1;0;5;1;21;5;
32746;202200021340;776 037;B01;2;7;12;2;3;21;1;
32747;202200021340;776 038;A01;1;7;16;2;3;1;1;
32748;202200021341;776 035;A01;1;7;0;0;6;15;1;
32749;202200021341;776 036;B01;1;33;0;2;1;0;1;
32750;202200021342;776 032;B01;1;3;0;2;2;26;1;
32751;202200021342;776 034;A01;2;99;0;2;0;0;0;
32752;202200021343;776 029;A01;0;7;0;2;4;2;1;
32753;202200021343;776 030;B01;0;10;0;2;4;1;1;
32754;202200021343;776 031;C01;0;7;0;2;4;1;1;
32755;202200021343;776 033;D01;0;7;0;2;1;1;1;
32756;202200021344;776 024;A01;1;7;0;2;6;1;1;
32757;202200021344;776 026;B01;1;7;0;2;6;0;1;
32758;202200021344;776 028;C01;1;7;0;2;7;1;1;
32759;202200021345;776 022;A01;1;7;0;2;4;1;1;
32760;202200021345;776 023;B01;1;7;0;2;1;1;1;
32761;202200021345;776 025;C01;1;7;0;2;1;1;1;
32762;202200021345;776 027;D01;1;7;0;2;1;1;1;
32763;202200021346;776 019;A01;2;7;0;2;7;12;1;
32764;202200021346;776 021;B01;2;33;0;2;3;3;1;
32765;202200021347;776 018;A01;3;7;0;0;3;1;1;
32766;202200021347;776 020;B01;1;32;0;2;7;1;1;
32767;202200021348;776 016;A01;1;33;0;2;3;3;1;
32768;202200021348;776 017;B01;1;10;0;2;2;12;1;
32769;202200021349;776 012;A01;1;7;0;2;1;2;1;
32770;202200021349;776 014;B01;1;7;0;2;4;2;1;
32771;202200021350;776 013;B01;1;33;0;2;1;1;1;
32772;202200021350;776 015;A01;2;7;0;0;7;15;1;
32773;202200021351;776 011;A01;1;33;4;2;8;1;1;
32774;202200021352;776 010;A01;2;7;0;1;2;1;1;
32775;202200021353;776 007;C01;2;7;4;2;4;1;1;
32776;202200021353;776 008;B01;2;33;4;2;4;1;1;
32777;202200021353;776 009;A01;2;33;4;2;1;1;1;
32778;202200021354;776 006;A01;1;7;13;0;1;1;1;
32779;202200021355;776 003;B01;1;33;0;2;3;3;1;
32780;202200021355;776 005;A01;1;7;0;2;5;12;1;
32781;202200021357;775 999;A01;2;7;0;2;8;26;1;
32782;202200021357;776 000;Z01;2;7;0;2;0;26;0;
32783;202200021357;776 002;B01;2;7;0;2;7;26;1;
32784;202200021358;775 998;A01;2;7;8;1;1;6;1;
32785;202200021359;775 996;B01;2;7;0;2;4;2;1;
32786;202200021359;775 997;A01;2;33;0;2;1;2;1;
32787;202200021360;775 995;A01;3;7;9;0;1;6;1;
32788;202200021361;775 993;B01;1;33;0;2;1;2;1;
32789;202200021361;775 994;A01;1;7;0;2;4;2;1;
32790;202200021362;775 992;A01;2;33;12;0;2;2;1;
32791;202200021363;775 990;A01;2;31;1;0;7;14;1;
32792;202200021363;775 991;B01;2;13;0;2;8;23;1;
32793;202200021364;775 988;A01;2;7;0;1;1;1;1;
32794;202200021366;775 986;A01;1;7;0;1;1;19;1;
32795;202200021368;775 984;A01;1;7;7;0;1;14;1;
32796;202200021369;775 983;A01;2;7;0;1;1;1;1;
32797;202200021370;775 980;A01;1;7;3;0;7;1;1;
32798;202200021371;775 979;C01;2;7;0;2;1;2;1;
32799;202200021371;775 981;A01;1;7;0;2;1;13;1;
32800;202200021371;775 982;B01;2;7;0;2;1;1;1;
32801;202200021372;775 978;A01;3;38;0;2;2;11;1;1.0
32802;202200021373;775 976;A01;1;7;0;2;3;9;1;
32803;202200021373;775 977;B01;2;33;0;2;1;1;1;
32804;202200021374;775 974;A01;1;7;0;2;0;0;1;
32805;202200021374;775 975;B01;1;1;0;2;0;11;0;
32806;202200021375;775 973;A01;1;7;0;0;9;14;1;
32807;202200021376;775 972;A01;1;33;0;1;1;1;1;
32808;202200021377;775 970;B01;2;7;0;2;3;1;1;
32809;202200021377;775 971;A01;1;7;14;2;3;16;1;
32810;202200021378;775 969;A01;3;7;0;1;3;1;1;
32811;202200021379;775 967;B01;2;33;0;0;7;21;1;
32812;202200021380;775 966;B01;2;37;0;2;1;1;6;4.0
32813;202200021380;775 968;A01;2;7;0;2;8;10;1;
32814;202200021381;775 965;A01;3;7;2;0;1;1;1;
32815;202200021382;775 962;A01;2;33;0;2;1;15;1;
32816;202200021382;775 963;B01;1;2;0;2;1;1;1;
32817;202200021382;775 964;C01;1;7;0;2;1;1;1;
32818;202200021383;775 961;A01;0;7;0;1;1;25;0;
32819;202200021384;775 959;A01;1;50;0;2;3;1;3;
32820;202200021384;775 960;B01;1;7;0;9;3;1;1;
32821;202200021385;775 958;A01;1;7;15;1;9;1;1;
32822;202200021386;775 957;A01;0;7;0;2;1;1;1;
32823;202200021387;775 955;B01;3;7;0;2;3;1;1;
32824;202200021387;775 956;A01;3;30;0;2;1;1;1;
32825;202200021388;775 954;A01;3;7;6;0;2;1;1;
32826;202200021389;775 953;A01;0;1;1;0;1;14;5;
32827;202200021390;775 951;B01;1;34;0;2;2;3;1;
32828;202200021390;775 952;A01;1;7;0;2;3;15;2;
32829;202200021391;775 949;A01;1;10;0;2;2;0;1;
32830;202200021391;775 950;B01;1;50;0;2;3;1;3;
32831;202200021392;775 947;B01;2;7;0;2;1;2;1;
32832;202200021392;775 948;A01;2;7;0;2;4;23;1;
32833;202200021394;775 941;B01;3;10;0;2;2;1;1;
32834;202200021394;775 942;Y01;3;7;0;2;6;16;1;
32835;202200021395;775 940;A01;1;7;11;0;1;1;1;
32836;202200021396;775 937;A01;1;7;2;2;1;2;1;
32837;202200021396;775 938;B01;1;1;0;2;4;2;5;
32838;202200021396;775 939;C01;1;7;0;2;6;2;1;
32839;202200021397;775 935;B01;1;7;0;2;2;12;1;
32840;202200021397;775 936;A01;1;34;0;2;8;3;1;
32841;202200021398;775 933;B01;2;33;0;2;8;3;1;
32842;202200021398;775 934;A01;2;7;0;2;7;12;1;
32843;202200021399;775 931;A01;1;7;0;2;1;16;1;
32844;202200021399;775 932;B01;3;50;0;2;8;19;3;
32845;202200021400;775 929;ZZ01;3;7;0;2;4;23;0;
32846;202200021400;775 930;Z01;2;7;1;1;1;1;1;
32847;202200021401;775 928;A01;1;80;0;1;7;1;3;
32848;202200021402;775 926;A01;1;7;0;2;1;10;2;
32849;202200021402;775 927;B01;1;1;0;2;1;1;5;
32850;202200021403;775 925;A01;2;30;0;1;8;1;1;
32851;202200021404;775 924;A01;2;7;0;1;1;19;1;
32852;202200021405;775 922;B01;3;31;0;2;1;1;1;
32853;202200021405;775 923;A01;3;7;0;2;3;15;1;
32854;202200021406;775 920;B01;2;10;0;2;1;17;1;
32855;202200021406;775 921;A01;1;7;0;2;1;17;1;
32856;202200021407;775 919;A01;1;7;1;0;1;0;0;
32857;202200021408;775 918;A01;0;3;0;1;3;15;1;
32858;202200021409;775 916;B01;2;30;0;2;1;1;1;
32859;202200021409;775 917;A01;2;7;0;2;3;10;1;
32860;202200021410;775 914;A01;1;7;0;2;3;1;1;
32861;202200021410;775 915;B01;2;2;0;2;1;13;1;
32862;202200021411;775 912;B01;2;30;0;2;1;0;1;
32863;202200021411;775 913;A01;1;7;0;2;7;15;1;
32864;202200021412;775 911;A01;1;33;0;0;0;1;1;
32865;202200021413;775 909;A01;2;7;0;2;1;14;1;
32866;202200021413;775 910;B01;1;7;0;2;1;1;1;
32867;202200021414;775 907;A01;1;7;0;2;8;10;1;
32868;202200021414;775 908;B01;1;33;0;2;0;17;0;
32869;202200021415;775 906;A01;2;7;2;0;3;1;1;
32870;202200021416;775 904;A01;2;10;0;2;3;0;1;
32871;202200021416;775 905;B01;1;7;0;2;3;0;1;
32872;202200021417;775 900;A01;1;7;0;2;3;15;1;
32873;202200021417;775 901;B01;2;7;0;2;1;1;1;
32874;202200021417;775 902;C01;1;33;0;2;1;1;1;
32875;202200021418;775 898;A01;2;7;0;2;1;1;1;
32876;202200021418;775 899;B01;2;7;0;2;8;1;1;
32877;202200021420;775 894;A01;2;33;0;2;8;13;1;
32878;202200021420;775 895;B01;1;7;0;2;8;1;1;
32879;202200021420;775 896;C01;1;7;0;2;3;2;1;
32880;202200021421;775 893;A01;2;1;9;0;3;1;5;
32881;202200021422;775 891;A01;2;7;0;9;2;2;1;
32882;202200021422;775 892;B01;2;1;0;0;4;2;5;
32883;202200021423;775 889;B01;0;1;0;2;1;1;5;
32884;202200021423;775 890;A01;0;7;0;9;2;15;1;
32885;202200021424;775 887;B01;2;7;0;0;6;1;1;
32886;202200021424;775 888;A01;2;33;0;2;1;17;1;
32887;202200021425;775 886;A01;3;36;13;0;9;1;1;
32888;202200021426;775 885;A01;2;33;13;0;9;1;1;
32889;202200021427;775 883;B01;1;7;0;2;8;15;1;
32890;202200021427;775 884;A01;1;33;0;2;2;1;1;
32891;202200021428;775 881;B01;2;7;0;2;1;1;1;
32892;202200021428;775 882;A01;1;7;0;2;1;15;1;
32893;202200021429;775 880;A01;2;7;2;0;2;1;1;
32894;202200021430;775 879;A01;1;33;7;0;1;0;1;
32895;202200021431;775 877;A01;1;7;0;9;1;1;1;
32896;202200021431;775 878;B01;1;1;0;2;1;5;5;
32897;202200021432;775 876;A01;2;1;0;0;0;1;5;
32898;202200021433;775 875;A01;3;7;1;1;1;20;1;
32899;202200021434;775 873;A01;1;17;0;2;4;4;1;
32900;202200021434;775 874;B01;1;7;0;2;1;23;1;
32901;202200021435;775 871;B01;1;17;0;2;1;0;1;
32902;202200021435;775 872;A01;2;7;0;2;1;13;1;
32903;202200021436;775 870;A01;1;7;3;0;1;14;1;
32904;202200021437;775 869;A01;1;33;3;0;3;2;1;
32905;202200021438;775 868;A01;2;10;2;0;1;14;1;
32906;202200021439;775 866;A01;3;7;0;2;8;19;1;
32907;202200021439;775 867;B01;3;7;0;2;1;1;1;
32908;202200021440;775 864;B01;2;34;0;0;3;1;1;
32909;202200021440;775 865;A01;1;33;0;2;3;21;1;
32910;202200021441;775 863;A01;-1;2;0;0;3;0;1;
32911;202200021442;775 862;A01;2;7;13;0;3;21;1;
32912;202200021443;775 860;B01;1;33;8;2;1;1;1;
32913;202200021443;775 861;A01;2;3;0;2;3;15;1;
32914;202200021444;775 858;B01;2;33;0;2;1;1;1;
32915;202200021444;775 859;A01;2;7;0;2;8;19;1;
32916;202200021445;775 856;A01;2;7;0;2;1;1;1;
32917;202200021445;775 857;B01;3;7;0;2;6;26;1;
32918;202200021446;775 855;A01;1;7;13;0;9;13;1;
32919;202200021447;775 854;A01;1;33;12;0;2;1;1;
32920;202200021448;775 853;A01;3;7;0;1;2;0;0;
32921;202200021449;775 852;A01;3;7;0;1;2;1;3;
32922;202200021450;775 851;A01;2;7;3;0;1;0;1;
32923;202200021451;775 849;B01;2;7;0;2;3;11;1;
32924;202200021451;775 850;A01;2;7;0;2;2;1;1;
32925;202200021452;775 847;A01;2;33;0;2;8;3;1;
32926;202200021452;775 848;B01;2;7;0;2;5;1;1;
32927;202200021453;775 845;A01;1;7;0;2;1;2;1;
32928;202200021453;775 846;B01;1;7;0;2;4;1;1;
32929;202200021454;775 843;B01;1;7;4;0;4;2;1;
32930;202200021454;775 844;A01;1;10;0;2;1;2;1;
32931;202200021455;775 842;A01;1;7;4;0;9;1;1;
32932;202200021456;775 839;A01;1;7;0;2;1;2;1;
32933;202200021456;775 840;B01;1;7;0;2;4;2;1;
32934;202200021456;775 841;C01;1;7;0;2;4;2;1;
32935;202200021457;775 836;A01;1;7;1;0;3;14;1;
32936;202200021457;775 837;C01;1;99;0;2;6;24;1;
32937;202200021457;775 838;B01;1;7;0;2;5;23;1;
32938;202200021459;775 833;A01;0;7;0;1;0;0;-1;
32939;202200021462;775 821;B01;3;7;0;2;1;19;1;
32940;202200021462;775 822;A01;3;7;0;2;2;19;1;
32941;202200021463;775 818;A01;2;7;0;2;1;2;1;
32942;202200021463;775 819;B01;2;7;0;2;9;11;1;
32943;202200021463;775 820;C01;2;7;0;2;6;0;1;
32944;202200021464;775 816;A01;2;37;0;9;6;26;1;1.0
32945;202200021464;775 817;B01;1;33;0;2;2;26;0;
32946;202200021465;775 813;C01;2;7;0;2;3;1;1;
32947;202200021465;775 814;B01;2;7;0;2;8;1;1;
32948;202200021465;775 815;A01;1;7;0;2;1;13;1;
32949;202200021466;775 808;E01;3;7;0;2;4;0;1;
32950;202200021466;775 809;D01;3;7;0;2;4;0;1;
32951;202200021466;775 810;C01;3;7;0;2;4;0;1;
32952;202200021466;775 811;B01;3;7;0;2;4;0;1;
32953;202200021466;775 812;A01;3;10;0;2;1;26;1;
32954;202200021467;775 806;A01;2;33;0;2;1;1;1;
32955;202200021467;775 807;B01;0;10;0;2;8;15;0;
32956;202200021468;775 801;A01;2;7;0;2;3;0;1;
32957;202200021469;775 799;A01;2;7;0;2;4;1;1;
32958;202200021469;775 800;B01;2;2;0;2;1;2;1;
32959;202200021470;775 797;A01;2;7;0;2;3;15;1;
32960;202200021470;775 798;B01;2;31;0;2;1;15;1;