;Num_Acc;id_vehicule;num_veh;senc;catv;obs;obsm;choc;manv;motor;occutc
32961;202200021471;775 796;A01;1;33;8;0;0;26;1;
32962;202200021472;775 792;B01;3;33;0;2;4;1;1;
32963;202200021472;775 793;A01;3;7;0;2;4;16;0;
32964;202200021473;775 790;B01;2;7;0;2;4;2;1;
32965;202200021473;775 791;A01;2;13;0;2;1;2;1;
32966;202200021474;775 788;B01;2;7;0;2;1;9;1;
32967;202200021474;775 789;A01;2;7;0;2;2;1;1;
32968;202200021475;775 786;A01;1;7;14;2;1;13;1;
32969;202200021475;775 787;B01;2;7;0;2;1;1;1;
32970;202200021476;775 785;A01;1;7;15;0;1;6;0;
32971;202200021477;775 783;B01;3;7;0;2;3;15;1;
32972;202200021477;775 784;A01;2;7;0;2;1;1;1;
32973;202200021478;775 781;A01;1;1;0;0;0;0;5;
32974;202200021478;775 782;B01;1;7;0;0;0;0;1;
32975;202200021479;775 778;A01;1;7;0;2;1;5;1;
32976;202200021479;775 779;B01;1;7;0;2;1;1;1;
32977;202200021479;775 780;C01;1;7;0;2;1;1;1;
32978;202200021480;775 776;B01;2;50;0;2;1;1;3;
32979;202200021480;775 777;A01;1;7;0;9;1;9;1;
32980;202200021482;775 773;B01;1;7;0;2;3;2;1;
32981;202200021482;775 774;A01;1;7;0;2;2;12;1;
32982;202200021483;775 771;A01;0;7;0;2;4;4;1;
32983;202200021483;775 772;B01;3;7;0;2;1;23;2;
32984;202200021484;775 770;A01;1;7;0;1;2;16;2;
32985;202200021485;775 768;B01;2;7;4;2;2;1;1;
32986;202200021485;775 769;A01;2;7;0;2;9;1;1;
32987;202200021486;775 767;A01;1;33;0;0;8;1;1;
32988;202200021487;775 765;B01;2;7;1;0;5;20;1;
32989;202200021487;775 766;A01;2;31;0;2;1;18;1;
32990;202200021488;775 764;A01;2;33;13;0;0;1;1;
32991;202200021489;775 763;A01;3;50;0;0;0;1;3;
32992;202200021491;775 759;B01;0;7;0;2;3;1;1;
32993;202200021491;775 760;A01;0;2;0;2;3;6;1;
32994;202200021492;775 757;B01;0;30;0;2;1;1;1;
32995;202200021492;775 758;A01;0;7;0;2;0;15;1;
32996;202200021493;775 756;Z01;3;99;0;1;2;1;0;
32997;202200021494;775 755;A01;0;30;9;0;2;26;1;
32998;202200021495;775 754;A01;2;1;0;0;0;2;5;
32999;202200021496;775 753;A01;0;7;1;0;1;14;1;
33000;202200021497;775 752;A01;2;7;0;1;3;0;2;
33001;202200021498;775 750;A01;0;7;8;0;1;14;1;
33002;202200021500;775 747;A01;0;7;0;1;1;1;1;
33003;202200021502;775 744;A01;3;7;0;1;3;15;1;
33004;202200021503;775 743;A01;3;10;0;2;1;2;1;
33005;202200021503;775 745;B01;3;7;0;2;4;2;1;
33006;202200021505;775 739;B01;3;43;0;2;7;15;1;
33007;202200021505;775 741;A01;1;10;0;2;3;18;1;
33008;202200021506;775 737;A01;2;1;0;2;1;5;5;
33009;202200021506;775 738;B01;1;7;0;2;1;16;1;
33010;202200021507;775 735;B01;2;80;0;2;1;1;3;
33011;202200021507;775 736;A01;2;1;0;2;8;9;5;
33012;202200021508;775 733;B01;2;7;0;2;8;24;2;
33013;202200021508;775 734;A01;2;7;1;2;2;1;1;
33014;202200021509;775 732;A01;1;33;0;1;2;1;1;
33015;202200021510;775 728;B01;0;7;0;2;1;26;1;
33016;202200021510;775 731;A01;0;7;0;2;2;26;1;
33017;202200021511;775 727;C01;0;31;0;0;0;0;1;
33018;202200021511;775 729;B01;0;33;0;0;0;0;1;
33019;202200021511;775 730;A01;0;10;0;0;0;0;1;
33020;202200021512;775 725;B01;1;1;9;0;1;1;5;
33021;202200021513;775 724;A01;1;7;0;2;2;11;1;
33022;202200021513;775 726;B01;1;2;0;2;1;1;0;
33023;202200021514;775 723;A01;1;7;0;1;1;1;1;
33024;202200021515;775 722;A01;3;7;15;0;1;14;1;
33025;202200021516;775 720;A01;2;7;0;5;1;1;1;
33026;202200021517;775 719;A01;1;10;13;0;1;0;1;
33027;202200021517;775 721;B01;1;17;0;0;4;1;1;
33028;202200021518;775 717;A01;1;2;0;1;1;1;1;
33029;202200021519;775 716;A01;1;7;0;2;3;15;1;
33030;202200021519;775 718;B01;1;7;0;2;8;1;1;
33031;202200021520;775 715;A01;1;7;7;0;1;1;1;
33032;202200021521;775 713;A01;3;7;1;0;1;15;1;
33033;202200021522;775 710;A01;1;7;2;0;1;13;1;
33034;202200021523;775 711;A01;2;7;0;2;1;1;1;
33035;202200021523;775 712;B01;2;7;0;2;6;11;1;
33036;202200021523;775 714;C01;1;7;0;2;1;1;1;
33037;202200021524;775 707;A01;2;7;3;2;1;2;1;
33038;202200021524;775 709;B01;2;17;0;2;5;1;1;
33039;202200021525;775 708;A01;1;7;2;0;1;1;1;
33040;202200021526;775 705;B01;0;1;3;2;5;2;5;
33041;202200021526;775 706;A01;0;7;0;9;2;2;1;
33042;202200021527;775 703;A01;3;7;0;9;3;1;1;
33043;202200021527;775 704;B01;3;0;0;2;1;19;5;
33044;202200021528;775 701;A01;2;7;0;2;1;2;1;
33045;202200021528;775 702;B01;2;7;0;0;4;2;1;
33046;202200021529;775 700;A01;1;7;0;1;2;1;1;
33047;202200021530;775 699;A01;1;17;8;0;2;1;1;
33048;202200021531;775 697;A01;3;7;1;1;2;4;1;
33049;202200021532;775 696;B01;1;1;0;2;5;2;5;
33050;202200021532;775 698;A01;1;7;0;2;2;12;1;
33051;202200021533;775 693;A01;3;7;0;2;7;15;1;
33052;202200021533;775 695;B01;3;33;0;2;1;1;1;
33053;202200021534;775 692;B01;1;80;0;2;1;1;3;
33054;202200021534;775 694;A01;1;7;0;2;5;9;1;
33055;202200021535;775 689;A01;1;7;0;0;8;15;1;
33056;202200021535;775 691;B01;1;10;0;2;2;17;0;
33057;202200021536;775 688;B01;2;50;0;2;7;19;3;
33058;202200021536;775 690;A01;1;7;0;2;1;15;1;
33059;202200021537;775 686;A01;1;2;0;2;1;2;1;
33060;202200021537;775 687;B01;1;21;0;0;4;2;1;
33061;202200021538;775 684;B01;1;31;0;2;1;18;1;
33062;202200021538;775 685;A01;2;7;0;2;5;15;1;
33063;202200021539;775 683;A01;0;10;8;0;1;16;1;
33064;202200021540;775 680;A01;2;2;0;2;1;1;1;
33065;202200021540;775 682;B01;3;7;0;2;3;19;1;
33066;202200021541;775 679;A01;2;7;0;2;1;1;1;
33067;202200021541;775 681;B01;1;50;0;2;0;1;3;
33068;202200021542;775 678;A01;2;7;8;0;1;1;1;
33069;202200021543;775 676;A01;2;10;6;0;2;0;1;
33070;202200021544;775 675;B01;2;50;0;2;1;1;3;
33071;202200021544;775 677;A01;1;7;0;2;1;15;1;
33072;202200021545;775 672;A01;2;7;0;2;1;17;1;
33073;202200021545;775 674;B01;2;7;0;2;1;1;1;
33074;202200021546;775 671;A01;0;33;0;2;1;1;0;
33075;202200021546;775 673;B01;0;7;0;0;0;0;1;
33076;202200021547;775 670;A01;1;7;6;0;3;1;1;
33077;202200021548;775 667;A01;1;7;13;0;7;1;1;
33078;202200021550;775 666;A01;2;33;0;0;0;0;1;
33079;202200021551;775 664;B01;2;1;0;2;4;1;5;
33080;202200021551;775 665;A01;2;7;0;2;2;2;1;
33081;202200021552;775 663;A01;1;7;0;1;3;1;1;
33082;202200021553;775 662;A01;3;33;12;0;1;1;0;
33083;202200021554;775 660;B01;1;7;0;2;3;19;1;
33084;202200021554;775 661;A01;1;33;0;2;1;1;1;
33085;202200021555;775 659;A01;2;7;0;1;0;9;0;
33086;202200021556;775 657;A01;2;7;0;2;3;13;1;
33087;202200021556;775 658;B01;1;15;0;2;6;21;1;
33088;202200021557;775 654;A01;3;7;0;2;4;9;1;
33089;202200021557;775 656;B01;3;7;0;2;1;1;1;
33090;202200021558;775 653;B01;2;7;0;0;6;1;1;
33091;202200021558;775 655;A01;2;2;0;2;1;2;1;
33092;202200021559;775 651;A01;1;7;0;2;3;15;1;
33093;202200021559;775 652;B01;2;32;0;2;1;2;1;
33094;202200021560;775 649;B01;1;7;0;2;1;1;1;
33095;202200021560;775 650;A01;2;7;0;2;1;1;1;
33096;202200021561;775 644;A01;3;7;0;2;2;17;1;
33097;202200021561;775 646;B01;3;7;0;2;3;20;1;
33098;202200021561;775 648;C01;3;7;1;2;3;24;1;
33099;202200021562;775 641;A01;3;7;0;2;8;19;1;
33100;202200021562;775 643;B01;1;33;0;2;1;1;1;
33101;202200021563;775 639;A01;2;33;0;2;1;2;1;
33102;202200021563;775 640;B01;2;7;0;2;3;2;1;
33103;202200021564;775 638;B01;0;38;0;2;4;24;1;9.0
33104;202200021564;775 642;A01;0;15;0;2;1;2;0;
33105;202200021565;775 636;A01;3;7;0;9;3;1;1;
33106;202200021565;775 637;B01;3;1;0;2;3;1;5;
33107;202200021566;775 634;A01;2;7;0;2;1;13;1;
33108;202200021566;775 635;B01;1;7;0;2;2;21;1;
33109;202200021567;775 632;B01;2;31;0;2;1;15;1;
33110;202200021567;775 633;A01;1;7;0;2;1;1;1;
33111;202200021568;775 630;A01;1;33;0;2;1;1;1;
33112;202200021568;775 631;B01;1;7;0;2;6;1;1;
33113;202200021569;775 629;A01;1;2;0;0;1;1;1;
33114;202200021571;775 627;B01;1;7;0;2;4;2;1;
33115;202200021571;775 628;A01;1;7;0;2;1;2;1;
33116;202200021572;775 625;A01;2;7;2;0;7;14;1;
33117;202200021573;775 624;A01;0;7;0;1;1;16;1;
33118;202200021574;775 623;A01;1;33;0;0;0;17;1;
33119;202200021575;775 620;A01;1;33;0;2;1;3;1;
33120;202200021575;775 622;B01;1;7;0;2;2;12;1;
33121;202200021576;775 618;A01;2;7;6;0;3;0;0;
33122;202200021577;775 616;A01;1;33;0;2;1;3;1;
33123;202200021577;775 617;B01;1;7;0;2;7;22;1;
33124;202200021577;775 619;C01;1;7;0;2;4;23;1;
33125;202200021578;775 615;A01;1;7;4;0;2;14;1;
33126;202200021580;775 612;A01;2;30;0;0;0;1;1;
33127;202200021581;775 611;A01;1;33;0;0;2;1;1;
33128;202200021582;775 608;A01;1;7;0;2;4;2;1;
33129;202200021582;775 610;B01;1;80;0;2;1;2;3;
33130;202200021583;775 607;A01;2;7;0;2;1;2;1;
33131;202200021583;775 609;B01;2;15;0;0;4;2;1;
33132;202200021584;775 606;A01;2;17;3;0;1;1;1;
33133;202200021585;775 604;B01;2;1;0;2;4;23;5;
33134;202200021585;775 605;A01;2;14;0;2;1;2;6;
33135;202200021587;775 599;A01;1;33;10;0;1;1;1;
33136;202200021588;775 598;C01;2;7;0;2;3;24;1;
33137;202200021588;775 600;B01;1;7;0;2;3;1;1;
33138;202200021588;775 601;A01;1;30;0;2;2;17;1;
33139;202200021589;775 596;A01;3;10;0;2;3;19;1;
33140;202200021589;775 597;B01;1;33;0;2;1;1;1;
33141;202200021591;775 592;A01;3;1;0;2;3;9;5;
33142;202200021591;775 593;B01;1;10;0;9;2;1;1;
33143;202200021592;775 588;A01;2;1;0;2;3;15;5;
33144;202200021592;775 591;B01;2;7;0;2;2;1;1;
33145;202200021593;775 587;C01;1;7;0;0;3;1;1;
33146;202200021593;775 589;B01;2;7;0;0;6;1;1;
33147;202200021593;775 590;A01;2;7;0;2;1;21;1;
33148;202200021594;775 583;A01;1;33;0;2;1;1;1;
33149;202200021594;775 586;B01;1;7;0;2;6;15;2;
33150;202200021595;775 584;A01;3;7;0;2;3;9;1;
33151;202200021595;775 585;B01;3;7;0;2;1;1;1;
33152;202200021596;775 581;A01;2;7;2;0;3;0;1;
33153;202200021597;775 580;B01;1;50;0;2;8;15;3;
33154;202200021597;775 582;A01;1;33;0;2;8;5;1;
33155;202200021598;775 579;A01;2;7;2;0;1;1;1;
33156;202200021599;775 577;B01;2;1;0;2;8;1;5;
33157;202200021599;775 578;A01;2;1;0;2;7;17;5;
33158;202200021601;775 572;A01;1;7;5;0;1;1;1;
33159;202200021604;775 569;B01;1;34;0;2;1;1;1;
33160;202200021604;775 571;A01;2;7;0;2;3;13;1;
33161;202200021605;775 568;A01;0;7;0;0;1;1;1;
33162;202200021606;775 564;B01;2;7;0;2;0;26;1;
33163;202200021606;775 566;A01;2;30;0;2;0;0;1;
33164;202200021607;775 563;A01;2;7;6;0;3;13;1;
33165;202200021608;775 562;A01;2;7;0;1;3;9;3;
33166;202200021609;775 560;B01;1;33;0;2;2;1;1;
33167;202200021609;775 561;A01;1;10;0;2;6;11;1;
33168;202200021610;775 557;A01;2;7;0;2;8;9;1;
33169;202200021610;775 559;B01;2;31;0;2;0;0;1;
33170;202200021611;775 552;A01;1;30;0;2;1;9;1;
33171;202200021611;775 553;B01;1;15;0;2;4;2;1;
33172;202200021612;775 551;E01;2;7;0;2;4;2;1;
33173;202200021612;775 554;D01;2;7;0;2;4;2;1;
33174;202200021612;775 555;C01;2;7;0;2;4;2;1;
33175;202200021612;775 556;B01;2;7;0;2;4;2;1;
33176;202200021612;775 558;A01;2;10;0;2;1;14;1;
33177;202200021613;775 548;B01;2;7;0;2;5;1;1;
33178;202200021613;775 549;A01;2;33;0;2;3;13;1;
33179;202200021614;775 547;B01;3;50;0;2;2;0;3;
33180;202200021614;775 550;A01;1;7;0;9;1;16;1;
33181;202200021617;775 539;A01;2;7;0;2;1;1;1;
33182;202200021617;775 540;B01;2;7;0;2;4;1;2;
33183;202200021618;775 537;B01;1;33;0;2;8;2;1;
33184;202200021618;775 538;A01;1;7;0;2;1;15;1;
33185;202200021619;775 536;A01;1;7;4;0;1;1;1;
33186;202200021621;775 532;B01;0;7;0;2;5;1;1;
33187;202200021621;775 534;A01;0;50;0;2;1;1;3;
33188;202200021622;775 530;A01;2;34;0;2;0;2;1;
33189;202200021622;775 531;B01;2;7;0;2;4;1;1;
33190;202200021623;775 526;A01;2;10;0;2;8;11;1;
33191;202200021623;775 527;B01;2;33;0;2;7;1;1;
33192;202200021624;775 528;B01;1;32;0;2;9;1;1;
33193;202200021624;775 529;A01;1;7;0;2;8;15;1;
33194;202200021625;775 523;B01;2;7;0;2;1;2;1;
33195;202200021625;775 525;A01;2;7;0;2;4;2;1;
33196;202200021626;775 522;B01;3;7;0;2;3;15;1;
33197;202200021626;775 524;A01;3;32;0;2;1;1;1;
33198;202200021627;775 520;Z01;1;7;0;2;0;14;1;
33199;202200021627;775 521;B01;1;33;0;2;8;1;1;
33200;202200021630;775 516;Z01;0;7;0;1;1;1;0;
33201;202200021631;775 517;A01;1;7;0;2;7;26;1;
33202;202200021632;775 514;A01;1;37;0;2;1;2;1;1.0
33203;202200021632;775 515;B01;1;7;0;1;4;2;3;
33204;202200021633;775 513;A01;1;10;0;1;2;1;1;
33205;202200021634;775 509;A01;2;31;0;2;1;0;1;
33206;202200021634;775 510;Y01;2;1;0;2;4;15;5;
33207;202200021635;775 508;A01;0;80;0;1;0;21;3;
33208;202200021636;775 505;A01;2;33;0;2;7;0;0;
33209;202200021636;775 507;B01;2;43;0;2;8;1;1;
33210;202200021637;775 503;B01;1;7;0;2;7;1;1;
33211;202200021637;775 504;A01;3;7;0;2;8;1;1;
33212;202200021638;775 501;B01;3;7;0;2;3;1;1;
33213;202200021638;775 502;A01;1;1;0;2;2;1;5;
33214;202200021639;775 500;A01;3;10;0;1;4;20;1;
33215;202200021640;775 498;A01;0;7;6;0;0;0;1;
33216;202200021641;775 497;A01;2;33;0;2;3;13;1;
33217;202200021641;775 499;B01;1;7;0;2;3;1;1;
33218;202200021642;775 495;Z01;1;1;0;2;7;2;5;
33219;202200021642;775 496;B01;2;99;0;2;3;15;5;
33220;202200021643;775 493;A01;1;1;0;1;1;1;5;
33221;202200021644;775 492;A01;1;7;0;2;2;15;1;
33222;202200021644;775 494;B01;2;33;0;2;1;1;1;
33223;202200021645;775 489;A01;2;7;3;0;9;14;1;
33224;202200021646;775 485;A01;2;33;0;2;1;1;1;
33225;202200021646;775 486;B01;1;7;0;2;2;15;2;
33226;202200021648;775 481;A01;1;7;0;2;8;15;1;
33227;202200021648;775 482;B01;1;31;0;2;7;17;1;
33228;202200021649;775 478;B01;3;1;0;2;9;0;5;
33229;202200021649;775 479;A01;3;7;0;9;1;15;1;
33230;202200021650;775 477;A01;3;99;13;0;2;1;1;
33231;202200021651;775 475;A01;3;7;0;2;1;0;1;
33232;202200021651;775 476;B01;3;33;0;2;4;0;1;
33233;202200021652;775 471;A01;1;10;0;1;1;0;1;
33234;202200021653;775 466;G01;1;15;0;2;8;1;1;
33235;202200021653;775 467;F01;2;7;0;2;1;1;1;
33236;202200021653;775 469;E01;2;10;0;2;2;1;1;
33237;202200021653;775 470;D01;2;7;0;2;3;1;1;
33238;202200021653;775 472;C01;2;7;0;2;8;1;1;
33239;202200021653;775 473;B01;2;7;0;2;3;1;1;
33240;202200021653;775 474;A01;1;7;0;2;9;17;1;
33241;202200021654;775 465;A01;2;7;0;2;6;9;1;
33242;202200021654;775 468;B01;1;7;0;2;2;1;1;
33243;202200021655;775 462;A01;2;7;0;2;6;24;1;
33244;202200021655;775 464;B01;2;33;1;0;3;1;1;
33245;202200021656;775 461;A01;3;7;0;0;4;4;1;
33246;202200021656;775 463;B01;1;2;0;0;1;1;1;
33247;202200021657;775 460;A01;3;7;0;1;1;1;1;
33248;202200021658;775 458;B01;1;7;0;2;3;1;1;
33249;202200021658;775 459;A01;2;33;0;2;8;13;1;
33250;202200021659;775 455;A01;1;33;0;2;0;26;1;
33251;202200021659;775 457;B01;1;7;0;2;5;15;1;
33252;202200021660;775 454;B01;2;7;0;0;4;1;1;
33253;202200021660;775 456;A01;2;7;0;2;1;1;1;
33254;202200021662;775 451;A01;1;7;0;2;7;1;1;
33255;202200021662;775 452;B01;1;33;0;2;1;1;1;
33256;202200021663;775 450;A01;2;33;0;0;1;0;1;
33257;202200021664;775 448;A01;1;7;0;0;9;1;1;
33258;202200021665;775 449;A01;1;7;0;1;4;4;1;
33259;202200021666;775 444;B01;1;2;0;2;1;1;1;
33260;202200021666;775 446;A01;2;33;0;2;1;5;1;
33261;202200021667;775 445;A01;1;60;0;2;1;1;5;
33262;202200021667;775 447;B01;1;10;0;9;2;0;1;
33263;202200021668;775 442;A01;1;50;0;0;6;19;3;
33264;202200021668;775 443;B01;2;7;0;2;1;1;1;
33265;202200021669;775 440;A01;2;7;0;2;1;1;1;
33266;202200021669;775 441;B01;1;1;0;2;1;17;5;
33267;202200021670;775 438;A01;2;2;0;2;1;13;1;
33268;202200021670;775 439;B01;1;31;0;2;1;1;1;
33269;202200021671;775 436;A01;1;10;2;0;1;1;1;
33270;202200021672;775 432;B01;1;33;0;2;1;2;1;
33271;202200021672;775 434;A01;3;7;0;2;3;15;1;
33272;202200021673;775 431;B01;2;7;0;2;1;1;1;
33273;202200021673;775 433;C01;1;7;0;2;0;0;1;
33274;202200021673;775 435;D01;1;50;0;2;0;0;3;
33275;202200021673;775 437;A01;1;7;0;2;1;9;1;
33276;202200021674;775 429;B01;3;1;0;2;1;1;5;
33277;202200021674;775 430;A01;3;10;0;9;1;13;1;
33278;202200021675;775 428;A01;3;7;0;1;1;26;1;
33279;202200021676;775 424;A01;1;7;0;2;1;13;1;
33280;202200021676;775 426;C01;2;7;0;2;1;1;1;
33281;202200021676;775 427;B01;2;7;0;2;3;1;0;
33282;202200021677;775 423;B01;1;33;0;2;1;9;0;
33283;202200021677;775 425;A01;2;7;0;2;3;1;1;
33284;202200021678;775 422;A01;1;2;0;0;0;1;1;
33285;202200021679;775 418;A01;2;33;15;2;2;17;1;
33286;202200021679;775 420;B01;2;7;0;2;8;15;1;
33287;202200021680;775 415;B01;3;33;12;0;8;1;1;
33288;202200021680;775 416;A01;3;7;0;2;1;19;1;
33289;202200021681;775 410;A01;2;7;4;2;1;17;1;
33290;202200021681;775 411;B01;1;7;4;2;1;1;1;
33291;202200021681;775 412;C01;2;7;0;0;8;1;1;
33292;202200021682;775 407;B01;2;1;6;2;3;1;5;
33293;202200021682;775 408;A01;1;2;0;2;3;16;1;
33294;202200021683;775 402;A01;2;7;0;2;1;1;1;
33295;202200021683;775 404;B01;1;10;0;2;1;1;1;
33296;202200021683;775 405;C01;1;7;0;2;1;1;1;
33297;202200021684;775 403;B01;1;7;0;2;8;1;1;
33298;202200021684;775 406;A01;2;7;0;2;2;9;1;
33299;202200021685;775 399;C01;1;10;0;2;1;13;1;
33300;202200021685;775 400;B01;2;7;0;2;1;1;1;
33301;202200021685;775 401;A01;2;7;0;0;3;1;1;
33302;202200021687;775 396;B01;2;38;0;2;3;1;0;1.0
33303;202200021687;775 397;A01;1;7;0;2;3;13;1;
33304;202200021688;775 395;A01;3;7;13;0;1;15;1;
33305;202200021689;775 394;A01;2;7;0;0;2;1;1;
33306;202200021690;775 392;A01;3;7;6;0;1;1;1;
33307;202200021691;775 391;B01;2;30;0;2;7;1;1;
33308;202200021691;775 393;A01;2;7;0;2;6;9;1;
33309;202200021692;775 389;B01;2;10;0;0;6;26;1;
33310;202200021692;775 390;A01;2;10;1;0;2;14;1;
33311;202200021693;775 386;B01;3;7;0;2;2;1;2;
33312;202200021693;775 388;A01;3;34;0;2;1;13;1;
33313;202200021694;775 384;C01;2;7;0;2;2;21;1;
33314;202200021694;775 385;B01;2;7;0;2;1;1;1;
33315;202200021694;775 387;A01;2;33;0;2;0;0;1;
33316;202200021695;775 383;A01;1;1;0;1;1;1;5;
33317;202200021697;775 379;A01;2;7;0;2;1;0;1;
33318;202200021697;775 380;B01;2;7;0;2;1;1;2;
33319;202200021697;775 381;C01;2;7;0;2;1;1;1;
33320;202200021698;775 376;A01;1;31;0;2;8;1;1;
33321;202200021698;775 378;B01;1;14;0;2;7;1;1;
33322;202200021699;775 375;A01;1;30;0;9;1;1;3;
33323;202200021699;775 377;B01;3;1;0;2;8;19;5;
33324;202200021700;775 373;B01;2;7;0;2;8;1;1;
33325;202200021700;775 374;A01;1;10;0;2;1;19;1;
33326;202200021701;775 372;A01;1;7;0;1;3;15;1;
33327;202200021702;775 369;B01;3;10;8;0;7;1;1;
33328;202200021702;775 371;A01;3;7;8;2;1;1;1;
33329;202200021703;775 368;B01;1;37;0;2;6;9;6;1.0
33330;202200021703;775 370;A01;1;7;0;2;2;0;1;
33331;202200021704;775 366;B01;1;17;0;2;3;1;1;
33332;202200021704;775 367;A01;3;33;0;2;1;1;1;
33333;202200021705;775 363;A01;2;10;0;2;1;1;1;
33334;202200021705;775 364;B01;2;7;0;0;7;2;1;
33335;202200021707;775 362;A01;1;7;0;2;1;16;1;
33336;202200021707;775 365;B01;2;7;1;2;1;1;1;
33337;202200021708;775 359;A01;1;36;6;0;1;26;1;
33338;202200021709;775 358;B01;1;2;0;2;2;1;1;
33339;202200021709;775 360;A01;1;7;0;2;1;1;1;
33340;202200021710;775 356;A01;3;10;0;0;1;13;1;
33341;202200021710;775 357;B01;3;7;0;0;3;1;1;
33342;202200021711;775 354;A01;2;33;0;2;1;17;1;
33343;202200021711;775 355;B01;2;7;0;2;8;15;1;
33344;202200021713;775 349;A01;1;7;0;2;5;1;1;
33345;202200021713;775 351;B01;1;33;0;2;1;3;1;
33346;202200021714;775 348;A01;0;1;0;2;4;19;5;
33347;202200021714;775 350;B01;1;7;0;2;1;1;1;
33348;202200021715;775 346;A01;2;7;0;1;2;1;1;
33349;202200021716;775 345;A01;1;10;0;2;1;2;1;
33350;202200021716;775 347;B01;1;7;0;2;4;2;1;
33351;202200021717;775 343;B01;2;7;0;0;4;2;1;
33352;202200021717;775 344;A01;2;7;0;2;1;2;1;
33353;202200021718;775 339;A01;1;7;0;2;5;15;1;
33354;202200021718;775 341;B01;1;31;0;2;5;21;1;
33355;202200021718;775 342;C01;1;7;0;2;1;1;1;
33356;202200021719;775 338;B01;2;7;0;2;7;11;1;
33357;202200021719;775 340;A01;2;33;0;2;8;1;1;
33358;202200021720;775 335;B01;1;7;0;2;0;0;1;
33359;202200021720;775 337;A01;1;32;0;2;1;1;1;
33360;202200021721;775 334;A01;1;33;0;2;1;1;1;
33361;202200021721;775 336;B01;1;10;0;2;4;2;1;
33362;202200021722;775 332;B01;1;7;0;2;4;2;1;
33363;202200021722;775 333;A01;1;7;0;2;1;1;1;
33364;202200021723;775 328;A01;1;33;0;2;3;3;1;
33365;202200021723;775 329;B01;1;10;0;0;2;2;0;
33366;202200021723;775 330;C01;1;7;0;0;6;2;1;
33367;202200021724;775 325;A01;2;34;0;2;1;2;1;
33368;202200021724;775 326;B01;2;7;0;2;4;2;1;
33369;202200021725;775 324;B01;1;33;0;2;7;1;1;
33370;202200021725;775 327;A01;2;7;0;2;1;9;1;
33371;202200021726;775 322;A01;1;7;0;2;2;1;1;
33372;202200021726;775 323;B01;1;7;0;2;4;13;1;
33373;202200021727;775 321;A01;2;7;13;0;1;14;1;
33374;202200021728;775 318;A01;2;7;0;2;4;2;1;
33375;202200021728;775 319;B01;2;7;0;0;4;2;1;
33376;202200021728;775 320;Z01;1;7;0;2;1;2;0;
33377;202200021729;775 311;D01;1;7;0;2;2;1;1;
33378;202200021729;775 312;C01;1;7;0;2;1;1;1;
33379;202200021729;775 314;B01;1;7;0;2;4;1;1;
33380;202200021729;775 316;A01;1;7;0;2;4;1;1;
33381;202200021730;775 313;C01;2;7;0;2;4;15;1;
33382;202200021730;775 315;B01;2;7;0;2;4;2;1;
33383;202200021730;775 317;A01;2;10;0;2;1;1;1;
33384;202200021731;775 309;B01;2;33;0;2;3;0;1;
33385;202200021731;775 310;A01;2;7;0;2;2;12;1;
33386;202200021732;775 306;A01;2;7;0;2;4;2;1;
33387;202200021732;775 307;B01;2;7;0;2;1;2;1;
33388;202200021733;775 304;A01;3;2;0;2;1;0;1;
33389;202200021733;775 305;B01;3;2;0;0;1;0;3;
33390;202200021734;775 303;A01;0;7;6;0;2;23;1;
33391;202200021734;775 308;B01;0;50;6;2;1;1;3;
33392;202200021735;775 300;A01;1;30;0;2;8;19;1;
33393;202200021735;775 302;B01;1;7;0;9;2;1;1;
33394;202200021736;775 297;B01;2;7;0;2;3;9;1;
33395;202200021736;775 299;A01;1;30;0;2;1;9;1;
33396;202200021737;775 298;B01;3;50;0;2;2;9;3;
33397;202200021737;775 301;A01;3;7;0;2;3;9;1;
33398;202200021738;775 295;B01;1;7;0;2;7;1;1;
33399;202200021738;775 296;A01;1;7;0;2;1;1;1;
33400;202200021739;775 292;A01;1;7;0;2;1;26;1;
33401;202200021739;775 294;B01;1;30;0;2;5;1;1;
33402;202200021740;775 291;B01;3;7;0;2;2;10;1;
33403;202200021740;775 293;A01;3;7;0;2;3;2;1;
33404;202200021741;775 290;B01;1;33;0;0;7;7;1;
33405;202200021743;775 289;A01;1;50;0;0;0;26;3;
33406;202200021744;775 285;B01;0;33;0;2;1;1;1;
33407;202200021744;775 286;A01;3;7;0;2;5;15;0;
33408;202200021745;775 284;A01;1;7;0;1;1;1;1;
33409;202200021746;775 281;A01;1;7;0;2;5;15;1;
33410;202200021746;775 282;B01;2;50;0;2;1;1;3;
33411;202200021747;775 280;B01;2;32;0;2;1;1;1;
33412;202200021747;775 283;A01;1;7;0;2;7;15;1;
33413;202200021748;775 277;B01;3;37;0;2;3;1;3;3.0
33414;202200021748;775 279;A01;3;7;0;2;2;16;1;
33415;202200021749;775 276;B01;1;50;0;2;1;1;3;
33416;202200021749;775 278;A01;2;7;0;2;8;15;1;
33417;202200021750;775 275;A01;1;7;0;1;1;1;1;
33418;202200021751;775 272;B01;2;7;1;2;2;1;1;
33419;202200021751;775 273;A01;1;7;1;2;3;1;1;
33420;202200021752;775 270;A01;1;7;9;0;9;6;1;
33421;202200021753;775 271;A01;0;37;0;0;0;1;1;2.0