;Num_Acc;id_vehicule;num_veh;senc;catv;obs;obsm;choc;manv;motor;occutc
33422;202200021753;775 274;B01;0;14;0;0;0;1;1;
33423;202200021754;775 268;B01;2;7;0;2;1;1;1;
33424;202200021754;775 269;A01;1;7;0;2;8;1;1;
33425;202200021755;775 265;A01;3;10;0;2;3;2;1;
33426;202200021755;775 267;B01;3;7;0;2;4;23;1;
33427;202200021756;775 264;A01;0;7;0;9;8;19;1;
33428;202200021756;775 266;B01;0;50;0;2;1;19;3;
33429;202200021757;775 263;A01;2;33;0;0;1;5;1;
33430;202200021758;775 260;A01;1;33;0;2;1;17;1;
33431;202200021758;775 261;B01;1;7;0;2;3;15;1;
33432;202200021759;775 262;A01;1;33;0;5;1;1;1;
33433;202200021760;775 259;A01;2;1;1;0;1;1;5;
33434;202200021761;775 254;A01;2;7;4;2;2;1;1;
33435;202200021761;775 256;Z01;2;7;0;2;0;11;0;
33436;202200021762;775 255;A01;2;7;0;2;1;1;1;
33437;202200021762;775 257;B01;2;10;0;2;4;1;1;
33438;202200021762;775 258;C01;2;7;0;2;1;2;1;
33439;202200021763;775 252;A01;2;7;0;2;1;2;1;
33440;202200021763;775 253;B01;2;7;0;2;4;2;1;
33441;202200021764;775 250;A01;0;32;0;2;1;15;1;
33442;202200021764;775 251;B01;1;1;0;2;1;16;5;
33443;202200021765;775 247;A01;3;10;0;2;2;15;1;
33444;202200021765;775 249;B01;3;7;0;2;3;2;1;
33445;202200021766;775 246;B01;1;50;0;2;1;1;3;
33446;202200021766;775 248;A01;1;7;0;2;2;16;1;
33447;202200021767;775 244;A01;2;7;0;2;2;15;1;
33448;202200021767;775 245;B01;1;32;0;2;1;1;1;
33449;202200021768;775 242;A01;1;7;0;1;1;1;2;
33450;202200021769;775 243;A01;1;7;2;0;8;14;1;
33451;202200021770;775 240;A01;1;7;0;2;1;2;2;
33452;202200021770;775 241;B01;1;32;0;2;4;2;1;
33453;202200021771;775 238;B01;1;1;0;2;2;1;5;
33454;202200021771;775 239;A01;2;7;0;2;1;1;1;
33455;202200021772;775 237;A01;1;31;0;1;1;21;1;
33456;202200021773;775 234;A01;1;7;0;2;1;13;1;
33457;202200021773;775 235;B01;1;7;0;2;1;1;1;
33458;202200021773;775 236;C01;2;7;0;2;6;1;1;
33459;202200021774;775 232;A01;1;33;0;1;3;1;1;
33460;202200021775;775 231;A01;1;7;0;2;2;15;1;
33461;202200021775;775 233;B01;2;43;0;2;1;1;1;
33462;202200021776;775 229;A01;1;7;5;0;3;21;3;
33463;202200021777;775 228;A01;3;7;0;2;1;15;1;
33464;202200021777;775 230;B01;3;1;0;2;1;1;5;
33465;202200021778;775 226;A01;0;7;0;2;3;16;1;
33466;202200021778;775 227;B01;0;14;0;2;0;1;6;
33467;202200021779;775 225;A01;1;7;0;1;7;1;1;
33468;202200021780;775 222;B01;3;50;0;2;3;19;3;
33469;202200021780;775 224;A01;1;7;0;2;2;1;2;
33470;202200021781;775 220;A01;1;1;14;0;0;12;5;
33471;202200021782;775 218;A01;2;1;0;2;6;16;5;
33472;202200021782;775 219;B01;2;32;0;2;1;1;1;
33473;202200021783;775 215;A01;1;32;0;2;2;17;1;
33474;202200021783;775 217;B01;1;7;0;2;8;0;1;
33475;202200021784;775 214;A01;2;7;0;1;0;1;1;
33476;202200021785;775 213;A01;1;30;14;0;0;2;1;
33477;202200021786;775 209;A01;2;7;0;2;7;12;1;
33478;202200021786;775 211;B01;2;31;1;2;3;18;1;
33479;202200021787;775 207;B01;2;3;14;0;7;16;1;
33480;202200021787;775 210;C01;2;7;0;2;7;2;0;
33481;202200021787;775 212;A01;1;7;14;2;1;19;1;
33482;202200021788;775 206;B01;1;7;0;2;6;2;1;
33483;202200021788;775 208;A01;1;32;0;2;3;17;1;
33484;202200021789;775 203;A01;3;7;0;2;7;15;0;
33485;202200021789;775 205;B01;3;33;0;2;1;1;0;
33486;202200021790;775 202;B01;2;33;0;2;1;15;1;
33487;202200021790;775 204;A01;2;7;0;2;2;1;1;
33488;202200021791;775 201;A01;2;7;0;1;1;1;1;
33489;202200021792;775 197;A01;2;7;8;2;1;2;1;
33490;202200021792;775 198;B01;2;7;0;2;3;15;1;
33491;202200021793;775 199;A01;3;1;0;2;1;19;5;
33492;202200021793;775 200;B01;1;7;0;2;3;1;2;
33493;202200021795;775 195;A01;3;50;0;1;1;25;3;
33494;202200021797;775 188;D01;1;10;0;2;4;23;1;
33495;202200021797;775 189;C01;1;7;0;2;4;23;1;
33496;202200021797;775 190;B01;1;7;0;2;4;23;1;
33497;202200021797;775 192;A01;1;14;0;2;1;1;1;
33498;202200021798;775 186;A01;2;33;11;0;1;17;1;
33499;202200021799;775 187;B01;3;10;0;2;3;1;1;
33500;202200021799;775 191;A01;3;7;0;2;1;13;1;
33501;202200021801;775 181;C01;2;10;0;2;1;23;1;
33502;202200021801;775 182;B01;2;7;0;2;3;1;1;
33503;202200021801;775 184;A01;1;7;0;2;2;15;1;
33504;202200021802;775 179;B01;3;14;0;2;6;1;1;
33505;202200021802;775 180;A01;3;7;0;2;3;13;1;
33506;202200021803;775 177;A01;1;7;2;0;1;1;1;
33507;202200021804;775 175;B01;2;7;0;2;2;15;1;
33508;202200021804;775 178;A01;1;33;0;2;1;18;1;
33509;202200021805;775 173;A01;1;7;0;0;4;2;1;
33510;202200021805;775 174;B01;1;7;0;2;1;2;1;
33511;202200021806;775 172;A01;1;7;2;0;1;1;1;
33512;202200021807;775 171;Z01;3;0;0;1;1;0;0;
33513;202200021808;775 170;A01;1;7;0;1;7;1;1;
33514;202200021809;775 168;B01;3;1;0;0;0;1;5;
33515;202200021810;775 166;A01;0;10;0;1;3;1;1;
33516;202200021811;775 167;B01;0;34;0;2;7;1;1;
33517;202200021811;775 169;A01;0;7;0;2;1;1;1;
33518;202200021812;775 165;A01;3;33;13;0;0;0;1;
33519;202200021813;775 162;A01;2;33;0;0;0;1;1;
33520;202200021814;775 161;A01;2;7;17;0;1;1;2;
33521;202200021815;775 163;A01;3;33;0;2;1;1;0;
33522;202200021815;775 164;B01;1;7;0;2;0;0;1;
33523;202200021816;775 159;B01;1;33;0;2;7;3;1;
33524;202200021816;775 160;A01;2;7;0;2;3;15;1;
33525;202200021817;775 158;A01;3;7;0;1;1;1;1;
33526;202200021818;775 155;B01;1;7;0;2;1;1;1;
33527;202200021818;775 157;A01;2;7;0;2;1;13;1;
33528;202200021819;775 156;A01;2;33;0;0;3;21;1;
33529;202200021820;775 152;A01;2;10;0;2;3;13;1;
33530;202200021820;775 153;C01;1;15;0;2;3;1;1;
33531;202200021820;775 154;B01;1;15;0;2;6;1;1;
33532;202200021821;775 151;A01;2;7;0;1;7;1;1;
33533;202200021822;775 149;A01;1;2;6;0;7;1;1;
33534;202200021824;775 148;A01;2;7;0;2;1;8;1;
33535;202200021824;775 150;B01;1;7;0;2;2;9;1;
33536;202200021825;775 145;A01;3;7;0;1;4;4;1;
33537;202200021826;775 146;A01;3;7;0;0;4;1;0;
33538;202200021828;775 141;B01;2;7;0;2;2;1;1;
33539;202200021828;775 143;A01;2;7;0;2;1;16;1;
33540;202200021829;775 139;A01;2;7;3;0;2;1;1;
33541;202200021830;775 138;B01;1;33;0;2;1;21;1;
33542;202200021830;775 142;A01;1;10;0;2;7;5;1;
33543;202200021831;775 136;A01;1;7;2;0;3;2;1;
33544;202200021832;775 137;B01;2;33;0;2;3;5;1;
33545;202200021832;775 140;A01;1;7;0;2;3;15;1;
33546;202200021833;775 135;A01;1;7;0;0;1;0;1;
33547;202200021834;775 133;A01;0;0;0;1;0;0;-1;
33548;202200021835;775 132;B01;1;3;0;0;4;2;1;
33549;202200021835;775 134;A01;1;7;0;2;1;2;1;
33550;202200021836;775 130;A01;1;17;3;2;3;0;1;
33551;202200021836;775 131;B01;1;17;0;0;8;0;1;
33552;202200021837;775 129;A01;1;31;1;0;3;0;1;
33553;202200021838;775 127;B01;3;10;0;2;5;2;1;
33554;202200021838;775 128;A01;3;10;0;2;0;0;0;
33555;202200021840;775 123;B01;1;33;0;2;0;0;1;
33556;202200021840;775 124;A01;1;14;0;2;0;0;0;
33557;202200021841;775 119;B01;1;7;0;2;6;15;3;
33558;202200021841;775 122;A01;1;80;0;2;1;2;3;
33559;202200021842;775 116;D01;2;10;0;2;1;2;1;
33560;202200021842;775 118;A01;2;7;3;2;7;11;1;
33561;202200021842;775 120;B01;2;7;0;2;1;2;1;
33562;202200021842;775 121;C01;2;7;0;2;1;2;0;
33563;202200021843;775 115;B01;1;1;0;2;8;19;5;
33564;202200021843;775 117;A01;2;7;0;9;8;15;1;
33565;202200021845;775 111;B01;2;10;0;2;1;1;1;
33566;202200021845;775 113;A01;1;2;0;2;1;13;1;
33567;202200021846;775 110;B01;0;30;0;2;1;1;1;
33568;202200021846;775 114;A01;0;7;0;2;1;16;1;
33569;202200021847;775 107;B01;1;17;0;2;3;1;1;
33570;202200021847;775 109;A01;1;7;0;2;7;9;1;
33571;202200021848;775 104;B01;3;7;8;2;1;19;1;
33572;202200021848;775 108;A01;3;7;8;2;7;19;1;
33573;202200021849;775 101;A01;1;7;0;1;1;1;0;
33574;202200021850;775 102;A01;3;7;0;2;2;1;1;
33575;202200021850;775 103;B01;3;7;0;2;3;1;1;
33576;202200021852;775 099;A01;1;30;0;0;8;1;3;
33577;202200021853;775 105;B01;1;10;0;2;8;1;1;
33578;202200021853;775 106;A01;2;7;0;2;3;13;2;
33579;202200021854;775 097;A01;2;10;0;1;1;20;1;
33580;202200021856;775 094;A01;2;7;0;1;3;1;1;
33581;202200021857;775 093;A01;2;7;0;2;7;11;1;
33582;202200021857;775 095;B01;2;33;0;2;1;1;1;
33583;202200021858;775 091;A01;1;30;0;2;1;1;3;
33584;202200021858;775 092;B01;1;7;0;2;6;1;1;
33585;202200021859;775 090;A01;2;7;0;1;2;1;1;
33586;202200021860;775 087;A01;1;14;0;2;8;10;1;
33587;202200021860;775 089;B01;1;30;0;2;1;1;3;
33588;202200021861;775 086;A01;2;34;0;2;1;1;3;
33589;202200021861;775 088;Z01;2;7;0;2;1;1;0;
33590;202200021862;775 084;A01;3;32;0;2;3;18;1;
33591;202200021862;775 085;B01;3;7;0;2;7;16;1;
33592;202200021863;775 082;B01;3;7;0;2;1;1;1;
33593;202200021863;775 083;A01;3;50;0;2;8;19;3;
33594;202200021865;775 079;Z01;2;7;0;2;4;4;1;
33595;202200021865;775 080;A01;1;1;0;2;1;1;5;
33596;202200021866;775 077;A01;1;14;0;2;2;15;1;
33597;202200021866;775 078;B01;1;33;0;2;3;15;1;
33598;202200021867;775 076;Z01;2;10;9;1;1;14;1;
33599;202200021868;775 074;A01;2;10;0;2;3;22;1;
33600;202200021868;775 075;B01;2;1;0;2;0;1;5;
33601;202200021869;775 073;A01;2;50;0;1;8;1;3;
33602;202200021870;775 070;A01;2;50;0;2;4;1;3;
33603;202200021870;775 072;B01;2;10;0;2;4;23;1;
33604;202200021871;775 069;A01;1;7;0;2;1;1;1;
33605;202200021871;775 071;B01;2;7;0;2;2;15;1;
33606;202200021872;775 068;A01;1;30;0;0;0;1;3;
33607;202200021873;775 065;A01;3;10;0;2;1;1;1;
33608;202200021873;775 067;B01;3;7;0;2;4;1;1;
33609;202200021874;775 064;Z01;1;7;0;2;4;2;1;
33610;202200021874;775 066;A01;1;30;0;2;1;2;1;
33611;202200021875;775 062;A01;1;30;12;0;1;13;1;
33612;202200021877;775 056;A01;2;32;0;2;1;1;1;
33613;202200021877;775 058;B01;2;7;0;2;1;10;1;
33614;202200021877;775 060;C01;3;7;0;2;3;23;2;
33615;202200021878;775 057;A01;1;1;0;2;3;1;5;
33616;202200021878;775 059;B01;1;7;0;2;0;9;1;
33617;202200021879;775 055;A01;1;80;0;1;1;1;3;
33618;202200021881;775 050;A01;1;30;0;2;0;1;1;
33619;202200021881;775 052;B01;1;7;0;2;3;16;1;
33620;202200021882;775 048;A01;2;10;0;1;5;20;1;
33621;202200021883;775 047;B01;0;7;0;2;5;26;1;
33622;202200021883;775 049;A01;0;33;0;2;1;26;1;
33623;202200021884;775 046;A01;1;43;0;1;1;17;1;
33624;202200021886;775 042;A01;1;30;0;1;1;1;3;
33625;202200021887;775 041;A01;3;10;0;9;1;1;1;
33626;202200021887;775 043;B01;3;80;0;2;3;1;3;
33627;202200021888;775 040;A01;1;10;0;1;3;15;1;
33628;202200021889;775 038;A01;1;50;0;0;7;18;3;
33629;202200021889;775 039;B01;1;7;0;0;0;16;1;
33630;202200021890;775 035;Z01;1;7;0;2;5;24;0;
33631;202200021890;775 037;A01;1;1;0;2;1;1;5;
33632;202200021891;775 034;A01;2;7;0;2;0;0;1;
33633;202200021891;775 036;B01;2;50;0;2;8;18;3;
33634;202200021892;775 033;A01;1;31;1;0;1;14;1;
33635;202200021893;775 031;B01;3;7;0;2;2;5;1;
33636;202200021893;775 032;A01;3;33;0;2;2;21;1;
33637;202200021895;775 028;A01;2;50;0;1;1;25;3;
33638;202200021896;775 026;A01;0;3;0;2;3;1;0;
33639;202200021896;775 027;B01;0;60;0;2;8;26;5;
33640;202200021897;775 025;A01;3;10;0;1;0;0;1;
33641;202200021898;775 022;C01;1;10;0;2;4;2;1;
33642;202200021898;775 023;A01;1;10;0;2;1;2;3;
33643;202200021898;775 024;B01;1;7;0;2;4;2;1;
33644;202200021899;775 021;A01;2;7;0;1;1;1;1;
33645;202200021900;775 020;A01;1;7;0;1;2;2;3;
33646;202200021901;775 019;A01;1;50;0;1;7;1;3;
33647;202200021902;775 017;A01;1;7;8;2;1;14;1;
33648;202200021902;775 018;B01;1;7;0;2;5;1;1;
33649;202200021903;775 014;A01;1;7;0;1;1;16;1;
33650;202200021904;775 015;B01;3;33;0;2;1;1;1;
33651;202200021904;775 016;A01;3;7;0;2;7;15;1;
33652;202200021905;775 012;A01;2;50;0;2;7;0;3;
33653;202200021905;775 013;B01;2;7;0;9;1;12;1;
33654;202200021906;775 010;A01;1;7;0;2;3;9;1;
33655;202200021906;775 011;B01;0;1;0;2;1;1;5;
33656;202200021907;775 009;A01;1;7;0;1;1;1;1;
33657;202200021908;775 007;A01;2;7;0;2;1;15;1;
33658;202200021908;775 008;B01;1;1;0;2;1;1;5;
33659;202200021909;775 006;A01;2;7;1;0;1;0;1;
33660;202200021910;775 004;B01;2;10;0;2;2;13;1;
33661;202200021910;775 005;A01;2;10;0;2;3;13;1;
33662;202200021911;775 002;B01;3;1;0;2;8;19;5;
33663;202200021911;775 003;A01;3;7;0;2;1;1;1;
33664;202200021912;775 001;A01;0;10;0;0;7;1;1;
33665;202200021913;774 999;B01;2;33;0;2;1;26;1;
33666;202200021913;775 000;A01;1;10;0;2;7;26;1;
33667;202200021914;774 998;A01;1;7;8;0;2;14;1;
33668;202200021915;774 997;A01;1;7;0;2;2;1;1;
33669;202200021916;774 995;B01;1;41;0;2;7;1;3;
33670;202200021916;774 996;A01;1;33;0;2;1;19;1;
33671;202200021917;774 994;A01;0;0;0;1;1;1;0;
33672;202200021918;774 993;A01;2;10;0;1;1;0;1;
33673;202200021919;774 991;B01;3;7;0;2;8;1;1;
33674;202200021919;774 992;A01;3;7;0;2;1;1;1;
33675;202200021920;774 989;A01;2;10;0;2;8;15;1;
33676;202200021920;774 990;B01;1;33;0;2;2;16;1;
33677;202200021921;774 987;B01;2;1;0;2;1;1;5;
33678;202200021921;774 988;A01;3;3;0;9;7;20;1;
33679;202200021922;774 986;A01;3;33;12;0;7;2;3;
33680;202200021923;774 985;A01;2;7;0;1;1;16;1;
33681;202200021924;774 983;Y01;2;60;8;2;8;19;5;
33682;202200021924;774 984;A01;2;33;0;2;2;1;1;
33683;202200021925;774 981;A01;1;7;0;2;1;1;1;
33684;202200021925;774 982;B01;2;1;0;2;1;5;5;
33685;202200021926;774 979;A01;2;7;0;2;1;1;1;
33686;202200021926;774 980;B01;2;1;0;2;8;1;5;
33687;202200021927;774 977;B01;1;80;0;2;1;2;3;
33688;202200021927;774 978;A01;1;7;0;9;4;2;2;
33689;202200021928;774 976;A01;1;33;0;1;1;1;1;
33690;202200021929;774 974;B01;1;32;0;2;1;1;1;
33691;202200021929;774 975;A01;2;10;0;2;2;15;1;
33692;202200021930;774 973;A01;0;34;0;0;1;0;0;
33693;202200021932;774 971;A01;1;7;0;1;1;15;1;
33694;202200021933;774 970;A01;0;7;0;1;1;0;1;
33695;202200021934;774 969;A01;1;7;13;0;0;1;1;
33696;202200021935;774 968;A01;1;7;0;1;3;19;1;
33697;202200021936;774 967;B01;1;15;0;1;2;1;1;
33698;202200021937;774 964;A01;1;2;0;2;1;1;1;
33699;202200021937;774 965;B01;1;7;0;2;7;15;1;
33700;202200021938;774 963;A01;1;2;0;0;0;0;1;
33701;202200021939;774 961;A01;1;7;0;1;7;1;1;
33702;202200021940;774 958;C01;1;7;0;2;2;1;1;
33703;202200021940;774 959;B01;1;7;0;2;7;1;1;
33704;202200021940;774 960;A01;1;7;13;2;6;9;1;
33705;202200021941;774 956;A01;2;7;0;2;0;0;1;
33706;202200021941;774 957;B01;2;7;0;2;0;0;1;
33707;202200021942;774 955;A01;3;7;13;0;3;1;1;
33708;202200021943;774 953;B01;3;7;0;0;8;1;1;
33709;202200021943;774 954;A01;3;31;0;2;3;1;1;
33710;202200021946;774 948;A01;2;33;0;2;1;2;1;
33711;202200021946;774 949;B01;2;7;0;2;5;1;1;
33712;202200021947;774 946;B01;2;7;0;2;3;15;1;
33713;202200021947;774 947;A01;1;33;0;2;1;1;1;
33714;202200021948;774 944;B01;1;2;0;2;8;2;1;
33715;202200021948;774 945;A01;1;10;0;0;5;20;1;
33716;202200021950;774 940;B01;3;7;0;2;6;1;1;
33717;202200021950;774 941;A01;1;7;0;2;1;1;1;
33718;202200021951;774 939;A01;1;7;13;0;3;13;1;
33719;202200021952;774 937;A01;1;7;0;0;4;15;1;
33720;202200021952;774 938;B01;1;33;0;2;1;1;1;
33721;202200021953;774 936;A01;1;7;0;1;1;1;1;
33722;202200021955;774 933;A01;2;7;0;2;5;15;1;
33723;202200021955;774 934;B01;1;7;0;2;1;16;1;
33724;202200021956;774 931;B01;1;1;0;2;8;1;5;
33725;202200021956;774 932;A01;2;7;0;2;1;19;0;
33726;202200021957;774 930;A01;2;7;13;0;1;1;1;
33727;202200021958;774 929;A01;1;7;0;1;3;1;1;
33728;202200021960;774 927;A01;1;7;0;1;8;1;1;
33729;202200021961;774 925;A01;1;7;0;2;3;13;1;
33730;202200021961;774 926;B01;2;7;0;2;3;1;1;
33731;202200021962;774 924;A01;2;32;11;0;1;1;1;
33732;202200021963;774 922;A01;2;7;0;2;1;1;1;
33733;202200021963;774 923;B01;1;7;0;2;6;15;1;
33734;202200021964;774 921;A01;0;10;9;0;3;13;0;
33735;202200021965;774 920;A01;2;33;0;0;8;0;1;
33736;202200021966;774 918;B01;0;2;0;0;4;15;1;
33737;202200021966;774 919;A01;0;7;15;2;2;17;1;
33738;202200021967;774 917;A01;2;7;17;0;1;14;1;
33739;202200021968;774 915;A01;0;2;0;2;3;21;1;
33740;202200021968;774 916;B01;0;7;0;2;1;19;1;
33741;202200021969;774 913;A01;2;2;0;2;1;2;1;
33742;202200021969;774 914;B01;2;7;0;0;6;2;1;
33743;202200021970;774 912;A01;2;7;2;0;1;1;1;
33744;202200021971;774 910;A01;1;16;0;0;6;10;1;
33745;202200021971;774 911;B01;1;7;0;2;1;11;1;
33746;202200021972;774 908;A01;2;7;3;2;1;2;1;
33747;202200021972;774 909;B01;2;7;3;2;4;0;1;
33748;202200021973;774 906;A01;1;7;0;0;3;1;1;
33749;202200021973;774 907;B01;3;1;0;0;7;19;5;
33750;202200021974;774 904;B01;1;7;0;2;4;12;1;
33751;202200021974;774 905;A01;1;17;0;2;2;1;1;
33752;202200021975;774 903;A01;0;2;12;0;1;1;1;
33753;202200021976;774 901;B01;2;7;0;2;2;1;1;
33754;202200021976;774 902;A01;1;36;0;2;1;13;1;
33755;202200021977;774 898;WX01;1;7;0;2;2;26;1;
33756;202200021977;774 899;B01;1;33;0;2;1;1;1;
33757;202200021977;774 900;A01;2;7;0;2;5;15;1;
33758;202200021978;774 897;A01;2;7;4;0;3;1;1;
33759;202200021979;774 895;B01;1;33;0;2;1;1;1;
33760;202200021979;774 896;A01;2;7;0;2;7;15;1;
33761;202200021980;774 893;B01;2;7;0;2;1;1;1;
33762;202200021980;774 894;A01;1;7;0;2;1;1;1;
33763;202200021981;774 892;A01;3;7;0;1;3;1;1;
33764;202200021982;774 891;A01;1;17;0;1;2;15;1;
33765;202200021983;774 889;B01;2;7;0;2;1;1;1;
33766;202200021983;774 890;A01;1;10;0;2;8;19;1;
33767;202200021984;774 887;B01;1;10;0;2;1;1;1;
33768;202200021984;774 888;A01;2;7;0;2;1;5;1;
33769;202200021985;774 885;A01;2;7;0;2;2;13;1;
33770;202200021985;774 886;B01;1;7;0;2;3;1;1;
33771;202200021987;774 882;A01;1;7;0;2;3;1;1;
33772;202200021987;774 883;B01;2;7;0;2;3;13;1;
33773;202200021988;774 881;A01;3;7;0;1;1;1;1;
33774;202200021989;774 879;B01;2;7;0;2;1;1;1;
33775;202200021989;774 880;A01;1;7;0;2;1;15;1;
33776;202200021990;774 877;B01;1;7;0;2;1;15;1;
33777;202200021990;774 878;A01;1;30;0;0;1;1;1;
33778;202200021991;774 875;A01;1;7;0;2;3;1;1;
33779;202200021991;774 876;B01;2;7;0;2;1;15;2;
33780;202200021992;774 873;A01;1;7;0;0;5;1;2;
33781;202200021992;774 874;B01;1;33;0;2;1;2;1;
33782;202200021993;774 870;C01;1;10;0;2;1;1;0;
33783;202200021993;774 871;B01;1;7;0;2;1;1;1;
33784;202200021993;774 872;A01;2;7;0;2;4;1;1;
33785;202200021994;774 868;B01;1;10;0;2;1;1;1;
33786;202200021994;774 869;A01;1;10;0;2;4;1;1;
33787;202200021996;774 864;B01;1;33;0;2;2;1;1;
33788;202200021996;774 865;A01;1;10;0;2;8;11;1;
33789;202200021997;774 861;C01;2;7;0;2;4;23;1;
33790;202200021997;774 862;B01;2;7;0;2;4;23;1;
33791;202200021997;774 863;A01;2;7;0;2;1;1;1;
33792;202200021998;774 858;A01;1;14;4;2;2;26;1;
33793;202200021998;774 859;B01;1;7;4;2;6;0;1;
33794;202200021998;774 860;C01;1;7;4;2;4;0;1;
33795;202200021999;774 856;A01;2;10;0;2;5;1;1;
33796;202200021999;774 857;B01;2;33;0;2;3;2;1;
33797;202200022000;774 852;C01;2;7;0;2;6;2;2;
33798;202200022000;774 853;D01;2;7;0;2;6;2;1;
33799;202200022000;774 854;B01;2;33;0;2;7;12;1;
33800;202200022000;774 855;A01;2;33;0;2;1;3;1;
33801;202200022001;774 850;A01;2;31;0;2;1;3;1;
33802;202200022001;774 851;B01;2;7;0;2;4;0;1;
33803;202200022002;774 846;A01;2;7;0;2;4;23;1;
33804;202200022002;774 847;D01;2;13;0;2;1;2;1;
33805;202200022002;774 848;B01;2;7;0;2;4;26;1;
33806;202200022002;774 849;C01;2;7;0;2;4;26;3;
33807;202200022003;774 845;A01;3;7;0;1;1;1;1;
33808;202200022004;774 843;A01;3;7;0;2;2;15;1;
33809;202200022004;774 844;B01;3;33;0;2;1;1;1;
33810;202200022005;774 840;A01;1;7;0;2;1;2;3;
33811;202200022005;774 841;C01;1;7;0;2;4;2;2;
33812;202200022005;774 842;B01;1;10;0;2;1;2;1;
33813;202200022006;774 839;A01;1;1;0;0;1;0;5;
33814;202200022009;774 833;B01;1;37;0;2;1;2;1;1.0
33815;202200022009;774 834;A01;1;7;0;2;4;16;1;
33816;202200022010;774 832;A01;2;14;0;1;5;9;1;
33817;202200022011;774 830;A01;1;7;0;2;8;13;1;
33818;202200022011;774 831;B01;1;1;0;2;7;1;0;
33819;202200022012;774 829;A01;3;31;0;0;7;1;1;
33820;202200022013;774 828;A01;3;10;0;1;4;20;1;
33821;202200022014;774 827;A01;1;7;14;9;9;0;1;
33822;202200022015;774 825;B01;1;33;0;2;1;1;1;
33823;202200022015;774 826;A01;2;7;0;2;1;15;1;
33824;202200022016;774 824;A01;3;7;0;1;2;1;1;
33825;202200022017;774 820;B01;1;33;0;2;1;3;1;
33826;202200022017;774 821;A01;1;7;0;2;1;15;1;
33827;202200022018;774 818;B01;3;7;0;2;2;1;1;
33828;202200022018;774 819;A01;3;7;0;2;3;20;1;
33829;202200022019;774 817;A01;2;2;0;1;1;1;1;
33830;202200022020;774 815;A01;1;33;0;2;1;1;1;
33831;202200022020;774 816;B01;1;7;0;2;4;1;1;
33832;202200022021;774 813;A01;2;7;0;2;1;1;1;
33833;202200022021;774 814;B01;1;33;0;2;7;1;1;
33834;202200022022;774 811;B01;3;1;0;2;0;0;5;
33835;202200022022;774 812;A01;3;7;0;2;0;0;0;
33836;202200022023;774 809;B01;1;41;0;0;0;0;1;
33837;202200022023;774 810;A01;0;7;0;2;1;2;1;
33838;202200022024;774 806;A01;3;7;0;1;7;1;1;
33839;202200022025;774 805;A01;3;7;0;1;4;20;1;
33840;202200022026;774 803;B01;1;7;0;2;3;1;1;
33841;202200022026;774 804;A01;2;7;0;2;3;13;1;
33842;202200022027;774 800;A01;3;10;0;2;1;2;1;
33843;202200022027;774 801;B01;3;7;0;2;1;2;1;
33844;202200022027;774 802;C01;3;7;0;2;4;2;1;
33845;202200022028;774 798;A01;0;33;0;2;7;1;1;
33846;202200022028;774 799;B01;0;7;0;2;1;15;1;
33847;202200022030;774 795;A01;3;7;0;2;8;9;1;
33848;202200022030;774 796;B01;3;7;0;2;1;1;1;
33849;202200022033;774 788;A01;1;10;0;2;5;16;1;
33850;202200022033;774 789;B01;3;7;0;2;0;0;1;
33851;202200022035;774 785;A01;1;7;0;2;2;17;1;
33852;202200022035;774 786;B01;1;1;0;2;8;1;5;
33853;202200022036;774 783;B01;3;50;0;2;1;1;3;
33854;202200022036;774 784;A01;0;7;0;2;7;9;1;
33855;202200022037;774 781;A01;1;10;0;2;3;9;1;
33856;202200022037;774 782;B01;2;80;0;2;1;1;3;
33857;202200022038;774 780;A01;1;7;0;1;1;1;1;
33858;202200022039;774 778;B01;2;7;0;2;6;1;1;
33859;202200022039;774 779;A01;3;30;0;2;1;1;1;
33860;202200022040;774 777;A01;1;7;6;0;1;19;1;
33861;202200022041;774 776;A01;3;7;0;1;3;1;1;
33862;202200022042;774 774;A01;1;7;0;2;4;1;1;
33863;202200022042;774 775;B01;1;7;0;2;4;1;1;
33864;202200022043;774 772;B01;1;31;6;2;4;16;1;
33865;202200022043;774 773;A01;1;7;0;2;1;1;1;
33866;202200022044;774 771;A01;1;17;4;0;2;1;1;
33867;202200022045;774 769;A01;2;7;0;9;1;1;1;
33868;202200022045;774 770;B01;1;60;0;2;1;19;5;
33869;202200022046;774 767;B01;1;7;0;0;4;23;1;
33870;202200022046;774 768;A01;1;7;0;2;1;2;1;
33871;202200022047;774 761;A01;0;7;0;2;1;1;1;
33872;202200022047;774 764;B01;0;7;0;2;7;15;1;
33873;202200022048;774 760;A01;1;10;1;0;1;2;1;
33874;202200022048;774 762;B01;1;10;3;2;4;24;1;
33875;202200022048;774 763;C01;1;7;3;0;4;24;1;
33876;202200022050;774 757;A01;3;7;0;0;9;1;1;
33877;202200022051;774 755;B01;1;7;0;2;6;16;1;
33878;202200022051;774 756;A01;2;50;0;2;1;9;3;
33879;202200022053;774 751;B01;2;7;0;2;3;1;1;
33880;202200022053;774 752;A01;1;7;0;2;1;13;1;
33881;202200022054;774 749;A01;1;7;1;0;2;1;1;