;Num_Acc;id_vehicule;num_veh;senc;catv;obs;obsm;choc;manv;motor;occutc
33882;202200022055;774 748;B01;2;33;0;2;1;1;1;
33883;202200022055;774 750;A01;1;7;0;2;3;15;1;
33884;202200022057;774 743;B01;1;7;0;2;1;1;0;
33885;202200022057;774 744;A01;1;7;0;2;8;15;0;
33886;202200022058;774 745;A01;3;1;15;0;1;1;5;
33887;202200022059;774 742;A01;1;31;0;0;8;1;1;
33888;202200022060;774 740;B01;2;1;0;2;1;15;5;
33889;202200022060;774 741;A01;2;50;0;2;3;1;3;
33890;202200022061;774 738;A01;2;37;0;1;7;16;1;1.0
33891;202200022062;774 737;B01;2;7;0;2;3;1;1;
33892;202200022062;774 739;A01;1;7;8;2;3;13;1;
33893;202200022063;774 736;A01;1;7;0;1;2;1;1;
33894;202200022064;774 733;B01;1;7;0;2;2;15;1;
33895;202200022064;774 735;A01;2;33;0;2;1;1;1;
33896;202200022065;774 732;B01;1;10;0;0;4;24;1;
33897;202200022065;774 734;A01;1;17;1;0;1;14;1;
33898;202200022067;774 729;A01;3;7;0;1;3;1;0;
33899;202200022068;774 728;A01;2;7;13;0;3;13;1;
33900;202200022069;774 727;A01;0;7;2;0;1;1;1;
33901;202200022070;774 725;B01;3;7;0;2;3;1;1;
33902;202200022070;774 726;A01;0;31;0;2;1;13;1;
33903;202200022071;774 724;A01;3;7;0;1;1;1;1;
33904;202200022072;774 723;A01;3;7;0;1;1;1;1;
33905;202200022074;774 719;A01;3;7;15;2;1;2;1;
33906;202200022074;774 721;B01;3;7;0;2;5;2;1;
33907;202200022075;774 717;A01;1;7;0;2;7;1;1;
33908;202200022075;774 718;B01;1;1;0;2;1;1;5;
33909;202200022076;774 715;B01;2;7;0;2;1;2;1;
33910;202200022076;774 716;A01;1;7;0;2;1;11;1;
33911;202200022077;774 713;B01;2;2;0;2;1;1;1;
33912;202200022077;774 714;A01;1;7;0;2;1;15;1;
33913;202200022078;774 712;A01;1;7;0;1;1;9;1;
33914;202200022079;774 711;A01;1;7;8;0;1;1;1;
33915;202200022080;774 710;A01;2;7;0;1;3;0;1;
33916;202200022082;774 705;A01;1;10;4;2;1;13;1;
33917;202200022082;774 706;B01;2;7;0;2;2;1;1;
33918;202200022083;774 702;C01;1;7;0;2;1;1;1;
33919;202200022083;774 703;B01;1;7;0;2;4;1;1;
33920;202200022083;774 704;A01;1;7;0;2;4;1;1;
33921;202200022084;774 700;A01;1;13;0;2;3;1;1;
33922;202200022084;774 701;B01;1;7;0;2;4;2;1;
33923;202200022086;774 696;A01;2;7;0;2;7;12;1;
33924;202200022086;774 697;B01;2;31;0;2;8;1;1;
33925;202200022088;774 692;A01;1;10;0;2;6;1;1;
33926;202200022088;774 693;B01;1;13;0;2;2;12;1;
33927;202200022089;774 690;B01;2;32;0;2;2;3;1;
33928;202200022089;774 691;A01;2;7;0;2;6;11;1;
33929;202200022090;774 688;A01;1;7;0;2;7;12;1;
33930;202200022090;774 689;B01;1;33;0;2;8;3;1;
33931;202200022091;774 686;B01;1;7;0;2;4;1;2;
33932;202200022091;774 687;A01;1;7;0;2;1;12;1;
33933;202200022092;774 683;A01;1;33;0;2;8;3;1;
33934;202200022092;774 684;B01;1;7;0;2;7;12;1;
33935;202200022092;774 685;C01;1;7;0;2;8;1;2;
33936;202200022093;774 682;A01;1;7;3;0;9;26;1;
33937;202200022094;774 680;A01;1;10;0;2;1;2;1;
33938;202200022094;774 681;B01;1;7;0;2;4;2;1;
33939;202200022095;774 679;A01;1;33;4;0;1;3;1;
33940;202200022096;774 676;A01;2;7;0;2;1;2;1;
33941;202200022096;774 677;B01;2;7;0;2;4;2;1;
33942;202200022096;774 678;C01;2;7;0;2;4;0;1;
33943;202200022097;774 675;A01;2;33;14;0;1;26;3;
33944;202200022098;774 671;Z01;2;7;4;2;9;26;1;
33945;202200022098;774 672;C01;2;7;0;2;4;1;1;
33946;202200022098;774 673;B01;2;7;0;2;4;1;1;
33947;202200022098;774 674;A01;2;7;0;2;4;1;1;
33948;202200022100;774 668;B01;3;7;0;2;4;26;1;
33949;202200022100;774 669;A01;3;7;0;2;1;11;1;
33950;202200022101;774 667;A01;2;10;8;0;2;13;1;
33951;202200022102;774 666;A01;1;7;2;0;1;26;1;
33952;202200022103;774 664;B01;2;7;0;2;4;23;1;
33953;202200022103;774 665;A01;2;7;0;2;1;2;1;
33954;202200022104;774 662;B01;1;10;0;2;0;2;1;
33955;202200022104;774 663;A01;1;34;0;2;0;26;1;
33956;202200022105;774 660;A01;2;7;0;2;4;12;1;
33957;202200022105;774 661;B01;2;33;0;2;1;1;1;
33958;202200022106;774 658;A01;2;7;0;2;8;17;2;
33959;202200022106;774 659;B01;2;7;0;2;2;15;2;
33960;202200022107;774 657;A01;1;10;0;1;2;1;1;
33961;202200022108;774 653;A01;2;7;0;2;2;0;1;
33962;202200022108;774 654;B01;2;1;0;2;2;9;5;
33963;202200022109;774 652;A01;2;10;9;0;1;14;1;
33964;202200022110;774 650;A01;3;7;0;9;3;13;1;
33965;202200022111;774 649;A01;3;7;1;0;1;13;1;
33966;202200022112;774 648;A01;1;7;12;0;1;1;1;
33967;202200022113;774 646;B01;1;7;0;2;3;2;1;
33968;202200022113;774 647;Z01;1;7;0;2;2;17;0;
33969;202200022114;774 644;V01;3;7;0;2;3;1;1;
33970;202200022114;774 645;A01;3;7;0;2;1;15;1;
33971;202200022115;774 642;A01;0;7;0;2;2;26;1;
33972;202200022115;774 643;B01;0;7;0;2;7;1;1;
33973;202200022116;774 640;B01;3;33;0;2;1;1;1;
33974;202200022116;774 641;A01;3;7;0;2;3;19;1;
33975;202200022117;774 636;B01;0;7;0;2;1;19;1;
33976;202200022117;774 638;A01;0;7;0;2;3;19;1;
33977;202200022118;774 637;A01;3;7;0;2;1;21;1;
33978;202200022118;774 639;B01;3;7;0;2;6;1;1;
33979;202200022119;774 635;A01;3;7;0;1;1;1;1;
33980;202200022120;774 633;B01;1;1;0;2;7;26;5;
33981;202200022120;774 634;A01;2;7;0;9;1;1;1;
33982;202200022121;774 631;B01;0;7;0;2;0;0;1;
33983;202200022121;774 632;A01;0;7;0;2;0;0;1;
33984;202200022122;774 627;A01;1;7;0;2;4;1;1;
33985;202200022122;774 629;B01;1;7;0;2;1;1;1;
33986;202200022123;774 628;B01;3;7;0;2;3;15;1;
33987;202200022123;774 630;A01;1;99;0;2;1;1;1;
33988;202200022124;774 626;A01;3;7;0;1;1;16;1;
33989;202200022125;774 625;A01;3;7;0;1;8;15;1;
33990;202200022126;774 622;A01;2;7;0;2;1;1;1;
33991;202200022126;774 623;B01;2;7;0;2;1;1;1;
33992;202200022126;774 624;Z01;1;7;0;2;1;5;1;
33993;202200022127;774 618;B01;1;2;0;2;8;2;1;
33994;202200022127;774 620;A01;1;7;0;2;7;9;1;
33995;202200022128;774 619;A01;2;7;0;2;1;13;1;
33996;202200022128;774 621;B01;2;7;0;2;6;11;1;
33997;202200022129;774 617;A01;1;7;3;0;9;26;1;
33998;202200022130;774 614;A01;0;7;0;0;0;0;0;
33999;202200022130;774 616;B01;2;80;0;2;8;15;3;
34000;202200022131;774 613;B01;3;1;0;2;4;1;5;
34001;202200022131;774 615;A01;3;7;0;2;2;9;1;
34002;202200022132;774 612;A01;1;7;0;0;9;1;1;
34003;202200022134;774 610;B01;1;7;0;2;1;1;1;
34004;202200022134;774 611;A01;2;10;0;2;8;1;1;
34005;202200022135;774 605;B01;1;7;0;0;4;23;1;
34006;202200022135;774 608;A01;1;7;3;2;1;1;1;
34007;202200022136;774 606;B01;2;7;0;2;0;0;1;
34008;202200022136;774 607;A01;2;33;0;2;6;17;1;
34009;202200022137;774 602;A01;1;7;0;2;2;26;1;
34010;202200022137;774 604;B01;1;7;0;2;3;26;3;
34011;202200022138;774 603;A01;1;20;0;0;0;0;1;
34012;202200022139;774 599;B01;1;7;0;2;3;15;1;
34013;202200022139;774 601;A01;1;7;0;2;1;1;1;
34014;202200022141;774 597;DA01;2;7;15;0;1;14;2;
34015;202200022142;774 593;A01;1;7;0;2;1;1;1;
34016;202200022142;774 594;B01;1;1;0;2;1;1;5;
34017;202200022143;774 595;B01;1;7;0;2;2;15;1;
34018;202200022143;774 596;A01;2;30;0;2;1;1;0;
34019;202200022144;774 591;A01;3;10;0;1;6;26;1;
34020;202200022145;774 590;A01;0;7;0;9;0;0;1;
34021;202200022145;774 592;B01;0;1;0;2;1;1;5;
34022;202200022146;774 588;A01;3;7;0;1;2;1;1;
34023;202200022147;774 587;A01;3;7;0;2;3;15;1;
34024;202200022147;774 589;B01;3;30;0;2;1;1;1;
34025;202200022149;774 584;A01;1;7;0;2;2;16;1;
34026;202200022149;774 585;B01;1;1;0;2;6;1;5;
34027;202200022150;774 580;B01;1;33;0;2;8;1;1;
34028;202200022150;774 581;C01;2;7;0;2;1;23;1;
34029;202200022150;774 583;A01;1;10;0;2;1;1;1;
34030;202200022151;774 582;A01;1;7;6;0;1;1;1;
34031;202200022152;774 577;B01;3;31;0;2;1;1;1;
34032;202200022152;774 579;A01;3;7;0;2;3;15;1;
34033;202200022153;774 576;A01;2;7;0;2;1;2;1;
34034;202200022153;774 578;B01;2;7;0;2;4;2;1;
34035;202200022154;774 575;A01;1;7;4;0;1;1;1;
34036;202200022155;774 573;A01;1;32;0;9;1;1;1;
34037;202200022155;774 574;B01;2;50;0;2;1;1;3;
34038;202200022156;774 571;A01;1;30;0;2;7;17;3;
34039;202200022156;774 572;B01;1;60;0;2;8;1;5;
34040;202200022157;774 569;A01;2;7;0;1;3;15;1;
34041;202200022158;774 568;A01;1;7;0;2;1;13;1;
34042;202200022158;774 570;B01;2;7;0;2;3;1;3;
34043;202200022159;774 566;B01;2;7;0;2;1;1;1;
34044;202200022159;774 567;A01;2;50;0;2;7;1;3;
34045;202200022160;774 563;A01;2;7;0;1;2;15;2;
34046;202200022161;774 561;D01;2;7;0;2;3;1;1;
34047;202200022161;774 562;C01;2;33;0;2;2;1;1;
34048;202200022161;774 564;B01;2;33;0;2;1;1;1;
34049;202200022161;774 565;A01;1;7;0;2;3;13;1;
34050;202200022162;774 559;A01;3;7;0;2;3;13;2;
34051;202200022162;774 560;B01;1;32;0;2;5;1;1;
34052;202200022163;774 558;A01;2;1;12;0;1;14;5;
34053;202200022164;774 557;A01;2;7;0;1;1;1;1;
34054;202200022165;774 553;A01;1;7;4;0;7;1;1;
34055;202200022165;774 555;B01;1;0;0;2;0;0;0;
34056;202200022166;774 552;A01;1;7;0;2;1;2;1;
34057;202200022166;774 554;B01;1;30;0;2;4;23;1;
34058;202200022166;774 556;C01;1;7;0;2;4;23;1;
34059;202200022167;774 549;A01;2;30;0;2;2;18;1;
34060;202200022167;774 551;B01;2;7;0;2;2;16;1;
34061;202200022168;774 548;B01;2;7;0;2;4;1;1;
34062;202200022168;774 550;A01;1;7;0;2;1;2;1;
34063;202200022169;774 546;A01;1;34;0;2;1;26;1;
34064;202200022169;774 547;B01;2;7;0;2;1;1;1;
34065;202200022170;774 545;A01;2;30;12;0;2;1;1;
34066;202200022171;774 542;A01;1;7;0;2;7;19;1;
34067;202200022171;774 544;B01;1;10;0;2;1;0;0;
34068;202200022174;774 538;A01;3;7;1;0;1;26;0;
34069;202200022175;774 537;A01;2;32;0;2;1;1;1;
34070;202200022175;774 539;B01;2;7;0;2;3;15;2;
34071;202200022176;774 534;B01;3;10;0;2;3;9;1;
34072;202200022176;774 536;A01;3;7;0;2;1;26;1;
34073;202200022178;774 531;B01;0;1;0;2;1;19;0;
34074;202200022178;774 533;A01;3;7;0;1;1;16;1;
34075;202200022179;774 532;A01;0;33;0;0;9;0;1;
34076;202200022180;774 528;Z01;1;7;0;2;0;1;0;
34077;202200022180;774 530;B01;2;30;0;2;3;5;1;
34078;202200022182;774 525;A01;2;7;0;2;8;10;1;
34079;202200022182;774 526;B01;2;33;0;2;1;1;1;
34080;202200022183;774 521;A01;1;7;0;2;8;9;1;
34081;202200022183;774 523;B01;2;3;0;2;1;1;1;
34082;202200022185;774 519;A01;3;7;0;1;4;22;6;
34083;202200022186;774 518;B01;1;7;0;2;1;17;1;
34084;202200022186;774 520;A01;1;7;0;0;6;15;1;
34085;202200022187;774 517;A01;1;7;0;1;1;1;1;
34086;202200022188;774 516;A01;1;7;0;1;1;1;1;
34087;202200022189;774 513;A01;2;7;0;2;3;1;1;
34088;202200022189;774 515;B01;1;7;0;2;3;13;1;
34089;202200022190;774 512;B01;2;7;0;2;7;12;1;
34090;202200022190;774 514;A01;2;33;0;2;3;3;1;
34091;202200022193;774 505;A01;1;7;2;0;7;0;1;
34092;202200022194;774 506;A01;2;7;4;2;1;14;1;
34093;202200022195;774 504;A01;2;7;6;0;0;0;1;
34094;202200022196;774 500;A01;2;7;0;1;2;1;1;
34095;202200022197;774 501;A01;2;7;0;2;1;2;1;
34096;202200022197;774 502;B01;2;7;0;2;4;2;1;
34097;202200022197;774 503;C01;2;7;0;2;4;1;1;
34098;202200022198;774 497;B01;1;34;0;2;1;1;1;
34099;202200022198;774 499;A01;2;7;0;2;2;15;2;
34100;202200022199;774 495;A01;1;7;0;2;1;12;1;
34101;202200022199;774 496;B01;1;7;0;2;4;1;1;
34102;202200022199;774 498;C01;1;7;0;2;4;1;1;
34103;202200022200;774 494;A01;1;7;2;0;1;1;1;
34104;202200022202;774 491;B01;0;1;0;2;1;1;5;
34105;202200022202;774 493;A01;0;7;0;2;2;1;3;
34106;202200022203;774 489;B01;2;38;0;2;3;1;1;2.0
34107;202200022203;774 490;A01;1;7;0;2;8;1;1;
34108;202200022204;774 484;C01;1;7;0;2;3;1;1;
34109;202200022204;774 486;B01;2;33;0;2;1;1;1;
34110;202200022204;774 488;A01;1;7;0;2;5;15;1;
34111;202200022205;774 485;B01;1;2;0;2;1;1;1;
34112;202200022205;774 487;A01;2;7;0;2;2;15;1;
34113;202200022206;774 483;A01;1;7;2;0;1;1;1;
34114;202200022207;774 481;B01;1;7;0;2;4;15;1;
34115;202200022207;774 482;A01;1;30;0;2;1;17;1;
34116;202200022208;774 480;A01;2;7;13;0;1;1;1;
34117;202200022210;774 475;A01;2;7;0;2;2;1;1;
34118;202200022210;774 476;B01;1;7;0;2;1;15;1;
34119;202200022211;774 473;A01;2;7;7;0;1;1;1;
34120;202200022212;774 472;A01;1;50;0;2;2;15;3;
34121;202200022212;774 474;B01;1;7;0;2;3;16;1;
34122;202200022213;774 471;A01;1;7;2;0;1;14;1;
34123;202200022214;774 467;A01;3;10;0;2;2;19;1;
34124;202200022214;774 469;B01;3;7;0;2;1;1;1;
34125;202200022215;774 468;A01;0;7;0;2;7;15;1;
34126;202200022215;774 470;B01;0;7;0;2;1;2;1;
34127;202200022216;774 466;A01;2;7;0;1;1;2;1;
34128;202200022217;774 465;A01;1;7;0;1;1;1;1;
34129;202200022218;774 464;A01;1;7;2;0;9;6;1;
34130;202200022219;774 462;A01;1;2;12;0;1;14;1;
34131;202200022220;774 461;A01;2;10;0;2;4;23;1;
34132;202200022220;774 463;B01;2;7;0;2;1;2;1;
34133;202200022221;774 460;A01;3;7;6;0;1;1;1;
34134;202200022222;774 459;A01;3;32;15;0;8;1;1;
34135;202200022223;774 457;B01;1;7;0;2;4;0;1;
34136;202200022223;774 458;A01;1;7;0;2;1;26;1;
34137;202200022224;774 455;A01;1;2;0;2;1;1;1;
34138;202200022224;774 456;B01;2;20;0;2;2;19;1;
34139;202200022225;774 453;B01;3;99;2;2;1;1;0;
34140;202200022225;774 454;A01;3;7;2;2;7;19;0;
34141;202200022226;774 449;A01;1;7;0;2;1;13;1;
34142;202200022226;774 451;B01;1;7;0;0;1;21;1;
34143;202200022226;774 452;C01;1;7;0;2;1;0;1;
34144;202200022227;774 448;A01;3;7;0;2;3;1;2;
34145;202200022227;774 450;B01;3;50;0;2;2;26;3;
34146;202200022228;774 446;B01;1;7;0;2;3;1;1;
34147;202200022228;774 447;A01;2;7;0;2;3;1;1;
34148;202200022229;774 443;A01;3;1;0;0;0;1;5;
34149;202200022230;774 444;A01;1;33;0;2;3;18;1;
34150;202200022230;774 445;B01;1;7;0;2;5;16;2;
34151;202200022231;774 442;A01;1;33;0;0;0;1;1;
34152;202200022232;774 440;B01;2;7;0;2;1;17;1;
34153;202200022232;774 441;A01;2;7;0;0;6;15;1;
34154;202200022233;774 439;A01;1;7;0;1;3;1;1;
34155;202200022234;774 437;A01;0;7;0;0;9;1;1;
34156;202200022235;774 436;A01;2;7;6;0;1;1;1;
34157;202200022237;774 433;B01;0;7;0;2;1;21;1;
34158;202200022237;774 434;A01;0;7;9;2;1;1;1;
34159;202200022238;774 431;B01;1;7;3;2;3;1;1;
34160;202200022238;774 432;A01;1;7;3;2;2;17;1;
34161;202200022239;774 427;A01;2;7;0;9;1;1;1;
34162;202200022239;774 428;B01;2;1;0;2;7;1;5;
34163;202200022240;774 426;A01;0;7;0;2;2;19;1;
34164;202200022240;774 429;B01;0;7;0;2;1;1;1;
34165;202200022241;774 423;A01;1;7;0;2;4;2;1;
34166;202200022241;774 425;B01;1;7;0;2;1;2;1;
34167;202200022242;774 424;A01;1;10;0;1;2;2;1;
34168;202200022243;774 420;A01;2;7;3;2;5;14;1;
34169;202200022243;774 422;B01;2;33;3;2;3;3;1;
34170;202200022244;774 416;A01;2;7;0;2;1;1;1;
34171;202200022244;774 417;B01;2;7;0;0;4;23;1;
34172;202200022245;774 415;D01;1;7;0;0;8;2;2;
34173;202200022245;774 418;C01;1;7;0;2;4;2;1;
34174;202200022245;774 419;B01;1;10;13;2;4;1;1;
34175;202200022245;774 421;A01;1;15;0;2;1;2;1;
34176;202200022246;774 412;C01;2;7;0;2;1;1;1;
34177;202200022246;774 413;B01;2;7;0;2;4;1;1;
34178;202200022246;774 414;A01;2;7;0;2;4;1;3;
34179;202200022247;774 411;A01;3;7;0;1;3;1;1;
34180;202200022248;774 408;A01;1;7;0;2;2;1;1;
34181;202200022248;774 410;B01;1;10;1;0;6;23;1;
34182;202200022249;774 407;B01;1;43;0;2;1;1;1;
34183;202200022249;774 409;A01;1;7;0;2;1;26;1;
34184;202200022250;774 405;A01;1;7;0;2;1;0;2;
34185;202200022250;774 406;B01;1;10;0;2;4;1;1;
34186;202200022251;774 399;A01;1;7;0;2;1;1;1;
34187;202200022251;774 401;B01;1;7;0;2;4;2;1;
34188;202200022252;774 400;A01;1;10;0;2;1;1;1;
34189;202200022252;774 402;C01;2;7;0;2;9;1;1;
34190;202200022252;774 403;B01;1;7;0;2;6;1;1;
34191;202200022252;774 404;D01;1;7;0;2;1;1;1;
34192;202200022253;774 397;B01;2;33;0;2;7;0;1;
34193;202200022253;774 398;A01;2;7;0;2;6;21;1;
34194;202200022254;774 395;B01;1;7;0;2;8;1;1;
34195;202200022254;774 396;A01;1;31;0;2;1;1;1;
34196;202200022255;774 393;A01;1;7;0;2;1;2;1;
34197;202200022255;774 394;B01;1;7;0;2;3;2;1;
34198;202200022256;774 392;A01;1;7;12;0;9;1;1;
34199;202200022257;774 389;A01;2;2;17;0;1;1;1;
34200;202200022258;774 388;A01;2;7;0;2;1;5;1;
34201;202200022258;774 390;B01;1;7;0;2;1;1;1;
34202;202200022258;774 391;C01;1;7;0;2;1;1;1;
34203;202200022259;774 387;A01;3;7;0;1;2;26;1;
34204;202200022260;774 385;A01;2;7;0;2;1;2;1;
34205;202200022260;774 386;B01;2;7;0;2;4;2;1;
34206;202200022261;774 384;A01;3;7;9;0;1;1;1;
34207;202200022262;774 381;B01;1;7;0;2;1;2;1;
34208;202200022262;774 382;A01;1;10;0;2;4;1;1;
34209;202200022262;774 383;C01;1;32;0;2;1;2;1;
34210;202200022264;774 379;B01;0;7;0;2;1;1;1;
34211;202200022264;774 380;A01;0;7;0;2;8;19;1;
34212;202200022265;774 374;B01;1;7;0;2;1;1;1;
34213;202200022265;774 376;A01;2;33;0;2;1;13;1;
34214;202200022266;774 371;E01;2;7;0;2;2;0;1;
34215;202200022266;774 372;D01;2;7;0;2;4;2;1;
34216;202200022266;774 373;C01;2;7;0;2;5;2;1;
34217;202200022266;774 375;B01;2;7;0;2;4;2;1;
34218;202200022266;774 377;A01;2;7;0;2;1;1;1;
34219;202200022267;774 370;A01;1;7;0;1;3;0;1;
34220;202200022268;774 369;A01;0;7;0;1;1;0;1;
34221;202200022269;774 366;A01;2;33;6;0;1;13;1;
34222;202200022270;774 365;A01;1;7;0;0;4;23;1;
34223;202200022270;774 367;B01;1;7;1;0;4;23;1;
34224;202200022270;774 368;C01;1;7;1;0;1;2;1;
34225;202200022271;774 362;B01;1;2;0;2;8;19;1;
34226;202200022271;774 364;A01;1;7;0;2;1;9;1;
34227;202200022272;774 357;B01;1;1;0;2;4;9;5;
34228;202200022272;774 359;A01;1;7;0;2;2;21;1;
34229;202200022273;774 355;A01;1;7;0;2;3;13;1;
34230;202200022273;774 356;B01;2;14;0;2;8;1;1;
34231;202200022273;774 358;C01;2;7;0;2;1;1;1;
34232;202200022273;774 360;D01;2;7;0;2;8;1;1;
34233;202200022273;774 361;E01;2;7;0;2;8;1;3;
34234;202200022273;774 363;F01;1;7;14;0;1;1;1;
34235;202200022274;774 354;A01;1;7;10;0;1;1;1;
34236;202200022275;774 353;A01;0;21;10;0;3;14;1;
34237;202200022276;774 351;B01;3;32;0;2;1;1;1;
34238;202200022276;774 352;A01;3;7;0;2;8;15;1;
34239;202200022277;774 350;A01;2;7;16;0;9;1;1;
34240;202200022278;774 348;B01;2;7;0;2;6;24;1;
34241;202200022278;774 349;A01;2;7;1;0;1;1;1;
34242;202200022279;774 345;A01;1;7;0;2;3;1;1;
34243;202200022279;774 347;B01;2;10;0;2;3;1;1;
34244;202200022280;774 342;B01;2;7;0;2;0;1;0;
34245;202200022280;774 343;A01;2;1;0;0;8;1;5;
34246;202200022281;774 340;B01;3;7;0;2;2;0;0;
34247;202200022281;774 341;A01;3;7;0;2;5;9;1;
34248;202200022282;774 337;B01;3;21;3;2;1;0;1;
34249;202200022282;774 339;A01;3;7;3;2;9;1;1;
34250;202200022283;774 336;A01;2;7;0;2;2;2;1;
34251;202200022283;774 338;B01;2;1;0;2;4;2;5;
34252;202200022284;774 333;B01;2;7;0;2;1;1;1;
34253;202200022284;774 335;A01;2;7;0;2;7;1;1;
34254;202200022285;774 334;A01;1;7;13;0;1;1;1;
34255;202200022286;774 331;A01;1;7;13;0;2;1;1;
34256;202200022287;774 330;B01;2;1;0;2;8;19;5;
34257;202200022287;774 332;A01;2;7;0;2;2;1;1;
34258;202200022288;774 328;A01;1;30;15;0;7;1;1;
34259;202200022289;774 329;A01;2;7;2;0;1;13;1;
34260;202200022290;774 327;A01;1;2;0;0;7;1;1;
34261;202200022291;774 325;A01;1;7;1;1;2;2;1;
34262;202200022292;774 324;A01;1;7;0;2;1;2;1;
34263;202200022292;774 326;B01;1;2;0;0;8;23;1;
34264;202200022293;774 321;B01;2;7;0;2;1;1;0;
34265;202200022293;774 323;A01;1;1;0;2;8;1;5;
34266;202200022294;774 320;B01;1;7;0;2;1;1;1;
34267;202200022294;774 322;A01;2;7;0;2;1;13;1;
34268;202200022295;774 319;A01;1;7;9;0;2;15;1;
34269;202200022296;774 317;B01;1;7;0;2;2;15;1;
34270;202200022296;774 318;A01;2;33;0;2;1;1;1;
34271;202200022297;774 315;A01;1;7;0;2;4;20;1;
34272;202200022297;774 316;B01;1;30;0;2;1;21;1;
34273;202200022298;774 311;B01;2;7;0;0;4;12;1;
34274;202200022298;774 314;A01;2;10;0;2;1;1;1;
34275;202200022299;774 312;A01;1;7;0;2;2;26;1;
34276;202200022299;774 313;B01;1;7;0;2;1;0;1;
34277;202200022300;774 308;A01;0;7;7;2;1;17;1;
34278;202200022300;774 310;B01;0;1;0;2;4;2;5;
34279;202200022301;774 307;A01;0;7;0;1;1;15;1;
34280;202200022303;774 301;A01;2;7;1;0;3;13;1;
34281;202200022304;774 299;A01;0;7;0;1;0;26;0;
34282;202200022305;774 298;A01;2;7;0;0;1;1;1;
34283;202200022305;774 300;B01;2;7;0;0;4;1;1;
34284;202200022305;774 302;C01;2;7;0;0;4;1;1;
34285;202200022306;774 296;B01;3;7;0;2;4;1;1;
34286;202200022306;774 297;A01;3;7;0;2;1;1;1;
34287;202200022308;774 293;A01;1;10;0;2;1;9;1;
34288;202200022308;774 295;B01;2;7;0;2;7;1;1;
34289;202200022309;774 292;A01;1;33;0;0;0;1;1;
34290;202200022310;774 291;A01;1;7;6;0;1;1;1;
34291;202200022312;774 288;A01;2;7;0;9;3;19;1;
34292;202200022312;774 290;B01;2;1;0;2;1;1;5;
34293;202200022313;774 286;A01;1;7;0;2;8;11;2;
34294;202200022313;774 287;B01;1;32;0;2;7;13;0;
34295;202200022314;774 285;A01;1;7;4;0;1;13;1;
34296;202200022315;774 283;B01;3;7;0;2;3;2;1;
34297;202200022315;774 284;A01;3;30;0;2;3;1;1;
34298;202200022316;774 280;A01;2;7;0;2;1;2;1;
34299;202200022316;774 282;B01;2;7;0;0;6;2;1;
34300;202200022317;774 278;A01;1;7;2;0;1;14;1;
34301;202200022319;774 277;A01;1;10;0;1;2;20;1;
34302;202200022320;774 275;A01;1;7;0;2;3;15;1;
34303;202200022320;774 276;B01;1;32;0;2;1;0;1;
34304;202200022321;774 273;B01;3;33;0;2;1;2;1;
34305;202200022321;774 274;A01;3;7;0;2;1;1;1;
34306;202200022322;774 271;A01;3;33;0;2;1;1;1;
34307;202200022322;774 272;B01;3;33;0;2;1;1;1;
34308;202200022323;774 270;A01;3;7;0;1;1;15;1;
34309;202200022324;774 268;A01;1;7;0;9;2;2;1;
34310;202200022324;774 269;B01;1;1;0;0;4;1;5;
34311;202200022325;774 266;B01;1;7;0;2;7;1;1;
34312;202200022325;774 267;A01;2;7;0;2;1;1;1;
34313;202200022326;774 265;A01;2;7;0;1;1;9;1;
34314;202200022327;774 261;A01;1;10;0;2;3;2;3;
34315;202200022327;774 263;C01;1;7;0;2;4;2;3;
34316;202200022327;774 264;B01;1;7;0;2;5;2;1;
34317;202200022328;774 260;B01;0;7;0;2;1;19;1;
34318;202200022328;774 262;A01;2;2;0;0;7;1;1;
34319;202200022329;774 257;A01;1;33;0;2;1;2;1;
34320;202200022329;774 258;B01;1;10;0;2;4;2;1;
34321;202200022329;774 259;C01;1;7;0;2;4;2;1;
34322;202200022330;774 255;A01;1;7;0;2;1;1;1;
34323;202200022330;774 256;B01;2;7;0;2;1;1;2;
34324;202200022331;774 254;A01;2;7;0;1;7;1;1;
34325;202200022332;774 252;A01;3;7;0;1;3;1;1;
34326;202200022333;774 251;B01;3;7;0;2;1;1;1;
34327;202200022333;774 253;A01;3;7;0;2;3;26;1;
34328;202200022334;774 250;A01;1;30;0;1;1;5;1;
34329;202200022335;774 247;A01;2;10;0;1;7;16;1;
34330;202200022336;774 248;A01;3;2;0;2;1;26;1;
34331;202200022336;774 249;B01;3;7;0;2;3;26;1;
34332;202200022337;774 245;B01;2;7;0;2;3;15;1;
34333;202200022337;774 246;A01;2;30;0;2;5;23;3;
34334;202200022338;774 242;A01;2;43;0;1;3;1;1;
34335;202200022339;774 243;B01;2;7;0;2;1;21;1;
34336;202200022339;774 244;A01;1;7;0;2;1;5;1;
34337;202200022340;774 239;B01;1;7;0;2;2;2;1;
34338;202200022340;774 241;A01;1;1;0;2;4;1;5;
34339;202200022341;774 238;A01;2;7;0;2;3;1;3;
34340;202200022341;774 240;B01;2;1;0;2;4;15;5;
34341;202200022343;774 234;A01;1;7;0;2;4;9;1;
34342;202200022343;774 236;B01;1;1;0;2;1;1;5;
34343;202200022344;774 232;B01;1;33;0;2;1;1;1;