;Num_Acc;id_vehicule;num_veh;senc;catv;obs;obsm;choc;manv;motor;occutc
34344;202200022344;774 233;A01;2;7;0;2;1;15;1;
34345;202200022345;774 231;A01;1;7;13;0;3;0;1;
34346;202200022346;774 229;Z01;1;32;0;1;1;1;1;
34347;202200022347;774 226;B01;2;33;0;2;1;2;1;
34348;202200022347;774 227;A01;2;7;0;0;4;1;1;
34349;202200022348;774 224;B01;3;32;0;2;1;1;1;
34350;202200022348;774 225;A01;0;7;0;2;2;15;1;
34351;202200022349;774 221;B01;0;7;0;0;1;2;1;
34352;202200022349;774 223;A01;0;7;0;0;4;2;1;
34353;202200022351;774 220;A01;2;1;0;1;2;1;5;
34354;202200022352;774 215;A01;1;7;0;2;2;15;1;
34355;202200022352;774 218;B01;2;34;0;2;1;0;0;
34356;202200022353;774 216;B01;1;17;0;2;2;1;1;
34357;202200022353;774 219;A01;1;7;0;0;5;19;1;
34358;202200022354;774 214;B01;1;7;0;2;0;0;1;
34359;202200022354;774 217;A01;1;7;0;2;6;0;1;
34360;202200022355;774 211;A01;2;33;12;0;0;15;1;
34361;202200022356;774 209;A01;3;50;0;2;8;13;3;
34362;202200022356;774 212;B01;2;7;0;9;0;0;1;
34363;202200022357;774 210;A01;2;10;0;2;5;1;1;
34364;202200022357;774 213;B01;2;7;0;2;3;2;1;
34365;202200022358;774 204;B01;1;7;4;2;6;2;1;
34366;202200022358;774 207;A01;1;7;3;2;2;2;1;
34367;202200022359;774 203;C01;1;7;0;0;0;11;0;
34368;202200022359;774 205;B01;2;33;0;2;3;1;1;
34369;202200022359;774 206;A01;1;7;0;2;3;1;1;
34370;202200022360;774 201;A01;1;7;0;9;7;16;1;
34371;202200022360;774 202;B01;1;1;0;2;8;16;5;
34372;202200022361;774 194;A01;1;7;0;2;3;1;1;
34373;202200022361;774 196;B01;1;7;0;2;2;1;1;
34374;202200022362;774 193;B01;0;80;12;0;7;1;3;
34375;202200022362;774 195;A01;3;7;12;0;1;17;1;
34376;202200022363;774 188;B01;2;7;0;2;0;1;1;
34377;202200022363;774 190;A01;2;7;0;1;2;1;1;
34378;202200022364;774 189;A01;1;7;0;2;1;1;1;
34379;202200022364;774 191;E01;1;10;1;2;1;1;1;
34380;202200022364;774 192;D01;1;7;0;2;6;23;1;
34381;202200022364;774 197;C01;1;10;0;2;1;13;1;
34382;202200022364;774 198;B01;1;10;0;2;4;1;1;
34383;202200022364;774 200;F01;1;7;0;2;0;1;1;
34384;202200022365;774 187;A01;3;7;0;1;3;1;1;
34385;202200022366;774 185;A01;1;7;0;2;1;9;1;
34386;202200022366;774 186;B01;1;7;0;2;5;1;1;
34387;202200022367;774 182;A01;2;7;0;2;1;16;1;
34388;202200022367;774 184;B01;2;7;0;2;1;9;1;
34389;202200022368;774 180;A01;3;7;0;2;1;5;1;
34390;202200022368;774 181;B01;1;7;2;2;2;1;1;
34391;202200022369;774 177;A01;2;30;0;0;7;1;1;
34392;202200022370;774 176;B01;2;7;0;2;6;1;1;
34393;202200022370;774 179;A01;2;7;0;2;2;1;1;
34394;202200022370;774 183;C01;2;7;0;2;5;1;1;
34395;202200022371;774 175;A01;3;7;0;2;3;12;1;
34396;202200022371;774 178;B01;3;7;0;2;1;17;1;
34397;202200022372;774 174;A01;1;31;9;0;3;1;1;
34398;202200022373;774 170;A01;2;60;0;0;2;16;5;
34399;202200022374;774 166;A01;1;7;2;0;3;14;1;
34400;202200022375;774 162;B01;0;33;0;2;4;17;1;
34401;202200022375;774 165;A01;0;3;0;2;1;15;1;
34402;202200022376;774 160;Z01;2;7;4;2;1;0;0;
34403;202200022376;774 164;D01;2;7;4;2;4;2;1;
34404;202200022376;774 168;C01;2;7;4;2;4;2;1;
34405;202200022376;774 169;B01;2;7;4;2;4;2;3;
34406;202200022376;774 171;A01;2;7;4;2;4;2;1;
34407;202200022377;774 161;A01;0;10;0;2;1;2;1;
34408;202200022377;774 163;B01;0;7;0;2;1;2;1;
34409;202200022377;774 167;C01;0;10;12;0;4;1;1;
34410;202200022379;774 157;A01;3;7;8;0;2;0;1;
34411;202200022380;774 154;Z01;2;7;0;2;1;1;1;
34412;202200022380;774 155;A01;2;7;0;2;4;1;1;
34413;202200022381;774 153;A01;0;7;0;2;1;1;1;
34414;202200022381;774 156;B01;0;1;0;2;7;19;5;
34415;202200022382;774 151;A01;2;7;0;2;2;1;1;
34416;202200022382;774 152;B01;2;7;0;2;0;11;0;
34417;202200022383;774 150;A01;3;7;0;2;1;9;0;
34418;202200022383;774 158;B01;3;7;0;2;2;2;1;
34419;202200022384;774 147;A01;2;7;0;2;1;2;1;
34420;202200022384;774 149;B01;2;7;0;2;4;2;1;
34421;202200022385;774 143;A01;2;7;0;1;1;15;1;
34422;202200022386;774 140;A01;2;7;0;2;4;1;1;
34423;202200022386;774 144;B01;2;7;0;2;1;18;1;
34424;202200022387;774 139;A01;2;10;0;2;1;2;0;
34425;202200022387;774 142;B01;2;7;0;0;0;0;0;
34426;202200022388;774 136;A01;1;7;0;2;1;9;1;
34427;202200022388;774 137;B01;2;2;0;2;1;17;1;
34428;202200022389;774 131;A01;2;7;0;2;1;21;1;
34429;202200022389;774 135;B01;2;7;0;2;6;1;1;
34430;202200022390;774 129;C01;2;7;0;2;1;0;1;
34431;202200022390;774 132;F01;2;7;0;2;1;0;0;
34432;202200022390;774 134;E01;2;7;0;2;6;0;1;
34433;202200022390;774 138;D01;2;7;0;2;1;21;1;
34434;202200022390;774 141;B01;2;7;0;2;1;0;1;
34435;202200022390;774 145;A01;2;7;0;2;1;0;1;
34436;202200022391;774 130;A01;2;33;15;2;2;17;1;
34437;202200022391;774 133;B01;2;10;0;2;8;15;1;
34438;202200022392;774 128;Z01;0;32;0;1;1;19;0;
34439;202200022393;774 126;A01;2;33;2;0;0;1;1;
34440;202200022394;774 125;B01;2;7;0;2;8;1;1;
34441;202200022394;774 127;A01;2;34;3;2;3;2;1;
34442;202200022395;774 122;A01;3;7;13;0;2;1;1;
34443;202200022396;774 121;A01;1;7;0;2;6;10;1;
34444;202200022396;774 123;B01;1;33;0;2;1;17;1;
34445;202200022397;774 120;B01;3;7;0;2;4;2;1;
34446;202200022397;774 124;A01;3;7;0;2;1;2;1;
34447;202200022398;774 119;A01;3;30;1;0;1;26;1;
34448;202200022399;774 118;A01;3;7;15;0;2;1;1;
34449;202200022401;774 111;B01;2;7;0;2;1;1;1;
34450;202200022401;774 113;A01;1;7;0;2;1;13;1;
34451;202200022402;774 112;B01;1;2;0;2;1;1;1;
34452;202200022402;774 114;A01;3;7;0;2;1;19;1;
34453;202200022403;774 110;A01;3;34;6;0;7;18;1;
34454;202200022404;774 109;A01;3;10;2;0;1;19;1;
34455;202200022405;774 106;B01;1;10;0;2;1;1;1;
34456;202200022405;774 107;A01;2;2;0;2;1;13;1;
34457;202200022406;774 103;B01;2;32;0;2;1;1;1;
34458;202200022406;774 105;A01;2;7;16;0;6;9;1;
34459;202200022407;774 101;A01;1;7;6;0;1;13;1;
34460;202200022410;774 094;A01;2;7;0;2;1;1;1;
34461;202200022410;774 097;B01;1;7;14;2;1;1;1;
34462;202200022411;774 095;A01;1;7;8;0;9;1;1;
34463;202200022412;774 093;A01;1;1;1;2;1;1;5;
34464;202200022412;774 096;B01;1;7;0;2;4;1;1;
34465;202200022413;774 092;A01;1;7;15;0;3;1;1;
34466;202200022414;774 090;A01;3;2;15;0;1;1;1;
34467;202200022416;774 087;A01;1;2;8;0;0;0;1;
34468;202200022417;774 086;A01;3;10;0;2;8;9;1;
34469;202200022417;774 088;B01;2;7;0;2;1;1;1;
34470;202200022418;774 084;A01;2;50;0;1;0;0;3;
34471;202200022419;774 083;A01;0;2;0;0;0;0;1;
34472;202200022421;774 078;B01;1;7;0;2;7;2;1;
34473;202200022421;774 080;A01;1;31;0;2;8;2;1;
34474;202200022422;774 077;B01;2;32;0;2;1;13;0;
34475;202200022422;774 079;A01;1;7;0;2;3;21;1;
34476;202200022423;774 076;A01;2;32;0;2;7;15;0;
34477;202200022423;774 081;B01;2;32;0;2;1;9;0;
34478;202200022424;774 072;B01;2;1;0;0;4;2;5;
34479;202200022424;774 074;A01;2;7;0;9;2;2;1;
34480;202200022425;774 073;A01;2;50;12;0;1;26;3;
34481;202200022427;774 067;A01;2;7;0;2;3;5;1;
34482;202200022427;774 069;B01;1;7;0;2;3;1;0;
34483;202200022428;774 068;A01;3;7;0;1;3;1;1;
34484;202200022429;774 066;A01;2;7;0;2;3;13;1;
34485;202200022429;774 070;B01;1;7;5;2;3;0;1;
34486;202200022430;774 061;A01;1;7;8;0;1;1;1;
34487;202200022431;774 060;A01;2;7;0;2;3;15;1;
34488;202200022431;774 064;B01;2;33;0;2;1;1;1;
34489;202200022432;774 062;B01;3;2;0;2;4;1;3;
34490;202200022432;774 065;A01;3;7;0;2;1;1;1;
34491;202200022433;774 058;A01;2;7;0;2;2;17;1;
34492;202200022433;774 059;B01;2;7;0;2;3;15;1;
34493;202200022433;774 063;C01;1;7;0;2;2;21;2;
34494;202200022434;774 055;A01;1;33;0;2;1;3;1;
34495;202200022434;774 057;B01;1;7;0;2;3;15;1;
34496;202200022435;774 052;A01;1;7;0;2;3;15;1;
34497;202200022435;774 054;B01;2;1;0;2;1;1;5;
34498;202200022436;774 051;A01;1;7;0;2;1;5;2;
34499;202200022436;774 053;B01;1;7;0;0;6;1;1;
34500;202200022436;774 056;C01;1;7;0;2;3;1;1;
34501;202200022437;774 047;B01;2;7;0;2;1;1;1;
34502;202200022437;774 050;A01;1;7;0;2;7;1;1;
34503;202200022439;774 043;ZZ01;1;15;0;2;8;1;0;
34504;202200022439;774 046;Z01;1;7;0;2;2;14;0;
34505;202200022439;774 049;A01;1;7;0;2;3;1;1;
34506;202200022440;774 042;A01;1;7;8;0;7;0;1;
34507;202200022441;774 041;A01;2;32;6;0;1;1;1;
34508;202200022442;774 039;A01;1;13;0;1;1;15;6;
34509;202200022443;774 036;A01;1;32;0;2;3;3;1;
34510;202200022443;774 040;B01;1;7;0;2;5;1;1;
34511;202200022444;774 035;A01;2;7;0;2;3;20;1;
34512;202200022444;774 037;B01;2;33;0;2;1;1;1;
34513;202200022445;774 033;A01;1;7;0;2;2;15;1;
34514;202200022445;774 034;B01;2;7;0;2;1;1;1;
34515;202200022446;774 029;A01;1;2;1;0;1;0;1;
34516;202200022447;774 028;B01;2;7;0;1;8;1;1;
34517;202200022447;774 032;A01;2;7;0;2;2;1;2;
34518;202200022448;774 026;A01;1;10;0;2;3;11;0;
34519;202200022448;774 030;B01;1;7;0;2;2;1;0;
34520;202200022449;774 027;B01;1;7;0;2;6;3;2;
34521;202200022449;774 031;A01;1;10;0;2;6;3;1;
34522;202200022450;774 025;A01;1;7;0;1;8;1;1;
34523;202200022451;774 021;B01;1;33;8;2;7;1;1;
34524;202200022451;774 023;A01;1;7;0;2;8;16;1;
34525;202200022452;774 020;Z01;2;7;0;2;2;17;0;
34526;202200022452;774 024;A01;2;30;0;2;8;1;1;
34527;202200022453;774 014;C01;2;7;0;2;1;1;1;
34528;202200022453;774 019;B01;2;7;0;2;3;1;1;
34529;202200022453;774 022;A01;2;15;0;2;2;12;1;
34530;202200022454;774 015;A01;2;10;0;2;7;16;1;
34531;202200022454;774 017;B01;2;2;0;2;0;1;1;
34532;202200022455;774 010;B01;1;32;0;2;1;1;1;
34533;202200022455;774 012;A01;2;7;0;2;1;17;1;
34534;202200022456;774 011;A01;1;7;0;2;3;15;3;
34535;202200022456;774 013;B01;2;1;0;2;3;1;5;
34536;202200022457;774 008;A01;3;7;15;0;1;1;1;
34537;202200022458;774 007;B01;2;10;0;2;4;2;1;
34538;202200022458;774 009;A01;2;32;0;2;1;2;1;
34539;202200022459;774 003;B01;1;33;0;2;1;1;1;
34540;202200022459;774 005;A01;1;7;0;2;2;20;1;
34541;202200022460;774 001;Z01;1;7;1;1;1;16;1;
34542;202200022461;774 000;A01;3;7;0;2;1;1;1;
34543;202200022461;774 002;B01;3;7;0;2;4;1;1;
34544;202200022461;774 004;C01;3;10;0;2;4;1;1;
34545;202200022462;773 999;A01;1;1;12;0;1;14;5;
34546;202200022463;773 998;A01;1;10;0;0;8;15;3;
34547;202200022464;773 997;A01;2;7;0;1;2;1;1;
34548;202200022465;773 996;A01;1;10;0;2;4;1;1;
34549;202200022465;774 006;B01;1;7;0;2;1;1;1;
34550;202200022466;773 995;A01;3;7;14;0;1;1;1;
34551;202200022467;773 993;B01;1;33;0;2;2;1;1;
34552;202200022467;773 994;A01;1;1;0;2;4;15;5;
34553;202200022468;773 990;A01;1;33;0;2;3;1;1;
34554;202200022468;773 992;B01;2;7;0;0;3;1;1;
34555;202200022469;773 989;A01;1;7;2;0;3;1;1;
34556;202200022470;773 988;A01;2;7;1;1;3;13;1;
34557;202200022470;773 991;B01;2;7;0;2;3;1;1;
34558;202200022471;773 984;A01;3;7;0;2;3;13;1;
34559;202200022471;773 985;B01;3;7;0;2;3;1;1;
34560;202200022472;773 983;B01;1;7;0;2;4;23;1;
34561;202200022472;773 987;A01;1;10;0;2;1;2;1;
34562;202200022473;773 982;A01;1;7;0;2;7;13;1;
34563;202200022473;773 986;B01;2;7;0;2;1;1;1;
34564;202200022474;773 980;A01;2;7;0;1;4;4;1;
34565;202200022476;773 976;A01;2;43;0;2;6;23;1;
34566;202200022476;773 979;B01;2;10;0;2;4;23;1;
34567;202200022476;773 981;C01;2;7;0;2;1;2;1;
34568;202200022477;773 977;A01;1;43;12;0;1;1;1;
34569;202200022478;773 974;A01;1;7;0;1;8;1;3;
34570;202200022479;773 973;B01;2;7;0;2;3;1;2;
34571;202200022479;773 975;A01;1;7;0;2;1;13;1;
34572;202200022480;773 970;A01;1;7;0;1;2;1;1;
34573;202200022481;773 969;A01;1;7;0;2;7;15;1;
34574;202200022481;773 971;B01;2;34;0;2;1;1;1;
34575;202200022482;773 968;A01;1;7;0;2;3;15;1;
34576;202200022482;773 972;B01;2;80;0;2;1;1;3;
34577;202200022483;773 964;B01;2;7;0;2;8;15;1;
34578;202200022483;773 967;A01;2;31;0;2;1;17;1;
34579;202200022484;773 963;B01;2;7;0;2;1;1;1;
34580;202200022484;773 966;A01;1;7;0;2;3;13;1;
34581;202200022485;773 962;A01;1;50;0;2;7;1;3;
34582;202200022485;773 965;B01;1;10;0;2;3;22;1;
34583;202200022486;773 957;A01;1;7;0;2;2;1;1;
34584;202200022486;773 959;B01;1;3;0;0;4;11;1;
34585;202200022487;773 958;B01;1;7;0;2;4;23;1;
34586;202200022487;773 961;A01;1;30;0;2;1;2;3;
34587;202200022488;773 955;B01;2;1;0;2;1;15;5;
34588;202200022488;773 960;A01;2;7;0;2;1;23;1;
34589;202200022489;773 956;Z01;0;7;0;1;4;4;0;
34590;202200022490;773 949;A01;1;7;0;2;3;5;1;
34591;202200022490;773 953;B01;2;1;0;2;1;1;5;
34592;202200022491;773 950;B01;1;7;0;2;4;16;1;
34593;202200022491;773 952;A01;1;50;0;2;1;1;3;
34594;202200022492;773 951;B01;3;7;0;2;6;23;1;
34595;202200022492;773 954;A01;3;7;0;2;2;17;1;
34596;202200022493;773 944;A01;1;1;0;2;1;7;5;
34597;202200022493;773 945;B01;1;7;0;2;1;15;1;
34598;202200022494;773 946;A01;1;50;0;2;1;9;3;
34599;202200022494;773 947;B01;2;1;0;2;1;1;5;
34600;202200022495;773 948;A01;2;7;13;0;8;13;1;
34601;202200022496;773 940;A01;2;7;0;2;7;1;2;
34602;202200022496;773 942;B01;2;32;0;2;1;1;1;
34603;202200022497;773 941;A01;2;7;1;0;1;20;1;
34604;202200022497;773 943;B01;2;7;0;2;4;24;0;
34605;202200022498;773 936;B01;2;32;0;2;1;1;1;
34606;202200022498;773 938;A01;1;7;0;2;1;13;1;
34607;202200022499;773 939;A01;3;7;0;1;2;15;1;
34608;202200022500;773 935;B01;2;1;0;2;1;1;5;
34609;202200022500;773 937;A01;2;1;0;2;4;19;5;
34610;202200022501;773 933;B01;1;7;0;2;8;1;1;
34611;202200022501;773 934;A01;1;33;0;2;2;16;1;
34612;202200022502;773 932;A01;1;10;0;1;1;15;1;
34613;202200022503;773 930;A01;1;7;0;2;4;13;1;
34614;202200022503;773 931;B01;2;7;0;2;1;1;1;
34615;202200022505;773 927;A01;1;3;3;0;0;1;1;
34616;202200022506;773 926;B01;1;1;0;2;1;5;5;
34617;202200022506;773 928;A01;1;7;0;2;1;1;1;
34618;202200022507;773 925;A01;1;7;0;1;1;1;1;
34619;202200022508;773 924;A01;2;7;3;2;8;0;1;
34620;202200022509;773 919;B01;2;10;1;0;1;1;1;
34621;202200022509;773 921;A01;2;10;1;0;4;23;1;
34622;202200022510;773 922;B01;1;7;0;2;3;1;2;
34623;202200022510;773 923;A01;2;7;0;2;3;15;1;
34624;202200022511;773 917;A01;2;1;0;2;1;1;5;
34625;202200022511;773 920;B01;1;37;0;2;7;7;2;1.0
34626;202200022513;773 915;A01;3;7;0;1;7;1;1;
34627;202200022514;773 912;A01;1;7;0;2;3;2;1;
34628;202200022514;773 914;B01;1;7;0;2;5;2;1;
34629;202200022515;773 911;A01;1;30;0;2;3;18;1;
34630;202200022515;773 913;B01;1;1;0;2;7;7;5;
34631;202200022516;773 907;B01;1;17;0;2;8;2;1;
34632;202200022516;773 909;A01;2;14;0;2;3;13;1;
34633;202200022517;773 908;B01;1;33;0;2;8;18;1;
34634;202200022517;773 910;A01;1;7;0;2;2;16;1;
34635;202200022518;773 898;E01;2;7;0;2;1;1;1;
34636;202200022518;773 901;D01;2;7;0;2;1;1;1;
34637;202200022518;773 902;C01;2;7;0;2;0;1;1;
34638;202200022518;773 904;B01;2;7;0;2;8;1;1;
34639;202200022518;773 906;A01;2;7;0;2;0;0;1;
34640;202200022519;773 900;A01;2;7;14;0;5;0;1;
34641;202200022519;773 905;B01;2;2;14;0;1;0;3;
34642;202200022520;773 899;A01;2;30;0;2;8;1;3;
34643;202200022520;773 903;Z01;1;7;0;2;1;1;1;
34644;202200022521;773 897;A01;2;7;3;0;2;14;1;
34645;202200022522;773 895;A01;2;7;4;0;1;1;1;
34646;202200022523;773 894;Z01;2;1;0;1;8;1;5;
34647;202200022524;773 892;A01;1;7;4;0;2;1;1;
34648;202200022525;773 893;B01;3;33;0;2;1;1;0;
34649;202200022525;773 896;A01;3;7;0;2;3;21;0;
34650;202200022526;773 890;A01;1;7;0;0;9;26;1;
34651;202200022527;773 891;Z01;1;10;8;1;1;14;3;
34652;202200022528;773 888;A01;1;7;0;2;3;5;1;
34653;202200022528;773 889;B01;1;34;0;0;1;1;1;
34654;202200022529;773 885;A01;1;0;0;2;0;0;0;
34655;202200022529;773 886;B01;1;7;0;2;4;1;1;
34656;202200022529;773 887;C01;1;7;0;2;8;1;1;
34657;202200022530;773 884;A01;1;7;0;1;3;15;2;
34658;202200022531;773 883;A01;1;7;0;1;1;1;1;
34659;202200022532;773 880;A01;2;1;0;1;1;25;5;
34660;202200022533;773 879;B01;2;16;0;2;5;0;1;
34661;202200022533;773 881;A01;2;7;0;2;1;0;1;
34662;202200022534;773 878;A01;2;7;2;2;1;1;1;
34663;202200022534;773 882;B01;2;7;2;2;5;19;2;
34664;202200022535;773 876;A01;1;10;0;1;0;15;3;
34665;202200022536;773 875;A01;2;7;0;2;1;2;1;
34666;202200022536;773 877;B01;2;7;0;2;4;23;1;
34667;202200022537;773 873;A01;3;2;0;2;1;17;1;
34668;202200022537;773 874;B01;3;7;0;2;3;15;1;
34669;202200022538;773 870;A01;1;7;1;0;2;1;1;
34670;202200022539;773 869;A01;1;7;0;2;6;1;1;
34671;202200022539;773 872;B01;1;80;0;2;1;1;3;
34672;202200022540;773 867;Z01;2;50;0;1;1;1;3;
34673;202200022541;773 866;B01;1;10;0;2;0;0;1;
34674;202200022541;773 868;A01;1;10;0;2;0;0;1;
34675;202200022542;773 871;A01;1;7;0;1;2;1;1;
34676;202200022543;773 865;A01;2;80;1;0;1;1;3;
34677;202200022544;773 863;A01;1;3;0;2;2;15;0;
34678;202200022544;773 864;B01;1;33;0;2;0;0;0;
34679;202200022545;773 862;A01;3;32;0;1;1;1;1;
34680;202200022546;773 859;B01;2;50;0;2;1;1;3;
34681;202200022546;773 861;A01;2;7;0;2;6;15;1;
34682;202200022547;773 858;A01;1;43;0;2;3;2;1;
34683;202200022547;773 860;B01;1;7;0;2;5;23;1;
34684;202200022548;773 856;A01;1;10;1;1;1;20;0;
34685;202200022549;773 855;A01;1;7;0;2;6;15;1;
34686;202200022549;773 857;B01;1;32;0;2;7;1;1;
34687;202200022552;773 848;A01;1;1;0;2;1;7;5;
34688;202200022552;773 849;B01;1;7;0;2;2;16;1;
34689;202200022554;773 845;A01;1;50;0;1;1;5;3;
34690;202200022555;773 844;A01;2;10;0;0;5;15;1;
34691;202200022555;773 846;B01;2;7;5;2;1;21;1;
34692;202200022557;773 842;A01;2;7;12;9;2;1;1;
34693;202200022558;773 841;A01;1;33;0;1;3;1;1;
34694;202200022559;773 839;B01;3;1;0;2;1;1;5;
34695;202200022559;773 840;A01;3;7;0;9;2;1;1;
34696;202200022560;773 837;B01;2;33;0;2;1;1;1;
34697;202200022560;773 838;A01;1;7;0;2;2;15;1;
34698;202200022561;773 835;A01;1;2;0;2;1;5;1;
34699;202200022561;773 836;B01;2;10;0;2;1;1;1;
34700;202200022562;773 834;A01;1;50;15;0;1;1;3;
34701;202200022563;773 831;A01;1;7;4;2;8;13;1;
34702;202200022563;773 833;B01;1;13;0;2;6;1;1;
34703;202200022564;773 830;B01;1;7;0;2;3;15;1;
34704;202200022564;773 832;A01;1;30;0;2;2;1;1;
34705;202200022565;773 828;B01;2;7;0;2;1;1;1;
34706;202200022565;773 829;A01;1;7;0;2;1;13;1;
34707;202200022566;773 827;A01;1;33;1;0;7;21;1;
34708;202200022567;773 824;B01;1;50;1;0;1;1;3;
34709;202200022567;773 826;A01;2;7;0;2;8;22;0;
34710;202200022568;773 823;A01;1;7;0;2;1;5;1;
34711;202200022568;773 825;B01;2;14;0;2;3;1;1;
34712;202200022569;773 820;B01;2;7;0;2;4;1;0;
34713;202200022569;773 822;A01;2;30;0;2;1;2;1;
34714;202200022570;773 819;B01;2;1;0;0;0;2;5;
34715;202200022570;773 821;A01;2;33;0;0;8;2;1;
34716;202200022571;773 818;A01;1;7;4;0;1;26;1;
34717;202200022572;773 816;A01;1;7;0;2;2;9;1;
34718;202200022572;773 817;B01;2;33;0;2;1;1;1;
34719;202200022573;773 815;A01;3;50;9;0;1;25;3;
34720;202200022574;773 813;A01;1;1;0;0;0;0;5;
34721;202200022575;773 809;A01;3;7;0;2;2;15;1;
34722;202200022575;773 810;B01;3;33;0;0;1;1;1;
34723;202200022576;773 808;B01;2;33;0;2;1;17;1;
34724;202200022576;773 811;A01;2;7;0;2;1;15;1;
34725;202200022577;773 806;B01;2;7;0;2;1;1;1;
34726;202200022577;773 807;A01;1;7;0;2;1;13;1;
34727;202200022578;773 805;A01;0;50;0;0;1;15;3;
34728;202200022579;773 801;A01;0;7;9;2;8;15;1;
34729;202200022579;773 803;B01;1;7;9;2;1;1;0;
34730;202200022580;773 802;B01;1;1;0;0;4;15;5;
34731;202200022580;773 804;A01;1;7;0;0;8;18;1;
34732;202200022581;773 800;A01;2;7;8;0;1;1;1;
34733;202200022582;773 798;B01;1;7;9;2;1;1;1;
34734;202200022582;773 799;A01;2;7;9;2;7;15;1;
34735;202200022583;773 796;A01;2;7;0;2;3;13;1;
34736;202200022583;773 797;B01;1;7;0;2;8;1;1;
34737;202200022584;773 794;A01;2;7;0;2;4;23;1;
34738;202200022584;773 795;B01;2;10;0;2;2;1;1;
34739;202200022585;773 792;A01;2;7;0;9;3;0;1;
34740;202200022585;773 793;B01;1;1;0;2;1;0;5;
34741;202200022586;773 790;A01;0;7;0;2;1;16;1;
34742;202200022586;773 791;B01;3;50;0;2;1;1;3;
34743;202200022587;773 789;A01;1;33;0;0;7;1;1;
34744;202200022588;773 786;B01;2;33;0;0;0;0;1;
34745;202200022588;773 788;A01;1;7;0;2;2;10;1;
34746;202200022589;773 785;B01;1;7;0;2;7;0;0;
34747;202200022589;773 787;A01;1;1;0;2;3;1;5;
34748;202200022590;773 781;A01;2;10;0;2;1;1;1;
34749;202200022590;773 782;B01;2;7;0;0;4;23;1;
34750;202200022590;773 784;C01;2;10;0;0;0;0;1;
34751;202200022591;773 779;A01;1;10;0;2;2;21;1;
34752;202200022591;773 780;B01;2;2;0;2;3;13;1;
34753;202200022592;773 777;A01;3;7;0;2;4;16;1;
34754;202200022592;773 778;B01;3;33;0;2;4;1;1;
34755;202200022593;773 776;A01;1;15;0;0;8;9;1;
34756;202200022594;773 774;A01;1;7;0;2;3;15;1;
34757;202200022594;773 775;B01;2;32;0;2;2;1;1;
34758;202200022596;773 770;A01;1;15;0;1;1;1;1;
34759;202200022597;773 771;A01;1;13;0;9;2;15;1;
34760;202200022597;773 772;B01;2;50;0;2;1;1;3;
34761;202200022600;773 767;A01;3;3;8;0;3;13;1;
34762;202200022601;773 763;B01;1;31;0;2;1;1;1;
34763;202200022601;773 765;A01;1;7;0;2;4;1;1;
34764;202200022602;773 759;A01;2;7;0;2;2;2;1;
34765;202200022602;773 761;B01;2;1;0;2;4;2;5;
34766;202200022603;773 757;A01;1;7;0;2;1;2;1;
34767;202200022603;773 758;B01;1;7;0;2;4;2;1;
34768;202200022603;773 760;C01;1;7;0;2;4;2;1;
34769;202200022603;773 762;D01;1;7;0;2;4;2;1;
34770;202200022604;773 755;A01;1;10;0;0;8;9;1;
34771;202200022604;773 756;B01;2;7;0;2;1;21;1;
34772;202200022605;773 754;A01;1;7;0;1;3;1;1;
34773;202200022606;773 751;A01;1;32;0;1;1;1;1;
34774;202200022607;773 752;A01;1;33;0;2;1;17;1;
34775;202200022607;773 753;B01;1;7;0;0;6;15;1;
34776;202200022608;773 750;A01;2;7;0;1;1;20;1;
34777;202200022609;773 748;A01;2;7;0;2;5;1;1;
34778;202200022609;773 749;B01;2;31;0;2;1;1;1;
34779;202200022610;773 747;A01;3;37;0;2;1;0;1;1.0
34780;202200022611;773 744;B01;1;2;0;2;1;7;1;
34781;202200022611;773 745;A01;1;7;0;0;3;20;1;
34782;202200022612;773 743;B01;3;7;0;2;3;1;1;
34783;202200022612;773 746;A01;3;7;0;2;3;1;1;
34784;202200022613;773 741;A01;1;7;1;0;1;13;1;
34785;202200022614;773 740;A01;1;7;0;2;3;15;1;
34786;202200022614;773 742;B01;2;80;0;2;1;1;3;
34787;202200022616;773 736;A01;2;7;13;0;3;1;1;
34788;202200022617;773 737;B01;3;2;0;2;1;1;1;
34789;202200022617;773 738;A01;3;7;0;2;4;9;1;
34790;202200022618;773 734;A01;3;40;0;1;0;19;3;
34791;202200022619;773 733;A01;2;7;0;2;1;2;2;
34792;202200022619;773 735;B01;2;33;0;0;4;23;1;
34793;202200022620;773 730;A01;3;7;0;2;3;10;2;
34794;202200022620;773 732;B01;3;30;0;2;1;1;1;
34795;202200022621;773 727;A01;2;1;0;0;0;1;5;
34796;202200022623;773 723;B01;1;50;0;2;3;5;3;
34797;202200022623;773 725;A01;2;7;0;0;0;1;2;
34798;202200022624;773 721;C01;1;7;0;0;3;1;1;
34799;202200022624;773 722;B01;1;7;0;0;4;23;1;
34800;202200022624;773 724;A01;1;7;0;2;1;1;1;
34801;202200022625;773 717;A01;2;10;0;2;3;10;1;
34802;202200022625;773 720;B01;2;33;0;2;1;1;1;
34803;202200022626;773 715;D01;1;7;0;2;7;2;1;
34804;202200022626;773 716;C01;1;7;0;0;9;2;1;