;Num_Acc;id_vehicule;num_veh;senc;catv;obs;obsm;choc;manv;motor;occutc
34805;202200022626;773 718;B01;1;7;0;9;8;2;1;
34806;202200022626;773 719;A01;1;7;0;2;1;2;1;
34807;202200022627;773 713;B01;2;7;0;2;7;16;1;
34808;202200022627;773 714;A01;2;32;0;2;1;2;1;
34809;202200022628;773 711;A01;1;43;0;1;1;1;1;
34810;202200022629;773 710;A01;1;36;0;2;3;17;1;
34811;202200022629;773 712;B01;2;7;0;2;3;1;1;
34812;202200022630;773 707;A01;3;2;0;0;0;9;1;
34813;202200022630;773 709;B01;0;33;0;2;0;1;1;
34814;202200022631;773 706;B01;0;32;0;2;7;1;1;
34815;202200022631;773 708;A01;2;32;0;2;1;13;0;
34816;202200022632;773 705;A01;1;7;6;0;2;17;1;
34817;202200022634;773 701;A01;2;31;0;2;1;1;1;
34818;202200022634;773 702;B01;0;7;0;2;4;20;1;
34819;202200022635;773 698;B01;3;7;0;2;3;1;1;
34820;202200022635;773 700;A01;3;33;0;2;3;1;1;
34821;202200022636;773 699;A01;2;7;0;0;9;1;1;
34822;202200022637;773 695;B01;2;20;0;0;6;1;1;
34823;202200022637;773 697;A01;2;7;4;2;3;21;1;
34824;202200022639;773 692;A01;1;32;0;1;2;3;1;
34825;202200022640;773 691;B01;2;7;0;2;1;1;1;
34826;202200022640;773 693;A01;1;7;0;2;1;17;1;
34827;202200022641;773 688;A01;3;99;0;2;8;19;5;
34828;202200022641;773 690;B01;2;7;0;2;1;1;1;
34829;202200022642;773 687;A01;2;33;0;2;1;1;1;
34830;202200022642;773 689;B01;1;7;0;2;6;15;1;
34831;202200022643;773 685;A01;3;7;0;1;1;14;1;
34832;202200022644;773 684;B01;1;1;1;0;7;1;5;
34833;202200022644;773 686;A01;2;7;1;0;1;1;1;
34834;202200022645;773 682;B01;1;7;0;2;3;1;1;
34835;202200022645;773 683;A01;2;2;0;2;3;0;1;
34836;202200022646;773 681;A01;1;30;1;1;1;25;1;
34837;202200022647;773 679;B01;2;1;0;2;4;2;5;
34838;202200022647;773 680;A01;1;7;0;2;3;9;2;
34839;202200022648;773 678;A01;1;7;0;5;1;1;1;
34840;202200022649;773 676;B01;1;7;0;0;4;2;1;
34841;202200022649;773 677;A01;1;2;0;2;1;2;1;
34842;202200022650;773 674;B01;0;7;0;2;1;1;1;
34843;202200022650;773 675;A01;3;7;0;0;7;1;1;
34844;202200022651;773 673;A01;2;33;3;0;1;1;1;
34845;202200022652;773 672;A01;1;33;12;0;9;17;1;
34846;202200022653;773 671;A01;0;7;16;0;1;1;1;
34847;202200022654;773 668;B01;1;33;8;0;4;1;1;
34848;202200022654;773 669;A01;1;7;0;2;2;1;1;
34849;202200022655;773 667;A01;1;33;4;0;3;13;1;
34850;202200022656;773 664;A01;2;32;0;2;1;13;1;
34851;202200022656;773 666;B01;2;7;0;0;6;1;1;
34852;202200022657;773 663;B01;1;7;0;2;3;15;1;
34853;202200022657;773 665;A01;1;33;0;2;1;1;1;
34854;202200022658;773 661;A01;1;7;3;2;7;12;1;
34855;202200022658;773 662;B01;1;33;3;2;8;1;1;
34856;202200022659;773 660;A01;1;7;0;1;3;1;1;
34857;202200022660;773 655;B01;2;7;0;2;6;1;1;
34858;202200022660;773 656;C01;1;14;0;2;1;1;1;
34859;202200022660;773 657;A01;2;7;0;2;2;19;1;
34860;202200022661;773 653;A01;2;10;0;2;1;15;1;
34861;202200022661;773 654;B01;1;7;0;2;1;1;1;
34862;202200022662;773 658;A01;2;7;0;2;1;11;1;
34863;202200022662;773 659;B01;2;7;3;2;6;26;1;
34864;202200022663;773 651;A01;1;7;4;0;1;1;1;
34865;202200022664;773 650;B01;2;7;0;2;4;1;1;
34866;202200022664;773 652;Z01;2;14;0;2;1;2;1;
34867;202200022665;773 648;A01;2;32;0;2;1;3;1;
34868;202200022665;773 649;B01;1;10;0;2;5;1;1;
34869;202200022666;773 646;B01;1;7;0;2;4;23;1;
34870;202200022666;773 647;A01;1;33;0;2;1;2;1;
34871;202200022667;773 642;A01;1;7;0;2;1;2;1;
34872;202200022667;773 643;B01;1;7;0;2;4;2;1;
34873;202200022668;773 641;A01;2;10;0;2;1;1;1;
34874;202200022668;773 644;B01;2;7;0;2;4;1;1;
34875;202200022668;773 645;C01;2;7;0;2;4;1;1;
34876;202200022669;773 635;A01;1;7;0;2;1;2;1;
34877;202200022669;773 636;B01;1;7;0;2;4;2;1;
34878;202200022669;773 638;C01;1;7;0;2;4;2;1;
34879;202200022670;773 634;B01;2;7;0;2;1;2;2;
34880;202200022670;773 637;A01;2;7;0;2;4;2;1;
34881;202200022670;773 639;C01;2;10;0;2;1;2;1;
34882;202200022670;773 640;D01;2;32;0;2;1;2;1;
34883;202200022671;773 631;A01;2;32;4;2;1;3;1;
34884;202200022671;773 632;B01;2;7;4;2;4;2;1;
34885;202200022672;773 630;B01;1;7;0;2;5;1;1;
34886;202200022672;773 633;A01;1;7;0;2;1;3;1;
34887;202200022673;773 628;A01;1;7;0;2;3;11;1;
34888;202200022673;773 629;B01;1;7;0;2;2;0;1;
34889;202200022674;773 626;A01;2;10;0;2;1;2;1;
34890;202200022674;773 627;B01;2;10;0;2;4;2;1;
34891;202200022675;773 625;A01;2;33;4;0;1;1;1;
34892;202200022676;773 624;A01;2;32;0;2;8;1;1;
34893;202200022678;773 619;A01;2;7;0;2;6;11;1;
34894;202200022678;773 621;B01;2;34;0;2;1;3;1;
34895;202200022679;773 616;A01;1;7;0;2;2;17;0;
34896;202200022679;773 617;Z01;0;10;0;1;2;0;1;
34897;202200022680;773 614;A01;1;7;1;2;2;18;1;
34898;202200022680;773 615;B01;1;7;0;2;6;23;1;
34899;202200022680;773 618;C01;1;15;0;2;7;1;1;
34900;202200022682;773 611;A01;1;7;0;2;6;11;1;
34901;202200022682;773 612;B01;1;33;0;2;7;1;1;
34902;202200022683;773 610;A01;2;7;0;0;9;13;1;
34903;202200022685;773 605;B01;1;7;0;2;1;1;1;
34904;202200022685;773 607;A01;1;31;0;2;1;1;1;
34905;202200022686;773 604;A01;1;43;0;2;1;2;1;
34906;202200022686;773 606;B01;1;7;0;2;6;2;1;
34907;202200022686;773 608;C01;1;10;0;2;4;2;3;
34908;202200022687;773 602;B01;1;2;0;2;0;1;1;
34909;202200022687;773 603;A01;1;7;0;2;0;1;1;
34910;202200022688;773 597;A01;2;7;0;2;7;16;1;
34911;202200022688;773 599;B01;2;1;0;2;8;1;5;
34912;202200022689;773 595;E01;1;7;0;2;8;1;3;
34913;202200022689;773 596;D01;1;7;0;2;5;2;1;
34914;202200022689;773 598;C01;1;17;0;2;8;1;1;
34915;202200022689;773 600;B01;1;7;0;2;4;2;1;
34916;202200022689;773 601;A01;1;10;0;2;1;2;1;
34917;202200022690;773 593;B01;2;7;0;2;4;2;1;
34918;202200022690;773 594;A01;2;33;0;2;1;2;1;
34919;202200022691;773 591;B01;1;31;0;2;7;3;1;
34920;202200022691;773 592;A01;1;7;0;2;6;11;1;
34921;202200022692;773 589;A01;2;7;0;2;3;20;1;
34922;202200022692;773 590;B01;2;14;0;2;5;1;1;
34923;202200022693;773 588;A01;2;13;5;0;8;1;1;
34924;202200022694;773 585;A01;2;34;0;2;3;13;1;
34925;202200022694;773 586;B01;2;7;0;2;7;1;1;
34926;202200022695;773 583;B01;2;7;0;2;3;21;1;
34927;202200022695;773 584;C01;2;7;0;2;3;14;1;
34928;202200022695;773 587;A01;2;7;0;2;3;13;1;
34929;202200022696;773 582;A01;3;33;16;0;8;0;1;
34930;202200022697;773 580;A01;2;33;0;2;7;17;1;
34931;202200022697;773 581;B01;2;7;0;2;8;15;1;
34932;202200022698;773 578;A01;1;10;0;2;7;0;1;
34933;202200022698;773 579;B01;1;32;0;2;8;0;1;
34934;202200022700;773 576;A01;3;7;0;1;6;1;1;
34935;202200022701;773 575;A01;1;2;6;0;1;15;1;
34936;202200022702;773 574;A01;1;7;13;0;1;1;1;
34937;202200022703;773 571;A01;1;7;15;0;2;1;1;
34938;202200022704;773 570;A01;2;7;0;2;3;0;1;
34939;202200022704;773 572;B01;3;1;-1;-1;-1;0;5;
34940;202200022705;773 568;A01;2;1;0;2;7;19;5;
34941;202200022705;773 569;B01;1;7;0;2;2;9;1;
34942;202200022706;773 566;A01;1;7;0;2;1;19;1;
34943;202200022706;773 567;B01;2;7;0;2;3;1;1;
34944;202200022707;773 564;A01;1;2;0;2;1;17;1;
34945;202200022707;773 565;B01;2;7;0;2;3;1;1;
34946;202200022708;773 562;A01;2;7;0;2;1;16;1;
34947;202200022708;773 563;B01;2;7;0;2;8;18;1;
34948;202200022709;773 560;B01;3;7;0;0;7;15;1;
34949;202200022709;773 561;A01;1;7;0;2;1;1;1;
34950;202200022710;773 559;A01;3;36;12;0;1;26;0;
34951;202200022711;773 558;A01;1;7;11;0;1;1;1;
34952;202200022712;773 557;A01;3;21;0;1;6;23;1;
34953;202200022713;773 555;A01;1;7;0;1;1;2;1;
34954;202200022714;773 554;B01;1;7;3;2;1;15;1;
34955;202200022714;773 556;A01;2;7;3;2;1;1;1;
34956;202200022715;773 553;A01;2;7;6;1;1;1;1;
34957;202200022716;773 551;B01;2;33;0;2;1;1;1;
34958;202200022716;773 552;A01;1;7;0;2;3;13;1;
34959;202200022717;773 549;B01;2;7;0;2;0;0;1;
34960;202200022717;773 550;A01;2;7;0;2;4;2;1;
34961;202200022718;773 546;Z01;2;7;0;2;1;1;1;
34962;202200022718;773 548;B01;1;50;0;2;1;1;3;
34963;202200022720;773 542;A01;1;7;0;2;4;1;1;
34964;202200022720;773 543;B01;1;10;0;2;4;1;1;
34965;202200022720;773 544;C01;1;10;0;2;1;2;1;
34966;202200022721;773 541;A01;-1;7;14;0;2;1;-1;
34967;202200022722;773 538;A01;2;7;0;2;5;12;2;
34968;202200022722;773 540;B01;2;7;0;2;9;1;1;
34969;202200022723;773 537;B01;1;32;0;2;1;1;1;
34970;202200022723;773 539;A01;2;7;0;2;2;15;1;
34971;202200022724;773 535;B01;1;7;0;2;3;1;1;
34972;202200022724;773 536;A01;1;15;0;2;2;12;6;
34973;202200022725;773 533;B01;2;7;1;0;8;24;1;
34974;202200022725;773 534;A01;2;7;1;0;7;14;1;
34975;202200022726;773 531;A01;1;7;0;2;1;2;1;
34976;202200022726;773 532;B01;1;15;0;2;4;2;1;
34977;202200022728;773 526;C01;1;7;0;2;4;2;1;
34978;202200022728;773 527;B01;1;7;0;2;4;2;2;
34979;202200022728;773 528;A01;1;7;0;2;1;2;1;
34980;202200022729;773 524;A01;1;7;0;2;1;26;1;
34981;202200022729;773 525;B01;1;17;0;2;4;1;1;
34982;202200022730;773 523;A01;3;10;9;0;2;1;1;
34983;202200022731;773 522;A01;1;7;2;0;1;26;1;
34984;202200022732;773 520;A01;2;7;3;5;7;1;1;
34985;202200022733;773 519;A01;0;7;0;2;1;9;1;
34986;202200022733;773 521;B01;0;1;0;2;4;1;5;
34987;202200022734;773 518;A01;2;7;4;0;2;1;1;
34988;202200022735;773 515;A01;1;7;0;2;2;14;1;
34989;202200022735;773 517;B01;1;7;0;2;6;1;1;
34990;202200022736;773 514;A01;3;7;11;2;1;19;1;
34991;202200022736;773 516;B01;3;7;0;2;2;15;1;
34992;202200022739;773 511;A01;2;42;14;0;1;1;1;
34993;202200022740;773 509;A01;2;7;0;2;1;1;1;
34994;202200022740;773 510;B01;1;7;0;2;7;15;1;
34995;202200022741;773 507;B01;2;7;0;2;3;26;1;
34996;202200022741;773 508;A01;2;7;3;0;8;26;1;
34997;202200022743;773 503;A01;2;7;0;2;1;2;1;
34998;202200022743;773 504;B01;2;17;0;2;4;2;1;
34999;202200022745;773 499;A01;1;10;0;2;1;14;1;
35000;202200022745;773 500;B01;1;10;0;2;4;23;1;
35001;202200022746;773 496;A01;2;7;0;2;1;2;1;
35002;202200022746;773 497;B01;2;7;0;2;0;0;1;
35003;202200022747;773 494;A01;1;7;0;2;7;12;1;
35004;202200022747;773 495;B01;1;32;0;2;8;3;1;
35005;202200022748;773 498;A01;3;1;0;0;0;1;5;
35006;202200022749;773 492;B01;1;7;0;2;4;2;1;
35007;202200022749;773 493;A01;2;32;0;2;1;2;1;
35008;202200022750;773 488;A01;2;33;0;2;3;17;1;
35009;202200022750;773 490;B01;2;7;0;2;8;1;1;
35010;202200022750;773 491;C01;2;7;0;2;1;1;1;
35011;202200022752;773 484;B01;1;7;0;2;4;16;0;
35012;202200022752;773 486;C01;0;7;-1;2;-1;0;-1;
35013;202200022755;773 480;A01;1;10;2;0;1;1;1;
35014;202200022756;773 478;A01;1;10;0;2;1;2;1;
35015;202200022756;773 479;B01;1;7;0;2;4;2;1;
35016;202200022756;773 481;C01;1;7;0;2;4;2;1;
35017;202200022757;773 476;A01;0;10;0;2;1;1;1;
35018;202200022757;773 477;B01;0;7;0;2;3;1;1;
35019;202200022758;773 474;A01;1;7;13;0;1;1;1;
35020;202200022759;773 473;A01;1;7;0;2;1;2;1;
35021;202200022759;773 475;B01;1;7;0;2;4;2;1;
35022;202200022760;773 471;A01;0;7;15;2;5;1;1;
35023;202200022760;773 472;B01;0;99;0;2;1;1;0;
35024;202200022761;773 468;A01;2;15;0;2;2;9;1;
35025;202200022761;773 469;B01;2;10;0;2;8;1;1;
35026;202200022762;773 466;A01;3;31;8;0;3;26;1;
35027;202200022764;773 463;A01;2;7;0;0;0;14;1;
35028;202200022765;773 462;B01;1;7;0;2;8;1;3;
35029;202200022765;773 464;A01;1;17;0;2;7;12;1;
35030;202200022766;773 461;A01;1;7;4;0;5;21;1;
35031;202200022767;773 456;C01;2;7;0;2;1;1;1;
35032;202200022767;773 459;B01;2;7;0;2;4;26;1;
35033;202200022767;773 460;A01;2;10;0;2;4;2;1;
35034;202200022768;773 454;A01;1;7;0;2;1;2;1;
35035;202200022768;773 455;B01;1;7;0;2;4;2;1;
35036;202200022768;773 458;C01;1;7;0;2;4;2;1;
35037;202200022769;773 452;A01;1;7;0;2;3;11;1;
35038;202200022769;773 453;B01;1;33;0;2;2;3;1;
35039;202200022770;773 451;A01;1;2;12;0;1;13;3;
35040;202200022771;773 447;A01;2;33;0;2;5;3;1;
35041;202200022771;773 448;B01;2;10;0;2;3;11;1;
35042;202200022773;773 442;B01;1;7;0;2;1;1;1;
35043;202200022773;773 443;C01;1;7;0;2;1;1;1;
35044;202200022773;773 446;A01;1;7;0;2;8;1;1;
35045;202200022774;773 441;A01;3;7;0;2;1;2;1;
35046;202200022774;773 444;B01;3;7;0;2;4;2;1;
35047;202200022776;773 436;A01;1;7;0;2;5;12;1;
35048;202200022776;773 438;B01;1;7;0;2;3;1;1;
35049;202200022777;773 435;B01;1;7;0;2;6;13;2;
35050;202200022777;773 437;A01;1;33;0;2;1;17;1;
35051;202200022778;773 433;A01;1;17;1;0;2;14;1;
35052;202200022778;773 434;B01;1;7;0;0;6;24;2;
35053;202200022779;773 430;Z01;3;30;0;1;0;25;0;
35054;202200022780;773 429;C01;2;7;0;2;5;23;1;
35055;202200022780;773 431;B01;2;33;0;2;3;9;1;
35056;202200022780;773 432;A01;2;33;0;2;2;3;1;
35057;202200022781;773 427;A01;1;2;0;2;1;13;1;
35058;202200022781;773 428;B01;2;7;0;2;1;1;1;
35059;202200022782;773 423;Z01;2;7;0;2;0;0;0;
35060;202200022782;773 425;A01;2;33;0;2;8;1;1;
35061;202200022783;773 424;A01;1;10;0;2;1;5;1;
35062;202200022783;773 426;B01;1;50;0;2;7;1;3;
35063;202200022784;773 422;A01;3;7;2;0;3;0;1;
35064;202200022785;773 421;A01;1;7;6;0;3;1;1;
35065;202200022786;773 420;A01;1;32;12;0;1;18;1;
35066;202200022787;773 419;A01;0;7;0;0;0;0;1;
35067;202200022788;773 416;B01;1;7;0;2;9;23;1;
35068;202200022788;773 417;C01;1;7;0;2;1;2;1;
35069;202200022788;773 418;A01;1;7;0;2;4;23;1;
35070;202200022789;773 415;A01;1;7;0;1;3;15;1;
35071;202200022790;773 411;A01;2;32;0;0;0;0;1;
35072;202200022791;773 410;A01;1;7;0;2;4;9;1;
35073;202200022791;773 413;B01;1;7;4;2;1;11;1;
35074;202200022791;773 414;C01;1;7;0;2;1;1;1;
35075;202200022792;773 409;B01;2;10;0;2;0;2;1;
35076;202200022792;773 412;A01;2;7;0;2;1;2;1;
35077;202200022793;773 407;A01;2;10;0;1;1;15;1;
35078;202200022795;773 404;B01;2;7;0;2;2;1;1;
35079;202200022795;773 406;A01;1;7;0;2;1;15;1;
35080;202200022796;773 400;A01;0;7;0;0;4;26;1;
35081;202200022796;773 402;B01;0;7;0;0;0;0;1;
35082;202200022797;773 401;B01;1;10;0;2;3;1;1;
35083;202200022797;773 403;A01;2;7;0;2;1;1;1;
35084;202200022798;773 398;A01;2;7;0;2;3;13;1;
35085;202200022798;773 399;B01;1;7;0;2;3;1;1;
35086;202200022799;773 396;A01;1;7;6;0;3;1;1;
35087;202200022801;773 394;A01;2;10;1;0;2;1;1;
35088;202200022802;773 393;A01;2;2;0;0;7;1;1;
35089;202200022803;773 392;A01;1;7;0;2;3;9;1;
35090;202200022803;773 395;B01;2;2;0;2;1;1;1;
35091;202200022804;773 391;A01;3;7;0;0;9;26;1;
35092;202200022805;773 388;B01;2;7;0;2;8;15;1;
35093;202200022805;773 390;A01;2;10;2;2;1;17;1;
35094;202200022806;773 387;A01;0;7;0;0;2;1;2;
35095;202200022806;773 389;B01;3;7;0;0;3;19;1;
35096;202200022807;773 383;B01;2;33;0;2;3;21;1;
35097;202200022807;773 385;A01;2;7;0;0;4;19;1;
35098;202200022808;773 381;C01;1;7;0;2;4;2;1;
35099;202200022808;773 384;B01;1;7;0;2;4;2;1;
35100;202200022808;773 386;A01;1;10;0;2;1;2;1;
35101;202200022809;773 380;A01;2;7;6;0;1;11;1;
35102;202200022810;773 379;A01;2;7;0;2;1;13;1;
35103;202200022810;773 382;B01;1;7;0;2;1;1;1;
35104;202200022811;773 375;B01;2;2;0;0;4;2;1;
35105;202200022811;773 377;A01;2;7;0;2;2;2;1;
35106;202200022812;773 372;A01;2;7;0;2;4;2;1;
35107;202200022812;773 374;B01;2;7;0;2;4;2;1;
35108;202200022812;773 376;C01;2;7;0;2;4;2;1;
35109;202200022812;773 378;Z01;2;7;0;2;1;2;0;
35110;202200022813;773 371;A01;3;7;0;2;2;1;1;
35111;202200022813;773 373;B01;3;13;0;0;6;4;1;
35112;202200022814;773 368;A01;2;10;0;2;1;11;1;
35113;202200022814;773 370;B01;2;17;0;2;6;1;1;
35114;202200022815;773 366;C01;2;7;0;2;4;1;2;
35115;202200022815;773 367;B01;1;7;0;2;4;1;1;
35116;202200022815;773 369;A01;1;10;0;2;1;1;1;
35117;202200022816;773 363;A01;3;7;0;2;3;1;1;
35118;202200022816;773 365;B01;3;7;0;2;3;1;1;
35119;202200022817;773 361;B01;0;31;0;2;1;1;1;
35120;202200022817;773 364;A01;0;7;0;2;1;15;1;
35121;202200022818;773 360;A01;2;7;4;2;6;2;1;
35122;202200022818;773 362;B01;2;7;0;2;2;2;1;
35123;202200022819;773 359;B01;1;33;0;0;9;1;1;
35124;202200022820;773 358;A01;2;33;2;0;1;1;1;
35125;202200022821;773 355;A01;1;7;13;9;2;0;6;
35126;202200022822;773 352;A01;1;7;3;2;1;2;1;
35127;202200022822;773 354;B01;1;7;3;2;4;2;1;
35128;202200022822;773 356;C01;1;7;3;2;0;2;1;
35129;202200022822;773 357;D01;1;7;3;2;1;2;1;
35130;202200022823;773 353;A01;1;2;0;0;7;1;1;
35131;202200022824;773 350;A01;2;7;3;2;8;17;1;
35132;202200022824;773 351;B01;2;7;0;2;8;1;1;
35133;202200022825;773 346;A01;2;31;0;2;1;3;1;
35134;202200022825;773 348;B01;2;7;0;2;4;1;1;
35135;202200022826;773 347;A01;1;7;0;2;3;1;1;
35136;202200022826;773 349;B01;2;7;0;2;3;1;1;
35137;202200022827;773 345;A01;1;35;0;0;1;14;1;
35138;202200022828;773 344;A01;1;7;5;0;1;14;1;
35139;202200022829;773 343;A01;1;1;0;0;0;1;5;
35140;202200022830;773 341;A01;2;10;0;0;3;5;1;
35141;202200022830;773 342;B01;1;31;0;0;1;1;1;
35142;202200022831;773 339;B01;2;7;0;2;4;1;1;
35143;202200022831;773 340;A01;2;7;0;2;1;2;1;
35144;202200022832;773 337;B01;3;33;0;2;3;1;1;
35145;202200022832;773 338;A01;3;2;0;2;1;13;1;
35146;202200022833;773 336;A01;1;7;0;0;1;1;1;
35147;202200022834;773 334;A01;1;33;13;0;1;0;1;
35148;202200022835;773 335;A01;3;7;0;1;3;1;1;
35149;202200022836;773 333;A01;3;0;0;1;1;19;0;
35150;202200022837;773 332;A01;2;7;2;0;1;13;1;
35151;202200022839;773 326;B01;2;32;0;2;1;1;1;
35152;202200022839;773 329;A01;2;7;0;2;1;15;1;
35153;202200022840;773 325;A01;2;7;0;2;1;5;1;
35154;202200022840;773 327;B01;1;7;0;2;1;1;1;
35155;202200022841;773 322;A01;2;7;0;2;2;14;1;
35156;202200022841;773 324;B01;2;7;0;2;3;1;1;
35157;202200022842;773 320;C01;1;7;0;2;1;2;1;
35158;202200022842;773 323;B01;1;7;0;0;4;15;1;
35159;202200022842;773 328;A01;1;7;0;2;4;1;1;
35160;202200022843;773 321;A01;1;7;13;0;0;0;1;
35161;202200022845;773 316;A01;2;33;0;6;1;1;1;
35162;202200022846;773 315;A01;2;7;6;0;1;1;1;
35163;202200022847;773 314;A01;1;7;13;0;1;26;1;
35164;202200022848;773 313;A01;0;30;0;0;8;26;1;
35165;202200022849;773 310;A01;1;7;13;0;3;1;1;
35166;202200022851;773 308;B01;1;7;0;2;1;1;1;
35167;202200022851;773 309;A01;1;7;0;2;2;12;1;
35168;202200022852;773 307;A01;1;2;0;0;1;1;1;
35169;202200022853;773 305;A01;2;7;0;2;2;15;1;
35170;202200022853;773 306;B01;1;33;0;2;1;1;1;
35171;202200022854;773 303;A01;2;7;0;0;1;1;1;
35172;202200022855;773 302;A01;2;33;0;2;1;1;1;
35173;202200022855;773 304;Z01;1;7;0;2;0;17;0;
35174;202200022856;773 299;A01;1;7;0;9;2;21;1;
35175;202200022856;773 301;B01;1;50;0;2;8;11;3;
35176;202200022857;773 295;B01;3;30;12;2;6;18;1;
35177;202200022857;773 297;A01;3;7;12;2;2;16;1;
35178;202200022858;773 294;A01;1;10;0;2;3;13;0;
35179;202200022858;773 296;B01;2;7;0;2;3;1;2;
35180;202200022858;773 298;C01;2;7;0;2;3;1;1;
35181;202200022858;773 300;D01;2;10;0;2;6;0;1;
35182;202200022860;773 291;A01;3;7;15;1;3;1;1;
35183;202200022861;773 290;A01;1;7;0;1;3;15;1;
35184;202200022862;773 287;A01;2;7;0;2;7;16;1;
35185;202200022862;773 288;B01;1;2;0;2;1;18;1;
35186;202200022863;773 289;A01;1;33;6;0;0;0;1;
35187;202200022864;773 284;A01;1;10;0;2;7;16;1;
35188;202200022864;773 286;B01;1;32;0;2;8;2;1;
35189;202200022865;773 283;A01;1;7;0;1;4;20;1;
35190;202200022866;773 282;A01;2;10;0;2;2;2;1;
35191;202200022866;773 285;B01;1;32;0;2;8;11;1;
35192;202200022867;773 280;A01;1;7;0;2;1;15;1;
35193;202200022867;773 281;B01;2;2;0;2;1;1;1;
35194;202200022868;773 279;A01;3;7;0;0;0;16;1;
35195;202200022869;773 277;A01;1;7;0;2;0;0;1;
35196;202200022869;773 278;B01;3;7;0;2;1;2;1;
35197;202200022870;773 276;A01;2;7;3;0;3;17;1;
35198;202200022871;773 274;A01;1;1;12;2;0;0;0;
35199;202200022871;773 275;B01;3;14;0;2;7;1;1;
35200;202200022872;773 273;A01;1;30;0;0;7;1;1;
35201;202200022873;773 271;A01;3;7;0;2;3;17;1;
35202;202200022873;773 272;B01;3;7;0;2;2;9;1;
35203;202200022874;773 270;A01;3;7;0;1;1;26;1;
35204;202200022876;773 264;A01;1;7;3;2;2;1;1;
35205;202200022876;773 267;B01;1;7;0;2;1;1;1;
35206;202200022878;773 262;A01;3;7;13;0;1;0;1;
35207;202200022879;773 261;A01;1;7;0;1;4;20;1;
35208;202200022880;773 259;A01;3;10;0;2;3;15;1;
35209;202200022880;773 260;B01;3;2;0;2;1;16;1;
35210;202200022881;773 258;A01;1;7;0;1;1;1;1;
35211;202200022882;773 256;B01;1;7;0;2;1;5;1;
35212;202200022882;773 257;A01;2;7;0;2;3;17;1;
35213;202200022883;773 252;A01;2;7;0;2;3;0;1;
35214;202200022883;773 255;B01;1;13;0;2;3;0;1;
35215;202200022884;773 251;A01;1;7;0;1;1;1;1;
35216;202200022885;773 248;A01;0;7;0;1;3;14;1;
35217;202200022886;773 249;B01;2;7;0;0;0;5;1;
35218;202200022886;773 250;A01;1;33;0;0;7;21;1;
35219;202200022887;773 247;A01;3;7;0;1;1;1;1;
35220;202200022888;773 244;A01;0;7;0;2;6;10;0;
35221;202200022888;773 245;B01;0;7;0;2;1;1;0;
35222;202200022889;773 243;A01;2;2;0;2;1;2;1;
35223;202200022889;773 246;B01;2;10;0;0;6;2;1;
35224;202200022890;773 241;A01;1;7;0;2;1;1;1;
35225;202200022890;773 242;B01;1;1;0;2;1;1;5;
35226;202200022891;773 239;B01;1;50;0;2;1;1;3;
35227;202200022891;773 240;A01;1;7;0;2;5;16;1;
35228;202200022892;773 238;A01;1;7;0;1;1;1;1;
35229;202200022893;773 236;B01;2;7;0;2;3;1;1;
35230;202200022893;773 237;A01;1;10;0;2;1;1;1;
35231;202200022894;773 235;A01;1;7;13;0;1;16;1;
35232;202200022895;773 230;A01;1;14;0;2;1;2;1;
35233;202200022895;773 231;B01;1;7;0;2;4;2;1;
35234;202200022895;773 232;C01;1;7;0;2;4;2;1;
35235;202200022895;773 233;D01;1;7;0;2;4;2;1;
35236;202200022895;773 234;E01;1;7;0;2;4;2;1;
35237;202200022896;773 229;A01;3;7;9;0;1;15;1;
35238;202200022897;773 228;A01;3;32;0;0;1;15;1;
35239;202200022898;773 226;A01;1;7;0;2;3;13;1;
35240;202200022898;773 227;B01;2;7;0;2;3;1;1;
35241;202200022899;773 225;A01;1;7;0;1;1;1;1;
35242;202200022900;773 224;A01;1;7;0;1;1;1;1;
35243;202200022901;773 222;B01;1;10;0;2;3;1;1;
35244;202200022901;773 223;A01;1;7;0;2;1;15;1;
35245;202200022903;773 219;A01;1;7;1;0;2;0;1;
35246;202200022904;773 218;A01;3;1;0;1;1;1;5;
35247;202200022905;773 216;A01;1;7;0;2;7;17;1;
35248;202200022905;773 217;B01;1;30;0;2;1;1;1;
35249;202200022907;773 213;A01;1;7;0;1;1;1;1;
35250;202200022908;773 211;B01;1;10;0;2;4;1;1;
35251;202200022908;773 212;A01;1;7;0;2;1;1;1;
35252;202200022909;773 209;B01;2;32;0;2;1;1;1;
35253;202200022909;773 210;A01;0;7;0;2;3;16;1;
35254;202200022910;773 208;A01;1;40;0;1;2;1;3;
35255;202200022911;773 207;A01;1;10;0;1;3;1;1;
35256;202200022912;773 206;A01;1;7;0;1;3;1;1;
35257;202200022913;773 203;C01;3;7;0;2;1;23;1;
35258;202200022913;773 204;A01;3;7;0;2;1;23;1;
35259;202200022913;773 205;B01;3;7;0;2;1;15;1;
35260;202200022914;773 201;B01;2;7;0;2;3;19;1;
35261;202200022914;773 202;A01;2;50;0;2;1;19;3;
35262;202200022916;773 198;B01;2;7;0;2;3;1;1;
35263;202200022916;773 199;A01;1;10;0;2;2;1;0;
35264;202200022917;773 196;C01;3;50;0;2;1;1;3;
35265;202200022917;773 197;A01;3;7;0;2;6;9;1;