;Num_Acc;id_vehicule;num_veh;senc;catv;obs;obsm;choc;manv;motor;occutc
35266;202200022918;773 194;A01;2;30;0;2;2;1;3;
35267;202200022918;773 195;B01;1;7;0;2;2;1;1;
35268;202200022919;773 193;A01;1;7;0;1;1;15;1;
35269;202200022920;773 191;A01;2;7;0;2;2;15;1;
35270;202200022920;773 192;B01;1;1;0;2;1;1;5;
35271;202200022921;773 189;B01;2;1;0;2;4;2;5;
35272;202200022921;773 190;A01;2;10;0;2;1;2;1;
35273;202200022922;773 188;A01;0;3;0;1;1;1;1;
35274;202200022923;773 186;A01;2;7;0;2;8;15;1;
35275;202200022923;773 187;B01;2;7;0;2;2;1;1;
35276;202200022924;773 184;A01;3;30;0;2;1;26;3;
35277;202200022924;773 185;B01;3;7;0;2;2;1;1;
35278;202200022925;773 182;A01;2;10;0;2;2;1;1;
35279;202200022925;773 183;B01;2;7;0;2;3;1;1;
35280;202200022926;773 181;A01;3;7;0;1;3;1;1;
35281;202200022927;773 179;A01;1;7;0;2;4;23;1;
35282;202200022927;773 180;B01;1;7;0;2;1;2;1;
35283;202200022928;773 178;A01;1;7;13;0;2;12;1;
35284;202200022929;773 176;A01;1;30;0;2;2;17;1;
35285;202200022929;773 177;B01;1;7;0;2;3;15;1;
35286;202200022931;773 172;A01;3;7;0;2;2;15;1;
35287;202200022931;773 173;B01;3;30;0;2;1;1;1;
35288;202200022932;773 171;A01;2;7;14;0;1;13;1;
35289;202200022933;773 170;A01;2;7;0;1;3;16;1;
35290;202200022934;773 168;B01;1;32;0;2;1;1;1;
35291;202200022934;773 169;A01;2;7;0;2;8;15;1;
35292;202200022935;773 167;A01;2;7;0;1;3;15;1;
35293;202200022937;773 163;A01;1;31;0;2;2;1;1;
35294;202200022937;773 164;B01;1;7;0;2;3;11;1;
35295;202200022938;773 161;A01;2;32;0;2;1;3;1;
35296;202200022938;773 162;B01;2;7;0;2;6;1;2;
35297;202200022939;773 159;B01;2;7;0;2;5;2;1;
35298;202200022939;773 160;A01;2;50;0;2;1;2;3;
35299;202200022941;773 157;A01;2;1;0;1;8;1;5;
35300;202200022942;773 156;A01;1;30;0;0;7;1;3;
35301;202200022943;773 155;A01;1;30;0;0;0;21;1;
35302;202200022944;773 154;A01;1;7;0;1;0;15;1;
35303;202200022945;773 152;A01;2;33;0;1;1;1;1;
35304;202200022946;773 150;A01;2;7;0;2;3;15;1;
35305;202200022946;773 151;B01;1;33;0;2;3;1;1;
35306;202200022947;773 148;B01;1;7;0;2;0;16;-1;
35307;202200022947;773 149;A01;1;30;0;2;1;1;1;
35308;202200022948;773 147;A01;1;7;0;1;7;1;1;
35309;202200022949;773 146;A01;2;30;0;0;7;21;1;
35310;202200022950;773 144;B01;3;34;0;2;1;1;1;
35311;202200022950;773 145;A01;3;7;0;2;1;16;1;
35312;202200022951;773 142;B01;2;7;0;2;3;15;2;
35313;202200022951;773 143;A01;2;33;0;2;1;17;1;
35314;202200022952;773 140;Z01;1;7;0;2;0;14;0;
35315;202200022952;773 141;A01;1;80;1;2;4;1;3;
35316;202200022953;773 139;Z01;2;7;0;1;3;15;-1;
35317;202200022954;773 138;A01;2;1;0;1;8;1;5;
35318;202200022955;773 136;Z01;1;7;0;2;2;1;1;
35319;202200022955;773 137;A01;1;7;0;2;3;9;1;
35320;202200022957;773 134;A01;1;10;0;1;1;1;1;
35321;202200022958;773 133;A01;2;1;0;0;7;16;5;
35322;202200022959;773 132;A01;2;7;0;1;1;9;2;
35323;202200022960;773 131;A01;1;32;8;0;1;13;1;
35324;202200022961;773 129;A01;2;7;0;2;2;10;2;
35325;202200022961;773 130;B01;1;80;0;2;8;1;3;
35326;202200022962;773 127;B01;1;2;0;2;3;18;3;
35327;202200022962;773 128;A01;1;7;0;2;2;1;1;
35328;202200022963;773 125;A01;1;7;0;2;1;15;1;
35329;202200022963;773 126;B01;2;32;0;2;1;1;1;
35330;202200022964;773 122;A01;1;7;0;2;2;1;1;
35331;202200022964;773 123;B01;2;7;0;2;1;0;1;
35332;202200022966;773 119;A01;3;7;0;1;5;16;1;
35333;202200022967;773 118;A01;3;7;0;1;3;1;1;
35334;202200022968;773 117;A01;1;7;0;1;2;1;1;
35335;202200022969;773 115;A01;2;7;0;2;5;26;1;
35336;202200022969;773 116;B01;2;7;0;2;2;1;1;
35337;202200022970;773 114;A01;1;7;0;1;1;1;1;
35338;202200022971;773 112;B01;1;37;0;2;2;1;1;1.0
35339;202200022971;773 113;A01;0;10;0;2;1;0;1;
35340;202200022972;773 110;B01;2;7;0;2;1;0;1;
35341;202200022972;773 111;A01;1;7;0;2;1;0;1;
35342;202200022973;773 108;A01;0;10;0;2;3;1;1;
35343;202200022973;773 109;B01;0;7;0;2;3;5;1;
35344;202200022974;773 106;B01;3;7;0;2;1;5;1;
35345;202200022974;773 107;A01;3;7;0;2;1;1;1;
35346;202200022975;773 105;A01;1;80;0;1;1;2;3;
35347;202200022976;773 103;A01;1;7;0;0;4;1;1;
35348;202200022976;773 104;B01;1;37;0;2;1;0;1;3.0
35349;202200022977;773 101;B01;0;1;0;2;3;1;5;
35350;202200022977;773 102;A01;0;7;0;2;3;20;1;
35351;202200022978;773 099;A01;1;7;0;2;1;1;1;
35352;202200022978;773 100;B01;2;33;0;2;1;0;1;
35353;202200022979;773 098;A01;1;7;15;1;1;16;1;
35354;202200022980;773 093;B01;2;7;0;2;6;1;1;
35355;202200022980;773 094;C01;2;7;0;2;1;1;1;
35356;202200022980;773 095;D01;2;15;0;2;3;1;1;
35357;202200022980;773 096;E01;2;15;0;2;1;1;1;
35358;202200022980;773 097;A01;1;15;0;2;9;5;1;
35359;202200022981;773 092;A01;3;7;0;1;2;9;1;
35360;202200022983;773 090;A01;1;30;0;0;8;16;1;
35361;202200022984;773 089;A01;3;30;1;0;0;0;0;
35362;202200022985;773 088;A01;2;1;0;1;8;1;5;
35363;202200022986;773 086;B01;2;3;0;2;2;0;0;
35364;202200022986;773 087;A01;1;3;1;0;4;0;0;
35365;202200022987;773 085;A01;2;1;0;0;0;16;5;
35366;202200022988;773 083;B01;2;7;0;2;1;1;1;
35367;202200022988;773 084;A01;1;7;0;2;7;1;1;
35368;202200022989;773 081;B01;1;7;0;2;3;1;1;
35369;202200022989;773 082;A01;2;7;0;2;3;5;1;
35370;202200022990;773 079;B01;2;10;0;2;1;15;1;
35371;202200022990;773 080;A01;1;2;0;2;1;1;1;
35372;202200022992;773 075;A01;1;7;0;2;1;5;1;
35373;202200022992;773 076;B01;2;7;0;2;1;1;1;
35374;202200022993;773 074;A01;1;7;0;1;3;1;2;
35375;202200022995;773 070;B01;2;7;15;2;3;1;1;
35376;202200022995;773 072;A01;2;7;8;2;2;1;1;
35377;202200022996;773 068;A01;1;7;0;2;1;1;1;
35378;202200022996;773 069;B01;2;7;0;2;1;1;1;
35379;202200022997;773 067;A01;3;7;3;0;1;1;1;
35380;202200022998;773 066;A01;1;10;15;0;1;13;1;
35381;202200022999;773 064;A01;1;7;0;1;2;17;1;
35382;202200023000;773 063;B01;1;33;0;2;0;1;1;
35383;202200023000;773 065;A01;3;7;0;2;0;15;1;
35384;202200023001;773 062;A01;2;7;0;0;3;1;1;
35385;202200023003;773 057;A01;1;7;0;2;1;13;1;
35386;202200023003;773 058;B01;2;7;0;2;1;1;1;
35387;202200023003;773 060;C01;2;7;0;2;3;1;1;
35388;202200023004;773 055;A01;3;10;0;2;4;4;3;
35389;202200023004;773 056;B01;3;2;0;2;1;23;1;
35390;202200023005;773 053;B01;3;7;0;2;2;1;1;
35391;202200023005;773 054;A01;1;7;0;2;1;21;1;
35392;202200023006;773 051;A01;3;15;0;1;2;20;1;
35393;202200023007;773 050;A01;1;7;0;2;3;19;1;
35394;202200023007;773 052;B01;1;37;0;2;3;15;1;1.0
35395;202200023008;773 049;A01;1;3;3;0;1;1;1;
35396;202200023009;773 046;A01;2;7;5;0;9;1;1;
35397;202200023010;773 047;B01;1;1;0;2;1;1;5;
35398;202200023010;773 048;A01;1;10;0;2;3;9;1;
35399;202200023011;773 045;A01;2;7;6;0;1;13;1;
35400;202200023012;773 043;A01;3;2;13;0;1;1;1;
35401;202200023013;773 042;A01;2;7;0;2;2;14;1;
35402;202200023013;773 044;B01;2;7;0;2;6;1;1;
35403;202200023014;773 040;A01;3;7;0;2;1;1;1;
35404;202200023014;773 041;B01;3;50;0;0;2;1;3;
35405;202200023015;773 037;A01;1;36;0;2;6;23;1;
35406;202200023015;773 038;B01;1;7;0;2;2;1;1;
35407;202200023016;773 036;A01;1;7;0;2;1;2;1;
35408;202200023016;773 039;B01;1;7;0;0;4;2;1;
35409;202200023017;773 035;A01;3;7;0;1;1;1;1;
35410;202200023018;773 034;A01;1;7;0;1;3;1;1;
35411;202200023019;773 032;B01;2;2;0;2;1;16;1;
35412;202200023019;773 033;A01;1;7;0;2;1;13;1;
35413;202200023020;773 029;B01;2;7;0;2;2;15;1;
35414;202200023020;773 030;A01;1;31;0;2;1;1;1;
35415;202200023021;773 028;A01;0;7;0;2;7;23;1;
35416;202200023021;773 031;B01;0;50;0;2;8;1;3;
35417;202200023023;773 025;C01;2;7;0;2;1;1;1;
35418;202200023023;773 026;B01;2;7;0;2;3;1;3;
35419;202200023023;773 027;A01;1;7;0;2;3;13;1;
35420;202200023024;773 023;A01;2;7;17;0;1;1;1;
35421;202200023025;773 021;A01;3;2;0;2;0;17;1;
35422;202200023025;773 022;B01;3;7;0;0;0;15;1;
35423;202200023026;773 020;A01;3;7;8;0;0;1;1;
35424;202200023027;773 018;A01;2;2;12;0;1;1;1;
35425;202200023028;773 017;B01;2;30;0;2;7;1;1;
35426;202200023028;773 019;A01;2;7;0;2;4;20;1;
35427;202200023029;773 014;B01;2;7;0;2;3;1;1;
35428;202200023029;773 016;A01;1;15;0;2;6;1;1;
35429;202200023030;773 012;A01;2;7;0;1;2;1;1;
35430;202200023031;773 013;A01;2;7;0;2;7;2;1;
35431;202200023031;773 015;B01;2;50;0;0;1;2;3;
35432;202200023032;773 011;A01;2;7;0;1;3;1;1;
35433;202200023033;773 010;A01;3;7;0;1;1;1;1;
35434;202200023035;773 006;A01;3;7;0;1;3;1;1;
35435;202200023036;773 005;A01;1;7;4;0;3;1;1;
35436;202200023037;773 002;A01;1;7;4;0;0;1;1;
35437;202200023039;773 001;A01;3;2;13;0;2;1;1;
35438;202200023041;772 996;A01;3;1;0;2;3;1;5;
35439;202200023041;772 997;B01;3;7;0;2;3;1;1;
35440;202200023042;772 995;A01;1;7;0;2;1;1;1;
35441;202200023042;772 998;B01;1;7;0;2;4;1;1;
35442;202200023042;773 000;C01;1;7;0;2;4;1;1;
35443;202200023043;772 993;A01;0;7;0;2;1;1;1;
35444;202200023043;772 994;B01;0;7;6;0;4;9;1;
35445;202200023044;772 991;B01;1;50;0;2;4;1;3;
35446;202200023044;772 992;A01;1;14;0;2;2;2;1;
35447;202200023045;772 990;A01;3;7;0;1;1;1;1;
35448;202200023046;772 989;A01;3;7;0;1;3;2;1;
35449;202200023047;772 985;C01;1;7;0;2;1;1;1;
35450;202200023047;772 987;B01;2;33;0;2;2;3;1;
35451;202200023047;772 988;A01;2;7;0;0;6;13;1;
35452;202200023048;772 984;A01;3;33;0;2;8;2;1;
35453;202200023048;772 986;B01;3;7;0;2;7;0;1;
35454;202200023049;772 982;A01;1;50;0;0;0;0;3;
35455;202200023050;772 981;A01;1;7;0;0;4;23;1;
35456;202200023050;772 983;B01;1;2;0;2;1;2;1;
35457;202200023051;772 978;B01;2;7;0;2;1;1;1;
35458;202200023051;772 980;A01;1;1;0;2;7;19;5;
35459;202200023052;772 977;B01;3;7;0;2;4;23;2;
35460;202200023052;772 979;A01;3;7;0;2;1;2;1;
35461;202200023053;772 976;A01;2;7;4;0;8;0;1;
35462;202200023056;772 972;B01;2;7;0;0;4;1;1;
35463;202200023056;772 974;A01;2;7;0;2;1;1;1;
35464;202200023058;772 968;A01;3;7;0;1;2;9;1;
35465;202200023059;772 966;B01;3;1;0;2;8;1;5;
35466;202200023059;772 967;A01;3;7;0;2;1;26;1;
35467;202200023060;772 965;A01;1;7;4;0;1;15;1;
35468;202200023061;772 963;B01;1;1;0;2;1;1;5;
35469;202200023061;772 964;A01;1;10;0;2;1;16;1;
35470;202200023062;772 962;A01;1;7;8;0;1;1;1;
35471;202200023063;772 960;A01;1;7;0;1;1;16;1;
35472;202200023064;772 957;A01;0;10;0;2;1;1;1;
35473;202200023064;772 958;B01;0;33;0;2;4;1;1;
35474;202200023064;772 959;C01;0;7;0;2;4;1;1;
35475;202200023065;772 955;B01;2;7;0;2;2;0;2;
35476;202200023065;772 956;A01;1;7;0;2;2;0;1;
35477;202200023066;772 953;B01;2;7;0;2;4;1;3;
35478;202200023066;772 954;A01;2;7;0;2;1;1;1;
35479;202200023067;772 951;A01;1;7;0;2;3;13;1;
35480;202200023067;772 952;B01;2;7;0;2;3;1;1;
35481;202200023068;772 949;B01;1;99;0;2;4;2;1;
35482;202200023068;772 950;A01;1;99;0;2;1;2;1;
35483;202200023069;772 948;A01;3;31;0;1;1;1;1;
35484;202200023070;772 945;C01;1;7;0;2;3;1;1;
35485;202200023070;772 946;B01;1;7;0;2;3;1;1;
35486;202200023070;772 947;A01;2;7;0;2;3;13;1;
35487;202200023071;772 943;B01;3;33;0;2;7;9;1;
35488;202200023071;772 944;A01;3;7;0;2;3;9;1;
35489;202200023072;772 942;A01;1;32;0;2;8;1;1;
35490;202200023073;772 940;A01;2;30;0;2;8;1;1;
35491;202200023073;772 941;B01;2;7;0;2;7;12;1;
35492;202200023074;772 938;B01;1;1;0;2;4;13;5;
35493;202200023074;772 939;A01;1;7;0;2;2;17;1;
35494;202200023075;772 936;A01;2;30;0;2;6;15;1;
35495;202200023075;772 937;B01;1;30;0;2;3;1;1;
35496;202200023076;772 935;A01;0;7;0;1;1;15;1;
35497;202200023077;772 933;B01;2;33;0;2;4;23;1;
35498;202200023077;772 934;A01;2;10;0;2;1;2;1;
35499;202200023078;772 931;B01;1;7;0;2;7;1;1;
35500;202200023078;772 932;A01;2;43;0;2;1;1;1;
35501;202200023079;772 929;B01;1;33;0;2;5;15;1;
35502;202200023079;772 930;A01;2;80;0;2;1;1;3;
35503;202200023081;772 926;B01;3;7;0;2;3;15;2;
35504;202200023081;772 927;A01;3;43;0;2;1;1;1;
35505;202200023082;772 925;Z01;2;7;0;1;1;15;1;
35506;202200023083;772 921;D01;1;7;0;2;5;23;1;
35507;202200023083;772 922;C01;1;32;0;2;4;23;3;
35508;202200023083;772 923;B01;1;7;0;2;7;23;2;
35509;202200023083;772 924;A01;1;33;0;2;1;2;1;
35510;202200023084;772 920;A01;1;1;0;1;1;7;5;
35511;202200023086;772 917;A01;0;1;0;1;1;1;5;
35512;202200023087;772 915;B01;2;1;0;2;1;1;5;
35513;202200023087;772 916;A01;1;1;0;2;1;13;5;
35514;202200023088;772 913;B01;1;7;0;2;2;1;1;
35515;202200023088;772 914;A01;1;7;0;2;3;9;1;
35516;202200023089;772 911;B01;3;50;0;2;1;2;3;
35517;202200023089;772 912;A01;2;7;0;2;1;16;1;
35518;202200023091;772 909;A01;1;33;0;1;2;26;1;
35519;202200023092;772 907;A01;2;7;0;2;3;15;1;
35520;202200023092;772 908;B01;2;50;0;2;7;1;3;
35521;202200023093;772 905;A01;1;7;0;2;7;16;1;
35522;202200023093;772 906;B01;1;2;0;2;8;1;3;
35523;202200023094;772 902;C01;2;7;0;2;4;23;1;
35524;202200023094;772 903;B01;2;3;0;2;4;1;1;
35525;202200023094;772 904;A01;2;7;0;2;1;1;2;
35526;202200023095;772 901;A01;1;7;0;1;2;21;1;
35527;202200023097;772 898;B01;2;34;0;2;1;17;1;
35528;202200023097;772 899;A01;2;7;0;2;8;15;1;
35529;202200023098;772 897;A01;1;7;0;1;3;1;1;
35530;202200023099;772 896;A01;2;42;0;1;1;1;1;
35531;202200023101;772 893;A01;3;7;0;1;1;15;2;
35532;202200023102;772 890;A01;0;7;0;1;1;1;1;
35533;202200023103;772 888;A01;1;7;0;2;8;1;1;
35534;202200023104;772 886;B01;2;37;0;2;3;1;1;8.0
35535;202200023104;772 887;A01;1;7;0;2;3;13;1;
35536;202200023105;772 885;A01;1;7;0;1;1;1;1;
35537;202200023107;772 883;A01;1;2;8;0;0;1;1;
35538;202200023110;772 877;A01;1;7;0;2;1;2;1;
35539;202200023110;772 878;B01;1;7;0;2;4;23;1;
35540;202200023110;772 879;C01;1;7;0;2;4;2;1;
35541;202200023111;772 876;A01;0;7;2;0;1;0;1;
35542;202200023112;772 874;B01;3;7;0;2;3;15;1;
35543;202200023112;772 875;A01;3;7;0;2;1;17;1;
35544;202200023114;772 870;B01;2;7;0;2;3;1;1;
35545;202200023114;772 871;A01;1;7;0;2;3;16;1;
35546;202200023115;772 867;A01;3;7;0;1;2;1;1;
35547;202200023116;772 866;A01;2;7;1;0;1;15;1;
35548;202200023117;772 865;A01;2;7;0;1;7;1;3;
35549;202200023118;772 863;B01;3;7;0;2;5;1;1;
35550;202200023118;772 864;A01;0;1;0;2;1;1;5;
35551;202200023119;772 862;A01;2;7;0;1;2;0;0;
35552;202200023120;772 860;B01;3;36;0;2;3;23;1;
35553;202200023120;772 861;A01;1;10;0;2;3;1;1;
35554;202200023121;772 857;A01;3;1;12;0;0;26;5;
35555;202200023122;772 856;A01;2;7;0;1;2;2;1;
35556;202200023123;772 855;A01;2;7;16;0;2;0;1;
35557;202200023124;772 853;B01;1;17;0;2;1;1;1;
35558;202200023124;772 854;A01;2;7;0;2;1;13;1;
35559;202200023126;772 848;B01;2;7;0;2;2;1;1;
35560;202200023126;772 849;A01;2;7;0;2;8;9;1;
35561;202200023127;772 846;B01;1;1;0;2;4;2;5;
35562;202200023127;772 847;A01;1;7;0;9;0;2;0;
35563;202200023128;772 844;B01;2;17;0;0;4;2;1;
35564;202200023128;772 845;A01;2;7;0;0;1;2;1;
35565;202200023129;772 843;A01;2;7;0;1;1;0;1;
35566;202200023130;772 842;A01;1;7;1;0;1;2;3;
35567;202200023131;772 839;C01;2;15;0;2;7;1;1;
35568;202200023131;772 840;B01;2;7;3;2;4;1;1;
35569;202200023131;772 841;A01;2;7;0;2;1;17;1;
35570;202200023132;772 837;A01;1;17;0;2;1;6;1;
35571;202200023132;772 838;C01;2;17;0;2;6;1;1;
35572;202200023133;772 836;A01;2;15;4;0;8;1;1;
35573;202200023134;772 834;A01;1;7;1;2;7;15;1;
35574;202200023134;772 835;B01;2;7;0;2;1;1;1;
35575;202200023135;772 833;A01;3;7;0;1;3;1;1;
35576;202200023136;772 831;B01;0;31;0;0;3;1;1;
35577;202200023136;772 832;A01;0;7;0;0;3;1;1;
35578;202200023137;772 830;A01;1;7;0;1;1;1;1;
35579;202200023138;772 827;A01;3;7;0;2;1;15;1;
35580;202200023138;772 828;B01;2;7;0;2;1;1;1;
35581;202200023138;772 829;C01;3;7;0;2;1;23;1;
35582;202200023140;772 824;A01;3;7;0;1;1;15;1;
35583;202200023141;772 823;A01;3;1;0;2;2;1;5;
35584;202200023141;772 825;B01;3;7;0;9;3;1;0;
35585;202200023142;772 821;A01;2;7;0;2;3;13;1;
35586;202200023142;772 822;B01;1;7;0;2;8;1;1;
35587;202200023144;772 819;B01;2;7;0;2;1;17;1;
35588;202200023144;772 820;A01;1;7;0;2;1;0;1;
35589;202200023145;772 816;B01;3;7;0;2;1;1;1;
35590;202200023145;772 817;A01;3;1;0;2;1;0;5;
35591;202200023146;772 812;A01;3;7;4;2;3;13;1;
35592;202200023146;772 814;B01;3;7;0;2;5;1;1;
35593;202200023147;772 811;C01;1;7;0;2;1;1;1;
35594;202200023147;772 813;B01;2;7;0;2;4;1;1;
35595;202200023147;772 815;A01;2;7;0;2;1;1;1;
35596;202200023148;772 810;A01;1;50;0;0;1;0;3;
35597;202200023149;772 809;A01;1;15;8;0;3;13;1;
35598;202200023150;772 807;A01;2;7;0;1;3;17;1;
35599;202200023151;772 806;B01;2;7;0;2;1;19;1;
35600;202200023151;772 808;A01;1;1;0;2;3;19;5;
35601;202200023152;772 804;A01;3;7;1;2;1;13;1;
35602;202200023152;772 805;B01;3;7;1;2;1;1;1;
35603;202200023153;772 803;A01;1;7;0;1;1;1;1;
35604;202200023154;772 800;A01;3;7;12;0;0;13;1;
35605;202200023155;772 795;B01;1;7;0;2;4;20;1;
35606;202200023155;772 797;A01;1;1;0;2;1;2;5;
35607;202200023157;772 789;Z01;0;30;0;2;0;18;0;
35608;202200023157;772 790;B01;3;43;0;2;7;21;1;
35609;202200023157;772 792;A01;3;10;0;2;7;21;1;
35610;202200023158;772 788;A01;3;7;0;1;7;25;1;
35611;202200023159;772 787;A01;1;7;1;0;1;16;1;
35612;202200023160;772 784;A01;0;7;12;0;3;1;1;
35613;202200023163;772 775;A01;2;10;0;2;1;2;1;
35614;202200023163;772 777;B01;2;7;0;2;4;2;1;
35615;202200023163;772 778;C01;2;10;0;2;4;2;1;
35616;202200023163;772 779;D01;2;7;0;2;4;2;1;
35617;202200023163;772 781;E01;2;7;0;2;4;23;1;
35618;202200023164;772 774;B01;0;7;0;2;1;1;1;
35619;202200023164;772 776;A01;0;50;0;2;7;5;3;
35620;202200023165;772 773;A01;2;7;5;0;8;9;1;
35621;202200023166;772 772;A01;1;7;2;0;1;13;1;
35622;202200023167;772 770;A01;2;10;0;2;1;2;1;
35623;202200023167;772 771;B01;2;7;0;2;4;2;1;
35624;202200023168;772 769;A01;1;1;1;0;0;14;5;
35625;202200023169;772 767;A01;1;14;0;2;1;1;1;
35626;202200023169;772 768;B01;1;7;0;2;4;11;1;
35627;202200023171;772 764;A01;2;7;0;2;3;12;1;
35628;202200023171;772 765;B01;2;42;0;2;0;0;1;
35629;202200023172;772 762;A01;1;7;12;0;9;1;1;
35630;202200023173;772 761;A01;1;7;0;0;0;26;1;
35631;202200023173;772 763;B01;1;10;0;0;0;0;1;
35632;202200023174;772 760;A01;1;7;3;0;0;26;1;
35633;202200023175;772 758;A01;1;17;1;0;6;11;1;
35634;202200023176;772 757;A01;0;7;0;2;1;2;2;
35635;202200023176;772 759;B01;1;7;0;2;7;26;1;
35636;202200023177;772 754;Z01;2;7;0;2;0;0;0;
35637;202200023177;772 755;B01;2;7;0;2;7;1;1;
35638;202200023177;772 756;A01;2;10;0;2;6;1;1;
35639;202200023178;772 750;C01;1;7;0;0;4;1;1;
35640;202200023178;772 752;B01;1;7;0;2;2;1;1;
35641;202200023178;772 753;A01;1;7;0;2;1;1;1;
35642;202200023179;772 749;B01;2;7;0;2;4;1;1;
35643;202200023179;772 751;A01;2;10;0;2;1;1;1;
35644;202200023180;772 748;A01;3;7;1;0;3;1;1;
35645;202200023181;772 747;A01;1;7;0;1;3;13;1;
35646;202200023182;772 743;C01;2;1;-1;2;1;19;5;
35647;202200023182;772 745;A01;2;7;0;2;3;15;1;
35648;202200023183;772 739;C01;1;10;0;2;4;23;1;
35649;202200023183;772 741;B01;1;7;0;2;4;23;1;
35650;202200023183;772 742;A01;1;7;0;2;1;2;1;
35651;202200023184;772 738;B01;1;30;0;2;1;17;1;
35652;202200023184;772 740;A01;2;7;0;2;3;19;1;
35653;202200023185;772 735;A01;1;7;0;2;1;2;1;
35654;202200023185;772 737;B01;1;7;0;2;4;2;1;
35655;202200023186;772 734;B01;3;7;6;0;1;1;1;
35656;202200023186;772 736;A01;2;7;6;0;3;2;1;
35657;202200023188;772 730;B01;1;7;0;2;2;1;1;
35658;202200023188;772 733;A01;1;7;0;2;3;1;3;
35659;202200023189;772 727;B01;1;10;16;2;2;20;1;
35660;202200023189;772 728;A01;1;33;16;0;2;14;1;
35661;202200023190;772 729;A01;1;37;0;1;1;1;1;1.0
35662;202200023191;772 726;A01;0;7;0;1;0;1;1;
35663;202200023192;772 725;A01;2;7;0;1;1;1;1;
35664;202200023193;772 722;B01;1;10;13;2;2;0;1;
35665;202200023193;772 724;A01;2;7;13;2;2;5;1;
35666;202200023194;772 721;B01;1;32;0;2;1;17;1;
35667;202200023194;772 723;A01;1;7;0;2;3;15;1;
35668;202200023195;772 718;A01;1;1;0;4;3;19;5;
35669;202200023195;772 719;B01;1;40;0;2;1;0;3;
35670;202200023196;772 716;A01;1;33;0;2;3;17;1;
35671;202200023196;772 717;B01;1;7;0;2;3;1;1;
35672;202200023196;772 720;C01;1;33;0;2;3;1;1;
35673;202200023197;772 713;B01;2;7;3;2;5;1;1;
35674;202200023197;772 715;A01;2;7;0;2;3;13;1;
35675;202200023198;772 714;A01;1;3;0;1;1;16;1;
35676;202200023199;772 712;A01;1;7;16;0;0;0;1;
35677;202200023200;772 710;Y01;1;0;0;2;0;19;5;
35678;202200023200;772 711;A01;1;7;0;1;7;1;1;
35679;202200023202;772 706;A01;2;7;0;2;2;16;1;
35680;202200023202;772 707;Y01;2;99;0;2;1;19;3;
35681;202200023204;772 703;A01;2;36;15;0;1;0;1;
35682;202200023205;772 700;C01;1;7;0;2;4;2;1;
35683;202200023205;772 701;B01;1;7;0;2;4;2;1;
35684;202200023205;772 702;A01;1;7;0;2;1;2;1;
35685;202200023206;772 699;A01;3;2;16;0;1;26;1;
35686;202200023207;772 697;A01;2;7;4;0;1;13;1;
35687;202200023209;772 693;B01;1;7;0;2;4;26;1;
35688;202200023209;772 694;A01;1;1;0;2;1;1;5;
35689;202200023210;772 690;A01;1;1;0;2;0;0;5;
35690;202200023210;772 692;Z01;1;10;0;2;0;0;1;
35691;202200023211;772 688;C01;2;7;0;2;0;0;1;
35692;202200023211;772 689;B01;2;7;0;2;0;2;1;
35693;202200023211;772 691;A01;2;7;0;2;1;0;1;
35694;202200023212;772 687;A01;1;7;12;0;1;1;1;
35695;202200023213;772 685;B01;1;31;0;2;3;1;1;
35696;202200023213;772 686;A01;2;14;0;2;3;1;1;
35697;202200023214;772 682;B01;1;33;0;2;8;1;1;
35698;202200023214;772 684;A01;2;7;0;2;2;9;1;
35699;202200023215;772 681;A01;1;7;0;9;1;9;1;
35700;202200023215;772 683;B01;2;1;0;2;7;1;5;
35701;202200023216;772 677;A01;2;7;0;2;3;13;2;
35702;202200023216;772 679;B01;1;7;0;2;8;1;1;
35703;202200023217;772 676;C01;1;7;0;2;4;2;1;
35704;202200023217;772 678;B01;1;7;0;2;4;2;0;
35705;202200023217;772 680;A01;1;7;0;2;1;2;0;
35706;202200023218;772 675;A01;2;7;13;0;1;1;1;
35707;202200023219;772 674;A01;0;7;0;1;1;1;1;
35708;202200023220;772 672;B01;2;15;0;2;2;1;1;
35709;202200023220;772 673;A01;2;7;0;2;3;16;1;
35710;202200023221;772 670;B01;0;7;0;2;3;15;1;
35711;202200023221;772 671;A01;0;33;0;2;1;17;1;
35712;202200023222;772 668;B01;2;33;0;2;1;1;1;
35713;202200023222;772 669;A01;1;7;0;2;2;17;1;
35714;202200023223;772 666;A01;2;10;1;0;1;2;1;
35715;202200023223;772 667;B01;2;7;8;0;4;23;1;
35716;202200023224;772 664;B01;1;7;0;2;1;1;1;
35717;202200023224;772 665;A01;3;1;0;2;1;19;5;
35718;202200023225;772 663;A01;2;7;16;0;9;1;1;
35719;202200023226;772 662;A01;1;7;0;1;1;0;1;
35720;202200023227;772 659;A01;3;31;9;0;3;1;1;
35721;202200023228;772 658;C01;1;7;0;2;6;2;1;
35722;202200023228;772 660;B01;2;33;0;2;1;1;1;
35723;202200023228;772 661;A01;1;7;0;2;7;15;1;
35724;202200023229;772 657;A01;1;2;13;0;1;21;1;
35725;202200023230;772 654;A01;1;7;8;0;0;1;1;
35726;202200023231;772 655;A01;3;7;0;2;1;2;1;