;Num_Acc;id_vehicule;num_veh;senc;catv;obs;obsm;choc;manv;motor;occutc
35727;202200023231;772 656;B01;3;7;0;2;4;10;1;
35728;202200023232;772 653;A01;2;7;2;0;2;1;1;
35729;202200023233;772 651;A01;1;7;8;0;1;1;1;
35730;202200023234;772 650;A01;2;50;0;2;2;19;3;
35731;202200023234;772 652;B01;2;7;0;2;1;0;1;
35732;202200023235;772 649;A01;2;7;13;0;1;1;1;
35733;202200023236;772 646;A01;2;7;0;2;2;15;2;
35734;202200023236;772 648;B01;1;33;0;2;1;1;1;
35735;202200023237;772 645;B01;1;50;0;2;0;0;3;
35736;202200023237;772 647;A01;2;7;0;2;1;0;1;
35737;202200023238;772 643;A01;2;7;0;2;1;1;1;
35738;202200023238;772 644;B01;1;7;7;2;7;19;1;
35739;202200023239;772 642;A01;3;7;0;1;2;1;1;
35740;202200023240;772 639;A01;2;7;0;9;7;16;1;
35741;202200023240;772 641;B01;2;1;0;2;8;1;5;
35742;202200023241;772 640;A01;2;7;0;1;2;1;1;
35743;202200023242;772 638;A01;1;32;0;0;1;1;1;
35744;202200023243;772 637;A01;2;1;0;1;1;1;6;
35745;202200023244;772 636;A01;2;7;0;0;3;1;1;
35746;202200023245;772 633;B01;3;33;0;0;0;21;1;
35747;202200023245;772 635;A01;3;7;0;0;0;9;1;
35748;202200023247;772 631;A01;1;7;0;1;2;1;1;
35749;202200023248;772 630;A01;1;7;13;0;2;1;1;
35750;202200023249;772 627;A01;1;7;0;0;0;2;1;
35751;202200023250;772 628;B01;1;50;0;2;7;25;3;
35752;202200023250;772 629;A01;1;7;0;9;0;9;1;
35753;202200023251;772 626;A01;1;7;6;0;2;1;1;
35754;202200023252;772 622;C01;2;31;0;2;5;1;1;
35755;202200023252;772 624;A01;2;7;0;2;1;1;1;
35756;202200023252;772 625;B01;2;7;0;2;1;1;1;
35757;202200023253;772 621;B01;0;43;8;2;2;2;1;
35758;202200023253;772 623;A01;0;10;0;2;6;2;1;
35759;202200023255;772 619;A01;1;7;5;0;1;19;1;
35760;202200023256;772 617;A01;0;1;0;1;1;25;5;
35761;202200023257;772 616;A01;1;7;0;2;8;19;1;
35762;202200023257;772 618;B01;1;7;0;2;1;1;1;
35763;202200023258;772 615;A01;3;36;13;0;1;16;1;
35764;202200023259;772 614;A01;3;7;0;1;2;9;1;
35765;202200023260;772 612;A01;1;10;0;2;2;19;1;
35766;202200023260;772 613;B01;1;7;0;2;3;24;1;
35767;202200023262;772 610;A01;2;7;0;0;9;13;1;
35768;202200023264;772 607;A01;1;7;0;2;3;16;0;
35769;202200023264;772 609;B01;1;50;0;2;0;19;3;
35770;202200023265;772 605;A01;1;7;0;1;3;0;1;
35771;202200023266;772 603;A01;1;7;0;2;1;1;1;
35772;202200023266;772 604;B01;2;7;0;2;1;1;1;
35773;202200023266;772 606;C01;1;7;0;2;4;15;1;
35774;202200023267;772 600;A01;2;33;0;2;0;13;1;
35775;202200023267;772 602;B01;1;7;0;2;3;1;1;
35776;202200023268;772 601;A01;1;7;0;1;1;1;1;
35777;202200023269;772 599;A01;2;7;16;0;1;1;1;
35778;202200023270;772 597;A01;1;7;0;2;1;2;1;
35779;202200023270;772 598;B01;1;7;0;2;4;2;1;
35780;202200023271;772 591;E01;2;7;16;0;0;1;1;
35781;202200023271;772 592;D01;1;7;0;9;1;1;1;
35782;202200023271;772 594;C01;2;7;0;2;1;1;1;
35783;202200023271;772 595;B01;2;7;0;2;1;1;1;
35784;202200023271;772 596;A01;1;34;0;2;1;17;1;
35785;202200023272;772 589;A01;0;99;0;1;1;0;0;
35786;202200023273;772 588;B01;2;50;0;2;0;0;3;
35787;202200023273;772 590;A01;1;7;0;2;2;15;1;
35788;202200023274;772 587;A01;1;7;2;0;0;1;1;
35789;202200023275;772 584;B01;1;33;0;2;1;1;1;
35790;202200023275;772 586;A01;2;7;0;2;2;15;1;
35791;202200023276;772 583;B01;2;60;0;2;1;15;5;
35792;202200023276;772 585;A01;3;7;0;9;1;9;1;
35793;202200023277;772 582;A01;1;7;13;0;3;1;1;
35794;202200023278;772 579;A01;2;7;9;0;2;1;1;
35795;202200023279;772 580;B01;1;7;0;2;6;15;1;
35796;202200023279;772 581;A01;3;2;0;2;2;18;1;
35797;202200023280;772 577;A01;3;10;0;2;3;13;1;
35798;202200023280;772 578;B01;3;7;0;2;8;1;1;
35799;202200023281;772 576;A01;0;33;3;0;1;26;1;
35800;202200023282;772 575;A01;0;7;0;1;2;0;1;
35801;202200023283;772 574;A01;2;7;0;0;9;1;1;
35802;202200023284;772 571;B01;2;10;0;2;7;15;1;
35803;202200023284;772 573;A01;1;33;0;2;1;1;1;
35804;202200023285;772 568;A01;1;7;0;2;1;2;1;
35805;202200023285;772 570;B01;1;7;0;2;4;2;1;
35806;202200023286;772 569;A01;3;10;0;2;1;1;1;
35807;202200023286;772 572;B01;3;7;0;2;8;1;1;
35808;202200023287;772 565;A01;1;10;0;2;6;1;1;
35809;202200023287;772 567;Z01;1;10;0;2;2;17;1;
35810;202200023288;772 566;A01;3;7;0;1;1;23;1;
35811;202200023289;772 561;A01;3;7;0;2;4;2;1;
35812;202200023289;772 563;B01;3;7;0;2;4;2;1;
35813;202200023290;772 560;C01;2;7;0;2;4;2;1;
35814;202200023290;772 562;B01;2;7;0;2;6;2;1;
35815;202200023290;772 564;A01;2;7;0;2;1;2;1;
35816;202200023291;772 559;A01;2;7;13;0;1;13;1;
35817;202200023292;772 556;A01;2;7;0;2;1;2;1;
35818;202200023292;772 557;B01;2;7;0;2;4;2;1;
35819;202200023292;772 558;C01;2;7;0;2;4;2;1;
35820;202200023295;772 548;A01;1;7;13;0;1;1;1;
35821;202200023296;772 547;A01;1;33;0;0;7;2;1;
35822;202200023297;772 544;A01;1;30;0;2;1;17;1;
35823;202200023297;772 545;B01;1;7;0;2;5;15;1;
35824;202200023298;772 543;B01;1;3;0;2;2;0;1;
35825;202200023298;772 546;A01;1;7;0;2;8;0;1;
35826;202200023299;772 541;A01;1;7;4;0;1;9;1;
35827;202200023300;772 542;A01;2;30;16;0;1;21;1;
35828;202200023301;772 538;B01;1;7;0;2;5;1;1;
35829;202200023301;772 540;A01;1;33;0;2;1;3;1;
35830;202200023303;772 534;A01;2;31;0;2;1;3;1;
35831;202200023303;772 535;B01;2;7;0;2;6;2;1;
35832;202200023303;772 536;C01;2;7;0;2;2;2;1;
35833;202200023304;772 532;A01;2;34;0;1;1;1;1;
35834;202200023305;772 530;A01;2;10;0;2;1;2;1;
35835;202200023305;772 531;B01;2;7;0;2;4;2;2;
35836;202200023305;772 533;C01;2;7;0;2;4;2;1;
35837;202200023306;772 529;A01;1;7;0;1;0;1;1;
35838;202200023307;772 525;A01;2;7;0;2;1;2;1;
35839;202200023307;772 527;B01;2;7;0;2;4;2;1;
35840;202200023307;772 528;C01;2;7;0;2;4;2;1;
35841;202200023308;772 524;B01;2;7;0;2;3;0;1;
35842;202200023308;772 526;A01;1;7;0;2;1;26;1;
35843;202200023309;772 521;A01;2;7;0;2;4;12;1;
35844;202200023309;772 523;B01;2;7;0;2;1;2;1;
35845;202200023310;772 520;B01;1;7;0;2;1;23;1;
35846;202200023310;772 522;A01;1;7;6;0;1;5;1;
35847;202200023311;772 518;A01;1;7;0;2;3;11;1;
35848;202200023311;772 519;B01;1;10;0;2;5;1;1;
35849;202200023312;772 515;A01;3;7;0;1;3;16;1;
35850;202200023313;772 516;A01;3;7;0;2;2;19;1;
35851;202200023313;772 517;B01;0;33;0;2;7;1;1;
35852;202200023314;772 514;A01;1;7;0;1;1;1;1;
35853;202200023316;772 509;B01;3;7;0;2;8;4;1;
35854;202200023316;772 510;A01;1;7;0;2;1;1;1;
35855;202200023317;772 507;A01;1;7;0;2;1;5;1;
35856;202200023317;772 508;B01;2;7;0;2;1;1;1;
35857;202200023318;772 504;B01;1;7;0;2;7;1;1;
35858;202200023318;772 506;A01;1;7;0;2;1;9;1;
35859;202200023319;772 503;B01;3;2;0;2;1;9;1;
35860;202200023319;772 505;A01;3;7;0;2;7;26;1;
35861;202200023320;772 502;A01;2;30;0;1;1;1;1;
35862;202200023321;772 501;A01;2;7;3;0;2;21;1;
35863;202200023322;772 499;A01;2;7;0;1;2;13;1;
35864;202200023323;772 500;A01;1;7;0;1;1;1;1;
35865;202200023324;772 497;A01;2;7;0;2;2;14;1;
35866;202200023324;772 498;B01;2;1;0;2;1;2;5;
35867;202200023325;772 495;A01;2;7;0;2;2;5;1;
35868;202200023325;772 496;B01;1;7;0;2;3;1;1;
35869;202200023326;772 494;A01;1;7;0;1;3;1;1;
35870;202200023327;772 493;A01;1;7;13;0;1;1;1;
35871;202200023328;772 491;A01;1;7;0;2;3;10;1;
35872;202200023328;772 492;B01;1;2;0;2;1;1;1;
35873;202200023329;772 490;A01;2;32;0;0;3;1;1;
35874;202200023330;772 489;A01;1;7;0;1;4;26;1;
35875;202200023331;772 487;B01;1;7;0;2;3;9;1;
35876;202200023331;772 488;A01;2;31;0;2;1;8;1;
35877;202200023332;772 486;A01;1;2;3;0;2;14;1;
35878;202200023333;772 484;A01;2;7;0;2;3;15;1;
35879;202200023333;772 485;B01;2;33;0;2;1;21;1;
35880;202200023334;772 482;A01;1;7;0;2;2;16;1;
35881;202200023334;772 483;B01;1;7;0;2;3;1;1;
35882;202200023335;772 479;A01;1;7;0;2;2;1;1;
35883;202200023335;772 480;B01;1;7;0;2;6;1;1;
35884;202200023335;772 481;C01;1;10;0;2;6;1;1;
35885;202200023336;772 477;B01;1;7;0;2;8;15;1;
35886;202200023336;772 478;A01;1;34;0;2;1;17;1;
35887;202200023337;772 476;A01;0;50;1;0;1;5;3;
35888;202200023338;772 473;A01;3;34;0;2;1;1;1;
35889;202200023339;772 472;A01;1;7;0;1;3;15;1;
35890;202200023340;772 471;A01;1;7;5;0;2;14;1;
35891;202200023341;772 470;A01;2;33;12;0;0;0;1;
35892;202200023342;772 469;A01;0;1;12;0;1;9;5;
35893;202200023343;772 467;A01;3;7;0;2;5;15;1;
35894;202200023343;772 468;B01;3;50;0;2;1;1;3;
35895;202200023344;772 466;A01;1;7;0;1;1;1;1;
35896;202200023345;772 465;A01;1;43;0;1;0;0;1;
35897;202200023347;772 461;B01;1;33;0;2;8;17;1;
35898;202200023347;772 462;A01;1;10;0;2;2;13;1;
35899;202200023348;772 460;A01;1;7;0;1;1;20;1;
35900;202200023349;772 458;B01;2;7;1;2;4;1;1;
35901;202200023349;772 459;A01;2;7;0;2;1;1;1;
35902;202200023350;772 456;A01;2;50;0;2;1;1;3;
35903;202200023350;772 457;B01;2;7;0;2;3;1;1;
35904;202200023351;772 455;A01;1;7;3;0;2;14;1;
35905;202200023352;772 453;A01;1;7;0;2;3;15;1;
35906;202200023352;772 454;B01;2;1;0;2;1;2;5;
35907;202200023353;772 451;B01;1;7;0;2;3;2;2;
35908;202200023353;772 452;A01;1;7;0;2;1;13;1;
35909;202200023355;772 449;A01;1;7;2;0;2;1;1;
35910;202200023356;772 447;B01;1;1;0;2;8;1;5;
35911;202200023356;772 448;A01;1;7;0;2;1;1;1;
35912;202200023357;772 445;B01;1;1;0;2;1;1;5;
35913;202200023357;772 446;A01;1;7;0;2;7;16;1;
35914;202200023358;772 443;B01;1;33;0;2;8;3;1;
35915;202200023358;772 444;A01;1;7;0;2;5;12;1;
35916;202200023359;772 440;C01;1;7;0;2;4;1;1;
35917;202200023359;772 441;B01;1;7;0;2;9;1;1;
35918;202200023359;772 442;A01;1;17;0;2;1;1;1;
35919;202200023360;772 439;A01;3;7;7;0;1;1;1;
35920;202200023361;772 437;A01;2;7;0;9;1;1;1;
35921;202200023361;772 438;B01;2;1;0;2;6;15;5;
35922;202200023363;772 432;A01;3;7;1;1;5;20;1;
35923;202200023364;772 430;A01;1;10;0;2;3;15;1;
35924;202200023364;772 431;B01;2;1;0;2;3;1;5;
35925;202200023365;772 428;A01;1;33;0;2;1;1;1;
35926;202200023365;772 429;Z01;1;7;0;2;6;12;1;
35927;202200023366;772 426;A01;1;7;0;2;1;2;1;
35928;202200023366;772 427;B01;1;7;0;2;4;2;1;
35929;202200023367;772 425;A01;3;7;1;0;9;1;1;
35930;202200023368;772 423;B01;1;14;0;2;4;1;1;
35931;202200023368;772 424;A01;2;7;0;2;1;1;1;
35932;202200023369;772 421;B01;1;7;0;2;6;15;1;
35933;202200023369;772 422;A01;2;33;0;2;1;1;1;
35934;202200023370;772 420;A01;1;7;9;0;2;14;1;
35935;202200023371;772 419;A01;0;7;0;2;6;16;1;
35936;202200023373;772 416;A01;1;10;0;1;2;1;1;
35937;202200023374;772 414;A01;2;7;0;2;1;26;1;
35938;202200023374;772 415;B01;2;7;0;2;4;26;1;
35939;202200023376;772 409;C01;3;7;1;0;3;0;1;
35940;202200023376;772 410;B01;3;7;0;2;6;0;1;
35941;202200023376;772 411;A01;3;7;0;2;1;13;1;
35942;202200023377;772 408;A01;3;10;0;0;1;26;1;
35943;202200023378;772 407;A01;3;7;1;1;1;1;1;
35944;202200023379;772 406;A01;2;7;0;1;1;15;1;
35945;202200023380;772 405;Z01;0;0;0;1;0;0;0;
35946;202200023381;772 403;A01;3;10;0;2;4;4;1;
35947;202200023381;772 404;B01;3;7;0;2;1;14;1;
35948;202200023382;772 401;B01;2;7;9;2;1;1;1;
35949;202200023382;772 402;A01;2;7;0;2;5;15;1;
35950;202200023383;772 399;Z01;1;7;0;2;3;18;0;
35951;202200023383;772 400;A01;1;32;0;2;5;1;1;
35952;202200023384;772 397;A01;2;43;0;2;1;3;1;
35953;202200023384;772 398;B01;2;7;0;2;7;12;1;
35954;202200023386;772 392;B01;2;7;0;2;4;1;1;
35955;202200023386;772 393;A01;2;43;0;2;1;1;1;
35956;202200023387;772 388;D01;2;14;0;2;3;1;1;
35957;202200023387;772 389;C01;2;7;0;2;2;1;1;
35958;202200023387;772 390;B01;2;14;0;2;7;1;1;
35959;202200023387;772 391;A01;2;7;0;2;6;9;1;
35960;202200023388;772 385;Z01;1;7;0;2;2;14;1;
35961;202200023388;772 386;B01;1;7;0;2;4;1;1;
35962;202200023388;772 387;A01;1;33;0;2;3;3;1;
35963;202200023389;772 384;A01;1;7;0;1;0;1;2;
35964;202200023390;772 382;B01;2;32;0;2;3;23;1;
35965;202200023390;772 383;A01;1;10;0;2;3;15;1;
35966;202200023391;772 380;B01;1;1;0;2;7;1;5;
35967;202200023391;772 381;A01;1;10;0;2;8;22;1;
35968;202200023392;772 378;B01;1;7;0;2;1;1;1;
35969;202200023392;772 379;A01;1;43;0;2;4;13;1;
35970;202200023393;772 376;A01;3;10;0;2;2;15;1;
35971;202200023393;772 377;B01;1;7;0;2;1;1;1;
35972;202200023394;772 374;B01;2;7;0;2;1;1;1;
35973;202200023394;772 375;A01;1;32;0;2;7;1;1;
35974;202200023395;772 372;A01;2;7;0;2;1;1;1;
35975;202200023395;772 373;B01;2;34;0;2;7;1;1;
35976;202200023396;772 370;A01;3;7;0;2;2;1;4;
35977;202200023396;772 371;B01;3;1;0;2;1;1;5;
35978;202200023397;772 368;A01;2;7;0;2;2;1;1;
35979;202200023397;772 369;B01;1;7;0;2;1;1;1;
35980;202200023398;772 367;A01;1;60;12;0;1;14;5;
35981;202200023399;772 365;B01;1;7;0;2;4;16;1;
35982;202200023399;772 366;A01;3;33;0;2;1;2;1;
35983;202200023400;772 363;A01;3;1;0;2;1;1;5;
35984;202200023400;772 364;Z01;3;7;0;2;4;22;1;
35985;202200023401;772 361;A01;1;50;0;2;7;5;3;
35986;202200023401;772 362;B01;2;7;0;2;3;1;2;
35987;202200023402;772 359;B01;3;7;0;2;3;13;1;
35988;202200023402;772 360;A01;3;30;0;2;2;17;1;
35989;202200023403;772 357;B01;1;80;0;2;1;1;3;
35990;202200023403;772 358;A01;3;7;0;2;2;1;1;
35991;202200023404;772 356;Z01;3;7;0;1;0;0;0;
35992;202200023405;772 352;A01;1;10;0;2;1;1;1;
35993;202200023405;772 354;B01;2;7;0;2;1;1;1;
35994;202200023406;772 351;A01;2;7;0;2;2;15;1;
35995;202200023406;772 353;B01;1;7;0;2;1;1;1;
35996;202200023407;772 348;A01;1;7;0;2;1;16;2;
35997;202200023407;772 350;B01;1;50;0;2;8;19;3;
35998;202200023408;772 347;B01;3;7;0;2;1;9;1;
35999;202200023408;772 349;A01;1;7;0;0;3;1;1;
36000;202200023409;772 346;A01;1;7;0;1;1;1;1;
36001;202200023410;772 344;B01;1;32;0;2;1;1;1;
36002;202200023410;772 345;A01;1;13;0;0;5;15;1;
36003;202200023411;772 342;B01;2;50;0;2;3;5;3;
36004;202200023411;772 343;A01;1;7;0;2;3;1;1;
36005;202200023412;772 339;B01;3;34;0;2;7;17;1;
36006;202200023412;772 341;A01;3;7;0;2;3;2;1;
36007;202200023414;772 334;B01;3;7;0;2;7;2;1;
36008;202200023414;772 337;A01;3;7;0;2;4;19;1;
36009;202200023416;772 331;B01;1;33;0;0;8;2;1;
36010;202200023416;772 332;A01;1;7;0;2;7;14;1;
36011;202200023417;772 330;A01;2;1;0;0;0;19;5;
36012;202200023418;772 328;B01;2;33;0;2;3;15;1;
36013;202200023418;772 329;A01;1;7;0;2;2;17;1;
36014;202200023419;772 326;B01;1;1;0;2;1;1;5;
36015;202200023419;772 327;A01;2;7;0;9;3;15;1;
36016;202200023420;772 325;A01;2;33;0;1;1;26;1;
36017;202200023421;772 324;A01;2;17;6;0;1;1;1;
36018;202200023422;772 322;B01;1;7;0;2;2;1;1;
36019;202200023422;772 323;A01;1;1;0;2;7;19;5;
36020;202200023423;772 320;A01;1;7;0;2;1;1;1;
36021;202200023423;772 321;B01;1;7;0;0;4;15;1;
36022;202200023424;772 319;A01;2;33;9;0;1;1;1;
36023;202200023425;772 318;A01;2;33;13;0;2;2;1;
36024;202200023426;772 317;A01;2;7;1;0;2;5;1;
36025;202200023427;772 316;A01;1;34;0;0;8;0;1;
36026;202200023428;772 312;A01;1;7;0;2;1;2;1;
36027;202200023428;772 313;B01;1;7;0;2;4;2;1;
36028;202200023429;772 314;A01;3;31;14;2;8;21;1;
36029;202200023429;772 315;B01;0;7;0;2;3;23;1;
36030;202200023430;772 310;A01;1;7;0;2;3;21;1;
36031;202200023430;772 311;B01;1;33;0;2;1;21;0;
36032;202200023431;772 308;B01;0;1;0;2;3;2;0;
36033;202200023431;772 309;A01;0;32;0;2;1;7;1;
36034;202200023432;772 306;A01;2;30;0;2;2;22;1;
36035;202200023432;772 307;B01;2;7;0;2;2;2;0;
36036;202200023433;772 304;A01;2;7;14;2;1;13;1;
36037;202200023433;772 305;B01;1;7;0;2;1;1;1;
36038;202200023435;772 300;B01;2;7;0;2;8;1;1;
36039;202200023435;772 301;C01;1;7;0;2;1;1;1;
36040;202200023435;772 302;A01;1;7;0;2;1;13;1;
36041;202200023436;772 299;A01;2;7;15;0;2;14;1;
36042;202200023437;772 297;B01;3;7;0;2;2;15;1;
36043;202200023437;772 298;A01;2;7;0;2;1;1;1;
36044;202200023438;772 296;A01;3;7;1;1;3;26;0;
36045;202200023439;772 295;A01;1;34;14;0;1;2;1;
36046;202200023440;772 291;A01;3;30;0;2;4;2;1;
36047;202200023440;772 292;B01;3;10;0;2;4;23;1;
36048;202200023441;772 290;A01;3;7;0;1;1;0;1;
36049;202200023442;772 289;A01;2;7;0;1;8;1;1;
36050;202200023443;772 288;A01;2;7;1;0;2;14;1;
36051;202200023444;772 286;B01;1;7;0;2;4;1;2;
36052;202200023444;772 287;A01;1;7;0;2;1;1;1;
36053;202200023445;772 284;A01;1;7;0;9;7;15;0;
36054;202200023445;772 285;B01;1;33;0;2;1;1;0;
36055;202200023446;772 283;A01;0;1;0;2;8;9;5;
36056;202200023447;772 281;B01;3;7;0;2;4;2;1;
36057;202200023447;772 282;A01;3;7;0;2;1;2;1;
36058;202200023449;772 278;A01;0;7;0;1;3;1;1;
36059;202200023451;772 274;A01;0;1;12;0;8;13;5;
36060;202200023451;772 275;B01;3;37;0;9;5;1;1;1.0
36061;202200023452;772 272;A01;1;7;0;2;1;9;1;
36062;202200023452;772 273;B01;1;1;0;2;5;1;5;
36063;202200023453;772 268;A01;2;7;0;2;1;1;0;
36064;202200023453;772 269;B01;2;7;0;2;4;2;1;
36065;202200023453;772 270;C01;2;7;0;2;4;2;1;
36066;202200023453;772 271;D01;2;7;0;2;4;23;1;
36067;202200023454;772 265;A01;2;31;0;2;1;2;1;
36068;202200023454;772 266;B01;2;7;0;2;4;2;2;
36069;202200023454;772 267;C01;1;7;0;2;0;1;1;
36070;202200023455;772 263;A01;3;32;0;2;8;26;0;
36071;202200023455;772 264;B01;0;3;0;2;0;0;0;
36072;202200023456;772 262;A01;2;37;0;1;2;1;3;1.0
36073;202200023457;772 260;A01;1;50;0;2;1;9;3;
36074;202200023457;772 261;B01;1;10;0;9;2;1;1;
36075;202200023458;772 258;A01;2;1;0;0;6;1;5;
36076;202200023458;772 259;B01;1;7;0;2;3;15;1;
36077;202200023459;772 256;B01;1;33;0;2;1;1;1;
36078;202200023459;772 257;A01;2;7;0;2;2;19;1;
36079;202200023460;772 254;A01;2;7;0;2;2;15;1;
36080;202200023460;772 255;B01;1;7;0;2;3;1;1;
36081;202200023461;772 253;A01;1;35;0;0;0;1;1;
36082;202200023462;772 251;A01;2;30;0;2;1;1;1;
36083;202200023462;772 252;B01;1;7;0;2;3;1;2;
36084;202200023463;772 249;B01;2;34;0;2;6;1;1;
36085;202200023463;772 250;A01;2;30;1;2;1;13;1;
36086;202200023464;772 247;B01;1;1;0;2;6;11;5;
36087;202200023464;772 248;A01;1;7;0;2;3;1;1;
36088;202200023465;772 246;A01;1;50;0;1;1;1;3;
36089;202200023466;772 244;A01;1;10;0;2;2;1;3;
36090;202200023466;772 245;B01;1;1;0;2;1;1;5;
36091;202200023467;772 242;B01;3;1;0;2;1;1;5;
36092;202200023467;772 243;A01;3;7;0;2;2;10;1;
36093;202200023468;772 240;B01;1;7;0;2;2;9;1;
36094;202200023468;772 241;A01;2;33;0;2;1;1;1;
36095;202200023469;772 239;A01;1;33;12;0;7;14;1;
36096;202200023470;772 236;A01;1;7;0;1;1;17;1;
36097;202200023471;772 235;A01;1;7;0;2;8;6;1;
36098;202200023471;772 237;B01;1;7;0;2;1;13;1;
36099;202200023471;772 238;C01;1;7;0;2;1;2;1;
36100;202200023472;772 234;A01;3;7;0;1;4;4;1;
36101;202200023473;772 232;A01;2;30;0;2;1;5;3;
36102;202200023473;772 233;B01;1;7;0;2;8;1;1;
36103;202200023474;772 230;A01;2;2;0;2;3;15;3;
36104;202200023474;772 231;B01;2;34;0;2;2;0;1;
36105;202200023475;772 228;A01;2;50;0;2;1;26;3;
36106;202200023475;772 229;B01;2;7;0;2;3;1;1;
36107;202200023476;772 226;A01;1;37;0;2;5;16;1;1.0
36108;202200023476;772 227;B01;1;50;0;2;1;1;3;
36109;202200023477;772 224;B01;1;2;0;2;1;1;1;
36110;202200023477;772 225;A01;1;7;0;2;4;4;1;
36111;202200023478;772 222;A01;1;7;0;2;2;15;1;
36112;202200023478;772 223;B01;2;32;0;2;1;21;1;
36113;202200023479;772 220;B01;2;7;0;2;8;15;1;
36114;202200023479;772 221;A01;2;33;0;2;1;5;1;
36115;202200023480;772 218;A01;1;33;0;2;1;0;1;
36116;202200023480;772 219;B01;1;10;0;2;6;21;1;
36117;202200023481;772 215;A01;1;7;0;2;2;26;0;
36118;202200023481;772 217;B01;1;32;0;2;1;1;0;
36119;202200023482;772 213;C01;3;7;0;2;3;1;1;
36120;202200023482;772 214;B01;3;7;0;2;7;1;1;
36121;202200023482;772 216;A01;1;7;0;2;2;1;1;
36122;202200023483;772 211;A01;1;32;0;1;1;25;1;
36123;202200023484;772 210;A01;2;7;0;2;1;1;0;
36124;202200023484;772 212;B01;1;7;0;2;1;1;1;
36125;202200023485;772 209;A01;1;7;0;1;3;1;1;
36126;202200023486;772 207;A01;1;31;0;2;1;2;1;
36127;202200023486;772 208;B01;0;7;0;2;3;9;1;
36128;202200023487;772 205;B01;2;7;0;2;1;1;1;
36129;202200023487;772 206;A01;1;7;0;2;2;15;1;
36130;202200023488;772 203;B01;1;7;0;2;1;1;1;
36131;202200023488;772 204;A01;1;7;0;1;1;23;1;
36132;202200023489;772 202;A01;0;50;0;0;0;0;3;
36133;202200023490;772 201;A01;3;7;0;1;2;1;1;
36134;202200023491;772 199;B01;1;7;8;2;1;1;1;
36135;202200023491;772 200;A01;0;7;8;2;5;15;2;
36136;202200023492;772 195;A01;2;7;0;2;7;1;0;
36137;202200023492;772 197;B01;2;2;0;2;1;1;0;
36138;202200023493;772 194;A01;1;7;13;0;1;1;1;
36139;202200023494;772 192;B01;2;30;0;2;1;1;1;
36140;202200023494;772 193;A01;1;99;0;2;3;26;1;
36141;202200023495;772 190;A01;3;10;0;2;3;15;1;
36142;202200023495;772 191;B01;3;34;0;2;2;2;1;
36143;202200023498;772 186;A01;1;7;1;0;3;1;1;
36144;202200023499;772 183;A01;2;7;0;2;2;2;1;
36145;202200023499;772 185;B01;2;1;0;2;6;2;5;
36146;202200023501;772 180;A01;0;99;1;1;4;20;1;
36147;202200023502;772 179;A01;1;7;0;9;7;2;1;
36148;202200023502;772 181;B01;2;1;0;2;6;2;5;
36149;202200023504;772 176;A01;1;7;0;2;2;2;1;
36150;202200023504;772 177;B01;1;80;0;2;8;15;3;
36151;202200023505;772 171;A01;2;32;0;2;2;1;1;
36152;202200023505;772 173;B01;3;7;0;2;3;9;1;
36153;202200023506;772 170;A01;1;31;0;0;0;21;1;
36154;202200023507;772 168;A01;3;7;0;2;2;15;1;
36155;202200023507;772 169;B01;3;7;0;2;3;1;1;
36156;202200023508;772 166;B01;2;33;0;0;1;17;1;
36157;202200023508;772 167;A01;2;30;0;0;8;15;1;
36158;202200023509;772 162;B01;1;7;0;2;1;1;1;
36159;202200023509;772 164;A01;2;7;0;2;7;13;1;
36160;202200023510;772 163;B01;0;7;0;2;1;1;1;
36161;202200023510;772 165;A01;3;33;0;2;1;1;1;
36162;202200023511;772 159;A01;2;7;0;2;7;5;1;
36163;202200023511;772 161;B01;1;14;0;2;1;1;1;
36164;202200023514;772 156;A01;1;7;13;0;3;13;1;
36165;202200023515;772 153;B01;1;15;0;2;3;1;1;
36166;202200023515;772 154;A01;2;7;13;2;3;13;1;
36167;202200023516;772 152;A01;2;7;0;2;3;16;1;
36168;202200023516;772 155;B01;1;7;0;2;7;1;1;
36169;202200023517;772 151;A01;1;7;13;0;1;1;1;
36170;202200023518;772 150;A01;1;7;0;1;3;17;1;
36171;202200023519;772 149;A01;3;31;0;0;0;0;1;
36172;202200023520;772 147;A01;2;7;0;2;3;1;1;
36173;202200023520;772 148;B01;1;33;0;2;1;13;1;
36174;202200023521;772 145;A01;1;7;0;2;2;5;1;
36175;202200023521;772 146;B01;2;7;0;2;2;11;1;
36176;202200023524;772 140;A01;2;7;13;0;8;13;1;
36177;202200023525;772 136;A01;2;7;3;0;1;21;1;
36178;202200023525;772 138;B01;2;17;0;2;8;23;1;
36179;202200023525;772 139;C01;2;10;3;2;2;21;1;
36180;202200023525;772 141;D01;2;10;0;9;1;9;1;
36181;202200023526;772 134;E01;1;7;0;2;1;1;1;
36182;202200023526;772 135;D01;1;7;0;2;1;1;1;
36183;202200023526;772 137;F01;2;7;0;2;2;15;1;
36184;202200023527;772 133;A01;1;15;0;1;1;1;1;
36185;202200023528;772 131;A01;1;7;0;2;3;1;1;
36186;202200023528;772 132;B01;2;31;0;2;8;13;1;
36187;202200023529;772 130;A01;1;33;14;0;1;1;1;