;Num_Acc;id_vehicule;num_veh;senc;catv;obs;obsm;choc;manv;motor;occutc
36188;202200023530;772 128;B01;2;10;3;2;1;0;1;
36189;202200023530;772 129;A01;1;7;13;2;1;1;1;
36190;202200023531;772 127;A01;0;36;1;0;0;0;1;
36191;202200023532;772 126;A01;1;33;2;0;1;1;1;
36192;202200023533;772 125;A01;1;7;0;1;7;21;1;
36193;202200023534;772 123;A01;2;14;13;0;0;1;1;
36194;202200023535;772 122;B01;1;15;0;0;4;23;1;
36195;202200023535;772 124;A01;1;7;1;0;1;12;1;
36196;202200023536;772 120;B01;2;10;0;2;1;1;1;
36197;202200023536;772 121;A01;1;7;0;2;1;13;1;
36198;202200023537;772 118;A01;1;10;6;0;2;1;1;
36199;202200023538;772 117;A01;1;7;0;0;0;1;1;
36200;202200023538;772 119;B01;2;7;0;9;1;1;1;
36201;202200023539;772 116;A01;2;7;3;0;2;1;1;
36202;202200023540;772 114;A01;1;7;8;0;1;1;1;
36203;202200023541;772 113;A01;2;7;16;0;2;2;1;
36204;202200023541;772 115;B01;2;36;0;0;8;15;1;
36205;202200023542;772 112;A01;1;7;6;0;0;1;1;
36206;202200023543;772 111;A01;2;33;13;0;1;1;1;
36207;202200023544;772 109;B01;2;7;0;2;2;1;1;
36208;202200023544;772 110;A01;1;7;0;2;1;5;1;
36209;202200023546;772 106;B01;1;7;13;2;1;21;1;
36210;202200023546;772 108;A01;3;7;13;2;3;19;1;
36211;202200023547;772 103;B01;1;7;0;2;1;1;1;
36212;202200023547;772 105;A01;2;7;0;2;1;3;1;
36213;202200023548;772 102;A01;0;7;8;2;1;2;1;
36214;202200023548;772 104;B01;0;7;16;0;4;1;1;
36215;202200023549;772 101;A01;1;33;15;0;1;1;1;
36216;202200023550;772 099;A01;1;7;0;2;3;15;1;
36217;202200023550;772 100;B01;2;33;0;2;1;1;1;
36218;202200023552;772 094;B01;0;50;0;2;1;1;3;
36219;202200023552;772 095;A01;0;7;0;2;2;16;1;
36220;202200023553;772 091;A01;1;7;3;0;3;17;1;
36221;202200023554;772 090;A01;1;7;0;2;1;1;1;
36222;202200023554;772 092;B01;1;7;0;2;4;23;1;
36223;202200023554;772 093;C01;1;7;0;2;4;23;1;
36224;202200023555;772 087;B01;0;7;0;2;5;12;3;
36225;202200023555;772 089;A01;0;2;0;2;8;1;1;
36226;202200023556;772 086;B01;2;7;0;2;2;1;1;
36227;202200023556;772 088;A01;1;7;0;2;3;19;1;
36228;202200023557;772 085;A01;0;17;0;1;1;1;1;
36229;202200023558;772 082;B01;1;7;8;2;3;1;1;
36230;202200023558;772 084;A01;2;7;0;2;1;15;1;
36231;202200023559;772 081;B01;2;7;0;2;1;1;1;
36232;202200023559;772 083;A01;1;10;0;2;1;13;1;
36233;202200023560;772 080;A01;1;7;0;0;1;1;1;
36234;202200023561;772 079;A01;1;43;6;0;1;1;1;
36235;202200023562;772 074;A01;2;2;0;2;1;17;1;
36236;202200023562;772 076;B01;1;7;0;2;3;1;1;
36237;202200023562;772 078;C01;2;7;0;2;6;1;1;
36238;202200023563;772 075;A01;2;7;0;0;0;17;1;
36239;202200023563;772 077;B01;2;33;13;0;1;17;1;
36240;202200023564;772 073;A01;1;31;13;0;1;1;0;
36241;202200023566;772 067;A01;1;7;0;2;2;0;1;
36242;202200023566;772 069;B01;1;7;13;0;6;0;1;
36243;202200023567;772 068;A01;1;7;0;0;8;10;1;
36244;202200023567;772 070;B01;2;2;0;2;1;1;1;
36245;202200023568;772 065;A01;1;7;0;0;9;0;1;
36246;202200023569;772 063;A01;2;7;0;2;3;1;1;
36247;202200023569;772 064;B01;1;15;0;2;6;1;1;
36248;202200023569;772 066;C01;1;7;0;2;1;1;1;
36249;202200023570;772 062;A01;3;36;16;0;0;0;1;
36250;202200023571;772 060;A01;1;7;0;2;1;0;1;
36251;202200023571;772 061;B01;1;13;0;2;6;0;1;
36252;202200023572;772 056;A01;2;7;0;0;4;2;1;
36253;202200023572;772 058;B01;2;10;0;2;1;2;1;
36254;202200023572;772 059;C01;2;33;0;2;1;2;1;
36255;202200023573;772 057;A01;1;7;0;1;1;1;1;
36256;202200023574;772 053;B01;1;33;0;2;1;17;1;
36257;202200023574;772 055;A01;1;7;0;2;8;10;1;
36258;202200023575;772 051;A01;1;7;0;0;3;5;1;
36259;202200023575;772 052;B01;2;7;0;0;3;1;1;
36260;202200023575;772 054;C01;2;7;0;0;0;15;1;
36261;202200023576;772 047;A01;2;7;0;2;6;15;1;
36262;202200023576;772 048;B01;2;33;13;2;7;17;1;
36263;202200023577;772 045;A01;3;7;0;2;2;1;1;
36264;202200023577;772 046;B01;3;31;0;2;1;1;1;
36265;202200023578;772 043;B01;3;10;0;2;3;1;1;
36266;202200023578;772 044;A01;3;1;0;2;6;1;5;
36267;202200023579;772 042;A01;1;13;6;1;3;1;1;
36268;202200023580;772 040;A01;1;2;0;4;5;1;1;
36269;202200023580;772 041;B01;1;39;0;2;1;1;6;
36270;202200023581;772 036;A01;3;7;0;0;6;15;2;
36271;202200023581;772 037;B01;3;33;0;2;1;1;1;
36272;202200023582;772 035;B01;2;10;0;2;1;2;0;
36273;202200023582;772 038;A01;2;7;0;2;6;2;1;
36274;202200023583;772 034;A01;0;33;0;0;0;0;1;
36275;202200023584;772 032;A01;1;7;0;2;1;2;1;
36276;202200023584;772 033;B01;1;7;0;2;4;2;1;
36277;202200023585;772 029;A01;2;33;0;2;7;3;1;
36278;202200023585;772 030;Z01;2;7;0;2;0;0;0;
36279;202200023586;772 028;A01;2;33;0;2;1;1;1;
36280;202200023586;772 031;B01;1;7;0;2;1;15;1;
36281;202200023587;772 026;A01;2;14;0;2;1;2;1;
36282;202200023587;772 027;B01;2;7;0;2;4;2;1;
36283;202200023588;772 025;A01;2;2;12;0;2;1;1;
36284;202200023589;772 021;B01;2;7;0;2;5;23;1;
36285;202200023589;772 023;A01;2;2;0;2;1;1;1;
36286;202200023590;772 020;B01;2;7;0;2;3;12;2;
36287;202200023590;772 022;A01;2;7;0;2;2;1;2;
36288;202200023590;772 024;C01;2;15;0;0;4;1;1;
36289;202200023592;772 018;A01;1;7;13;0;9;17;1;
36290;202200023593;772 015;A01;1;7;0;0;4;23;1;
36291;202200023593;772 016;B01;1;10;1;0;1;1;1;
36292;202200023595;772 011;B01;1;7;0;2;4;23;1;
36293;202200023595;772 013;A01;1;7;1;2;1;2;1;
36294;202200023596;772 010;B01;0;10;0;2;1;1;1;
36295;202200023596;772 012;A01;0;7;0;0;4;15;1;
36296;202200023597;772 007;B01;2;10;0;2;5;1;1;
36297;202200023597;772 009;A01;2;33;0;2;1;11;1;
36298;202200023598;772 008;A01;0;7;2;0;1;1;1;
36299;202200023599;772 004;A01;2;14;0;2;2;2;1;
36300;202200023599;772 005;B01;1;7;0;2;8;2;1;
36301;202200023601;772 001;B01;2;7;0;2;6;2;1;
36302;202200023601;772 002;A01;2;7;0;2;2;2;1;
36303;202200023602;772 000;A01;1;7;2;0;3;1;1;
36304;202200023603;771 998;B01;2;7;0;2;6;2;1;
36305;202200023603;771 999;A01;2;7;0;2;2;2;1;
36306;202200023604;771 996;A01;2;7;0;2;2;1;2;
36307;202200023604;771 997;B01;1;7;0;2;3;26;1;
36308;202200023605;771 995;A01;2;15;4;0;3;0;1;
36309;202200023606;771 992;B01;2;2;0;0;4;11;1;
36310;202200023606;771 994;A01;2;2;0;2;1;2;1;
36311;202200023608;771 989;A01;1;33;6;0;1;1;1;
36312;202200023609;771 988;B01;3;7;0;2;1;26;1;
36313;202200023609;771 990;A01;1;33;0;0;2;1;1;
36314;202200023610;771 984;A01;1;7;0;2;1;19;1;
36315;202200023610;771 986;B01;1;7;0;0;7;1;1;
36316;202200023611;771 982;A01;2;7;0;2;1;13;1;
36317;202200023611;771 983;B01;1;7;0;2;1;1;1;
36318;202200023612;771 981;A01;1;2;15;0;0;1;1;
36319;202200023613;771 980;A01;3;10;0;1;3;1;1;
36320;202200023614;771 979;A01;2;7;7;0;7;1;1;
36321;202200023615;771 978;A01;1;7;0;0;0;1;1;
36322;202200023616;771 977;A01;3;7;0;1;1;1;2;
36323;202200023617;771 976;A01;1;10;14;0;1;1;1;
36324;202200023618;771 975;A01;1;33;12;0;1;9;1;
36325;202200023619;771 973;B01;2;7;0;2;6;1;2;
36326;202200023619;771 974;A01;2;7;0;2;2;14;1;
36327;202200023621;771 969;A01;2;7;4;2;2;1;1;
36328;202200023621;771 970;B01;2;7;0;2;4;1;1;
36329;202200023622;771 967;A01;1;32;0;2;8;11;1;
36330;202200023622;771 968;B01;1;10;0;2;5;2;1;
36331;202200023623;771 966;A01;1;32;4;0;8;1;1;
36332;202200023624;771 965;A01;2;33;0;0;7;1;1;
36333;202200023625;771 964;A01;2;7;0;1;2;1;1;
36334;202200023627;771 960;A01;3;10;0;2;3;13;1;
36335;202200023627;771 962;B01;3;7;0;2;8;0;1;
36336;202200023629;771 958;A01;1;7;9;0;1;13;1;
36337;202200023630;771 957;A01;1;7;0;1;1;1;1;
36338;202200023631;771 955;A01;1;7;4;0;3;13;1;
36339;202200023633;771 950;B01;1;7;0;2;6;15;1;
36340;202200023633;771 952;A01;1;31;0;2;1;1;1;
36341;202200023634;771 948;A01;2;50;12;0;1;1;3;
36342;202200023635;771 946;A01;2;7;0;2;1;2;1;
36343;202200023635;771 947;B01;2;7;0;2;4;2;1;
36344;202200023635;771 949;C01;2;7;0;2;4;2;1;
36345;202200023637;771 940;A01;1;7;4;2;1;1;1;
36346;202200023637;771 942;B01;1;7;4;2;1;1;1;
36347;202200023637;771 944;C01;1;7;4;2;4;1;1;
36348;202200023638;771 939;C01;2;7;0;2;4;1;1;
36349;202200023638;771 941;B01;2;10;0;2;1;2;1;
36350;202200023638;771 943;A01;2;7;0;2;1;1;1;
36351;202200023639;771 936;A01;1;34;0;2;6;26;1;
36352;202200023639;771 938;B01;1;7;0;2;6;26;1;
36353;202200023640;771 934;C01;1;7;0;2;4;23;1;
36354;202200023640;771 935;B01;1;7;0;2;9;23;1;
36355;202200023640;771 937;A01;1;7;0;2;1;1;1;
36356;202200023641;771 932;B01;2;7;4;2;4;1;2;
36357;202200023641;771 933;A01;2;7;0;2;1;1;1;
36358;202200023642;771 926;C01;2;7;0;2;4;1;1;
36359;202200023642;771 928;B01;2;7;0;2;4;1;1;
36360;202200023642;771 929;A01;2;10;0;2;1;1;1;
36361;202200023643;771 925;A01;3;7;2;2;2;12;1;
36362;202200023643;771 927;B01;3;10;2;2;6;1;1;
36363;202200023644;771 922;B01;1;33;0;2;2;0;1;
36364;202200023644;771 924;A01;1;7;0;2;8;11;1;
36365;202200023645;771 921;B01;1;7;0;2;1;1;1;
36366;202200023645;771 923;A01;1;7;0;2;3;10;1;
36367;202200023646;771 919;A01;1;7;13;0;3;13;1;
36368;202200023647;771 920;A01;3;7;0;1;3;13;1;
36369;202200023648;771 917;B01;1;7;0;2;4;1;0;
36370;202200023648;771 918;A01;1;7;0;2;1;1;1;
36371;202200023649;771 915;B01;3;7;0;2;1;1;1;
36372;202200023649;771 916;A01;3;1;0;2;4;1;5;
36373;202200023651;771 911;A01;3;7;0;2;1;15;1;
36374;202200023651;771 914;B01;3;7;0;2;3;1;1;
36375;202200023652;771 908;A01;3;7;0;2;2;19;0;
36376;202200023652;771 909;C01;3;7;0;2;3;23;1;
36377;202200023652;771 910;B01;1;7;0;2;3;1;1;
36378;202200023653;771 904;A01;1;10;0;2;2;17;1;
36379;202200023653;771 906;B01;1;1;0;2;3;2;5;
36380;202200023654;771 905;A01;1;7;0;2;1;2;1;
36381;202200023654;771 907;B01;1;7;0;2;3;2;1;
36382;202200023655;771 901;B01;1;7;0;2;5;1;1;
36383;202200023655;771 903;A01;1;30;0;2;1;9;1;
36384;202200023656;771 900;B01;2;7;0;2;1;1;1;
36385;202200023656;771 902;A01;1;7;0;2;7;19;1;
36386;202200023657;771 898;B01;2;2;0;2;8;1;1;
36387;202200023657;771 899;A01;1;7;0;2;1;15;1;
36388;202200023658;771 896;B01;2;7;0;2;4;2;1;
36389;202200023658;771 897;A01;2;7;0;2;1;9;1;
36390;202200023659;771 894;B01;3;33;0;2;7;17;1;
36391;202200023659;771 895;A01;3;7;0;2;8;17;1;
36392;202200023660;771 892;A01;1;7;1;0;2;14;1;
36393;202200023661;771 891;B01;3;60;0;2;1;19;5;
36394;202200023661;771 893;A01;1;7;0;2;1;15;2;
36395;202200023662;771 890;A01;1;7;12;0;1;13;1;
36396;202200023663;771 889;A01;2;7;15;0;1;17;1;
36397;202200023665;771 886;B01;1;7;0;2;1;2;1;
36398;202200023665;771 888;A01;1;7;0;2;4;2;1;
36399;202200023667;771 883;A01;1;33;0;1;1;26;1;
36400;202200023668;771 881;A01;2;32;0;2;1;18;3;
36401;202200023668;771 882;B01;0;7;0;2;1;20;1;
36402;202200023669;771 876;A01;2;7;0;2;1;26;1;
36403;202200023669;771 878;B01;2;7;0;2;8;26;1;
36404;202200023670;771 875;A01;3;7;1;2;2;14;1;
36405;202200023670;771 877;B01;3;7;0;2;6;24;1;
36406;202200023670;771 879;C01;3;7;1;0;4;23;1;
36407;202200023670;771 880;D01;3;7;0;2;3;1;1;
36408;202200023671;771 874;A01;1;34;1;0;1;2;1;
36409;202200023672;771 872;B01;1;7;0;2;7;16;1;
36410;202200023672;771 873;A01;1;37;0;2;1;1;1;1.0
36411;202200023673;771 870;A01;2;7;0;2;1;9;2;
36412;202200023673;771 871;B01;1;1;0;2;7;1;5;
36413;202200023674;771 869;A01;2;7;0;1;3;1;0;
36414;202200023675;771 868;A01;1;2;1;0;0;26;1;
36415;202200023676;771 865;B01;1;50;0;2;0;0;3;
36416;202200023676;771 866;A01;1;7;0;9;1;26;1;
36417;202200023677;771 864;B01;1;7;0;2;2;15;1;
36418;202200023677;771 867;A01;2;7;0;2;3;1;1;
36419;202200023678;771 863;A01;0;7;0;1;1;0;1;
36420;202200023679;771 859;A01;0;7;0;0;3;0;1;
36421;202200023679;771 861;B01;0;32;0;0;1;0;3;
36422;202200023680;771 860;A01;1;7;0;2;8;15;1;
36423;202200023680;771 862;B01;1;33;0;2;1;21;1;
36424;202200023682;771 857;A01;1;31;0;2;1;1;1;
36425;202200023683;771 854;A01;2;7;0;2;3;16;1;
36426;202200023683;771 855;B01;2;1;0;2;1;1;5;
36427;202200023684;771 850;B01;3;7;0;2;1;2;1;
36428;202200023684;771 852;A01;3;7;0;2;1;15;1;
36429;202200023685;771 847;B01;3;1;0;2;1;1;5;
36430;202200023685;771 849;A01;3;7;0;2;8;22;1;
36431;202200023686;771 846;B01;2;7;0;2;5;15;1;
36432;202200023686;771 848;A01;1;34;0;2;2;1;1;
36433;202200023687;771 843;B01;0;1;0;2;8;1;5;
36434;202200023687;771 845;A01;0;15;0;2;7;16;0;
36435;202200023688;771 842;A01;3;7;0;2;6;10;1;
36436;202200023688;771 844;B01;3;7;0;2;3;1;1;
36437;202200023691;771 839;A01;1;7;3;0;0;14;1;
36438;202200023692;771 837;B01;1;7;0;2;1;1;1;
36439;202200023692;771 838;A01;2;32;0;2;0;13;1;
36440;202200023694;771 835;A01;2;33;0;0;8;1;1;
36441;202200023695;771 833;A01;1;7;0;2;1;13;1;
36442;202200023695;771 834;B01;2;7;0;2;1;1;1;
36443;202200023696;771 830;B01;2;10;1;2;4;4;0;
36444;202200023696;771 831;A01;2;7;1;2;1;1;1;
36445;202200023697;771 829;A01;2;7;2;2;2;21;1;
36446;202200023697;771 832;B01;3;7;0;2;6;9;1;
36447;202200023698;771 827;A01;3;7;0;2;1;1;1;
36448;202200023698;771 828;B01;3;7;0;2;4;23;1;
36449;202200023699;771 826;A01;1;7;0;1;1;1;1;
36450;202200023700;771 825;Z01;2;50;0;1;0;5;3;
36451;202200023701;771 822;A01;0;7;0;0;0;0;1;
36452;202200023701;771 824;B01;0;7;0;0;0;0;2;
36453;202200023703;771 817;C01;2;7;0;2;2;1;1;
36454;202200023703;771 819;B01;2;33;0;2;6;1;1;
36455;202200023703;771 820;A01;2;7;0;0;5;23;1;
36456;202200023704;771 816;A01;1;7;0;2;2;1;0;
36457;202200023704;771 818;B01;1;7;0;2;6;1;1;
36458;202200023705;771 814;A01;2;7;0;2;3;13;1;
36459;202200023705;771 815;B01;1;7;0;2;6;0;1;
36460;202200023706;771 812;A01;1;33;0;0;9;1;1;
36461;202200023707;771 810;C01;3;7;0;2;4;2;1;
36462;202200023707;771 811;B01;3;33;0;2;4;2;1;
36463;202200023707;771 813;A01;1;7;0;2;1;2;1;
36464;202200023708;771 808;A01;1;7;0;2;0;9;1;
36465;202200023708;771 809;B01;1;7;0;2;3;1;1;
36466;202200023709;771 806;B01;2;7;0;2;8;1;1;
36467;202200023709;771 807;A01;2;33;0;2;7;17;1;
36468;202200023710;771 805;B01;2;80;0;1;1;0;3;
36469;202200023711;771 804;A01;2;7;6;0;1;13;3;
36470;202200023713;771 800;B01;3;1;0;2;4;0;5;
36471;202200023713;771 802;A01;3;7;0;9;1;16;1;
36472;202200023714;771 798;B01;2;10;0;2;5;1;1;
36473;202200023714;771 799;A01;2;43;0;2;1;1;1;
36474;202200023715;771 797;A01;1;43;4;0;8;13;1;
36475;202200023716;771 795;B01;1;7;0;0;0;0;1;
36476;202200023716;771 796;A01;0;7;0;2;1;0;1;
36477;202200023717;771 793;A01;1;30;1;0;1;1;1;
36478;202200023718;771 791;A01;3;1;0;2;1;5;5;
36479;202200023718;771 792;B01;3;7;0;2;1;1;1;
36480;202200023719;771 789;A01;1;7;0;2;1;13;1;
36481;202200023719;771 790;B01;2;7;0;2;1;1;1;
36482;202200023720;771 788;A01;1;10;0;1;3;1;1;
36483;202200023722;771 784;A01;1;7;0;2;5;22;1;
36484;202200023722;771 786;B01;1;1;0;2;1;1;5;
36485;202200023723;771 782;Z01;2;10;1;1;1;14;1;
36486;202200023724;771 781;B01;2;31;0;2;1;1;1;
36487;202200023724;771 783;A01;1;7;0;2;2;13;1;
36488;202200023725;771 779;A01;1;32;0;2;1;2;1;
36489;202200023725;771 780;B01;1;33;0;2;7;2;1;
36490;202200023726;771 778;A01;2;7;13;0;3;13;1;
36491;202200023727;771 776;A01;1;7;0;1;3;2;2;
36492;202200023728;771 775;A01;3;7;0;2;2;16;2;
36493;202200023728;771 777;B01;2;1;0;2;1;1;5;
36494;202200023729;771 772;A01;3;33;0;2;1;2;1;
36495;202200023729;771 774;B01;3;37;0;2;6;0;3;1.0
36496;202200023730;771 771;B01;2;7;0;2;7;1;1;
36497;202200023730;771 773;A01;2;30;0;2;8;18;1;
36498;202200023731;771 769;B01;2;7;0;2;5;1;1;
36499;202200023731;771 770;A01;2;31;0;2;1;3;1;
36500;202200023732;771 768;Z01;1;30;0;1;3;21;0;
36501;202200023733;771 767;A01;1;30;0;1;1;1;1;
36502;202200023734;771 766;A01;1;33;0;1;3;1;1;
36503;202200023735;771 765;A01;2;10;8;1;7;15;1;
36504;202200023736;771 763;A01;2;1;0;1;1;1;5;
36505;202200023737;771 761;A01;2;1;12;2;1;13;5;
36506;202200023737;771 762;B01;1;2;0;2;1;1;1;
36507;202200023739;771 758;A01;3;30;0;2;0;2;1;
36508;202200023739;771 759;B01;1;7;0;2;2;2;2;
36509;202200023740;771 757;A01;1;1;0;1;1;16;5;
36510;202200023741;771 755;A01;2;10;0;2;0;15;1;
36511;202200023741;771 756;B01;2;1;0;2;1;1;5;
36512;202200023742;771 754;A01;1;7;0;1;1;1;1;
36513;202200023744;771 750;Z01;1;10;0;2;3;9;1;
36514;202200023744;771 752;A01;1;32;0;2;2;1;1;
36515;202200023745;771 749;A01;3;30;0;0;0;21;1;
36516;202200023746;771 746;A01;1;7;0;2;1;1;2;
36517;202200023746;771 748;B01;1;7;0;2;4;1;1;
36518;202200023747;771 745;A01;1;7;2;0;0;0;1;
36519;202200023747;771 747;B01;1;50;2;0;0;0;3;
36520;202200023748;771 744;A01;2;7;0;1;7;1;1;
36521;202200023749;771 743;A01;1;1;0;1;7;7;5;
36522;202200023750;771 741;B01;0;1;0;2;8;0;5;
36523;202200023750;771 742;A01;3;7;0;2;5;19;1;
36524;202200023751;771 740;A01;2;1;0;0;7;1;5;
36525;202200023752;771 739;A01;2;7;0;1;1;2;1;
36526;202200023753;771 736;A01;1;7;0;2;1;1;1;
36527;202200023753;771 738;B01;2;1;0;2;7;1;5;
36528;202200023754;771 732;D01;3;7;0;2;4;1;1;
36529;202200023754;771 734;C01;3;7;0;2;4;1;1;
36530;202200023754;771 735;B01;3;7;0;2;4;1;1;
36531;202200023754;771 737;A01;3;37;0;2;1;1;1;1.0
36532;202200023756;771 729;B01;2;7;0;2;4;2;1;
36533;202200023756;771 730;A01;2;7;0;2;1;2;1;
36534;202200023757;771 727;A01;2;7;0;1;1;15;1;
36535;202200023758;771 726;A01;1;32;0;2;7;15;1;
36536;202200023758;771 728;B01;2;7;0;2;1;1;1;
36537;202200023759;771 724;A01;1;50;0;2;1;1;3;
36538;202200023759;771 725;B01;1;7;0;9;7;15;1;
36539;202200023761;771 720;C01;2;7;0;2;6;23;1;
36540;202200023761;771 721;B01;2;7;0;2;6;23;1;
36541;202200023761;771 722;A01;2;7;0;2;2;17;1;
36542;202200023762;771 719;A01;2;10;0;1;3;15;1;
36543;202200023763;771 717;A01;2;33;0;0;8;1;1;
36544;202200023763;771 718;B01;2;33;0;0;8;1;1;
36545;202200023764;771 714;A01;2;7;0;1;1;15;1;
36546;202200023765;771 715;A01;1;7;0;2;1;1;0;
36547;202200023765;771 716;B01;1;2;0;2;4;23;1;
36548;202200023766;771 711;A01;0;7;0;2;3;9;1;
36549;202200023766;771 713;B01;0;2;0;2;3;0;1;
36550;202200023767;771 710;A01;2;7;0;2;1;1;1;
36551;202200023767;771 712;B01;2;33;0;2;0;0;1;
36552;202200023768;771 708;B01;1;7;0;2;0;1;0;
36553;202200023768;771 709;A01;1;33;0;2;0;1;0;
36554;202200023769;771 706;A01;1;7;0;2;1;26;1;
36555;202200023769;771 707;B01;1;3;0;2;4;0;1;
36556;202200023770;771 704;A01;1;7;15;2;4;21;1;
36557;202200023770;771 705;B01;1;7;0;2;1;5;0;
36558;202200023772;771 701;B01;0;2;0;2;3;26;1;
36559;202200023772;771 702;A01;0;7;0;2;2;1;1;
36560;202200023773;771 699;A01;2;7;0;2;2;16;1;
36561;202200023773;771 700;B01;2;32;0;2;3;18;1;
36562;202200023774;771 697;A01;-1;31;0;0;0;0;1;
36563;202200023774;771 698;B01;0;7;0;2;2;9;0;
36564;202200023775;771 695;B01;3;7;0;2;3;1;1;
36565;202200023775;771 696;A01;3;7;0;2;2;16;1;
36566;202200023776;771 693;A01;3;7;0;9;3;0;1;
36567;202200023776;771 694;B01;0;2;0;0;1;3;1;
36568;202200023777;771 691;A01;3;99;0;2;1;25;0;
36569;202200023777;771 692;B01;3;10;0;0;2;15;0;
36570;202200023778;771 688;B01;2;7;0;2;2;1;1;
36571;202200023778;771 690;A01;2;2;0;2;6;1;1;
36572;202200023779;771 685;A01;3;7;0;2;2;10;1;
36573;202200023779;771 686;B01;3;1;0;2;1;1;5;
36574;202200023780;771 684;C01;3;7;0;2;6;23;1;
36575;202200023780;771 687;B01;2;33;1;2;1;1;1;
36576;202200023780;771 689;A01;1;7;0;2;3;15;1;
36577;202200023781;771 682;B01;1;7;0;2;3;1;1;
36578;202200023781;771 683;A01;1;50;0;2;1;17;3;
36579;202200023782;771 681;A01;3;10;0;1;2;16;1;
36580;202200023784;771 678;A01;2;7;0;1;2;1;1;
36581;202200023785;771 677;A01;1;7;0;1;2;1;1;
36582;202200023786;771 675;A01;1;10;0;2;4;2;1;
36583;202200023786;771 676;B01;1;10;0;2;1;2;1;
36584;202200023787;771 672;A01;1;7;0;2;1;1;1;
36585;202200023787;771 673;B01;1;7;0;2;4;1;2;
36586;202200023787;771 674;C01;1;7;0;2;4;1;1;
36587;202200023788;771 670;B01;1;1;0;2;4;1;5;
36588;202200023788;771 671;Z01;1;10;0;2;1;12;1;
36589;202200023789;771 668;B01;3;31;0;9;1;0;1;
36590;202200023789;771 669;A01;3;1;0;2;1;0;5;
36591;202200023790;771 666;B01;0;7;0;0;0;10;1;
36592;202200023790;771 667;A01;3;2;6;0;1;21;1;
36593;202200023791;771 662;B01;2;32;0;2;1;1;1;
36594;202200023791;771 663;A01;1;7;0;2;3;15;1;
36595;202200023792;771 661;A01;2;15;13;0;2;0;1;
36596;202200023793;771 658;C01;1;10;0;2;1;1;1;
36597;202200023793;771 659;B01;2;7;0;2;3;1;1;
36598;202200023793;771 660;A01;1;7;0;2;3;1;1;
36599;202200023794;771 656;B01;1;17;0;2;1;1;1;
36600;202200023794;771 657;A01;2;7;0;2;3;15;1;
36601;202200023795;771 654;B01;1;33;0;2;1;1;1;
36602;202200023795;771 655;A01;1;7;0;2;1;15;1;
36603;202200023796;771 650;A01;1;7;4;2;1;1;1;
36604;202200023796;771 651;B01;1;7;16;2;4;2;1;
36605;202200023797;771 649;A01;2;7;3;0;3;13;2;
36606;202200023798;771 647;B01;1;2;0;2;5;17;1;
36607;202200023798;771 648;A01;1;7;0;2;1;1;1;
36608;202200023799;771 645;B01;1;33;0;2;1;17;1;
36609;202200023799;771 646;A01;2;7;0;2;3;9;1;
36610;202200023800;771 644;A01;1;7;3;9;1;1;1;
36611;202200023801;771 643;A01;0;7;0;1;0;1;1;
36612;202200023802;771 642;A01;0;7;8;0;1;1;1;
36613;202200023803;771 640;A01;0;7;0;2;1;15;1;
36614;202200023803;771 641;B01;0;1;0;2;1;1;5;
36615;202200023804;771 639;A01;3;7;0;1;3;26;1;
36616;202200023805;771 637;B01;0;2;0;2;1;15;1;
36617;202200023805;771 638;A01;2;7;0;2;1;1;1;
36618;202200023806;771 636;A01;3;7;0;1;1;1;1;
36619;202200023807;771 634;B01;1;32;0;2;1;1;1;
36620;202200023807;771 635;A01;1;3;0;2;7;13;1;
36621;202200023808;771 631;B01;0;7;0;2;4;1;1;
36622;202200023808;771 632;C01;0;1;0;0;4;1;5;
36623;202200023808;771 633;A01;0;10;0;2;1;2;1;
36624;202200023809;771 629;A01;2;32;0;2;1;1;1;
36625;202200023809;771 630;B01;1;7;0;2;3;15;1;
36626;202200023810;771 628;A01;3;7;0;1;1;2;1;
36627;202200023812;771 625;A01;1;7;0;1;2;0;0;
36628;202200023813;771 623;A01;3;7;0;0;0;15;1;
36629;202200023813;771 624;B01;2;1;0;0;0;15;5;
36630;202200023814;771 621;A01;1;7;0;2;1;2;1;
36631;202200023814;771 622;B01;1;7;0;2;4;2;1;
36632;202200023815;771 619;B01;2;10;0;2;4;2;1;
36633;202200023815;771 620;A01;2;33;0;2;1;2;1;
36634;202200023816;771 617;A01;2;33;0;2;1;13;1;
36635;202200023816;771 618;B01;2;7;0;2;4;1;1;
36636;202200023817;771 615;A01;2;33;0;2;1;1;1;
36637;202200023817;771 616;B01;2;10;0;2;5;12;1;
36638;202200023818;771 613;B01;1;1;0;2;3;1;5;
36639;202200023818;771 614;A01;1;7;0;2;3;22;2;
36640;202200023819;771 611;B01;1;1;0;2;1;13;5;
36641;202200023819;771 612;A01;2;1;0;2;1;1;5;
36642;202200023821;771 608;A01;1;7;1;0;2;13;3;
36643;202200023822;771 606;B01;2;7;0;2;3;23;1;
36644;202200023822;771 607;A01;2;43;0;2;2;5;1;
36645;202200023825;771 602;A01;1;37;0;0;0;1;1;12.0
36646;202200023826;771 600;A01;1;7;0;2;5;15;1;
36647;202200023826;771 601;B01;2;80;0;2;2;1;3;
36648;202200023827;771 599;A01;3;30;0;1;1;1;1;