;Num_Acc;id_vehicule;num_veh;senc;catv;obs;obsm;choc;manv;motor;occutc
36649;202200023828;771 597;A01;2;10;0;2;2;12;1;
36650;202200023828;771 598;B01;2;1;0;2;8;1;5;
36651;202200023829;771 595;A01;1;7;0;2;3;22;1;
36652;202200023829;771 596;B01;1;1;0;2;1;1;5;
36653;202200023830;771 593;B01;0;7;0;2;1;1;1;
36654;202200023830;771 594;A01;1;1;0;2;8;1;5;
36655;202200023831;771 592;A01;3;34;0;1;1;1;1;
36656;202200023833;771 589;A01;2;7;0;1;1;1;1;
36657;202200023835;771 586;A01;2;33;0;1;8;1;1;
36658;202200023836;771 585;A01;1;7;8;0;1;1;3;
36659;202200023837;771 583;A01;1;34;9;2;1;5;1;
36660;202200023837;771 584;B01;1;7;0;2;3;15;1;
36661;202200023838;771 581;B01;1;32;0;2;3;19;3;
36662;202200023838;771 582;A01;1;2;0;2;1;19;1;
36663;202200023839;771 579;B01;1;10;0;2;3;15;1;
36664;202200023839;771 580;A01;1;30;0;2;2;0;1;
36665;202200023840;771 577;B01;2;7;0;2;3;15;1;
36666;202200023840;771 578;A01;1;50;0;2;3;13;3;
36667;202200023841;771 575;A01;3;37;0;2;7;16;1;2.0
36668;202200023841;771 576;B01;2;14;0;2;4;20;1;
36669;202200023842;771 574;A01;0;3;1;0;3;1;1;
36670;202200023843;771 572;A01;1;7;0;2;1;2;1;
36671;202200023843;771 573;B01;1;7;0;2;4;2;1;
36672;202200023844;771 571;A01;1;7;0;1;1;1;1;
36673;202200023845;771 569;B01;2;99;0;2;8;1;0;
36674;202200023845;771 570;A01;1;7;0;2;1;15;1;
36675;202200023848;771 566;A01;2;7;0;1;7;2;1;
36676;202200023849;771 565;A01;1;7;8;0;1;13;1;
36677;202200023850;771 564;A01;0;30;0;0;0;2;1;
36678;202200023851;771 563;A01;0;7;1;0;0;0;0;
36679;202200023852;771 562;A01;1;7;0;1;4;4;1;
36680;202200023853;771 561;A01;2;7;0;1;1;1;2;
36681;202200023854;771 559;A01;2;33;0;2;3;15;1;
36682;202200023854;771 560;B01;1;1;0;2;0;0;5;
36683;202200023855;771 558;A01;1;7;0;1;1;15;1;
36684;202200023857;771 555;A01;1;7;0;1;1;1;1;
36685;202200023858;771 553;B01;3;7;0;2;2;19;1;
36686;202200023858;771 554;A01;2;1;0;2;5;1;5;
36687;202200023859;771 552;A01;3;7;2;0;1;14;1;
36688;202200023860;771 551;A01;1;7;8;0;1;14;1;
36689;202200023861;771 548;A01;0;31;15;2;1;6;1;
36690;202200023861;771 549;C01;0;7;7;0;8;1;1;
36691;202200023861;771 550;B01;0;7;0;2;1;1;1;
36692;202200023862;771 547;A01;1;7;13;0;9;13;1;
36693;202200023863;771 545;B01;2;14;0;2;4;1;1;
36694;202200023863;771 546;A01;2;14;0;0;4;26;1;
36695;202200023864;771 543;B01;1;7;0;2;3;2;1;
36696;202200023864;771 544;A01;1;33;0;2;4;23;1;
36697;202200023865;771 542;A01;3;7;8;0;2;1;1;
36698;202200023867;771 539;A01;1;7;0;0;9;13;1;
36699;202200023868;771 538;A01;3;1;0;0;0;2;5;
36700;202200023869;771 536;A01;2;7;0;2;2;15;1;
36701;202200023869;771 537;B01;1;31;0;2;1;1;1;
36702;202200023870;771 534;A01;2;2;0;2;7;1;1;
36703;202200023870;771 535;B01;2;2;0;2;8;1;1;
36704;202200023871;771 533;A01;1;32;0;6;1;1;1;
36705;202200023872;771 531;B01;0;33;0;2;8;1;1;
36706;202200023872;771 532;A01;2;7;0;2;2;1;1;
36707;202200023873;771 530;A01;2;7;13;0;2;14;1;
36708;202200023874;771 529;A01;1;7;0;1;1;1;1;
36709;202200023875;771 527;B01;1;7;0;2;3;5;1;
36710;202200023875;771 528;A01;2;7;0;2;3;1;1;
36711;202200023876;771 526;A01;1;7;4;0;3;18;1;
36712;202200023877;771 525;A01;1;7;15;0;2;1;1;
36713;202200023878;771 523;B01;1;1;0;2;8;1;5;
36714;202200023878;771 524;A01;1;7;0;9;3;17;1;
36715;202200023879;771 521;B01;3;33;0;2;8;1;1;
36716;202200023879;771 522;A01;3;7;0;9;3;15;1;
36717;202200023880;771 520;A01;2;7;0;1;1;1;1;
36718;202200023881;771 516;A01;1;33;0;0;7;1;1;
36719;202200023882;771 514;B01;2;7;0;2;2;1;1;
36720;202200023882;771 515;A01;1;7;0;0;5;4;1;
36721;202200023883;771 513;A01;0;7;8;0;2;0;1;
36722;202200023884;771 512;A01;0;7;0;0;0;1;1;
36723;202200023885;771 510;B01;1;15;0;2;2;1;1;
36724;202200023885;771 511;A01;2;7;0;2;1;5;1;
36725;202200023886;771 508;A01;1;7;0;2;4;23;1;
36726;202200023886;771 509;B01;1;7;0;2;1;2;1;
36727;202200023887;771 507;A01;1;15;0;1;3;2;1;
36728;202200023889;771 502;A01;2;7;3;0;7;1;1;
36729;202200023890;771 500;A01;1;43;0;2;1;1;1;
36730;202200023890;771 501;B01;1;7;0;2;4;1;1;
36731;202200023891;771 499;A01;2;34;0;0;8;26;1;
36732;202200023892;771 496;C01;2;7;0;0;3;1;2;
36733;202200023892;771 497;B01;2;7;0;0;6;1;1;
36734;202200023892;771 498;A01;2;33;0;2;1;12;1;
36735;202200023893;771 494;B01;1;32;0;2;1;13;1;
36736;202200023893;771 495;A01;2;7;0;2;3;1;1;
36737;202200023894;771 493;A01;1;7;0;1;1;15;1;
36738;202200023896;771 490;B01;1;7;0;2;8;1;1;
36739;202200023896;771 492;A01;1;7;0;2;1;19;1;
36740;202200023897;771 487;B01;1;33;0;2;1;2;1;
36741;202200023897;771 489;A01;1;7;0;2;2;16;1;
36742;202200023898;771 485;B01;3;3;0;2;3;1;1;
36743;202200023898;771 486;Z01;3;-1;0;2;2;26;-1;
36744;202200023899;771 483;A01;3;7;0;1;2;16;1;
36745;202200023900;771 482;B01;2;33;0;2;1;1;1;
36746;202200023900;771 484;A01;1;7;0;2;3;15;1;
36747;202200023901;771 481;A01;1;10;4;0;3;16;1;
36748;202200023902;771 478;A01;1;7;0;2;1;12;1;
36749;202200023902;771 479;B01;1;7;0;2;6;1;1;
36750;202200023902;771 480;C01;1;7;0;2;7;1;1;
36751;202200023903;771 476;A01;3;37;0;2;1;1;1;1.0
36752;202200023903;771 477;B01;3;7;0;2;8;9;1;
36753;202200023905;771 471;A01;3;10;0;0;3;10;1;
36754;202200023905;771 473;B01;3;33;0;2;1;1;1;
36755;202200023906;771 469;A01;2;2;0;2;0;15;0;
36756;202200023906;771 470;B01;2;7;0;2;8;1;1;
36757;202200023907;771 466;C01;1;50;0;2;0;0;3;
36758;202200023907;771 467;B01;2;7;0;2;1;15;1;
36759;202200023907;771 468;A01;2;10;0;2;0;15;1;
36760;202200023908;771 464;A01;2;7;6;0;1;1;1;
36761;202200023910;771 461;B01;3;7;0;2;4;1;1;
36762;202200023910;771 462;A01;3;7;0;2;1;1;1;
36763;202200023911;771 459;A01;1;7;0;1;1;16;1;
36764;202200023913;771 458;B01;3;1;0;0;4;1;5;
36765;202200023913;771 460;A01;3;7;0;9;2;1;1;
36766;202200023914;771 455;A01;1;7;0;2;1;1;1;
36767;202200023914;771 456;B01;1;7;0;2;3;15;1;
36768;202200023915;771 452;A01;1;20;0;0;0;16;1;
36769;202200023916;771 453;B01;2;2;0;0;7;2;1;
36770;202200023916;771 454;A01;2;7;0;2;8;13;1;
36771;202200023917;771 451;A01;3;10;0;1;6;4;1;
36772;202200023918;771 447;C01;1;7;0;2;3;2;1;
36773;202200023918;771 448;B01;1;10;0;2;4;2;1;
36774;202200023918;771 450;A01;1;7;0;2;1;2;1;
36775;202200023919;771 446;A01;0;7;0;9;2;16;1;
36776;202200023919;771 449;B01;0;1;0;2;4;2;5;
36777;202200023920;771 444;A01;2;30;0;2;8;5;1;
36778;202200023920;771 445;B01;1;7;0;0;8;1;1;
36779;202200023921;771 441;A01;3;7;12;0;1;1;1;
36780;202200023922;771 442;A01;0;7;0;2;3;13;1;
36781;202200023922;771 443;B01;0;10;0;2;3;1;1;
36782;202200023923;771 440;A01;1;7;14;0;1;1;1;
36783;202200023925;771 435;A01;1;2;0;2;1;2;1;
36784;202200023925;771 436;B01;1;7;0;2;6;1;1;
36785;202200023926;771 437;A01;1;7;2;0;1;2;1;
36786;202200023928;771 428;B01;1;33;0;2;1;13;1;
36787;202200023928;771 431;A01;2;10;0;2;2;1;1;
36788;202200023929;771 425;C01;2;7;0;0;0;1;1;
36789;202200023929;771 426;B01;1;7;0;2;3;26;1;
36790;202200023929;771 427;A01;2;7;0;2;1;1;1;
36791;202200023930;771 422;A01;1;1;0;2;4;1;5;
36792;202200023930;771 424;Z01;1;7;0;2;0;0;1;
36793;202200023931;771 420;A01;1;50;14;0;0;0;3;
36794;202200023932;771 421;A01;1;37;0;2;1;1;1;1.0
36795;202200023932;771 423;B01;2;34;0;2;1;13;1;
36796;202200023933;771 419;A01;2;7;1;0;1;18;1;
36797;202200023934;771 416;B01;2;7;0;2;5;15;1;
36798;202200023934;771 417;A01;2;2;0;2;1;12;1;
36799;202200023935;771 415;A01;3;50;0;0;0;26;3;
36800;202200023936;771 418;A01;2;10;13;0;1;1;1;
36801;202200023938;771 410;A01;3;7;0;2;1;2;1;
36802;202200023938;771 411;B01;3;7;0;2;4;2;1;
36803;202200023939;771 408;A01;1;7;0;1;1;19;1;
36804;202200023940;771 409;B01;3;2;0;2;3;18;1;
36805;202200023940;771 412;A01;3;7;0;2;2;16;1;
36806;202200023941;771 406;A01;1;7;6;0;1;15;1;
36807;202200023942;771 404;B01;0;30;0;2;1;26;3;
36808;202200023942;771 405;A01;1;7;0;0;2;0;1;
36809;202200023943;771 403;B01;3;1;0;2;1;8;5;
36810;202200023943;771 407;A01;3;7;0;9;3;19;1;
36811;202200023945;771 400;A01;1;7;0;1;8;1;1;
36812;202200023947;771 397;B01;1;21;0;2;6;15;1;
36813;202200023947;771 399;A01;1;33;0;2;1;17;1;
36814;202200023948;771 394;B01;2;7;0;2;3;1;1;
36815;202200023948;771 396;A01;1;7;0;2;3;13;1;
36816;202200023951;771 390;A01;1;7;0;1;1;1;1;
36817;202200023952;771 389;A01;1;7;2;0;9;16;1;
36818;202200023953;771 384;B01;2;2;0;2;1;1;1;
36819;202200023953;771 387;A01;2;10;0;2;5;4;3;
36820;202200023954;771 383;A01;3;7;0;2;1;15;1;
36821;202200023954;771 386;B01;3;7;0;2;3;1;1;
36822;202200023955;771 382;C01;1;7;0;2;4;2;2;
36823;202200023955;771 385;B01;1;7;0;2;4;2;1;
36824;202200023955;771 388;A01;1;7;0;2;1;2;1;
36825;202200023956;771 379;A01;2;7;0;1;1;1;1;
36826;202200023957;771 380;A01;1;7;0;2;1;15;1;
36827;202200023957;771 381;B01;2;80;0;2;1;1;3;
36828;202200023958;771 377;A01;1;7;0;2;2;20;1;
36829;202200023958;771 378;B01;2;31;0;2;1;1;1;
36830;202200023959;771 371;A01;1;7;0;2;7;1;1;
36831;202200023959;771 373;B01;1;7;1;2;8;1;1;
36832;202200023959;771 376;C01;2;7;0;2;3;1;1;
36833;202200023960;771 369;A01;1;7;0;2;2;13;1;
36834;202200023960;771 370;B01;2;7;0;2;1;1;1;
36835;202200023961;771 367;Z01;0;0;0;0;0;26;0;
36836;202200023962;771 366;A01;1;17;0;2;4;2;1;
36837;202200023962;771 368;B01;1;7;0;2;9;2;1;
36838;202200023962;771 372;C01;0;13;0;0;0;0;0;
36839;202200023964;771 362;A01;1;7;8;0;3;16;1;
36840;202200023965;771 361;A01;2;10;1;0;9;26;1;
36841;202200023965;771 364;B01;2;7;1;0;0;26;1;
36842;202200023966;771 360;A01;1;7;0;2;4;2;1;
36843;202200023966;771 363;B01;1;33;0;2;1;2;1;
36844;202200023967;771 359;A01;3;30;0;0;7;1;1;
36845;202200023968;771 358;A01;3;7;0;1;3;10;1;
36846;202200023969;771 356;A01;2;32;12;0;1;1;1;
36847;202200023970;771 355;A01;2;7;0;2;4;2;1;
36848;202200023970;771 357;B01;2;7;0;2;1;2;1;
36849;202200023971;771 353;A01;1;21;0;2;0;0;0;
36850;202200023971;771 354;B01;3;1;0;2;1;26;5;
36851;202200023972;771 352;A01;2;7;0;1;1;1;1;
36852;202200023973;771 347;B01;3;2;0;2;4;2;1;
36853;202200023973;771 350;A01;3;7;0;2;1;2;1;
36854;202200023974;771 346;B01;2;7;0;9;0;0;1;
36855;202200023974;771 348;A01;2;1;0;2;1;2;5;
36856;202200023975;771 345;C01;2;10;0;2;1;2;1;
36857;202200023975;771 349;B01;2;7;0;2;3;2;1;
36858;202200023975;771 351;A01;2;7;0;2;4;2;1;
36859;202200023976;771 342;A01;1;7;4;0;3;13;1;
36860;202200023977;771 340;A01;1;1;0;2;7;1;5;
36861;202200023977;771 344;B01;1;31;0;2;1;1;1;
36862;202200023979;771 335;A01;2;33;0;2;1;2;1;
36863;202200023979;771 339;B01;2;10;0;2;6;1;1;
36864;202200023980;771 334;B01;1;7;0;2;3;26;1;
36865;202200023980;771 337;A01;1;50;0;2;1;26;3;
36866;202200023981;771 329;B01;1;7;0;2;4;26;1;
36867;202200023981;771 331;A01;1;7;0;2;3;26;1;
36868;202200023982;771 330;D01;2;10;0;2;4;2;1;
36869;202200023982;771 333;C01;2;7;0;2;4;2;1;
36870;202200023982;771 336;B01;2;7;0;2;4;2;1;
36871;202200023982;771 338;A01;2;10;0;2;1;2;1;
36872;202200023983;771 328;B01;1;7;0;2;6;24;1;
36873;202200023983;771 332;A01;1;1;1;0;1;1;5;
36874;202200023984;771 325;B01;1;50;0;2;1;26;3;
36875;202200023984;771 327;A01;1;7;0;2;2;26;1;
36876;202200023985;771 323;B01;2;32;0;2;7;3;1;
36877;202200023985;771 326;A01;2;7;0;2;3;13;1;
36878;202200023986;771 320;C01;1;7;0;2;1;2;1;
36879;202200023986;771 322;B01;1;7;0;2;4;2;1;
36880;202200023986;771 324;A01;1;7;0;2;1;2;1;
36881;202200023987;771 319;B01;1;7;0;2;5;17;1;
36882;202200023987;771 321;A01;1;1;0;2;3;1;5;
36883;202200023988;771 316;A01;1;2;0;0;1;1;3;
36884;202200023989;771 317;A01;2;7;0;2;6;12;1;
36885;202200023989;771 318;B01;2;33;0;2;1;3;1;
36886;202200023990;771 314;B01;1;1;0;2;1;26;5;
36887;202200023990;771 315;A01;1;7;0;2;2;25;1;
36888;202200023991;771 312;A01;2;33;0;0;8;15;1;
36889;202200023992;771 309;A01;1;7;1;0;1;14;1;
36890;202200023993;771 310;A01;1;7;0;0;1;2;1;
36891;202200023993;771 311;B01;1;7;0;2;4;2;1;
36892;202200023993;771 313;C01;1;7;0;0;4;2;1;
36893;202200023994;771 308;A01;1;7;0;5;1;1;1;
36894;202200023995;771 306;A01;0;7;11;0;1;1;1;
36895;202200023996;771 303;C01;2;7;0;2;4;23;1;
36896;202200023996;771 305;B01;2;7;0;2;4;23;1;
36897;202200023996;771 307;A01;2;7;0;2;1;2;1;
36898;202200023997;771 302;B01;1;7;0;2;4;1;1;
36899;202200023997;771 304;A01;1;7;0;2;1;1;1;
36900;202200023998;771 300;B01;3;7;0;2;3;26;1;
36901;202200023998;771 301;A01;3;7;0;2;3;0;1;
36902;202200023999;771 299;A01;1;7;3;0;0;13;2;
36903;202200024000;771 296;A01;1;33;0;2;1;2;1;
36904;202200024000;771 298;B01;1;10;0;2;4;2;1;
36905;202200024001;771 294;A01;3;7;0;2;3;1;1;
36906;202200024001;771 297;B01;3;50;0;2;1;1;3;
36907;202200024003;771 291;A01;2;7;4;5;1;1;1;
36908;202200024004;771 290;A01;2;33;0;2;1;2;1;
36909;202200024004;771 293;B01;2;10;0;2;4;2;1;
36910;202200024005;771 289;A01;1;7;0;1;3;9;1;
36911;202200024006;771 287;A01;1;7;0;2;7;13;1;
36912;202200024006;771 288;Z01;1;7;0;2;0;0;0;
36913;202200024007;771 284;A01;1;7;13;0;2;26;1;
36914;202200024008;771 285;B01;1;7;0;2;4;2;1;
36915;202200024008;771 286;A01;1;7;0;2;1;2;1;
36916;202200024009;771 283;A01;2;7;0;1;2;1;2;
36917;202200024010;771 280;A01;1;7;0;2;3;13;1;
36918;202200024010;771 282;B01;1;33;0;2;2;17;1;
36919;202200024011;771 276;A01;1;7;0;2;1;2;1;
36920;202200024011;771 278;B01;1;7;0;2;4;16;1;
36921;202200024012;771 277;C01;2;10;0;2;4;1;1;
36922;202200024012;771 279;B01;2;14;0;2;4;2;1;
36923;202200024012;771 281;A01;2;13;0;2;1;2;1;
36924;202200024013;771 275;A01;2;7;16;0;1;1;1;
36925;202200024014;771 270;A01;2;7;0;2;1;1;1;
36926;202200024014;771 272;B01;2;10;0;2;6;1;1;
36927;202200024015;771 271;B01;1;33;0;2;1;3;1;
36928;202200024015;771 274;A01;1;7;0;2;3;11;1;
36929;202200024016;771 269;A01;1;7;0;2;3;9;1;
36930;202200024016;771 273;B01;1;1;0;2;1;1;5;
36931;202200024017;771 267;Z01;2;7;0;2;3;18;0;
36932;202200024017;771 268;B01;3;7;0;2;4;23;3;
36933;202200024018;771 265;A01;0;35;6;0;3;1;1;
36934;202200024019;771 266;A01;1;33;4;0;8;1;1;
36935;202200024020;771 262;B01;1;31;0;2;1;1;1;
36936;202200024020;771 264;A01;2;7;0;2;3;15;1;
36937;202200024021;771 260;A01;3;30;0;0;8;1;1;
36938;202200024023;771 257;A01;2;33;0;2;1;17;1;
36939;202200024023;771 258;B01;2;7;0;2;3;15;1;
36940;202200024024;771 254;B01;2;33;0;2;9;0;1;
36941;202200024024;771 256;A01;2;32;0;2;3;9;1;
36942;202200024026;771 251;A01;1;10;0;2;3;16;1;
36943;202200024026;771 255;B01;2;7;13;2;1;1;1;
36944;202200024027;771 248;A01;2;7;3;2;9;1;1;
36945;202200024027;771 250;B01;2;7;0;2;1;1;1;
36946;202200024028;771 247;A01;0;60;0;2;1;11;5;
36947;202200024028;771 249;B01;3;33;0;2;1;1;1;
36948;202200024029;771 245;B01;2;1;0;0;6;14;5;
36949;202200024029;771 246;A01;2;7;0;2;6;17;1;
36950;202200024030;771 242;A01;2;10;0;2;1;2;1;
36951;202200024030;771 244;B01;2;7;0;0;4;2;1;
36952;202200024031;771 241;B01;0;7;0;2;1;1;1;
36953;202200024031;771 243;A01;0;7;0;2;1;15;1;
36954;202200024033;771 236;A01;1;7;0;2;0;0;0;
36955;202200024033;771 238;B01;1;2;0;2;0;0;0;
36956;202200024034;771 235;A01;0;7;0;0;0;0;3;
36957;202200024034;771 239;B01;2;30;0;2;8;1;1;
36958;202200024035;771 232;B01;3;32;0;2;2;26;1;
36959;202200024035;771 233;A01;3;7;0;2;3;9;1;
36960;202200024038;771 227;A01;2;13;0;2;8;13;1;
36961;202200024038;771 228;B01;1;7;0;2;3;1;1;
36962;202200024039;771 226;Z01;2;0;0;1;2;1;0;
36963;202200024040;771 225;A01;1;7;0;1;1;1;1;
36964;202200024041;771 224;A01;3;1;1;0;1;2;0;
36965;202200024042;771 222;A01;1;30;0;2;1;19;1;
36966;202200024042;771 223;B01;2;7;0;2;2;1;1;
36967;202200024043;771 216;A01;1;7;14;2;1;1;1;
36968;202200024043;771 220;B01;1;7;14;2;1;1;2;
36969;202200024043;771 221;C01;1;7;14;2;4;2;1;
36970;202200024044;771 215;B01;0;3;0;2;0;0;0;
36971;202200024044;771 219;A01;1;7;0;2;2;2;1;
36972;202200024045;771 210;A01;1;33;0;2;1;1;1;
36973;202200024045;771 213;B01;1;7;0;2;4;1;1;
36974;202200024047;771 208;Z01;1;7;0;2;0;0;0;
36975;202200024047;771 211;A01;1;30;0;2;0;0;1;
36976;202200024048;771 207;A01;1;30;11;0;1;16;1;
36977;202200024049;771 204;B01;1;7;0;2;7;1;1;
36978;202200024049;771 206;A01;2;30;0;2;1;1;1;
36979;202200024050;771 203;B01;3;1;0;2;0;0;5;
36980;202200024050;771 205;A01;0;7;0;2;0;0;1;
36981;202200024051;771 201;A01;1;33;0;2;1;26;1;
36982;202200024051;771 202;B01;1;7;0;2;3;15;1;
36983;202200024052;771 198;A01;1;7;0;4;8;16;1;
36984;202200024052;771 200;B01;2;40;0;2;1;1;3;
36985;202200024053;771 196;B01;1;1;0;2;1;9;5;
36986;202200024053;771 199;A01;1;7;0;2;2;1;1;
36987;202200024054;771 197;B01;1;7;0;1;2;1;1;
36988;202200024055;771 195;A01;2;7;0;1;1;7;1;
36989;202200024056;771 194;A01;2;7;0;1;8;1;2;
36990;202200024057;771 192;A01;2;7;1;0;2;1;1;
36991;202200024058;771 191;B01;3;1;0;2;9;1;5;
36992;202200024058;771 193;A01;3;7;0;9;3;15;1;
36993;202200024060;771 187;A01;2;7;0;2;7;12;1;
36994;202200024060;771 189;B01;2;32;0;2;8;1;1;
36995;202200024061;771 185;B01;2;30;0;2;0;0;1;
36996;202200024061;771 186;A01;2;7;0;2;8;1;1;
36997;202200024062;771 180;A01;1;7;0;2;2;12;1;
36998;202200024062;771 181;B01;1;7;0;2;3;1;1;
36999;202200024062;771 183;C01;1;7;0;2;7;1;2;
37000;202200024063;771 177;B01;1;7;0;2;2;2;1;
37001;202200024063;771 178;A01;1;1;0;2;4;1;5;
37002;202200024065;771 174;A01;1;32;0;2;0;1;1;
37003;202200024065;771 175;Z01;2;30;0;0;0;17;0;
37004;202200024066;771 170;A01;3;7;0;2;8;21;1;
37005;202200024066;771 172;B01;0;7;0;2;8;1;1;
37006;202200024068;771 168;A01;3;7;0;1;2;1;2;
37007;202200024069;771 166;A01;1;7;0;1;2;1;1;
37008;202200024070;771 165;A01;3;0;6;0;0;0;1;
37009;202200024071;771 164;A01;1;7;1;2;2;5;1;
37010;202200024071;771 167;B01;2;7;0;2;3;15;2;
37011;202200024072;771 161;A01;1;34;0;1;1;9;1;
37012;202200024073;771 160;A01;1;7;0;2;2;11;1;
37013;202200024073;771 163;B01;3;31;0;2;1;2;1;
37014;202200024075;771 157;B01;2;7;0;2;4;2;1;
37015;202200024075;771 159;A01;2;7;0;2;1;2;1;
37016;202200024076;771 156;A01;1;7;1;0;1;1;1;
37017;202200024077;771 154;A01;2;7;0;1;3;9;1;
37018;202200024078;771 153;B01;2;34;0;2;3;1;1;
37019;202200024078;771 155;A01;1;30;0;2;3;5;1;
37020;202200024079;771 152;A01;2;7;0;1;1;15;1;
37021;202200024080;771 151;A01;1;7;6;0;7;20;1;
37022;202200024081;771 148;A01;2;7;0;2;7;15;1;
37023;202200024081;771 150;B01;1;32;0;2;1;1;0;
37024;202200024082;771 147;A01;1;7;0;2;7;12;1;
37025;202200024082;771 149;B01;1;7;0;2;8;1;1;
37026;202200024083;771 142;B01;1;2;0;2;2;17;1;
37027;202200024083;771 145;A01;1;80;0;2;6;15;3;
37028;202200024084;771 141;A01;1;7;0;2;1;12;1;
37029;202200024084;771 144;B01;1;7;11;2;4;1;1;
37030;202200024085;771 143;B01;2;1;0;2;1;11;5;
37031;202200024085;771 146;A01;2;7;0;2;1;1;1;
37032;202200024086;771 138;A01;1;7;0;2;3;26;1;
37033;202200024086;771 140;B01;1;30;0;2;3;1;1;
37034;202200024088;771 136;A01;2;1;0;1;1;21;5;
37035;202200024089;771 134;A01;1;7;0;1;1;1;1;
37036;202200024090;771 133;A01;3;7;0;1;1;12;2;
37037;202200024091;771 131;A01;1;7;0;2;5;1;2;
37038;202200024091;771 132;B01;2;7;0;2;2;1;1;
37039;202200024092;771 128;A01;1;7;0;2;3;15;1;
37040;202200024092;771 130;B01;1;33;0;2;2;17;1;
37041;202200024093;771 125;A01;2;7;0;1;1;15;1;
37042;202200024095;771 123;A01;3;7;8;0;1;1;1;
37043;202200024096;771 122;A01;2;33;1;2;1;14;1;
37044;202200024097;771 120;A01;2;7;4;0;1;14;1;
37045;202200024099;771 118;A01;3;7;0;1;3;2;1;
37046;202200024100;771 117;A01;3;7;2;0;1;14;1;
37047;202200024101;771 115;A01;0;7;1;0;2;19;0;
37048;202200024102;771 114;A01;2;2;0;2;1;1;1;
37049;202200024102;771 116;B01;0;7;0;2;3;1;1;
37050;202200024103;771 111;B01;1;33;0;2;1;1;1;
37051;202200024103;771 112;A01;1;10;0;2;3;10;1;
37052;202200024104;771 110;A01;1;7;0;2;3;13;1;
37053;202200024104;771 113;B01;2;10;0;2;3;21;1;
37054;202200024105;771 109;A01;3;7;8;0;1;14;1;
37055;202200024106;771 105;A01;1;7;0;2;1;0;1;
37056;202200024106;771 108;B01;1;7;0;2;4;0;1;
37057;202200024107;771 104;A01;1;30;0;2;7;19;1;
37058;202200024107;771 107;B01;1;7;0;2;2;1;1;
37059;202200024108;771 103;A01;1;7;0;2;1;21;1;
37060;202200024108;771 106;B01;1;7;0;2;8;10;1;
37061;202200024109;771 102;A01;3;10;1;0;1;14;1;
37062;202200024110;771 099;A01;0;7;6;0;7;1;1;
37063;202200024111;771 100;B01;2;2;0;2;8;1;1;
37064;202200024111;771 101;A01;1;7;0;2;3;15;1;
37065;202200024112;771 096;A01;1;7;9;0;7;1;1;
37066;202200024113;771 093;A01;1;7;0;2;1;1;1;
37067;202200024113;771 094;B01;2;50;0;2;7;15;3;
37068;202200024115;771 088;B01;0;7;0;2;5;1;1;
37069;202200024115;771 092;A01;0;7;0;2;1;1;1;
37070;202200024116;771 087;B01;1;32;0;2;3;1;1;
37071;202200024116;771 089;A01;1;7;0;2;1;15;1;
37072;202200024117;771 086;A01;1;7;1;0;2;11;1;
37073;202200024117;771 090;B01;1;7;0;2;3;1;1;
37074;202200024118;771 084;A01;1;30;8;2;1;14;1;
37075;202200024119;771 083;A01;1;10;0;2;2;16;1;
37076;202200024119;771 085;B01;3;1;0;2;1;19;5;
37077;202200024120;771 082;A01;1;7;12;1;3;1;1;
37078;202200024121;771 081;A01;1;7;2;0;1;1;1;
37079;202200024123;771 080;A01;1;7;0;1;4;10;1;
37080;202200024124;771 078;A01;1;7;0;0;9;2;1;
37081;202200024125;771 077;A01;2;30;11;0;1;14;3;
37082;202200024126;771 076;A01;1;7;0;1;7;1;1;
37083;202200024127;771 075;A01;2;50;0;0;1;15;3;
37084;202200024129;771 073;A01;1;7;0;1;1;1;1;
37085;202200024130;771 069;B01;1;7;0;2;3;9;1;
37086;202200024130;771 071;A01;1;7;0;2;2;21;1;
37087;202200024131;771 068;A01;1;2;0;2;7;12;1;
37088;202200024131;771 070;B01;1;10;0;2;3;1;1;
37089;202200024132;771 066;A01;3;7;0;2;2;15;1;
37090;202200024132;771 067;B01;3;31;0;2;1;1;1;
37091;202200024133;771 065;A01;1;7;0;1;2;1;1;
37092;202200024134;771 061;Z01;2;10;0;2;3;2;1;
37093;202200024134;771 063;A01;2;1;0;2;2;17;5;
37094;202200024135;771 062;A01;2;7;0;2;1;9;1;
37095;202200024135;771 064;B01;2;2;0;2;7;1;1;
37096;202200024136;771 060;A01;1;10;0;1;7;1;1;
37097;202200024137;771 059;A01;1;7;1;0;2;14;1;
37098;202200024138;771 055;B01;2;30;9;2;1;1;3;
37099;202200024138;771 057;A01;1;7;9;2;2;15;1;
37100;202200024139;771 056;B01;1;33;0;2;1;1;1;
37101;202200024139;771 058;A01;2;7;0;2;7;15;1;
37102;202200024140;771 053;A01;2;7;0;2;2;2;1;
37103;202200024140;771 054;Z01;1;7;0;2;2;15;0;
37104;202200024141;771 051;B01;1;30;9;2;1;1;1;
37105;202200024141;771 052;A01;1;7;9;2;4;16;1;
37106;202200024143;771 048;A01;2;7;15;0;1;1;1;
37107;202200024144;771 046;A01;1;7;7;2;2;13;1;
37108;202200024144;771 047;B01;2;10;0;2;3;1;1;
37109;202200024145;771 042;A01;1;7;0;2;2;10;1;