;Num_Acc;id_vehicule;num_veh;senc;catv;obs;obsm;choc;manv;motor;occutc
37110;202200024145;771 044;C01;2;7;0;2;8;1;0;
37111;202200024145;771 045;B01;2;2;0;2;1;1;1;
37112;202200024146;771 040;B01;2;7;0;2;0;1;1;
37113;202200024146;771 043;A01;1;7;0;2;1;1;1;
37114;202200024147;771 041;A01;2;2;0;1;2;1;1;
37115;202200024148;771 039;A01;3;7;0;1;2;1;1;
37116;202200024149;771 038;A01;1;7;15;2;1;13;1;
37117;202200024150;771 037;A01;0;7;3;0;0;14;1;
37118;202200024151;771 035;A01;3;7;6;0;3;1;1;
37119;202200024152;771 034;B01;1;50;0;2;1;15;3;
37120;202200024152;771 036;Z01;2;7;0;9;1;1;0;
37121;202200024153;771 032;A01;2;7;0;2;1;13;1;
37122;202200024153;771 033;B01;1;7;0;2;1;1;1;
37123;202200024154;771 031;A01;3;1;12;0;2;12;5;
37124;202200024155;771 029;A01;3;7;0;1;1;1;1;
37125;202200024156;771 030;A01;1;7;0;1;1;2;2;
37126;202200024157;771 028;A01;1;7;0;1;6;20;1;
37127;202200024158;771 026;A01;3;7;0;2;1;1;1;
37128;202200024158;771 027;B01;3;1;0;2;0;0;5;
37129;202200024159;771 025;A01;1;7;13;0;1;1;1;
37130;202200024160;771 023;A01;2;50;0;2;1;19;3;
37131;202200024160;771 024;B01;2;43;0;2;8;1;1;
37132;202200024161;771 022;A01;3;30;12;0;0;1;1;
37133;202200024162;771 020;B01;1;7;0;0;4;2;1;
37134;202200024162;771 021;A01;1;7;0;2;1;2;1;
37135;202200024164;771 017;A01;3;10;0;2;2;1;1;
37136;202200024164;771 018;B01;0;7;0;2;1;1;1;
37137;202200024165;771 012;C01;2;17;0;0;6;24;1;
37138;202200024165;771 015;B01;2;7;1;2;4;21;1;
37139;202200024165;771 016;A01;2;7;0;2;1;21;1;
37140;202200024166;771 010;A01;1;7;0;2;2;12;1;
37141;202200024166;771 013;B01;1;31;9;2;6;1;1;
37142;202200024168;771 009;A01;2;7;0;1;3;1;0;
37143;202200024171;771 004;A01;2;3;2;0;3;1;1;
37144;202200024172;771 003;A01;3;2;0;2;3;1;1;
37145;202200024172;771 005;B01;3;7;0;2;2;16;1;
37146;202200024173;771 000;A01;1;1;0;2;3;15;5;
37147;202200024173;771 002;Z01;1;14;0;2;0;1;0;
37148;202200024174;770 998;B01;3;7;0;2;3;1;1;
37149;202200024174;771 001;A01;3;7;0;2;3;1;1;
37150;202200024175;770 997;B01;3;10;0;2;2;1;1;
37151;202200024175;770 999;A01;3;1;0;2;3;26;5;
37152;202200024176;770 995;A01;2;7;15;0;2;0;1;
37153;202200024177;770 994;B01;1;1;0;2;1;1;5;
37154;202200024177;770 996;A01;1;7;0;2;3;1;1;
37155;202200024178;770 992;A01;1;7;16;0;1;13;1;
37156;202200024179;770 991;B01;1;7;0;2;7;1;1;
37157;202200024179;770 993;A01;1;17;0;2;3;9;1;
37158;202200024180;770 990;A01;1;2;6;0;1;13;1;
37159;202200024182;770 988;A01;2;10;0;1;3;1;1;
37160;202200024183;770 987;A01;1;14;13;0;3;0;0;
37161;202200024184;770 985;A01;3;1;0;2;2;12;5;
37162;202200024184;770 986;B01;3;1;0;2;2;1;5;
37163;202200024185;770 982;A01;1;7;0;2;1;1;1;
37164;202200024185;770 984;B01;1;7;0;2;4;1;1;
37165;202200024186;770 981;B01;1;2;0;2;1;1;1;
37166;202200024186;770 983;A01;1;7;0;2;3;15;1;
37167;202200024187;770 978;A01;1;10;15;0;9;13;1;
37168;202200024188;770 977;B01;1;7;0;2;2;1;1;
37169;202200024188;770 979;A01;3;7;0;2;3;15;1;
37170;202200024189;770 974;A01;1;10;0;2;3;1;3;
37171;202200024189;770 976;B01;1;30;0;2;1;1;1;
37172;202200024190;770 972;B01;1;2;0;2;7;17;1;
37173;202200024190;770 975;A01;1;7;0;2;3;15;1;
37174;202200024191;770 971;A01;0;2;0;2;7;26;1;
37175;202200024191;770 973;B01;0;10;0;2;1;1;1;
37176;202200024192;770 970;A01;2;7;14;0;1;1;1;
37177;202200024193;770 969;A01;3;7;0;1;4;20;1;
37178;202200024195;770 966;B01;1;1;0;2;4;2;5;
37179;202200024195;770 967;A01;1;7;0;9;2;2;1;
37180;202200024196;770 965;A01;1;7;12;0;1;1;1;
37181;202200024197;770 962;A01;3;7;0;9;2;1;1;
37182;202200024197;770 963;B01;3;50;0;2;3;19;3;
37183;202200024198;770 961;B01;2;7;0;2;1;1;1;
37184;202200024198;770 964;A01;1;7;0;2;1;17;1;
37185;202200024200;770 959;A01;3;99;0;2;1;1;3;
37186;202200024200;770 960;B01;3;7;0;2;3;1;1;
37187;202200024201;770 956;A01;2;2;0;2;1;1;1;
37188;202200024201;770 958;B01;2;7;0;2;4;1;1;
37189;202200024202;770 955;A01;1;7;0;1;3;13;1;
37190;202200024203;770 953;A01;1;7;0;1;3;15;1;
37191;202200024204;770 952;A01;3;7;0;2;3;1;1;
37192;202200024204;770 954;B01;3;7;0;2;3;0;1;
37193;202200024205;770 950;A01;1;21;0;2;4;4;1;
37194;202200024205;770 951;B01;1;1;0;2;2;1;5;
37195;202200024206;770 947;A01;3;7;0;2;1;1;1;
37196;202200024206;770 949;B01;0;1;0;2;9;19;5;
37197;202200024207;770 945;A01;2;7;0;9;0;0;0;
37198;202200024207;770 948;B01;2;1;0;2;0;0;5;
37199;202200024208;770 944;B01;1;1;0;2;4;1;5;
37200;202200024208;770 946;A01;2;7;0;9;3;1;1;
37201;202200024209;770 942;A01;1;33;0;0;0;0;0;
37202;202200024210;770 941;A01;1;7;0;2;2;13;1;
37203;202200024210;770 943;B01;2;7;0;2;2;1;1;
37204;202200024211;770 940;A01;2;7;2;0;2;2;1;
37205;202200024212;770 938;A01;2;7;0;1;7;1;2;
37206;202200024213;770 937;A01;2;7;13;0;1;0;1;
37207;202200024214;770 935;A01;1;10;0;2;5;13;1;
37208;202200024214;770 936;B01;1;7;0;2;3;1;1;
37209;202200024214;770 939;C01;1;7;0;2;1;23;1;
37210;202200024215;770 931;A01;2;10;1;0;1;14;1;
37211;202200024215;770 933;B01;2;7;0;0;4;23;1;
37212;202200024216;770 932;A01;0;0;0;2;0;0;0;
37213;202200024216;770 934;B01;0;50;0;2;0;0;3;
37214;202200024217;770 927;A01;1;10;0;2;2;1;1;
37215;202200024217;770 929;B01;1;7;0;2;4;23;1;
37216;202200024218;770 926;B01;1;1;0;2;1;1;5;
37217;202200024218;770 928;A01;1;7;0;2;8;20;1;
37218;202200024219;770 923;C01;2;7;0;2;1;1;1;
37219;202200024219;770 925;B01;2;7;0;0;4;1;1;
37220;202200024219;770 930;A01;2;7;0;6;1;2;1;
37221;202200024220;770 921;A01;2;33;0;2;1;1;1;
37222;202200024220;770 924;B01;2;7;0;2;8;10;1;
37223;202200024221;770 920;B01;2;7;0;0;0;10;1;
37224;202200024221;770 922;A01;1;30;0;2;0;1;1;
37225;202200024222;770 916;A01;3;7;0;1;1;1;1;
37226;202200024223;770 915;A01;2;7;0;2;1;2;1;
37227;202200024223;770 917;B01;2;7;0;2;4;1;1;
37228;202200024223;770 919;C01;2;7;0;2;1;2;1;
37229;202200024224;770 914;A01;2;7;0;2;8;1;1;
37230;202200024224;770 918;B01;2;33;0;2;1;1;1;
37231;202200024225;770 908;B01;2;2;0;2;7;17;1;
37232;202200024225;770 911;A01;2;7;0;2;1;2;1;
37233;202200024226;770 903;A01;2;7;3;2;4;2;1;
37234;202200024226;770 907;B01;2;7;0;2;1;2;1;
37235;202200024226;770 910;C01;2;10;0;2;3;2;1;
37236;202200024226;770 912;D01;2;7;0;9;2;1;1;
37237;202200024227;770 901;B01;2;31;0;2;1;0;1;
37238;202200024227;770 904;A01;2;7;0;2;3;9;1;
37239;202200024228;770 900;A01;3;7;6;0;1;14;1;
37240;202200024229;770 899;A01;3;2;0;0;0;14;1;
37241;202200024230;770 898;A01;2;7;-1;0;2;13;1;
37242;202200024234;770 892;A01;1;7;0;2;2;9;1;
37243;202200024234;770 895;B01;1;7;0;2;3;1;1;
37244;202200024235;770 890;A01;1;7;1;0;1;2;1;
37245;202200024236;770 888;A01;0;7;0;2;1;1;0;
37246;202200024236;770 889;B01;0;7;0;0;4;1;1;
37247;202200024237;770 887;A01;2;7;13;0;7;14;1;
37248;202200024238;770 886;Z01;1;30;0;1;1;26;0;
37249;202200024239;770 883;B01;2;2;0;2;1;1;1;
37250;202200024239;770 884;A01;2;2;0;0;4;1;1;
37251;202200024240;770 882;B01;1;7;0;2;1;1;1;
37252;202200024240;770 885;A01;1;7;0;2;3;15;1;
37253;202200024241;770 879;B01;2;7;0;2;1;1;1;
37254;202200024241;770 880;A01;1;2;0;2;1;1;1;
37255;202200024242;770 878;A01;2;7;2;2;1;13;1;
37256;202200024242;770 881;B01;1;7;0;2;2;1;1;
37257;202200024243;770 877;A01;2;7;2;0;1;1;1;
37258;202200024244;770 874;A01;3;7;13;6;1;0;1;
37259;202200024245;770 873;A01;2;15;13;0;2;2;1;
37260;202200024247;770 867;A01;1;7;0;1;2;1;1;
37261;202200024248;770 865;A01;2;13;0;0;1;1;1;
37262;202200024248;770 866;B01;2;7;0;0;4;1;1;
37263;202200024248;770 868;C01;2;7;0;0;4;1;1;
37264;202200024248;770 869;D01;1;7;0;0;4;1;1;
37265;202200024248;770 871;E01;2;7;0;0;0;1;1;
37266;202200024249;770 864;A01;1;7;17;0;1;1;1;
37267;202200024250;770 862;A01;3;7;0;2;2;1;1;
37268;202200024250;770 863;B01;3;2;0;2;1;1;1;
37269;202200024251;770 860;B01;2;7;0;2;1;1;1;
37270;202200024251;770 861;A01;1;2;0;2;1;13;1;
37271;202200024252;770 858;B01;2;32;0;2;1;1;1;
37272;202200024252;770 859;A01;1;7;0;2;8;19;1;
37273;202200024253;770 857;A01;1;7;8;0;1;1;1;
37274;202200024254;770 855;B01;1;7;0;2;3;9;2;
37275;202200024254;770 856;A01;2;1;0;0;4;1;5;
37276;202200024255;770 854;A01;1;7;13;0;2;1;2;
37277;202200024256;770 853;A01;2;7;12;0;9;1;1;
37278;202200024257;770 852;A01;3;7;6;1;5;4;1;
37279;202200024258;770 851;A01;1;7;8;0;1;1;1;
37280;202200024259;770 848;B01;2;7;0;2;1;1;1;
37281;202200024259;770 849;A01;1;7;0;2;1;13;1;
37282;202200024260;770 847;B01;2;7;0;2;1;1;1;
37283;202200024260;770 850;A01;1;7;0;2;1;13;1;
37284;202200024261;770 845;B01;3;1;0;2;8;19;5;
37285;202200024261;770 846;A01;2;7;0;2;1;1;1;
37286;202200024262;770 844;A01;2;7;8;0;4;1;1;
37287;202200024263;770 839;D01;2;7;0;2;4;2;1;
37288;202200024263;770 840;C01;2;7;0;2;4;9;1;
37289;202200024263;770 841;B01;2;10;0;2;4;2;1;
37290;202200024263;770 843;A01;2;14;0;2;1;2;1;
37291;202200024264;770 838;A01;1;7;0;2;8;15;1;
37292;202200024264;770 842;B01;1;7;0;2;1;1;1;
37293;202200024265;770 836;A01;2;7;0;2;1;2;1;
37294;202200024265;770 837;B01;2;17;0;2;4;2;1;
37295;202200024266;770 835;A01;2;21;2;0;1;2;1;
37296;202200024269;770 830;B01;2;10;0;2;5;23;1;
37297;202200024269;770 831;A01;2;7;0;2;3;21;1;
37298;202200024270;770 829;A01;1;33;0;0;0;1;1;
37299;202200024271;770 827;B01;2;34;0;2;8;3;1;
37300;202200024271;770 828;A01;2;7;0;2;5;14;1;
37301;202200024272;770 826;A01;1;33;0;5;3;1;1;
37302;202200024273;770 821;A01;2;7;0;2;1;1;1;
37303;202200024273;770 823;B01;2;10;0;2;4;23;1;
37304;202200024273;770 824;C01;2;10;0;2;4;23;1;
37305;202200024273;770 825;D01;2;7;0;2;4;23;1;
37306;202200024274;770 820;B01;1;7;0;2;1;13;1;
37307;202200024274;770 822;A01;2;7;0;2;1;1;1;
37308;202200024275;770 819;A01;1;7;0;1;2;15;1;
37309;202200024276;770 817;B01;0;80;0;2;1;1;3;
37310;202200024276;770 818;A01;0;3;0;2;3;9;1;
37311;202200024277;770 816;A01;2;7;0;1;1;16;1;
37312;202200024279;770 812;A01;1;10;0;2;3;15;1;
37313;202200024279;770 814;B01;1;30;0;2;7;15;1;
37314;202200024280;770 811;A01;1;7;1;0;7;14;1;
37315;202200024281;770 808;A01;1;7;0;0;0;13;1;
37316;202200024282;770 802;B01;3;7;0;2;2;15;1;
37317;202200024282;770 804;A01;3;30;0;2;1;1;1;
37318;202200024283;770 801;A01;1;7;0;2;3;2;1;
37319;202200024283;770 803;B01;1;7;0;2;9;15;1;
37320;202200024283;770 805;C01;2;7;0;2;3;1;1;
37321;202200024285;770 799;A01;1;7;13;0;1;1;1;
37322;202200024286;770 797;B01;2;50;0;2;3;7;3;
37323;202200024286;770 798;A01;2;7;12;2;7;16;1;
37324;202200024287;770 796;A01;2;7;2;0;1;13;1;
37325;202200024288;770 795;A01;3;7;0;1;1;1;1;
37326;202200024289;770 792;B01;3;7;0;0;6;19;1;
37327;202200024289;770 794;A01;2;33;0;2;1;1;1;
37328;202200024290;770 790;C01;2;7;0;2;4;23;1;
37329;202200024290;770 791;B01;2;7;0;2;4;23;1;
37330;202200024290;770 793;A01;2;7;0;2;1;2;1;
37331;202200024291;770 789;A01;1;17;0;0;2;1;1;
37332;202200024292;770 788;A01;2;37;2;0;5;15;1;2.0
37333;202200024293;770 787;A01;2;7;0;1;1;1;1;
37334;202200024294;770 786;A01;3;7;13;0;8;0;1;
37335;202200024295;770 784;A01;1;3;0;1;1;15;3;
37336;202200024296;770 782;A01;1;7;0;0;4;2;1;
37337;202200024296;770 783;B01;1;33;0;2;4;2;1;
37338;202200024296;770 785;C01;2;7;0;9;3;5;1;
37339;202200024297;770 778;C01;2;7;0;2;4;1;1;
37340;202200024297;770 780;B01;3;7;0;2;4;2;1;
37341;202200024297;770 781;A01;3;7;0;2;1;1;0;
37342;202200024298;770 776;C01;2;7;0;2;1;1;1;
37343;202200024298;770 777;A01;1;7;0;2;3;13;3;
37344;202200024298;770 779;B01;2;3;0;2;1;1;1;
37345;202200024299;770 775;A01;3;7;0;1;1;1;1;
37346;202200024300;770 772;A01;2;2;1;2;1;17;1;
37347;202200024300;770 774;B01;1;7;0;0;3;15;1;
37348;202200024302;770 770;A01;1;10;6;0;1;19;1;
37349;202200024303;770 768;A01;3;7;0;2;1;9;1;
37350;202200024303;770 769;B01;2;30;0;2;1;1;1;
37351;202200024304;770 767;A01;2;7;6;0;7;1;1;
37352;202200024305;770 766;A01;1;7;0;1;1;1;3;
37353;202200024307;770 761;A01;1;15;0;2;6;21;1;
37354;202200024307;770 762;B01;2;7;0;2;1;1;1;
37355;202200024308;770 763;A01;2;10;0;2;2;1;1;
37356;202200024308;770 765;B01;2;33;0;2;4;15;1;
37357;202200024309;770 759;A01;2;17;0;2;1;5;1;
37358;202200024309;770 760;B01;1;10;0;2;1;1;1;
37359;202200024310;770 758;A01;2;7;2;0;1;13;1;
37360;202200024311;770 755;A01;2;7;2;0;9;1;1;
37361;202200024312;770 753;A01;2;10;0;2;1;13;1;
37362;202200024312;770 754;B01;2;7;0;2;6;1;1;
37363;202200024312;770 756;C01;1;7;0;2;1;1;1;
37364;202200024312;770 757;D01;1;7;0;2;4;1;-1;
37365;202200024313;770 751;B01;1;2;0;9;1;1;1;
37366;202200024313;770 752;A01;2;1;0;2;2;15;5;
37367;202200024314;770 750;A01;1;7;0;1;1;26;1;
37368;202200024315;770 749;A01;3;7;0;0;0;0;1;
37369;202200024316;770 748;A01;3;10;0;1;0;1;1;
37370;202200024317;770 746;A01;2;7;0;2;7;1;1;
37371;202200024317;770 747;B01;2;1;0;2;4;15;5;
37372;202200024318;770 744;Z01;0;7;0;2;1;1;0;
37373;202200024318;770 745;A01;0;7;0;2;4;1;1;
37374;202200024319;770 741;B01;1;7;0;2;4;2;1;
37375;202200024319;770 742;A01;1;7;0;2;1;2;1;
37376;202200024320;770 738;A01;1;2;0;0;1;1;1;
37377;202200024321;770 737;B01;1;7;0;2;3;21;1;
37378;202200024321;770 739;A01;2;7;0;2;3;13;1;
37379;202200024322;770 734;A01;2;1;0;2;1;13;5;
37380;202200024322;770 736;B01;1;10;0;2;1;14;0;
37381;202200024323;770 735;A01;2;7;15;0;9;1;1;
37382;202200024324;770 732;A01;3;7;0;1;2;1;1;
37383;202200024325;770 731;A01;1;14;0;2;8;1;1;
37384;202200024325;770 733;B01;2;7;0;2;1;1;1;
37385;202200024326;770 729;B01;3;2;0;2;1;1;1;
37386;202200024326;770 730;A01;3;7;0;2;8;15;1;
37387;202200024327;770 727;B01;1;7;0;2;4;1;1;
37388;202200024327;770 728;A01;1;7;0;2;2;1;1;
37389;202200024328;770 724;A01;1;38;0;1;1;2;1;1.0
37390;202200024329;770 725;B01;1;7;0;2;4;1;1;
37391;202200024329;770 726;A01;1;7;0;2;1;2;1;
37392;202200024330;770 722;A01;2;7;6;0;1;3;1;
37393;202200024331;770 721;A01;1;7;0;2;1;9;1;
37394;202200024331;770 723;B01;1;30;0;2;2;1;1;
37395;202200024332;770 720;A01;3;7;0;1;1;1;1;
37396;202200024333;770 719;A01;1;7;0;1;1;1;1;
37397;202200024334;770 717;A01;2;10;0;2;2;2;1;
37398;202200024334;770 718;B01;2;1;0;2;8;2;5;
37399;202200024335;770 716;A01;2;33;2;0;0;0;1;
37400;202200024336;770 715;A01;0;7;13;0;1;13;1;
37401;202200024337;770 714;A01;3;7;15;0;1;5;1;
37402;202200024338;770 713;A01;1;7;0;1;1;1;1;
37403;202200024339;770 711;A01;2;7;0;2;2;2;1;
37404;202200024339;770 712;B01;1;50;0;0;0;2;3;
37405;202200024341;770 707;A01;2;2;0;5;1;1;1;
37406;202200024342;770 706;A01;2;7;0;1;1;0;1;
37407;202200024344;770 704;A01;2;7;2;0;3;21;1;
37408;202200024345;770 700;A01;3;21;0;0;0;1;1;
37409;202200024346;770 696;B01;1;7;0;2;3;1;1;
37410;202200024346;770 698;A01;2;10;0;2;3;13;1;
37411;202200024349;770 691;A01;0;2;14;0;1;2;1;
37412;202200024350;770 689;B01;1;13;1;2;1;1;1;
37413;202200024350;770 690;A01;1;13;0;2;4;0;1;
37414;202200024354;770 684;A01;3;7;2;0;2;1;1;
37415;202200024355;770 682;A01;2;7;2;0;1;1;1;
37416;202200024356;770 680;A01;3;1;0;0;0;1;5;
37417;202200024357;770 679;B01;1;7;0;0;5;1;1;
37418;202200024357;770 681;A01;1;32;0;2;1;1;1;
37419;202200024358;770 676;B01;1;10;0;2;1;1;1;
37420;202200024358;770 677;A01;2;7;0;2;1;5;1;
37421;202200024359;770 673;C01;2;7;0;2;1;1;1;
37422;202200024359;770 674;B01;2;10;0;2;2;1;0;
37423;202200024359;770 675;A01;1;7;0;2;3;13;1;
37424;202200024360;770 670;B01;1;7;0;2;2;1;0;
37425;202200024360;770 671;A01;2;32;0;2;1;13;1;
37426;202200024361;770 672;A01;1;10;0;2;1;1;1;
37427;202200024361;770 678;B01;1;7;0;2;4;1;1;
37428;202200024361;770 683;C01;1;7;0;2;4;1;1;
37429;202200024361;770 685;D01;1;7;0;2;4;1;1;
37430;202200024363;770 667;A01;2;7;0;2;3;13;1;
37431;202200024363;770 669;B01;1;7;0;2;1;1;1;
37432;202200024364;770 666;A01;1;2;0;0;0;0;1;
37433;202200024365;770 664;A01;2;33;0;2;1;21;1;
37434;202200024365;770 665;B01;2;7;0;0;0;1;1;
37435;202200024366;770 663;A01;1;2;1;0;1;1;1;
37436;202200024367;770 659;A01;1;7;0;2;3;13;1;
37437;202200024367;770 661;B01;2;7;0;2;3;1;1;
37438;202200024367;770 662;C01;2;7;0;2;3;1;1;
37439;202200024368;770 660;A01;2;7;3;0;7;16;1;
37440;202200024369;770 656;B01;2;7;0;2;1;1;1;
37441;202200024369;770 658;A01;1;7;0;2;7;13;1;
37442;202200024370;770 655;A01;2;7;0;2;1;13;1;
37443;202200024370;770 657;B01;1;7;0;2;1;21;1;
37444;202200024371;770 652;B01;2;15;0;2;1;14;1;
37445;202200024371;770 653;A01;1;7;0;2;1;13;1;
37446;202200024372;770 651;B01;1;7;0;2;1;1;2;
37447;202200024372;770 654;A01;2;7;0;2;8;15;1;
37448;202200024373;770 649;A01;2;7;8;0;3;2;1;
37449;202200024374;770 648;A01;0;33;16;0;1;0;1;
37450;202200024375;770 646;A01;1;10;0;2;1;1;1;
37451;202200024375;770 650;B01;1;10;0;2;4;2;1;
37452;202200024376;770 642;A01;1;7;1;0;2;2;1;
37453;202200024377;770 643;B01;1;7;0;2;4;15;1;
37454;202200024377;770 644;A01;1;7;0;2;1;1;1;
37455;202200024378;770 638;A01;1;7;0;0;4;15;1;
37456;202200024378;770 640;B01;2;1;0;0;3;21;5;
37457;202200024381;770 634;A01;1;7;0;0;3;1;2;
37458;202200024381;770 636;B01;1;2;0;0;7;12;1;
37459;202200024382;770 633;A01;1;1;0;0;1;1;5;
37460;202200024383;770 635;B01;2;7;0;2;7;1;2;
37461;202200024383;770 641;A01;2;32;0;2;8;17;1;
37462;202200024384;770 632;A01;1;10;2;0;1;1;0;
37463;202200024385;770 631;A01;1;7;2;0;1;17;1;
37464;202200024386;770 629;A01;1;7;2;0;1;13;1;
37465;202200024388;770 625;A01;2;32;7;0;1;14;1;
37466;202200024389;770 624;B01;1;10;0;2;3;1;1;
37467;202200024389;770 626;A01;2;1;0;2;8;1;5;
37468;202200024390;770 622;A01;2;34;2;0;1;13;1;
37469;202200024391;770 621;A01;1;7;2;0;0;1;1;
37470;202200024392;770 619;B01;1;7;0;0;6;2;1;
37471;202200024392;770 620;A01;1;33;0;2;1;2;1;
37472;202200024393;770 623;A01;1;7;0;2;1;12;1;
37473;202200024393;770 627;B01;1;43;0;2;7;3;1;
37474;202200024394;770 617;A01;1;7;0;2;3;15;1;
37475;202200024394;770 618;B01;1;7;0;2;7;17;1;
37476;202200024395;770 615;B01;1;7;0;2;8;1;1;
37477;202200024395;770 616;A01;2;33;0;2;9;17;1;
37478;202200024396;770 612;A01;1;33;13;0;1;16;1;
37479;202200024397;770 613;A01;1;7;0;0;7;15;1;
37480;202200024397;770 614;B01;2;2;0;2;1;1;1;
37481;202200024398;770 609;A01;3;2;1;0;7;1;1;
37482;202200024398;770 610;B01;3;7;0;2;1;26;2;
37483;202200024398;770 611;C01;3;7;0;2;1;26;1;
37484;202200024399;770 608;A01;1;7;0;0;0;1;1;
37485;202200024400;770 604;A01;1;7;0;2;3;10;1;
37486;202200024400;770 606;B01;2;33;0;2;2;17;1;
37487;202200024401;770 605;B01;2;1;0;2;3;18;5;
37488;202200024401;770 607;A01;2;7;0;2;2;1;1;
37489;202200024403;770 600;A01;2;7;0;0;0;0;1;
37490;202200024404;770 598;A01;2;13;2;0;3;5;1;
37491;202200024405;770 599;A01;2;33;4;0;8;1;1;
37492;202200024407;770 594;A01;1;7;0;2;3;1;1;
37493;202200024407;770 595;B01;2;99;0;2;3;1;0;
37494;202200024408;770 590;A01;3;33;13;0;1;1;1;
37495;202200024409;770 587;A01;3;7;0;2;2;15;1;
37496;202200024409;770 589;B01;1;31;0;2;2;1;0;
37497;202200024410;770 586;B01;0;1;0;2;8;15;5;
37498;202200024410;770 588;A01;1;7;0;2;3;15;1;
37499;202200024411;770 591;A01;2;7;7;2;1;19;1;
37500;202200024411;770 592;B01;2;7;0;2;2;1;2;
37501;202200024411;770 597;C01;1;1;0;2;0;1;5;
37502;202200024412;770 584;A01;3;7;0;1;0;0;1;
37503;202200024413;770 583;A01;1;7;0;2;1;19;1;
37504;202200024413;770 585;B01;1;33;0;2;1;1;1;
37505;202200024414;770 581;A01;3;1;0;0;0;1;5;
37506;202200024416;770 579;B01;1;7;0;2;1;1;1;
37507;202200024416;770 582;A01;3;31;0;2;7;15;1;
37508;202200024417;770 577;A01;3;7;6;0;1;1;1;
37509;202200024418;770 576;A01;1;7;0;1;2;17;1;
37510;202200024419;770 572;A01;1;7;0;9;5;15;1;
37511;202200024419;770 574;B01;1;33;0;2;1;1;1;
37512;202200024420;770 575;A01;1;30;0;0;7;1;1;
37513;202200024421;770 571;A01;1;7;2;0;8;1;1;
37514;202200024422;770 570;A01;1;32;0;2;7;1;3;
37515;202200024422;770 573;B01;1;10;0;2;3;10;3;
37516;202200024423;770 569;A01;3;7;9;9;2;1;2;
37517;202200024424;770 566;A01;2;33;0;1;3;1;1;
37518;202200024425;770 564;A01;1;1;0;1;1;1;5;
37519;202200024427;770 558;A01;1;7;0;2;4;1;1;
37520;202200024427;770 560;Z01;1;10;0;2;1;0;0;
37521;202200024428;770 559;B01;1;50;0;2;7;19;3;
37522;202200024428;770 562;A01;1;7;0;2;2;1;1;
37523;202200024429;770 557;A01;1;7;0;2;1;15;1;
37524;202200024429;770 561;B01;2;31;0;2;1;1;1;
37525;202200024430;770 553;A01;1;7;0;2;1;3;1;
37526;202200024430;770 555;B01;1;7;0;2;4;1;1;
37527;202200024430;770 556;C01;1;7;0;2;4;1;1;
37528;202200024431;770 552;A01;2;7;0;2;5;23;1;
37529;202200024431;770 554;Z01;2;7;0;2;2;1;1;
37530;202200024432;770 549;A01;2;33;0;2;1;3;1;
37531;202200024432;770 551;B01;2;7;0;2;4;2;1;
37532;202200024433;770 545;B01;2;33;0;2;7;1;1;
37533;202200024433;770 546;Z01;2;7;0;2;0;0;1;
37534;202200024434;770 548;A01;2;7;0;2;2;19;1;
37535;202200024434;770 550;B01;1;2;0;2;3;19;1;
37536;202200024435;770 542;C01;0;10;0;2;3;24;1;
37537;202200024435;770 544;B01;0;7;0;2;6;15;1;
37538;202200024435;770 547;A01;0;7;0;2;1;17;1;
37539;202200024436;770 541;B01;1;7;0;2;7;1;1;
37540;202200024436;770 543;A01;1;7;4;2;1;17;1;
37541;202200024437;770 539;A01;1;7;4;0;3;1;1;
37542;202200024438;770 538;A01;1;10;0;2;1;13;1;
37543;202200024438;770 540;B01;2;14;0;2;3;1;1;
37544;202200024439;770 534;A01;2;7;13;0;1;1;0;
37545;202200024440;770 533;A01;1;33;0;0;7;1;1;
37546;202200024441;770 535;A01;0;7;9;0;1;1;1;
37547;202200024442;770 532;A01;1;7;0;2;7;1;1;
37548;202200024442;770 536;B01;1;7;0;2;3;1;1;
37549;202200024443;770 528;A01;1;7;6;0;1;17;1;
37550;202200024445;770 525;A01;1;7;0;2;1;1;1;
37551;202200024445;770 530;B01;1;7;0;2;4;23;1;
37552;202200024447;770 523;A01;2;7;2;0;3;1;1;
37553;202200024448;770 521;A01;1;7;4;0;1;1;1;
37554;202200024449;770 519;A01;1;7;0;2;7;15;0;
37555;202200024449;770 522;B01;2;7;0;2;3;16;1;
37556;202200024450;770 517;B01;1;7;8;0;2;15;1;
37557;202200024450;770 518;A01;2;10;8;0;1;1;0;
37558;202200024451;770 516;A01;0;7;0;1;4;4;1;
37559;202200024452;770 512;A01;1;43;0;2;8;3;1;
37560;202200024452;770 515;B01;1;7;0;2;7;12;1;
37561;202200024454;770 511;A01;0;7;0;1;3;1;1;
37562;202200024455;770 509;A01;1;7;0;2;3;23;1;
37563;202200024455;770 514;B01;2;32;0;2;3;21;1;
37564;202200024456;770 507;A01;3;30;15;0;1;5;1;
37565;202200024457;770 506;A01;3;32;7;0;1;1;1;
37566;202200024458;770 504;A01;0;32;1;0;1;0;1;
37567;202200024459;770 502;A01;1;32;0;0;0;26;1;
37568;202200024460;770 501;D01;1;7;0;2;4;1;1;
37569;202200024460;770 503;C01;1;7;0;2;4;1;1;
37570;202200024460;770 505;B01;1;7;0;2;4;1;1;