;Num_Acc;id_vehicule;num_veh;senc;catv;obs;obsm;choc;manv;motor;occutc
37571;202200024460;770 508;A01;1;7;0;2;1;1;1;
37572;202200024461;770 500;A01;2;7;13;0;1;1;1;
37573;202200024462;770 497;B01;1;7;0;2;3;1;1;
37574;202200024462;770 499;A01;1;33;0;2;0;1;1;
37575;202200024464;770 495;A01;1;7;2;0;3;1;1;
37576;202200024465;770 492;A01;0;7;0;0;1;1;1;
37577;202200024465;770 494;B01;0;7;0;0;8;1;1;
37578;202200024466;770 490;A01;3;7;0;2;6;9;1;
37579;202200024466;770 493;B01;3;7;0;2;1;1;1;
37580;202200024467;770 489;Z01;2;32;0;2;3;15;0;
37581;202200024467;770 491;B01;1;31;0;2;1;1;1;
37582;202200024468;770 487;A01;1;7;13;0;3;1;1;
37583;202200024469;770 482;A01;1;30;0;2;2;12;1;
37584;202200024469;770 485;B01;1;7;0;2;6;0;0;
37585;202200024470;770 484;C01;1;7;0;2;4;1;1;
37586;202200024470;770 486;B01;1;7;0;2;9;1;1;
37587;202200024470;770 488;A01;1;7;0;2;1;1;1;
37588;202200024471;770 480;A01;2;80;0;0;7;1;3;
37589;202200024472;770 481;A01;1;7;0;2;3;15;0;
37590;202200024472;770 483;B01;1;33;0;2;1;1;0;
37591;202200024473;770 478;B01;1;30;0;2;4;2;1;
37592;202200024473;770 479;A01;1;7;0;2;1;1;1;
37593;202200024474;770 475;A01;1;30;0;0;0;21;1;
37594;202200024475;770 473;A01;3;7;13;0;3;26;1;
37595;202200024476;770 474;B01;1;7;0;2;3;1;1;
37596;202200024476;770 477;A01;1;7;3;2;1;14;1;
37597;202200024477;770 472;A01;2;1;0;0;9;1;5;
37598;202200024478;770 470;A01;1;7;0;1;8;1;2;
37599;202200024479;770 468;A01;1;7;0;2;3;15;1;
37600;202200024479;770 471;B01;2;33;0;2;8;1;1;
37601;202200024480;770 465;A01;1;7;0;2;1;1;1;
37602;202200024480;770 469;B01;1;7;0;2;4;1;1;
37603;202200024481;770 466;A01;2;7;0;2;2;26;1;
37604;202200024481;770 467;B01;2;33;0;2;8;1;1;
37605;202200024482;770 462;C01;2;10;1;0;6;0;1;
37606;202200024482;770 463;B01;2;7;1;2;3;5;1;
37607;202200024482;770 464;A01;1;10;0;2;2;1;1;
37608;202200024483;770 456;B01;1;10;0;2;1;1;1;
37609;202200024483;770 460;A01;1;7;0;2;4;26;1;
37610;202200024484;770 459;B01;1;33;0;2;1;1;1;
37611;202200024484;770 461;A01;1;7;0;2;4;2;1;
37612;202200024485;770 458;A01;0;7;2;0;2;0;1;
37613;202200024486;770 455;B01;1;14;1;0;0;24;1;
37614;202200024486;770 457;A01;1;7;14;0;1;2;1;
37615;202200024488;770 451;A01;2;7;0;2;1;13;1;
37616;202200024488;770 454;B01;1;14;0;2;3;1;1;
37617;202200024489;770 449;A01;1;7;0;2;1;1;1;
37618;202200024489;770 453;B01;1;7;0;2;4;1;1;
37619;202200024491;770 441;B01;2;30;0;2;1;0;1;
37620;202200024491;770 445;A01;1;36;0;2;1;0;1;
37621;202200024492;770 440;A01;2;7;0;2;6;11;1;
37622;202200024492;770 442;B01;2;15;0;2;2;1;1;
37623;202200024492;770 444;C01;2;7;0;2;2;1;1;
37624;202200024493;770 439;A01;1;7;0;2;1;1;1;
37625;202200024493;770 446;B01;2;7;0;2;8;19;1;
37626;202200024494;770 436;A01;2;7;6;0;1;0;1;
37627;202200024495;770 435;A01;2;10;0;2;0;17;1;
37628;202200024495;770 437;B01;2;7;0;2;1;2;1;
37629;202200024495;770 438;C01;2;7;0;2;0;2;1;
37630;202200024496;770 432;A01;3;7;13;0;1;1;1;
37631;202200024497;770 429;A01;1;7;13;0;9;1;1;
37632;202200024498;770 428;A01;2;31;14;0;7;1;1;
37633;202200024498;770 431;B01;1;7;0;0;0;23;1;
37634;202200024499;770 425;A01;2;36;0;0;0;1;1;
37635;202200024500;770 426;A01;1;10;0;2;4;2;1;
37636;202200024500;770 427;B01;1;10;0;2;1;1;1;
37637;202200024500;770 430;C01;1;10;0;2;7;12;1;
37638;202200024500;770 433;D01;1;32;0;2;1;3;3;
37639;202200024500;770 434;E01;1;7;0;2;8;1;1;
37640;202200024501;770 424;A01;2;10;2;0;9;13;1;
37641;202200024502;770 422;A01;3;7;0;1;1;15;0;
37642;202200024503;770 423;A01;1;32;0;1;1;18;1;
37643;202200024504;770 420;A01;1;7;2;0;3;13;1;
37644;202200024505;770 419;A01;2;10;0;2;3;2;1;
37645;202200024505;770 421;B01;2;7;0;2;5;2;1;
37646;202200024506;770 412;B01;0;7;0;2;3;13;1;
37647;202200024506;770 416;A01;0;2;0;2;1;1;1;
37648;202200024507;770 413;B01;2;31;0;2;0;1;1;
37649;202200024507;770 418;A01;2;7;0;2;2;12;1;
37650;202200024508;770 414;B01;3;7;0;2;1;1;1;
37651;202200024508;770 417;A01;3;7;0;2;1;5;1;
37652;202200024509;770 410;A01;3;1;0;0;8;1;5;
37653;202200024510;770 408;B01;2;13;0;2;1;1;1;
37654;202200024510;770 411;A01;1;7;3;2;1;13;1;
37655;202200024511;770 406;A01;1;10;0;2;1;13;1;
37656;202200024511;770 407;B01;2;15;0;2;3;1;1;
37657;202200024512;770 404;A01;1;7;0;0;0;1;0;
37658;202200024513;770 405;A01;1;7;0;2;1;2;1;
37659;202200024513;770 409;B01;1;7;0;2;4;2;1;
37660;202200024514;770 401;A01;1;2;12;0;1;1;1;
37661;202200024516;770 400;A01;2;7;13;0;1;1;1;
37662;202200024517;770 397;A01;2;7;2;0;1;13;1;
37663;202200024518;770 398;A01;2;7;0;0;3;15;1;
37664;202200024518;770 402;B01;1;33;0;2;1;1;1;
37665;202200024519;770 392;B01;3;7;0;2;3;1;1;
37666;202200024519;770 394;A01;3;33;0;2;1;15;1;
37667;202200024520;770 390;B01;2;7;0;0;1;21;1;
37668;202200024520;770 391;A01;1;33;0;2;0;1;1;
37669;202200024521;770 393;A01;2;7;0;1;2;1;1;
37670;202200024522;770 388;A01;2;33;0;2;1;17;1;
37671;202200024522;770 389;B01;0;7;0;2;1;1;1;
37672;202200024523;770 387;A01;0;33;14;0;0;1;1;
37673;202200024524;770 384;A01;1;10;7;0;1;1;6;
37674;202200024525;770 385;A01;1;7;0;1;3;1;1;
37675;202200024526;770 383;A01;2;7;0;2;8;1;1;
37676;202200024526;770 386;B01;1;7;0;2;1;1;1;
37677;202200024527;770 382;A01;0;2;1;0;0;26;1;
37678;202200024528;770 378;B01;3;40;0;2;6;1;3;
37679;202200024528;770 380;A01;3;7;0;4;1;13;1;
37680;202200024529;770 379;A01;3;7;0;1;1;1;1;
37681;202200024531;770 375;A01;2;7;0;0;0;2;1;
37682;202200024532;770 372;A01;1;7;0;2;5;15;1;
37683;202200024532;770 374;B01;2;33;0;2;1;1;1;
37684;202200024533;770 371;B01;0;32;0;2;1;0;1;
37685;202200024533;770 373;A01;3;7;0;2;3;15;1;
37686;202200024534;770 369;A01;1;99;1;0;1;18;1;
37687;202200024535;770 367;A01;1;32;0;2;4;1;1;
37688;202200024535;770 368;B01;1;2;0;2;1;1;1;
37689;202200024536;770 370;A01;3;7;0;1;1;1;1;
37690;202200024537;770 365;B01;1;7;0;2;3;9;1;
37691;202200024537;770 366;A01;2;2;0;2;5;1;3;
37692;202200024538;770 363;B01;2;7;0;2;2;15;1;
37693;202200024538;770 364;A01;1;33;0;2;1;1;1;
37694;202200024540;770 362;A01;1;7;0;1;1;1;1;
37695;202200024541;770 357;A01;1;10;11;0;3;13;1;
37696;202200024542;770 354;A01;1;31;0;0;1;1;1;
37697;202200024543;770 353;A01;0;7;3;0;1;1;1;
37698;202200024544;770 355;A01;2;7;0;2;1;1;1;
37699;202200024545;770 351;A01;0;7;0;1;1;1;1;
37700;202200024547;770 346;A01;2;7;0;2;1;2;1;
37701;202200024547;770 349;B01;2;15;0;0;4;2;1;
37702;202200024548;770 345;Z01;1;7;0;2;2;17;0;
37703;202200024548;770 347;A01;2;30;0;2;3;15;1;
37704;202200024549;770 344;B01;2;7;0;2;1;1;1;
37705;202200024549;770 348;A01;2;7;0;2;5;1;2;
37706;202200024550;770 341;A01;1;7;0;2;3;2;1;
37707;202200024550;770 343;B01;1;17;0;0;5;23;1;
37708;202200024551;770 340;B01;2;1;0;2;1;11;5;
37709;202200024551;770 342;A01;1;1;0;2;1;1;5;
37710;202200024552;770 337;A01;1;7;0;2;9;17;1;
37711;202200024552;770 339;B01;1;10;0;2;7;1;1;
37712;202200024553;770 336;B01;1;60;0;2;7;25;5;
37713;202200024553;770 338;A01;1;7;0;2;1;9;1;
37714;202200024554;770 332;A01;1;30;0;2;1;5;1;
37715;202200024554;770 334;B01;2;32;0;2;1;1;1;
37716;202200024555;770 331;B01;2;13;0;2;1;1;6;
37717;202200024555;770 333;A01;1;10;0;2;1;13;6;
37718;202200024556;770 327;A01;2;7;0;2;1;1;2;
37719;202200024556;770 329;B01;2;80;0;2;5;1;3;
37720;202200024557;770 326;A01;2;15;0;9;5;17;1;
37721;202200024557;770 328;B01;2;1;0;0;8;2;5;
37722;202200024558;770 330;A01;1;33;0;2;1;1;1;
37723;202200024558;770 335;B01;1;7;0;2;6;1;1;
37724;202200024559;770 325;A01;3;50;0;0;0;1;3;
37725;202200024560;770 324;A01;1;7;4;0;3;1;1;
37726;202200024561;770 322;A01;1;7;0;2;8;19;1;
37727;202200024561;770 323;B01;2;34;0;2;1;2;1;
37728;202200024562;770 319;A01;1;10;0;1;1;1;1;
37729;202200024563;770 315;A01;1;7;0;2;8;1;1;
37730;202200024563;770 317;B01;1;7;0;2;7;21;1;
37731;202200024563;770 320;C01;2;7;0;2;3;13;1;
37732;202200024563;770 321;D01;1;7;0;2;0;17;1;
37733;202200024564;770 314;A01;3;32;4;0;1;9;0;
37734;202200024565;770 312;B01;1;10;0;2;2;1;1;
37735;202200024565;770 313;A01;2;7;0;2;3;5;1;
37736;202200024566;770 311;A01;1;7;2;2;1;13;1;
37737;202200024567;770 308;B01;1;7;0;2;1;15;1;
37738;202200024567;770 310;A01;2;7;0;2;6;1;1;
37739;202200024568;770 307;B01;3;33;0;2;2;17;1;
37740;202200024568;770 309;A01;3;3;0;0;6;15;1;
37741;202200024569;770 305;A01;1;10;3;0;1;1;1;
37742;202200024570;770 304;A01;3;7;1;2;3;15;1;
37743;202200024570;770 306;B01;3;1;0;2;1;1;5;
37744;202200024572;770 297;D01;2;10;0;2;8;1;1;
37745;202200024572;770 299;C01;2;10;0;2;2;1;1;
37746;202200024572;770 300;B01;2;7;0;2;4;1;2;
37747;202200024572;770 303;A01;2;7;0;2;8;1;1;
37748;202200024573;770 295;B01;2;7;0;2;3;0;1;
37749;202200024573;770 298;A01;1;7;0;2;5;1;1;
37750;202200024574;770 296;A01;1;7;0;2;2;14;1;
37751;202200024574;770 302;B01;1;7;0;2;3;26;1;
37752;202200024575;770 293;A01;2;3;0;1;3;17;0;
37753;202200024576;770 294;C01;2;15;1;1;1;21;1;
37754;202200024577;770 290;A01;2;7;3;0;2;14;1;
37755;202200024578;770 289;A01;2;7;0;2;7;1;6;
37756;202200024578;770 291;B01;1;7;0;2;0;0;6;
37757;202200024579;770 287;A01;3;7;0;1;2;1;1;
37758;202200024580;770 286;A01;2;7;0;2;2;9;1;
37759;202200024580;770 292;B01;1;1;0;2;4;1;5;
37760;202200024581;770 283;A01;1;7;0;2;2;2;1;
37761;202200024581;770 285;B01;1;10;0;0;3;2;1;
37762;202200024581;770 288;C01;1;7;0;0;4;1;1;
37763;202200024582;770 279;B01;0;7;0;2;7;1;1;
37764;202200024582;770 281;A01;0;7;0;2;1;15;1;
37765;202200024584;770 276;A01;3;1;0;2;1;1;5;
37766;202200024584;770 277;B01;3;7;0;2;5;1;1;
37767;202200024585;770 275;A01;2;7;0;1;3;1;1;
37768;202200024586;770 274;A01;2;7;0;1;2;1;1;
37769;202200024587;770 273;A01;2;33;12;0;2;14;1;
37770;202200024588;770 271;A01;3;60;0;0;1;1;5;
37771;202200024589;770 272;A01;2;7;8;0;1;14;1;
37772;202200024590;770 267;A01;1;7;0;2;3;11;1;
37773;202200024590;770 269;B01;2;33;0;2;1;1;1;
37774;202200024591;770 268;A01;1;7;2;0;3;1;1;
37775;202200024592;770 270;A01;1;33;0;0;8;13;1;
37776;202200024593;770 263;B01;0;7;0;2;4;1;1;
37777;202200024593;770 266;A01;0;10;0;2;1;1;1;
37778;202200024594;770 262;A01;1;33;0;2;1;1;1;
37779;202200024594;770 265;B01;2;7;0;2;2;19;1;
37780;202200024595;770 264;A01;3;7;0;1;2;26;1;
37781;202200024596;770 261;A01;2;33;0;0;0;1;1;
37782;202200024597;770 258;B01;3;7;0;0;8;0;1;
37783;202200024597;770 259;C01;3;33;0;0;0;1;1;
37784;202200024597;770 260;A01;3;33;0;2;8;1;1;
37785;202200024598;770 257;A01;1;7;4;0;2;0;1;
37786;202200024599;770 252;B01;2;10;0;2;1;1;1;
37787;202200024599;770 254;A01;1;10;0;2;1;13;1;
37788;202200024601;770 249;A01;2;7;13;0;3;13;1;
37789;202200024603;770 247;A01;2;7;0;1;1;1;1;
37790;202200024604;770 246;A01;0;7;0;2;5;17;1;
37791;202200024604;770 248;B01;0;1;0;2;3;0;5;
37792;202200024605;770 243;B01;3;7;0;2;7;19;1;
37793;202200024605;770 245;A01;0;33;0;2;1;17;1;
37794;202200024606;770 241;A01;1;7;0;2;1;1;1;
37795;202200024606;770 244;B01;1;7;0;2;4;1;1;
37796;202200024607;770 239;C01;2;7;0;2;3;1;1;
37797;202200024607;770 240;A01;2;7;0;2;3;1;1;
37798;202200024607;770 242;B01;1;7;0;2;3;0;1;
37799;202200024608;770 238;A01;2;7;0;1;2;1;2;
37800;202200024609;770 234;B01;2;33;0;2;1;13;1;
37801;202200024609;770 236;A01;1;7;0;2;3;1;1;
37802;202200024610;770 235;A01;1;2;0;2;1;1;1;
37803;202200024610;770 237;B01;2;7;0;2;3;15;1;
37804;202200024612;770 231;A01;1;7;0;1;1;1;1;
37805;202200024614;770 225;B01;1;7;0;0;4;1;1;
37806;202200024614;770 228;A01;1;7;0;2;1;1;1;
37807;202200024615;770 226;B01;2;7;0;2;3;1;1;
37808;202200024615;770 227;A01;1;33;0;2;1;5;1;
37809;202200024616;770 221;A01;1;7;0;2;3;1;1;
37810;202200024616;770 223;B01;2;7;0;0;3;1;1;
37811;202200024618;770 220;A01;2;7;0;2;2;15;1;
37812;202200024618;770 224;B01;2;7;0;2;1;1;1;
37813;202200024619;770 218;A01;1;10;0;9;2;17;1;
37814;202200024619;770 219;B01;1;1;0;2;3;15;5;
37815;202200024620;770 217;A01;1;7;13;0;2;14;1;
37816;202200024621;770 215;A01;1;33;3;0;7;1;1;
37817;202200024622;770 216;A01;2;7;0;1;3;1;1;
37818;202200024623;770 214;A01;1;33;0;0;9;21;1;
37819;202200024625;770 209;A01;2;7;0;2;7;1;1;
37820;202200024625;770 212;B01;2;34;0;2;0;0;1;
37821;202200024626;770 207;B01;0;7;0;2;7;16;1;
37822;202200024626;770 208;A01;0;13;0;2;3;2;1;
37823;202200024627;770 206;A01;2;33;13;0;7;1;1;
37824;202200024628;770 204;A01;3;7;9;0;1;1;1;
37825;202200024629;770 203;A01;2;7;0;2;1;1;1;
37826;202200024629;770 205;B01;1;3;0;2;2;0;1;
37827;202200024630;770 201;A01;3;33;0;2;6;21;1;
37828;202200024630;770 202;B01;3;7;0;2;3;23;1;
37829;202200024631;770 199;B01;1;13;0;2;1;1;1;
37830;202200024631;770 200;A01;2;7;0;2;2;15;1;
37831;202200024632;770 193;B01;2;7;0;2;8;19;1;
37832;202200024632;770 197;A01;1;7;0;2;1;1;1;
37833;202200024633;770 195;B01;1;7;13;2;3;1;1;
37834;202200024633;770 196;A01;2;2;0;2;1;17;1;
37835;202200024634;770 186;B01;2;7;0;2;1;1;1;
37836;202200024634;770 190;A01;0;7;0;2;3;19;1;
37837;202200024636;770 187;B01;1;7;0;2;1;21;1;
37838;202200024636;770 189;A01;2;35;0;2;2;5;1;
37839;202200024637;770 181;B01;1;10;0;2;4;26;1;
37840;202200024637;770 184;A01;1;7;0;2;1;1;1;
37841;202200024638;770 179;A01;3;2;12;0;1;1;1;
37842;202200024639;770 180;B01;2;1;0;2;8;1;5;
37843;202200024639;770 183;A01;0;7;0;2;1;19;1;
37844;202200024640;770 177;A01;2;7;0;2;8;13;1;
37845;202200024640;770 178;B01;1;33;0;2;8;21;1;
37846;202200024641;770 176;A01;1;7;0;1;1;1;1;
37847;202200024642;770 175;A01;1;7;0;0;1;1;1;
37848;202200024643;770 173;B01;3;1;0;2;1;1;5;
37849;202200024643;770 174;A01;3;10;0;2;2;1;1;
37850;202200024644;770 168;C01;1;7;0;2;3;21;1;
37851;202200024644;770 171;B01;1;7;0;2;4;1;1;
37852;202200024644;770 172;A01;1;7;0;2;1;2;1;
37853;202200024645;770 169;A01;1;99;0;0;8;1;1;
37854;202200024646;770 167;A01;1;33;0;2;1;1;1;
37855;202200024646;770 170;B01;1;7;0;2;5;9;1;
37856;202200024647;770 165;A01;1;7;15;0;1;1;1;
37857;202200024648;770 162;A01;3;7;4;2;0;6;1;
37858;202200024648;770 164;B01;3;14;0;2;3;1;1;
37859;202200024649;770 160;A01;3;10;0;2;7;1;3;
37860;202200024649;770 161;B01;3;10;0;2;1;1;1;
37861;202200024650;770 158;A01;2;7;0;2;2;1;3;
37862;202200024650;770 159;B01;1;7;0;2;3;1;1;
37863;202200024651;770 163;A01;1;7;0;2;3;1;1;
37864;202200024651;770 166;B01;1;1;0;2;4;24;5;
37865;202200024653;770 155;A01;1;1;0;1;0;1;5;
37866;202200024654;770 153;A01;1;7;0;2;2;19;1;
37867;202200024654;770 154;B01;2;7;0;2;1;1;0;
37868;202200024655;770 151;A01;2;32;16;0;0;0;1;
37869;202200024656;770 156;A01;1;33;0;0;0;1;1;
37870;202200024658;770 149;A01;1;7;0;2;3;5;1;
37871;202200024658;770 152;B01;2;7;0;2;1;1;1;
37872;202200024659;770 145;B01;1;7;0;2;1;2;1;
37873;202200024659;770 146;A01;1;7;0;2;4;2;1;
37874;202200024660;770 143;A01;2;33;0;0;8;1;1;
37875;202200024661;770 141;B01;2;10;0;0;4;1;1;
37876;202200024661;770 142;A01;2;10;0;2;1;2;1;
37877;202200024662;770 136;B01;0;7;0;2;3;0;1;
37878;202200024662;770 138;A01;0;7;0;2;1;5;1;
37879;202200024663;770 135;A01;1;50;14;0;1;1;3;
37880;202200024664;770 134;A01;3;20;16;0;4;23;1;
37881;202200024665;770 133;A01;1;7;2;0;2;16;1;
37882;202200024666;770 132;A01;2;33;0;0;1;1;1;
37883;202200024667;770 130;A01;3;7;0;0;0;19;0;
37884;202200024668;770 128;B01;0;7;0;2;3;0;1;
37885;202200024668;770 129;A01;0;7;0;2;3;0;1;
37886;202200024669;770 127;A01;2;7;0;2;1;19;1;
37887;202200024669;770 131;B01;2;7;0;2;3;15;1;
37888;202200024670;770 124;A01;2;7;0;2;6;15;1;
37889;202200024670;770 126;B01;2;32;0;2;1;1;1;
37890;202200024671;770 123;A01;3;7;0;9;0;2;1;
37891;202200024671;770 125;B01;3;1;0;2;1;2;5;
37892;202200024672;770 122;A01;2;33;12;0;1;1;1;
37893;202200024673;770 120;A01;3;7;6;0;9;1;1;
37894;202200024674;770 121;A01;1;7;0;5;1;1;1;
37895;202200024675;770 116;A01;1;7;0;2;1;13;1;
37896;202200024675;770 118;B01;2;1;0;2;1;1;5;
37897;202200024676;770 117;B01;1;7;0;2;4;2;1;
37898;202200024676;770 119;A01;1;7;0;0;1;2;1;
37899;202200024677;770 113;A01;1;7;13;0;1;1;1;
37900;202200024678;770 112;C01;1;7;0;2;3;23;1;
37901;202200024678;770 114;B01;1;33;0;2;8;3;1;
37902;202200024678;770 115;A01;1;10;0;2;2;23;1;
37903;202200024679;770 111;A01;2;7;0;1;3;1;0;
37904;202200024681;770 106;B01;2;1;0;2;7;15;6;
37905;202200024681;770 109;A01;2;7;0;2;3;9;1;
37906;202200024682;770 105;A01;3;7;0;0;6;2;1;
37907;202200024682;770 107;B01;0;33;0;2;1;1;1;
37908;202200024683;770 103;B01;2;1;0;2;1;1;5;
37909;202200024683;770 104;A01;1;7;0;2;2;15;1;
37910;202200024684;770 101;A01;3;7;0;2;2;1;1;
37911;202200024684;770 102;B01;0;50;0;2;1;19;3;
37912;202200024685;770 100;A01;2;7;8;0;2;0;1;
37913;202200024686;770 098;A01;1;7;1;0;4;24;1;
37914;202200024686;770 099;B01;2;10;0;0;4;24;1;
37915;202200024687;770 095;B01;2;17;0;2;1;26;1;
37916;202200024687;770 097;A01;1;7;0;2;1;13;1;
37917;202200024688;770 093;B01;3;1;0;2;0;0;5;
37918;202200024688;770 096;A01;3;7;0;9;2;2;1;
37919;202200024691;770 089;A01;1;7;0;2;8;26;1;
37920;202200024691;770 091;B01;1;33;0;2;2;1;1;
37921;202200024692;770 086;A01;2;7;0;2;3;15;1;
37922;202200024692;770 087;B01;2;2;0;2;1;1;1;
37923;202200024694;770 081;B01;3;10;0;2;1;1;1;
37924;202200024694;770 083;A01;3;7;0;2;1;1;1;
37925;202200024695;770 082;A01;2;7;0;1;4;20;1;
37926;202200024696;770 084;B01;2;7;0;2;1;1;1;
37927;202200024696;770 088;A01;0;2;0;2;8;9;1;
37928;202200024698;770 077;A01;2;30;0;2;7;17;1;
37929;202200024698;770 079;B01;2;7;0;2;8;15;0;
37930;202200024700;770 074;A01;1;7;16;0;0;21;1;
37931;202200024701;770 071;B01;1;2;0;2;7;1;1;
37932;202200024701;770 073;A01;3;7;0;2;3;9;1;
37933;202200024702;770 072;JA01;1;7;0;1;1;0;0;
37934;202200024703;770 070;A01;1;33;6;0;1;1;1;
37935;202200024704;770 066;B01;1;7;0;2;0;0;1;
37936;202200024704;770 069;A01;1;7;0;2;1;21;1;
37937;202200024705;770 067;A01;1;7;0;2;1;1;1;
37938;202200024705;770 068;B01;1;7;0;2;1;1;1;
37939;202200024706;770 065;A01;1;33;13;0;1;1;1;
37940;202200024707;770 064;A01;2;30;0;0;0;23;1;
37941;202200024709;770 059;B01;1;7;0;2;4;2;1;
37942;202200024709;770 061;A01;1;7;1;2;1;1;1;
37943;202200024710;770 056;B01;2;7;0;2;1;1;1;
37944;202200024710;770 058;A01;1;7;0;2;1;13;1;
37945;202200024711;770 054;B01;3;50;0;2;2;25;3;
37946;202200024711;770 055;A01;3;7;0;2;2;26;1;
37947;202200024712;770 057;A01;2;1;0;2;8;1;5;
37948;202200024712;770 060;B01;2;7;0;2;2;2;1;
37949;202200024713;770 051;B01;1;7;0;2;4;1;1;
37950;202200024713;770 052;A01;1;7;0;2;1;1;1;
37951;202200024714;770 049;A01;3;7;0;2;1;15;1;
37952;202200024714;770 053;B01;3;17;0;2;7;1;1;
37953;202200024715;770 050;A01;1;7;15;0;3;0;1;
37954;202200024716;770 047;A01;1;7;0;0;3;0;1;
37955;202200024716;770 048;B01;1;7;0;2;3;0;1;
37956;202200024717;770 046;A01;1;7;0;1;1;0;1;
37957;202200024718;770 043;A01;1;7;0;2;3;13;1;
37958;202200024718;770 045;B01;2;7;0;2;3;1;1;
37959;202200024719;770 042;B01;3;1;0;2;1;2;5;
37960;202200024719;770 044;A01;3;7;0;2;1;1;1;
37961;202200024720;770 041;A01;2;7;0;1;2;1;1;
37962;202200024721;770 039;A01;2;7;6;0;1;13;2;
37963;202200024722;770 040;A01;2;7;7;0;1;1;1;
37964;202200024723;770 038;A01;0;7;10;1;1;9;1;
37965;202200024724;770 037;A01;2;30;0;0;8;1;1;
37966;202200024725;770 035;A01;1;15;0;1;5;1;1;
37967;202200024726;770 032;B01;1;33;0;2;8;1;1;
37968;202200024726;770 034;A01;2;7;0;2;3;15;1;
37969;202200024727;770 031;A01;1;50;0;2;1;0;3;
37970;202200024727;770 033;B01;1;7;0;2;4;1;1;
37971;202200024727;770 036;C01;1;7;0;2;8;1;1;
37972;202200024728;770 029;A01;2;31;6;0;1;1;1;
37973;202200024729;770 026;Z01;3;1;0;2;0;0;5;
37974;202200024729;770 027;A01;3;1;0;2;0;0;5;
37975;202200024730;770 024;B01;0;7;0;2;1;9;0;
37976;202200024730;770 025;A01;0;1;0;2;8;0;5;
37977;202200024731;770 019;A01;3;7;0;2;3;1;0;
37978;202200024731;770 021;B01;3;50;0;2;0;1;3;
37979;202200024732;770 018;A01;3;7;0;2;1;1;1;
37980;202200024732;770 022;Z01;3;7;0;2;1;5;1;
37981;202200024733;770 015;B01;3;7;0;9;3;1;1;
37982;202200024733;770 016;A01;3;7;0;1;3;1;1;
37983;202200024734;770 014;B01;2;10;0;2;4;19;1;
37984;202200024734;770 017;A01;2;7;0;2;3;26;1;
37985;202200024735;770 010;A01;2;7;0;1;1;10;1;
37986;202200024736;770 011;A01;1;10;0;2;1;2;1;
37987;202200024736;770 013;B01;1;3;0;0;4;2;1;
37988;202200024737;770 009;B01;1;34;0;2;4;23;1;
37989;202200024737;770 012;A01;1;33;0;2;4;1;1;
37990;202200024738;770 008;A01;1;7;0;1;2;15;1;
37991;202200024739;770 006;A01;1;7;0;1;2;1;1;
37992;202200024740;770 005;A01;0;7;0;1;2;1;1;
37993;202200024741;770 004;A01;1;7;0;2;1;13;1;
37994;202200024741;770 007;B01;2;7;0;2;1;1;1;
37995;202200024742;770 001;B01;2;7;0;2;4;2;1;
37996;202200024742;770 003;A01;2;13;0;2;1;2;1;
37997;202200024743;770 000;B01;1;33;0;2;1;1;1;
37998;202200024743;770 002;A01;0;7;0;2;3;26;1;
37999;202200024744;769 999;A01;2;10;13;0;1;14;1;
38000;202200024745;769 996;A01;1;7;0;2;5;2;1;
38001;202200024745;769 997;B01;1;7;0;0;0;1;0;
38002;202200024745;769 998;C01;1;33;0;2;0;13;1;
38003;202200024746;769 993;B01;1;7;0;2;2;15;1;
38004;202200024746;769 995;A01;2;30;0;2;1;18;1;
38005;202200024747;769 992;A01;3;32;0;2;1;15;0;
38006;202200024747;769 994;B01;0;7;0;2;1;1;0;
38007;202200024748;769 991;A01;1;7;8;0;2;1;1;
38008;202200024749;769 990;A01;2;7;13;0;3;26;1;
38009;202200024750;769 985;A01;1;7;0;2;1;1;1;
38010;202200024750;769 988;B01;1;7;0;2;4;23;1;
38011;202200024752;769 983;B01;3;7;0;2;1;1;1;
38012;202200024752;769 984;A01;3;10;0;2;2;5;0;
38013;202200024753;769 981;B01;1;7;0;2;4;1;1;
38014;202200024753;769 982;A01;1;7;0;2;1;1;1;
38015;202200024754;769 978;B01;3;7;0;2;6;1;1;
38016;202200024754;769 979;A01;3;7;0;2;1;1;1;
38017;202200024755;769 977;A01;3;7;1;0;3;13;1;
38018;202200024756;769 975;A01;0;7;1;0;1;1;1;
38019;202200024757;769 976;A01;2;7;4;2;3;1;1;
38020;202200024757;769 980;B01;1;7;0;2;3;13;1;
38021;202200024758;769 972;B01;0;7;0;2;1;0;1;
38022;202200024758;769 974;A01;0;7;0;2;2;17;1;
38023;202200024759;769 970;B01;3;7;0;2;1;26;1;
38024;202200024759;769 973;A01;3;10;0;2;1;19;1;
38025;202200024760;769 971;A01;1;33;14;0;1;26;1;
38026;202200024762;769 967;A01;0;7;0;2;1;15;1;
38027;202200024762;769 969;B01;0;7;0;2;1;1;1;
38028;202200024763;769 963;A01;3;7;0;1;2;1;1;
38029;202200024764;769 961;A01;1;7;0;2;4;1;1;
38030;202200024764;769 964;B01;2;2;0;2;1;1;1;
38031;202200024765;769 962;A01;1;7;0;2;2;12;2;