;Num_Acc;id_vehicule;num_veh;senc;catv;obs;obsm;choc;manv;motor;occutc
38032;202200024765;769 965;B01;1;34;0;2;6;1;1;
38033;202200024766;769 960;A01;2;7;0;1;2;1;1;
38034;202200024767;769 958;A01;1;7;0;1;2;1;1;
38035;202200024768;769 956;B01;1;50;0;2;1;1;3;
38036;202200024768;769 957;A01;2;7;0;2;1;17;1;
38037;202200024769;769 953;B01;2;7;0;2;1;17;1;
38038;202200024769;769 959;A01;1;7;0;2;1;5;1;
38039;202200024771;769 951;B01;1;80;0;2;1;1;3;
38040;202200024771;769 952;A01;3;7;0;2;3;15;1;
38041;202200024772;769 950;A01;1;7;2;0;8;1;1;
38042;202200024773;769 949;A01;1;7;0;1;1;26;1;
38043;202200024774;769 947;A01;1;7;0;2;1;10;1;
38044;202200024774;769 948;B01;1;31;0;2;7;1;1;
38045;202200024776;769 944;B01;1;2;0;2;1;15;1;
38046;202200024776;769 946;A01;2;7;0;2;2;1;1;
38047;202200024777;769 940;B01;2;2;0;2;1;1;1;
38048;202200024777;769 942;A01;1;7;0;2;1;15;1;
38049;202200024778;769 939;A01;1;7;0;2;1;1;1;
38050;202200024778;769 941;B01;1;7;0;2;4;1;1;
38051;202200024778;769 943;C01;1;7;0;2;4;1;1;
38052;202200024779;769 938;A01;2;30;0;0;7;1;1;
38053;202200024781;769 933;B01;2;10;0;2;1;2;1;
38054;202200024781;769 936;A01;2;7;0;2;4;2;1;
38055;202200024782;769 932;B01;3;7;0;2;6;1;1;
38056;202200024782;769 934;A01;3;7;0;2;1;1;1;
38057;202200024783;769 930;B01;3;2;0;2;1;21;1;
38058;202200024783;769 931;A01;3;7;0;2;1;9;1;
38059;202200024784;769 929;A01;1;33;13;0;1;1;1;
38060;202200024785;769 928;A01;0;37;0;1;1;26;1;1.0
38061;202200024786;769 927;A01;1;7;2;0;1;14;1;
38062;202200024787;769 925;A01;1;7;0;1;1;26;1;
38063;202200024788;769 924;A01;2;7;4;0;1;1;1;
38064;202200024789;769 923;A01;1;10;0;2;1;1;1;
38065;202200024789;769 926;B01;1;7;0;9;4;15;1;
38066;202200024790;769 921;B01;1;7;0;2;4;2;1;
38067;202200024790;769 922;A01;1;10;0;2;1;2;1;
38068;202200024791;769 919;A01;3;7;0;1;3;16;1;
38069;202200024792;769 918;A01;1;7;0;2;1;5;1;
38070;202200024792;769 920;B01;2;7;1;2;1;1;1;
38071;202200024793;769 915;A01;2;32;0;0;0;0;0;
38072;202200024793;769 917;B01;3;7;0;2;1;15;1;
38073;202200024794;769 914;A01;3;50;0;2;1;1;3;
38074;202200024794;769 916;B01;3;7;0;2;3;15;1;
38075;202200024795;769 913;A01;2;7;13;0;3;1;1;
38076;202200024796;769 910;A01;1;10;0;2;1;15;1;
38077;202200024796;769 912;B01;2;7;0;2;1;1;1;
38078;202200024797;769 909;A01;1;32;0;2;1;3;1;
38079;202200024797;769 911;B01;1;10;0;2;6;1;1;
38080;202200024798;769 906;A01;0;33;0;2;6;10;1;
38081;202200024798;769 908;B01;0;33;0;2;1;1;1;
38082;202200024799;769 907;A01;1;7;7;0;2;1;1;
38083;202200024800;769 903;A01;1;10;0;1;3;1;1;
38084;202200024801;769 904;A01;2;33;0;2;1;2;1;
38085;202200024801;769 905;B01;2;10;0;2;6;2;1;
38086;202200024802;769 897;A01;1;10;0;9;3;23;1;
38087;202200024802;769 900;B01;1;1;0;2;1;2;5;
38088;202200024803;769 895;E01;2;1;0;2;0;0;5;
38089;202200024803;769 898;D01;2;1;0;2;0;1;5;
38090;202200024803;769 899;C01;2;1;0;2;0;1;5;
38091;202200024803;769 901;B01;2;1;0;2;0;1;5;
38092;202200024803;769 902;A01;2;1;0;2;0;2;5;
38093;202200024804;769 894;A01;1;7;1;2;3;13;6;
38094;202200024804;769 896;B01;2;1;0;2;3;1;5;
38095;202200024805;769 892;A01;1;7;6;0;0;1;1;
38096;202200024806;769 890;A01;1;30;0;2;1;1;1;
38097;202200024806;769 891;B01;2;10;0;2;7;15;1;
38098;202200024807;769 888;A01;3;7;0;1;4;20;1;
38099;202200024808;769 889;A01;0;7;0;0;0;0;1;
38100;202200024809;769 885;A01;2;7;3;0;9;1;1;
38101;202200024810;769 884;A01;1;7;0;2;8;15;1;
38102;202200024810;769 887;B01;1;50;0;2;7;17;3;
38103;202200024811;769 883;B01;3;7;0;2;3;15;1;
38104;202200024811;769 886;A01;3;7;0;2;1;1;1;
38105;202200024812;769 878;B01;3;1;0;2;1;16;5;
38106;202200024812;769 881;A01;3;7;0;2;3;15;1;
38107;202200024814;769 880;B01;1;7;0;2;4;2;1;
38108;202200024814;769 882;A01;1;33;0;2;1;11;1;
38109;202200024815;769 876;A01;1;7;0;2;1;26;1;
38110;202200024815;769 877;B01;1;7;0;2;8;1;1;
38111;202200024816;769 875;A01;2;7;0;1;1;4;1;
38112;202200024817;769 874;A01;3;7;0;1;1;1;1;
38113;202200024819;769 871;A01;1;7;0;2;1;1;1;
38114;202200024819;769 873;B01;1;7;0;2;4;1;1;
38115;202200024820;769 869;A01;1;7;0;2;1;1;1;
38116;202200024820;769 872;B01;1;50;0;2;4;1;3;
38117;202200024821;769 866;B01;0;7;0;0;6;23;1;
38118;202200024821;769 867;A01;0;32;0;2;1;3;1;
38119;202200024822;769 863;A01;1;7;1;0;2;1;1;
38120;202200024822;769 864;B01;3;7;0;2;6;24;1;
38121;202200024823;769 862;A01;2;50;0;0;0;1;3;
38122;202200024824;769 861;A01;2;7;0;2;1;2;1;
38123;202200024824;769 865;B01;2;7;0;2;4;2;1;
38124;202200024825;769 858;B01;2;7;0;2;1;1;1;
38125;202200024825;769 860;A01;1;7;0;2;2;15;1;
38126;202200024826;769 859;Z01;1;7;15;0;2;1;1;
38127;202200024827;769 856;B01;1;7;0;2;4;1;1;
38128;202200024827;769 857;A01;1;32;1;2;1;3;1;
38129;202200024828;769 852;A01;2;7;0;2;1;1;1;
38130;202200024828;769 855;B01;2;33;0;2;4;15;1;
38131;202200024829;769 848;A01;1;7;14;2;1;1;1;
38132;202200024829;769 849;B01;1;7;14;2;4;1;1;
38133;202200024829;769 851;C01;1;7;3;2;4;1;1;
38134;202200024829;769 853;D01;1;7;0;2;4;23;2;
38135;202200024830;769 850;B01;1;7;0;1;3;14;-1;
38136;202200024830;769 854;A01;1;7;0;0;2;23;1;
38137;202200024831;769 845;Z01;0;30;0;1;1;1;1;
38138;202200024832;769 846;A01;1;1;0;2;1;1;5;
38139;202200024832;769 847;Z01;1;7;0;2;5;22;2;
38140;202200024833;769 843;A01;1;33;4;2;7;1;1;
38141;202200024834;769 840;A01;3;7;1;0;2;16;1;
38142;202200024835;769 839;B01;2;43;0;2;3;1;1;
38143;202200024835;769 842;A01;2;10;0;2;3;18;1;
38144;202200024836;769 841;B01;2;7;0;2;8;1;1;
38145;202200024836;769 844;A01;2;7;0;2;7;14;1;
38146;202200024837;769 836;A01;3;7;8;0;1;1;1;
38147;202200024837;769 838;B01;0;7;0;0;8;26;1;
38148;202200024838;769 835;B01;2;1;0;2;4;10;5;
38149;202200024838;769 837;A01;2;7;0;2;3;1;0;
38150;202200024839;769 833;A01;3;7;2;0;1;1;1;
38151;202200024840;769 834;A01;1;7;4;0;3;1;1;
38152;202200024841;769 832;A01;1;1;12;0;1;13;5;
38153;202200024842;769 829;A01;2;7;0;2;3;17;1;
38154;202200024842;769 830;B01;1;1;0;2;1;1;5;
38155;202200024843;769 828;A01;2;7;0;2;3;17;1;
38156;202200024843;769 831;B01;0;1;0;0;0;0;5;
38157;202200024844;769 827;A01;1;32;0;1;1;1;1;
38158;202200024845;769 824;B01;1;7;0;2;3;1;1;
38159;202200024845;769 825;A01;1;7;0;2;2;15;0;
38160;202200024846;769 823;A01;2;30;0;2;1;14;1;
38161;202200024846;769 826;B01;2;1;0;2;8;2;0;
38162;202200024847;769 820;A01;1;10;2;0;1;6;1;
38163;202200024848;769 818;A01;0;50;0;2;8;1;3;
38164;202200024848;769 821;B01;0;7;0;9;8;19;0;
38165;202200024849;769 819;B01;2;17;0;2;2;1;1;
38166;202200024849;769 822;A01;2;7;0;2;8;11;1;
38167;202200024850;769 816;Z01;1;7;0;1;7;2;0;
38168;202200024851;769 815;B01;2;1;0;2;1;0;5;
38169;202200024851;769 817;Z01;1;10;0;2;4;4;0;
38170;202200024852;769 813;A01;0;10;0;1;3;2;1;
38171;202200024853;769 811;A01;1;7;0;1;1;16;1;
38172;202200024854;769 807;B01;0;10;0;2;1;1;1;
38173;202200024854;769 809;A01;0;50;0;2;8;19;3;
38174;202200024856;769 805;B01;1;33;0;2;7;1;1;
38175;202200024856;769 806;A01;3;7;11;0;1;1;1;
38176;202200024857;769 803;A01;0;7;0;1;3;9;1;
38177;202200024858;769 800;B01;1;7;0;2;1;1;1;
38178;202200024858;769 801;A01;2;7;0;2;8;1;1;
38179;202200024859;769 802;A01;1;0;0;0;0;0;0;
38180;202200024859;769 804;B01;1;1;0;0;0;0;5;
38181;202200024860;769 797;A01;2;7;0;1;2;16;1;
38182;202200024861;769 793;A01;1;37;0;2;5;2;1;1.0
38183;202200024861;769 795;B01;1;31;12;2;3;2;1;
38184;202200024862;769 794;B01;3;7;0;2;8;1;1;
38185;202200024862;769 796;A01;3;30;0;2;7;15;1;
38186;202200024864;769 789;A01;1;7;0;2;0;13;1;
38187;202200024864;769 790;B01;2;80;0;2;3;1;3;
38188;202200024865;769 788;A01;1;10;0;1;1;1;1;
38189;202200024866;769 787;A01;1;1;0;2;1;9;5;
38190;202200024866;769 791;B01;1;7;0;2;7;26;1;
38191;202200024867;769 785;B01;1;10;0;2;8;1;1;
38192;202200024867;769 786;A01;1;80;0;2;1;1;3;
38193;202200024868;769 782;B01;1;31;0;2;3;1;1;
38194;202200024868;769 784;A01;3;7;0;2;2;1;1;
38195;202200024869;769 780;A01;1;7;0;0;2;15;1;
38196;202200024869;769 781;B01;1;43;0;0;1;1;1;
38197;202200024870;769 777;A01;1;7;0;2;1;26;0;
38198;202200024870;769 778;B01;2;7;0;2;1;1;2;
38199;202200024871;769 779;B01;1;7;0;2;4;1;1;
38200;202200024871;769 783;A01;1;10;0;2;1;1;1;
38201;202200024874;769 771;B01;1;30;0;2;1;0;1;
38202;202200024874;769 774;A01;2;30;0;2;7;13;1;
38203;202200024875;769 770;A01;2;7;0;1;2;16;1;
38204;202200024876;769 767;A01;1;7;0;2;2;0;1;
38205;202200024876;769 769;B01;1;31;0;0;4;0;1;
38206;202200024877;769 765;A01;1;7;13;0;3;13;1;
38207;202200024878;769 766;A01;0;7;0;2;2;16;1;
38208;202200024878;769 768;Y01;3;1;0;2;0;0;5;
38209;202200024879;769 762;A01;2;7;0;1;1;1;1;
38210;202200024880;769 760;A01;2;7;3;0;1;11;1;
38211;202200024881;769 758;A01;2;2;0;0;0;15;1;
38212;202200024882;769 757;A01;0;1;13;0;1;1;5;
38213;202200024883;769 759;B01;0;7;0;2;1;1;1;
38214;202200024883;769 761;A01;0;7;0;2;2;15;1;
38215;202200024884;769 756;A01;0;7;2;0;0;0;1;
38216;202200024885;769 755;A01;1;7;2;0;8;0;1;
38217;202200024886;769 754;A01;3;7;2;0;3;1;1;
38218;202200024887;769 753;A01;1;33;0;2;1;1;1;
38219;202200024888;769 751;A01;1;7;0;2;2;0;1;
38220;202200024888;769 752;B01;1;10;0;2;1;0;1;
38221;202200024889;769 750;A01;1;7;0;1;1;15;1;
38222;202200024890;769 747;A01;1;2;0;0;8;0;1;
38223;202200024891;769 748;A01;2;32;0;2;1;13;1;
38224;202200024891;769 749;B01;2;7;0;2;8;1;1;
38225;202200024892;769 746;A01;2;7;0;1;2;1;1;
38226;202200024893;769 745;A01;0;7;6;0;1;16;1;
38227;202200024894;769 741;A01;1;7;0;2;3;26;1;
38228;202200024894;769 743;B01;2;80;0;2;1;1;3;
38229;202200024895;769 742;B01;3;7;0;2;3;1;2;
38230;202200024895;769 744;A01;3;10;0;2;3;13;1;
38231;202200024896;769 740;A01;1;7;2;0;1;13;1;
38232;202200024897;769 739;A01;2;10;0;0;0;13;1;
38233;202200024898;769 738;A01;3;14;1;1;6;26;1;
38234;202200024901;769 730;B01;1;17;0;2;3;1;1;
38235;202200024901;769 731;A01;2;7;0;2;3;1;1;
38236;202200024902;769 729;A01;1;7;0;1;7;1;1;
38237;202200024903;769 728;A01;3;7;13;0;2;1;1;
38238;202200024904;769 725;A01;1;2;0;2;1;2;1;
38239;202200024904;769 726;B01;1;10;0;2;6;2;1;
38240;202200024905;769 723;B01;2;7;0;2;1;1;1;
38241;202200024905;769 724;A01;2;7;0;0;4;15;1;
38242;202200024906;769 721;B01;2;14;0;2;1;1;1;
38243;202200024906;769 722;A01;1;7;0;2;1;13;1;
38244;202200024907;769 719;A01;2;7;0;2;7;15;1;
38245;202200024907;769 720;B01;1;2;0;2;1;1;1;
38246;202200024908;769 717;A01;1;7;0;2;1;1;1;
38247;202200024908;769 718;B01;2;10;0;2;1;1;1;
38248;202200024909;769 715;B01;1;10;0;2;2;1;1;
38249;202200024909;769 716;A01;1;7;0;2;1;2;1;
38250;202200024910;769 713;A01;2;7;0;2;3;13;1;
38251;202200024910;769 714;B01;1;17;0;2;3;1;1;
38252;202200024911;769 711;A01;2;10;0;2;1;1;1;
38253;202200024911;769 712;B01;2;17;0;2;4;1;1;
38254;202200024912;769 706;A01;1;7;0;2;3;1;1;
38255;202200024912;769 707;B01;1;10;0;2;5;1;1;
38256;202200024912;769 708;C01;1;7;0;2;1;1;1;
38257;202200024912;769 709;D01;1;17;0;0;5;1;1;
38258;202200024912;769 710;E01;1;17;0;2;8;1;1;
38259;202200024913;769 704;A01;2;10;8;0;3;0;1;
38260;202200024914;769 702;A01;1;7;0;2;1;1;1;
38261;202200024914;769 703;B01;2;7;0;2;1;1;3;
38262;202200024915;769 700;A01;3;7;0;0;3;17;1;
38263;202200024915;769 701;B01;3;7;0;0;3;1;1;
38264;202200024916;769 698;A01;3;7;6;1;1;11;1;
38265;202200024916;769 699;B01;3;7;0;0;3;23;1;
38266;202200024917;769 696;B01;2;7;0;2;1;2;3;
38267;202200024917;769 697;A01;2;10;0;2;4;2;1;
38268;202200024918;769 705;A01;3;99;0;2;1;2;1;
38269;202200024918;769 727;B01;3;7;0;2;4;23;1;
38270;202200024918;769 732;C01;3;7;0;2;4;2;1;
38271;202200024918;769 735;D01;3;7;0;9;4;23;1;
38272;202200024919;769 694;A01;2;7;0;2;4;1;1;
38273;202200024919;769 695;B01;2;7;0;2;3;2;1;
38274;202200024920;769 692;A01;2;7;4;0;1;2;1;
38275;202200024921;769 689;A01;2;10;0;0;4;1;1;
38276;202200024921;769 690;B01;2;7;0;2;1;1;1;
38277;202200024921;769 691;C01;2;7;0;0;0;0;1;
38278;202200024922;769 684;D01;1;7;0;2;1;2;1;
38279;202200024922;769 685;C01;1;7;0;2;4;2;1;
38280;202200024922;769 687;B01;1;7;0;2;4;2;1;
38281;202200024922;769 688;A01;1;7;0;2;4;1;1;
38282;202200024923;769 681;C01;1;7;1;0;1;2;1;
38283;202200024923;769 682;B01;1;7;1;0;4;2;1;
38284;202200024923;769 683;A01;1;10;0;2;6;2;1;
38285;202200024924;769 686;A01;1;7;0;2;1;26;1;
38286;202200024924;769 693;B01;1;7;0;2;6;2;1;
38287;202200024925;769 680;A01;1;7;0;0;1;19;1;
38288;202200024926;769 678;A01;2;7;13;0;1;26;1;
38289;202200024927;769 673;A01;2;7;0;2;4;11;1;
38290;202200024927;769 674;B01;2;37;0;2;2;1;1;1.0
38291;202200024927;769 675;C01;2;7;0;2;6;1;1;
38292;202200024927;769 677;D01;2;7;0;2;8;1;1;
38293;202200024928;769 670;C01;2;13;0;2;1;1;1;
38294;202200024928;769 671;B01;2;7;0;2;5;1;1;
38295;202200024928;769 672;A01;2;7;0;2;3;9;2;
38296;202200024929;769 667;B01;2;7;0;2;4;1;1;
38297;202200024929;769 669;A01;2;7;0;2;1;12;1;
38298;202200024930;769 661;D01;2;7;0;2;9;1;1;
38299;202200024930;769 662;C01;2;7;0;2;9;1;2;
38300;202200024930;769 663;B01;2;7;0;2;4;1;1;
38301;202200024930;769 665;A01;2;7;0;2;3;1;1;
38302;202200024931;769 659;A01;2;7;0;2;1;1;1;
38303;202200024931;769 660;B01;2;10;0;2;4;1;1;
38304;202200024933;769 657;B01;1;7;0;2;4;1;1;
38305;202200024933;769 658;A01;1;7;3;2;1;1;1;
38306;202200024934;769 655;B01;1;7;0;2;4;1;1;
38307;202200024934;769 656;A01;1;7;0;2;2;18;1;
38308;202200024935;769 654;A01;1;7;0;0;9;1;1;
38309;202200024936;769 652;A01;3;7;17;0;2;1;1;
38310;202200024937;769 651;A01;1;7;0;1;3;1;6;
38311;202200024938;769 645;A01;3;10;0;2;3;15;1;
38312;202200024938;769 646;B01;3;2;0;2;1;15;1;
38313;202200024939;769 644;A01;2;7;0;2;1;12;1;
38314;202200024940;769 643;A01;1;7;2;0;3;13;1;
38315;202200024941;769 641;A01;3;7;0;2;1;21;1;
38316;202200024941;769 642;B01;3;7;0;2;8;1;1;
38317;202200024942;769 640;A01;1;7;0;1;1;1;1;
38318;202200024943;769 639;A01;3;7;0;1;7;1;1;
38319;202200024945;769 635;A01;1;7;0;1;1;16;1;
38320;202200024946;769 633;B01;3;7;0;2;3;1;1;
38321;202200024946;769 634;A01;3;2;0;2;1;17;1;
38322;202200024947;769 631;Z01;2;7;0;2;1;1;1;
38323;202200024947;769 632;B01;2;7;0;2;4;1;1;
38324;202200024948;769 629;B01;2;7;0;2;3;0;1;
38325;202200024948;769 630;A01;2;34;0;2;1;6;1;
38326;202200024949;769 628;A01;3;7;0;1;1;1;1;
38327;202200024950;769 626;B01;3;7;0;2;3;0;1;
38328;202200024950;769 627;Z01;3;7;0;2;0;13;0;
38329;202200024951;769 625;A01;0;7;0;1;1;0;1;
38330;202200024952;769 623;B01;2;7;0;2;4;23;1;
38331;202200024952;769 624;A01;2;7;0;2;1;2;1;
38332;202200024953;769 619;D01;2;7;0;2;1;23;1;
38333;202200024953;769 620;A01;1;7;0;2;3;26;1;
38334;202200024953;769 621;B01;2;7;0;2;8;23;1;
38335;202200024953;769 622;C01;2;7;0;2;3;23;1;
38336;202200024954;769 617;B01;1;7;0;9;2;1;1;
38337;202200024954;769 618;A01;3;50;0;2;2;9;3;
38338;202200024955;769 616;A01;3;0;0;1;1;2;0;
38339;202200024956;769 615;A01;1;33;0;2;0;1;1;
38340;202200024957;769 613;A01;1;7;0;2;6;11;1;
38341;202200024957;769 614;B01;1;33;0;2;7;1;1;
38342;202200024958;769 612;A01;1;40;0;1;2;1;3;
38343;202200024959;769 610;B01;2;30;0;2;4;23;3;
38344;202200024959;769 611;A01;2;10;0;2;1;2;1;
38345;202200024960;769 608;B01;2;7;0;2;2;1;1;
38346;202200024960;769 609;A01;2;30;0;2;3;15;1;
38347;202200024961;769 606;A01;2;10;1;2;1;2;1;
38348;202200024961;769 607;B01;2;7;0;2;4;23;1;
38349;202200024962;769 604;A01;1;30;0;2;7;1;1;
38350;202200024962;769 605;B01;1;80;0;2;5;1;3;
38351;202200024964;769 600;A01;2;80;12;2;1;17;3;
38352;202200024964;769 601;B01;2;50;0;2;1;1;3;
38353;202200024965;769 599;A01;1;7;0;1;1;1;2;
38354;202200024966;769 597;B01;2;2;0;2;1;1;3;
38355;202200024966;769 598;A01;2;7;0;2;3;10;3;
38356;202200024967;769 595;B01;2;1;0;2;3;1;5;
38357;202200024967;769 596;A01;1;7;0;2;2;15;1;
38358;202200024968;769 594;Z01;2;7;0;1;0;15;0;
38359;202200024969;769 593;A01;2;1;0;1;4;25;5;
38360;202200024970;769 592;A01;1;30;0;1;1;2;1;
38361;202200024971;769 590;A01;0;7;0;0;6;24;0;
38362;202200024971;769 591;B01;0;10;1;0;2;2;0;
38363;202200024972;769 589;A01;1;7;0;1;3;9;1;
38364;202200024974;769 586;A01;2;7;1;0;1;15;1;
38365;202200024975;769 585;A01;2;32;0;2;2;1;1;
38366;202200024976;769 583;A01;3;7;0;9;0;25;1;
38367;202200024976;769 584;B01;0;1;0;0;0;0;5;
38368;202200024977;769 582;A01;1;33;0;1;1;18;1;
38369;202200024978;769 578;A01;2;7;0;1;1;15;1;
38370;202200024978;769 579;B01;2;7;0;2;6;1;1;
38371;202200024978;769 580;C01;2;7;0;2;1;1;1;
38372;202200024978;769 581;Y01;2;1;0;2;8;1;5;
38373;202200024979;769 576;B01;2;7;0;2;6;15;1;
38374;202200024979;769 577;A01;2;30;0;2;1;17;1;
38375;202200024980;769 575;A01;1;30;12;0;1;16;1;
38376;202200024981;769 573;A01;2;1;0;2;8;1;5;
38377;202200024981;769 574;B01;3;7;0;2;1;9;1;
38378;202200024982;769 571;A01;1;30;0;2;1;1;1;
38379;202200024982;769 572;B01;2;10;0;2;7;15;1;
38380;202200024983;769 570;A01;2;7;1;0;2;1;1;
38381;202200024984;769 569;A01;2;33;8;0;0;21;1;
38382;202200024985;769 568;A01;1;10;0;1;2;1;1;
38383;202200024986;769 566;B01;2;7;0;2;7;5;1;
38384;202200024986;769 567;A01;1;7;0;2;1;1;1;
38385;202200024987;769 565;A01;2;7;13;0;2;1;1;
38386;202200024988;769 562;B01;1;1;0;0;1;1;5;
38387;202200024988;769 563;C01;1;1;0;0;1;1;5;
38388;202200024988;769 564;A01;2;7;0;2;3;15;1;
38389;202200024989;769 559;A01;2;7;0;2;3;13;1;
38390;202200024989;769 560;B01;1;7;0;2;2;1;1;
38391;202200024989;769 561;C01;1;10;0;2;3;1;1;
38392;202200024991;769 554;A01;1;32;0;2;3;18;1;
38393;202200024991;769 555;B01;1;14;0;2;2;1;1;
38394;202200024992;769 553;A01;3;2;0;0;0;1;1;
38395;202200024993;769 549;B01;1;21;0;0;6;15;1;
38396;202200024993;769 550;A01;1;7;0;2;1;17;1;
38397;202200024994;769 548;A01;1;7;6;0;1;1;1;
38398;202200024995;769 546;B01;2;33;0;2;3;1;1;
38399;202200024995;769 547;A01;1;7;0;2;3;13;1;
38400;202200024996;769 545;A01;0;13;0;1;3;16;1;
38401;202200024997;769 544;A01;1;31;0;0;0;1;1;
38402;202200024998;769 542;A01;2;7;0;2;3;9;1;
38403;202200024998;769 543;B01;2;31;0;2;1;1;1;
38404;202200025000;769 538;B01;2;7;0;2;8;19;1;
38405;202200025000;769 539;A01;2;7;0;2;1;1;1;
38406;202200025001;769 537;A01;0;7;13;0;2;0;1;
38407;202200025002;769 535;B01;1;1;0;2;3;15;5;
38408;202200025002;769 536;A01;1;7;0;9;7;19;1;
38409;202200025003;769 534;A01;1;7;7;0;8;13;1;
38410;202200025005;769 526;A01;1;7;13;0;3;13;1;
38411;202200025006;769 524;A01;2;10;0;2;3;1;1;
38412;202200025006;769 525;B01;1;2;0;2;1;1;1;
38413;202200025007;769 523;A01;1;7;6;0;3;1;1;
38414;202200025008;769 522;A01;2;7;4;0;2;1;1;
38415;202200025009;769 520;B01;3;80;0;2;1;0;3;
38416;202200025009;769 521;A01;3;7;0;9;1;0;1;
38417;202200025010;769 518;B01;1;7;0;2;7;0;1;
38418;202200025010;769 519;A01;1;31;0;2;1;0;1;
38419;202200025011;769 515;B01;2;15;1;0;4;2;1;
38420;202200025011;769 516;C01;2;15;0;0;4;23;1;
38421;202200025011;769 517;A01;2;15;1;0;1;2;1;
38422;202200025012;769 514;A01;3;7;0;1;3;1;1;
38423;202200025013;769 513;A01;1;7;13;0;9;1;1;
38424;202200025014;769 510;B01;1;33;0;2;1;13;1;
38425;202200025014;769 511;A01;1;33;0;2;1;0;1;
38426;202200025015;769 508;B01;2;33;0;2;1;2;1;
38427;202200025015;769 509;A01;2;10;0;2;3;10;1;
38428;202200025016;769 505;A01;1;33;0;2;1;1;1;
38429;202200025016;769 506;B01;2;7;0;2;3;1;1;
38430;202200025017;769 504;A01;2;7;2;0;2;0;1;
38431;202200025019;769 501;B01;2;30;0;2;1;1;1;
38432;202200025019;769 502;A01;3;10;0;2;7;19;1;
38433;202200025020;769 499;B01;1;7;0;2;3;0;1;
38434;202200025020;769 500;A01;1;33;0;2;2;1;1;
38435;202200025021;769 497;A01;0;7;0;9;1;1;1;
38436;202200025021;769 498;B01;0;1;0;2;1;1;5;
38437;202200025022;769 491;F01;1;7;0;2;4;2;1;
38438;202200025022;769 492;E01;1;7;0;2;4;2;1;
38439;202200025022;769 493;D01;1;10;0;2;4;2;1;
38440;202200025022;769 494;C01;1;7;0;2;4;2;1;
38441;202200025022;769 495;B01;1;7;0;2;4;2;1;
38442;202200025022;769 496;A01;1;7;0;2;1;1;1;
38443;202200025023;769 489;A01;2;7;0;2;1;2;1;
38444;202200025023;769 490;B01;2;10;0;2;4;2;1;
38445;202200025024;769 486;C01;1;7;0;2;4;2;1;
38446;202200025024;769 487;B01;1;7;0;2;4;2;1;
38447;202200025024;769 488;A01;1;7;0;2;1;2;1;
38448;202200025025;769 484;B01;1;7;0;2;4;2;1;
38449;202200025025;769 485;A01;1;10;0;2;1;2;1;
38450;202200025026;769 482;B01;1;7;0;2;7;1;1;
38451;202200025026;769 483;A01;1;15;0;2;8;13;1;
38452;202200025027;769 480;A01;2;7;0;2;5;12;1;
38453;202200025027;769 481;B01;2;31;0;2;3;3;1;
38454;202200025028;769 478;A01;2;43;4;2;7;17;1;
38455;202200025028;769 479;Z01;2;10;0;0;0;0;0;
38456;202200025029;769 475;C01;1;7;0;2;0;1;2;
38457;202200025029;769 476;A01;1;17;0;2;1;1;1;
38458;202200025029;769 477;B01;1;7;0;2;8;9;1;
38459;202200025030;769 473;A01;2;7;0;2;2;14;1;
38460;202200025030;769 474;B01;2;33;0;2;3;3;3;
38461;202200025031;769 471;B01;2;31;0;2;7;3;1;
38462;202200025031;769 472;A01;2;7;0;2;2;14;1;
38463;202200025032;769 468;C01;2;7;0;2;1;0;1;
38464;202200025032;769 469;B01;2;7;0;2;4;0;1;
38465;202200025032;769 470;A01;2;10;0;2;1;26;1;
38466;202200025033;769 465;C01;1;7;0;2;4;2;1;
38467;202200025033;769 466;B01;1;7;0;2;4;2;1;
38468;202200025033;769 467;A01;1;7;0;2;1;2;1;
38469;202200025034;769 463;B01;1;7;0;2;4;2;1;
38470;202200025034;769 464;A01;1;7;3;2;1;2;1;
38471;202200025035;769 462;A01;1;7;4;0;3;6;1;
38472;202200025036;769 460;A01;1;33;0;2;3;3;1;
38473;202200025036;769 461;B01;1;7;0;0;7;12;1;
38474;202200025037;769 459;A01;2;34;0;1;0;0;0;
38475;202200025038;769 458;A01;3;30;0;1;1;1;1;
38476;202200025039;769 457;A01;1;7;0;1;1;15;1;
38477;202200025040;769 456;A01;1;10;0;1;1;17;2;
38478;202200025041;769 455;A01;2;10;0;1;1;26;1;
38479;202200025042;769 451;A01;2;7;0;2;1;15;1;
38480;202200025042;769 452;B01;2;7;0;2;6;1;1;
38481;202200025043;769 450;A01;1;7;0;1;1;17;1;
38482;202200025044;769 448;A01;2;30;0;2;1;0;1;
38483;202200025044;769 449;B01;1;30;0;2;1;0;1;
38484;202200025045;769 446;B01;3;7;0;2;1;23;1;
38485;202200025045;769 447;A01;0;33;0;2;1;1;1;
38486;202200025047;769 442;B01;1;7;8;2;3;0;1;
38487;202200025047;769 443;A01;1;7;3;2;1;17;1;
38488;202200025048;769 441;A01;3;30;0;1;1;14;1;
38489;202200025049;769 439;A01;1;30;0;2;8;11;1;
38490;202200025049;769 440;B01;1;7;0;2;2;1;1;
38491;202200025050;769 437;B01;2;7;0;2;3;19;1;
38492;202200025050;769 438;A01;2;30;0;2;1;19;1;