;Num_Acc;id_vehicule;num_veh;senc;catv;obs;obsm;choc;manv;motor;occutc
38493;202200025051;769 435;B01;2;7;0;2;6;23;1;
38494;202200025051;769 436;A01;2;7;0;2;2;1;1;
38495;202200025052;769 432;A01;1;7;0;2;9;2;1;
38496;202200025052;769 433;B01;1;7;0;2;3;2;1;
38497;202200025052;769 434;C01;1;10;0;2;4;2;1;
38498;202200025053;769 430;A01;2;7;0;2;1;9;0;
38499;202200025053;769 431;B01;2;7;1;2;7;2;1;
38500;202200025054;769 428;A01;1;7;0;2;7;9;0;
38501;202200025054;769 429;B01;2;7;0;2;1;1;0;
38502;202200025055;769 426;B01;1;7;0;2;4;1;1;
38503;202200025055;769 427;A01;1;7;0;2;1;1;1;
38504;202200025056;769 425;A01;2;30;0;0;7;1;1;
38505;202200025057;769 424;A01;1;7;8;0;1;1;1;
38506;202200025058;769 423;A01;1;7;6;0;1;14;1;
38507;202200025059;769 421;B01;1;7;0;2;4;24;1;
38508;202200025059;769 422;A01;1;7;0;2;1;2;1;
38509;202200025060;769 419;A01;1;7;0;2;1;13;1;
38510;202200025060;769 420;B01;1;10;0;2;1;1;1;
38511;202200025062;769 415;C01;1;10;0;2;4;23;1;
38512;202200025062;769 416;B01;1;7;0;2;4;23;0;
38513;202200025062;769 417;A01;1;10;14;0;1;1;1;
38514;202200025063;769 414;A01;1;7;0;1;2;1;3;
38515;202200025064;769 413;A01;2;31;6;0;7;14;1;
38516;202200025066;769 410;A01;2;7;15;0;1;14;1;
38517;202200025067;769 409;A01;3;37;15;0;5;16;6;2.0
38518;202200025068;769 407;B01;3;1;0;2;1;19;5;
38519;202200025068;769 408;A01;1;7;0;2;8;26;1;
38520;202200025069;769 406;A01;1;1;0;1;0;13;5;
38521;202200025070;769 404;B01;2;1;0;2;4;1;5;
38522;202200025070;769 405;A01;1;10;0;2;2;1;1;
38523;202200025071;769 402;B01;2;10;0;2;3;1;1;
38524;202200025071;769 403;A01;1;10;0;2;1;1;1;
38525;202200025072;769 401;A01;0;7;6;0;1;13;1;
38526;202200025073;769 399;B01;1;7;0;2;4;1;1;
38527;202200025073;769 400;Z01;1;7;0;2;1;2;1;
38528;202200025074;769 397;A01;3;33;0;2;1;1;1;
38529;202200025074;769 398;B01;3;15;0;2;5;1;1;
38530;202200025075;769 395;B01;1;33;0;2;1;1;1;
38531;202200025075;769 396;A01;2;7;0;2;2;9;1;
38532;202200025076;769 391;A01;1;7;0;2;1;1;0;
38533;202200025076;769 392;C01;1;7;0;2;4;2;0;
38534;202200025076;769 393;D01;1;7;0;2;4;2;0;
38535;202200025076;769 394;B01;1;10;0;2;4;2;0;
38536;202200025077;769 390;A01;2;7;0;1;4;4;1;
38537;202200025078;769 388;B01;1;7;0;2;1;1;1;
38538;202200025078;769 389;A01;1;7;0;2;1;15;1;
38539;202200025079;769 387;A01;1;10;0;2;1;26;1;
38540;202200025080;769 385;B01;3;7;0;2;8;1;1;
38541;202200025080;769 386;A01;3;7;0;2;1;0;1;
38542;202200025081;769 384;A01;2;1;0;1;4;0;5;
38543;202200025082;769 383;A01;1;7;0;1;3;1;1;
38544;202200025083;769 382;A01;1;7;0;1;2;16;1;
38545;202200025084;769 380;B01;0;7;0;2;8;1;1;
38546;202200025084;769 381;A01;0;7;0;2;3;6;1;
38547;202200025085;769 379;A01;2;36;3;0;2;1;1;
38548;202200025086;769 377;A01;2;7;0;2;2;15;1;
38549;202200025086;769 378;B01;1;2;0;2;1;1;1;
38550;202200025087;769 375;A01;2;7;0;2;1;9;1;
38551;202200025087;769 376;B01;2;7;0;2;8;1;1;
38552;202200025088;769 374;A01;3;7;0;1;1;16;1;
38553;202200025089;769 372;B01;3;7;0;2;2;15;1;
38554;202200025089;769 373;A01;1;7;0;2;1;9;1;
38555;202200025090;769 369;A01;2;7;0;2;1;1;1;
38556;202200025090;769 370;B01;2;7;0;2;1;1;1;
38557;202200025090;769 371;C01;2;10;0;0;5;1;1;
38558;202200025091;769 367;A01;1;7;0;2;2;15;1;
38559;202200025091;769 368;B01;2;80;0;2;8;1;3;
38560;202200025092;769 365;B01;3;40;0;2;2;19;3;
38561;202200025092;769 366;A01;3;33;0;4;1;19;1;
38562;202200025093;769 364;A01;2;30;12;0;1;26;3;
38563;202200025094;769 361;A01;1;7;0;2;1;14;1;
38564;202200025094;769 362;B01;1;7;0;2;4;1;1;
38565;202200025094;769 363;C01;1;7;0;2;8;1;1;
38566;202200025095;769 359;A01;2;33;0;2;1;1;1;
38567;202200025095;769 360;B01;2;37;0;2;1;15;3;1.0
38568;202200025096;769 357;A01;0;7;0;2;1;1;1;
38569;202200025096;769 358;B01;0;7;0;2;8;1;1;
38570;202200025097;769 351;A01;0;7;0;0;0;0;1;
38571;202200025097;769 352;B01;0;30;0;0;0;0;1;
38572;202200025098;769 349;A01;2;7;0;2;1;9;1;
38573;202200025098;769 350;B01;3;1;0;2;7;1;5;
38574;202200025099;769 347;B01;3;10;0;2;4;2;1;
38575;202200025099;769 348;A01;3;7;0;2;1;2;1;
38576;202200025100;769 346;A01;2;7;0;1;8;15;1;
38577;202200025101;769 344;A01;1;7;0;2;2;15;1;
38578;202200025101;769 345;B01;2;7;0;2;1;1;1;
38579;202200025102;769 342;A01;1;7;0;2;3;13;1;
38580;202200025102;769 343;B01;2;21;0;2;8;1;1;
38581;202200025106;769 334;B01;2;7;0;2;1;1;1;
38582;202200025106;769 335;A01;1;7;0;2;3;1;1;
38583;202200025107;769 332;B01;3;7;0;2;0;0;1;
38584;202200025107;769 333;A01;3;7;0;2;3;26;1;
38585;202200025108;769 330;B01;1;7;0;2;1;1;1;
38586;202200025108;769 331;A01;3;7;0;2;2;1;1;
38587;202200025109;769 328;B01;2;1;0;2;1;1;5;
38588;202200025109;769 329;A01;1;34;0;2;8;16;1;
38589;202200025110;769 326;B01;2;7;0;2;7;15;1;
38590;202200025110;769 327;A01;1;32;0;2;1;17;1;
38591;202200025112;769 322;A01;1;7;0;2;3;11;2;
38592;202200025112;769 323;B01;1;33;0;2;2;17;1;
38593;202200025113;769 321;A01;1;32;0;0;8;1;1;
38594;202200025114;769 319;B01;3;7;0;2;1;1;3;
38595;202200025114;769 320;A01;3;7;0;2;5;1;1;
38596;202200025115;769 318;A01;2;32;0;1;1;1;1;
38597;202200025116;769 315;B01;2;1;0;2;0;1;5;
38598;202200025116;769 316;A01;2;30;0;2;0;14;1;
38599;202200025117;769 314;A01;2;50;0;1;1;0;3;
38600;202200025118;769 312;B01;2;50;0;2;7;19;3;
38601;202200025118;769 313;A01;2;7;0;2;3;1;1;
38602;202200025120;769 307;B01;1;7;0;2;4;0;1;
38603;202200025120;769 309;A01;1;10;0;2;1;0;1;
38604;202200025122;769 302;B01;1;16;0;2;4;1;1;
38605;202200025122;769 305;A01;1;7;0;2;1;1;1;
38606;202200025123;769 301;A01;1;7;0;2;1;1;1;
38607;202200025123;769 303;B01;1;7;1;2;1;1;1;
38608;202200025123;769 304;C01;1;7;0;2;4;0;1;
38609;202200025124;769 299;A01;1;7;2;0;1;14;1;
38610;202200025125;769 298;B01;3;7;0;2;3;15;1;
38611;202200025125;769 300;A01;3;2;0;2;3;15;1;
38612;202200025126;769 295;B01;2;7;0;2;1;26;0;
38613;202200025126;769 297;A01;2;32;0;2;8;1;1;
38614;202200025127;769 291;A01;2;7;0;0;0;0;1;
38615;202200025127;769 293;B01;2;7;0;2;5;0;1;
38616;202200025127;769 294;C01;2;7;0;2;4;2;1;
38617;202200025127;769 296;D01;2;7;0;2;3;2;1;
38618;202200025129;769 287;A01;-1;10;0;2;2;15;1;
38619;202200025129;769 288;B01;-1;32;0;2;1;1;1;
38620;202200025130;769 286;A01;1;7;7;0;1;14;1;
38621;202200025131;769 285;A01;2;7;0;1;1;1;1;
38622;202200025132;769 282;B01;1;7;0;0;4;1;1;
38623;202200025132;769 284;A01;1;7;0;2;1;17;1;
38624;202200025133;769 281;B01;2;43;0;2;1;1;1;
38625;202200025133;769 283;A01;1;7;0;2;7;15;1;
38626;202200025134;769 279;A01;1;33;0;2;1;1;1;
38627;202200025134;769 280;B01;2;7;0;9;6;15;2;
38628;202200025135;769 277;B01;1;7;0;2;1;9;1;
38629;202200025135;769 278;A01;1;13;0;2;7;1;1;
38630;202200025137;769 273;Z01;0;60;0;2;0;0;5;
38631;202200025137;769 274;[01;0;7;0;2;0;16;-1;
38632;202200025138;769 272;A01;2;7;13;0;3;13;1;
38633;202200025140;769 269;B01;2;30;0;2;1;1;1;
38634;202200025140;769 270;A01;2;7;0;2;4;1;0;
38635;202200025141;769 266;A01;2;7;0;2;3;1;1;
38636;202200025141;769 268;B01;1;7;0;2;3;1;1;
38637;202200025142;769 265;B01;3;30;0;2;7;15;1;
38638;202200025142;769 267;A01;3;7;0;2;1;1;2;
38639;202200025143;769 264;A01;3;7;6;0;1;1;1;
38640;202200025144;769 263;A01;0;10;0;1;0;1;2;
38641;202200025145;769 260;A01;2;7;0;2;3;15;1;
38642;202200025145;769 262;B01;2;31;0;2;7;17;1;
38643;202200025146;769 261;A01;2;30;0;0;0;23;1;
38644;202200025147;769 259;A01;2;7;13;0;3;1;1;
38645;202200025148;769 257;A01;1;33;0;0;0;21;1;
38646;202200025148;769 258;Z01;3;7;0;2;0;1;0;
38647;202200025149;769 255;B01;1;1;0;2;1;1;5;
38648;202200025149;769 256;A01;1;7;0;9;4;1;1;
38649;202200025150;769 251;A01;3;99;0;2;0;1;1;
38650;202200025150;769 253;B01;0;7;0;2;2;11;1;
38651;202200025151;769 252;A01;2;33;0;0;0;1;1;
38652;202200025151;769 254;B01;2;7;0;2;8;19;1;
38653;202200025152;769 249;A01;2;10;3;0;3;14;1;
38654;202200025153;769 247;C01;1;10;0;2;3;1;1;
38655;202200025153;769 248;B01;2;7;0;2;5;2;1;
38656;202200025153;769 250;A01;2;7;0;2;3;2;1;
38657;202200025154;769 245;B01;1;7;0;2;1;1;1;
38658;202200025154;769 246;A01;2;7;0;2;1;13;1;
38659;202200025155;769 242;A01;1;33;0;2;3;13;1;
38660;202200025155;769 243;B01;2;7;0;2;3;1;1;
38661;202200025156;769 239;B01;3;33;0;2;1;1;1;
38662;202200025156;769 241;A01;3;7;0;2;2;21;1;
38663;202200025157;769 237;A01;2;33;0;2;1;13;1;
38664;202200025157;769 238;B01;1;7;0;2;3;1;1;
38665;202200025158;769 236;A01;1;7;2;0;1;1;1;
38666;202200025159;769 235;A01;2;7;2;0;1;13;1;
38667;202200025160;769 234;A01;2;31;8;0;1;0;1;
38668;202200025161;769 233;A01;2;32;0;0;0;1;1;
38669;202200025162;769 232;A01;2;7;8;0;8;1;1;
38670;202200025163;769 231;A01;2;7;2;0;3;1;1;
38671;202200025164;769 229;B01;2;7;0;2;1;1;1;
38672;202200025164;769 230;A01;1;7;0;2;1;13;1;
38673;202200025165;769 227;A01;1;7;0;2;2;1;1;
38674;202200025165;769 228;B01;1;13;0;2;3;1;1;
38675;202200025166;769 226;A01;1;7;0;0;0;1;1;
38676;202200025167;769 225;A01;2;33;3;0;1;26;1;
38677;202200025168;769 223;A01;1;7;0;2;3;13;2;
38678;202200025168;769 224;B01;2;7;0;2;3;0;1;
38679;202200025169;769 221;B01;0;14;0;2;3;1;1;
38680;202200025169;769 222;A01;3;7;0;2;3;13;1;
38681;202200025170;769 220;A01;2;7;2;0;6;1;1;
38682;202200025171;769 218;B01;1;7;0;2;3;1;1;
38683;202200025171;769 219;A01;2;2;0;2;1;13;1;
38684;202200025172;769 216;A01;1;32;0;2;3;1;1;
38685;202200025172;769 217;B01;1;7;0;2;5;12;1;
38686;202200025173;769 215;A01;1;7;13;0;2;1;1;
38687;202200025174;769 214;A01;2;7;7;0;1;1;1;
38688;202200025175;769 213;A01;1;7;13;0;9;1;1;
38689;202200025176;769 212;A01;2;10;3;0;1;14;1;
38690;202200025177;769 211;A01;2;7;3;0;0;14;1;
38691;202200025178;769 210;A01;1;7;0;0;9;1;1;
38692;202200025179;769 207;C01;2;10;0;2;4;2;1;
38693;202200025179;769 208;B01;2;7;0;2;4;2;1;
38694;202200025179;769 209;A01;2;14;0;2;1;2;1;
38695;202200025180;769 206;A01;2;7;8;0;1;1;1;
38696;202200025181;769 204;A01;1;7;0;2;2;15;1;
38697;202200025181;769 205;B01;2;7;0;2;1;1;1;
38698;202200025182;769 202;A01;2;7;0;2;9;13;1;
38699;202200025182;769 203;B01;1;7;0;2;8;1;1;
38700;202200025184;769 198;B01;3;7;0;2;5;15;1;
38701;202200025184;769 199;A01;3;32;0;2;1;1;1;
38702;202200025185;769 197;A01;1;7;0;0;0;0;1;
38703;202200025187;769 194;B01;0;2;0;2;7;17;1;
38704;202200025187;769 195;A01;0;10;0;2;6;15;1;
38705;202200025188;769 193;A01;2;7;0;1;4;20;1;
38706;202200025189;769 192;A01;1;7;13;0;1;16;1;
38707;202200025190;769 191;A01;1;7;8;0;2;0;1;
38708;202200025191;769 190;A01;2;7;1;1;3;25;1;
38709;202200025192;769 189;A01;2;7;5;0;1;1;1;
38710;202200025193;769 188;A01;2;80;0;0;0;1;3;
38711;202200025194;769 186;B01;1;7;0;2;8;15;1;
38712;202200025194;769 187;A01;1;31;0;2;1;17;1;
38713;202200025195;769 184;A01;2;7;0;2;3;15;1;
38714;202200025195;769 185;B01;1;7;0;2;0;1;1;
38715;202200025196;769 183;A01;1;7;9;0;1;1;1;
38716;202200025197;769 180;A01;2;7;0;9;2;15;1;
38717;202200025197;769 181;B01;1;1;0;2;1;1;5;
38718;202200025199;769 176;A01;1;7;0;2;1;2;1;
38719;202200025199;769 177;B01;1;7;0;2;4;2;1;
38720;202200025200;769 174;B01;1;7;0;2;4;2;1;
38721;202200025200;769 175;A01;1;7;0;2;1;2;1;
38722;202200025201;769 172;A01;1;7;0;2;8;11;1;
38723;202200025201;769 173;B01;1;33;0;2;7;3;1;
38724;202200025202;769 170;A01;2;7;0;2;2;14;1;
38725;202200025202;769 171;B01;2;7;0;2;8;1;3;
38726;202200025203;769 167;A01;1;10;0;2;1;2;1;
38727;202200025203;769 168;B01;1;7;0;2;4;2;1;
38728;202200025203;769 169;C01;1;7;0;2;4;2;1;
38729;202200025205;769 162;C01;1;7;0;2;4;2;1;
38730;202200025205;769 163;B01;1;7;0;2;4;2;1;
38731;202200025205;769 164;A01;1;10;0;2;1;2;1;
38732;202200025207;769 158;B01;1;14;0;2;3;1;1;
38733;202200025207;769 159;A01;1;10;0;2;5;1;1;
38734;202200025208;769 157;A01;2;13;4;0;8;1;1;
38735;202200025209;769 154;C01;1;10;0;2;3;1;1;
38736;202200025209;769 155;B01;1;10;0;2;5;1;1;
38737;202200025209;769 156;A01;1;33;0;2;1;3;1;
38738;202200025210;769 151;C01;2;10;0;2;4;1;1;
38739;202200025210;769 152;B01;2;7;0;2;4;2;1;
38740;202200025210;769 153;A01;2;10;0;2;1;2;1;
38741;202200025211;769 149;B01;1;50;0;2;1;2;3;
38742;202200025211;769 150;A01;1;10;0;2;5;16;1;
38743;202200025212;769 148;Z01;1;1;0;1;0;0;5;
38744;202200025213;769 145;A01;1;7;0;2;1;19;1;
38745;202200025213;769 146;B01;1;10;16;0;8;2;1;
38746;202200025214;769 143;A01;3;7;0;2;1;1;1;
38747;202200025214;769 144;B01;3;7;0;2;4;0;1;
38748;202200025215;769 141;B01;1;7;0;2;3;15;1;
38749;202200025215;769 142;A01;2;30;0;2;5;17;1;
38750;202200025216;769 139;A01;1;14;0;2;2;12;1;
38751;202200025216;769 140;B01;1;7;4;2;8;1;1;
38752;202200025217;769 138;A01;1;30;6;0;0;1;1;
38753;202200025218;769 136;A01;3;7;0;2;3;22;1;
38754;202200025218;769 137;B01;1;1;1;2;1;1;5;
38755;202200025219;769 134;A01;1;7;0;2;4;23;1;
38756;202200025219;769 135;B01;1;0;0;2;0;2;0;
38757;202200025220;769 133;A01;0;33;0;0;0;0;1;
38758;202200025221;769 132;A01;1;7;0;1;3;1;1;
38759;202200025222;769 129;A01;3;7;0;2;1;15;1;
38760;202200025222;769 130;C01;1;7;0;2;8;24;1;
38761;202200025222;769 131;B01;1;34;0;2;2;1;1;
38762;202200025223;769 127;B01;1;1;0;2;7;2;5;
38763;202200025223;769 128;A01;0;7;0;2;1;9;1;
38764;202200025224;769 122;A01;3;7;0;2;6;16;1;
38765;202200025224;769 123;B01;3;80;0;2;7;0;3;
38766;202200025225;769 120;B01;3;7;0;2;3;15;1;
38767;202200025225;769 121;A01;3;33;0;2;2;17;1;
38768;202200025226;769 118;B01;3;1;0;2;1;1;5;
38769;202200025226;769 119;A01;3;7;0;2;2;15;1;
38770;202200025227;769 117;A01;3;31;0;1;1;1;1;
38771;202200025230;769 110;A01;2;7;0;2;1;5;1;
38772;202200025230;769 111;B01;1;7;0;2;1;17;1;
38773;202200025230;769 112;C01;1;10;0;9;0;1;1;
38774;202200025231;769 108;B01;1;2;0;2;8;15;1;
38775;202200025231;769 109;A01;1;7;0;2;1;1;1;
38776;202200025232;769 106;A01;1;7;0;2;1;1;1;
38777;202200025232;769 107;B01;1;7;0;2;4;2;1;
38778;202200025233;769 104;B01;2;10;0;2;2;1;1;
38779;202200025233;769 105;A01;1;33;0;2;1;5;1;
38780;202200025234;769 102;B01;3;7;0;2;4;1;1;
38781;202200025234;769 103;A01;3;15;0;2;1;2;1;
38782;202200025235;769 100;B01;0;50;0;2;1;19;3;
38783;202200025235;769 101;A01;3;7;0;9;2;1;1;
38784;202200025236;769 098;A01;0;7;0;0;0;15;1;
38785;202200025236;769 099;B01;0;2;0;0;0;1;3;
38786;202200025237;769 096;A01;1;7;0;9;3;1;1;
38787;202200025237;769 097;B01;2;80;0;2;0;13;3;
38788;202200025238;769 094;A01;1;7;0;2;1;26;1;
38789;202200025238;769 095;B01;1;7;0;2;7;1;0;
38790;202200025239;769 093;A01;2;7;0;0;9;26;1;
38791;202200025240;769 092;A01;1;7;0;1;2;26;1;
38792;202200025241;769 091;A01;2;7;13;0;2;14;1;
38793;202200025242;769 089;B01;1;7;0;9;8;15;1;
38794;202200025242;769 090;A01;1;80;0;2;1;17;3;
38795;202200025243;769 087;A01;1;7;0;2;2;15;1;
38796;202200025243;769 088;B01;2;1;0;2;1;1;5;
38797;202200025244;769 085;A01;3;7;0;2;1;1;1;
38798;202200025244;769 086;B01;3;1;0;2;4;19;5;
38799;202200025246;769 083;A01;3;33;0;1;2;17;1;
38800;202200025247;769 082;A01;1;10;0;1;1;1;1;
38801;202200025248;769 080;A01;1;50;0;2;8;19;3;
38802;202200025248;769 081;B01;2;7;0;2;3;1;1;
38803;202200025249;769 078;B01;2;1;0;2;1;1;5;
38804;202200025249;769 079;A01;1;7;0;2;3;9;2;
38805;202200025250;769 076;B01;1;7;0;2;8;1;1;
38806;202200025250;769 077;A01;1;50;0;2;1;2;3;
38807;202200025251;769 075;A01;2;1;0;0;0;1;5;
38808;202200025252;769 072;C01;2;7;0;2;1;2;1;
38809;202200025252;769 073;B01;2;7;0;2;4;2;1;
38810;202200025252;769 074;A01;2;7;0;2;1;2;1;
38811;202200025253;769 069;A01;3;15;1;2;2;2;1;
38812;202200025253;769 070;B01;3;7;1;2;4;2;1;
38813;202200025253;769 071;C01;3;10;1;0;4;23;1;
38814;202200025254;769 067;B01;1;7;0;2;3;15;1;
38815;202200025254;769 068;A01;1;31;0;2;1;17;1;
38816;202200025255;769 065;B01;0;7;0;2;4;2;1;
38817;202200025255;769 066;A01;0;1;0;2;1;2;5;
38818;202200025256;769 063;A01;3;7;0;2;3;9;1;
38819;202200025256;769 064;B01;3;80;0;2;7;1;3;
38820;202200025257;769 061;A01;3;7;0;2;1;15;1;
38821;202200025257;769 062;B01;1;7;0;2;1;1;1;
38822;202200025258;769 059;A01;2;7;0;2;2;15;1;
38823;202200025258;769 060;B01;1;32;0;2;1;1;1;
38824;202200025260;769 056;B01;0;7;0;2;4;1;1;
38825;202200025260;769 057;A01;0;7;0;2;1;2;0;
38826;202200025261;769 053;A01;0;7;5;0;1;26;1;
38827;202200025262;769 051;A01;1;7;0;2;7;9;1;
38828;202200025262;769 052;B01;1;33;0;2;1;1;1;
38829;202200025265;769 045;B01;1;7;0;2;3;15;1;
38830;202200025265;769 046;A01;1;34;0;2;1;13;1;
38831;202200025267;769 041;A01;2;33;8;2;1;13;1;
38832;202200025267;769 042;B01;2;7;0;2;3;15;1;
38833;202200025268;769 039;A01;2;50;0;2;1;14;3;
38834;202200025268;769 040;B01;2;15;0;2;6;1;1;
38835;202200025269;769 038;A01;1;7;2;0;2;26;1;
38836;202200025270;769 036;A01;3;1;0;2;1;0;5;
38837;202200025270;769 037;B01;3;7;0;9;2;1;1;
38838;202200025271;769 035;A01;3;1;0;1;1;26;5;
38839;202200025272;769 033;B01;0;1;0;2;7;1;5;
38840;202200025272;769 034;A01;0;7;0;2;3;9;1;
38841;202200025273;769 031;B01;2;7;0;2;1;15;1;
38842;202200025273;769 032;A01;1;7;0;2;1;1;1;
38843;202200025274;769 029;B01;1;7;0;2;6;11;1;
38844;202200025274;769 030;A01;1;33;0;2;3;1;1;
38845;202200025275;769 027;Z01;2;7;0;2;3;18;1;
38846;202200025275;769 028;A01;2;14;0;2;7;1;1;
38847;202200025276;769 025;A01;2;43;0;2;4;1;1;
38848;202200025276;769 026;Z01;2;10;0;2;0;1;0;
38849;202200025277;769 021;A01;2;7;0;2;1;13;1;
38850;202200025277;769 022;B01;2;7;0;2;4;1;1;
38851;202200025277;769 023;D01;2;7;0;2;4;1;1;
38852;202200025277;769 024;C01;2;33;0;2;1;1;1;
38853;202200025278;769 020;A01;1;7;0;1;7;1;1;
38854;202200025279;769 018;A01;1;50;0;0;7;1;3;
38855;202200025280;769 016;B01;2;10;0;2;6;23;1;
38856;202200025280;769 017;A01;2;30;0;2;3;1;1;
38857;202200025281;769 015;Z01;2;1;0;1;2;1;5;
38858;202200025282;769 013;A01;2;7;1;0;6;20;1;
38859;202200025282;769 014;B01;2;7;0;2;0;24;1;
38860;202200025283;769 012;A01;1;7;0;1;2;16;1;
38861;202200025284;769 011;A01;1;10;0;1;4;4;1;
38862;202200025285;769 009;A01;1;7;0;0;0;20;1;
38863;202200025285;769 010;B01;2;50;0;2;0;1;3;
38864;202200025286;769 007;B01;1;50;0;0;0;7;3;
38865;202200025286;769 008;A01;1;7;0;2;6;17;1;
38866;202200025287;769 005;B01;2;1;0;0;0;1;5;
38867;202200025287;769 006;A01;2;32;0;2;0;21;1;
38868;202200025288;769 004;A01;1;50;0;0;1;1;3;
38869;202200025289;769 001;Z01;2;7;0;2;0;18;1;
38870;202200025289;769 002;A01;1;7;0;2;0;1;2;
38871;202200025289;769 003;B01;1;7;0;2;0;24;1;
38872;202200025290;768 997;A01;1;13;0;2;2;1;1;
38873;202200025290;768 999;B01;1;30;0;2;3;18;1;
38874;202200025291;768 996;B01;0;7;0;2;7;1;1;
38875;202200025291;768 998;A01;3;43;9;2;1;14;1;
38876;202200025292;768 993;B01;1;15;0;0;4;23;1;
38877;202200025292;768 995;A01;1;15;0;2;1;2;1;
38878;202200025293;768 991;A01;0;7;0;2;1;1;1;
38879;202200025293;768 994;B01;2;7;0;2;7;1;1;
38880;202200025294;768 990;A01;1;33;3;0;2;1;1;
38881;202200025296;768 989;A01;2;7;0;2;1;9;1;
38882;202200025296;768 992;B01;1;43;0;2;8;0;1;
38883;202200025297;768 987;A01;1;7;2;0;2;1;1;
38884;202200025298;768 984;A01;1;7;13;0;9;1;1;
38885;202200025299;768 983;A01;1;33;0;2;4;17;1;
38886;202200025299;768 986;B01;1;0;0;2;4;0;3;
38887;202200025300;768 985;A01;3;7;0;1;1;1;1;
38888;202200025301;768 982;A01;1;7;13;0;1;1;1;
38889;202200025302;768 979;B01;2;1;0;2;8;1;5;
38890;202200025302;768 981;A01;1;7;0;2;1;15;1;
38891;202200025303;768 980;A01;1;1;11;0;1;11;5;
38892;202200025305;768 975;A01;2;33;0;2;1;13;1;
38893;202200025305;768 978;B01;1;7;0;2;3;21;1;
38894;202200025306;768 973;B01;2;7;0;2;4;1;1;
38895;202200025306;768 977;A01;2;7;0;2;1;1;1;
38896;202200025307;768 971;A01;3;2;6;0;7;1;1;
38897;202200025308;768 970;B01;3;2;0;2;1;2;0;
38898;202200025308;768 972;A01;1;30;0;2;7;16;1;
38899;202200025309;768 969;A01;1;32;9;0;0;1;1;
38900;202200025310;768 967;A01;2;43;1;1;1;1;1;
38901;202200025311;768 968;A01;2;2;13;0;0;0;1;
38902;202200025312;768 965;A01;2;43;14;0;3;26;1;
38903;202200025312;768 966;B01;1;7;14;0;3;9;1;
38904;202200025314;768 958;B01;2;37;0;2;1;1;2;1.0
38905;202200025314;768 961;A01;1;10;8;2;7;10;1;
38906;202200025315;768 957;A01;1;30;0;2;1;1;3;
38907;202200025315;768 959;B01;2;30;0;2;7;15;3;
38908;202200025316;768 953;B01;1;7;0;2;1;15;1;
38909;202200025316;768 955;A01;1;30;0;2;1;5;3;
38910;202200025317;768 951;A01;2;32;0;9;1;0;1;
38911;202200025317;768 954;B01;1;1;0;9;1;0;5;
38912;202200025318;768 949;A01;1;14;0;1;2;16;1;
38913;202200025319;768 948;C01;2;1;0;2;1;1;5;
38914;202200025319;768 950;B01;1;7;8;2;3;21;1;
38915;202200025319;768 952;A01;2;7;0;0;0;17;0;
38916;202200025321;768 943;A01;0;33;0;0;0;0;1;
38917;202200025322;768 942;B01;2;7;0;2;2;15;1;
38918;202200025322;768 945;A01;2;32;0;2;1;17;1;
38919;202200025324;768 939;A01;1;10;0;1;2;1;1;
38920;202200025325;768 937;A01;2;1;0;2;1;15;5;
38921;202200025325;768 940;B01;1;7;0;2;2;1;1;
38922;202200025326;768 934;B01;1;7;0;2;7;16;1;
38923;202200025326;768 936;A01;1;2;0;2;8;16;1;
38924;202200025327;768 933;A01;2;7;0;2;1;13;1;
38925;202200025327;768 935;B01;1;15;0;2;1;1;1;
38926;202200025328;768 928;A01;1;7;0;2;1;1;1;
38927;202200025328;768 931;B01;3;1;0;2;8;19;5;
38928;202200025329;768 929;A01;2;7;0;1;3;1;1;
38929;202200025330;768 926;D01;1;7;0;2;6;2;1;
38930;202200025330;768 927;C01;1;7;0;0;4;2;1;
38931;202200025330;768 930;B01;1;7;0;0;6;2;1;
38932;202200025330;768 932;A01;1;7;1;2;2;21;1;
38933;202200025331;768 923;B01;2;7;0;2;1;11;1;
38934;202200025331;768 925;A01;1;7;0;2;1;13;1;
38935;202200025333;768 921;B01;2;10;0;0;6;2;1;
38936;202200025333;768 922;A01;2;7;0;2;1;2;1;
38937;202200025334;768 918;B01;3;1;1;2;1;25;5;
38938;202200025334;768 919;A01;0;7;0;2;2;9;1;
38939;202200025335;768 917;A01;1;50;0;1;7;1;3;
38940;202200025336;768 916;A01;1;7;6;0;3;1;1;
38941;202200025337;768 915;A01;2;7;8;0;1;1;1;
38942;202200025338;768 914;A01;1;7;2;0;1;13;1;
38943;202200025339;768 913;A01;1;7;6;0;2;2;0;
38944;202200025340;768 911;B01;2;13;0;2;1;1;1;
38945;202200025340;768 912;A01;1;7;0;2;7;9;1;
38946;202200025341;768 910;A01;1;2;0;0;7;1;1;
38947;202200025342;768 908;A01;2;7;2;0;2;21;6;
38948;202200025343;768 907;A01;1;33;0;2;1;17;1;
38949;202200025343;768 909;B01;1;7;0;2;6;11;1;
38950;202200025345;768 905;A01;3;2;0;0;1;26;1;
38951;202200025346;768 904;A01;2;7;2;0;2;0;1;
38952;202200025347;768 903;A01;0;7;0;1;1;1;1;
38953;202200025349;768 901;A01;1;2;16;0;7;0;1;