;Num_Acc;id_vehicule;num_veh;senc;catv;obs;obsm;choc;manv;motor;occutc
38954;202200025350;768 900;A01;0;7;2;0;3;13;1;
38955;202200025351;768 899;A01;2;50;13;0;0;1;3;
38956;202200025352;768 894;A01;1;7;0;2;1;1;1;
38957;202200025352;768 898;B01;2;7;0;2;7;1;0;
38958;202200025353;768 891;B01;1;7;0;2;6;15;1;
38959;202200025353;768 895;C01;1;7;0;2;1;17;1;
38960;202200025353;768 897;A01;2;7;0;2;1;1;1;
38961;202200025354;768 889;E01;2;7;0;2;6;1;1;
38962;202200025354;768 890;D01;1;7;0;2;4;2;1;
38963;202200025354;768 892;C01;2;7;0;2;1;1;1;
38964;202200025354;768 893;B01;2;17;0;2;6;1;1;
38965;202200025354;768 896;A01;1;7;13;2;3;13;1;
38966;202200025355;768 887;A01;2;7;3;0;3;1;1;
38967;202200025356;768 888;A01;2;7;6;0;1;1;1;
38968;202200025357;768 886;A01;2;32;0;6;1;0;1;
38969;202200025358;768 883;B01;1;2;0;2;1;2;1;
38970;202200025358;768 885;A01;2;7;0;2;3;17;1;
38971;202200025359;768 882;A01;1;7;13;0;4;16;1;
38972;202200025359;768 884;B01;1;13;0;2;1;2;1;
38973;202200025360;768 881;A01;1;7;2;0;3;13;1;
38974;202200025361;768 880;A01;2;33;2;0;9;21;1;
38975;202200025362;768 878;B01;2;10;0;2;3;1;1;
38976;202200025362;768 879;A01;1;2;0;2;1;13;1;
38977;202200025363;768 877;A01;3;7;0;1;8;1;1;
38978;202200025364;768 875;B01;1;15;0;2;8;1;1;
38979;202200025364;768 876;A01;1;7;4;0;5;1;0;
38980;202200025366;768 870;B01;3;7;0;2;3;23;1;
38981;202200025366;768 874;A01;2;16;0;2;3;15;1;
38982;202200025367;768 871;A01;2;10;6;0;1;0;1;
38983;202200025368;768 869;A01;1;7;2;0;1;14;3;
38984;202200025369;768 866;A01;0;33;0;0;4;2;1;
38985;202200025369;768 867;B01;2;7;0;0;1;2;1;
38986;202200025370;768 864;A01;1;7;13;0;9;1;1;
38987;202200025371;768 865;A01;1;33;0;2;8;13;1;
38988;202200025371;768 868;B01;2;21;0;2;6;1;1;
38989;202200025372;768 862;A01;2;7;6;0;1;1;1;
38990;202200025373;768 861;B01;1;7;0;2;1;2;1;
38991;202200025373;768 863;A01;1;7;0;2;6;1;1;
38992;202200025374;768 860;A01;2;7;8;0;7;1;1;
38993;202200025375;768 859;A01;1;7;6;0;1;1;1;
38994;202200025376;768 857;A01;0;7;0;9;3;14;2;
38995;202200025376;768 858;B01;0;10;0;0;0;1;1;
38996;202200025377;768 855;A01;1;7;6;0;6;1;1;
38997;202200025379;768 852;A01;2;3;12;0;2;1;1;
38998;202200025380;768 851;A01;2;7;0;2;1;2;1;
38999;202200025380;768 853;B01;2;7;3;0;6;1;1;
39000;202200025381;768 850;A01;1;2;8;0;3;15;1;
39001;202200025382;768 849;A01;0;31;0;0;0;26;1;
39002;202200025383;768 844;D01;2;7;0;9;1;2;1;
39003;202200025383;768 846;C01;1;10;3;0;4;2;1;
39004;202200025383;768 847;B01;2;7;3;2;5;2;1;
39005;202200025383;768 848;A01;2;10;0;2;1;2;1;
39006;202200025384;768 845;A01;3;1;0;0;9;1;5;
39007;202200025385;768 843;A01;2;7;6;0;1;5;1;
39008;202200025386;768 842;A01;1;7;0;1;3;1;1;
39009;202200025388;768 836;B01;1;7;0;2;7;17;1;
39010;202200025388;768 837;A01;1;7;0;2;3;15;1;
39011;202200025389;768 835;A01;3;33;14;0;1;1;1;
39012;202200025390;768 838;A01;2;7;0;2;2;15;1;
39013;202200025390;768 841;B01;1;30;0;2;1;1;1;
39014;202200025391;768 834;A01;1;2;8;0;2;14;1;
39015;202200025392;768 831;A01;2;33;0;2;1;17;1;
39016;202200025392;768 832;B01;2;7;8;0;6;15;1;
39017;202200025393;768 830;B01;3;1;0;0;7;1;5;
39018;202200025393;768 833;A01;3;7;0;9;3;9;1;
39019;202200025394;768 827;B01;3;7;0;2;6;1;1;
39020;202200025394;768 828;A01;3;7;0;2;1;1;1;
39021;202200025395;768 826;B01;2;7;0;2;2;1;1;
39022;202200025395;768 829;A01;1;2;0;2;3;16;1;
39023;202200025397;768 821;B01;2;2;0;2;1;1;1;
39024;202200025397;768 824;A01;2;7;0;2;2;15;1;
39025;202200025398;768 823;A01;1;2;0;2;8;19;1;
39026;202200025398;768 825;B01;1;7;0;2;1;1;0;
39027;202200025399;768 819;A01;2;7;13;0;8;13;1;
39028;202200025400;768 815;A01;1;7;0;2;8;17;1;
39029;202200025400;768 817;B01;1;33;0;2;7;17;1;
39030;202200025402;768 814;A01;0;2;8;0;1;1;1;
39031;202200025403;768 812;A01;3;7;0;2;3;1;1;
39032;202200025403;768 813;B01;3;7;0;2;3;1;1;
39033;202200025404;768 811;A01;0;36;6;0;2;1;1;
39034;202200025405;768 809;A01;3;7;2;0;0;0;1;
39035;202200025406;768 808;B01;2;7;0;2;1;1;1;
39036;202200025406;768 810;A01;1;7;0;2;3;13;1;
39037;202200025407;768 807;A01;3;33;0;0;7;1;1;
39038;202200025408;768 806;A01;2;7;0;0;9;14;1;
39039;202200025409;768 804;B01;2;31;0;2;1;1;1;
39040;202200025409;768 805;A01;2;7;0;2;3;19;1;
39041;202200025410;768 801;A01;1;43;9;0;1;26;1;
39042;202200025411;768 802;A01;1;7;0;2;3;13;1;
39043;202200025411;768 803;B01;2;7;0;2;3;1;1;
39044;202200025412;768 798;B01;2;7;0;9;1;1;0;
39045;202200025412;768 800;A01;1;10;3;0;0;1;0;
39046;202200025413;768 797;A01;2;7;0;2;1;15;1;
39047;202200025413;768 799;B01;1;7;0;2;1;1;1;
39048;202200025414;768 795;A01;2;10;0;0;9;14;1;
39049;202200025415;768 794;B01;1;10;0;0;5;23;1;
39050;202200025415;768 796;A01;1;1;0;2;1;1;5;
39051;202200025416;768 791;A01;1;7;0;1;9;23;1;
39052;202200025416;768 792;C01;1;7;0;2;1;1;1;
39053;202200025417;768 790;A01;3;7;0;2;2;15;1;
39054;202200025417;768 793;B01;3;7;0;2;2;21;1;
39055;202200025418;768 788;B01;1;31;0;2;2;1;1;
39056;202200025418;768 789;A01;2;7;0;0;3;10;1;
39057;202200025419;768 785;A01;3;7;0;2;0;1;1;
39058;202200025419;768 787;B01;3;1;0;2;5;1;5;
39059;202200025420;768 784;A01;2;10;4;2;2;0;0;
39060;202200025420;768 786;B01;2;7;3;2;8;1;1;
39061;202200025421;768 782;A01;3;7;0;2;8;1;1;
39062;202200025421;768 783;B01;3;33;0;2;2;21;6;
39063;202200025422;768 780;B01;2;14;0;0;6;24;1;
39064;202200025422;768 781;A01;2;7;1;0;3;1;6;
39065;202200025423;768 779;A01;2;7;13;0;2;1;1;
39066;202200025425;768 775;A01;0;7;0;2;1;5;1;
39067;202200025425;768 777;B01;0;33;0;2;2;1;1;
39068;202200025426;768 773;A01;1;7;0;2;7;14;1;
39069;202200025426;768 774;B01;1;7;0;2;8;1;1;
39070;202200025427;768 772;A01;1;7;0;1;2;2;1;
39071;202200025428;768 771;A01;1;7;3;0;1;0;1;
39072;202200025430;768 768;B01;2;7;0;2;4;2;1;
39073;202200025430;768 769;A01;2;10;0;2;1;2;1;
39074;202200025431;768 767;A01;3;7;13;0;1;0;1;
39075;202200025432;768 765;A01;1;33;16;0;3;1;1;
39076;202200025433;768 764;B01;1;33;4;2;7;1;1;
39077;202200025433;768 766;A01;1;10;0;2;3;13;1;
39078;202200025434;768 763;A01;0;7;4;0;1;0;1;
39079;202200025436;768 760;B01;1;7;0;2;4;0;0;
39080;202200025436;768 762;A01;1;7;0;2;1;0;1;
39081;202200025437;768 756;A01;1;3;0;2;7;15;1;
39082;202200025437;768 759;B01;1;7;0;2;1;1;1;
39083;202200025438;768 753;E01;2;7;0;2;4;2;1;
39084;202200025438;768 754;D01;2;7;0;2;4;2;1;
39085;202200025438;768 755;C01;2;7;0;2;4;2;1;
39086;202200025438;768 757;B01;2;7;0;2;4;2;1;
39087;202200025438;768 758;A01;2;7;0;2;1;2;1;
39088;202200025439;768 752;A01;2;7;2;0;2;1;1;
39089;202200025440;768 749;A01;2;7;0;0;9;1;1;
39090;202200025441;768 750;A01;2;7;0;2;7;12;1;
39091;202200025441;768 751;B01;2;33;0;2;8;2;1;
39092;202200025442;768 748;A01;1;7;0;0;8;1;1;
39093;202200025443;768 747;A01;1;33;0;0;1;15;1;
39094;202200025444;768 742;C01;1;7;0;2;4;2;1;
39095;202200025444;768 744;B01;1;7;0;2;4;2;1;
39096;202200025444;768 745;A01;1;7;0;2;1;2;1;
39097;202200025445;768 743;B01;1;33;0;2;1;17;1;
39098;202200025445;768 746;A01;1;7;0;2;3;15;1;
39099;202200025446;768 740;A01;1;7;0;2;1;2;1;
39100;202200025446;768 741;B01;1;10;0;2;4;2;1;
39101;202200025447;768 738;A01;0;7;2;0;1;1;1;
39102;202200025448;768 735;C01;1;7;0;2;1;2;1;
39103;202200025448;768 736;B01;1;7;0;2;4;2;1;
39104;202200025448;768 737;A01;1;7;0;0;4;2;1;
39105;202200025449;768 733;B01;2;80;0;2;1;1;3;
39106;202200025449;768 734;A01;1;7;0;2;3;13;1;
39107;202200025451;768 729;A01;1;10;0;2;4;2;1;
39108;202200025451;768 731;C01;1;7;0;2;1;2;1;
39109;202200025451;768 732;B01;1;7;0;2;4;2;1;
39110;202200025452;768 728;A01;2;7;4;0;3;1;1;
39111;202200025453;768 727;A01;1;2;0;0;0;14;1;
39112;202200025454;768 724;B01;1;14;0;2;0;0;1;
39113;202200025454;768 726;A01;1;7;0;2;0;0;1;
39114;202200025455;768 723;B01;2;32;0;2;1;13;1;
39115;202200025455;768 725;A01;1;10;0;2;3;1;1;
39116;202200025456;768 722;A01;1;7;0;0;1;0;1;
39117;202200025457;768 720;A01;2;7;0;2;7;14;1;
39118;202200025457;768 721;B01;2;32;0;2;8;1;1;
39119;202200025458;768 717;A01;1;7;0;1;7;1;1;
39120;202200025459;768 716;B01;2;10;0;2;2;1;1;
39121;202200025459;768 718;A01;2;10;0;2;6;11;1;
39122;202200025460;768 715;A01;0;7;0;1;1;1;1;
39123;202200025461;768 714;A01;1;34;2;0;1;14;1;
39124;202200025462;768 708;B01;3;7;0;2;1;1;1;
39125;202200025462;768 710;A01;2;7;0;2;1;1;1;
39126;202200025463;768 707;A01;2;10;0;2;4;0;1;
39127;202200025463;768 709;B01;2;7;0;2;4;0;1;
39128;202200025463;768 711;C01;2;7;0;2;4;0;1;
39129;202200025463;768 712;D01;2;7;0;2;1;0;1;
39130;202200025464;768 702;A01;1;7;0;2;2;13;1;
39131;202200025464;768 704;B01;1;7;0;2;6;2;1;
39132;202200025465;768 701;A01;2;7;0;9;1;1;1;
39133;202200025465;768 703;B01;3;1;0;2;8;19;5;
39134;202200025466;768 699;A01;3;7;0;1;1;1;1;
39135;202200025467;768 698;A01;1;7;0;2;6;11;1;
39136;202200025467;768 700;B01;1;33;0;2;2;3;1;
39137;202200025468;768 694;C01;1;7;0;2;4;2;0;
39138;202200025468;768 696;B01;1;7;0;2;4;23;0;
39139;202200025468;768 697;A01;1;7;0;2;1;2;0;
39140;202200025469;768 693;B01;2;33;0;2;0;1;1;
39141;202200025469;768 695;A01;2;7;0;2;2;12;1;
39142;202200025471;768 689;B01;1;33;0;2;8;1;1;
39143;202200025471;768 690;A01;1;7;0;2;8;5;1;
39144;202200025472;768 687;A01;1;7;0;2;2;13;1;
39145;202200025472;768 688;B01;2;7;0;2;3;1;1;
39146;202200025473;768 685;A01;2;33;0;2;1;3;1;
39147;202200025473;768 686;B01;2;7;0;2;6;1;1;
39148;202200025474;768 682;C01;3;7;0;2;6;0;1;
39149;202200025474;768 683;B01;3;7;1;2;1;1;1;
39150;202200025474;768 684;A01;3;10;0;2;3;16;1;
39151;202200025475;768 678;A01;0;31;0;1;1;25;1;
39152;202200025476;768 676;B01;2;10;0;2;4;12;1;
39153;202200025476;768 677;E01;2;7;0;2;4;0;1;
39154;202200025476;768 679;D01;2;7;0;2;4;1;2;
39155;202200025476;768 680;C01;2;7;0;2;1;1;1;
39156;202200025476;768 681;A01;2;33;0;2;1;3;1;
39157;202200025477;768 675;A01;1;30;0;1;1;1;1;
39158;202200025479;768 669;A01;2;10;0;2;1;1;1;
39159;202200025479;768 670;B01;2;10;0;2;4;2;1;
39160;202200025479;768 671;C01;2;7;0;2;4;1;1;
39161;202200025479;768 673;D01;2;7;0;2;4;1;1;
39162;202200025480;768 667;B01;2;10;0;2;3;15;1;
39163;202200025480;768 668;A01;1;32;0;2;2;17;1;
39164;202200025481;768 663;A01;1;7;0;2;1;15;2;
39165;202200025481;768 665;B01;2;32;0;2;1;1;1;
39166;202200025482;768 662;A01;1;33;0;2;8;3;1;
39167;202200025482;768 664;B01;1;7;0;2;2;12;1;
39168;202200025482;768 666;C01;1;10;0;2;4;1;1;
39169;202200025483;768 661;A01;1;37;0;1;2;12;1;1.0
39170;202200025484;768 658;B01;2;1;0;2;1;2;5;
39171;202200025484;768 660;A01;2;7;0;2;3;1;1;
39172;202200025485;768 657;B01;2;1;0;2;0;0;5;
39173;202200025485;768 659;A01;1;7;0;2;1;15;1;
39174;202200025486;768 656;A01;1;7;0;1;4;4;0;
39175;202200025487;768 653;A01;1;10;0;2;0;0;1;
39176;202200025487;768 654;B01;1;10;0;2;1;1;1;
39177;202200025487;768 655;C01;1;10;0;2;1;1;1;
39178;202200025488;768 652;A01;1;7;0;1;3;1;1;
39179;202200025489;768 650;B01;1;7;0;0;4;2;1;
39180;202200025489;768 651;A01;1;15;0;2;1;26;1;
39181;202200025490;768 649;A01;2;7;12;0;2;0;1;
39182;202200025491;768 647;A01;3;7;0;2;1;1;1;
39183;202200025491;768 648;B01;3;1;0;2;8;1;5;
39184;202200025492;768 646;A01;2;32;14;0;1;1;1;
39185;202200025493;768 644;B01;3;30;0;2;7;1;1;
39186;202200025493;768 645;A01;3;7;0;2;3;9;1;
39187;202200025494;768 642;A01;3;7;0;2;3;26;1;
39188;202200025494;768 643;B01;3;33;0;2;4;2;1;
39189;202200025495;768 640;A01;1;1;0;2;1;15;5;
39190;202200025495;768 641;B01;2;7;0;2;2;1;2;
39191;202200025496;768 639;A01;1;7;0;1;1;1;1;
39192;202200025497;768 633;B01;1;7;0;2;2;1;1;
39193;202200025497;768 634;A01;2;7;0;2;3;1;1;
39194;202200025498;768 629;A01;0;7;0;1;1;9;1;
39195;202200025499;768 628;A01;3;7;0;2;1;9;1;
39196;202200025499;768 630;B01;3;33;0;2;1;3;1;
39197;202200025500;768 626;B01;2;7;0;0;5;23;1;
39198;202200025500;768 627;A01;2;7;0;2;1;2;1;
39199;202200025501;768 624;B01;1;7;0;2;1;2;1;
39200;202200025501;768 625;A01;1;7;0;2;4;2;1;
39201;202200025502;768 621;B01;1;7;0;2;1;1;2;
39202;202200025502;768 623;A01;2;7;0;2;5;19;1;
39203;202200025503;768 620;A01;3;10;0;9;2;9;1;
39204;202200025503;768 622;B01;3;1;0;2;1;1;5;
39205;202200025504;768 619;A01;1;33;0;0;0;2;1;
39206;202200025505;768 618;A01;1;7;0;1;1;15;1;
39207;202200025506;768 616;A01;2;7;0;2;1;15;1;
39208;202200025506;768 617;B01;2;7;0;2;3;1;1;
39209;202200025507;768 615;A01;2;7;15;0;1;1;1;
39210;202200025508;768 613;B01;2;14;0;2;3;1;1;
39211;202200025508;768 614;A01;1;7;0;2;1;13;1;
39212;202200025509;768 609;B01;3;7;0;2;0;0;1;
39213;202200025509;768 611;A01;3;1;0;2;6;1;5;
39214;202200025510;768 608;C01;2;7;0;2;4;1;1;
39215;202200025510;768 610;B01;1;7;9;0;3;1;1;
39216;202200025510;768 612;A01;2;7;0;2;3;13;2;
39217;202200025512;768 604;B01;2;7;0;2;3;1;1;
39218;202200025512;768 605;A01;1;3;0;2;1;10;1;
39219;202200025513;768 603;A01;3;33;0;0;1;21;1;
39220;202200025514;768 600;B01;1;10;0;2;6;1;1;
39221;202200025514;768 602;A01;1;31;0;2;2;16;1;
39222;202200025515;768 598;C01;0;7;0;2;1;26;1;
39223;202200025515;768 599;B01;0;7;0;2;5;19;1;
39224;202200025515;768 601;A01;0;10;0;2;2;26;1;
39225;202200025516;768 595;B01;3;50;0;0;1;0;3;
39226;202200025516;768 597;A01;3;1;0;2;1;0;0;
39227;202200025517;768 596;A01;3;7;0;1;1;26;0;
39228;202200025518;768 592;A01;3;2;0;4;1;19;1;
39229;202200025518;768 594;B01;3;40;0;2;1;1;0;
39230;202200025519;768 591;B01;1;31;0;2;1;3;1;
39231;202200025519;768 593;A01;1;7;0;2;6;2;1;
39232;202200025520;768 588;B01;1;7;0;2;2;1;1;
39233;202200025520;768 590;A01;1;1;0;2;1;9;5;
39234;202200025522;768 585;A01;1;80;0;2;7;21;3;
39235;202200025522;768 586;Z01;1;7;0;2;1;9;1;
39236;202200025524;768 581;A01;1;7;0;2;2;15;1;
39237;202200025524;768 583;B01;2;1;0;2;1;1;5;
39238;202200025527;768 574;A01;1;7;0;2;1;2;1;
39239;202200025527;768 575;B01;1;7;0;2;4;15;1;
39240;202200025528;768 573;A01;3;7;8;0;1;0;1;
39241;202200025529;768 572;A01;0;7;1;0;8;13;1;
39242;202200025530;768 566;B01;2;50;0;2;8;1;3;
39243;202200025530;768 568;A01;1;7;0;2;3;9;3;
39244;202200025531;768 565;B01;3;7;0;2;1;1;1;
39245;202200025531;768 567;A01;3;7;0;2;7;26;1;
39246;202200025532;768 562;A01;1;7;0;2;1;13;2;
39247;202200025532;768 563;B01;1;7;0;2;1;1;1;
39248;202200025533;768 561;B01;0;7;0;2;7;0;0;
39249;202200025533;768 564;A01;0;7;0;2;1;19;1;
39250;202200025534;768 559;B01;2;7;0;2;2;16;1;
39251;202200025534;768 560;A01;2;30;0;2;1;18;1;
39252;202200025536;768 555;A01;1;7;0;2;1;13;1;
39253;202200025536;768 556;B01;2;33;0;2;1;1;1;
39254;202200025537;768 553;B01;2;10;0;2;4;2;1;
39255;202200025537;768 554;A01;2;34;0;2;1;2;1;
39256;202200025538;768 551;B01;2;1;0;2;1;9;5;
39257;202200025538;768 552;A01;1;7;0;2;8;1;1;
39258;202200025539;768 550;A01;1;50;0;1;1;1;3;
39259;202200025540;768 548;A01;1;7;0;2;1;15;1;
39260;202200025540;768 549;B01;2;32;0;2;1;1;1;
39261;202200025543;768 541;B01;0;1;0;2;1;1;5;
39262;202200025543;768 543;A01;0;7;0;2;3;9;1;
39263;202200025544;768 542;A01;1;33;0;2;8;25;1;
39264;202200025544;768 544;B01;1;7;0;9;2;24;1;
39265;202200025545;768 540;A01;2;7;0;1;1;1;1;
39266;202200025546;768 538;A01;1;7;0;9;2;17;1;
39267;202200025546;768 539;B01;1;33;0;2;1;1;1;
39268;202200025547;768 536;B01;1;7;0;2;3;1;1;
39269;202200025547;768 537;A01;1;7;0;2;2;1;1;
39270;202200025548;768 534;A01;3;7;0;1;2;9;1;
39271;202200025550;768 529;A01;0;7;0;2;1;1;1;
39272;202200025550;768 530;B01;0;30;0;2;1;1;1;
39273;202200025550;768 532;C01;0;7;0;2;4;1;1;
39274;202200025551;768 528;B01;1;7;0;2;1;1;1;
39275;202200025551;768 531;A01;2;1;0;2;8;16;5;
39276;202200025552;768 525;A01;2;30;0;2;1;1;1;
39277;202200025552;768 527;Z01;2;7;0;2;1;1;0;
39278;202200025553;768 524;B01;0;7;0;2;2;0;1;
39279;202200025553;768 526;A01;0;99;0;2;0;0;1;
39280;202200025554;768 522;A01;1;32;0;0;7;1;1;
39281;202200025554;768 523;B01;2;10;0;0;0;0;1;
39282;202200025555;768 520;B01;0;1;0;2;0;0;5;
39283;202200025555;768 521;A01;0;14;0;2;4;26;1;
39284;202200025556;768 518;B01;1;7;0;2;4;2;1;
39285;202200025556;768 519;A01;1;7;0;2;1;1;1;
39286;202200025557;768 514;A01;1;30;0;2;1;3;1;
39287;202200025557;768 515;B01;2;7;0;2;3;1;1;
39288;202200025558;768 511;B01;1;1;0;2;0;1;5;
39289;202200025558;768 512;A01;1;7;0;2;1;1;1;
39290;202200025559;768 510;A01;-1;10;0;2;8;19;0;
39291;202200025559;768 513;B01;-1;33;0;2;1;13;1;
39292;202200025560;768 508;A01;1;7;0;2;1;2;1;
39293;202200025560;768 509;B01;1;7;14;0;4;23;1;
39294;202200025561;768 507;A01;0;7;1;0;2;0;1;
39295;202200025562;768 505;A01;1;7;0;2;1;2;1;
39296;202200025562;768 506;B01;1;7;0;0;6;24;1;
39297;202200025563;768 503;A01;1;7;0;2;3;2;1;
39298;202200025563;768 504;B01;1;7;0;2;5;2;1;
39299;202200025564;768 501;B01;1;30;0;2;1;1;1;
39300;202200025564;768 502;A01;1;7;0;2;6;10;1;
39301;202200025565;768 498;A01;1;33;0;2;1;2;1;
39302;202200025565;768 500;B01;1;33;0;2;4;1;1;
39303;202200025566;768 497;A01;1;33;0;2;1;1;1;
39304;202200025566;768 499;B01;1;7;0;2;3;1;1;
39305;202200025567;768 496;A01;0;7;0;1;1;1;1;
39306;202200025568;768 494;B01;1;33;0;2;1;1;1;
39307;202200025568;768 495;A01;1;7;0;2;8;15;1;
39308;202200025569;768 492;B01;3;7;0;2;4;1;1;
39309;202200025569;768 493;A01;3;7;0;2;1;2;1;
39310;202200025570;768 490;A01;1;33;0;2;1;1;1;
39311;202200025570;768 491;B01;1;7;0;2;7;16;1;
39312;202200025571;768 486;B01;1;7;0;2;4;1;1;
39313;202200025571;768 487;A01;1;32;0;2;1;2;1;
39314;202200025572;768 488;B01;2;33;1;2;1;17;1;
39315;202200025572;768 489;A01;2;7;1;2;1;11;1;
39316;202200025575;768 479;A01;2;7;13;0;2;14;1;
39317;202200025576;768 478;A01;3;7;8;0;1;14;1;
39318;202200025577;768 477;A01;2;7;0;1;4;4;1;
39319;202200025578;768 476;A01;3;7;0;0;9;14;1;
39320;202200025579;768 473;A01;1;7;0;2;1;19;1;
39321;202200025579;768 475;B01;2;7;0;2;2;1;1;
39322;202200025580;768 471;A01;2;30;0;1;1;17;1;
39323;202200025581;768 472;A01;3;7;0;2;3;9;1;
39324;202200025581;768 474;B01;3;1;0;2;1;26;5;
39325;202200025582;768 467;A01;2;30;0;2;1;5;1;
39326;202200025582;768 469;B01;2;7;0;2;7;1;1;
39327;202200025583;768 468;A01;3;7;0;2;4;16;1;
39328;202200025583;768 470;Z01;3;7;0;2;1;1;1;
39329;202200025584;768 464;B01;0;32;0;2;2;0;1;
39330;202200025584;768 466;A01;0;7;0;2;3;9;1;
39331;202200025585;768 463;B01;0;7;0;0;3;1;1;
39332;202200025585;768 465;A01;0;7;0;0;3;15;1;
39333;202200025586;768 462;A01;0;7;0;1;3;15;3;
39334;202200025587;768 460;A01;3;7;0;1;2;2;1;
39335;202200025588;768 459;A01;3;32;0;2;7;15;1;
39336;202200025588;768 461;B01;2;7;0;2;3;1;1;
39337;202200025589;768 456;B01;1;1;0;2;7;1;5;
39338;202200025589;768 458;A01;3;7;0;2;1;9;1;
39339;202200025590;768 455;B01;1;60;0;2;3;13;5;
39340;202200025590;768 457;A01;1;7;0;9;8;1;1;
39341;202200025591;768 453;B01;3;2;0;2;2;1;3;
39342;202200025591;768 454;A01;0;7;0;2;3;9;1;
39343;202200025592;768 450;A01;2;7;6;0;3;26;2;
39344;202200025593;768 447;B01;1;7;0;2;5;2;1;
39345;202200025593;768 448;C01;1;1;0;2;5;26;5;
39346;202200025594;768 449;A01;1;7;0;2;7;14;1;
39347;202200025594;768 451;C01;1;7;0;2;5;2;1;
39348;202200025594;768 452;B01;1;15;0;2;8;2;1;
39349;202200025595;768 445;Z01;1;7;0;2;1;2;2;
39350;202200025595;768 446;A01;1;7;0;2;4;2;1;
39351;202200025596;768 440;D01;2;7;0;2;5;2;2;
39352;202200025596;768 441;A01;2;10;0;2;1;2;1;
39353;202200025596;768 442;C01;2;7;0;2;4;2;1;
39354;202200025596;768 443;B01;2;7;0;2;4;2;1;
39355;202200025597;768 439;A01;2;33;0;2;1;2;1;
39356;202200025597;768 444;B01;2;10;0;2;4;2;1;
39357;202200025598;768 437;Z01;1;7;0;2;7;12;1;
39358;202200025598;768 438;A01;1;31;0;2;8;3;1;
39359;202200025600;768 433;A01;1;7;0;2;2;11;1;
39360;202200025600;768 436;B01;1;43;0;2;6;1;1;
39361;202200025601;768 431;B01;3;7;0;2;0;24;1;
39362;202200025601;768 432;A01;3;7;0;2;0;1;1;
39363;202200025602;768 428;A01;3;7;0;2;6;23;1;
39364;202200025602;768 429;B01;3;1;0;2;1;17;5;
39365;202200025603;768 425;A01;2;7;1;1;4;4;3;
39366;202200025604;768 426;A01;1;33;0;2;1;3;1;
39367;202200025604;768 427;B01;1;7;0;2;8;11;2;
39368;202200025604;768 430;C01;1;7;0;2;6;1;1;
39369;202200025605;768 424;A01;3;7;0;1;2;1;2;
39370;202200025606;768 421;A01;2;14;0;2;5;1;1;
39371;202200025606;768 423;B01;2;1;0;2;3;18;5;
39372;202200025607;768 419;A01;2;7;0;2;2;7;2;
39373;202200025607;768 422;B01;1;50;0;2;1;5;3;
39374;202200025608;768 418;A01;3;10;0;2;2;1;3;
39375;202200025608;768 420;B01;3;43;0;2;4;1;1;
39376;202200025609;768 413;A01;2;7;12;2;1;2;0;
39377;202200025609;768 414;B01;2;7;0;2;1;23;1;
39378;202200025609;768 415;C01;2;7;0;2;4;23;1;
39379;202200025609;768 416;D01;2;7;0;2;1;23;1;
39380;202200025609;768 417;E01;2;7;0;2;4;23;1;
39381;202200025610;768 412;A01;1;7;0;1;1;15;1;
39382;202200025611;768 411;A01;2;7;0;1;1;16;1;
39383;202200025613;768 407;Z01;3;37;0;2;0;15;0;1.0
39384;202200025613;768 408;A01;2;43;0;2;0;17;1;
39385;202200025614;768 406;B01;1;7;0;2;2;1;1;
39386;202200025614;768 409;A01;1;33;0;2;3;1;1;
39387;202200025615;768 405;A01;2;7;0;1;3;1;1;
39388;202200025616;768 403;A01;2;7;0;2;6;9;1;
39389;202200025616;768 404;B01;2;2;0;2;2;1;1;
39390;202200025617;768 400;B01;2;7;0;2;1;15;1;
39391;202200025617;768 402;A01;1;1;0;2;1;1;5;
39392;202200025618;768 399;Z01;3;30;0;2;0;9;1;
39393;202200025618;768 401;A01;3;1;0;2;2;1;5;
39394;202200025619;768 397;A01;2;10;0;2;3;15;1;
39395;202200025619;768 398;B01;2;1;0;2;2;1;5;
39396;202200025621;768 395;A01;1;50;1;0;1;14;3;
39397;202200025622;768 394;A01;3;50;0;1;7;21;3;
39398;202200025624;768 390;B01;1;32;0;2;1;2;1;
39399;202200025624;768 392;A01;1;7;0;2;3;9;2;
39400;202200025625;768 389;A01;2;32;0;2;3;18;1;
39401;202200025625;768 391;B01;2;7;0;2;2;14;2;
39402;202200025626;768 388;A01;2;32;0;1;2;1;1;
39403;202200025627;768 386;B01;1;50;1;2;5;14;3;
39404;202200025627;768 387;A01;1;33;0;2;3;18;1;
39405;202200025628;768 384;B01;1;34;0;2;1;1;1;
39406;202200025628;768 385;A01;1;7;0;2;3;10;1;
39407;202200025629;768 382;B01;1;30;0;2;1;1;1;
39408;202200025629;768 383;A01;2;7;0;2;7;15;2;
39409;202200025630;768 380;A01;1;30;0;2;3;1;1;
39410;202200025630;768 381;Z01;2;7;0;2;1;13;1;
39411;202200025632;768 376;B01;2;1;0;2;8;1;5;
39412;202200025632;768 378;A01;2;1;0;2;7;17;5;
39413;202200025633;768 375;A01;1;30;0;1;1;1;3;
39414;202200025634;768 373;A01;1;10;0;2;5;15;1;