;Num_Acc;id_vehicule;num_veh;senc;catv;obs;obsm;choc;manv;motor;occutc
39415;202200025634;768 374;B01;2;1;0;2;1;1;5;
39416;202200025635;768 371;A01;2;7;8;0;4;4;2;
39417;202200025636;768 370;B01;1;33;0;2;3;1;1;
39418;202200025636;768 372;A01;1;10;0;2;1;1;1;
39419;202200025637;768 369;A01;1;50;12;0;1;14;3;
39420;202200025638;768 368;A01;1;1;0;1;0;21;5;
39421;202200025639;768 367;A01;1;50;0;0;2;1;3;
39422;202200025640;768 365;A01;1;33;0;2;2;9;1;
39423;202200025640;768 366;B01;1;31;0;2;2;1;1;
39424;202200025641;768 363;A01;2;7;0;2;1;15;1;
39425;202200025641;768 364;B01;1;50;0;2;3;1;3;
39426;202200025642;768 361;B01;1;7;0;2;6;13;1;
39427;202200025642;768 362;A01;1;43;0;2;2;1;1;
39428;202200025643;768 359;A01;1;16;0;2;1;2;1;
39429;202200025643;768 360;B01;1;7;0;2;4;23;1;
39430;202200025644;768 357;B01;3;7;0;2;3;19;1;
39431;202200025644;768 358;A01;2;7;0;2;1;1;1;
39432;202200025645;768 353;A01;2;7;0;2;3;9;1;
39433;202200025645;768 354;B01;2;1;0;2;4;15;5;
39434;202200025646;768 355;B01;2;10;0;2;2;16;1;
39435;202200025646;768 356;A01;2;30;0;2;1;2;1;
39436;202200025647;768 350;B01;1;2;0;2;1;1;1;
39437;202200025647;768 352;A01;1;7;0;2;7;9;1;
39438;202200025648;768 349;A01;2;33;0;2;1;2;1;
39439;202200025648;768 351;B01;2;7;0;2;4;2;1;
39440;202200025649;768 347;A01;-1;43;0;1;1;3;1;
39441;202200025650;768 346;A01;1;7;0;2;4;23;1;
39442;202200025650;768 348;B01;1;7;0;2;1;2;2;
39443;202200025651;768 342;A01;2;7;0;2;1;1;1;
39444;202200025651;768 343;B01;2;7;0;2;4;23;1;
39445;202200025651;768 345;C01;2;7;0;2;4;23;1;
39446;202200025652;768 341;A01;2;31;14;0;1;1;1;
39447;202200025653;768 340;A01;1;7;0;2;1;14;1;
39448;202200025653;768 344;B01;0;7;0;2;1;1;1;
39449;202200025654;768 339;A01;1;7;1;0;3;1;1;
39450;202200025655;768 336;A01;0;7;8;2;5;1;1;
39451;202200025655;768 338;B01;0;32;0;2;1;1;1;
39452;202200025656;768 335;B01;1;50;0;2;0;0;3;
39453;202200025656;768 337;A01;2;7;0;2;0;0;1;
39454;202200025658;768 333;A01;2;32;11;0;1;15;1;
39455;202200025659;768 332;A01;1;10;0;1;2;9;1;
39456;202200025660;768 331;A01;1;7;0;1;2;2;0;
39457;202200025661;768 327;A01;2;7;0;2;2;16;1;
39458;202200025661;768 329;B01;2;50;0;2;8;1;3;
39459;202200025662;768 328;A01;1;7;0;2;1;1;1;
39460;202200025662;768 330;B01;1;2;0;2;4;0;1;
39461;202200025663;768 326;A01;2;1;0;0;0;14;5;
39462;202200025665;768 323;B01;3;1;1;0;0;0;5;
39463;202200025665;768 324;A01;3;3;0;9;5;18;0;
39464;202200025666;768 321;B01;2;7;0;2;1;2;1;
39465;202200025666;768 322;A01;2;15;0;2;4;2;1;
39466;202200025667;768 320;A01;3;30;0;2;0;26;1;
39467;202200025668;768 318;B01;1;1;1;0;1;2;5;
39468;202200025668;768 319;A01;1;7;0;0;0;0;1;
39469;202200025669;768 312;A01;1;10;0;2;1;1;1;
39470;202200025669;768 314;B01;1;7;0;2;4;1;1;
39471;202200025669;768 316;C01;1;7;0;2;4;1;2;
39472;202200025669;768 317;D01;1;7;0;2;4;0;1;
39473;202200025670;768 313;B01;1;32;0;2;1;1;1;
39474;202200025670;768 315;A01;1;7;0;2;3;19;1;
39475;202200025671;768 310;A01;2;7;0;1;2;1;1;
39476;202200025672;768 309;B01;1;1;0;2;3;21;5;
39477;202200025672;768 311;A01;1;7;0;2;2;16;4;
39478;202200025673;768 307;A01;1;7;0;1;2;0;1;
39479;202200025674;768 306;A01;2;33;0;2;1;17;1;
39480;202200025674;768 308;B01;2;7;0;2;3;15;1;
39481;202200025675;768 304;B01;3;80;0;2;1;1;3;
39482;202200025675;768 305;A01;3;7;0;2;1;1;1;
39483;202200025676;768 302;A01;2;7;0;2;1;21;2;
39484;202200025676;768 303;B01;2;7;0;0;4;16;1;
39485;202200025677;768 301;A01;1;33;0;0;7;1;1;
39486;202200025678;768 299;B01;0;7;0;2;1;0;1;
39487;202200025678;768 300;A01;0;2;0;2;1;13;1;
39488;202200025680;768 297;A01;3;7;6;0;1;1;1;
39489;202200025681;768 295;A01;2;2;1;0;1;1;1;
39490;202200025682;768 293;B01;3;50;0;2;8;1;3;
39491;202200025682;768 294;A01;3;7;0;2;1;10;1;
39492;202200025683;768 292;A01;1;7;0;1;2;0;1;
39493;202200025684;768 291;A01;1;7;0;1;1;2;1;
39494;202200025686;768 288;A01;1;99;6;0;1;26;1;
39495;202200025688;768 285;A01;1;7;0;2;2;15;1;
39496;202200025688;768 286;B01;2;33;0;2;1;1;1;
39497;202200025689;768 283;B01;1;7;0;2;3;21;1;
39498;202200025689;768 284;A01;2;7;0;2;3;5;1;
39499;202200025690;768 282;A01;1;7;3;0;2;1;1;
39500;202200025691;768 280;A01;1;7;0;0;7;19;1;
39501;202200025691;768 281;B01;1;33;0;2;8;1;1;
39502;202200025692;768 278;A01;1;33;0;2;1;2;1;
39503;202200025692;768 279;B01;1;33;0;0;4;2;1;
39504;202200025694;768 276;A01;1;7;0;0;0;13;1;
39505;202200025695;768 275;A01;2;7;15;0;9;13;1;
39506;202200025696;768 273;B01;2;10;0;2;3;1;1;
39507;202200025696;768 274;A01;1;99;0;2;4;13;6;
39508;202200025697;768 272;A01;1;7;14;0;1;0;1;
39509;202200025698;768 271;A01;1;7;13;0;1;14;1;
39510;202200025699;768 270;A01;2;33;0;0;1;1;1;
39511;202200025700;768 269;A01;3;7;6;0;1;1;1;
39512;202200025701;768 267;B01;3;10;0;2;8;15;1;
39513;202200025701;768 268;A01;3;33;0;2;8;1;1;
39514;202200025702;768 265;A01;2;7;0;2;1;15;1;
39515;202200025702;768 266;B01;1;2;0;2;1;1;1;
39516;202200025703;768 264;A01;3;7;1;0;2;1;1;
39517;202200025704;768 262;B01;1;7;0;2;1;1;1;
39518;202200025704;768 263;A01;2;7;0;2;1;13;1;
39519;202200025705;768 261;A01;3;7;0;1;2;20;1;
39520;202200025706;768 259;A01;3;2;0;2;6;19;1;
39521;202200025706;768 260;B01;1;7;0;2;3;15;1;
39522;202200025707;768 257;A01;2;7;12;2;2;15;1;
39523;202200025707;768 258;B01;1;7;12;2;1;1;1;
39524;202200025708;768 256;A01;2;7;0;0;1;13;1;
39525;202200025710;768 254;A01;3;1;0;0;0;1;5;
39526;202200025711;768 252;A01;3;2;0;2;1;5;1;
39527;202200025711;768 253;B01;3;2;8;2;8;1;1;
39528;202200025712;768 251;A01;0;2;0;0;0;0;1;
39529;202200025713;768 249;B01;2;2;0;2;4;1;1;
39530;202200025713;768 250;A01;2;7;0;2;2;1;1;
39531;202200025714;768 247;A01;2;14;0;2;2;1;1;
39532;202200025714;768 248;B01;1;7;0;2;1;15;1;
39533;202200025715;768 245;A01;1;50;0;2;1;26;3;
39534;202200025715;768 246;B01;1;1;0;2;1;26;5;
39535;202200025717;768 241;A01;2;7;0;2;1;2;1;
39536;202200025717;768 242;B01;2;50;0;2;4;2;3;
39537;202200025718;768 239;B01;3;7;0;2;1;1;1;
39538;202200025718;768 240;A01;3;1;0;2;1;5;5;
39539;202200025719;768 235;D01;0;7;0;2;1;0;1;
39540;202200025719;768 236;C01;0;7;0;2;0;0;1;
39541;202200025719;768 237;B01;0;7;0;2;1;0;1;
39542;202200025719;768 238;A01;3;14;0;2;4;0;1;
39543;202200025720;768 233;B01;1;1;0;2;1;1;5;
39544;202200025720;768 234;A01;2;7;0;2;6;9;1;
39545;202200025721;768 232;A01;2;34;1;0;1;1;1;
39546;202200025723;768 229;B01;1;7;0;2;4;1;1;
39547;202200025723;768 230;A01;1;7;0;2;1;1;1;
39548;202200025724;768 228;A01;1;7;0;1;1;1;1;
39549;202200025725;768 226;B01;1;7;0;2;2;1;1;
39550;202200025725;768 227;A01;1;7;3;2;8;10;1;
39551;202200025726;768 225;A01;1;7;0;1;2;1;1;
39552;202200025727;768 223;A01;0;10;0;2;3;9;1;
39553;202200025727;768 224;B01;0;2;0;2;1;1;1;
39554;202200025728;768 221;B01;1;7;0;2;3;26;1;
39555;202200025728;768 222;A01;1;2;0;2;1;26;1;
39556;202200025729;768 219;B01;3;50;0;4;7;19;3;
39557;202200025729;768 220;A01;3;40;0;2;3;1;3;
39558;202200025730;768 217;A01;1;50;0;2;1;5;3;
39559;202200025730;768 218;B01;2;7;0;2;2;1;1;
39560;202200025731;768 214;B01;1;3;0;2;1;1;0;
39561;202200025731;768 215;C01;1;7;0;2;4;23;1;
39562;202200025731;768 216;A01;1;7;0;2;1;1;1;
39563;202200025732;768 212;A01;1;7;0;2;1;9;1;
39564;202200025732;768 213;B01;2;50;0;2;8;1;3;
39565;202200025733;768 210;A01;1;50;0;2;0;5;3;
39566;202200025733;768 211;B01;2;7;0;2;0;16;1;
39567;202200025734;768 208;A01;2;2;0;0;7;1;1;
39568;202200025735;768 206;B01;2;7;0;2;1;2;1;
39569;202200025735;768 207;A01;2;7;0;2;4;23;1;
39570;202200025736;768 204;B01;1;33;0;2;1;1;1;
39571;202200025736;768 205;A01;1;30;0;2;6;19;1;
39572;202200025738;768 200;B01;2;33;0;2;1;1;1;
39573;202200025738;768 201;A01;1;7;0;2;2;1;1;
39574;202200025739;768 198;A01;1;7;0;2;3;10;1;
39575;202200025739;768 199;B01;1;2;0;2;1;1;1;
39576;202200025740;768 196;A01;1;1;0;2;1;1;5;
39577;202200025740;768 197;B01;2;7;0;9;3;23;1;
39578;202200025741;768 195;A01;3;7;1;1;1;21;1;
39579;202200025742;768 193;A01;3;31;0;2;0;18;1;
39580;202200025742;768 194;B01;3;14;0;2;3;1;0;
39581;202200025743;768 192;A01;1;30;8;0;1;14;1;
39582;202200025744;768 189;A01;1;7;0;2;1;2;1;
39583;202200025744;768 190;B01;1;7;0;2;4;2;1;
39584;202200025744;768 191;C01;1;7;0;0;4;2;1;
39585;202200025745;768 188;A01;1;30;0;0;0;14;1;
39586;202200025746;768 186;A01;1;34;0;2;8;1;1;
39587;202200025746;768 187;Z01;2;7;0;2;0;15;0;
39588;202200025747;768 184;B01;1;37;0;2;2;1;3;1.0
39589;202200025747;768 185;A01;1;1;0;2;8;9;5;
39590;202200025748;768 183;A01;3;34;0;0;0;21;1;
39591;202200025749;768 181;A01;2;7;0;2;3;9;1;
39592;202200025749;768 182;B01;1;80;0;2;1;1;3;
39593;202200025750;768 180;A01;1;1;0;1;8;1;5;
39594;202200025751;768 178;B01;1;33;0;2;3;1;1;
39595;202200025751;768 179;A01;3;1;0;2;1;9;5;
39596;202200025752;768 177;A01;1;30;0;1;1;1;1;
39597;202200025753;768 175;B01;3;7;0;2;2;1;1;
39598;202200025753;768 176;A01;3;32;0;2;1;15;1;
39599;202200025754;768 173;C01;0;7;1;2;6;1;1;
39600;202200025754;768 174;A01;0;7;8;2;1;26;1;
39601;202200025755;768 171;A01;3;7;0;2;3;15;1;
39602;202200025755;768 172;B01;3;33;0;2;2;17;1;
39603;202200025756;768 169;B01;3;7;0;2;1;1;1;
39604;202200025756;768 170;A01;3;7;0;2;3;15;3;
39605;202200025757;768 167;B01;2;7;0;2;3;1;1;
39606;202200025757;768 168;A01;1;7;0;2;1;16;2;
39607;202200025758;768 165;B01;2;7;0;0;6;23;2;
39608;202200025758;768 166;A01;2;7;0;2;2;21;1;
39609;202200025759;768 164;A01;0;7;0;1;1;1;1;
39610;202200025760;768 162;B01;1;32;0;2;3;2;1;
39611;202200025760;768 163;A01;1;32;0;2;5;2;1;
39612;202200025761;768 160;B01;1;7;0;2;2;1;1;
39613;202200025761;768 161;A01;-1;7;0;2;0;0;2;
39614;202200025762;768 158;A01;1;10;0;1;4;4;1;
39615;202200025763;768 159;A01;3;7;0;1;8;1;1;
39616;202200025764;768 157;A01;1;7;0;1;1;15;1;
39617;202200025765;768 155;B01;1;34;0;2;1;21;1;
39618;202200025765;768 156;A01;1;1;0;2;4;19;5;
39619;202200025767;768 152;A01;3;7;0;2;3;11;1;
39620;202200025767;768 154;B01;3;50;0;2;4;15;3;
39621;202200025769;768 148;B01;1;7;0;2;1;1;1;
39622;202200025769;768 149;A01;2;7;0;2;1;15;1;
39623;202200025770;768 147;B01;2;1;0;2;8;2;5;
39624;202200025770;768 150;A01;2;7;0;2;7;2;1;
39625;202200025771;768 146;A01;1;7;2;0;1;13;1;
39626;202200025772;768 144;A01;3;10;6;0;3;13;1;
39627;202200025773;768 142;A01;3;7;0;1;1;1;3;
39628;202200025774;768 143;A01;1;7;0;2;0;11;1;
39629;202200025774;768 145;B01;1;1;0;2;0;0;5;
39630;202200025775;768 140;B01;2;7;0;2;1;1;1;
39631;202200025775;768 141;A01;1;7;0;2;1;15;1;
39632;202200025776;768 139;A01;1;7;13;0;3;1;1;
39633;202200025777;768 138;A01;1;2;0;1;2;21;1;
39634;202200025779;768 134;A01;2;7;0;1;1;0;1;
39635;202200025780;768 133;A01;1;33;0;0;9;1;1;
39636;202200025781;768 130;A01;2;7;0;2;1;1;1;
39637;202200025781;768 132;B01;1;7;0;2;7;0;1;
39638;202200025782;768 128;A01;2;7;0;2;3;9;2;
39639;202200025782;768 129;B01;3;2;0;2;1;9;1;
39640;202200025783;768 127;B01;2;10;0;2;8;1;1;
39641;202200025783;768 131;A01;2;7;0;2;1;1;1;
39642;202200025784;768 125;B01;2;7;0;2;1;1;1;
39643;202200025784;768 126;A01;1;7;0;2;1;13;1;
39644;202200025785;768 124;A01;3;7;0;1;4;4;1;
39645;202200025786;768 123;A01;0;7;0;1;1;26;1;
39646;202200025787;768 122;A01;2;7;0;1;1;1;1;
39647;202200025788;768 120;B01;1;7;0;2;1;1;1;
39648;202200025788;768 121;A01;1;10;0;0;4;16;1;
39649;202200025789;768 117;A01;1;7;0;2;3;17;1;
39650;202200025789;768 118;B01;2;2;0;2;3;21;1;
39651;202200025790;768 115;B01;2;15;0;2;3;1;1;
39652;202200025790;768 116;A01;1;7;0;2;3;13;1;
39653;202200025791;768 113;A01;0;7;0;2;5;1;1;
39654;202200025791;768 114;B01;0;7;0;2;1;1;1;
39655;202200025792;768 112;A01;1;7;0;1;4;4;1;
39656;202200025793;768 111;A01;1;7;17;0;3;1;1;
39657;202200025794;768 109;A01;2;15;0;1;3;9;1;
39658;202200025795;768 106;A01;1;10;0;2;3;9;1;
39659;202200025795;768 107;B01;1;1;0;2;1;1;5;
39660;202200025796;768 108;A01;3;7;12;2;3;1;1;
39661;202200025796;768 110;B01;3;38;0;2;8;1;1;1.0
39662;202200025797;768 104;B01;1;7;0;2;2;1;1;
39663;202200025797;768 105;A01;2;2;0;2;7;11;1;
39664;202200025798;768 103;A01;1;30;0;1;1;17;1;
39665;202200025799;768 100;C01;2;1;0;2;4;2;5;
39666;202200025799;768 101;B01;2;1;0;2;4;2;5;
39667;202200025799;768 102;A01;2;7;0;9;2;2;1;
39668;202200025800;768 098;A01;1;10;0;1;2;1;1;
39669;202200025801;768 097;A01;3;7;0;2;3;17;1;
39670;202200025801;768 099;B01;3;33;0;2;7;1;1;
39671;202200025802;768 091;C01;1;7;0;2;1;0;1;
39672;202200025802;768 092;B01;1;7;0;2;4;0;1;
39673;202200025802;768 094;E01;1;7;0;0;4;0;1;
39674;202200025802;768 095;D01;1;7;0;2;1;0;1;
39675;202200025802;768 096;A01;1;7;0;2;4;0;1;
39676;202200025803;768 090;A01;2;7;0;2;2;16;1;
39677;202200025803;768 093;B01;2;50;0;2;1;1;3;
39678;202200025804;768 086;B01;1;7;0;0;4;1;1;
39679;202200025804;768 087;A01;1;7;0;2;1;1;1;
39680;202200025805;768 084;B01;2;50;0;2;8;19;3;
39681;202200025805;768 085;A01;2;10;0;2;2;1;1;
39682;202200025807;768 078;C01;1;7;0;2;6;1;1;
39683;202200025807;768 079;B01;2;7;0;2;8;1;1;
39684;202200025807;768 081;A01;1;2;0;2;2;3;1;
39685;202200025808;768 077;B01;2;34;0;2;1;1;1;
39686;202200025808;768 080;A01;1;7;0;2;5;5;1;
39687;202200025810;768 073;A01;2;7;8;0;1;14;3;
39688;202200025811;768 071;A01;1;7;0;2;3;17;1;
39689;202200025811;768 072;B01;1;7;0;2;3;1;1;
39690;202200025811;768 074;C01;2;1;0;2;8;1;5;
39691;202200025812;768 070;A01;1;7;3;0;0;26;2;
39692;202200025813;768 068;A01;2;7;8;0;1;1;1;
39693;202200025815;768 067;A01;1;7;13;0;3;1;1;
39694;202200025816;768 065;Z01;3;50;0;1;1;1;3;
39695;202200025817;768 063;C01;2;17;0;2;2;2;1;
39696;202200025817;768 064;B01;2;7;0;2;4;1;1;
39697;202200025817;768 066;A01;2;7;0;2;1;2;1;
39698;202200025818;768 061;A01;3;7;0;2;3;15;1;
39699;202200025818;768 062;B01;0;30;0;2;1;1;1;
39700;202200025819;768 059;B01;2;30;0;2;1;1;1;
39701;202200025819;768 060;A01;2;1;0;2;8;1;5;
39702;202200025820;768 058;A01;1;7;3;0;0;0;3;
39703;202200025821;768 056;A01;0;10;2;0;8;1;1;
39704;202200025822;768 057;A01;0;7;0;1;3;9;1;
39705;202200025823;768 054;A01;2;2;0;2;1;1;1;
39706;202200025823;768 055;B01;1;7;0;2;0;26;0;
39707;202200025824;768 052;A01;2;7;0;1;2;1;1;
39708;202200025825;768 053;A01;1;7;0;1;1;1;1;
39709;202200025826;768 051;A01;2;7;8;0;1;1;1;
39710;202200025827;768 048;B01;0;7;16;0;0;1;1;
39711;202200025827;768 050;A01;0;7;16;2;0;2;1;
39712;202200025828;768 045;A01;0;10;0;0;8;19;0;
39713;202200025828;768 046;B01;0;1;0;2;1;1;5;
39714;202200025830;768 044;A01;1;7;2;0;2;1;1;
39715;202200025831;768 043;A01;2;7;6;0;0;14;1;
39716;202200025832;768 041;A01;2;7;1;0;1;1;1;
39717;202200025832;768 042;B01;2;7;1;0;4;24;1;
39718;202200025833;768 038;B01;2;7;0;2;1;1;1;
39719;202200025833;768 039;A01;2;7;0;2;4;1;1;
39720;202200025834;768 037;A01;2;7;1;0;1;1;1;
39721;202200025835;768 034;B01;1;7;0;2;4;2;1;
39722;202200025835;768 035;A01;1;7;0;2;1;2;1;
39723;202200025836;768 033;A01;1;7;0;2;4;2;1;
39724;202200025837;768 031;B01;1;7;0;2;3;1;1;
39725;202200025837;768 032;A01;1;7;0;2;1;12;1;
39726;202200025838;768 027;A01;2;7;0;2;1;2;1;
39727;202200025838;768 028;B01;2;7;0;2;4;2;1;
39728;202200025838;768 030;C01;2;7;1;0;8;2;1;
39729;202200025839;768 026;B01;1;7;0;9;1;2;2;
39730;202200025839;768 029;A01;3;15;17;0;0;0;1;
39731;202200025840;768 021;E01;2;7;0;2;1;2;1;
39732;202200025840;768 022;D01;2;7;0;2;1;2;1;
39733;202200025840;768 023;C01;2;10;0;2;4;2;1;
39734;202200025840;768 024;B01;2;7;0;2;4;2;1;
39735;202200025840;768 025;A01;2;10;0;2;1;1;1;
39736;202200025841;768 017;B01;2;7;3;2;8;1;1;
39737;202200025841;768 019;A01;2;7;3;2;1;1;1;
39738;202200025842;768 018;B01;0;60;0;2;0;1;5;
39739;202200025842;768 020;A01;0;7;0;2;3;9;0;
39740;202200025843;768 015;B01;2;33;0;2;8;3;1;
39741;202200025843;768 016;A01;2;7;0;2;5;12;1;
39742;202200025844;768 013;A01;2;7;3;0;1;13;1;
39743;202200025845;768 014;A01;1;37;1;1;5;1;1;1.0
39744;202200025846;768 011;Z01;1;7;0;2;2;1;0;
39745;202200025846;768 012;A01;1;17;6;2;8;1;4;
39746;202200025848;768 005;B01;2;7;0;2;4;1;1;
39747;202200025848;768 006;A01;2;7;0;2;1;1;1;
39748;202200025849;768 007;A01;2;7;0;2;3;24;1;
39749;202200025849;768 009;B01;2;1;0;2;7;1;5;
39750;202200025850;768 004;A01;2;7;4;0;3;21;1;
39751;202200025851;768 001;A01;1;7;0;1;1;16;1;
39752;202200025852;768 002;A01;1;33;0;2;1;2;1;
39753;202200025852;768 003;B01;1;10;0;2;4;4;0;
39754;202200025853;768 000;A01;3;30;0;0;0;14;1;
39755;202200025855;767 995;A01;2;7;0;1;2;1;1;
39756;202200025856;767 996;A01;1;7;0;2;1;15;1;
39757;202200025856;767 998;B01;2;1;0;2;1;1;5;
39758;202200025857;767 994;A01;1;7;1;0;1;2;1;
39759;202200025858;767 992;B01;1;7;0;2;6;26;1;
39760;202200025858;767 993;A01;1;7;0;2;3;13;1;
39761;202200025859;767 990;A01;3;7;0;2;3;1;1;
39762;202200025859;767 991;B01;3;2;0;2;4;17;1;
39763;202200025860;767 988;A01;1;7;0;2;1;2;1;
39764;202200025860;767 989;B01;1;7;0;2;4;2;1;
39765;202200025861;767 987;A01;2;7;3;0;9;9;1;
39766;202200025862;767 984;A01;1;7;0;2;2;26;1;
39767;202200025862;767 986;B01;1;34;0;2;1;2;1;
39768;202200025863;767 985;A01;1;7;1;0;2;2;1;
39769;202200025864;767 983;Z01;1;7;14;1;1;17;1;
39770;202200025866;767 981;A01;0;7;2;0;1;1;1;
39771;202200025867;767 979;A01;2;7;0;2;1;1;1;
39772;202200025867;767 980;B01;2;7;0;2;8;1;1;
39773;202200025869;767 976;A01;1;10;0;1;6;4;1;
39774;202200025870;767 973;B01;2;7;0;2;3;1;1;
39775;202200025870;767 974;A01;3;10;0;2;2;16;1;
39776;202200025871;767 975;A01;1;13;0;1;4;20;1;
39777;202200025872;767 970;A01;2;10;0;2;2;7;1;
39778;202200025872;767 972;B01;0;7;0;2;3;1;1;
39779;202200025873;767 968;A01;3;7;0;2;1;23;1;
39780;202200025873;767 969;B01;3;7;0;2;4;23;1;
39781;202200025875;767 965;B01;1;10;0;2;1;2;0;
39782;202200025875;767 966;A01;1;7;0;2;4;2;1;
39783;202200025876;767 964;A01;0;7;2;0;0;1;0;
39784;202200025877;767 962;A01;1;7;0;1;2;1;1;
39785;202200025878;767 958;C01;1;7;0;2;1;1;1;
39786;202200025878;767 959;B01;2;7;0;2;3;0;1;
39787;202200025878;767 960;A01;2;7;0;2;3;0;1;
39788;202200025880;767 961;A01;1;34;0;2;8;18;1;
39789;202200025880;767 963;B01;1;7;0;2;7;14;1;
39790;202200025881;767 955;A01;3;7;0;1;2;1;1;
39791;202200025882;767 954;A01;1;40;0;1;1;1;3;
39792;202200025883;767 951;B01;1;7;0;2;7;1;1;
39793;202200025883;767 953;Z01;2;7;0;2;1;19;1;
39794;202200025885;767 948;A01;3;7;4;0;0;26;1;
39795;202200025886;767 952;A01;1;50;0;0;1;9;3;
39796;202200025887;767 946;A01;2;3;0;9;7;17;1;
39797;202200025887;767 947;B01;2;1;0;2;7;0;5;
39798;202200025888;767 942;A01;1;7;0;2;3;20;1;
39799;202200025888;767 943;B01;2;7;0;2;3;1;1;
39800;202200025888;767 945;C01;1;33;0;2;7;1;1;
39801;202200025889;767 940;A01;1;7;0;2;1;1;1;
39802;202200025889;767 941;B01;1;1;0;2;8;1;0;
39803;202200025890;767 937;A01;1;10;0;2;1;2;1;
39804;202200025890;767 938;B01;1;7;0;2;6;23;1;
39805;202200025891;767 936;A01;1;30;8;0;1;26;1;
39806;202200025892;767 935;A01;1;7;0;1;0;20;0;
39807;202200025893;767 932;B01;2;33;0;2;7;1;1;
39808;202200025893;767 933;A01;1;7;0;2;7;15;1;
39809;202200025894;767 931;A01;2;30;0;2;1;1;1;
39810;202200025894;767 934;B01;1;7;0;2;1;17;1;
39811;202200025895;767 930;A01;2;7;0;1;3;14;1;
39812;202200025896;767 928;A01;1;32;0;1;0;1;1;
39813;202200025897;767 926;Z01;1;7;14;0;1;1;1;
39814;202200025897;767 927;B01;1;10;0;2;4;1;3;
39815;202200025898;767 923;A01;2;7;0;2;7;1;2;
39816;202200025898;767 924;B01;1;10;0;2;1;1;1;
39817;202200025899;767 925;B01;2;31;0;2;8;0;1;
39818;202200025899;767 929;A01;1;33;0;2;8;1;1;
39819;202200025900;767 922;A01;0;7;0;1;4;4;1;
39820;202200025901;767 919;A01;3;7;0;2;1;16;1;
39821;202200025901;767 921;B01;1;7;0;2;0;0;1;
39822;202200025902;767 917;A01;3;3;0;1;1;1;1;
39823;202200025903;767 918;B01;1;1;0;2;8;1;5;
39824;202200025903;767 920;A01;2;10;0;9;8;17;1;
39825;202200025904;767 916;A01;1;7;4;0;1;14;1;
39826;202200025905;767 914;A01;3;50;0;2;7;19;3;
39827;202200025905;767 915;B01;3;7;0;2;1;1;1;
39828;202200025906;767 912;Z01;2;30;0;1;1;26;1;
39829;202200025907;767 909;A01;1;7;0;2;2;7;1;
39830;202200025907;767 910;B01;1;7;0;2;5;16;1;
39831;202200025908;767 908;C01;2;7;0;2;4;23;1;
39832;202200025908;767 911;B01;2;7;0;2;4;23;1;
39833;202200025908;767 913;A01;2;7;0;2;1;1;1;
39834;202200025909;767 904;B01;1;10;0;2;1;1;1;
39835;202200025909;767 905;A01;2;7;0;2;1;17;1;
39836;202200025909;767 907;C01;2;7;0;0;0;1;1;
39837;202200025911;767 900;A01;2;33;13;0;8;21;1;
39838;202200025912;767 901;B01;2;30;0;2;7;15;1;
39839;202200025912;767 903;A01;1;10;0;2;2;1;1;
39840;202200025913;767 898;A01;0;33;0;0;0;0;1;
39841;202200025914;767 897;B01;2;7;0;2;3;1;1;
39842;202200025914;767 899;A01;1;7;0;2;3;13;1;
39843;202200025916;767 892;A01;1;7;16;2;1;2;1;
39844;202200025916;767 894;B01;1;17;0;0;4;2;1;
39845;202200025917;767 891;B01;1;7;0;0;1;1;1;
39846;202200025917;767 893;A01;2;7;0;0;3;1;1;
39847;202200025918;767 889;A01;2;7;2;0;7;26;1;
39848;202200025919;767 888;A01;1;7;0;2;1;15;1;
39849;202200025919;767 890;B01;2;1;0;2;8;1;5;
39850;202200025920;767 886;A01;2;7;0;9;2;19;1;
39851;202200025920;767 887;B01;1;1;0;0;7;19;5;
39852;202200025921;767 883;B01;2;7;0;2;3;1;1;
39853;202200025921;767 885;A01;1;30;0;2;1;13;1;
39854;202200025922;767 884;A01;0;33;16;0;0;1;1;
39855;202200025923;767 882;A01;1;7;2;0;1;1;1;
39856;202200025924;767 880;A01;1;7;2;0;1;13;1;
39857;202200025925;767 881;A01;2;7;0;1;1;26;1;
39858;202200025926;767 879;A01;2;7;0;1;1;1;1;
39859;202200025927;767 877;A01;1;33;0;2;8;18;1;
39860;202200025927;767 878;B01;1;7;0;0;7;16;1;
39861;202200025928;767 876;A01;2;10;0;1;4;26;1;
39862;202200025929;767 875;A01;2;7;0;0;2;1;1;
39863;202200025930;767 872;B01;3;7;0;2;7;1;1;
39864;202200025930;767 873;A01;3;50;0;2;1;9;3;
39865;202200025932;767 870;A01;1;32;0;2;7;1;1;
39866;202200025932;767 874;B01;1;7;0;2;1;1;2;
39867;202200025934;767 866;A01;1;7;2;0;7;1;1;
39868;202200025935;767 867;A01;1;7;0;2;1;0;1;
39869;202200025935;767 868;B01;2;7;0;2;1;1;1;
39870;202200025936;767 863;B01;1;32;0;2;1;2;1;
39871;202200025936;767 864;A01;1;10;0;2;5;23;3;
39872;202200025937;767 862;A01;3;7;0;1;1;2;1;
39873;202200025938;767 860;A01;1;33;0;2;1;1;1;
39874;202200025938;767 861;B01;2;7;0;2;3;15;1;
39875;202200025939;767 858;A01;2;7;0;1;1;1;1;
39876;202200025941;767 854;A01;1;7;2;0;3;1;1;