;Num_Acc;id_vehicule;num_veh;senc;catv;obs;obsm;choc;manv;motor;occutc
39877;202200025942;767 853;B01;2;32;0;2;2;1;1;
39878;202200025942;767 856;A01;2;7;0;2;8;11;1;
39879;202200025943;767 852;B01;1;10;0;2;7;1;1;
39880;202200025943;767 855;A01;2;1;0;2;1;1;5;
39881;202200025944;767 851;A01;3;7;6;0;3;13;1;
39882;202200025945;767 849;A01;1;7;0;2;1;1;1;
39883;202200025945;767 850;B01;1;10;0;2;4;1;1;
39884;202200025946;767 846;B01;2;7;0;2;3;1;1;
39885;202200025946;767 848;A01;1;10;0;2;3;1;1;
39886;202200025947;767 845;A01;1;7;0;0;7;2;2;
39887;202200025947;767 847;B01;1;50;0;0;8;2;3;
39888;202200025948;767 844;A01;1;14;0;1;2;15;1;
39889;202200025950;767 841;A01;2;7;0;2;4;26;1;
39890;202200025950;767 843;B01;2;33;0;2;1;1;1;
39891;202200025951;767 838;B01;2;7;0;2;0;23;1;
39892;202200025951;767 840;A01;2;32;0;2;7;16;1;
39893;202200025952;767 837;A01;2;7;0;1;2;1;1;
39894;202200025953;767 835;A01;2;7;3;0;3;1;1;
39895;202200025954;767 834;A01;2;1;0;2;8;15;5;
39896;202200025954;767 836;B01;1;32;0;2;1;1;1;
39897;202200025955;767 832;A01;1;33;0;2;1;17;1;
39898;202200025955;767 833;B01;1;7;0;0;3;15;1;
39899;202200025956;767 830;A01;1;7;0;2;6;9;1;
39900;202200025956;767 831;B01;1;7;0;2;2;2;2;
39901;202200025957;767 829;A01;2;7;0;1;2;16;1;
39902;202200025959;767 825;A01;2;7;0;2;1;19;1;
39903;202200025959;767 828;B01;1;10;8;2;8;1;1;
39904;202200025960;767 824;A01;2;7;0;1;3;16;1;
39905;202200025961;767 823;B01;3;7;0;2;1;1;1;
39906;202200025961;767 827;A01;3;7;0;2;7;1;1;
39907;202200025962;767 822;A01;0;7;1;1;3;5;1;
39908;202200025963;767 820;A01;1;7;0;2;3;15;1;
39909;202200025963;767 821;B01;1;34;0;2;1;17;1;
39910;202200025965;767 816;A01;1;33;14;0;0;1;1;
39911;202200025966;767 815;A01;1;7;0;1;3;13;1;
39912;202200025967;767 814;A01;0;7;0;2;3;15;3;
39913;202200025967;767 817;B01;0;2;0;2;1;2;1;
39914;202200025968;767 812;A01;3;34;1;2;1;5;1;
39915;202200025968;767 813;B01;3;7;1;2;1;1;1;
39916;202200025969;767 810;A01;3;2;0;5;8;1;1;
39917;202200025970;767 809;A01;2;10;11;2;8;15;1;
39918;202200025970;767 811;B01;1;7;0;2;1;1;1;
39919;202200025972;767 805;A01;1;33;0;0;8;1;1;
39920;202200025973;767 804;A01;1;7;0;2;3;13;1;
39921;202200025973;767 807;B01;2;7;0;2;3;0;1;
39922;202200025975;767 802;A01;-1;7;0;2;1;15;1;
39923;202200025975;767 803;B01;2;7;0;2;3;1;1;
39924;202200025976;767 799;B01;1;33;0;2;3;1;1;
39925;202200025976;767 800;A01;2;33;0;2;1;5;1;
39926;202200025977;767 797;A01;3;7;0;1;3;1;1;
39927;202200025978;767 796;B01;1;31;0;0;0;0;0;
39928;202200025978;767 798;A01;1;99;0;2;3;26;0;
39929;202200025979;767 794;A01;1;7;0;1;1;26;1;
39930;202200025980;767 793;A01;3;7;0;1;2;0;1;
39931;202200025981;767 792;B01;2;7;0;2;1;1;1;
39932;202200025981;767 795;A01;1;7;0;2;1;13;1;
39933;202200025982;767 790;A01;0;10;1;1;8;1;1;
39934;202200025983;767 786;B01;3;10;0;2;3;1;1;
39935;202200025983;767 787;A01;3;7;0;2;1;13;1;
39936;202200025984;767 785;A01;1;7;0;2;5;1;1;
39937;202200025984;767 788;B01;1;33;0;2;1;1;1;
39938;202200025985;767 783;A01;1;7;14;2;2;2;1;
39939;202200025985;767 784;B01;1;7;0;2;9;2;1;
39940;202200025986;767 781;A01;1;33;0;2;1;2;0;
39941;202200025986;767 782;B01;1;2;0;2;4;15;0;
39942;202200025987;767 777;B01;-1;1;1;0;4;1;5;
39943;202200025987;767 778;A01;-1;7;0;2;2;14;1;
39944;202200025988;767 776;A01;2;7;0;2;2;2;1;
39945;202200025988;767 779;B01;2;7;0;2;6;2;1;
39946;202200025989;767 775;A01;2;33;6;0;2;21;1;
39947;202200025991;767 772;A01;2;7;0;0;3;26;1;
39948;202200025992;767 770;B01;1;31;0;2;4;0;1;
39949;202200025992;767 771;A01;1;10;0;2;3;26;1;
39950;202200025993;767 768;A01;1;7;13;0;1;1;1;
39951;202200025994;767 767;B01;2;7;0;2;4;1;2;
39952;202200025994;767 769;A01;2;7;0;2;1;1;1;
39953;202200025995;767 766;A01;1;32;10;0;0;0;1;
39954;202200025996;767 762;A01;1;7;0;2;1;2;1;
39955;202200025996;767 764;B01;1;7;0;2;4;2;1;
39956;202200025997;767 761;A01;2;15;0;9;5;17;1;
39957;202200025997;767 765;B01;2;1;0;0;8;2;5;
39958;202200025998;767 760;A01;1;7;0;2;3;1;1;
39959;202200025998;767 763;B01;1;2;0;2;1;1;1;
39960;202200025999;767 756;B01;1;7;0;2;4;12;1;
39961;202200025999;767 759;A01;1;7;0;2;1;1;1;
39962;202200026000;767 757;A01;1;2;7;0;1;1;1;
39963;202200026001;767 753;A01;2;33;0;0;8;1;1;
39964;202200026002;767 752;D01;2;7;0;2;1;2;1;
39965;202200026002;767 754;C01;2;7;0;2;3;1;1;
39966;202200026002;767 755;B01;2;7;0;2;8;21;1;
39967;202200026002;767 758;A01;1;7;0;2;3;13;1;
39968;202200026003;767 751;A01;2;7;0;0;2;1;1;
39969;202200026004;767 750;A01;1;7;3;0;1;13;1;
39970;202200026006;767 744;A01;2;7;13;0;1;1;1;
39971;202200026007;767 743;A01;1;7;0;2;1;13;1;
39972;202200026007;767 746;B01;2;37;0;2;3;0;1;1.0
39973;202200026008;767 741;A01;1;7;0;0;3;13;1;
39974;202200026008;767 742;B01;2;7;0;2;1;1;1;
39975;202200026009;767 740;A01;1;15;0;1;5;26;1;
39976;202200026011;767 733;A01;1;7;0;2;3;1;1;
39977;202200026011;767 735;Z01;1;7;0;2;2;17;1;
39978;202200026012;767 729;A01;2;7;0;2;3;1;1;
39979;202200026012;767 731;B01;1;7;0;2;1;13;1;
39980;202200026013;767 727;A01;2;7;0;1;2;15;1;
39981;202200026014;767 723;A01;3;7;0;1;3;26;0;
39982;202200026015;767 722;A01;1;7;0;0;5;0;1;
39983;202200026015;767 724;G01;1;15;0;2;0;0;1;
39984;202200026015;767 725;F01;1;7;0;2;4;0;1;
39985;202200026015;767 726;E01;1;7;0;2;1;0;1;
39986;202200026015;767 728;D01;1;7;0;2;0;0;1;
39987;202200026015;767 730;C01;1;7;0;2;1;0;1;
39988;202200026015;767 732;B01;1;7;0;2;4;0;1;
39989;202200026016;767 719;B01;0;7;12;2;7;1;1;
39990;202200026016;767 721;A01;0;13;0;2;3;13;0;
39991;202200026017;767 717;A01;3;2;0;2;1;2;1;
39992;202200026017;767 718;C01;3;7;0;2;1;1;1;
39993;202200026017;767 720;B01;3;3;0;0;6;23;1;
39994;202200026018;767 716;A01;2;7;1;0;2;21;1;
39995;202200026019;767 715;A01;1;2;0;0;7;1;1;
39996;202200026020;767 713;A01;1;7;0;2;1;13;1;
39997;202200026020;767 714;B01;2;38;0;2;1;21;1;5.0
39998;202200026021;767 712;A01;3;33;13;0;3;1;1;
39999;202200026022;767 710;A01;2;7;0;2;1;1;1;
40000;202200026022;767 711;B01;2;1;0;2;8;9;5;
40001;202200026023;767 708;B01;1;1;0;2;7;1;5;
40002;202200026023;767 709;A01;1;7;0;2;1;9;1;
40003;202200026024;767 705;B01;2;1;0;2;7;1;5;
40004;202200026024;767 707;A01;2;7;0;2;7;20;1;
40005;202200026025;767 700;B01;2;1;0;2;1;9;5;
40006;202200026025;767 703;A01;2;7;0;2;3;1;1;
40007;202200026026;767 699;A01;1;7;0;1;2;1;1;
40008;202200026027;767 697;A01;0;7;0;2;1;19;0;
40009;202200026027;767 698;B01;1;2;0;2;1;1;1;
40010;202200026028;767 696;A01;1;7;1;0;3;1;1;
40011;202200026029;767 695;A01;1;7;13;0;2;1;1;
40012;202200026030;767 692;A01;3;7;0;2;0;16;1;
40013;202200026030;767 694;Y01;3;80;0;2;0;16;3;
40014;202200026032;767 687;A01;2;7;0;2;3;15;1;
40015;202200026032;767 689;B01;2;30;0;2;1;1;1;
40016;202200026033;767 688;A01;2;2;6;0;0;0;1;
40017;202200026034;767 686;A01;1;33;7;0;2;14;1;
40018;202200026035;767 681;D01;1;7;0;2;1;2;1;
40019;202200026035;767 682;C01;1;7;0;2;1;2;1;
40020;202200026035;767 684;B01;1;10;0;2;1;2;1;
40021;202200026035;767 685;A01;1;7;0;2;4;1;1;
40022;202200026036;767 680;A01;3;50;0;2;1;1;3;
40023;202200026036;767 683;B01;0;7;0;2;2;1;1;
40024;202200026037;767 677;A01;1;7;2;0;1;2;1;
40025;202200026038;767 678;B01;1;2;0;2;7;2;1;
40026;202200026038;767 679;A01;1;10;0;2;2;2;1;
40027;202200026039;767 673;B01;0;2;0;2;0;0;1;
40028;202200026039;767 674;A01;0;7;0;2;3;20;1;
40029;202200026041;767 669;B01;1;7;0;2;1;1;1;
40030;202200026041;767 670;A01;1;7;0;2;1;5;1;
40031;202200026042;767 667;B01;2;7;3;2;3;1;1;
40032;202200026042;767 668;A01;2;33;3;2;2;1;1;
40033;202200026043;767 666;A01;2;33;14;0;1;17;1;
40034;202200026044;767 664;A01;2;7;0;2;7;14;1;
40035;202200026044;767 665;B01;2;33;0;2;8;1;1;
40036;202200026045;767 662;A01;3;7;12;0;3;13;1;
40037;202200026045;767 663;B01;3;30;12;0;7;17;3;
40038;202200026046;767 660;A01;3;2;0;0;0;0;1;
40039;202200026047;767 658;C01;2;10;0;2;4;2;0;
40040;202200026047;767 659;B01;2;10;0;2;4;2;0;
40041;202200026047;767 661;A01;2;10;0;2;1;2;0;
40042;202200026048;767 656;A01;2;33;4;0;2;2;1;
40043;202200026049;767 654;A01;1;33;4;0;3;1;1;
40044;202200026050;767 652;B01;1;7;0;2;7;1;1;
40045;202200026050;767 653;A01;1;50;0;2;1;15;3;
40046;202200026052;767 649;A01;1;7;0;1;5;1;1;
40047;202200026053;767 647;B01;1;7;0;2;6;11;1;
40048;202200026053;767 648;A01;1;33;0;2;3;3;1;
40049;202200026054;767 643;B01;3;7;0;2;1;1;1;
40050;202200026054;767 646;A01;3;7;0;2;1;13;1;
40051;202200026055;767 642;B01;2;33;4;2;2;3;1;
40052;202200026055;767 644;C01;2;7;4;2;3;1;1;
40053;202200026055;767 645;A01;2;7;4;2;7;12;1;
40054;202200026056;767 639;B01;1;33;1;0;1;2;1;
40055;202200026056;767 641;A01;1;7;0;2;4;2;1;
40056;202200026057;767 640;A01;1;7;0;1;1;1;1;
40057;202200026058;767 638;A01;1;33;0;0;2;3;1;
40058;202200026059;767 635;B01;1;7;0;2;4;21;1;
40059;202200026059;767 637;A01;1;7;0;2;1;26;1;
40060;202200026060;767 634;A01;1;7;0;2;1;19;1;
40061;202200026060;767 636;B01;2;7;6;2;6;0;1;
40062;202200026061;767 632;B01;1;1;1;2;1;17;5;
40063;202200026061;767 633;A01;1;7;1;2;3;15;1;
40064;202200026062;767 630;B01;3;7;0;2;4;2;1;
40065;202200026062;767 631;A01;3;7;0;2;1;2;1;
40066;202200026063;767 628;B01;3;7;0;2;8;1;1;
40067;202200026063;767 629;A01;3;7;0;2;1;1;1;
40068;202200026064;767 625;A01;1;33;0;2;8;26;1;
40069;202200026064;767 626;C01;2;7;0;2;3;1;1;
40070;202200026064;767 627;B01;1;7;0;2;3;1;1;
40071;202200026065;767 623;B01;1;7;0;2;5;16;1;
40072;202200026065;767 624;A01;1;30;0;2;1;1;1;
40073;202200026066;767 622;A01;1;10;0;1;1;1;1;
40074;202200026068;767 618;B01;1;7;0;2;2;21;1;
40075;202200026068;767 619;A01;1;7;0;2;7;19;1;
40076;202200026068;767 621;C01;1;7;0;2;3;0;1;
40077;202200026069;767 615;A01;1;7;0;1;2;1;1;
40078;202200026071;767 611;B01;1;1;9;2;8;1;5;
40079;202200026071;767 613;A01;1;7;9;0;7;17;0;
40080;202200026072;767 607;B01;1;7;0;2;7;1;1;
40081;202200026072;767 609;C01;1;7;0;2;1;23;1;
40082;202200026072;767 610;D01;1;7;1;0;1;23;1;
40083;202200026072;767 612;A01;0;7;0;2;1;15;1;
40084;202200026073;767 605;A01;1;7;0;1;8;21;1;
40085;202200026074;767 606;A01;3;7;0;2;5;0;1;
40086;202200026074;767 608;B01;3;1;0;2;1;0;5;
40087;202200026075;767 600;A01;1;80;0;2;1;1;3;
40088;202200026075;767 602;B01;-1;50;-1;-1;-1;-1;3;
40089;202200026076;767 598;A01;2;32;0;2;3;1;1;
40090;202200026076;767 599;B01;1;7;0;2;3;15;1;
40091;202200026077;767 595;B01;1;10;0;2;1;1;1;
40092;202200026077;767 597;A01;1;1;0;2;1;1;5;
40093;202200026079;767 591;B01;3;50;0;2;1;1;3;
40094;202200026079;767 592;A01;3;10;0;2;7;16;1;
40095;202200026080;767 590;A01;1;7;0;1;1;9;1;
40096;202200026081;767 589;A01;2;30;0;0;7;1;1;
40097;202200026082;767 586;A01;0;7;13;0;1;1;2;
40098;202200026083;767 584;B01;1;31;0;2;3;1;1;
40099;202200026083;767 585;A01;1;7;8;2;3;13;1;
40100;202200026084;767 583;A01;2;31;0;0;3;21;1;
40101;202200026085;767 580;B01;2;1;0;2;1;1;5;
40102;202200026085;767 582;A01;2;13;0;2;4;16;1;
40103;202200026086;767 579;A01;2;34;0;2;1;17;1;
40104;202200026086;767 581;B01;2;7;0;2;3;15;1;
40105;202200026087;767 576;A01;1;37;0;1;2;14;1;1.0
40106;202200026089;767 574;A01;0;7;0;2;7;2;1;
40107;202200026089;767 577;B01;0;2;0;2;1;2;1;
40108;202200026091;767 570;B01;3;1;0;2;1;0;5;
40109;202200026091;767 572;A01;1;7;0;2;6;16;1;
40110;202200026092;767 569;A01;2;7;1;0;2;0;1;
40111;202200026092;767 571;C01;1;13;0;0;0;0;1;
40112;202200026093;767 567;A01;3;10;0;1;2;1;1;
40113;202200026094;767 565;A01;3;7;0;1;2;16;1;
40114;202200026095;767 564;A01;1;7;3;0;1;1;2;
40115;202200026095;767 566;B01;1;7;3;0;4;1;1;
40116;202200026096;767 561;B01;1;31;0;2;1;1;1;
40117;202200026096;767 563;A01;1;10;0;2;3;15;1;
40118;202200026097;767 560;A01;3;13;0;1;6;23;1;
40119;202200026098;767 559;A01;1;10;0;2;3;17;1;
40120;202200026098;767 562;B01;2;2;0;2;1;1;1;
40121;202200026099;767 557;B01;1;10;0;2;3;9;0;
40122;202200026099;767 558;A01;2;32;0;2;1;3;1;
40123;202200026100;767 554;B01;1;50;0;2;7;19;3;
40124;202200026100;767 556;A01;3;7;0;2;1;9;1;
40125;202200026101;767 555;A01;2;7;14;0;1;1;1;
40126;202200026102;767 548;B01;0;37;0;2;1;1;1;3.0
40127;202200026102;767 553;A01;0;7;0;2;3;16;1;
40128;202200026103;767 547;A01;1;14;0;2;2;14;1;
40129;202200026103;767 549;B01;1;7;0;2;8;11;2;
40130;202200026103;767 552;C01;1;33;4;2;1;1;1;
40131;202200026104;767 542;C01;2;10;0;2;5;1;1;
40132;202200026104;767 543;B01;2;10;0;2;0;1;1;
40133;202200026104;767 545;A01;2;34;0;2;9;3;1;
40134;202200026105;767 541;A01;0;7;1;2;2;1;1;
40135;202200026105;767 544;B01;2;7;0;2;3;1;1;
40136;202200026107;767 534;A01;2;10;0;1;1;23;1;
40137;202200026107;767 537;B01;2;10;0;2;1;1;1;
40138;202200026107;767 538;C01;2;10;0;2;1;1;1;
40139;202200026108;767 533;A01;0;80;0;2;1;1;3;
40140;202200026108;767 535;B01;0;7;0;9;2;1;1;
40141;202200026109;767 536;A01;3;2;0;1;7;17;1;
40142;202200026109;767 540;B01;3;7;0;2;1;1;1;
40143;202200026110;767 529;B01;1;31;0;2;1;1;1;
40144;202200026110;767 532;Z01;1;7;0;2;2;15;1;
40145;202200026112;767 525;A01;1;7;0;2;1;1;1;
40146;202200026112;767 526;B01;2;7;0;2;8;19;1;
40147;202200026113;767 524;A01;3;10;0;1;1;1;1;
40148;202200026114;767 527;A01;1;33;0;0;0;17;1;
40149;202200026115;767 521;B01;2;7;0;2;3;1;1;
40150;202200026115;767 523;A01;1;7;0;2;1;13;1;
40151;202200026116;767 518;A01;1;7;15;1;1;14;1;
40152;202200026117;767 515;B01;1;7;0;2;1;1;1;
40153;202200026117;767 517;A01;1;7;0;2;3;17;1;
40154;202200026118;767 514;A01;1;33;4;0;8;1;1;
40155;202200026119;767 509;C01;1;7;14;9;1;1;1;
40156;202200026119;767 511;B01;1;7;0;2;1;1;1;
40157;202200026119;767 512;A01;1;7;0;2;1;1;1;
40158;202200026120;767 507;Z01;2;7;0;2;1;15;1;
40159;202200026120;767 510;B01;1;32;0;2;1;1;1;
40160;202200026121;767 503;C01;3;7;0;2;0;0;1;
40161;202200026121;767 505;B01;3;7;0;2;3;1;1;
40162;202200026121;767 506;A01;3;32;0;2;1;13;1;
40163;202200026122;767 501;B01;1;7;0;2;7;1;1;
40164;202200026122;767 504;A01;2;7;0;2;1;5;1;
40165;202200026123;767 502;B01;1;60;0;2;3;14;5;
40166;202200026123;767 508;A01;1;7;0;9;2;9;1;
40167;202200026124;767 499;B01;2;33;0;2;1;11;1;
40168;202200026124;767 500;A01;1;30;0;2;1;17;1;
40169;202200026125;767 498;A01;1;7;13;0;3;13;1;
40170;202200026126;767 495;A01;1;7;0;2;8;13;1;
40171;202200026126;767 497;B01;1;32;0;2;7;1;1;
40172;202200026127;767 493;A01;3;10;0;9;1;19;1;
40173;202200026127;767 496;B01;3;1;0;2;0;0;5;
40174;202200026128;767 490;A01;1;38;0;2;2;15;1;1.0
40175;202200026128;767 492;B01;2;7;0;2;1;1;1;
40176;202200026129;767 488;B01;2;1;0;2;8;2;5;
40177;202200026129;767 494;A01;2;7;0;9;2;2;1;
40178;202200026130;767 486;B01;3;7;1;2;6;1;2;
40179;202200026130;767 487;A01;3;7;1;0;7;14;1;
40180;202200026130;767 489;C01;3;7;1;2;5;1;1;
40181;202200026130;767 491;D01;3;7;1;2;4;1;1;
40182;202200026131;767 485;A01;3;7;13;0;1;15;1;
40183;202200026132;767 480;B01;0;30;0;2;1;19;1;
40184;202200026132;767 484;A01;1;7;0;2;7;19;1;
40185;202200026133;767 482;A01;1;30;0;0;8;0;1;
40186;202200026134;767 477;A01;1;10;0;2;1;1;1;
40187;202200026134;767 479;B01;1;7;0;2;4;1;1;
40188;202200026134;767 481;C01;1;7;0;2;4;1;1;
40189;202200026134;767 483;D01;1;7;0;2;4;1;1;
40190;202200026135;767 476;B01;3;37;0;0;1;1;0;2.0
40191;202200026135;767 478;A01;1;7;0;0;7;1;1;
40192;202200026136;767 471;A01;1;7;0;2;1;2;1;
40193;202200026136;767 473;B01;1;43;0;2;1;2;1;
40194;202200026136;767 475;C01;1;7;0;2;5;2;1;
40195;202200026137;767 472;B01;2;7;0;2;1;1;1;
40196;202200026137;767 474;A01;1;7;0;2;5;15;1;
40197;202200026138;767 468;B01;1;33;15;2;1;21;1;
40198;202200026138;767 470;A01;1;7;0;2;3;9;1;
40199;202200026139;767 467;B01;1;32;0;2;8;1;1;
40200;202200026139;767 469;A01;2;7;0;2;1;1;3;
40201;202200026140;767 466;A01;2;34;0;1;1;17;1;
40202;202200026141;767 463;B01;3;7;1;0;8;20;1;
40203;202200026141;767 465;A01;2;43;1;2;8;1;1;
40204;202200026142;767 464;A01;1;7;0;1;1;1;1;
40205;202200026143;767 461;Z01;1;10;0;1;3;16;1;
40206;202200026144;767 462;A01;0;40;0;1;1;1;3;
40207;202200026145;767 459;B01;1;7;0;2;1;1;1;
40208;202200026145;767 460;A01;1;7;0;2;5;9;1;
40209;202200026146;767 457;A01;2;7;0;2;3;15;1;
40210;202200026146;767 458;B01;1;1;0;2;8;1;5;
40211;202200026148;767 455;A01;1;7;0;1;7;1;1;
40212;202200026149;767 453;A01;2;50;0;2;1;1;3;
40213;202200026149;767 454;B01;2;7;0;2;2;16;1;
40214;202200026151;767 446;A01;1;37;0;1;0;16;1;1.0
40215;202200026152;767 449;B01;2;43;0;2;2;17;1;
40216;202200026152;767 452;A01;2;7;0;0;3;15;1;
40217;202200026153;767 447;A01;3;7;0;2;1;19;1;
40218;202200026153;767 451;B01;3;10;0;2;3;23;1;
40219;202200026154;767 443;B01;1;30;0;2;4;2;1;
40220;202200026154;767 445;A01;1;50;0;2;1;2;3;
40221;202200026155;767 444;A01;1;7;0;1;2;1;1;
40222;202200026156;767 442;A01;1;2;1;0;1;16;1;
40223;202200026157;767 438;A01;1;10;0;2;8;22;1;
40224;202200026157;767 441;B01;1;33;0;2;7;1;1;
40225;202200026158;767 437;A01;1;7;0;4;6;1;1;
40226;202200026158;767 440;B01;3;40;0;2;1;1;3;
40227;202200026159;767 435;A01;1;7;0;2;3;13;1;
40228;202200026159;767 439;B01;1;7;0;2;1;1;1;
40229;202200026160;767 434;A01;2;7;0;9;7;22;2;
40230;202200026160;767 436;B01;2;1;1;0;1;2;5;
40231;202200026161;767 430;A01;1;14;0;1;2;1;6;
40232;202200026162;767 431;A01;1;7;2;0;1;14;1;
40233;202200026163;767 432;A01;2;31;0;2;3;18;1;
40234;202200026163;767 433;B01;2;7;0;2;2;16;1;
40235;202200026164;767 429;A01;2;1;0;1;1;1;5;
40236;202200026165;767 424;A01;2;7;1;0;1;14;1;
40237;202200026166;767 425;B01;1;34;0;2;1;1;1;
40238;202200026166;767 427;A01;1;7;0;2;7;15;1;
40239;202200026168;767 421;B01;1;30;0;2;0;1;1;
40240;202200026168;767 422;A01;1;1;0;2;6;15;5;
40241;202200026169;767 419;A01;2;10;6;0;0;1;1;
40242;202200026170;767 417;A01;1;80;0;1;6;1;3;
40243;202200026172;767 414;B01;3;1;0;2;4;1;5;
40244;202200026172;767 416;Z01;3;7;0;2;1;5;1;
40245;202200026173;767 412;B01;1;33;0;2;1;1;1;
40246;202200026173;767 413;A01;2;1;0;2;7;15;5;
40247;202200026175;767 407;B01;3;1;0;2;2;16;5;
40248;202200026175;767 411;A01;3;7;0;2;3;26;1;
40249;202200026176;767 409;A01;3;7;10;0;3;13;1;
40250;202200026177;767 402;A01;2;7;0;2;3;1;1;
40251;202200026177;767 406;B01;1;7;0;2;3;1;1;
40252;202200026178;767 403;B01;0;80;0;2;1;19;3;
40253;202200026178;767 405;Z01;2;7;0;2;1;16;0;
40254;202200026181;767 397;B01;3;1;0;2;7;19;5;
40255;202200026181;767 399;A01;3;7;0;2;2;1;1;
40256;202200026182;767 395;B01;2;10;0;2;3;15;1;
40257;202200026182;767 396;A01;2;32;0;2;2;17;1;
40258;202200026183;767 394;A01;1;7;9;0;1;9;1;
40259;202200026184;767 392;A01;2;7;1;0;1;1;1;
40260;202200026184;767 393;B01;2;7;0;2;4;24;1;
40261;202200026185;767 391;A01;2;50;8;0;1;1;3;
40262;202200026187;767 386;A01;2;7;0;2;3;5;1;
40263;202200026187;767 389;B01;1;2;0;2;1;1;1;
40264;202200026188;767 385;A01;3;10;0;2;7;1;1;
40265;202200026188;767 387;B01;3;32;0;2;8;16;1;
40266;202200026189;767 381;B01;1;7;0;2;8;23;1;
40267;202200026189;767 384;A01;1;7;0;2;2;14;1;
40268;202200026190;767 379;A01;2;7;0;2;4;1;1;
40269;202200026190;767 380;C01;2;7;0;2;1;1;1;
40270;202200026190;767 383;B01;2;7;0;2;1;1;1;
40271;202200026191;767 378;B01;1;32;0;2;1;9;1;
40272;202200026191;767 382;A01;2;7;0;2;3;15;1;
40273;202200026192;767 377;A01;1;7;0;1;2;0;1;
40274;202200026193;767 374;A01;2;32;0;2;1;14;1;
40275;202200026193;767 376;B01;2;7;0;2;4;1;1;
40276;202200026194;767 373;A01;2;32;0;2;3;18;1;
40277;202200026194;767 375;B01;2;7;0;2;2;15;1;
40278;202200026195;767 371;B01;1;7;0;9;3;15;2;
40279;202200026195;767 372;A01;1;80;0;2;1;2;3;
40280;202200026196;767 368;A01;1;7;0;9;1;15;1;
40281;202200026196;767 370;B01;1;50;0;2;1;19;3;
40282;202200026197;767 366;A01;1;7;0;1;1;1;1;
40283;202200026197;767 367;B01;1;7;14;2;1;1;1;
40284;202200026198;767 365;B01;2;50;0;2;3;7;3;
40285;202200026198;767 369;A01;2;37;0;2;2;17;3;1.0
40286;202200026199;767 363;A01;1;34;0;1;1;1;0;
40287;202200026201;767 360;A01;2;31;0;0;4;3;1;
40288;202200026202;767 358;B01;1;10;0;2;5;15;1;
40289;202200026202;767 361;A01;1;43;0;2;1;1;1;
40290;202200026203;767 357;B01;1;7;0;2;3;16;1;
40291;202200026203;767 359;A01;1;7;0;2;2;1;1;
40292;202200026204;767 356;A01;1;3;0;1;3;1;1;
40293;202200026205;767 355;A01;1;7;0;0;7;2;1;
40294;202200026206;767 350;B01;0;7;0;2;2;1;1;
40295;202200026206;767 353;A01;0;7;0;2;3;13;1;
40296;202200026207;767 349;A01;0;7;0;2;3;11;1;
40297;202200026207;767 351;B01;0;33;0;2;2;3;1;
40298;202200026208;767 352;Z01;1;10;0;2;8;22;1;
40299;202200026208;767 354;A01;2;1;1;2;1;1;5;
40300;202200026209;767 345;A01;1;7;0;2;2;1;1;
40301;202200026209;767 348;B01;2;7;0;2;3;0;1;
40302;202200026210;767 344;A01;0;7;0;2;2;17;1;
40303;202200026210;767 347;B01;0;1;0;2;8;1;5;
40304;202200026211;767 343;A01;1;80;0;2;2;1;3;
40305;202200026211;767 346;B01;1;7;0;2;0;1;2;
40306;202200026212;767 341;B01;1;32;0;2;8;0;1;
40307;202200026212;767 342;A01;2;10;0;2;1;15;1;
40308;202200026214;767 338;Z01;0;7;0;1;1;1;0;
40309;202200026215;767 337;A01;1;33;0;0;0;1;1;
40310;202200026216;767 332;A01;2;50;0;2;1;25;3;
40311;202200026216;767 334;B01;2;7;0;2;3;0;1;
40312;202200026217;767 333;A01;1;7;0;2;4;20;1;
40313;202200026217;767 336;B01;1;7;0;2;1;1;1;
40314;202200026218;767 331;B01;2;7;0;2;2;15;1;
40315;202200026218;767 335;A01;2;32;0;2;3;15;1;
40316;202200026219;767 328;B01;1;32;0;2;1;1;1;
40317;202200026219;767 330;A01;3;7;0;2;3;15;1;
40318;202200026220;767 327;A01;2;7;0;2;1;1;1;
40319;202200026220;767 329;B01;2;7;0;2;4;1;1;
40320;202200026221;767 324;A01;1;2;0;2;1;17;1;
40321;202200026221;767 325;B01;1;32;0;2;7;17;1;
40322;202200026222;767 322;A01;2;7;0;2;1;1;1;
40323;202200026222;767 326;B01;2;30;0;2;8;1;1;
40324;202200026224;767 318;C01;1;7;0;2;4;23;1;
40325;202200026224;767 321;B01;1;7;0;2;4;23;1;
40326;202200026224;767 323;A01;1;7;14;0;1;1;1;
40327;202200026225;767 316;A01;1;43;0;2;1;1;1;
40328;202200026225;767 317;B01;2;10;0;2;7;15;1;
40329;202200026226;767 313;A01;2;30;0;1;1;25;0;
40330;202200026227;767 312;B01;3;7;0;2;5;1;1;
40331;202200026227;767 315;A01;3;10;0;2;3;10;1;
40332;202200026228;767 311;A01;1;34;0;2;1;1;1;
40333;202200026228;767 314;B01;2;7;0;2;3;1;1;
40334;202200026230;767 307;A01;1;33;0;2;1;17;1;
40335;202200026230;767 310;B01;2;2;0;2;1;1;1;