;Num_Acc;id_vehicule;num_veh;senc;catv;obs;obsm;choc;manv;motor;occutc
40336;202200026231;767 305;A01;0;37;0;1;3;1;1;1.0
40337;202200026232;767 306;A01;1;34;0;2;1;1;1;
40338;202200026232;767 308;B01;2;7;0;2;2;15;1;
40339;202200026233;767 304;A01;1;7;0;1;2;1;1;
40340;202200026234;767 303;A01;0;7;0;1;1;11;1;
40341;202200026235;767 299;Z01;3;7;0;2;9;26;1;
40342;202200026235;767 301;A01;3;33;0;2;4;1;1;
40343;202200026236;767 300;A01;1;50;0;1;1;1;3;
40344;202200026237;767 298;A01;1;7;0;2;8;10;1;
40345;202200026237;767 302;B01;1;30;0;2;1;1;1;
40346;202200026238;767 295;B01;1;7;15;0;8;10;2;
40347;202200026238;767 296;A01;1;7;0;2;2;2;1;
40348;202200026240;767 292;A01;2;50;0;2;7;1;3;
40349;202200026240;767 294;B01;0;7;0;2;1;1;1;
40350;202200026241;767 290;A01;1;7;0;2;7;15;1;
40351;202200026241;767 291;B01;1;33;0;2;3;1;1;
40352;202200026242;767 288;B01;2;33;0;2;2;1;1;
40353;202200026242;767 289;A01;1;7;0;2;7;15;1;
40354;202200026243;767 286;A01;1;7;0;1;1;9;1;
40355;202200026244;767 285;B01;2;14;0;2;2;1;1;
40356;202200026244;767 287;A01;1;80;14;2;2;14;3;
40357;202200026245;767 281;A01;1;7;0;0;8;9;1;
40358;202200026245;767 284;B01;1;7;0;2;1;1;2;
40359;202200026247;767 274;B01;3;2;0;2;1;1;1;
40360;202200026247;767 277;A01;0;7;0;2;1;15;1;
40361;202200026248;767 275;B01;1;2;0;2;4;1;1;
40362;202200026248;767 278;A01;1;7;0;2;1;2;1;
40363;202200026250;767 272;A01;1;7;7;0;0;6;1;
40364;202200026251;767 271;A01;1;7;0;1;1;1;1;
40365;202200026252;767 268;B01;2;7;0;2;3;1;1;
40366;202200026252;767 269;A01;1;7;0;2;3;1;1;
40367;202200026253;767 270;A01;1;32;0;0;3;21;1;
40368;202200026255;767 264;A01;1;2;0;2;1;26;1;
40369;202200026255;767 266;B01;1;7;0;2;5;19;1;
40370;202200026257;767 261;A01;2;7;0;1;2;14;1;
40371;202200026258;767 263;A01;2;7;0;2;2;10;1;
40372;202200026258;767 265;B01;1;7;0;2;3;1;2;
40373;202200026259;767 258;A01;1;10;0;2;6;1;1;
40374;202200026259;767 260;B01;2;1;0;2;8;13;5;
40375;202200026260;767 255;B01;1;7;0;9;1;1;1;
40376;202200026260;767 257;A01;1;50;0;2;8;19;3;
40377;202200026261;767 254;A01;1;7;2;0;2;14;1;
40378;202200026262;767 256;A01;2;7;0;2;2;15;1;
40379;202200026262;767 259;B01;1;30;0;2;1;8;1;
40380;202200026263;767 252;A01;3;7;0;0;0;1;1;
40381;202200026264;767 251;A01;3;7;0;2;1;1;1;
40382;202200026264;767 253;B01;3;31;0;2;4;1;1;
40383;202200026265;767 250;A01;2;7;0;1;3;1;2;
40384;202200026266;767 248;A01;3;34;0;0;1;9;1;
40385;202200026267;767 245;A01;2;10;0;2;2;17;1;
40386;202200026267;767 247;B01;2;31;0;2;8;15;1;
40387;202200026270;767 241;A01;3;7;0;2;3;1;1;
40388;202200026270;767 242;B01;3;7;0;2;3;1;1;
40389;202200026271;767 240;A01;1;1;0;1;1;1;5;
40390;202200026272;767 238;A01;1;33;5;0;1;1;1;
40391;202200026273;767 237;B01;2;10;0;2;4;2;1;
40392;202200026273;767 239;A01;2;7;0;2;1;2;1;
40393;202200026274;767 236;A01;2;33;15;0;8;1;1;
40394;202200026275;767 235;A01;2;1;0;1;1;1;5;
40395;202200026276;767 233;A01;1;7;0;1;8;19;2;
40396;202200026278;767 231;A01;1;14;0;1;1;1;1;
40397;202200026279;767 228;A01;1;33;0;0;7;26;1;
40398;202200026279;767 229;B01;2;7;0;2;8;26;1;
40399;202200026280;767 226;A01;2;7;0;2;5;15;1;
40400;202200026280;767 227;B01;2;7;0;2;1;1;1;
40401;202200026281;767 224;B01;1;1;0;2;3;18;5;
40402;202200026281;767 225;A01;1;7;0;2;2;16;1;
40403;202200026282;767 222;A01;1;7;3;0;1;26;1;
40404;202200026283;767 221;B01;2;10;0;2;3;15;1;
40405;202200026283;767 223;A01;1;7;0;2;3;1;1;
40406;202200026284;767 218;A01;2;1;0;2;1;1;5;
40407;202200026284;767 220;B01;2;7;0;2;2;9;3;
40408;202200026285;767 215;A01;0;7;2;0;1;14;1;
40409;202200026286;767 216;A01;2;1;0;1;1;1;5;
40410;202200026288;767 207;A01;1;7;7;0;1;13;1;
40411;202200026289;767 205;B01;1;31;0;2;2;1;1;
40412;202200026289;767 208;A01;1;7;0;2;3;15;2;
40413;202200026290;767 202;A01;2;7;0;2;8;16;1;
40414;202200026290;767 203;B01;2;7;0;2;1;1;1;
40415;202200026291;767 198;A01;1;7;15;0;3;13;1;
40416;202200026292;767 197;A01;1;10;0;2;1;2;1;
40417;202200026292;767 199;B01;1;33;0;2;4;23;1;
40418;202200026293;767 195;A01;1;7;17;0;1;14;1;
40419;202200026294;767 192;A01;1;7;3;0;9;0;1;
40420;202200026296;767 189;A01;1;7;0;0;9;2;1;
40421;202200026297;767 184;A01;1;30;0;2;2;1;3;
40422;202200026297;767 187;B01;1;1;0;2;3;13;5;
40423;202200026298;767 183;B01;2;7;0;2;1;0;1;
40424;202200026298;767 185;A01;1;7;0;2;1;13;1;
40425;202200026299;767 180;A01;2;10;0;1;6;4;1;
40426;202200026300;767 179;B01;1;7;0;2;1;1;1;
40427;202200026300;767 181;A01;2;7;0;2;7;15;1;
40428;202200026301;767 173;A01;3;7;0;2;1;1;1;
40429;202200026301;767 175;B01;3;2;0;2;3;1;1;
40430;202200026302;767 174;A01;1;13;0;2;4;15;6;
40431;202200026302;767 176;B01;1;1;0;2;1;1;5;
40432;202200026303;767 169;B01;1;7;0;2;4;1;1;
40433;202200026303;767 171;A01;1;7;0;2;1;11;1;
40434;202200026304;767 166;A01;2;7;0;2;2;15;1;
40435;202200026304;767 168;B01;2;30;0;2;1;1;1;
40436;202200026305;767 162;A01;1;7;0;2;1;2;1;
40437;202200026305;767 163;B01;1;33;0;2;4;2;1;
40438;202200026305;767 164;C01;1;7;4;2;5;1;1;
40439;202200026306;767 159;B01;2;7;0;0;4;1;1;
40440;202200026306;767 160;A01;2;7;0;0;1;1;1;
40441;202200026307;767 156;B01;0;38;0;2;1;15;1;7.0
40442;202200026307;767 158;A01;3;38;0;2;1;16;1;13.0
40443;202200026309;767 151;A01;1;7;0;0;3;1;1;
40444;202200026310;767 150;B01;2;7;0;2;4;4;0;
40445;202200026310;767 152;A01;2;7;0;2;3;1;0;
40446;202200026311;767 146;A01;1;7;0;2;1;17;1;
40447;202200026311;767 147;B01;2;7;0;2;1;1;1;
40448;202200026312;767 141;A01;0;7;0;2;1;13;1;
40449;202200026312;767 144;B01;0;7;0;2;1;1;1;
40450;202200026314;767 136;B01;2;33;0;2;2;17;1;
40451;202200026314;767 139;A01;2;7;0;2;3;15;1;
40452;202200026315;767 135;A01;2;7;12;0;9;1;1;
40453;202200026316;767 132;B01;2;7;0;0;8;15;1;
40454;202200026316;767 133;A01;1;10;0;0;1;1;1;
40455;202200026317;767 131;A01;2;10;0;1;2;1;1;
40456;202200026318;767 130;A01;2;50;0;0;0;0;3;
40457;202200026319;767 129;A01;3;33;14;0;1;0;1;
40458;202200026320;767 125;A01;1;1;0;0;6;1;5;
40459;202200026320;767 126;B01;1;7;0;9;5;9;1;
40460;202200026321;767 123;A01;1;7;13;0;1;1;1;
40461;202200026322;767 122;A01;2;50;0;2;2;5;3;
40462;202200026322;767 124;B01;2;7;0;2;0;1;1;
40463;202200026323;767 120;A01;2;2;0;2;6;2;1;
40464;202200026323;767 121;B01;3;0;0;2;3;13;0;
40465;202200026324;767 117;A01;1;7;0;2;1;5;1;
40466;202200026324;767 119;B01;1;1;0;2;1;1;5;
40467;202200026325;767 116;B01;2;7;15;0;3;1;1;
40468;202200026325;767 118;A01;1;7;15;0;3;5;1;
40469;202200026326;767 115;A01;1;7;3;5;1;0;1;
40470;202200026327;767 113;B01;1;34;0;2;3;1;1;
40471;202200026327;767 114;A01;1;7;0;2;6;1;1;
40472;202200026328;767 110;C01;2;10;0;2;8;2;1;
40473;202200026328;767 111;B01;2;7;0;2;5;2;1;
40474;202200026328;767 112;A01;2;7;0;2;1;2;1;
40475;202200026329;767 109;B01;3;2;0;1;1;1;1;
40476;202200026330;767 104;D01;2;7;0;2;5;1;1;
40477;202200026330;767 106;C01;2;7;0;2;4;1;1;
40478;202200026330;767 107;B01;2;10;0;2;7;1;1;
40479;202200026330;767 108;A01;2;10;0;2;3;1;1;
40480;202200026331;767 105;A01;3;7;0;1;6;1;1;
40481;202200026332;767 100;C01;1;7;0;2;4;2;1;
40482;202200026332;767 101;B01;1;7;0;2;4;2;1;
40483;202200026332;767 103;A01;1;7;0;2;1;2;1;
40484;202200026333;767 099;B01;1;7;0;2;2;19;1;
40485;202200026333;767 102;A01;1;32;0;2;1;19;1;
40486;202200026334;767 097;B01;2;7;0;2;5;12;1;
40487;202200026334;767 098;A01;1;33;0;2;1;2;1;
40488;202200026335;767 093;A01;2;31;0;9;8;15;1;
40489;202200026335;767 095;B01;1;1;0;0;8;1;5;
40490;202200026336;767 094;A01;1;15;5;2;3;2;1;
40491;202200026336;767 096;B01;1;33;0;2;4;2;1;
40492;202200026337;767 090;A01;2;10;4;2;8;11;1;
40493;202200026337;767 091;B01;2;33;4;2;2;3;1;
40494;202200026338;767 092;A01;1;10;1;0;1;25;3;
40495;202200026340;767 086;B01;2;34;0;2;2;3;1;
40496;202200026340;767 089;A01;2;7;0;2;3;11;1;
40497;202200026341;767 083;A01;2;7;0;2;1;2;1;
40498;202200026341;767 084;B01;2;7;0;2;4;2;1;
40499;202200026341;767 085;C01;2;7;0;2;4;2;1;
40500;202200026342;767 081;B01;1;7;0;2;8;11;1;
40501;202200026342;767 082;A01;1;32;0;2;5;3;1;
40502;202200026343;767 079;A01;0;7;0;2;3;1;1;
40503;202200026343;767 080;B01;0;34;0;2;1;9;1;
40504;202200026345;767 072;A01;1;7;0;9;6;9;1;
40505;202200026345;767 074;C01;1;1;0;2;2;1;5;
40506;202200026346;767 073;E01;0;7;0;2;1;1;1;
40507;202200026346;767 075;D01;3;7;0;2;4;2;1;
40508;202200026346;767 077;A01;0;7;0;2;1;2;1;
40509;202200026347;767 071;A01;3;7;0;1;1;15;1;
40510;202200026348;767 070;A01;1;30;0;0;0;0;1;
40511;202200026349;767 068;A01;2;30;0;2;3;13;1;
40512;202200026349;767 069;B01;1;7;0;2;3;26;3;
40513;202200026350;767 067;A01;2;10;0;1;1;16;1;
40514;202200026351;767 065;A01;1;7;0;2;0;22;1;
40515;202200026351;767 066;B01;1;1;1;0;0;1;5;
40516;202200026352;767 064;A01;3;7;1;1;3;0;1;
40517;202200026353;767 060;A01;2;7;3;0;3;9;1;
40518;202200026353;767 062;B01;2;15;0;2;2;2;1;
40519;202200026354;767 061;B01;2;1;0;2;0;1;5;
40520;202200026354;767 063;A01;2;7;0;2;4;2;1;
40521;202200026355;767 058;A01;1;7;0;1;5;16;1;
40522;202200026356;767 056;A01;2;7;0;2;1;1;1;
40523;202200026356;767 057;B01;2;7;0;2;4;1;1;
40524;202200026356;767 059;Z01;2;7;0;2;1;0;0;
40525;202200026357;767 052;A01;2;7;0;2;1;13;1;
40526;202200026357;767 054;B01;1;7;0;2;3;1;1;
40527;202200026358;767 053;B01;1;33;0;2;3;1;1;
40528;202200026358;767 055;A01;2;7;0;2;3;15;1;
40529;202200026360;767 048;B01;2;50;0;2;0;0;3;
40530;202200026360;767 051;A01;1;7;0;2;2;15;1;
40531;202200026361;767 046;B01;1;32;0;2;1;1;1;
40532;202200026361;767 047;A01;1;10;0;2;8;13;1;
40533;202200026362;767 043;C01;2;7;0;2;4;1;1;
40534;202200026362;767 044;B01;2;7;0;2;4;1;1;
40535;202200026362;767 045;A01;2;10;0;2;1;1;1;
40536;202200026363;767 042;A01;1;7;0;1;1;1;1;
40537;202200026364;767 041;A01;1;7;0;1;3;15;1;
40538;202200026365;767 038;B01;2;7;0;2;4;2;1;
40539;202200026365;767 040;A01;2;7;0;2;1;2;1;
40540;202200026367;767 034;A01;1;7;3;2;2;1;1;
40541;202200026367;767 035;B01;2;10;0;2;0;1;1;
40542;202200026367;767 036;C01;1;7;0;2;0;1;1;
40543;202200026368;767 033;A01;1;30;12;0;3;1;1;
40544;202200026369;767 031;A01;2;7;0;2;1;16;0;
40545;202200026369;767 032;B01;2;99;0;2;1;1;0;
40546;202200026370;767 028;B01;3;7;0;2;3;11;1;
40547;202200026370;767 030;A01;3;30;0;2;1;17;1;
40548;202200026371;767 027;B01;3;31;0;2;8;21;1;
40549;202200026371;767 029;A01;3;1;0;2;8;21;5;
40550;202200026372;767 025;B01;2;43;0;2;1;15;1;
40551;202200026372;767 026;A01;2;7;0;2;1;1;3;
40552;202200026373;767 023;A01;2;7;0;1;2;1;1;
40553;202200026374;767 022;A01;1;32;0;2;1;13;1;
40554;202200026374;767 024;B01;1;7;0;2;5;23;1;
40555;202200026375;767 020;B01;1;31;0;2;4;1;1;
40556;202200026375;767 021;A01;1;7;0;2;1;1;1;
40557;202200026376;767 018;A01;2;7;0;1;1;15;1;
40558;202200026377;767 013;B01;1;1;0;2;0;19;5;
40559;202200026377;767 015;A01;1;7;0;2;7;1;2;
40560;202200026378;767 012;A01;1;7;0;2;7;10;1;
40561;202200026378;767 016;B01;1;7;0;2;3;1;2;
40562;202200026379;767 011;A01;1;7;0;2;3;9;1;
40563;202200026379;767 014;B01;2;31;0;2;1;1;1;
40564;202200026380;767 009;A01;3;7;3;0;1;1;0;
40565;202200026381;767 008;B01;1;50;0;2;0;19;3;
40566;202200026381;767 010;Z01;1;0;0;2;0;0;0;
40567;202200026382;767 007;A01;2;33;6;0;1;13;1;
40568;202200026383;767 003;A01;1;7;0;2;1;1;1;
40569;202200026383;767 005;B01;1;10;0;2;4;1;1;
40570;202200026384;767 004;A01;2;7;0;2;7;15;1;
40571;202200026384;767 006;B01;1;2;0;2;1;1;1;
40572;202200026385;767 002;A01;0;50;0;1;1;9;3;
40573;202200026386;766 997;C01;2;7;0;2;3;23;1;
40574;202200026386;766 998;B01;2;7;0;2;5;13;1;
40575;202200026386;767 001;A01;2;36;0;2;1;13;1;
40576;202200026387;766 996;B01;1;10;0;2;8;0;1;
40577;202200026387;767 000;A01;1;33;0;2;1;26;1;
40578;202200026388;766 995;B01;1;7;0;2;1;1;1;
40579;202200026388;766 999;A01;2;7;0;2;3;15;1;
40580;202200026389;766 992;A01;1;2;0;2;1;13;1;
40581;202200026389;766 994;B01;2;7;0;2;3;1;1;
40582;202200026390;766 987;B01;2;30;0;2;1;1;1;
40583;202200026390;766 989;A01;2;7;0;2;4;16;1;
40584;202200026391;766 985;C01;1;7;0;2;1;1;1;
40585;202200026391;766 988;B01;2;33;0;2;1;1;1;
40586;202200026391;766 990;A01;1;7;0;2;7;15;1;
40587;202200026392;766 986;A01;3;7;0;1;1;15;1;
40588;202200026393;766 981;C01;3;7;0;2;6;2;1;
40589;202200026393;766 983;B01;3;34;0;2;4;2;1;
40590;202200026393;766 984;A01;3;7;0;2;1;2;1;
40591;202200026394;766 979;A01;2;7;0;2;2;15;1;
40592;202200026394;766 982;B01;0;34;0;2;2;1;0;
40593;202200026395;766 978;A01;2;7;9;2;5;1;1;
40594;202200026395;766 980;B01;1;7;9;2;1;1;1;
40595;202200026396;766 977;A01;2;2;0;0;9;1;1;
40596;202200026397;766 975;A01;1;7;0;1;1;1;1;
40597;202200026399;766 973;A01;1;7;9;2;2;15;1;
40598;202200026399;766 976;B01;2;33;9;2;1;1;1;
40599;202200026400;766 970;A01;3;1;0;2;1;19;5;
40600;202200026400;766 972;B01;2;7;0;9;2;15;1;
40601;202200026401;766 971;A01;1;7;0;1;1;16;1;
40602;202200026402;766 967;B01;1;32;0;2;1;1;1;
40603;202200026402;766 969;A01;1;7;0;2;4;2;1;
40604;202200026403;766 965;B01;0;1;0;2;4;1;5;
40605;202200026403;766 968;A01;0;7;0;2;1;9;1;
40606;202200026404;766 964;A01;1;7;0;2;8;15;1;
40607;202200026404;766 966;B01;1;31;0;2;7;1;1;
40608;202200026405;766 960;A01;2;7;10;0;1;14;1;
40609;202200026406;766 961;A01;1;30;0;2;2;16;1;
40610;202200026406;766 963;B01;1;7;0;2;3;1;1;
40611;202200026407;766 955;A01;1;37;1;1;3;1;1;1.0
40612;202200026408;766 952;E01;2;7;0;2;4;1;1;
40613;202200026408;766 954;D01;2;7;0;2;4;1;1;
40614;202200026408;766 956;C01;2;7;0;2;4;1;1;
40615;202200026408;766 958;B01;2;7;0;2;4;1;2;
40616;202200026408;766 962;A01;2;7;0;2;1;2;1;
40617;202200026409;766 953;B01;2;7;0;2;4;2;1;
40618;202200026409;766 957;C01;2;10;0;2;4;2;1;
40619;202200026409;766 959;Z01;2;7;0;2;1;2;1;
40620;202200026410;766 951;A01;1;3;0;1;2;1;0;
40621;202200026412;766 946;A01;1;7;0;2;2;1;1;
40622;202200026412;766 949;B01;1;7;0;1;1;1;1;
40623;202200026413;766 945;B01;3;7;0;9;4;2;1;
40624;202200026413;766 948;A01;3;7;0;9;1;2;1;
40625;202200026414;766 943;A01;3;7;2;0;1;0;1;
40626;202200026415;766 941;A01;2;7;0;2;3;13;1;
40627;202200026415;766 942;B01;3;7;0;2;1;1;1;
40628;202200026416;766 940;B01;2;7;0;2;6;2;1;
40629;202200026416;766 944;A01;2;7;0;2;1;2;1;
40630;202200026417;766 936;A01;1;7;0;2;1;9;1;
40631;202200026417;766 939;B01;1;7;0;2;2;1;1;
40632;202200026418;766 934;B01;1;7;0;2;4;1;1;
40633;202200026418;766 938;A01;1;7;0;2;1;2;1;
40634;202200026419;766 933;Z01;2;17;0;2;0;0;0;
40635;202200026419;766 935;B01;2;7;0;2;9;1;1;
40636;202200026419;766 937;A01;2;7;0;2;2;1;1;
40637;202200026420;766 932;A01;1;7;0;1;2;15;1;
40638;202200026421;766 929;A01;1;10;3;2;1;13;1;
40639;202200026421;766 931;B01;2;15;0;2;1;1;1;
40640;202200026422;766 927;C01;2;7;0;2;4;1;1;
40641;202200026422;766 928;B01;2;33;0;2;4;1;1;
40642;202200026422;766 930;A01;2;33;0;2;1;1;1;
40643;202200026423;766 926;Z01;1;7;0;1;1;1;1;
40644;202200026424;766 925;A01;3;7;6;0;1;5;1;
40645;202200026425;766 923;A01;2;14;0;2;2;12;1;
40646;202200026425;766 924;B01;2;7;0;2;8;1;1;
40647;202200026426;766 921;Z01;3;7;0;1;1;1;1;
40648;202200026427;766 919;A01;1;33;0;2;1;3;1;
40649;202200026427;766 920;B01;1;7;0;2;2;12;1;
40650;202200026427;766 922;C01;1;7;0;2;5;1;2;
40651;202200026428;766 917;A01;1;33;0;2;1;1;1;
40652;202200026428;766 918;B01;1;7;0;2;4;1;1;
40653;202200026429;766 915;A01;2;31;0;0;7;21;1;
40654;202200026430;766 914;B01;3;30;0;2;1;5;0;
40655;202200026430;766 916;A01;3;7;0;2;3;15;1;
40656;202200026431;766 911;B01;1;7;0;2;7;12;2;
40657;202200026431;766 913;A01;1;33;0;2;8;3;1;
40658;202200026433;766 908;A01;3;7;0;1;2;1;1;
40659;202200026434;766 907;A01;1;33;3;0;8;2;1;
40660;202200026436;766 903;A01;2;7;3;0;2;14;1;
40661;202200026437;766 902;A01;3;30;0;2;1;1;1;
40662;202200026437;766 905;B01;3;7;0;2;3;1;1;
40663;202200026438;766 899;A01;2;10;0;2;4;0;1;
40664;202200026438;766 901;B01;2;13;0;2;1;0;1;
40665;202200026440;766 897;B01;2;33;0;2;1;1;1;
40666;202200026440;766 900;A01;2;10;0;2;3;15;1;
40667;202200026441;766 894;A01;3;7;0;1;1;1;1;
40668;202200026442;766 892;A01;1;33;0;2;1;1;1;
40669;202200026442;766 895;B01;1;1;0;2;3;1;5;
40670;202200026443;766 893;A01;1;7;0;2;3;15;1;
40671;202200026443;766 896;B01;1;7;0;2;1;1;1;
40672;202200026444;766 891;A01;3;32;12;0;1;1;1;
40673;202200026445;766 889;A01;2;7;0;1;1;15;1;
40674;202200026446;766 888;A01;2;10;0;2;1;1;1;
40675;202200026446;766 890;B01;1;15;0;2;1;1;1;
40676;202200026448;766 885;A01;3;7;0;2;2;9;1;
40677;202200026448;766 887;B01;3;32;0;2;1;1;1;
40678;202200026449;766 884;A01;1;10;0;1;4;4;1;
40679;202200026450;766 881;B01;3;30;0;0;8;1;1;
40680;202200026450;766 883;A01;3;7;0;0;3;10;2;
40681;202200026451;766 882;A01;2;10;0;1;3;26;0;
40682;202200026452;766 880;A01;1;30;0;1;1;26;1;
40683;202200026453;766 877;B01;1;10;0;2;4;1;1;
40684;202200026453;766 879;A01;1;7;0;2;1;2;1;
40685;202200026454;766 873;B01;1;43;0;2;2;1;1;
40686;202200026454;766 874;A01;1;7;0;2;3;9;1;
40687;202200026455;766 870;A01;3;7;0;2;1;1;1;
40688;202200026455;766 872;B01;3;7;0;2;1;1;1;
40689;202200026456;766 871;A01;1;2;11;0;8;0;1;
40690;202200026457;766 869;A01;1;7;0;1;1;1;2;
40691;202200026458;766 868;A01;3;7;8;0;1;1;1;
40692;202200026459;766 865;A01;1;7;0;1;2;1;1;
40693;202200026460;766 866;A01;2;7;0;1;6;4;2;
40694;202200026461;766 861;A01;2;7;0;1;1;1;1;
40695;202200026462;766 859;A01;1;1;0;2;7;19;5;
40696;202200026462;766 862;B01;1;34;0;2;1;1;1;
40697;202200026463;766 855;B01;3;7;0;2;1;1;1;
40698;202200026463;766 857;A01;3;10;0;2;7;15;3;
40699;202200026464;766 852;A01;2;31;0;2;0;1;1;
40700;202200026464;766 854;Z01;2;10;0;0;0;14;1;
40701;202200026465;766 851;G01;1;7;0;2;1;2;1;
40702;202200026465;766 853;F01;1;32;0;2;1;11;1;
40703;202200026465;766 856;E01;1;7;0;2;1;2;1;
40704;202200026465;766 858;D01;1;7;0;2;1;2;1;
40705;202200026465;766 860;C01;1;7;0;2;4;2;1;
40706;202200026465;766 863;B01;1;7;0;2;4;2;1;
40707;202200026465;766 864;A01;1;10;0;0;4;2;1;
40708;202200026466;766 850;A01;1;10;0;1;1;1;1;
40709;202200026467;766 847;B01;2;80;0;2;1;1;3;
40710;202200026467;766 849;A01;3;7;0;2;8;22;1;
40711;202200026468;766 848;A01;1;7;4;0;3;1;1;
40712;202200026469;766 845;B01;1;2;0;2;4;2;1;
40713;202200026469;766 846;A01;1;2;0;2;1;2;1;
40714;202200026471;766 841;A01;2;1;0;2;7;1;5;
40715;202200026471;766 843;Z01;2;7;0;2;1;1;0;
40716;202200026472;766 839;B01;3;10;0;2;2;1;1;
40717;202200026472;766 840;A01;3;7;0;2;1;13;1;
40718;202200026473;766 838;A01;2;21;0;0;0;2;0;
40719;202200026474;766 836;A01;1;7;0;2;1;15;1;
40720;202200026474;766 837;B01;2;80;0;2;8;1;3;
40721;202200026475;766 834;A01;3;31;16;6;1;1;1;
40722;202200026476;766 832;Z01;2;7;0;2;1;1;0;
40723;202200026476;766 835;B01;2;7;0;2;4;15;1;
40724;202200026477;766 831;B01;1;80;0;2;1;1;3;
40725;202200026477;766 833;A01;1;7;0;2;2;16;3;
40726;202200026480;766 823;[01;0;10;-1;2;-1;0;-1;
40727;202200026480;766 824;A01;1;33;0;2;8;18;1;
40728;202200026481;766 821;A01;1;7;0;2;1;1;1;
40729;202200026481;766 825;B01;1;7;0;2;4;23;1;
40730;202200026481;766 827;C01;2;7;0;2;3;1;1;
40731;202200026482;766 820;A01;3;7;0;2;0;22;1;
40732;202200026482;766 822;B01;3;1;0;2;0;1;5;
40733;202200026483;766 817;A01;1;80;1;2;2;1;3;
40734;202200026484;766 816;B01;1;7;0;2;2;1;1;
40735;202200026484;766 818;A01;0;7;0;0;0;0;1;
40736;202200026486;766 811;A01;1;7;0;2;3;1;2;
40737;202200026486;766 814;B01;2;33;0;2;2;1;1;
40738;202200026487;766 809;A01;2;7;0;2;1;19;1;
40739;202200026487;766 813;B01;1;30;0;2;8;1;1;
40740;202200026488;766 810;A01;2;7;4;2;1;14;1;
40741;202200026488;766 812;B01;2;7;0;2;4;1;1;
40742;202200026489;766 806;B01;1;1;0;2;7;17;5;
40743;202200026489;766 808;A01;1;1;0;2;8;21;5;
40744;202200026490;766 805;A01;3;7;0;1;1;1;1;
40745;202200026491;766 802;A01;1;7;0;0;0;0;1;
40746;202200026492;766 801;A01;1;7;0;2;2;15;1;
40747;202200026492;766 803;B01;1;7;0;2;3;1;2;
40748;202200026493;766 799;A01;1;10;0;1;1;1;1;
40749;202200026494;766 797;A01;2;7;0;2;4;23;1;
40750;202200026494;766 798;B01;2;7;0;2;9;23;3;
40751;202200026494;766 800;C01;2;7;0;2;9;23;1;
40752;202200026494;766 804;D01;2;7;0;2;9;23;1;
40753;202200026494;766 807;E01;2;7;0;2;1;2;1;
40754;202200026495;766 796;A01;3;99;14;0;0;0;3;
40755;202200026497;766 793;C01;3;7;0;0;0;15;1;
40756;202200026497;766 794;B01;3;2;0;2;8;18;1;
40757;202200026497;766 795;A01;3;7;0;2;1;15;1;
40758;202200026498;766 790;A01;2;7;12;2;3;18;2;
40759;202200026498;766 791;B01;2;7;12;2;2;1;1;
40760;202200026499;766 782;Z01;2;7;0;0;0;0;0;
40761;202200026499;766 785;C01;2;7;0;2;4;2;1;
40762;202200026499;766 787;B01;2;7;0;2;4;2;1;
40763;202200026499;766 789;A01;2;7;0;2;1;2;1;
40764;202200026500;766 783;B01;1;7;0;2;2;1;1;
40765;202200026500;766 786;A01;1;2;0;2;3;15;1;
40766;202200026503;766 776;A01;3;7;1;2;6;2;1;
40767;202200026503;766 780;B01;3;10;0;2;1;1;1;
40768;202200026504;766 774;C01;2;7;0;2;4;9;1;
40769;202200026504;766 777;B01;2;7;0;2;4;9;1;
40770;202200026504;766 778;A01;2;15;4;2;1;0;1;
40771;202200026505;766 773;B01;3;7;0;9;4;16;1;
40772;202200026505;766 775;A01;2;33;0;2;1;1;1;
40773;202200026506;766 771;A01;2;10;0;1;2;2;1;
40774;202200026507;766 769;A01;1;7;0;2;3;21;1;
40775;202200026507;766 772;B01;1;7;0;0;2;9;1;
40776;202200026508;766 768;A01;1;10;0;2;1;2;1;
40777;202200026508;766 770;B01;1;37;0;2;4;2;1;1.0
40778;202200026509;766 767;A01;2;10;4;0;3;13;1;
40779;202200026511;766 763;A01;2;30;0;2;1;1;1;
40780;202200026511;766 765;B01;2;7;0;2;4;1;1;
40781;202200026512;766 762;A01;1;43;11;0;1;1;1;
40782;202200026513;766 760;A01;2;7;1;0;2;2;1;
40783;202200026514;766 757;B01;2;1;0;2;8;5;5;
40784;202200026514;766 759;A01;1;37;0;2;3;7;1;1.0
40785;202200026515;766 755;A01;1;7;0;2;4;2;1;
40786;202200026515;766 758;B01;1;7;0;2;4;2;1;
40787;202200026515;766 761;C01;1;7;0;2;1;1;1;
40788;202200026516;766 756;A01;0;10;2;0;1;9;1;
40789;202200026517;766 753;A01;1;33;13;0;1;2;1;
40790;202200026518;766 754;A01;1;7;0;1;1;1;1;
40791;202200026519;766 751;B01;2;7;0;2;2;1;1;
40792;202200026519;766 752;A01;1;7;0;2;2;15;1;
40793;202200026520;766 748;A01;0;7;8;0;1;1;1;
40794;202200026521;766 747;A01;3;33;12;2;0;14;1;
40795;202200026522;766 746;C01;1;7;0;2;5;1;3;
40796;202200026522;766 749;B01;1;7;0;2;3;1;1;