;Num_Acc;id_vehicule;num_veh;senc;catv;obs;obsm;choc;manv;motor;occutc
40797;202200026522;766 750;A01;1;7;0;2;1;12;1;
40798;202200026523;766 744;A01;1;7;0;2;4;26;1;
40799;202200026523;766 745;B01;1;33;0;2;1;1;1;
40800;202200026524;766 739;A01;1;7;0;1;1;1;1;
40801;202200026525;766 741;B01;1;2;0;2;4;1;3;
40802;202200026525;766 743;A01;1;7;0;2;1;14;1;
40803;202200026527;766 737;A01;3;7;0;1;3;1;1;
40804;202200026528;766 733;B01;1;7;0;2;1;2;1;
40805;202200026528;766 735;A01;1;7;0;2;4;1;1;
40806;202200026530;766 732;A01;3;7;0;1;3;1;1;
40807;202200026531;766 730;A01;1;42;3;2;7;26;1;
40808;202200026531;766 731;B01;1;7;0;2;8;13;1;
40809;202200026532;766 729;A01;1;7;0;1;1;1;6;
40810;202200026533;766 728;A01;2;7;0;1;3;1;1;
40811;202200026534;766 725;A01;1;33;0;2;1;2;1;
40812;202200026534;766 727;B01;1;7;0;2;4;2;1;
40813;202200026535;766 724;A01;1;7;0;2;1;2;1;
40814;202200026535;766 726;B01;1;7;0;0;4;2;1;
40815;202200026536;766 718;A01;1;7;0;2;7;15;1;
40816;202200026536;766 720;B01;2;33;0;2;1;1;1;
40817;202200026536;766 721;C01;2;33;0;2;1;1;1;
40818;202200026537;766 722;A01;2;7;0;2;8;15;1;
40819;202200026537;766 723;B01;1;7;0;2;1;1;1;
40820;202200026538;766 717;B01;2;7;0;2;1;0;1;
40821;202200026538;766 719;A01;2;7;0;2;8;9;1;
40822;202200026540;766 711;B01;1;13;0;2;3;1;1;
40823;202200026540;766 714;A01;2;10;0;2;3;13;1;
40824;202200026541;766 710;A01;1;7;0;2;2;14;6;
40825;202200026541;766 713;B01;1;1;0;2;4;1;5;
40826;202200026542;766 712;B01;1;1;0;2;1;1;5;
40827;202200026542;766 715;A01;3;7;0;9;7;1;1;
40828;202200026543;766 709;A01;2;30;0;1;0;17;1;
40829;202200026544;766 708;A01;1;32;8;0;1;14;3;
40830;202200026545;766 706;A01;2;7;4;0;1;13;1;
40831;202200026546;766 704;B01;2;32;0;2;2;1;1;
40832;202200026546;766 707;A01;2;1;0;2;8;9;5;
40833;202200026547;766 701;A01;0;7;0;2;8;0;1;
40834;202200026547;766 703;B01;0;31;1;2;3;26;1;
40835;202200026548;766 700;A01;3;10;0;1;4;4;1;
40836;202200026549;766 697;A01;3;7;0;2;4;20;1;
40837;202200026549;766 699;B01;0;10;0;1;6;23;1;
40838;202200026550;766 695;B01;2;7;0;2;3;1;1;
40839;202200026550;766 698;A01;2;7;0;2;2;1;1;
40840;202200026551;766 690;B01;3;30;0;2;8;14;1;
40841;202200026551;766 691;A01;3;7;0;2;1;9;1;
40842;202200026552;766 688;A01;2;31;13;0;9;1;1;
40843;202200026553;766 685;A01;1;7;0;9;1;1;1;
40844;202200026553;766 689;B01;1;7;0;2;1;1;1;
40845;202200026553;766 694;C01;1;7;3;0;3;1;1;
40846;202200026553;766 696;D01;2;7;0;2;9;1;1;
40847;202200026553;766 702;E01;1;7;14;0;9;1;1;
40848;202200026553;766 705;F01;1;7;14;0;4;1;1;
40849;202200026555;766 681;A01;1;1;0;2;4;2;5;
40850;202200026555;766 682;Z01;1;1;0;2;1;2;0;
40851;202200026556;766 677;B01;1;2;0;2;1;2;1;
40852;202200026556;766 680;A01;1;7;0;2;3;15;1;
40853;202200026557;766 678;A01;1;7;0;1;1;1;2;
40854;202200026558;766 676;B01;1;7;0;0;3;16;1;
40855;202200026558;766 679;A01;2;7;0;0;2;19;1;
40856;202200026559;766 673;B01;3;10;0;2;1;26;1;
40857;202200026559;766 675;A01;3;7;0;2;1;26;1;
40858;202200026560;766 671;A01;1;10;0;2;2;2;1;
40859;202200026560;766 674;B01;1;7;0;2;3;16;1;
40860;202200026561;766 670;A01;2;10;0;2;1;21;1;
40861;202200026561;766 672;B01;1;7;0;2;3;13;1;
40862;202200026562;766 669;A01;2;7;0;1;3;15;1;
40863;202200026564;766 667;A01;1;7;0;1;1;1;1;
40864;202200026565;766 666;A01;1;7;0;1;1;1;1;
40865;202200026566;766 665;A01;1;7;6;0;1;1;1;
40866;202200026567;766 664;A01;3;7;4;0;1;0;1;
40867;202200026568;766 661;A01;2;7;0;1;2;15;1;
40868;202200026569;766 660;A01;-1;43;0;2;4;23;1;
40869;202200026569;766 662;B01;-1;7;0;2;1;1;1;
40870;202200026572;766 656;B01;1;1;0;2;1;1;5;
40871;202200026572;766 658;A01;2;10;0;9;1;15;1;
40872;202200026573;766 654;A01;1;7;1;0;2;1;2;
40873;202200026574;766 653;A01;1;7;0;2;5;1;1;
40874;202200026574;766 655;B01;1;7;0;2;1;16;1;
40875;202200026576;766 648;B01;2;10;0;2;2;1;6;
40876;202200026576;766 649;A01;1;7;0;2;3;15;1;
40877;202200026577;766 645;B01;1;50;0;2;2;19;3;
40878;202200026577;766 646;A01;1;33;0;2;1;1;1;
40879;202200026578;766 647;A01;2;33;0;2;1;1;1;
40880;202200026578;766 651;B01;2;7;0;0;5;15;1;
40881;202200026579;766 642;A01;2;7;14;0;1;1;1;
40882;202200026581;766 638;A01;0;7;0;2;1;15;1;
40883;202200026581;766 640;B01;0;2;0;0;1;9;1;
40884;202200026582;766 637;B01;1;10;0;0;4;2;1;
40885;202200026582;766 639;A01;1;14;0;0;1;1;1;
40886;202200026583;766 636;B01;2;33;0;2;1;2;1;
40887;202200026583;766 641;A01;2;7;0;2;4;23;1;
40888;202200026584;766 635;A01;0;7;0;1;3;15;1;
40889;202200026585;766 634;A01;1;7;0;1;2;1;1;
40890;202200026586;766 631;A01;2;33;0;2;1;2;1;
40891;202200026586;766 633;B01;2;7;0;2;4;1;1;
40892;202200026587;766 630;A01;1;31;1;0;1;26;1;
40893;202200026587;766 632;B01;2;7;0;2;1;23;1;
40894;202200026588;766 628;A01;1;7;2;0;1;1;1;
40895;202200026589;766 626;A01;1;7;1;2;1;14;1;
40896;202200026589;766 629;B01;1;7;0;0;4;23;1;
40897;202200026590;766 622;B01;2;13;3;2;1;1;0;
40898;202200026590;766 623;A01;1;7;0;2;2;13;1;
40899;202200026591;766 621;B01;1;31;0;2;5;1;1;
40900;202200026591;766 624;A01;1;7;0;2;3;1;1;
40901;202200026591;766 625;C01;1;7;0;2;6;1;1;
40902;202200026591;766 627;D01;1;7;0;2;4;1;1;
40903;202200026592;766 618;B01;2;7;0;2;1;1;1;
40904;202200026592;766 619;A01;2;7;0;2;8;10;1;
40905;202200026593;766 616;B01;2;33;0;2;3;1;1;
40906;202200026593;766 620;A01;1;7;0;2;1;15;1;
40907;202200026594;766 615;A01;1;33;0;2;1;26;1;
40908;202200026594;766 617;B01;1;7;0;0;4;1;1;
40909;202200026595;766 613;A01;2;7;0;0;1;2;1;
40910;202200026595;766 614;B01;2;15;0;0;4;1;1;
40911;202200026596;766 611;A01;1;7;2;0;1;2;1;
40912;202200026598;766 608;A01;2;7;6;0;3;1;0;
40913;202200026599;766 606;A01;1;7;4;0;1;0;1;
40914;202200026600;766 605;B01;3;7;13;2;1;1;1;
40915;202200026600;766 607;A01;3;7;0;2;1;13;1;
40916;202200026601;766 603;B01;3;7;0;2;4;15;1;
40917;202200026601;766 604;A01;3;7;0;2;1;1;1;
40918;202200026602;766 601;B01;2;37;0;2;3;1;2;1.0
40919;202200026602;766 602;A01;1;7;0;2;2;13;1;
40920;202200026603;766 599;A01;1;7;13;0;1;1;1;
40921;202200026604;766 597;A01;1;7;2;0;9;13;1;
40922;202200026605;766 598;A01;3;7;0;2;2;1;1;
40923;202200026605;766 600;B01;3;99;0;2;0;0;0;
40924;202200026606;766 596;A01;2;7;15;0;1;1;1;
40925;202200026608;766 591;A01;1;7;13;0;1;1;1;
40926;202200026609;766 592;A01;1;7;0;2;7;15;1;
40927;202200026609;766 595;B01;2;33;0;2;1;1;1;
40928;202200026610;766 588;B01;1;32;0;2;1;1;1;
40929;202200026610;766 590;A01;2;7;0;2;2;21;1;
40930;202200026611;766 587;B01;2;7;0;2;1;1;1;
40931;202200026611;766 589;A01;1;7;0;2;1;15;1;
40932;202200026612;766 586;A01;2;7;0;0;9;6;1;
40933;202200026613;766 584;A01;0;7;0;1;0;0;-1;
40934;202200026615;766 579;A01;3;7;2;0;3;14;1;
40935;202200026616;766 578;A01;1;7;0;2;1;15;0;
40936;202200026616;766 580;B01;1;7;0;2;1;0;0;
40937;202200026617;766 574;A01;1;7;0;0;2;15;1;
40938;202200026617;766 576;B01;1;31;0;2;1;1;1;
40939;202200026618;766 573;A01;3;7;0;1;1;1;1;
40940;202200026620;766 572;A01;1;7;0;1;7;1;1;
40941;202200026621;766 570;B01;1;37;0;2;8;1;1;1.0
40942;202200026621;766 571;A01;1;7;0;9;7;16;1;
40943;202200026622;766 569;A01;2;7;0;1;6;4;1;
40944;202200026623;766 567;A01;1;7;0;2;1;1;1;
40945;202200026623;766 568;B01;2;7;0;2;1;13;1;
40946;202200026626;766 561;A01;1;30;0;2;1;2;1;
40947;202200026626;766 562;B01;1;7;0;0;4;23;1;
40948;202200026627;766 559;A01;1;31;0;2;8;2;0;
40949;202200026627;766 560;B01;1;7;0;2;8;2;1;
40950;202200026628;766 557;A01;2;7;13;0;1;1;1;
40951;202200026629;766 555;A01;1;10;0;2;8;1;1;
40952;202200026629;766 558;B01;2;2;0;2;1;15;1;
40953;202200026631;766 553;A01;3;7;13;0;2;1;1;
40954;202200026632;766 552;A01;2;80;0;0;0;0;3;
40955;202200026633;766 551;A01;1;7;0;1;3;26;1;
40956;202200026634;766 550;A01;1;14;13;0;3;0;1;
40957;202200026635;766 548;A01;3;7;2;1;2;0;1;
40958;202200026636;766 545;A01;1;7;0;2;1;26;1;
40959;202200026636;766 547;B01;1;7;0;2;2;0;1;
40960;202200026637;766 543;D01;1;0;0;0;-1;-1;-1;
40961;202200026637;766 544;A01;1;7;0;2;1;21;1;
40962;202200026637;766 546;B01;2;10;2;2;1;1;1;
40963;202200026637;766 549;C01;2;13;0;2;1;1;1;
40964;202200026638;766 541;A01;1;7;0;1;8;1;0;
40965;202200026639;766 540;A01;2;7;1;2;3;13;1;
40966;202200026639;766 542;B01;1;7;1;0;6;1;1;
40967;202200026640;766 538;B01;3;33;0;0;1;17;1;
40968;202200026640;766 539;A01;3;33;0;0;8;15;1;
40969;202200026641;766 536;A01;1;33;12;0;1;0;1;
40970;202200026641;766 537;B01;1;33;0;0;0;0;1;
40971;202200026642;766 532;B01;2;2;0;2;1;1;1;
40972;202200026642;766 534;A01;3;7;0;2;2;19;1;
40973;202200026643;766 530;B01;2;7;0;2;6;2;1;
40974;202200026643;766 533;A01;2;7;0;2;2;2;1;
40975;202200026644;766 531;B01;0;7;0;2;2;1;1;
40976;202200026644;766 535;A01;1;7;0;2;3;1;1;
40977;202200026645;766 527;B01;2;7;0;2;3;1;1;
40978;202200026645;766 529;A01;1;7;0;2;3;13;1;
40979;202200026646;766 526;B01;3;2;0;2;1;1;1;
40980;202200026646;766 528;A01;3;7;0;2;0;15;1;
40981;202200026647;766 525;A01;2;33;9;0;0;1;1;
40982;202200026648;766 522;A01;3;7;0;2;3;0;1;
40983;202200026648;766 524;B01;3;31;0;2;1;0;1;
40984;202200026649;766 521;A01;2;7;0;2;2;16;1;
40985;202200026649;766 523;B01;2;1;0;2;3;1;5;
40986;202200026650;766 517;A01;2;7;0;2;3;1;2;
40987;202200026650;766 520;B01;1;7;0;2;3;1;1;
40988;202200026651;766 519;A01;1;7;2;0;2;1;1;
40989;202200026652;766 516;A01;2;30;0;2;7;26;1;
40990;202200026652;766 518;B01;2;7;14;2;8;1;1;
40991;202200026653;766 513;A01;1;7;8;0;2;1;1;
40992;202200026655;766 512;B01;2;14;0;2;3;1;1;
40993;202200026655;766 515;A01;1;2;0;2;1;16;1;
40994;202200026656;766 507;A01;1;50;0;2;1;1;3;
40995;202200026656;766 509;B01;1;7;0;2;4;23;1;
40996;202200026657;766 508;B01;2;80;0;2;3;13;3;
40997;202200026657;766 510;A01;2;7;0;2;7;21;1;
40998;202200026658;766 506;A01;1;17;3;0;5;17;1;
40999;202200026659;766 502;A01;1;7;0;2;1;1;2;
41000;202200026659;766 503;B01;2;17;0;2;1;1;1;
41001;202200026660;766 500;B01;3;7;0;2;3;2;2;
41002;202200026660;766 505;A01;3;34;0;2;5;2;1;
41003;202200026661;766 499;A01;1;7;0;2;1;2;1;
41004;202200026661;766 501;B01;1;7;0;2;4;2;1;
41005;202200026661;766 504;C01;1;7;0;2;4;2;2;
41006;202200026662;766 498;A01;0;80;0;0;0;16;3;
41007;202200026663;766 497;A01;2;7;13;0;1;2;1;
41008;202200026664;766 496;A01;3;7;0;1;1;1;1;
41009;202200026665;766 494;A01;3;7;0;1;3;1;1;
41010;202200026666;766 493;A01;3;10;0;2;2;1;1;
41011;202200026666;766 495;B01;3;33;0;2;1;15;1;
41012;202200026667;766 492;A01;2;7;3;0;1;21;1;
41013;202200026668;766 491;A01;2;10;2;0;1;1;1;
41014;202200026669;766 490;A01;1;7;1;0;2;1;-1;
41015;202200026670;766 487;A01;1;3;0;0;7;1;3;
41016;202200026673;766 480;B01;2;7;14;2;1;0;1;
41017;202200026673;766 483;A01;1;7;0;2;5;15;1;
41018;202200026676;766 478;A01;1;7;6;0;3;1;1;
41019;202200026678;766 474;A01;1;7;0;2;2;19;1;
41020;202200026678;766 476;B01;1;7;0;2;1;1;1;
41021;202200026679;766 471;B01;2;7;0;2;1;1;1;
41022;202200026679;766 473;A01;1;7;0;2;6;19;1;
41023;202200026680;766 467;B01;2;34;0;2;1;1;1;
41024;202200026680;766 470;A01;1;7;0;2;1;15;1;
41025;202200026681;766 466;B01;1;31;0;2;8;1;1;
41026;202200026681;766 469;A01;1;7;0;2;1;19;1;
41027;202200026682;766 465;A01;3;7;0;9;8;15;1;
41028;202200026682;766 468;B01;3;1;0;2;1;1;5;
41029;202200026683;766 463;A01;1;33;0;2;7;17;1;
41030;202200026683;766 464;B01;1;1;0;2;8;11;5;
41031;202200026684;766 461;A01;1;7;2;0;1;1;1;
41032;202200026685;766 460;B01;2;15;0;0;6;2;1;
41033;202200026685;766 462;A01;2;7;0;2;2;2;1;
41034;202200026686;766 457;A01;2;7;2;0;1;1;1;
41035;202200026687;766 456;B01;2;7;0;2;3;23;1;
41036;202200026687;766 458;A01;2;15;0;2;2;14;1;
41037;202200026688;766 455;B01;2;7;0;2;1;21;3;
41038;202200026688;766 459;A01;1;7;0;0;3;5;0;
41039;202200026689;766 453;B01;1;15;0;0;7;15;1;
41040;202200026689;766 454;A01;2;7;0;2;1;1;1;
41041;202200026690;766 450;B01;3;32;0;2;2;1;1;
41042;202200026690;766 452;A01;3;7;0;2;1;15;1;
41043;202200026691;766 449;A01;0;7;0;2;2;15;1;
41044;202200026691;766 451;B01;0;30;0;2;1;1;1;
41045;202200026692;766 448;A01;2;7;0;1;3;16;1;
41046;202200026693;766 444;A01;1;7;0;2;7;14;1;
41047;202200026693;766 446;B01;1;32;0;2;3;2;1;
41048;202200026693;766 447;C01;1;7;0;2;3;2;1;
41049;202200026694;766 443;A01;3;2;0;0;0;13;1;
41050;202200026695;766 445;A01;2;7;13;0;1;13;1;
41051;202200026696;766 439;Z01;1;7;0;2;5;12;1;
41052;202200026696;766 442;A01;1;33;0;2;8;3;1;
41053;202200026697;766 441;A01;3;7;0;1;1;15;1;
41054;202200026698;766 437;B01;1;33;0;2;1;1;1;
41055;202200026698;766 440;A01;2;7;0;2;2;5;1;
41056;202200026699;766 433;A01;2;7;15;2;3;13;1;
41057;202200026699;766 436;B01;1;30;0;2;3;1;1;
41058;202200026700;766 434;A01;2;33;0;2;7;3;1;
41059;202200026700;766 435;B01;2;7;0;2;6;2;1;
41060;202200026700;766 438;C01;2;43;0;2;2;2;1;
41061;202200026702;766 428;B01;2;50;0;2;1;1;3;
41062;202200026702;766 430;A01;1;10;0;2;7;15;1;
41063;202200026703;766 427;A01;1;7;0;2;2;1;1;
41064;202200026703;766 432;B01;3;1;0;2;4;9;5;
41065;202200026704;766 426;A01;2;7;3;0;3;16;1;
41066;202200026705;766 425;A01;1;10;2;0;1;1;1;
41067;202200026706;766 424;Z01;3;50;0;1;0;25;3;
41068;202200026707;766 420;A01;2;80;0;1;2;1;3;
41069;202200026708;766 421;A01;2;7;0;2;4;2;1;
41070;202200026708;766 423;B01;2;15;0;2;1;2;1;
41071;202200026709;766 419;A01;0;31;0;2;1;1;1;
41072;202200026709;766 422;B01;0;0;0;2;0;0;0;
41073;202200026710;766 417;B01;1;7;0;2;1;1;1;
41074;202200026710;766 418;A01;1;7;3;2;0;0;1;
41075;202200026711;766 414;A01;2;33;0;0;8;1;1;
41076;202200026712;766 410;B01;2;10;3;2;4;2;1;
41077;202200026712;766 411;A01;2;7;3;2;1;2;1;
41078;202200026715;766 402;B01;2;7;0;2;1;1;1;
41079;202200026715;766 404;A01;1;7;0;2;1;13;1;
41080;202200026716;766 401;B01;1;7;0;2;1;1;1;
41081;202200026716;766 403;A01;1;10;0;2;7;12;1;
41082;202200026717;766 400;A01;2;7;2;0;3;1;1;
41083;202200026718;766 398;A01;2;15;1;0;1;17;1;
41084;202200026718;766 399;B01;2;15;0;2;4;24;1;
41085;202200026719;766 397;A01;1;1;0;0;0;0;5;
41086;202200026720;766 395;A01;2;7;0;2;6;11;1;
41087;202200026720;766 396;B01;2;32;0;2;2;1;1;
41088;202200026721;766 391;A01;2;7;0;2;4;11;1;
41089;202200026721;766 393;B01;2;7;0;2;1;1;1;
41090;202200026722;766 392;A01;1;7;0;2;2;2;3;
41091;202200026722;766 394;B01;1;15;0;2;8;9;1;
41092;202200026723;766 389;B01;1;7;0;2;4;2;1;
41093;202200026723;766 390;A01;1;7;0;2;1;2;1;
41094;202200026724;766 388;A01;3;7;0;1;6;4;2;
41095;202200026725;766 385;A01;1;31;0;2;1;17;1;
41096;202200026725;766 387;B01;1;7;0;2;6;15;1;
41097;202200026726;766 386;A01;3;10;0;0;1;1;1;
41098;202200026727;766 384;A01;1;10;0;1;4;20;1;
41099;202200026730;766 378;A01;3;2;0;2;5;13;1;
41100;202200026730;766 379;B01;3;1;0;2;8;1;5;
41101;202200026731;766 375;B01;1;7;0;2;3;0;1;
41102;202200026731;766 376;A01;1;7;0;2;4;1;1;
41103;202200026732;766 372;B01;2;1;0;2;8;1;5;
41104;202200026732;766 373;A01;2;7;0;2;1;1;1;
41105;202200026733;766 374;B01;2;7;0;2;1;1;1;
41106;202200026733;766 377;A01;1;7;0;2;1;13;1;
41107;202200026734;766 371;A01;2;10;0;1;1;1;1;
41108;202200026735;766 367;B01;1;7;4;2;3;1;1;
41109;202200026735;766 369;A01;2;7;4;2;1;5;1;
41110;202200026736;766 368;B01;2;7;0;0;8;1;1;
41111;202200026736;766 370;A01;1;7;0;2;1;19;1;
41112;202200026737;766 366;A01;1;0;14;1;1;1;6;
41113;202200026738;766 364;A01;3;7;0;1;2;0;1;
41114;202200026740;766 365;A01;2;7;4;0;7;1;1;
41115;202200026741;766 360;A01;2;7;0;2;1;1;1;
41116;202200026741;766 361;B01;1;7;0;2;7;1;1;
41117;202200026742;766 359;B01;1;7;0;1;2;1;1;
41118;202200026743;766 356;B01;1;7;3;2;1;1;1;
41119;202200026743;766 358;A01;1;7;3;2;1;13;1;
41120;202200026744;766 355;A01;1;7;8;1;2;1;1;
41121;202200026745;766 352;B01;3;7;0;2;1;1;1;
41122;202200026745;766 353;A01;3;7;0;2;1;1;1;
41123;202200026746;766 351;A01;2;7;1;0;2;14;1;
41124;202200026748;766 354;A01;1;7;0;2;2;0;2;
41125;202200026748;766 357;B01;2;33;0;2;1;0;1;
41126;202200026749;766 347;A01;1;7;9;2;3;1;1;
41127;202200026749;766 348;B01;2;7;0;2;1;15;1;
41128;202200026750;766 346;A01;2;7;1;0;2;1;1;
41129;202200026751;766 342;A01;1;7;0;2;4;23;1;
41130;202200026751;766 343;B01;1;7;0;2;1;1;1;
41131;202200026753;766 337;A01;1;7;0;1;3;1;1;
41132;202200026754;766 336;A01;2;7;0;1;1;0;1;
41133;202200026757;766 333;A01;1;7;0;1;1;1;1;
41134;202200026760;766 329;A01;3;7;0;2;1;1;1;
41135;202200026760;766 330;B01;3;7;0;2;4;1;1;
41136;202200026761;766 328;A01;3;33;0;0;0;26;1;
41137;202200026762;766 325;A01;2;7;4;0;2;1;1;
41138;202200026763;766 320;A01;2;7;0;2;2;12;0;
41139;202200026763;766 322;B01;2;7;0;2;6;1;0;
41140;202200026763;766 323;C01;2;7;0;2;4;1;0;
41141;202200026764;766 319;A01;1;10;0;1;7;1;1;
41142;202200026765;766 321;B01;1;7;0;2;3;9;1;
41143;202200026765;766 324;A01;1;31;0;2;7;1;1;
41144;202200026766;766 317;B01;2;7;0;2;4;1;1;
41145;202200026766;766 318;A01;2;7;0;2;1;2;1;
41146;202200026767;766 316;A01;2;7;0;1;1;1;1;
41147;202200026769;766 313;A01;2;7;0;1;3;1;1;
41148;202200026770;766 310;A01;2;7;0;2;1;17;1;
41149;202200026770;766 312;B01;1;10;0;2;1;1;1;
41150;202200026771;766 311;B01;1;7;0;2;1;1;1;
41151;202200026771;766 315;A01;2;7;0;2;2;19;1;
41152;202200026773;766 308;A01;1;7;0;1;1;1;1;
41153;202200026774;766 305;B01;1;7;0;2;4;1;1;
41154;202200026774;766 306;A01;1;7;0;2;1;1;1;
41155;202200026776;766 301;A01;1;7;6;0;3;6;1;
41156;202200026777;766 299;A01;2;7;0;2;3;13;1;
41157;202200026777;766 300;B01;2;2;0;2;2;17;1;
41158;202200026778;766 297;A01;2;33;15;2;8;17;1;
41159;202200026779;766 295;B01;2;1;0;2;1;1;5;
41160;202200026779;766 296;A01;2;7;0;2;8;9;1;
41161;202200026780;766 298;A01;3;33;0;0;8;1;1;
41162;202200026782;766 291;A01;1;37;0;1;3;7;3;1.0
41163;202200026783;766 292;A01;2;36;12;0;2;18;1;
41164;202200026784;766 289;A01;2;7;13;0;0;1;1;
41165;202200026785;766 290;A01;1;7;2;0;1;1;1;
41166;202200026787;766 287;A01;2;7;2;0;1;1;1;
41167;202200026788;766 286;A01;1;7;0;1;8;1;0;
41168;202200026789;766 285;A01;2;2;0;0;8;1;1;
41169;202200026790;766 281;A01;3;7;0;2;8;19;1;
41170;202200026790;766 282;B01;3;1;0;2;1;1;5;
41171;202200026792;766 280;A01;3;7;0;1;1;1;1;
41172;202200026793;766 278;B01;0;7;0;2;3;1;1;
41173;202200026793;766 279;A01;0;7;0;2;2;1;1;
41174;202200026794;766 276;A01;2;10;0;1;3;26;1;
41175;202200026795;766 277;C01;1;15;1;1;2;14;1;
41176;202200026796;766 275;A01;1;30;16;0;7;1;3;
41177;202200026797;766 271;A01;2;7;0;2;3;15;1;
41178;202200026797;766 274;B01;2;33;0;2;1;1;1;
41179;202200026798;766 268;A01;2;7;0;2;2;15;1;
41180;202200026798;766 269;B01;1;30;0;2;1;18;1;
41181;202200026799;766 266;A01;1;7;0;2;5;1;1;
41182;202200026799;766 267;B01;1;34;0;2;1;0;1;
41183;202200026800;766 262;D01;2;10;0;2;5;23;1;
41184;202200026800;766 263;C01;2;7;0;2;5;23;1;
41185;202200026800;766 264;B01;2;33;0;2;7;23;1;
41186;202200026800;766 265;A01;2;7;0;2;3;3;1;
41187;202200026801;766 261;A01;1;7;0;0;1;1;1;
41188;202200026802;766 259;A01;1;33;0;2;3;3;1;
41189;202200026802;766 260;B01;1;7;0;2;2;12;1;
41190;202200026803;766 254;A01;1;7;0;2;1;2;1;
41191;202200026803;766 255;B01;1;7;0;2;4;2;1;
41192;202200026803;766 256;C01;1;7;0;2;1;2;1;
41193;202200026803;766 257;D01;1;7;0;2;1;2;1;
41194;202200026803;766 258;E01;1;7;0;2;1;2;2;
41195;202200026804;766 251;C01;2;7;0;2;5;2;0;
41196;202200026804;766 252;B01;2;7;0;2;2;12;0;
41197;202200026804;766 253;A01;2;32;0;2;3;3;0;
41198;202200026805;766 249;A01;2;10;0;2;8;9;1;
41199;202200026805;766 250;B01;2;7;0;2;7;1;1;
41200;202200026807;766 244;C01;1;33;0;2;1;3;1;
41201;202200026807;766 245;B01;1;7;0;2;6;2;1;
41202;202200026807;766 246;A01;1;7;0;2;8;11;1;
41203;202200026808;766 242;A01;1;33;0;2;7;9;1;
41204;202200026808;766 243;B01;2;7;0;2;6;1;1;
41205;202200026809;766 241;A01;1;7;0;2;0;2;1;
41206;202200026810;766 239;A01;1;7;0;0;7;15;1;
41207;202200026810;766 240;B01;2;33;0;2;1;1;1;
41208;202200026811;766 237;B01;2;1;0;2;1;9;5;
41209;202200026811;766 238;A01;1;7;0;2;2;1;1;
41210;202200026813;766 233;A01;1;7;0;2;7;16;1;
41211;202200026813;766 234;B01;1;7;0;2;3;1;1;
41212;202200026814;766 232;A01;2;7;4;0;1;26;1;
41213;202200026815;766 230;B01;2;7;4;2;2;11;1;
41214;202200026815;766 231;A01;2;7;4;2;5;1;1;
41215;202200026816;766 227;C01;2;7;0;2;7;1;2;
41216;202200026816;766 228;B01;2;7;0;2;8;0;1;
41217;202200026816;766 229;A01;2;7;3;2;7;14;1;
41218;202200026817;766 225;A01;2;33;0;2;1;2;1;
41219;202200026817;766 226;B01;2;7;0;2;4;2;1;
41220;202200026819;766 222;A01;3;7;0;1;1;13;1;
41221;202200026821;766 219;B01;2;7;0;2;6;23;1;
41222;202200026821;766 220;A01;2;32;0;2;1;1;1;
41223;202200026822;766 215;A01;2;7;0;2;4;23;1;
41224;202200026822;766 216;B01;2;7;0;2;4;2;1;
41225;202200026822;766 217;C01;2;7;0;2;1;2;1;
41226;202200026822;766 218;D01;2;10;0;2;6;20;1;
41227;202200026823;766 213;A01;1;7;0;2;1;15;1;
41228;202200026823;766 214;B01;1;30;0;2;1;1;1;
41229;202200026824;766 211;A01;2;7;0;2;1;15;1;
41230;202200026824;766 212;B01;1;33;0;2;1;1;1;
41231;202200026825;766 209;B01;1;7;0;2;1;1;1;
41232;202200026825;766 210;A01;2;7;0;2;1;13;1;
41233;202200026826;766 207;B01;1;31;0;2;1;1;1;
41234;202200026826;766 208;A01;2;7;0;2;5;15;1;
41235;202200026827;766 205;B01;3;7;0;2;1;1;1;
41236;202200026827;766 206;A01;3;7;0;2;2;15;3;
41237;202200026828;766 203;A01;3;7;0;2;3;1;1;
41238;202200026828;766 204;B01;3;7;0;2;1;1;0;
41239;202200026829;766 202;A01;3;31;8;0;1;0;1;
41240;202200026830;766 200;A01;1;7;0;2;1;1;1;
41241;202200026830;766 201;B01;1;7;0;2;4;1;1;
41242;202200026831;766 198;A01;1;30;0;2;1;1;1;
41243;202200026831;766 199;B01;1;7;0;2;4;1;1;
41244;202200026832;766 196;A01;2;7;0;2;1;2;1;
41245;202200026832;766 197;B01;2;7;0;2;4;2;1;
41246;202200026833;766 194;B01;1;30;14;2;0;0;1;
41247;202200026833;766 195;A01;1;7;14;2;1;9;1;
41248;202200026834;766 192;A01;2;7;0;2;1;9;1;
41249;202200026834;766 193;B01;2;50;0;2;7;15;3;
41250;202200026836;766 189;B01;1;7;0;2;8;1;1;
41251;202200026836;766 190;A01;1;17;0;2;3;13;1;
41252;202200026837;766 186;A01;2;10;0;2;7;17;1;
41253;202200026837;766 187;C01;2;14;0;2;3;0;1;
41254;202200026837;766 188;B01;2;31;0;2;2;0;1;
41255;202200026839;766 182;B01;3;7;0;2;3;15;0;
41256;202200026839;766 183;A01;3;33;0;2;1;1;1;
41257;202200026840;766 181;A01;1;7;8;0;1;14;1;