;Num_Acc;id_vehicule;num_veh;senc;catv;obs;obsm;choc;manv;motor;occutc
41258;202200026842;766 178;B01;2;7;0;2;3;1;0;
41259;202200026842;766 179;A01;1;7;0;2;3;13;1;
41260;202200026843;766 176;B01;2;10;0;0;4;1;1;
41261;202200026843;766 177;A01;2;33;0;2;1;9;1;
41262;202200026844;766 174;B01;2;7;0;2;4;23;6;
41263;202200026844;766 175;A01;2;7;0;2;1;2;1;
41264;202200026845;766 172;B01;0;7;0;2;1;0;0;
41265;202200026845;766 173;A01;0;30;0;2;1;26;1;
41266;202200026846;766 170;A01;1;7;0;2;4;23;1;
41267;202200026846;766 171;B01;1;10;0;2;1;2;1;
41268;202200026847;766 166;B01;1;30;0;2;1;0;1;
41269;202200026847;766 167;A01;2;7;0;2;2;15;1;
41270;202200026848;766 165;A01;1;2;1;0;1;14;1;
41271;202200026850;766 162;A01;0;15;0;4;7;23;1;
41272;202200026850;766 163;B01;0;39;0;2;1;1;3;
41273;202200026851;766 160;A01;2;10;0;2;2;21;1;
41274;202200026851;766 161;B01;2;80;0;2;3;15;3;
41275;202200026853;766 156;A01;1;7;0;2;1;1;1;
41276;202200026853;766 157;B01;1;7;0;0;8;15;1;
41277;202200026854;766 155;A01;3;7;8;0;2;14;1;
41278;202200026855;766 154;A01;1;7;0;1;1;16;1;
41279;202200026856;766 152;A01;1;7;0;0;3;1;1;
41280;202200026856;766 153;B01;2;80;0;2;1;5;3;
41281;202200026857;766 149;C01;1;13;0;2;2;1;1;
41282;202200026857;766 150;B01;1;7;16;2;3;1;1;
41283;202200026857;766 151;A01;2;7;0;2;3;13;1;
41284;202200026858;766 147;B01;2;7;0;0;1;1;1;
41285;202200026858;766 148;A01;1;7;0;0;8;1;1;
41286;202200026859;766 145;B01;1;10;0;2;3;1;1;
41287;202200026859;766 146;A01;1;7;3;2;2;0;1;
41288;202200026860;766 143;A01;2;10;0;0;2;1;1;
41289;202200026860;766 144;B01;2;1;0;2;1;1;5;
41290;202200026861;766 142;B01;2;1;1;0;1;0;5;
41291;202200026862;766 140;A01;1;2;0;2;6;7;1;
41292;202200026862;766 141;B01;1;7;0;2;3;19;1;
41293;202200026863;766 139;A01;1;7;3;0;1;1;1;
41294;202200026864;766 137;B01;1;13;0;2;3;1;1;
41295;202200026864;766 138;A01;2;7;0;0;3;1;1;
41296;202200026865;766 134;A01;2;7;0;2;1;1;0;
41297;202200026865;766 135;B01;2;7;0;2;9;1;1;
41298;202200026865;766 136;C01;2;7;0;2;4;1;1;
41299;202200026866;766 132;A01;1;10;0;2;2;1;1;
41300;202200026866;766 133;B01;1;10;0;2;6;11;1;
41301;202200026867;766 131;A01;1;7;2;0;1;0;0;
41302;202200026868;766 129;A01;1;33;0;2;1;13;1;
41303;202200026868;766 130;B01;2;7;0;2;1;1;1;
41304;202200026869;766 127;B01;2;7;0;2;8;1;1;
41305;202200026869;766 128;A01;1;10;9;2;3;13;1;
41306;202200026870;766 124;C01;1;7;0;0;0;1;1;
41307;202200026870;766 125;A01;1;7;3;2;1;1;1;
41308;202200026870;766 126;B01;1;7;3;2;5;15;1;
41309;202200026871;766 120;A01;3;7;0;2;3;0;1;
41310;202200026871;766 121;B01;3;7;0;2;2;1;1;
41311;202200026872;766 119;A01;3;2;0;6;1;1;1;
41312;202200026873;766 118;A01;0;7;8;0;1;1;1;
41313;202200026874;766 116;A01;0;7;0;0;1;19;1;
41314;202200026874;766 117;B01;1;14;0;0;1;13;1;
41315;202200026875;766 114;A01;2;7;0;2;1;2;1;
41316;202200026875;766 115;B01;2;7;0;2;4;1;2;
41317;202200026876;766 110;A01;2;7;0;2;1;26;1;
41318;202200026876;766 111;B01;2;7;0;0;4;12;1;
41319;202200026876;766 112;C01;2;7;0;2;4;1;1;
41320;202200026876;766 113;D01;2;7;0;0;4;1;1;
41321;202200026877;766 109;A01;1;7;3;0;1;0;1;
41322;202200026878;766 107;B01;1;14;0;2;2;1;1;
41323;202200026878;766 108;A01;1;7;0;2;6;11;1;
41324;202200026880;766 103;B01;1;7;0;2;2;0;2;
41325;202200026880;766 104;A01;1;31;0;2;3;18;1;
41326;202200026881;766 100;C01;1;7;0;0;4;26;1;
41327;202200026881;766 101;B01;1;7;0;2;4;0;1;
41328;202200026881;766 102;A01;1;7;0;2;1;9;1;
41329;202200026882;766 097;A01;1;7;0;2;2;14;1;
41330;202200026882;766 098;B01;1;7;0;2;8;1;1;
41331;202200026882;766 099;C01;1;7;0;2;3;1;2;
41332;202200026883;766 095;B01;1;14;0;2;4;2;1;
41333;202200026883;766 096;A01;1;10;0;2;1;2;1;
41334;202200026884;766 093;A01;1;7;1;0;1;17;1;
41335;202200026884;766 094;B01;2;7;0;0;4;24;0;
41336;202200026885;766 092;A01;1;7;4;0;2;1;1;
41337;202200026886;766 089;B01;2;43;0;2;1;3;1;
41338;202200026886;766 090;C01;2;7;0;2;6;2;1;
41339;202200026886;766 091;A01;2;7;0;2;3;11;1;
41340;202200026888;766 085;A01;2;7;3;0;1;16;1;
41341;202200026889;766 083;B01;2;2;0;2;1;1;1;
41342;202200026889;766 084;A01;1;7;0;2;6;19;1;
41343;202200026890;766 081;A01;3;7;0;2;1;2;0;
41344;202200026890;766 082;B01;3;7;0;2;8;15;1;
41345;202200026891;766 079;B01;2;10;0;2;6;0;1;
41346;202200026891;766 080;A01;2;7;0;2;5;3;1;
41347;202200026892;766 077;A01;2;7;0;2;1;15;1;
41348;202200026892;766 078;B01;2;7;0;2;1;15;1;
41349;202200026893;766 076;A01;2;0;0;0;0;26;0;
41350;202200026894;766 075;A01;1;7;6;0;1;1;1;
41351;202200026895;766 074;A01;1;7;9;9;2;14;1;
41352;202200026896;766 073;A01;1;33;0;0;0;0;1;
41353;202200026897;766 072;A01;2;33;5;1;1;26;1;
41354;202200026898;766 070;B01;3;1;0;9;4;0;5;
41355;202200026898;766 071;A01;3;7;0;9;2;2;1;
41356;202200026899;766 069;Z01;2;7;0;1;3;25;0;
41357;202200026900;766 067;B01;2;30;0;2;1;1;1;
41358;202200026900;766 068;A01;2;7;0;2;2;15;1;
41359;202200026901;766 066;A01;3;7;0;1;2;20;1;
41360;202200026902;766 064;A01;1;33;0;2;1;17;1;
41361;202200026902;766 065;B01;1;7;0;2;3;15;1;
41362;202200026903;766 060;A01;0;7;0;2;2;9;1;
41363;202200026903;766 061;B01;3;43;0;0;1;1;1;
41364;202200026904;766 059;A01;1;7;6;0;3;14;1;
41365;202200026905;766 058;A01;1;7;0;1;2;1;1;
41366;202200026906;766 057;A01;1;7;2;0;2;1;1;
41367;202200026907;766 055;A01;2;2;0;0;7;15;1;
41368;202200026907;766 056;B01;2;7;0;2;1;9;1;
41369;202200026908;766 053;A01;1;7;0;0;3;1;1;
41370;202200026908;766 054;B01;1;1;0;2;7;19;5;
41371;202200026910;766 050;B01;2;7;0;2;7;1;1;
41372;202200026910;766 051;A01;2;7;0;2;1;1;1;
41373;202200026911;766 048;B01;3;30;0;2;1;1;1;
41374;202200026911;766 049;A01;3;7;0;2;7;15;1;
41375;202200026912;766 045;B01;2;2;0;2;1;21;1;
41376;202200026912;766 046;C01;2;7;0;2;6;13;1;
41377;202200026912;766 047;D01;1;7;0;2;3;26;1;
41378;202200026916;766 036;A01;2;7;0;2;4;23;1;
41379;202200026916;766 037;Z01;2;7;0;2;1;1;1;
41380;202200026917;766 034;B01;2;7;0;9;8;15;1;
41381;202200026917;766 035;A01;2;7;0;2;1;1;1;
41382;202200026918;766 032;B01;3;33;0;2;1;1;1;
41383;202200026918;766 033;A01;3;7;0;2;2;15;1;
41384;202200026919;766 030;A01;2;30;0;2;9;13;1;
41385;202200026919;766 031;B01;1;7;0;2;9;13;1;
41386;202200026920;766 029;A01;1;7;3;0;1;14;1;
41387;202200026921;766 027;A01;1;32;0;2;2;14;1;
41388;202200026921;766 028;B01;1;7;0;2;6;1;1;
41389;202200026922;766 025;B01;1;7;0;2;5;12;1;
41390;202200026922;766 026;A01;1;31;0;2;8;3;1;
41391;202200026923;766 024;A01;1;33;0;0;0;11;1;
41392;202200026924;766 021;A01;1;7;0;2;1;2;1;
41393;202200026924;766 022;B01;1;10;0;2;4;2;1;
41394;202200026924;766 023;C01;1;7;0;2;4;23;1;
41395;202200026925;766 019;B01;1;50;0;2;1;1;3;
41396;202200026925;766 020;A01;1;7;0;2;7;22;1;
41397;202200026926;766 017;B01;1;7;0;2;3;13;1;
41398;202200026926;766 018;A01;1;30;0;2;7;1;1;
41399;202200026927;766 015;A01;3;30;0;2;6;1;1;
41400;202200026927;766 016;Z01;3;7;12;2;2;1;0;
41401;202200026928;766 013;B01;1;7;0;2;1;1;2;
41402;202200026928;766 014;A01;2;7;0;2;2;1;1;
41403;202200026929;766 012;A01;1;1;0;1;1;18;5;
41404;202200026930;766 010;B01;2;1;0;2;8;25;5;
41405;202200026930;766 011;A01;2;7;0;2;7;22;1;
41406;202200026931;766 008;A01;1;33;0;2;3;2;1;
41407;202200026931;766 009;B01;1;7;0;2;5;23;1;
41408;202200026932;766 007;A01;1;80;0;1;7;1;3;
41409;202200026933;766 005;B01;2;7;0;2;3;15;1;
41410;202200026933;766 006;A01;2;30;0;2;2;5;1;
41411;202200026934;766 003;B01;0;10;0;2;3;1;1;
41412;202200026934;766 004;A01;0;32;0;2;1;1;1;
41413;202200026935;766 001;B01;1;7;0;2;3;9;2;
41414;202200026935;766 002;A01;2;32;0;2;2;1;1;
41415;202200026936;765 999;B01;1;37;0;2;7;1;2;1.0
41416;202200026936;766 000;A01;1;50;0;2;8;13;3;
41417;202200026937;765 998;A01;2;7;9;0;2;1;1;
41418;202200026938;765 996;A01;2;7;0;2;4;23;1;
41419;202200026938;765 997;B01;2;7;0;2;1;2;0;
41420;202200026939;765 994;A01;2;7;0;2;1;2;1;
41421;202200026939;765 995;B01;1;7;0;2;4;2;1;
41422;202200026940;765 993;A01;-1;7;0;2;0;0;0;
41423;202200026941;765 991;B01;2;2;0;2;3;1;1;
41424;202200026941;765 992;A01;2;7;0;2;2;12;1;
41425;202200026942;765 989;A01;1;7;0;2;1;15;2;
41426;202200026942;765 990;B01;2;33;0;2;8;1;1;
41427;202200026943;765 988;A01;1;10;13;0;3;1;1;
41428;202200026944;765 986;A01;1;7;0;2;1;5;1;
41429;202200026944;765 987;B01;2;14;0;2;1;1;1;
41430;202200026945;765 984;A01;2;7;0;2;8;11;2;
41431;202200026945;765 985;B01;2;7;4;2;7;1;1;
41432;202200026946;765 983;A01;1;7;0;1;3;1;1;
41433;202200026947;765 981;A01;2;7;0;2;1;0;1;
41434;202200026947;765 982;B01;2;2;0;0;4;2;1;
41435;202200026948;765 979;A01;1;7;0;2;3;13;1;
41436;202200026948;765 980;B01;2;10;0;2;8;1;1;
41437;202200026950;765 976;A01;3;7;0;2;8;15;1;
41438;202200026950;765 977;B01;1;33;0;2;1;21;1;
41439;202200026951;765 974;A01;2;33;0;2;1;13;1;
41440;202200026951;765 975;B01;1;7;0;2;1;1;1;
41441;202200026952;765 971;C01;2;7;0;2;1;0;1;
41442;202200026952;765 972;B01;1;7;0;2;9;0;1;
41443;202200026952;765 973;A01;2;7;0;2;3;13;1;
41444;202200026953;765 970;A01;2;7;8;0;2;17;1;
41445;202200026954;765 968;A01;1;7;13;0;9;1;1;
41446;202200026955;765 966;A01;1;7;0;2;1;13;1;
41447;202200026955;765 967;B01;2;7;0;2;1;1;1;
41448;202200026956;765 964;B01;1;2;0;0;2;16;1;
41449;202200026956;765 965;A01;1;2;0;2;1;2;1;
41450;202200026957;765 963;A01;3;7;1;0;3;1;1;
41451;202200026958;765 959;A01;2;7;0;2;3;15;3;
41452;202200026958;765 960;B01;1;33;0;2;1;1;1;
41453;202200026959;765 957;B01;1;15;0;2;0;1;1;
41454;202200026959;765 958;A01;2;7;0;2;0;13;1;
41455;202200026960;765 955;B01;2;7;0;2;3;13;1;
41456;202200026960;765 956;A01;1;33;0;2;1;1;1;
41457;202200026961;765 954;A01;2;7;6;0;1;0;1;
41458;202200026962;765 953;A01;3;1;0;1;1;1;5;
41459;202200026963;765 951;A01;1;2;0;2;1;0;1;
41460;202200026963;765 952;B01;3;7;0;0;7;1;1;
41461;202200026964;765 950;A01;1;7;16;0;1;1;1;
41462;202200026965;765 948;B01;1;7;0;2;2;1;1;
41463;202200026965;765 949;A01;1;7;0;0;8;10;1;
41464;202200026966;765 947;A01;2;7;2;0;7;1;1;
41465;202200026967;765 946;A01;1;7;15;0;9;0;1;
41466;202200026968;765 944;B01;2;31;0;2;1;0;0;
41467;202200026968;765 945;A01;1;7;0;2;1;13;1;
41468;202200026969;765 943;A01;1;17;0;1;2;1;1;
41469;202200026970;765 942;A01;1;7;0;1;2;1;1;
41470;202200026972;765 939;A01;2;7;3;0;2;2;1;
41471;202200026973;765 937;B01;1;7;0;2;1;1;1;
41472;202200026973;765 938;A01;1;7;0;2;4;23;1;
41473;202200026974;765 935;B01;2;21;0;0;4;2;1;
41474;202200026974;765 936;A01;2;15;0;2;1;2;1;
41475;202200026975;765 934;A01;2;33;0;0;0;1;1;
41476;202200026976;765 933;A01;2;7;0;1;1;1;1;
41477;202200026977;765 932;A01;3;33;16;0;1;0;1;
41478;202200026978;765 931;A01;3;35;0;0;2;17;1;
41479;202200026979;765 930;A01;3;10;0;1;6;4;1;
41480;202200026980;765 928;B01;2;7;0;2;1;1;1;
41481;202200026980;765 929;A01;1;37;0;2;2;15;1;1.0
41482;202200026982;765 926;A01;1;10;0;1;3;15;1;
41483;202200026983;765 924;B01;2;7;0;2;7;1;1;
41484;202200026983;765 925;A01;2;7;0;2;1;9;1;
41485;202200026984;765 923;A01;2;7;13;0;3;1;1;
41486;202200026985;765 921;B01;0;7;0;2;4;2;1;
41487;202200026985;765 922;A01;2;7;0;2;1;2;1;
41488;202200026986;765 919;B01;1;7;4;2;1;1;1;
41489;202200026986;765 920;A01;1;7;0;1;2;1;1;
41490;202200026987;765 917;B01;2;2;0;2;4;13;1;
41491;202200026987;765 918;A01;2;7;0;2;1;1;1;
41492;202200026989;765 912;C01;1;7;0;2;4;1;1;
41493;202200026989;765 913;B01;1;7;0;2;6;1;2;
41494;202200026989;765 914;A01;1;14;0;2;2;11;1;
41495;202200026990;765 911;A01;3;7;3;0;1;16;1;
41496;202200026991;765 910;A01;2;7;3;0;1;26;1;
41497;202200026993;765 902;C01;1;10;0;2;4;2;1;
41498;202200026993;765 903;B01;1;7;0;0;5;2;1;
41499;202200026993;765 904;A01;1;10;0;2;1;2;1;
41500;202200026994;765 900;A01;0;33;0;0;0;26;1;
41501;202200026994;765 901;B01;0;10;0;0;0;0;1;
41502;202200026995;765 899;A01;2;33;0;0;8;21;1;
41503;202200026996;765 897;A01;2;7;0;2;1;2;1;
41504;202200026996;765 898;B01;2;7;0;2;4;2;1;
41505;202200026997;765 896;A01;1;7;4;2;1;14;1;
41506;202200026998;765 895;A01;2;7;4;0;1;13;1;
41507;202200026999;765 890;E01;2;10;4;2;4;2;1;
41508;202200026999;765 891;D01;2;7;4;2;4;2;1;
41509;202200026999;765 892;C01;2;7;4;2;4;2;1;
41510;202200026999;765 893;B01;2;10;4;2;4;2;1;
41511;202200026999;765 894;A01;2;17;4;2;1;2;1;
41512;202200027001;765 884;A01;1;10;0;2;1;9;1;
41513;202200027001;765 885;B01;1;7;1;2;4;9;1;
41514;202200027003;765 881;A01;1;7;4;1;2;11;1;
41515;202200027004;765 880;A01;3;2;0;0;0;26;1;
41516;202200027005;765 878;A01;3;7;0;2;3;1;1;
41517;202200027005;765 879;B01;1;33;0;2;1;1;1;
41518;202200027006;765 876;A01;1;7;0;2;8;10;1;
41519;202200027006;765 877;B01;1;7;0;2;1;1;1;
41520;202200027007;765 875;A01;1;7;10;0;1;0;1;
41521;202200027008;765 873;B01;2;33;0;2;1;17;1;
41522;202200027008;765 874;A01;2;7;0;2;6;15;1;
41523;202200027009;765 871;B01;3;1;0;2;8;19;5;
41524;202200027009;765 872;A01;1;7;9;2;2;1;1;
41525;202200027011;765 869;A01;1;7;4;0;3;1;1;
41526;202200027012;765 867;A01;2;7;0;2;3;26;1;
41527;202200027012;765 868;B01;2;1;0;2;1;1;5;
41528;202200027013;765 865;A01;2;7;0;2;3;20;1;
41529;202200027013;765 866;B01;2;7;0;2;2;1;1;
41530;202200027014;765 864;A01;2;7;0;0;0;0;1;
41531;202200027015;765 862;A01;2;33;0;2;2;17;1;
41532;202200027015;765 863;B01;2;7;0;2;8;1;1;
41533;202200027016;765 860;B01;1;7;0;2;6;1;1;
41534;202200027016;765 861;A01;1;7;9;2;2;2;1;
41535;202200027017;765 858;A01;1;7;0;1;3;1;1;
41536;202200027018;765 856;A01;3;7;0;2;8;15;0;
41537;202200027018;765 857;B01;3;33;0;2;7;1;1;
41538;202200027019;765 854;A01;2;30;0;2;1;15;1;
41539;202200027019;765 855;B01;2;50;0;2;0;1;3;
41540;202200027020;765 852;B01;2;2;0;2;1;1;1;
41541;202200027020;765 853;A01;1;7;0;2;2;15;1;
41542;202200027021;765 851;A01;3;7;2;0;1;1;1;
41543;202200027022;765 849;B01;1;31;0;2;1;1;1;
41544;202200027022;765 850;A01;1;7;0;2;7;15;1;
41545;202200027023;765 847;B01;0;7;0;2;1;0;1;
41546;202200027023;765 848;A01;0;7;0;2;2;1;1;
41547;202200027024;765 845;A01;1;99;13;0;0;0;1;
41548;202200027024;765 846;B01;1;99;13;0;0;0;1;
41549;202200027025;765 844;A01;1;33;0;0;8;1;1;
41550;202200027026;765 842;A01;2;7;0;2;3;2;2;
41551;202200027026;765 843;B01;2;31;0;2;7;2;1;
41552;202200027027;765 840;A01;1;7;0;9;5;1;1;
41553;202200027027;765 841;B01;1;1;0;2;1;0;5;
41554;202200027030;765 834;B01;1;32;0;2;4;15;1;
41555;202200027030;765 835;A01;1;7;0;2;1;15;1;
41556;202200027031;765 831;C01;3;7;0;2;6;2;1;
41557;202200027031;765 832;B01;3;7;0;2;4;26;1;
41558;202200027031;765 833;A01;3;10;0;2;1;2;1;
41559;202200027033;765 827;B01;2;7;0;2;1;0;1;
41560;202200027033;765 828;A01;2;7;0;2;4;1;1;
41561;202200027034;765 825;B01;2;2;0;2;1;1;1;
41562;202200027034;765 826;A01;1;7;0;2;2;15;1;
41563;202200027035;765 824;A01;3;7;2;0;1;1;1;
41564;202200027036;765 823;A01;3;7;0;0;5;9;6;
41565;202200027037;765 820;A01;2;7;4;2;3;1;1;
41566;202200027037;765 821;B01;2;7;0;2;1;1;1;
41567;202200027037;765 822;C01;0;7;0;2;4;1;1;
41568;202200027038;765 819;A01;1;7;0;1;2;15;1;
41569;202200027040;765 815;A01;2;34;0;2;3;3;1;
41570;202200027040;765 816;B01;2;7;0;2;5;12;1;
41571;202200027041;765 813;B01;1;43;0;2;2;17;1;
41572;202200027041;765 814;A01;1;7;0;2;3;15;1;
41573;202200027042;765 811;B01;1;7;0;2;1;1;1;
41574;202200027042;765 812;A01;2;7;0;2;1;13;1;
41575;202200027043;765 809;A01;2;33;0;2;7;17;1;
41576;202200027043;765 810;B01;2;21;0;2;3;1;1;
41577;202200027044;765 807;A01;3;7;0;2;1;26;1;
41578;202200027044;765 808;B01;3;33;0;2;5;26;1;
41579;202200027046;765 804;A01;2;7;0;0;0;1;1;
41580;202200027047;765 802;B01;2;7;0;2;1;1;1;
41581;202200027047;765 803;A01;2;7;0;2;2;1;2;
41582;202200027048;765 800;B01;3;50;0;2;8;1;3;
41583;202200027048;765 801;A01;3;7;0;2;1;15;1;
41584;202200027049;765 796;B01;3;7;8;2;2;17;1;
41585;202200027049;765 797;A01;3;7;0;2;3;2;1;
41586;202200027052;765 791;B01;1;34;0;0;5;15;1;
41587;202200027052;765 792;A01;1;10;0;2;3;1;1;
41588;202200027053;765 789;B01;0;7;0;2;2;1;1;
41589;202200027053;765 790;A01;0;7;0;2;1;1;1;
41590;202200027054;765 788;A01;2;7;6;0;2;0;1;
41591;202200027055;765 786;B01;1;1;0;2;8;1;5;
41592;202200027055;765 787;A01;1;10;0;9;2;1;1;
41593;202200027056;765 784;A01;3;7;0;2;3;16;1;
41594;202200027056;765 785;B01;2;7;0;2;1;1;2;
41595;202200027057;765 781;A01;1;7;6;0;1;13;1;
41596;202200027058;765 779;B01;3;7;0;9;7;19;2;
41597;202200027058;765 780;A01;2;1;0;2;1;1;5;
41598;202200027059;765 776;C01;2;7;0;2;8;1;1;
41599;202200027059;765 777;B01;1;7;0;2;4;1;1;
41600;202200027059;765 778;A01;1;7;8;2;1;17;1;
41601;202200027060;765 775;A01;3;50;0;0;0;2;3;
41602;202200027061;765 773;A01;2;7;0;2;0;19;1;
41603;202200027061;765 774;B01;2;7;0;2;3;1;1;
41604;202200027062;765 770;A01;1;13;3;0;0;2;1;
41605;202200027062;765 771;B01;1;7;0;2;6;2;1;
41606;202200027062;765 772;C01;1;15;1;2;2;2;1;
41607;202200027063;765 768;A01;2;14;0;2;4;1;1;
41608;202200027063;765 769;B01;1;15;0;2;3;1;1;
41609;202200027064;765 766;A01;2;7;3;2;1;1;1;
41610;202200027064;765 767;B01;2;7;0;2;4;1;1;
41611;202200027065;765 765;B01;2;7;1;1;1;0;1;
41612;202200027066;765 764;A01;0;7;0;1;1;9;1;
41613;202200027067;765 762;A01;2;14;0;0;4;2;1;
41614;202200027067;765 763;B01;2;7;0;2;1;2;1;
41615;202200027068;765 760;B01;1;2;0;2;1;11;1;
41616;202200027068;765 761;A01;1;7;0;2;3;10;1;
41617;202200027069;765 758;A01;2;7;0;2;2;1;1;
41618;202200027069;765 759;B01;2;1;0;2;8;13;5;
41619;202200027070;765 756;A01;1;32;0;0;7;1;1;
41620;202200027070;765 757;B01;2;10;0;0;8;16;1;
41621;202200027072;765 751;B01;1;10;0;2;8;9;1;
41622;202200027072;765 752;A01;2;33;0;2;1;17;1;
41623;202200027073;765 749;B01;3;1;0;2;7;1;5;
41624;202200027073;765 750;A01;2;7;0;2;3;1;1;
41625;202200027074;765 747;A01;1;7;0;2;2;19;1;
41626;202200027074;765 748;B01;1;7;0;2;1;1;1;
41627;202200027076;765 744;A01;2;7;13;5;1;1;1;
41628;202200027077;765 740;A01;1;30;0;2;1;3;1;
41629;202200027077;765 741;B01;1;10;0;2;0;2;1;
41630;202200027077;765 742;C01;1;13;0;2;0;0;1;
41631;202200027078;765 738;A01;2;7;0;2;8;26;1;
41632;202200027078;765 739;B01;2;7;0;2;7;1;1;
41633;202200027079;765 736;A01;1;7;0;2;8;13;1;
41634;202200027079;765 737;B01;1;32;0;2;1;1;1;
41635;202200027080;765 733;C01;1;7;0;2;1;1;1;
41636;202200027080;765 734;B01;1;7;0;2;4;0;3;
41637;202200027080;765 735;A01;1;7;0;2;4;1;1;
41638;202200027081;765 732;A01;2;31;0;0;8;2;1;
41639;202200027082;765 729;A01;1;34;0;2;1;2;1;
41640;202200027082;765 730;B01;1;7;0;2;5;2;3;
41641;202200027082;765 731;C01;1;33;0;2;3;2;1;
41642;202200027083;765 725;B01;1;7;0;2;4;2;1;
41643;202200027083;765 726;D01;1;7;0;2;4;2;1;
41644;202200027083;765 727;C01;1;7;0;2;4;2;1;
41645;202200027083;765 728;A01;1;7;0;2;1;2;1;
41646;202200027084;765 723;B01;2;31;0;2;8;1;1;
41647;202200027084;765 724;A01;2;7;0;2;5;12;1;
41648;202200027085;765 721;B01;2;7;0;2;2;12;1;
41649;202200027085;765 722;A01;2;33;0;2;3;3;1;
41650;202200027086;765 719;A01;1;33;0;2;1;0;1;
41651;202200027086;765 720;B01;1;7;0;2;4;0;1;
41652;202200027087;765 717;A01;1;7;0;2;6;2;1;
41653;202200027087;765 718;B01;1;43;0;2;2;2;1;
41654;202200027088;765 715;B01;1;7;0;2;7;0;1;
41655;202200027088;765 716;A01;1;7;0;2;8;18;1;
41656;202200027089;765 714;A01;1;7;13;0;1;1;-1;
41657;202200027090;765 712;B01;1;50;0;2;1;1;3;
41658;202200027090;765 713;A01;1;7;0;2;3;1;1;
41659;202200027091;765 710;A01;1;7;14;0;1;9;1;
41660;202200027091;765 711;B01;1;7;14;0;1;9;1;
41661;202200027092;765 709;A01;1;10;0;1;0;0;1;
41662;202200027093;765 705;A01;1;7;0;2;6;15;2;
41663;202200027093;765 706;B01;3;50;0;2;1;1;3;
41664;202200027094;765 704;A01;2;7;13;0;3;1;2;
41665;202200027095;765 703;A01;2;7;0;1;2;21;1;
41666;202200027096;765 701;A01;3;7;0;2;3;0;1;
41667;202200027096;765 702;B01;2;7;0;2;3;9;1;
41668;202200027097;765 700;A01;3;7;9;0;1;16;0;
41669;202200027098;765 698;B01;2;7;0;2;4;2;1;
41670;202200027098;765 699;A01;2;33;0;2;1;2;1;
41671;202200027099;765 695;C01;2;7;0;0;1;1;1;
41672;202200027099;765 696;B01;1;7;0;2;3;1;1;
41673;202200027099;765 697;A01;2;32;0;2;1;16;3;
41674;202200027100;765 694;A01;0;10;0;1;1;1;1;
41675;202200027101;765 693;A01;2;7;2;0;1;19;1;
41676;202200027102;765 692;A01;0;7;8;0;1;26;1;
41677;202200027103;765 690;B01;1;33;0;2;1;1;1;
41678;202200027103;765 691;A01;2;7;0;2;3;15;1;
41679;202200027104;765 689;A01;2;7;1;0;2;14;1;
41680;202200027105;765 688;A01;1;2;0;0;8;1;1;
41681;202200027107;765 683;B01;2;7;0;2;4;1;1;
41682;202200027107;765 684;A01;2;7;0;2;1;2;1;
41683;202200027108;765 680;C01;2;7;0;2;8;1;1;
41684;202200027108;765 681;B01;2;7;0;2;8;1;1;
41685;202200027108;765 682;A01;1;7;0;2;3;13;1;
41686;202200027109;765 678;A01;1;13;0;2;3;6;1;
41687;202200027109;765 679;B01;1;37;0;2;3;8;1;1.0
41688;202200027110;765 676;B01;1;31;0;2;7;2;1;
41689;202200027110;765 677;A01;1;7;0;2;3;20;1;
41690;202200027111;765 674;B01;1;7;0;2;2;1;1;
41691;202200027111;765 675;A01;3;1;0;2;3;19;5;
41692;202200027112;765 672;A01;0;1;0;2;4;1;5;
41693;202200027112;765 673;Z01;0;7;0;2;1;1;1;
41694;202200027113;765 670;B01;3;7;0;2;3;13;1;
41695;202200027113;765 671;A01;3;7;0;2;3;17;1;
41696;202200027114;765 668;A01;3;7;0;2;3;16;1;
41697;202200027114;765 669;B01;3;50;0;2;1;1;3;
41698;202200027115;765 666;A01;0;3;0;2;1;1;1;
41699;202200027115;765 667;B01;0;3;0;2;1;17;0;
41700;202200027116;765 664;A01;2;31;0;2;8;9;1;
41701;202200027116;765 665;B01;1;7;0;2;3;2;1;
41702;202200027117;765 662;A01;3;7;0;2;3;15;1;
41703;202200027117;765 663;B01;3;50;0;2;1;0;3;
41704;202200027118;765 661;A01;1;13;0;1;5;16;1;
41705;202200027119;765 658;A01;1;7;0;2;4;23;1;
41706;202200027119;765 659;B01;1;7;0;2;1;2;1;
41707;202200027119;765 660;C01;1;10;0;2;1;2;3;
41708;202200027120;765 656;B01;1;37;0;2;4;1;1;1.0
41709;202200027120;765 657;A01;1;33;0;2;1;1;1;
41710;202200027121;765 655;A01;1;7;0;1;1;1;1;
41711;202200027123;765 652;B01;2;7;0;2;4;9;1;
41712;202200027123;765 653;A01;2;10;0;2;1;9;1;
41713;202200027124;765 651;A01;2;7;14;1;3;19;1;
41714;202200027125;765 649;A01;1;7;0;2;7;10;1;
41715;202200027125;765 650;B01;1;32;0;2;1;1;1;
41716;202200027126;765 648;A01;1;7;1;0;2;14;1;
41717;202200027127;765 647;A01;1;7;0;1;1;15;1;
41718;202200027128;765 646;A01;3;1;0;1;0;1;5;