;Num_Acc;id_vehicule;num_veh;senc;catv;obs;obsm;choc;manv;motor;occutc
41719;202200027129;765 644;B01;3;50;0;2;1;1;3;
41720;202200027129;765 645;A01;3;7;0;2;6;9;1;
41721;202200027130;765 642;A01;3;7;0;2;1;2;1;
41722;202200027130;765 643;B01;3;1;0;2;1;1;5;
41723;202200027131;765 640;A01;1;10;0;2;2;15;1;
41724;202200027131;765 641;B01;2;7;0;2;8;1;1;
41725;202200027132;765 638;A01;1;7;0;2;8;22;1;
41726;202200027132;765 639;B01;1;1;0;2;7;1;5;
41727;202200027133;765 636;A01;2;7;0;2;3;1;1;
41728;202200027133;765 637;B01;2;2;0;2;4;1;1;
41729;202200027134;765 634;B01;3;7;0;2;5;23;1;
41730;202200027134;765 635;A01;3;31;0;2;1;1;1;
41731;202200027135;765 633;A01;1;32;0;0;0;1;1;
41732;202200027136;765 631;B01;1;7;0;2;4;0;1;
41733;202200027136;765 632;A01;1;7;0;2;1;2;1;
41734;202200027137;765 630;A01;1;7;0;1;2;0;1;
41735;202200027138;765 626;A01;3;7;0;2;6;23;1;
41736;202200027138;765 627;Z01;3;7;0;2;1;17;1;
41737;202200027139;765 624;A01;3;1;0;2;1;19;5;
41738;202200027139;765 625;B01;3;37;0;2;3;1;6;1.0
41739;202200027140;765 623;A01;2;40;0;1;7;1;0;
41740;202200027141;765 621;B01;1;60;0;2;1;1;5;
41741;202200027141;765 622;Z01;2;7;0;2;3;15;1;
41742;202200027142;765 619;B01;2;7;0;2;3;1;1;
41743;202200027142;765 620;A01;1;7;0;2;3;1;1;
41744;202200027143;765 617;A01;0;31;0;2;1;12;1;
41745;202200027143;765 618;B01;0;10;0;2;3;1;1;
41746;202200027145;765 613;B01;1;7;0;2;4;2;1;
41747;202200027145;765 614;A01;1;10;0;2;1;2;1;
41748;202200027146;765 611;B01;1;1;0;2;1;15;5;
41749;202200027146;765 612;A01;1;50;0;2;2;1;3;
41750;202200027147;765 609;A01;1;33;0;2;8;13;1;
41751;202200027147;765 610;B01;1;7;0;2;2;1;1;
41752;202200027148;765 607;A01;3;30;0;2;1;18;1;
41753;202200027148;765 608;B01;3;10;0;2;7;16;1;
41754;202200027149;765 605;A01;2;30;0;2;7;1;1;
41755;202200027149;765 606;Z01;2;7;0;2;8;9;1;
41756;202200027150;765 603;B01;3;10;0;2;6;1;1;
41757;202200027150;765 604;A01;3;33;0;2;1;1;1;
41758;202200027151;765 601;A01;1;33;0;2;8;11;1;
41759;202200027151;765 602;B01;1;33;0;2;1;1;1;
41760;202200027153;765 597;Z01;2;32;0;2;0;1;0;
41761;202200027153;765 598;A01;2;1;0;2;0;1;5;
41762;202200027154;765 596;A01;1;1;0;1;1;1;5;
41763;202200027155;765 595;A01;2;50;0;1;1;5;3;
41764;202200027156;765 593;A01;1;32;0;2;2;1;1;
41765;202200027156;765 594;B01;1;7;0;2;6;15;1;
41766;202200027157;765 592;A01;1;1;0;0;0;1;5;
41767;202200027159;765 589;A01;1;7;0;2;3;26;0;
41768;202200027159;765 590;B01;2;7;0;2;1;1;1;
41769;202200027160;765 587;B01;1;32;0;2;1;1;1;
41770;202200027160;765 588;A01;2;7;0;2;5;15;1;
41771;202200027161;765 585;B01;2;34;0;2;6;1;1;
41772;202200027161;765 586;X01;2;7;0;2;1;1;0;
41773;202200027162;765 583;A01;2;50;0;2;1;5;3;
41774;202200027162;765 584;B01;1;7;0;2;3;1;1;
41775;202200027163;765 579;A01;1;7;0;2;3;11;1;
41776;202200027163;765 580;B01;1;10;0;2;2;1;1;
41777;202200027164;765 578;A01;2;7;0;1;2;1;1;
41778;202200027165;765 577;A01;1;32;0;9;1;1;1;
41779;202200027166;765 575;A01;1;7;0;2;4;1;2;
41780;202200027166;765 576;B01;1;7;0;2;1;1;1;
41781;202200027167;765 573;A01;0;2;0;0;1;26;0;
41782;202200027167;765 574;B01;0;7;0;0;0;0;0;
41783;202200027168;765 572;A01;2;0;0;1;3;0;0;
41784;202200027169;765 570;B01;2;1;0;2;2;1;5;
41785;202200027169;765 571;A01;1;7;0;2;1;1;1;
41786;202200027170;765 568;A01;1;7;0;2;2;20;1;
41787;202200027170;765 569;B01;1;50;0;2;1;1;3;
41788;202200027171;765 566;Y01;0;1;0;0;0;0;5;
41789;202200027171;765 567;A01;0;7;0;2;0;0;0;
41790;202200027172;765 562;A01;1;7;1;2;1;18;1;
41791;202200027172;765 563;B01;1;7;1;2;4;1;1;
41792;202200027172;765 564;C01;1;7;1;2;4;0;1;
41793;202200027172;765 565;D01;1;7;0;2;4;0;1;
41794;202200027175;765 556;B01;3;2;0;2;3;12;1;
41795;202200027175;765 557;A01;3;7;0;2;0;11;1;
41796;202200027176;765 553;A01;1;30;0;2;1;1;1;
41797;202200027176;765 555;B01;1;7;0;0;7;1;1;
41798;202200027177;765 552;A01;2;34;0;2;1;1;1;
41799;202200027177;765 554;B01;2;10;0;2;5;16;1;
41800;202200027178;765 549;B01;1;33;0;2;1;1;3;
41801;202200027178;765 551;A01;2;7;0;2;7;15;1;
41802;202200027179;765 548;B01;1;33;0;2;7;15;1;
41803;202200027179;765 550;A01;1;17;0;2;8;15;1;
41804;202200027180;765 546;A01;1;32;0;1;1;17;1;
41805;202200027181;765 545;B01;1;10;0;2;1;2;1;
41806;202200027181;765 547;A01;1;7;0;0;4;2;1;
41807;202200027182;765 544;A01;3;36;6;0;1;1;1;
41808;202200027183;765 543;A01;1;1;14;0;1;1;5;
41809;202200027184;765 542;A01;2;33;0;0;8;1;1;
41810;202200027185;765 538;A01;1;7;6;0;3;1;1;
41811;202200027186;765 540;A01;1;7;0;2;1;1;1;
41812;202200027186;765 541;B01;1;7;0;0;4;0;1;
41813;202200027187;765 537;A01;1;7;0;2;3;1;1;
41814;202200027187;765 539;B01;0;7;0;2;2;19;1;
41815;202200027188;765 536;A01;1;1;0;0;1;1;5;
41816;202200027189;765 534;A01;2;10;0;1;2;0;1;
41817;202200027190;765 533;A01;3;7;0;0;0;0;1;
41818;202200027191;765 535;A01;1;2;15;0;1;1;1;
41819;202200027192;765 531;A01;0;7;0;1;7;1;1;
41820;202200027193;765 530;A01;2;7;0;0;8;10;0;
41821;202200027193;765 532;B01;1;33;0;2;1;1;1;
41822;202200027194;765 529;A01;2;7;3;0;8;1;1;
41823;202200027196;765 524;B01;2;10;0;2;3;1;1;
41824;202200027196;765 527;A01;1;7;0;2;3;13;1;
41825;202200027197;765 523;B01;1;7;0;2;6;1;2;
41826;202200027197;765 525;A01;1;33;0;2;1;3;1;
41827;202200027198;765 520;B01;2;7;0;2;1;1;1;
41828;202200027198;765 521;A01;1;1;0;2;8;25;5;
41829;202200027200;765 519;A01;3;33;0;0;7;1;1;
41830;202200027201;765 517;A01;1;7;17;0;1;1;1;
41831;202200027202;765 516;B01;1;7;0;0;0;11;1;
41832;202200027202;765 518;A01;1;33;4;0;0;2;1;
41833;202200027203;765 514;A01;1;7;0;0;2;1;3;
41834;202200027203;765 515;B01;1;1;0;2;1;19;5;
41835;202200027204;765 511;A01;1;7;0;2;3;1;1;
41836;202200027204;765 512;B01;2;7;0;0;3;13;0;
41837;202200027205;765 510;A01;1;7;0;2;2;15;1;
41838;202200027205;765 513;B01;2;32;0;2;1;1;1;
41839;202200027206;765 508;A01;2;33;2;0;1;13;1;
41840;202200027208;765 506;A01;1;7;0;2;1;13;1;
41841;202200027208;765 507;B01;2;7;0;2;1;1;1;
41842;202200027209;765 504;A01;2;33;0;0;2;1;1;
41843;202200027209;765 505;B01;1;21;0;0;0;1;1;
41844;202200027210;765 503;A01;2;7;15;0;1;0;1;
41845;202200027211;765 501;A01;2;2;6;0;7;1;1;
41846;202200027212;765 500;B01;1;7;0;2;1;1;1;
41847;202200027212;765 502;A01;2;7;0;2;1;5;1;
41848;202200027213;765 499;A01;3;7;0;1;1;9;1;
41849;202200027214;765 498;A01;1;7;0;1;3;20;1;
41850;202200027215;765 496;A01;2;7;0;0;6;23;1;
41851;202200027215;765 497;B01;2;33;0;2;1;17;1;
41852;202200027216;765 494;A01;1;7;2;0;1;0;1;
41853;202200027217;765 492;B01;2;30;0;2;1;13;1;
41854;202200027217;765 495;A01;1;7;0;2;1;1;1;
41855;202200027218;765 490;B01;2;15;0;2;1;0;1;
41856;202200027218;765 491;A01;1;7;0;2;9;13;1;
41857;202200027219;765 488;A01;3;21;0;1;1;1;1;
41858;202200027220;765 484;A01;2;7;0;2;3;1;1;
41859;202200027220;765 486;B01;1;7;0;2;3;1;3;
41860;202200027221;765 483;A01;2;33;0;2;1;11;1;
41861;202200027221;765 489;B01;2;7;0;2;6;3;1;
41862;202200027222;765 485;A01;1;7;0;0;1;9;1;
41863;202200027222;765 487;B01;1;2;0;2;0;1;1;
41864;202200027223;765 481;A01;0;10;0;0;0;1;1;
41865;202200027224;765 480;A01;2;10;7;0;7;15;1;
41866;202200027224;765 482;B01;1;7;0;2;2;1;1;
41867;202200027225;765 476;A01;1;7;13;0;1;1;1;
41868;202200027226;765 477;A01;1;7;0;2;2;2;1;
41869;202200027226;765 479;B01;1;1;0;0;4;2;5;
41870;202200027227;765 475;B01;1;7;0;2;1;2;1;
41871;202200027227;765 478;A01;1;7;0;2;4;2;1;
41872;202200027228;765 473;A01;1;31;0;2;1;1;1;
41873;202200027228;765 474;B01;1;14;0;2;4;1;1;
41874;202200027229;765 470;A01;2;2;0;2;8;13;1;
41875;202200027229;765 472;B01;1;7;0;2;8;1;1;
41876;202200027230;765 469;A01;3;2;0;0;3;21;1;
41877;202200027231;765 471;A01;1;33;2;0;1;1;1;
41878;202200027232;765 467;A01;1;7;0;0;0;0;1;
41879;202200027233;765 466;A01;1;7;15;2;2;13;1;
41880;202200027233;765 468;B01;2;7;0;2;2;1;1;
41881;202200027234;765 464;A01;1;7;0;0;3;15;1;
41882;202200027234;765 465;B01;1;33;0;2;1;17;1;
41883;202200027235;765 461;A01;3;2;0;2;8;13;1;
41884;202200027235;765 463;B01;3;21;0;2;8;1;1;
41885;202200027236;765 460;A01;2;7;0;2;1;13;1;
41886;202200027236;765 462;B01;1;10;0;2;1;1;1;
41887;202200027239;765 451;A01;2;7;0;0;9;1;1;
41888;202200027240;765 453;B01;1;2;0;2;1;13;1;
41889;202200027240;765 454;A01;2;7;0;2;1;1;1;
41890;202200027241;765 448;B01;2;1;0;2;1;25;5;
41891;202200027241;765 449;A01;2;7;0;2;3;26;1;
41892;202200027242;765 446;A01;1;7;0;0;6;0;1;
41893;202200027242;765 447;B01;1;33;0;2;1;17;1;
41894;202200027242;765 450;C01;1;33;0;0;0;17;1;
41895;202200027242;765 452;D01;1;33;0;0;0;17;1;
41896;202200027243;765 445;A01;2;2;0;0;0;1;1;
41897;202200027244;765 442;B01;1;2;0;0;7;15;1;
41898;202200027244;765 444;A01;1;7;0;9;3;16;1;
41899;202200027245;765 440;A01;1;7;0;2;1;11;1;
41900;202200027245;765 443;B01;2;7;0;2;1;1;1;
41901;202200027246;765 441;A01;1;7;13;0;3;1;1;
41902;202200027247;765 435;C01;3;33;17;0;3;1;1;
41903;202200027247;765 437;B01;3;33;13;0;1;1;1;
41904;202200027247;765 439;A01;3;33;13;0;7;1;1;
41905;202200027248;765 436;A01;2;1;0;0;8;1;5;
41906;202200027249;765 434;A01;2;2;13;0;1;1;1;
41907;202200027250;765 432;A01;1;7;1;0;1;1;1;
41908;202200027250;765 438;B01;1;21;0;0;4;23;1;
41909;202200027251;765 429;B01;2;33;0;2;1;1;1;
41910;202200027251;765 431;A01;1;7;0;2;3;13;1;
41911;202200027252;765 427;B01;1;10;0;2;1;13;0;
41912;202200027252;765 428;A01;2;7;0;2;1;1;2;
41913;202200027253;765 430;B01;2;7;0;2;1;23;1;
41914;202200027253;765 433;A01;1;7;0;2;1;13;1;
41915;202200027254;765 423;A01;0;10;0;2;2;19;1;
41916;202200027254;765 424;B01;0;36;0;2;3;1;1;
41917;202200027255;765 422;A01;1;7;1;2;1;1;1;
41918;202200027255;765 425;B01;1;7;0;2;4;1;1;
41919;202200027255;765 426;C01;1;7;0;0;4;23;1;
41920;202200027256;765 421;A01;1;17;0;0;9;14;1;
41921;202200027257;765 418;B01;0;31;0;2;1;21;1;
41922;202200027257;765 420;A01;0;7;0;2;2;21;1;
41923;202200027258;765 417;B01;2;7;0;2;7;17;1;
41924;202200027258;765 419;A01;2;33;0;0;3;1;1;
41925;202200027259;765 416;A01;2;7;13;0;2;14;1;
41926;202200027260;765 413;B01;3;7;0;2;8;15;1;
41927;202200027260;765 415;A01;1;33;0;2;1;1;1;
41928;202200027261;765 407;B01;3;31;0;2;1;2;1;
41929;202200027261;765 409;A01;3;7;0;2;8;2;1;
41930;202200027264;765 405;A01;1;33;0;0;3;1;1;
41931;202200027265;765 403;B01;1;33;0;2;2;17;1;
41932;202200027265;765 404;A01;2;7;0;2;2;15;1;
41933;202200027266;765 402;A01;2;7;6;0;3;1;1;
41934;202200027267;765 400;A01;1;7;0;2;1;5;1;
41935;202200027267;765 401;B01;2;7;0;2;1;1;1;
41936;202200027268;765 399;A01;3;2;11;0;1;13;1;
41937;202200027269;765 397;B01;3;10;0;2;1;1;1;
41938;202200027269;765 398;A01;3;2;0;2;1;17;1;
41939;202200027270;765 391;C01;1;7;0;2;1;1;1;
41940;202200027270;765 394;B01;1;13;0;0;8;1;1;
41941;202200027270;765 396;A01;2;7;0;2;1;13;1;
41942;202200027271;765 390;A01;1;33;0;2;1;17;1;
41943;202200027271;765 393;B01;1;7;0;2;8;15;1;
41944;202200027272;765 388;A01;2;7;0;2;1;1;1;
41945;202200027272;765 389;B01;1;7;0;2;1;1;1;
41946;202200027274;765 386;A01;1;7;0;1;8;15;1;
41947;202200027275;765 384;B01;2;7;0;2;6;1;1;
41948;202200027275;765 385;A01;2;33;0;2;3;2;1;
41949;202200027276;765 382;B01;2;32;0;2;2;0;1;
41950;202200027276;765 383;A01;3;7;0;2;6;23;1;
41951;202200027277;765 381;A01;2;7;8;0;8;1;1;
41952;202200027278;765 378;B01;2;7;0;2;8;1;1;
41953;202200027278;765 379;A01;1;33;0;2;1;1;1;
41954;202200027279;765 377;A01;1;10;1;0;1;1;1;
41955;202200027279;765 380;B01;1;14;0;2;4;23;1;
41956;202200027280;765 376;A01;3;2;13;0;7;1;1;
41957;202200027281;765 374;A01;2;7;3;0;1;15;1;
41958;202200027282;765 372;A01;2;7;0;2;3;5;1;
41959;202200027282;765 375;B01;1;7;0;2;3;5;1;
41960;202200027283;765 368;A01;1;7;0;2;2;0;1;
41961;202200027283;765 371;B01;1;17;0;2;8;0;1;
41962;202200027284;765 367;B01;2;1;0;2;4;1;5;
41963;202200027284;765 370;A01;2;7;0;2;1;14;1;
41964;202200027287;765 363;B01;1;37;0;2;2;1;1;1.0
41965;202200027287;765 365;A01;1;7;0;2;3;9;1;
41966;202200027288;765 362;A01;1;7;7;9;1;6;1;
41967;202200027289;765 359;A01;1;7;0;2;7;12;1;
41968;202200027289;765 361;B01;1;34;0;2;8;1;1;
41969;202200027290;765 356;B01;1;7;0;2;4;2;1;
41970;202200027290;765 358;C01;1;7;0;2;4;15;1;
41971;202200027290;765 360;A01;1;7;0;2;1;2;1;
41972;202200027291;765 352;A01;1;7;0;1;2;1;1;
41973;202200027292;765 350;A01;1;7;0;2;1;2;1;
41974;202200027292;765 351;B01;1;10;0;2;4;2;1;
41975;202200027292;765 353;C01;1;7;0;2;4;2;2;
41976;202200027292;765 355;D01;1;7;0;2;4;2;2;
41977;202200027295;765 347;A01;1;7;0;2;1;2;1;
41978;202200027295;765 348;B01;1;10;0;2;6;2;1;
41979;202200027296;765 346;A01;0;1;0;0;0;15;5;
41980;202200027297;765 345;A01;1;14;13;0;0;13;1;
41981;202200027299;765 340;C01;2;7;0;2;4;23;1;
41982;202200027299;765 342;B01;2;7;0;2;1;23;1;
41983;202200027299;765 344;A01;2;7;0;2;1;1;1;
41984;202200027300;765 338;B01;3;33;0;2;8;15;1;
41985;202200027300;765 339;A01;3;10;0;2;3;15;1;
41986;202200027301;765 341;A01;3;10;13;0;2;1;1;
41987;202200027302;765 335;A01;1;7;0;2;1;17;2;
41988;202200027302;765 337;B01;1;37;0;2;6;1;3;1.0
41989;202200027303;765 333;B01;2;7;0;0;4;2;1;
41990;202200027303;765 336;A01;2;7;0;2;1;2;1;
41991;202200027304;765 331;A01;1;10;13;0;0;1;1;
41992;202200027306;765 332;A01;1;7;0;9;2;16;1;
41993;202200027306;765 334;B01;1;1;0;2;8;1;5;
41994;202200027307;765 328;A01;1;1;0;0;0;26;6;
41995;202200027308;765 327;B01;2;7;0;2;6;2;1;
41996;202200027308;765 329;A01;2;7;0;2;2;17;1;
41997;202200027309;765 324;A01;1;7;15;0;3;2;1;
41998;202200027310;765 323;A01;0;80;0;2;0;0;3;
41999;202200027310;765 325;B01;1;10;0;2;2;1;1;
42000;202200027311;765 321;C01;2;7;0;2;4;2;1;
42001;202200027311;765 322;B01;2;7;0;2;4;2;1;
42002;202200027311;765 326;A01;2;10;0;2;1;2;1;
42003;202200027312;765 318;B01;1;10;0;2;3;15;1;
42004;202200027312;765 319;A01;1;33;0;2;1;3;1;
42005;202200027313;765 316;A01;2;7;0;2;1;1;2;
42006;202200027313;765 320;Z01;2;7;0;2;4;23;1;
42007;202200027314;765 312;A01;2;33;0;2;1;1;1;
42008;202200027314;765 314;B01;2;7;0;2;6;1;1;
42009;202200027315;765 315;B01;2;7;0;0;4;2;1;
42010;202200027315;765 317;A01;2;7;0;2;1;2;0;
42011;202200027316;765 310;B01;2;7;0;2;1;23;2;
42012;202200027316;765 311;C01;2;7;0;2;4;23;1;
42013;202200027316;765 313;A01;2;7;0;2;1;1;1;
42014;202200027317;765 309;A01;3;7;0;1;1;1;1;
42015;202200027318;765 306;C01;1;7;0;2;3;1;1;
42016;202200027318;765 307;B01;1;7;0;2;6;1;1;
42017;202200027318;765 308;A01;1;33;0;2;1;1;1;
42018;202200027319;765 303;A01;1;7;0;1;1;1;1;
42019;202200027320;765 304;B01;1;7;0;2;5;1;1;
42020;202200027320;765 305;A01;1;33;0;2;1;2;1;
42021;202200027321;765 298;A01;2;7;13;0;1;1;1;
42022;202200027322;765 296;B01;1;7;0;2;3;0;1;
42023;202200027322;765 299;A01;2;7;0;2;3;26;1;
42024;202200027324;765 293;B01;0;7;0;2;0;0;1;
42025;202200027324;765 294;A01;2;10;0;2;2;1;1;
42026;202200027325;765 292;B01;3;7;0;2;1;19;1;
42027;202200027325;765 295;A01;1;1;0;2;8;1;5;
42028;202200027327;765 289;A01;3;7;0;1;3;1;1;
42029;202200027328;765 288;A01;2;7;0;2;1;16;1;
42030;202200027328;765 290;B01;1;33;0;2;0;1;0;
42031;202200027329;765 287;A01;1;32;0;1;1;1;1;
42032;202200027330;765 286;A01;1;1;0;0;0;1;5;
42033;202200027331;765 285;A01;0;50;0;1;1;25;3;
42034;202200027332;765 282;B01;0;7;0;2;8;1;1;
42035;202200027332;765 283;A01;0;10;0;2;1;1;1;
42036;202200027333;765 278;B01;1;2;0;2;1;1;1;
42037;202200027333;765 280;A01;1;7;0;2;3;26;1;
42038;202200027334;765 279;A01;1;37;0;2;2;17;1;1.0
42039;202200027334;765 281;B01;1;14;0;0;3;26;1;
42040;202200027335;765 276;A01;2;30;0;2;8;9;1;
42041;202200027335;765 277;B01;2;10;0;2;8;1;1;
42042;202200027336;765 274;B01;1;13;1;0;5;17;1;
42043;202200027336;765 275;A01;1;10;0;0;6;0;6;
42044;202200027337;765 272;B01;3;7;0;2;8;1;1;
42045;202200027337;765 273;A01;3;30;0;2;1;1;1;
42046;202200027338;765 270;Z01;1;7;0;1;4;26;0;
42047;202200027339;765 271;A01;3;10;1;0;1;0;0;
42048;202200027340;765 267;B01;2;10;0;2;1;9;1;
42049;202200027340;765 269;A01;2;34;0;2;7;26;1;
42050;202200027341;765 266;A01;2;33;0;2;1;13;1;
42051;202200027341;765 268;B01;1;37;0;2;1;1;1;1.0
42052;202200027342;765 264;A01;2;10;0;1;3;15;1;
42053;202200027343;765 263;B01;1;38;0;2;3;13;1;1.0
42054;202200027343;765 265;A01;0;7;8;2;8;15;1;
42055;202200027345;765 259;B01;1;10;1;0;1;1;0;
42056;202200027345;765 260;A01;1;15;0;2;6;24;1;
42057;202200027346;765 257;B01;3;1;0;2;8;1;5;
42058;202200027346;765 258;A01;3;7;0;2;7;17;1;
42059;202200027347;765 254;B01;1;33;0;2;1;1;1;
42060;202200027347;765 256;A01;1;7;0;2;3;15;1;
42061;202200027348;765 253;B01;2;10;0;2;3;1;1;
42062;202200027348;765 255;A01;1;7;0;2;3;13;1;
42063;202200027349;765 252;A01;1;7;1;0;3;19;1;
42064;202200027350;765 249;B01;0;1;0;2;8;1;5;
42065;202200027350;765 251;A01;0;7;0;2;2;16;1;
42066;202200027351;765 248;B01;2;33;0;2;1;1;1;
42067;202200027351;765 250;A01;2;10;0;2;2;1;1;
42068;202200027353;765 245;B01;1;80;1;0;1;21;3;
42069;202200027353;765 246;Z01;1;7;0;2;8;22;1;
42070;202200027354;765 242;A01;2;1;0;2;1;1;5;
42071;202200027354;765 244;B01;1;7;0;2;5;15;1;
42072;202200027355;765 241;A01;3;1;0;2;1;1;5;
42073;202200027355;765 243;B01;2;3;0;9;8;1;3;
42074;202200027356;765 238;A01;3;7;0;2;3;1;1;
42075;202200027356;765 239;B01;1;1;0;2;1;1;5;
42076;202200027357;765 237;A01;0;7;0;2;0;9;1;
42077;202200027357;765 240;B01;1;7;0;2;0;1;1;
42078;202200027358;765 236;A01;1;33;12;0;2;1;1;
42079;202200027359;765 233;B01;2;7;0;2;1;1;1;
42080;202200027359;765 235;A01;1;7;0;2;1;13;1;
42081;202200027360;765 232;A01;1;7;0;9;8;17;1;
42082;202200027360;765 234;B01;2;1;0;2;8;1;5;
42083;202200027361;765 230;B01;1;7;0;2;1;1;1;
42084;202200027361;765 231;A01;1;7;0;2;4;15;1;
42085;202200027362;765 226;B01;1;7;0;0;6;20;1;
42086;202200027362;765 228;A01;1;2;0;2;1;2;1;
42087;202200027363;765 225;A01;2;7;0;2;6;17;1;
42088;202200027363;765 227;B01;1;7;0;2;3;1;1;
42089;202200027364;765 223;B01;3;99;0;0;8;0;1;
42090;202200027364;765 224;A01;3;33;0;0;1;0;1;
42091;202200027366;765 217;B01;2;7;0;4;7;19;1;
42092;202200027366;765 220;A01;1;40;0;2;1;19;3;
42093;202200027367;765 213;B01;3;80;0;2;5;1;3;
42094;202200027367;765 215;A01;3;7;0;2;7;16;1;
42095;202200027368;765 214;A01;2;7;0;2;1;15;1;
42096;202200027368;765 216;B01;0;31;0;2;8;1;1;
42097;202200027369;765 211;A01;2;33;2;0;3;14;1;
42098;202200027370;765 210;B01;1;32;0;2;1;1;1;
42099;202200027370;765 212;Z01;1;32;0;2;0;0;0;
42100;202200027372;765 208;A01;2;30;1;0;3;13;1;
42101;202200027373;765 205;B01;1;7;0;2;1;15;1;
42102;202200027373;765 206;A01;2;30;0;2;1;16;3;
42103;202200027374;765 202;A01;2;33;0;2;1;1;1;
42104;202200027374;765 203;B01;1;7;0;2;3;9;1;
42105;202200027375;765 198;A01;2;33;0;2;2;2;1;
42106;202200027375;765 200;B01;2;7;0;0;6;23;1;
42107;202200027375;765 201;C01;1;7;0;0;3;1;1;
42108;202200027376;765 197;B01;2;33;0;2;1;2;1;
42109;202200027376;765 199;A01;2;7;0;0;4;16;1;
42110;202200027377;765 193;B01;1;1;0;2;1;1;5;
42111;202200027377;765 196;A01;2;7;0;9;3;13;1;
42112;202200027378;765 191;A01;3;7;0;1;3;1;1;
42113;202200027379;765 190;A01;2;7;0;2;2;16;1;
42114;202200027379;765 192;B01;2;50;0;2;3;1;3;
42115;202200027380;765 188;B01;0;31;0;2;1;21;1;
42116;202200027380;765 189;A01;0;10;0;2;6;20;1;
42117;202200027383;765 184;A01;2;7;16;0;9;1;1;
42118;202200027384;765 182;A01;1;7;0;1;3;2;1;
42119;202200027385;765 181;B01;1;7;0;2;1;1;1;
42120;202200027385;765 183;A01;2;7;0;2;1;1;1;
42121;202200027386;765 179;A01;0;7;13;0;0;0;1;
42122;202200027387;765 178;B01;2;33;0;2;1;1;1;
42123;202200027387;765 180;A01;1;7;0;2;3;9;1;
42124;202200027388;765 175;B01;1;33;0;2;4;23;1;
42125;202200027388;765 177;A01;1;7;14;0;1;2;1;
42126;202200027390;765 172;A01;0;7;0;2;2;15;1;
42127;202200027390;765 173;B01;0;7;0;2;1;1;1;
42128;202200027391;765 169;A01;1;7;0;0;1;19;1;
42129;202200027392;765 168;C01;1;7;0;2;1;2;1;
42130;202200027392;765 170;B01;1;7;0;2;4;2;1;
42131;202200027392;765 171;A01;1;10;0;2;4;1;1;
42132;202200027393;765 165;Z01;0;7;0;0;0;0;0;
42133;202200027393;765 167;B01;0;33;0;0;0;0;1;
42134;202200027394;765 164;B01;2;10;14;2;4;2;1;
42135;202200027394;765 166;A01;2;14;1;2;1;21;1;
42136;202200027395;765 163;A01;1;7;2;0;1;1;1;
42137;202200027396;765 160;A01;2;31;0;0;0;0;1;
42138;202200027397;765 156;E01;1;7;0;2;5;1;1;
42139;202200027397;765 158;D01;1;7;0;2;4;0;1;
42140;202200027397;765 159;C01;1;7;0;2;4;0;1;
42141;202200027397;765 161;B01;1;7;0;2;4;1;1;
42142;202200027397;765 162;A01;1;13;0;2;1;1;1;
42143;202200027398;765 155;A01;0;7;0;2;1;2;1;
42144;202200027398;765 157;B01;3;7;0;1;6;0;1;
42145;202200027400;765 152;B01;1;32;0;2;1;17;1;
42146;202200027400;765 153;A01;1;7;0;2;8;15;1;
42147;202200027401;765 150;A01;2;7;0;2;4;2;1;
42148;202200027401;765 151;B01;2;17;0;2;3;12;1;
42149;202200027402;765 148;A01;1;7;0;2;2;15;1;
42150;202200027402;765 149;B01;2;33;0;2;1;1;1;
42151;202200027403;765 146;B01;2;15;0;2;3;1;1;
42152;202200027403;765 147;A01;2;7;0;2;7;14;1;
42153;202200027404;765 144;B01;0;40;0;2;0;1;0;
42154;202200027404;765 145;A01;1;34;0;4;0;1;1;
42155;202200027405;765 142;B01;2;31;0;2;8;3;1;
42156;202200027405;765 143;A01;2;7;0;2;7;12;1;
42157;202200027406;765 141;A01;3;7;0;1;2;2;1;
42158;202200027408;765 137;A01;2;17;0;2;3;11;1;
42159;202200027408;765 139;B01;2;33;0;2;7;1;1;
42160;202200027408;765 140;C01;2;7;0;2;4;1;1;
42161;202200027409;765 134;A01;3;50;0;2;4;19;3;
42162;202200027409;765 136;B01;3;33;0;2;1;1;1;
42163;202200027410;765 131;C01;2;10;0;2;4;1;0;
42164;202200027410;765 133;B01;2;7;0;2;1;1;0;
42165;202200027410;765 135;A01;2;7;0;2;2;1;0;
42166;202200027411;765 129;C01;1;7;0;2;4;2;2;
42167;202200027411;765 130;B01;1;33;0;2;7;1;1;
42168;202200027411;765 132;A01;1;33;0;2;1;2;1;
42169;202200027412;765 126;A01;2;33;0;0;7;21;1;
42170;202200027413;765 127;Z01;2;7;0;2;0;0;2;
42171;202200027413;765 128;A01;2;7;0;2;6;1;1;
42172;202200027414;765 125;A01;1;7;0;0;0;1;0;
42173;202200027415;765 123;B01;1;7;0;2;4;2;1;
42174;202200027415;765 124;A01;1;32;0;2;1;2;1;
42175;202200027416;765 121;A01;1;30;0;0;0;21;1;
42176;202200027417;765 120;A01;2;7;0;2;3;2;1;
42177;202200027417;765 122;B01;2;7;0;2;5;2;2;
42178;202200027418;765 118;A01;1;33;0;1;2;1;1;