;Num_Acc;id_vehicule;num_veh;senc;catv;obs;obsm;choc;manv;motor;occutc
42179;202200027419;765 116;C01;1;7;0;2;4;1;1;
42180;202200027419;765 117;B01;1;7;0;2;4;1;0;
42181;202200027419;765 119;A01;1;10;0;2;1;1;0;
42182;202200027420;765 114;B01;2;34;0;2;3;1;1;
42183;202200027420;765 115;A01;2;7;0;2;2;9;1;
42184;202200027421;765 110;C01;1;7;0;2;4;1;1;
42185;202200027421;765 112;B01;1;7;0;2;4;2;1;
42186;202200027421;765 113;A01;1;7;0;2;1;2;1;
42187;202200027422;765 109;A01;1;7;4;0;1;13;1;
42188;202200027423;765 108;A01;1;7;0;2;2;16;1;
42189;202200027423;765 111;B01;1;31;0;2;1;1;1;
42190;202200027424;765 106;A01;2;7;0;2;3;2;1;
42191;202200027424;765 107;B01;2;10;0;2;5;2;1;
42192;202200027426;765 102;A01;2;7;0;2;6;12;1;
42193;202200027426;765 104;B01;2;31;0;2;8;1;1;
42194;202200027426;765 105;C01;2;7;0;2;6;0;1;
42195;202200027427;765 100;B01;2;7;0;2;1;1;1;
42196;202200027427;765 101;A01;2;7;0;2;4;1;1;
42197;202200027428;765 099;A01;2;7;0;1;1;7;1;
42198;202200027429;765 097;A01;1;33;0;2;1;2;1;
42199;202200027429;765 098;B01;1;10;0;2;4;2;1;
42200;202200027430;765 094;A01;1;50;0;2;1;1;3;
42201;202200027430;765 096;Z01;2;1;0;2;1;13;5;
42202;202200027432;765 091;A01;2;7;4;0;1;1;1;
42203;202200027433;765 090;A01;1;50;0;1;1;1;3;
42204;202200027434;765 088;B01;1;7;0;2;4;2;1;
42205;202200027434;765 089;A01;1;33;0;2;1;2;1;
42206;202200027436;765 085;B01;1;7;0;2;1;1;1;
42207;202200027436;765 087;A01;1;7;0;2;7;1;1;
42208;202200027437;765 083;A01;2;7;0;1;2;1;1;
42209;202200027438;765 082;A01;1;7;0;1;1;1;2;
42210;202200027439;765 081;A01;2;1;1;0;2;14;5;
42211;202200027440;765 080;A01;2;33;0;1;1;1;1;
42212;202200027441;765 079;A01;0;7;0;1;4;20;1;
42213;202200027442;765 076;B01;1;10;0;2;4;2;1;
42214;202200027442;765 077;A01;1;7;0;2;1;2;2;
42215;202200027443;765 074;B01;1;10;0;2;3;19;1;
42216;202200027443;765 075;A01;0;10;0;0;0;0;1;
42217;202200027444;765 073;A01;1;1;1;0;0;21;5;
42218;202200027445;765 071;A01;1;33;0;2;1;2;1;
42219;202200027445;765 072;B01;1;7;0;2;4;2;2;
42220;202200027446;765 069;A01;1;10;0;2;8;24;1;
42221;202200027446;765 070;B01;1;1;1;0;7;1;5;
42222;202200027447;765 067;A01;3;7;9;2;2;17;1;
42223;202200027447;765 068;B01;3;7;0;2;6;2;1;
42224;202200027448;765 063;A01;3;30;0;2;2;17;1;
42225;202200027448;765 065;B01;3;7;0;2;3;13;1;
42226;202200027449;765 064;B01;1;32;0;2;2;1;1;
42227;202200027449;765 066;A01;1;38;0;2;8;15;1;1.0
42228;202200027450;765 060;B01;1;7;0;2;8;1;1;
42229;202200027450;765 062;A01;3;50;0;2;1;5;3;
42230;202200027451;765 059;A01;1;7;0;2;2;15;1;
42231;202200027451;765 061;B01;1;7;0;2;1;1;1;
42232;202200027452;765 056;A01;1;7;0;2;3;19;1;
42233;202200027452;765 057;B01;1;30;0;2;0;0;1;
42234;202200027452;765 058;T01;2;7;1;0;0;0;1;
42235;202200027453;765 053;A01;1;14;0;2;2;16;1;
42236;202200027453;765 055;B01;1;80;0;2;3;9;3;
42237;202200027454;765 052;B01;0;7;0;2;1;1;1;
42238;202200027454;765 054;A01;0;7;0;2;7;1;1;
42239;202200027455;765 049;B01;3;1;0;2;7;1;5;
42240;202200027455;765 051;A01;1;10;0;2;1;1;1;
42241;202200027456;765 048;A01;0;7;0;2;8;1;1;
42242;202200027456;765 050;B01;0;1;0;2;1;1;5;
42243;202200027457;765 045;A01;1;7;0;2;2;15;1;
42244;202200027457;765 046;B01;2;1;0;2;1;1;5;
42245;202200027458;765 044;B01;2;7;9;2;3;1;1;
42246;202200027458;765 047;A01;1;7;0;2;2;19;1;
42247;202200027459;765 041;A01;1;34;0;2;0;9;0;
42248;202200027459;765 043;B01;1;7;0;2;1;19;1;
42249;202200027460;765 040;A01;2;7;0;2;3;15;1;
42250;202200027460;765 042;B01;1;30;0;2;1;1;1;
42251;202200027461;765 035;A01;2;7;0;2;1;1;1;
42252;202200027461;765 037;B01;2;10;0;2;4;11;1;
42253;202200027461;765 039;C01;2;7;0;2;5;1;1;
42254;202200027462;765 036;B01;3;10;0;2;3;15;1;
42255;202200027462;765 038;A01;3;7;0;2;8;15;1;
42256;202200027463;765 033;A01;1;2;0;1;1;1;1;
42257;202200027464;765 032;A01;2;7;0;2;3;9;1;
42258;202200027464;765 034;B01;2;32;0;2;1;18;1;
42259;202200027465;765 030;B01;2;7;0;2;7;12;2;
42260;202200027465;765 031;A01;2;33;0;2;1;0;1;
42261;202200027466;765 028;A01;-1;7;0;2;3;24;1;
42262;202200027466;765 029;B01;1;80;1;0;1;1;3;
42263;202200027468;765 024;B01;1;7;0;2;4;1;1;
42264;202200027468;765 027;A01;1;7;0;2;1;2;1;
42265;202200027469;765 022;B01;1;1;0;2;7;9;5;
42266;202200027469;765 023;A01;1;7;0;9;3;9;1;
42267;202200027470;765 020;B01;3;38;0;2;5;9;0;2.0
42268;202200027470;765 021;A01;3;13;0;2;3;26;0;
42269;202200027471;765 018;A01;1;7;4;2;3;26;1;
42270;202200027471;765 019;B01;2;7;0;2;7;26;2;
42271;202200027472;765 017;A01;3;7;0;0;9;2;1;
42272;202200027473;765 013;A01;1;7;0;2;4;15;1;
42273;202200027473;765 015;B01;1;34;0;2;1;1;1;
42274;202200027475;765 011;A01;0;35;0;1;1;19;0;
42275;202200027476;765 010;A01;2;2;11;0;1;9;1;
42276;202200027477;765 009;A01;3;7;0;1;3;1;1;
42277;202200027478;765 007;A01;3;7;0;1;0;11;1;
42278;202200027479;765 006;A01;1;50;0;9;1;1;3;
42279;202200027480;765 004;C01;2;7;0;2;4;2;1;
42280;202200027480;765 005;B01;2;7;0;2;4;2;1;
42281;202200027480;765 008;A01;2;10;0;2;1;1;1;
42282;202200027481;765 003;A01;1;33;0;0;0;0;1;
42283;202200027482;765 000;A01;1;7;0;2;2;2;1;
42284;202200027482;765 002;B01;1;1;15;2;4;2;5;
42285;202200027483;764 999;A01;1;7;0;2;5;1;1;
42286;202200027483;765 001;B01;2;7;0;2;1;1;1;
42287;202200027484;764 996;A01;3;7;0;2;5;1;1;
42288;202200027484;764 997;B01;1;1;0;2;4;13;5;
42289;202200027485;764 995;A01;1;7;6;0;1;0;1;
42290;202200027486;764 991;B01;0;7;0;2;4;1;1;
42291;202200027486;764 992;A01;0;33;0;2;1;1;1;
42292;202200027487;764 989;B01;2;7;0;2;1;1;1;
42293;202200027487;764 990;A01;1;7;8;2;2;15;1;
42294;202200027488;764 986;A01;3;7;0;2;1;2;1;
42295;202200027488;764 987;B01;3;7;0;2;0;0;1;
42296;202200027488;764 988;C01;3;7;0;2;0;0;1;
42297;202200027489;764 985;A01;1;33;0;0;1;1;1;
42298;202200027490;764 982;B01;2;7;1;0;1;15;1;
42299;202200027490;764 984;A01;2;7;0;2;2;1;1;
42300;202200027491;764 981;A01;1;7;0;0;8;19;1;
42301;202200027491;764 983;B01;2;7;0;2;1;1;2;
42302;202200027492;764 980;A01;2;7;14;0;1;1;1;
42303;202200027495;764 973;A01;1;33;0;2;0;1;1;
42304;202200027495;764 975;B01;1;7;0;2;3;1;1;
42305;202200027496;764 972;B01;1;1;0;2;0;0;0;
42306;202200027496;764 974;A01;1;7;0;2;0;0;1;
42307;202200027497;764 969;A01;3;7;0;2;4;23;1;
42308;202200027497;764 971;B01;3;1;0;2;1;2;5;
42309;202200027498;764 968;A01;1;1;0;2;1;9;5;
42310;202200027498;764 970;B01;2;7;0;2;3;1;1;
42311;202200027499;764 965;A01;1;7;0;2;3;18;1;
42312;202200027499;764 967;B01;2;1;1;2;6;1;5;
42313;202200027500;764 966;A01;2;7;13;0;2;1;1;
42314;202200027501;764 962;B01;1;30;0;2;1;1;1;
42315;202200027501;764 964;A01;1;7;0;2;5;16;2;
42316;202200027502;764 961;A01;2;7;0;2;1;1;1;
42317;202200027502;764 963;B01;1;7;0;2;1;1;1;
42318;202200027503;764 959;A01;1;80;0;2;1;1;3;
42319;202200027503;764 960;B01;2;7;0;2;2;15;1;
42320;202200027504;764 957;A01;1;7;0;0;5;15;1;
42321;202200027504;764 958;B01;2;31;0;2;1;1;1;
42322;202200027505;764 955;A01;1;7;0;2;3;13;1;
42323;202200027505;764 956;B01;2;7;0;2;3;13;1;
42324;202200027506;764 952;A01;1;13;0;2;2;16;1;
42325;202200027506;764 953;B01;1;1;0;2;8;1;5;
42326;202200027507;764 951;A01;1;7;0;2;2;1;1;
42327;202200027507;764 954;B01;1;7;0;2;1;9;1;
42328;202200027508;764 950;A01;1;50;0;1;1;1;3;
42329;202200027509;764 948;B01;0;7;0;2;6;21;1;
42330;202200027509;764 949;A01;0;33;0;2;1;21;1;
42331;202200027513;764 939;A01;2;33;0;1;2;1;1;
42332;202200027514;764 936;A01;2;30;0;2;8;15;1;
42333;202200027514;764 937;Z01;2;7;0;2;2;17;1;
42334;202200027515;764 935;B01;2;31;0;2;1;1;1;
42335;202200027515;764 938;A01;1;7;0;2;7;15;1;
42336;202200027516;764 931;A01;2;7;0;2;3;13;1;
42337;202200027516;764 933;B01;1;7;0;2;3;1;1;
42338;202200027517;764 932;A01;3;7;0;9;2;17;1;
42339;202200027517;764 934;B01;3;1;0;2;0;10;5;
42340;202200027518;764 929;A01;3;7;0;2;3;26;0;
42341;202200027518;764 930;B01;2;33;14;0;1;1;1;
42342;202200027519;764 928;A01;2;31;0;0;7;2;1;
42343;202200027520;764 925;B01;0;7;0;2;4;1;1;
42344;202200027520;764 927;A01;2;7;0;2;4;19;1;
42345;202200027521;764 924;B01;2;1;14;2;8;1;5;
42346;202200027521;764 926;A01;2;10;0;2;7;17;1;
42347;202200027522;764 922;A01;1;7;0;2;7;17;1;
42348;202200027522;764 923;B01;2;7;0;2;3;1;1;
42349;202200027523;764 921;A01;1;10;0;0;2;14;1;
42350;202200027524;764 918;B01;1;7;0;2;3;1;1;
42351;202200027524;764 920;A01;2;33;0;2;8;9;1;
42352;202200027525;764 915;A01;3;7;0;2;1;1;1;
42353;202200027525;764 917;B01;0;31;0;2;1;1;1;
42354;202200027526;764 914;A01;2;7;0;2;1;2;2;
42355;202200027526;764 916;B01;2;7;0;0;4;15;1;
42356;202200027528;764 911;A01;2;7;0;0;9;1;1;
42357;202200027529;764 909;B01;1;7;0;9;1;1;1;
42358;202200027529;764 910;A01;3;1;0;2;1;14;5;
42359;202200027530;764 907;B01;1;7;0;2;2;14;1;
42360;202200027530;764 908;A01;2;7;0;2;2;13;1;
42361;202200027531;764 905;A01;1;7;0;2;3;15;1;
42362;202200027531;764 906;B01;2;1;0;2;3;5;5;
42363;202200027532;764 904;A01;2;33;13;0;1;1;1;
42364;202200027534;764 900;B01;2;7;0;2;4;26;1;
42365;202200027534;764 903;A01;2;7;8;2;1;0;1;
42366;202200027535;764 899;A01;2;7;13;0;9;0;1;
42367;202200027536;764 901;A01;1;7;0;1;1;1;1;
42368;202200027537;764 897;A01;2;7;0;2;7;17;1;
42369;202200027537;764 898;B01;2;1;0;2;3;1;5;
42370;202200027538;764 893;A01;2;30;0;0;0;1;1;
42371;202200027540;764 892;A01;2;10;0;2;1;15;1;
42372;202200027540;764 895;B01;1;7;0;2;3;1;1;
42373;202200027541;764 890;A01;1;7;1;0;2;14;1;
42374;202200027542;764 887;A01;2;7;0;2;7;15;1;
42375;202200027542;764 891;B01;1;33;0;2;1;1;1;
42376;202200027543;764 888;B01;2;7;0;2;2;1;1;
42377;202200027543;764 889;A01;2;7;0;2;3;9;1;
42378;202200027544;764 885;A01;1;7;0;9;6;22;1;
42379;202200027544;764 886;B01;1;50;1;0;1;1;3;
42380;202200027545;764 881;A01;1;36;6;0;2;1;1;
42381;202200027546;764 879;A01;2;7;13;2;1;17;1;
42382;202200027546;764 882;B01;2;7;0;2;6;17;1;
42383;202200027546;764 884;C01;2;7;3;2;8;1;1;
42384;202200027550;764 875;B01;1;7;0;2;3;15;1;
42385;202200027550;764 877;A01;2;33;0;2;1;1;1;
42386;202200027551;764 874;A01;1;10;8;0;1;1;1;
42387;202200027552;764 871;A01;2;33;0;0;8;14;1;
42388;202200027553;764 872;A01;2;3;0;2;2;15;1;
42389;202200027553;764 873;B01;2;2;0;2;1;2;1;
42390;202200027554;764 870;A01;2;7;8;0;1;1;1;
42391;202200027555;764 869;A01;1;7;13;0;1;1;1;
42392;202200027557;764 865;A01;1;7;13;0;3;14;1;
42393;202200027558;764 863;C01;2;33;0;2;1;5;1;
42394;202200027558;764 864;B01;1;7;16;0;0;14;1;
42395;202200027558;764 866;A01;1;7;0;2;1;17;1;
42396;202200027559;764 861;A01;1;30;0;2;8;5;1;
42397;202200027559;764 862;B01;1;10;0;2;2;1;1;
42398;202200027560;764 858;B01;2;1;0;2;1;1;5;
42399;202200027560;764 860;A01;1;7;0;9;3;1;1;
42400;202200027561;764 859;A01;1;7;3;0;9;14;1;
42401;202200027562;764 857;A01;1;7;4;0;1;1;1;
42402;202200027564;764 853;A01;2;7;0;2;5;15;1;
42403;202200027564;764 855;B01;1;1;0;2;8;1;5;
42404;202200027565;764 849;A01;3;33;0;0;1;1;1;
42405;202200027566;764 848;Y01;3;1;0;2;7;25;5;
42406;202200027566;764 851;A01;3;0;0;2;1;9;0;
42407;202200027567;764 845;A01;2;33;0;2;3;13;1;
42408;202200027567;764 847;B01;1;10;0;2;6;1;1;
42409;202200027568;764 846;A01;1;7;2;0;1;1;1;
42410;202200027569;764 843;A01;3;7;0;2;6;1;1;
42411;202200027569;764 844;B01;3;30;0;2;0;0;1;
42412;202200027570;764 842;A01;3;7;0;0;0;1;1;
42413;202200027571;764 841;A01;3;7;0;1;1;26;1;
42414;202200027573;764 836;A01;2;7;0;6;9;21;1;
42415;202200027574;764 833;B01;2;7;0;2;1;1;1;
42416;202200027574;764 834;A01;1;7;0;2;1;5;1;
42417;202200027575;764 830;A01;1;32;0;0;0;1;1;
42418;202200027576;764 828;A01;-1;7;0;2;1;15;1;
42419;202200027576;764 831;C01;-1;7;0;2;1;17;1;
42420;202200027576;764 832;B01;-1;7;0;2;1;1;1;
42421;202200027577;764 827;A01;2;7;0;2;7;17;1;
42422;202200027577;764 829;B01;2;2;0;2;8;1;1;
42423;202200027578;764 826;A01;2;7;16;0;1;0;1;
42424;202200027579;764 825;A01;2;37;9;0;2;20;1;1.0
42425;202200027580;764 823;A01;1;1;0;0;0;0;5;
42426;202200027581;764 821;A01;1;7;13;0;1;14;1;
42427;202200027582;764 820;B01;1;7;0;2;2;17;1;
42428;202200027582;764 822;A01;1;7;0;2;6;2;1;
42429;202200027583;764 817;A01;2;7;0;2;3;15;2;
42430;202200027583;764 819;B01;1;33;0;2;1;1;1;
42431;202200027584;764 816;A01;3;7;0;2;1;1;1;
42432;202200027584;764 818;B01;3;7;0;2;3;1;1;
42433;202200027585;764 813;B01;1;7;0;2;2;16;1;
42434;202200027585;764 815;A01;1;32;0;2;1;7;1;
42435;202200027586;764 811;A01;3;7;0;9;1;9;1;
42436;202200027586;764 814;B01;3;80;0;2;1;9;3;
42437;202200027587;764 812;A01;1;7;0;1;1;1;1;
42438;202200027588;764 810;A01;2;30;0;0;8;1;1;
42439;202200027589;764 809;A01;2;7;13;0;1;5;1;
42440;202200027590;764 806;B01;3;2;0;2;1;1;1;
42441;202200027590;764 807;A01;3;7;0;9;8;1;1;
42442;202200027591;764 805;B01;2;7;7;2;3;1;1;
42443;202200027591;764 808;A01;1;7;0;2;1;15;1;
42444;202200027592;764 804;A01;1;7;0;1;0;1;0;
42445;202200027593;764 803;A01;1;7;0;1;3;16;2;
42446;202200027595;764 800;A01;3;7;14;0;1;13;1;
42447;202200027596;764 798;A01;1;7;0;2;1;1;1;
42448;202200027596;764 799;B01;1;7;0;0;5;1;1;
42449;202200027597;764 797;A01;2;7;0;1;2;1;2;
42450;202200027598;764 793;B01;1;31;0;2;3;18;1;
42451;202200027598;764 795;A01;1;7;0;2;5;14;1;
42452;202200027599;764 792;B01;1;31;0;2;1;1;1;
42453;202200027599;764 796;A01;1;10;0;2;4;1;1;
42454;202200027600;764 790;B01;1;60;0;2;8;19;3;
42455;202200027600;764 791;A01;1;7;0;0;1;2;0;
42456;202200027601;764 789;A01;2;50;0;1;1;1;3;
42457;202200027603;764 785;A01;1;30;14;0;3;1;1;
42458;202200027604;764 784;A01;0;7;0;2;3;9;1;
42459;202200027604;764 786;B01;1;33;0;2;1;1;1;
42460;202200027605;764 781;A01;2;1;0;4;8;11;5;
42461;202200027605;764 782;B01;2;40;0;2;1;1;3;
42462;202200027606;764 776;A01;1;50;0;0;0;1;3;
42463;202200027607;764 778;A01;1;2;0;2;5;6;1;
42464;202200027607;764 779;B01;1;7;0;2;2;1;1;
42465;202200027608;764 775;A01;1;33;0;2;9;2;1;
42466;202200027608;764 777;B01;1;7;0;2;9;2;1;
42467;202200027608;764 780;C01;1;10;0;2;4;2;1;
42468;202200027608;764 783;D01;1;10;0;2;7;1;1;
42469;202200027609;764 772;B01;2;33;0;2;3;16;1;
42470;202200027609;764 774;A01;2;7;0;2;5;16;1;
42471;202200027610;764 770;A01;2;2;0;0;3;9;1;
42472;202200027610;764 773;B01;2;7;0;0;2;1;2;
42473;202200027611;764 768;A01;2;7;1;0;1;26;1;
42474;202200027612;764 767;C01;1;14;0;2;7;12;1;
42475;202200027612;764 769;B01;1;7;0;2;8;11;1;
42476;202200027612;764 771;A01;1;10;0;2;7;1;1;
42477;202200027613;764 766;A01;1;10;1;1;2;1;1;
42478;202200027614;764 764;A01;2;7;0;2;1;7;1;
42479;202200027614;764 765;B01;2;37;0;2;4;23;2;1.0
42480;202200027615;764 761;B01;3;7;3;2;2;1;1;
42481;202200027615;764 762;A01;0;10;0;2;3;1;1;
42482;202200027617;764 758;B01;0;37;0;2;8;1;1;1.0
42483;202200027617;764 759;A01;0;7;0;2;1;1;2;
42484;202200027618;764 755;B01;2;33;0;2;2;26;1;
42485;202200027618;764 756;A01;2;7;0;0;3;20;1;
42486;202200027619;764 754;B01;1;7;0;1;4;0;1;
42487;202200027619;764 757;A01;1;7;1;0;1;1;1;
42488;202200027621;764 748;B01;1;7;0;0;8;2;1;
42489;202200027621;764 749;A01;1;1;0;9;2;1;5;
42490;202200027622;764 746;B01;2;33;0;2;2;17;1;
42491;202200027622;764 752;A01;2;7;0;2;3;1;1;
42492;202200027623;764 745;B01;2;33;0;2;1;1;1;
42493;202200027623;764 747;A01;2;10;0;2;5;26;1;
42494;202200027624;764 743;A01;0;33;13;0;2;14;1;
42495;202200027625;764 744;A01;1;0;0;0;0;2;-1;
42496;202200027626;764 741;A01;1;7;0;2;7;16;1;
42497;202200027626;764 742;B01;1;1;0;2;1;2;5;
42498;202200027627;764 738;A01;3;7;8;0;1;26;6;
42499;202200027628;764 737;C01;1;31;0;2;1;1;1;
42500;202200027628;764 739;B01;2;2;0;2;1;1;1;
42501;202200027628;764 740;A01;3;7;16;0;1;16;1;
42502;202200027629;764 736;A01;1;7;0;1;2;13;1;
42503;202200027630;764 735;A01;1;7;0;1;1;1;1;
42504;202200027631;764 732;C01;2;7;0;0;4;1;1;
42505;202200027631;764 733;B01;2;31;0;2;4;1;1;
42506;202200027631;764 734;A01;2;10;0;2;1;1;1;
42507;202200027632;764 730;A01;3;2;12;0;1;1;1;
42508;202200027633;764 731;A01;1;10;0;1;1;1;1;
42509;202200027634;764 728;B01;2;7;0;2;1;1;1;
42510;202200027634;764 729;A01;1;7;0;2;2;13;1;
42511;202200027636;764 726;A01;2;36;0;0;3;15;1;
42512;202200027637;764 724;A01;1;33;3;9;2;14;1;
42513;202200027638;764 720;A01;1;7;0;2;4;18;1;
42514;202200027638;764 722;B01;1;7;0;0;2;1;1;
42515;202200027639;764 717;B01;2;10;0;0;3;1;1;
42516;202200027639;764 719;A01;1;2;0;2;1;13;1;
42517;202200027640;764 718;B01;3;33;0;2;7;1;1;
42518;202200027640;764 721;A01;3;33;0;2;3;1;1;
42519;202200027641;764 715;A01;3;7;0;1;1;1;1;
42520;202200027642;764 714;A01;1;7;0;2;3;1;1;
42521;202200027642;764 716;B01;1;7;0;2;2;1;1;
42522;202200027643;764 711;B01;1;33;0;2;1;1;1;
42523;202200027643;764 713;A01;3;10;0;2;2;9;1;
42524;202200027646;764 708;A01;1;10;3;0;3;1;1;
42525;202200027647;764 706;Z01;2;7;0;2;7;19;0;
42526;202200027647;764 709;B01;2;7;0;2;3;1;1;
42527;202200027648;764 704;B01;2;10;0;2;3;21;1;
42528;202200027648;764 705;A01;1;2;0;2;1;13;1;
42529;202200027649;764 701;A01;2;7;0;2;3;9;2;
42530;202200027649;764 703;B01;1;1;0;2;7;1;5;
42531;202200027650;764 700;B01;1;33;0;2;1;21;1;
42532;202200027650;764 702;A01;2;7;0;2;8;15;1;
42533;202200027651;764 698;B01;1;2;0;2;4;1;1;
42534;202200027651;764 699;A01;1;7;0;2;1;2;1;
42535;202200027652;764 696;A01;1;10;0;2;2;15;1;
42536;202200027652;764 697;B01;2;30;0;2;8;1;1;
42537;202200027653;764 694;A01;3;2;0;2;0;17;1;
42538;202200027653;764 695;B01;3;10;0;2;6;1;1;
42539;202200027654;764 693;A01;1;32;0;0;1;16;1;
42540;202200027655;764 691;A01;3;7;0;2;1;15;1;
42541;202200027655;764 692;B01;3;7;8;2;8;1;2;
42542;202200027656;764 690;A01;3;10;0;1;3;26;1;
42543;202200027657;764 688;B01;1;2;0;2;1;18;1;
42544;202200027657;764 689;A01;1;7;0;2;3;15;1;
42545;202200027658;764 686;A01;1;7;0;2;3;0;0;
42546;202200027658;764 687;B01;2;10;0;2;0;0;0;
42547;202200027659;764 684;A01;2;80;0;2;7;1;3;
42548;202200027659;764 685;B01;1;7;0;9;7;26;1;
42549;202200027660;764 682;A01;2;7;0;2;3;13;1;
42550;202200027660;764 683;B01;2;32;0;2;1;1;1;
42551;202200027661;764 680;B01;3;40;0;2;1;1;0;
42552;202200027661;764 681;A01;2;7;0;4;8;1;1;
42553;202200027662;764 679;A01;1;50;0;0;0;1;3;
42554;202200027663;764 677;A01;1;7;1;1;3;18;1;
42555;202200027663;764 678;B01;1;7;1;0;0;0;1;
42556;202200027665;764 672;A01;2;7;0;2;1;1;1;
42557;202200027665;764 673;B01;2;7;0;2;4;1;1;
42558;202200027665;764 674;C01;2;7;0;2;4;1;1;
42559;202200027667;764 669;A01;3;7;0;1;2;0;1;
42560;202200027668;764 668;A01;3;7;4;0;1;12;1;
42561;202200027669;764 666;B01;1;10;0;2;2;16;1;
42562;202200027669;764 667;A01;1;99;0;2;3;1;3;
42563;202200027670;764 664;B01;1;7;0;2;3;1;1;
42564;202200027670;764 665;A01;1;7;0;2;5;9;2;
42565;202200027671;764 662;A01;2;7;0;2;1;13;1;
42566;202200027671;764 663;B01;1;7;0;2;3;14;1;
42567;202200027672;764 661;A01;3;10;0;1;2;12;1;
42568;202200027673;764 658;B01;2;37;0;2;3;1;1;1.0
42569;202200027673;764 659;A01;1;7;0;2;3;1;1;
42570;202200027674;764 656;A01;1;7;0;2;1;1;1;
42571;202200027674;764 657;B01;2;32;0;2;1;13;1;
42572;202200027675;764 654;B01;0;7;0;2;3;26;1;
42573;202200027675;764 655;A01;0;7;0;2;3;26;1;
42574;202200027677;764 650;C01;2;7;0;2;1;1;1;
42575;202200027677;764 651;B01;2;7;0;2;8;1;1;
42576;202200027677;764 652;A01;1;7;0;2;3;13;1;
42577;202200027678;764 649;A01;1;7;0;1;1;15;1;
42578;202200027680;764 644;A01;0;50;0;2;1;1;3;
42579;202200027680;764 645;B01;0;7;0;2;2;1;1;
42580;202200027681;764 642;B01;3;50;0;2;7;19;3;
42581;202200027681;764 643;A01;2;7;0;2;1;9;2;
42582;202200027682;764 641;A01;2;7;0;1;8;1;1;
42583;202200027683;764 639;A01;1;7;0;2;6;10;1;
42584;202200027683;764 640;B01;2;34;0;2;1;1;1;
42585;202200027684;764 634;A01;3;7;0;2;4;1;1;
42586;202200027684;764 635;B01;3;7;0;2;1;1;1;
42587;202200027685;764 633;A01;0;7;9;0;2;14;1;
42588;202200027686;764 632;A01;3;7;0;2;1;15;1;
42589;202200027687;764 631;GA01;1;10;0;1;1;26;1;
42590;202200027688;764 630;A01;2;7;0;0;1;13;1;
42591;202200027689;764 628;B01;1;1;0;2;5;1;5;
42592;202200027689;764 629;A01;1;7;0;2;2;16;1;
42593;202200027691;764 625;A01;1;7;2;0;1;14;1;
42594;202200027692;764 624;A01;1;40;0;1;1;1;3;
42595;202200027693;764 622;B01;1;10;0;2;3;22;1;
42596;202200027693;764 623;A01;1;30;0;2;2;1;1;
42597;202200027694;764 620;B01;2;7;0;2;1;16;2;
42598;202200027694;764 621;A01;1;1;0;2;1;19;5;
42599;202200027696;764 617;A01;1;7;0;1;1;1;1;
42600;202200027697;764 616;A01;1;7;0;1;1;1;1;
42601;202200027698;764 614;B01;1;31;0;2;7;1;1;
42602;202200027698;764 615;A01;1;10;0;2;1;15;1;
42603;202200027700;764 611;A01;1;30;8;0;1;13;1;
42604;202200027701;764 610;A01;3;30;0;1;1;17;1;
42605;202200027702;764 608;A01;2;7;0;2;7;16;1;
42606;202200027702;764 609;B01;2;1;0;2;0;0;5;
42607;202200027703;764 606;B01;1;1;0;2;8;25;5;
42608;202200027703;764 607;A01;1;7;0;9;1;16;1;
42609;202200027704;764 604;A01;3;7;0;2;8;10;1;
42610;202200027704;764 605;B01;3;32;0;2;1;2;1;
42611;202200027705;764 602;A01;2;7;0;2;8;9;1;
42612;202200027705;764 603;B01;2;7;0;2;1;1;0;
42613;202200027707;764 598;B01;2;7;0;0;4;2;1;
42614;202200027707;764 599;A01;2;7;14;0;1;2;1;
42615;202200027708;764 597;A01;3;7;0;1;2;1;1;
42616;202200027709;764 595;A01;1;7;0;2;7;10;1;
42617;202200027709;764 596;B01;2;33;0;2;1;1;1;
42618;202200027711;764 592;A01;1;30;16;0;0;0;1;
42619;202200027712;764 591;A01;1;10;0;1;1;1;1;
42620;202200027713;764 589;B01;2;7;0;2;1;15;1;
42621;202200027713;764 590;A01;1;30;0;2;8;1;3;
42622;202200027714;764 588;A01;2;7;1;0;1;14;1;
42623;202200027715;764 586;A01;1;7;0;2;8;15;1;
42624;202200027715;764 587;B01;1;37;0;2;3;1;1;1.0
42625;202200027716;764 583;C01;1;7;0;2;1;1;1;
42626;202200027716;764 584;B01;1;7;0;2;1;1;1;
42627;202200027716;764 585;A01;1;7;0;2;1;26;1;
42628;202200027717;764 581;A01;1;7;0;2;1;1;1;
42629;202200027717;764 582;B01;1;7;0;2;8;1;1;
42630;202200027718;764 579;A01;2;7;0;2;2;1;1;
42631;202200027718;764 580;B01;2;7;0;2;1;1;1;
42632;202200027719;764 578;A01;1;7;0;1;2;1;1;
42633;202200027720;764 576;A01;1;7;0;0;2;2;0;
42634;202200027720;764 577;B01;1;1;0;0;1;2;5;
42635;202200027721;764 575;A01;0;37;0;1;1;16;4;1.0
42636;202200027722;764 573;B01;3;7;0;2;6;1;1;
42637;202200027722;764 574;A01;3;7;0;2;3;13;1;
42638;202200027723;764 572;A01;3;7;4;0;8;14;1;
42639;202200027724;764 569;C01;2;7;0;2;4;2;1;