;Num_Acc;id_vehicule;num_veh;senc;catv;obs;obsm;choc;manv;motor;occutc
42640;202200027724;764 570;B01;2;7;0;2;4;2;1;
42641;202200027724;764 571;A01;2;7;0;2;1;2;1;
42642;202200027725;764 568;A01;2;10;9;0;1;1;1;
42643;202200027726;764 566;B01;0;7;0;2;4;1;1;
42644;202200027726;764 567;A01;0;7;0;2;1;1;1;
42645;202200027727;764 565;A01;2;33;0;0;7;1;1;
42646;202200027728;764 563;A01;2;7;0;2;3;2;1;
42647;202200027728;764 564;B01;2;3;0;2;4;2;3;
42648;202200027729;764 562;A01;2;7;13;0;1;1;1;
42649;202200027731;764 558;A01;3;10;0;2;2;15;1;
42650;202200027731;764 559;B01;3;43;0;2;1;1;1;
42651;202200027732;764 557;A01;1;7;0;1;2;15;1;
42652;202200027733;764 555;B01;2;10;0;2;1;1;1;
42653;202200027733;764 556;A01;3;50;0;2;1;19;3;
42654;202200027734;764 554;A01;2;7;0;1;3;1;1;
42655;202200027735;764 552;B01;3;10;0;2;5;1;1;
42656;202200027735;764 553;A01;3;1;0;2;5;19;5;
42657;202200027736;764 551;A01;1;7;0;1;1;16;1;
42658;202200027737;764 548;A01;1;7;0;2;1;2;0;
42659;202200027737;764 549;B01;1;7;0;2;4;2;0;
42660;202200027737;764 550;C01;1;7;0;2;2;0;0;
42661;202200027738;764 546;B01;3;31;0;2;1;1;1;
42662;202200027738;764 547;A01;3;7;0;2;3;1;1;
42663;202200027739;764 542;B01;2;7;0;2;3;1;1;
42664;202200027739;764 543;A01;3;7;0;2;1;19;1;
42665;202200027741;764 538;B01;3;7;0;2;7;1;1;
42666;202200027741;764 539;A01;3;7;0;2;1;9;1;
42667;202200027742;764 534;A01;1;7;4;2;3;13;1;
42668;202200027742;764 535;B01;1;7;0;2;4;0;1;
42669;202200027742;764 536;C01;1;7;0;2;0;0;1;
42670;202200027742;764 537;D01;1;7;0;2;0;0;1;
42671;202200027743;764 533;A01;3;7;0;1;2;1;1;
42672;202200027744;764 531;B01;1;32;15;0;1;1;1;
42673;202200027744;764 532;A01;1;7;0;2;3;20;1;
42674;202200027745;764 529;A01;2;7;0;2;1;1;1;
42675;202200027745;764 530;B01;2;7;8;2;7;0;1;
42676;202200027746;764 527;A01;3;7;0;2;1;15;1;
42677;202200027746;764 528;B01;3;31;0;2;1;2;1;
42678;202200027747;764 526;A01;3;7;0;1;1;1;1;
42679;202200027748;764 525;A01;2;10;0;1;1;21;1;
42680;202200027749;764 523;B01;2;7;1;0;2;9;1;
42681;202200027749;764 524;A01;2;7;13;0;2;23;1;
42682;202200027750;764 522;A01;2;7;0;0;9;14;1;
42683;202200027751;764 520;B01;1;10;0;2;8;1;0;
42684;202200027751;764 521;A01;3;10;0;2;2;26;0;
42685;202200027752;764 518;A01;2;7;0;2;8;13;1;
42686;202200027752;764 519;B01;2;2;0;2;7;17;1;
42687;202200027753;764 517;A01;2;7;0;1;2;1;2;
42688;202200027754;764 515;B01;1;1;0;2;3;26;5;
42689;202200027754;764 516;A01;2;7;0;2;3;15;1;
42690;202200027755;764 514;A01;1;7;0;1;1;15;2;
42691;202200027756;764 512;A01;2;30;0;2;0;1;1;
42692;202200027756;764 513;B01;2;31;0;2;0;0;1;
42693;202200027758;764 506;C01;1;10;0;2;1;1;1;
42694;202200027758;764 507;B01;1;7;0;2;1;1;1;
42695;202200027758;764 508;A01;1;7;0;2;4;1;1;
42696;202200027759;764 504;A01;1;2;0;2;1;18;1;
42697;202200027759;764 505;B01;2;7;0;2;2;16;1;
42698;202200027760;764 502;A01;2;7;0;2;1;13;1;
42699;202200027760;764 503;B01;2;10;0;2;6;1;1;
42700;202200027761;764 500;A01;2;7;0;2;3;1;1;
42701;202200027761;764 501;B01;2;7;0;2;2;1;1;
42702;202200027763;764 497;A01;2;7;0;1;7;26;1;
42703;202200027763;764 498;Y01;1;99;0;2;2;19;0;
42704;202200027764;764 496;A01;2;37;0;1;1;1;1;1.0
42705;202200027765;764 495;A01;2;7;0;1;4;4;1;
42706;202200027766;764 493;B01;3;7;0;2;4;1;1;
42707;202200027766;764 494;A01;3;7;0;2;1;1;1;
42708;202200027767;764 491;B01;1;1;0;2;1;1;5;
42709;202200027767;764 492;A01;2;7;0;2;2;15;1;
42710;202200027768;764 490;A01;2;34;0;0;3;1;1;
42711;202200027769;764 488;Z01;2;7;0;2;3;0;0;
42712;202200027769;764 489;A01;1;30;0;2;2;1;1;
42713;202200027770;764 483;A01;0;7;0;2;8;15;1;
42714;202200027770;764 484;B01;0;7;0;2;1;1;1;
42715;202200027771;764 477;B01;3;7;0;2;3;9;1;
42716;202200027771;764 478;A01;2;7;0;2;1;1;1;
42717;202200027772;764 475;B01;1;32;0;2;1;1;1;
42718;202200027772;764 476;A01;2;7;0;2;7;19;1;
42719;202200027773;764 473;B01;3;50;0;2;1;1;3;
42720;202200027773;764 474;A01;3;1;0;2;1;15;5;
42721;202200027774;764 472;A01;2;37;0;1;7;16;1;1.0
42722;202200027775;764 470;B01;1;2;0;2;1;2;1;
42723;202200027775;764 471;A01;1;7;0;2;4;23;1;
42724;202200027776;764 469;A01;1;7;0;1;1;1;1;
42725;202200027777;764 465;C01;2;7;0;2;1;1;1;
42726;202200027777;764 466;D01;2;7;0;2;1;1;1;
42727;202200027777;764 467;A01;2;7;0;2;4;1;1;
42728;202200027777;764 468;B01;2;7;0;2;1;1;1;
42729;202200027778;764 462;B01;0;7;0;2;3;1;3;
42730;202200027778;764 463;A01;0;30;0;2;1;5;1;
42731;202200027778;764 464;C01;0;7;0;2;3;1;1;
42732;202200027779;764 460;B01;1;3;0;2;4;1;1;
42733;202200027779;764 461;A01;3;7;1;2;1;9;1;
42734;202200027780;764 456;A01;2;10;0;2;7;1;1;
42735;202200027780;764 458;B01;2;2;0;2;1;1;3;
42736;202200027782;764 453;A01;2;2;0;2;2;1;1;
42737;202200027783;764 450;A01;3;7;0;2;6;15;1;
42738;202200027783;764 451;B01;3;2;0;2;1;2;1;
42739;202200027784;764 449;E01;2;7;0;2;4;23;2;
42740;202200027784;764 452;A01;2;7;0;2;4;23;2;
42741;202200027784;764 455;B01;2;7;0;2;4;23;1;
42742;202200027784;764 457;C01;2;7;0;2;4;23;1;
42743;202200027784;764 459;D01;2;7;0;2;1;1;1;
42744;202200027785;764 447;A01;2;7;0;9;3;9;1;
42745;202200027785;764 448;B01;3;1;0;2;2;12;5;
42746;202200027786;764 446;A01;1;30;0;0;0;0;1;
42747;202200027787;764 445;A01;2;7;4;0;7;1;1;
42748;202200027788;764 444;A01;0;30;0;0;7;1;1;
42749;202200027789;764 442;B01;2;0;0;2;0;0;-1;
42750;202200027789;764 443;A01;2;7;0;0;4;1;1;
42751;202200027791;764 438;B01;2;7;0;2;5;1;1;
42752;202200027791;764 439;A01;2;13;0;2;3;11;1;
42753;202200027792;764 436;B01;2;1;0;2;1;1;5;
42754;202200027792;764 437;A01;1;10;0;2;3;16;1;
42755;202200027793;764 432;A01;2;10;0;2;8;11;1;
42756;202200027793;764 434;B01;2;31;0;2;7;1;1;
42757;202200027793;764 435;C01;2;17;0;2;5;1;1;
42758;202200027794;764 431;B01;1;1;0;2;1;26;5;
42759;202200027794;764 433;A01;3;7;0;2;8;1;1;
42760;202200027795;764 427;B01;2;32;0;2;1;1;1;
42761;202200027795;764 430;A01;2;7;0;2;8;9;1;
42762;202200027796;764 426;A01;2;7;0;2;1;1;1;
42763;202200027796;764 428;B01;2;7;0;2;6;1;1;
42764;202200027796;764 429;C01;2;7;0;2;5;1;1;
42765;202200027797;764 424;A01;1;7;3;0;7;26;2;
42766;202200027799;764 421;A01;3;7;8;2;1;1;1;
42767;202200027799;764 422;B01;1;80;0;2;8;1;3;
42768;202200027800;764 420;A01;1;10;0;1;1;19;1;
42769;202200027801;764 416;B01;2;33;0;2;4;17;1;
42770;202200027801;764 418;A01;2;7;0;2;1;1;1;
42771;202200027802;764 415;A01;3;7;11;0;1;1;1;
42772;202200027804;764 413;A01;1;7;0;2;8;15;1;
42773;202200027804;764 414;B01;1;50;0;2;1;13;3;
42774;202200027805;764 410;A01;0;7;0;2;5;16;0;
42775;202200027805;764 411;B01;0;7;0;2;3;1;0;
42776;202200027806;764 409;A01;1;7;0;1;3;1;1;
42777;202200027807;764 408;A01;0;50;0;0;7;1;3;
42778;202200027808;764 405;A01;1;7;0;1;3;1;1;
42779;202200027809;764 402;B01;1;1;0;2;6;1;5;
42780;202200027809;764 404;A01;1;7;0;2;1;1;1;
42781;202200027810;764 400;A01;1;33;1;0;1;17;1;
42782;202200027811;764 401;A01;2;33;0;2;1;2;1;
42783;202200027811;764 403;B01;2;7;0;2;6;2;1;
42784;202200027812;764 399;A01;1;33;1;0;1;26;1;
42785;202200027813;764 397;A01;2;43;0;2;7;1;1;
42786;202200027813;764 398;B01;2;30;0;2;8;15;1;
42787;202200027814;764 395;A01;1;10;0;2;0;15;1;
42788;202200027814;764 396;B01;1;33;0;2;2;17;1;
42789;202200027815;764 392;A01;2;7;0;2;7;10;1;
42790;202200027815;764 393;B01;1;2;0;2;1;1;1;
42791;202200027816;764 391;B01;2;37;0;2;5;23;2;2.0
42792;202200027816;764 394;A01;2;13;0;2;6;4;1;
42793;202200027817;764 389;B01;2;1;0;2;1;0;5;
42794;202200027817;764 390;Z01;2;7;0;2;6;0;0;
42795;202200027818;764 386;A01;1;7;0;2;5;2;1;
42796;202200027818;764 388;B01;1;30;0;2;1;2;1;
42797;202200027819;764 385;B01;3;10;0;2;2;19;0;
42798;202200027819;764 387;A01;3;7;0;2;1;1;1;
42799;202200027820;764 383;A01;0;7;6;0;1;0;0;
42800;202200027821;764 384;A01;2;33;0;1;3;17;1;
42801;202200027822;764 381;Z01;1;7;0;2;1;2;1;
42802;202200027822;764 382;B01;1;2;12;2;0;18;1;
42803;202200027823;764 379;A01;3;10;0;2;3;1;1;
42804;202200027823;764 380;B01;3;30;0;2;5;23;1;
42805;202200027824;764 378;Z01;1;50;0;1;1;1;3;
42806;202200027825;764 376;A01;2;7;0;2;7;16;1;
42807;202200027825;764 377;B01;2;1;0;2;8;1;5;
42808;202200027826;764 374;B01;2;7;0;2;4;2;1;
42809;202200027826;764 375;A01;2;10;0;2;1;2;1;
42810;202200027827;764 373;Z01;2;50;0;1;8;1;3;
42811;202200027829;764 370;A01;1;7;0;1;3;15;1;
42812;202200027830;764 369;A01;2;99;0;1;1;1;3;
42813;202200027831;764 367;A01;1;7;0;2;4;11;1;
42814;202200027831;764 368;B01;1;34;0;2;2;1;1;
42815;202200027832;764 365;B01;1;33;0;2;8;1;1;
42816;202200027832;764 366;A01;2;7;0;2;1;15;1;
42817;202200027833;764 364;A01;3;33;0;1;1;2;1;
42818;202200027834;764 362;A01;1;7;0;2;6;19;1;
42819;202200027834;764 363;B01;2;3;12;0;3;1;1;
42820;202200027835;764 360;A01;1;33;0;2;1;26;1;
42821;202200027835;764 361;B01;2;7;0;2;3;16;1;
42822;202200027836;764 358;B01;3;10;0;2;2;16;1;
42823;202200027836;764 359;A01;3;50;0;2;7;19;3;
42824;202200027837;764 356;A01;3;33;0;2;2;1;1;
42825;202200027837;764 357;B01;3;7;0;2;3;15;1;
42826;202200027840;764 350;A01;2;7;0;2;1;1;1;
42827;202200027840;764 351;B01;2;7;0;2;6;1;1;
42828;202200027842;764 346;A01;1;33;0;2;2;2;1;
42829;202200027842;764 347;B01;1;7;0;2;3;20;3;
42830;202200027843;764 345;A01;1;13;0;1;2;16;0;
42831;202200027845;764 342;B01;3;31;0;2;4;23;1;
42832;202200027845;764 343;A01;3;7;0;2;3;1;1;
42833;202200027846;764 340;A01;0;7;0;2;1;2;2;
42834;202200027846;764 341;B01;0;7;0;2;7;2;1;
42835;202200027847;764 339;A01;2;1;0;1;1;1;5;
42836;202200027848;764 338;A01;2;32;0;0;0;2;1;
42837;202200027849;764 336;B01;1;7;0;2;4;2;1;
42838;202200027849;764 337;A01;1;7;0;2;1;2;0;
42839;202200027850;764 334;A01;1;7;0;2;3;16;3;
42840;202200027850;764 335;B01;3;60;0;2;0;19;5;
42841;202200027851;764 332;B01;1;33;0;2;7;17;1;
42842;202200027851;764 333;A01;1;7;0;2;8;15;1;
42843;202200027852;764 331;A01;1;1;0;1;1;17;5;
42844;202200027854;764 327;A01;1;10;0;2;6;10;1;
42845;202200027854;764 328;B01;1;33;0;0;1;17;1;
42846;202200027855;764 326;A01;2;7;13;0;6;1;1;
42847;202200027856;764 324;A01;1;7;0;2;2;1;1;
42848;202200027856;764 325;B01;1;7;0;2;3;19;1;
42849;202200027857;764 322;B01;1;1;0;2;3;15;5;
42850;202200027857;764 323;A01;1;7;0;2;3;15;1;
42851;202200027858;764 320;A01;3;1;0;2;3;1;5;
42852;202200027858;764 321;B01;0;7;0;9;2;0;1;
42853;202200027859;764 318;A01;1;2;0;2;2;17;1;
42854;202200027859;764 319;B01;1;10;0;0;8;15;1;
42855;202200027860;764 316;B01;1;50;0;2;7;1;3;
42856;202200027860;764 317;A01;2;7;0;2;1;9;1;
42857;202200027861;764 315;A01;2;7;2;0;2;1;1;
42858;202200027862;764 313;A01;2;7;0;2;1;1;1;
42859;202200027862;764 314;B01;2;7;0;0;4;1;1;
42860;202200027863;764 311;A01;1;7;3;2;8;26;1;
42861;202200027863;764 312;B01;2;7;0;2;1;1;0;
42862;202200027864;764 310;A01;3;7;0;1;1;1;1;
42863;202200027865;764 309;A01;1;7;0;0;3;1;1;
42864;202200027866;764 307;B01;2;2;0;2;3;1;1;
42865;202200027866;764 308;A01;1;7;0;2;3;15;1;
42866;202200027867;764 306;A01;1;7;4;0;1;0;1;
42867;202200027868;764 305;A01;2;7;0;1;3;1;1;
42868;202200027869;764 304;A01;2;10;0;1;3;1;1;
42869;202200027870;764 300;D01;1;80;0;2;4;2;3;
42870;202200027870;764 301;C01;1;1;0;2;4;2;5;
42871;202200027870;764 302;B01;1;1;0;2;4;2;5;
42872;202200027870;764 303;A01;1;7;0;9;2;2;1;
42873;202200027871;764 299;A01;0;7;2;0;2;1;0;
42874;202200027872;764 295;D01;1;7;3;2;1;0;1;
42875;202200027872;764 296;C01;1;7;6;2;1;0;1;
42876;202200027872;764 297;B01;1;37;0;2;3;1;1;1.0
42877;202200027872;764 298;A01;2;7;3;2;3;13;1;
42878;202200027873;764 293;A01;2;2;1;0;1;0;1;
42879;202200027873;764 294;B01;0;7;0;2;4;23;1;
42880;202200027875;764 288;C01;1;7;0;2;1;1;1;
42881;202200027875;764 289;B01;1;7;0;2;3;1;1;
42882;202200027875;764 290;A01;2;7;3;2;3;13;2;
42883;202200027876;764 285;B01;1;20;0;2;6;12;1;
42884;202200027876;764 287;A01;1;7;13;2;2;14;1;
42885;202200027877;764 284;B01;3;1;0;2;1;1;5;
42886;202200027877;764 286;A01;3;10;0;2;1;15;-1;
42887;202200027878;764 281;A01;1;7;0;2;3;13;1;
42888;202200027878;764 283;B01;2;7;0;2;3;1;1;
42889;202200027880;764 276;B01;2;60;0;2;1;0;5;
42890;202200027880;764 278;A01;2;7;0;2;1;2;1;
42891;202200027881;764 275;A01;1;7;1;0;2;2;1;
42892;202200027882;764 273;A01;0;7;2;0;3;1;1;
42893;202200027884;764 271;A01;3;2;9;0;8;1;0;
42894;202200027885;764 269;A01;1;7;15;0;3;13;1;
42895;202200027886;764 265;A01;1;33;0;0;4;2;1;
42896;202200027886;764 266;B01;1;33;0;0;4;16;1;
42897;202200027887;764 261;A01;2;7;0;2;1;1;1;
42898;202200027887;764 263;B01;2;15;0;2;3;1;1;
42899;202200027888;764 258;A01;1;7;0;2;3;1;1;
42900;202200027888;764 260;B01;2;7;0;2;3;1;1;
42901;202200027889;764 255;B01;1;10;0;2;2;9;1;
42902;202200027889;764 256;A01;2;7;0;2;7;1;1;
42903;202200027890;764 254;A01;1;7;0;1;3;1;1;
42904;202200027891;764 252;B01;1;7;0;2;3;1;1;
42905;202200027891;764 253;A01;2;7;0;2;3;13;1;
42906;202200027892;764 251;A01;0;7;0;1;3;1;1;
42907;202200027893;764 249;A01;1;7;0;2;1;11;1;
42908;202200027893;764 250;B01;2;7;0;2;1;1;1;
42909;202200027895;764 245;A01;2;7;13;0;2;1;1;
42910;202200027896;764 244;A01;0;7;0;2;1;9;1;
42911;202200027897;764 243;A01;1;7;13;0;1;1;1;
42912;202200027898;764 242;A01;1;7;6;2;2;13;1;
42913;202200027899;764 241;A01;1;33;0;0;8;15;1;
42914;202200027900;764 238;A01;1;7;0;4;7;1;1;
42915;202200027900;764 239;B01;1;39;0;4;2;1;3;
42916;202200027901;764 237;A01;1;7;0;2;1;16;1;
42917;202200027901;764 240;B01;2;7;0;2;0;0;1;
42918;202200027902;764 235;B01;3;7;0;2;8;15;1;
42919;202200027902;764 236;A01;3;33;0;2;1;3;1;
42920;202200027904;764 232;A01;1;7;0;2;6;1;3;
42921;202200027904;764 234;B01;2;1;0;2;1;1;5;
42922;202200027906;764 227;A01;1;14;0;2;3;1;1;
42923;202200027906;764 229;B01;2;7;0;2;1;17;1;
42924;202200027908;764 225;A01;1;7;11;0;1;1;1;
42925;202200027909;764 222;A01;1;7;0;2;3;13;1;
42926;202200027909;764 223;B01;2;7;0;2;3;1;1;
42927;202200027911;764 219;B01;0;7;0;2;1;1;1;
42928;202200027911;764 220;A01;0;7;0;2;1;13;1;
42929;202200027912;764 217;A01;1;30;0;2;1;2;1;
42930;202200027912;764 218;B01;1;7;0;2;4;2;1;
42931;202200027913;764 216;A01;-1;7;0;1;2;1;1;
42932;202200027914;764 213;B01;1;7;0;0;3;1;2;
42933;202200027914;764 214;A01;2;7;0;0;3;13;2;
42934;202200027915;764 212;A01;1;7;0;2;1;1;1;
42935;202200027915;764 215;B01;0;7;0;2;8;19;1;
42936;202200027916;764 211;A01;2;7;0;1;2;1;1;
42937;202200027917;764 210;A01;1;7;0;1;1;1;2;
42938;202200027918;764 208;A01;1;7;0;0;8;9;1;
42939;202200027918;764 209;B01;1;7;0;2;1;1;1;
42940;202200027919;764 206;A01;2;7;0;4;1;19;1;
42941;202200027919;764 207;B01;2;40;0;2;1;1;3;
42942;202200027920;764 199;B01;1;1;0;2;8;2;5;
42943;202200027920;764 201;A01;1;10;0;2;0;2;1;
42944;202200027921;764 197;A01;1;7;0;2;1;17;1;
42945;202200027921;764 198;B01;1;7;0;0;6;1;1;
42946;202200027921;764 200;C01;2;7;0;2;3;1;1;
42947;202200027922;764 194;A01;2;7;0;0;0;1;1;
42948;202200027923;764 195;A01;1;10;0;2;1;1;1;
42949;202200027923;764 196;B01;2;50;0;2;6;19;3;
42950;202200027924;764 191;A01;1;14;0;2;4;0;1;
42951;202200027924;764 193;B01;1;7;0;2;1;0;1;
42952;202200027925;764 190;A01;3;7;1;0;4;23;1;
42953;202200027925;764 192;B01;1;7;1;2;1;2;1;
42954;202200027926;764 189;A01;1;7;16;0;0;14;1;
42955;202200027927;764 188;A01;3;7;0;1;1;1;0;
42956;202200027929;764 183;A01;2;7;0;2;1;2;1;
42957;202200027929;764 185;B01;2;7;0;2;4;2;1;
42958;202200027929;764 187;C01;2;7;0;2;4;2;1;
42959;202200027930;764 180;A01;2;7;3;0;8;13;1;
42960;202200027931;764 178;A01;1;7;0;1;7;26;1;
42961;202200027932;764 177;B01;1;7;4;2;4;2;2;
42962;202200027932;764 179;A01;1;7;4;2;1;2;1;
42963;202200027933;764 175;B01;3;7;0;1;2;26;1;
42964;202200027934;764 173;Z01;2;10;0;2;6;11;0;
42965;202200027934;764 174;A01;2;7;0;2;2;1;1;
42966;202200027934;764 176;B01;2;7;0;2;2;1;1;
42967;202200027936;764 167;A01;1;33;0;0;7;3;1;
42968;202200027937;764 163;A01;1;33;0;2;8;11;0;
42969;202200027937;764 165;B01;2;34;0;2;7;2;0;
42970;202200027938;764 162;B01;0;1;0;2;4;1;5;
42971;202200027938;764 164;A01;0;7;0;2;2;2;0;
42972;202200027939;764 160;B01;1;7;0;2;5;2;1;
42973;202200027939;764 161;A01;1;33;0;2;1;2;1;
42974;202200027940;764 159;A01;2;10;0;1;2;1;1;
42975;202200027941;764 157;A01;2;7;0;2;7;1;1;
42976;202200027941;764 158;B01;2;15;0;2;2;12;1;
42977;202200027942;764 156;A01;1;7;0;1;3;1;1;
42978;202200027943;764 154;B01;2;7;0;2;4;2;1;
42979;202200027943;764 155;A01;2;7;0;2;1;2;1;
42980;202200027944;764 153;A01;3;7;0;1;4;4;1;
42981;202200027945;764 148;B01;2;21;0;2;5;1;1;
42982;202200027945;764 150;A01;2;33;0;2;1;12;1;
42983;202200027946;764 146;C01;1;10;1;2;3;24;1;
42984;202200027946;764 147;B01;1;10;0;2;3;24;1;
42985;202200027946;764 149;E01;1;7;0;2;7;19;1;
42986;202200027946;764 151;D01;1;7;0;2;8;0;1;
42987;202200027946;764 152;A01;1;7;0;2;3;19;1;
42988;202200027947;764 144;A01;1;2;0;1;1;1;1;
42989;202200027948;764 143;A01;3;7;0;2;1;1;0;
42990;202200027948;764 145;B01;0;1;0;2;0;0;5;
42991;202200027949;764 142;A01;0;7;0;1;3;26;1;
42992;202200027950;764 140;A01;1;7;0;1;1;15;1;
42993;202200027951;764 139;A01;2;7;0;2;1;17;1;
42994;202200027951;764 141;B01;1;7;0;2;1;1;1;
42995;202200027952;764 138;Z01;3;7;0;1;1;0;1;
42996;202200027953;764 136;B01;1;50;0;2;1;1;3;
42997;202200027953;764 137;A01;1;10;0;2;2;9;1;
42998;202200027954;764 134;A01;1;37;0;2;7;13;1;3.0
42999;202200027954;764 135;B01;1;7;0;2;3;0;1;
43000;202200027955;764 132;B01;1;7;0;2;4;2;1;
43001;202200027955;764 133;A01;1;2;0;2;2;2;1;
43002;202200027956;764 130;B01;1;7;0;2;1;1;1;
43003;202200027956;764 131;A01;1;7;0;2;1;1;1;
43004;202200027957;764 127;B01;1;7;0;2;2;1;1;
43005;202200027957;764 128;A01;1;7;0;2;3;1;1;
43006;202200027958;764 126;A01;3;50;0;2;1;2;3;
43007;202200027958;764 129;B01;3;10;0;2;3;2;1;
43008;202200027960;764 122;B01;2;1;0;4;1;1;5;
43009;202200027960;764 124;A01;2;40;0;2;3;1;3;
43010;202200027961;764 120;B01;1;7;0;2;4;1;1;
43011;202200027961;764 121;A01;1;7;0;2;1;1;1;
43012;202200027962;764 115;B01;1;7;0;2;8;15;1;
43013;202200027962;764 118;A01;1;33;0;2;1;17;1;
43014;202200027963;764 116;A01;1;43;0;2;8;18;1;
43015;202200027963;764 119;B01;2;10;0;2;3;15;1;
43016;202200027964;764 114;A01;2;99;0;9;8;15;3;
43017;202200027964;764 117;B01;1;2;0;9;2;1;1;
43018;202200027965;764 110;Z01;0;7;0;1;4;4;0;
43019;202200027968;764 104;A01;1;34;0;2;7;17;1;
43020;202200027968;764 106;B01;2;7;0;2;3;1;1;
43021;202200027969;764 105;B01;3;43;0;2;5;1;1;
43022;202200027969;764 107;A01;2;7;0;2;2;15;1;
43023;202200027970;764 103;A01;2;7;6;0;1;1;1;
43024;202200027971;764 100;B01;2;7;0;2;1;1;1;
43025;202200027971;764 102;A01;1;2;0;2;8;5;1;
43026;202200027972;764 099;A01;1;7;0;2;7;12;1;
43027;202200027972;764 101;B01;1;34;0;2;8;1;1;
43028;202200027973;764 097;A01;1;31;0;0;0;26;1;
43029;202200027974;764 096;A01;0;33;0;2;8;0;1;
43030;202200027974;764 098;B01;0;7;0;2;5;1;1;
43031;202200027975;764 095;A01;1;34;0;1;1;1;1;
43032;202200027976;764 094;A01;2;30;0;1;1;1;3;
43033;202200027977;764 092;A01;0;1;0;0;0;1;5;
43034;202200027978;764 091;A01;2;30;0;2;1;1;1;
43035;202200027978;764 093;B01;2;7;0;2;3;1;1;
43036;202200027979;764 085;B01;3;7;0;2;4;0;1;
43037;202200027979;764 086;A01;3;7;0;2;1;0;1;
43038;202200027980;764 088;A01;1;32;0;2;1;2;1;
43039;202200027980;764 090;B01;1;33;0;2;4;23;1;
43040;202200027981;764 083;B01;3;7;0;2;6;2;1;
43041;202200027981;764 084;A01;3;33;0;2;2;2;1;
43042;202200027982;764 081;A01;1;99;0;1;4;21;1;
43043;202200027983;764 080;B01;2;10;0;2;2;1;3;
43044;202200027983;764 082;A01;2;80;0;2;8;13;3;
43045;202200027984;764 079;A01;0;7;0;1;1;1;1;
43046;202200027986;764 077;B01;1;7;0;2;1;1;1;
43047;202200027986;764 078;A01;1;30;0;2;2;1;1;
43048;202200027987;764 075;A01;1;7;0;1;2;1;1;
43049;202200027988;764 073;A01;1;7;14;0;2;14;1;
43050;202200027989;764 071;A01;1;7;0;2;3;18;1;
43051;202200027989;764 074;B01;1;7;0;2;2;1;1;
43052;202200027990;764 072;A01;1;7;0;2;0;18;1;
43053;202200027991;764 069;A01;1;50;8;0;1;1;3;
43054;202200027992;764 067;B01;2;7;6;0;4;0;1;
43055;202200027992;764 070;A01;1;7;6;0;3;14;1;
43056;202200027993;764 066;A01;0;7;0;2;7;0;1;
43057;202200027993;764 068;B01;0;7;0;2;0;1;1;
43058;202200027994;764 061;A01;2;10;0;2;6;1;1;
43059;202200027994;764 064;B01;2;33;0;2;7;2;1;
43060;202200027995;764 062;B01;2;50;0;2;1;1;3;
43061;202200027995;764 065;A01;1;80;0;2;1;13;3;
43062;202200027997;764 056;A01;0;7;0;1;1;0;0;
43063;202200027998;764 055;B01;1;50;0;2;1;16;3;
43064;202200027998;764 057;A01;2;30;0;2;4;15;1;
43065;202200027999;764 054;A01;2;13;6;0;1;1;1;
43066;202200028000;764 051;A01;1;7;0;1;2;17;1;
43067;202200028001;764 050;A01;1;7;0;2;2;9;1;
43068;202200028001;764 052;B01;1;80;0;2;1;1;3;
43069;202200028003;764 048;A01;3;7;2;0;2;1;1;
43070;202200028005;764 043;B01;3;32;0;2;2;19;1;
43071;202200028005;764 046;A01;3;7;0;2;1;9;1;
43072;202200028006;764 040;A01;3;30;0;2;1;1;1;
43073;202200028006;764 042;B01;0;7;0;0;0;0;1;
43074;202200028007;764 037;C01;3;7;0;2;4;23;1;
43075;202200028007;764 039;B01;3;7;0;2;4;23;1;
43076;202200028007;764 041;A01;3;7;0;2;1;1;1;
43077;202200028008;764 036;A01;3;34;0;2;1;16;1;
43078;202200028008;764 038;B01;3;7;0;2;5;2;1;
43079;202200028009;764 035;A01;1;7;0;1;1;1;1;
43080;202200028010;764 033;B01;2;7;0;2;7;2;1;
43081;202200028010;764 034;A01;1;7;0;2;1;2;2;
43082;202200028011;764 029;B01;3;37;0;2;5;7;1;1.0
43083;202200028011;764 032;A01;1;20;0;2;1;1;3;
43084;202200028012;764 027;Z01;1;2;0;1;1;17;1;
43085;202200028013;764 025;A01;3;10;0;9;7;5;1;
43086;202200028013;764 026;B01;3;1;0;2;0;0;5;
43087;202200028013;764 028;C01;3;1;0;2;0;0;5;
43088;202200028013;764 030;D01;3;1;0;2;0;0;5;
43089;202200028013;764 031;E01;3;1;0;2;0;0;5;
43090;202200028014;764 021;A01;1;7;0;2;1;2;1;
43091;202200028014;764 023;B01;1;7;0;2;4;2;1;
43092;202200028015;764 022;B01;1;7;0;2;7;1;1;
43093;202200028015;764 024;A01;1;7;0;2;3;10;1;
43094;202200028016;764 019;A01;1;30;0;2;1;2;1;
43095;202200028016;764 020;B01;1;7;0;2;8;15;1;
43096;202200028017;764 017;A01;1;33;0;2;2;17;1;
43097;202200028017;764 018;B01;2;7;0;2;3;15;1;
43098;202200028018;764 016;A01;1;34;0;1;2;1;1;
43099;202200028019;764 014;A01;1;7;0;2;1;2;1;
43100;202200028019;764 015;B01;1;7;0;2;4;2;1;