;Num_Acc;id_vehicule;num_veh;senc;catv;obs;obsm;choc;manv;motor;occutc
43101;202200028020;764 012;A01;1;7;0;1;1;0;1;
43102;202200028021;764 013;A01;1;7;0;1;5;26;1;
43103;202200028023;764 010;A01;3;7;0;1;1;26;1;
43104;202200028024;764 008;A01;1;7;13;0;7;14;1;
43105;202200028025;764 007;A01;3;7;12;2;7;12;0;
43106;202200028025;764 009;B01;3;2;0;2;8;1;1;
43107;202200028026;764 005;B01;2;50;0;2;2;1;3;
43108;202200028026;764 006;A01;1;7;0;2;3;1;1;
43109;202200028027;764 000;A01;0;7;0;2;1;19;1;
43110;202200028027;764 002;B01;0;7;0;2;7;1;1;
43111;202200028028;763 999;A01;1;7;0;2;2;16;0;
43112;202200028028;764 001;B01;1;1;0;2;0;16;5;
43113;202200028029;763 997;A01;0;30;0;0;3;1;1;
43114;202200028030;763 996;A01;3;7;0;2;3;9;1;
43115;202200028030;763 998;B01;1;21;0;2;1;1;1;
43116;202200028032;763 993;A01;0;7;0;2;3;10;1;
43117;202200028032;763 994;B01;0;32;0;2;8;17;1;
43118;202200028033;763 991;A01;1;30;12;0;9;9;1;
43119;202200028035;763 988;A01;1;38;0;1;5;16;1;1.0
43120;202200028036;763 986;A01;1;7;0;2;1;5;1;
43121;202200028036;763 987;B01;2;7;0;2;1;1;1;
43122;202200028036;763 989;C01;2;7;0;2;1;2;3;
43123;202200028037;763 983;A01;1;7;0;2;6;1;1;
43124;202200028037;763 985;B01;1;7;0;2;3;1;1;
43125;202200028039;763 981;A01;1;7;0;1;2;1;1;
43126;202200028040;763 977;B01;2;7;0;2;2;12;1;
43127;202200028040;763 980;A01;2;7;0;2;9;1;1;
43128;202200028041;763 976;A01;1;33;0;2;1;2;1;
43129;202200028041;763 979;B01;1;7;0;1;4;2;1;
43130;202200028042;763 970;A01;3;7;0;2;8;10;1;
43131;202200028042;763 973;B01;3;7;0;2;3;1;1;
43132;202200028044;763 969;A01;2;7;-1;2;1;1;1;
43133;202200028044;763 972;B01;2;7;0;2;4;26;1;
43134;202200028045;763 968;A01;3;7;9;0;1;11;1;
43135;202200028046;763 967;A01;2;7;0;0;9;1;0;
43136;202200028047;763 964;A01;2;30;14;0;1;17;1;
43137;202200028048;763 962;A01;1;7;4;2;2;9;1;
43138;202200028048;763 963;B01;1;7;0;2;6;1;1;
43139;202200028049;763 960;A01;1;7;0;1;7;2;1;
43140;202200028050;763 958;A01;1;10;4;0;0;0;0;
43141;202200028051;763 955;A01;1;7;0;2;3;15;1;
43142;202200028051;763 956;B01;2;1;0;2;1;16;5;
43143;202200028052;763 954;A01;1;7;0;2;1;16;1;
43144;202200028052;763 957;B01;1;50;0;2;1;1;3;
43145;202200028053;763 950;A01;1;7;0;2;8;18;2;
43146;202200028053;763 953;B01;1;10;0;2;7;12;1;
43147;202200028054;763 951;B01;2;1;0;9;1;1;5;
43148;202200028054;763 952;A01;1;50;0;9;1;26;3;
43149;202200028055;763 948;A01;1;7;0;2;1;1;1;
43150;202200028055;763 949;B01;1;7;0;2;4;1;1;
43151;202200028056;763 945;B01;2;33;0;2;1;2;1;
43152;202200028056;763 947;A01;2;7;0;2;6;10;1;
43153;202200028057;763 944;A01;2;43;0;2;1;1;1;
43154;202200028057;763 946;B01;2;7;0;2;6;11;2;
43155;202200028058;763 942;A01;2;7;0;2;2;14;1;
43156;202200028058;763 943;B01;2;7;0;2;5;1;1;
43157;202200028059;763 937;A01;2;14;0;2;2;12;1;
43158;202200028059;763 940;B01;2;7;0;2;3;18;1;
43159;202200028060;763 936;A01;2;10;0;2;1;2;1;
43160;202200028060;763 938;B01;2;10;0;2;4;2;1;
43161;202200028061;763 935;A01;2;7;0;2;3;19;1;
43162;202200028061;763 939;B01;1;2;0;2;1;1;1;
43163;202200028062;763 934;A01;1;33;16;0;7;21;1;
43164;202200028063;763 931;A01;2;33;0;2;1;17;1;
43165;202200028063;763 933;B01;2;7;0;0;3;15;2;
43166;202200028064;763 930;A01;2;31;0;2;7;15;1;
43167;202200028064;763 932;B01;2;7;0;2;1;1;1;
43168;202200028065;763 927;A01;1;7;0;2;1;2;1;
43169;202200028065;763 929;B01;1;7;0;2;4;2;1;
43170;202200028066;763 925;B01;2;7;0;2;1;1;1;
43171;202200028066;763 928;A01;2;7;0;2;7;1;1;
43172;202200028067;763 922;A01;2;10;0;2;6;11;1;
43173;202200028067;763 923;B01;2;32;0;2;1;3;1;
43174;202200028069;763 919;A01;2;7;0;2;7;1;1;
43175;202200028069;763 920;B01;1;7;0;2;1;1;1;
43176;202200028070;763 917;B01;1;10;0;2;4;13;1;
43177;202200028070;763 918;A01;1;31;0;2;1;1;1;
43178;202200028071;763 915;A01;1;20;0;1;1;9;1;
43179;202200028073;763 912;B01;1;15;0;2;6;23;1;
43180;202200028073;763 913;A01;1;33;0;2;1;2;1;
43181;202200028074;763 910;A01;1;7;0;1;7;1;3;
43182;202200028075;763 906;D01;2;7;0;2;1;2;1;
43183;202200028075;763 908;C01;2;7;0;0;4;23;1;
43184;202200028075;763 909;B01;2;7;0;0;4;23;1;
43185;202200028075;763 911;A01;2;7;0;2;4;23;1;
43186;202200028076;763 905;A01;2;43;0;2;3;3;1;
43187;202200028076;763 907;B01;2;10;0;2;7;12;1;
43188;202200028077;763 903;A01;1;7;12;0;1;11;1;
43189;202200028078;763 902;A01;1;7;0;9;8;0;1;
43190;202200028078;763 904;B01;1;1;0;2;1;1;5;
43191;202200028080;763 898;B01;3;7;0;2;4;23;1;
43192;202200028080;763 899;A01;3;33;0;2;1;1;1;
43193;202200028081;763 896;B01;2;7;0;2;8;1;1;
43194;202200028081;763 897;A01;2;1;0;2;1;9;5;
43195;202200028082;763 892;B01;1;7;0;2;8;1;1;
43196;202200028082;763 894;A01;0;1;0;2;1;19;5;
43197;202200028083;763 891;A01;1;33;0;2;1;3;1;
43198;202200028083;763 893;B01;2;7;0;2;7;12;1;
43199;202200028083;763 895;C01;1;7;0;2;5;1;1;
43200;202200028084;763 890;A01;1;7;0;1;3;1;2;
43201;202200028085;763 888;A01;2;2;0;2;1;1;1;
43202;202200028085;763 889;B01;1;50;0;2;7;15;3;
43203;202200028086;763 884;B01;1;10;0;2;4;1;1;
43204;202200028086;763 886;A01;1;33;0;2;1;2;1;
43205;202200028087;763 883;A01;2;7;0;2;1;26;1;
43206;202200028087;763 887;B01;2;1;0;2;3;1;0;
43207;202200028088;763 882;B01;2;1;0;2;1;1;5;
43208;202200028088;763 885;A01;1;10;0;9;5;15;1;
43209;202200028089;763 879;B01;3;7;0;2;3;1;1;
43210;202200028089;763 881;A01;3;1;0;2;1;1;5;
43211;202200028090;763 878;A01;2;33;0;2;1;1;1;
43212;202200028090;763 880;B01;2;7;0;2;6;15;1;
43213;202200028091;763 877;A01;0;7;0;1;6;26;1;
43214;202200028092;763 875;A01;1;2;0;1;3;18;3;
43215;202200028093;763 876;A01;1;7;0;1;0;26;1;
43216;202200028094;763 873;A01;1;7;0;2;3;2;1;
43217;202200028094;763 874;B01;1;10;0;2;5;2;1;
43218;202200028095;763 871;A01;1;33;1;0;1;1;1;
43219;202200028096;763 869;A01;3;10;0;2;2;12;1;
43220;202200028096;763 872;B01;3;32;0;2;8;1;1;
43221;202200028097;763 866;B01;1;50;1;0;1;1;3;
43222;202200028097;763 867;A01;1;7;0;9;8;22;1;
43223;202200028098;763 865;A01;1;7;0;1;3;14;1;
43224;202200028099;763 861;B01;1;30;0;2;1;1;1;
43225;202200028099;763 863;A01;2;10;0;2;3;1;1;
43226;202200028100;763 860;A01;2;7;0;9;1;1;1;
43227;202200028100;763 862;B01;2;1;0;2;7;19;5;
43228;202200028101;763 858;B01;1;3;0;2;6;2;1;
43229;202200028101;763 859;A01;1;31;0;2;2;2;1;
43230;202200028102;763 857;A01;1;7;0;1;1;1;1;
43231;202200028104;763 854;A01;3;7;0;1;3;1;1;
43232;202200028105;763 852;A01;2;7;0;2;1;13;1;
43233;202200028105;763 853;B01;1;7;0;2;1;1;1;
43234;202200028105;763 856;C01;1;7;0;2;2;1;1;
43235;202200028106;763 846;C01;1;32;0;0;4;23;1;
43236;202200028106;763 849;B01;1;7;0;0;6;2;1;
43237;202200028106;763 850;A01;1;7;0;2;3;21;1;
43238;202200028107;763 845;B01;3;7;1;2;6;19;1;
43239;202200028107;763 851;A01;3;7;0;2;1;1;1;
43240;202200028108;763 844;C01;3;7;12;2;3;21;1;
43241;202200028108;763 847;B01;3;7;0;2;3;15;6;
43242;202200028108;763 848;A01;3;7;0;2;7;17;1;
43243;202200028109;763 841;A01;1;33;13;0;3;1;1;
43244;202200028110;763 840;A01;2;1;0;2;1;1;5;
43245;202200028110;763 842;B01;2;33;0;2;6;9;1;
43246;202200028111;763 839;B01;1;7;0;2;2;1;1;
43247;202200028111;763 843;A01;1;7;0;2;4;2;1;
43248;202200028112;763 836;B01;2;7;0;2;8;11;1;
43249;202200028112;763 838;A01;2;33;0;2;2;1;1;
43250;202200028114;763 832;A01;3;7;0;2;3;1;1;
43251;202200028114;763 835;B01;3;7;0;2;6;15;1;
43252;202200028115;763 831;A01;1;33;1;0;0;1;1;
43253;202200028116;763 829;C01;2;7;0;2;4;1;1;
43254;202200028116;763 830;B01;2;7;0;2;2;12;1;
43255;202200028116;763 833;A01;2;33;0;2;8;3;1;
43256;202200028117;763 826;B01;3;2;0;2;0;1;1;
43257;202200028117;763 828;A01;3;14;0;2;0;1;1;
43258;202200028118;763 824;A01;1;7;0;2;8;15;1;
43259;202200028118;763 827;B01;1;33;0;2;1;13;1;
43260;202200028119;763 822;A01;1;7;0;1;3;1;1;
43261;202200028120;763 821;A01;1;7;0;2;1;2;1;
43262;202200028120;763 823;B01;1;7;0;2;4;2;1;
43263;202200028120;763 825;C01;1;7;0;2;4;2;1;
43264;202200028121;763 819;A01;1;1;0;2;0;1;5;
43265;202200028122;763 818;B01;0;7;8;2;2;12;1;
43266;202200028122;763 820;A01;0;32;0;2;8;18;1;
43267;202200028123;763 814;A01;2;7;0;2;4;2;1;
43268;202200028123;763 815;B01;2;7;0;2;9;2;1;
43269;202200028123;763 817;C01;2;7;0;2;1;2;1;
43270;202200028124;763 813;A01;1;10;12;0;1;1;1;
43271;202200028124;763 816;B01;1;7;0;2;7;15;1;
43272;202200028125;763 811;A01;1;7;0;2;9;17;1;
43273;202200028125;763 812;B01;1;10;0;0;0;0;1;
43274;202200028126;763 809;A01;0;7;0;1;2;0;2;
43275;202200028127;763 803;B01;3;1;0;2;7;1;5;
43276;202200028127;763 807;A01;2;7;0;2;1;1;1;
43277;202200028128;763 804;A01;1;7;0;2;3;11;1;
43278;202200028128;763 806;B01;1;7;0;2;5;1;1;
43279;202200028128;763 808;C01;1;7;0;2;4;1;1;
43280;202200028128;763 810;D01;1;7;0;2;4;1;1;
43281;202200028129;763 802;B01;1;7;0;2;8;20;1;
43282;202200028129;763 805;A01;2;2;0;2;1;1;1;
43283;202200028131;763 795;A01;1;10;0;2;1;1;1;
43284;202200028131;763 797;B01;1;1;0;2;4;23;5;
43285;202200028132;763 794;A01;1;32;0;2;1;3;1;
43286;202200028132;763 796;Z01;1;32;0;2;0;3;0;
43287;202200028132;763 798;C01;1;7;0;2;5;1;1;
43288;202200028132;763 800;D01;1;7;0;2;0;1;1;
43289;202200028133;763 791;A01;2;10;0;2;1;2;1;
43290;202200028133;763 793;B01;2;31;0;2;4;23;1;
43291;202200028134;763 790;A01;1;7;0;2;0;2;1;
43292;202200028134;763 792;B01;1;1;0;2;0;21;5;
43293;202200028135;763 788;B01;3;10;0;2;4;15;1;
43294;202200028135;763 789;A01;3;30;0;2;1;1;1;
43295;202200028136;763 785;B01;3;31;0;2;1;1;1;
43296;202200028136;763 787;A01;3;7;0;2;2;15;1;
43297;202200028137;763 783;A01;0;7;0;2;1;2;1;
43298;202200028137;763 784;B01;0;7;0;2;4;1;1;
43299;202200028137;763 786;C01;0;7;0;2;4;1;1;
43300;202200028138;763 782;A01;1;31;0;2;1;17;1;
43301;202200028140;763 779;A01;3;7;0;2;1;1;1;
43302;202200028140;763 780;B01;3;10;0;0;0;0;1;
43303;202200028142;763 774;A01;1;33;0;2;1;2;1;
43304;202200028142;763 777;B01;1;7;0;0;4;23;1;
43305;202200028143;763 773;A01;0;1;0;2;1;9;5;
43306;202200028143;763 775;B01;0;60;0;2;0;1;5;
43307;202200028144;763 772;A01;3;2;12;0;7;14;1;
43308;202200028145;763 771;A01;3;7;15;0;1;1;1;
43309;202200028146;763 768;B01;0;60;0;0;0;0;5;
43310;202200028146;763 770;A01;3;7;0;9;1;1;1;
43311;202200028148;763 765;A01;1;33;0;2;1;13;1;
43312;202200028148;763 766;B01;2;38;0;2;3;1;1;3.0
43313;202200028149;763 763;A01;0;35;0;2;0;1;1;
43314;202200028149;763 764;Z01;0;7;0;2;0;0;0;
43315;202200028150;763 762;A01;2;43;0;1;2;1;1;
43316;202200028151;763 759;B01;1;7;0;2;4;23;1;
43317;202200028151;763 761;A01;1;7;14;0;1;1;1;
43318;202200028152;763 758;A01;2;7;0;2;5;15;1;
43319;202200028152;763 760;B01;1;1;0;2;1;1;5;
43320;202200028153;763 756;B01;0;20;0;2;4;1;1;
43321;202200028153;763 757;A01;0;2;0;2;4;2;1;
43322;202200028154;763 755;A01;1;50;0;1;1;25;3;
43323;202200028155;763 754;A01;1;2;13;0;1;14;1;
43324;202200028156;763 749;A01;2;33;0;2;6;11;1;
43325;202200028156;763 751;Z01;2;7;0;2;2;1;1;
43326;202200028156;763 753;B01;2;37;0;2;8;23;2;1.0
43327;202200028157;763 748;C01;2;7;0;2;1;2;3;
43328;202200028157;763 750;B01;1;32;0;2;2;2;1;
43329;202200028157;763 752;A01;2;10;0;2;5;15;1;
43330;202200028158;763 746;A01;3;7;13;0;0;1;1;
43331;202200028160;763 743;A01;1;7;0;2;1;2;1;
43332;202200028160;763 744;B01;1;7;0;2;4;0;1;
43333;202200028161;763 742;A01;2;7;0;1;3;1;2;
43334;202200028162;763 739;A01;2;33;0;2;1;2;1;
43335;202200028162;763 741;B01;2;7;0;2;4;2;1;
43336;202200028163;763 738;B01;1;7;0;2;2;15;2;
43337;202200028163;763 740;A01;2;34;0;2;1;19;1;
43338;202200028165;763 734;B01;2;1;1;2;1;2;5;
43339;202200028165;763 736;A01;2;14;0;2;3;24;1;
43340;202200028166;763 731;B01;2;7;9;2;8;1;1;
43341;202200028166;763 733;A01;1;7;0;2;1;19;1;
43342;202200028167;763 730;B01;1;7;0;2;8;15;1;
43343;202200028167;763 732;A01;1;7;0;2;1;1;1;
43344;202200028168;763 728;B01;2;7;0;2;5;0;2;
43345;202200028168;763 729;A01;2;10;0;2;2;1;1;
43346;202200028169;763 726;A01;1;7;1;2;3;1;1;
43347;202200028169;763 727;B01;2;7;0;2;2;0;0;
43348;202200028170;763 724;B01;1;7;0;2;0;0;1;
43349;202200028170;763 725;A01;2;33;0;2;1;17;1;
43350;202200028171;763 723;A01;3;10;0;1;2;1;1;
43351;202200028172;763 722;A01;3;32;12;0;1;2;1;
43352;202200028173;763 721;A01;2;13;0;1;2;0;0;
43353;202200028174;763 718;B01;2;7;0;2;2;9;1;
43354;202200028174;763 720;A01;2;31;0;2;3;9;1;
43355;202200028175;763 717;A01;2;7;1;0;3;1;1;
43356;202200028175;763 719;B01;3;7;1;0;0;0;1;
43357;202200028176;763 714;B01;2;50;0;2;1;1;3;
43358;202200028176;763 716;A01;2;7;0;2;8;1;1;
43359;202200028177;763 713;B01;0;30;0;2;3;1;3;
43360;202200028177;763 715;A01;0;7;0;2;1;16;1;
43361;202200028178;763 712;A01;1;7;0;1;2;15;1;
43362;202200028180;763 710;A01;1;7;0;1;2;0;1;
43363;202200028181;763 707;A01;3;7;3;0;1;26;1;
43364;202200028182;763 708;B01;1;60;0;2;1;21;5;
43365;202200028182;763 709;A01;1;7;0;2;3;15;1;
43366;202200028183;763 705;B01;2;1;0;2;1;1;5;
43367;202200028183;763 706;A01;1;7;0;0;2;1;1;
43368;202200028184;763 703;A01;1;7;0;1;1;15;1;
43369;202200028185;763 704;A01;2;7;0;1;2;15;1;
43370;202200028186;763 701;A01;1;7;0;1;4;20;1;
43371;202200028187;763 700;A01;1;7;0;2;5;19;1;
43372;202200028187;763 702;B01;1;34;0;2;1;2;1;
43373;202200028188;763 697;B01;0;60;0;2;0;0;5;
43374;202200028188;763 698;A01;0;7;0;2;1;1;1;
43375;202200028189;763 695;A01;1;7;0;2;3;13;0;
43376;202200028189;763 696;B01;2;14;0;2;3;1;1;
43377;202200028189;763 699;C01;1;7;0;2;3;0;1;
43378;202200028190;763 693;B01;3;1;0;0;0;0;5;
43379;202200028190;763 694;A01;2;7;0;2;8;23;1;
43380;202200028191;763 692;A01;3;7;0;1;2;16;1;
43381;202200028192;763 691;A01;3;7;0;1;2;1;2;
43382;202200028193;763 689;B01;0;7;0;2;3;1;1;
43383;202200028193;763 690;A01;0;7;0;2;1;15;1;
43384;202200028194;763 688;A01;2;7;0;1;3;17;1;
43385;202200028195;763 685;A01;3;7;0;2;5;1;2;
43386;202200028195;763 687;B01;3;34;0;2;1;1;1;
43387;202200028196;763 684;A01;1;14;0;1;0;26;1;
43388;202200028197;763 683;A01;1;30;0;0;8;26;1;
43389;202200028198;763 681;A01;3;7;0;0;4;1;1;
43390;202200028198;763 682;B01;3;7;0;0;1;2;1;
43391;202200028199;763 679;A01;1;30;0;2;1;26;1;
43392;202200028199;763 680;B01;1;7;0;2;6;1;1;
43393;202200028200;763 677;A01;2;10;0;2;3;15;1;
43394;202200028200;763 678;B01;2;43;0;2;7;17;1;
43395;202200028201;763 675;B01;1;1;0;2;0;1;5;
43396;202200028201;763 676;A01;1;50;0;2;1;26;3;
43397;202200028202;763 672;A01;2;7;0;1;3;1;1;
43398;202200028203;763 673;B01;1;50;0;2;0;26;3;
43399;202200028203;763 674;A01;3;7;0;2;0;9;1;
43400;202200028204;763 671;A01;3;2;0;0;0;1;1;
43401;202200028207;763 665;B01;2;7;0;2;4;1;1;
43402;202200028207;763 666;A01;2;7;0;2;1;2;2;
43403;202200028208;763 663;A01;3;33;0;2;2;17;1;
43404;202200028208;763 664;B01;3;7;0;2;8;15;1;
43405;202200028210;763 659;A01;1;10;0;2;1;15;1;
43406;202200028210;763 661;B01;2;50;0;2;1;19;3;
43407;202200028211;763 658;B01;1;7;0;2;3;1;1;
43408;202200028211;763 660;A01;2;7;0;2;3;5;1;
43409;202200028212;763 657;A01;1;31;0;0;0;1;1;
43410;202200028214;763 652;A01;2;10;0;2;1;1;1;
43411;202200028214;763 653;B01;2;7;0;2;9;1;1;
43412;202200028214;763 655;C01;2;7;0;2;4;1;1;
43413;202200028215;763 649;B01;1;33;0;2;1;1;1;
43414;202200028215;763 651;A01;2;7;0;2;3;15;1;
43415;202200028216;763 648;A01;2;7;0;2;1;5;2;
43416;202200028216;763 650;B01;1;10;0;2;1;1;2;
43417;202200028217;763 647;A01;3;7;0;0;0;13;1;
43418;202200028218;763 646;A01;2;7;0;1;1;1;2;
43419;202200028219;763 644;A01;3;7;0;1;1;1;1;
43420;202200028220;763 643;B01;2;2;0;2;0;16;1;
43421;202200028220;763 645;A01;1;7;0;2;1;15;1;
43422;202200028221;763 641;B01;1;7;0;2;1;1;1;
43423;202200028221;763 642;A01;1;7;0;2;4;14;1;
43424;202200028222;763 640;A01;1;33;1;0;9;21;1;
43425;202200028223;763 639;A01;1;7;0;1;3;1;2;
43426;202200028224;763 637;A01;1;10;13;0;2;1;1;
43427;202200028225;763 636;B01;2;7;0;0;4;23;1;
43428;202200028225;763 638;A01;2;7;0;2;1;2;1;
43429;202200028227;763 632;B01;2;10;0;2;8;23;1;
43430;202200028227;763 633;A01;1;7;0;1;2;21;1;
43431;202200028228;763 629;A01;2;7;0;2;8;16;1;
43432;202200028228;763 631;B01;1;7;0;2;1;1;1;
43433;202200028229;763 628;B01;2;2;0;2;1;1;1;
43434;202200028229;763 630;A01;1;7;0;2;2;1;1;
43435;202200028230;763 627;A01;0;7;12;0;2;1;1;
43436;202200028231;763 626;A01;1;7;0;1;1;15;1;
43437;202200028232;763 623;A01;1;7;0;2;6;9;1;
43438;202200028232;763 625;B01;1;34;0;2;1;1;1;
43439;202200028233;763 620;A01;1;7;0;1;2;1;1;
43440;202200028234;763 619;A01;1;7;0;2;1;15;1;
43441;202200028234;763 621;B01;2;7;0;2;5;1;1;
43442;202200028234;763 622;C01;1;7;0;2;4;1;1;
43443;202200028234;763 624;D01;1;7;0;2;4;1;1;
43444;202200028235;763 618;A01;1;7;0;0;0;1;1;
43445;202200028236;763 616;B01;2;7;0;2;5;15;1;
43446;202200028236;763 617;A01;2;32;0;2;7;15;1;
43447;202200028237;763 613;A01;1;33;0;0;0;2;1;
43448;202200028239;763 611;B01;2;7;0;0;4;1;1;
43449;202200028239;763 612;A01;2;7;0;2;1;1;0;
43450;202200028240;763 610;A01;1;7;2;0;2;1;1;
43451;202200028241;763 609;A01;0;7;8;0;1;1;1;
43452;202200028242;763 606;A01;1;7;0;2;2;15;1;
43453;202200028242;763 607;B01;1;33;0;2;0;9;1;
43454;202200028243;763 605;B01;2;2;0;0;3;21;3;
43455;202200028243;763 608;A01;2;14;0;0;2;16;1;
43456;202200028244;763 604;A01;3;7;0;1;2;1;1;
43457;202200028245;763 603;A01;3;10;13;0;2;26;1;
43458;202200028246;763 601;A01;1;7;13;0;1;1;1;
43459;202200028247;763 600;A01;2;30;0;2;3;16;1;
43460;202200028247;763 602;B01;1;7;0;2;3;1;1;
43461;202200028249;763 595;B01;2;7;0;9;4;2;1;
43462;202200028249;763 598;A01;2;30;0;2;1;26;1;
43463;202200028250;763 596;B01;2;33;0;2;1;17;1;
43464;202200028250;763 597;A01;2;7;0;2;8;15;1;
43465;202200028251;763 592;B01;2;33;0;2;7;3;1;
43466;202200028251;763 594;A01;2;3;0;2;3;15;0;
43467;202200028253;763 590;A01;1;7;0;1;2;1;1;
43468;202200028254;763 589;A01;3;33;0;2;8;2;1;
43469;202200028254;763 591;Z01;1;7;0;2;1;19;1;
43470;202200028256;763 585;A01;1;7;0;0;8;19;1;
43471;202200028256;763 587;B01;1;7;0;2;1;1;1;
43472;202200028258;763 582;A01;3;7;8;0;2;14;1;
43473;202200028258;763 583;B01;3;7;0;0;7;26;1;
43474;202200028259;763 581;A01;2;7;13;0;1;14;1;
43475;202200028260;763 580;A01;3;7;0;1;1;2;1;
43476;202200028262;763 576;A01;3;7;0;2;0;10;1;
43477;202200028262;763 577;B01;3;7;0;2;3;1;1;
43478;202200028264;763 570;A01;1;2;7;0;0;1;1;
43479;202200028265;763 569;B01;2;7;0;2;4;1;1;
43480;202200028265;763 571;C01;2;7;0;2;4;2;1;
43481;202200028265;763 572;D01;2;7;0;2;4;15;1;
43482;202200028265;763 574;A01;2;10;0;2;1;2;1;
43483;202200028266;763 567;A01;1;7;0;1;1;26;1;
43484;202200028267;763 566;B01;3;7;0;0;7;1;1;
43485;202200028267;763 568;A01;1;31;0;2;1;1;1;
43486;202200028268;763 564;A01;1;7;13;0;1;1;1;
43487;202200028269;763 563;B01;2;43;0;2;1;1;1;
43488;202200028269;763 565;A01;1;7;0;2;7;11;1;
43489;202200028270;763 560;B01;2;33;0;2;7;1;1;
43490;202200028270;763 562;A01;1;7;0;2;7;17;1;
43491;202200028272;763 555;A01;1;36;13;0;1;1;1;
43492;202200028273;763 553;A01;1;7;0;2;1;2;1;
43493;202200028273;763 554;B01;1;7;0;2;4;2;1;
43494;202200028274;763 551;A01;1;1;0;0;0;1;5;
43495;202200028274;763 552;B01;1;17;0;9;7;17;1;
43496;202200028275;763 548;A01;2;31;0;2;0;3;1;
43497;202200028275;763 549;B01;2;7;0;2;3;2;2;
43498;202200028275;763 550;Z01;2;33;0;0;0;14;0;
43499;202200028276;763 547;A01;2;7;0;1;1;1;1;
43500;202200028277;763 546;A01;1;2;0;0;1;1;1;
43501;202200028278;763 545;A01;2;10;0;1;4;4;1;
43502;202200028279;763 544;A01;1;33;8;0;0;0;1;
43503;202200028280;763 542;B01;1;32;0;2;1;1;1;
43504;202200028280;763 543;A01;1;7;0;2;3;15;1;
43505;202200028281;763 540;A01;1;7;1;1;1;13;1;
43506;202200028282;763 538;A01;1;10;0;2;1;1;1;
43507;202200028282;763 539;B01;3;7;0;2;3;12;1;
43508;202200028283;763 537;A01;2;1;0;1;1;1;5;
43509;202200028284;763 534;A01;1;33;1;0;1;21;1;
43510;202200028285;763 535;B01;1;7;0;2;1;1;1;
43511;202200028285;763 536;A01;2;7;0;0;8;15;1;
43512;202200028286;763 533;A01;2;7;0;1;1;9;2;
43513;202200028287;763 531;A01;1;7;0;2;8;9;1;
43514;202200028287;763 532;B01;2;7;0;2;3;1;1;
43515;202200028289;763 528;A01;0;7;2;0;2;1;1;
43516;202200028290;763 527;A01;2;7;1;0;2;14;1;
43517;202200028291;763 523;B01;2;7;0;0;1;1;1;
43518;202200028291;763 526;A01;2;15;0;0;4;0;1;
43519;202200028292;763 524;B01;2;34;0;2;1;17;1;
43520;202200028292;763 525;A01;1;7;0;2;6;9;1;
43521;202200028293;763 522;A01;1;33;17;0;0;1;1;
43522;202200028294;763 520;A01;2;7;0;2;3;15;1;
43523;202200028294;763 521;B01;1;32;0;2;2;1;1;
43524;202200028295;763 517;B01;3;15;0;2;7;11;1;
43525;202200028295;763 519;A01;1;7;0;2;1;1;1;
43526;202200028296;763 516;B01;1;32;0;2;8;16;1;
43527;202200028296;763 518;A01;1;7;0;2;1;1;1;
43528;202200028297;763 514;A01;1;7;0;2;3;5;1;
43529;202200028297;763 515;B01;2;7;0;2;6;1;1;
43530;202200028298;763 513;A01;1;7;0;1;2;9;1;
43531;202200028299;763 511;A01;2;7;6;2;1;1;1;
43532;202200028299;763 512;B01;1;7;0;2;1;1;1;
43533;202200028300;763 508;B01;1;7;0;2;4;2;1;
43534;202200028300;763 510;A01;1;13;0;2;1;2;1;
43535;202200028301;763 507;B01;1;7;0;2;3;1;1;
43536;202200028301;763 509;A01;2;21;0;2;3;1;1;
43537;202200028302;763 505;B01;3;10;0;2;7;1;1;
43538;202200028302;763 506;A01;1;80;0;2;1;1;3;
43539;202200028303;763 504;A01;2;7;2;0;2;14;1;
43540;202200028304;763 502;A01;3;7;0;1;1;1;1;
43541;202200028305;763 501;B01;1;33;0;2;1;1;1;
43542;202200028305;763 503;A01;2;7;0;2;1;15;1;
43543;202200028306;763 499;B01;1;7;0;2;6;1;1;
43544;202200028306;763 500;A01;1;32;0;2;2;17;1;
43545;202200028307;763 497;A01;2;7;16;0;2;1;1;
43546;202200028307;763 498;B01;1;7;11;0;8;1;1;
43547;202200028308;763 495;A01;2;7;0;2;5;22;2;
43548;202200028308;763 496;B01;2;1;0;2;1;1;5;
43549;202200028309;763 494;A01;1;50;0;0;3;1;3;
43550;202200028310;763 492;A01;1;43;0;6;1;1;1;
43551;202200028312;763 490;A01;2;33;17;0;1;1;1;
43552;202200028313;763 487;C01;2;7;0;2;3;1;1;
43553;202200028313;763 488;B01;1;33;0;2;2;1;1;
43554;202200028313;763 489;A01;1;7;0;2;3;22;1;
43555;202200028314;763 484;B01;3;2;0;2;1;1;1;
43556;202200028314;763 486;A01;3;7;0;0;2;19;1;
43557;202200028315;763 483;B01;1;7;0;2;5;23;1;
43558;202200028315;763 485;A01;1;7;0;2;1;2;3;
43559;202200028316;763 480;B01;2;50;0;2;1;1;3;
43560;202200028316;763 481;A01;1;50;0;2;1;5;3;