;Num_Acc;id_vehicule;num_veh;senc;catv;obs;obsm;choc;manv;motor;occutc
43561;202200028317;763 478;A01;1;1;0;1;1;1;5;
43562;202200028318;763 477;C01;1;7;0;2;2;23;1;
43563;202200028318;763 479;B01;2;7;0;2;1;1;1;
43564;202200028318;763 482;A01;1;7;16;0;7;15;1;
43565;202200028319;763 473;B01;2;1;0;2;8;1;5;
43566;202200028319;763 474;A01;2;7;0;2;2;1;1;
43567;202200028320;763 472;A01;2;7;0;2;3;22;1;
43568;202200028320;763 475;B01;2;32;0;2;1;1;1;
43569;202200028320;763 476;Z01;2;7;0;2;8;1;1;
43570;202200028321;763 469;B01;1;1;0;0;6;1;5;
43571;202200028321;763 471;A01;1;7;0;2;2;1;1;
43572;202200028322;763 468;A01;1;7;0;2;4;23;1;
43573;202200028322;763 470;B01;1;50;0;2;1;1;3;
43574;202200028323;763 466;A01;1;7;0;0;3;1;1;
43575;202200028323;763 467;B01;1;33;0;2;2;18;1;
43576;202200028324;763 464;B01;1;10;0;0;0;16;1;
43577;202200028324;763 465;A01;1;32;0;2;8;21;1;
43578;202200028325;763 461;B01;1;7;0;2;3;20;1;
43579;202200028325;763 462;A01;1;7;0;2;2;1;1;
43580;202200028326;763 460;B01;1;50;0;2;7;19;3;
43581;202200028326;763 463;A01;2;7;0;2;2;1;1;
43582;202200028327;763 456;A01;2;34;0;2;6;13;1;
43583;202200028327;763 457;B01;2;7;0;2;6;0;1;
43584;202200028327;763 458;C01;2;7;0;2;8;0;1;
43585;202200028327;763 459;D01;2;7;0;2;6;0;1;
43586;202200028328;763 453;A01;1;7;0;1;1;1;1;
43587;202200028329;763 454;B01;1;1;0;2;4;1;5;
43588;202200028329;763 455;A01;1;7;0;9;2;1;1;
43589;202200028330;763 452;A01;1;7;0;1;3;16;1;
43590;202200028331;763 450;A01;1;31;0;2;1;1;1;
43591;202200028331;763 451;B01;2;7;0;2;6;10;1;
43592;202200028332;763 448;B01;1;7;0;0;5;2;1;
43593;202200028332;763 449;A01;1;7;0;2;3;2;1;
43594;202200028333;763 445;B01;2;2;0;2;1;1;1;
43595;202200028333;763 446;A01;1;7;0;0;5;9;1;
43596;202200028334;763 444;A01;1;7;0;0;8;23;1;
43597;202200028334;763 447;B01;1;7;0;0;2;2;1;
43598;202200028335;763 443;A01;1;34;0;1;8;5;0;
43599;202200028336;763 442;A01;1;7;1;0;3;1;1;
43600;202200028337;763 440;A01;3;50;0;2;1;1;3;
43601;202200028337;763 441;B01;1;7;0;2;3;1;1;
43602;202200028338;763 438;A01;0;10;0;2;4;20;1;
43603;202200028338;763 439;B01;0;10;0;2;2;2;1;
43604;202200028339;763 437;A01;0;30;0;1;8;0;1;
43605;202200028340;763 435;A01;1;7;3;2;2;26;1;
43606;202200028340;763 436;B01;2;7;8;0;0;1;1;
43607;202200028341;763 434;A01;1;7;1;0;1;21;1;
43608;202200028342;763 433;A01;1;7;0;1;1;1;2;
43609;202200028343;763 431;A01;3;7;0;1;3;15;1;
43610;202200028344;763 432;A01;2;7;0;1;1;1;1;
43611;202200028345;763 429;A01;2;7;0;2;7;15;1;
43612;202200028345;763 430;B01;1;80;0;0;0;0;3;
43613;202200028346;763 426;A01;0;2;0;2;3;15;1;
43614;202200028346;763 427;B01;0;7;0;2;1;1;1;
43615;202200028347;763 425;A01;1;7;0;2;2;1;2;
43616;202200028347;763 428;B01;3;7;0;2;3;9;2;
43617;202200028348;763 423;B01;2;3;0;2;1;1;1;
43618;202200028348;763 424;A01;1;14;0;2;7;15;1;
43619;202200028349;763 422;A01;2;7;0;1;2;1;1;
43620;202200028350;763 420;A01;2;7;0;9;3;2;1;
43621;202200028350;763 421;B01;1;50;0;2;1;2;3;
43622;202200028352;763 417;B01;2;7;0;2;3;15;1;
43623;202200028352;763 418;A01;2;33;0;2;1;17;1;
43624;202200028353;763 416;Z01;2;7;0;1;0;1;1;
43625;202200028354;763 415;A01;1;7;0;2;3;1;1;
43626;202200028355;763 414;A01;1;7;0;1;1;1;0;
43627;202200028356;763 411;A01;2;33;0;2;1;1;1;
43628;202200028356;763 412;B01;1;7;0;2;2;15;1;
43629;202200028357;763 413;A01;1;7;1;0;3;13;1;
43630;202200028358;763 409;A01;0;7;0;1;1;17;1;
43631;202200028359;763 408;A01;1;7;0;2;3;9;1;
43632;202200028359;763 410;B01;1;33;0;2;1;1;1;
43633;202200028360;763 406;B01;2;10;0;2;5;2;1;
43634;202200028360;763 407;A01;2;7;0;2;3;1;1;
43635;202200028361;763 405;A01;3;1;0;1;2;19;5;
43636;202200028362;763 403;B01;1;7;1;2;5;1;1;
43637;202200028362;763 404;A01;1;7;0;2;3;2;1;
43638;202200028363;763 401;A01;3;10;0;1;2;1;1;
43639;202200028364;763 402;A01;2;7;0;1;2;1;2;
43640;202200028365;763 400;A01;1;50;0;1;4;25;3;
43641;202200028367;763 396;A01;1;7;0;2;2;14;1;
43642;202200028367;763 397;B01;1;32;0;2;3;15;1;
43643;202200028368;763 398;A01;2;10;0;1;2;16;1;
43644;202200028369;763 394;A01;2;7;0;2;2;10;1;
43645;202200028369;763 395;B01;1;32;0;2;8;1;1;
43646;202200028370;763 392;A01;2;32;0;1;8;1;1;
43647;202200028371;763 393;Z01;1;7;0;0;1;26;1;
43648;202200028372;763 391;A01;2;7;0;1;1;1;1;
43649;202200028373;763 390;A01;1;7;0;1;7;1;1;
43650;202200028374;763 388;A01;3;7;0;2;1;0;1;
43651;202200028374;763 389;B01;1;7;0;2;8;0;1;
43652;202200028375;763 386;B01;2;32;0;2;3;1;1;
43653;202200028375;763 387;A01;1;34;0;2;4;15;1;
43654;202200028376;763 384;Z01;1;30;0;1;8;25;0;
43655;202200028377;763 383;B01;2;7;0;2;7;16;1;
43656;202200028377;763 385;A01;2;34;0;2;1;18;1;
43657;202200028378;763 382;A01;2;7;0;1;4;20;2;
43658;202200028379;763 378;C01;1;7;0;2;1;2;1;
43659;202200028379;763 380;B01;1;7;0;2;4;2;0;
43660;202200028379;763 381;A01;1;7;0;2;6;2;1;
43661;202200028380;763 377;B01;1;1;0;2;3;1;5;
43662;202200028380;763 379;A01;1;14;0;2;2;21;1;
43663;202200028381;763 375;A01;1;30;0;1;1;1;3;
43664;202200028382;763 374;B01;0;7;0;2;9;26;3;
43665;202200028382;763 376;A01;1;7;0;2;4;26;1;
43666;202200028383;763 373;A01;1;30;0;0;8;1;3;
43667;202200028384;763 371;B01;1;33;0;2;7;26;1;
43668;202200028384;763 372;A01;1;33;0;2;8;26;1;
43669;202200028385;763 369;B01;3;7;0;2;1;1;1;
43670;202200028385;763 370;A01;3;7;0;2;0;0;1;
43671;202200028386;763 366;B01;1;7;0;2;2;20;1;
43672;202200028386;763 367;A01;1;34;1;2;1;7;1;
43673;202200028387;763 365;A01;2;33;0;2;1;2;1;
43674;202200028387;763 368;B01;2;10;0;2;5;2;1;
43675;202200028388;763 363;B01;2;7;0;2;4;2;1;
43676;202200028388;763 364;Z01;1;10;0;2;1;2;1;
43677;202200028389;763 362;A01;1;10;0;1;1;1;1;
43678;202200028390;763 359;A01;2;15;0;2;1;2;1;
43679;202200028390;763 361;B01;2;7;0;0;0;0;1;
43680;202200028391;763 358;A01;2;7;0;2;2;14;1;
43681;202200028391;763 360;B01;2;1;0;2;6;1;5;
43682;202200028392;763 357;A01;0;34;14;0;2;1;1;
43683;202200028394;763 354;A01;1;37;0;1;2;19;1;1.0
43684;202200028395;763 353;B01;1;7;12;2;7;1;1;
43685;202200028395;763 355;A01;1;7;0;2;3;11;2;
43686;202200028396;763 352;A01;1;7;0;1;1;26;1;
43687;202200028397;763 349;A01;1;7;3;2;6;1;1;
43688;202200028397;763 350;B01;1;14;0;2;2;12;1;
43689;202200028398;763 348;B01;3;7;0;2;3;16;1;
43690;202200028398;763 351;A01;3;1;0;2;1;1;5;
43691;202200028399;763 346;A01;1;7;0;2;1;1;1;
43692;202200028399;763 347;B01;1;7;0;2;4;1;1;
43693;202200028400;763 345;A01;1;7;0;1;3;15;1;
43694;202200028401;763 343;A01;1;7;1;0;1;20;2;
43695;202200028402;763 342;B01;1;7;0;2;4;12;1;
43696;202200028402;763 344;A01;1;33;0;2;1;3;1;
43697;202200028403;763 340;B01;1;10;0;0;6;4;1;
43698;202200028403;763 341;A01;1;33;0;2;1;2;0;
43699;202200028404;763 339;A01;1;32;0;0;8;3;1;
43700;202200028406;763 335;A01;1;7;0;1;7;1;1;
43701;202200028407;763 334;B01;2;7;0;2;4;1;2;
43702;202200028407;763 336;A01;2;7;0;2;7;1;1;
43703;202200028408;763 330;B01;1;7;0;2;7;0;1;
43704;202200028408;763 332;A01;1;33;0;2;3;26;1;
43705;202200028409;763 329;A01;3;2;0;1;1;3;1;
43706;202200028410;763 326;A01;2;7;0;2;2;2;1;
43707;202200028410;763 327;B01;2;31;0;2;4;2;1;
43708;202200028411;763 325;B01;2;15;0;2;3;1;1;
43709;202200028411;763 328;A01;1;7;0;2;1;13;1;
43710;202200028412;763 323;A01;2;7;0;9;3;1;1;
43711;202200028412;763 324;B01;1;1;0;2;1;1;5;
43712;202200028413;763 321;B01;2;10;0;2;4;2;1;
43713;202200028413;763 322;A01;2;7;0;2;1;1;1;
43714;202200028414;763 320;A01;1;17;3;0;1;1;1;
43715;202200028415;763 318;A01;1;33;0;2;2;3;1;
43716;202200028415;763 319;B01;1;7;0;2;6;11;1;
43717;202200028416;763 315;A01;1;33;0;2;1;3;1;
43718;202200028416;763 316;B01;1;10;0;2;8;11;1;
43719;202200028417;763 308;E01;2;7;0;2;4;2;1;
43720;202200028417;763 309;A01;2;7;0;2;1;2;1;
43721;202200028417;763 311;B01;2;7;0;2;4;2;1;
43722;202200028417;763 312;C01;2;7;0;2;4;2;1;
43723;202200028417;763 313;D01;2;7;0;2;4;2;1;
43724;202200028417;763 314;F01;2;7;0;2;4;2;1;
43725;202200028418;763 306;A01;2;7;4;0;2;14;1;
43726;202200028419;763 301;A01;2;7;0;2;3;13;1;
43727;202200028419;763 303;B01;1;38;0;2;6;1;1;1.0
43728;202200028419;763 305;C01;1;13;0;2;1;1;1;
43729;202200028420;763 300;A01;1;7;0;2;0;1;1;
43730;202200028420;763 304;B01;1;7;4;2;9;2;1;
43731;202200028420;763 307;C01;1;7;4;2;9;2;1;
43732;202200028420;763 310;D01;1;7;3;9;9;2;2;
43733;202200028420;763 317;E01;1;17;0;2;1;21;1;
43734;202200028421;763 299;A01;2;7;0;2;2;12;1;
43735;202200028421;763 302;B01;2;33;0;2;3;3;1;
43736;202200028423;763 294;B01;3;7;3;2;7;15;1;
43737;202200028423;763 298;A01;1;7;0;2;3;1;1;
43738;202200028424;763 291;A01;1;10;0;2;1;1;1;
43739;202200028424;763 293;D01;1;7;0;0;4;2;1;
43740;202200028424;763 295;C01;1;7;0;2;1;2;1;
43741;202200028424;763 297;B01;1;7;0;2;0;2;1;
43742;202200028425;763 290;A01;0;7;0;0;3;22;1;
43743;202200028425;763 292;B01;0;1;0;2;0;0;5;
43744;202200028426;763 289;A01;2;7;15;0;1;14;1;
43745;202200028428;763 285;A01;1;2;1;2;1;2;1;
43746;202200028429;763 284;A01;2;7;8;2;7;1;1;
43747;202200028429;763 287;B01;1;7;0;2;1;1;1;
43748;202200028430;763 278;A01;1;7;0;0;4;1;1;
43749;202200028430;763 282;B01;1;7;0;2;1;2;0;
43750;202200028431;763 280;B01;2;7;4;2;8;1;1;
43751;202200028431;763 283;A01;2;7;4;2;7;14;1;
43752;202200028432;763 277;C01;2;7;0;2;4;1;1;
43753;202200028432;763 279;B01;2;33;0;2;4;23;1;
43754;202200028432;763 281;A01;2;10;0;2;1;1;1;
43755;202200028433;763 276;A01;1;7;10;0;1;1;1;
43756;202200028434;763 273;A01;1;7;1;0;1;14;1;
43757;202200028434;763 274;B01;1;17;0;0;6;24;1;
43758;202200028436;763 271;A01;3;7;6;0;1;0;2;
43759;202200028437;763 269;A01;1;3;0;2;1;13;1;
43760;202200028437;763 270;B01;1;7;0;2;1;1;1;
43761;202200028438;763 268;A01;1;7;0;2;1;1;0;
43762;202200028439;763 265;A01;1;2;1;2;1;1;1;
43763;202200028439;763 267;B01;1;17;0;0;4;23;1;
43764;202200028440;763 266;A01;3;32;0;0;1;1;1;
43765;202200028441;763 264;A01;1;7;8;0;8;1;1;
43766;202200028442;763 263;A01;3;7;0;1;0;1;0;
43767;202200028443;763 262;A01;3;7;2;0;3;1;1;
43768;202200028444;763 260;B01;2;32;0;2;1;1;1;
43769;202200028444;763 261;A01;1;7;0;0;2;15;1;
43770;202200028445;763 256;C01;1;7;2;0;7;1;1;
43771;202200028445;763 258;B01;2;7;0;0;6;2;1;
43772;202200028445;763 259;A01;2;7;0;2;3;2;1;
43773;202200028446;763 255;A01;1;7;0;2;3;19;1;
43774;202200028446;763 257;B01;1;33;0;2;1;1;1;
43775;202200028447;763 253;B01;3;7;0;2;1;1;1;
43776;202200028447;763 254;A01;3;7;0;2;1;1;1;
43777;202200028448;763 252;A01;1;40;0;1;7;1;3;
43778;202200028450;763 248;B01;1;2;0;2;8;11;1;
43779;202200028450;763 250;A01;1;7;0;2;2;1;1;
43780;202200028451;763 245;B01;1;7;0;2;1;1;1;
43781;202200028451;763 247;A01;2;7;0;2;1;13;1;
43782;202200028452;763 244;A01;2;7;0;2;3;9;1;
43783;202200028452;763 246;B01;1;33;0;2;7;1;1;
43784;202200028453;763 243;A01;3;7;6;0;1;15;1;
43785;202200028454;763 241;A01;2;30;0;2;2;1;1;
43786;202200028454;763 242;B01;2;7;0;2;6;15;1;
43787;202200028455;763 237;Z01;2;7;0;2;2;15;0;
43788;202200028455;763 239;A01;1;32;0;2;1;1;1;
43789;202200028456;763 238;B01;1;2;0;2;1;1;1;
43790;202200028456;763 240;A01;2;21;0;2;2;15;1;
43791;202200028457;763 234;B01;2;7;0;2;5;16;1;
43792;202200028457;763 236;A01;2;50;0;2;1;1;3;
43793;202200028458;763 235;A01;1;7;13;0;2;1;1;
43794;202200028459;763 231;B01;3;7;0;0;0;0;1;
43795;202200028459;763 233;A01;3;50;0;2;1;16;3;
43796;202200028460;763 230;B01;1;7;0;2;3;1;1;
43797;202200028460;763 232;A01;2;7;0;2;3;5;1;
43798;202200028461;763 229;A01;2;7;14;0;2;1;1;
43799;202200028462;763 227;B01;1;7;0;0;4;15;1;
43800;202200028462;763 228;A01;1;10;0;2;1;2;1;
43801;202200028465;763 221;B01;1;43;0;2;4;23;1;
43802;202200028465;763 222;A01;1;7;0;2;1;2;1;
43803;202200028466;763 220;A01;3;7;0;1;1;1;1;
43804;202200028467;763 218;B01;2;33;0;2;1;3;1;
43805;202200028467;763 219;A01;2;7;0;2;5;12;1;
43806;202200028468;763 217;A01;3;7;0;1;1;1;1;
43807;202200028470;763 215;A01;0;7;15;0;0;0;1;
43808;202200028471;763 213;A01;1;7;0;2;6;15;1;
43809;202200028471;763 214;B01;1;32;0;2;2;17;1;
43810;202200028472;763 212;A01;2;7;3;0;2;2;1;
43811;202200028473;763 209;A01;2;80;0;1;1;5;3;
43812;202200028474;763 205;A01;2;99;0;0;5;23;1;
43813;202200028474;763 207;B01;2;10;1;0;3;1;1;
43814;202200028474;763 208;C01;2;7;4;0;1;21;1;
43815;202200028474;763 210;D01;2;17;0;0;4;1;1;
43816;202200028474;763 211;E01;2;7;0;2;1;21;1;
43817;202200028476;763 201;A01;1;20;0;1;2;16;1;
43818;202200028477;763 200;A01;0;80;0;0;0;2;3;
43819;202200028478;763 198;A01;3;17;0;2;5;15;6;
43820;202200028478;763 199;B01;3;7;0;2;0;15;1;
43821;202200028479;763 196;A01;1;7;0;2;1;1;1;
43822;202200028479;763 197;B01;2;7;0;0;7;5;1;
43823;202200028480;763 195;A01;2;30;0;1;2;9;1;
43824;202200028481;763 194;A01;1;7;0;1;2;1;0;
43825;202200028482;763 192;A01;2;7;0;2;0;13;2;
43826;202200028482;763 193;B01;2;30;0;2;0;17;1;
43827;202200028483;763 187;A01;1;7;3;2;2;1;1;
43828;202200028483;763 189;B01;1;7;0;0;6;24;1;
43829;202200028483;763 191;C01;1;7;3;0;3;21;1;
43830;202200028484;763 188;B01;1;80;0;2;1;1;3;
43831;202200028484;763 190;A01;1;10;0;2;2;22;1;
43832;202200028485;763 183;B01;2;50;0;2;6;19;3;
43833;202200028485;763 185;A01;2;32;0;2;1;1;1;
43834;202200028486;763 184;A01;2;1;0;2;1;19;5;
43835;202200028486;763 186;B01;2;7;0;2;3;1;1;
43836;202200028487;763 181;A01;2;31;13;0;1;0;1;
43837;202200028488;763 180;A01;2;7;0;2;3;1;1;
43838;202200028488;763 182;B01;2;32;0;2;3;1;1;
43839;202200028489;763 179;A01;1;7;2;0;4;0;1;
43840;202200028490;763 177;Z01;0;10;0;2;7;16;0;
43841;202200028490;763 178;A01;1;30;0;2;3;16;1;
43842;202200028491;763 174;B01;1;1;0;2;0;19;5;
43843;202200028491;763 176;A01;1;7;0;2;0;1;1;
43844;202200028492;763 173;B01;2;7;0;2;3;13;2;
43845;202200028492;763 175;A01;1;7;0;2;3;1;1;
43846;202200028493;763 170;A01;1;3;0;1;1;19;3;
43847;202200028494;763 171;A01;1;33;0;2;0;1;1;
43848;202200028494;763 172;B01;3;7;0;2;0;23;1;
43849;202200028495;763 168;B01;2;7;0;2;6;9;1;
43850;202200028495;763 169;A01;2;33;0;2;7;9;1;
43851;202200028496;763 165;C01;1;1;0;2;7;1;5;
43852;202200028496;763 166;B01;1;1;0;2;2;1;5;
43853;202200028496;763 167;A01;1;7;0;2;3;9;1;
43854;202200028497;763 162;C01;2;7;0;2;4;23;2;
43855;202200028497;763 163;A01;2;7;1;0;1;2;1;
43856;202200028497;763 164;B01;2;7;0;2;4;23;1;
43857;202200028498;763 160;A01;3;7;0;2;1;5;1;
43858;202200028498;763 161;B01;3;7;0;2;1;5;1;
43859;202200028499;763 158;A01;2;7;0;2;1;2;1;
43860;202200028499;763 159;B01;2;7;0;2;4;2;1;
43861;202200028500;763 155;A01;3;7;0;2;8;9;1;
43862;202200028500;763 157;B01;3;7;0;2;1;1;1;
43863;202200028502;763 152;A01;2;15;0;1;3;1;1;
43864;202200028503;763 150;C01;2;10;1;0;4;23;1;
43865;202200028503;763 151;B01;2;7;1;0;5;23;1;
43866;202200028503;763 153;A01;2;7;1;0;1;1;1;
43867;202200028504;763 148;A01;1;7;0;1;3;1;1;
43868;202200028505;763 147;B01;1;10;0;2;1;1;0;
43869;202200028505;763 149;A01;1;10;0;2;4;1;2;
43870;202200028506;763 146;A01;1;7;0;1;1;1;1;
43871;202200028507;763 144;A01;2;10;0;2;4;2;1;
43872;202200028507;763 145;Z01;2;14;0;2;1;2;1;
43873;202200028509;763 136;Z01;0;33;0;0;0;0;0;
43874;202200028509;763 138;A01;3;1;0;2;0;0;5;
43875;202200028510;763 137;A01;1;7;0;2;1;1;1;
43876;202200028510;763 139;B01;1;7;0;2;4;1;1;
43877;202200028510;763 140;C01;1;7;0;2;4;1;1;
43878;202200028511;763 135;A01;3;10;0;1;2;7;1;
43879;202200028512;763 133;A01;2;10;0;2;3;11;1;
43880;202200028512;763 134;B01;2;7;0;2;2;1;1;
43881;202200028513;763 131;A01;3;7;0;2;4;11;1;
43882;202200028513;763 132;B01;3;7;0;2;1;1;1;
43883;202200028514;763 127;B01;2;7;0;2;2;17;1;
43884;202200028514;763 128;A01;2;7;0;2;3;11;1;
43885;202200028515;763 126;C01;1;17;0;2;4;1;1;
43886;202200028515;763 129;B01;1;13;0;2;1;1;1;
43887;202200028515;763 130;A01;1;10;0;2;1;1;1;
43888;202200028516;763 124;A01;3;7;0;2;6;2;1;
43889;202200028516;763 125;B01;3;99;0;2;2;2;0;
43890;202200028517;763 120;A01;3;10;0;0;8;2;0;
43891;202200028517;763 121;B01;3;10;0;0;0;0;0;
43892;202200028518;763 119;A01;1;7;0;2;4;1;1;
43893;202200028518;763 122;B01;1;10;0;2;4;2;1;
43894;202200028518;763 123;C01;1;7;0;2;1;11;1;
43895;202200028519;763 118;A01;1;7;0;1;1;1;1;
43896;202200028520;763 113;B01;1;50;0;2;7;1;3;
43897;202200028520;763 115;A01;1;7;0;2;1;1;1;
43898;202200028521;763 114;A01;1;33;0;2;7;3;1;
43899;202200028521;763 116;B01;1;14;0;2;6;23;1;
43900;202200028521;763 117;C01;1;10;0;2;7;23;1;
43901;202200028522;763 111;A01;1;10;0;1;2;1;1;
43902;202200028523;763 109;A01;1;10;0;2;4;2;1;
43903;202200028523;763 110;B01;1;10;0;2;4;2;1;
43904;202200028523;763 112;C01;1;10;0;2;4;1;1;
43905;202200028524;763 107;A01;1;7;0;2;1;2;1;
43906;202200028524;763 108;B01;1;7;0;2;4;2;1;
43907;202200028525;763 105;A01;3;7;2;0;3;1;1;
43908;202200028526;763 104;A01;1;10;0;2;2;14;1;
43909;202200028526;763 106;B01;1;7;0;2;6;1;1;
43910;202200028527;763 102;A01;2;7;0;0;6;1;1;
43911;202200028527;763 103;B01;2;2;0;2;1;1;1;
43912;202200028528;763 100;A01;1;99;3;2;0;26;1;
43913;202200028528;763 101;B01;1;10;0;2;1;1;1;
43914;202200028529;763 097;C01;1;7;0;2;9;1;1;
43915;202200028529;763 098;B01;2;7;0;2;9;1;1;
43916;202200028529;763 099;A01;2;7;0;2;1;1;1;
43917;202200028530;763 095;A01;2;7;0;2;1;14;1;
43918;202200028530;763 096;B01;2;7;0;2;8;1;1;
43919;202200028531;763 090;A01;1;7;0;2;3;13;1;
43920;202200028531;763 092;B01;2;7;0;2;1;1;1;
43921;202200028531;763 094;C01;1;43;0;2;1;1;1;
43922;202200028532;763 091;B01;1;7;0;2;4;1;0;
43923;202200028532;763 093;A01;1;33;0;2;1;1;1;
43924;202200028534;763 087;A01;2;14;0;2;1;1;1;
43925;202200028534;763 088;B01;2;15;0;2;4;2;1;
43926;202200028535;763 086;A01;1;7;9;0;2;0;1;
43927;202200028536;763 083;A01;2;7;0;2;3;2;1;
43928;202200028536;763 084;B01;2;34;0;2;2;2;1;
43929;202200028537;763 082;A01;2;33;0;2;2;3;1;
43930;202200028537;763 085;B01;2;7;0;2;3;1;1;
43931;202200028539;763 076;B01;3;7;0;2;1;1;1;
43932;202200028539;763 078;A01;3;7;0;2;1;15;0;
43933;202200028540;763 075;A01;2;7;0;2;4;1;1;
43934;202200028540;763 077;B01;2;10;0;2;1;1;1;
43935;202200028542;763 072;B01;1;1;0;2;4;1;5;
43936;202200028542;763 074;A01;1;7;0;2;1;9;1;
43937;202200028543;763 068;B01;3;50;0;2;8;1;3;
43938;202200028543;763 069;A01;3;7;0;2;2;15;1;
43939;202200028544;763 065;B01;1;7;0;2;2;13;1;
43940;202200028544;763 066;A01;1;31;0;2;0;13;1;
43941;202200028545;763 063;A01;0;7;0;1;0;0;-1;
43942;202200028545;763 064;B01;0;99;0;2;0;0;5;
43943;202200028546;763 062;A01;1;3;16;0;9;0;1;
43944;202200028547;763 061;A01;0;7;0;1;2;16;1;
43945;202200028548;763 060;A01;2;36;0;0;0;1;1;
43946;202200028549;763 058;Z01;1;7;0;1;0;1;0;
43947;202200028550;763 057;B01;3;10;0;0;8;15;1;
43948;202200028550;763 059;A01;3;2;0;2;1;1;1;
43949;202200028552;763 055;A01;3;7;0;1;3;15;1;
43950;202200028553;763 054;A01;1;7;0;0;0;1;1;
43951;202200028554;763 053;A01;2;33;2;0;0;1;1;
43952;202200028555;763 051;A01;1;10;0;2;4;1;1;
43953;202200028555;763 052;B01;1;7;0;2;1;2;1;
43954;202200028556;763 050;A01;2;33;13;0;0;1;1;
43955;202200028557;763 048;A01;1;7;0;2;3;1;1;
43956;202200028557;763 049;B01;1;33;0;2;1;1;1;
43957;202200028558;763 047;A01;1;7;0;2;1;15;1;
43958;202200028559;763 046;A01;1;7;13;0;1;1;1;
43959;202200028560;763 044;B01;1;1;0;2;8;19;5;
43960;202200028560;763 045;A01;1;7;0;2;6;1;1;
43961;202200028561;763 041;A01;1;7;0;2;3;13;1;
43962;202200028561;763 042;B01;2;15;0;2;6;1;1;
43963;202200028561;763 043;C01;2;7;0;2;1;1;1;
43964;202200028563;763 037;B01;1;7;0;2;1;1;1;
43965;202200028563;763 038;A01;2;7;0;2;1;5;1;
43966;202200028564;763 035;A01;1;7;0;2;1;16;1;
43967;202200028564;763 036;B01;1;7;0;2;1;1;1;
43968;202200028565;763 033;B01;3;2;0;2;1;1;1;
43969;202200028565;763 034;A01;3;7;0;2;3;1;1;
43970;202200028566;763 032;A01;3;7;0;1;1;15;1;
43971;202200028567;763 030;B01;2;7;0;2;3;1;1;
43972;202200028567;763 031;A01;1;7;0;2;3;1;1;
43973;202200028568;763 027;A01;2;7;0;0;9;13;1;
43974;202200028569;763 028;A01;2;7;0;2;1;13;1;
43975;202200028569;763 029;B01;2;7;0;2;8;15;1;
43976;202200028570;763 024;A01;3;7;0;2;7;17;1;
43977;202200028570;763 026;B01;3;32;0;2;1;1;1;
43978;202200028572;763 019;A01;1;7;15;2;3;1;1;
43979;202200028572;763 021;B01;2;33;0;2;3;1;1;
43980;202200028573;763 017;A01;2;7;0;2;3;1;1;
43981;202200028573;763 018;B01;2;7;0;2;5;23;1;
43982;202200028573;763 020;C01;2;7;0;2;4;23;6;
43983;202200028573;763 022;D01;2;7;0;2;0;23;1;
43984;202200028574;763 016;A01;1;33;0;0;0;1;1;
43985;202200028575;763 015;A01;1;7;0;1;1;17;1;
43986;202200028576;763 014;A01;1;7;2;0;2;1;1;
43987;202200028577;763 013;A01;1;1;0;0;0;2;5;
43988;202200028578;763 012;A01;0;7;0;0;1;1;1;
43989;202200028579;763 011;A01;1;7;6;0;3;1;1;
43990;202200028580;763 009;A01;3;7;0;2;2;9;1;
43991;202200028580;763 010;B01;3;50;0;2;1;5;3;
43992;202200028581;763 007;B01;2;2;0;2;1;1;1;
43993;202200028581;763 008;A01;2;7;0;2;5;15;1;
43994;202200028582;763 005;B01;1;80;0;0;2;1;3;
43995;202200028582;763 006;A01;1;7;0;2;1;1;1;
43996;202200028583;763 003;A01;3;1;0;0;0;1;5;
43997;202200028584;763 002;B01;1;7;0;2;8;1;1;
43998;202200028584;763 004;A01;1;7;0;2;1;1;1;
43999;202200028585;763 000;A01;1;7;2;0;5;1;1;
44000;202200028586;762 999;A01;2;31;0;2;0;17;1;
44001;202200028586;763 001;B01;1;7;0;2;6;15;1;
44002;202200028587;762 998;A01;2;36;15;0;1;1;1;
44003;202200028588;762 997;A01;1;7;5;0;2;1;1;
44004;202200028589;762 995;A01;2;31;0;2;1;13;1;
44005;202200028589;762 996;B01;1;14;0;2;1;1;1;
44006;202200028590;762 992;B01;2;1;0;2;4;0;5;
44007;202200028590;762 993;A01;2;1;0;2;1;0;5;
44008;202200028591;762 991;A01;3;7;0;2;2;15;1;
44009;202200028591;762 994;B01;3;33;0;2;0;1;1;
44010;202200028592;762 989;B01;1;1;0;2;4;1;5;
44011;202200028592;762 990;A01;2;7;0;2;2;2;1;
44012;202200028594;762 985;B01;1;33;0;2;3;1;1;
44013;202200028594;762 986;A01;2;33;0;2;1;13;1;
44014;202200028595;762 982;A01;2;7;13;0;1;19;1;
44015;202200028596;762 980;A01;2;17;0;2;1;1;1;
44016;202200028596;762 981;B01;2;7;0;2;9;1;1;
44017;202200028596;762 983;C01;2;20;0;2;4;1;1;
44018;202200028596;762 984;D01;2;10;0;2;4;1;1;
44019;202200028597;762 978;A01;2;7;0;2;7;17;1;
44020;202200028597;762 979;B01;1;10;0;2;1;1;1;
44021;202200028598;762 976;B01;1;2;0;2;1;0;1;