;Num_Acc;id_vehicule;num_veh;senc;catv;obs;obsm;choc;manv;motor;occutc
44022;202200028598;762 977;A01;1;7;0;2;2;0;1;
44023;202200028599;762 973;C01;1;7;0;2;1;1;1;
44024;202200028599;762 974;B01;1;7;0;2;8;1;1;
44025;202200028599;762 975;A01;1;2;0;2;1;5;1;
44026;202200028600;762 971;A01;2;2;0;0;8;1;1;
44027;202200028601;762 970;B01;1;7;9;2;2;1;1;
44028;202200028601;762 972;A01;2;7;0;2;3;9;1;
44029;202200028602;762 969;A01;3;7;6;0;2;1;1;
44030;202200028603;762 967;A01;3;7;0;9;3;16;0;
44031;202200028604;762 966;B01;1;17;0;2;1;13;1;
44032;202200028604;762 968;A01;2;10;0;2;1;13;1;
44033;202200028605;762 965;A01;2;7;16;0;3;13;1;
44034;202200028606;762 962;A01;1;7;0;2;3;13;1;
44035;202200028606;762 963;B01;2;7;0;2;2;1;1;
44036;202200028607;762 961;A01;2;7;0;2;3;15;1;
44037;202200028607;762 964;B01;1;10;0;2;3;0;1;
44038;202200028608;762 960;A01;1;33;0;6;1;1;1;
44039;202200028609;762 956;A01;1;7;0;2;1;19;1;
44040;202200028609;762 959;B01;1;7;0;2;1;1;1;
44041;202200028610;762 955;A01;3;7;0;9;1;1;1;
44042;202200028610;762 957;B01;3;10;0;9;1;1;1;
44043;202200028610;762 958;C01;3;7;0;9;4;1;1;
44044;202200028611;762 953;B01;2;7;0;2;1;11;2;
44045;202200028611;762 954;A01;1;32;0;2;1;1;1;
44046;202200028612;762 952;A01;3;7;16;0;0;0;1;
44047;202200028613;762 951;A01;1;7;13;0;1;1;1;
44048;202200028615;762 949;A01;2;33;3;0;1;14;1;
44049;202200028616;762 946;A01;2;7;0;2;3;9;1;
44050;202200028616;762 948;B01;1;1;0;2;1;1;5;
44051;202200028617;762 943;A01;1;7;0;2;1;2;1;
44052;202200028617;762 945;B01;1;7;0;2;4;2;1;
44053;202200028617;762 947;C01;1;7;0;2;4;2;2;
44054;202200028618;762 942;B01;2;33;0;2;2;2;1;
44055;202200028618;762 944;A01;1;7;0;2;3;9;1;
44056;202200028619;762 939;B01;0;80;0;2;1;2;3;
44057;202200028619;762 941;A01;0;33;0;2;5;23;1;
44058;202200028620;762 940;Z01;3;7;0;1;1;1;1;
44059;202200028621;762 938;A01;2;7;13;0;3;1;1;
44060;202200028622;762 937;A01;1;7;0;1;2;26;0;
44061;202200028623;762 936;A01;1;7;8;0;8;1;1;
44062;202200028624;762 935;A01;1;7;0;1;1;1;1;
44063;202200028625;762 933;A01;2;7;0;0;1;1;1;
44064;202200028625;762 934;B01;2;30;0;0;7;9;1;
44065;202200028626;762 929;C01;2;7;0;2;3;1;1;
44066;202200028626;762 930;B01;2;7;0;2;1;1;1;
44067;202200028626;762 932;A01;1;7;0;2;1;13;1;
44068;202200028627;762 926;C01;1;7;0;2;6;23;1;
44069;202200028627;762 928;A01;1;7;0;2;2;15;1;
44070;202200028627;762 931;B01;2;7;0;2;1;1;1;
44071;202200028628;762 925;A01;2;2;0;2;7;1;1;
44072;202200028628;762 927;B01;3;7;0;2;1;15;1;
44073;202200028629;762 923;B01;1;7;0;0;0;0;0;
44074;202200028630;762 924;A01;1;7;6;0;1;26;1;
44075;202200028631;762 921;A01;1;7;9;1;2;25;1;
44076;202200028633;762 919;A01;1;7;1;0;1;1;1;
44077;202200028634;762 915;B01;1;7;0;2;4;23;1;
44078;202200028634;762 917;A01;1;1;0;2;1;1;5;
44079;202200028635;762 914;A01;1;10;0;2;3;1;1;
44080;202200028635;762 916;B01;2;17;0;0;3;1;1;
44081;202200028636;762 913;A01;1;7;1;0;2;14;1;
44082;202200028637;762 911;B01;2;1;0;2;1;1;5;
44083;202200028637;762 912;A01;1;7;0;9;1;11;1;
44084;202200028638;762 908;B01;1;80;0;2;6;1;3;
44085;202200028638;762 910;A01;1;7;0;2;1;9;1;
44086;202200028639;762 907;B01;1;21;0;2;3;2;1;
44087;202200028639;762 909;A01;1;7;0;2;2;2;1;
44088;202200028640;762 904;A01;1;33;0;2;2;1;1;
44089;202200028640;762 906;B01;2;7;0;2;1;19;1;
44090;202200028641;762 905;A01;2;7;0;1;2;1;1;
44091;202200028642;762 903;A01;3;2;0;0;0;0;1;
44092;202200028643;762 902;A01;1;7;0;1;1;15;1;
44093;202200028644;762 900;B01;1;33;0;2;7;1;1;
44094;202200028644;762 901;A01;0;7;0;2;1;10;1;
44095;202200028645;762 898;A01;2;7;13;0;9;1;1;
44096;202200028646;762 897;P01;3;50;0;2;3;19;3;
44097;202200028646;762 899;A01;3;7;0;2;2;16;1;
44098;202200028647;762 894;B01;0;10;0;0;4;2;1;
44099;202200028647;762 896;A01;0;33;0;2;1;2;1;
44100;202200028648;762 893;B01;1;7;0;0;1;1;1;
44101;202200028648;762 895;A01;1;7;0;2;7;16;1;
44102;202200028649;762 892;A01;2;10;0;1;2;1;1;
44103;202200028650;762 891;A01;2;7;0;1;3;15;1;
44104;202200028651;762 887;B01;3;33;0;2;2;1;1;
44105;202200028651;762 889;A01;3;7;0;2;2;0;1;
44106;202200028652;762 886;C01;1;7;0;0;4;2;1;
44107;202200028652;762 888;A01;1;7;0;2;1;2;1;
44108;202200028652;762 890;B01;1;2;0;2;4;2;1;
44109;202200028653;762 885;A01;2;1;0;0;1;21;5;
44110;202200028654;762 884;A01;0;7;0;1;1;15;1;
44111;202200028655;762 882;Z01;2;7;0;1;0;0;0;
44112;202200028656;762 881;Z01;2;7;0;2;0;0;1;
44113;202200028656;762 883;A01;2;32;0;2;8;0;1;
44114;202200028657;762 880;A01;1;10;13;0;0;0;1;
44115;202200028658;762 878;B01;1;7;0;2;1;1;1;
44116;202200028658;762 879;A01;1;7;0;0;4;1;1;
44117;202200028659;762 876;B01;1;7;0;2;4;23;1;
44118;202200028659;762 877;A01;1;10;0;2;1;1;1;
44119;202200028660;762 873;A01;0;7;0;1;1;26;1;
44120;202200028661;762 872;C01;2;7;0;2;8;1;1;
44121;202200028661;762 874;B01;2;7;0;0;1;2;1;
44122;202200028661;762 875;A01;2;7;0;2;6;12;1;
44123;202200028662;762 870;A01;0;7;13;0;1;1;1;
44124;202200028663;762 868;C01;2;7;0;2;1;2;1;
44125;202200028663;762 869;B01;2;7;0;2;4;23;1;
44126;202200028663;762 871;A01;2;7;0;2;7;1;1;
44127;202200028664;762 867;A01;2;7;4;0;1;16;1;
44128;202200028665;762 866;A01;2;14;3;0;0;1;1;
44129;202200028666;762 864;A01;1;7;0;2;1;1;1;
44130;202200028666;762 865;B01;1;10;0;2;4;1;1;
44131;202200028667;762 863;A01;2;7;3;2;0;0;1;
44132;202200028668;762 861;B01;1;7;0;2;0;23;1;
44133;202200028668;762 862;A01;1;15;0;2;0;1;1;
44134;202200028669;762 860;A01;1;7;3;0;2;1;1;
44135;202200028670;762 858;A01;3;7;0;2;2;15;1;
44136;202200028670;762 859;B01;3;1;0;2;1;1;5;
44137;202200028671;762 856;B01;2;7;0;2;4;2;1;
44138;202200028671;762 857;A01;2;15;0;2;1;2;1;
44139;202200028672;762 853;A01;1;10;0;2;1;2;1;
44140;202200028672;762 854;B01;1;7;0;2;5;1;1;
44141;202200028673;762 852;B01;0;7;0;2;1;9;1;
44142;202200028673;762 855;A01;2;60;0;2;2;1;5;
44143;202200028674;762 849;A01;1;7;0;2;1;2;1;
44144;202200028674;762 851;B01;1;7;0;2;4;2;1;
44145;202200028675;762 846;A01;2;13;0;2;0;2;1;
44146;202200028675;762 847;B01;2;7;0;2;0;1;1;
44147;202200028675;762 848;C01;2;7;0;2;0;0;1;
44148;202200028675;762 850;D01;2;7;0;2;7;2;1;
44149;202200028677;762 844;A01;1;10;0;1;3;17;1;
44150;202200028678;762 841;A01;0;7;0;1;1;1;1;
44151;202200028679;762 840;C01;1;7;0;2;4;1;1;
44152;202200028679;762 842;B01;1;33;0;2;7;1;1;
44153;202200028679;762 843;A01;1;7;0;2;3;11;1;
44154;202200028680;762 838;A01;2;7;3;0;1;1;2;
44155;202200028681;762 837;B01;0;7;0;2;0;1;1;
44156;202200028681;762 839;A01;0;7;0;2;8;10;1;
44157;202200028684;762 833;A01;1;7;8;0;2;15;1;
44158;202200028685;762 832;A01;1;31;0;0;0;21;1;
44159;202200028686;762 831;A01;3;7;0;1;1;1;1;
44160;202200028687;762 829;B01;2;7;0;2;6;2;1;
44161;202200028687;762 830;A01;2;2;0;2;1;2;1;
44162;202200028688;762 825;A01;1;7;0;2;1;2;1;
44163;202200028688;762 827;B01;1;7;0;2;4;2;1;
44164;202200028688;762 828;C01;1;7;0;2;4;2;1;
44165;202200028690;762 823;B01;2;33;0;2;1;1;1;
44166;202200028690;762 824;A01;1;7;0;2;2;15;2;
44167;202200028691;762 822;A01;2;7;0;1;7;1;1;
44168;202200028693;762 818;A01;1;7;0;2;1;2;1;
44169;202200028693;762 820;B01;1;7;0;2;4;2;1;
44170;202200028694;762 816;B01;3;7;0;2;1;1;1;
44171;202200028694;762 817;A01;3;7;0;2;4;23;1;
44172;202200028695;762 815;A01;1;7;6;0;1;1;1;
44173;202200028696;762 813;A01;2;7;0;2;1;2;1;
44174;202200028696;762 814;B01;2;7;0;2;6;2;1;
44175;202200028697;762 810;B01;1;7;0;2;2;1;1;
44176;202200028697;762 811;A01;1;1;0;2;1;13;5;
44177;202200028698;762 809;A01;2;31;0;2;1;0;1;
44178;202200028698;762 812;B01;2;7;5;0;6;13;1;
44179;202200028699;762 808;A01;2;7;0;1;3;15;1;
44180;202200028700;762 807;A01;2;7;0;1;2;1;1;
44181;202200028701;762 804;B01;2;30;0;0;0;21;1;
44182;202200028701;762 806;A01;1;43;0;0;0;16;1;
44183;202200028702;762 803;A01;3;7;0;2;7;1;1;
44184;202200028702;762 805;B01;3;13;0;2;1;1;1;
44185;202200028703;762 800;B01;1;50;0;2;3;1;3;
44186;202200028703;762 802;A01;1;10;0;2;2;16;1;
44187;202200028706;762 795;A01;1;30;0;1;7;1;1;
44188;202200028707;762 796;A01;0;7;0;2;3;15;1;
44189;202200028707;762 797;B01;0;60;0;2;8;1;5;
44190;202200028708;762 794;A01;2;7;0;1;7;1;0;
44191;202200028709;762 793;A01;2;50;0;1;1;19;3;
44192;202200028710;762 789;A01;1;30;0;2;3;13;3;
44193;202200028710;762 790;B01;2;7;0;2;3;1;1;
44194;202200028711;762 791;A01;3;10;0;2;2;15;3;
44195;202200028711;762 792;B01;3;1;0;2;3;1;5;
44196;202200028712;762 786;A01;1;34;0;2;1;21;1;
44197;202200028712;762 788;B01;0;7;0;2;3;15;1;
44198;202200028713;762 787;A01;2;50;0;1;1;13;3;
44199;202200028715;762 783;A01;1;7;0;2;1;16;1;
44200;202200028715;762 785;B01;2;7;0;2;3;1;0;
44201;202200028716;762 780;A01;1;37;0;1;7;7;1;1.0
44202;202200028717;762 779;B01;1;7;0;2;6;0;1;
44203;202200028717;762 781;A01;1;7;0;2;2;21;1;
44204;202200028718;762 778;A01;3;7;0;2;1;26;3;
44205;202200028719;762 777;A01;1;7;0;1;1;1;1;
44206;202200028720;762 774;B01;2;7;0;2;0;15;1;
44207;202200028720;762 776;A01;1;33;8;2;1;9;1;
44208;202200028721;762 773;A01;2;10;0;2;3;15;1;
44209;202200028721;762 775;B01;2;7;0;2;2;7;1;
44210;202200028722;762 772;A01;1;7;0;1;1;1;1;
44211;202200028723;762 770;B01;2;7;0;2;1;1;1;
44212;202200028723;762 771;A01;2;7;0;2;7;1;2;
44213;202200028724;762 767;B01;0;33;0;0;1;1;1;
44214;202200028724;762 768;A01;2;7;0;0;2;10;1;
44215;202200028725;762 766;A01;1;33;0;2;4;26;1;
44216;202200028725;762 769;B01;1;7;0;9;4;1;1;
44217;202200028726;762 764;B01;1;7;0;2;3;15;1;
44218;202200028726;762 765;A01;2;80;0;2;1;1;3;
44219;202200028727;762 761;B01;2;7;0;2;1;1;1;
44220;202200028727;762 762;A01;1;30;0;2;1;1;1;
44221;202200028728;762 759;A01;1;37;1;0;2;14;1;5.0
44222;202200028729;762 758;A01;1;7;0;2;2;19;1;
44223;202200028729;762 760;B01;1;33;0;2;3;21;1;
44224;202200028730;762 756;A01;1;7;0;1;1;1;6;
44225;202200028731;762 753;A01;3;7;0;2;1;15;1;
44226;202200028731;762 755;B01;3;7;0;2;3;1;1;
44227;202200028732;762 752;A01;0;30;0;2;8;15;0;
44228;202200028732;762 754;B01;1;7;0;2;2;1;0;
44229;202200028733;762 751;A01;1;7;3;0;2;1;3;
44230;202200028734;762 750;A01;2;7;0;1;1;1;1;
44231;202200028735;762 748;A01;0;10;0;2;1;9;1;
44232;202200028735;762 749;B01;0;7;0;2;3;1;1;
44233;202200028736;762 746;A01;1;7;0;2;2;2;1;
44234;202200028736;762 747;B01;1;32;0;2;4;23;1;
44235;202200028737;762 743;B01;2;43;0;2;2;3;1;
44236;202200028737;762 745;A01;1;7;0;2;3;19;1;
44237;202200028738;762 742;B01;1;7;0;2;4;2;2;
44238;202200028738;762 744;A01;1;7;0;2;1;2;1;
44239;202200028739;762 738;C01;2;10;0;2;4;0;1;
44240;202200028739;762 740;B01;2;7;0;2;1;1;1;
44241;202200028739;762 741;A01;2;14;0;2;1;1;1;
44242;202200028740;762 737;A01;1;7;0;2;1;26;1;
44243;202200028740;762 739;B01;2;7;0;2;4;15;1;
44244;202200028741;762 732;A01;1;7;0;2;1;1;1;
44245;202200028741;762 734;B01;1;7;0;2;8;0;1;
44246;202200028742;762 733;A01;1;7;0;2;4;1;1;
44247;202200028742;762 735;B01;1;7;0;2;1;1;1;
44248;202200028742;762 736;C01;1;7;0;2;1;1;1;
44249;202200028743;762 730;B01;2;7;0;2;1;0;1;
44250;202200028743;762 731;A01;1;7;0;2;1;0;1;
44251;202200028744;762 728;A01;3;7;0;2;2;26;1;
44252;202200028744;762 729;B01;1;30;0;2;1;1;0;
44253;202200028745;762 727;A01;2;32;0;0;8;15;1;
44254;202200028746;762 726;A01;1;7;0;1;3;1;1;
44255;202200028747;762 722;A01;1;50;0;2;7;1;3;
44256;202200028747;762 723;B01;1;7;0;2;1;26;1;
44257;202200028748;762 721;A01;1;30;0;0;7;26;1;
44258;202200028749;762 719;B01;0;1;0;2;1;26;5;
44259;202200028749;762 720;A01;0;7;0;2;3;9;1;
44260;202200028750;762 716;A01;1;7;0;1;3;1;1;
44261;202200028752;762 711;A01;1;7;0;2;1;19;1;
44262;202200028752;762 712;B01;1;7;0;2;3;1;1;
44263;202200028753;762 709;A01;3;7;0;2;2;14;1;
44264;202200028753;762 710;B01;3;7;0;2;3;2;1;
44265;202200028754;762 708;A01;2;7;0;1;1;1;1;
44266;202200028755;762 706;B01;3;10;0;2;1;9;1;
44267;202200028755;762 707;A01;3;7;0;2;1;1;1;
44268;202200028756;762 705;A01;3;7;0;1;0;2;1;
44269;202200028757;762 703;B01;1;7;0;0;8;1;1;
44270;202200028757;762 704;A01;2;33;1;2;8;21;1;
44271;202200028758;762 702;A01;3;7;0;1;2;1;2;
44272;202200028759;762 697;A01;1;7;0;1;1;26;1;
44273;202200028760;762 696;A01;3;30;0;1;1;26;0;
44274;202200028761;762 694;B01;2;7;0;2;2;1;1;
44275;202200028761;762 695;C01;2;7;0;2;3;9;1;
44276;202200028762;762 692;A01;1;10;0;2;8;16;1;
44277;202200028762;762 693;B01;1;60;0;2;1;1;5;
44278;202200028763;762 690;A01;1;33;0;2;1;17;0;
44279;202200028763;762 691;B01;1;7;0;2;3;15;0;
44280;202200028764;762 689;A01;3;7;0;1;2;20;1;
44281;202200028766;762 686;A01;2;7;15;0;0;1;1;
44282;202200028767;762 685;A01;1;7;7;0;3;15;1;
44283;202200028768;762 683;B01;2;1;0;2;3;1;5;
44284;202200028768;762 684;A01;3;7;0;2;1;1;1;
44285;202200028769;762 682;Z01;1;7;0;1;5;1;1;
44286;202200028770;762 680;A01;2;32;0;2;7;17;1;
44287;202200028770;762 681;B01;2;10;0;2;3;13;1;
44288;202200028771;762 678;A01;2;31;0;2;1;2;1;
44289;202200028771;762 679;B01;2;7;0;2;4;2;2;
44290;202200028772;762 677;A01;1;2;0;1;1;1;1;
44291;202200028773;762 675;A01;1;7;0;2;5;16;1;
44292;202200028773;762 676;B01;1;1;0;2;1;1;5;
44293;202200028774;762 673;B01;2;7;0;2;3;16;2;
44294;202200028774;762 674;A01;2;30;0;2;2;17;1;
44295;202200028775;762 671;B01;2;30;0;2;1;1;1;
44296;202200028775;762 672;A01;1;1;0;2;1;5;5;
44297;202200028776;762 669;A01;2;30;0;2;2;1;1;
44298;202200028776;762 670;B01;2;1;0;2;3;15;5;
44299;202200028777;762 668;A01;1;7;11;0;1;18;1;
44300;202200028778;762 666;A01;1;34;0;2;1;1;1;
44301;202200028778;762 667;B01;2;7;0;2;2;15;2;
44302;202200028779;762 664;B01;1;7;0;2;7;1;1;
44303;202200028779;762 665;A01;2;30;0;2;1;5;1;
44304;202200028780;762 662;B01;2;1;0;0;4;14;5;
44305;202200028780;762 663;A01;2;33;0;2;1;1;1;
44306;202200028781;762 660;A01;2;17;0;2;1;13;0;
44307;202200028781;762 661;B01;1;7;0;2;1;1;1;
44308;202200028782;762 658;B01;2;7;0;0;8;23;1;
44309;202200028782;762 659;A01;2;2;0;2;2;3;1;
44310;202200028783;762 657;A01;2;7;1;0;9;1;1;
44311;202200028784;762 655;A01;1;10;8;2;2;15;1;
44312;202200028784;762 656;B01;3;7;8;2;7;1;1;
44313;202200028785;762 653;B01;1;7;0;1;4;1;1;
44314;202200028785;762 654;A01;1;7;0;2;1;2;1;
44315;202200028786;762 652;A01;1;30;5;0;0;17;6;
44316;202200028787;762 650;A01;2;3;0;2;1;16;1;
44317;202200028787;762 651;B01;-1;50;0;2;0;19;3;
44318;202200028788;762 649;A01;1;32;0;1;3;1;1;
44319;202200028789;762 648;A01;2;30;11;0;0;14;1;
44320;202200028790;762 645;A01;3;7;0;2;1;1;1;
44321;202200028790;762 646;B01;3;7;0;2;4;23;1;
44322;202200028790;762 647;C01;3;33;0;2;4;23;1;
44323;202200028791;762 643;B01;1;2;0;2;1;2;1;
44324;202200028791;762 644;A01;1;7;0;2;3;20;1;
44325;202200028792;762 642;A01;2;7;4;0;1;1;1;
44326;202200028793;762 640;B01;2;2;0;2;1;1;1;
44327;202200028793;762 641;A01;1;7;0;2;2;15;1;
44328;202200028794;762 637;C01;3;7;0;2;9;1;1;
44329;202200028794;762 638;B01;3;7;0;2;2;1;1;
44330;202200028794;762 639;A01;3;33;0;2;0;17;1;
44331;202200028795;762 635;A01;2;1;0;9;1;1;5;
44332;202200028795;762 636;B01;2;1;0;9;4;1;5;
44333;202200028796;762 633;A01;-1;7;0;2;1;19;1;
44334;202200028796;762 634;B01;-1;7;0;2;5;1;1;
44335;202200028797;762 632;A01;2;2;2;0;1;1;1;
44336;202200028798;762 631;A01;2;2;12;0;1;17;1;
44337;202200028799;762 629;A01;3;2;12;0;0;17;1;
44338;202200028799;762 630;B01;3;7;0;0;0;13;1;
44339;202200028800;762 628;A01;1;36;0;0;7;9;1;
44340;202200028801;762 627;A01;2;7;0;0;9;1;1;
44341;202200028802;762 624;B01;2;33;0;2;1;1;1;
44342;202200028802;762 625;A01;1;7;0;2;7;15;1;
44343;202200028803;762 623;A01;2;33;14;0;1;17;1;
44344;202200028804;762 621;B01;1;7;0;2;2;1;1;
44345;202200028804;762 622;A01;2;2;0;2;1;15;1;
44346;202200028805;762 620;A01;1;7;13;0;1;1;1;
44347;202200028806;762 619;A01;3;7;17;0;1;0;1;
44348;202200028807;762 618;A01;1;7;6;0;3;13;1;
44349;202200028808;762 616;A01;3;7;0;2;1;1;1;
44350;202200028808;762 617;B01;2;2;0;2;7;1;1;
44351;202200028809;762 615;A01;3;7;8;0;1;1;1;
44352;202200028810;762 612;C01;2;7;0;2;8;1;1;
44353;202200028810;762 613;B01;1;7;0;2;1;1;1;
44354;202200028810;762 614;A01;2;7;0;2;0;17;1;
44355;202200028811;762 611;A01;2;7;16;0;9;1;1;
44356;202200028812;762 609;B01;2;2;0;2;1;1;1;
44357;202200028812;762 610;A01;1;7;0;2;7;15;1;
44358;202200028813;762 608;A01;1;7;8;0;8;1;1;
44359;202200028814;762 607;A01;2;7;7;9;0;13;1;
44360;202200028815;762 606;A01;0;33;0;0;0;0;1;
44361;202200028816;762 605;A01;1;33;13;0;3;2;1;
44362;202200028817;762 604;A01;1;33;13;0;2;1;1;
44363;202200028818;762 603;A01;2;7;2;0;1;1;1;
44364;202200028819;762 601;A01;2;7;0;2;2;17;1;
44365;202200028819;762 602;B01;1;7;0;2;2;1;1;
44366;202200028821;762 595;C01;1;17;0;0;8;9;1;
44367;202200028821;762 596;B01;1;7;0;2;6;11;1;
44368;202200028821;762 597;A01;1;7;0;2;2;17;1;
44369;202200028822;762 593;B01;1;7;0;2;1;1;1;
44370;202200028822;762 594;A01;2;7;0;2;8;15;1;
44371;202200028824;762 587;D01;2;33;0;2;1;1;1;
44372;202200028824;762 588;C01;2;33;0;2;3;1;1;
44373;202200028824;762 589;B01;2;33;0;2;7;1;1;
44374;202200028824;762 590;A01;1;33;0;2;1;17;1;
44375;202200028825;762 585;A01;3;10;0;0;3;15;1;
44376;202200028825;762 586;B01;3;1;0;0;1;16;5;
44377;202200028826;762 584;A01;1;7;0;0;2;1;1;
44378;202200028827;762 582;A01;1;33;0;2;7;17;1;
44379;202200028827;762 583;B01;1;10;0;2;3;15;1;
44380;202200028828;762 580;A01;1;7;0;2;2;16;1;
44381;202200028828;762 581;B01;2;2;0;2;1;25;1;
44382;202200028829;762 579;A01;1;7;2;0;2;13;1;
44383;202200028830;762 577;A01;1;32;0;2;0;1;1;
44384;202200028830;762 578;B01;2;7;0;2;1;1;1;
44385;202200028831;762 575;B01;3;7;0;2;3;1;1;
44386;202200028831;762 576;A01;3;7;0;2;1;1;1;
44387;202200028833;762 571;A01;1;7;0;2;3;15;1;
44388;202200028833;762 572;B01;2;33;0;2;2;17;1;
44389;202200028834;762 569;A01;3;14;0;9;1;19;1;
44390;202200028834;762 570;B01;2;1;0;2;7;1;5;
44391;202200028835;762 568;A01;3;7;0;1;4;20;1;
44392;202200028836;762 565;A01;2;33;0;2;2;17;1;
44393;202200028836;762 566;C01;1;7;0;2;8;1;1;
44394;202200028836;762 567;B01;3;7;0;2;3;15;1;
44395;202200028837;762 564;A01;3;7;0;1;1;1;1;
44396;202200028838;762 560;A01;1;7;0;2;1;5;1;
44397;202200028838;762 561;B01;1;99;0;2;8;21;1;
44398;202200028838;762 562;C01;1;10;0;2;1;1;1;
44399;202200028838;762 563;D01;1;7;0;9;1;1;1;
44400;202200028839;762 559;A01;0;3;12;1;2;1;1;
44401;202200028840;762 558;A01;1;2;0;0;0;0;1;
44402;202200028841;762 557;A01;1;7;0;1;3;1;1;
44403;202200028843;762 552;D01;2;7;0;2;1;2;1;
44404;202200028843;762 553;C01;2;7;0;2;1;2;1;
44405;202200028843;762 554;B01;2;10;0;2;1;2;1;
44406;202200028843;762 555;A01;2;7;0;2;4;2;1;
44407;202200028844;762 550;A01;3;10;0;2;4;2;1;
44408;202200028844;762 551;B01;3;7;0;2;1;2;1;
44409;202200028845;762 548;A01;2;7;3;2;1;18;1;
44410;202200028845;762 549;B01;2;7;0;2;8;1;1;
44411;202200028846;762 546;B01;2;7;0;2;4;2;1;
44412;202200028846;762 547;A01;2;7;0;2;1;2;1;
44413;202200028847;762 544;A01;1;7;0;2;1;1;1;
44414;202200028847;762 545;B01;1;7;0;2;4;1;1;
44415;202200028848;762 542;A01;2;10;0;2;1;2;0;
44416;202200028848;762 543;B01;2;10;0;2;4;2;0;
44417;202200028849;762 540;A01;2;7;0;2;1;1;1;
44418;202200028849;762 541;B01;2;7;0;2;4;1;1;
44419;202200028850;762 539;A01;1;7;4;0;2;2;1;
44420;202200028851;762 537;Z01;2;7;0;2;1;2;1;
44421;202200028851;762 538;A01;2;7;0;2;4;2;1;
44422;202200028852;762 536;A01;1;7;4;0;1;1;0;
44423;202200028853;762 534;B01;1;33;0;2;7;3;1;
44424;202200028853;762 535;A01;1;7;0;2;8;11;1;
44425;202200028854;762 532;A01;2;7;0;2;5;1;1;
44426;202200028854;762 533;B01;1;7;8;2;1;1;1;
44427;202200028855;762 530;A01;2;30;0;2;8;18;1;
44428;202200028855;762 531;B01;2;7;0;2;7;14;0;
44429;202200028856;762 528;B01;2;7;0;2;2;12;1;
44430;202200028856;762 529;A01;2;32;0;2;8;7;1;
44431;202200028857;762 526;A01;2;1;0;2;7;1;5;
44432;202200028857;762 527;B01;2;7;0;2;7;1;1;
44433;202200028858;762 524;A01;2;31;0;2;3;13;1;
44434;202200028858;762 525;B01;2;7;0;2;3;15;1;
44435;202200028859;762 523;A01;0;1;0;0;1;1;5;
44436;202200028860;762 522;A01;3;1;0;1;1;16;0;
44437;202200028861;762 520;B01;3;40;0;2;3;2;0;
44438;202200028861;762 521;A01;3;7;0;4;1;2;1;
44439;202200028862;762 518;B01;1;1;0;2;0;0;0;
44440;202200028862;762 519;A01;1;7;0;2;1;15;1;
44441;202200028863;762 513;C01;1;10;0;2;5;1;1;
44442;202200028863;762 514;E01;1;7;0;2;6;1;1;
44443;202200028863;762 515;B01;1;7;0;2;4;1;1;
44444;202200028863;762 516;A01;1;7;0;2;9;0;1;
44445;202200028863;762 517;D01;1;7;0;2;6;1;1;
44446;202200028864;762 512;A01;1;1;0;1;1;25;0;
44447;202200028866;762 510;A01;2;7;0;5;1;1;1;
44448;202200028867;762 508;B01;1;2;14;2;2;2;1;
44449;202200028867;762 509;A01;1;7;0;2;2;2;1;
44450;202200028868;762 506;A01;1;33;0;2;1;1;1;
44451;202200028868;762 507;B01;2;7;0;2;3;1;1;
44452;202200028869;762 504;A01;1;7;0;2;3;13;1;
44453;202200028869;762 505;B01;2;7;15;2;3;26;1;
44454;202200028870;762 502;A01;3;7;0;0;0;9;1;
44455;202200028870;762 503;B01;2;2;0;0;0;21;1;
44456;202200028871;762 501;A01;3;37;0;1;7;26;1;1.0
44457;202200028872;762 499;A01;1;33;0;2;1;21;1;
44458;202200028872;762 500;B01;3;7;0;2;6;15;1;
44459;202200028873;762 497;A01;2;7;0;2;2;15;1;
44460;202200028873;762 498;B01;1;34;0;2;1;1;1;
44461;202200028874;762 493;A01;3;7;9;2;1;2;1;
44462;202200028874;762 494;B01;3;7;0;2;4;2;1;
44463;202200028875;762 492;A01;1;7;4;0;2;14;1;
44464;202200028876;762 488;B01;1;7;0;2;6;15;1;
44465;202200028876;762 489;A01;1;1;0;2;1;7;5;
44466;202200028877;762 486;B01;1;33;0;2;7;1;1;
44467;202200028877;762 487;A01;3;10;0;2;8;19;1;
44468;202200028878;762 485;A01;1;32;4;0;8;13;1;
44469;202200028879;762 484;A01;2;7;15;0;2;21;1;
44470;202200028880;762 482;A01;1;2;0;2;7;17;1;
44471;202200028880;762 483;B01;1;7;0;2;8;2;1;
44472;202200028881;762 481;A01;1;7;16;0;1;1;1;
44473;202200028883;762 476;A01;1;7;0;2;1;1;1;
44474;202200028883;762 477;B01;2;7;0;2;8;15;1;
44475;202200028884;762 475;A01;3;7;0;1;2;1;1;
44476;202200028885;762 473;A01;1;7;0;2;8;20;1;
44477;202200028885;762 474;B01;1;7;0;2;8;1;1;
44478;202200028886;762 470;C01;1;7;0;2;4;2;1;
44479;202200028886;762 471;B01;1;7;0;2;4;2;1;
44480;202200028886;762 472;A01;1;7;0;2;1;2;1;
44481;202200028887;762 468;B01;1;7;0;2;4;2;1;
44482;202200028887;762 469;A01;1;10;0;2;1;2;1;