;Num_Acc;id_vehicule;num_veh;senc;catv;obs;obsm;choc;manv;motor;occutc
44483;202200028888;762 466;A01;1;7;0;2;8;15;1;
44484;202200028888;762 467;B01;1;7;0;2;8;1;1;
44485;202200028889;762 464;B01;3;7;0;2;4;1;1;
44486;202200028889;762 465;A01;3;13;0;2;1;11;1;
44487;202200028890;762 462;A01;2;7;0;2;3;15;3;
44488;202200028890;762 463;B01;1;1;0;2;1;5;5;
44489;202200028892;762 459;A01;2;10;0;2;1;0;1;
44490;202200028892;762 460;B01;2;1;0;2;0;0;5;
44491;202200028893;762 456;B01;2;7;0;2;6;15;1;
44492;202200028893;762 457;A01;1;7;0;1;1;1;1;
44493;202200028893;762 458;C01;1;7;0;2;6;1;1;
44494;202200028894;762 454;A01;2;7;0;2;1;1;2;
44495;202200028894;762 455;B01;2;7;0;2;4;1;1;
44496;202200028895;762 452;A01;2;7;0;2;2;1;1;
44497;202200028895;762 453;B01;1;32;0;2;9;18;1;
44498;202200028896;762 450;A01;1;7;0;2;1;2;1;
44499;202200028897;762 451;A01;2;32;0;0;0;3;1;
44500;202200028898;762 449;A01;2;31;0;0;0;1;1;
44501;202200028899;762 446;A01;3;7;0;2;1;6;1;
44502;202200028899;762 447;B01;3;7;0;2;6;1;1;
44503;202200028900;762 444;B01;1;7;0;2;4;2;1;
44504;202200028900;762 445;A01;1;33;0;2;1;2;1;
44505;202200028901;762 448;A01;1;1;0;2;0;26;5;
44506;202200028902;762 441;A01;3;7;0;2;1;2;1;
44507;202200028902;762 442;B01;3;1;0;2;8;2;5;
44508;202200028903;762 437;A01;2;7;4;0;1;0;1;
44509;202200028904;762 439;B01;1;2;0;2;4;2;1;
44510;202200028904;762 443;A01;1;7;0;2;1;2;1;
44511;202200028905;762 434;B01;2;7;0;2;7;15;1;
44512;202200028905;762 436;A01;1;7;0;2;1;1;1;
44513;202200028906;762 433;B01;1;7;0;0;3;26;0;
44514;202200028906;762 435;A01;1;10;0;0;1;13;0;
44515;202200028907;762 432;A01;0;1;0;0;1;1;5;
44516;202200028908;762 430;A01;3;7;8;2;7;1;1;
44517;202200028908;762 431;B01;3;7;0;2;1;1;1;
44518;202200028909;762 428;B01;1;7;0;2;1;1;1;
44519;202200028909;762 429;A01;2;33;11;2;1;1;1;
44520;202200028910;762 427;A01;1;7;7;0;1;14;1;
44521;202200028911;762 425;A01;2;7;0;1;1;26;1;
44522;202200028912;762 424;B01;0;2;0;2;1;1;1;
44523;202200028912;762 426;A01;0;7;0;2;2;15;1;
44524;202200028913;762 423;A01;3;7;0;1;2;1;1;
44525;202200028914;762 421;A01;2;10;0;2;7;15;1;
44526;202200028914;762 422;B01;1;2;0;2;1;1;1;
44527;202200028915;762 418;A01;1;31;0;2;1;13;3;
44528;202200028915;762 420;B01;2;38;0;2;1;26;1;1.0
44529;202200028916;762 417;A01;1;10;0;9;3;20;1;
44530;202200028916;762 419;B01;1;50;0;2;1;1;3;
44531;202200028917;762 414;B01;2;30;0;2;1;5;1;
44532;202200028917;762 416;A01;1;7;0;2;3;16;1;
44533;202200028918;762 413;A01;3;32;0;2;1;1;1;
44534;202200028918;762 415;B01;3;7;0;2;3;15;1;
44535;202200028919;762 410;A01;3;2;0;2;1;5;1;
44536;202200028919;762 412;B01;3;7;0;2;0;1;1;
44537;202200028920;762 409;B01;1;30;0;2;2;12;1;
44538;202200028920;762 411;Z01;1;7;0;9;0;9;0;
44539;202200028921;762 408;A01;2;7;8;0;2;16;1;
44540;202200028922;762 406;A01;1;60;0;2;8;1;5;
44541;202200028922;762 407;B01;1;2;0;2;1;0;0;
44542;202200028923;762 404;A01;3;7;0;2;3;9;1;
44543;202200028923;762 405;B01;1;50;0;2;1;19;3;
44544;202200028924;762 402;B01;1;7;0;2;6;2;1;
44545;202200028924;762 403;A01;1;7;0;2;2;2;1;
44546;202200028925;762 401;A01;1;7;2;0;3;2;1;
44547;202200028926;762 399;A01;1;10;0;2;0;0;0;
44548;202200028926;762 400;B01;1;33;0;2;0;0;0;
44549;202200028927;762 397;A01;2;7;0;0;0;0;1;
44550;202200028927;762 398;B01;1;7;0;0;0;0;1;
44551;202200028928;762 394;A01;2;15;0;2;2;12;1;
44552;202200028928;762 395;B01;2;7;0;2;8;1;1;
44553;202200028929;762 393;A01;1;7;0;1;3;1;1;
44554;202200028930;762 392;A01;2;10;4;0;3;13;1;
44555;202200028931;762 391;A01;2;7;0;1;2;15;1;
44556;202200028932;762 389;Z01;2;7;0;2;8;11;0;
44557;202200028932;762 390;A01;2;32;0;2;7;2;1;
44558;202200028933;762 385;B01;3;7;0;2;6;2;1;
44559;202200028933;762 387;A01;3;32;0;2;2;2;1;
44560;202200028934;762 386;B01;2;7;0;2;1;1;1;
44561;202200028934;762 388;A01;1;7;0;2;1;13;1;
44562;202200028935;762 383;A01;2;1;0;2;2;15;5;
44563;202200028935;762 384;Z01;1;43;0;2;2;15;1;
44564;202200028936;762 382;A01;3;7;2;0;1;1;1;
44565;202200028937;762 380;A01;1;7;0;2;4;23;1;
44566;202200028937;762 381;B01;1;2;0;2;4;2;1;
44567;202200028938;762 378;B01;1;7;0;2;2;1;1;
44568;202200028938;762 379;A01;1;7;0;2;5;15;1;
44569;202200028939;762 376;A01;1;7;0;2;8;15;1;
44570;202200028939;762 377;B01;1;33;0;2;1;17;1;
44571;202200028940;762 374;B01;1;50;0;2;1;1;3;
44572;202200028940;762 375;A01;1;7;0;2;7;16;1;
44573;202200028941;762 373;A01;3;7;0;1;1;15;1;
44574;202200028942;762 371;A01;2;7;0;1;1;2;1;
44575;202200028942;762 372;B01;1;2;0;2;1;2;1;
44576;202200028943;762 370;A01;1;7;0;1;1;1;1;
44577;202200028944;762 368;B01;1;30;0;2;4;11;1;
44578;202200028944;762 369;A01;1;7;0;2;2;1;1;
44579;202200028947;762 360;B01;1;34;0;2;8;1;1;
44580;202200028947;762 363;A01;2;10;0;2;1;15;1;
44581;202200028948;762 357;A01;1;7;0;2;1;2;3;
44582;202200028948;762 358;B01;1;7;0;0;4;1;2;
44583;202200028949;762 355;A01;1;32;0;1;7;7;1;
44584;202200028950;762 354;A01;1;1;14;0;7;13;5;
44585;202200028951;762 352;B01;3;50;0;2;1;15;3;
44586;202200028951;762 353;A01;3;7;0;2;2;15;1;
44587;202200028952;762 350;A01;1;7;0;2;6;1;1;
44588;202200028952;762 351;B01;1;2;0;2;1;1;1;
44589;202200028953;762 346;B01;2;2;0;2;1;1;1;
44590;202200028953;762 348;A01;1;7;0;2;3;16;1;
44591;202200028954;762 345;C01;1;7;0;2;4;2;1;
44592;202200028954;762 347;B01;1;7;0;2;4;2;1;
44593;202200028954;762 349;A01;1;7;0;2;1;2;1;
44594;202200028955;762 342;A01;2;7;0;0;2;1;1;
44595;202200028955;762 344;B01;0;32;0;0;3;1;1;
44596;202200028956;762 343;A01;0;7;1;0;1;14;1;
44597;202200028957;762 340;B01;2;10;0;9;5;0;1;
44598;202200028957;762 341;A01;2;30;0;2;1;15;1;
44599;202200028958;762 336;B01;1;31;0;2;1;17;1;
44600;202200028958;762 337;A01;1;7;0;2;8;15;1;
44601;202200028959;762 334;A01;3;32;12;0;2;16;1;
44602;202200028960;762 333;B01;3;13;0;2;7;1;1;
44603;202200028960;762 335;A01;2;2;0;2;1;1;1;
44604;202200028961;762 330;B01;3;7;0;2;6;1;1;
44605;202200028961;762 332;A01;3;31;0;2;1;2;1;
44606;202200028962;762 329;A01;2;32;0;2;1;26;1;
44607;202200028962;762 331;B01;2;7;0;2;2;15;1;
44608;202200028963;762 327;A01;-1;50;0;0;0;0;3;
44609;202200028964;762 326;A01;1;7;0;2;3;1;2;
44610;202200028964;762 328;B01;2;1;0;2;2;19;5;
44611;202200028965;762 325;A01;2;7;6;0;2;1;1;
44612;202200028966;762 323;B01;3;7;0;2;4;23;1;
44613;202200028966;762 324;A01;3;50;0;2;1;2;3;
44614;202200028968;762 320;A01;1;50;0;1;1;26;3;
44615;202200028969;762 318;B01;3;60;0;2;8;19;5;
44616;202200028969;762 319;A01;3;7;0;2;0;1;1;
44617;202200028970;762 315;A01;1;7;0;2;2;15;0;
44618;202200028970;762 316;B01;-1;33;0;2;1;26;1;
44619;202200028972;762 311;A01;2;7;0;2;1;1;1;
44620;202200028972;762 312;B01;2;7;0;2;4;1;1;
44621;202200028973;762 308;B01;1;7;0;2;1;1;1;
44622;202200028973;762 310;A01;1;2;0;2;1;15;1;
44623;202200028974;762 307;A01;1;7;0;2;2;9;1;
44624;202200028974;762 309;B01;3;7;0;2;5;4;1;
44625;202200028976;762 303;A01;0;50;0;2;0;9;3;
44626;202200028976;762 306;B01;2;7;0;2;1;9;1;
44627;202200028977;762 301;B01;1;33;0;2;1;17;1;
44628;202200028977;762 302;A01;1;10;0;2;6;15;1;
44629;202200028978;762 297;A01;1;1;0;2;7;3;5;
44630;202200028978;762 299;B01;1;7;0;9;8;23;1;
44631;202200028979;762 298;A01;1;7;0;2;8;1;1;
44632;202200028979;762 300;B01;3;1;0;2;1;19;5;
44633;202200028980;762 294;A01;1;7;0;2;3;15;1;
44634;202200028980;762 296;B01;1;50;0;2;1;17;3;
44635;202200028981;762 295;A01;1;7;0;1;7;1;1;
44636;202200028982;762 292;A01;0;10;0;1;5;0;1;
44637;202200028983;762 291;A01;1;7;0;2;1;1;1;
44638;202200028983;762 293;B01;1;50;0;2;8;1;3;
44639;202200028984;762 289;B01;2;7;0;2;4;1;1;
44640;202200028984;762 290;A01;3;7;0;2;1;1;1;
44641;202200028985;762 285;A01;1;30;0;2;1;26;0;
44642;202200028985;762 287;B01;2;7;0;2;8;1;0;
44643;202200028986;762 286;A01;2;30;0;2;8;19;1;
44644;202200028986;762 288;B01;2;7;0;2;1;1;1;
44645;202200028987;762 282;A01;2;50;1;2;8;11;3;
44646;202200028987;762 284;B01;2;37;0;2;7;1;1;1.0
44647;202200028988;762 281;B01;2;7;0;2;3;2;1;
44648;202200028988;762 283;A01;1;7;0;2;2;15;1;
44649;202200028989;762 280;A01;1;7;0;0;9;1;1;
44650;202200028990;762 278;B01;1;7;0;2;2;0;1;
44651;202200028990;762 279;A01;2;7;0;2;2;17;1;
44652;202200028991;762 277;A01;2;32;0;1;7;21;1;
44653;202200028992;762 275;B01;1;33;0;2;1;1;1;
44654;202200028992;762 276;A01;2;7;0;2;1;15;1;
44655;202200028993;762 273;A01;2;7;0;2;1;1;1;
44656;202200028993;762 274;B01;2;7;0;2;7;12;1;
44657;202200028994;762 272;A01;1;7;0;0;3;13;1;
44658;202200028995;762 268;A01;1;7;0;2;2;12;1;
44659;202200028995;762 270;B01;1;34;0;2;3;3;1;
44660;202200028996;762 269;A01;3;2;0;2;1;2;1;
44661;202200028996;762 271;B01;3;7;0;2;5;23;1;
44662;202200028997;762 266;B01;3;31;0;2;0;1;1;
44663;202200028997;762 267;A01;3;7;0;2;0;1;1;
44664;202200028998;762 264;A01;3;10;0;2;1;2;1;
44665;202200028998;762 265;B01;3;2;0;2;4;23;1;
44666;202200028999;762 263;A01;2;7;3;0;1;11;1;
44667;202200029000;762 261;A01;2;7;0;2;4;20;1;
44668;202200029000;762 262;B01;2;7;0;2;1;2;1;
44669;202200029001;762 259;B01;3;7;0;2;7;1;1;
44670;202200029001;762 260;A01;3;7;0;2;1;26;1;
44671;202200029002;762 258;A01;1;7;0;0;8;1;1;
44672;202200029003;762 255;A01;1;7;0;2;1;2;1;
44673;202200029003;762 256;B01;1;10;0;2;4;23;1;
44674;202200029004;762 257;A01;0;7;16;0;0;0;1;
44675;202200029005;762 253;B01;1;7;0;2;1;13;1;
44676;202200029005;762 254;A01;1;7;0;2;3;1;1;
44677;202200029006;762 251;A01;1;7;0;2;1;2;1;
44678;202200029006;762 252;B01;1;7;0;2;4;2;1;
44679;202200029007;762 249;B01;1;33;0;2;1;0;1;
44680;202200029007;762 250;A01;1;7;0;2;2;15;1;
44681;202200029008;762 246;A01;2;7;0;2;1;15;1;
44682;202200029008;762 247;B01;2;7;0;2;4;23;1;
44683;202200029008;762 248;C01;2;7;0;2;5;23;1;
44684;202200029009;762 244;B01;1;2;0;2;8;1;1;
44685;202200029009;762 245;A01;1;7;0;2;7;15;1;
44686;202200029011;762 241;A01;0;1;0;2;1;26;5;
44687;202200029011;762 242;B01;0;7;0;0;0;0;1;
44688;202200029012;762 239;B01;1;10;0;2;4;2;1;
44689;202200029012;762 240;A01;1;7;0;2;1;2;1;
44690;202200029013;762 236;A01;1;7;0;2;1;0;1;
44691;202200029013;762 237;B01;1;7;0;2;4;1;1;
44692;202200029013;762 238;C01;1;7;0;2;4;1;1;
44693;202200029014;762 234;B01;1;15;0;2;4;15;1;
44694;202200029014;762 235;A01;1;7;0;2;9;1;1;
44695;202200029015;762 232;A01;1;10;0;2;1;13;1;
44696;202200029015;762 233;B01;2;7;0;2;1;1;1;
44697;202200029016;762 230;A01;1;7;0;2;2;13;1;
44698;202200029016;762 231;B01;2;7;0;2;1;26;1;
44699;202200029017;762 228;A01;1;7;0;2;3;11;1;
44700;202200029017;762 229;B01;1;33;0;2;7;3;1;
44701;202200029018;762 225;C01;2;7;0;2;4;2;1;
44702;202200029018;762 226;A01;2;10;0;2;1;2;1;
44703;202200029018;762 227;B01;2;10;0;2;4;2;1;
44704;202200029019;762 223;A01;1;32;0;2;7;17;1;
44705;202200029019;762 224;B01;1;1;0;2;8;15;5;
44706;202200029020;762 221;B01;3;7;0;2;6;24;2;
44707;202200029020;762 222;A01;3;1;0;2;6;9;5;
44708;202200029021;762 219;A01;2;7;0;2;2;16;1;
44709;202200029021;762 220;B01;3;1;0;2;1;1;5;
44710;202200029022;762 218;Z01;2;7;0;1;5;1;0;
44711;202200029024;762 214;B01;2;7;0;2;2;1;1;
44712;202200029024;762 215;A01;2;50;0;2;8;15;3;
44713;202200029026;762 210;B01;2;7;0;2;3;15;1;
44714;202200029026;762 211;A01;2;32;0;2;1;17;1;
44715;202200029027;762 209;A01;1;7;0;1;3;1;2;
44716;202200029028;762 207;A01;1;7;0;2;3;1;2;
44717;202200029028;762 208;B01;1;30;0;2;4;23;1;
44718;202200029029;762 205;B01;2;37;0;2;8;21;2;1.0
44719;202200029029;762 206;A01;1;50;0;2;8;5;3;
44720;202200029030;762 204;A01;2;7;0;1;2;1;3;
44721;202200029031;762 203;A01;1;7;0;1;6;1;1;
44722;202200029032;762 201;B01;1;31;0;2;2;18;1;
44723;202200029032;762 202;A01;1;7;0;2;2;16;1;
44724;202200029033;762 199;B01;1;1;0;2;1;1;5;
44725;202200029033;762 200;A01;1;14;0;2;2;14;1;
44726;202200029034;762 197;A01;0;99;0;2;1;9;1;
44727;202200029034;762 198;B01;0;33;0;2;3;1;1;
44728;202200029035;762 196;Z01;2;2;0;1;0;0;0;
44729;202200029036;762 195;A01;1;7;0;1;8;1;1;
44730;202200029037;762 193;A01;2;7;0;0;8;23;1;
44731;202200029037;762 194;B01;2;1;0;2;7;0;5;
44732;202200029038;762 191;B01;1;7;0;2;3;9;1;
44733;202200029038;762 192;A01;1;10;0;2;2;1;1;
44734;202200029039;762 189;B01;2;32;0;2;1;3;1;
44735;202200029039;762 190;A01;2;7;0;2;7;15;1;
44736;202200029040;762 187;B01;1;1;0;0;4;1;5;
44737;202200029040;762 188;A01;1;7;0;2;2;12;1;
44738;202200029043;762 182;A01;1;34;0;1;1;1;1;
44739;202200029044;762 180;C01;1;7;1;0;1;1;2;
44740;202200029044;762 181;A01;0;50;0;2;1;1;3;
44741;202200029045;762 178;B01;2;10;0;2;8;16;1;
44742;202200029045;762 179;A01;2;15;0;2;4;15;1;
44743;202200029046;762 177;A01;2;7;0;1;8;15;2;
44744;202200029048;762 174;A01;1;7;0;2;1;1;1;
44745;202200029048;762 175;B01;3;7;0;2;8;1;1;
44746;202200029049;762 171;A01;1;7;0;1;1;1;1;
44747;202200029050;762 169;A01;2;7;0;2;1;9;1;
44748;202200029050;762 170;B01;1;33;0;2;1;1;1;
44749;202200029051;762 167;A01;1;7;0;0;6;23;1;
44750;202200029051;762 168;B01;1;7;1;0;2;2;1;
44751;202200029052;762 165;A01;1;13;0;2;3;26;1;
44752;202200029052;762 166;B01;0;7;0;2;3;9;1;
44753;202200029053;762 164;A01;1;33;8;0;1;1;1;
44754;202200029054;762 162;A01;1;7;0;2;3;9;1;
44755;202200029054;762 163;B01;1;1;0;0;2;1;5;
44756;202200029055;762 160;B01;1;1;0;0;7;1;5;
44757;202200029055;762 161;A01;1;7;0;2;3;9;1;
44758;202200029056;762 158;B01;1;7;0;2;1;1;1;
44759;202200029056;762 159;A01;2;10;0;2;3;13;1;
44760;202200029057;762 156;A01;2;7;0;2;8;17;1;
44761;202200029057;762 157;B01;2;7;0;2;7;17;2;
44762;202200029058;762 154;A01;2;7;0;2;2;17;1;
44763;202200029058;762 155;B01;2;16;0;0;0;1;1;
44764;202200029060;762 150;A01;1;10;16;0;0;1;1;
44765;202200029061;762 149;A01;2;7;2;0;3;13;1;
44766;202200029062;762 148;A01;2;7;13;0;1;1;1;
44767;202200029063;762 146;B01;2;33;0;2;1;1;1;
44768;202200029063;762 147;A01;3;7;0;2;2;19;1;
44769;202200029065;762 142;B01;3;7;0;2;6;20;1;
44770;202200029065;762 143;A01;3;43;0;2;1;20;1;
44771;202200029066;762 141;A01;1;33;3;0;1;2;1;
44772;202200029068;762 139;A01;2;33;0;0;7;1;1;
44773;202200029069;762 138;A01;1;32;0;0;0;0;1;
44774;202200029070;762 137;A01;1;7;2;0;1;1;2;
44775;202200029071;762 135;B01;1;10;10;2;1;5;1;
44776;202200029071;762 136;A01;2;7;0;2;1;5;1;
44777;202200029072;762 134;A01;3;7;2;0;2;1;1;
44778;202200029073;762 132;A01;2;1;0;9;0;2;5;
44779;202200029073;762 133;B01;2;1;0;9;0;2;5;
44780;202200029075;762 128;A01;1;7;0;2;3;13;1;
44781;202200029075;762 129;B01;2;7;0;2;3;14;1;
44782;202200029076;762 126;B01;2;50;0;0;8;23;3;
44783;202200029076;762 127;A01;2;7;0;2;2;21;1;
44784;202200029077;762 124;B01;2;17;0;2;6;1;1;
44785;202200029077;762 125;A01;2;7;0;2;1;0;1;
44786;202200029078;762 123;A01;3;31;13;0;9;1;1;
44787;202200029079;762 122;A01;3;7;0;1;3;1;1;
44788;202200029080;762 120;A01;2;7;0;2;1;5;1;
44789;202200029080;762 121;B01;1;15;0;2;3;1;1;
44790;202200029081;762 118;A01;2;17;0;2;3;13;1;
44791;202200029081;762 119;C01;1;7;0;2;1;1;1;
44792;202200029082;762 116;B01;3;7;0;2;2;19;1;
44793;202200029082;762 117;A01;1;43;0;2;5;17;1;
44794;202200029083;762 115;A01;1;15;0;0;0;0;1;
44795;202200029084;762 114;A01;2;50;0;1;1;1;3;
44796;202200029085;762 113;A01;2;7;3;0;3;1;1;
44797;202200029086;762 111;A01;3;14;0;2;6;4;1;
44798;202200029086;762 112;B01;3;2;0;2;3;1;1;
44799;202200029088;762 108;B01;2;7;0;0;5;1;1;
44800;202200029088;762 109;A01;2;2;0;2;1;2;1;
44801;202200029090;762 104;B01;1;7;0;2;3;1;2;
44802;202200029090;762 105;A01;2;7;0;2;3;13;2;
44803;202200029091;762 100;A01;1;7;0;2;8;1;1;
44804;202200029091;762 101;B01;1;7;0;2;8;17;1;
44805;202200029091;762 102;C01;2;7;0;0;0;1;1;
44806;202200029091;762 103;D01;2;33;0;2;3;1;1;
44807;202200029093;762 098;A01;3;7;0;1;2;15;1;
44808;202200029094;762 097;A01;0;7;2;0;9;0;1;
44809;202200029095;762 096;A01;2;33;0;6;1;1;1;
44810;202200029096;762 094;B01;2;36;0;2;1;1;1;
44811;202200029096;762 095;A01;1;7;0;2;7;15;3;
44812;202200029097;762 089;B01;2;32;0;2;8;1;1;
44813;202200029097;762 090;A01;2;14;0;2;7;12;1;
44814;202200029098;762 087;B01;1;7;0;2;4;2;2;
44815;202200029098;762 088;A01;1;7;0;2;1;2;1;
44816;202200029099;762 085;A01;1;15;0;2;0;0;1;
44817;202200029099;762 086;B01;1;7;0;2;6;0;1;
44818;202200029100;762 081;A01;1;7;0;2;4;1;1;
44819;202200029100;762 082;B01;1;7;0;2;4;1;1;
44820;202200029100;762 083;C01;1;7;0;2;6;1;1;
44821;202200029100;762 084;Z01;1;7;0;2;1;2;0;
44822;202200029102;762 077;A01;1;7;0;2;1;2;0;
44823;202200029102;762 078;B01;1;7;0;2;4;2;0;
44824;202200029103;762 075;A01;2;32;0;2;7;26;1;
44825;202200029103;762 076;B01;2;10;0;2;6;0;1;
44826;202200029104;762 073;A01;2;33;0;2;3;3;1;
44827;202200029104;762 074;B01;2;7;0;2;5;12;1;
44828;202200029105;762 071;A01;1;33;0;2;7;17;1;
44829;202200029105;762 072;B01;1;7;0;2;8;1;1;
44830;202200029106;762 070;A01;2;7;0;1;9;16;-1;
44831;202200029107;762 069;A01;2;10;2;0;3;1;1;
44832;202200029108;762 067;B01;1;7;0;0;3;1;1;
44833;202200029108;762 068;A01;1;10;0;2;2;1;1;
44834;202200029109;762 065;B01;-1;1;0;2;1;19;5;
44835;202200029109;762 066;A01;2;38;0;2;2;21;1;1.0
44836;202200029110;762 063;A01;3;7;0;2;2;15;1;
44837;202200029110;762 064;B01;3;50;0;0;1;1;3;
44838;202200029111;762 061;A01;2;10;0;2;0;9;1;
44839;202200029111;762 062;Y01;1;0;0;2;0;26;0;
44840;202200029113;762 059;A01;1;33;3;0;7;1;1;
44841;202200029114;762 057;A01;1;2;0;2;0;1;1;
44842;202200029114;762 058;B01;1;10;0;2;0;1;1;
44843;202200029116;762 054;A01;2;7;0;1;3;26;1;
44844;202200029117;762 053;A01;1;7;6;0;2;1;1;
44845;202200029118;762 051;B01;2;34;0;2;2;17;1;
44846;202200029118;762 052;A01;1;7;0;2;6;15;1;
44847;202200029119;762 050;A01;3;7;0;1;2;14;1;
44848;202200029120;762 048;A01;1;7;0;2;0;0;1;
44849;202200029120;762 049;B01;0;1;0;2;2;0;5;
44850;202200029121;762 047;A01;1;7;8;0;9;14;1;
44851;202200029122;762 046;A01;2;1;0;1;1;1;5;
44852;202200029123;762 044;B01;2;10;0;2;1;1;1;
44853;202200029123;762 045;A01;2;7;0;2;7;1;1;
44854;202200029124;762 043;A01;2;14;6;0;1;1;1;
44855;202200029125;762 041;A01;1;7;0;2;6;15;1;
44856;202200029125;762 042;B01;1;32;0;2;1;2;1;
44857;202200029126;762 040;A01;2;7;16;0;9;14;1;
44858;202200029127;762 039;A01;3;7;0;0;9;0;1;
44859;202200029128;762 038;A01;0;31;0;0;0;9;1;
44860;202200029129;762 037;A01;2;7;0;0;0;15;1;
44861;202200029130;762 035;B01;2;33;0;2;1;1;1;
44862;202200029130;762 036;A01;2;7;0;2;8;15;1;
44863;202200029132;762 031;A01;1;7;0;2;3;2;1;
44864;202200029132;762 032;B01;1;7;0;2;6;0;1;
44865;202200029133;762 029;B01;1;1;0;9;1;1;5;
44866;202200029133;762 030;A01;1;7;0;2;3;22;1;
44867;202200029134;762 027;B01;1;2;0;2;1;1;1;
44868;202200029134;762 028;A01;1;7;0;2;2;19;1;
44869;202200029135;762 026;A01;3;7;0;1;4;4;1;
44870;202200029136;762 024;A01;3;7;0;2;1;15;1;
44871;202200029136;762 025;B01;0;7;0;2;1;1;1;
44872;202200029137;762 023;A01;0;7;0;1;5;20;1;
44873;202200029139;762 020;A01;3;10;0;2;1;1;0;
44874;202200029139;762 021;B01;3;50;0;2;0;0;3;
44875;202200029140;762 018;A01;3;7;0;2;2;15;1;
44876;202200029140;762 019;B01;1;2;0;2;1;1;1;
44877;202200029141;762 016;B01;2;1;0;2;0;0;5;
44878;202200029141;762 017;A01;1;7;0;2;3;15;1;
44879;202200029142;762 014;B01;1;0;0;2;1;9;0;
44880;202200029142;762 015;A01;1;7;0;2;5;1;1;
44881;202200029143;762 013;A01;3;7;0;0;9;1;1;
44882;202200029144;762 012;A01;1;2;0;0;0;0;1;
44883;202200029145;762 010;B01;1;7;0;2;8;1;1;
44884;202200029145;762 011;A01;1;7;0;2;9;1;1;
44885;202200029146;762 008;A01;1;7;0;2;1;2;1;
44886;202200029146;762 009;B01;1;7;0;2;4;2;1;
44887;202200029147;762 006;A01;2;7;0;2;5;10;1;
44888;202200029147;762 007;B01;2;33;0;2;1;3;1;
44889;202200029148;762 003;C01;3;7;0;2;5;23;1;
44890;202200029148;762 004;A01;3;80;0;2;8;18;3;
44891;202200029148;762 005;B01;3;7;0;2;7;23;1;
44892;202200029149;762 001;A01;3;7;0;2;1;1;1;
44893;202200029149;762 002;B01;3;50;0;2;7;19;3;
44894;202200029151;761 998;A01;2;7;0;1;2;1;1;
44895;202200029152;761 997;A01;1;7;0;1;1;1;1;
44896;202200029153;761 995;A01;1;34;0;2;1;1;1;
44897;202200029153;761 996;B01;1;3;0;2;3;0;1;
44898;202200029154;761 994;A01;3;7;6;0;1;1;1;
44899;202200029155;761 992;A01;1;7;0;2;8;1;1;
44900;202200029155;761 993;B01;1;1;0;2;0;0;5;
44901;202200029156;761 991;A01;0;33;0;0;0;0;1;
44902;202200029157;761 990;A01;2;7;13;6;5;2;1;
44903;202200029158;761 989;A01;3;33;17;0;0;1;1;
44904;202200029159;761 985;D01;1;7;0;2;4;1;1;
44905;202200029159;761 986;C01;1;10;0;2;4;1;1;
44906;202200029159;761 987;B01;1;7;0;2;4;1;1;
44907;202200029159;761 988;A01;1;7;0;2;1;2;2;
44908;202200029160;761 984;A01;2;7;4;0;3;1;1;
44909;202200029161;761 982;B01;1;7;0;2;4;2;2;
44910;202200029161;761 983;A01;1;7;0;2;1;2;1;
44911;202200029162;761 980;B01;2;33;0;2;1;3;1;
44912;202200029162;761 981;A01;2;7;0;2;6;11;1;
44913;202200029163;761 978;A01;1;7;0;2;1;2;1;
44914;202200029163;761 979;B01;1;7;0;2;4;2;1;
44915;202200029164;761 975;A01;1;15;0;2;1;2;1;
44916;202200029164;761 976;B01;1;7;0;2;1;2;1;
44917;202200029164;761 977;C01;1;7;0;2;4;2;1;
44918;202200029165;761 974;A01;1;7;4;0;1;1;1;
44919;202200029166;761 970;A01;2;7;0;2;2;0;1;
44920;202200029166;761 971;B01;2;7;0;2;6;1;1;
44921;202200029166;761 972;C01;2;7;0;2;0;1;1;
44922;202200029166;761 973;D01;2;10;0;2;1;2;1;
44923;202200029167;761 968;A01;2;7;0;2;0;1;1;
44924;202200029167;761 969;B01;2;15;0;2;8;1;1;
44925;202200029168;761 966;B01;2;7;1;0;1;2;1;
44926;202200029168;761 967;A01;2;7;0;2;4;23;1;
44927;202200029169;761 964;A01;2;7;0;2;8;12;1;
44928;202200029169;761 965;B01;2;33;0;2;8;1;1;
44929;202200029170;761 961;C01;1;10;0;2;1;21;1;
44930;202200029170;761 962;B01;1;7;0;2;1;1;1;
44931;202200029170;761 963;A01;2;7;0;2;1;13;1;
44932;202200029171;761 959;B01;1;33;0;2;1;26;1;
44933;202200029171;761 960;A01;1;3;0;2;1;19;1;
44934;202200029172;761 957;B01;2;2;0;2;6;0;1;
44935;202200029172;761 958;A01;2;33;0;2;6;21;1;
44936;202200029173;761 955;B01;3;7;0;2;6;2;1;
44937;202200029173;761 956;A01;3;7;0;2;1;1;1;
44938;202200029174;761 954;A01;3;7;6;0;2;16;1;
44939;202200029175;761 953;A01;1;7;0;1;2;1;1;
44940;202200029176;761 951;A01;1;10;0;2;3;1;0;
44941;202200029176;761 952;B01;1;1;0;2;3;1;0;
44942;202200029177;761 949;A01;2;7;0;2;2;9;1;
44943;202200029177;761 950;B01;1;33;0;2;4;24;1;