;Num_Acc;id_vehicule;num_veh;senc;catv;obs;obsm;choc;manv;motor;occutc
44944;202200029178;761 948;A01;3;30;0;0;0;15;1;
44945;202200029179;761 946;A01;1;50;1;2;1;21;3;
44946;202200029179;761 947;B01;2;60;0;2;0;1;5;
44947;202200029181;761 943;B01;0;33;0;2;1;2;1;
44948;202200029181;761 944;A01;1;7;0;2;4;15;1;
44949;202200029182;761 940;B01;1;7;0;2;1;15;1;
44950;202200029182;761 941;C01;2;7;0;2;2;23;1;
44951;202200029182;761 942;A01;2;33;0;2;1;1;1;
44952;202200029183;761 938;A01;2;3;1;2;2;20;1;
44953;202200029183;761 939;B01;2;7;0;2;2;0;1;
44954;202200029184;761 936;B01;3;7;0;2;3;1;1;
44955;202200029184;761 937;A01;3;7;0;2;3;1;1;
44956;202200029185;761 935;A01;1;50;2;0;1;26;3;
44957;202200029186;761 933;B01;1;1;0;2;1;1;5;
44958;202200029186;761 934;A01;3;7;0;2;3;15;1;
44959;202200029187;761 930;A01;1;7;0;2;0;15;1;
44960;202200029187;761 931;B01;2;7;0;2;1;1;1;
44961;202200029187;761 932;C01;2;37;0;2;5;1;0;2.0
44962;202200029188;761 929;A01;1;10;0;1;1;1;1;
44963;202200029189;761 925;D01;2;7;0;0;0;0;2;
44964;202200029189;761 926;C01;1;7;0;2;5;0;1;
44965;202200029189;761 927;B01;2;10;0;2;6;0;1;
44966;202200029189;761 928;A01;1;7;0;2;3;15;1;
44967;202200029190;761 922;A01;3;7;0;2;3;15;1;
44968;202200029191;761 917;A01;1;7;0;2;2;6;1;
44969;202200029191;761 918;B01;1;7;0;2;3;26;3;
44970;202200029191;761 919;C01;2;7;0;2;8;1;1;
44971;202200029191;761 920;D01;2;7;0;2;1;1;1;
44972;202200029191;761 921;E01;2;7;0;2;1;1;1;
44973;202200029192;761 915;A01;0;7;0;2;1;9;1;
44974;202200029192;761 916;B01;3;33;0;2;2;1;1;
44975;202200029193;761 913;A01;1;1;15;0;1;21;5;
44976;202200029193;761 914;Z01;2;7;0;0;0;0;1;
44977;202200029194;761 911;A01;2;7;0;2;3;9;1;
44978;202200029194;761 912;B01;1;1;0;2;7;1;5;
44979;202200029195;761 909;A01;3;7;0;2;5;16;1;
44980;202200029195;761 910;B01;3;1;0;2;0;1;5;
44981;202200029196;761 907;A01;2;7;0;2;7;16;1;
44982;202200029196;761 908;B01;2;1;0;2;1;1;5;
44983;202200029198;761 904;A01;2;10;0;1;2;1;6;
44984;202200029199;761 902;A01;3;7;0;2;2;21;1;
44985;202200029199;761 903;B01;3;1;0;2;1;19;5;
44986;202200029200;761 900;B01;2;1;0;2;8;1;5;
44987;202200029200;761 901;A01;1;7;0;2;3;15;1;
44988;202200029201;761 899;A01;2;33;6;0;0;0;1;
44989;202200029202;761 898;A01;2;33;16;0;0;0;1;
44990;202200029203;761 895;B01;1;33;0;2;3;15;1;
44991;202200029203;761 897;A01;2;7;0;2;1;1;1;
44992;202200029204;761 894;B01;2;7;0;2;1;2;1;
44993;202200029204;761 896;A01;2;32;9;2;1;5;1;
44994;202200029205;761 892;B01;3;1;0;9;1;2;5;
44995;202200029205;761 893;A01;3;1;0;9;1;2;5;
44996;202200029206;761 891;A01;1;1;7;0;1;1;5;
44997;202200029207;761 888;A01;3;2;13;0;0;0;1;
44998;202200029208;761 889;A01;1;7;0;2;1;2;1;
44999;202200029208;761 890;B01;1;7;0;2;4;2;3;
45000;202200029209;761 886;A01;1;7;13;0;0;1;1;
45001;202200029210;761 885;A01;0;33;0;2;3;1;1;
45002;202200029210;761 887;B01;0;7;0;2;1;15;1;
45003;202200029211;761 882;A01;3;7;0;2;5;6;1;
45004;202200029211;761 884;B01;3;13;0;2;2;1;1;
45005;202200029212;761 881;A01;1;21;0;2;2;15;1;
45006;202200029212;761 883;B01;2;1;0;2;1;1;5;
45007;202200029213;761 880;A01;1;33;0;0;8;1;1;
45008;202200029214;761 877;A01;2;10;0;2;1;0;1;
45009;202200029214;761 878;B01;1;10;0;2;1;0;1;
45010;202200029214;761 879;C01;2;7;0;2;1;0;1;
45011;202200029216;761 875;A01;1;7;6;0;1;5;1;
45012;202200029217;761 873;A01;2;35;12;0;3;13;1;
45013;202200029218;761 871;A01;1;30;0;2;1;1;1;
45014;202200029218;761 874;B01;2;7;0;2;2;1;2;
45015;202200029219;761 870;B01;1;2;0;2;0;0;1;
45016;202200029219;761 872;A01;1;7;0;2;0;0;1;
45017;202200029220;761 865;B01;3;7;0;2;8;0;0;
45018;202200029220;761 866;A01;2;7;0;2;2;1;1;
45019;202200029221;761 864;B01;2;10;0;0;6;18;1;
45020;202200029221;761 867;C01;2;7;0;0;4;15;1;
45021;202200029221;761 869;A01;2;7;0;2;1;1;1;
45022;202200029222;761 862;C01;1;14;0;2;2;2;0;
45023;202200029222;761 863;B01;1;10;1;0;6;2;1;
45024;202200029222;761 868;A01;1;7;1;0;0;2;1;
45025;202200029223;761 861;A01;1;7;13;0;2;1;1;
45026;202200029225;761 858;A01;1;7;0;1;2;1;1;
45027;202200029226;761 856;A01;2;7;0;2;3;26;1;
45028;202200029226;761 857;B01;1;7;0;2;2;26;1;
45029;202200029227;761 855;B01;3;1;0;2;2;1;5;
45030;202200029227;761 859;A01;3;7;0;2;6;9;1;
45031;202200029228;761 853;A01;1;7;15;0;4;23;1;
45032;202200029228;761 854;B01;1;7;1;0;1;25;0;
45033;202200029229;761 851;B01;1;1;0;0;3;19;5;
45034;202200029229;761 852;A01;1;7;0;0;2;16;1;
45035;202200029230;761 850;A01;1;34;0;1;1;1;1;
45036;202200029231;761 849;A01;0;7;0;1;2;2;1;
45037;202200029232;761 848;A01;3;2;13;0;1;1;1;
45038;202200029233;761 846;B01;2;7;0;2;6;11;1;
45039;202200029233;761 847;A01;2;33;0;2;1;3;1;
45040;202200029234;761 843;B01;1;7;0;0;0;13;1;
45041;202200029234;761 844;A01;1;2;6;0;1;21;1;
45042;202200029235;761 840;A01;2;7;0;2;3;1;1;
45043;202200029235;761 842;B01;2;33;0;2;7;1;1;
45044;202200029236;761 841;B01;3;7;0;2;5;15;1;
45045;202200029236;761 845;A01;3;7;0;2;1;1;1;
45046;202200029237;761 839;A01;3;7;2;0;1;1;1;
45047;202200029238;761 835;B01;1;34;0;2;8;17;1;
45048;202200029238;761 838;Z01;1;2;0;2;8;11;1;
45049;202200029239;761 833;B01;3;1;0;2;0;15;5;
45050;202200029239;761 837;A01;3;7;0;2;2;1;1;
45051;202200029240;761 832;C01;1;7;0;2;4;2;1;
45052;202200029240;761 834;A01;1;10;0;2;1;2;1;
45053;202200029240;761 836;B01;1;7;0;2;1;2;1;
45054;202200029241;761 830;B01;2;32;0;2;1;2;1;
45055;202200029241;761 831;A01;1;7;0;2;3;15;1;
45056;202200029242;761 826;A01;1;7;0;2;1;13;1;
45057;202200029242;761 827;B01;2;7;0;2;1;1;1;
45058;202200029243;761 824;A01;1;7;0;2;2;11;1;
45059;202200029243;761 828;B01;1;7;0;2;6;1;1;
45060;202200029243;761 829;C01;1;10;0;2;8;23;1;
45061;202200029244;761 825;A01;0;7;4;0;1;16;1;
45062;202200029245;761 822;A01;1;7;0;2;3;17;1;
45063;202200029245;761 823;B01;2;7;0;2;3;1;1;
45064;202200029246;761 819;A01;1;32;0;2;3;10;1;
45065;202200029246;761 820;B01;2;80;9;2;3;1;3;
45066;202200029247;761 818;A01;1;7;13;0;3;1;1;
45067;202200029248;761 817;B01;2;7;0;2;3;1;1;
45068;202200029248;761 821;A01;1;7;0;2;1;13;1;
45069;202200029249;761 816;A01;1;37;0;1;5;15;1;1.0
45070;202200029250;761 815;A01;1;7;2;0;1;2;1;
45071;202200029251;761 813;A01;2;7;0;1;7;16;1;
45072;202200029252;761 811;A01;2;7;0;2;1;13;1;
45073;202200029252;761 812;B01;1;7;0;2;3;1;1;
45074;202200029253;761 810;B01;2;7;0;2;4;23;1;
45075;202200029253;761 814;A01;2;7;0;2;1;3;1;
45076;202200029254;761 808;A01;1;30;0;2;1;1;1;
45077;202200029254;761 809;B01;2;7;0;2;3;1;1;
45078;202200029255;761 805;B01;1;7;0;2;4;2;1;
45079;202200029255;761 807;A01;1;10;0;2;1;2;1;
45080;202200029256;761 804;Z01;2;7;0;2;7;12;1;
45081;202200029256;761 806;A01;2;33;0;2;8;3;1;
45082;202200029258;761 801;B01;3;30;0;2;1;1;0;
45083;202200029258;761 803;A01;3;7;0;2;2;15;0;
45084;202200029259;761 797;A01;2;30;0;0;2;1;1;
45085;202200029260;761 799;A01;1;7;0;2;1;13;1;
45086;202200029260;761 800;B01;1;7;0;2;2;24;2;
45087;202200029261;761 796;A01;2;7;0;2;1;1;2;
45088;202200029261;761 798;B01;1;7;0;2;1;13;1;
45089;202200029262;761 794;B01;1;7;0;2;4;1;2;
45090;202200029262;761 795;A01;1;32;0;2;1;1;1;
45091;202200029263;761 790;A01;2;2;0;2;1;16;0;
45092;202200029263;761 792;B01;1;7;0;9;2;1;1;
45093;202200029264;761 791;A01;1;50;0;2;1;2;3;
45094;202200029264;761 793;B01;1;80;0;2;4;2;3;
45095;202200029265;761 788;B01;3;34;0;2;2;1;1;
45096;202200029265;761 789;A01;3;7;0;2;3;13;1;
45097;202200029266;761 786;A01;1;7;0;0;4;0;2;
45098;202200029266;761 787;B01;1;33;0;2;1;26;1;
45099;202200029267;761 783;Z01;1;7;0;2;3;2;0;
45100;202200029267;761 784;A01;1;80;0;2;4;20;3;
45101;202200029268;761 785;A01;1;7;0;1;2;1;1;
45102;202200029269;761 780;A01;1;7;0;2;1;1;1;
45103;202200029269;761 782;B01;2;34;0;2;1;1;1;
45104;202200029270;761 779;A01;1;30;0;1;3;25;1;
45105;202200029271;761 778;A01;2;7;0;2;2;15;1;
45106;202200029271;761 781;B01;1;2;0;2;1;1;1;
45107;202200029272;761 775;B01;2;50;0;2;1;17;3;
45108;202200029272;761 777;A01;2;7;0;2;3;1;1;
45109;202200029273;761 774;A01;2;7;0;2;7;17;1;
45110;202200029273;761 776;B01;2;1;0;2;8;1;5;
45111;202200029274;761 773;A01;1;7;0;1;3;1;1;
45112;202200029275;761 771;A01;2;10;0;2;3;15;1;
45113;202200029275;761 772;B01;2;33;0;2;2;1;1;
45114;202200029276;761 770;A01;1;7;0;1;1;1;1;
45115;202200029277;761 769;A01;1;7;0;1;3;9;1;
45116;202200029278;761 768;A01;1;14;0;1;1;1;1;
45117;202200029279;761 767;A01;1;7;1;0;2;14;0;
45118;202200029280;761 766;A01;2;7;0;1;2;7;2;
45119;202200029281;761 765;A01;2;7;2;0;1;1;1;
45120;202200029282;761 762;B01;1;30;0;2;3;2;1;
45121;202200029282;761 764;A01;1;7;12;2;3;14;3;
45122;202200029283;761 761;A01;1;7;0;2;2;15;1;
45123;202200029283;761 763;B01;2;32;0;2;3;1;1;
45124;202200029284;761 759;B01;0;32;0;2;1;17;1;
45125;202200029284;761 760;A01;0;7;0;2;2;15;1;
45126;202200029285;761 757;A01;1;1;0;2;1;2;5;
45127;202200029285;761 758;B01;1;7;0;9;4;2;1;
45128;202200029286;761 755;A01;2;33;0;6;1;0;1;
45129;202200029287;761 753;Z01;2;7;8;2;1;17;1;
45130;202200029287;761 756;A01;1;50;0;2;4;13;3;
45131;202200029288;761 752;A01;2;33;0;9;1;2;1;
45132;202200029288;761 754;B01;2;80;0;2;4;1;3;
45133;202200029289;761 747;A01;2;30;0;2;7;17;1;
45134;202200029289;761 750;B01;2;7;0;2;3;15;1;
45135;202200029290;761 746;B01;1;7;0;2;3;0;1;
45136;202200029290;761 749;A01;1;2;0;2;1;26;1;
45137;202200029291;761 748;B01;1;33;0;2;1;23;1;
45138;202200029291;761 751;A01;2;30;0;2;1;13;1;
45139;202200029292;761 745;A01;1;10;1;0;3;1;1;
45140;202200029293;761 744;A01;0;7;2;0;7;14;1;
45141;202200029294;761 742;A01;1;7;0;1;3;1;1;
45142;202200029295;761 741;B01;2;7;0;2;3;1;1;
45143;202200029295;761 743;A01;2;50;0;2;1;1;3;
45144;202200029296;761 738;A01;3;7;0;1;1;9;0;
45145;202200029297;761 737;B01;3;60;0;2;8;19;5;
45146;202200029297;761 739;A01;2;7;0;2;8;1;2;
45147;202200029298;761 736;A01;1;7;0;0;6;1;1;
45148;202200029298;761 740;B01;1;7;0;2;1;1;1;
45149;202200029299;761 735;A01;-1;7;0;1;7;1;1;
45150;202200029301;761 732;B01;2;7;0;2;3;15;1;
45151;202200029301;761 733;A01;2;34;0;2;8;13;1;
45152;202200029302;761 729;A01;2;7;0;2;2;15;1;
45153;202200029302;761 731;B01;2;31;0;2;1;1;1;
45154;202200029303;761 728;B01;1;7;0;2;1;15;1;
45155;202200029303;761 730;A01;2;33;0;2;1;1;1;
45156;202200029304;761 727;A01;1;10;0;1;4;20;3;
45157;202200029305;761 725;A01;3;7;0;2;3;4;1;
45158;202200029305;761 726;B01;3;7;0;2;2;2;1;
45159;202200029307;761 720;A01;1;7;0;2;3;15;1;
45160;202200029307;761 722;B01;2;1;0;2;1;1;5;
45161;202200029308;761 719;B01;1;10;0;2;8;13;1;
45162;202200029308;761 721;A01;1;33;0;2;7;14;1;
45163;202200029309;761 717;A01;3;30;14;0;1;1;1;
45164;202200029310;761 716;A01;2;7;0;2;3;15;1;
45165;202200029310;761 718;B01;1;33;0;0;6;1;1;
45166;202200029311;761 715;A01;0;30;0;0;0;1;3;
45167;202200029312;761 713;A01;1;7;5;0;1;1;1;
45168;202200029313;761 712;B01;1;10;0;2;3;1;1;
45169;202200029313;761 714;A01;2;2;0;2;3;1;1;
45170;202200029315;761 708;B01;3;1;0;2;3;0;5;
45171;202200029315;761 709;A01;2;7;0;9;7;1;1;
45172;202200029316;761 704;B01;2;7;0;2;2;17;1;
45173;202200029316;761 706;A01;2;7;0;2;3;10;1;
45174;202200029317;761 703;A01;1;7;0;2;1;17;1;
45175;202200029317;761 705;B01;1;7;0;2;8;1;1;
45176;202200029317;761 707;C01;1;10;0;2;4;1;1;
45177;202200029318;761 699;A01;2;16;0;0;0;15;1;
45178;202200029319;761 698;C01;2;7;0;2;1;2;1;
45179;202200029319;761 701;B01;2;7;0;2;4;1;0;
45180;202200029319;761 702;A01;2;7;0;2;4;1;1;
45181;202200029320;761 693;A01;1;7;0;2;4;1;1;
45182;202200029320;761 695;B01;1;7;0;2;1;1;1;
45183;202200029321;761 692;A01;1;7;13;0;3;1;2;
45184;202200029322;761 697;A01;2;7;0;2;1;9;1;
45185;202200029322;761 700;B01;2;1;0;2;4;9;5;
45186;202200029323;761 691;A01;1;33;0;0;1;17;1;
45187;202200029324;761 690;A01;0;7;0;1;2;0;1;
45188;202200029325;761 686;A01;2;33;0;2;3;1;1;
45189;202200029325;761 689;B01;2;7;0;2;7;1;1;
45190;202200029326;761 685;B01;1;7;0;2;8;15;0;
45191;202200029326;761 687;A01;1;33;0;2;7;17;1;
45192;202200029327;761 684;A01;1;10;14;2;2;19;1;
45193;202200029327;761 688;B01;2;1;14;0;7;19;5;
45194;202200029328;761 683;A01;2;17;4;0;9;1;1;
45195;202200029329;761 681;A01;2;7;0;2;1;2;1;
45196;202200029329;761 682;B01;2;10;0;2;4;2;1;
45197;202200029330;761 677;A01;1;10;0;1;2;1;1;
45198;202200029332;761 676;B01;2;7;0;2;4;2;1;
45199;202200029332;761 679;A01;2;7;0;2;1;2;1;
45200;202200029333;761 673;A01;2;7;0;0;8;21;1;
45201;202200029334;761 672;B01;2;7;0;0;6;2;1;
45202;202200029334;761 675;A01;2;7;0;2;2;2;1;
45203;202200029335;761 671;B01;3;7;0;0;0;0;1;
45204;202200029335;761 674;A01;-1;7;0;2;2;26;1;
45205;202200029336;761 668;A01;1;10;0;2;3;2;1;
45206;202200029336;761 670;B01;1;10;0;2;5;2;1;
45207;202200029337;761 667;B01;1;33;0;2;3;18;0;
45208;202200029337;761 669;A01;1;7;0;2;2;16;1;
45209;202200029338;761 665;A01;1;7;0;9;4;1;3;
45210;202200029338;761 666;B01;1;1;0;2;1;1;5;
45211;202200029339;761 663;A01;2;14;8;0;2;1;1;
45212;202200029340;761 662;B01;2;7;0;2;4;2;1;
45213;202200029340;761 664;A01;2;34;0;2;8;3;1;
45214;202200029341;761 659;A01;1;7;13;0;1;1;1;
45215;202200029342;761 661;A01;1;10;0;1;2;15;6;
45216;202200029343;761 658;A01;1;7;0;2;4;2;1;
45217;202200029343;761 660;B01;1;7;0;2;4;0;3;
45218;202200029344;761 654;B01;2;38;0;2;1;1;1;1.0
45219;202200029344;761 657;A01;1;3;0;2;1;5;1;
45220;202200029346;761 655;A01;0;30;0;1;7;19;1;
45221;202200029347;761 653;A01;2;7;0;0;0;0;1;
45222;202200029348;761 651;A01;1;33;0;0;1;1;1;
45223;202200029349;761 652;A01;1;32;0;1;1;1;1;
45224;202200029350;761 649;A01;3;37;0;2;2;15;1;1.0
45225;202200029350;761 650;B01;3;30;0;2;8;1;1;
45226;202200029351;761 641;A01;2;7;0;2;2;15;2;
45227;202200029351;761 644;B01;1;33;0;2;3;1;1;
45228;202200029352;761 638;D01;2;7;0;2;3;23;1;
45229;202200029352;761 640;C01;1;7;0;2;6;23;1;
45230;202200029352;761 643;B01;1;7;0;2;4;23;1;
45231;202200029352;761 645;A01;1;7;0;2;1;1;1;
45232;202200029353;761 637;F01;1;7;0;2;4;2;1;
45233;202200029353;761 639;E01;1;7;0;2;4;2;1;
45234;202200029353;761 642;D01;1;7;0;2;1;2;1;
45235;202200029353;761 646;C01;1;7;0;2;1;2;1;
45236;202200029353;761 647;B01;1;7;0;2;1;2;1;
45237;202200029353;761 648;A01;1;7;0;2;1;2;1;
45238;202200029354;761 636;A01;1;3;0;1;3;15;1;
45239;202200029355;761 633;A01;2;7;0;2;3;13;0;
45240;202200029355;761 635;B01;1;7;0;2;3;1;1;
45241;202200029356;761 632;A01;1;7;0;2;7;12;1;
45242;202200029356;761 634;B01;1;33;0;2;6;3;1;
45243;202200029357;761 628;A01;2;7;2;2;0;1;6;
45244;202200029357;761 630;B01;1;7;0;2;8;1;1;
45245;202200029357;761 631;C01;1;7;0;2;8;1;1;
45246;202200029358;761 626;B01;1;7;0;2;5;1;1;
45247;202200029358;761 627;A01;1;7;0;2;3;0;1;
45248;202200029359;761 622;A01;1;32;0;2;1;12;1;
45249;202200029359;761 623;B01;1;33;0;2;8;1;1;
45250;202200029360;761 624;A01;2;14;0;1;5;4;1;
45251;202200029361;761 621;B01;1;7;0;2;1;1;1;
45252;202200029361;761 625;C01;2;7;0;2;3;23;1;
45253;202200029361;761 629;A01;1;7;0;2;1;9;1;
45254;202200029362;761 619;A01;3;10;0;1;4;4;1;
45255;202200029363;761 615;B01;1;7;0;2;1;1;1;
45256;202200029363;761 617;A01;1;7;0;2;1;1;1;
45257;202200029363;761 620;C01;1;7;0;2;4;1;1;
45258;202200029364;761 613;A01;3;7;0;1;1;1;1;
45259;202200029365;761 612;A01;2;33;0;2;1;17;1;
45260;202200029365;761 614;B01;1;7;0;2;6;1;1;
45261;202200029365;761 618;C01;1;7;0;2;3;1;1;
45262;202200029366;761 611;A01;3;7;0;1;1;1;1;
45263;202200029367;761 609;A01;3;2;0;2;1;1;1;
45264;202200029367;761 610;B01;3;10;0;2;3;2;1;
45265;202200029368;761 607;A01;3;7;1;1;1;24;1;
45266;202200029370;761 605;B01;2;7;6;2;3;1;1;
45267;202200029370;761 606;A01;1;7;0;2;3;14;1;
45268;202200029372;761 602;A01;3;33;0;0;0;0;1;
45269;202200029373;761 600;A01;1;7;4;0;9;14;1;
45270;202200029374;761 601;B01;2;2;0;2;1;1;1;
45271;202200029374;761 603;A01;1;7;0;0;1;15;1;
45272;202200029375;761 599;A01;1;2;0;9;8;1;1;
45273;202200029376;761 596;A01;2;1;15;2;1;1;5;
45274;202200029376;761 597;B01;1;10;0;9;3;1;1;
45275;202200029377;761 593;A01;1;7;0;2;1;15;1;
45276;202200029377;761 594;B01;3;7;0;2;7;1;1;
45277;202200029378;761 592;A01;1;10;1;1;2;1;1;
45278;202200029379;761 590;A01;1;2;5;0;7;26;1;
45279;202200029380;761 591;A01;0;33;0;0;0;0;1;
45280;202200029381;761 586;A01;1;7;0;1;2;1;1;
45281;202200029382;761 584;A01;1;7;13;0;1;16;1;
45282;202200029383;761 585;B01;2;38;0;2;2;17;1;2.0
45283;202200029383;761 588;A01;2;21;2;2;3;14;1;
45284;202200029384;761 583;A01;3;7;0;0;2;26;1;
45285;202200029385;761 582;A01;2;7;4;0;2;0;1;
45286;202200029386;761 581;A01;0;32;0;0;0;1;1;
45287;202200029387;761 577;A01;2;7;0;2;3;13;1;
45288;202200029387;761 580;B01;1;7;0;2;3;1;1;
45289;202200029388;761 576;A01;2;37;0;2;2;7;2;1.0
45290;202200029388;761 579;B01;2;7;14;2;3;10;1;
45291;202200029389;761 571;A01;1;7;0;2;1;17;1;
45292;202200029389;761 573;B01;2;7;0;2;1;1;1;
45293;202200029390;761 570;D01;2;7;0;2;5;2;2;
45294;202200029390;761 572;C01;2;10;0;2;9;2;1;
45295;202200029390;761 574;B01;2;7;3;2;4;2;1;
45296;202200029390;761 575;A01;2;7;0;2;1;1;1;
45297;202200029391;761 569;A01;1;7;4;0;1;13;1;
45298;202200029392;761 568;A01;1;10;6;0;2;15;1;
45299;202200029393;761 566;A01;3;7;0;2;1;1;1;
45300;202200029393;761 567;B01;3;32;0;0;4;1;1;
45301;202200029394;761 563;A01;1;7;0;0;9;1;1;
45302;202200029395;761 564;A01;2;7;0;9;1;1;1;
45303;202200029395;761 565;B01;1;1;0;2;8;19;5;
45304;202200029396;761 562;A01;2;7;2;0;9;14;1;
45305;202200029397;761 559;A01;1;7;4;0;3;1;1;
45306;202200029398;761 558;B01;1;33;0;0;0;17;1;
45307;202200029398;761 561;A01;1;10;0;0;0;17;1;
45308;202200029400;761 556;A01;2;7;8;0;8;1;1;
45309;202200029401;761 551;B01;2;7;0;2;1;1;1;
45310;202200029401;761 555;A01;2;10;0;2;7;1;1;
45311;202200029402;761 549;A01;2;1;0;2;3;1;5;
45312;202200029402;761 552;B01;1;10;0;2;3;1;1;
45313;202200029403;761 548;A01;1;7;0;2;4;23;1;
45314;202200029403;761 550;B01;1;7;0;2;1;2;1;
45315;202200029403;761 553;C01;1;7;0;2;1;2;1;
45316;202200029403;761 554;D01;1;7;0;2;1;2;1;
45317;202200029404;761 547;A01;3;2;0;0;9;1;1;
45318;202200029405;761 545;B01;2;7;0;2;2;4;1;
45319;202200029405;761 546;A01;1;2;0;2;1;1;1;
45320;202200029406;761 542;A01;3;40;0;2;1;1;0;
45321;202200029406;761 544;B01;3;7;0;4;4;23;1;
45322;202200029407;761 543;A01;1;7;2;0;1;1;1;
45323;202200029408;761 538;B01;0;10;0;0;1;0;1;
45324;202200029408;761 541;A01;0;7;0;2;1;26;1;
45325;202200029409;761 536;A01;3;10;0;2;4;1;1;
45326;202200029409;761 539;B01;2;7;0;2;2;1;2;
45327;202200029410;761 537;A01;1;7;0;0;8;1;1;
45328;202200029410;761 540;B01;2;7;0;2;1;1;1;
45329;202200029411;761 535;A01;1;33;3;0;1;0;1;
45330;202200029412;761 531;A01;2;33;6;0;0;1;1;
45331;202200029413;761 534;A01;3;7;0;1;7;9;1;
45332;202200029414;761 532;B01;3;2;0;2;1;1;1;
45333;202200029414;761 533;A01;1;7;0;2;2;16;1;
45334;202200029415;761 527;B01;1;7;0;2;2;15;1;
45335;202200029415;761 530;A01;2;2;0;2;1;1;1;
45336;202200029416;761 526;A01;1;7;0;2;3;13;1;
45337;202200029416;761 529;B01;2;21;0;2;6;1;1;
45338;202200029417;761 525;B01;2;7;0;2;8;1;1;
45339;202200029417;761 528;A01;1;7;0;2;1;1;1;
45340;202200029418;761 524;A01;3;7;0;1;1;15;1;
45341;202200029419;761 523;A01;1;7;2;0;2;1;1;
45342;202200029420;761 521;B01;0;7;1;2;0;0;1;
45343;202200029420;761 522;A01;0;7;0;2;0;0;1;
45344;202200029421;761 520;A01;2;34;0;0;8;0;1;
45345;202200029422;761 518;Z01;1;31;8;0;1;26;1;
45346;202200029424;761 516;A01;3;10;0;2;3;19;1;
45347;202200029424;761 519;B01;3;33;0;2;1;1;1;
45348;202200029425;761 514;A01;2;7;8;0;3;1;1;
45349;202200029426;761 512;A01;1;7;0;0;6;15;1;
45350;202200029426;761 515;B01;1;33;0;2;0;17;1;
45351;202200029427;761 511;B01;1;2;0;2;1;1;1;
45352;202200029427;761 513;A01;1;7;0;2;2;1;1;
45353;202200029428;761 509;A01;1;7;6;0;0;15;1;
45354;202200029429;761 508;B01;1;7;0;2;1;2;1;
45355;202200029429;761 510;A01;1;7;0;2;4;2;1;
45356;202200029430;761 506;A01;1;7;0;2;1;1;1;
45357;202200029430;761 507;B01;2;7;0;2;7;15;1;
45358;202200029431;761 501;A01;1;33;0;2;4;21;1;
45359;202200029431;761 504;B01;1;7;0;2;3;1;1;
45360;202200029432;761 502;A01;1;7;0;2;3;13;1;
45361;202200029432;761 503;B01;1;7;0;2;3;1;1;
45362;202200029432;761 505;C01;1;7;0;2;6;2;1;
45363;202200029433;761 499;B01;2;38;0;2;5;26;1;1.0
45364;202200029433;761 500;A01;2;33;0;2;1;2;1;
45365;202200029434;761 495;A01;2;7;0;2;3;1;1;
45366;202200029434;761 497;B01;1;7;0;2;3;17;1;
45367;202200029435;761 494;C01;2;7;0;2;1;2;1;
45368;202200029435;761 496;B01;2;10;0;2;1;2;1;
45369;202200029435;761 498;A01;2;10;0;2;4;1;1;
45370;202200029436;761 491;A01;1;7;0;1;1;21;1;
45371;202200029439;761 484;A01;2;7;0;2;3;15;1;
45372;202200029439;761 486;B01;1;7;0;2;1;2;1;
45373;202200029440;761 483;A01;2;7;4;0;1;1;1;
45374;202200029442;761 480;A01;1;7;0;2;1;15;1;
45375;202200029442;761 482;B01;2;33;0;2;8;1;1;
45376;202200029443;761 478;C01;1;10;0;2;4;2;1;
45377;202200029443;761 479;B01;1;33;0;2;8;3;1;
45378;202200029443;761 481;A01;1;10;0;2;1;21;1;
45379;202200029444;761 475;B01;2;33;0;2;1;2;1;
45380;202200029444;761 477;A01;2;7;0;2;8;10;1;
45381;202200029445;761 476;A01;0;7;0;1;2;9;1;
45382;202200029446;761 473;B01;1;7;0;2;6;2;1;
45383;202200029446;761 474;A01;1;7;0;2;2;1;1;
45384;202200029447;761 471;A01;2;7;0;0;7;16;1;
45385;202200029448;761 469;A01;2;7;0;2;5;12;0;
45386;202200029448;761 470;B01;2;32;0;2;1;1;0;
45387;202200029449;761 467;A01;3;7;12;0;0;1;1;
45388;202200029450;761 463;A01;2;50;0;2;1;25;3;
45389;202200029450;761 465;B01;1;7;1;2;1;26;1;
45390;202200029451;761 462;B01;2;7;0;2;4;2;0;
45391;202200029451;761 464;A01;2;7;0;2;1;2;1;
45392;202200029452;761 459;C01;3;7;-1;2;-1;0;-1;
45393;202200029452;761 461;B01;3;32;0;2;4;2;1;
45394;202200029453;761 457;B01;2;10;0;2;4;23;1;
45395;202200029453;761 458;A01;2;7;1;0;1;1;1;
45396;202200029454;761 454;A01;2;7;0;2;2;16;1;
45397;202200029454;761 455;B01;1;7;0;2;3;1;1;
45398;202200029456;761 452;B01;2;31;0;2;1;1;1;
45399;202200029456;761 453;A01;2;10;0;2;4;1;1;
45400;202200029457;761 447;B01;2;2;0;2;1;1;1;
45401;202200029457;761 450;A01;1;2;0;2;1;5;1;
45402;202200029459;761 444;B01;3;7;0;2;0;0;1;
45403;202200029459;761 445;A01;3;30;0;2;0;0;1;
45404;202200029460;761 443;A01;1;7;4;0;3;21;1;