;Num_Acc;id_vehicule;num_veh;senc;catv;obs;obsm;choc;manv;motor;occutc
45405;202200029461;761 440;A01;3;33;6;0;1;14;1;
45406;202200029462;761 442;A01;1;1;0;1;1;17;5;
45407;202200029463;761 439;B01;1;32;0;2;1;1;1;
45408;202200029463;761 441;A01;1;7;0;2;3;1;1;
45409;202200029464;761 438;A01;1;30;14;0;5;1;1;
45410;202200029465;761 437;A01;1;1;0;0;0;21;5;
45411;202200029466;761 435;A01;2;30;0;0;7;21;1;
45412;202200029467;761 433;A01;1;34;0;0;7;16;1;
45413;202200029468;761 432;Z01;1;30;0;1;0;1;1;
45414;202200029469;761 434;B01;1;7;8;2;8;15;1;
45415;202200029469;761 436;A01;1;10;0;2;1;1;0;
45416;202200029470;761 426;A01;1;30;0;2;1;18;1;
45417;202200029470;761 428;B01;2;7;0;2;7;15;2;
45418;202200029471;761 429;A01;2;7;0;2;3;10;1;
45419;202200029471;761 430;B01;2;50;0;2;1;1;3;
45420;202200029472;761 427;A01;2;7;0;2;3;1;1;
45421;202200029472;761 431;B01;1;15;3;0;1;1;1;
45422;202200029473;761 424;A01;1;7;0;2;3;10;1;
45423;202200029473;761 425;B01;1;32;0;2;7;1;1;
45424;202200029474;761 418;A01;1;31;0;2;1;1;1;
45425;202200029474;761 419;B01;3;60;0;2;8;19;5;
45426;202200029475;761 420;B01;3;7;0;2;1;14;1;
45427;202200029475;761 422;A01;3;7;5;2;3;13;1;
45428;202200029476;761 421;B01;2;50;0;2;2;1;3;
45429;202200029476;761 423;A01;2;10;0;2;3;22;1;
45430;202200029478;761 415;A01;2;1;0;1;1;16;5;
45431;202200029479;761 411;A01;3;1;0;2;1;1;5;
45432;202200029479;761 412;B01;3;7;0;2;8;22;2;
45433;202200029480;761 410;A01;1;1;0;2;2;17;5;
45434;202200029480;761 413;B01;1;1;0;2;8;1;5;
45435;202200029481;761 407;A01;3;30;0;2;2;5;3;
45436;202200029481;761 408;B01;3;7;0;2;3;1;1;
45437;202200029482;761 406;B01;1;17;0;0;4;2;1;
45438;202200029482;761 409;A01;1;10;3;2;1;2;1;
45439;202200029483;761 403;A01;1;80;0;2;1;1;3;
45440;202200029483;761 405;B01;1;7;0;2;8;1;1;
45441;202200029484;761 402;B01;2;7;0;2;2;9;1;
45442;202200029484;761 404;A01;2;33;0;2;1;21;1;
45443;202200029485;761 400;A01;1;7;0;2;3;13;1;
45444;202200029485;761 401;B01;2;13;0;2;3;1;1;
45445;202200029486;761 397;B01;3;2;0;2;4;0;1;
45446;202200029486;761 398;A01;3;10;0;2;3;0;1;
45447;202200029487;761 396;A01;2;1;0;2;8;1;5;
45448;202200029487;761 399;B01;1;33;0;2;1;1;1;
45449;202200029488;761 393;A01;1;30;0;0;8;15;1;
45450;202200029489;761 392;B01;2;7;0;2;8;24;1;
45451;202200029489;761 394;A01;2;30;1;0;7;21;1;
45452;202200029490;761 391;B01;3;7;0;2;3;1;1;
45453;202200029490;761 395;A01;3;33;0;2;1;1;1;
45454;202200029491;761 389;B01;2;33;0;2;1;1;1;
45455;202200029491;761 390;A01;1;10;0;2;3;15;1;
45456;202200029492;761 388;A01;0;7;8;0;1;0;1;
45457;202200029493;761 386;A01;1;15;0;2;3;13;1;
45458;202200029493;761 387;B01;1;7;3;2;9;17;1;
45459;202200029495;761 383;A01;2;7;0;2;0;26;1;
45460;202200029495;761 384;B01;2;7;0;2;4;0;1;
45461;202200029496;761 380;A01;3;7;0;2;5;1;1;
45462;202200029496;761 382;B01;3;2;0;2;1;1;1;
45463;202200029497;761 378;A01;2;37;0;2;2;14;2;1.0
45464;202200029497;761 381;B01;1;1;0;0;4;2;5;
45465;202200029498;761 373;B01;1;10;0;2;7;16;1;
45466;202200029498;761 375;A01;1;31;0;2;7;16;3;
45467;202200029499;761 374;B01;0;50;0;2;0;5;3;
45468;202200029499;761 376;A01;0;7;0;2;0;0;1;
45469;202200029500;761 368;A01;2;7;0;9;1;21;1;
45470;202200029500;761 369;B01;1;7;0;2;8;0;1;
45471;202200029500;761 371;C01;0;7;0;2;4;23;1;
45472;202200029501;761 367;A01;2;10;0;1;1;2;1;
45473;202200029502;761 370;A01;2;7;0;2;2;10;1;
45474;202200029502;761 372;B01;2;33;0;2;1;1;1;
45475;202200029503;761 363;B01;2;60;0;2;7;12;5;
45476;202200029503;761 366;A01;2;7;0;2;8;9;2;
45477;202200029504;761 362;A01;2;7;0;2;3;13;1;
45478;202200029504;761 365;B01;1;37;0;2;3;1;1;1.0
45479;202200029507;761 357;B01;2;7;0;2;5;2;2;
45480;202200029507;761 360;A01;2;30;0;2;1;2;1;
45481;202200029508;761 356;B01;1;7;0;2;3;1;1;
45482;202200029508;761 358;A01;2;7;0;2;3;13;2;
45483;202200029510;761 354;A01;2;7;1;1;2;0;1;
45484;202200029511;761 348;A01;1;7;0;2;1;0;1;
45485;202200029511;761 351;B01;1;7;0;2;4;20;1;
45486;202200029512;761 347;A01;1;30;0;2;1;1;1;
45487;202200029512;761 349;B01;1;7;0;2;6;0;1;
45488;202200029512;761 352;C01;1;7;0;2;0;0;1;
45489;202200029513;761 350;A01;1;1;0;2;4;2;5;
45490;202200029513;761 353;B01;1;7;0;2;1;9;1;
45491;202200029514;761 345;A01;3;7;0;0;2;1;1;
45492;202200029516;761 342;A01;2;50;0;2;1;1;3;
45493;202200029516;761 344;B01;3;1;0;2;7;19;5;
45494;202200029517;761 340;A01;1;15;0;1;3;1;1;
45495;202200029518;761 338;B01;2;33;12;0;1;1;1;
45496;202200029518;761 341;A01;0;7;0;2;3;9;1;
45497;202200029519;761 339;A01;3;7;0;1;1;1;1;
45498;202200029520;761 336;A01;2;7;0;2;7;9;1;
45499;202200029520;761 337;B01;2;2;0;2;1;1;1;
45500;202200029521;761 335;A01;3;7;0;1;2;1;1;
45501;202200029522;761 333;A01;2;7;0;2;1;9;1;
45502;202200029522;761 334;B01;2;15;0;0;5;1;1;
45503;202200029523;761 330;A01;2;7;0;2;2;1;1;
45504;202200029523;761 332;B01;2;7;0;2;3;16;1;
45505;202200029524;761 329;B01;2;7;0;2;3;16;1;
45506;202200029524;761 331;A01;1;2;0;2;1;1;1;
45507;202200029525;761 325;B01;2;2;0;2;7;15;1;
45508;202200029525;761 327;A01;1;14;0;2;2;1;1;
45509;202200029526;761 324;A01;1;33;0;2;8;18;1;
45510;202200029526;761 326;B01;1;7;0;2;7;14;1;
45511;202200029528;761 320;B01;2;33;0;2;3;10;1;
45512;202200029528;761 322;A01;2;33;0;2;1;1;1;
45513;202200029529;761 319;A01;0;32;0;2;1;9;1;
45514;202200029529;761 321;B01;3;7;0;0;6;9;3;
45515;202200029530;761 318;A01;1;7;17;0;2;1;1;
45516;202200029533;761 313;A01;1;30;0;2;1;26;1;
45517;202200029533;761 316;B01;2;7;0;2;8;19;1;
45518;202200029534;761 312;A01;1;2;16;0;0;26;1;
45519;202200029535;761 308;B01;1;7;0;2;4;0;1;
45520;202200029535;761 311;A01;1;2;0;2;1;1;1;
45521;202200029536;761 307;B01;1;2;0;2;8;15;1;
45522;202200029536;761 310;A01;1;7;0;2;7;17;1;
45523;202200029537;761 306;A01;2;7;0;2;1;5;1;
45524;202200029537;761 309;B01;1;33;0;2;8;0;1;
45525;202200029538;761 303;A01;2;7;13;0;0;0;1;
45526;202200029539;761 302;B01;0;2;0;2;1;1;1;
45527;202200029539;761 305;A01;0;7;0;2;2;1;1;
45528;202200029541;761 298;A01;1;7;0;9;1;1;1;
45529;202200029541;761 300;B01;2;80;0;2;2;15;3;
45530;202200029542;761 296;B01;2;17;0;2;6;1;1;
45531;202200029542;761 299;A01;2;7;0;2;2;17;1;
45532;202200029543;761 295;B01;0;10;0;0;3;26;1;
45533;202200029543;761 297;A01;0;7;0;0;1;1;1;
45534;202200029544;761 293;B01;1;7;0;2;8;1;1;
45535;202200029544;761 294;A01;2;33;0;2;3;1;1;
45536;202200029546;761 287;B01;1;33;0;2;1;13;1;
45537;202200029546;761 289;A01;2;7;0;2;1;1;1;
45538;202200029547;761 291;A01;3;10;2;0;1;1;1;
45539;202200029548;761 284;A01;2;10;0;2;1;2;1;
45540;202200029548;761 285;B01;2;10;0;2;4;23;1;
45541;202200029548;761 286;C01;2;7;0;2;4;23;3;
45542;202200029549;761 279;C01;1;10;0;2;1;1;1;
45543;202200029549;761 280;B01;1;10;0;2;4;1;1;
45544;202200029549;761 282;A01;1;7;0;2;4;1;1;
45545;202200029550;761 281;A01;0;2;15;0;0;18;1;
45546;202200029551;761 278;A01;2;2;0;0;1;17;1;
45547;202200029551;761 283;B01;2;7;0;0;1;1;1;
45548;202200029552;761 276;B01;1;7;0;2;5;2;1;
45549;202200029552;761 277;A01;1;34;0;2;1;2;1;
45550;202200029553;761 275;A01;1;7;13;0;0;0;1;
45551;202200029554;761 272;B01;1;7;0;2;4;2;1;
45552;202200029554;761 274;A01;1;10;0;2;1;1;1;
45553;202200029555;761 271;A01;3;7;0;2;3;1;1;
45554;202200029555;761 273;B01;0;7;0;2;1;13;1;
45555;202200029556;761 269;A01;1;10;0;0;0;1;1;
45556;202200029556;761 270;B01;1;31;0;9;1;3;3;
45557;202200029557;761 268;A01;3;7;15;0;3;1;1;
45558;202200029558;761 265;B01;2;7;0;2;6;1;1;
45559;202200029558;761 266;A01;2;7;0;2;2;1;2;
45560;202200029560;761 262;A01;3;7;15;0;1;1;1;
45561;202200029561;761 261;A01;2;15;9;0;2;6;1;
45562;202200029562;761 259;A01;1;31;0;0;1;1;1;
45563;202200029563;761 260;A01;1;7;4;0;1;14;1;
45564;202200029564;761 255;B01;3;33;0;2;1;1;1;
45565;202200029564;761 257;A01;3;7;0;2;1;1;1;
45566;202200029565;761 253;A01;1;7;0;2;1;9;1;
45567;202200029565;761 256;B01;1;2;0;2;7;12;1;
45568;202200029566;761 250;B01;1;7;0;2;1;21;1;
45569;202200029566;761 252;A01;3;7;0;2;3;16;1;
45570;202200029567;761 249;A01;2;7;0;2;8;1;1;
45571;202200029567;761 251;B01;2;2;0;2;7;17;1;
45572;202200029569;761 246;B01;1;50;0;2;7;19;3;
45573;202200029569;761 247;A01;1;7;0;2;7;26;0;
45574;202200029570;761 245;A01;3;2;0;0;7;1;1;
45575;202200029570;761 248;B01;3;33;0;0;0;26;1;
45576;202200029571;761 242;A01;1;7;0;0;2;0;1;
45577;202200029572;761 241;B01;2;7;0;2;3;1;1;
45578;202200029572;761 244;A01;1;7;0;2;3;1;1;
45579;202200029573;761 240;B01;1;7;0;2;1;1;1;
45580;202200029573;761 243;A01;2;7;0;2;7;19;1;
45581;202200029574;761 239;A01;1;33;2;0;1;1;1;
45582;202200029575;761 237;A01;1;30;0;0;8;1;1;
45583;202200029576;761 235;B01;1;14;0;2;2;21;1;
45584;202200029576;761 238;A01;1;1;0;2;4;13;5;
45585;202200029577;761 234;A01;3;2;0;2;1;13;1;
45586;202200029577;761 236;B01;3;7;0;2;2;1;1;
45587;202200029578;761 231;B01;1;7;0;2;1;2;2;
45588;202200029578;761 233;A01;2;14;0;2;6;16;1;
45589;202200029579;761 230;B01;0;1;0;2;7;16;5;
45590;202200029579;761 232;A01;0;10;0;9;3;26;1;
45591;202200029580;761 226;B01;2;7;0;2;3;1;1;
45592;202200029580;761 229;A01;1;7;13;2;1;5;1;
45593;202200029581;761 224;C01;2;7;0;2;3;0;1;
45594;202200029581;761 227;B01;1;33;0;2;8;13;1;
45595;202200029581;761 228;A01;2;10;0;2;5;13;1;
45596;202200029582;761 223;B01;1;50;0;2;1;5;3;
45597;202200029582;761 225;A01;2;1;0;2;1;1;5;
45598;202200029584;761 222;A01;3;7;2;0;2;1;1;
45599;202200029585;761 219;B01;1;7;0;2;3;1;1;
45600;202200029585;761 220;A01;2;33;0;2;3;1;1;
45601;202200029586;761 218;A01;1;2;13;0;8;26;1;
45602;202200029588;761 214;A01;1;7;0;1;3;1;1;
45603;202200029589;761 213;A01;1;33;12;0;0;1;1;
45604;202200029590;761 212;A01;1;7;15;2;1;14;1;
45605;202200029591;761 210;A01;3;1;0;1;1;21;5;
45606;202200029593;761 206;A01;2;7;0;2;3;13;1;
45607;202200029593;761 208;B01;2;7;0;2;6;14;1;
45608;202200029593;761 209;C01;2;10;0;2;2;17;1;
45609;202200029594;761 205;B01;2;7;0;2;1;1;1;
45610;202200029594;761 207;A01;1;7;0;2;1;1;1;
45611;202200029595;761 202;B01;1;7;0;2;7;1;1;
45612;202200029595;761 204;A01;1;7;0;2;3;15;1;
45613;202200029596;761 199;A01;0;7;0;2;5;1;1;
45614;202200029596;761 200;B01;0;7;0;2;1;1;1;
45615;202200029597;761 197;B01;1;7;0;2;3;1;1;
45616;202200029597;761 201;A01;1;7;0;2;2;1;1;
45617;202200029598;761 198;A01;2;10;0;2;1;1;1;
45618;202200029598;761 203;B01;2;10;0;2;5;19;1;
45619;202200029599;761 195;A01;1;33;2;0;0;0;1;
45620;202200029600;761 194;A01;2;7;0;2;2;1;1;
45621;202200029600;761 196;B01;2;33;0;2;4;3;1;
45622;202200029601;761 193;A01;1;0;0;1;0;1;0;
45623;202200029602;761 191;A01;1;7;0;2;3;1;1;
45624;202200029602;761 192;B01;2;7;0;2;3;1;1;
45625;202200029603;761 188;A01;3;7;0;2;2;1;1;
45626;202200029603;761 190;B01;3;7;0;2;1;16;1;
45627;202200029604;761 189;A01;2;7;2;0;3;1;1;
45628;202200029606;761 186;A01;1;7;0;1;1;9;1;
45629;202200029607;761 183;A01;1;7;0;2;2;13;1;
45630;202200029607;761 184;B01;1;7;2;2;6;13;1;
45631;202200029608;761 181;B01;1;2;0;2;3;13;1;
45632;202200029608;761 182;A01;1;7;0;2;7;1;1;
45633;202200029609;761 178;A01;1;7;0;2;1;13;1;
45634;202200029609;761 179;B01;2;7;0;2;9;1;1;
45635;202200029610;761 180;B01;1;10;0;2;3;1;1;
45636;202200029610;761 185;A01;2;7;0;2;3;13;1;
45637;202200029611;761 175;B01;1;2;0;2;1;5;1;
45638;202200029611;761 177;A01;1;7;0;2;2;1;1;
45639;202200029612;761 174;B01;2;7;0;2;1;1;1;
45640;202200029612;761 176;A01;1;2;0;2;1;13;1;
45641;202200029613;761 171;A01;2;2;0;2;1;5;1;
45642;202200029613;761 173;B01;1;7;0;2;1;1;1;
45643;202200029614;761 169;B01;1;7;0;2;8;1;1;
45644;202200029614;761 172;A01;2;7;0;2;3;13;1;
45645;202200029615;761 166;A01;1;7;3;2;3;5;1;
45646;202200029615;761 168;B01;2;7;0;2;3;21;1;
45647;202200029616;761 167;A01;3;7;9;0;1;13;1;
45648;202200029618;761 162;A01;3;7;0;2;2;11;1;
45649;202200029618;761 164;B01;3;7;0;2;1;1;1;
45650;202200029619;761 161;B01;1;2;0;2;1;1;1;
45651;202200029619;761 163;A01;1;7;0;2;1;15;1;
45652;202200029620;761 158;A01;0;7;13;2;9;17;0;
45653;202200029621;761 157;A01;1;50;0;4;1;1;3;
45654;202200029621;761 159;B01;1;40;0;9;3;1;3;
45655;202200029622;761 156;A01;2;7;0;9;3;15;1;
45656;202200029622;761 160;B01;1;33;0;2;3;1;1;
45657;202200029623;761 155;A01;2;7;0;0;1;1;1;
45658;202200029624;761 153;B01;2;1;0;2;2;1;5;
45659;202200029624;761 154;A01;2;7;0;2;3;9;1;
45660;202200029625;761 151;A01;1;7;13;0;1;1;1;
45661;202200029626;761 149;A01;2;17;0;0;6;1;1;
45662;202200029626;761 152;B01;2;7;0;2;2;0;1;
45663;202200029627;761 148;A01;1;7;0;2;3;0;1;
45664;202200029627;761 150;B01;3;30;0;2;1;0;1;
45665;202200029628;761 146;B01;2;14;1;0;2;1;1;
45666;202200029628;761 147;A01;2;10;0;0;6;9;1;
45667;202200029630;761 140;A01;2;7;0;1;1;1;1;
45668;202200029631;761 141;A01;2;7;3;2;2;12;1;
45669;202200029631;761 144;B01;2;7;4;0;0;0;1;
45670;202200029632;761 142;B01;0;80;0;2;8;15;3;
45671;202200029632;761 145;A01;0;7;0;2;3;1;1;
45672;202200029633;761 138;A01;2;7;4;0;3;2;1;
45673;202200029634;761 137;A01;2;10;0;2;1;2;1;
45674;202200029634;761 139;B01;2;7;0;2;4;2;3;
45675;202200029635;761 133;A01;3;1;0;2;2;19;5;
45676;202200029635;761 136;B01;3;7;0;2;8;1;1;
45677;202200029636;761 134;A01;1;7;17;0;3;1;1;
45678;202200029637;761 132;A01;0;31;0;2;1;1;1;
45679;202200029637;761 135;B01;3;7;0;2;2;15;1;
45680;202200029638;761 131;A01;3;2;0;0;0;1;1;
45681;202200029639;761 126;A01;1;7;0;0;3;1;1;
45682;202200029639;761 128;B01;1;7;0;2;2;2;1;
45683;202200029639;761 130;C01;1;7;0;2;1;2;1;
45684;202200029640;761 124;B01;1;7;0;2;1;0;1;
45685;202200029640;761 127;A01;2;32;0;2;1;15;1;
45686;202200029641;761 125;B01;1;38;0;2;3;1;1;1.0
45687;202200029641;761 129;A01;2;10;0;2;3;21;1;
45688;202200029642;761 122;A01;2;7;0;0;3;1;1;
45689;202200029642;761 123;B01;1;1;0;0;1;1;5;
45690;202200029643;761 120;A01;3;7;0;9;1;26;1;
45691;202200029643;761 121;B01;3;30;0;2;4;26;1;
45692;202200029644;761 117;A01;0;7;0;2;0;26;1;
45693;202200029644;761 119;B01;1;1;0;2;0;9;5;
45694;202200029645;761 118;A01;1;7;0;1;1;1;1;
45695;202200029646;761 116;A01;1;7;0;1;3;17;1;
45696;202200029647;761 114;B01;2;7;0;2;1;1;1;
45697;202200029647;761 115;A01;1;7;0;2;1;13;1;
45698;202200029648;761 113;A01;2;7;0;0;9;0;1;
45699;202200029649;761 112;A01;2;7;8;0;0;0;1;
45700;202200029650;761 111;A01;1;7;13;0;9;17;1;
45701;202200029651;761 108;A01;1;7;0;2;3;15;1;
45702;202200029651;761 110;B01;1;32;0;2;2;1;1;
45703;202200029652;761 106;B01;1;7;0;2;1;0;1;
45704;202200029652;761 107;A01;2;7;0;2;1;0;1;
45705;202200029653;761 105;B01;3;2;0;0;4;15;1;
45706;202200029653;761 109;A01;3;7;0;2;2;17;1;
45707;202200029654;761 102;A01;2;7;0;2;1;5;1;
45708;202200029654;761 103;B01;1;7;0;2;1;1;1;
45709;202200029656;761 099;A01;1;7;0;2;1;1;1;
45710;202200029656;761 100;B01;1;1;0;0;4;1;5;
45711;202200029657;761 096;B01;3;40;0;2;2;1;0;
45712;202200029657;761 097;A01;3;7;0;4;3;0;1;
45713;202200029658;761 094;C01;0;7;0;2;3;15;1;
45714;202200029658;761 095;B01;0;7;0;2;3;1;1;
45715;202200029658;761 098;A01;0;7;0;2;1;23;1;
45716;202200029659;761 091;A01;3;7;0;2;3;1;1;
45717;202200029659;761 093;B01;3;7;0;2;3;1;1;
45718;202200029660;761 089;B01;2;7;0;2;5;19;1;
45719;202200029660;761 090;A01;2;33;0;2;1;1;1;
45720;202200029661;761 086;A01;2;10;0;2;3;13;1;
45721;202200029661;761 087;B01;1;33;0;2;3;1;1;
45722;202200029662;761 088;B01;1;7;0;2;1;1;1;
45723;202200029662;761 092;A01;1;2;2;0;4;1;1;
45724;202200029663;761 082;B01;1;7;0;2;3;1;1;
45725;202200029663;761 084;A01;2;7;0;2;3;1;1;
45726;202200029664;761 083;A01;2;7;0;2;1;2;1;
45727;202200029664;761 085;B01;1;7;0;2;4;2;1;
45728;202200029666;761 079;B01;2;7;0;2;2;1;1;
45729;202200029666;761 080;A01;3;10;0;2;3;26;1;
45730;202200029667;761 077;A01;3;36;2;0;1;13;1;
45731;202200029668;761 074;A01;1;7;9;0;0;1;1;
45732;202200029669;761 073;B01;2;33;0;2;9;1;1;
45733;202200029669;761 075;A01;1;7;0;2;2;15;1;
45734;202200029671;761 071;Z01;3;7;0;1;3;1;1;
45735;202200029672;761 068;A01;1;7;0;9;2;9;3;
45736;202200029672;761 070;B01;3;80;0;2;7;1;3;
45737;202200029673;761 063;A01;2;7;0;2;1;5;1;
45738;202200029673;761 066;B01;1;7;0;2;1;1;0;
45739;202200029674;761 065;Z01;1;7;0;2;0;17;3;
45740;202200029674;761 067;A01;1;60;0;2;0;1;5;
45741;202200029675;761 064;B01;2;10;0;2;1;1;1;
45742;202200029675;761 069;A01;1;7;0;2;1;13;1;
45743;202200029676;761 062;A01;0;7;2;0;1;0;1;
45744;202200029677;761 060;A01;1;7;10;0;1;1;1;
45745;202200029678;761 061;A01;1;7;1;0;9;14;1;
45746;202200029680;761 056;A01;3;7;0;1;4;20;2;
45747;202200029681;761 053;B01;1;1;0;2;1;0;5;
45748;202200029681;761 054;A01;1;7;0;2;3;0;1;
45749;202200029682;761 055;B01;1;10;0;2;2;1;1;
45750;202200029682;761 059;A01;2;30;0;2;1;19;1;
45751;202200029683;761 052;A01;1;1;0;1;1;1;5;
45752;202200029684;761 051;A01;1;7;2;0;1;13;1;
45753;202200029685;761 048;B01;1;10;0;2;1;1;1;
45754;202200029685;761 049;A01;2;33;0;2;1;13;1;
45755;202200029686;761 047;Z01;1;10;0;2;6;1;0;
45756;202200029686;761 050;A01;2;1;0;2;1;1;5;
45757;202200029687;761 044;A01;2;43;0;2;1;13;1;
45758;202200029687;761 045;B01;1;7;0;2;2;1;1;
45759;202200029688;761 046;A01;1;7;0;1;1;1;1;
45760;202200029689;761 043;A01;1;15;3;0;3;13;1;
45761;202200029690;761 041;A01;0;10;0;2;0;1;1;
45762;202200029690;761 042;B01;0;7;0;0;8;15;1;
45763;202200029691;761 038;B01;1;7;0;2;3;2;1;
45764;202200029691;761 039;A01;2;2;0;2;1;15;1;
45765;202200029692;761 037;A01;0;10;9;0;0;2;1;
45766;202200029694;761 036;A01;1;7;0;2;2;1;1;
45767;202200029694;761 040;B01;0;7;0;2;7;19;1;
45768;202200029695;761 033;A01;2;7;0;0;6;1;1;
45769;202200029695;761 034;B01;2;33;0;2;1;0;1;
45770;202200029696;761 027;C01;1;7;0;2;4;1;1;
45771;202200029696;761 028;B01;1;7;0;2;4;1;1;
45772;202200029696;761 030;A01;1;7;0;2;1;1;1;
45773;202200029697;761 029;B01;0;1;1;9;1;1;5;
45774;202200029697;761 031;A01;3;7;0;2;8;24;1;
45775;202200029698;761 025;A01;2;10;0;2;3;19;1;
45776;202200029698;761 026;B01;1;1;0;2;7;1;5;
45777;202200029699;761 023;B01;2;7;0;2;3;1;3;
45778;202200029699;761 024;A01;1;31;0;2;3;17;1;
45779;202200029700;761 021;A01;3;2;0;2;2;1;1;
45780;202200029700;761 022;C01;3;7;0;2;6;9;1;
45781;202200029701;761 020;A01;1;7;0;0;0;1;1;
45782;202200029703;761 015;C01;2;10;0;2;8;1;1;
45783;202200029703;761 016;B01;2;7;0;2;2;1;1;
45784;202200029703;761 017;A01;2;33;0;2;8;18;1;
45785;202200029704;761 012;B01;2;14;0;2;2;1;1;
45786;202200029704;761 013;A01;2;7;0;2;6;11;1;
45787;202200029705;761 009;A01;2;7;0;2;2;12;1;
45788;202200029705;761 010;C01;2;7;0;2;4;2;1;
45789;202200029705;761 011;B01;2;31;0;2;8;2;1;
45790;202200029706;761 008;A01;2;31;0;0;5;1;1;
45791;202200029707;761 006;A01;1;7;0;2;3;26;1;
45792;202200029707;761 007;Z01;1;7;6;2;0;26;0;
45793;202200029708;761 003;B01;2;2;0;2;1;1;1;
45794;202200029708;761 004;Z01;2;2;0;2;0;0;1;
45795;202200029711;760 997;A01;1;2;14;2;1;17;1;
45796;202200029711;760 998;B01;1;7;0;2;6;2;1;
45797;202200029712;760 996;A01;1;30;12;0;1;9;2;
45798;202200029713;760 994;A01;3;7;13;0;1;14;1;
45799;202200029714;760 993;A01;2;7;0;2;1;1;1;
45800;202200029714;760 995;B01;1;2;0;2;0;0;3;
45801;202200029715;760 989;A01;2;7;14;2;3;9;1;
45802;202200029715;760 990;B01;2;2;14;2;1;9;1;
45803;202200029715;760 991;C01;2;7;0;2;6;9;1;
45804;202200029716;760 988;A01;3;7;0;2;3;15;1;
45805;202200029716;760 992;B01;3;33;0;2;1;1;1;
45806;202200029717;760 987;A01;2;7;0;1;3;2;1;
45807;202200029718;760 984;A01;1;7;0;2;2;0;1;
45808;202200029718;760 986;B01;2;2;0;2;7;13;1;
45809;202200029719;760 983;B01;1;31;0;2;1;26;1;
45810;202200029719;760 985;A01;3;7;0;2;2;15;1;
45811;202200029720;760 981;A01;3;1;0;2;1;9;5;
45812;202200029720;760 982;B01;3;7;0;2;3;1;1;
45813;202200029721;760 980;A01;0;0;0;1;1;26;0;
45814;202200029722;760 978;B01;1;1;0;2;1;1;5;
45815;202200029722;760 979;A01;2;7;0;2;2;15;1;
45816;202200029723;760 977;A01;1;7;13;0;6;11;1;
45817;202200029724;760 976;A01;2;7;0;1;1;1;1;
45818;202200029726;760 973;A01;3;33;0;0;0;1;1;
45819;202200029727;760 972;B01;1;10;0;2;4;23;1;
45820;202200029727;760 974;A01;1;7;1;0;1;2;1;
45821;202200029728;760 969;A01;0;7;0;2;1;17;0;
45822;202200029728;760 970;B01;0;7;0;2;3;10;1;
45823;202200029729;760 968;B01;1;7;0;2;1;23;1;
45824;202200029729;760 971;A01;2;7;4;2;3;26;1;
45825;202200029730;760 964;A01;2;7;0;2;2;15;1;
45826;202200029730;760 966;B01;1;2;0;2;1;1;1;
45827;202200029731;760 965;A01;1;7;0;2;2;1;1;
45828;202200029731;760 967;B01;1;7;0;2;2;1;1;
45829;202200029732;760 961;B01;2;1;0;2;1;5;5;
45830;202200029732;760 963;A01;1;7;0;9;2;16;1;
45831;202200029733;760 960;A01;2;7;0;2;3;15;1;
45832;202200029733;760 962;B01;1;30;0;2;1;1;1;
45833;202200029734;760 958;B01;3;7;0;0;5;24;1;
45834;202200029734;760 959;A01;2;7;0;1;2;1;1;
45835;202200029735;760 957;A01;3;7;3;0;1;0;3;
45836;202200029736;760 956;A01;1;7;1;2;2;14;1;
45837;202200029737;760 954;A01;2;7;0;2;6;15;1;
45838;202200029737;760 955;B01;2;1;0;2;1;17;5;
45839;202200029739;760 950;A01;2;7;0;2;8;15;1;
45840;202200029739;760 952;B01;2;2;0;2;0;0;1;
45841;202200029740;760 949;B01;3;7;0;2;0;0;1;
45842;202200029740;760 951;A01;3;7;0;2;0;26;1;
45843;202200029741;760 948;A01;1;30;0;1;1;17;1;
45844;202200029742;760 947;A01;1;13;0;1;5;4;1;
45845;202200029743;760 946;A01;0;0;2;0;1;13;0;
45846;202200029744;760 945;A01;2;32;1;0;1;1;1;
45847;202200029745;760 942;B01;3;30;0;2;1;1;1;
45848;202200029745;760 944;A01;3;7;0;2;1;15;1;
45849;202200029747;760 936;A01;1;7;0;2;2;15;1;
45850;202200029747;760 939;B01;3;50;0;2;1;25;3;
45851;202200029748;760 935;A01;2;7;0;1;3;1;1;
45852;202200029749;760 934;A01;2;38;0;1;1;15;6;1.0
45853;202200029750;760 931;A01;3;7;0;2;1;1;1;
45854;202200029750;760 933;B01;3;30;0;2;8;1;1;
45855;202200029751;760 930;B01;1;7;1;2;9;1;1;
45856;202200029751;760 932;A01;1;7;0;2;1;1;1;
45857;202200029752;760 927;A01;2;7;7;0;1;14;1;
45858;202200029753;760 928;B01;1;7;0;2;4;23;1;
45859;202200029753;760 929;A01;1;7;0;2;1;1;1;
45860;202200029754;760 924;A01;1;32;12;2;3;1;1;
45861;202200029754;760 925;B01;1;7;0;2;6;11;1;
45862;202200029755;760 923;B01;1;7;0;2;4;23;1;
45863;202200029755;760 926;A01;1;7;0;2;1;17;1;
45864;202200029756;760 921;A01;1;7;13;0;1;1;1;