;Num_Acc;id_vehicule;num_veh;senc;catv;obs;obsm;choc;manv;motor;occutc
45865;202200029758;760 918;A01;1;7;0;2;1;1;3;
45866;202200029758;760 919;B01;1;1;0;2;7;1;5;
45867;202200029759;760 917;A01;0;33;0;0;0;1;1;
45868;202200029760;760 916;A01;2;7;0;1;2;1;1;
45869;202200029761;760 914;B01;0;33;0;2;7;1;1;
45870;202200029761;760 915;A01;0;7;0;2;2;9;1;
45871;202200029762;760 912;B01;1;99;0;2;0;0;0;
45872;202200029762;760 913;A01;1;7;0;2;8;15;1;
45873;202200029763;760 910;B01;2;7;0;2;4;23;1;
45874;202200029763;760 911;A01;2;7;0;2;1;2;1;
45875;202200029764;760 908;B01;1;7;0;2;7;1;1;
45876;202200029764;760 909;A01;1;10;0;2;3;1;1;
45877;202200029765;760 906;B01;1;17;0;2;8;1;1;
45878;202200029765;760 907;A01;2;7;3;2;1;13;1;
45879;202200029767;760 900;A01;2;7;0;1;1;26;1;
45880;202200029768;760 898;A01;3;33;0;2;5;26;1;
45881;202200029768;760 899;B01;3;7;0;2;5;13;1;
45882;202200029769;760 897;A01;1;7;0;1;1;19;0;
45883;202200029770;760 896;A01;3;7;0;1;1;26;1;
45884;202200029771;760 895;A01;3;7;0;1;1;2;1;
45885;202200029773;760 890;A01;1;17;0;2;1;1;1;
45886;202200029773;760 891;D01;1;7;0;2;4;1;1;
45887;202200029773;760 892;C01;1;7;0;2;4;1;1;
45888;202200029773;760 893;B01;1;7;0;2;4;1;1;
45889;202200029774;760 888;B01;1;7;0;2;6;1;1;
45890;202200029774;760 889;A01;1;7;0;2;2;17;1;
45891;202200029775;760 886;B01;3;31;0;2;2;1;1;
45892;202200029775;760 887;A01;3;7;0;2;3;9;1;
45893;202200029776;760 884;B01;2;33;0;2;2;0;1;
45894;202200029776;760 885;A01;2;7;0;2;3;15;1;
45895;202200029777;760 882;B01;3;1;0;2;8;15;0;
45896;202200029777;760 883;A01;1;7;0;2;0;0;1;
45897;202200029778;760 880;A01;1;7;0;2;1;1;1;
45898;202200029778;760 881;B01;1;7;0;2;4;0;1;
45899;202200029779;760 878;A01;1;10;0;2;1;2;1;
45900;202200029779;760 879;B01;1;10;0;2;4;2;1;
45901;202200029780;760 876;B01;2;1;0;2;4;1;5;
45902;202200029780;760 877;A01;2;10;0;2;1;1;1;
45903;202200029781;760 874;A01;1;7;0;2;1;19;1;
45904;202200029781;760 875;B01;3;7;0;2;8;1;1;
45905;202200029782;760 872;B01;1;2;0;2;1;1;1;
45906;202200029782;760 873;A01;2;7;0;2;2;15;1;
45907;202200029783;760 871;A01;1;7;8;0;1;13;1;
45908;202200029784;760 870;A01;2;7;0;1;1;1;1;
45909;202200029785;760 869;A01;2;7;0;0;1;17;3;
45910;202200029787;760 866;A01;1;34;14;0;1;1;1;
45911;202200029788;760 865;A01;1;7;14;0;1;14;1;
45912;202200029789;760 864;A01;1;33;0;0;8;1;1;
45913;202200029790;760 863;A01;1;50;16;0;0;21;3;
45914;202200029791;760 861;A01;2;7;0;2;1;13;1;
45915;202200029791;760 862;B01;1;15;0;2;3;0;1;
45916;202200029792;760 860;A01;1;10;0;1;3;1;1;
45917;202200029793;760 859;A01;3;10;1;1;1;1;1;
45918;202200029794;760 856;A01;1;7;0;2;4;2;1;
45919;202200029794;760 857;B01;1;7;0;2;1;2;1;
45920;202200029794;760 858;C01;1;7;0;2;0;0;1;
45921;202200029795;760 854;A01;0;30;12;2;2;1;1;
45922;202200029795;760 855;B01;0;7;0;2;1;1;1;
45923;202200029796;760 852;B01;1;1;0;2;1;1;5;
45924;202200029796;760 853;A01;1;7;0;2;1;15;1;
45925;202200029797;760 851;A01;1;7;0;1;1;15;1;
45926;202200029798;760 849;B01;1;7;0;2;1;1;1;
45927;202200029798;760 850;A01;1;7;0;5;1;1;1;
45928;202200029799;760 847;B01;3;37;0;2;7;1;1;1.0
45929;202200029799;760 848;A01;3;1;0;2;1;9;5;
45930;202200029800;760 845;B01;1;10;0;2;1;1;1;
45931;202200029800;760 846;A01;3;33;0;2;0;0;1;
45932;202200029801;760 843;A01;1;10;9;4;3;15;1;
45933;202200029801;760 844;B01;1;40;0;2;1;1;3;
45934;202200029802;760 842;A01;2;7;0;1;1;1;1;
45935;202200029803;760 840;A01;1;7;0;2;2;15;1;
45936;202200029803;760 841;B01;2;33;0;2;1;1;1;
45937;202200029804;760 839;A01;0;7;0;1;2;26;1;
45938;202200029805;760 837;A01;1;7;0;1;2;15;1;
45939;202200029806;760 835;B01;1;31;0;2;1;2;1;
45940;202200029806;760 836;A01;1;7;0;2;3;10;1;
45941;202200029807;760 831;A01;3;10;0;2;1;14;1;
45942;202200029807;760 832;B01;3;7;0;2;1;12;1;
45943;202200029807;760 833;C01;3;7;0;2;4;1;1;
45944;202200029807;760 834;Z01;3;17;0;2;4;23;0;
45945;202200029808;760 829;B01;0;7;0;2;3;2;1;
45946;202200029808;760 830;A01;0;32;0;2;7;17;1;
45947;202200029809;760 827;A01;1;10;0;2;8;15;1;
45948;202200029809;760 828;B01;1;7;0;2;1;0;1;
45949;202200029810;760 825;B01;3;99;0;2;8;19;0;
45950;202200029810;760 826;A01;1;7;0;2;1;1;1;
45951;202200029811;760 824;A01;1;32;0;1;1;26;0;
45952;202200029812;760 822;B01;2;30;0;2;1;23;1;
45953;202200029812;760 823;A01;2;32;0;2;4;2;1;
45954;202200029813;760 820;A01;2;7;0;2;1;17;1;
45955;202200029813;760 821;B01;1;32;0;2;1;17;1;
45956;202200029814;760 818;B01;1;7;0;9;7;1;2;
45957;202200029814;760 819;A01;1;1;0;2;8;13;5;
45958;202200029815;760 816;A01;1;7;0;1;3;1;1;
45959;202200029816;760 815;Z01;1;33;0;1;1;25;1;
45960;202200029817;760 813;B01;1;32;0;2;1;1;1;
45961;202200029817;760 814;A01;1;7;0;2;8;10;1;
45962;202200029818;760 812;A01;2;32;0;0;1;13;1;
45963;202200029819;760 810;B01;1;1;0;2;4;14;5;
45964;202200029819;760 811;A01;1;1;0;2;1;18;5;
45965;202200029820;760 808;A01;2;30;0;2;0;1;1;
45966;202200029820;760 809;Z01;1;7;0;2;0;26;0;
45967;202200029821;760 806;A01;1;32;0;2;3;1;1;
45968;202200029821;760 807;B01;1;7;0;2;6;23;1;
45969;202200029822;760 804;B01;2;80;0;2;1;1;3;
45970;202200029822;760 805;A01;2;10;0;2;2;16;6;
45971;202200029823;760 802;A01;2;50;0;2;2;18;3;
45972;202200029823;760 803;B01;2;1;0;2;1;14;5;
45973;202200029824;760 801;A01;2;7;0;1;3;15;1;
45974;202200029825;760 799;A01;1;80;0;2;1;1;3;
45975;202200029825;760 800;Z01;2;80;0;2;1;13;3;
45976;202200029826;760 797;A01;3;33;0;2;1;1;1;
45977;202200029826;760 798;B01;1;7;0;2;4;1;1;
45978;202200029827;760 795;A01;2;7;0;2;3;15;2;
45979;202200029827;760 796;B01;2;30;0;2;1;17;3;
45980;202200029828;760 794;A01;3;1;0;1;1;1;5;
45981;202200029829;760 791;B01;2;7;0;2;1;2;1;
45982;202200029829;760 792;C01;2;7;0;2;4;2;1;
45983;202200029829;760 793;A01;2;7;0;2;1;2;1;
45984;202200029830;760 789;A01;2;32;0;2;8;2;0;
45985;202200029830;760 790;B01;1;7;0;2;7;15;1;
45986;202200029831;760 788;A01;2;7;0;1;2;1;2;
45987;202200029834;760 783;A01;2;2;0;1;1;1;1;
45988;202200029835;760 782;A01;1;33;14;0;2;14;1;
45989;202200029836;760 780;A01;3;7;0;2;1;6;6;
45990;202200029836;760 781;B01;1;7;0;2;5;1;0;
45991;202200029837;760 779;A01;0;31;0;0;3;1;1;
45992;202200029838;760 777;A01;1;7;0;2;8;9;1;
45993;202200029838;760 778;B01;1;14;0;2;1;0;1;
45994;202200029840;760 775;A01;1;1;0;1;1;5;5;
45995;202200029841;760 773;B01;2;33;0;2;1;1;1;
45996;202200029841;760 774;A01;1;10;0;2;2;15;1;
45997;202200029842;760 771;B01;1;2;0;2;0;1;1;
45998;202200029842;760 772;A01;3;7;0;2;8;10;1;
45999;202200029843;760 768;A01;2;7;1;0;2;1;1;
46000;202200029843;760 769;B01;2;1;0;0;4;23;5;
46001;202200029843;760 770;C01;2;7;0;0;8;23;1;
46002;202200029844;760 767;A01;3;7;0;1;2;1;1;
46003;202200029845;760 765;B01;1;32;0;2;8;1;1;
46004;202200029845;760 766;A01;2;7;0;2;8;13;1;
46005;202200029846;760 763;A01;1;7;0;2;1;0;1;
46006;202200029846;760 764;B01;2;7;0;2;1;1;1;
46007;202200029847;760 762;A01;3;2;0;0;0;9;3;
46008;202200029848;760 761;A01;2;17;0;1;2;11;1;
46009;202200029849;760 759;A01;2;7;0;2;1;13;1;
46010;202200029849;760 760;B01;1;7;0;2;1;1;1;
46011;202200029850;760 758;A01;2;7;13;0;3;13;1;
46012;202200029852;760 754;B01;3;7;3;0;3;19;1;
46013;202200029852;760 755;A01;3;7;0;0;1;21;1;
46014;202200029853;760 752;A01;2;7;0;2;1;1;1;
46015;202200029853;760 753;B01;2;10;0;0;4;2;1;
46016;202200029854;760 751;A01;1;7;2;0;1;1;1;
46017;202200029856;760 748;A01;3;7;13;0;3;17;1;
46018;202200029857;760 747;A01;1;30;0;9;0;1;1;
46019;202200029858;760 745;B01;0;10;0;2;8;15;1;
46020;202200029858;760 746;A01;3;7;0;2;3;1;2;
46021;202200029859;760 744;A01;1;7;0;1;2;1;1;
46022;202200029860;760 743;A01;1;10;0;1;2;1;1;
46023;202200029861;760 741;A01;2;7;0;2;2;1;1;
46024;202200029861;760 742;B01;1;7;0;2;8;19;1;
46025;202200029862;760 739;B01;1;7;0;0;3;15;1;
46026;202200029862;760 740;A01;1;2;0;2;2;17;1;
46027;202200029864;760 736;A01;2;7;13;2;7;14;1;
46028;202200029864;760 737;B01;2;7;0;2;1;1;1;
46029;202200029865;760 735;A01;0;7;2;0;1;1;1;
46030;202200029866;760 734;A01;2;7;0;1;-1;4;1;
46031;202200029867;760 732;A01;1;7;0;0;3;0;1;
46032;202200029868;760 730;B01;3;10;0;2;6;1;1;
46033;202200029868;760 731;A01;3;2;0;2;2;5;1;
46034;202200029869;760 727;A01;1;10;0;2;1;1;1;
46035;202200029869;760 728;B01;1;10;0;0;4;1;1;
46036;202200029869;760 729;C01;1;10;0;0;4;1;6;
46037;202200029870;760 725;B01;0;7;0;2;1;1;1;
46038;202200029870;760 726;A01;1;7;0;2;1;1;1;
46039;202200029871;760 722;A01;1;7;0;2;3;19;1;
46040;202200029871;760 723;B01;2;33;0;2;8;1;1;
46041;202200029872;760 721;A01;1;7;2;0;1;14;1;
46042;202200029873;760 720;A01;2;7;2;0;1;1;1;
46043;202200029874;760 719;A01;2;7;13;0;1;1;1;
46044;202200029875;760 716;B01;2;2;0;2;1;1;1;
46045;202200029875;760 717;A01;1;7;0;2;2;15;1;
46046;202200029876;760 714;A01;3;7;0;2;3;5;1;
46047;202200029876;760 715;B01;3;7;0;2;3;1;1;
46048;202200029877;760 712;B01;1;33;0;0;1;1;1;
46049;202200029877;760 713;A01;2;7;0;0;0;11;1;
46050;202200029878;760 711;A01;3;36;0;0;0;1;1;
46051;202200029880;760 709;A01;3;7;8;0;2;1;1;
46052;202200029881;760 708;A01;2;33;0;6;1;1;1;
46053;202200029882;760 707;A01;3;2;13;0;1;1;1;
46054;202200029883;760 705;A01;2;7;0;2;3;2;1;
46055;202200029883;760 706;B01;2;31;0;0;4;2;1;
46056;202200029884;760 704;A01;0;31;8;0;1;1;1;
46057;202200029885;760 702;A01;1;10;0;2;3;13;1;
46058;202200029885;760 703;B01;2;17;0;2;8;1;1;
46059;202200029886;760 701;A01;2;33;0;0;0;1;1;
46060;202200029887;760 700;A01;1;7;0;1;3;26;1;
46061;202200029888;760 698;B01;1;7;0;2;1;1;1;
46062;202200029888;760 699;A01;1;7;0;2;4;1;1;
46063;202200029889;760 694;B01;1;7;0;2;1;2;1;
46064;202200029889;760 695;C01;1;7;0;2;1;2;1;
46065;202200029889;760 696;A01;1;7;0;2;2;2;1;
46066;202200029889;760 697;D01;1;7;0;2;1;2;1;
46067;202200029890;760 692;Z01;1;7;0;2;3;9;0;
46068;202200029890;760 693;B01;1;7;0;2;5;23;1;
46069;202200029891;760 691;A01;2;7;0;0;1;0;1;
46070;202200029892;760 688;A01;1;7;0;2;1;2;1;
46071;202200029892;760 689;B01;1;7;0;2;4;2;1;
46072;202200029892;760 690;C01;2;7;0;2;4;1;1;
46073;202200029893;760 685;C01;1;10;0;2;2;1;1;
46074;202200029893;760 686;B01;1;7;0;2;8;1;1;
46075;202200029893;760 687;A01;1;31;0;2;7;17;3;
46076;202200029894;760 683;A01;2;7;0;2;2;2;1;
46077;202200029894;760 684;B01;2;7;4;2;4;2;1;
46078;202200029895;760 681;B01;2;7;0;2;3;11;1;
46079;202200029895;760 682;A01;2;33;0;2;5;3;1;
46080;202200029896;760 679;B01;1;7;0;2;4;2;1;
46081;202200029896;760 680;A01;1;7;0;2;1;2;1;
46082;202200029897;760 677;A01;1;7;0;2;7;12;1;
46083;202200029897;760 678;B01;1;14;0;2;6;1;1;
46084;202200029899;760 672;C01;1;7;0;2;0;0;1;
46085;202200029899;760 673;B01;1;7;0;2;0;1;1;
46086;202200029899;760 674;A01;1;7;0;2;9;2;1;
46087;202200029900;760 670;B01;2;33;0;2;1;1;1;
46088;202200029900;760 671;A01;2;7;0;2;3;11;1;
46089;202200029901;760 667;A01;2;10;0;2;1;1;1;
46090;202200029901;760 668;B01;2;7;0;2;4;1;1;
46091;202200029901;760 669;C01;2;7;0;2;4;1;1;
46092;202200029902;760 665;B01;2;43;0;2;1;1;1;
46093;202200029902;760 666;A01;2;7;0;2;6;11;1;
46094;202200029903;760 659;A01;1;7;0;2;1;2;1;
46095;202200029903;760 660;B01;1;7;0;2;4;2;1;
46096;202200029903;760 661;C01;1;7;0;2;4;2;1;
46097;202200029903;760 662;D01;1;7;0;2;4;2;1;
46098;202200029904;760 657;A01;2;7;0;2;3;11;1;
46099;202200029904;760 658;B01;2;33;0;2;1;3;1;
46100;202200029905;760 655;B01;2;7;0;2;4;2;2;
46101;202200029905;760 656;A01;2;10;0;2;1;2;1;
46102;202200029906;760 653;A01;2;10;0;2;6;11;1;
46103;202200029906;760 654;B01;2;33;0;2;7;1;1;
46104;202200029907;760 652;A01;3;7;0;1;5;4;-1;
46105;202200029908;760 651;A01;1;7;0;1;1;0;1;
46106;202200029909;760 649;B01;1;7;0;2;2;2;1;
46107;202200029909;760 650;A01;1;7;0;2;3;9;1;
46108;202200029910;760 647;A01;1;7;0;2;1;1;1;
46109;202200029910;760 648;B01;2;37;0;2;7;1;0;1.0
46110;202200029911;760 645;A01;0;7;0;2;4;1;1;
46111;202200029911;760 646;B01;0;13;1;2;1;1;1;
46112;202200029913;760 641;A01;0;33;0;2;1;1;1;
46113;202200029913;760 642;B01;0;7;0;2;2;6;1;
46114;202200029914;760 640;A01;2;7;0;1;0;0;1;
46115;202200029915;760 638;B01;2;7;0;2;1;1;1;
46116;202200029915;760 639;A01;1;7;0;2;6;26;0;
46117;202200029917;760 636;A01;2;7;15;0;1;1;1;
46118;202200029918;760 634;B01;2;7;0;2;6;1;1;
46119;202200029918;760 635;A01;1;7;0;2;1;1;1;
46120;202200029920;760 632;A01;1;7;0;1;3;15;1;
46121;202200029921;760 630;B01;2;7;0;2;6;17;1;
46122;202200029921;760 631;A01;2;31;0;2;1;17;1;
46123;202200029922;760 626;B01;0;33;0;2;1;1;1;
46124;202200029922;760 627;A01;0;7;0;2;1;15;1;
46125;202200029923;760 624;A01;2;7;0;2;7;13;1;
46126;202200029923;760 625;B01;1;10;0;2;1;1;1;
46127;202200029924;760 622;B01;2;33;0;2;8;3;5;
46128;202200029924;760 623;A01;2;7;0;2;7;12;1;
46129;202200029926;760 617;A01;3;7;8;0;1;14;1;
46130;202200029927;760 616;A01;1;7;0;2;1;1;1;
46131;202200029927;760 618;B01;1;7;0;2;4;1;1;
46132;202200029927;760 619;C01;1;7;0;2;4;1;2;
46133;202200029928;760 613;A01;1;7;0;2;2;13;1;
46134;202200029928;760 615;B01;2;7;15;2;1;1;1;
46135;202200029930;760 611;A01;3;7;2;0;2;1;1;
46136;202200029931;760 609;B01;2;31;0;2;1;3;1;
46137;202200029931;760 610;A01;2;7;0;2;5;14;1;
46138;202200029932;760 608;A01;2;7;0;1;3;1;1;
46139;202200029933;760 606;B01;1;7;0;2;8;1;1;
46140;202200029933;760 607;A01;1;17;0;2;2;12;1;
46141;202200029934;760 605;A01;1;7;0;1;2;1;1;
46142;202200029936;760 601;A01;1;7;0;2;1;1;1;
46143;202200029936;760 602;B01;1;7;0;2;4;1;1;
46144;202200029937;760 598;A01;2;7;0;2;2;12;1;
46145;202200029937;760 599;B01;2;33;0;2;3;3;1;
46146;202200029937;760 600;C01;2;7;0;2;0;0;1;
46147;202200029939;760 596;A01;2;7;0;0;0;14;1;
46148;202200029940;760 593;A01;1;7;16;9;9;0;1;
46149;202200029941;760 592;A01;1;33;0;2;3;26;1;
46150;202200029942;760 589;B01;1;7;0;2;1;13;1;
46151;202200029942;760 591;A01;1;21;0;0;6;1;1;
46152;202200029945;760 583;A01;2;2;0;2;3;15;1;
46153;202200029945;760 585;B01;2;7;0;2;3;1;1;
46154;202200029946;760 580;A01;1;31;0;2;7;26;1;
46155;202200029947;760 579;B01;1;10;0;2;3;13;1;
46156;202200029947;760 581;A01;2;7;0;2;3;1;1;
46157;202200029948;760 576;A01;1;7;0;1;2;2;1;
46158;202200029949;760 577;B01;2;7;0;0;8;1;1;
46159;202200029949;760 578;A01;1;33;0;2;3;13;1;
46160;202200029950;760 573;B01;1;7;0;2;7;19;1;
46161;202200029950;760 575;A01;1;1;0;2;1;1;5;
46162;202200029951;760 572;A01;1;32;0;2;3;17;1;
46163;202200029951;760 574;B01;1;7;0;2;3;15;1;
46164;202200029952;760 569;B01;1;33;0;2;1;1;1;
46165;202200029952;760 571;A01;1;10;0;2;7;19;1;
46166;202200029953;760 568;B01;1;7;0;2;6;23;1;
46167;202200029953;760 570;A01;1;7;1;0;2;14;1;
46168;202200029954;760 566;A01;2;21;6;0;1;1;1;
46169;202200029955;760 565;A01;3;7;0;2;1;15;1;
46170;202200029955;760 567;B01;3;30;0;2;2;1;1;
46171;202200029956;760 564;A01;1;33;13;0;7;1;1;
46172;202200029957;760 561;A01;1;34;0;2;1;17;1;
46173;202200029957;760 563;B01;2;7;0;2;2;26;1;
46174;202200029958;760 562;A01;1;7;8;0;1;1;1;
46175;202200029959;760 558;A01;2;7;13;0;9;14;1;
46176;202200029960;760 559;A01;1;7;0;2;6;11;1;
46177;202200029960;760 560;B01;1;32;0;2;9;1;1;
46178;202200029961;760 555;B01;1;33;0;2;1;1;1;
46179;202200029961;760 557;A01;2;7;0;2;3;13;1;
46180;202200029962;760 554;A01;1;7;0;2;6;15;1;
46181;202200029962;760 556;B01;1;33;0;2;1;1;1;
46182;202200029963;760 553;A01;3;7;6;0;1;1;1;
46183;202200029964;760 549;A01;1;7;0;2;1;13;1;
46184;202200029964;760 551;B01;2;7;0;2;1;1;1;
46185;202200029965;760 548;A01;1;7;0;2;2;11;1;
46186;202200029965;760 550;B01;1;7;0;2;6;1;1;
46187;202200029965;760 552;Z01;1;0;0;2;0;1;0;
46188;202200029966;760 547;A01;0;7;2;0;1;15;1;
46189;202200029967;760 545;A01;1;30;0;2;1;5;1;
46190;202200029967;760 546;B01;1;7;0;2;2;9;1;
46191;202200029968;760 544;A01;1;1;0;0;1;0;5;
46192;202200029969;760 543;A01;0;7;13;0;1;2;1;
46193;202200029970;760 541;B01;1;1;0;2;4;1;5;
46194;202200029970;760 542;A01;1;7;0;2;2;1;1;
46195;202200029971;760 539;A01;3;7;0;2;6;23;1;
46196;202200029971;760 540;B01;3;33;0;2;7;1;1;
46197;202200029972;760 537;A01;1;7;0;2;1;2;1;
46198;202200029972;760 538;B01;1;7;0;2;6;1;1;
46199;202200029973;760 535;B01;3;1;0;2;1;1;5;
46200;202200029973;760 536;A01;3;1;0;0;0;1;5;
46201;202200029974;760 533;A01;3;7;2;0;1;13;1;
46202;202200029975;760 532;A01;2;1;0;2;1;14;5;
46203;202200029975;760 534;B01;1;7;0;2;3;13;1;
46204;202200029976;760 530;A01;1;7;6;0;2;1;1;
46205;202200029977;760 529;A01;2;7;0;2;6;11;1;
46206;202200029977;760 531;B01;2;33;0;2;1;1;1;
46207;202200029978;760 526;A01;3;7;0;2;2;19;1;
46208;202200029978;760 528;B01;1;2;0;2;1;1;1;
46209;202200029979;760 525;A01;2;7;0;2;8;9;1;
46210;202200029979;760 527;B01;2;32;0;2;1;3;1;
46211;202200029981;760 522;A01;1;7;0;0;1;13;1;
46212;202200029981;760 523;B01;2;7;0;0;3;1;1;
46213;202200029982;760 521;A01;2;7;0;1;1;15;1;
46214;202200029984;760 519;A01;1;7;13;0;1;13;1;
46215;202200029986;760 514;B01;2;7;0;2;3;23;1;
46216;202200029986;760 515;A01;1;10;0;2;1;16;1;
46217;202200029987;760 513;A01;1;7;0;1;2;1;1;
46218;202200029988;760 511;A01;1;7;0;2;7;21;1;
46219;202200029988;760 512;B01;1;33;0;2;2;1;1;
46220;202200029989;760 510;A01;2;7;13;0;9;13;1;
46221;202200029991;760 507;A01;2;1;6;0;0;1;5;
46222;202200029992;760 505;B01;0;31;0;2;1;1;1;
46223;202200029992;760 506;A01;0;7;0;2;3;1;1;
46224;202200029993;760 503;B01;1;33;0;2;0;1;1;
46225;202200029993;760 504;A01;1;33;0;2;2;21;1;
46226;202200029994;760 500;A01;3;2;6;0;7;25;3;
46227;202200029995;760 499;A01;1;30;0;2;8;15;1;
46228;202200029995;760 501;B01;2;7;0;2;1;19;1;
46229;202200029996;760 496;A01;2;33;0;2;2;2;1;
46230;202200029996;760 498;B01;3;14;0;2;6;16;1;
46231;202200029997;760 495;B01;2;1;0;2;8;1;5;
46232;202200029997;760 497;A01;3;7;0;2;2;9;1;
46233;202200029998;760 492;B01;-1;7;0;2;3;26;1;
46234;202200029998;760 493;A01;-1;33;0;2;3;17;1;
46235;202200029999;760 491;B01;0;39;0;2;1;1;1;
46236;202200029999;760 494;A01;2;15;0;4;3;1;1;
46237;202200030000;760 490;A01;2;7;13;0;1;13;1;
46238;202200030001;760 487;B01;3;7;8;2;5;19;1;
46239;202200030001;760 489;A01;1;7;0;2;1;1;1;
46240;202200030002;760 488;A01;2;7;1;0;0;0;1;
46241;202200030004;760 485;B01;1;1;0;2;7;1;5;
46242;202200030004;760 486;A01;2;33;0;9;1;1;1;
46243;202200030005;760 482;A01;2;14;1;1;7;2;1;
46244;202200030007;760 479;A01;0;7;0;9;0;15;1;
46245;202200030007;760 480;B01;0;50;0;0;0;0;0;
46246;202200030008;760 477;A01;1;7;3;0;3;1;1;
46247;202200030008;760 478;B01;1;7;0;2;3;5;1;
46248;202200030009;760 475;B01;3;31;0;2;1;1;1;
46249;202200030009;760 476;A01;3;7;0;2;3;15;1;
46250;202200030010;760 474;A01;2;7;0;1;3;1;1;
46251;202200030011;760 471;A01;2;7;0;2;1;2;2;
46252;202200030011;760 472;B01;2;15;0;2;4;2;1;
46253;202200030012;760 470;A01;3;7;0;2;5;23;1;
46254;202200030012;760 473;B01;3;99;0;2;0;1;0;
46255;202200030013;760 468;A01;3;7;2;0;1;1;1;
46256;202200030014;760 467;B01;2;7;0;2;1;1;1;
46257;202200030014;760 469;A01;1;7;1;2;1;13;1;
46258;202200030015;760 465;A01;1;33;0;2;1;17;1;
46259;202200030015;760 466;B01;1;10;0;2;5;15;1;
46260;202200030016;760 464;A01;3;7;0;1;1;1;1;
46261;202200030017;760 461;A01;3;7;0;1;1;12;1;
46262;202200030018;760 460;A01;2;7;0;1;8;1;1;
46263;202200030019;760 457;A01;1;7;0;2;1;5;1;
46264;202200030019;760 458;B01;2;33;0;2;1;1;1;
46265;202200030021;760 453;A01;2;7;0;2;1;16;1;
46266;202200030021;760 455;B01;1;7;0;2;1;15;1;
46267;202200030022;760 452;B01;1;7;0;2;6;2;1;
46268;202200030022;760 454;A01;1;7;0;2;1;9;1;
46269;202200030023;760 450;A01;1;7;0;2;1;1;1;
46270;202200030023;760 451;B01;1;7;0;2;4;1;1;
46271;202200030025;760 445;B01;2;7;5;2;1;1;1;
46272;202200030025;760 447;A01;1;7;0;2;7;17;1;
46273;202200030026;760 442;A01;2;7;0;2;8;10;1;
46274;202200030026;760 444;B01;2;33;0;2;1;1;1;
46275;202200030027;760 441;B01;2;7;0;2;5;16;1;
46276;202200030027;760 443;A01;1;37;0;2;3;1;6;2.0
46277;202200030028;760 439;B01;1;33;0;2;0;1;1;
46278;202200030028;760 440;A01;1;7;0;2;3;11;2;
46279;202200030029;760 437;A01;1;7;6;2;4;4;1;
46280;202200030029;760 438;B01;2;13;0;2;5;1;1;
46281;202200030030;760 434;B01;2;2;0;2;1;17;1;
46282;202200030030;760 436;A01;2;7;0;2;3;15;1;
46283;202200030031;760 433;B01;1;1;0;2;1;19;5;
46284;202200030031;760 435;A01;1;7;0;2;2;16;1;
46285;202200030032;760 432;A01;1;33;16;0;9;1;1;
46286;202200030033;760 430;B01;2;50;0;2;0;1;3;
46287;202200030033;760 431;A01;1;50;0;2;0;1;3;
46288;202200030034;760 429;A01;2;7;0;0;9;1;1;
46289;202200030035;760 425;B01;2;33;0;2;6;2;1;
46290;202200030035;760 427;A01;2;7;0;2;2;2;1;
46291;202200030037;760 424;A01;1;7;8;0;1;1;1;
46292;202200030038;760 422;A01;1;7;6;0;1;13;1;
46293;202200030039;760 421;B01;1;7;0;2;1;1;1;
46294;202200030039;760 423;A01;2;7;0;2;2;15;1;
46295;202200030041;760 416;A01;2;7;0;2;1;15;1;
46296;202200030041;760 417;B01;1;2;0;2;1;21;1;
46297;202200030042;760 414;B01;2;33;0;0;3;21;1;
46298;202200030042;760 415;A01;2;7;0;0;5;16;1;
46299;202200030043;760 412;B01;2;7;0;2;4;2;1;
46300;202200030043;760 413;A01;2;7;0;2;1;2;1;
46301;202200030044;760 410;A01;2;7;0;2;3;15;1;
46302;202200030044;760 411;B01;2;33;0;2;1;17;1;
46303;202200030045;760 409;A01;3;7;0;1;2;1;1;
46304;202200030046;760 407;A01;2;2;0;2;1;5;1;
46305;202200030046;760 408;B01;1;7;0;2;1;1;1;
46306;202200030047;760 405;B01;1;7;0;9;3;0;1;
46307;202200030047;760 406;A01;2;33;0;2;2;26;1;
46308;202200030048;760 402;B01;2;7;0;1;1;1;1;
46309;202200030048;760 404;A01;1;33;3;0;3;13;1;
46310;202200030049;760 401;B01;2;1;0;2;7;1;5;
46311;202200030049;760 403;A01;1;7;0;2;1;9;1;
46312;202200030050;760 399;A01;1;7;0;2;3;10;1;
46313;202200030050;760 400;B01;2;31;0;2;2;18;1;
46314;202200030051;760 397;A01;2;7;0;2;2;19;1;
46315;202200030051;760 398;B01;1;7;8;2;3;1;1;
46316;202200030052;760 396;A01;2;31;0;0;7;14;1;
46317;202200030053;760 394;B01;2;7;0;9;2;17;0;
46318;202200030053;760 395;A01;2;1;0;2;4;2;5;
46319;202200030054;760 391;A01;1;7;0;2;2;2;1;
46320;202200030054;760 392;B01;1;1;0;2;4;2;5;
46321;202200030055;760 387;A01;2;7;0;2;2;2;1;
46322;202200030055;760 389;B01;2;7;0;2;4;1;1;
46323;202200030055;760 390;C01;2;7;0;2;4;23;1;
46324;202200030055;760 393;D01;2;7;0;2;1;2;1;
46325;202200030056;760 385;A01;0;36;0;0;3;0;1;