;Num_Acc;id_vehicule;num_veh;senc;catv;obs;obsm;choc;manv;motor;occutc
46326;202200030058;760 379;A01;0;7;0;1;1;0;1;
46327;202200030060;760 376;A01;3;33;0;0;7;1;1;
46328;202200030061;760 373;A01;1;7;0;1;5;21;1;
46329;202200030062;760 372;A01;1;7;0;2;1;5;1;
46330;202200030062;760 374;B01;2;10;0;2;1;1;1;
46331;202200030063;760 370;A01;2;7;0;1;3;26;1;
46332;202200030064;760 369;B01;1;7;0;2;3;1;1;
46333;202200030064;760 371;A01;2;7;0;2;3;1;1;
46334;202200030065;760 367;B01;1;80;0;0;0;2;3;
46335;202200030065;760 368;A01;1;7;0;9;4;26;1;
46336;202200030066;760 366;A01;0;7;3;0;1;1;1;
46337;202200030067;760 365;A01;1;7;4;0;3;9;1;
46338;202200030068;760 363;B01;1;15;0;2;8;1;0;
46339;202200030068;760 364;A01;2;7;0;2;1;1;1;
46340;202200030069;760 361;B01;1;2;0;2;6;16;1;
46341;202200030069;760 362;A01;1;7;0;2;2;16;1;
46342;202200030070;760 359;A01;2;17;0;0;4;1;1;
46343;202200030070;760 360;B01;2;7;0;2;1;2;1;
46344;202200030071;760 356;B01;2;33;14;2;1;1;1;
46345;202200030071;760 357;A01;1;7;0;0;3;15;1;
46346;202200030072;760 355;B01;1;50;0;2;8;1;3;
46347;202200030072;760 358;A01;2;7;0;2;2;1;1;
46348;202200030073;760 354;A01;2;7;0;1;1;1;1;
46349;202200030074;760 351;A01;1;2;0;0;0;1;1;
46350;202200030075;760 352;B01;1;7;0;2;1;1;1;
46351;202200030075;760 353;A01;1;31;0;2;9;1;1;
46352;202200030076;760 349;B01;2;7;0;2;8;1;1;
46353;202200030076;760 350;A01;1;1;0;2;8;13;5;
46354;202200030078;760 344;C01;0;7;0;2;1;1;1;
46355;202200030078;760 345;B01;0;7;0;2;4;23;1;
46356;202200030078;760 346;A01;0;7;0;2;4;23;1;
46357;202200030079;760 343;A01;0;7;5;0;3;13;1;
46358;202200030080;760 342;A01;1;7;3;0;8;13;1;
46359;202200030081;760 340;B01;3;7;0;2;3;13;1;
46360;202200030081;760 341;A01;1;50;0;2;1;1;3;
46361;202200030082;760 338;A01;1;7;0;2;2;1;1;
46362;202200030082;760 339;B01;3;1;0;2;1;1;5;
46363;202200030083;760 336;A01;2;7;0;2;1;13;1;
46364;202200030083;760 337;B01;1;7;0;2;1;1;0;
46365;202200030084;760 335;A01;1;7;2;0;5;1;1;
46366;202200030085;760 334;A01;3;7;0;1;7;26;1;
46367;202200030086;760 333;A01;1;33;0;6;3;21;1;
46368;202200030087;760 331;A01;2;7;0;1;1;2;1;
46369;202200030088;760 330;A01;1;33;0;2;1;1;1;
46370;202200030088;760 332;B01;1;7;0;2;8;1;1;
46371;202200030089;760 327;B01;2;2;13;0;3;2;1;
46372;202200030089;760 329;A01;2;7;0;2;5;17;1;
46373;202200030090;760 326;B01;1;7;0;2;1;15;1;
46374;202200030090;760 328;A01;3;1;0;2;1;16;5;
46375;202200030093;760 321;A01;0;30;0;2;1;19;1;
46376;202200030093;760 324;B01;0;10;0;2;3;1;1;
46377;202200030094;760 320;A01;1;33;0;0;9;1;1;
46378;202200030095;760 319;A01;2;30;0;1;7;17;1;
46379;202200030096;760 318;A01;3;7;0;1;4;20;1;
46380;202200030097;760 317;A01;2;7;6;0;1;1;1;
46381;202200030098;760 315;A01;3;7;8;0;2;14;1;
46382;202200030099;760 314;A01;1;7;0;2;1;1;1;
46383;202200030099;760 316;B01;3;7;0;2;3;19;1;
46384;202200030100;760 313;A01;1;7;2;0;1;2;1;
46385;202200030101;760 312;A01;2;7;6;0;1;13;1;
46386;202200030102;760 311;A01;3;10;0;1;4;4;1;
46387;202200030103;760 310;A01;3;1;0;0;0;0;5;
46388;202200030104;760 308;A01;2;50;0;2;8;1;3;
46389;202200030104;760 309;B01;2;7;0;2;1;1;1;
46390;202200030105;760 306;B01;1;7;0;0;0;1;1;
46391;202200030105;760 307;A01;1;33;15;9;1;17;1;
46392;202200030106;760 304;A01;1;7;0;2;2;12;1;
46393;202200030106;760 305;B01;1;43;0;2;8;3;1;
46394;202200030107;760 303;A01;1;3;13;0;9;21;1;
46395;202200030108;760 302;A01;1;31;2;0;1;1;1;
46396;202200030109;760 301;A01;1;43;5;0;1;12;1;
46397;202200030110;760 298;A01;1;7;9;2;7;15;1;
46398;202200030110;760 299;B01;2;7;0;2;1;1;1;
46399;202200030110;760 300;C01;1;7;0;2;8;1;1;
46400;202200030111;760 296;B01;1;30;0;2;3;9;1;
46401;202200030111;760 297;A01;1;7;0;2;5;1;1;
46402;202200030113;760 292;B01;2;10;0;2;5;2;1;
46403;202200030113;760 293;A01;2;43;0;2;1;2;1;
46404;202200030115;760 286;A01;2;7;0;2;3;18;1;
46405;202200030115;760 287;B01;2;1;0;2;2;1;5;
46406;202200030116;760 285;A01;3;7;6;0;2;15;1;
46407;202200030117;760 283;A01;2;32;0;2;1;18;3;
46408;202200030117;760 284;B01;1;7;0;2;0;16;1;
46409;202200030118;760 282;A01;1;32;0;0;0;1;1;
46410;202200030119;760 280;A01;2;7;0;2;2;1;1;
46411;202200030119;760 281;B01;3;33;0;2;1;1;1;
46412;202200030120;760 278;A01;2;7;3;2;2;14;1;
46413;202200030120;760 279;B01;2;15;0;2;2;2;1;
46414;202200030121;760 274;B01;2;7;0;2;1;1;1;
46415;202200030121;760 277;A01;2;7;0;2;1;1;0;
46416;202200030122;760 275;B01;1;7;0;2;3;17;1;
46417;202200030122;760 276;A01;2;33;0;2;1;3;1;
46418;202200030123;760 271;B01;1;1;0;2;1;1;5;
46419;202200030123;760 273;A01;1;7;0;2;7;18;1;
46420;202200030124;760 270;A01;3;1;0;2;7;1;5;
46421;202200030124;760 272;B01;3;7;0;2;3;1;1;
46422;202200030125;760 267;A01;2;34;0;1;1;5;1;
46423;202200030126;760 268;B01;2;7;0;2;4;0;1;
46424;202200030126;760 269;A01;2;10;0;2;4;2;1;
46425;202200030127;760 263;A01;1;7;0;2;1;2;1;
46426;202200030127;760 266;B01;1;15;0;0;4;2;1;
46427;202200030128;760 264;A01;1;50;0;2;1;2;3;
46428;202200030128;760 265;B01;1;7;0;2;4;23;2;
46429;202200030129;760 260;A01;2;15;1;0;2;0;1;
46430;202200030129;760 262;B01;2;10;0;0;6;23;1;
46431;202200030130;760 261;A01;0;10;0;1;3;1;1;
46432;202200030131;760 258;B01;2;2;0;2;1;1;1;
46433;202200030131;760 259;A01;1;10;0;2;2;13;1;
46434;202200030132;760 257;A01;1;7;0;1;1;1;1;
46435;202200030133;760 254;A01;3;7;0;1;3;15;1;
46436;202200030134;760 252;A01;2;0;0;0;0;19;0;
46437;202200030134;760 253;B01;2;7;0;0;6;1;1;
46438;202200030134;760 255;C01;2;7;0;2;1;21;1;
46439;202200030134;760 256;D01;1;7;0;2;1;1;1;
46440;202200030135;760 250;A01;1;7;8;0;1;0;1;
46441;202200030137;760 248;A01;2;7;0;1;1;1;0;
46442;202200030138;760 246;B01;3;60;0;2;8;1;5;
46443;202200030138;760 247;A01;1;7;0;2;1;1;1;
46444;202200030139;760 244;B01;1;7;0;2;3;1;1;
46445;202200030139;760 245;A01;2;1;0;2;1;5;5;
46446;202200030140;760 242;A01;3;7;0;2;1;13;1;
46447;202200030140;760 243;B01;0;7;0;0;1;1;1;
46448;202200030141;760 240;B01;1;7;0;2;1;0;1;
46449;202200030141;760 241;A01;1;7;0;2;1;0;1;
46450;202200030142;760 238;B01;1;7;0;0;6;26;1;
46451;202200030142;760 239;A01;1;33;0;2;1;2;1;
46452;202200030143;760 236;B01;1;1;0;0;4;2;5;
46453;202200030143;760 237;A01;1;7;4;2;2;2;1;
46454;202200030144;760 235;A01;3;7;0;1;1;1;3;
46455;202200030145;760 233;A01;3;80;0;0;0;1;3;
46456;202200030146;760 232;A01;1;7;0;2;7;12;1;
46457;202200030146;760 234;B01;1;7;8;2;3;1;1;
46458;202200030147;760 230;B01;2;17;0;0;0;1;1;
46459;202200030147;760 231;A01;2;33;0;2;1;17;1;
46460;202200030148;760 228;B01;1;7;0;2;5;0;1;
46461;202200030148;760 229;A01;1;7;0;2;1;0;1;
46462;202200030149;760 226;B01;0;7;0;2;7;15;1;
46463;202200030149;760 227;A01;0;33;0;2;1;1;1;
46464;202200030150;760 224;A01;1;7;1;0;2;1;1;
46465;202200030151;760 223;A01;3;34;0;2;2;17;1;
46466;202200030151;760 225;B01;0;7;0;0;0;10;1;
46467;202200030152;760 222;A01;2;7;0;1;2;1;1;
46468;202200030153;760 220;A01;1;1;0;2;4;2;5;
46469;202200030153;760 221;B01;1;1;0;2;1;2;5;
46470;202200030154;760 219;A01;1;7;0;1;1;2;1;
46471;202200030155;760 217;B01;2;7;0;2;3;1;1;
46472;202200030155;760 218;A01;1;10;0;2;3;13;1;
46473;202200030156;760 215;B01;3;33;0;2;3;15;1;
46474;202200030156;760 216;A01;3;31;0;2;3;15;1;
46475;202200030157;760 213;A01;2;80;0;0;0;21;3;
46476;202200030158;760 211;B01;3;10;0;2;2;1;1;
46477;202200030158;760 212;A01;3;34;0;2;1;5;1;
46478;202200030159;760 210;A01;1;7;0;1;2;1;1;
46479;202200030160;760 208;A01;1;33;0;2;1;17;1;
46480;202200030160;760 209;B01;1;7;0;2;6;15;1;
46481;202200030161;760 206;A01;1;7;0;2;1;9;0;
46482;202200030161;760 207;B01;1;1;0;2;7;0;5;
46483;202200030162;760 205;A01;1;7;0;1;2;13;1;
46484;202200030164;760 200;B01;1;7;0;2;7;0;1;
46485;202200030164;760 201;C01;1;7;0;2;1;1;1;
46486;202200030164;760 203;A01;1;7;0;2;1;1;1;
46487;202200030165;760 198;B01;1;7;0;2;3;1;1;
46488;202200030165;760 199;A01;2;2;0;2;3;5;1;
46489;202200030166;760 193;C01;2;7;0;2;1;1;1;
46490;202200030166;760 195;B01;2;7;0;2;1;1;1;
46491;202200030166;760 196;A01;1;7;0;2;1;13;1;
46492;202200030167;760 194;A01;0;33;0;2;1;1;1;
46493;202200030167;760 197;B01;0;7;0;2;0;0;1;
46494;202200030168;760 192;A01;1;33;3;0;7;1;1;
46495;202200030169;760 191;A01;0;2;0;1;0;0;-1;
46496;202200030170;760 189;B01;1;30;0;0;4;2;1;
46497;202200030170;760 190;A01;1;7;0;2;3;2;1;
46498;202200030171;760 188;A01;1;7;0;1;2;1;1;
46499;202200030172;760 185;B01;3;1;0;2;7;19;5;
46500;202200030172;760 186;A01;2;7;0;9;1;1;1;
46501;202200030173;760 184;A01;2;7;0;2;2;6;1;
46502;202200030173;760 187;B01;2;7;0;2;1;1;1;
46503;202200030174;760 183;A01;1;1;0;0;0;1;5;
46504;202200030175;760 182;A01;2;7;0;1;1;15;1;
46505;202200030176;760 181;A01;1;7;4;0;8;1;1;
46506;202200030177;760 179;B01;1;7;0;2;1;21;1;
46507;202200030177;760 180;A01;2;7;0;2;1;5;1;
46508;202200030178;760 177;A01;2;7;0;2;1;2;1;
46509;202200030178;760 178;B01;2;7;0;2;4;2;1;
46510;202200030179;760 176;A01;1;7;0;9;1;0;1;
46511;202200030180;760 175;A01;3;10;0;1;2;15;1;
46512;202200030181;760 173;X01;1;7;0;2;4;17;0;
46513;202200030181;760 174;B01;1;2;0;2;1;1;1;
46514;202200030182;760 171;A01;2;7;0;1;1;1;1;
46515;202200030183;760 170;A01;2;7;0;2;1;15;1;
46516;202200030183;760 172;B01;1;7;0;2;3;1;1;
46517;202200030184;760 169;A01;3;30;0;0;9;1;1;
46518;202200030185;760 167;A01;2;7;0;2;3;19;1;
46519;202200030185;760 168;B01;1;50;0;2;8;23;3;
46520;202200030186;760 164;A01;3;31;0;2;7;21;1;
46521;202200030186;760 166;Z01;1;13;0;2;0;1;0;
46522;202200030187;760 165;A01;1;33;4;0;7;1;1;
46523;202200030188;760 163;A01;1;7;0;1;2;14;1;
46524;202200030189;760 161;A01;3;7;0;2;2;16;0;
46525;202200030189;760 162;B01;3;99;0;2;1;19;3;
46526;202200030190;760 157;A01;2;7;0;2;1;1;1;
46527;202200030190;760 158;B01;2;7;0;2;6;1;1;
46528;202200030190;760 159;C01;2;7;0;2;1;1;1;
46529;202200030190;760 160;D01;2;10;0;2;1;1;1;
46530;202200030192;760 154;B01;2;1;0;2;3;1;5;
46531;202200030192;760 155;A01;1;7;0;2;3;15;1;
46532;202200030193;760 153;A01;3;33;0;1;1;17;1;
46533;202200030194;760 151;B01;3;1;0;2;2;1;5;
46534;202200030194;760 152;A01;3;7;0;2;3;1;1;
46535;202200030195;760 148;B01;1;2;0;2;1;1;1;
46536;202200030195;760 149;A01;2;7;1;2;3;15;1;
46537;202200030196;760 147;B01;1;7;0;0;6;1;1;
46538;202200030196;760 150;A01;1;1;0;2;1;26;5;
46539;202200030197;760 146;A01;3;1;0;0;0;1;5;
46540;202200030198;760 144;A01;2;7;0;2;5;12;1;
46541;202200030198;760 145;B01;2;31;0;2;1;3;1;
46542;202200030199;760 142;A01;0;1;0;2;1;2;5;
46543;202200030199;760 143;B01;0;1;0;2;4;2;5;
46544;202200030200;760 138;B01;1;7;13;0;8;14;1;
46545;202200030200;760 140;A01;1;33;0;2;7;17;1;
46546;202200030201;760 139;A01;0;7;0;0;4;2;1;
46547;202200030201;760 141;B01;0;7;0;2;1;2;1;
46548;202200030202;760 137;A01;2;7;12;0;3;1;1;
46549;202200030203;760 136;A01;1;80;12;0;7;14;3;
46550;202200030204;760 135;A01;3;10;0;1;7;1;1;
46551;202200030205;760 132;A01;2;7;0;1;2;1;1;
46552;202200030206;760 133;B01;1;1;0;2;1;1;5;
46553;202200030206;760 134;A01;2;7;0;2;1;15;1;
46554;202200030207;760 131;A01;1;7;2;0;1;13;1;
46555;202200030208;760 129;B01;1;1;0;2;1;1;5;
46556;202200030208;760 130;A01;2;7;0;2;3;15;1;
46557;202200030209;760 128;A01;3;7;0;1;1;1;1;
46558;202200030210;760 127;A01;2;7;0;1;3;1;1;
46559;202200030211;760 124;B01;2;7;0;2;2;1;1;
46560;202200030211;760 125;A01;1;7;0;2;3;5;1;
46561;202200030212;760 120;A01;0;32;0;0;0;9;1;
46562;202200030212;760 122;B01;1;7;0;0;0;0;1;
46563;202200030213;760 116;A01;1;7;0;1;1;1;1;
46564;202200030214;760 115;B01;2;33;0;2;6;2;1;
46565;202200030214;760 118;A01;2;33;0;2;0;2;1;
46566;202200030215;760 114;A01;1;33;0;2;1;26;1;
46567;202200030215;760 117;C01;1;7;0;9;6;26;6;
46568;202200030215;760 119;B01;1;7;0;9;0;26;1;
46569;202200030216;760 113;A01;2;7;0;1;0;26;1;
46570;202200030217;760 112;A01;2;33;0;6;1;1;1;
46571;202200030218;760 111;A01;2;7;0;1;2;1;1;
46572;202200030220;760 107;A01;2;43;0;2;1;2;1;
46573;202200030220;760 108;B01;2;7;0;2;6;2;2;
46574;202200030221;760 105;B01;0;7;0;2;4;2;1;
46575;202200030221;760 106;A01;0;2;0;2;2;2;3;
46576;202200030222;760 104;A01;1;33;0;0;3;1;1;
46577;202200030223;760 102;B01;1;7;0;2;4;2;1;
46578;202200030223;760 103;A01;1;32;0;2;1;2;1;
46579;202200030224;760 098;A01;2;7;0;2;8;13;1;
46580;202200030224;760 100;B01;1;7;0;2;1;1;1;
46581;202200030225;760 099;A01;3;7;5;2;1;9;1;
46582;202200030225;760 101;B01;3;7;0;2;1;15;1;
46583;202200030226;760 095;C01;1;7;0;2;0;1;2;
46584;202200030226;760 096;B01;1;7;0;2;0;13;1;
46585;202200030226;760 097;A01;1;33;0;2;0;3;1;
46586;202200030227;760 093;A01;0;7;0;2;4;9;1;
46587;202200030227;760 094;B01;3;33;0;2;1;1;1;
46588;202200030228;760 090;B01;0;7;0;0;0;15;1;
46589;202200030228;760 092;A01;0;33;0;0;0;13;1;
46590;202200030229;760 089;A01;1;33;0;2;1;2;1;
46591;202200030229;760 091;B01;1;7;0;2;4;2;1;
46592;202200030230;760 087;B01;3;33;0;2;1;0;1;
46593;202200030230;760 088;A01;3;7;0;9;6;13;1;
46594;202200030231;760 084;A01;2;33;0;2;1;1;1;
46595;202200030231;760 086;B01;1;10;0;2;3;1;1;
46596;202200030232;760 081;C01;1;50;0;2;1;1;3;
46597;202200030232;760 083;B01;1;2;0;2;0;1;1;
46598;202200030232;760 085;A01;1;10;0;2;3;22;1;
46599;202200030234;760 077;B01;0;50;0;2;1;1;3;
46600;202200030234;760 079;A01;0;7;0;2;1;1;1;
46601;202200030235;760 075;B01;2;10;0;2;3;0;1;
46602;202200030235;760 078;A01;2;7;1;2;1;1;1;
46603;202200030236;760 074;A01;1;7;0;2;3;0;0;
46604;202200030236;760 076;B01;1;1;0;2;1;1;5;
46605;202200030237;760 070;B01;3;10;0;2;0;0;0;
46606;202200030237;760 072;A01;3;14;0;2;1;24;0;
46607;202200030238;760 068;A01;2;10;0;2;1;1;1;
46608;202200030238;760 071;C01;2;7;0;0;4;1;3;
46609;202200030238;760 073;B01;2;7;0;2;4;1;1;
46610;202200030239;760 069;A01;1;32;0;1;2;1;1;
46611;202200030240;760 067;A01;2;34;0;0;8;1;1;
46612;202200030241;760 064;A01;1;15;0;2;3;1;1;
46613;202200030241;760 066;B01;1;7;0;2;5;12;1;
46614;202200030242;760 063;Z01;3;10;0;2;0;16;0;
46615;202200030242;760 065;B01;3;1;0;2;0;16;5;
46616;202200030243;760 062;A01;1;3;0;1;1;1;1;
46617;202200030244;760 060;A01;1;7;6;0;1;1;1;
46618;202200030245;760 058;Z01;2;50;0;2;7;17;3;
46619;202200030245;760 061;A01;2;1;0;2;8;1;5;
46620;202200030246;760 055;C01;1;7;0;9;0;1;1;
46621;202200030246;760 057;A01;1;7;6;2;1;1;1;
46622;202200030246;760 059;B01;2;7;0;2;1;15;1;
46623;202200030247;760 051;Z01;2;80;0;0;0;25;3;
46624;202200030248;760 050;E01;2;17;14;0;2;1;1;
46625;202200030248;760 053;C01;2;17;0;0;0;1;1;
46626;202200030248;760 054;B01;2;7;14;0;1;1;1;
46627;202200030248;760 056;A01;2;7;0;2;1;2;1;
46628;202200030249;760 046;D01;2;7;0;2;4;2;2;
46629;202200030249;760 048;C01;2;7;0;2;4;2;1;
46630;202200030249;760 049;B01;2;7;0;2;4;2;1;
46631;202200030249;760 052;A01;2;7;0;2;1;2;1;
46632;202200030250;760 045;A01;1;7;15;0;1;14;1;
46633;202200030251;760 044;A01;1;7;0;2;2;1;1;
46634;202200030251;760 047;B01;1;43;0;2;3;1;1;
46635;202200030252;760 040;C01;1;7;0;2;4;2;1;
46636;202200030252;760 042;A01;1;2;0;2;2;1;1;
46637;202200030252;760 043;B01;1;7;0;2;3;16;1;
46638;202200030253;760 039;A01;2;34;0;2;1;13;1;
46639;202200030253;760 041;B01;1;7;0;2;3;2;1;
46640;202200030254;760 037;A01;3;7;2;0;1;26;1;
46641;202200030255;760 034;B01;1;43;0;2;1;1;1;
46642;202200030255;760 036;A01;1;7;0;2;3;16;1;
46643;202200030256;760 033;A01;1;7;0;1;1;16;1;
46644;202200030257;760 035;B01;2;1;0;0;8;15;5;
46645;202200030257;760 038;A01;2;7;0;2;2;1;1;
46646;202200030258;760 030;B01;2;10;0;0;4;23;1;
46647;202200030258;760 032;A01;2;10;0;2;1;26;1;
46648;202200030259;760 029;B01;1;13;0;2;7;17;0;
46649;202200030259;760 031;A01;0;2;0;2;0;17;1;
46650;202200030260;760 028;A01;2;7;1;0;1;1;1;
46651;202200030261;760 027;A01;1;7;0;1;1;26;1;
46652;202200030262;760 020;B01;1;7;0;1;4;1;1;
46653;202200030262;760 024;A01;1;7;0;2;1;26;1;
46654;202200030263;760 022;A01;1;33;14;0;8;1;1;
46655;202200030264;760 018;A01;1;7;0;1;1;26;1;
46656;202200030265;760 017;A01;1;7;0;2;1;1;1;
46657;202200030265;760 019;B01;1;7;0;2;1;15;1;
46658;202200030266;760 016;A01;1;7;0;1;1;26;1;
46659;202200030267;760 010;B01;2;43;0;2;1;1;1;
46660;202200030267;760 013;A01;1;10;0;2;2;1;1;
46661;202200030268;760 011;B01;3;1;0;2;1;15;5;
46662;202200030268;760 014;A01;2;7;0;2;2;1;1;
46663;202200030269;760 006;B01;2;7;0;2;3;13;1;
46664;202200030269;760 008;A01;1;7;0;2;3;13;1;
46665;202200030270;760 012;B01;2;1;0;2;1;1;5;
46666;202200030270;760 015;A01;1;7;0;2;2;11;1;
46667;202200030271;760 004;D01;1;7;1;0;0;0;1;
46668;202200030271;760 005;C01;2;7;1;0;0;0;1;
46669;202200030271;760 007;B01;1;7;1;0;0;0;1;
46670;202200030271;760 009;A01;1;7;0;2;4;23;1;
46671;202200030272;760 003;A01;1;7;2;0;7;1;1;
46672;202200030274;759 998;B01;0;31;1;0;4;24;3;
46673;202200030274;760 000;A01;1;7;1;0;1;1;1;
46674;202200030275;759 995;A01;2;3;0;9;2;1;1;
46675;202200030275;759 997;B01;2;1;0;2;3;19;5;
46676;202200030276;759 993;A01;2;1;0;0;0;0;5;
46677;202200030277;759 992;A01;1;7;0;1;2;15;1;
46678;202200030278;759 994;C01;1;7;0;2;6;0;1;
46679;202200030278;759 996;B01;1;7;0;2;4;1;1;
46680;202200030278;759 999;A01;1;7;0;2;1;2;1;
46681;202200030280;759 989;A01;2;7;0;2;1;13;1;
46682;202200030280;759 991;B01;1;7;0;2;1;1;1;
46683;202200030282;759 985;A01;1;33;6;0;1;1;1;
46684;202200030283;759 984;A01;3;7;16;0;1;16;1;
46685;202200030284;759 983;A01;3;7;8;0;5;15;1;
46686;202200030284;759 987;B01;3;7;0;2;1;1;1;
46687;202200030285;759 980;B01;1;2;0;2;1;1;1;
46688;202200030285;759 982;A01;2;7;0;2;2;15;1;
46689;202200030286;759 979;A01;1;7;0;2;1;15;1;
46690;202200030286;759 981;B01;2;2;15;2;3;1;1;
46691;202200030287;759 976;B01;1;33;0;2;1;1;1;
46692;202200030287;759 978;A01;2;7;0;2;2;1;3;
46693;202200030289;759 972;A01;1;17;0;0;2;2;1;
46694;202200030290;759 971;B01;2;7;0;2;3;15;1;
46695;202200030290;759 974;A01;2;30;0;2;3;1;1;
46696;202200030292;759 969;A01;1;33;0;2;1;2;1;
46697;202200030292;759 970;B01;1;10;0;2;4;1;1;
46698;202200030293;759 967;B01;2;7;0;2;3;19;1;
46699;202200030293;759 968;A01;2;7;0;2;2;19;1;
46700;202200030294;759 966;A01;0;0;0;1;0;0;0;
46701;202200030295;759 964;A01;2;7;0;2;2;12;1;
46702;202200030295;759 965;B01;2;7;0;2;6;1;1;
46703;202200030296;759 961;C01;1;15;0;2;0;1;1;
46704;202200030296;759 962;A01;1;34;0;2;9;17;1;
46705;202200030296;759 963;B01;1;7;0;2;8;1;1;
46706;202200030297;759 957;A01;1;1;8;0;1;25;5;
46707;202200030298;759 956;A01;1;10;0;2;3;2;1;
46708;202200030298;759 958;B01;1;7;0;2;5;1;1;
46709;202200030298;759 959;C01;1;7;0;2;8;2;1;
46710;202200030299;759 953;B01;2;7;0;0;7;15;2;
46711;202200030299;759 955;A01;1;7;0;0;1;26;1;
46712;202200030300;759 952;A01;2;10;4;2;1;2;1;
46713;202200030300;759 954;B01;2;7;0;2;5;2;1;
46714;202200030301;759 951;A01;1;13;0;2;2;16;1;
46715;202200030301;759 960;B01;3;1;0;2;1;0;5;
46716;202200030303;759 948;A01;2;7;3;0;1;1;1;
46717;202200030304;759 945;A01;1;7;3;0;1;0;1;
46718;202200030305;759 944;A01;1;7;0;2;3;16;1;
46719;202200030305;759 947;B01;2;50;0;2;1;1;3;
46720;202200030306;759 946;A01;3;2;0;0;8;2;1;
46721;202200030307;759 942;A01;2;10;0;1;0;9;1;
46722;202200030308;759 941;A01;2;7;0;2;6;13;2;
46723;202200030308;759 943;B01;2;33;0;2;7;3;1;
46724;202200030309;759 937;B01;1;10;0;2;4;2;1;
46725;202200030309;759 939;A01;1;7;0;2;1;2;1;
46726;202200030310;759 936;Z01;2;10;0;0;0;0;0;
46727;202200030310;759 938;A01;2;33;0;2;8;3;1;
46728;202200030311;759 940;A01;2;80;0;0;1;1;3;
46729;202200030312;759 933;B01;1;7;0;2;5;1;1;
46730;202200030312;759 935;A01;1;15;0;2;1;1;1;
46731;202200030313;759 931;A01;2;7;0;2;1;2;1;
46732;202200030313;759 932;B01;2;10;0;2;4;2;1;
46733;202200030313;759 934;C01;2;7;0;2;4;2;1;
46734;202200030314;759 929;A01;2;10;0;1;2;15;1;
46735;202200030315;759 928;A01;1;7;4;0;7;1;1;
46736;202200030317;759 927;B01;2;2;0;2;3;1;1;
46737;202200030317;759 930;A01;1;7;0;2;2;15;1;
46738;202200030318;759 921;A01;2;7;0;2;3;1;1;
46739;202200030318;759 923;B01;2;33;0;2;2;17;1;
46740;202200030319;759 922;A01;2;7;1;2;2;3;1;
46741;202200030319;759 924;B01;2;7;0;2;6;23;1;
46742;202200030320;759 915;C01;2;7;0;2;4;1;1;
46743;202200030320;759 917;B01;2;7;0;2;9;1;1;
46744;202200030320;759 919;A01;2;14;0;2;1;1;1;
46745;202200030321;759 914;A01;2;7;0;2;1;2;1;
46746;202200030321;759 918;B01;2;7;0;2;4;2;1;
46747;202200030322;759 913;A01;1;7;6;0;2;14;1;
46748;202200030323;759 910;A01;3;7;13;0;1;1;1;
46749;202200030324;759 911;A01;2;33;0;2;3;3;1;
46750;202200030324;759 912;B01;2;7;0;2;5;21;1;
46751;202200030325;759 909;A01;1;7;0;2;2;15;1;
46752;202200030325;759 916;B01;2;7;0;2;3;15;1;
46753;202200030325;759 920;C01;1;7;0;2;3;9;1;
46754;202200030326;759 905;B01;1;7;0;2;4;2;1;
46755;202200030326;759 907;A01;1;7;0;2;1;1;1;
46756;202200030327;759 904;Z01;3;0;0;1;0;1;0;
46757;202200030328;759 900;A01;1;7;0;2;7;12;1;
46758;202200030328;759 901;B01;1;34;0;2;8;1;1;
46759;202200030328;759 902;C01;1;7;0;2;6;1;1;
46760;202200030328;759 903;D01;1;7;0;2;5;1;2;
46761;202200030329;759 906;A01;2;7;0;2;3;1;1;
46762;202200030329;759 908;B01;2;7;0;2;4;15;1;
46763;202200030330;759 899;A01;2;7;0;1;1;16;1;
46764;202200030331;759 896;C01;2;7;0;2;4;2;1;
46765;202200030331;759 897;B01;2;10;0;2;4;2;1;
46766;202200030331;759 898;A01;2;10;0;2;1;2;1;
46767;202200030332;759 891;B01;2;10;0;2;8;11;1;
46768;202200030332;759 893;C01;2;31;3;2;7;3;1;
46769;202200030332;759 894;A01;2;7;0;2;5;1;2;
46770;202200030333;759 892;B01;2;7;0;1;1;2;1;
46771;202200030333;759 895;A01;2;7;0;2;1;2;1;
46772;202200030334;759 889;A01;1;43;0;2;8;2;1;
46773;202200030335;759 884;A01;1;7;0;2;1;2;1;
46774;202200030335;759 886;B01;1;31;4;2;4;1;1;
46775;202200030336;759 885;B01;2;7;9;2;1;1;1;
46776;202200030336;759 887;A01;1;7;9;2;1;1;1;
46777;202200030337;759 883;A01;1;7;4;0;0;0;1;
46778;202200030338;759 881;A01;2;7;8;0;1;2;1;
46779;202200030339;759 880;B01;1;7;0;2;3;1;1;
46780;202200030339;759 882;A01;1;7;0;2;2;21;1;
46781;202200030340;759 877;B01;2;31;0;2;8;1;1;
46782;202200030340;759 879;A01;2;7;0;2;2;10;1;
46783;202200030341;759 876;A01;0;7;0;2;3;9;1;
46784;202200030341;759 878;B01;0;7;0;2;2;1;1;
46785;202200030342;759 875;A01;2;7;0;1;1;1;1;
46786;202200030343;759 874;A01;2;31;0;0;0;0;1;
46787;202200030344;759 872;A01;0;31;0;2;1;3;1;