;Num_Acc;id_vehicule;num_veh;senc;catv;obs;obsm;choc;manv;motor;occutc
46788;202200030344;759 873;B01;0;7;0;2;3;9;1;
46789;202200030345;759 870;B01;2;15;0;2;6;1;1;
46790;202200030345;759 871;A01;2;7;3;2;8;13;1;
46791;202200030346;759 868;A01;2;7;0;2;3;15;1;
46792;202200030346;759 869;B01;1;7;0;2;2;26;1;
46793;202200030347;759 866;A01;2;7;0;0;3;9;1;
46794;202200030347;759 867;B01;1;1;0;2;1;1;5;
46795;202200030348;759 864;A01;2;7;0;2;7;1;1;
46796;202200030348;759 865;B01;1;7;0;2;1;1;1;
46797;202200030349;759 862;B01;1;7;1;0;6;24;1;
46798;202200030349;759 863;A01;1;31;1;0;2;0;1;
46799;202200030350;759 859;A01;2;7;3;2;1;12;1;
46800;202200030350;759 860;B01;2;15;0;2;3;1;1;
46801;202200030350;759 861;C01;2;33;0;0;4;1;1;
46802;202200030351;759 857;B01;1;1;0;2;1;1;5;
46803;202200030351;759 858;A01;2;7;0;9;3;15;1;
46804;202200030352;759 855;A01;3;7;0;9;2;1;1;
46805;202200030352;759 856;B01;3;50;0;2;1;1;3;
46806;202200030353;759 854;A01;1;7;13;0;1;1;1;
46807;202200030354;759 852;B01;1;34;0;2;1;14;1;
46808;202200030354;759 853;A01;1;7;0;0;6;15;1;
46809;202200030355;759 851;A01;3;2;0;0;0;0;1;
46810;202200030356;759 850;A01;1;13;2;0;3;13;1;
46811;202200030358;759 846;B01;1;10;0;2;1;1;1;
46812;202200030358;759 847;A01;2;7;0;2;6;15;1;
46813;202200030359;759 844;B01;2;7;0;2;4;15;1;
46814;202200030359;759 845;A01;2;7;0;2;2;2;1;
46815;202200030360;759 842;A01;3;7;0;9;3;2;1;
46816;202200030360;759 843;B01;3;1;0;2;7;1;5;
46817;202200030361;759 840;A01;2;7;0;0;8;1;1;
46818;202200030361;759 841;C01;1;33;0;2;1;19;1;
46819;202200030362;759 838;B01;0;10;0;2;4;4;1;
46820;202200030362;759 839;A01;1;7;0;2;1;1;1;
46821;202200030363;759 837;A01;2;1;13;0;0;14;5;
46822;202200030364;759 835;B01;1;7;0;2;8;15;1;
46823;202200030364;759 836;A01;1;33;0;2;1;1;1;
46824;202200030365;759 833;B01;1;32;0;2;1;1;1;
46825;202200030365;759 834;A01;2;7;0;2;1;13;1;
46826;202200030366;759 832;A01;2;2;0;0;0;20;1;
46827;202200030367;759 831;A01;3;7;0;1;6;4;1;
46828;202200030368;759 829;A01;2;7;0;2;3;0;1;
46829;202200030368;759 830;B01;2;7;0;2;3;13;2;
46830;202200030369;759 828;A01;1;1;0;0;0;1;5;
46831;202200030370;759 826;B01;2;7;0;2;3;1;1;
46832;202200030370;759 827;A01;2;7;0;2;0;19;1;
46833;202200030371;759 824;A01;2;33;0;2;2;17;1;
46834;202200030371;759 825;B01;2;7;0;2;3;15;1;
46835;202200030372;759 822;B01;3;10;0;0;0;0;0;
46836;202200030372;759 823;A01;0;30;0;2;2;1;1;
46837;202200030375;759 818;A01;1;7;0;1;1;15;0;
46838;202200030376;759 817;A01;2;7;5;0;2;13;1;
46839;202200030377;759 813;B01;2;7;0;2;3;5;1;
46840;202200030377;759 814;A01;1;33;0;2;1;1;1;
46841;202200030378;759 815;A01;2;14;0;2;5;2;1;
46842;202200030378;759 816;B01;2;1;1;2;1;2;5;
46843;202200030379;759 812;A01;1;7;8;0;1;14;1;
46844;202200030381;759 807;A01;2;7;0;2;7;9;1;
46845;202200030381;759 809;B01;2;10;13;0;8;1;1;
46846;202200030382;759 808;A01;2;7;0;1;2;1;1;
46847;202200030384;759 803;A01;1;7;0;2;2;15;1;
46848;202200030384;759 806;B01;2;7;0;2;1;1;1;
46849;202200030385;759 801;A01;1;7;13;0;2;14;1;
46850;202200030387;759 797;B01;1;7;0;2;3;1;2;
46851;202200030387;759 799;A01;2;7;0;2;3;13;1;
46852;202200030388;759 795;A01;2;33;2;0;1;1;1;
46853;202200030389;759 796;A01;1;7;0;2;1;18;1;
46854;202200030389;759 798;B01;2;33;0;2;1;15;1;
46855;202200030390;759 792;B01;1;7;0;2;3;1;0;
46856;202200030390;759 794;A01;2;14;0;2;8;1;0;
46857;202200030392;759 790;A01;1;33;0;0;0;1;1;
46858;202200030393;759 787;B01;1;1;0;2;8;2;5;
46859;202200030393;759 788;A01;1;10;0;2;7;2;1;
46860;202200030394;759 786;A01;1;34;0;2;8;21;1;
46861;202200030394;759 789;B01;1;50;0;2;0;0;3;
46862;202200030395;759 784;A01;3;2;0;0;0;1;3;
46863;202200030396;759 785;A01;3;2;0;0;0;0;1;
46864;202200030397;759 782;A01;1;7;0;1;1;0;1;
46865;202200030398;759 783;A01;3;10;0;1;2;1;1;
46866;202200030399;759 779;A01;2;7;0;2;1;13;1;
46867;202200030399;759 781;B01;1;7;0;2;1;2;0;
46868;202200030400;759 777;A01;3;7;0;2;0;0;1;
46869;202200030400;759 780;B01;3;1;0;2;0;0;5;
46870;202200030401;759 775;A01;1;7;4;2;7;13;1;
46871;202200030401;759 776;B01;1;7;0;2;8;1;1;
46872;202200030401;759 778;C01;1;15;0;2;1;1;1;
46873;202200030402;759 772;B01;3;7;0;2;8;1;0;
46874;202200030402;759 774;A01;3;7;0;2;3;15;0;
46875;202200030403;759 771;A01;1;33;0;2;7;17;1;
46876;202200030403;759 773;B01;1;10;0;2;8;15;1;
46877;202200030404;759 768;A01;2;30;0;2;2;1;1;
46878;202200030404;759 770;B01;1;7;0;2;3;15;1;
46879;202200030405;759 769;A01;0;7;0;0;2;19;1;
46880;202200030406;759 766;B01;3;7;0;2;7;0;3;
46881;202200030406;759 767;A01;2;33;0;2;1;1;1;
46882;202200030407;759 763;A01;3;7;0;2;7;0;1;
46883;202200030407;759 765;B01;3;7;0;2;1;0;1;
46884;202200030408;759 764;A01;3;7;0;1;2;16;0;
46885;202200030409;759 759;C01;2;7;0;0;3;1;1;
46886;202200030409;759 760;B01;2;7;0;0;6;11;1;
46887;202200030409;759 762;A01;1;33;0;2;1;13;1;
46888;202200030411;759 756;B01;2;1;0;2;1;1;5;
46889;202200030411;759 757;A01;2;7;0;2;3;9;1;
46890;202200030412;759 755;A01;2;7;0;1;3;19;1;
46891;202200030413;759 753;B01;2;17;0;2;1;1;1;
46892;202200030413;759 754;A01;2;7;3;2;0;12;1;
46893;202200030414;759 751;A01;2;7;4;0;2;17;1;
46894;202200030415;759 750;A01;3;2;0;2;8;17;1;
46895;202200030415;759 752;B01;0;7;0;2;2;1;1;
46896;202200030416;759 748;A01;1;33;0;2;1;13;1;
46897;202200030416;759 749;B01;2;7;0;2;1;0;1;
46898;202200030417;759 745;A01;1;7;0;2;1;1;1;
46899;202200030417;759 746;B01;2;7;0;2;1;15;1;
46900;202200030418;759 744;B01;2;7;2;2;3;1;1;
46901;202200030418;759 747;A01;1;7;0;2;3;13;1;
46902;202200030419;759 741;A01;1;33;3;0;0;1;1;
46903;202200030420;759 736;A01;3;1;0;2;3;9;5;
46904;202200030420;759 737;B01;3;7;0;9;1;1;2;
46905;202200030422;759 733;B01;3;1;0;2;1;16;5;
46906;202200030422;759 734;A01;3;10;0;2;1;1;1;
46907;202200030423;759 730;A01;1;7;4;0;1;13;1;
46908;202200030424;759 731;A01;1;43;0;2;1;17;1;
46909;202200030424;759 732;B01;1;7;0;2;3;15;1;
46910;202200030425;759 728;B01;1;7;0;2;4;2;1;
46911;202200030425;759 729;A01;2;7;0;2;1;2;1;
46912;202200030426;759 727;A01;0;0;0;1;0;0;0;
46913;202200030427;759 724;C01;1;7;0;2;6;2;1;
46914;202200030427;759 725;B01;1;33;0;2;3;3;1;
46915;202200030427;759 726;A01;1;7;0;2;7;12;1;
46916;202200030428;759 722;A01;1;7;0;2;3;15;1;
46917;202200030428;759 723;B01;2;7;0;2;3;1;1;
46918;202200030429;759 720;A01;2;7;4;0;1;13;1;
46919;202200030429;759 721;B01;2;7;0;2;1;1;1;
46920;202200030430;759 719;A01;2;17;4;0;3;2;1;
46921;202200030432;759 716;A01;1;7;0;2;3;13;1;
46922;202200030432;759 718;B01;2;20;0;2;3;21;1;
46923;202200030433;759 713;B01;1;10;0;2;6;2;1;
46924;202200030433;759 714;A01;1;31;0;2;1;2;1;
46925;202200030434;759 709;B01;1;7;0;2;4;0;1;
46926;202200030434;759 711;A01;1;33;0;2;1;3;1;
46927;202200030435;759 710;A01;1;7;0;2;1;5;1;
46928;202200030435;759 712;B01;1;7;0;2;1;1;1;
46929;202200030436;759 707;A01;2;31;0;2;3;3;1;
46930;202200030436;759 708;B01;2;10;0;2;5;12;1;
46931;202200030437;759 703;A01;2;7;0;2;8;12;1;
46932;202200030437;759 705;B01;2;14;0;2;0;0;1;
46933;202200030438;759 704;A01;1;15;0;2;3;13;1;
46934;202200030438;759 706;B01;2;15;13;2;3;1;1;
46935;202200030439;759 700;C01;2;10;4;2;6;1;1;
46936;202200030439;759 701;B01;2;7;4;2;3;1;1;
46937;202200030439;759 702;A01;2;31;4;2;1;3;1;
46938;202200030440;759 696;A01;2;7;4;2;1;1;1;
46939;202200030440;759 697;B01;2;7;0;2;1;1;0;
46940;202200030441;759 694;A01;1;7;0;2;1;2;1;
46941;202200030441;759 695;B01;1;3;0;2;4;2;0;
46942;202200030442;759 691;A01;1;7;0;2;8;0;1;
46943;202200030442;759 693;B01;1;10;0;2;2;1;1;
46944;202200030443;759 690;A01;2;7;0;2;1;11;1;
46945;202200030443;759 692;B01;2;30;0;2;7;1;1;
46946;202200030444;759 689;A01;1;32;14;0;1;1;1;
46947;202200030445;759 687;A01;0;13;0;2;3;1;1;
46948;202200030445;759 688;B01;0;7;0;2;3;1;1;
46949;202200030446;759 683;A01;2;32;0;2;0;0;1;
46950;202200030446;759 684;B01;2;7;0;2;2;1;1;
46951;202200030446;759 686;C01;2;7;0;2;5;1;1;
46952;202200030447;759 681;A01;0;10;0;2;1;19;1;
46953;202200030447;759 682;B01;1;7;0;0;8;1;1;
46954;202200030448;759 678;A01;2;7;17;0;9;26;1;
46955;202200030449;759 676;B01;1;7;0;2;1;1;1;
46956;202200030449;759 677;A01;2;7;0;2;1;13;1;
46957;202200030450;759 679;A01;1;33;0;2;1;9;1;
46958;202200030450;759 680;B01;1;13;0;2;0;1;1;
46959;202200030451;759 675;A01;1;7;6;0;3;0;1;
46960;202200030452;759 672;A01;1;7;0;0;3;0;1;
46961;202200030452;759 674;B01;0;1;0;0;0;0;5;
46962;202200030454;759 669;B01;2;80;0;2;1;9;3;
46963;202200030454;759 670;A01;2;7;0;0;8;9;1;
46964;202200030455;759 667;B01;2;7;12;0;1;13;1;
46965;202200030455;759 668;A01;1;7;12;0;1;1;1;
46966;202200030456;759 665;B01;2;7;0;0;4;1;2;
46967;202200030456;759 666;A01;2;7;0;0;1;1;1;
46968;202200030457;759 664;A01;2;7;4;0;7;1;1;
46969;202200030458;759 662;A01;1;7;0;2;2;23;1;
46970;202200030458;759 663;B01;1;7;0;2;6;2;1;
46971;202200030459;759 661;A01;2;7;12;0;1;1;2;
46972;202200030460;759 658;A01;2;7;0;1;1;1;1;
46973;202200030461;759 657;C01;1;7;0;2;6;2;1;
46974;202200030461;759 659;B01;1;7;0;2;3;1;1;
46975;202200030461;759 660;A01;1;7;0;2;3;17;1;
46976;202200030462;759 656;C01;3;7;0;1;1;1;2;
46977;202200030463;759 654;A01;2;43;0;2;6;0;1;
46978;202200030463;759 655;B01;2;10;0;2;6;0;1;
46979;202200030464;759 652;B01;3;7;0;2;3;16;1;
46980;202200030464;759 653;A01;0;7;0;2;2;1;1;
46981;202200030465;759 650;A01;0;7;13;0;9;17;1;
46982;202200030466;759 649;B01;2;7;0;2;6;15;1;
46983;202200030466;759 651;A01;2;33;0;2;2;17;1;
46984;202200030467;759 648;A01;2;17;13;0;1;0;1;
46985;202200030468;759 646;A01;1;10;8;0;2;14;1;
46986;202200030469;759 645;Z01;2;7;0;2;0;9;0;
46987;202200030469;759 647;A01;2;30;0;2;0;0;1;
46988;202200030470;759 643;A01;1;7;0;0;4;2;1;
46989;202200030470;759 644;B01;1;7;0;0;1;2;1;
46990;202200030471;759 637;D01;2;7;0;2;4;2;1;
46991;202200030471;759 639;C01;2;7;0;2;4;2;1;
46992;202200030471;759 640;B01;2;7;0;2;4;2;1;
46993;202200030471;759 642;A01;2;7;0;2;1;2;1;
46994;202200030472;759 638;A01;2;7;0;2;1;19;1;
46995;202200030472;759 641;B01;1;7;0;2;5;19;1;
46996;202200030474;759 633;B01;2;30;0;2;7;0;1;
46997;202200030474;759 635;A01;2;7;0;2;0;15;1;
46998;202200030475;759 631;A01;2;33;0;2;1;3;1;
46999;202200030475;759 632;B01;2;7;0;2;8;11;1;
47000;202200030477;759 627;B01;2;7;0;2;4;2;1;
47001;202200030477;759 628;A01;2;7;0;2;1;2;1;
47002;202200030478;759 624;A01;2;10;0;2;1;11;1;
47003;202200030478;759 625;B01;2;7;0;2;4;1;1;
47004;202200030479;759 623;B01;1;33;0;2;1;16;1;
47005;202200030479;759 626;A01;1;7;0;2;7;1;1;
47006;202200030480;759 621;A01;1;7;0;1;1;15;1;
47007;202200030481;759 619;A01;1;7;0;2;1;9;0;
47008;202200030481;759 620;B01;1;7;0;2;1;21;0;
47009;202200030481;759 622;C01;1;7;0;2;3;21;0;
47010;202200030482;759 616;B01;2;33;0;2;7;8;1;
47011;202200030482;759 618;A01;2;1;0;2;1;1;0;
47012;202200030483;759 615;A01;1;7;0;2;4;2;1;
47013;202200030483;759 617;B01;1;7;0;2;1;2;1;
47014;202200030484;759 613;A01;1;7;0;1;2;1;1;
47015;202200030485;759 612;B01;1;31;0;2;1;1;1;
47016;202200030485;759 614;A01;1;7;0;2;1;19;1;
47017;202200030486;759 610;A01;2;7;0;2;1;2;1;
47018;202200030486;759 611;B01;2;7;0;2;6;2;1;
47019;202200030487;759 609;A01;1;7;0;1;2;1;1;
47020;202200030488;759 608;A01;1;7;0;1;5;1;1;
47021;202200030489;759 606;A01;1;30;0;0;8;1;1;
47022;202200030490;759 605;A01;3;34;0;2;1;5;1;
47023;202200030490;759 607;B01;3;7;0;2;7;15;1;
47024;202200030491;759 603;A01;2;33;1;2;3;1;1;
47025;202200030491;759 604;B01;2;7;0;2;5;23;1;
47026;202200030492;759 602;A01;3;3;0;0;3;21;1;
47027;202200030493;759 599;B01;1;7;0;2;3;19;2;
47028;202200030493;759 601;A01;2;50;0;2;1;19;3;
47029;202200030494;759 598;B01;2;1;0;2;1;1;5;
47030;202200030494;759 600;A01;1;7;0;2;3;9;1;
47031;202200030496;759 594;A01;2;7;0;2;1;2;1;
47032;202200030496;759 596;B01;2;7;0;2;8;1;1;
47033;202200030497;759 593;B01;3;7;6;2;3;1;1;
47034;202200030497;759 595;A01;3;7;0;2;2;15;1;
47035;202200030498;759 591;B01;2;7;0;2;3;11;1;
47036;202200030498;759 592;A01;1;32;0;2;2;1;1;
47037;202200030499;759 589;A01;3;7;0;1;4;26;1;
47038;202200030500;759 588;B01;0;34;0;2;1;18;0;
47039;202200030500;759 590;A01;0;7;0;2;2;16;1;
47040;202200030501;759 585;B01;1;7;0;9;6;1;2;
47041;202200030501;759 587;A01;1;41;0;2;1;19;1;
47042;202200030502;759 582;A01;3;7;0;2;1;2;2;
47043;202200030502;759 583;B01;3;7;0;2;4;1;1;
47044;202200030503;759 578;B01;3;40;0;2;2;1;3;
47045;202200030503;759 579;A01;3;1;0;4;1;15;5;
47046;202200030504;759 577;A01;1;33;4;0;1;1;1;
47047;202200030505;759 575;A01;3;7;1;2;1;0;2;
47048;202200030505;759 576;B01;3;7;1;2;1;20;1;
47049;202200030506;759 571;A01;3;7;0;0;6;2;1;
47050;202200030506;759 573;B01;3;2;0;0;1;2;1;
47051;202200030507;759 568;B01;1;7;0;2;1;1;1;
47052;202200030507;759 569;A01;2;7;0;2;7;13;1;
47053;202200030508;759 564;C01;3;7;0;2;0;26;2;
47054;202200030508;759 565;B01;3;7;0;2;3;1;1;
47055;202200030508;759 567;A01;3;33;0;2;2;17;1;
47056;202200030509;759 563;A01;3;7;0;2;1;26;1;
47057;202200030509;759 566;B01;3;50;0;2;8;1;3;
47058;202200030510;759 562;A01;2;7;0;1;2;20;1;
47059;202200030511;759 558;A01;0;7;0;2;1;2;1;
47060;202200030511;759 559;B01;0;7;0;0;4;0;1;
47061;202200030512;759 557;A01;2;7;6;0;0;14;1;
47062;202200030513;759 555;B01;1;7;0;2;2;17;1;
47063;202200030513;759 556;A01;1;3;0;2;6;21;1;
47064;202200030515;759 551;A01;3;7;0;2;1;2;1;
47065;202200030515;759 552;B01;3;7;0;2;4;2;1;
47066;202200030516;759 549;A01;1;30;12;0;7;14;1;
47067;202200030517;759 548;A01;1;50;0;2;9;9;3;
47068;202200030517;759 550;B01;1;7;0;2;1;1;1;
47069;202200030518;759 546;A01;1;1;0;2;1;1;5;
47070;202200030518;759 547;B01;1;7;0;2;3;1;1;
47071;202200030519;759 544;A01;1;7;0;2;2;1;1;
47072;202200030519;759 545;B01;2;1;0;2;8;19;5;
47073;202200030520;759 542;B01;2;33;0;2;3;1;1;
47074;202200030520;759 543;A01;1;7;0;2;1;15;1;
47075;202200030521;759 539;B01;0;1;0;2;1;1;5;
47076;202200030521;759 541;A01;1;10;0;2;2;16;1;
47077;202200030523;759 536;A01;0;15;6;0;1;23;1;
47078;202200030524;759 535;B01;1;50;0;2;3;1;3;
47079;202200030524;759 537;A01;1;10;0;2;2;16;1;
47080;202200030525;759 532;B01;2;7;0;2;2;1;1;
47081;202200030525;759 533;A01;1;50;0;2;1;19;3;
47082;202200030526;759 531;B01;3;7;0;2;3;1;1;
47083;202200030526;759 534;A01;3;7;0;2;3;1;0;
47084;202200030527;759 529;A01;1;7;8;0;2;1;1;
47085;202200030528;759 528;A01;1;7;0;2;1;15;1;
47086;202200030528;759 530;B01;2;1;0;2;2;15;5;
47087;202200030529;759 526;A01;1;7;1;0;2;14;1;
47088;202200030530;759 525;Z01;3;7;0;2;1;1;1;
47089;202200030530;759 527;A01;3;7;0;2;4;1;1;
47090;202200030531;759 521;B01;2;1;0;2;1;1;5;
47091;202200030531;759 523;A01;1;10;0;2;6;1;1;
47092;202200030533;759 516;B01;2;7;0;2;1;1;1;
47093;202200030533;759 518;A01;1;30;0;2;7;15;1;
47094;202200030534;759 515;Z01;2;7;0;2;1;26;1;
47095;202200030534;759 517;A01;1;30;0;2;2;2;1;
47096;202200030535;759 514;A01;1;7;8;0;3;1;1;
47097;202200030536;759 513;A01;1;7;0;1;2;1;1;
47098;202200030537;759 510;A01;2;7;0;2;3;15;1;
47099;202200030537;759 512;B01;2;32;0;2;2;1;1;
47100;202200030538;759 509;A01;2;7;0;2;1;13;1;
47101;202200030538;759 511;B01;1;7;0;2;1;1;1;
47102;202200030539;759 507;A01;1;7;0;9;0;15;1;
47103;202200030540;759 506;B01;3;7;0;2;3;1;1;
47104;202200030540;759 508;A01;3;7;0;2;3;1;1;
47105;202200030541;759 501;D01;0;7;0;0;1;2;1;
47106;202200030541;759 502;C01;0;7;0;0;4;2;1;
47107;202200030541;759 504;B01;0;7;0;0;4;2;1;
47108;202200030541;759 505;A01;0;7;0;0;4;2;1;
47109;202200030542;759 500;B01;0;1;0;2;1;1;5;
47110;202200030542;759 503;A01;2;7;0;2;1;15;1;
47111;202200030543;759 498;B01;0;1;0;2;0;9;5;
47112;202200030543;759 499;A01;0;7;0;2;0;0;0;
47113;202200030544;759 497;A01;3;2;0;1;3;1;0;
47114;202200030545;759 496;A01;1;10;0;1;3;15;1;
47115;202200030546;759 493;A01;0;33;0;2;1;25;1;
47116;202200030546;759 495;B01;3;7;0;9;2;0;1;
47117;202200030547;759 492;A01;1;10;0;9;5;17;1;
47118;202200030547;759 494;B01;1;1;0;2;8;13;5;
47119;202200030548;759 490;A01;1;32;0;1;0;14;0;
47120;202200030550;759 489;A01;2;10;4;0;1;19;1;
47121;202200030552;759 486;A01;2;7;0;1;1;1;1;
47122;202200030554;759 480;B01;2;7;0;2;4;2;1;
47123;202200030554;759 482;A01;2;33;0;2;1;26;1;
47124;202200030555;759 481;A01;1;7;0;2;3;1;2;
47125;202200030555;759 483;B01;1;7;0;2;3;1;1;
47126;202200030556;759 479;Y01;1;1;0;2;0;0;5;
47127;202200030558;759 475;A01;1;31;0;0;0;1;1;
47128;202200030559;759 476;A01;1;7;0;1;3;1;1;
47129;202200030560;759 473;B01;2;38;0;9;1;1;1;1.0
47130;202200030560;759 474;A01;3;34;0;9;1;26;1;
47131;202200030561;759 470;B01;3;7;0;2;2;1;1;
47132;202200030561;759 472;A01;3;31;0;2;1;13;0;
47133;202200030562;759 469;A01;3;10;1;2;1;1;1;
47134;202200030562;759 471;B01;3;7;1;2;8;1;1;
47135;202200030563;759 468;A01;3;7;0;1;4;4;1;
47136;202200030564;759 465;A01;3;7;0;1;2;17;1;
47137;202200030565;759 466;B01;0;7;0;2;1;2;0;
47138;202200030565;759 467;A01;1;7;0;2;4;2;1;
47139;202200030566;759 463;A01;2;7;0;2;8;10;1;
47140;202200030566;759 464;B01;1;7;0;2;1;17;1;
47141;202200030567;759 461;B01;2;1;0;2;9;2;5;
47142;202200030567;759 462;A01;2;37;0;2;7;17;1;1.0
47143;202200030568;759 459;B01;1;33;0;2;1;17;1;
47144;202200030568;759 460;A01;1;7;0;2;3;15;1;
47145;202200030569;759 456;A01;1;50;0;2;1;1;3;
47146;202200030569;759 458;B01;1;7;0;2;4;20;1;
47147;202200030570;759 454;A01;3;10;16;0;0;1;0;
47148;202200030571;759 453;A01;1;7;8;0;1;26;1;
47149;202200030572;759 451;B01;1;7;14;2;2;2;1;
47150;202200030572;759 452;A01;1;7;14;2;3;17;1;
47151;202200030573;759 447;A01;1;7;0;2;1;13;1;
47152;202200030573;759 448;B01;2;37;0;2;1;1;2;1.0
47153;202200030574;759 449;A01;1;33;0;2;2;17;1;
47154;202200030574;759 450;B01;3;7;0;2;6;15;1;
47155;202200030575;759 445;B01;2;32;0;2;1;1;1;
47156;202200030575;759 446;A01;1;7;0;2;2;15;1;
47157;202200030576;759 441;B01;3;10;0;2;5;15;1;
47158;202200030576;759 444;A01;3;7;0;2;1;26;1;
47159;202200030577;759 440;A01;0;7;12;0;1;26;1;
47160;202200030578;759 437;B01;3;7;0;2;5;16;1;
47161;202200030578;759 439;A01;3;7;0;2;3;9;1;
47162;202200030579;759 436;B01;2;7;0;2;1;1;1;
47163;202200030579;759 438;A01;1;7;0;2;2;15;1;
47164;202200030580;759 434;A01;1;7;0;1;8;1;1;
47165;202200030581;759 433;B01;1;7;0;2;2;15;1;
47166;202200030581;759 435;A01;2;2;0;2;1;1;1;
47167;202200030582;759 431;B01;3;7;0;2;0;0;1;
47168;202200030582;759 432;A01;3;7;0;2;1;1;1;
47169;202200030583;759 430;A01;3;80;0;1;2;1;3;
47170;202200030585;759 427;A01;1;30;12;0;1;1;1;
47171;202200030587;759 426;A01;0;7;0;2;3;9;1;
47172;202200030587;759 428;B01;0;50;0;2;7;1;3;
47173;202200030588;759 424;A01;3;7;0;1;2;14;1;
47174;202200030589;759 423;A01;3;33;0;0;0;1;1;
47175;202200030590;759 422;A01;0;30;0;2;3;16;1;
47176;202200030591;759 419;B01;1;33;0;2;1;1;1;
47177;202200030591;759 421;A01;1;7;0;2;6;15;1;
47178;202200030592;759 418;B01;1;7;0;2;3;15;1;
47179;202200030592;759 420;A01;1;33;0;2;7;17;1;
47180;202200030593;759 414;C01;3;7;0;2;4;2;1;
47181;202200030593;759 416;B01;3;7;0;2;4;2;1;
47182;202200030593;759 417;A01;0;7;0;2;1;2;1;
47183;202200030594;759 412;A01;2;7;0;2;3;15;2;
47184;202200030594;759 415;B01;1;7;0;2;1;1;1;
47185;202200030595;759 411;A01;2;7;0;2;3;15;1;
47186;202200030595;759 413;B01;1;50;0;2;3;0;3;
47187;202200030596;759 409;A01;3;7;0;1;1;1;3;
47188;202200030597;759 408;A01;3;7;0;2;3;15;1;
47189;202200030597;759 410;B01;0;17;0;2;2;1;1;
47190;202200030598;759 407;A01;1;7;0;1;1;1;1;
47191;202200030601;759 402;A01;0;50;1;0;1;1;3;
47192;202200030603;759 396;B01;0;7;0;9;1;1;1;
47193;202200030603;759 397;A01;0;1;0;2;7;15;5;
47194;202200030605;759 393;A01;1;7;0;2;4;26;1;
47195;202200030605;759 394;B01;1;7;0;2;1;1;1;
47196;202200030606;759 392;A01;1;7;0;2;3;2;1;
47197;202200030606;759 395;B01;1;2;0;2;5;2;1;
47198;202200030607;759 389;C01;2;7;0;2;4;1;1;
47199;202200030607;759 390;B01;2;7;0;2;4;1;1;
47200;202200030607;759 391;A01;2;7;0;2;1;1;1;
47201;202200030608;759 386;B01;3;7;0;2;2;1;3;
47202;202200030608;759 388;A01;3;7;0;2;3;9;1;
47203;202200030609;759 385;B01;3;7;0;2;1;1;1;
47204;202200030609;759 387;A01;3;7;0;2;1;1;1;
47205;202200030610;759 383;B01;1;50;0;2;1;1;3;
47206;202200030610;759 384;A01;1;7;0;2;5;16;1;
47207;202200030611;759 381;A01;2;31;0;2;1;1;1;
47208;202200030611;759 382;B01;1;7;0;2;4;15;1;
47209;202200030612;759 379;A01;2;7;0;2;1;1;1;
47210;202200030612;759 380;B01;2;7;0;2;4;1;1;
47211;202200030613;759 377;A01;3;7;0;1;3;0;1;
47212;202200030614;759 375;A01;3;7;15;0;1;13;1;
47213;202200030615;759 376;A01;3;7;0;2;6;0;0;
47214;202200030615;759 378;B01;2;1;0;2;1;19;5;
47215;202200030616;759 373;A01;2;7;0;2;2;16;2;
47216;202200030616;759 374;B01;2;1;0;2;1;1;5;
47217;202200030617;759 370;A01;1;7;0;2;1;15;1;
47218;202200030617;759 371;B01;2;10;0;2;3;21;1;
47219;202200030618;759 367;A01;2;7;6;2;1;26;1;
47220;202200030618;759 369;B01;1;7;0;2;1;1;1;
47221;202200030619;759 365;B01;1;15;0;2;4;1;1;
47222;202200030619;759 366;A01;1;7;0;2;1;1;1;
47223;202200030620;759 368;A01;3;7;0;2;2;16;1;
47224;202200030620;759 372;B01;3;7;0;2;3;1;1;
47225;202200030621;759 364;A01;1;7;8;0;1;15;1;
47226;202200030622;759 362;A01;1;7;0;1;7;19;1;
47227;202200030623;759 361;A01;1;34;0;2;1;1;1;
47228;202200030623;759 363;B01;2;7;0;2;1;1;1;
47229;202200030624;759 359;A01;1;7;0;2;1;1;1;
47230;202200030624;759 360;B01;2;7;0;2;2;15;1;
47231;202200030625;759 357;A01;3;7;16;0;1;1;1;
47232;202200030626;759 356;A01;2;7;0;1;2;16;0;
47233;202200030627;759 353;A01;1;10;0;0;0;0;1;
47234;202200030627;759 354;B01;2;10;0;0;0;0;1;
47235;202200030628;759 355;B01;1;32;0;2;1;1;1;
47236;202200030628;759 358;A01;2;30;0;2;7;19;1;
47237;202200030629;759 351;A01;1;7;0;2;6;15;1;
47238;202200030629;759 352;B01;1;33;0;2;2;1;1;
47239;202200030630;759 349;A01;1;7;8;0;1;26;1;
47240;202200030631;759 346;B01;2;7;0;2;2;1;3;
47241;202200030631;759 347;A01;0;7;0;2;3;9;1;
47242;202200030632;759 348;B01;1;33;0;2;2;2;1;
47243;202200030632;759 350;A01;1;7;0;2;3;9;1;
47244;202200030633;759 344;B01;3;32;0;2;3;5;1;
47245;202200030633;759 345;A01;3;7;0;2;3;5;1;
47246;202200030634;759 343;A01;1;31;0;2;8;1;1;
47247;202200030636;759 340;A01;2;43;0;2;1;18;1;
47248;202200030636;759 341;B01;0;7;0;2;6;1;0;