;Num_Acc;id_vehicule;num_veh;senc;catv;obs;obsm;choc;manv;motor;occutc
47249;202200030637;759 336;A01;1;7;0;2;1;2;1;
47250;202200030637;759 337;B01;1;10;0;2;4;2;1;
47251;202200030637;759 338;C01;1;10;0;2;4;2;1;
47252;202200030638;759 332;Z01;2;34;0;2;7;3;1;
47253;202200030638;759 333;B01;2;7;0;2;5;1;1;
47254;202200030638;759 334;A01;2;7;0;2;8;1;1;
47255;202200030639;759 335;A01;1;7;0;2;1;2;1;
47256;202200030639;759 339;B01;1;7;0;2;4;23;1;
47257;202200030640;759 330;A01;1;43;0;2;3;18;1;
47258;202200030640;759 331;B01;1;7;0;2;7;23;1;
47259;202200030642;759 325;A01;3;37;0;1;2;7;1;1.0
47260;202200030643;759 326;B01;2;7;0;2;3;1;1;
47261;202200030643;759 329;A01;2;32;0;2;7;17;1;
47262;202200030644;759 323;B01;1;80;0;2;1;1;3;
47263;202200030644;759 324;A01;1;7;0;2;3;22;1;
47264;202200030645;759 322;A01;3;7;0;1;8;20;1;
47265;202200030646;759 321;A01;1;7;0;1;4;20;1;
47266;202200030647;759 316;D01;1;7;0;2;1;23;1;
47267;202200030647;759 317;C01;1;7;0;2;2;1;1;
47268;202200030647;759 318;B01;1;7;0;2;3;1;1;
47269;202200030647;759 320;A01;1;7;0;2;3;21;1;
47270;202200030648;759 315;B01;1;7;0;2;4;23;1;
47271;202200030648;759 319;A01;1;32;0;2;1;2;1;
47272;202200030649;759 314;A01;2;7;0;1;1;18;0;
47273;202200030650;759 311;A01;2;7;0;2;2;15;1;
47274;202200030650;759 312;B01;1;30;0;2;1;1;1;
47275;202200030651;759 307;A01;1;34;0;2;2;17;0;
47276;202200030651;759 308;B01;1;7;0;2;6;17;1;
47277;202200030652;759 309;A01;3;10;0;2;8;11;1;
47278;202200030652;759 310;C01;0;7;0;2;2;1;1;
47279;202200030652;759 313;B01;3;33;0;2;7;3;1;
47280;202200030653;759 306;A01;3;30;0;0;8;1;3;
47281;202200030654;759 304;A01;3;7;6;2;9;20;2;
47282;202200030655;759 301;A01;2;32;0;2;7;3;1;
47283;202200030655;759 302;B01;1;7;0;2;2;15;1;
47284;202200030656;759 303;A01;3;10;0;2;1;15;1;
47285;202200030656;759 305;B01;1;33;0;2;8;1;1;
47286;202200030658;759 298;A01;1;7;0;2;1;2;1;
47287;202200030658;759 299;B01;1;7;0;0;6;2;1;
47288;202200030659;759 294;A01;2;7;6;2;1;1;1;
47289;202200030659;759 296;B01;1;7;0;2;2;1;2;
47290;202200030661;759 291;B01;1;7;0;2;3;1;1;
47291;202200030661;759 293;A01;3;7;0;2;3;15;1;
47292;202200030662;759 292;A01;1;1;0;1;2;21;5;
47293;202200030663;759 285;B01;1;7;0;0;8;15;1;
47294;202200030663;759 287;A01;1;7;0;2;1;0;1;
47295;202200030664;759 286;A01;1;50;0;2;1;5;3;
47296;202200030664;759 288;B01;2;50;0;2;1;1;3;
47297;202200030665;759 283;B01;3;50;0;2;1;1;3;
47298;202200030665;759 284;A01;3;7;0;9;0;9;1;
47299;202200030666;759 281;A01;2;7;0;1;2;1;1;
47300;202200030668;759 279;B01;1;7;0;2;1;1;1;
47301;202200030668;759 280;A01;2;7;0;2;1;13;1;
47302;202200030669;759 277;A01;1;10;0;9;0;2;1;
47303;202200030669;759 278;B01;1;1;0;2;4;2;5;
47304;202200030670;759 273;B01;2;7;0;2;3;1;1;
47305;202200030670;759 275;A01;1;7;0;2;3;1;1;
47306;202200030671;759 274;A01;1;7;0;2;7;22;1;
47307;202200030671;759 276;B01;1;31;0;2;3;18;1;
47308;202200030672;759 272;A01;3;7;13;0;1;0;3;
47309;202200030673;759 268;C01;1;7;0;2;1;2;1;
47310;202200030673;759 270;B01;2;7;0;2;1;1;1;
47311;202200030673;759 271;A01;1;7;0;2;4;15;1;
47312;202200030674;759 269;A01;1;50;0;0;0;1;3;
47313;202200030675;759 267;A01;3;7;0;0;0;2;1;
47314;202200030676;759 265;A01;2;7;0;2;3;1;1;
47315;202200030676;759 266;B01;1;10;0;2;3;1;1;
47316;202200030677;759 262;A01;1;7;0;2;1;1;1;
47317;202200030677;759 263;B01;2;7;0;2;1;1;1;
47318;202200030678;759 264;A01;3;37;0;2;5;7;3;1.0
47319;202200030679;759 261;A01;1;7;9;0;1;1;1;
47320;202200030680;759 259;A01;1;33;0;0;0;1;1;
47321;202200030681;759 260;A01;2;10;0;1;1;15;1;
47322;202200030683;759 257;A01;1;7;7;0;1;1;1;
47323;202200030684;759 255;B01;1;50;0;2;0;0;3;
47324;202200030684;759 256;A01;1;7;0;2;6;14;1;
47325;202200030685;759 253;A01;2;7;0;2;1;1;1;
47326;202200030685;759 254;B01;1;7;0;2;7;19;1;
47327;202200030686;759 252;A01;1;10;7;0;2;13;1;
47328;202200030687;759 251;A01;1;33;0;0;0;1;1;
47329;202200030688;759 248;B01;1;7;0;2;3;1;1;
47330;202200030688;759 249;A01;2;7;0;2;3;1;1;
47331;202200030689;759 246;A01;1;7;0;0;0;1;1;
47332;202200030690;759 245;B01;1;10;0;2;4;2;1;
47333;202200030690;759 247;C01;1;7;0;2;3;2;1;
47334;202200030690;759 250;A01;1;7;0;2;1;2;1;
47335;202200030691;759 243;B01;2;7;0;2;1;1;1;
47336;202200030691;759 244;A01;1;7;15;2;1;5;1;
47337;202200030692;759 237;C01;2;7;0;2;4;2;1;
47338;202200030692;759 238;B01;2;7;0;2;4;2;1;
47339;202200030692;759 241;A01;2;10;0;2;1;1;1;
47340;202200030693;759 235;B01;0;7;0;2;1;1;1;
47341;202200030693;759 236;A01;0;7;0;2;1;15;0;
47342;202200030694;759 233;A01;2;7;0;2;2;15;1;
47343;202200030694;759 234;B01;1;7;0;2;3;1;1;
47344;202200030695;759 231;A01;0;7;0;2;2;0;1;
47345;202200030695;759 232;B01;0;32;0;2;0;0;1;
47346;202200030696;759 229;A01;3;10;0;2;3;9;1;
47347;202200030696;759 230;B01;0;50;0;2;2;2;3;
47348;202200030697;759 227;A01;1;7;0;2;6;1;0;
47349;202200030697;759 228;B01;1;7;0;2;2;1;0;
47350;202200030698;759 226;A01;1;7;0;1;2;1;1;
47351;202200030699;759 224;Z01;1;7;0;2;2;19;0;
47352;202200030699;759 225;A01;1;1;0;2;2;1;5;
47353;202200030700;759 223;A01;1;50;0;1;1;19;3;
47354;202200030701;759 222;B01;1;1;0;1;1;0;5;
47355;202200030702;759 221;A01;2;36;15;0;0;1;1;
47356;202200030703;759 219;B01;1;7;0;2;3;1;1;
47357;202200030703;759 220;A01;2;7;0;2;1;13;1;
47358;202200030705;759 217;A01;3;7;2;0;0;1;1;
47359;202200030706;759 215;B01;1;33;0;0;4;1;1;
47360;202200030706;759 216;A01;1;7;0;2;1;1;1;
47361;202200030707;759 213;B01;2;7;0;2;3;1;1;
47362;202200030707;759 214;A01;1;32;0;2;1;6;1;
47363;202200030708;759 211;A01;2;7;0;2;2;1;1;
47364;202200030708;759 212;B01;1;7;0;2;3;9;1;
47365;202200030709;759 209;B01;3;7;0;2;3;1;1;
47366;202200030709;759 210;A01;3;2;15;2;3;13;1;
47367;202200030710;759 207;B01;1;7;0;0;4;2;1;
47368;202200030710;759 208;A01;1;31;0;2;1;2;1;
47369;202200030712;759 204;A01;2;7;0;1;1;1;1;
47370;202200030713;759 202;B01;2;7;0;2;1;1;1;
47371;202200030713;759 203;A01;1;7;0;2;1;15;1;
47372;202200030715;759 200;A01;2;7;0;1;1;1;0;
47373;202200030716;759 198;A01;1;7;0;0;7;1;1;
47374;202200030716;759 199;B01;1;7;0;2;1;1;1;
47375;202200030717;759 195;A01;2;7;0;2;7;16;1;
47376;202200030717;759 196;B01;2;1;0;2;8;1;5;
47377;202200030718;759 194;A01;1;7;2;0;1;1;0;
47378;202200030719;759 193;A01;2;7;0;1;0;1;1;
47379;202200030720;759 191;B01;1;10;0;0;2;9;0;
47380;202200030720;759 192;A01;1;7;0;0;6;15;1;
47381;202200030721;759 189;B01;2;13;0;2;2;11;1;
47382;202200030721;759 190;A01;2;10;8;2;3;11;1;
47383;202200030722;759 188;A01;1;7;0;0;9;1;1;
47384;202200030723;759 187;A01;2;7;0;1;3;1;1;
47385;202200030724;759 185;A01;1;7;0;2;2;15;1;
47386;202200030724;759 186;B01;2;7;0;2;1;1;1;
47387;202200030725;759 183;B01;1;32;0;2;1;1;1;
47388;202200030725;759 184;A01;2;7;0;2;3;13;1;
47389;202200030726;759 182;A01;0;7;0;1;1;0;1;
47390;202200030727;759 181;A01;1;7;7;0;1;1;1;
47391;202200030728;759 179;A01;2;7;0;2;1;13;1;
47392;202200030728;759 180;B01;1;7;0;2;1;1;1;
47393;202200030729;759 177;A01;3;7;0;2;1;1;1;
47394;202200030729;759 178;B01;0;7;0;2;1;1;1;
47395;202200030730;759 176;A01;1;7;0;1;1;1;1;
47396;202200030731;759 175;A01;1;10;7;0;1;0;1;
47397;202200030732;759 174;A01;1;7;3;0;8;1;1;
47398;202200030734;759 171;A01;2;7;0;1;2;14;1;
47399;202200030735;759 170;A01;1;10;0;0;1;1;1;
47400;202200030736;759 169;A01;3;33;8;0;1;1;1;
47401;202200030737;759 167;A01;1;7;0;2;1;1;1;
47402;202200030737;759 168;B01;2;10;0;2;1;1;1;
47403;202200030738;759 164;A01;3;31;6;0;1;1;1;
47404;202200030739;759 163;A01;1;7;2;0;1;6;1;
47405;202200030740;759 162;A01;1;7;0;0;9;0;1;
47406;202200030741;759 161;A01;2;7;13;0;1;16;1;
47407;202200030742;759 160;A01;2;7;9;0;1;1;1;
47408;202200030743;759 158;A01;1;1;0;2;4;2;5;
47409;202200030743;759 159;B01;1;7;0;9;2;2;1;
47410;202200030744;759 155;A01;1;7;0;2;3;13;1;
47411;202200030744;759 156;B01;2;33;0;2;1;1;1;
47412;202200030744;759 157;C01;2;33;12;0;7;21;1;
47413;202200030745;759 154;A01;1;7;8;0;0;0;1;
47414;202200030746;759 153;A01;2;33;3;0;7;1;1;
47415;202200030747;759 152;A01;3;33;12;0;7;1;1;
47416;202200030748;759 150;A01;0;10;0;2;3;1;1;
47417;202200030748;759 151;B01;2;1;0;2;1;23;5;
47418;202200030749;759 146;A01;1;7;0;2;4;1;1;
47419;202200030749;759 147;B01;1;7;0;2;1;1;1;
47420;202200030749;759 148;C01;-1;7;-1;-1;-1;-1;-1;
47421;202200030749;759 149;D01;-1;7;-1;-1;-1;-1;-1;
47422;202200030750;759 144;A01;1;16;0;2;7;12;1;
47423;202200030750;759 145;B01;1;7;4;2;8;1;1;
47424;202200030751;759 143;A01;2;7;4;0;1;21;1;
47425;202200030752;759 141;A01;2;7;0;2;1;11;1;
47426;202200030752;759 142;B01;2;7;0;2;4;1;1;
47427;202200030753;759 140;A01;2;7;5;0;1;12;1;
47428;202200030754;759 138;A01;2;34;0;2;1;3;0;
47429;202200030754;759 139;B01;2;7;0;2;2;12;2;
47430;202200030755;759 134;A01;1;7;0;2;3;3;1;
47431;202200030755;759 135;B01;1;15;0;2;1;1;1;
47432;202200030755;759 136;C01;1;7;0;2;2;1;1;
47433;202200030755;759 137;D01;1;7;0;2;7;1;1;
47434;202200030757;759 130;B01;2;7;0;2;4;2;1;
47435;202200030757;759 131;A01;2;33;0;2;1;1;1;
47436;202200030758;759 129;A01;1;1;0;1;1;25;5;
47437;202200030759;759 128;A01;2;30;0;1;1;26;1;
47438;202200030760;759 126;A01;1;7;1;0;2;2;1;
47439;202200030760;759 127;B01;3;7;0;2;6;24;1;
47440;202200030761;759 125;A01;1;7;0;1;2;1;1;
47441;202200030762;759 124;A01;3;7;0;1;1;9;1;
47442;202200030763;759 122;A01;2;30;0;2;1;2;0;
47443;202200030763;759 123;B01;2;7;0;2;6;2;0;
47444;202200030764;759 120;A01;2;99;0;2;1;15;3;
47445;202200030764;759 121;B01;1;30;0;2;8;1;1;
47446;202200030765;759 118;B01;2;7;0;2;8;1;1;
47447;202200030765;759 119;A01;2;7;0;2;1;1;1;
47448;202200030766;759 116;B01;2;1;0;2;7;1;0;
47449;202200030766;759 117;A01;1;7;0;9;3;9;2;
47450;202200030768;759 111;A01;1;7;0;2;9;2;1;
47451;202200030768;759 112;B01;1;7;0;2;9;10;1;
47452;202200030769;759 110;A01;1;7;0;1;1;1;1;
47453;202200030770;759 108;A01;1;10;0;2;5;26;1;
47454;202200030770;759 109;B01;2;7;0;2;1;9;1;
47455;202200030771;759 106;B01;2;7;0;2;2;1;1;
47456;202200030771;759 107;A01;3;7;0;2;3;16;1;
47457;202200030772;759 105;A01;1;7;0;1;2;1;1;
47458;202200030773;759 103;A01;1;2;0;2;1;2;1;
47459;202200030773;759 104;B01;1;7;0;2;4;2;1;
47460;202200030774;759 099;B01;2;1;0;2;4;1;5;
47461;202200030774;759 100;A01;2;37;0;2;5;1;1;1.0
47462;202200030775;759 097;A01;3;33;0;2;1;2;1;
47463;202200030775;759 098;B01;3;2;0;2;4;2;1;
47464;202200030776;759 096;A01;3;7;0;0;2;14;1;
47465;202200030777;759 094;A01;1;10;0;2;1;1;1;
47466;202200030777;759 095;B01;3;50;0;2;7;1;3;
47467;202200030778;759 092;A01;1;7;0;2;1;1;1;
47468;202200030778;759 093;B01;1;1;0;2;1;1;5;
47469;202200030779;759 089;A01;2;7;0;2;3;2;2;
47470;202200030779;759 090;B01;2;7;0;2;5;23;1;
47471;202200030779;759 091;C01;2;7;0;2;5;23;1;
47472;202200030780;759 087;A01;3;7;0;2;3;9;1;
47473;202200030780;759 088;B01;-1;2;0;2;9;13;1;
47474;202200030781;759 086;A01;2;7;0;1;2;1;1;
47475;202200030782;759 083;A01;1;7;0;2;1;2;1;
47476;202200030782;759 084;B01;1;7;0;2;4;2;1;
47477;202200030782;759 085;C01;1;7;0;2;4;2;1;
47478;202200030783;759 082;A01;2;7;0;1;2;1;2;
47479;202200030785;759 078;A01;2;7;0;2;3;26;1;
47480;202200030785;759 079;B01;2;2;0;2;7;17;1;
47481;202200030786;759 077;A01;2;30;0;2;8;1;1;
47482;202200030787;759 075;A01;1;7;0;2;1;15;1;
47483;202200030787;759 076;B01;2;1;0;2;1;1;5;
47484;202200030788;759 072;A01;1;7;0;2;1;13;1;
47485;202200030788;759 073;B01;2;7;0;2;1;1;1;
47486;202200030788;759 074;C01;2;7;0;2;1;1;1;
47487;202200030789;759 071;A01;1;30;0;1;1;26;1;
47488;202200030790;759 069;A01;3;39;0;9;0;2;3;
47489;202200030790;759 070;B01;3;1;0;4;0;0;5;
47490;202200030791;759 067;A01;1;33;0;2;1;21;1;
47491;202200030791;759 068;B01;1;7;0;0;5;1;1;
47492;202200030792;759 066;A01;1;7;0;1;3;1;1;
47493;202200030793;759 065;Z01;1;7;0;1;1;0;1;
47494;202200030794;759 063;A01;3;7;0;2;3;9;1;
47495;202200030794;759 064;B01;3;33;0;2;1;1;1;
47496;202200030795;759 062;A01;3;7;0;1;3;1;1;
47497;202200030796;759 061;A01;2;33;16;0;8;1;1;
47498;202200030797;759 059;B01;1;50;0;2;7;1;3;
47499;202200030797;759 060;A01;1;7;0;9;1;9;1;
47500;202200030798;759 058;A01;1;1;0;-1;0;2;5;
47501;202200030799;759 056;A01;3;7;12;2;1;19;1;
47502;202200030799;759 057;B01;2;7;0;2;7;1;1;
47503;202200030800;759 055;A01;1;7;0;1;4;26;1;
47504;202200030801;759 053;B01;2;1;0;2;7;1;5;
47505;202200030801;759 054;A01;2;7;0;9;3;20;1;
47506;202200030802;759 051;A01;2;7;0;2;3;9;1;
47507;202200030802;759 052;B01;1;50;0;2;7;1;3;
47508;202200030803;759 049;B01;1;7;0;2;6;1;1;
47509;202200030803;759 050;A01;1;17;0;2;2;1;1;
47510;202200030804;759 048;A01;2;7;0;1;1;16;1;
47511;202200030805;759 047;A01;2;7;0;1;1;19;1;
47512;202200030806;759 045;A01;2;33;0;2;1;1;1;
47513;202200030806;759 046;B01;2;7;0;2;4;23;1;
47514;202200030807;759 043;B01;2;7;0;2;8;9;1;
47515;202200030807;759 044;A01;2;30;0;2;1;9;1;
47516;202200030808;759 040;A01;0;7;0;2;1;0;1;
47517;202200030808;759 041;B01;0;7;0;2;4;2;1;
47518;202200030808;759 042;C01;0;10;0;2;4;2;1;
47519;202200030809;759 036;Z01;1;7;0;2;1;11;0;
47520;202200030809;759 037;A01;1;7;0;2;6;1;2;
47521;202200030810;759 035;C01;3;7;0;2;4;23;1;
47522;202200030810;759 038;B01;3;7;0;2;4;23;1;
47523;202200030810;759 039;A01;3;7;0;2;1;26;1;
47524;202200030811;759 031;C01;2;10;0;2;4;1;1;
47525;202200030811;759 033;B01;2;31;0;2;8;3;1;
47526;202200030811;759 034;A01;2;7;0;2;2;12;1;
47527;202200030812;759 030;A01;1;7;0;2;1;1;1;
47528;202200030812;759 032;B01;2;7;0;2;7;1;1;
47529;202200030813;759 027;A01;1;7;0;2;1;2;1;
47530;202200030813;759 029;B01;1;10;0;2;4;2;1;
47531;202200030814;759 026;B01;1;7;13;2;8;2;1;
47532;202200030814;759 028;A01;1;7;0;2;2;19;1;
47533;202200030815;759 025;A01;1;33;4;0;1;12;3;
47534;202200030816;759 024;[01;0;30;-1;1;-1;0;-1;
47535;202200030817;759 022;B01;3;1;0;2;8;13;5;
47536;202200030817;759 023;A01;3;1;0;2;1;1;5;
47537;202200030818;759 020;A01;2;7;0;2;1;9;0;
47538;202200030818;759 021;B01;2;7;0;2;7;2;0;
47539;202200030819;759 018;B01;1;50;0;2;8;1;3;
47540;202200030819;759 019;A01;1;7;0;2;2;14;1;
47541;202200030820;759 013;C01;2;7;0;2;4;23;2;
47542;202200030820;759 014;B01;2;7;0;2;4;23;1;
47543;202200030820;759 016;A01;2;7;0;2;1;1;1;
47544;202200030821;759 009;B01;1;50;0;2;1;1;3;
47545;202200030821;759 011;A01;2;1;0;2;3;1;5;
47546;202200030822;759 008;A01;1;2;0;0;7;15;3;
47547;202200030823;759 006;B01;1;60;0;2;0;0;5;
47548;202200030823;759 007;A01;1;7;0;2;0;10;1;
47549;202200030824;759 004;A01;2;7;0;1;1;15;1;
47550;202200030825;759 003;B01;2;31;0;2;0;0;1;
47551;202200030825;759 005;A01;2;7;0;2;1;0;1;
47552;202200030828;758 999;A01;2;7;0;1;3;15;1;
47553;202200030829;758 998;A01;1;43;0;1;1;1;1;
47554;202200030831;758 994;A01;2;7;8;0;1;2;1;
47555;202200030832;758 993;A01;1;1;0;2;1;5;5;
47556;202200030832;758 995;B01;2;7;0;2;3;1;1;
47557;202200030833;758 991;A01;0;7;0;2;6;15;1;
47558;202200030833;758 992;B01;0;34;0;2;1;2;1;
47559;202200030834;758 989;A01;1;7;0;2;1;15;1;
47560;202200030834;758 990;B01;1;30;0;2;1;1;1;
47561;202200030836;758 984;B01;3;2;0;2;8;1;1;
47562;202200030836;758 986;A01;3;7;0;2;7;14;1;
47563;202200030837;758 983;B01;1;7;0;0;2;1;1;
47564;202200030837;758 985;A01;3;1;0;2;2;5;5;
47565;202200030838;758 979;A01;2;7;0;2;2;20;1;
47566;202200030838;758 981;B01;2;10;0;2;3;1;1;
47567;202200030839;758 978;C01;2;10;0;2;5;15;1;
47568;202200030839;758 980;B01;2;7;0;2;3;21;1;
47569;202200030839;758 982;A01;2;7;0;2;1;2;1;
47570;202200030840;758 976;B01;3;7;0;2;5;23;2;
47571;202200030840;758 977;A01;3;32;0;2;1;1;1;
47572;202200030841;758 975;A01;2;32;4;0;7;14;1;
47573;202200030844;758 968;A01;1;10;0;1;1;1;2;
47574;202200030845;758 967;A01;1;34;0;1;1;1;1;
47575;202200030846;758 965;B01;3;32;0;2;3;0;1;
47576;202200030846;758 966;A01;0;7;0;2;1;15;1;
47577;202200030847;758 962;A01;0;50;0;2;1;5;3;
47578;202200030847;758 964;B01;3;33;0;2;1;9;1;
47579;202200030848;758 961;B01;2;7;0;2;6;23;1;
47580;202200030848;758 963;A01;2;37;0;2;1;2;3;1.0
47581;202200030849;758 959;B01;1;33;0;2;3;1;1;
47582;202200030849;758 960;A01;0;7;0;2;2;19;1;
47583;202200030850;758 957;Z01;1;7;0;2;0;15;0;
47584;202200030850;758 958;B01;1;1;8;2;8;1;5;
47585;202200030852;758 953;A01;1;43;0;2;2;1;1;
47586;202200030852;758 954;Z01;1;14;0;2;6;16;1;
47587;202200030853;758 952;A01;1;7;2;0;8;1;1;
47588;202200030855;758 949;B01;1;32;0;2;2;1;1;
47589;202200030855;758 950;A01;2;10;0;2;2;15;1;
47590;202200030856;758 947;A01;3;30;0;0;0;1;1;
47591;202200030857;758 943;A01;2;7;0;0;4;2;1;
47592;202200030857;758 945;B01;2;7;0;2;1;2;2;
47593;202200030857;758 946;C01;2;7;0;2;1;2;1;
47594;202200030858;758 944;A01;0;50;0;1;1;25;3;
47595;202200030859;758 940;A01;2;37;0;1;2;1;3;1.0
47596;202200030860;758 941;B01;2;43;0;2;2;1;1;
47597;202200030860;758 942;A01;1;7;0;2;7;15;2;
47598;202200030861;758 936;A01;1;43;0;2;7;17;1;
47599;202200030861;758 938;B01;1;7;0;2;3;1;1;
47600;202200030862;758 937;A01;2;32;0;2;1;2;1;
47601;202200030862;758 939;B01;2;2;0;2;8;15;1;
47602;202200030863;758 935;A01;1;33;0;6;1;21;1;
47603;202200030864;758 931;B01;2;2;0;9;1;17;1;
47604;202200030864;758 933;A01;2;80;0;0;8;15;3;
47605;202200030865;758 930;B01;3;2;9;0;1;1;1;
47606;202200030865;758 932;A01;3;7;0;2;1;1;1;
47607;202200030866;758 928;A01;2;10;0;2;8;1;1;
47608;202200030866;758 929;B01;2;37;0;2;1;1;1;1.0
47609;202200030867;758 926;A01;1;7;0;2;3;1;1;
47610;202200030867;758 927;B01;2;7;0;2;7;15;1;
47611;202200030868;758 924;B01;2;7;0;2;3;1;1;
47612;202200030868;758 925;A01;1;7;0;2;2;13;1;
47613;202200030869;758 923;A01;1;10;2;0;1;1;1;
47614;202200030870;758 921;B01;2;7;0;2;2;9;1;
47615;202200030870;758 922;A01;1;33;0;2;5;1;1;
47616;202200030872;758 917;A01;1;7;0;2;1;2;2;
47617;202200030872;758 918;B01;1;7;0;2;3;12;1;
47618;202200030873;758 916;B01;1;7;0;2;2;1;1;
47619;202200030873;758 919;A01;2;7;0;2;2;15;1;
47620;202200030875;758 912;B01;1;7;0;2;2;0;1;
47621;202200030875;758 915;A01;1;7;0;2;1;0;1;
47622;202200030876;758 909;A01;2;31;0;2;1;17;1;
47623;202200030876;758 911;B01;3;7;0;2;3;15;1;
47624;202200030877;758 908;B01;3;7;1;0;2;1;2;
47625;202200030877;758 910;A01;3;7;1;0;4;4;1;
47626;202200030878;758 905;A01;1;7;0;2;3;1;1;
47627;202200030878;758 907;B01;2;7;0;2;3;1;1;
47628;202200030879;758 906;A01;2;7;0;1;2;0;0;
47629;202200030880;758 902;A01;1;7;0;2;8;1;1;
47630;202200030880;758 904;B01;2;7;0;2;1;1;1;
47631;202200030881;758 903;A01;2;10;0;1;1;16;1;
47632;202200030883;758 898;A01;2;7;0;9;4;10;1;
47633;202200030883;758 900;B01;2;50;0;2;1;1;3;
47634;202200030884;758 895;B01;0;7;0;0;0;9;1;
47635;202200030884;758 896;A01;0;33;0;2;0;1;1;
47636;202200030885;758 894;A01;3;33;13;0;1;1;1;
47637;202200030886;758 893;A01;1;7;0;0;8;21;1;
47638;202200030888;758 890;A01;1;7;13;0;0;1;1;
47639;202200030889;758 888;A01;3;31;0;0;0;0;1;
47640;202200030890;758 887;A01;1;7;0;2;3;26;0;
47641;202200030890;758 889;B01;1;7;0;2;3;0;0;
47642;202200030891;758 886;A01;1;7;2;0;1;21;1;
47643;202200030892;758 885;A01;1;7;0;1;4;20;1;
47644;202200030893;758 882;B01;3;7;0;2;1;1;1;
47645;202200030893;758 884;A01;3;1;0;2;8;0;5;
47646;202200030894;758 881;A01;1;7;0;2;1;1;1;
47647;202200030894;758 883;B01;1;7;0;2;7;1;1;
47648;202200030895;758 879;B01;0;33;0;2;8;16;1;
47649;202200030895;758 880;A01;0;10;0;2;8;17;1;
47650;202200030896;758 878;A01;0;33;0;0;0;1;1;
47651;202200030897;758 876;A01;1;7;0;1;1;20;1;
47652;202200030898;758 875;A01;3;1;0;2;1;15;5;
47653;202200030898;758 877;B01;2;7;0;0;6;1;1;
47654;202200030899;758 872;B01;2;99;9;2;1;1;6;
47655;202200030899;758 874;A01;1;31;9;9;1;1;1;
47656;202200030901;758 868;A01;1;7;0;2;3;19;1;
47657;202200030901;758 870;B01;2;33;0;2;1;1;1;
47658;202200030902;758 867;A01;1;10;0;2;3;9;1;
47659;202200030902;758 869;B01;2;2;0;2;7;1;1;
47660;202200030904;758 863;A01;1;2;0;2;1;5;1;
47661;202200030904;758 866;B01;0;7;0;2;2;1;1;
47662;202200030905;758 861;A01;1;10;0;2;3;26;1;
47663;202200030905;758 862;B01;2;33;0;2;0;14;1;
47664;202200030906;758 860;A01;3;33;0;0;1;0;1;
47665;202200030907;758 858;A01;2;7;6;0;1;1;1;
47666;202200030908;758 857;A01;3;2;0;2;1;13;1;
47667;202200030908;758 859;B01;3;7;0;2;3;1;1;
47668;202200030909;758 855;A01;3;7;0;1;1;1;1;
47669;202200030910;758 854;B01;0;7;0;2;3;19;1;
47670;202200030910;758 856;A01;3;10;0;2;6;0;1;
47671;202200030911;758 852;A01;2;7;0;0;4;15;1;
47672;202200030911;758 853;B01;2;10;0;2;1;2;1;
47673;202200030912;758 850;A01;1;7;0;0;9;1;1;
47674;202200030913;758 849;A01;2;7;0;2;1;1;1;
47675;202200030913;758 851;B01;1;14;0;2;2;9;1;
47676;202200030914;758 848;A01;0;2;0;0;0;1;1;
47677;202200030915;758 846;A01;2;7;0;2;6;15;0;
47678;202200030915;758 847;B01;1;2;7;2;2;21;1;
47679;202200030917;758 843;A01;1;33;3;0;7;14;1;
47680;202200030918;758 841;B01;2;17;0;2;6;1;1;
47681;202200030918;758 842;A01;2;10;3;2;9;1;1;
47682;202200030919;758 839;B01;1;15;0;2;3;0;1;
47683;202200030919;758 840;A01;2;7;0;2;1;13;1;
47684;202200030921;758 837;A01;2;7;4;0;3;26;1;
47685;202200030922;758 836;A01;1;7;0;1;2;15;1;
47686;202200030923;758 835;A01;2;7;17;0;1;14;1;
47687;202200030924;758 834;A01;2;7;13;0;2;1;1;
47688;202200030925;758 832;A01;2;7;0;0;4;23;1;
47689;202200030925;758 833;B01;2;10;0;2;1;2;1;
47690;202200030926;758 831;A01;1;33;6;0;1;1;1;
47691;202200030928;758 827;A01;2;7;5;2;1;2;1;
47692;202200030928;758 828;B01;2;7;0;0;4;2;1;
47693;202200030928;758 830;C01;2;10;0;2;2;2;1;
47694;202200030929;758 825;B01;1;7;0;2;1;1;1;
47695;202200030929;758 826;A01;2;7;0;2;3;19;1;
47696;202200030930;758 823;B01;2;10;0;2;1;1;1;
47697;202200030930;758 824;A01;1;10;0;2;1;13;1;
47698;202200030931;758 822;A01;1;33;1;0;7;1;1;
47699;202200030933;758 820;A01;1;7;2;0;1;1;3;
47700;202200030934;758 819;A01;2;7;6;0;2;19;1;
47701;202200030935;758 816;A01;1;33;0;2;1;12;1;
47702;202200030935;758 818;B01;1;7;0;0;8;2;1;
47703;202200030937;758 813;B01;1;33;0;2;2;2;1;
47704;202200030937;758 815;A01;1;7;0;2;3;15;1;
47705;202200030938;758 811;A01;2;7;8;1;1;13;1;
47706;202200030939;758 812;B01;1;31;0;2;8;1;1;
47707;202200030939;758 814;A01;2;7;0;2;8;13;1;
47708;202200030940;758 809;A01;3;7;0;2;2;2;1;