;Num_Acc;id_vehicule;num_veh;senc;catv;obs;obsm;choc;manv;motor;occutc
47709;202200030940;758 810;B01;3;50;0;2;4;2;3;
47710;202200030941;758 808;A01;2;2;7;0;1;1;1;
47711;202200030947;758 797;B01;1;10;0;0;2;2;1;
47712;202200030947;758 798;A01;1;33;0;0;4;1;1;
47713;202200030948;758 795;A01;3;7;6;0;1;1;1;
47714;202200030950;758 793;A01;2;7;13;0;0;0;1;
47715;202200030952;758 792;A01;1;7;6;0;1;1;1;
47716;202200030953;758 790;A01;3;2;0;0;1;1;1;
47717;202200030954;758 789;B01;1;2;0;0;6;1;1;
47718;202200030954;758 791;A01;1;7;0;2;3;11;1;
47719;202200030955;758 785;B01;1;33;0;2;1;1;1;
47720;202200030955;758 786;A01;3;7;0;2;5;9;1;
47721;202200030956;758 782;B01;1;7;0;2;1;13;1;
47722;202200030956;758 783;A01;2;10;0;2;1;1;1;
47723;202200030957;758 779;B01;0;7;0;2;1;5;1;
47724;202200030957;758 780;A01;0;7;0;2;1;1;1;
47725;202200030959;758 776;A01;0;7;0;2;3;11;1;
47726;202200030959;758 778;B01;3;7;0;2;1;17;1;
47727;202200030960;758 774;B01;2;1;0;2;4;1;5;
47728;202200030960;758 775;A01;2;3;0;9;2;1;1;
47729;202200030961;758 773;B01;1;32;13;2;2;17;1;
47730;202200030961;758 777;A01;1;7;0;2;3;15;1;
47731;202200030962;758 772;A01;0;7;13;0;1;1;1;
47732;202200030963;758 769;A01;2;10;8;0;3;0;1;
47733;202200030963;758 771;B01;2;7;0;2;2;15;1;
47734;202200030965;758 768;B01;1;7;0;2;1;15;1;
47735;202200030965;758 770;A01;2;50;0;2;1;17;3;
47736;202200030966;758 761;A01;2;7;0;2;1;2;1;
47737;202200030966;758 762;B01;2;7;0;2;0;2;1;
47738;202200030966;758 763;C01;2;10;0;2;1;2;1;
47739;202200030966;758 764;D01;2;7;0;0;0;0;1;
47740;202200030967;758 758;B01;1;7;0;2;4;0;1;
47741;202200030967;758 759;A01;1;13;0;2;1;26;1;
47742;202200030968;758 760;A01;1;2;0;0;0;1;1;
47743;202200030969;758 756;B01;1;7;0;0;4;24;1;
47744;202200030969;758 757;A01;1;7;1;0;1;1;1;
47745;202200030970;758 754;A01;1;7;0;2;1;13;1;
47746;202200030970;758 755;B01;2;38;0;2;1;1;1;1.0
47747;202200030971;758 747;A01;1;7;3;2;1;26;1;
47748;202200030971;758 748;B01;1;7;1;2;1;2;1;
47749;202200030971;758 749;C01;1;7;1;2;1;0;1;
47750;202200030972;758 746;A01;1;7;0;2;4;10;1;
47751;202200030972;758 750;B01;2;33;0;2;1;1;1;
47752;202200030973;758 745;A01;1;7;8;0;1;0;1;
47753;202200030974;758 742;B01;2;1;0;2;8;15;0;
47754;202200030974;758 743;A01;2;33;0;2;1;2;1;
47755;202200030975;758 741;A01;2;15;0;0;0;26;0;
47756;202200030976;758 740;A01;2;7;0;2;3;1;1;
47757;202200030976;758 744;B01;1;10;0;2;2;1;1;
47758;202200030977;758 738;A01;2;7;0;1;2;0;1;
47759;202200030978;758 735;B01;3;0;0;2;0;0;0;
47760;202200030978;758 737;A01;3;0;0;2;0;0;0;
47761;202200030979;758 732;A01;2;7;0;2;1;2;1;
47762;202200030979;758 734;B01;1;7;0;2;7;15;1;
47763;202200030980;758 731;C01;2;7;0;2;3;15;1;
47764;202200030980;758 733;B01;2;7;0;2;6;15;1;
47765;202200030980;758 736;A01;1;7;0;2;3;16;1;
47766;202200030981;758 729;B01;1;30;0;2;1;1;3;
47767;202200030981;758 730;A01;1;30;0;2;2;1;1;
47768;202200030982;758 728;A01;2;30;12;0;3;13;1;
47769;202200030983;758 727;A01;3;7;0;1;7;1;1;
47770;202200030984;758 723;A01;3;7;0;2;1;2;1;
47771;202200030984;758 725;B01;3;33;0;2;4;2;1;
47772;202200030985;758 724;B01;2;17;0;2;1;1;1;
47773;202200030985;758 726;A01;1;7;0;2;1;13;1;
47774;202200030986;758 721;A01;2;50;0;2;4;26;3;
47775;202200030986;758 722;Z01;1;7;0;2;2;2;1;
47776;202200030988;758 717;A01;2;33;0;2;7;17;1;
47777;202200030988;758 719;B01;2;7;0;2;8;13;1;
47778;202200030989;758 714;B01;2;7;0;2;4;23;1;
47779;202200030989;758 715;A01;2;2;0;2;1;1;1;
47780;202200030990;758 716;B01;2;10;0;2;1;1;1;
47781;202200030990;758 718;A01;1;7;0;2;3;19;1;
47782;202200030991;758 712;B01;0;7;0;2;3;1;1;
47783;202200030991;758 713;A01;0;31;0;2;1;1;1;
47784;202200030992;758 710;A01;1;7;13;0;2;1;1;
47785;202200030993;758 711;A01;1;10;0;1;2;1;1;
47786;202200030994;758 709;A01;1;10;8;0;1;1;1;
47787;202200030995;758 707;B01;0;1;0;0;2;1;5;
47788;202200030995;758 708;A01;0;7;0;2;3;9;1;
47789;202200030996;758 702;A01;1;7;6;2;1;13;0;
47790;202200030996;758 703;B01;2;7;0;2;3;15;1;
47791;202200030997;758 699;A01;2;33;0;1;1;26;1;
47792;202200030998;758 700;A01;2;7;0;2;4;23;1;
47793;202200030998;758 701;B01;2;7;0;2;4;2;1;
47794;202200030998;758 704;C01;2;7;0;2;4;2;1;
47795;202200030998;758 706;D01;2;10;0;2;1;2;1;
47796;202200031001;758 694;A01;2;33;12;0;0;13;1;
47797;202200031002;758 689;B01;1;1;0;2;1;1;5;
47798;202200031002;758 691;A01;1;7;0;2;8;22;1;
47799;202200031003;758 690;A01;2;7;0;2;4;1;1;
47800;202200031003;758 692;D01;2;10;0;2;1;2;1;
47801;202200031003;758 693;C01;2;7;0;2;4;2;1;
47802;202200031003;758 695;B01;2;7;0;2;4;2;1;
47803;202200031004;758 687;A01;2;30;0;1;1;1;1;
47804;202200031005;758 686;A01;2;7;0;2;1;2;1;
47805;202200031005;758 688;B01;2;7;4;2;4;2;1;
47806;202200031006;758 685;A01;2;1;0;0;8;1;5;
47807;202200031007;758 683;B01;1;7;0;2;3;1;1;
47808;202200031007;758 684;A01;1;7;0;2;2;17;1;
47809;202200031008;758 681;B01;3;37;0;2;4;7;2;1.0
47810;202200031008;758 682;A01;3;50;0;2;1;7;3;
47811;202200031009;758 679;A01;2;7;0;1;3;15;1;
47812;202200031010;758 678;B01;2;10;0;2;3;2;1;
47813;202200031010;758 680;A01;2;7;0;2;1;2;1;
47814;202200031011;758 675;A01;1;7;0;2;7;1;1;
47815;202200031011;758 677;B01;3;50;0;2;7;9;3;
47816;202200031012;758 672;Z01;1;50;0;2;1;18;3;
47817;202200031012;758 673;A01;1;30;0;2;7;16;1;
47818;202200031013;758 671;A01;2;30;0;0;1;1;1;
47819;202200031014;758 670;C01;2;7;0;2;1;2;1;
47820;202200031014;758 674;B01;1;20;0;2;1;2;1;
47821;202200031014;758 676;A01;2;7;0;2;1;13;1;
47822;202200031015;758 664;C01;1;7;0;2;4;23;1;
47823;202200031015;758 666;B01;1;7;0;2;4;23;1;
47824;202200031015;758 667;A01;1;7;0;2;1;1;1;
47825;202200031016;758 663;A01;2;33;0;2;7;3;1;
47826;202200031016;758 665;B01;2;7;0;2;2;12;1;
47827;202200031016;758 668;C01;2;7;0;2;6;1;1;
47828;202200031017;758 661;B01;2;1;1;0;0;13;5;
47829;202200031017;758 662;A01;2;7;0;2;0;24;1;
47830;202200031018;758 659;A01;3;7;8;0;1;26;1;
47831;202200031019;758 656;B01;2;32;0;2;1;1;1;
47832;202200031019;758 657;A01;1;7;0;2;2;15;1;
47833;202200031020;758 658;B01;2;33;0;2;8;3;1;
47834;202200031020;758 660;A01;2;7;0;2;7;14;1;
47835;202200031021;758 654;B01;2;1;0;2;7;21;5;
47836;202200031021;758 655;A01;1;7;0;2;3;15;1;
47837;202200031023;758 649;B01;1;3;13;0;4;2;1;
47838;202200031023;758 651;A01;1;7;4;2;2;1;1;
47839;202200031024;758 647;A01;1;33;16;0;1;1;1;
47840;202200031025;758 646;B01;1;7;0;2;0;0;1;
47841;202200031025;758 648;A01;1;33;0;2;9;0;1;
47842;202200031027;758 642;A01;2;7;3;0;2;14;1;
47843;202200031028;758 640;A01;1;7;0;0;3;1;1;
47844;202200031029;758 639;A01;1;33;0;2;1;3;1;
47845;202200031029;758 641;B01;1;33;0;2;4;3;1;
47846;202200031029;758 643;Z01;1;17;0;0;0;0;1;
47847;202200031030;758 638;A01;1;33;13;0;8;17;1;
47848;202200031031;758 637;A01;1;33;15;0;0;1;1;
47849;202200031032;758 636;A01;1;33;0;0;3;2;1;
47850;202200031033;758 635;A01;3;7;0;1;4;4;1;
47851;202200031034;758 633;B01;1;33;0;2;1;1;0;
47852;202200031034;758 634;A01;1;99;0;0;8;20;0;
47853;202200031035;758 631;A01;1;7;0;2;3;15;1;
47854;202200031035;758 632;B01;1;80;0;2;5;1;3;
47855;202200031037;758 628;A01;2;7;3;0;2;1;1;
47856;202200031038;758 626;B01;2;7;0;2;3;1;1;
47857;202200031038;758 627;A01;1;7;0;2;1;13;1;
47858;202200031039;758 624;B01;2;1;0;2;1;1;5;
47859;202200031039;758 625;A01;1;10;0;9;7;15;1;
47860;202200031040;758 622;B01;2;1;0;2;4;15;5;
47861;202200031040;758 623;A01;2;7;0;2;2;2;1;
47862;202200031041;758 621;A01;2;33;0;2;0;17;1;
47863;202200031042;758 620;A01;0;7;0;1;1;0;1;
47864;202200031044;758 617;B01;1;7;0;2;3;1;1;
47865;202200031044;758 618;A01;2;7;0;2;3;13;1;
47866;202200031045;758 615;A01;2;7;0;2;7;15;1;
47867;202200031045;758 616;B01;1;43;0;2;1;1;1;
47868;202200031046;758 613;B01;2;7;0;2;3;1;1;
47869;202200031046;758 614;A01;1;7;0;2;3;13;1;
47870;202200031047;758 611;A01;2;7;0;0;3;23;2;
47871;202200031047;758 612;B01;1;1;0;2;8;1;5;
47872;202200031048;758 609;B01;3;50;0;2;1;1;3;
47873;202200031048;758 610;A01;3;7;0;2;2;1;1;
47874;202200031051;758 604;A01;2;7;13;0;0;17;1;
47875;202200031051;758 605;B01;2;21;0;0;0;15;1;
47876;202200031052;758 603;A01;2;7;0;0;9;14;1;
47877;202200031054;758 600;A01;3;1;0;0;0;0;5;
47878;202200031055;758 599;A01;2;7;13;0;1;1;1;
47879;202200031057;758 596;A01;1;31;12;9;8;0;1;
47880;202200031058;758 595;A01;2;33;0;0;0;1;1;
47881;202200031059;758 594;A01;2;33;0;0;1;1;1;
47882;202200031060;758 592;B01;1;2;0;2;4;1;1;
47883;202200031060;758 593;A01;1;7;0;2;2;1;1;
47884;202200031061;758 591;A01;1;7;13;0;2;1;1;
47885;202200031062;758 590;A01;1;7;0;1;2;1;1;
47886;202200031063;758 588;B01;2;7;0;2;3;1;1;
47887;202200031063;758 589;A01;1;7;0;2;1;17;1;
47888;202200031064;758 586;A01;2;33;0;2;8;13;1;
47889;202200031064;758 587;B01;1;33;0;2;8;1;1;
47890;202200031065;758 585;A01;0;33;8;0;1;1;1;
47891;202200031066;758 584;A01;1;7;0;1;3;15;1;
47892;202200031067;758 582;B01;2;15;0;0;4;1;1;
47893;202200031067;758 583;A01;2;7;0;2;1;2;1;
47894;202200031069;758 576;A01;2;7;4;2;1;1;1;
47895;202200031069;758 577;B01;2;7;0;0;4;1;1;
47896;202200031070;758 575;A01;1;7;2;0;0;1;1;
47897;202200031071;758 574;A01;3;34;0;0;8;1;1;
47898;202200031072;758 572;A01;3;7;0;9;3;1;1;
47899;202200031072;758 573;B01;0;7;0;2;6;1;1;
47900;202200031073;758 571;A01;1;7;2;0;8;1;1;
47901;202200031074;758 569;A01;2;7;0;2;3;1;1;
47902;202200031074;758 570;B01;1;10;0;2;3;1;1;
47903;202200031075;758 568;A01;3;33;0;0;0;1;1;
47904;202200031076;758 566;A01;1;7;0;2;2;17;1;
47905;202200031076;758 567;B01;1;99;0;2;3;15;1;
47906;202200031077;758 565;A01;3;7;7;0;1;1;1;
47907;202200031078;758 563;B01;2;33;0;2;3;1;1;
47908;202200031078;758 564;A01;1;7;0;2;1;15;1;
47909;202200031079;758 561;B01;2;7;0;2;7;14;1;
47910;202200031079;758 562;A01;2;7;0;2;8;1;1;
47911;202200031080;758 559;A01;2;7;0;2;1;5;1;
47912;202200031080;758 560;B01;1;7;0;2;1;1;1;
47913;202200031081;758 556;A01;1;7;0;2;2;14;1;
47914;202200031081;758 557;B01;1;7;0;2;6;23;1;
47915;202200031081;758 558;C01;1;7;0;2;7;1;1;
47916;202200031082;758 554;B01;1;2;0;2;4;1;1;
47917;202200031082;758 555;A01;1;7;0;2;1;2;1;
47918;202200031083;758 552;A01;1;33;0;2;7;1;1;
47919;202200031083;758 553;B01;1;7;0;2;8;11;3;
47920;202200031084;758 550;B01;2;33;0;2;1;1;1;
47921;202200031084;758 551;Z01;2;7;0;2;4;11;1;
47922;202200031085;758 548;A01;2;7;0;2;1;1;1;
47923;202200031085;758 549;B01;2;10;0;2;4;2;1;
47924;202200031086;758 546;B01;1;7;0;2;3;2;1;
47925;202200031086;758 547;A01;1;7;0;2;5;1;1;
47926;202200031088;758 543;A01;0;7;0;1;3;1;1;
47927;202200031089;758 541;B01;2;30;0;2;4;2;3;
47928;202200031089;758 542;A01;2;30;0;2;1;2;1;
47929;202200031090;758 540;A01;2;34;0;1;2;1;1;
47930;202200031091;758 538;A01;2;34;0;2;4;2;1;
47931;202200031091;758 539;B01;2;34;0;2;4;2;1;
47932;202200031092;758 536;A01;2;7;0;2;3;16;1;
47933;202200031092;758 537;B01;2;1;0;2;7;1;5;
47934;202200031093;758 534;B01;1;1;0;2;2;1;5;
47935;202200031093;758 535;A01;1;7;0;2;8;22;3;
47936;202200031094;758 533;A01;2;50;0;1;7;1;3;
47937;202200031095;758 531;A01;1;31;1;2;3;1;1;
47938;202200031095;758 532;B01;1;7;0;2;7;13;1;
47939;202200031096;758 529;B01;1;7;0;2;2;1;1;
47940;202200031096;758 530;A01;1;43;0;2;6;1;1;
47941;202200031097;758 528;A01;1;43;0;1;1;1;1;
47942;202200031098;758 526;B01;2;1;0;2;8;1;5;
47943;202200031098;758 527;A01;2;7;0;2;2;12;2;
47944;202200031099;758 524;Z01;2;10;0;2;6;15;1;
47945;202200031099;758 525;A01;1;1;0;2;1;1;5;
47946;202200031100;758 521;C01;2;7;0;2;4;1;1;
47947;202200031100;758 522;B01;2;7;0;2;1;1;1;
47948;202200031100;758 523;A01;2;7;0;2;1;1;1;
47949;202200031101;758 520;A01;2;80;0;1;1;1;3;
47950;202200031102;758 519;A01;2;7;7;0;3;6;1;
47951;202200031103;758 515;B01;2;7;0;2;4;23;1;
47952;202200031103;758 518;A01;2;7;0;2;1;1;1;
47953;202200031104;758 513;D01;2;1;0;2;0;1;5;
47954;202200031104;758 514;C01;2;1;0;2;0;1;5;
47955;202200031104;758 516;B01;2;1;0;2;0;1;5;
47956;202200031104;758 517;A01;1;7;0;9;0;10;1;
47957;202200031105;758 512;A01;1;2;14;0;1;1;1;
47958;202200031107;758 509;A01;2;7;0;2;1;15;1;
47959;202200031107;758 511;B01;2;80;0;2;3;1;3;
47960;202200031108;758 507;A01;3;7;0;1;1;16;1;
47961;202200031109;758 504;A01;1;7;0;2;0;0;1;
47962;202200031109;758 506;B01;1;7;16;0;0;0;1;
47963;202200031110;758 503;B01;2;7;0;0;2;1;1;
47964;202200031110;758 505;A01;2;7;0;2;1;15;1;
47965;202200031111;758 501;A01;1;7;0;1;2;1;1;
47966;202200031112;758 499;A01;3;7;0;1;3;26;1;
47967;202200031113;758 500;B01;3;7;0;2;5;16;1;
47968;202200031113;758 502;A01;3;33;0;2;1;9;1;
47969;202200031114;758 498;A01;1;7;6;0;1;14;1;
47970;202200031116;758 492;B01;0;7;0;2;1;1;1;
47971;202200031116;758 494;A01;2;7;0;2;2;1;1;
47972;202200031117;758 490;C01;2;7;0;2;6;2;1;
47973;202200031117;758 493;A01;2;7;0;2;1;2;1;
47974;202200031117;758 495;B01;2;7;0;2;4;2;1;
47975;202200031119;758 487;A01;2;7;0;2;5;12;2;
47976;202200031119;758 488;B01;2;32;0;2;1;1;1;
47977;202200031120;758 486;A01;1;33;16;0;1;1;1;
47978;202200031121;758 483;A01;2;10;0;2;2;1;1;
47979;202200031121;758 485;B01;2;50;1;2;3;13;3;
47980;202200031122;758 482;Z01;3;7;0;2;1;10;1;
47981;202200031122;758 484;A01;2;43;0;2;8;16;1;
47982;202200031123;758 479;A01;2;10;0;1;4;4;3;
47983;202200031124;758 477;A01;1;33;0;2;2;17;1;
47984;202200031124;758 478;B01;1;7;0;2;3;15;1;
47985;202200031125;758 475;D01;2;7;0;2;4;2;1;
47986;202200031125;758 476;C01;2;7;0;2;4;2;1;
47987;202200031125;758 480;B01;2;7;0;2;4;2;1;
47988;202200031125;758 481;A01;2;10;0;2;1;2;1;
47989;202200031126;758 473;A01;1;7;6;1;2;12;1;
47990;202200031127;758 472;A01;1;7;0;0;3;2;1;
47991;202200031128;758 471;A01;2;7;0;2;2;1;1;
47992;202200031128;758 474;B01;2;1;0;2;1;1;5;
47993;202200031129;758 470;A01;1;7;1;1;2;1;1;
47994;202200031130;758 466;A01;1;32;0;2;8;1;1;
47995;202200031130;758 468;B01;1;1;0;2;1;1;5;
47996;202200031131;758 465;A01;2;10;0;2;2;12;1;
47997;202200031131;758 467;B01;2;7;0;2;6;1;1;
47998;202200031131;758 469;C01;2;10;0;2;5;1;1;
47999;202200031132;758 464;A01;1;30;2;0;1;9;1;
48000;202200031133;758 460;B01;2;30;0;2;4;23;1;
48001;202200031133;758 463;A01;2;7;0;2;1;16;1;
48002;202200031134;758 459;B01;1;1;1;0;2;1;5;
48003;202200031134;758 461;A01;1;7;0;2;3;24;1;
48004;202200031135;758 458;A01;1;7;0;2;4;26;1;
48005;202200031135;758 462;B01;1;7;0;2;1;1;1;
48006;202200031136;758 457;A01;2;1;0;0;8;26;5;
48007;202200031137;758 452;B01;2;37;0;2;7;1;1;2.0
48008;202200031137;758 456;A01;2;7;0;2;1;1;1;
48009;202200031138;758 449;D01;2;7;1;2;1;1;1;
48010;202200031138;758 451;C01;2;7;0;2;2;1;1;
48011;202200031138;758 453;B01;2;7;6;0;1;1;1;
48012;202200031138;758 455;A01;2;7;6;0;1;1;1;
48013;202200031140;758 446;A01;1;7;0;2;3;15;0;
48014;202200031140;758 447;B01;1;32;0;2;1;17;0;
48015;202200031142;758 439;A01;3;2;0;2;1;1;1;
48016;202200031142;758 441;B01;3;7;0;2;6;6;1;
48017;202200031143;758 438;A01;2;7;0;2;7;19;1;
48018;202200031143;758 440;B01;1;7;0;2;1;1;1;
48019;202200031144;758 437;A01;2;7;0;0;9;1;1;
48020;202200031145;758 436;A01;1;7;1;0;3;14;1;
48021;202200031146;758 434;A01;-1;7;0;1;3;1;1;
48022;202200031147;758 433;B01;1;34;0;2;1;2;1;
48023;202200031147;758 435;A01;1;7;0;2;7;15;1;
48024;202200031148;758 431;A01;1;7;6;0;1;1;1;
48025;202200031149;758 428;A01;2;7;0;2;8;24;1;
48026;202200031149;758 430;B01;2;2;1;0;1;2;1;
48027;202200031150;758 429;B01;1;7;0;2;3;15;1;
48028;202200031150;758 432;A01;1;33;0;2;1;17;1;
48029;202200031151;758 425;A01;3;7;0;2;1;13;1;
48030;202200031151;758 427;B01;3;7;0;2;1;1;1;
48031;202200031152;758 424;A01;1;7;16;0;0;1;0;
48032;202200031153;758 423;B01;1;32;0;2;1;2;1;
48033;202200031153;758 426;A01;1;7;0;2;1;15;1;
48034;202200031154;758 422;A01;2;10;13;0;2;0;1;
48035;202200031155;758 418;A01;1;50;0;1;7;25;3;
48036;202200031156;758 417;C01;1;7;0;2;3;26;1;
48037;202200031156;758 419;B01;1;10;0;2;1;26;1;
48038;202200031156;758 421;A01;2;7;0;2;1;15;1;
48039;202200031157;758 416;B01;1;7;0;2;7;2;1;
48040;202200031157;758 420;A01;1;7;0;2;1;2;1;
48041;202200031158;758 414;A01;1;7;4;0;3;13;1;
48042;202200031159;758 411;B01;3;2;0;0;0;0;0;
48043;202200031159;758 413;A01;3;7;0;2;3;15;1;
48044;202200031160;758 412;A01;3;7;0;2;5;20;1;
48045;202200031160;758 415;B01;3;50;0;2;1;1;3;
48046;202200031161;758 408;A01;3;33;0;1;1;2;1;
48047;202200031162;758 407;A01;1;7;0;2;3;13;1;
48048;202200031162;758 409;B01;2;30;0;2;2;17;1;
48049;202200031163;758 410;A01;2;7;4;0;1;14;1;
48050;202200031164;758 406;A01;1;2;0;1;1;1;1;
48051;202200031165;758 404;A01;1;30;0;0;1;15;1;
48052;202200031168;758 402;A01;1;7;0;1;1;2;1;
48053;202200031169;758 397;A01;3;1;0;0;0;23;5;
48054;202200031169;758 400;B01;3;10;0;0;-1;1;1;
48055;202200031170;758 396;A01;2;7;0;2;8;10;1;
48056;202200031170;758 399;B01;2;2;0;2;1;1;1;
48057;202200031171;758 395;B01;3;7;0;9;3;0;1;
48058;202200031171;758 398;A01;3;60;0;2;1;26;5;
48059;202200031172;758 393;A01;3;10;0;1;1;15;1;
48060;202200031173;758 392;A01;1;7;0;0;5;19;1;
48061;202200031173;758 394;B01;1;1;0;2;1;2;5;
48062;202200031174;758 391;A01;2;7;0;1;3;1;1;
48063;202200031176;758 388;B01;2;7;0;2;1;1;1;
48064;202200031176;758 389;A01;1;7;0;2;6;13;1;
48065;202200031178;758 384;C01;2;7;0;2;4;2;1;
48066;202200031178;758 385;B01;2;7;0;2;4;2;1;
48067;202200031178;758 386;A01;2;7;0;2;1;1;1;
48068;202200031179;758 381;A01;1;7;0;2;2;15;1;
48069;202200031179;758 382;B01;2;7;0;2;1;19;1;
48070;202200031182;758 376;B01;1;30;0;2;0;0;1;
48071;202200031182;758 378;A01;2;32;0;2;1;21;1;
48072;202200031184;758 370;B01;1;10;0;2;8;24;1;
48073;202200031184;758 373;A01;2;10;0;1;3;1;1;
48074;202200031185;758 368;A01;1;7;0;0;9;1;1;
48075;202200031186;758 367;A01;1;10;0;2;3;13;1;
48076;202200031186;758 369;B01;2;7;0;2;3;1;1;
48077;202200031186;758 371;C01;2;7;0;2;1;1;1;
48078;202200031186;758 374;D01;2;7;0;2;8;1;1;
48079;202200031189;758 363;A01;2;7;2;0;1;0;1;
48080;202200031190;758 360;A01;2;33;6;0;2;1;1;
48081;202200031191;758 359;B01;1;2;0;2;0;0;1;
48082;202200031191;758 361;A01;1;7;0;2;1;0;1;
48083;202200031192;758 358;A01;1;7;17;0;1;13;1;
48084;202200031193;758 355;A01;1;7;8;0;1;1;1;
48085;202200031194;758 354;B01;2;15;0;2;1;1;1;
48086;202200031194;758 356;A01;1;33;0;2;1;11;1;
48087;202200031195;758 353;B01;2;2;0;2;1;1;1;
48088;202200031195;758 357;A01;1;7;0;2;2;15;1;
48089;202200031196;758 352;A01;2;7;6;0;1;14;1;
48090;202200031197;758 351;A01;1;10;2;0;1;2;1;
48091;202200031198;758 348;Z01;1;7;0;2;0;26;1;
48092;202200031198;758 350;A01;1;31;0;2;4;13;1;
48093;202200031200;758 347;A01;2;7;2;0;9;1;0;
48094;202200031201;758 342;A01;1;15;0;2;3;19;1;
48095;202200031201;758 345;B01;1;7;0;2;1;1;1;
48096;202200031202;758 344;A01;1;7;0;2;2;12;1;
48097;202200031202;758 346;B01;1;32;0;2;2;1;1;
48098;202200031203;758 341;A01;3;1;0;2;1;1;5;
48099;202200031203;758 343;B01;2;7;0;2;3;9;1;
48100;202200031204;758 337;A01;3;7;0;1;2;21;1;
48101;202200031205;758 338;C01;1;7;0;2;1;2;1;
48102;202200031205;758 339;B01;1;7;0;2;4;23;1;
48103;202200031205;758 340;A01;1;7;0;2;1;2;1;
48104;202200031206;758 334;A01;1;7;13;0;3;1;1;
48105;202200031207;758 335;A01;2;43;12;0;1;2;1;
48106;202200031208;758 333;A01;1;7;6;0;4;23;1;
48107;202200031208;758 336;B01;1;7;0;2;1;2;1;
48108;202200031210;758 329;B01;1;1;0;2;6;1;5;
48109;202200031210;758 332;A01;2;7;0;2;1;1;1;
48110;202200031211;758 330;A01;1;7;2;0;1;1;1;
48111;202200031212;758 328;A01;1;10;0;1;1;1;2;
48112;202200031213;758 326;B01;1;21;0;0;4;1;1;
48113;202200031213;758 327;A01;1;15;0;2;2;1;1;
48114;202200031214;758 325;A01;1;7;3;0;2;1;1;
48115;202200031215;758 322;A01;1;7;0;2;1;0;1;
48116;202200031215;758 323;B01;1;7;0;2;1;11;1;
48117;202200031216;758 320;B01;2;7;0;2;1;19;1;
48118;202200031216;758 324;A01;2;7;0;2;2;19;1;
48119;202200031218;758 315;C01;2;7;0;2;1;2;1;
48120;202200031218;758 316;B01;2;7;0;2;4;23;1;
48121;202200031218;758 318;A01;2;7;0;0;4;23;1;
48122;202200031219;758 314;B01;1;7;0;2;2;26;1;
48123;202200031219;758 317;A01;2;50;0;2;0;0;3;
48124;202200031220;758 313;A01;2;7;16;0;1;17;1;
48125;202200031221;758 312;A01;3;7;2;0;1;0;1;
48126;202200031222;758 311;A01;1;10;0;1;2;1;1;
48127;202200031223;758 310;A01;1;33;3;0;2;1;1;
48128;202200031224;758 309;A01;1;7;6;0;2;1;1;
48129;202200031225;758 306;A01;1;7;0;2;2;9;1;
48130;202200031225;758 308;B01;1;7;0;2;6;23;1;
48131;202200031226;758 305;A01;2;7;6;0;1;0;1;
48132;202200031227;758 304;B01;3;7;0;2;1;15;2;
48133;202200031227;758 307;A01;0;1;0;2;1;1;5;
48134;202200031228;758 302;B01;3;7;0;0;5;2;1;
48135;202200031228;758 303;A01;3;3;0;2;1;26;1;
48136;202200031229;758 301;A01;2;7;2;0;1;1;1;
48137;202200031230;758 299;A01;1;31;4;2;4;17;1;
48138;202200031231;758 298;A01;1;7;13;0;1;13;2;
48139;202200031232;758 297;A01;2;14;0;0;6;1;1;
48140;202200031232;758 300;B01;2;7;0;2;2;17;1;
48141;202200031233;758 295;A01;3;36;0;0;9;1;1;
48142;202200031234;758 293;A01;3;7;0;2;1;2;1;
48143;202200031234;758 296;B01;3;7;0;2;4;1;1;
48144;202200031237;758 287;B01;3;7;0;2;6;11;1;
48145;202200031237;758 288;A01;3;33;0;2;2;17;1;
48146;202200031238;758 283;B01;1;38;0;2;1;23;1;1.0
48147;202200031238;758 284;A01;2;7;0;2;1;13;1;
48148;202200031240;758 281;A01;1;7;13;0;7;0;1;
48149;202200031241;758 278;A01;1;7;2;0;2;14;1;
48150;202200031242;758 277;B01;1;7;0;0;4;1;1;
48151;202200031242;758 279;A01;1;17;0;2;1;26;1;
48152;202200031243;758 276;A01;0;31;0;1;1;0;0;
48153;202200031244;758 272;A01;1;7;0;2;3;13;1;
48154;202200031244;758 275;B01;1;15;0;2;3;1;1;
48155;202200031245;758 271;A01;1;7;0;2;1;5;1;
48156;202200031245;758 274;B01;1;7;0;2;1;1;1;
48157;202200031246;758 270;A01;1;10;0;2;8;22;1;
48158;202200031246;758 273;B01;1;50;1;0;1;1;3;
48159;202200031247;758 268;B01;1;7;0;2;1;1;1;
48160;202200031247;758 269;A01;2;7;0;2;1;13;1;
48161;202200031248;758 265;B01;1;2;0;2;8;0;1;
48162;202200031248;758 267;A01;1;7;0;2;7;17;0;
48163;202200031249;758 263;A01;2;7;15;0;2;1;1;
48164;202200031250;758 264;B01;1;7;0;0;3;15;1;
48165;202200031250;758 266;A01;1;32;0;2;1;17;1;
48166;202200031251;758 261;B01;1;15;0;2;6;2;0;
48167;202200031251;758 262;A01;1;7;0;2;1;2;0;
48168;202200031252;758 259;B01;1;1;0;2;1;1;5;
48169;202200031252;758 260;A01;2;7;0;9;2;15;1;