;Num_Acc;id_vehicule;num_veh;senc;catv;obs;obsm;choc;manv;motor;occutc
48170;202200031254;758 256;A01;1;7;0;9;1;16;2;
48171;202200031254;758 257;B01;1;99;0;2;1;1;5;
48172;202200031255;758 254;A01;3;33;6;0;7;1;1;
48173;202200031256;758 253;A01;2;7;0;2;1;15;1;
48174;202200031256;758 255;B01;1;7;0;2;1;1;1;
48175;202200031258;758 250;A01;2;7;0;2;2;2;1;
48176;202200031258;758 252;B01;2;7;0;2;3;1;1;
48177;202200031259;758 248;B01;2;1;0;2;1;1;5;
48178;202200031259;758 249;A01;0;7;0;2;3;16;1;
48179;202200031261;758 246;A01;0;7;17;0;2;1;1;
48180;202200031262;758 242;A01;2;7;0;2;2;15;1;
48181;202200031262;758 244;B01;1;33;0;2;1;1;1;
48182;202200031264;758 239;B01;0;7;0;2;2;15;1;
48183;202200031264;758 241;A01;0;7;2;2;3;1;1;
48184;202200031266;758 235;A01;2;7;0;2;1;2;1;
48185;202200031266;758 236;B01;2;7;0;2;4;2;1;
48186;202200031267;758 233;A01;1;7;9;1;2;14;1;
48187;202200031268;758 232;A01;1;7;0;2;3;15;1;
48188;202200031268;758 234;B01;2;7;1;2;3;1;1;
48189;202200031269;758 229;B01;1;7;0;1;2;1;1;
48190;202200031270;758 226;A01;1;7;0;2;1;13;1;
48191;202200031270;758 228;B01;2;10;0;2;1;1;1;
48192;202200031271;758 225;B01;3;33;0;0;1;0;0;
48193;202200031271;758 227;A01;3;7;0;0;7;0;1;
48194;202200031272;758 223;B01;3;1;0;2;1;19;5;
48195;202200031272;758 224;A01;2;7;0;2;3;1;1;
48196;202200031273;758 220;B01;2;7;0;2;1;1;1;
48197;202200031273;758 222;A01;1;7;0;2;1;11;1;
48198;202200031274;758 218;A01;1;7;0;2;6;11;1;
48199;202200031274;758 221;B01;1;33;0;2;1;1;1;
48200;202200031275;758 216;A01;2;7;0;2;4;23;1;
48201;202200031275;758 219;B01;2;7;0;2;1;1;1;
48202;202200031276;758 215;B01;2;33;0;2;1;1;1;
48203;202200031276;758 217;A01;1;7;0;2;3;5;1;
48204;202200031277;758 213;B01;2;7;0;0;1;1;1;
48205;202200031277;758 214;A01;2;7;0;2;2;13;1;
48206;202200031278;758 211;A01;1;7;0;1;0;1;1;
48207;202200031279;758 210;B01;3;7;0;2;3;1;1;
48208;202200031279;758 212;A01;3;7;0;2;1;19;1;
48209;202200031280;758 209;B01;1;7;5;0;1;21;1;
48210;202200031282;758 205;A01;3;30;0;1;2;19;1;
48211;202200031283;758 203;C01;2;7;0;2;4;2;1;
48212;202200031283;758 204;B01;2;7;0;2;4;2;1;
48213;202200031283;758 207;A01;2;7;0;2;1;2;1;
48214;202200031284;758 201;A01;2;7;0;1;3;9;1;
48215;202200031285;758 200;A01;1;15;0;2;2;2;1;
48216;202200031285;758 202;B01;1;7;0;2;6;2;1;
48217;202200031286;758 199;A01;1;7;1;0;1;1;1;
48218;202200031287;758 196;B01;3;31;0;9;0;26;1;
48219;202200031287;758 198;A01;3;7;0;9;1;26;1;
48220;202200031288;758 191;A01;2;33;0;2;1;3;1;
48221;202200031288;758 193;B01;2;7;0;2;4;11;1;
48222;202200031288;758 195;C01;2;7;0;2;4;0;1;
48223;202200031289;758 192;A01;1;7;0;2;3;11;1;
48224;202200031289;758 194;B01;1;15;0;2;1;1;1;
48225;202200031289;758 197;C01;1;33;0;2;7;1;1;
48226;202200031290;758 190;A01;3;7;13;0;0;0;1;
48227;202200031291;758 188;A01;2;7;0;0;1;2;1;
48228;202200031292;758 186;A01;1;7;0;2;4;23;1;
48229;202200031292;758 189;B01;1;33;1;0;1;1;1;
48230;202200031293;758 185;A01;0;7;0;2;1;1;1;
48231;202200031293;758 187;B01;0;7;0;2;3;1;1;
48232;202200031294;758 182;A01;1;7;0;2;1;2;1;
48233;202200031294;758 184;B01;1;32;0;2;4;1;1;
48234;202200031295;758 181;A01;1;10;0;2;1;1;1;
48235;202200031295;758 183;B01;1;7;0;2;4;2;2;
48236;202200031296;758 173;Z01;1;7;0;2;9;1;1;
48237;202200031296;758 176;A01;1;7;0;2;8;1;1;
48238;202200031296;758 178;B01;1;7;0;2;8;1;1;
48239;202200031297;758 172;A01;1;7;0;2;1;1;1;
48240;202200031297;758 175;B01;1;7;0;2;4;2;1;
48241;202200031297;758 177;C01;1;7;0;2;4;1;1;
48242;202200031298;758 169;A01;2;7;6;2;1;13;1;
48243;202200031298;758 170;B01;2;7;6;2;6;1;2;
48244;202200031299;758 168;A01;1;7;4;0;3;13;1;
48245;202200031300;758 167;B01;1;7;0;2;8;13;1;
48246;202200031300;758 171;A01;1;7;0;2;2;1;1;
48247;202200031301;758 163;Z01;1;7;0;0;0;0;0;
48248;202200031301;758 166;A01;1;7;4;0;3;1;1;
48249;202200031302;758 162;A01;1;7;0;2;1;2;1;
48250;202200031302;758 165;B01;1;7;0;0;4;2;1;
48251;202200031303;758 160;C01;2;10;0;2;5;1;1;
48252;202200031303;758 161;B01;2;33;0;2;2;3;1;
48253;202200031303;758 164;A01;2;7;0;2;3;11;1;
48254;202200031305;758 157;A01;1;34;0;2;6;1;1;
48255;202200031305;758 159;Z01;2;7;0;2;1;1;1;
48256;202200031306;758 154;A01;3;7;0;1;5;4;1;
48257;202200031307;758 153;B01;1;7;0;2;6;26;1;
48258;202200031307;758 156;A01;1;7;0;2;2;2;1;
48259;202200031308;758 151;A01;1;7;0;2;1;0;1;
48260;202200031308;758 152;B01;1;7;0;2;4;13;1;
48261;202200031308;758 155;C01;1;7;0;2;7;0;1;
48262;202200031309;758 150;A01;1;33;0;1;1;1;1;
48263;202200031310;758 147;A01;0;10;0;2;4;2;1;
48264;202200031310;758 148;B01;0;10;0;0;0;0;0;
48265;202200031311;758 141;B01;1;7;0;2;6;1;1;
48266;202200031311;758 143;A01;1;7;0;2;3;13;1;
48267;202200031312;758 137;A01;2;7;0;2;4;23;1;
48268;202200031312;758 139;B01;2;7;0;2;4;1;1;
48269;202200031312;758 142;C01;2;7;0;2;1;1;1;
48270;202200031312;758 144;D01;2;7;0;2;1;1;1;
48271;202200031312;758 145;E01;2;7;0;2;0;1;1;
48272;202200031312;758 146;F01;2;7;0;2;8;1;1;
48273;202200031312;758 149;G01;2;7;0;2;6;1;3;
48274;202200031313;758 138;B01;1;7;0;2;6;2;1;
48275;202200031313;758 140;A01;1;7;8;2;1;2;1;
48276;202200031314;758 136;A01;2;7;0;1;4;4;3;
48277;202200031315;758 133;A01;1;3;8;0;1;19;1;
48278;202200031316;758 131;A01;3;30;0;2;1;17;1;
48279;202200031316;758 132;B01;3;7;0;2;3;15;1;
48280;202200031317;758 130;A01;2;7;0;1;1;1;1;
48281;202200031318;758 129;A01;1;7;3;0;1;1;1;
48282;202200031319;758 127;A01;3;7;1;2;1;21;1;
48283;202200031319;758 128;B01;3;1;1;2;1;9;5;
48284;202200031320;758 126;A01;0;7;0;0;9;26;1;
48285;202200031322;758 122;B01;1;33;0;2;1;1;1;
48286;202200031322;758 125;A01;1;7;0;2;5;2;1;
48287;202200031324;758 117;B01;2;7;0;2;2;0;1;
48288;202200031324;758 121;A01;1;7;0;2;1;9;1;
48289;202200031325;758 119;A01;2;7;0;1;2;1;1;
48290;202200031326;758 115;A01;1;7;0;1;1;1;1;
48291;202200031328;758 110;A01;2;7;0;2;1;2;1;
48292;202200031328;758 112;B01;2;7;0;2;4;2;1;
48293;202200031328;758 113;C01;2;34;0;2;4;3;1;
48294;202200031328;758 116;D01;2;33;0;2;1;3;1;
48295;202200031329;758 109;A01;1;7;0;1;1;15;1;
48296;202200031330;758 106;B01;2;33;0;2;4;2;1;
48297;202200031330;758 107;A01;2;14;0;2;1;2;1;
48298;202200031331;758 105;B01;3;7;0;2;8;1;1;
48299;202200031331;758 108;A01;3;10;0;2;1;26;1;
48300;202200031332;758 102;A01;2;7;0;2;1;1;1;
48301;202200031332;758 103;B01;2;10;0;2;1;1;1;
48302;202200031332;758 104;C01;2;7;0;2;4;1;1;
48303;202200031333;758 099;A01;1;7;0;2;8;15;3;
48304;202200031333;758 101;B01;1;33;9;2;5;5;1;
48305;202200031334;758 100;A01;3;7;8;0;1;1;1;
48306;202200031335;758 096;A01;1;30;0;0;0;0;1;
48307;202200031336;758 094;A01;1;7;0;2;2;19;1;
48308;202200031336;758 098;B01;1;31;0;2;1;1;1;
48309;202200031337;758 095;B01;3;7;0;2;5;15;1;
48310;202200031337;758 097;A01;3;32;0;2;2;1;1;
48311;202200031339;758 088;C01;1;7;0;2;4;2;1;
48312;202200031339;758 091;B01;1;7;0;2;9;2;1;
48313;202200031339;758 093;A01;2;7;0;2;1;2;1;
48314;202200031340;758 089;A01;2;0;0;1;1;1;1;
48315;202200031341;758 086;A01;2;7;0;2;6;10;1;
48316;202200031341;758 087;B01;2;34;0;2;1;1;1;
48317;202200031342;758 082;A01;2;7;12;2;1;15;1;
48318;202200031342;758 085;B01;1;7;0;2;1;1;1;
48319;202200031343;758 081;A01;1;7;0;2;0;15;1;
48320;202200031343;758 083;B01;1;2;0;2;0;1;1;
48321;202200031344;758 080;B01;1;7;0;2;4;0;1;
48322;202200031344;758 084;A01;1;31;0;2;1;1;1;
48323;202200031345;758 078;A01;3;7;9;1;0;16;1;
48324;202200031346;758 077;A01;0;7;15;0;8;16;1;
48325;202200031348;758 072;B01;1;50;0;2;1;1;3;
48326;202200031348;758 074;A01;1;7;0;2;3;9;1;
48327;202200031349;758 069;C01;3;7;0;2;3;23;1;
48328;202200031349;758 071;B01;3;7;0;2;3;15;3;
48329;202200031349;758 073;A01;3;30;0;2;1;1;1;
48330;202200031350;758 068;Y01;2;1;0;2;1;0;5;
48331;202200031350;758 070;A01;1;7;0;2;5;26;1;
48332;202200031351;758 064;A01;1;7;0;2;1;1;1;
48333;202200031351;758 066;B01;1;7;0;2;4;1;1;
48334;202200031352;758 065;A01;1;33;0;2;7;1;1;
48335;202200031352;758 067;B01;1;10;0;2;1;1;1;
48336;202200031356;758 057;B01;3;33;0;2;8;1;1;
48337;202200031356;758 059;A01;3;7;0;2;8;16;1;
48338;202200031357;758 055;B01;3;7;0;2;2;2;1;
48339;202200031357;758 060;A01;3;7;0;2;1;1;1;
48340;202200031358;758 053;A01;1;7;0;1;3;2;1;
48341;202200031359;758 052;B01;1;7;1;0;0;0;1;
48342;202200031359;758 054;A01;0;7;1;0;9;1;1;
48343;202200031360;758 051;A01;3;7;0;1;2;19;0;
48344;202200031361;758 050;A01;1;7;0;1;1;0;2;
48345;202200031363;758 046;A01;1;7;1;0;3;1;1;
48346;202200031364;758 043;A01;1;34;0;1;1;13;1;
48347;202200031365;758 042;B01;2;7;0;2;3;11;1;
48348;202200031365;758 044;A01;2;31;0;2;2;17;1;
48349;202200031366;758 040;A01;2;7;0;2;8;15;0;
48350;202200031366;758 041;B01;2;33;0;2;7;17;0;
48351;202200031367;758 035;C01;2;7;0;2;5;0;1;
48352;202200031367;758 037;B01;2;7;0;2;4;1;1;
48353;202200031367;758 039;A01;2;7;0;2;2;1;1;
48354;202200031368;758 033;B01;2;7;0;2;2;15;1;
48355;202200031368;758 036;A01;1;7;0;2;3;1;1;
48356;202200031369;758 034;A01;3;7;0;2;1;16;1;
48357;202200031369;758 038;B01;3;2;0;2;7;1;3;
48358;202200031370;758 028;B01;1;31;0;2;1;1;0;
48359;202200031370;758 032;A01;1;30;0;2;1;9;1;
48360;202200031372;758 027;A01;3;50;0;2;1;19;3;
48361;202200031372;758 029;B01;3;7;0;2;2;1;1;
48362;202200031373;758 026;A01;0;7;0;1;1;2;2;
48363;202200031374;758 023;B01;0;1;0;2;0;0;5;
48364;202200031374;758 025;A01;2;15;0;2;2;26;1;
48365;202200031375;758 020;B01;1;50;0;2;1;1;3;
48366;202200031375;758 022;A01;2;7;0;2;1;15;1;
48367;202200031377;758 018;B01;2;7;0;2;1;1;1;
48368;202200031377;758 019;A01;2;50;0;2;1;9;3;
48369;202200031378;758 016;A01;1;2;0;2;1;7;3;
48370;202200031378;758 017;B01;1;7;0;2;2;16;1;
48371;202200031379;758 014;A01;1;7;0;1;2;1;1;
48372;202200031380;758 013;B01;3;7;0;2;0;0;1;
48373;202200031380;758 015;A01;3;2;12;2;3;1;1;
48374;202200031382;758 009;A01;0;7;0;2;1;1;2;
48375;202200031382;758 012;B01;0;7;0;2;3;1;1;
48376;202200031383;758 008;B01;1;7;0;2;3;19;1;
48377;202200031383;758 010;A01;1;1;0;2;4;19;5;
48378;202200031384;758 006;B01;1;1;1;0;1;1;5;
48379;202200031384;758 007;A01;1;15;0;9;6;24;1;
48380;202200031385;758 005;A01;1;7;1;1;3;1;1;
48381;202200031386;758 003;A01;2;7;0;2;1;15;1;
48382;202200031386;758 004;B01;1;2;0;2;1;1;1;
48383;202200031387;758 000;A01;1;7;0;2;3;15;1;
48384;202200031387;758 001;B01;2;34;0;2;1;1;1;
48385;202200031388;757 995;B01;2;32;0;2;1;1;1;
48386;202200031388;757 997;A01;1;7;0;2;2;15;1;
48387;202200031389;757 998;A01;3;7;0;2;1;1;1;
48388;202200031389;758 002;B01;3;7;0;2;7;1;2;
48389;202200031390;757 994;A01;2;15;0;2;3;13;1;
48390;202200031390;757 996;B01;2;7;0;2;3;1;1;
48391;202200031391;757 993;A01;1;43;4;0;3;13;1;
48392;202200031392;757 991;A01;2;7;13;0;1;17;1;
48393;202200031393;757 990;A01;1;7;0;2;1;15;1;
48394;202200031393;757 992;B01;1;31;0;2;1;2;1;
48395;202200031394;757 989;A01;0;7;11;0;2;14;1;
48396;202200031396;757 984;A01;0;7;0;2;2;15;1;
48397;202200031396;757 986;B01;0;34;0;2;1;16;1;
48398;202200031397;757 983;A01;1;32;0;1;1;2;1;
48399;202200031398;757 982;A01;2;7;0;1;1;1;1;
48400;202200031399;757 980;A01;1;1;9;0;1;25;0;
48401;202200031400;757 979;A01;3;7;0;2;6;15;1;
48402;202200031400;757 981;B01;3;7;0;2;3;1;1;
48403;202200031402;757 974;A01;1;7;0;2;8;15;1;
48404;202200031402;757 977;B01;2;10;0;2;2;1;1;
48405;202200031404;757 972;A01;0;7;8;2;7;13;1;
48406;202200031404;757 975;B01;3;7;0;2;1;1;1;
48407;202200031405;757 970;B01;1;10;0;2;2;1;1;
48408;202200031405;757 971;A01;1;1;0;2;3;17;5;
48409;202200031406;757 968;A01;1;7;0;1;3;1;1;
48410;202200031407;757 967;A01;1;32;0;2;0;0;1;
48411;202200031407;757 969;B01;1;33;0;2;0;0;0;
48412;202200031408;757 966;A01;3;31;0;0;1;14;1;
48413;202200031409;757 964;A01;1;7;0;2;1;15;1;
48414;202200031409;757 965;B01;2;30;0;2;3;1;1;
48415;202200031410;757 962;A01;2;50;0;0;1;26;3;
48416;202200031411;757 961;B01;2;1;0;2;0;0;5;
48417;202200031411;757 963;A01;2;7;0;2;1;15;1;
48418;202200031413;757 959;A01;3;50;0;1;1;2;3;
48419;202200031414;757 956;B01;1;7;0;2;1;2;1;
48420;202200031414;757 957;A01;1;10;0;2;4;20;0;
48421;202200031415;757 953;A01;2;7;0;1;3;1;1;
48422;202200031416;757 951;C01;3;7;0;2;3;1;1;
48423;202200031416;757 954;B01;3;7;0;2;3;1;1;
48424;202200031416;757 955;A01;3;7;0;2;3;13;1;
48425;202200031417;757 950;A01;1;7;0;2;1;5;1;
48426;202200031417;757 952;B01;2;7;0;2;2;21;1;
48427;202200031418;757 947;A01;1;7;7;0;1;6;1;
48428;202200031419;757 946;A01;1;7;0;2;1;19;1;
48429;202200031419;757 949;B01;1;7;0;2;5;1;1;
48430;202200031420;757 945;A01;1;30;0;2;1;17;1;
48431;202200031420;757 948;B01;1;7;0;2;3;15;1;
48432;202200031422;757 943;A01;1;7;12;0;3;16;1;
48433;202200031423;757 940;B01;3;7;0;2;6;1;1;
48434;202200031423;757 942;A01;3;30;0;2;1;1;1;
48435;202200031424;757 938;B01;1;32;0;2;1;1;1;
48436;202200031424;757 939;A01;2;7;0;2;7;15;1;
48437;202200031425;757 937;B01;1;36;0;2;1;1;1;
48438;202200031425;757 941;A01;2;7;0;2;3;13;1;
48439;202200031426;757 936;A01;3;10;0;1;1;15;1;
48440;202200031427;757 935;A01;2;7;15;0;3;1;1;
48441;202200031428;757 932;A01;1;7;0;2;2;1;1;
48442;202200031428;757 933;B01;1;7;0;0;0;0;3;
48443;202200031429;757 931;A01;2;7;0;1;2;1;1;
48444;202200031429;757 934;B01;2;7;0;0;2;1;3;
48445;202200031430;757 930;A01;2;7;13;0;1;21;1;
48446;202200031431;757 928;A01;1;7;8;0;1;14;1;
48447;202200031432;757 926;B01;2;7;0;2;2;2;2;
48448;202200031432;757 929;A01;2;33;0;2;1;17;1;
48449;202200031433;757 925;A01;2;7;0;2;1;15;1;
48450;202200031433;757 927;B01;1;30;0;2;0;1;1;
48451;202200031434;757 923;A01;1;7;0;1;2;1;1;
48452;202200031435;757 918;A01;1;7;0;2;8;15;1;
48453;202200031435;757 921;B01;1;33;0;2;7;17;1;
48454;202200031436;757 919;B01;1;1;0;2;1;1;5;
48455;202200031436;757 922;A01;2;10;0;2;7;15;1;
48456;202200031437;757 917;B01;2;1;0;2;7;0;5;
48457;202200031437;757 920;A01;1;7;0;9;3;9;1;
48458;202200031438;757 914;B01;2;2;0;0;4;2;1;
48459;202200031438;757 916;A01;2;7;0;2;2;2;2;
48460;202200031439;757 915;A01;0;7;12;0;2;14;1;
48461;202200031440;757 912;A01;1;33;3;0;8;13;1;
48462;202200031441;757 910;B01;3;1;0;2;1;1;5;
48463;202200031441;757 913;A01;3;7;0;9;3;15;1;
48464;202200031442;757 909;B01;3;7;0;2;1;2;1;
48465;202200031442;757 911;A01;3;32;0;2;1;15;1;
48466;202200031443;757 902;B01;2;7;0;2;3;1;1;
48467;202200031443;757 905;A01;1;7;0;2;3;1;2;
48468;202200031444;757 904;B01;1;7;1;2;1;1;0;
48469;202200031444;757 907;A01;1;3;1;2;1;1;0;
48470;202200031445;757 903;B01;1;7;0;2;0;0;1;
48471;202200031445;757 906;A01;2;7;0;2;0;0;1;
48472;202200031446;757 899;B01;2;7;0;2;1;1;1;
48473;202200031446;757 901;A01;1;7;0;2;2;13;1;
48474;202200031448;757 895;B01;2;7;0;2;8;1;1;
48475;202200031448;757 898;A01;1;7;0;2;3;13;2;
48476;202200031449;757 893;B01;2;33;0;2;1;1;1;
48477;202200031449;757 894;A01;1;7;0;2;2;15;1;
48478;202200031450;757 892;A01;1;30;12;0;1;14;1;
48479;202200031451;757 890;A01;3;2;13;0;0;1;1;
48480;202200031452;757 891;A01;0;10;0;1;1;15;1;
48481;202200031453;757 888;B01;2;7;0;2;6;1;1;
48482;202200031453;757 889;A01;2;7;0;2;2;1;1;
48483;202200031454;757 885;A01;2;7;0;2;3;1;1;
48484;202200031454;757 887;B01;1;7;0;2;3;13;1;
48485;202200031455;757 884;B01;3;7;0;2;4;23;1;
48486;202200031455;757 886;A01;3;7;0;2;1;2;1;
48487;202200031456;757 883;A01;3;7;0;0;1;1;1;
48488;202200031457;757 881;B01;1;2;0;2;3;1;1;
48489;202200031457;757 882;A01;2;10;0;2;3;15;1;
48490;202200031460;757 876;A01;2;7;2;0;1;1;1;
48491;202200031461;757 875;A01;1;7;0;1;1;1;1;
48492;202200031463;757 872;B01;2;10;0;2;4;2;3;
48493;202200031463;757 874;A01;2;7;0;2;1;2;2;
48494;202200031464;757 870;A01;3;7;0;2;9;1;1;
48495;202200031464;757 871;B01;3;7;0;2;2;1;1;
48496;202200031466;757 866;A01;1;7;0;1;3;16;1;
48497;202200031467;757 865;A01;2;10;0;1;1;1;1;
48498;202200031468;757 862;B01;1;7;0;2;3;1;1;
48499;202200031468;757 864;A01;1;30;0;2;1;14;3;
48500;202200031469;757 860;C01;1;7;0;2;4;2;2;
48501;202200031469;757 863;B01;1;7;0;2;1;2;1;
48502;202200031469;757 868;A01;1;7;0;2;1;2;1;
48503;202200031471;757 857;A01;2;7;13;0;3;1;1;
48504;202200031472;757 856;B01;1;80;0;2;8;15;3;
48505;202200031472;757 858;A01;1;30;0;2;1;1;1;
48506;202200031473;757 855;A01;1;7;0;1;1;16;2;
48507;202200031474;757 850;B01;3;1;0;2;8;19;5;
48508;202200031474;757 854;A01;3;31;0;2;1;1;1;
48509;202200031476;757 849;A01;1;7;0;2;1;13;1;
48510;202200031476;757 852;B01;2;7;0;2;2;1;1;
48511;202200031477;757 848;A01;1;7;2;0;3;13;1;
48512;202200031478;757 846;A01;1;32;0;1;2;16;1;
48513;202200031479;757 845;A01;1;32;0;2;1;1;1;
48514;202200031479;757 847;B01;1;7;0;2;4;16;1;
48515;202200031480;757 844;A01;2;7;15;0;1;0;1;
48516;202200031481;757 843;A01;1;33;0;1;1;1;1;
48517;202200031482;757 842;A01;1;7;2;0;1;0;1;
48518;202200031483;757 841;A01;2;7;0;1;7;1;3;
48519;202200031484;757 839;A01;1;80;0;1;1;1;3;
48520;202200031485;757 838;B01;2;7;0;2;3;0;2;
48521;202200031485;757 840;A01;1;33;0;2;2;5;1;
48522;202200031486;757 837;A01;3;7;0;1;3;16;1;
48523;202200031487;757 835;A01;2;7;2;0;1;1;1;
48524;202200031488;757 834;A01;3;43;0;2;1;1;1;
48525;202200031488;757 836;B01;3;7;0;2;7;1;2;
48526;202200031489;757 833;A01;2;33;0;0;9;1;1;
48527;202200031490;757 832;A01;1;30;0;1;1;1;1;
48528;202200031491;757 831;A01;2;7;6;0;1;1;1;
48529;202200031492;757 830;A01;3;2;9;0;1;14;1;
48530;202200031493;757 829;A01;1;33;14;0;1;0;1;
48531;202200031494;757 827;A01;1;2;12;0;1;1;1;
48532;202200031495;757 826;B01;2;1;0;2;1;1;5;
48533;202200031495;757 828;A01;1;7;0;2;7;24;1;
48534;202200031496;757 823;A01;1;33;0;0;0;0;1;
48535;202200031497;757 822;A01;1;30;0;2;6;1;1;
48536;202200031497;757 824;B01;1;30;0;2;6;1;1;
48537;202200031497;757 825;C01;1;7;0;2;6;15;1;
48538;202200031498;757 821;Z01;3;7;0;1;1;1;2;
48539;202200031499;757 820;A01;3;7;13;0;1;1;1;
48540;202200031500;757 818;A01;1;7;0;2;6;26;1;
48541;202200031500;757 819;B01;1;7;0;2;1;9;1;
48542;202200031501;757 815;B01;1;7;0;2;3;1;1;
48543;202200031501;757 817;A01;2;33;0;2;3;13;1;
48544;202200031502;757 814;A01;3;7;0;2;2;1;2;
48545;202200031502;757 816;B01;3;32;0;2;6;11;1;
48546;202200031503;757 813;A01;1;30;0;1;1;1;3;
48547;202200031504;757 812;A01;0;2;6;0;1;14;1;
48548;202200031506;757 807;B01;2;7;0;2;3;1;1;
48549;202200031506;757 810;A01;1;30;0;2;1;1;1;
48550;202200031507;757 806;B01;1;7;3;2;3;1;1;
48551;202200031507;757 808;A01;2;7;0;2;3;13;0;
48552;202200031508;757 805;A01;1;10;3;0;1;0;0;
48553;202200031509;757 801;B01;1;15;0;2;3;1;1;
48554;202200031509;757 803;A01;2;2;0;2;1;13;1;
48555;202200031510;757 802;B01;1;31;0;2;1;1;1;
48556;202200031510;757 804;A01;1;7;0;2;4;9;1;
48557;202200031511;757 798;A01;1;33;0;0;8;1;1;
48558;202200031512;757 797;B01;1;7;0;2;3;1;1;
48559;202200031512;757 800;A01;1;7;0;2;2;1;1;
48560;202200031513;757 796;A01;2;10;0;2;1;13;1;
48561;202200031513;757 799;B01;1;7;0;2;1;1;1;
48562;202200031514;757 794;A01;1;2;2;0;1;1;1;
48563;202200031516;757 791;B01;3;2;0;2;2;0;1;
48564;202200031516;757 795;A01;3;7;0;2;1;1;1;
48565;202200031517;757 790;A01;0;33;0;0;7;1;1;
48566;202200031518;757 789;A01;3;7;2;0;1;13;1;
48567;202200031519;757 788;A01;2;7;1;0;1;1;1;
48568;202200031520;757 786;A01;1;7;0;2;3;13;1;
48569;202200031520;757 787;B01;2;7;0;2;1;1;1;
48570;202200031521;757 785;A01;1;7;0;1;3;15;1;
48571;202200031522;757 783;A01;3;7;1;0;1;13;1;
48572;202200031523;757 781;A01;1;7;2;0;1;13;1;
48573;202200031524;757 780;C01;2;7;0;2;1;0;1;
48574;202200031524;757 782;B01;2;7;0;2;5;1;2;
48575;202200031524;757 784;A01;2;7;0;2;0;1;1;
48576;202200031525;757 779;A01;2;7;2;0;1;1;1;
48577;202200031526;757 776;A01;1;7;0;2;1;13;1;
48578;202200031526;757 777;B01;2;7;0;2;1;1;1;
48579;202200031527;757 773;B01;2;7;0;2;2;1;1;
48580;202200031527;757 775;A01;2;7;0;2;1;9;1;
48581;202200031528;757 774;B01;1;7;3;2;3;1;1;
48582;202200031528;757 778;A01;1;7;14;0;1;1;1;
48583;202200031529;757 772;A01;3;7;1;0;8;5;1;
48584;202200031530;757 770;A01;2;7;16;0;2;1;1;
48585;202200031531;757 771;A01;1;7;0;1;0;16;2;
48586;202200031532;757 769;A01;1;7;13;0;1;1;1;
48587;202200031534;757 767;A01;1;7;0;1;2;26;1;
48588;202200031535;757 765;B01;2;7;0;2;3;1;1;
48589;202200031535;757 766;A01;1;7;0;2;3;13;1;
48590;202200031537;757 763;A01;1;7;0;1;1;1;1;
48591;202200031538;757 759;A01;2;10;0;2;2;1;1;
48592;202200031538;757 761;B01;2;7;4;0;6;1;1;
48593;202200031540;757 754;C01;2;7;0;2;3;1;1;
48594;202200031540;757 756;B01;2;7;0;2;6;1;1;
48595;202200031540;757 758;A01;1;7;0;2;3;1;1;
48596;202200031541;757 752;A01;1;7;0;2;3;16;1;
48597;202200031541;757 753;B01;1;7;0;2;2;1;1;
48598;202200031542;757 751;A01;1;7;0;2;3;19;1;
48599;202200031542;757 755;B01;2;2;0;2;1;1;1;
48600;202200031543;757 749;C01;0;10;0;0;4;0;1;
48601;202200031543;757 750;A01;0;34;0;2;2;26;0;
48602;202200031544;757 748;A01;2;7;2;0;0;13;1;
48603;202200031545;757 746;A01;2;7;0;2;1;15;1;
48604;202200031545;757 747;B01;1;30;0;2;1;1;1;
48605;202200031546;757 745;A01;1;7;2;0;0;0;1;
48606;202200031547;757 744;A01;2;10;0;1;5;1;1;
48607;202200031548;757 743;A01;1;7;15;0;2;13;1;
48608;202200031549;757 740;B01;2;7;0;2;1;1;1;
48609;202200031549;757 741;A01;1;30;0;2;1;1;3;
48610;202200031550;757 739;A01;3;36;13;0;1;1;1;
48611;202200031551;757 737;A01;2;7;0;2;3;21;1;
48612;202200031551;757 738;B01;1;7;0;2;3;21;1;
48613;202200031551;757 742;C01;1;7;0;2;3;13;1;
48614;202200031552;757 735;A01;2;7;13;0;1;0;1;
48615;202200031553;757 734;B01;3;1;0;2;8;1;5;
48616;202200031553;757 736;A01;3;7;0;2;7;1;1;
48617;202200031554;757 732;B01;2;34;0;2;3;1;1;
48618;202200031554;757 733;A01;2;7;0;2;3;15;1;
48619;202200031555;757 731;A01;2;7;13;0;0;0;1;
48620;202200031556;757 730;A01;1;33;0;0;1;26;1;
48621;202200031557;757 727;A01;2;13;2;0;2;14;1;
48622;202200031558;757 725;A01;1;7;0;2;1;2;1;
48623;202200031558;757 728;C01;1;7;0;2;4;23;1;
48624;202200031558;757 729;B01;1;10;0;2;4;23;1;
48625;202200031559;757 724;B01;1;33;0;2;1;1;1;
48626;202200031559;757 726;A01;2;7;0;2;1;1;1;
48627;202200031560;757 723;A01;1;7;6;9;3;13;1;
48628;202200031561;757 721;A01;3;7;17;0;3;1;1;
48629;202200031563;757 719;A01;2;7;8;0;8;13;1;
48630;202200031564;757 718;A01;2;7;0;1;2;2;1;