;Num_Acc;id_vehicule;num_veh;senc;catv;obs;obsm;choc;manv;motor;occutc
48631;202200031565;757 716;A01;1;7;0;0;3;2;1;
48632;202200031565;757 717;B01;1;30;0;0;4;23;1;
48633;202200031566;757 715;A01;3;7;0;1;4;4;1;
48634;202200031567;757 714;A01;0;7;8;0;9;0;1;
48635;202200031568;757 711;A01;1;7;3;0;9;14;1;
48636;202200031569;757 710;B01;2;1;0;2;1;13;5;
48637;202200031569;757 713;A01;1;7;0;2;1;0;3;
48638;202200031570;757 707;A01;1;33;13;0;9;1;1;
48639;202200031571;757 705;A01;2;7;0;2;1;19;1;
48640;202200031571;757 708;B01;1;7;0;2;3;1;1;
48641;202200031572;757 706;B01;2;7;0;2;4;23;1;
48642;202200031572;757 709;A01;2;7;0;2;1;1;1;
48643;202200031573;757 703;A01;1;33;5;0;2;17;1;
48644;202200031573;757 704;B01;1;7;0;0;3;15;1;
48645;202200031574;757 701;A01;2;33;0;5;1;21;1;
48646;202200031575;757 699;A01;1;33;0;2;1;3;1;
48647;202200031575;757 702;B01;1;7;0;2;4;1;1;
48648;202200031576;757 698;A01;1;10;6;0;3;1;1;
48649;202200031578;757 691;D01;1;7;0;9;0;1;2;
48650;202200031578;757 693;A01;1;7;0;2;1;2;1;
48651;202200031578;757 695;B01;1;7;0;2;4;2;1;
48652;202200031578;757 696;C01;1;7;1;2;1;2;1;
48653;202200031579;757 690;A01;1;10;0;0;7;15;1;
48654;202200031579;757 692;B01;2;7;0;0;1;1;1;
48655;202200031581;757 687;A01;1;7;13;0;2;2;1;
48656;202200031582;757 686;B01;1;33;0;2;1;17;1;
48657;202200031582;757 688;A01;1;7;0;0;8;15;1;
48658;202200031583;757 684;A01;3;7;6;0;0;0;1;
48659;202200031584;757 681;A01;1;7;0;2;2;21;1;
48660;202200031584;757 683;B01;1;7;0;2;6;0;1;
48661;202200031585;757 680;A01;3;7;0;0;0;1;1;
48662;202200031587;757 675;A01;0;7;0;0;0;2;1;
48663;202200031587;757 677;B01;0;2;0;0;0;0;1;
48664;202200031588;757 674;B01;2;1;0;0;1;2;5;
48665;202200031588;757 676;A01;1;7;0;0;7;15;1;
48666;202200031589;757 673;A01;2;7;7;2;1;19;1;
48667;202200031589;757 678;B01;2;33;15;0;8;1;1;
48668;202200031590;757 670;A01;1;7;0;2;3;13;1;
48669;202200031590;757 672;B01;2;7;0;2;3;1;1;
48670;202200031591;757 669;A01;3;7;0;4;3;1;1;
48671;202200031591;757 671;B01;1;39;0;2;2;1;6;
48672;202200031592;757 666;A01;1;33;13;0;2;1;1;
48673;202200031593;757 662;B01;2;7;0;2;1;1;1;
48674;202200031593;757 665;A01;1;7;0;2;3;15;1;
48675;202200031594;757 658;A01;2;7;12;2;3;1;1;
48676;202200031594;757 660;B01;1;33;0;0;1;1;1;
48677;202200031595;757 656;A01;3;10;0;1;2;16;1;
48678;202200031596;757 655;A01;2;7;13;2;8;0;1;
48679;202200031596;757 657;B01;2;7;0;2;8;1;1;
48680;202200031596;757 659;C01;2;7;12;2;7;1;1;
48681;202200031596;757 661;D01;1;1;0;2;7;1;5;
48682;202200031596;757 663;E01;1;1;0;0;7;1;5;
48683;202200031597;757 652;A01;1;7;2;0;2;1;1;
48684;202200031599;757 650;B01;2;7;14;2;1;17;1;
48685;202200031599;757 651;A01;2;7;3;0;2;0;1;
48686;202200031600;757 649;A01;0;7;13;0;1;0;0;
48687;202200031601;757 648;A01;1;17;13;0;8;14;1;
48688;202200031602;757 644;B01;1;33;0;2;7;17;1;
48689;202200031602;757 646;A01;1;7;0;2;3;15;1;
48690;202200031603;757 645;A01;0;7;2;0;8;2;1;
48691;202200031605;757 638;C01;2;7;0;2;3;12;1;
48692;202200031605;757 640;B01;2;32;0;2;4;2;1;
48693;202200031605;757 642;A01;2;7;0;2;3;12;1;
48694;202200031606;757 637;B01;2;10;15;0;3;1;1;
48695;202200031606;757 641;A01;1;7;0;2;3;13;1;
48696;202200031607;757 635;A01;2;15;0;2;6;10;0;
48697;202200031607;757 636;B01;2;10;0;2;2;2;0;
48698;202200031607;757 639;C01;2;7;0;2;3;2;1;
48699;202200031609;757 631;A01;2;1;0;0;4;1;5;
48700;202200031609;757 632;B01;2;7;0;2;2;2;2;
48701;202200031610;757 628;B01;2;7;0;2;1;1;1;
48702;202200031610;757 630;A01;1;7;0;2;6;1;1;
48703;202200031611;757 627;B01;1;7;0;2;1;1;1;
48704;202200031611;757 629;A01;2;7;0;2;7;13;1;
48705;202200031612;757 626;A01;1;7;13;0;0;2;1;
48706;202200031613;757 622;A01;1;14;0;2;2;1;1;
48707;202200031613;757 624;B01;1;7;0;2;3;13;1;
48708;202200031613;757 625;C01;1;7;0;2;1;1;1;
48709;202200031614;757 620;B01;2;2;0;2;1;26;1;
48710;202200031614;757 623;A01;1;31;0;2;1;26;1;
48711;202200031615;757 619;B01;2;7;0;2;1;1;1;
48712;202200031615;757 621;A01;1;10;0;2;1;13;1;
48713;202200031616;757 615;A01;1;7;0;9;2;1;1;
48714;202200031616;757 616;B01;0;1;0;2;8;1;5;
48715;202200031617;757 612;B01;1;10;0;2;8;15;1;
48716;202200031617;757 613;A01;1;33;0;2;3;17;1;
48717;202200031618;757 611;B01;1;33;0;2;1;1;1;
48718;202200031618;757 614;A01;2;7;0;0;3;15;1;
48719;202200031619;757 609;B01;0;33;0;2;7;17;1;
48720;202200031619;757 610;A01;0;7;0;2;8;10;1;
48721;202200031620;757 606;B01;2;33;0;2;4;23;1;
48722;202200031620;757 608;A01;2;7;0;2;1;0;1;
48723;202200031621;757 605;B01;2;7;0;2;1;1;1;
48724;202200031621;757 607;A01;1;10;0;2;1;1;1;
48725;202200031622;757 603;A01;0;7;0;2;1;17;1;
48726;202200031622;757 604;B01;0;2;0;2;8;10;1;
48727;202200031623;757 601;A01;2;10;0;2;1;0;1;
48728;202200031623;757 602;B01;2;10;0;2;4;1;1;
48729;202200031624;757 599;A01;1;34;0;0;4;1;1;
48730;202200031625;757 594;A01;1;33;0;0;7;1;1;
48731;202200031626;757 592;C01;1;7;0;2;4;2;1;
48732;202200031626;757 595;B01;1;7;0;2;4;2;1;
48733;202200031626;757 597;A01;1;7;0;2;1;2;1;
48734;202200031627;757 591;A01;1;33;5;0;2;1;1;
48735;202200031628;757 593;D01;1;7;0;2;6;23;1;
48736;202200031628;757 596;C01;1;7;0;2;5;23;1;
48737;202200031628;757 598;B01;1;15;0;2;8;23;1;
48738;202200031628;757 600;A01;1;7;3;2;2;21;1;
48739;202200031629;757 590;A01;2;7;6;0;1;1;1;
48740;202200031631;757 586;A01;2;7;0;2;1;26;1;
48741;202200031631;757 589;B01;1;7;0;2;8;26;1;
48742;202200031632;757 585;A01;2;7;0;0;5;15;1;
48743;202200031632;757 588;B01;2;33;0;2;1;1;1;
48744;202200031633;757 584;A01;3;80;0;0;0;1;3;
48745;202200031634;757 582;B01;1;7;0;2;1;17;1;
48746;202200031634;757 583;A01;2;7;3;2;1;9;1;
48747;202200031635;757 578;A01;2;7;0;0;3;1;1;
48748;202200031635;757 581;B01;2;10;0;2;1;19;1;
48749;202200031636;757 574;B01;1;7;0;2;3;1;1;
48750;202200031636;757 577;A01;2;2;0;2;1;1;3;
48751;202200031637;757 573;A01;1;30;0;2;1;13;1;
48752;202200031637;757 576;B01;2;7;0;0;3;1;1;
48753;202200031638;757 572;A01;2;31;0;2;2;17;1;
48754;202200031638;757 575;B01;2;7;0;2;3;15;1;
48755;202200031639;757 567;B01;1;37;14;2;2;19;1;3.0
48756;202200031639;757 571;A01;1;7;0;2;2;19;1;
48757;202200031640;757 563;A01;3;7;0;2;1;9;1;
48758;202200031640;757 565;B01;1;7;15;2;8;23;1;
48759;202200031640;757 568;C01;1;7;0;2;8;1;1;
48760;202200031641;757 562;A01;3;7;15;0;2;1;1;
48761;202200031642;757 559;B01;1;7;0;2;6;1;1;
48762;202200031642;757 561;A01;1;7;0;2;3;13;1;
48763;202200031643;757 564;B01;2;7;0;2;4;2;1;
48764;202200031643;757 566;D01;2;10;0;2;1;2;1;
48765;202200031643;757 569;C01;2;7;0;2;4;2;1;
48766;202200031643;757 570;A01;2;7;0;2;4;2;1;
48767;202200031644;757 557;C01;1;7;0;2;1;2;1;
48768;202200031644;757 558;B01;2;7;0;2;1;1;1;
48769;202200031644;757 560;A01;1;7;0;2;1;23;1;
48770;202200031645;757 555;B01;1;33;1;0;1;1;1;
48771;202200031645;757 556;C01;1;7;0;2;5;1;1;
48772;202200031646;757 552;A01;2;7;16;0;2;1;2;
48773;202200031646;757 554;B01;1;7;0;0;2;1;1;
48774;202200031647;757 553;A01;2;7;0;1;1;21;1;
48775;202200031648;757 550;B01;3;34;0;2;1;1;1;
48776;202200031648;757 551;A01;3;7;0;2;1;15;1;
48777;202200031650;757 547;A01;3;1;0;0;0;16;5;
48778;202200031651;757 545;B01;2;7;0;2;8;15;1;
48779;202200031651;757 546;A01;2;33;0;2;2;17;1;
48780;202200031652;757 544;A01;1;7;9;0;9;1;1;
48781;202200031653;757 543;A01;2;1;0;0;9;1;5;
48782;202200031654;757 539;C01;1;7;0;2;3;1;1;
48783;202200031654;757 540;B01;2;7;0;2;3;1;1;
48784;202200031654;757 541;A01;2;31;0;2;1;19;1;
48785;202200031656;757 535;B01;2;33;0;2;1;6;1;
48786;202200031656;757 536;A01;2;7;0;2;4;1;1;
48787;202200031657;757 531;A01;2;7;0;2;1;1;1;
48788;202200031657;757 532;B01;2;7;0;2;4;1;1;
48789;202200031657;757 533;C01;2;7;0;2;4;1;1;
48790;202200031657;757 534;D01;2;7;0;2;4;1;1;
48791;202200031658;757 530;A01;2;7;4;0;0;11;1;
48792;202200031660;757 522;D01;1;7;0;0;4;23;1;
48793;202200031660;757 523;C01;1;7;0;2;4;23;1;
48794;202200031660;757 524;B01;1;7;0;2;4;23;1;
48795;202200031660;757 525;A01;1;7;0;2;1;12;1;
48796;202200031661;757 521;A01;2;7;0;1;2;1;1;
48797;202200031662;757 519;B01;1;33;0;2;8;1;1;
48798;202200031662;757 520;A01;1;7;0;2;7;9;1;
48799;202200031663;757 518;A01;2;2;2;0;1;1;1;
48800;202200031664;757 517;A01;2;2;0;0;9;26;1;
48801;202200031665;757 515;B01;1;7;0;0;8;9;1;
48802;202200031665;757 516;A01;2;2;0;2;1;3;1;
48803;202200031666;757 514;A01;2;7;7;0;1;14;1;
48804;202200031667;757 512;A01;3;7;0;2;3;1;1;
48805;202200031667;757 513;B01;3;7;0;2;1;15;1;
48806;202200031668;757 510;B01;2;33;0;2;1;2;1;
48807;202200031668;757 511;A01;2;10;0;2;7;17;1;
48808;202200031669;757 509;A01;1;7;2;0;3;1;1;
48809;202200031670;757 507;B01;2;7;0;2;8;9;2;
48810;202200031670;757 508;A01;2;15;0;2;1;1;1;
48811;202200031671;757 505;B01;2;7;0;0;8;2;1;
48812;202200031671;757 506;A01;2;10;0;0;1;19;1;
48813;202200031672;757 504;A01;2;7;8;0;2;14;2;
48814;202200031673;757 502;B01;1;10;0;2;3;1;0;
48815;202200031673;757 503;A01;2;10;0;2;2;15;0;
48816;202200031675;757 498;B01;2;1;0;9;4;1;5;
48817;202200031675;757 499;A01;2;7;0;2;3;1;2;
48818;202200031676;757 496;B01;1;7;0;0;8;15;1;
48819;202200031676;757 497;A01;2;13;0;2;3;1;1;
48820;202200031677;757 494;A01;1;7;0;2;3;5;1;
48821;202200031677;757 495;B01;2;1;0;2;1;1;5;
48822;202200031678;757 492;B01;1;33;0;2;3;17;1;
48823;202200031678;757 493;A01;1;7;0;2;6;17;1;
48824;202200031679;757 491;A01;2;14;13;0;9;1;1;
48825;202200031680;757 490;A01;1;7;1;0;1;13;1;
48826;202200031681;757 488;A01;1;37;0;2;2;1;1;7.0
48827;202200031681;757 489;B01;2;10;0;2;3;15;1;
48828;202200031682;757 486;A01;2;10;0;0;4;1;1;
48829;202200031682;757 487;B01;2;15;0;2;1;2;1;
48830;202200031683;757 484;B01;2;7;0;0;1;2;1;
48831;202200031683;757 485;A01;2;7;0;0;4;1;1;
48832;202200031684;757 482;A01;1;7;0;0;7;1;1;
48833;202200031684;757 483;B01;1;7;4;2;1;1;1;
48834;202200031685;757 481;A01;1;7;6;0;2;1;1;
48835;202200031686;757 479;B01;1;33;0;2;0;13;1;
48836;202200031686;757 480;A01;2;7;0;2;7;1;1;
48837;202200031687;757 478;A01;3;7;0;0;9;2;1;
48838;202200031688;757 477;A01;2;7;0;1;3;1;1;
48839;202200031689;757 475;B01;3;7;0;2;1;1;1;
48840;202200031689;757 476;A01;3;7;0;2;1;13;0;
48841;202200031690;757 473;B01;3;7;0;2;1;5;1;
48842;202200031690;757 474;A01;2;10;0;2;1;1;1;
48843;202200031691;757 471;B01;1;7;4;0;4;2;1;
48844;202200031691;757 472;A01;1;7;0;2;1;2;1;
48845;202200031692;757 468;A01;1;7;0;2;2;13;1;
48846;202200031692;757 469;B01;1;7;0;2;3;1;1;
48847;202200031692;757 470;C01;1;7;0;0;6;0;1;
48848;202200031693;757 466;B01;1;10;0;2;6;1;1;
48849;202200031693;757 467;A01;2;7;0;2;3;13;1;
48850;202200031694;757 464;B01;2;7;0;2;1;1;1;
48851;202200031694;757 465;A01;1;33;0;2;4;13;1;
48852;202200031696;757 461;B01;1;2;0;2;1;1;1;
48853;202200031696;757 462;A01;0;7;0;2;5;15;1;
48854;202200031697;757 459;A01;0;7;0;2;3;1;1;
48855;202200031697;757 460;B01;0;7;0;2;4;1;1;
48856;202200031700;757 451;B01;2;2;0;2;1;1;1;
48857;202200031700;757 452;A01;1;10;0;0;5;15;1;
48858;202200031701;757 449;B01;1;7;0;0;4;2;1;
48859;202200031701;757 450;A01;1;7;0;2;1;2;1;
48860;202200031702;757 447;A01;2;7;0;2;3;1;1;
48861;202200031702;757 448;B01;1;7;0;2;3;13;1;
48862;202200031703;757 445;B01;1;1;0;2;0;2;5;
48863;202200031703;757 446;A01;1;7;0;2;2;2;1;
48864;202200031704;757 444;A01;1;7;0;1;2;1;1;
48865;202200031705;757 441;A01;1;7;0;2;4;2;1;
48866;202200031705;757 442;B01;1;7;0;2;9;2;1;
48867;202200031705;757 443;C01;1;7;0;2;1;2;1;
48868;202200031706;757 438;A01;1;7;0;2;4;2;1;
48869;202200031706;757 439;B01;1;7;0;2;9;2;1;
48870;202200031706;757 440;C01;1;7;0;2;1;2;1;
48871;202200031707;757 436;B01;2;7;0;2;1;2;1;
48872;202200031707;757 437;A01;2;7;0;2;4;2;1;
48873;202200031708;757 434;A01;1;10;0;2;8;26;1;
48874;202200031708;757 435;B01;1;7;0;2;1;1;1;
48875;202200031709;757 431;C01;2;7;0;2;4;2;1;
48876;202200031709;757 432;B01;2;7;0;2;4;2;1;
48877;202200031709;757 433;A01;2;7;0;2;1;2;1;
48878;202200031710;757 428;C01;1;7;0;2;4;2;1;
48879;202200031710;757 429;B01;1;7;0;2;9;2;1;
48880;202200031710;757 430;A01;1;7;0;2;1;2;1;
48881;202200031711;757 427;A01;1;14;0;1;1;12;1;
48882;202200031712;757 423;B01;1;7;0;0;0;0;2;
48883;202200031712;757 424;D01;1;7;0;2;4;0;1;
48884;202200031712;757 425;C01;1;7;0;0;4;0;1;
48885;202200031712;757 426;A01;1;7;0;0;0;0;0;
48886;202200031713;757 421;A01;1;7;0;2;1;2;1;
48887;202200031713;757 422;B01;1;7;0;2;4;2;1;
48888;202200031714;757 419;B01;1;7;0;2;7;12;1;
48889;202200031714;757 420;A01;1;33;0;2;8;3;1;
48890;202200031715;757 417;B01;1;33;4;2;7;3;1;
48891;202200031715;757 418;Z01;1;10;0;0;0;0;0;
48892;202200031716;757 414;A01;2;7;0;2;4;11;1;
48893;202200031716;757 415;B01;2;31;0;2;7;3;1;
48894;202200031716;757 416;C01;2;7;0;2;4;1;1;
48895;202200031717;757 407;A01;1;7;0;9;4;2;1;
48896;202200031717;757 408;B01;1;10;0;2;1;2;1;
48897;202200031717;757 409;C01;1;7;0;2;1;2;1;
48898;202200031717;757 410;D01;1;10;0;2;1;2;1;
48899;202200031717;757 411;E01;1;7;0;2;3;0;1;
48900;202200031717;757 412;F01;1;10;0;2;1;2;1;
48901;202200031717;757 413;G01;1;10;0;2;4;0;1;
48902;202200031718;757 406;A01;2;7;4;0;3;13;1;
48903;202200031720;757 403;A01;2;7;0;2;3;11;2;
48904;202200031720;757 404;B01;2;33;0;2;2;3;1;
48905;202200031721;757 402;A01;1;7;4;0;1;1;1;
48906;202200031722;757 400;A01;3;7;0;2;3;1;1;
48907;202200031722;757 401;B01;3;2;0;2;8;9;1;
48908;202200031723;757 399;A01;2;33;2;0;1;16;1;
48909;202200031725;757 397;A01;2;33;0;0;0;14;1;
48910;202200031726;757 396;A01;1;1;7;0;1;1;5;
48911;202200031727;757 394;B01;1;1;0;2;8;1;5;
48912;202200031727;757 395;A01;1;7;0;2;1;1;1;
48913;202200031728;757 392;A01;2;7;6;2;1;13;1;
48914;202200031728;757 393;B01;1;10;0;2;7;1;1;
48915;202200031730;757 389;A01;3;7;9;1;1;16;1;
48916;202200031731;757 387;A01;1;7;0;2;1;13;1;
48917;202200031731;757 388;B01;1;7;0;2;8;1;1;
48918;202200031732;757 386;A01;1;7;15;0;1;1;1;
48919;202200031733;757 384;B01;1;7;0;2;4;1;2;
48920;202200031733;757 385;A01;1;31;0;2;1;1;1;
48921;202200031734;757 381;C01;2;7;0;2;2;12;1;
48922;202200031734;757 382;B01;2;7;0;2;3;1;1;
48923;202200031734;757 383;A01;1;7;0;2;1;5;1;
48924;202200031735;757 377;B01;2;7;0;2;1;2;1;
48925;202200031735;757 378;A01;3;33;0;2;7;15;1;
48926;202200031739;757 370;A01;3;80;0;2;2;1;3;
48927;202200031739;757 371;B01;1;7;0;9;1;1;1;
48928;202200031740;757 368;B01;1;2;0;2;0;0;1;
48929;202200031740;757 369;A01;2;10;0;2;1;15;1;
48930;202200031741;757 367;A01;1;2;0;2;0;1;1;
48931;202200031742;757 365;A01;3;7;0;2;0;0;1;
48932;202200031742;757 366;B01;3;7;0;2;0;0;1;
48933;202200031743;757 363;A01;2;50;0;2;1;5;3;
48934;202200031743;757 364;B01;1;7;0;9;3;15;1;
48935;202200031744;757 362;A01;2;7;3;0;1;1;1;
48936;202200031745;757 361;A01;1;7;1;0;2;14;1;
48937;202200031746;757 360;A01;2;7;4;0;3;1;1;
48938;202200031747;757 359;A01;1;7;13;0;1;13;1;
48939;202200031748;757 357;B01;2;30;0;2;1;1;1;
48940;202200031748;757 358;Z01;3;7;0;2;0;0;0;
48941;202200031749;757 355;Z01;1;7;0;2;1;26;1;
48942;202200031749;757 356;B01;1;7;0;2;1;26;0;
48943;202200031751;757 352;A01;3;7;0;1;2;2;1;
48944;202200031752;757 351;A01;3;33;0;1;1;1;1;
48945;202200031753;757 350;A01;1;32;0;1;1;21;1;
48946;202200031754;757 347;A01;1;7;0;2;1;15;1;
48947;202200031754;757 348;B01;1;7;0;2;1;1;1;
48948;202200031754;757 349;C01;1;7;0;2;1;23;1;
48949;202200031755;757 346;A01;0;7;0;1;3;20;1;
48950;202200031756;757 344;B01;1;7;0;2;3;15;1;
48951;202200031756;757 345;A01;1;2;0;2;2;17;1;
48952;202200031759;757 338;Z01;1;7;0;2;0;15;1;
48953;202200031759;757 339;A01;2;34;0;2;8;1;1;
48954;202200031760;757 337;A01;1;30;0;0;0;21;3;
48955;202200031761;757 335;A01;2;7;0;2;2;15;1;
48956;202200031761;757 336;B01;1;30;0;2;1;1;1;
48957;202200031762;757 333;Z01;1;7;0;2;0;1;1;
48958;202200031762;757 334;A01;1;80;0;2;0;1;3;
48959;202200031763;757 331;B01;1;7;0;2;4;2;1;
48960;202200031763;757 332;A01;1;7;0;2;1;2;1;
48961;202200031764;757 330;A01;1;60;0;1;7;1;5;
48962;202200031765;757 328;B01;2;7;0;2;1;1;0;
48963;202200031765;757 329;A01;2;7;0;0;4;23;1;
48964;202200031766;757 326;B01;1;7;0;2;3;1;0;
48965;202200031766;757 327;A01;1;7;0;2;3;9;0;
48966;202200031767;757 324;B01;2;1;1;0;1;1;5;
48967;202200031767;757 325;A01;2;7;0;2;3;24;2;
48968;202200031768;757 322;B01;1;2;0;2;3;13;1;
48969;202200031768;757 323;A01;2;7;0;2;3;1;1;
48970;202200031769;757 321;A01;2;7;6;0;3;1;1;
48971;202200031770;757 320;A01;0;30;1;0;0;1;1;
48972;202200031771;757 318;A01;1;7;0;2;6;0;1;
48973;202200031771;757 319;B01;1;2;0;2;1;13;1;
48974;202200031772;757 316;A01;1;10;0;2;9;6;1;
48975;202200031772;757 317;B01;1;7;0;2;3;0;1;
48976;202200031773;757 314;A01;3;7;0;2;2;20;1;
48977;202200031773;757 315;B01;1;1;0;2;2;21;5;
48978;202200031774;757 312;B01;1;15;0;2;8;13;1;
48979;202200031774;757 313;A01;2;7;2;2;8;1;1;
48980;202200031775;757 310;B01;1;32;0;2;1;1;1;
48981;202200031775;757 311;A01;2;7;0;2;2;15;1;
48982;202200031776;757 308;B01;0;33;0;2;8;1;1;
48983;202200031776;757 309;A01;0;7;0;2;3;1;1;
48984;202200031777;757 306;B01;1;7;0;2;1;1;1;
48985;202200031777;757 307;A01;1;7;0;2;8;19;1;
48986;202200031778;757 304;B01;2;15;0;2;2;1;1;
48987;202200031778;757 305;A01;2;7;0;2;2;17;2;
48988;202200031779;757 302;B01;1;1;0;2;4;1;5;
48989;202200031779;757 303;A01;1;7;0;2;2;0;0;
48990;202200031780;757 301;A01;2;32;16;0;7;1;1;
48991;202200031781;757 299;B01;3;2;0;2;1;1;1;
48992;202200031781;757 300;A01;3;3;0;2;2;19;1;
48993;202200031782;757 298;A01;2;7;3;0;1;13;1;
48994;202200031783;757 296;A01;3;2;16;0;8;2;1;
48995;202200031785;757 294;A01;1;7;8;0;7;14;1;
48996;202200031787;757 291;A01;2;7;13;0;1;1;1;
48997;202200031788;757 290;A01;2;7;8;0;1;1;1;
48998;202200031789;757 288;B01;1;7;0;0;0;13;1;
48999;202200031789;757 289;A01;2;7;0;0;0;1;1;
49000;202200031790;757 287;A01;1;7;0;0;9;0;1;
49001;202200031791;757 286;A01;2;7;15;0;1;1;1;
49002;202200031792;757 284;B01;3;7;0;2;3;0;1;
49003;202200031792;757 285;A01;3;7;0;2;3;0;1;
49004;202200031793;757 282;B01;1;7;0;2;1;1;1;
49005;202200031793;757 283;A01;2;7;0;2;1;19;1;
49006;202200031794;757 281;A01;2;2;12;0;7;1;1;
49007;202200031795;757 279;B01;1;2;0;2;1;1;1;
49008;202200031795;757 280;A01;3;7;0;2;3;15;1;
49009;202200031796;757 277;B01;1;7;0;2;2;21;2;
49010;202200031796;757 278;A01;2;7;0;2;6;19;1;
49011;202200031797;757 275;A01;1;2;0;2;1;18;1;
49012;202200031797;757 276;B01;1;17;0;2;2;16;1;
49013;202200031798;757 273;A01;1;7;0;2;1;15;1;
49014;202200031798;757 274;B01;2;31;0;2;2;1;1;
49015;202200031799;757 269;B01;1;7;0;2;3;1;1;
49016;202200031799;757 270;A01;2;7;0;2;3;13;1;
49017;202200031799;757 271;D01;1;7;0;2;3;1;1;
49018;202200031799;757 272;C01;1;7;0;2;3;1;1;
49019;202200031800;757 267;A01;2;7;0;0;1;1;1;
49020;202200031800;757 268;C01;2;17;0;0;0;1;1;
49021;202200031801;757 265;B01;2;7;0;2;8;1;1;
49022;202200031801;757 266;A01;2;7;3;2;7;17;1;
49023;202200031802;757 263;B01;2;7;0;0;4;2;1;
49024;202200031802;757 264;A01;2;7;0;2;1;2;1;
49025;202200031803;757 261;A01;2;7;4;2;1;0;1;
49026;202200031803;757 262;B01;2;17;0;2;6;1;1;
49027;202200031804;757 260;A01;1;33;0;0;2;26;1;
49028;202200031805;757 258;B01;2;7;3;2;1;1;1;
49029;202200031805;757 259;A01;1;7;0;2;1;13;1;
49030;202200031807;757 255;B01;1;33;0;2;1;17;1;
49031;202200031807;757 256;A01;1;7;0;2;4;15;1;
49032;202200031808;757 254;A01;2;33;0;6;1;1;1;
49033;202200031809;757 251;C01;1;7;0;2;1;1;0;
49034;202200031809;757 252;B01;1;7;0;2;1;1;0;
49035;202200031809;757 253;A01;2;7;0;2;1;1;0;
49036;202200031810;757 249;A01;3;7;0;2;1;13;1;
49037;202200031810;757 250;B01;3;7;0;2;1;1;1;
49038;202200031811;757 247;B01;0;15;0;0;2;24;1;
49039;202200031811;757 248;A01;3;7;1;0;3;14;1;
49040;202200031812;757 246;A01;3;7;15;0;1;1;1;
49041;202200031813;757 244;B01;1;15;0;2;6;1;1;
49042;202200031813;757 245;A01;1;7;0;2;2;17;1;
49043;202200031814;757 242;B01;1;10;0;2;7;12;0;
49044;202200031814;757 243;A01;1;31;0;2;7;1;0;
49045;202200031815;757 240;B01;2;7;0;2;4;2;1;
49046;202200031815;757 241;A01;2;7;0;2;1;2;1;
49047;202200031816;757 239;A01;2;7;4;0;1;13;1;
49048;202200031817;757 236;A01;1;7;13;2;3;14;1;
49049;202200031817;757 237;B01;1;7;0;2;5;1;1;
49050;202200031817;757 238;C01;1;7;0;2;4;1;1;
49051;202200031818;757 235;A01;2;7;4;0;1;1;1;
49052;202200031819;757 230;E01;1;7;0;2;4;1;2;
49053;202200031819;757 231;A01;1;7;0;2;1;1;1;
49054;202200031819;757 232;B01;1;7;0;2;4;1;1;
49055;202200031819;757 233;C01;1;7;0;2;4;1;1;
49056;202200031819;757 234;D01;1;7;0;2;1;1;1;
49057;202200031820;757 226;A01;1;7;0;2;1;2;1;
49058;202200031820;757 227;B01;1;7;0;2;1;2;1;
49059;202200031820;757 228;C01;1;7;0;2;5;26;1;
49060;202200031820;757 229;D01;1;7;0;2;4;2;1;
49061;202200031821;757 225;A01;2;32;0;0;8;3;1;
49062;202200031822;757 223;A01;1;7;0;2;1;15;1;
49063;202200031822;757 224;B01;1;7;0;2;6;23;1;
49064;202200031823;757 221;A01;2;7;0;2;8;26;1;
49065;202200031823;757 222;B01;2;7;0;2;1;2;1;
49066;202200031824;757 219;A01;0;33;0;0;8;2;0;
49067;202200031824;757 220;B01;1;33;0;0;8;2;1;
49068;202200031826;757 217;A01;2;7;0;0;3;2;1;
49069;202200031827;757 214;C01;1;7;0;2;4;2;1;
49070;202200031827;757 215;B01;1;7;0;2;2;1;1;
49071;202200031827;757 216;A01;1;7;0;2;1;11;1;
49072;202200031828;757 213;A01;2;10;6;0;1;0;-1;
49073;202200031829;757 211;B01;1;50;0;2;1;1;3;
49074;202200031829;757 212;A01;1;7;0;2;5;15;1;
49075;202200031830;757 209;A01;1;14;0;2;3;16;1;
49076;202200031830;757 210;B01;3;1;0;2;1;1;5;
49077;202200031831;757 208;A01;3;7;1;0;3;1;-1;
49078;202200031832;757 206;B01;1;1;0;2;1;5;5;
49079;202200031832;757 207;A01;2;7;0;9;1;1;1;
49080;202200031833;757 204;A01;2;7;9;0;1;19;1;
49081;202200031833;757 205;B01;1;7;9;0;3;0;1;
49082;202200031834;757 203;A01;3;10;3;0;0;1;1;
49083;202200031835;757 201;B01;3;1;0;0;0;1;5;
49084;202200031835;757 202;A01;3;15;0;0;0;1;-1;
49085;202200031836;757 198;A01;2;33;0;9;1;1;1;
49086;202200031836;757 199;B01;1;7;0;2;3;1;1;
49087;202200031837;757 196;A01;1;7;0;2;0;0;1;
49088;202200031837;757 197;B01;2;30;0;2;0;0;1;
49089;202200031838;757 195;A01;1;30;0;2;5;0;1;
49090;202200031839;757 194;A01;2;7;0;1;2;1;1;
49091;202200031840;757 193;A01;3;38;0;1;7;15;1;1.0
49092;202200031842;757 190;A01;1;7;0;2;2;16;1;