;Num_Acc;id_vehicule;num_veh;senc;catv;obs;obsm;choc;manv;motor;occutc
49093;202200031842;757 191;B01;1;50;0;2;1;1;3;
49094;202200031843;757 189;A01;2;7;12;0;8;1;1;
49095;202200031844;757 188;A01;2;7;8;0;1;1;1;
49096;202200031845;757 187;A01;2;7;0;1;4;20;1;
49097;202200031846;757 183;A01;1;7;0;2;4;15;1;
49098;202200031846;757 184;B01;2;7;0;2;1;1;1;
49099;202200031846;757 185;C01;2;7;0;2;4;1;1;
49100;202200031846;757 186;D01;1;7;0;2;1;1;1;
49101;202200031847;757 179;B01;2;17;0;0;6;24;1;
49102;202200031847;757 180;A01;2;7;1;0;2;1;1;
49103;202200031849;757 175;A01;1;2;0;2;1;2;1;
49104;202200031849;757 176;B01;1;7;0;2;4;2;1;
49105;202200031850;757 172;A01;1;7;0;2;1;1;1;
49106;202200031850;757 173;B01;1;7;0;2;4;1;1;
49107;202200031850;757 174;C01;1;7;0;2;4;1;1;
49108;202200031851;757 170;B01;3;7;0;2;1;15;1;
49109;202200031851;757 171;A01;3;7;0;2;8;19;1;
49110;202200031852;757 168;Z01;2;7;0;2;2;1;1;
49111;202200031852;757 169;A01;1;2;0;2;8;1;1;
49112;202200031853;757 167;Z01;2;7;0;1;1;1;1;
49113;202200031854;757 165;A01;1;10;1;0;2;1;1;
49114;202200031854;757 166;B01;1;7;0;2;6;24;1;
49115;202200031855;757 163;B01;1;1;0;2;4;2;5;
49116;202200031855;757 164;A01;1;7;0;2;3;1;1;
49117;202200031856;757 158;E01;1;7;0;0;4;0;1;
49118;202200031856;757 159;D01;1;7;14;0;4;0;1;
49119;202200031856;757 160;C01;1;7;14;0;4;0;1;
49120;202200031856;757 161;B01;1;7;4;0;2;2;1;
49121;202200031856;757 162;A01;1;7;14;0;1;21;1;
49122;202200031857;757 156;B01;2;7;0;2;3;2;1;
49123;202200031857;757 157;A01;2;30;0;2;4;2;1;
49124;202200031858;757 154;A01;1;7;0;2;3;22;1;
49125;202200031858;757 155;B01;1;1;1;0;0;1;5;
49126;202200031859;757 153;A01;0;7;0;1;2;15;1;
49127;202200031860;757 152;A01;3;7;0;1;4;20;1;
49128;202200031861;757 148;A01;3;33;0;2;7;17;1;
49129;202200031861;757 151;B01;3;7;0;2;8;15;1;
49130;202200031862;757 145;A01;2;7;0;1;0;9;1;
49131;202200031863;757 143;B01;1;7;0;9;8;1;0;
49132;202200031863;757 144;A01;3;1;0;2;7;25;5;
49133;202200031864;757 141;A01;3;7;0;2;8;13;1;
49134;202200031864;757 142;B01;0;7;0;2;8;1;1;
49135;202200031865;757 140;A01;0;34;0;1;1;1;1;
49136;202200031866;757 138;B01;1;7;0;2;8;1;1;
49137;202200031866;757 139;A01;1;7;1;2;1;1;1;
49138;202200031867;757 136;B01;1;7;0;2;5;1;1;
49139;202200031867;757 137;A01;1;7;0;2;3;2;1;
49140;202200031868;757 134;B01;2;50;0;2;8;5;3;
49141;202200031868;757 135;A01;2;7;0;2;1;1;1;
49142;202200031869;757 132;B01;0;7;0;2;3;1;1;
49143;202200031869;757 133;A01;0;32;0;2;9;1;1;
49144;202200031870;757 131;A01;1;7;3;0;1;26;1;
49145;202200031871;757 129;A01;3;30;0;2;4;16;1;
49146;202200031871;757 130;B01;2;7;0;9;2;1;1;
49147;202200031873;757 127;A01;2;7;8;0;1;1;1;
49148;202200031874;757 125;A01;3;3;0;2;2;16;1;
49149;202200031874;757 126;B01;3;30;0;2;3;1;3;
49150;202200031875;757 123;B01;2;7;0;2;8;15;1;
49151;202200031875;757 124;A01;2;33;0;2;1;17;1;
49152;202200031877;757 119;B01;1;80;0;2;4;1;3;
49153;202200031877;757 120;A01;2;50;0;2;1;13;3;
49154;202200031878;757 118;A01;2;7;0;1;1;1;1;
49155;202200031880;757 114;B01;3;30;0;2;3;5;3;
49156;202200031880;757 115;A01;1;7;0;2;2;1;1;
49157;202200031881;757 112;B01;1;37;0;2;3;1;1;1.0
49158;202200031881;757 113;A01;1;32;0;2;2;16;1;
49159;202200031882;757 111;A01;2;43;0;1;2;18;1;
49160;202200031883;757 109;A01;2;10;0;2;2;16;1;
49161;202200031883;757 110;B01;2;1;0;2;1;1;5;
49162;202200031884;757 107;B01;1;32;0;2;1;11;1;
49163;202200031884;757 108;A01;1;32;0;2;2;1;1;
49164;202200031885;757 105;Z01;1;7;0;2;8;11;0;
49165;202200031885;757 106;A01;1;34;0;2;7;3;1;
49166;202200031886;757 103;B01;2;80;0;2;7;1;3;
49167;202200031886;757 104;A01;1;34;0;2;1;0;1;
49168;202200031887;757 101;A01;2;1;0;2;1;2;5;
49169;202200031887;757 102;B01;2;1;0;2;4;2;5;
49170;202200031888;757 098;C01;1;34;0;2;7;23;1;
49171;202200031888;757 099;B01;1;34;0;2;8;23;1;
49172;202200031888;757 100;A01;1;43;0;2;2;2;1;
49173;202200031889;757 096;A01;1;10;0;2;8;22;1;
49174;202200031889;757 097;B01;1;1;0;2;8;1;5;
49175;202200031890;757 094;A01;2;7;0;2;6;11;1;
49176;202200031890;757 095;B01;2;33;0;2;2;3;1;
49177;202200031891;757 092;B01;3;10;0;2;4;2;1;
49178;202200031891;757 093;A01;3;10;0;2;1;2;1;
49179;202200031892;757 091;A01;1;37;0;1;8;15;1;1.0
49180;202200031893;757 090;A01;1;10;0;1;2;17;1;
49181;202200031894;757 088;A01;1;7;0;2;1;26;0;
49182;202200031894;757 089;B01;1;2;0;2;4;0;0;
49183;202200031895;757 086;A01;3;7;0;2;3;9;1;
49184;202200031895;757 087;B01;3;50;0;2;1;25;3;
49185;202200031896;757 084;B01;2;30;0;2;1;2;1;
49186;202200031896;757 085;A01;2;7;0;2;0;0;1;
49187;202200031897;757 082;B01;1;7;0;2;8;1;1;
49188;202200031897;757 083;A01;1;7;0;2;1;1;1;
49189;202200031898;757 080;A01;2;50;0;2;2;21;3;
49190;202200031898;757 081;B01;1;7;0;2;2;26;1;
49191;202200031899;757 077;C01;0;17;0;2;6;24;1;
49192;202200031899;757 078;B01;0;17;0;2;6;24;1;
49193;202200031899;757 079;A01;0;10;1;0;2;1;1;
49194;202200031900;757 076;A01;1;10;0;1;1;15;1;
49195;202200031901;757 074;A01;1;7;0;2;3;15;1;
49196;202200031901;757 075;B01;2;2;0;2;1;17;1;
49197;202200031902;757 072;B01;1;7;0;2;1;2;0;
49198;202200031902;757 073;A01;1;7;0;2;5;2;0;
49199;202200031903;757 071;A01;2;7;0;1;4;26;1;
49200;202200031904;757 069;A01;1;10;0;2;4;2;1;
49201;202200031904;757 070;B01;1;7;0;2;1;2;1;
49202;202200031905;757 068;A01;1;31;4;0;8;1;1;
49203;202200031906;757 065;C01;1;7;0;2;1;2;3;
49204;202200031906;757 066;B01;1;7;0;2;4;2;1;
49205;202200031906;757 067;A01;1;10;0;2;4;1;1;
49206;202200031907;757 064;A01;1;32;0;5;1;1;1;
49207;202200031908;757 062;B01;2;7;0;2;4;2;1;
49208;202200031908;757 063;A01;2;7;0;2;1;2;1;
49209;202200031909;757 060;B01;2;7;0;2;4;1;1;
49210;202200031909;757 061;Z01;2;0;0;2;1;0;0;
49211;202200031910;757 058;A01;2;33;0;2;7;1;1;
49212;202200031910;757 059;Z01;2;7;0;2;8;11;0;
49213;202200031911;757 056;A01;1;7;0;2;6;11;1;
49214;202200031911;757 057;B01;1;17;0;2;2;1;1;
49215;202200031912;757 054;B01;1;7;0;2;5;12;1;
49216;202200031912;757 055;A01;1;33;0;2;1;3;1;
49217;202200031913;757 052;B01;2;7;4;0;4;1;1;
49218;202200031913;757 053;A01;2;7;4;0;3;2;1;
49219;202200031914;757 049;B01;1;7;0;2;1;2;1;
49220;202200031914;757 050;C01;1;17;0;2;0;2;0;
49221;202200031914;757 051;A01;1;7;4;2;3;13;1;
49222;202200031915;757 047;B01;2;7;0;2;4;12;1;
49223;202200031915;757 048;A01;2;33;0;2;1;3;1;
49224;202200031916;757 045;B01;1;33;0;2;3;3;1;
49225;202200031916;757 046;A01;1;7;0;2;5;12;1;
49226;202200031917;757 042;C01;2;7;0;2;4;1;2;
49227;202200031917;757 043;B01;2;7;0;2;9;1;1;
49228;202200031917;757 044;A01;2;10;0;2;1;1;1;
49229;202200031918;757 040;B01;1;10;0;2;4;1;1;
49230;202200031918;757 041;A01;1;7;0;2;1;2;1;
49231;202200031920;757 035;B01;2;31;0;2;7;3;1;
49232;202200031920;757 036;A01;2;7;0;2;3;17;1;
49233;202200031921;757 033;B01;1;7;0;2;7;2;1;
49234;202200031921;757 034;A01;1;13;0;2;3;11;1;
49235;202200031922;757 028;A01;2;10;0;2;1;12;1;
49236;202200031922;757 029;B01;2;10;0;2;4;1;1;
49237;202200031922;757 030;C01;2;7;0;2;4;1;1;
49238;202200031922;757 031;D01;2;7;0;2;1;0;1;
49239;202200031922;757 032;E01;2;17;0;2;4;1;1;
49240;202200031923;757 027;A01;1;7;3;0;2;1;1;
49241;202200031924;757 025;B01;2;7;4;2;4;0;1;
49242;202200031924;757 026;A01;2;14;0;2;2;1;1;
49243;202200031926;757 022;A01;1;7;0;2;6;9;1;
49244;202200031926;757 023;B01;1;7;0;2;3;1;1;
49245;202200031927;757 020;B01;2;10;0;2;0;1;1;
49246;202200031927;757 021;A01;2;7;0;2;0;1;1;
49247;202200031928;757 017;B01;1;33;0;2;1;17;1;
49248;202200031928;757 019;A01;1;7;0;2;8;15;1;
49249;202200031929;757 016;A01;3;7;0;2;2;20;1;
49250;202200031929;757 018;B01;1;10;0;2;3;1;1;
49251;202200031930;757 014;B01;2;33;0;2;1;1;1;
49252;202200031930;757 015;A01;1;7;0;2;2;1;1;
49253;202200031931;757 012;A01;2;43;0;2;1;1;1;
49254;202200031932;757 011;B01;1;7;0;2;8;19;1;
49255;202200031932;757 013;A01;2;7;0;2;1;1;1;
49256;202200031933;757 007;B01;0;7;0;2;1;1;1;
49257;202200031933;757 009;A01;0;7;0;2;1;1;1;
49258;202200031934;757 006;A01;2;7;0;1;0;0;1;
49259;202200031935;757 002;A01;2;10;0;2;3;13;1;
49260;202200031935;757 004;B01;1;7;0;2;8;1;1;
49261;202200031935;757 005;C01;1;7;0;2;1;1;1;
49262;202200031936;757 001;B01;1;7;0;2;3;1;1;
49263;202200031936;757 003;Z01;2;30;0;2;3;5;1;
49264;202200031937;757 000;A01;3;7;8;1;2;24;1;
49265;202200031938;756 998;A01;2;7;2;0;1;1;1;
49266;202200031939;756 996;A01;1;7;0;2;1;1;1;
49267;202200031939;756 999;B01;2;7;0;2;1;1;1;
49268;202200031940;756 995;A01;3;7;0;9;3;19;0;
49269;202200031940;756 997;B01;1;1;0;2;2;1;5;
49270;202200031941;756 992;A01;1;7;0;2;2;1;1;
49271;202200031941;756 994;B01;1;30;0;2;8;16;1;
49272;202200031942;756 991;A01;1;21;0;0;6;15;1;
49273;202200031942;756 993;B01;1;32;0;2;1;17;1;
49274;202200031943;756 988;B01;1;7;0;2;1;1;2;
49275;202200031943;756 989;A01;2;7;0;2;1;17;2;
49276;202200031944;756 987;B01;3;7;0;2;4;2;1;
49277;202200031944;756 990;A01;3;7;0;2;2;2;1;
49278;202200031945;756 984;B01;1;7;0;2;3;1;1;
49279;202200031945;756 986;A01;2;7;0;2;3;13;1;
49280;202200031946;756 983;B01;1;7;0;2;4;2;1;
49281;202200031946;756 985;A01;1;7;0;2;1;2;1;
49282;202200031947;756 982;A01;2;7;4;0;1;9;1;
49283;202200031948;756 979;B01;2;7;0;2;3;1;1;
49284;202200031948;756 981;A01;1;7;0;2;3;13;1;
49285;202200031949;756 978;B01;2;7;0;2;3;1;1;
49286;202200031949;756 980;A01;1;33;0;2;3;13;1;
49287;202200031950;756 976;A01;1;7;0;2;1;1;1;
49288;202200031950;756 977;B01;3;1;0;2;2;19;5;
49289;202200031951;756 975;A01;3;36;0;0;0;0;1;
49290;202200031953;756 971;B01;2;7;0;2;2;1;1;
49291;202200031953;756 972;A01;2;7;0;2;3;1;1;
49292;202200031954;756 970;A01;1;7;0;1;1;1;1;
49293;202200031955;756 967;A01;3;7;0;2;1;19;1;
49294;202200031955;756 969;B01;1;7;0;2;2;1;1;
49295;202200031956;756 966;B01;2;7;0;2;1;1;1;
49296;202200031956;756 968;A01;3;50;0;2;1;1;3;
49297;202200031958;756 962;A01;2;7;0;2;4;9;1;
49298;202200031958;756 964;B01;2;7;0;2;1;1;1;
49299;202200031959;756 961;A01;2;2;0;2;1;1;1;
49300;202200031959;756 963;B01;2;7;0;2;8;15;1;
49301;202200031960;756 960;A01;2;30;12;0;2;14;3;
49302;202200031961;756 958;A01;3;30;8;0;1;1;1;
49303;202200031962;756 955;B01;2;7;0;2;3;1;1;
49304;202200031962;756 956;A01;1;2;0;2;1;13;1;
49305;202200031963;756 953;A01;2;33;7;0;1;1;1;
49306;202200031964;756 952;A01;1;7;0;2;2;1;1;
49307;202200031964;756 954;B01;3;7;0;2;2;19;1;
49308;202200031965;756 950;B01;2;7;0;0;6;15;1;
49309;202200031965;756 951;A01;2;33;0;2;1;26;1;
49310;202200031967;756 947;A01;2;7;0;2;2;0;0;
49311;202200031967;756 948;B01;1;7;0;2;3;5;1;
49312;202200031968;756 946;A01;1;7;14;0;3;1;1;
49313;202200031969;756 944;B01;1;7;0;2;3;2;1;
49314;202200031969;756 945;A01;2;1;0;2;5;19;5;
49315;202200031970;756 943;A01;2;7;4;0;9;1;1;
49316;202200031971;756 941;B01;1;7;0;2;2;1;1;
49317;202200031971;756 942;A01;1;7;8;2;3;15;1;
49318;202200031972;756 937;A01;2;7;0;2;1;2;1;
49319;202200031972;756 939;B01;2;7;0;2;4;2;1;
49320;202200031972;756 940;C01;2;7;0;2;4;2;1;
49321;202200031973;756 935;A01;2;7;0;2;1;13;1;
49322;202200031973;756 936;B01;1;14;0;0;1;1;1;
49323;202200031973;756 938;C01;2;14;0;0;6;1;1;
49324;202200031974;756 932;B01;1;7;0;2;3;1;1;
49325;202200031974;756 933;A01;2;7;0;2;3;13;1;
49326;202200031975;756 930;A01;0;7;9;2;1;13;1;
49327;202200031975;756 931;B01;0;7;0;2;3;1;1;
49328;202200031976;756 929;A01;3;31;3;0;7;1;1;
49329;202200031978;756 925;A01;1;33;3;0;8;13;1;
49330;202200031979;756 924;A01;1;43;0;2;7;15;1;
49331;202200031979;756 926;B01;2;7;0;2;1;1;1;
49332;202200031980;756 923;A01;0;7;4;0;1;0;1;
49333;202200031981;756 922;A01;1;7;0;1;3;1;1;
49334;202200031983;756 918;A01;2;7;0;2;1;13;1;
49335;202200031983;756 921;B01;1;10;0;2;1;0;1;
49336;202200031984;756 916;B01;3;2;13;2;0;13;1;
49337;202200031984;756 917;A01;3;7;0;2;3;1;1;
49338;202200031985;756 914;A01;1;33;0;2;4;1;1;
49339;202200031985;756 915;B01;1;7;0;2;3;9;1;
49340;202200031986;756 912;A01;2;7;0;2;3;19;1;
49341;202200031986;756 913;B01;1;10;0;2;1;1;1;
49342;202200031987;756 909;A01;1;7;8;0;9;1;1;
49343;202200031989;756 907;A01;3;7;0;1;7;14;1;
49344;202200031990;756 905;B01;2;1;1;0;1;1;5;
49345;202200031991;756 902;A01;1;15;0;2;1;2;1;
49346;202200031991;756 904;B01;1;15;0;0;4;0;1;
49347;202200031992;756 901;B01;1;7;0;0;4;23;1;
49348;202200031992;756 903;A01;1;1;0;2;1;1;5;
49349;202200031994;756 898;A01;1;33;0;2;1;2;1;
49350;202200031994;756 899;B01;1;10;0;2;4;17;1;
49351;202200031995;756 896;B01;1;10;0;2;1;15;1;
49352;202200031995;756 897;A01;2;7;6;2;1;17;1;
49353;202200031996;756 895;A01;2;7;0;1;7;1;1;
49354;202200031997;756 893;B01;1;2;0;2;7;2;0;
49355;202200031997;756 894;A01;1;7;0;0;6;2;0;
49356;202200031998;756 890;B01;1;7;0;2;3;15;1;
49357;202200031998;756 891;A01;1;7;0;2;1;17;1;
49358;202200031999;756 888;B01;1;7;0;2;4;2;1;
49359;202200031999;756 889;A01;1;7;0;2;1;2;1;
49360;202200032001;756 885;B01;1;7;0;2;5;15;1;
49361;202200032001;756 886;A01;1;33;0;2;1;17;1;
49362;202200032002;756 880;A01;2;15;3;0;1;1;1;
49363;202200032002;756 882;B01;2;15;0;0;4;1;1;
49364;202200032002;756 883;C01;2;37;4;2;1;1;1;2.0
49365;202200032002;756 884;D01;2;15;4;2;1;1;1;
49366;202200032003;756 878;A01;3;50;0;0;9;1;3;
49367;202200032004;756 879;A01;3;7;0;2;2;2;1;
49368;202200032004;756 881;B01;3;7;0;2;6;2;1;
49369;202200032005;756 874;A01;1;7;0;0;0;1;1;
49370;202200032005;756 875;B01;1;33;0;0;0;0;1;
49371;202200032005;756 877;C01;1;7;0;2;1;1;1;
49372;202200032006;756 873;A01;3;7;0;2;3;15;1;
49373;202200032006;756 876;B01;3;2;0;2;0;1;1;
49374;202200032008;756 869;A01;1;7;0;2;2;14;1;
49375;202200032008;756 870;B01;1;1;0;2;8;1;5;
49376;202200032009;756 866;A01;1;7;0;2;1;17;1;
49377;202200032009;756 867;B01;2;7;0;2;1;1;1;
49378;202200032009;756 868;C01;2;7;0;2;7;1;1;
49379;202200032010;756 863;A01;1;30;0;2;1;2;1;
49380;202200032010;756 865;B01;1;7;0;2;4;2;1;
49381;202200032012;756 859;A01;1;7;0;2;6;2;1;
49382;202200032012;756 861;B01;1;33;2;2;7;2;1;
49383;202200032013;756 858;A01;1;50;0;2;4;2;3;
49384;202200032013;756 860;Z01;1;7;0;2;4;2;0;
49385;202200032015;756 855;A01;1;7;0;1;5;16;1;
49386;202200032016;756 853;B01;1;32;0;2;7;1;1;
49387;202200032016;756 854;A01;2;7;0;2;1;1;1;
49388;202200032017;756 852;A01;3;7;0;1;4;4;1;
49389;202200032018;756 851;B01;2;38;0;2;3;1;1;19.0
49390;202200032018;756 856;A01;1;7;0;2;1;13;1;
49391;202200032019;756 850;A01;1;50;6;0;2;25;3;
49392;202200032020;756 848;A01;1;33;0;2;3;1;1;
49393;202200032020;756 849;B01;2;15;0;2;3;1;1;
49394;202200032021;756 845;B01;1;15;0;2;4;2;0;
49395;202200032021;756 847;A01;1;7;0;2;1;2;1;
49396;202200032023;756 842;B01;2;10;0;2;3;1;1;
49397;202200032023;756 844;A01;1;2;0;2;1;13;1;
49398;202200032024;756 841;A01;3;7;0;2;3;1;1;
49399;202200032024;756 843;B01;3;1;0;2;1;5;5;
49400;202200032025;756 840;A01;3;33;0;0;7;1;1;
49401;202200032026;756 839;A01;1;33;0;0;8;9;1;
49402;202200032027;756 838;A01;1;32;1;0;2;14;1;
49403;202200032028;756 834;A01;0;7;0;2;3;13;1;
49404;202200032028;756 836;B01;0;7;1;2;3;2;1;
49405;202200032028;756 837;C01;0;7;0;2;6;24;1;
49406;202200032029;756 833;A01;2;7;0;2;1;2;1;
49407;202200032029;756 835;B01;2;7;0;2;4;2;1;
49408;202200032030;756 832;A01;1;13;15;0;2;19;0;
49409;202200032031;756 830;B01;1;1;0;2;1;1;5;
49410;202200032031;756 831;A01;1;7;0;2;2;14;2;
49411;202200032032;756 828;A01;2;33;0;2;1;1;1;
49412;202200032032;756 829;B01;1;33;0;2;1;13;1;
49413;202200032033;756 826;A01;2;7;3;0;1;13;1;
49414;202200032034;756 825;A01;1;7;0;2;6;22;2;
49415;202200032034;756 827;B01;1;2;0;2;1;17;1;
49416;202200032035;756 823;B01;0;21;0;0;5;15;1;
49417;202200032035;756 824;A01;0;33;0;2;3;2;1;
49418;202200032036;756 820;A01;1;7;0;2;1;26;2;
49419;202200032036;756 822;B01;2;7;0;2;0;0;0;
49420;202200032037;756 819;A01;3;10;0;2;5;19;1;
49421;202200032037;756 821;B01;1;33;0;2;7;1;1;
49422;202200032038;756 817;A01;1;10;0;1;8;15;1;
49423;202200032039;756 813;A01;1;7;0;9;2;17;1;
49424;202200032039;756 815;B01;1;80;0;0;4;0;3;
49425;202200032040;756 814;A01;1;30;0;2;2;26;1;
49426;202200032040;756 816;B01;1;7;0;2;3;16;1;
49427;202200032041;756 810;B01;2;10;0;2;1;1;1;
49428;202200032041;756 812;A01;2;7;0;1;1;1;1;
49429;202200032042;756 809;B01;1;10;0;2;2;1;1;
49430;202200032042;756 811;A01;1;14;0;2;5;4;1;
49431;202200032043;756 808;A01;2;43;8;0;1;1;1;
49432;202200032044;756 806;B01;1;7;0;2;4;1;1;
49433;202200032044;756 807;A01;1;7;0;2;1;2;1;
49434;202200032045;756 804;B01;2;7;0;2;1;1;1;
49435;202200032045;756 805;A01;1;7;0;2;3;1;1;
49436;202200032046;756 802;A01;1;7;13;0;9;1;1;
49437;202200032049;756 796;C01;0;7;0;2;1;15;0;
49438;202200032049;756 797;B01;0;7;0;2;4;1;1;
49439;202200032049;756 799;A01;0;7;0;2;1;2;0;
49440;202200032050;756 795;A01;1;7;0;0;3;1;1;
49441;202200032051;756 793;A01;0;7;9;0;1;1;1;
49442;202200032053;756 787;A01;2;7;0;2;3;1;1;
49443;202200032053;756 788;B01;2;2;0;2;1;1;1;
49444;202200032054;756 784;B01;3;60;0;2;8;0;5;
49445;202200032054;756 786;A01;1;7;0;2;2;15;0;
49446;202200032055;756 781;A01;1;3;0;1;1;1;0;
49447;202200032056;756 780;A01;1;7;0;2;1;1;1;
49448;202200032056;756 782;B01;2;7;0;2;1;15;1;
49449;202200032057;756 778;A01;2;7;0;2;2;17;1;
49450;202200032057;756 779;B01;2;31;0;0;4;1;1;
49451;202200032058;756 777;A01;2;10;4;0;1;1;1;
49452;202200032059;756 776;A01;3;7;0;1;2;1;1;
49453;202200032060;756 774;A01;3;2;14;2;1;2;1;
49454;202200032060;756 775;B01;3;7;0;2;6;23;1;
49455;202200032061;756 769;B01;3;7;0;2;3;15;1;
49456;202200032061;756 771;A01;3;32;0;2;3;17;1;
49457;202200032062;756 766;B01;2;99;0;2;1;5;0;
49458;202200032062;756 767;A01;3;7;0;2;3;0;0;
49459;202200032063;756 765;B01;2;7;0;2;3;1;1;
49460;202200032063;756 768;A01;2;99;0;2;2;1;3;
49461;202200032064;756 762;A01;1;7;0;2;4;23;2;
49462;202200032064;756 764;B01;1;33;0;2;1;21;0;
49463;202200032065;756 761;B01;0;7;0;2;1;1;1;
49464;202200032065;756 763;A01;0;7;0;2;7;1;1;
49465;202200032066;756 759;B01;3;50;0;2;0;0;3;
49466;202200032066;756 760;A01;1;7;0;9;0;0;1;
49467;202200032067;756 758;A01;1;3;0;1;8;21;1;
49468;202200032068;756 755;B01;2;2;0;2;7;17;1;
49469;202200032068;756 756;A01;2;10;0;2;8;2;1;
49470;202200032069;756 754;B01;2;7;0;2;1;1;1;
49471;202200032069;756 757;A01;1;7;0;2;3;9;1;
49472;202200032070;756 753;A01;1;34;0;0;0;12;1;
49473;202200032071;756 752;A01;1;7;0;1;1;1;2;
49474;202200032072;756 751;A01;2;7;0;1;2;0;1;
49475;202200032073;756 749;A01;1;7;0;2;3;5;1;
49476;202200032073;756 750;B01;2;7;0;2;1;5;2;
49477;202200032074;756 748;A01;3;7;0;1;3;1;3;
49478;202200032075;756 747;A01;1;7;0;1;4;4;1;
49479;202200032076;756 746;A01;1;10;1;1;2;14;1;
49480;202200032077;756 744;A01;2;7;3;2;1;1;1;
49481;202200032077;756 745;B01;1;7;0;2;1;13;1;
49482;202200032078;756 743;A01;1;7;0;1;2;1;1;
49483;202200032079;756 741;A01;1;7;0;2;1;15;1;
49484;202200032079;756 742;B01;2;7;0;2;1;1;1;
49485;202200032080;756 740;A01;2;7;0;1;2;1;1;
49486;202200032082;756 739;A01;1;7;0;1;2;1;1;
49487;202200032083;756 736;A01;1;7;13;9;2;16;1;
49488;202200032084;756 735;B01;1;7;0;2;4;2;1;
49489;202200032084;756 737;A01;1;7;0;2;1;2;1;
49490;202200032085;756 734;A01;3;99;6;0;1;1;1;
49491;202200032086;756 732;B01;2;7;0;2;4;23;1;
49492;202200032086;756 733;A01;2;33;0;2;1;2;1;
49493;202200032087;756 729;B01;1;7;0;2;1;1;1;
49494;202200032087;756 731;A01;2;7;0;2;3;16;1;
49495;202200032088;756 726;B01;2;7;14;2;3;9;1;
49496;202200032088;756 728;A01;1;10;0;2;1;9;1;
49497;202200032089;756 725;C01;1;7;0;2;1;1;1;
49498;202200032089;756 727;B01;2;7;0;2;7;1;1;
49499;202200032089;756 730;A01;2;7;0;2;1;16;1;
49500;202200032090;756 721;B01;1;7;0;2;3;1;1;
49501;202200032090;756 722;A01;2;10;0;2;1;13;1;
49502;202200032091;756 719;A01;1;7;0;2;1;1;1;
49503;202200032091;756 720;B01;3;1;0;0;0;19;5;
49504;202200032092;756 718;A01;1;7;13;0;2;14;1;
49505;202200032093;756 716;A01;1;7;2;0;3;13;1;
49506;202200032094;756 712;B01;1;17;0;2;2;1;1;
49507;202200032094;756 714;A01;1;7;0;2;8;19;1;
49508;202200032095;756 710;B01;3;7;0;2;8;1;1;
49509;202200032095;756 711;A01;3;1;0;2;1;16;5;
49510;202200032096;756 709;A01;1;7;1;0;1;1;1;
49511;202200032097;756 707;A01;3;7;0;2;2;16;1;
49512;202200032097;756 708;B01;3;50;0;2;1;1;3;
49513;202200032098;756 705;A01;1;7;0;2;1;1;1;
49514;202200032098;756 706;B01;2;7;0;2;1;1;1;
49515;202200032101;756 700;B01;1;7;0;2;1;1;1;
49516;202200032101;756 702;A01;2;7;0;2;2;15;1;
49517;202200032102;756 698;A01;1;7;0;1;1;1;1;
49518;202200032103;756 697;A01;1;7;0;2;1;2;1;
49519;202200032103;756 699;B01;3;7;0;2;8;15;1;
49520;202200032104;756 695;A01;3;7;0;2;2;15;1;
49521;202200032104;756 696;B01;3;7;0;2;1;1;1;
49522;202200032105;756 693;A01;3;3;0;2;2;13;1;
49523;202200032105;756 694;B01;3;10;0;2;2;1;1;
49524;202200032106;756 691;A01;2;7;0;2;0;1;1;
49525;202200032106;756 692;B01;2;2;0;2;0;1;1;
49526;202200032107;756 690;A01;2;7;3;0;9;1;3;
49527;202200032108;756 687;A01;1;7;0;2;1;2;1;
49528;202200032108;756 689;B01;1;7;0;2;4;2;1;
49529;202200032109;756 686;A01;1;7;0;2;6;19;1;
49530;202200032109;756 688;B01;2;7;0;2;1;1;1;
49531;202200032110;756 684;A01;1;10;0;2;1;1;1;
49532;202200032110;756 685;B01;1;1;0;2;8;19;5;
49533;202200032111;756 682;A01;2;7;0;0;4;1;1;
49534;202200032111;756 683;B01;2;7;0;2;1;1;1;
49535;202200032112;756 680;A01;2;7;0;2;8;9;1;
49536;202200032112;756 681;B01;2;50;0;2;7;1;3;
49537;202200032113;756 678;B01;1;7;0;2;1;1;1;
49538;202200032113;756 679;A01;1;7;0;2;1;1;1;
49539;202200032114;756 676;A01;1;7;0;2;2;1;1;
49540;202200032114;756 677;B01;2;1;0;2;8;15;5;
49541;202200032115;756 674;B01;2;7;0;2;3;15;1;
49542;202200032115;756 675;A01;1;17;0;2;1;1;1;
49543;202200032116;756 673;A01;1;7;15;1;2;25;1;
49544;202200032117;756 672;A01;3;33;16;0;1;14;1;
49545;202200032118;756 671;A01;3;37;0;1;2;16;1;1.0
49546;202200032119;756 670;A01;3;2;12;0;1;1;1;
49547;202200032120;756 669;A01;2;7;0;1;1;1;1;
49548;202200032121;756 667;B01;2;50;0;2;1;1;3;
49549;202200032121;756 668;A01;1;10;0;2;1;13;1;
49550;202200032122;756 665;B01;1;1;0;2;1;1;5;
49551;202200032122;756 666;A01;1;3;0;2;3;15;1;
49552;202200032123;756 663;A01;1;7;0;1;2;1;0;
49553;202200032124;756 664;A01;3;7;2;9;1;15;1;