;Num_Acc;id_vehicule;num_veh;senc;catv;obs;obsm;choc;manv;motor;occutc
49554;202200032125;756 660;B01;1;32;0;2;7;1;1;
49555;202200032125;756 662;A01;1;7;0;2;1;1;1;
49556;202200032126;756 661;A01;1;33;16;0;3;1;1;
49557;202200032127;756 659;A01;3;2;15;0;1;1;1;
49558;202200032128;756 658;A01;3;36;13;0;0;1;1;
49559;202200032129;756 655;A01;0;7;5;0;1;1;1;
49560;202200032130;756 651;A01;2;14;0;2;3;21;1;
49561;202200032130;756 653;B01;1;3;0;2;3;13;1;
49562;202200032132;756 647;B01;1;50;0;2;1;2;3;
49563;202200032132;756 648;A01;2;10;0;2;7;15;1;
49564;202200032133;756 649;A01;1;7;0;2;2;15;1;
49565;202200032133;756 650;B01;2;33;0;2;1;1;1;
49566;202200032134;756 644;B01;1;60;0;2;1;19;5;
49567;202200032134;756 646;A01;1;7;0;2;6;1;1;
49568;202200032135;756 645;A01;1;7;0;1;1;1;1;
49569;202200032136;756 641;B01;3;1;0;2;1;26;5;
49570;202200032136;756 643;A01;1;10;0;2;1;1;1;
49571;202200032137;756 640;B01;2;7;0;2;1;1;1;
49572;202200032137;756 642;A01;1;7;0;2;1;11;1;
49573;202200032138;756 638;A01;1;7;6;0;1;1;1;
49574;202200032139;756 637;A01;2;7;0;2;1;17;1;
49575;202200032139;756 639;B01;1;7;0;2;1;1;0;
49576;202200032140;756 634;A01;1;7;0;2;4;2;1;
49577;202200032140;756 636;B01;1;33;0;2;1;2;1;
49578;202200032142;756 632;A01;2;10;4;0;8;13;1;
49579;202200032143;756 626;A01;3;7;0;2;0;16;1;
49580;202200032143;756 628;B01;3;1;0;2;0;23;5;
49581;202200032143;756 630;C01;3;7;0;2;0;0;0;
49582;202200032143;756 631;D01;3;7;0;2;0;0;1;
49583;202200032145;756 622;C01;1;7;0;2;4;1;1;
49584;202200032145;756 623;B01;1;7;0;2;4;0;1;
49585;202200032145;756 625;A01;1;7;0;2;1;1;1;
49586;202200032146;756 621;B01;2;7;0;2;3;23;1;
49587;202200032146;756 624;A01;1;7;1;0;1;13;1;
49588;202200032147;756 618;A01;3;7;0;2;2;16;1;
49589;202200032147;756 620;B01;3;1;0;2;1;1;5;
49590;202200032148;756 617;A01;1;7;3;2;3;5;1;
49591;202200032148;756 619;B01;2;15;3;2;3;1;1;
49592;202200032150;756 613;A01;1;7;0;2;3;1;1;
49593;202200032150;756 615;B01;2;10;0;2;3;1;1;
49594;202200032151;756 612;A01;2;7;11;0;9;1;1;
49595;202200032152;756 611;A01;0;33;0;6;1;0;1;
49596;202200032153;756 607;B01;3;1;0;2;8;0;5;
49597;202200032153;756 609;A01;3;7;0;9;2;1;1;
49598;202200032154;756 606;Z01;2;14;0;2;3;0;0;
49599;202200032154;756 608;C01;2;7;3;2;1;2;1;
49600;202200032154;756 610;B01;2;7;3;2;7;2;1;
49601;202200032155;756 604;A01;3;7;0;2;2;19;1;
49602;202200032155;756 605;B01;2;7;0;2;1;1;1;
49603;202200032156;756 603;A01;2;7;0;1;1;1;1;
49604;202200032159;756 598;A01;2;38;0;2;1;2;1;1.0
49605;202200032159;756 599;B01;2;15;0;0;4;1;1;
49606;202200032160;756 597;A01;3;33;8;0;7;1;1;
49607;202200032161;756 596;A01;1;1;0;0;0;23;5;
49608;202200032162;756 594;A01;2;7;0;2;3;1;1;
49609;202200032162;756 595;B01;2;1;0;2;7;0;5;
49610;202200032163;756 592;A01;2;7;0;2;2;13;1;
49611;202200032163;756 593;B01;1;31;0;2;1;1;1;
49612;202200032164;756 590;B01;1;7;0;2;8;19;1;
49613;202200032164;756 591;A01;1;15;0;2;1;1;1;
49614;202200032166;756 587;A01;3;14;0;0;9;1;1;
49615;202200032167;756 585;A01;2;7;0;2;8;13;1;
49616;202200032167;756 586;B01;2;33;0;2;7;1;1;
49617;202200032168;756 584;A01;2;7;4;0;3;2;1;
49618;202200032169;756 582;B01;1;33;0;2;4;1;1;
49619;202200032169;756 583;A01;1;7;0;2;2;1;1;
49620;202200032170;756 580;A01;2;7;0;2;6;11;1;
49621;202200032170;756 581;B01;2;32;0;2;1;3;1;
49622;202200032172;756 577;B01;2;7;0;2;4;2;1;
49623;202200032172;756 578;A01;2;7;0;2;1;2;1;
49624;202200032173;756 576;A01;2;7;0;0;1;1;1;
49625;202200032175;756 572;A01;1;33;0;2;1;2;1;
49626;202200032175;756 573;B01;1;7;0;2;4;2;1;
49627;202200032175;756 574;C01;1;7;0;2;1;2;1;
49628;202200032176;756 569;Z01;2;0;0;2;1;0;0;
49629;202200032176;756 570;B01;2;7;0;2;4;23;1;
49630;202200032176;756 571;A01;2;7;1;2;1;2;1;
49631;202200032177;756 567;A01;1;7;0;2;1;11;1;
49632;202200032177;756 568;B01;1;7;0;2;5;1;1;
49633;202200032178;756 563;D01;1;7;14;2;4;23;1;
49634;202200032178;756 564;C01;1;7;14;2;4;23;2;
49635;202200032178;756 565;B01;1;7;14;2;4;23;1;
49636;202200032178;756 566;A01;1;7;14;2;1;21;1;
49637;202200032179;756 561;A01;1;7;14;0;4;2;1;
49638;202200032179;756 562;B01;1;7;0;2;1;2;1;
49639;202200032180;756 559;B01;1;7;0;2;5;15;1;
49640;202200032180;756 560;A01;2;31;0;2;2;1;0;
49641;202200032182;756 555;A01;1;32;0;9;1;1;1;
49642;202200032182;756 556;B01;1;1;0;2;4;2;5;
49643;202200032183;756 554;A01;1;7;0;1;3;1;1;
49644;202200032184;756 552;A01;0;10;0;2;2;16;1;
49645;202200032184;756 553;B01;0;2;0;2;8;1;1;
49646;202200032185;756 550;A01;2;7;0;9;1;1;1;
49647;202200032185;756 551;B01;2;1;0;2;4;1;5;
49648;202200032186;756 547;A01;2;7;0;2;1;1;1;
49649;202200032186;756 548;B01;1;7;0;2;4;15;1;
49650;202200032186;756 549;C01;2;7;0;2;3;1;1;
49651;202200032187;756 545;A01;1;30;0;2;8;0;1;
49652;202200032188;756 543;B01;1;30;0;2;1;1;1;
49653;202200032188;756 544;A01;1;30;0;2;1;17;1;
49654;202200032189;756 541;B01;1;32;0;2;1;1;1;
49655;202200032189;756 542;A01;1;7;0;2;2;16;1;
49656;202200032190;756 539;B01;2;30;0;2;8;26;0;
49657;202200032190;756 540;Z01;1;7;0;2;3;15;0;
49658;202200032191;756 536;A01;2;7;0;2;1;1;1;
49659;202200032191;756 537;B01;2;7;0;2;4;1;1;
49660;202200032191;756 538;C01;2;7;0;2;4;1;1;
49661;202200032192;756 535;A01;2;7;4;0;3;1;1;
49662;202200032193;756 532;B01;1;7;0;2;2;1;1;
49663;202200032193;756 534;A01;1;7;4;2;9;13;1;
49664;202200032194;756 531;B01;1;7;0;0;4;2;1;
49665;202200032194;756 533;A01;1;32;0;2;1;2;1;
49666;202200032195;756 529;A01;1;33;0;2;1;2;1;
49667;202200032195;756 530;B01;1;7;0;2;4;15;1;
49668;202200032196;756 527;B01;2;7;0;0;6;2;1;
49669;202200032196;756 528;A01;2;2;0;2;1;2;1;
49670;202200032197;756 525;B01;1;7;0;2;1;1;3;
49671;202200032197;756 526;A01;1;32;0;2;1;13;1;
49672;202200032198;756 521;C01;2;7;0;2;4;24;1;
49673;202200032198;756 523;B01;2;7;1;0;6;24;1;
49674;202200032198;756 524;A01;2;10;1;0;2;1;1;
49675;202200032199;756 522;A01;3;10;2;0;1;13;1;
49676;202200032200;756 518;B01;1;60;0;2;1;1;5;
49677;202200032200;756 519;A01;2;2;0;2;1;13;1;
49678;202200032201;756 517;B01;2;7;0;2;1;1;1;
49679;202200032201;756 520;A01;2;37;7;0;4;23;1;1.0
49680;202200032202;756 514;B01;3;1;0;2;0;19;5;
49681;202200032202;756 516;A01;2;7;0;2;2;1;1;
49682;202200032203;756 515;A01;3;60;2;0;1;1;5;
49683;202200032204;756 513;A01;2;7;13;0;3;13;1;
49684;202200032205;756 512;A01;3;10;0;1;2;1;1;
49685;202200032206;756 510;A01;1;7;0;2;2;26;1;
49686;202200032206;756 511;B01;1;2;0;2;1;26;0;
49687;202200032207;756 509;B01;2;3;1;0;2;19;1;
49688;202200032208;756 508;A01;0;7;0;0;0;1;1;
49689;202200032209;756 506;B01;2;7;0;0;0;0;0;
49690;202200032209;756 507;A01;2;33;0;0;0;0;0;
49691;202200032210;756 505;A01;3;36;13;0;3;13;1;
49692;202200032211;756 503;A01;2;7;0;1;3;26;1;
49693;202200032212;756 504;A01;1;7;0;1;2;21;1;
49694;202200032213;756 501;A01;1;7;0;1;8;15;1;
49695;202200032214;756 500;B01;1;33;0;0;5;1;1;
49696;202200032214;756 502;A01;3;7;0;0;2;15;1;
49697;202200032216;756 497;A01;1;7;0;9;3;2;1;
49698;202200032216;756 498;B01;1;1;0;2;6;2;5;
49699;202200032217;756 495;A01;0;7;0;2;1;0;1;
49700;202200032217;756 496;B01;0;7;0;2;1;1;1;
49701;202200032218;756 493;B01;1;38;0;2;2;1;1;1.0
49702;202200032218;756 494;A01;1;7;0;2;3;16;1;
49703;202200032219;756 490;A01;0;7;15;0;1;0;1;
49704;202200032220;756 489;B01;3;7;0;2;2;1;1;
49705;202200032220;756 491;A01;3;7;0;2;1;16;1;
49706;202200032221;756 488;A01;0;7;0;1;1;1;1;
49707;202200032222;756 486;A01;3;7;0;2;7;15;0;
49708;202200032222;756 487;B01;3;7;0;2;1;1;0;
49709;202200032223;756 483;A01;3;7;8;0;8;1;1;
49710;202200032224;756 481;B01;1;7;14;0;1;2;1;
49711;202200032224;756 482;A01;1;7;4;2;0;2;1;
49712;202200032225;756 477;A01;2;7;13;2;1;2;2;
49713;202200032225;756 479;B01;2;7;0;2;1;0;1;
49714;202200032225;756 480;C01;2;10;0;2;1;11;1;
49715;202200032226;756 476;B01;1;7;1;0;1;1;1;
49716;202200032226;756 478;A01;1;7;0;2;4;23;1;
49717;202200032227;756 475;A01;1;7;3;0;3;1;1;
49718;202200032228;756 473;A01;2;33;0;2;4;1;1;
49719;202200032228;756 474;B01;2;7;0;2;1;1;1;
49720;202200032229;756 469;B01;1;7;0;2;4;1;1;
49721;202200032229;756 471;A01;2;7;0;2;1;1;2;
49722;202200032230;756 466;B01;3;7;0;2;4;26;1;
49723;202200032230;756 468;A01;3;7;0;2;1;2;1;
49724;202200032231;756 464;A01;1;7;4;2;1;17;1;
49725;202200032231;756 465;B01;1;7;4;2;4;1;1;
49726;202200032231;756 467;C01;1;15;4;2;8;1;1;
49727;202200032232;756 463;A01;3;7;8;0;1;14;1;
49728;202200032233;756 459;B01;1;15;0;2;3;1;1;
49729;202200032233;756 460;A01;2;10;0;2;1;13;1;
49730;202200032234;756 458;A01;2;7;0;2;4;2;1;
49731;202200032234;756 461;B01;2;7;0;2;4;2;1;
49732;202200032234;756 462;C01;2;7;0;2;1;2;1;
49733;202200032235;756 456;B01;1;14;0;1;7;1;1;
49734;202200032236;756 455;B01;3;7;0;2;1;1;1;
49735;202200032236;756 457;A01;3;7;0;2;1;19;1;
49736;202200032237;756 453;A01;3;33;3;0;1;14;1;
49737;202200032238;756 452;B01;2;7;0;0;4;2;1;
49738;202200032238;756 454;A01;2;10;0;2;1;2;0;
49739;202200032239;756 447;D01;3;1;0;2;1;23;5;
49740;202200032239;756 448;C01;3;1;0;2;1;23;5;
49741;202200032239;756 449;B01;2;32;0;2;8;1;1;
49742;202200032239;756 451;A01;3;7;0;2;1;19;1;
49743;202200032240;756 445;A01;2;7;0;2;1;1;1;
49744;202200032240;756 450;B01;2;10;0;2;4;1;1;
49745;202200032241;756 444;A01;3;10;1;9;8;24;1;
49746;202200032241;756 446;B01;3;80;1;0;1;22;3;
49747;202200032242;756 442;A01;1;10;0;2;8;11;1;
49748;202200032242;756 443;B01;1;7;0;2;7;1;1;
49749;202200032243;756 441;A01;3;7;0;1;2;1;1;
49750;202200032244;756 438;A01;2;7;0;2;1;2;0;
49751;202200032244;756 440;B01;2;7;0;2;4;2;2;
49752;202200032245;756 437;A01;1;34;0;2;8;16;1;
49753;202200032245;756 439;B01;1;7;0;2;1;1;1;
49754;202200032246;756 435;A01;1;7;4;2;1;12;1;
49755;202200032246;756 436;B01;1;7;0;2;4;1;1;
49756;202200032247;756 431;A01;2;7;0;2;1;2;1;
49757;202200032247;756 433;B01;2;7;0;2;2;2;3;
49758;202200032248;756 432;B01;3;7;0;2;4;1;1;
49759;202200032248;756 434;A01;0;7;0;2;1;1;4;
49760;202200032249;756 428;B01;2;7;0;2;0;11;1;
49761;202200032249;756 430;A01;2;33;0;2;7;3;1;
49762;202200032250;756 426;A01;2;7;0;1;1;1;1;
49763;202200032251;756 427;A01;1;7;0;2;5;16;1;
49764;202200032251;756 429;B01;2;1;0;2;1;1;5;
49765;202200032252;756 423;A01;1;7;0;1;2;1;1;
49766;202200032253;756 424;B01;2;30;0;2;1;1;1;
49767;202200032253;756 425;A01;1;7;0;2;2;15;1;
49768;202200032254;756 422;A01;1;7;0;1;0;0;1;
49769;202200032255;756 421;A01;3;50;0;1;8;1;3;
49770;202200032257;756 419;Z01;1;7;0;1;2;15;1;
49771;202200032258;756 418;A01;1;10;3;1;1;0;1;
49772;202200032260;756 415;A01;1;10;4;0;1;1;1;
49773;202200032261;756 412;A01;1;7;12;2;1;1;1;
49774;202200032261;756 414;B01;3;7;0;2;1;1;1;
49775;202200032262;756 411;B01;1;32;0;2;3;1;1;
49776;202200032262;756 413;A01;2;3;0;2;2;15;1;
49777;202200032263;756 409;A01;1;7;0;2;3;1;1;
49778;202200032263;756 410;B01;1;7;0;2;2;12;1;
49779;202200032264;756 408;A01;3;7;0;2;1;26;1;
49780;202200032265;756 405;A01;3;10;0;0;6;1;-1;
49781;202200032266;756 406;A01;2;7;0;2;3;15;1;
49782;202200032266;756 407;B01;2;30;0;2;1;1;3;
49783;202200032267;756 402;A01;2;7;13;2;2;14;1;
49784;202200032267;756 404;B01;2;15;0;2;5;2;1;
49785;202200032268;756 401;A01;1;7;0;2;1;1;1;
49786;202200032268;756 403;B01;2;1;0;2;7;1;5;
49787;202200032269;756 398;A01;1;14;0;2;1;1;1;
49788;202200032269;756 399;B01;2;7;0;2;8;15;1;
49789;202200032270;756 397;B01;2;7;0;2;8;1;1;
49790;202200032270;756 400;A01;1;2;0;2;1;1;1;
49791;202200032271;756 394;A01;2;80;0;2;4;13;3;
49792;202200032271;756 396;B01;1;10;3;2;3;0;1;
49793;202200032272;756 393;B01;1;7;12;2;2;15;1;
49794;202200032272;756 395;A01;2;7;12;2;3;1;1;
49795;202200032273;756 391;A01;2;30;0;1;1;1;3;
49796;202200032274;756 390;A01;1;10;0;2;3;1;1;
49797;202200032274;756 392;B01;2;7;0;0;2;26;1;
49798;202200032276;756 387;A01;1;33;15;0;0;0;1;
49799;202200032277;756 383;B01;3;37;0;2;7;1;1;2.0
49800;202200032277;756 385;A01;1;7;0;2;1;1;1;
49801;202200032278;756 381;B01;2;7;0;2;4;2;1;
49802;202200032278;756 382;A01;2;7;0;2;1;2;1;
49803;202200032279;756 377;B01;2;10;0;2;1;15;1;
49804;202200032279;756 378;A01;1;33;0;2;1;1;1;
49805;202200032280;756 374;B01;3;7;0;1;1;1;1;
49806;202200032280;756 375;A01;3;1;0;1;1;19;5;
49807;202200032281;756 371;B01;1;7;0;0;1;1;1;
49808;202200032281;756 372;A01;2;7;0;2;1;5;1;
49809;202200032282;756 370;A01;1;30;0;0;0;1;1;
49810;202200032283;756 369;A01;1;50;0;0;0;0;3;
49811;202200032284;756 367;B01;1;30;0;2;1;17;1;
49812;202200032284;756 368;A01;2;7;0;2;3;15;1;
49813;202200032285;756 366;A01;3;7;0;0;9;1;1;
49814;202200032286;756 364;B01;1;7;0;2;3;1;1;
49815;202200032286;756 365;A01;2;33;0;2;1;1;1;
49816;202200032287;756 362;B01;3;7;0;2;2;16;1;
49817;202200032287;756 363;A01;3;7;0;2;8;1;2;
49818;202200032288;756 361;A01;1;99;0;1;3;26;1;
49819;202200032289;756 360;A01;3;32;6;0;9;14;1;
49820;202200032290;756 359;A01;1;7;8;0;3;6;1;
49821;202200032291;756 357;A01;1;7;0;2;1;1;1;
49822;202200032291;756 358;B01;2;7;0;2;2;1;1;
49823;202200032292;756 356;A01;2;7;0;2;1;1;1;
49824;202200032293;756 353;A01;3;7;0;2;3;15;1;
49825;202200032293;756 354;C01;1;33;0;2;1;17;1;
49826;202200032293;756 355;B01;1;10;0;2;3;1;1;
49827;202200032294;756 351;A01;2;34;0;2;8;19;1;
49828;202200032294;756 352;B01;1;7;1;9;2;1;1;
49829;202200032295;756 349;A01;3;7;0;2;8;1;1;
49830;202200032295;756 350;B01;3;7;0;2;1;1;1;
49831;202200032296;756 347;B01;2;7;0;2;4;1;1;
49832;202200032296;756 348;A01;2;13;0;2;1;11;1;
49833;202200032297;756 345;A01;1;7;0;2;1;2;1;
49834;202200032297;756 346;B01;2;33;0;2;4;1;1;
49835;202200032298;756 344;A01;2;7;2;0;1;26;1;
49836;202200032299;756 341;B01;3;99;0;2;8;19;0;
49837;202200032299;756 342;A01;3;7;0;9;2;1;1;
49838;202200032300;756 339;B01;1;7;0;2;5;15;1;
49839;202200032300;756 340;A01;1;33;0;2;1;1;1;
49840;202200032301;756 337;B01;1;10;0;2;1;1;1;
49841;202200032301;756 338;A01;1;10;0;2;7;15;1;
49842;202200032302;756 336;A01;3;7;0;1;3;15;1;
49843;202200032303;756 333;B01;3;7;0;2;8;15;1;
49844;202200032303;756 335;A01;3;30;0;2;1;1;1;
49845;202200032304;756 332;A01;2;7;0;2;2;15;1;
49846;202200032304;756 334;B01;1;2;0;2;1;1;1;
49847;202200032305;756 329;A01;2;7;0;2;1;2;1;
49848;202200032305;756 330;B01;2;7;0;2;4;2;2;
49849;202200032305;756 331;C01;2;7;0;2;4;2;1;
49850;202200032307;756 327;Z01;1;10;0;1;0;15;0;
49851;202200032308;756 326;A01;1;30;1;0;6;14;3;
49852;202200032309;756 324;A01;2;7;0;2;1;1;1;
49853;202200032309;756 325;B01;2;7;0;2;4;23;1;
49854;202200032310;756 321;A01;1;7;0;2;1;2;1;
49855;202200032310;756 323;B01;1;7;0;2;4;2;1;
49856;202200032311;756 322;A01;2;7;0;1;8;15;1;
49857;202200032312;756 319;A01;3;7;0;2;1;2;1;
49858;202200032312;756 320;B01;1;7;0;2;4;1;1;
49859;202200032314;756 317;A01;3;7;0;1;1;1;1;
49860;202200032315;756 316;A01;3;7;0;1;1;15;0;
49861;202200032316;756 314;A01;3;7;0;2;1;1;1;
49862;202200032316;756 315;B01;3;37;0;2;1;1;1;1.0
49863;202200032317;756 311;B01;2;7;0;2;1;2;1;
49864;202200032317;756 313;A01;2;7;0;2;3;19;1;
49865;202200032318;756 310;B01;3;10;0;2;8;15;1;
49866;202200032318;756 312;A01;1;33;0;2;8;1;1;
49867;202200032319;756 308;A01;3;7;0;2;0;0;1;
49868;202200032319;756 309;Z01;3;7;0;2;0;0;1;
49869;202200032320;756 307;A01;1;7;0;0;0;1;1;
49870;202200032321;756 305;B01;1;10;0;2;3;15;1;
49871;202200032321;756 306;A01;1;33;0;2;1;17;1;
49872;202200032322;756 303;A01;3;1;0;2;7;19;5;
49873;202200032322;756 304;Z01;3;7;0;2;1;1;0;
49874;202200032323;756 302;A01;1;33;0;6;3;1;1;
49875;202200032324;756 298;C01;2;7;0;2;4;1;1;
49876;202200032324;756 299;B01;2;7;0;2;6;1;1;
49877;202200032324;756 301;A01;2;7;0;2;1;1;1;
49878;202200032325;756 300;A01;2;17;16;0;0;1;1;
49879;202200032326;756 296;A01;3;7;0;1;3;1;1;
49880;202200032327;756 297;A01;1;2;0;0;0;1;0;
49881;202200032328;756 293;A01;1;7;0;2;1;26;1;
49882;202200032328;756 295;B01;1;7;0;2;1;26;1;
49883;202200032329;756 294;A01;1;7;2;0;1;0;1;
49884;202200032331;756 291;A01;3;10;2;0;1;13;1;
49885;202200032332;756 290;A01;1;7;0;1;0;1;0;
49886;202200032333;756 289;A01;1;30;0;1;1;17;1;
49887;202200032334;756 288;A01;1;33;16;0;7;1;1;
49888;202200032335;756 284;A01;0;7;0;2;8;1;1;
49889;202200032335;756 285;B01;0;7;0;2;3;1;1;
49890;202200032336;756 283;A01;2;31;13;0;1;13;1;
49891;202200032337;756 278;A01;1;7;4;2;3;1;1;
49892;202200032337;756 280;B01;1;7;0;2;1;1;2;
49893;202200032337;756 281;C01;1;7;4;2;4;1;1;
49894;202200032337;756 282;D01;0;7;0;2;5;1;1;
49895;202200032338;756 276;A01;1;30;16;0;0;1;1;
49896;202200032339;756 277;A01;2;2;0;9;1;1;1;
49897;202200032339;756 279;B01;1;1;0;2;1;1;5;
49898;202200032340;756 275;A01;2;30;16;0;0;1;1;
49899;202200032341;756 271;B01;3;7;0;2;1;1;1;
49900;202200032341;756 273;A01;1;30;0;2;1;1;1;
49901;202200032342;756 272;A01;1;7;0;2;3;13;1;
49902;202200032342;756 274;B01;2;7;13;2;3;1;1;
49903;202200032343;756 268;A01;3;7;8;0;1;19;1;
49904;202200032344;756 267;A01;2;7;0;2;3;15;1;
49905;202200032344;756 270;B01;1;2;0;2;3;1;1;
49906;202200032345;756 263;A01;3;7;0;2;1;9;1;
49907;202200032345;756 266;B01;2;7;0;2;5;1;1;
49908;202200032346;756 264;B01;2;2;0;2;1;1;1;
49909;202200032346;756 265;A01;1;7;0;2;1;13;0;
49910;202200032347;756 262;Z01;0;7;0;1;2;16;0;
49911;202200032348;756 260;A01;2;7;0;0;9;1;1;
49912;202200032349;756 259;B01;0;7;0;2;7;9;1;
49913;202200032349;756 261;A01;0;7;0;2;3;1;2;
49914;202200032350;756 258;A01;2;7;8;0;1;14;1;
49915;202200032351;756 256;A01;1;15;0;4;5;4;1;
49916;202200032351;756 257;B01;2;40;0;2;2;1;3;
49917;202200032352;756 252;C01;3;7;0;2;4;2;3;
49918;202200032352;756 253;B01;3;7;0;2;4;2;1;
49919;202200032352;756 254;A01;3;7;0;2;1;2;1;
49920;202200032353;756 251;B01;2;7;0;2;8;1;1;
49921;202200032353;756 255;A01;1;7;0;2;3;13;1;
49922;202200032354;756 249;A01;2;7;0;2;1;13;1;
49923;202200032354;756 250;B01;1;2;0;2;9;1;1;
49924;202200032356;756 247;A01;1;7;0;1;1;1;1;
49925;202200032357;756 246;A01;1;10;8;0;1;13;1;
49926;202200032358;756 245;A01;2;7;6;0;1;1;1;
49927;202200032359;756 244;A01;1;1;0;0;0;9;5;
49928;202200032361;756 242;A01;0;7;2;0;1;0;1;
49929;202200032362;756 240;A01;1;7;0;2;4;2;1;
49930;202200032362;756 241;Z01;1;7;0;2;1;2;1;
49931;202200032363;756 238;A01;2;7;0;2;2;16;1;
49932;202200032363;756 239;B01;1;1;0;2;1;2;5;
49933;202200032364;756 236;Z01;2;7;0;2;5;10;0;
49934;202200032364;756 237;A01;0;33;0;2;1;2;1;
49935;202200032365;756 234;B01;2;7;15;2;5;1;1;
49936;202200032365;756 235;A01;2;10;0;2;1;19;1;
49937;202200032366;756 233;A01;1;10;0;1;4;4;1;
49938;202200032368;756 229;B01;1;7;0;2;2;1;1;
49939;202200032368;756 232;A01;2;7;0;2;3;19;1;
49940;202200032369;756 228;A01;1;1;0;1;1;21;5;
49941;202200032370;756 225;B01;1;32;0;2;3;7;1;
49942;202200032370;756 226;A01;1;1;0;2;7;14;5;
49943;202200032371;756 223;Z01;2;7;0;2;0;1;0;
49944;202200032371;756 224;A01;2;30;0;2;4;21;1;
49945;202200032372;756 221;A01;1;7;0;1;2;16;2;
49946;202200032374;756 220;A01;0;1;0;1;1;1;5;
49947;202200032375;756 219;A01;1;33;0;0;1;1;1;
49948;202200032376;756 217;A01;3;7;0;2;2;1;1;
49949;202200032376;756 218;B01;3;7;0;2;6;24;1;
49950;202200032377;756 216;A01;1;33;0;0;1;1;1;
49951;202200032378;756 214;B01;3;34;0;2;1;1;1;
49952;202200032378;756 215;A01;3;33;0;2;2;1;1;
49953;202200032379;756 210;B01;1;7;0;2;6;1;0;
49954;202200032379;756 211;A01;1;7;0;2;2;1;1;
49955;202200032380;756 212;B01;1;7;0;2;1;0;1;
49956;202200032380;756 213;A01;2;7;0;2;3;13;1;
49957;202200032381;756 208;B01;1;7;0;2;7;15;1;
49958;202200032381;756 209;A01;2;43;0;2;1;1;1;
49959;202200032382;756 207;A01;1;7;0;1;2;16;1;
49960;202200032383;756 205;A01;1;30;0;2;1;2;1;
49961;202200032383;756 206;B01;1;13;0;2;4;2;6;
49962;202200032384;756 203;B01;2;31;0;2;1;2;1;
49963;202200032384;756 204;A01;2;15;0;0;4;11;1;
49964;202200032385;756 202;A01;2;30;2;0;7;14;3;
49965;202200032386;756 200;A01;1;10;0;1;2;15;1;
49966;202200032388;756 198;Z01;2;7;0;1;1;7;0;
49967;202200032389;756 197;A01;3;1;0;1;1;1;5;
49968;202200032390;756 195;A01;2;15;3;2;1;1;6;
49969;202200032390;756 196;B01;2;20;0;0;5;12;1;
49970;202200032391;756 190;D01;2;7;0;2;5;0;1;
49971;202200032391;756 192;C01;1;7;0;2;1;0;1;
49972;202200032391;756 193;B01;2;7;15;2;1;0;1;
49973;202200032391;756 194;A01;2;7;2;2;1;21;1;
49974;202200032392;756 187;B01;0;33;0;2;4;23;1;
49975;202200032392;756 188;A01;3;7;0;2;2;1;1;
49976;202200032393;756 189;B01;1;7;3;0;4;1;1;
49977;202200032393;756 191;A01;1;10;0;2;1;12;1;
49978;202200032394;756 184;A01;2;33;0;2;2;1;1;
49979;202200032394;756 186;B01;2;1;0;2;1;19;5;
49980;202200032395;756 185;A01;3;7;2;0;3;14;0;
49981;202200032396;756 183;A01;1;7;2;0;1;1;1;
49982;202200032397;756 181;A01;1;7;0;2;1;15;1;
49983;202200032397;756 182;B01;2;1;0;2;1;1;5;
49984;202200032398;756 178;A01;2;30;0;0;7;26;1;
49985;202200032399;756 179;A01;2;7;0;2;3;13;1;
49986;202200032399;756 180;B01;1;14;0;2;3;1;1;
49987;202200032400;756 176;B01;1;7;0;2;1;0;1;
49988;202200032400;756 177;A01;2;30;0;2;8;0;1;
49989;202200032401;756 175;A01;2;7;8;0;2;0;1;
49990;202200032402;756 173;A01;3;7;0;2;8;15;1;
49991;202200032402;756 174;B01;3;30;0;2;1;1;1;
49992;202200032403;756 172;A01;2;33;12;0;7;14;1;
49993;202200032404;756 171;A01;0;10;2;0;0;15;1;
49994;202200032405;756 170;A01;2;7;0;0;0;1;1;
49995;202200032406;756 168;A01;0;7;0;9;2;0;1;
49996;202200032406;756 169;B01;0;50;0;2;4;1;3;
49997;202200032408;756 166;A01;1;7;0;2;3;5;1;
49998;202200032408;756 167;B01;2;7;0;2;3;1;1;
49999;202200032409;756 164;A01;2;7;13;0;1;17;1;
50000;202200032410;756 162;A01;1;7;0;2;1;13;1;
50001;202200032410;756 163;B01;2;7;0;2;1;1;1;
50002;202200032412;756 156;A01;2;10;0;2;4;15;1;
50003;202200032412;756 158;B01;2;7;0;2;1;1;1;
50004;202200032413;756 157;C01;2;7;0;2;1;23;2;
50005;202200032413;756 160;B01;2;7;0;2;3;19;1;
50006;202200032413;756 161;A01;1;33;0;2;1;1;1;
50007;202200032416;756 154;B01;3;32;0;0;0;15;1;
50008;202200032418;756 150;B01;2;7;0;2;7;9;1;
50009;202200032418;756 151;A01;2;7;0;2;3;9;1;
50010;202200032419;756 149;A01;0;7;0;1;1;1;1;
50011;202200032420;756 148;A01;1;33;0;0;0;0;1;
50012;202200032421;756 144;B01;2;7;0;2;3;1;1;
50013;202200032421;756 146;A01;1;7;0;2;3;1;1;