;Num_Acc;id_vehicule;num_veh;senc;catv;obs;obsm;choc;manv;motor;occutc
50014;202200032422;756 142;A01;3;10;0;9;7;26;1;
50015;202200032422;756 143;B01;3;1;0;2;1;1;5;
50016;202200032423;756 145;A01;1;2;0;2;7;1;1;
50017;202200032423;756 147;B01;1;7;0;2;3;2;0;
50018;202200032425;756 139;A01;3;7;16;0;1;14;1;
50019;202200032426;756 137;A01;2;31;0;2;6;2;1;
50020;202200032426;756 138;B01;2;7;0;2;2;17;1;
50021;202200032427;756 135;B01;2;7;0;2;3;1;1;
50022;202200032427;756 136;A01;1;7;0;2;3;5;1;
50023;202200032428;756 140;A01;2;15;3;0;2;0;1;
50024;202200032430;756 133;A01;2;7;9;0;1;1;1;
50025;202200032431;756 130;B01;2;7;0;2;1;1;2;
50026;202200032431;756 132;A01;1;7;0;2;1;13;1;
50027;202200032432;756 129;A01;1;15;0;2;8;5;1;
50028;202200032432;756 131;B01;2;7;0;2;8;1;1;
50029;202200032433;756 128;A01;0;31;0;0;7;1;1;
50030;202200032434;756 125;A01;1;7;11;2;2;19;1;
50031;202200032434;756 127;B01;1;7;11;2;3;1;1;
50032;202200032435;756 124;A01;2;7;0;2;2;14;1;
50033;202200032435;756 126;B01;2;10;0;2;3;1;1;
50034;202200032436;756 121;B01;1;7;0;2;2;1;1;
50035;202200032436;756 123;A01;3;2;0;2;3;15;1;
50036;202200032437;756 122;A01;1;31;0;2;1;3;1;
50037;202200032438;756 120;A01;2;7;2;0;1;1;1;
50038;202200032439;756 117;A01;1;10;9;0;7;1;1;
50039;202200032440;756 116;A01;1;33;0;2;3;3;1;
50040;202200032440;756 118;B01;1;10;0;2;5;1;1;
50041;202200032440;756 119;C01;1;7;0;2;8;1;1;
50042;202200032441;756 115;A01;1;7;0;1;1;1;1;
50043;202200032442;756 112;B01;1;10;0;2;5;2;1;
50044;202200032442;756 114;A01;1;33;0;2;1;2;1;
50045;202200032444;756 110;A01;0;7;12;0;3;21;1;
50046;202200032445;756 108;A01;1;33;14;0;1;1;1;
50047;202200032446;756 107;B01;2;7;4;2;4;2;1;
50048;202200032446;756 109;A01;2;10;4;0;1;18;1;
50049;202200032447;756 106;A01;2;10;3;0;9;0;1;
50050;202200032448;756 103;A01;2;7;0;2;3;11;1;
50051;202200032448;756 105;B01;2;33;0;2;2;1;1;
50052;202200032449;756 101;A01;1;33;0;2;0;16;1;
50053;202200032449;756 102;B01;2;7;0;2;3;1;1;
50054;202200032449;756 104;C01;1;33;0;2;1;16;1;
50055;202200032451;756 098;A01;1;7;2;0;8;17;0;
50056;202200032453;756 095;B01;3;32;0;2;4;23;1;
50057;202200032453;756 097;A01;3;7;14;2;3;2;1;
50058;202200032454;756 089;C01;2;7;0;2;1;2;1;
50059;202200032454;756 091;B01;2;7;0;2;1;2;1;
50060;202200032454;756 093;A01;2;7;0;2;3;2;1;
50061;202200032454;756 094;D01;2;30;0;0;4;2;1;
50062;202200032455;756 087;A01;1;36;6;0;3;1;1;
50063;202200032456;756 088;A01;3;99;0;2;2;15;1;
50064;202200032456;756 090;B01;3;99;0;2;3;1;1;
50065;202200032456;756 092;C01;3;34;0;2;3;1;1;
50066;202200032457;756 085;A01;1;7;0;2;3;0;2;
50067;202200032457;756 086;B01;2;7;0;2;3;1;1;
50068;202200032458;756 083;A01;2;2;0;9;1;1;1;
50069;202200032458;756 084;B01;2;1;0;0;4;1;5;
50070;202200032459;756 080;B01;1;7;0;2;1;2;1;
50071;202200032459;756 081;A01;1;7;0;2;4;2;1;
50072;202200032460;756 079;A01;1;7;4;0;1;19;1;
50073;202200032462;756 077;A01;2;7;4;2;7;14;1;
50074;202200032462;756 078;B01;2;17;0;2;3;1;1;
50075;202200032464;756 074;B01;1;7;4;0;4;1;1;
50076;202200032464;756 075;A01;1;7;4;2;1;2;1;
50077;202200032465;756 072;B01;1;7;0;0;4;1;1;
50078;202200032465;756 073;A01;1;33;0;2;1;1;1;
50079;202200032466;756 069;B01;1;0;4;2;0;0;0;
50080;202200032466;756 071;A01;1;7;4;2;8;1;1;
50081;202200032467;756 066;A01;2;7;0;2;1;2;1;
50082;202200032467;756 067;B01;2;7;0;2;4;2;1;
50083;202200032467;756 068;C01;2;7;0;2;4;2;1;
50084;202200032467;756 070;D01;2;7;0;2;1;2;1;
50085;202200032468;756 064;A01;1;7;3;0;1;2;1;
50086;202200032469;756 062;A01;1;17;0;2;4;23;1;
50087;202200032469;756 063;B01;1;7;1;0;1;1;3;
50088;202200032470;756 059;A01;2;7;0;2;6;12;1;
50089;202200032470;756 060;B01;2;33;0;2;2;1;1;
50090;202200032471;756 061;B01;3;32;0;2;9;18;1;
50091;202200032471;756 065;A01;3;7;0;2;2;1;1;
50092;202200032472;756 058;A01;1;7;9;0;1;17;1;
50093;202200032473;756 056;A01;2;7;0;2;4;1;1;
50094;202200032473;756 057;Z01;2;99;0;2;1;1;0;
50095;202200032474;756 055;A01;2;10;0;1;3;1;1;
50096;202200032476;756 050;A01;2;7;0;2;8;11;1;
50097;202200032476;756 052;B01;2;33;0;2;7;3;1;
50098;202200032477;756 049;A01;2;37;0;1;2;1;1;1.0
50099;202200032478;756 048;A01;3;1;0;2;0;1;5;
50100;202200032479;756 044;A01;2;7;0;2;2;12;1;
50101;202200032479;756 046;B01;2;33;0;2;6;3;1;
50102;202200032479;756 047;C01;2;7;0;2;6;23;1;
50103;202200032481;756 045;A01;3;7;0;2;1;20;1;
50104;202200032481;756 051;B01;3;2;0;2;0;0;0;
50105;202200032482;756 040;A01;2;10;0;2;1;1;1;
50106;202200032482;756 041;B01;1;33;0;2;1;1;1;
50107;202200032483;756 039;A01;1;7;0;1;1;1;1;
50108;202200032484;756 037;B01;1;33;0;2;7;3;1;
50109;202200032484;756 038;A01;1;7;0;2;1;15;1;
50110;202200032485;756 034;Z01;2;10;0;2;1;1;0;
50111;202200032485;756 035;A01;2;7;0;2;4;9;1;
50112;202200032486;756 032;B01;3;7;0;2;6;23;1;
50113;202200032486;756 033;A01;3;30;0;2;8;17;1;
50114;202200032487;756 030;B01;3;39;0;2;3;1;3;
50115;202200032487;756 031;A01;1;14;0;4;2;1;1;
50116;202200032489;756 019;A01;1;32;0;2;0;3;1;
50117;202200032489;756 020;Z01;2;7;0;2;0;0;1;
50118;202200032490;756 017;A01;1;7;0;2;1;15;1;
50119;202200032490;756 018;B01;2;7;0;2;1;1;1;
50120;202200032492;756 016;A01;1;7;1;2;7;1;1;
50121;202200032493;756 012;B01;1;1;0;2;8;19;5;
50122;202200032493;756 013;A01;1;10;0;2;1;1;1;
50123;202200032494;756 010;B01;2;7;0;2;2;1;1;
50124;202200032494;756 011;A01;1;7;0;2;9;15;1;
50125;202200032495;756 009;A01;1;7;0;1;7;1;1;
50126;202200032496;756 008;A01;3;7;0;1;1;16;1;
50127;202200032497;756 007;A01;0;30;0;1;3;15;1;
50128;202200032498;756 005;A01;3;7;0;2;3;15;2;
50129;202200032498;756 006;B01;3;50;0;2;1;1;3;
50130;202200032499;756 000;A01;3;1;0;2;1;19;5;
50131;202200032499;756 001;B01;3;99;0;2;8;1;0;
50132;202200032500;755 998;B01;1;33;0;2;1;1;1;
50133;202200032500;755 999;A01;1;50;0;2;8;19;3;
50134;202200032501;755 997;A01;1;7;0;1;4;20;1;
50135;202200032502;755 995;B01;1;7;0;2;7;1;0;
50136;202200032502;755 996;A01;1;33;0;2;3;18;1;
50137;202200032503;755 993;B01;1;1;0;2;4;16;5;
50138;202200032503;755 994;A01;1;7;0;2;2;11;1;
50139;202200032504;755 992;A01;2;2;14;0;1;1;1;
50140;202200032505;755 990;A01;2;1;0;9;1;19;5;
50141;202200032505;755 991;B01;1;7;0;2;1;1;5;
50142;202200032506;755 988;B01;3;7;0;2;8;1;1;
50143;202200032506;755 989;A01;3;7;0;2;1;1;1;
50144;202200032507;755 987;Z01;1;0;0;1;2;0;0;
50145;202200032508;755 985;Z01;2;7;0;2;0;13;0;
50146;202200032508;755 986;A01;1;10;0;2;0;21;1;
50147;202200032509;755 984;A01;1;33;1;0;1;14;1;
50148;202200032510;755 983;A01;1;30;0;0;0;1;1;
50149;202200032511;755 981;B01;1;7;0;2;2;1;1;
50150;202200032511;755 982;A01;1;7;0;2;1;1;1;
50151;202200032512;755 979;A01;3;7;0;9;7;1;1;
50152;202200032512;755 980;B01;3;50;0;2;1;1;3;
50153;202200032513;755 975;D01;2;7;0;2;4;23;1;
50154;202200032513;755 976;C01;2;7;0;2;4;23;1;
50155;202200032513;755 977;B01;2;7;0;2;4;23;1;
50156;202200032513;755 978;A01;2;10;0;2;1;1;1;
50157;202200032514;755 973;A01;2;7;0;2;5;15;1;
50158;202200032514;755 974;B01;1;33;0;2;1;1;1;
50159;202200032515;755 972;A01;2;30;10;0;1;14;0;
50160;202200032516;755 970;B01;3;10;0;2;1;1;1;
50161;202200032516;755 971;A01;3;7;0;2;1;1;1;
50162;202200032517;755 968;A01;1;7;0;4;3;1;1;
50163;202200032517;755 969;B01;1;40;0;2;2;1;3;
50164;202200032518;755 966;A01;1;7;0;9;3;15;1;
50165;202200032518;755 967;B01;1;0;0;2;1;16;0;
50166;202200032519;755 964;A01;2;7;0;2;2;15;1;
50167;202200032519;755 965;B01;2;31;0;2;1;0;1;
50168;202200032520;755 959;A01;3;7;0;2;3;13;1;
50169;202200032520;755 960;B01;3;7;0;2;3;1;1;
50170;202200032520;755 961;C01;3;7;0;2;3;1;0;
50171;202200032520;755 962;D01;3;7;0;2;3;1;1;
50172;202200032520;755 963;E01;3;7;0;2;1;1;1;
50173;202200032522;755 954;B01;1;1;0;2;2;0;5;
50174;202200032522;755 955;A01;1;7;0;2;1;9;1;
50175;202200032523;755 953;A01;3;7;0;1;1;16;1;
50176;202200032524;755 951;A01;1;7;0;2;3;15;1;
50177;202200032524;755 952;B01;2;2;0;2;1;1;1;
50178;202200032525;755 949;A01;1;7;14;2;4;2;1;
50179;202200032525;755 950;B01;1;1;0;2;4;23;5;
50180;202200032526;755 947;A01;1;7;0;2;1;9;1;
50181;202200032526;755 948;B01;1;7;0;2;4;23;1;
50182;202200032528;755 942;A01;3;7;0;2;1;1;1;
50183;202200032529;755 940;B01;2;7;0;2;1;2;1;
50184;202200032529;755 941;A01;2;7;0;2;4;23;1;
50185;202200032530;755 939;A01;1;7;0;1;2;2;1;
50186;202200032531;755 937;B01;1;33;0;2;1;1;1;
50187;202200032531;755 938;A01;2;10;0;2;2;10;1;
50188;202200032532;755 935;A01;3;2;0;2;1;8;1;
50189;202200032532;755 936;B01;1;7;0;2;2;0;1;
50190;202200032533;755 929;F01;2;7;0;2;3;1;1;
50191;202200032533;755 930;E01;1;7;0;2;3;5;1;
50192;202200032533;755 931;C01;1;14;0;2;5;23;1;
50193;202200032533;755 932;B01;2;30;1;0;7;0;0;
50194;202200032533;755 933;A01;1;99;0;2;5;23;1;
50195;202200032533;755 934;D01;3;7;0;2;2;23;1;
50196;202200032534;755 927;[01;0;34;-1;2;-1;0;-1;
50197;202200032534;755 928;A01;0;34;0;2;8;1;1;
50198;202200032535;755 926;A01;2;7;0;1;1;2;1;
50199;202200032536;755 925;A01;3;1;0;0;0;26;5;
50200;202200032537;755 924;A01;3;7;6;0;1;14;1;
50201;202200032538;755 922;A01;1;10;0;2;1;1;1;
50202;202200032538;755 923;B01;1;7;0;2;4;23;1;
50203;202200032539;755 921;A01;3;7;0;1;1;1;1;
50204;202200032541;755 918;B01;1;7;0;2;5;1;1;
50205;202200032541;755 919;A01;1;33;0;2;3;3;1;
50206;202200032542;755 916;B01;2;33;0;2;7;3;1;
50207;202200032542;755 917;A01;2;33;0;2;6;11;1;
50208;202200032543;755 914;B01;1;7;0;2;4;12;1;
50209;202200032543;755 915;A01;1;7;0;2;1;1;1;
50210;202200032544;755 912;B01;1;7;0;2;6;23;2;
50211;202200032544;755 913;A01;1;2;0;2;2;1;1;
50212;202200032545;755 911;A01;2;60;0;1;7;1;5;
50213;202200032546;755 909;B01;1;7;0;2;5;16;1;
50214;202200032546;755 910;A01;1;32;0;2;8;18;1;
50215;202200032547;755 906;C01;2;37;0;2;8;23;1;1.0
50216;202200032547;755 907;B01;2;7;0;2;7;23;3;
50217;202200032547;755 908;A01;1;33;0;2;8;3;1;
50218;202200032548;755 904;B01;1;7;0;2;3;1;2;
50219;202200032548;755 905;A01;2;33;0;2;2;10;1;
50220;202200032549;755 902;B01;2;7;0;2;3;1;2;
50221;202200032549;755 903;A01;1;10;0;2;2;15;1;
50222;202200032550;755 901;A01;3;30;12;0;8;1;3;
50223;202200032551;755 900;Z01;1;7;0;1;1;1;0;
50224;202200032552;755 898;B01;3;33;0;2;1;15;1;
50225;202200032552;755 899;A01;3;7;0;2;3;16;1;
50226;202200032553;755 896;B01;2;99;0;0;1;15;3;
50227;202200032553;755 897;A01;3;7;0;2;1;17;1;
50228;202200032554;755 894;A01;3;7;0;2;1;2;0;
50229;202200032554;755 895;B01;3;7;3;0;4;2;1;
50230;202200032555;755 892;A01;3;7;0;9;1;26;1;
50231;202200032555;755 893;B01;3;1;0;2;8;26;5;
50232;202200032556;755 890;B01;1;7;0;2;2;15;1;
50233;202200032556;755 891;A01;1;50;0;2;3;2;3;
50234;202200032558;755 887;B01;-1;7;0;2;1;1;1;
50235;202200032558;755 888;A01;-1;7;0;0;1;13;1;
50236;202200032559;755 884;B01;2;30;0;2;8;18;1;
50237;202200032559;755 886;A01;2;7;0;0;7;14;1;
50238;202200032560;755 880;A01;1;7;0;2;1;2;1;
50239;202200032560;755 882;B01;1;7;0;2;1;2;1;
50240;202200032560;755 883;C01;1;7;0;2;4;2;2;
50241;202200032560;755 885;D01;1;7;0;2;4;0;0;
50242;202200032562;755 875;A01;1;7;0;2;3;9;1;
50243;202200032562;755 877;B01;1;32;0;2;1;1;1;
50244;202200032563;755 876;B01;1;7;0;0;4;2;1;
50245;202200032563;755 878;A01;1;33;0;2;1;2;1;
50246;202200032564;755 872;B01;3;50;0;2;2;1;3;
50247;202200032564;755 874;A01;2;7;0;2;3;1;1;
50248;202200032565;755 870;Z01;2;7;0;2;1;0;0;
50249;202200032565;755 871;A01;2;33;0;2;7;1;1;
50250;202200032565;755 873;B01;2;17;0;2;8;1;1;
50251;202200032566;755 868;B01;3;1;0;2;0;9;5;
50252;202200032566;755 869;A01;3;7;0;0;1;9;1;
50253;202200032567;755 865;A01;2;7;2;0;3;13;1;
50254;202200032568;755 864;A01;1;7;0;2;1;2;1;
50255;202200032568;755 866;B01;1;7;0;2;4;2;1;
50256;202200032568;755 867;C01;1;7;0;2;4;2;1;
50257;202200032569;755 862;A01;1;7;0;2;7;1;1;
50258;202200032569;755 863;B01;1;7;0;2;3;15;1;
50259;202200032570;755 860;B01;2;7;0;2;4;2;1;
50260;202200032570;755 861;A01;2;7;0;2;1;2;1;
50261;202200032571;755 858;A01;2;7;0;2;3;1;1;
50262;202200032571;755 859;B01;1;7;0;2;2;1;1;
50263;202200032572;755 856;B01;1;33;0;2;7;1;1;
50264;202200032572;755 857;A01;1;7;0;2;8;11;1;
50265;202200032573;755 854;B01;1;2;0;2;3;1;1;
50266;202200032573;755 855;A01;1;37;0;2;5;17;1;1.0
50267;202200032574;755 853;A01;2;7;0;1;2;1;1;
50268;202200032575;755 852;A01;1;7;0;1;1;11;2;
50269;202200032576;755 849;Z01;2;33;0;1;1;1;1;
50270;202200032577;755 846;A01;2;10;0;2;8;13;1;
50271;202200032577;755 847;B01;1;7;0;2;1;1;1;
50272;202200032577;755 848;C01;1;14;0;2;8;1;1;
50273;202200032578;755 845;A01;3;0;0;1;1;1;0;
50274;202200032579;755 844;A01;2;7;2;0;1;14;1;
50275;202200032580;755 843;A01;2;7;0;1;1;15;1;
50276;202200032581;755 842;A01;2;33;0;1;0;1;1;
50277;202200032582;755 841;A01;1;2;15;0;9;25;1;
50278;202200032583;755 840;A01;3;10;0;1;4;26;1;
50279;202200032585;755 837;B01;3;10;0;2;1;2;1;
50280;202200032585;755 838;A01;3;7;0;2;4;1;1;
50281;202200032587;755 834;A01;2;7;8;0;1;9;1;
50282;202200032588;755 831;A01;1;7;0;2;1;19;1;
50283;202200032588;755 833;B01;1;7;0;2;3;1;1;
50284;202200032589;755 830;B01;1;31;0;2;1;1;1;
50285;202200032589;755 832;A01;1;7;0;2;2;1;1;
50286;202200032590;755 829;A01;1;7;2;0;1;0;1;
50287;202200032591;755 827;A01;0;10;6;0;1;0;1;
50288;202200032592;755 826;B01;1;40;0;2;2;0;3;
50289;202200032592;755 828;A01;1;7;0;4;3;16;1;
50290;202200032593;755 824;B01;2;1;0;2;1;1;5;
50291;202200032593;755 825;A01;1;7;0;2;1;15;1;
50292;202200032594;755 822;A01;1;33;0;2;0;9;1;
50293;202200032594;755 823;B01;1;7;0;2;6;23;1;
50294;202200032595;755 820;A01;0;7;8;2;9;1;1;
50295;202200032595;755 821;B01;0;7;0;2;7;1;1;
50296;202200032596;755 818;A01;2;7;0;2;2;1;2;
50297;202200032596;755 819;B01;1;10;0;2;3;1;1;
50298;202200032597;755 817;A01;2;7;0;0;9;1;1;
50299;202200032598;755 816;A01;1;33;0;0;0;1;1;
50300;202200032599;755 815;A01;2;7;0;0;1;14;1;
50301;202200032600;755 812;B01;3;2;0;2;1;2;1;
50302;202200032600;755 814;A01;0;7;0;2;3;1;1;
50303;202200032602;755 810;A01;3;2;8;0;1;14;1;
50304;202200032603;755 808;B01;1;7;0;2;6;2;1;
50305;202200032603;755 809;A01;2;33;0;2;6;17;1;
50306;202200032604;755 807;A01;2;7;0;0;9;14;1;
50307;202200032605;755 806;A01;3;2;0;0;0;15;1;
50308;202200032606;755 805;A01;3;7;0;1;8;1;1;
50309;202200032607;755 804;A01;1;33;0;0;0;1;1;
50310;202200032608;755 802;A01;2;7;0;0;9;1;3;
50311;202200032609;755 801;A01;2;7;0;2;2;26;1;
50312;202200032609;755 803;B01;3;1;0;2;7;19;5;
50313;202200032610;755 799;A01;1;80;0;2;1;1;3;
50314;202200032610;755 800;B01;1;7;0;9;2;1;1;
50315;202200032611;755 797;B01;0;7;0;2;3;1;1;
50316;202200032611;755 798;A01;0;10;0;2;3;15;1;
50317;202200032612;755 796;A01;3;36;2;0;9;1;1;
50318;202200032613;755 793;A01;0;7;0;1;2;15;1;
50319;202200032614;755 792;C01;1;7;0;2;4;1;0;
50320;202200032614;755 794;B01;1;7;0;2;3;1;1;
50321;202200032614;755 795;A01;2;7;0;2;3;13;1;
50322;202200032615;755 791;A01;0;7;0;0;3;26;1;
50323;202200032617;755 789;A01;2;7;17;0;1;14;1;
50324;202200032618;755 787;A01;3;7;0;2;3;26;1;
50325;202200032618;755 788;B01;3;7;0;2;2;26;1;
50326;202200032619;755 785;B01;1;7;4;2;9;2;3;
50327;202200032619;755 786;A01;1;7;14;2;1;2;1;
50328;202200032620;755 782;B01;3;7;0;2;4;23;1;
50329;202200032620;755 784;A01;3;7;14;0;1;1;1;
50330;202200032621;755 781;B01;2;7;3;0;6;1;1;
50331;202200032621;755 783;A01;2;7;3;2;2;1;1;
50332;202200032622;755 780;A01;2;7;0;1;3;1;1;
50333;202200032623;755 778;B01;2;7;0;2;1;1;1;
50334;202200032623;755 779;A01;1;33;0;2;2;5;1;
50335;202200032624;755 776;A01;1;7;0;2;3;15;1;
50336;202200032624;755 777;B01;1;37;0;2;2;1;3;2.0
50337;202200032625;755 774;A01;1;7;0;1;2;1;1;
50338;202200032626;755 773;B01;1;7;0;2;1;6;1;
50339;202200032626;755 775;A01;1;7;2;2;7;0;1;
50340;202200032627;755 771;A01;1;31;0;0;7;17;1;
50341;202200032628;755 770;A01;1;2;0;2;2;17;1;
50342;202200032628;755 772;B01;1;7;0;2;3;15;1;
50343;202200032629;755 768;A01;2;7;0;2;7;1;1;
50344;202200032629;755 769;B01;1;7;0;2;3;1;1;
50345;202200032630;755 767;A01;0;10;0;1;1;1;1;
50346;202200032631;755 765;B01;0;7;0;2;1;1;1;
50347;202200032631;755 766;A01;0;7;0;2;1;13;3;
50348;202200032632;755 764;A01;1;7;0;1;1;1;1;
50349;202200032633;755 761;B01;2;7;0;2;1;1;1;
50350;202200032633;755 763;A01;1;7;0;2;1;1;1;
50351;202200032635;755 757;B01;1;34;0;2;3;1;1;
50352;202200032635;755 759;A01;2;7;0;2;3;1;1;
50353;202200032636;755 756;B01;1;7;0;2;3;26;1;
50354;202200032636;755 758;A01;1;1;0;2;1;1;5;
50355;202200032637;755 754;B01;2;33;0;2;7;1;1;
50356;202200032637;755 755;A01;1;7;0;2;1;19;1;
50357;202200032638;755 753;A01;1;7;6;0;2;1;1;
50358;202200032639;755 750;A01;2;7;0;2;2;15;1;
50359;202200032639;755 752;B01;1;31;0;0;1;1;1;
50360;202200032640;755 749;B01;1;7;0;2;4;1;1;
50361;202200032640;755 751;A01;1;33;0;2;1;2;1;
50362;202200032641;755 747;B01;0;7;0;2;3;15;1;
50363;202200032641;755 748;A01;0;30;0;2;1;16;1;
50364;202200032642;755 744;A01;1;7;0;2;3;10;1;
50365;202200032642;755 745;B01;1;10;0;2;5;17;1;
50366;202200032643;755 746;A01;0;7;13;0;1;0;1;
50367;202200032644;755 743;A01;3;7;8;0;2;1;1;
50368;202200032645;755 741;A01;3;7;1;0;3;26;1;
50369;202200032646;755 739;A01;0;7;0;2;3;15;1;
50370;202200032646;755 740;B01;0;33;0;2;1;1;1;
50371;202200032647;755 737;A01;1;31;0;2;3;17;1;
50372;202200032647;755 738;B01;1;80;0;2;8;15;2;
50373;202200032648;755 734;A01;2;7;0;2;0;0;1;
50374;202200032648;755 735;B01;1;50;0;2;1;1;3;
50375;202200032649;755 736;A01;3;7;0;2;3;1;1;
50376;202200032649;755 742;B01;3;7;0;2;2;16;1;
50377;202200032651;755 730;A01;1;7;0;2;6;9;1;
50378;202200032651;755 731;B01;1;2;0;2;1;0;1;
50379;202200032653;755 726;A01;2;7;0;2;3;13;1;
50380;202200032653;755 729;B01;1;7;0;2;3;1;1;
50381;202200032654;755 724;A01;3;50;0;2;1;1;3;
50382;202200032654;755 725;B01;2;10;0;9;1;1;1;
50383;202200032655;755 721;B01;2;7;0;2;8;0;1;
50384;202200032655;755 723;A01;1;7;0;2;1;26;1;
50385;202200032657;755 720;A01;1;7;0;2;3;1;0;
50386;202200032657;755 722;B01;2;7;0;2;3;15;1;
50387;202200032658;755 716;A01;3;1;0;2;0;0;5;
50388;202200032658;755 717;B01;3;7;0;2;0;0;1;
50389;202200032659;755 714;B01;2;7;0;2;5;23;1;
50390;202200032659;755 715;A01;2;7;0;2;3;1;1;
50391;202200032660;755 712;A01;3;7;0;2;2;1;2;
50392;202200032660;755 713;B01;3;60;0;2;0;19;5;
50393;202200032661;755 709;A01;1;1;1;2;1;21;5;
50394;202200032661;755 710;B01;1;10;0;2;8;23;1;
50395;202200032663;755 708;A01;2;7;0;1;2;1;1;
50396;202200032664;755 706;A01;1;32;0;0;0;21;1;
50397;202200032665;755 705;Z01;2;7;0;2;0;0;1;
50398;202200032665;755 707;A01;2;33;0;0;0;0;1;
50399;202200032666;755 703;B01;1;30;0;2;3;1;1;
50400;202200032666;755 704;A01;0;7;0;2;2;9;1;
50401;202200032667;755 702;A01;2;7;0;1;2;1;1;
50402;202200032668;755 701;A01;2;50;0;1;1;16;3;
50403;202200032669;755 698;B01;1;10;0;2;4;1;1;
50404;202200032669;755 700;A01;1;31;0;2;1;13;1;
50405;202200032670;755 697;A01;1;7;0;2;7;2;1;
50406;202200032670;755 699;B01;1;33;0;2;6;2;1;
50407;202200032671;755 693;B01;2;37;0;2;7;1;1;1.0
50408;202200032671;755 695;A01;2;80;0;2;8;9;3;
50409;202200032672;755 692;C01;2;7;0;2;4;23;2;
50410;202200032672;755 694;A01;2;7;0;2;1;2;1;
50411;202200032672;755 696;B01;2;7;0;2;4;23;1;
50412;202200032674;755 687;B01;2;7;0;2;6;0;1;
50413;202200032674;755 689;A01;2;7;0;2;2;17;1;
50414;202200032675;755 686;A01;1;10;0;2;7;19;0;
50415;202200032675;755 688;B01;1;7;0;2;1;19;1;
50416;202200032675;755 691;C01;1;10;0;2;3;19;1;
50417;202200032676;755 680;A01;1;7;0;2;5;2;1;
50418;202200032676;755 684;Z01;1;7;0;2;1;2;1;
50419;202200032677;755 679;Z01;2;10;0;2;1;26;1;
50420;202200032677;755 682;B01;2;7;0;2;4;16;1;
50421;202200032678;755 674;A01;1;7;4;2;1;0;1;
50422;202200032678;755 676;B01;1;7;0;2;0;1;1;
50423;202200032678;755 678;C01;1;7;14;0;0;0;1;
50424;202200032678;755 681;D01;1;7;14;0;0;0;1;
50425;202200032678;755 683;E01;1;7;14;0;0;0;1;
50426;202200032678;755 685;F01;1;17;14;0;0;0;1;
50427;202200032679;755 675;B01;2;32;0;2;1;1;1;
50428;202200032679;755 677;A01;2;7;0;2;8;16;1;
50429;202200032680;755 672;B01;2;7;0;2;3;2;1;
50430;202200032680;755 673;A01;2;7;0;2;2;15;1;
50431;202200032681;755 668;B01;1;1;0;2;1;1;0;
50432;202200032681;755 671;A01;2;7;0;0;0;0;1;
50433;202200032682;755 667;A01;1;7;3;2;8;2;1;
50434;202200032682;755 670;Z01;1;0;0;2;0;0;0;
50435;202200032683;755 669;A01;1;7;0;1;1;17;1;
50436;202200032684;755 666;A01;1;7;3;0;5;0;1;
50437;202200032685;755 663;A01;3;10;4;0;1;15;1;
50438;202200032686;755 662;A01;2;30;0;2;1;17;1;
50439;202200032686;755 664;B01;2;7;0;2;8;15;1;
50440;202200032687;755 660;B01;1;7;0;2;4;1;1;
50441;202200032687;755 661;A01;1;7;0;2;1;1;1;
50442;202200032688;755 658;A01;2;10;9;0;2;14;1;
50443;202200032690;755 655;A01;2;7;0;2;1;2;1;
50444;202200032690;755 656;B01;2;10;0;2;4;1;1;
50445;202200032691;755 651;B01;1;1;0;2;4;26;5;
50446;202200032691;755 653;A01;1;7;0;9;2;26;1;
50447;202200032692;755 652;A01;3;7;0;2;1;2;1;
50448;202200032692;755 654;B01;3;10;0;2;4;2;1;
50449;202200032693;755 650;A01;2;7;3;0;3;6;1;
50450;202200032694;755 649;Z01;2;99;0;1;1;25;0;
50451;202200032695;755 646;B01;2;7;0;2;5;1;1;
50452;202200032695;755 648;A01;2;7;0;2;3;1;1;
50453;202200032696;755 645;B01;1;7;0;2;6;11;1;
50454;202200032696;755 647;A01;1;10;0;2;2;1;1;
50455;202200032698;755 640;B01;1;7;0;2;1;1;1;
50456;202200032698;755 643;A01;1;30;0;2;6;1;1;
50457;202200032700;755 637;A01;1;7;0;2;1;2;1;
50458;202200032700;755 639;B01;1;7;0;2;4;2;1;
50459;202200032700;755 641;C01;1;7;0;2;4;2;1;
50460;202200032701;755 636;A01;1;34;0;0;9;26;1;
50461;202200032702;755 633;A01;2;30;0;2;1;1;1;
50462;202200032702;755 635;B01;1;32;0;2;8;1;1;
50463;202200032703;755 629;A01;2;10;0;2;1;2;0;
50464;202200032703;755 631;B01;2;7;0;2;1;2;0;
50465;202200032703;755 634;C01;2;7;0;2;4;0;0;
50466;202200032704;755 627;D01;1;7;1;0;6;0;1;
50467;202200032704;755 628;C01;1;7;1;0;1;0;1;
50468;202200032704;755 630;B01;1;7;14;0;6;23;1;
50469;202200032704;755 632;A01;1;7;4;0;1;14;1;
50470;202200032705;755 625;A01;1;7;5;0;9;1;1;
50471;202200032706;755 624;A01;1;30;0;2;1;2;3;
50472;202200032706;755 626;B01;1;7;0;2;4;1;1;
50473;202200032707;755 622;A01;1;7;6;0;1;1;1;
50474;202200032708;755 620;A01;1;7;0;2;1;1;1;