;Num_Acc;id_vehicule;num_veh;senc;catv;obs;obsm;choc;manv;motor;occutc
50475;202200032708;755 621;B01;1;7;0;2;8;1;1;
50476;202200032709;755 617;A01;1;7;0;9;2;2;1;
50477;202200032709;755 618;B01;1;80;0;2;1;2;3;
50478;202200032710;755 616;A01;3;7;0;2;7;19;1;
50479;202200032710;755 619;B01;3;7;0;2;1;1;1;
50480;202200032711;755 612;B01;1;17;0;0;6;1;1;
50481;202200032711;755 615;A01;1;7;0;2;2;14;1;
50482;202200032712;755 613;B01;1;50;0;2;9;0;3;
50483;202200032712;755 614;A01;1;7;0;9;0;16;0;
50484;202200032713;755 609;A01;3;7;0;2;8;9;1;
50485;202200032713;755 611;B01;3;50;0;2;1;1;3;
50486;202200032714;755 608;A01;1;10;3;2;1;17;1;
50487;202200032714;755 610;B01;1;7;3;2;7;1;1;
50488;202200032716;755 604;B01;1;10;0;2;0;1;1;
50489;202200032716;755 607;A01;1;31;0;2;6;14;1;
50490;202200032717;755 602;B01;1;7;0;2;0;0;1;
50491;202200032717;755 603;A01;2;7;0;2;1;16;1;
50492;202200032718;755 601;A01;2;7;3;0;0;1;1;
50493;202200032719;755 600;A01;2;7;0;1;8;1;1;
50494;202200032720;755 598;A01;3;21;0;2;1;15;1;
50495;202200032720;755 599;B01;1;1;0;2;1;1;5;
50496;202200032721;755 596;A01;3;7;0;9;2;16;1;
50497;202200032721;755 597;B01;3;1;0;2;2;19;5;
50498;202200032722;755 595;A01;3;10;2;0;1;13;1;
50499;202200032723;755 592;B01;2;1;0;2;2;1;5;
50500;202200032723;755 594;A01;1;7;0;2;3;1;0;
50501;202200032724;755 591;B01;0;7;0;0;7;0;1;
50502;202200032724;755 593;A01;2;7;9;0;1;0;1;
50503;202200032725;755 589;B01;2;2;0;2;1;21;1;
50504;202200032725;755 590;A01;3;10;0;2;3;15;1;
50505;202200032726;755 588;A01;0;7;0;1;3;1;1;
50506;202200032728;755 583;A01;2;1;0;0;8;9;5;
50507;202200032729;755 582;A01;2;0;0;1;0;1;0;
50508;202200032730;755 581;A01;1;7;0;1;2;1;1;
50509;202200032731;755 580;A01;3;7;8;0;8;1;1;
50510;202200032732;755 577;B01;1;7;0;2;1;1;1;
50511;202200032732;755 578;A01;2;7;0;2;1;1;1;
50512;202200032733;755 576;A01;1;7;0;2;3;1;1;
50513;202200032733;755 579;B01;2;7;0;2;8;1;1;
50514;202200032734;755 573;B01;3;2;0;2;8;15;1;
50515;202200032734;755 575;A01;3;7;0;2;2;17;1;
50516;202200032735;755 574;A01;1;7;13;0;1;1;1;
50517;202200032736;755 572;A01;0;7;2;0;1;1;1;
50518;202200032737;755 570;A01;0;7;8;0;1;1;1;
50519;202200032738;755 569;B01;3;7;0;2;6;23;1;
50520;202200032738;755 571;A01;3;1;0;2;7;17;5;
50521;202200032739;755 568;A01;2;7;17;0;2;2;1;
50522;202200032741;755 564;A01;1;10;9;2;7;1;1;
50523;202200032741;755 565;B01;2;7;0;2;1;1;1;
50524;202200032742;755 563;A01;2;7;0;1;0;2;0;
50525;202200032743;755 562;A01;0;7;2;0;2;1;1;
50526;202200032745;755 557;A01;1;1;0;2;1;13;5;
50527;202200032745;755 558;B01;2;31;0;2;1;1;1;
50528;202200032746;755 560;A01;3;7;0;1;0;1;1;
50529;202200032747;755 556;A01;2;3;2;0;0;0;1;
50530;202200032748;755 554;A01;0;30;0;2;4;24;1;
50531;202200032748;755 555;B01;0;7;0;2;4;0;1;
50532;202200032749;755 552;A01;3;7;0;2;8;19;1;
50533;202200032749;755 553;B01;3;10;0;2;1;1;1;
50534;202200032751;755 546;A01;1;7;0;0;2;1;1;
50535;202200032751;755 549;B01;2;7;0;2;2;1;1;
50536;202200032752;755 544;B01;2;15;0;1;3;14;1;
50537;202200032753;755 543;A01;0;7;0;2;1;19;1;
50538;202200032753;755 545;B01;2;7;0;2;0;0;1;
50539;202200032754;755 541;B01;1;30;0;2;0;0;1;
50540;202200032754;755 542;A01;1;7;0;2;1;1;1;
50541;202200032755;755 540;A01;-1;10;3;0;2;1;0;
50542;202200032756;755 537;B01;1;7;0;2;4;2;1;
50543;202200032756;755 538;C01;1;7;0;2;4;2;1;
50544;202200032756;755 539;A01;1;7;0;2;1;2;1;
50545;202200032757;755 535;A01;1;10;1;0;4;20;1;
50546;202200032758;755 534;B01;2;7;0;2;1;0;1;
50547;202200032758;755 536;A01;1;38;0;2;1;13;1;38.0
50548;202200032759;755 531;B01;3;7;0;2;6;1;1;
50549;202200032759;755 533;A01;3;33;0;2;1;1;1;
50550;202200032760;755 530;A01;2;7;0;2;1;13;1;
50551;202200032760;755 532;B01;1;7;0;2;1;1;1;
50552;202200032761;755 529;A01;1;80;12;0;1;13;3;
50553;202200032762;755 526;A01;1;7;0;2;1;2;1;
50554;202200032762;755 527;B01;1;7;0;2;4;2;1;
50555;202200032762;755 528;C01;1;7;0;2;4;2;1;
50556;202200032763;755 525;A01;2;7;1;1;1;2;1;
50557;202200032764;755 524;A01;1;7;0;1;1;16;1;
50558;202200032766;755 521;A01;1;33;13;0;1;16;1;
50559;202200032767;755 519;A01;1;2;0;0;0;1;1;
50560;202200032768;755 518;A01;0;7;0;2;5;15;1;
50561;202200032768;755 520;B01;3;7;0;2;1;1;1;
50562;202200032769;755 517;A01;1;21;0;0;0;1;1;
50563;202200032770;755 515;A01;1;3;14;0;1;1;6;
50564;202200032770;755 516;B01;3;2;15;0;7;9;0;
50565;202200032771;755 514;A01;3;7;0;1;2;0;0;
50566;202200032772;755 513;A01;1;3;0;1;1;0;1;
50567;202200032773;755 511;A01;0;30;0;2;0;0;1;
50568;202200032773;755 512;B01;0;50;0;2;0;15;3;
50569;202200032774;755 510;A01;2;7;13;0;1;6;1;
50570;202200032776;755 507;A01;1;33;15;0;1;13;1;
50571;202200032778;755 503;B01;2;21;0;2;3;15;1;
50572;202200032778;755 504;A01;2;7;8;2;2;17;1;
50573;202200032779;755 502;A01;3;10;0;1;4;4;0;
50574;202200032780;755 501;A01;0;7;13;0;1;1;1;
50575;202200032781;755 498;A01;0;33;0;2;3;15;1;
50576;202200032781;755 500;B01;0;7;0;2;3;1;1;
50577;202200032782;755 497;A01;2;7;0;2;3;13;2;
50578;202200032782;755 499;B01;1;7;6;2;3;1;1;
50579;202200032783;755 495;B01;1;7;0;2;8;1;1;
50580;202200032783;755 496;A01;1;33;0;2;7;17;1;
50581;202200032784;755 492;A01;1;7;0;2;1;1;1;
50582;202200032784;755 493;B01;1;15;0;0;6;1;1;
50583;202200032784;755 494;C01;1;10;0;2;3;2;1;
50584;202200032785;755 490;B01;2;7;0;2;3;1;1;
50585;202200032785;755 491;A01;2;50;0;2;3;12;3;
50586;202200032786;755 489;A01;0;2;0;0;8;1;1;
50587;202200032787;755 487;A01;2;30;0;2;2;13;1;
50588;202200032787;755 488;B01;3;7;0;2;8;15;1;
50589;202200032788;755 486;A01;1;14;0;1;2;1;1;
50590;202200032789;755 483;A01;1;33;0;2;1;1;1;
50591;202200032789;755 485;B01;2;7;0;2;3;9;2;
50592;202200032790;755 482;A01;1;7;0;2;4;1;1;
50593;202200032790;755 484;B01;1;7;0;2;1;0;1;
50594;202200032791;755 479;B01;1;50;1;0;2;1;3;
50595;202200032791;755 481;A01;1;13;0;0;5;24;1;
50596;202200032792;755 477;A01;2;17;0;2;1;1;1;
50597;202200032792;755 478;C01;2;17;0;2;4;2;1;
50598;202200032792;755 480;B01;2;17;0;2;4;2;1;
50599;202200032793;755 475;B01;1;7;7;2;7;19;1;
50600;202200032793;755 476;A01;2;7;15;2;1;0;1;
50601;202200032794;755 473;A01;2;7;0;2;3;11;1;
50602;202200032794;755 474;B01;2;31;0;2;1;3;1;
50603;202200032795;755 472;A01;1;10;2;0;1;1;1;
50604;202200032797;755 468;B01;2;7;0;2;3;17;0;
50605;202200032797;755 469;A01;2;33;0;0;5;17;1;
50606;202200032798;755 462;A01;1;7;0;2;1;2;1;
50607;202200032798;755 464;B01;1;7;0;2;4;2;1;
50608;202200032798;755 466;C01;1;7;0;2;4;2;1;
50609;202200032798;755 467;D01;1;7;0;2;4;2;1;
50610;202200032799;755 463;A01;2;7;0;2;8;19;1;
50611;202200032799;755 465;B01;1;33;0;2;1;1;1;
50612;202200032800;755 459;B01;1;10;0;2;8;1;1;
50613;202200032800;755 461;A01;1;10;0;2;2;1;1;
50614;202200032801;755 458;A01;3;7;0;2;8;19;1;
50615;202200032801;755 460;B01;3;33;0;2;1;1;1;
50616;202200032802;755 454;A01;2;7;2;0;0;1;1;
50617;202200032803;755 453;D01;1;7;0;2;4;2;1;
50618;202200032803;755 455;C01;1;7;0;2;4;2;1;
50619;202200032803;755 456;B01;1;7;0;2;4;2;1;
50620;202200032803;755 457;A01;1;7;0;2;1;2;1;
50621;202200032805;755 451;A01;0;30;0;1;1;26;1;
50622;202200032806;755 449;A01;0;7;0;1;1;1;0;
50623;202200032807;755 448;B01;2;7;0;2;3;1;1;
50624;202200032807;755 450;A01;3;7;0;2;2;19;1;
50625;202200032808;755 446;A01;1;33;0;0;0;1;1;
50626;202200032809;755 445;A01;2;2;0;0;0;1;1;
50627;202200032810;755 444;A01;1;7;0;1;2;16;1;
50628;202200032812;755 436;A01;1;7;0;2;3;0;1;
50629;202200032812;755 438;B01;1;7;0;2;5;1;1;
50630;202200032815;755 432;A01;1;7;0;2;2;15;1;
50631;202200032815;755 434;B01;2;32;0;2;1;14;1;
50632;202200032816;755 431;A01;2;7;13;6;3;21;1;
50633;202200032817;755 428;C01;2;7;0;2;7;23;1;
50634;202200032817;755 429;B01;2;1;0;2;1;17;5;
50635;202200032817;755 430;A01;2;7;0;2;1;1;1;
50636;202200032818;755 424;B01;3;1;0;2;1;0;5;
50637;202200032818;755 426;A01;1;7;0;9;5;20;1;
50638;202200032819;755 421;A01;2;7;4;2;2;11;1;
50639;202200032819;755 422;B01;2;7;0;2;5;1;1;
50640;202200032820;755 420;B01;2;7;0;0;1;1;1;
50641;202200032820;755 423;A01;1;7;0;2;8;13;1;
50642;202200032821;755 419;A01;1;31;0;0;8;0;1;
50643;202200032822;755 416;A01;2;7;0;2;3;1;1;
50644;202200032822;755 418;B01;2;7;0;2;5;19;1;
50645;202200032823;755 417;A01;1;10;0;1;1;1;1;
50646;202200032824;755 415;A01;1;7;2;0;2;14;1;
50647;202200032825;755 413;A01;1;7;0;2;8;22;1;
50648;202200032825;755 414;B01;1;2;1;0;7;1;1;
50649;202200032827;755 408;A01;2;7;0;2;1;1;1;
50650;202200032827;755 409;B01;2;7;0;2;4;2;1;
50651;202200032827;755 410;C01;2;7;0;2;5;2;1;
50652;202200032828;755 407;A01;1;7;0;1;3;0;1;
50653;202200032829;755 406;A01;1;37;0;1;2;7;1;1.0
50654;202200032830;755 405;A01;1;33;0;0;8;1;1;
50655;202200032831;755 403;A01;1;7;0;2;1;2;1;
50656;202200032831;755 404;B01;1;7;0;2;4;2;1;
50657;202200032832;755 398;B01;2;7;0;2;1;1;1;
50658;202200032832;755 400;A01;1;7;0;2;1;15;1;
50659;202200032833;755 396;C01;1;10;0;2;1;1;1;
50660;202200032833;755 397;A01;2;7;0;2;1;5;1;
50661;202200032833;755 399;B01;2;7;3;0;3;1;1;
50662;202200032833;755 401;D01;1;7;0;0;0;1;1;
50663;202200032833;755 402;E01;1;7;3;0;1;1;1;
50664;202200032834;755 394;A01;0;1;0;2;1;1;5;
50665;202200032834;755 395;B01;0;7;0;9;8;1;1;
50666;202200032835;755 393;A01;2;33;2;0;1;0;1;
50667;202200032836;755 391;B01;0;7;0;2;8;0;1;
50668;202200032836;755 392;A01;0;7;0;2;1;1;1;
50669;202200032839;755 385;A01;0;33;0;2;4;9;1;
50670;202200032839;755 387;B01;0;7;0;2;3;1;1;
50671;202200032840;755 386;A01;0;7;0;0;1;1;1;
50672;202200032841;755 383;A01;1;7;0;2;3;11;0;
50673;202200032841;755 384;B01;1;33;0;2;2;3;0;
50674;202200032842;755 382;A01;1;33;0;0;0;1;1;
50675;202200032843;755 380;A01;3;7;0;0;0;14;1;
50676;202200032843;755 381;B01;3;33;8;0;0;21;1;
50677;202200032844;755 378;A01;2;7;0;2;1;15;1;
50678;202200032844;755 379;B01;1;33;0;2;1;1;1;
50679;202200032845;755 375;A01;0;7;0;0;0;9;1;
50680;202200032845;755 377;B01;0;1;0;0;0;1;5;
50681;202200032846;755 376;A01;2;7;15;0;3;1;1;
50682;202200032847;755 374;A01;1;7;0;0;9;1;1;
50683;202200032849;755 371;A01;0;1;0;2;3;16;5;
50684;202200032849;755 373;B01;1;7;0;2;8;1;1;
50685;202200032850;755 367;A01;3;7;0;2;1;16;1;
50686;202200032850;755 369;B01;3;7;0;2;4;23;1;
50687;202200032850;755 370;C01;3;7;0;2;4;23;1;
50688;202200032851;755 368;A01;2;7;11;0;8;1;2;
50689;202200032852;755 364;A01;2;7;0;2;1;1;1;
50690;202200032852;755 366;B01;2;7;0;2;4;1;1;
50691;202200032853;755 365;A01;2;7;13;0;1;1;0;
50692;202200032854;755 362;A01;2;7;13;0;0;0;1;
50693;202200032855;755 361;A01;3;7;0;2;1;15;1;
50694;202200032855;755 363;B01;0;1;0;2;1;1;-1;
50695;202200032856;755 360;A01;2;7;3;0;2;14;1;
50696;202200032857;755 359;A01;3;7;0;1;0;20;1;
50697;202200032858;755 355;B01;3;7;0;2;1;1;1;
50698;202200032858;755 358;A01;3;7;0;2;1;5;1;
50699;202200032859;755 356;A01;2;10;0;2;1;1;1;
50700;202200032859;755 357;B01;3;7;0;2;1;26;1;
50701;202200032860;755 353;B01;1;32;0;2;3;1;1;
50702;202200032860;755 354;A01;0;7;0;2;3;13;1;
50703;202200032861;755 351;A01;3;7;16;0;0;1;1;
50704;202200032862;755 350;B01;2;7;0;2;3;1;1;
50705;202200032862;755 352;A01;1;7;0;2;2;1;1;
50706;202200032863;755 348;B01;1;7;0;0;1;2;1;
50707;202200032863;755 349;A01;1;2;0;0;4;2;1;
50708;202200032866;755 342;B01;1;10;0;2;2;15;1;
50709;202200032866;755 343;A01;1;32;0;2;1;17;1;
50710;202200032867;755 340;A01;2;30;0;0;0;3;1;
50711;202200032868;755 339;B01;0;1;0;2;0;0;5;
50712;202200032868;755 341;A01;0;1;0;2;0;0;5;
50713;202200032869;755 333;A01;1;7;0;0;6;26;1;
50714;202200032869;755 336;B01;1;7;0;2;2;12;1;
50715;202200032871;755 335;B01;2;1;0;2;1;15;5;
50716;202200032871;755 338;A01;1;7;2;2;1;1;1;
50717;202200032872;755 331;A01;2;7;9;0;1;0;1;
50718;202200032873;755 328;C01;1;7;0;2;5;1;3;
50719;202200032873;755 330;B01;1;7;0;2;3;1;1;
50720;202200032873;755 332;A01;1;33;0;2;1;3;1;
50721;202200032874;755 327;A01;3;7;6;0;2;1;1;
50722;202200032876;755 323;B01;1;7;0;2;4;1;2;
50723;202200032876;755 325;A01;1;7;4;2;3;1;1;
50724;202200032877;755 322;B01;2;7;0;2;5;15;1;
50725;202200032877;755 324;A01;2;33;0;2;1;1;1;
50726;202200032879;755 321;B01;1;1;0;2;1;1;5;
50727;202200032880;755 319;A01;0;7;15;0;1;14;1;
50728;202200032881;755 317;A01;2;7;4;0;1;26;1;
50729;202200032882;755 316;A01;1;7;0;2;7;1;1;
50730;202200032882;755 318;B01;1;7;0;2;3;1;1;
50731;202200032883;755 315;A01;1;7;12;0;1;26;1;
50732;202200032884;755 313;A01;3;34;14;0;1;17;1;
50733;202200032886;755 309;A01;2;7;0;2;3;1;1;
50734;202200032886;755 311;B01;2;7;0;2;5;1;1;
50735;202200032887;755 306;B01;1;7;15;2;3;1;1;
50736;202200032887;755 308;A01;2;7;0;2;3;13;1;
50737;202200032888;755 304;A01;2;33;0;2;1;3;1;
50738;202200032888;755 307;B01;2;7;0;2;4;12;1;
50739;202200032889;755 302;B01;1;7;0;2;3;1;1;
50740;202200032889;755 305;A01;2;7;0;2;2;15;1;
50741;202200032891;755 300;B01;1;10;0;2;1;1;1;
50742;202200032891;755 303;A01;2;7;0;2;1;13;1;
50743;202200032892;755 299;A01;1;7;0;1;2;1;1;
50744;202200032893;755 297;A01;2;7;0;0;0;1;1;
50745;202200032894;755 295;A01;1;7;0;2;1;1;1;
50746;202200032894;755 296;B01;2;1;0;2;1;13;5;
50747;202200032894;755 298;C01;2;1;0;2;1;13;5;
50748;202200032895;755 294;A01;1;7;0;1;3;5;1;
50749;202200032897;755 289;A01;2;2;0;2;4;2;1;
50750;202200032897;755 291;B01;2;7;0;2;1;2;1;
50751;202200032898;755 288;B01;2;33;0;2;1;1;1;
50752;202200032898;755 290;A01;1;7;0;2;7;10;1;
50753;202200032899;755 283;B01;1;33;0;2;1;2;1;
50754;202200032899;755 285;A01;1;13;0;2;4;4;1;
50755;202200032900;755 284;A01;2;7;0;2;1;1;1;
50756;202200032900;755 287;B01;1;7;0;0;2;15;1;
50757;202200032901;755 282;B01;1;2;0;2;1;1;1;
50758;202200032901;755 286;A01;1;7;0;2;3;15;1;
50759;202200032902;755 281;B01;1;7;0;1;2;1;1;
50760;202200032903;755 277;A01;1;7;0;2;1;1;1;
50761;202200032903;755 279;B01;2;7;0;2;8;1;1;
50762;202200032904;755 278;A01;3;7;0;2;3;0;1;
50763;202200032904;755 280;B01;3;1;0;2;6;15;5;
50764;202200032905;755 276;A01;3;30;0;0;0;1;1;
50765;202200032906;755 274;A01;2;40;0;1;3;1;3;
50766;202200032907;755 273;A01;1;34;0;1;8;21;1;
50767;202200032908;755 272;A01;2;7;0;2;4;2;1;
50768;202200032908;755 275;B01;2;1;0;2;1;2;5;
50769;202200032909;755 268;B01;1;7;0;2;4;1;1;
50770;202200032909;755 271;A01;1;31;0;2;1;1;1;
50771;202200032910;755 267;B01;3;7;0;2;3;1;1;
50772;202200032910;755 270;A01;3;7;0;2;3;13;1;
50773;202200032911;755 269;A01;1;7;0;1;1;1;1;
50774;202200032912;755 264;A01;3;7;0;1;2;1;1;
50775;202200032913;755 262;A01;1;33;0;2;1;8;1;
50776;202200032913;755 265;B01;2;7;0;2;3;15;1;
50777;202200032914;755 263;B01;0;31;0;2;1;1;1;
50778;202200032914;755 266;A01;3;7;0;2;7;15;1;
50779;202200032915;755 261;A01;1;33;0;6;1;1;1;
50780;202200032916;755 259;A01;0;33;0;0;9;1;1;
50781;202200032917;755 260;A01;3;7;0;1;1;1;1;
50782;202200032918;755 258;A01;2;7;2;0;1;15;1;
50783;202200032920;755 256;A01;1;43;0;1;1;1;1;
50784;202200032921;755 254;B01;3;7;0;2;3;5;1;
50785;202200032921;755 255;A01;3;7;0;2;6;1;1;
50786;202200032923;755 251;A01;0;7;2;0;1;0;1;
50787;202200032924;755 250;A01;3;50;0;2;1;19;3;
50788;202200032924;755 252;Z01;3;17;0;2;2;16;1;
50789;202200032926;755 247;A01;1;7;0;1;2;19;1;
50790;202200032927;755 246;A01;1;33;9;0;1;13;1;
50791;202200032928;755 243;B01;1;1;0;2;4;1;5;
50792;202200032928;755 244;A01;1;7;0;2;1;1;1;
50793;202200032930;755 240;A01;2;7;0;2;1;15;1;
50794;202200032930;755 241;B01;1;32;0;2;1;1;1;
50795;202200032932;755 237;B01;2;32;0;2;8;3;1;
50796;202200032932;755 239;A01;2;7;0;2;2;12;1;
50797;202200032933;755 235;B01;2;7;0;2;3;1;1;
50798;202200032933;755 236;A01;1;7;0;2;2;15;1;
50799;202200032934;755 233;A01;3;1;0;2;1;1;5;
50800;202200032934;755 234;B01;3;7;0;2;1;1;1;
50801;202200032935;755 232;A01;2;7;0;0;9;0;1;
50802;202200032936;755 228;B01;2;7;0;2;4;2;2;
50803;202200032936;755 230;A01;2;7;0;2;1;2;0;
50804;202200032937;755 226;A01;3;7;0;2;3;9;1;
50805;202200032937;755 229;B01;3;30;0;2;2;1;3;
50806;202200032938;755 227;B01;1;7;0;2;4;1;1;
50807;202200032938;755 231;A01;1;7;0;2;1;17;1;
50808;202200032939;755 224;A01;3;7;4;0;2;1;1;
50809;202200032940;755 221;B01;0;7;0;2;2;1;1;
50810;202200032940;755 223;A01;0;10;0;2;1;9;1;
50811;202200032942;755 215;A01;1;7;4;0;1;1;1;
50812;202200032943;755 216;B01;2;31;0;2;3;1;1;
50813;202200032943;755 217;A01;1;7;0;2;2;15;3;
50814;202200032944;755 214;A01;2;7;0;2;3;16;1;
50815;202200032944;755 218;B01;2;2;0;2;0;0;1;
50816;202200032945;755 212;B01;2;7;0;2;6;21;1;
50817;202200032945;755 213;A01;1;7;0;2;2;1;1;
50818;202200032946;755 207;A01;1;7;3;0;2;1;1;
50819;202200032947;755 206;A01;1;7;0;0;0;13;0;
50820;202200032947;755 209;B01;2;7;0;0;0;1;0;
50821;202200032947;755 211;C01;2;7;0;0;0;1;0;
50822;202200032948;755 208;B01;0;33;6;2;1;1;1;
50823;202200032948;755 210;A01;1;7;6;2;1;15;1;
50824;202200032949;755 204;A01;3;3;2;0;1;1;1;
50825;202200032950;755 202;A01;1;14;0;2;3;11;0;
50826;202200032950;755 203;B01;1;7;0;2;2;2;0;
50827;202200032950;755 205;C01;1;7;0;2;1;2;2;
50828;202200032951;755 200;Z01;0;10;0;1;4;4;1;
50829;202200032952;755 201;A01;3;7;0;1;3;16;1;
50830;202200032953;755 199;A01;3;7;0;1;1;1;1;
50831;202200032954;755 197;A01;3;7;0;2;1;0;1;
50832;202200032954;755 198;B01;3;7;0;2;3;0;1;
50833;202200032955;755 196;A01;1;13;0;1;1;15;1;
50834;202200032956;755 195;FA01;3;7;0;1;3;1;1;
50835;202200032957;755 192;A01;0;7;0;2;1;13;1;
50836;202200032957;755 193;B01;0;7;0;2;1;1;1;
50837;202200032958;755 191;B01;2;7;0;2;5;1;1;
50838;202200032958;755 194;A01;2;7;0;2;3;9;1;
50839;202200032959;755 190;A01;0;7;1;1;4;20;1;
50840;202200032961;755 186;Z01;3;7;0;1;1;1;0;
50841;202200032962;755 184;A01;0;10;0;1;4;26;1;
50842;202200032963;755 183;A01;1;14;0;9;6;15;1;
50843;202200032963;755 185;B01;1;34;0;2;0;17;1;
50844;202200032964;755 180;A01;3;32;0;1;2;1;1;
50845;202200032965;755 178;A01;1;10;0;2;7;1;1;
50846;202200032965;755 182;B01;1;38;0;2;1;1;1;2.0
50847;202200032966;755 179;A01;1;33;0;2;0;1;1;
50848;202200032966;755 181;B01;2;7;0;2;1;1;1;
50849;202200032967;755 177;A01;3;31;0;0;2;3;1;
50850;202200032968;755 175;B01;2;7;0;2;4;1;0;
50851;202200032968;755 176;A01;2;2;0;2;7;1;1;
50852;202200032969;755 173;B01;3;7;0;2;6;26;1;
50853;202200032969;755 174;A01;3;33;0;2;1;26;1;
50854;202200032970;755 169;B01;3;7;0;2;4;2;1;
50855;202200032970;755 171;A01;3;7;0;2;1;26;1;
50856;202200032971;755 168;B01;3;33;0;2;2;1;1;
50857;202200032971;755 172;A01;3;7;16;0;3;15;1;
50858;202200032972;755 167;B01;0;2;0;0;0;0;1;
50859;202200032972;755 170;A01;2;7;0;2;3;15;1;
50860;202200032973;755 166;A01;3;7;0;1;4;4;1;
50861;202200032974;755 165;A01;1;30;0;0;0;26;1;
50862;202200032975;755 164;A01;2;10;0;1;3;15;1;
50863;202200032976;755 162;A01;0;7;0;1;3;26;1;
50864;202200032977;755 161;A01;2;7;0;2;1;2;1;
50865;202200032977;755 163;B01;2;7;0;2;4;2;1;
50866;202200032978;755 158;B01;1;32;0;2;1;2;1;
50867;202200032978;755 160;A01;1;7;0;2;8;26;1;
50868;202200032979;755 156;B01;3;7;0;2;1;1;1;
50869;202200032979;755 159;A01;3;30;0;2;1;17;1;
50870;202200032980;755 155;B01;2;7;0;2;2;1;1;
50871;202200032980;755 157;A01;1;7;0;2;2;15;1;
50872;202200032981;755 153;B01;1;2;0;0;0;1;1;
50873;202200032981;755 154;A01;1;7;0;0;0;0;1;
50874;202200032982;755 150;A01;1;1;0;2;1;17;5;
50875;202200032982;755 151;B01;1;7;0;9;3;15;1;
50876;202200032983;755 149;A01;2;7;0;2;1;2;1;
50877;202200032983;755 152;B01;2;7;0;2;4;23;1;
50878;202200032984;755 148;A01;2;7;0;1;7;14;1;
50879;202200032985;755 145;B01;2;7;0;9;5;1;1;
50880;202200032985;755 147;A01;2;7;0;2;3;14;1;
50881;202200032986;755 143;B01;3;80;0;2;1;1;3;
50882;202200032986;755 146;A01;3;10;0;2;3;15;1;
50883;202200032987;755 140;A01;1;32;0;2;6;3;1;
50884;202200032987;755 142;Z01;1;10;0;2;7;12;1;
50885;202200032987;755 144;B01;1;17;0;2;8;1;1;
50886;202200032988;755 138;B01;2;37;0;2;3;26;1;4.0
50887;202200032988;755 141;A01;2;7;0;2;5;25;1;
50888;202200032989;755 137;A01;1;7;0;9;3;15;1;
50889;202200032989;755 139;B01;2;32;0;2;7;15;1;
50890;202200032990;755 134;B01;3;1;0;2;7;26;5;
50891;202200032990;755 136;A01;3;7;0;9;1;1;1;
50892;202200032991;755 133;A01;1;7;0;1;1;15;1;
50893;202200032992;755 132;A01;3;7;4;0;2;1;1;
50894;202200032993;755 131;B01;1;14;0;2;6;23;1;
50895;202200032993;755 135;A01;1;7;0;2;2;12;1;
50896;202200032994;755 129;B01;1;1;0;9;4;1;5;
50897;202200032994;755 130;A01;1;50;0;9;1;1;3;
50898;202200032995;755 128;A01;1;7;0;1;1;15;1;
50899;202200032996;755 126;A01;1;7;0;1;3;15;1;
50900;202200032997;755 124;B01;1;7;0;2;7;1;2;
50901;202200032997;755 127;A01;1;7;0;2;8;1;1;
50902;202200032999;755 121;B01;0;7;1;0;1;26;1;
50903;202200033000;755 122;A01;1;7;0;2;2;16;2;
50904;202200033000;755 123;B01;1;33;0;2;1;18;1;
50905;202200033001;755 117;B01;1;10;0;0;1;1;1;
50906;202200033001;755 119;A01;1;1;8;0;8;9;5;
50907;202200033002;755 116;A01;1;80;0;2;1;9;3;
50908;202200033002;755 118;B01;1;50;0;2;3;1;3;
50909;202200033003;755 115;B01;3;7;0;2;1;1;1;
50910;202200033003;755 120;A01;3;7;0;2;7;15;1;
50911;202200033004;755 112;A01;1;7;0;2;2;1;1;
50912;202200033004;755 114;B01;2;1;0;2;7;1;5;
50913;202200033005;755 111;A01;1;10;0;2;3;22;1;
50914;202200033005;755 113;B01;1;34;0;2;0;17;1;
50915;202200033006;755 110;A01;1;7;0;1;3;16;1;
50916;202200033007;755 108;A01;1;31;0;2;4;1;1;
50917;202200033007;755 109;B01;1;7;0;2;1;11;-1;
50918;202200033008;755 105;B01;2;7;0;2;2;15;1;
50919;202200033008;755 107;A01;1;1;0;2;1;1;5;
50920;202200033009;755 104;A01;1;7;0;2;4;1;2;
50921;202200033009;755 106;B01;1;7;0;2;1;0;1;
50922;202200033010;755 101;A01;2;7;0;2;1;2;1;
50923;202200033010;755 102;B01;2;33;0;2;4;23;1;
50924;202200033012;755 098;A01;2;7;0;2;1;1;1;
50925;202200033012;755 100;B01;1;7;0;2;1;1;0;
50926;202200033013;755 096;B01;3;34;0;2;1;15;1;
50927;202200033013;755 097;A01;3;7;0;2;2;1;1;
50928;202200033014;755 092;A01;1;7;0;1;1;15;1;
50929;202200033015;755 093;B01;1;33;0;2;7;15;1;
50930;202200033015;755 095;A01;3;7;0;2;3;9;1;
50931;202200033016;755 094;A01;0;31;1;0;9;0;0;
50932;202200033017;755 090;A01;1;30;9;0;1;9;1;
50933;202200033018;755 089;A01;1;7;0;2;1;2;1;
50934;202200033018;755 091;B01;1;30;0;1;1;23;3;
50935;202200033019;755 088;A01;0;7;0;1;4;4;1;