;Num_Acc;id_vehicule;num_veh;senc;catv;obs;obsm;choc;manv;motor;occutc
50936;202200033020;755 086;A01;0;7;0;2;3;9;1;
50937;202200033020;755 087;B01;0;7;0;2;3;9;1;
50938;202200033021;755 084;A01;3;7;0;2;1;2;1;
50939;202200033021;755 085;B01;3;7;0;2;4;23;1;
50940;202200033022;755 081;A01;3;7;0;2;8;15;1;
50941;202200033022;755 082;B01;3;30;0;2;2;17;1;
50942;202200033023;755 080;B01;0;7;0;2;1;1;1;
50943;202200033023;755 083;A01;3;7;0;2;1;15;1;
50944;202200033024;755 078;B01;3;10;0;2;1;2;1;
50945;202200033024;755 079;A01;3;7;0;2;4;21;1;
50946;202200033025;755 073;D01;2;7;0;2;4;2;1;
50947;202200033025;755 074;C01;2;7;0;2;4;2;1;
50948;202200033025;755 076;B01;2;7;0;0;4;2;1;
50949;202200033025;755 077;A01;2;7;0;2;1;2;1;
50950;202200033026;755 071;B01;2;7;0;2;1;1;1;
50951;202200033026;755 072;A01;1;7;0;2;1;1;1;
50952;202200033027;755 075;A01;3;7;0;1;0;0;0;
50953;202200033028;755 068;C01;1;7;0;2;3;1;1;
50954;202200033028;755 069;B01;2;7;0;2;6;2;1;
50955;202200033028;755 070;A01;2;30;0;2;1;2;1;
50956;202200033029;755 063;B01;1;1;0;2;7;16;5;
50957;202200033029;755 064;Z01;2;7;0;2;1;9;1;
50958;202200033030;755 066;A01;3;7;0;2;3;16;1;
50959;202200033030;755 067;B01;3;1;0;0;1;25;5;
50960;202200033031;755 060;B01;1;7;0;2;6;20;1;
50961;202200033031;755 061;A01;1;31;0;2;1;17;1;
50962;202200033032;755 062;B01;1;7;0;2;4;9;1;
50963;202200033032;755 065;A01;1;7;0;2;1;9;1;
50964;202200033033;755 056;B01;3;33;0;2;1;1;1;
50965;202200033033;755 058;A01;3;7;0;2;5;15;1;
50966;202200033034;755 057;A01;1;50;0;2;8;19;3;
50967;202200033034;755 059;B01;2;7;0;9;3;1;1;
50968;202200033035;755 055;A01;1;7;0;1;1;15;1;
50969;202200033038;755 051;B01;2;7;0;2;2;1;3;
50970;202200033038;755 054;A01;2;7;0;2;3;15;1;
50971;202200033039;755 042;A01;3;7;0;2;2;0;1;
50972;202200033039;755 048;B01;3;7;0;2;9;0;1;
50973;202200033039;755 052;C01;3;7;0;2;4;0;1;
50974;202200033040;755 044;A01;1;33;0;2;1;1;1;
50975;202200033040;755 045;B01;1;7;0;2;6;20;1;
50976;202200033041;755 043;A01;1;7;0;2;2;15;1;
50977;202200033041;755 046;B01;2;7;0;2;1;1;1;
50978;202200033042;755 041;A01;1;7;0;1;1;2;0;
50979;202200033043;755 036;B01;3;31;0;2;1;1;1;
50980;202200033043;755 040;A01;3;7;0;2;6;10;1;
50981;202200033044;755 035;A01;1;7;0;0;6;15;1;
50982;202200033044;755 039;B01;2;33;0;2;1;5;1;
50983;202200033047;755 031;A01;2;7;13;0;7;1;1;
50984;202200033049;755 023;A01;1;7;0;2;8;9;1;
50985;202200033049;755 026;B01;1;7;0;2;1;1;1;
50986;202200033050;755 022;A01;1;7;0;1;1;1;2;
50987;202200033051;755 021;A01;1;10;0;2;2;14;1;
50988;202200033051;755 025;B01;1;7;8;2;4;23;1;
50989;202200033051;755 027;C01;1;7;0;2;4;23;1;
50990;202200033051;755 028;D01;1;7;0;2;4;23;1;
50991;202200033051;755 029;E01;3;7;0;2;4;23;1;
50992;202200033052;755 020;B01;2;7;0;2;1;1;1;
50993;202200033052;755 024;A01;1;10;0;2;2;19;1;
50994;202200033054;755 015;Z01;3;1;1;0;1;1;5;
50995;202200033054;755 018;A01;3;50;0;2;7;23;3;
50996;202200033055;755 014;A01;2;17;0;1;2;1;1;
50997;202200033056;755 013;A01;1;37;0;2;3;9;1;1.0
50998;202200033056;755 016;B01;1;7;0;2;8;1;1;
50999;202200033058;755 010;A01;1;7;4;0;8;16;1;
51000;202200033059;755 007;A01;1;15;0;2;7;16;1;
51001;202200033059;755 009;B01;1;1;0;2;8;18;5;
51002;202200033060;755 006;B01;3;7;16;0;3;9;0;
51003;202200033060;755 008;A01;1;7;2;0;1;19;1;
51004;202200033061;755 004;A01;2;7;0;2;5;15;1;
51005;202200033061;755 005;B01;1;2;0;2;1;1;1;
51006;202200033062;755 003;A01;3;2;0;0;7;1;1;
51007;202200033063;755 000;B01;3;50;0;2;0;0;3;
51008;202200033063;755 002;A01;3;7;0;9;2;26;1;
51009;202200033064;754 997;A01;1;7;0;1;1;2;3;
51010;202200033065;754 996;A01;1;7;0;1;1;1;1;
51011;202200033066;754 995;B01;3;50;0;2;1;1;3;
51012;202200033066;754 999;A01;2;7;0;2;8;9;1;
51013;202200033067;754 994;A01;3;7;0;2;1;19;1;
51014;202200033067;754 998;B01;1;7;0;2;8;1;1;
51015;202200033067;755 001;C01;1;17;0;2;6;1;1;
51016;202200033068;754 993;A01;2;7;1;0;9;20;1;
51017;202200033069;754 991;B01;1;33;0;2;1;1;1;
51018;202200033069;754 992;A01;2;7;0;2;5;15;1;
51019;202200033070;754 989;A01;1;33;0;1;2;15;1;
51020;202200033072;754 988;B01;3;1;0;2;6;15;5;
51021;202200033072;754 990;A01;3;7;0;9;3;17;1;
51022;202200033073;754 985;A01;3;7;0;2;2;15;1;
51023;202200033073;754 986;B01;3;1;0;2;7;15;5;
51024;202200033074;754 981;B01;1;38;0;0;0;0;1;1.0
51025;202200033074;754 984;A01;1;33;1;0;1;26;1;
51026;202200033075;754 980;A01;2;7;0;2;3;5;1;
51027;202200033075;754 982;B01;1;7;0;2;1;1;1;
51028;202200033076;754 979;B01;2;7;0;0;6;23;1;
51029;202200033076;754 983;A01;2;7;0;2;1;26;1;
51030;202200033077;754 977;B01;3;7;0;2;6;26;1;
51031;202200033077;754 978;A01;2;7;0;2;9;26;1;
51032;202200033078;754 973;Z01;1;7;0;1;2;1;0;
51033;202200033079;754 975;B01;1;7;0;2;1;9;-1;
51034;202200033079;754 976;A01;1;7;0;2;2;1;1;
51035;202200033081;754 974;A01;3;7;0;1;1;15;1;
51036;202200033082;754 971;A01;1;7;15;0;1;1;1;
51037;202200033083;754 969;A01;3;7;12;0;9;1;1;
51038;202200033084;754 967;B01;2;34;0;2;1;1;1;
51039;202200033084;754 970;A01;2;7;0;2;4;23;1;
51040;202200033085;754 966;B01;0;1;0;2;2;1;5;
51041;202200033085;754 968;A01;3;7;0;2;3;9;1;
51042;202200033086;754 963;B01;2;33;0;2;1;1;1;
51043;202200033086;754 965;A01;1;30;0;2;1;15;1;
51044;202200033087;754 962;A01;2;7;0;2;3;9;1;
51045;202200033087;754 964;B01;1;33;0;2;1;1;1;
51046;202200033088;754 958;A01;1;7;0;2;1;2;1;
51047;202200033088;754 959;B01;1;7;0;2;4;23;1;
51048;202200033089;754 957;A01;1;80;0;2;7;1;3;
51049;202200033089;754 961;B01;2;7;0;2;1;1;1;
51050;202200033090;754 953;A01;1;33;9;2;3;1;1;
51051;202200033090;754 956;B01;2;7;0;2;8;1;1;
51052;202200033091;754 952;B01;3;80;0;2;0;0;3;
51053;202200033091;754 955;A01;3;7;0;2;3;9;1;
51054;202200033092;754 950;C01;3;7;0;2;4;2;1;
51055;202200033092;754 954;B01;3;10;0;2;4;2;1;
51056;202200033092;754 960;A01;0;7;0;2;1;2;1;
51057;202200033093;754 949;B01;3;50;0;2;9;1;3;
51058;202200033093;754 951;A01;3;7;0;2;2;9;2;
51059;202200033094;754 940;B01;1;7;0;2;8;1;1;
51060;202200033094;754 944;A01;1;7;0;2;7;12;1;
51061;202200033095;754 941;A01;1;7;0;2;3;2;1;
51062;202200033095;754 948;B01;1;1;0;2;4;1;5;
51063;202200033096;754 946;B01;1;7;0;2;1;1;2;
51064;202200033096;754 947;A01;2;7;0;2;2;15;1;
51065;202200033097;754 936;B01;2;7;0;2;4;1;1;
51066;202200033097;754 938;A01;2;7;0;2;1;2;1;
51067;202200033098;754 935;A01;1;7;0;1;3;16;1;
51068;202200033099;754 933;B01;3;7;0;2;3;1;1;
51069;202200033099;754 937;A01;3;7;0;2;3;13;1;
51070;202200033100;754 932;A01;1;7;0;2;3;11;1;
51071;202200033100;754 934;B01;1;33;0;2;2;1;1;
51072;202200033101;754 929;A01;1;33;0;2;4;2;1;
51073;202200033101;754 930;B01;1;7;0;2;4;1;1;
51074;202200033102;754 925;A01;1;7;0;2;3;9;1;
51075;202200033102;754 927;B01;2;3;0;2;2;1;1;
51076;202200033103;754 928;B01;2;2;0;2;1;1;0;
51077;202200033103;754 931;A01;1;7;0;2;1;13;1;
51078;202200033104;754 923;B01;3;1;0;2;0;1;5;
51079;202200033104;754 926;A01;3;7;0;9;1;1;1;
51080;202200033105;754 922;B01;1;37;0;2;3;1;1;1.0
51081;202200033105;754 924;A01;2;33;0;2;1;13;1;
51082;202200033106;754 921;A01;1;2;0;0;0;2;1;
51083;202200033107;754 915;B01;3;33;0;2;1;1;1;
51084;202200033107;754 918;A01;3;10;0;2;1;1;1;
51085;202200033108;754 916;B01;2;7;0;2;7;1;1;
51086;202200033108;754 919;A01;0;7;0;2;1;9;1;
51087;202200033109;754 914;A01;2;7;0;2;2;1;1;
51088;202200033109;754 920;B01;2;7;0;2;8;1;1;
51089;202200033110;754 911;A01;3;7;0;1;1;1;2;
51090;202200033111;754 910;B01;2;2;0;2;1;17;1;
51091;202200033111;754 913;A01;2;7;0;2;8;10;0;
51092;202200033112;754 909;A01;1;7;0;2;1;9;1;
51093;202200033112;754 912;B01;2;1;0;2;7;1;5;
51094;202200033113;754 908;A01;2;7;0;2;8;19;1;
51095;202200033113;754 917;B01;2;7;0;2;1;1;1;
51096;202200033114;754 907;A01;2;7;8;0;1;1;1;
51097;202200033115;754 905;A01;3;1;12;0;1;25;5;
51098;202200033116;754 903;Z01;1;10;0;2;2;1;0;
51099;202200033116;754 906;A01;1;7;0;2;6;1;2;
51100;202200033118;754 901;A01;1;7;0;2;3;13;1;
51101;202200033118;754 904;B01;2;33;0;2;1;1;1;
51102;202200033119;754 899;B01;3;7;0;2;4;2;1;
51103;202200033119;754 900;A01;3;7;0;2;1;2;1;
51104;202200033120;754 895;A01;1;7;0;2;8;11;1;
51105;202200033120;754 897;B01;2;43;0;2;7;1;1;
51106;202200033121;754 894;A01;1;10;0;2;2;2;1;
51107;202200033121;754 896;B01;1;30;0;2;4;2;1;
51108;202200033122;754 893;B01;2;7;0;2;2;1;1;
51109;202200033122;754 898;A01;1;1;0;2;1;16;5;
51110;202200033123;754 889;A01;1;32;14;0;1;16;1;
51111;202200033124;754 886;A01;1;7;0;2;3;10;1;
51112;202200033124;754 887;B01;1;31;0;2;2;1;1;
51113;202200033125;754 890;B01;1;1;0;2;8;1;5;
51114;202200033125;754 892;A01;1;7;0;2;1;16;1;
51115;202200033126;754 885;A01;1;7;15;2;1;1;1;
51116;202200033126;754 891;B01;1;7;0;2;4;1;1;
51117;202200033127;754 884;A01;1;7;0;2;8;1;1;
51118;202200033127;754 888;B01;1;7;0;2;1;19;1;
51119;202200033129;754 883;A01;1;7;0;1;3;15;1;
51120;202200033130;754 877;A01;3;33;0;2;1;2;1;
51121;202200033130;754 880;B01;3;7;0;0;4;2;1;
51122;202200033131;754 875;A01;3;7;0;2;1;2;1;
51123;202200033131;754 878;B01;3;7;0;2;4;2;1;
51124;202200033131;754 879;C01;3;7;0;2;4;2;1;
51125;202200033132;754 873;B01;3;99;0;2;3;1;3;
51126;202200033132;754 876;A01;3;10;0;2;2;16;1;
51127;202200033133;754 872;A01;1;33;0;0;8;1;1;
51128;202200033134;754 871;A01;1;7;0;1;2;1;1;
51129;202200033135;754 870;A01;1;32;12;0;1;26;1;
51130;202200033136;754 868;A01;1;10;0;2;8;22;1;
51131;202200033136;754 869;B01;1;50;0;2;1;1;3;
51132;202200033137;754 867;A01;2;32;13;0;9;1;1;
51133;202200033139;754 862;A01;1;7;0;2;1;15;1;
51134;202200033139;754 865;B01;1;33;0;2;1;1;1;
51135;202200033141;754 860;A01;1;1;0;2;4;13;5;
51136;202200033141;754 861;B01;1;7;0;9;1;1;1;
51137;202200033142;754 857;A01;1;7;0;2;5;16;2;
51138;202200033142;754 859;B01;1;32;0;2;2;18;1;
51139;202200033143;754 856;A01;0;14;0;1;2;26;1;
51140;202200033144;754 853;Z01;1;50;0;1;1;1;3;
51141;202200033145;754 852;A01;2;7;0;2;3;1;1;
51142;202200033145;754 855;B01;1;7;0;2;2;15;1;
51143;202200033145;754 858;C01;3;7;0;2;2;23;1;
51144;202200033146;754 850;B01;2;7;0;2;3;21;1;
51145;202200033146;754 854;A01;1;7;0;0;2;17;1;
51146;202200033148;754 849;A01;1;7;0;1;1;1;1;
51147;202200033149;754 845;B01;2;7;0;0;4;2;1;
51148;202200033149;754 848;A01;2;7;0;2;1;2;1;
51149;202200033150;754 844;A01;2;7;15;0;1;16;1;
51150;202200033151;754 843;A01;0;7;0;2;2;1;1;
51151;202200033151;754 846;B01;0;50;0;2;1;5;3;
51152;202200033152;754 840;A01;2;7;1;0;2;1;1;
51153;202200033153;754 839;B01;3;37;0;2;3;1;3;1.0
51154;202200033153;754 842;A01;3;31;0;2;8;13;1;
51155;202200033154;754 837;A01;2;7;0;2;1;2;1;
51156;202200033154;754 841;B01;2;7;0;2;4;2;1;
51157;202200033155;754 836;B01;1;7;0;2;0;1;1;
51158;202200033155;754 838;A01;1;7;3;2;6;19;1;
51159;202200033156;754 834;A01;1;33;16;0;1;1;1;
51160;202200033157;754 833;A01;2;31;0;2;1;2;1;
51161;202200033157;754 835;B01;2;43;0;2;4;23;1;
51162;202200033158;754 830;B01;2;7;0;2;3;1;1;
51163;202200033158;754 832;A01;1;7;0;2;1;13;1;
51164;202200033159;754 829;B01;1;7;0;2;8;2;1;
51165;202200033159;754 831;A01;1;31;0;2;7;12;1;
51166;202200033160;754 827;B01;2;80;1;0;1;1;3;
51167;202200033160;754 828;A01;2;7;0;2;3;22;1;
51168;202200033161;754 825;A01;3;7;0;1;1;1;1;
51169;202200033162;754 823;Z01;3;32;0;1;1;1;0;
51170;202200033163;754 824;B01;3;7;10;2;0;1;1;
51171;202200033163;754 826;A01;3;15;0;2;7;16;1;
51172;202200033164;754 820;B01;1;7;0;2;1;15;1;
51173;202200033164;754 822;A01;2;7;13;2;1;0;1;
51174;202200033165;754 819;A01;1;37;0;1;2;20;3;1.0
51175;202200033166;754 818;B01;3;7;0;2;7;16;1;
51176;202200033166;754 821;A01;3;50;0;2;8;18;3;
51177;202200033167;754 816;Z01;1;7;0;2;3;15;0;
51178;202200033167;754 817;A01;2;32;0;2;2;17;1;
51179;202200033168;754 812;A01;1;7;0;2;5;15;1;
51180;202200033168;754 815;B01;1;3;0;2;1;21;1;
51181;202200033170;754 809;A01;2;7;0;2;3;22;1;
51182;202200033170;754 813;B01;2;1;1;0;1;21;5;
51183;202200033171;754 808;B01;2;7;0;2;8;1;1;
51184;202200033171;754 810;A01;1;7;0;2;1;2;1;
51185;202200033172;754 804;B01;2;33;0;2;1;1;1;
51186;202200033172;754 806;A01;1;7;0;2;1;5;1;
51187;202200033173;754 803;A01;2;7;0;2;2;15;1;
51188;202200033173;754 807;B01;1;33;0;2;1;1;1;
51189;202200033174;754 802;A01;2;10;0;2;4;26;1;
51190;202200033174;754 805;B01;2;1;0;2;1;2;5;
51191;202200033175;754 799;A01;1;30;0;2;7;2;1;
51192;202200033175;754 801;B01;1;33;0;2;8;2;1;
51193;202200033176;754 796;A01;1;7;0;2;2;17;1;
51194;202200033176;754 798;B01;1;1;0;2;6;1;5;
51195;202200033178;754 793;B01;2;37;0;2;6;1;1;6.0
51196;202200033178;754 800;A01;1;14;0;2;3;13;1;
51197;202200033179;754 791;B01;3;1;0;2;6;19;5;
51198;202200033179;754 794;A01;-1;7;0;2;3;3;1;
51199;202200033180;754 790;A01;1;10;0;2;1;19;1;
51200;202200033180;754 792;B01;1;50;0;2;7;8;3;
51201;202200033181;754 789;A01;0;33;6;0;1;0;1;
51202;202200033183;754 787;A01;2;50;0;1;1;5;3;
51203;202200033184;754 784;B01;1;1;0;2;7;1;5;
51204;202200033184;754 786;A01;2;7;0;2;1;9;1;
51205;202200033185;754 781;A01;2;10;12;1;0;2;1;
51206;202200033186;754 780;B01;-1;10;0;2;1;0;1;
51207;202200033186;754 782;A01;-1;7;0;2;4;0;1;
51208;202200033187;754 773;A01;1;32;0;2;1;2;6;
51209;202200033187;754 774;B01;1;32;0;2;4;23;1;
51210;202200033188;754 775;B01;3;1;0;2;8;0;5;
51211;202200033188;754 778;A01;3;7;0;2;6;1;2;
51212;202200033189;754 770;A01;2;7;13;2;7;17;1;
51213;202200033189;754 776;B01;2;7;15;2;8;1;1;
51214;202200033190;754 767;A01;2;7;0;2;2;20;1;
51215;202200033190;754 769;B01;2;50;0;2;1;1;3;
51216;202200033191;754 768;A01;1;7;0;2;7;1;1;
51217;202200033191;754 771;C01;2;7;0;2;8;1;1;
51218;202200033191;754 772;B01;2;7;0;2;8;1;0;
51219;202200033192;754 766;A01;1;15;4;0;3;1;1;
51220;202200033193;754 761;A01;0;30;0;2;1;9;1;
51221;202200033193;754 765;B01;1;7;0;2;3;1;1;
51222;202200033194;754 759;B01;1;7;9;2;3;12;2;
51223;202200033194;754 762;A01;2;7;9;2;3;13;1;
51224;202200033195;754 756;B01;2;7;0;2;3;15;1;
51225;202200033195;754 757;A01;2;41;0;2;7;17;0;
51226;202200033196;754 755;A01;1;1;0;0;0;9;5;
51227;202200033197;754 751;B01;2;7;0;2;1;1;1;
51228;202200033197;754 752;A01;1;14;0;2;3;1;1;
51229;202200033198;754 750;B01;2;7;0;2;7;15;1;
51230;202200033198;754 753;A01;2;37;0;2;3;2;1;2.0
51231;202200033199;754 749;B01;2;7;0;2;1;1;1;
51232;202200033199;754 754;A01;1;7;0;2;2;1;1;
51233;202200033200;754 746;B01;2;31;0;2;1;17;1;
51234;202200033200;754 747;A01;1;7;0;2;3;9;1;
51235;202200033201;754 748;A01;3;7;0;1;1;1;1;
51236;202200033202;754 744;A01;1;43;14;0;1;1;1;
51237;202200033204;754 741;A01;2;7;0;2;1;2;1;
51238;202200033204;754 742;B01;2;33;0;2;4;23;1;
51239;202200033205;754 740;A01;1;1;13;0;0;1;5;
51240;202200033207;754 737;A01;3;1;13;0;0;1;5;
51241;202200033208;754 735;A01;1;33;0;2;1;18;1;
51242;202200033208;754 736;B01;1;7;0;2;2;16;1;
51243;202200033210;754 732;B01;3;33;0;2;1;15;1;
51244;202200033210;754 734;A01;3;7;0;2;1;1;1;
51245;202200033211;754 730;B01;3;7;0;2;1;1;1;
51246;202200033211;754 733;A01;2;30;0;2;3;1;1;
51247;202200033212;754 727;A01;1;30;0;1;1;16;1;
51248;202200033213;754 728;B01;2;33;0;2;7;1;1;
51249;202200033213;754 729;A01;1;7;0;2;3;9;1;
51250;202200033214;754 726;A01;1;7;0;1;2;1;1;
51251;202200033215;754 725;A01;2;33;1;0;1;13;1;
51252;202200033216;754 723;A01;1;7;0;1;4;26;1;
51253;202200033217;754 722;A01;1;14;0;2;3;22;1;
51254;202200033217;754 724;B01;1;50;1;0;3;3;3;
51255;202200033219;754 720;A01;1;33;3;0;2;1;1;
51256;202200033220;754 717;Z01;1;7;0;2;1;1;0;
51257;202200033220;754 719;B01;1;1;0;2;2;19;5;
51258;202200033221;754 715;B01;3;7;0;2;1;26;1;
51259;202200033221;754 718;A01;0;1;0;2;1;16;5;
51260;202200033223;754 713;B01;2;7;8;0;2;21;1;
51261;202200033224;754 712;A01;2;37;0;1;2;7;1;1.0
51262;202200033225;754 711;B01;1;7;0;2;3;1;1;
51263;202200033225;754 714;A01;2;7;0;2;3;13;2;
51264;202200033226;754 710;A01;2;33;0;2;0;1;1;
51265;202200033227;754 707;A01;1;7;6;2;1;2;1;
51266;202200033227;754 708;B01;1;7;0;2;5;2;1;
51267;202200033228;754 706;B01;2;7;0;2;9;0;1;
51268;202200033228;754 709;A01;1;7;0;2;9;2;1;
51269;202200033229;754 705;A01;1;7;6;0;1;21;1;
51270;202200033230;754 700;A01;0;7;0;2;3;9;1;
51271;202200033230;754 704;B01;1;1;0;2;2;1;5;
51272;202200033231;754 699;B01;0;2;0;2;0;1;1;
51273;202200033231;754 702;A01;0;10;0;2;3;15;1;
51274;202200033233;754 694;A01;2;7;13;0;2;0;1;
51275;202200033234;754 695;A01;2;10;0;2;2;16;1;
51276;202200033234;754 697;B01;2;1;0;2;1;1;5;
51277;202200033235;754 690;A01;1;10;0;9;3;15;1;
51278;202200033235;754 692;B01;1;1;0;2;0;0;5;
51279;202200033236;754 693;A01;1;7;0;1;3;1;1;
51280;202200033237;754 689;A01;1;34;0;2;1;26;0;
51281;202200033237;754 691;B01;1;15;0;2;4;1;1;
51282;202200033238;754 688;A01;3;31;0;0;0;26;1;
51283;202200033239;754 685;B01;2;7;0;2;1;1;1;
51284;202200033239;754 686;A01;1;7;0;2;1;1;1;
51285;202200033240;754 684;B01;1;32;0;2;1;17;1;
51286;202200033240;754 687;A01;0;7;0;2;3;15;1;
51287;202200033241;754 682;A01;2;33;15;0;1;17;1;
51288;202200033242;754 683;A01;3;33;0;0;7;16;1;
51289;202200033243;754 678;A01;1;7;0;2;2;13;1;
51290;202200033243;754 681;B01;1;7;0;2;1;1;1;
51291;202200033244;754 677;B01;3;99;0;2;2;1;1;
51292;202200033244;754 679;A01;3;99;0;2;2;1;1;
51293;202200033246;754 674;B01;1;7;0;2;8;1;1;
51294;202200033246;754 675;A01;1;7;8;2;3;26;1;
51295;202200033247;754 672;A01;2;2;0;0;1;21;1;
51296;202200033248;754 671;B01;1;2;0;2;7;1;1;
51297;202200033248;754 673;A01;1;7;0;2;1;9;1;
51298;202200033249;754 669;A01;2;30;0;2;1;2;1;
51299;202200033249;754 670;B01;2;7;0;2;4;2;1;
51300;202200033250;754 668;A01;1;7;0;0;9;1;1;
51301;202200033251;754 663;A01;1;33;0;2;1;1;1;
51302;202200033251;754 665;B01;2;7;0;2;2;1;1;
51303;202200033252;754 666;A01;2;43;0;2;7;17;1;
51304;202200033252;754 667;B01;2;50;0;2;8;15;3;
51305;202200033254;754 661;C01;3;7;0;2;4;2;1;
51306;202200033254;754 662;B01;3;7;0;2;5;2;1;
51307;202200033254;754 664;A01;3;7;0;2;1;2;1;
51308;202200033255;754 659;A01;1;10;0;1;4;4;1;
51309;202200033256;754 655;A01;1;2;0;2;3;1;1;
51310;202200033256;754 657;B01;2;7;0;2;2;15;1;
51311;202200033257;754 656;Z01;0;7;0;1;0;0;0;
51312;202200033259;754 652;A01;0;10;0;1;4;4;3;
51313;202200033260;754 651;B01;3;33;0;2;2;1;1;
51314;202200033260;754 653;A01;3;7;0;9;3;10;1;
51315;202200033261;754 650;A01;2;7;9;0;1;15;1;
51316;202200033262;754 647;A01;2;7;0;2;3;15;1;
51317;202200033262;754 649;B01;1;1;0;2;8;1;5;
51318;202200033263;754 646;A01;2;60;0;2;1;0;5;
51319;202200033263;754 648;B01;3;7;0;9;7;26;1;
51320;202200033264;754 643;A01;1;21;0;2;6;2;1;
51321;202200033264;754 644;B01;1;7;0;2;2;2;2;
51322;202200033266;754 640;B01;2;30;0;2;7;1;1;
51323;202200033266;754 641;A01;2;7;0;2;1;26;1;
51324;202200033267;754 638;A01;1;7;0;2;3;15;0;
51325;202200033267;754 639;B01;2;33;0;0;3;1;1;
51326;202200033268;754 636;A01;3;7;0;2;3;1;1;
51327;202200033268;754 637;B01;3;7;0;2;3;1;1;
51328;202200033269;754 633;A01;2;7;0;2;3;17;1;
51329;202200033269;754 634;B01;1;30;0;2;1;1;1;
51330;202200033270;754 635;A01;2;33;0;0;0;26;1;
51331;202200033272;754 629;A01;2;2;0;2;1;1;1;
51332;202200033272;754 630;B01;2;7;0;2;2;15;1;
51333;202200033273;754 628;A01;1;7;0;9;5;9;1;
51334;202200033273;754 631;B01;2;1;0;2;1;1;5;
51335;202200033274;754 627;A01;2;7;15;0;3;1;1;
51336;202200033276;754 624;A01;1;80;8;0;0;0;3;
51337;202200033277;754 619;B01;2;17;0;0;5;2;1;
51338;202200033277;754 621;A01;2;7;0;2;1;2;1;
51339;202200033278;754 620;B01;0;1;0;2;8;19;5;
51340;202200033278;754 623;A01;0;7;0;2;2;1;1;
51341;202200033279;754 618;A01;1;37;0;2;1;1;1;2.0
51342;202200033279;754 622;B01;2;7;0;2;1;13;1;
51343;202200033280;754 617;A01;1;7;10;0;3;1;1;
51344;202200033281;754 616;A01;3;7;7;0;3;1;1;
51345;202200033282;754 614;B01;1;1;0;2;2;1;5;
51346;202200033282;754 615;A01;1;7;0;2;3;16;1;
51347;202200033283;754 611;A01;3;7;0;2;3;15;1;
51348;202200033283;754 613;B01;3;31;0;2;1;0;1;
51349;202200033284;754 610;B01;3;10;0;2;4;23;1;
51350;202200033284;754 612;A01;3;33;0;2;1;1;0;
51351;202200033285;754 608;A01;2;7;0;0;0;13;1;
51352;202200033286;754 607;A01;1;7;0;2;3;9;1;
51353;202200033286;754 609;B01;1;80;0;2;1;1;3;
51354;202200033287;754 605;A01;1;7;0;1;2;1;1;
51355;202200033288;754 604;A01;1;7;0;2;5;15;0;
51356;202200033288;754 606;B01;2;34;0;2;1;1;1;
51357;202200033289;754 603;A01;2;7;0;1;2;1;1;
51358;202200033290;754 602;A01;1;7;13;1;1;1;1;
51359;202200033291;754 597;A01;2;7;0;2;7;15;1;
51360;202200033291;754 600;B01;1;7;0;2;1;1;1;
51361;202200033292;754 596;A01;0;10;0;2;3;13;1;
51362;202200033292;754 599;B01;3;7;0;2;3;1;1;
51363;202200033293;754 595;A01;3;7;0;1;1;1;1;
51364;202200033294;754 591;B01;2;7;0;2;1;2;1;
51365;202200033294;754 593;A01;2;7;0;2;2;2;1;
51366;202200033295;754 589;B01;1;31;0;2;1;17;1;
51367;202200033295;754 590;A01;1;7;0;2;3;9;1;
51368;202200033296;754 586;A01;1;7;0;2;4;9;1;
51369;202200033296;754 588;B01;1;7;0;2;1;1;1;
51370;202200033297;754 581;A01;0;7;6;0;3;19;1;
51371;202200033298;754 583;A01;2;7;0;2;1;2;1;
51372;202200033298;754 585;B01;2;7;0;2;4;2;1;
51373;202200033298;754 587;C01;2;7;0;0;4;23;1;
51374;202200033299;754 582;Z01;3;7;0;2;0;10;0;
51375;202200033299;754 584;B01;3;33;0;2;8;1;1;
51376;202200033300;754 579;A01;1;7;0;2;3;17;2;
51377;202200033300;754 580;B01;2;33;0;0;3;1;1;
51378;202200033301;754 578;A01;3;7;0;1;8;15;1;
51379;202200033302;754 577;A01;0;7;0;1;2;1;1;
51380;202200033303;754 576;A01;1;7;13;0;2;1;1;
51381;202200033304;754 575;A01;3;7;15;0;1;26;1;
51382;202200033306;754 573;B01;1;7;0;2;3;15;1;
51383;202200033306;754 574;A01;2;34;0;2;1;1;1;
51384;202200033307;754 568;B01;3;37;0;2;3;1;1;3.0
51385;202200033307;754 571;A01;3;7;0;2;5;14;1;
51386;202200033309;754 565;A01;2;10;0;2;1;2;1;
51387;202200033309;754 566;B01;2;7;0;2;4;2;1;
51388;202200033310;754 563;A01;3;1;0;2;1;1;5;
51389;202200033310;754 564;B01;1;7;0;2;3;15;1;
51390;202200033311;754 561;A01;1;7;0;2;1;2;1;
51391;202200033312;754 558;B01;1;7;0;2;1;1;1;
51392;202200033312;754 560;C01;2;7;0;2;3;1;1;
51393;202200033312;754 562;A01;2;7;0;2;5;15;1;
51394;202200033313;754 556;A01;2;14;0;2;1;2;1;
51395;202200033313;754 557;B01;2;7;0;2;4;2;1;