;Num_Acc;id_vehicule;num_veh;senc;catv;obs;obsm;choc;manv;motor;occutc
51396;202200033314;754 555;B01;3;50;0;2;1;15;3;
51397;202200033314;754 559;A01;3;7;0;2;1;2;1;
51398;202200033315;754 553;A01;2;7;0;1;2;1;1;
51399;202200033316;754 551;A01;1;7;9;0;3;1;1;
51400;202200033318;754 546;A01;1;7;0;2;4;1;1;
51401;202200033318;754 548;B01;3;1;0;2;1;1;5;
51402;202200033319;754 545;A01;3;7;0;1;1;2;1;
51403;202200033320;754 540;A01;1;7;0;2;1;2;1;
51404;202200033320;754 541;B01;1;7;0;2;4;2;1;
51405;202200033321;754 542;A01;3;7;13;0;9;26;1;
51406;202200033322;754 539;A01;1;14;0;2;3;13;0;
51407;202200033322;754 543;B01;1;7;0;2;5;1;1;
51408;202200033322;754 544;C01;1;7;0;2;7;1;0;
51409;202200033323;754 536;B01;2;33;0;2;8;1;1;
51410;202200033323;754 538;A01;2;7;0;2;2;12;1;
51411;202200033324;754 534;B01;2;10;0;2;5;1;1;
51412;202200033324;754 537;A01;2;33;0;2;3;13;1;
51413;202200033325;754 530;A01;1;10;7;0;1;13;1;
51414;202200033326;754 529;A01;1;7;3;2;1;9;1;
51415;202200033326;754 532;B01;1;17;3;2;1;2;1;
51416;202200033326;754 533;C01;1;7;3;2;1;2;1;
51417;202200033326;754 535;D01;1;7;3;2;5;2;2;
51418;202200033327;754 528;A01;2;30;0;2;1;1;1;
51419;202200033327;754 531;B01;1;43;0;2;1;1;1;
51420;202200033328;754 526;A01;2;7;0;1;0;1;1;
51421;202200033329;754 525;A01;1;10;0;2;1;26;1;
51422;202200033329;754 527;B01;1;7;0;2;4;0;1;
51423;202200033330;754 524;A01;2;30;0;1;0;7;1;
51424;202200033331;754 522;A01;2;33;0;0;0;3;1;
51425;202200033332;754 523;A01;1;43;8;0;1;1;1;
51426;202200033333;754 521;A01;2;80;0;1;1;5;3;
51427;202200033334;754 518;A01;1;10;4;0;4;23;1;
51428;202200033334;754 520;B01;1;15;1;0;1;1;1;
51429;202200033335;754 519;A01;2;1;0;0;0;1;5;
51430;202200033336;754 517;A01;3;7;0;1;1;1;1;
51431;202200033337;754 515;A01;1;7;0;1;1;1;1;
51432;202200033338;754 514;B01;1;10;0;2;2;1;1;
51433;202200033338;754 516;A01;2;33;0;2;1;1;1;
51434;202200033339;754 512;A01;1;7;1;0;2;14;1;
51435;202200033339;754 513;B01;1;7;0;2;6;24;1;
51436;202200033340;754 510;A01;1;7;0;2;5;4;1;
51437;202200033340;754 511;B01;1;32;0;2;1;23;1;
51438;202200033341;754 508;Z01;3;7;0;1;0;25;0;
51439;202200033342;754 507;B01;2;7;0;2;3;1;1;
51440;202200033342;754 509;A01;2;7;0;2;2;1;1;
51441;202200033343;754 502;A01;3;1;0;2;1;5;5;
51442;202200033343;754 504;B01;2;7;0;2;2;1;1;
51443;202200033344;754 503;A01;3;43;0;2;3;2;1;
51444;202200033344;754 506;B01;3;7;0;2;4;2;1;
51445;202200033345;754 505;A01;2;7;0;1;3;1;1;
51446;202200033346;754 500;Z01;1;10;0;0;0;0;1;
51447;202200033346;754 501;B01;1;1;0;2;8;2;5;
51448;202200033347;754 498;Z01;2;7;0;2;1;14;1;
51449;202200033347;754 499;A01;2;32;0;2;8;18;1;
51450;202200033348;754 497;A01;1;50;0;1;1;1;3;
51451;202200033349;754 496;A01;3;15;6;0;1;9;1;
51452;202200033350;754 490;A01;1;7;0;2;1;2;1;
51453;202200033350;754 493;B01;2;7;0;2;9;23;2;
51454;202200033350;754 495;C01;2;7;0;2;4;23;2;
51455;202200033351;754 489;A01;1;10;0;2;2;15;1;
51456;202200033351;754 491;B01;1;1;0;2;8;1;5;
51457;202200033352;754 492;B01;2;7;0;2;5;16;1;
51458;202200033352;754 494;A01;2;32;0;2;1;18;1;
51459;202200033353;754 487;A01;2;7;6;0;1;9;1;
51460;202200033354;754 486;B01;1;7;0;2;4;11;1;
51461;202200033354;754 488;A01;1;33;0;2;1;1;1;
51462;202200033355;754 484;A01;2;7;12;0;2;17;1;
51463;202200033356;754 483;B01;1;7;0;2;6;23;2;
51464;202200033356;754 485;A01;1;33;0;2;1;2;1;
51465;202200033357;754 481;B01;3;1;0;2;1;1;5;
51466;202200033357;754 482;A01;3;10;0;2;6;4;1;
51467;202200033359;754 479;B01;1;50;0;2;1;1;3;
51468;202200033359;754 480;A01;1;10;0;2;3;15;1;
51469;202200033360;754 477;Z01;1;7;0;1;0;20;2;
51470;202200033361;754 475;A01;1;7;0;2;1;2;1;
51471;202200033361;754 476;B01;1;7;0;2;4;2;1;
51472;202200033362;754 474;A01;1;7;15;1;1;19;1;
51473;202200033363;754 472;A01;2;7;0;2;2;15;1;
51474;202200033363;754 473;B01;2;7;0;2;8;1;1;
51475;202200033364;754 471;A01;1;7;2;0;1;13;1;
51476;202200033365;754 470;A01;2;50;0;1;1;1;3;
51477;202200033366;754 466;B01;3;7;0;2;1;1;1;
51478;202200033366;754 468;A01;3;7;0;2;3;19;3;
51479;202200033367;754 467;A01;1;7;0;1;1;10;1;
51480;202200033368;754 465;B01;2;10;0;2;4;2;3;
51481;202200033368;754 469;A01;2;1;0;2;1;2;5;
51482;202200033371;754 459;A01;1;10;0;2;3;22;1;
51483;202200033371;754 461;B01;1;1;0;2;2;1;5;
51484;202200033372;754 457;B01;3;7;0;0;4;2;0;
51485;202200033372;754 458;A01;3;10;0;2;1;2;1;
51486;202200033373;754 455;A01;1;30;0;0;0;1;1;
51487;202200033374;754 456;Z01;2;31;0;1;7;3;1;
51488;202200033375;754 452;B01;1;30;0;2;4;15;3;
51489;202200033375;754 454;A01;1;34;0;2;1;26;1;
51490;202200033376;754 450;A01;2;7;1;1;1;2;1;
51491;202200033377;754 451;A01;1;34;0;2;1;15;1;
51492;202200033377;754 453;B01;2;7;0;2;2;1;1;
51493;202200033378;754 449;A01;2;7;0;1;2;1;1;
51494;202200033379;754 448;A01;1;43;0;0;6;20;1;
51495;202200033380;754 447;A01;3;80;0;1;1;25;3;
51496;202200033382;754 441;A01;1;37;0;1;2;16;1;1.0
51497;202200033383;754 442;B01;1;7;0;2;1;1;1;
51498;202200033383;754 444;A01;2;7;0;2;7;15;2;
51499;202200033384;754 443;A01;1;1;0;1;1;1;5;
51500;202200033385;754 438;B01;3;7;0;2;6;1;1;
51501;202200033385;754 440;A01;3;15;0;2;2;14;1;
51502;202200033386;754 439;A01;2;2;13;0;2;2;1;
51503;202200033387;754 436;A01;1;30;0;2;5;1;1;
51504;202200033387;754 437;B01;1;80;0;2;1;16;3;
51505;202200033388;754 435;A01;1;7;0;1;0;1;0;
51506;202200033389;754 433;A01;1;2;0;2;1;5;1;
51507;202200033389;754 434;B01;2;7;0;2;1;21;1;
51508;202200033390;754 430;A01;1;33;0;0;0;0;1;
51509;202200033391;754 429;A01;2;32;0;2;1;1;1;
51510;202200033391;754 432;B01;1;30;0;2;5;1;3;
51511;202200033392;754 428;A01;2;30;0;2;1;1;1;
51512;202200033392;754 431;B01;2;10;0;2;4;23;1;
51513;202200033393;754 427;A01;2;7;2;0;2;13;1;
51514;202200033394;754 424;B01;3;7;0;2;3;9;1;
51515;202200033394;754 426;A01;1;7;0;2;3;9;1;
51516;202200033395;754 425;A01;2;7;8;0;1;1;1;
51517;202200033396;754 421;B01;2;1;0;2;0;1;5;
51518;202200033396;754 422;A01;1;7;0;2;0;15;1;
51519;202200033397;754 419;A01;2;7;0;2;3;10;1;
51520;202200033397;754 420;B01;2;30;0;2;2;1;1;
51521;202200033398;754 416;A01;1;7;0;2;1;9;1;
51522;202200033398;754 418;B01;2;33;0;2;9;1;1;
51523;202200033399;754 415;A01;1;1;12;0;0;13;5;
51524;202200033400;754 414;B01;1;17;0;0;4;1;1;
51525;202200033400;754 417;A01;1;10;3;2;1;21;1;
51526;202200033401;754 411;A01;2;1;0;2;1;1;5;
51527;202200033401;754 413;B01;2;10;0;9;3;9;1;
51528;202200033402;754 410;A01;1;1;0;2;7;1;5;
51529;202200033402;754 412;Z01;2;7;0;2;8;1;1;
51530;202200033403;754 406;A01;2;7;0;2;3;15;1;
51531;202200033403;754 408;B01;1;2;0;2;1;1;1;
51532;202200033404;754 403;Z01;2;7;0;2;0;16;0;
51533;202200033404;754 405;A01;1;30;0;2;6;7;3;
51534;202200033405;754 400;B01;1;7;0;2;1;1;1;
51535;202200033405;754 402;A01;3;7;0;2;6;19;1;
51536;202200033406;754 397;A01;1;1;0;2;4;13;5;
51537;202200033406;754 399;B01;1;43;0;2;1;1;1;
51538;202200033408;754 394;A01;3;7;0;1;1;1;1;
51539;202200033409;754 393;A01;1;7;0;2;0;15;1;
51540;202200033409;754 395;B01;2;30;0;2;0;1;1;
51541;202200033410;754 391;B01;1;7;0;0;3;1;1;
51542;202200033410;754 392;A01;2;7;0;0;3;1;1;
51543;202200033411;754 387;A01;1;33;8;2;1;1;6;
51544;202200033411;754 390;B01;1;7;8;0;8;15;6;
51545;202200033413;754 384;B01;2;33;0;2;3;1;1;
51546;202200033413;754 386;A01;1;7;0;2;3;1;1;
51547;202200033414;754 381;B01;2;7;0;2;1;1;1;
51548;202200033414;754 383;A01;2;1;0;2;1;15;5;
51549;202200033415;754 382;A01;0;7;0;1;1;0;1;
51550;202200033416;754 380;A01;2;33;7;0;1;1;1;
51551;202200033417;754 379;A01;1;7;0;1;1;1;1;
51552;202200033418;754 377;A01;1;10;0;1;1;15;3;
51553;202200033419;754 378;A01;2;7;3;0;7;1;1;
51554;202200033420;754 376;A01;1;7;0;1;2;1;1;
51555;202200033421;754 374;A01;3;33;0;1;0;1;1;
51556;202200033422;754 373;A01;3;7;0;2;5;15;1;
51557;202200033422;754 375;B01;3;31;0;2;1;1;1;
51558;202200033423;754 372;A01;1;7;5;0;4;13;1;
51559;202200033424;754 369;B01;2;50;0;2;2;1;3;
51560;202200033424;754 371;A01;2;7;0;2;2;15;1;
51561;202200033425;754 367;A01;2;1;0;0;8;1;5;
51562;202200033425;754 370;B01;1;10;0;2;2;15;1;
51563;202200033426;754 366;B01;1;2;0;2;1;1;1;
51564;202200033426;754 368;Z01;1;7;0;9;7;26;1;
51565;202200033427;754 364;A01;1;7;13;0;1;14;1;
51566;202200033428;754 363;A01;1;7;1;0;0;0;1;
51567;202200033428;754 365;B01;1;7;0;2;1;24;1;
51568;202200033429;754 362;A01;2;7;6;0;1;1;1;
51569;202200033430;754 359;A01;2;7;0;2;8;9;1;
51570;202200033430;754 361;Y01;1;50;0;2;1;1;3;
51571;202200033432;754 358;A01;1;7;0;1;1;15;1;
51572;202200033433;754 355;B01;2;1;0;2;1;1;5;
51573;202200033433;754 356;A01;2;7;0;9;5;16;1;
51574;202200033434;754 353;A01;2;7;0;1;1;15;1;
51575;202200033435;754 354;A01;1;7;15;0;1;1;1;
51576;202200033436;754 351;B01;2;1;0;2;8;2;5;
51577;202200033436;754 352;A01;2;1;0;0;7;2;5;
51578;202200033437;754 349;A01;3;7;6;0;2;1;1;
51579;202200033438;754 346;A01;2;30;0;2;3;1;1;
51580;202200033438;754 347;B01;2;17;0;2;5;17;1;
51581;202200033439;754 348;B01;1;40;0;2;1;1;3;
51582;202200033439;754 350;A01;1;7;0;4;1;1;1;
51583;202200033440;754 345;A01;1;7;6;0;3;0;1;
51584;202200033441;754 343;B01;3;80;0;2;9;19;3;
51585;202200033441;754 344;A01;3;7;0;2;5;1;3;
51586;202200033442;754 340;A01;1;7;0;2;2;15;1;
51587;202200033442;754 341;B01;2;43;0;2;1;1;1;
51588;202200033443;754 339;A01;0;7;0;1;0;2;1;
51589;202200033444;754 338;B01;2;7;0;2;3;1;1;
51590;202200033444;754 342;A01;3;7;0;2;8;19;1;
51591;202200033445;754 336;A01;2;40;0;1;2;1;3;
51592;202200033446;754 335;A01;2;7;0;2;1;17;1;
51593;202200033446;754 337;B01;1;15;0;2;1;1;1;
51594;202200033447;754 331;B01;1;7;1;0;4;24;1;
51595;202200033447;754 333;A01;1;10;0;2;1;14;1;
51596;202200033448;754 332;A01;1;7;0;2;1;2;1;
51597;202200033448;754 334;B01;1;10;0;2;4;2;1;
51598;202200033450;754 327;A01;2;34;0;2;1;1;1;
51599;202200033450;754 329;B01;1;7;0;2;7;1;1;
51600;202200033451;754 326;A01;-1;7;15;4;7;0;1;
51601;202200033451;754 328;B01;2;39;0;2;1;1;0;
51602;202200033452;754 322;A01;1;7;0;2;3;9;0;
51603;202200033452;754 324;B01;2;1;0;2;0;2;5;
51604;202200033453;754 321;B01;3;7;0;2;3;1;1;
51605;202200033453;754 325;A01;3;7;0;2;5;16;1;
51606;202200033454;754 320;B01;2;7;0;0;3;1;1;
51607;202200033454;754 323;A01;2;33;0;2;2;17;1;
51608;202200033455;754 319;A01;3;7;0;1;3;0;0;
51609;202200033456;754 317;A01;3;7;0;1;3;1;1;
51610;202200033458;754 311;A01;1;33;0;2;1;21;1;
51611;202200033458;754 313;B01;1;10;0;0;6;1;1;
51612;202200033458;754 314;C01;1;33;0;0;7;1;1;
51613;202200033459;754 310;B01;1;7;0;1;6;1;1;
51614;202200033459;754 312;A01;1;7;0;2;2;17;1;
51615;202200033460;754 309;A01;1;7;0;1;1;26;0;
51616;202200033461;754 307;A01;1;2;0;2;8;15;1;
51617;202200033461;754 308;B01;3;7;0;2;1;19;1;
51618;202200033462;754 305;A01;3;7;0;2;3;13;1;
51619;202200033462;754 306;B01;3;2;0;2;1;17;1;
51620;202200033463;754 303;A01;3;7;0;2;2;1;1;
51621;202200033463;754 304;B01;2;2;0;2;3;16;1;
51622;202200033464;754 302;A01;1;10;0;1;2;1;1;
51623;202200033465;754 300;B01;2;7;2;2;3;21;1;
51624;202200033465;754 301;A01;1;1;0;2;3;13;5;
51625;202200033466;754 298;B01;3;43;9;2;3;2;6;
51626;202200033466;754 299;A01;3;34;9;2;3;2;6;
51627;202200033467;754 297;A01;2;7;2;0;3;1;1;
51628;202200033468;754 296;A01;0;7;9;0;1;15;2;
51629;202200033469;754 295;A01;2;7;0;0;9;0;1;
51630;202200033472;754 291;B01;1;7;0;9;2;20;1;
51631;202200033472;754 292;A01;2;80;0;2;2;5;3;
51632;202200033473;754 289;A01;0;7;1;0;2;10;1;
51633;202200033474;754 286;B01;3;1;0;2;7;19;5;
51634;202200033474;754 288;A01;1;7;0;2;1;1;1;
51635;202200033475;754 285;A01;1;7;0;2;2;17;1;
51636;202200033475;754 287;B01;1;7;0;2;3;15;1;
51637;202200033476;754 284;A01;3;1;2;0;0;1;5;
51638;202200033477;754 283;A01;2;36;15;0;2;15;1;
51639;202200033478;754 281;B01;3;43;9;2;3;5;1;
51640;202200033478;754 282;A01;3;30;2;2;1;1;1;
51641;202200033479;754 280;A01;1;7;2;0;1;0;1;
51642;202200033480;754 278;B01;3;2;0;2;1;2;1;
51643;202200033480;754 279;A01;3;3;0;2;3;16;1;
51644;202200033481;754 276;B01;1;7;0;2;3;21;1;
51645;202200033481;754 277;A01;2;7;0;2;3;13;1;
51646;202200033482;754 273;A01;2;33;0;0;8;1;1;
51647;202200033483;754 274;A01;0;7;0;2;1;1;1;
51648;202200033483;754 275;B01;1;33;0;2;4;1;1;
51649;202200033484;754 271;A01;2;32;1;0;1;17;1;
51650;202200033484;754 272;B01;2;10;0;2;4;23;1;
51651;202200033485;754 270;A01;1;7;13;0;1;21;1;
51652;202200033487;754 267;B01;1;0;0;2;7;0;0;
51653;202200033487;754 269;A01;1;34;0;2;1;0;1;
51654;202200033488;754 262;A01;1;7;0;9;2;16;1;
51655;202200033488;754 264;B01;1;1;0;2;3;16;5;
51656;202200033489;754 263;C01;1;7;0;2;1;1;1;
51657;202200033489;754 265;B01;2;2;0;2;8;1;1;
51658;202200033489;754 266;A01;2;33;0;2;1;13;1;
51659;202200033490;754 260;A01;1;7;0;2;3;26;1;
51660;202200033490;754 261;B01;1;2;0;2;2;1;1;
51661;202200033492;754 256;B01;2;33;0;2;8;13;1;
51662;202200033492;754 257;A01;2;7;0;2;7;14;1;
51663;202200033493;754 251;A01;1;33;0;0;7;1;1;
51664;202200033495;754 249;B01;1;17;0;2;1;1;1;
51665;202200033495;754 250;D01;1;17;0;2;1;1;1;
51666;202200033495;754 252;E01;1;14;0;0;4;1;1;
51667;202200033495;754 253;F01;1;17;0;2;1;1;1;
51668;202200033495;754 254;C01;1;17;0;0;4;1;1;
51669;202200033495;754 255;A01;1;17;0;0;4;1;1;
51670;202200033496;754 246;B01;2;7;0;2;1;1;1;
51671;202200033496;754 247;A01;1;7;3;2;7;19;1;
51672;202200033498;754 242;A01;2;7;0;0;6;1;1;
51673;202200033498;754 245;B01;2;7;3;2;1;14;1;
51674;202200033499;754 241;A01;2;7;2;0;1;19;1;
51675;202200033500;754 238;B01;3;7;0;2;1;1;1;
51676;202200033500;754 240;A01;3;7;7;2;5;1;1;
51677;202200033501;754 237;A01;2;7;0;2;1;13;1;
51678;202200033501;754 239;B01;1;10;0;2;1;1;1;
51679;202200033502;754 236;A01;2;1;0;0;0;1;5;
51680;202200033503;754 235;A01;1;31;3;0;7;1;1;
51681;202200033504;754 230;B01;2;21;0;2;3;21;1;
51682;202200033504;754 232;A01;1;10;0;2;3;13;1;
51683;202200033505;754 231;C01;2;10;0;0;0;17;1;
51684;202200033505;754 233;B01;1;7;0;2;7;21;1;
51685;202200033505;754 234;A01;2;10;0;2;1;1;1;
51686;202200033507;754 226;A01;3;7;0;2;1;9;1;
51687;202200033507;754 229;B01;1;34;0;2;7;1;1;
51688;202200033508;754 225;A01;3;7;0;0;2;1;1;
51689;202200033509;754 224;A01;-1;7;17;0;3;1;1;
51690;202200033510;754 223;A01;1;33;0;0;0;1;1;
51691;202200033511;754 222;A01;2;7;2;0;1;21;1;
51692;202200033513;754 220;A01;2;80;0;0;1;1;3;
51693;202200033515;754 215;A01;0;32;0;2;1;13;1;
51694;202200033515;754 217;B01;3;7;0;2;3;1;1;
51695;202200033516;754 214;A01;2;7;13;0;1;1;1;
51696;202200033518;754 211;B01;1;7;0;2;8;15;1;
51697;202200033518;754 212;A01;1;33;0;2;2;17;1;
51698;202200033519;754 210;A01;2;2;9;0;8;25;1;
51699;202200033520;754 209;A01;3;31;0;0;8;24;1;
51700;202200033521;754 207;A01;1;21;0;2;3;15;1;
51701;202200033521;754 208;B01;1;7;0;2;7;1;1;
51702;202200033522;754 205;A01;1;7;0;2;7;17;3;
51703;202200033522;754 206;B01;2;13;0;2;2;1;0;
51704;202200033523;754 204;A01;2;33;0;0;1;1;1;
51705;202200033524;754 201;B01;2;7;0;2;3;1;1;
51706;202200033524;754 202;A01;1;34;0;2;3;17;1;
51707;202200033525;754 200;A01;2;33;0;2;1;15;1;
51708;202200033525;754 203;B01;2;7;0;2;8;1;1;
51709;202200033526;754 199;A01;1;7;6;0;2;1;1;
51710;202200033527;754 198;A01;3;36;6;0;1;0;1;
51711;202200033528;754 196;B01;1;7;0;2;8;15;1;
51712;202200033528;754 197;A01;1;33;0;2;2;17;1;
51713;202200033529;754 195;A01;3;7;16;0;9;1;1;
51714;202200033530;754 194;A01;3;7;2;0;6;1;3;
51715;202200033531;754 193;A01;1;7;12;0;1;1;1;
51716;202200033532;754 191;A01;1;20;0;2;2;15;1;
51717;202200033532;754 192;B01;2;7;0;9;3;1;1;
51718;202200033533;754 188;A01;1;7;0;2;4;15;1;
51719;202200033533;754 190;B01;1;7;0;2;1;21;1;
51720;202200033534;754 187;A01;2;2;0;2;1;21;1;
51721;202200033534;754 189;B01;2;7;0;2;5;23;1;
51722;202200033536;754 184;A01;1;7;13;0;1;1;1;
51723;202200033537;754 183;A01;0;33;7;0;1;6;1;
51724;202200033539;754 178;A01;3;7;16;0;9;12;1;
51725;202200033540;754 177;A01;3;7;1;0;3;1;1;
51726;202200033541;754 175;[01;-1;0;0;2;1;0;-1;
51727;202200033541;754 176;A01;1;7;0;2;4;1;2;
51728;202200033542;754 172;B01;1;7;0;2;1;1;2;
51729;202200033542;754 174;A01;2;7;0;2;8;1;1;
51730;202200033544;754 169;B01;1;30;0;2;1;1;1;
51731;202200033544;754 170;A01;2;7;0;2;2;15;1;
51732;202200033545;754 165;A01;3;0;0;1;0;2;0;
51733;202200033546;754 164;A01;2;7;0;2;7;12;1;
51734;202200033546;754 166;B01;2;31;0;2;3;3;1;
51735;202200033546;754 167;C01;2;7;0;2;4;1;2;
51736;202200033546;754 168;D01;2;7;0;2;3;1;1;
51737;202200033547;754 163;A01;1;31;11;0;1;0;1;
51738;202200033548;754 162;A01;1;33;4;0;1;2;1;
51739;202200033549;754 161;A01;1;7;10;0;2;1;1;
51740;202200033550;754 159;A01;2;7;13;0;1;1;1;
51741;202200033551;754 158;B01;2;7;3;2;2;1;1;
51742;202200033551;754 160;A01;2;7;3;2;3;13;1;
51743;202200033552;754 155;A01;1;10;0;2;2;1;1;
51744;202200033552;754 157;B01;2;2;0;2;1;15;1;
51745;202200033553;754 154;A01;2;7;0;2;3;1;1;
51746;202200033553;754 156;B01;2;7;0;2;1;2;1;
51747;202200033554;754 153;A01;2;7;15;0;1;1;1;
51748;202200033556;754 148;B01;2;7;0;2;4;2;1;
51749;202200033556;754 152;A01;2;7;0;2;1;2;1;
51750;202200033557;754 147;A01;2;33;0;2;1;18;1;
51751;202200033557;754 149;B01;2;7;0;9;5;23;1;
51752;202200033558;754 143;B01;1;7;0;2;3;0;1;
51753;202200033558;754 146;A01;1;31;0;2;1;3;1;
51754;202200033559;754 142;A01;2;7;0;2;2;1;1;
51755;202200033559;754 144;B01;2;33;0;2;4;23;1;
51756;202200033559;754 145;C01;2;7;0;0;4;23;1;
51757;202200033560;754 140;A01;2;33;0;0;7;21;1;
51758;202200033561;754 139;B01;1;7;0;2;4;1;1;
51759;202200033561;754 141;A01;1;10;0;2;1;1;1;
51760;202200033562;754 136;A01;2;7;0;0;1;1;1;
51761;202200033563;754 135;C01;1;7;0;2;1;2;1;
51762;202200033563;754 137;B01;1;7;0;2;4;2;1;
51763;202200033563;754 138;A01;1;7;0;2;4;23;1;
51764;202200033564;754 133;A01;2;7;0;2;1;13;1;
51765;202200033564;754 134;B01;1;10;0;2;2;2;0;
51766;202200033565;754 130;A01;1;33;5;0;1;14;1;
51767;202200033566;754 131;B01;2;7;0;2;8;1;1;
51768;202200033566;754 132;A01;2;7;4;2;7;17;1;
51769;202200033567;754 128;A01;1;7;0;1;1;1;1;
51770;202200033568;754 127;B01;2;1;0;2;3;1;5;
51771;202200033568;754 129;A01;1;7;0;9;3;17;1;
51772;202200033569;754 125;A01;1;33;13;0;1;14;1;
51773;202200033570;754 126;B01;1;50;0;2;2;1;3;
51774;202200033571;754 124;A01;2;7;0;1;1;1;1;
51775;202200033572;754 123;A01;1;7;0;1;8;1;1;
51776;202200033573;754 120;A01;1;7;3;2;3;1;1;
51777;202200033573;754 122;B01;2;7;0;2;3;1;1;
51778;202200033574;754 119;B01;1;7;1;0;2;14;1;
51779;202200033574;754 121;A01;1;10;0;2;6;24;1;
51780;202200033575;754 116;B01;1;2;0;2;1;1;1;
51781;202200033575;754 117;A01;2;7;0;2;1;15;1;
51782;202200033576;754 118;A01;1;7;2;0;1;1;1;
51783;202200033578;754 111;A01;1;2;0;0;0;0;1;
51784;202200033579;754 112;B01;2;7;0;2;3;1;1;
51785;202200033579;754 114;A01;1;7;0;2;3;5;1;
51786;202200033580;754 109;B01;0;7;0;2;5;0;1;
51787;202200033580;754 110;A01;0;7;0;2;1;1;1;
51788;202200033581;754 107;A01;1;7;0;2;3;11;1;
51789;202200033581;754 108;B01;1;33;0;2;7;1;-1;
51790;202200033582;754 105;A01;2;2;0;2;2;1;3;
51791;202200033582;754 106;B01;2;7;0;2;6;1;1;
51792;202200033583;754 101;B01;1;7;0;2;7;16;1;
51793;202200033583;754 102;A01;1;60;0;2;1;1;5;
51794;202200033584;754 099;A01;3;7;0;2;6;9;1;
51795;202200033584;754 100;B01;1;33;0;2;1;1;1;
51796;202200033585;754 094;A01;2;7;0;2;3;15;1;
51797;202200033585;754 095;B01;2;33;0;2;1;1;1;
51798;202200033586;754 093;A01;3;7;0;1;4;4;1;
51799;202200033587;754 091;B01;1;2;0;2;1;2;1;
51800;202200033587;754 092;A01;1;7;0;2;4;23;1;
51801;202200033588;754 088;A01;1;7;0;2;1;2;1;
51802;202200033588;754 089;B01;1;7;0;2;4;1;1;
51803;202200033588;754 090;C01;1;3;0;2;4;2;1;
51804;202200033589;754 087;A01;2;7;0;1;2;1;1;
51805;202200033590;754 086;A01;1;7;0;0;1;2;1;
51806;202200033591;754 084;B01;1;7;0;2;2;18;1;
51807;202200033591;754 085;A01;1;7;0;2;2;18;1;
51808;202200033592;754 082;A01;1;31;0;2;1;1;1;
51809;202200033592;754 083;B01;1;7;0;2;7;15;1;
51810;202200033595;754 078;A01;1;7;0;1;3;1;1;
51811;202200033596;754 077;A01;1;7;5;0;9;1;1;
51812;202200033597;754 075;A01;0;7;8;2;8;15;1;
51813;202200033597;754 076;B01;0;7;8;0;1;1;1;
51814;202200033598;754 073;A01;2;7;0;2;3;15;1;
51815;202200033598;754 074;B01;1;31;0;2;1;1;1;
51816;202200033599;754 070;B01;1;7;0;2;1;2;1;
51817;202200033599;754 071;C01;2;7;0;2;8;23;1;
51818;202200033599;754 072;A01;1;7;0;2;8;9;1;
51819;202200033600;754 068;B01;0;50;0;2;1;19;3;
51820;202200033600;754 069;A01;3;7;0;2;1;1;1;
51821;202200033601;754 066;B01;3;10;0;2;3;0;0;
51822;202200033601;754 067;A01;3;50;0;2;8;19;3;
51823;202200033602;754 064;B01;2;7;0;2;4;2;1;
51824;202200033602;754 065;A01;2;7;0;2;1;2;1;
51825;202200033603;754 060;A01;3;7;0;2;5;15;0;
51826;202200033603;754 061;B01;3;2;0;2;1;1;1;
51827;202200033604;754 058;A01;2;43;0;0;3;16;1;
51828;202200033604;754 059;B01;2;7;0;0;1;9;1;
51829;202200033605;754 057;A01;0;34;0;0;1;1;1;
51830;202200033606;754 056;A01;1;7;0;1;2;26;1;
51831;202200033607;754 053;A01;1;7;14;2;1;26;1;
51832;202200033607;754 054;B01;1;7;0;2;4;1;1;
51833;202200033607;754 055;C01;1;7;16;0;4;15;1;
51834;202200033609;754 048;B01;1;2;0;2;1;5;1;
51835;202200033609;754 049;A01;2;7;0;2;2;21;1;
51836;202200033610;754 046;A01;2;7;0;2;2;12;1;
51837;202200033610;754 047;B01;2;7;0;2;8;1;1;
51838;202200033611;754 044;Z01;1;7;0;2;1;0;1;
51839;202200033611;754 045;B01;2;34;0;2;1;1;1;
51840;202200033613;754 040;A01;3;7;0;2;7;16;1;
51841;202200033613;754 041;B01;3;2;0;2;2;1;1;
51842;202200033614;754 039;A01;3;43;12;0;2;14;1;
51843;202200033615;754 038;A01;2;31;0;0;0;1;1;
51844;202200033616;754 036;A01;1;31;0;2;7;12;1;
51845;202200033616;754 037;B01;1;7;0;2;8;1;1;
51846;202200033617;754 033;Z01;1;7;0;2;0;12;0;
51847;202200033617;754 034;B01;1;7;6;2;8;2;1;
51848;202200033617;754 035;A01;1;7;0;2;7;2;1;
51849;202200033618;754 031;A01;2;33;0;2;2;3;1;
51850;202200033618;754 032;B01;2;7;0;2;3;11;1;
51851;202200033619;754 029;A01;1;34;0;2;8;1;1;
51852;202200033619;754 030;Z01;1;7;0;2;5;12;1;
51853;202200033620;754 027;Z01;1;7;0;2;7;12;0;
51854;202200033620;754 028;A01;1;33;0;2;8;3;1;
51855;202200033621;754 024;A01;1;15;0;2;2;2;1;
51856;202200033621;754 025;B01;1;10;0;2;6;11;1;