;Num_Acc;id_vehicule;num_veh;senc;catv;obs;obsm;choc;manv;motor;occutc
51857;202200033621;754 026;C01;1;7;0;2;8;2;1;
51858;202200033622;754 022;B01;1;7;0;2;8;20;1;
51859;202200033622;754 023;A01;1;30;0;2;7;17;1;
51860;202200033623;754 020;B01;1;1;0;2;3;1;5;
51861;202200033623;754 021;A01;2;37;0;2;2;15;3;1.0
51862;202200033624;754 019;Z01;1;1;0;1;1;1;5;
51863;202200033625;754 017;A01;3;1;0;2;1;1;5;
51864;202200033625;754 018;B01;3;1;0;2;4;1;5;
51865;202200033626;754 015;Z01;1;7;0;2;4;9;2;
51866;202200033626;754 016;A01;1;50;0;2;1;1;3;
51867;202200033627;754 014;A01;1;7;0;1;6;20;1;
51868;202200033628;754 012;A01;1;7;0;2;3;15;1;
51869;202200033628;754 013;B01;2;1;0;2;1;1;5;
51870;202200033629;754 010;A01;1;34;0;2;1;1;1;
51871;202200033629;754 011;B01;2;7;0;2;3;1;2;
51872;202200033630;754 008;A01;3;7;0;2;1;23;1;
51873;202200033630;754 009;B01;3;33;0;2;1;1;1;
51874;202200033631;754 007;A01;1;7;0;1;2;1;2;
51875;202200033632;754 006;A01;2;30;8;0;1;1;3;
51876;202200033633;754 005;A01;1;3;6;0;2;1;0;
51877;202200033634;754 004;A01;3;7;0;1;3;16;1;
51878;202200033637;753 999;A01;1;7;0;1;1;15;2;
51879;202200033638;753 997;A01;3;7;0;9;3;1;1;
51880;202200033638;753 998;B01;3;7;0;2;1;13;1;
51881;202200033639;753 995;B01;2;7;0;2;6;26;2;
51882;202200033639;753 996;A01;2;1;0;2;0;0;5;
51883;202200033640;753 994;A01;2;7;2;0;1;14;1;
51884;202200033641;753 992;A01;0;2;0;2;1;2;1;
51885;202200033641;753 993;B01;0;2;0;0;6;15;1;
51886;202200033642;753 991;A01;2;1;0;0;0;1;5;
51887;202200033643;753 989;A01;1;7;0;2;1;1;1;
51888;202200033643;753 990;B01;1;21;0;0;4;15;1;
51889;202200033644;753 987;A01;1;10;0;2;1;26;1;
51890;202200033644;753 988;C01;1;1;0;2;4;1;5;
51891;202200033645;753 986;A01;1;2;8;0;2;1;1;
51892;202200033646;753 984;A01;2;7;0;2;3;0;2;
51893;202200033646;753 985;B01;1;7;0;2;3;0;1;
51894;202200033647;753 983;A01;1;7;15;0;1;1;1;
51895;202200033649;753 979;A01;0;99;0;0;8;9;6;
51896;202200033649;753 980;B01;1;7;0;5;1;1;1;
51897;202200033650;753 976;A01;2;7;6;0;1;5;1;
51898;202200033651;753 975;A01;2;7;6;0;3;13;1;
51899;202200033652;753 974;A01;3;1;0;0;0;23;5;
51900;202200033653;753 973;A01;1;10;0;0;1;1;1;
51901;202200033654;753 972;A01;2;7;6;0;1;0;1;
51902;202200033655;753 971;A01;1;7;0;1;2;1;1;
51903;202200033656;753 970;A01;1;2;0;0;0;0;1;
51904;202200033657;753 969;A01;1;7;13;0;0;1;1;
51905;202200033658;753 967;B01;2;7;0;2;3;1;1;
51906;202200033658;753 968;A01;1;7;0;2;3;17;1;
51907;202200033659;753 964;A01;1;36;0;2;3;1;1;
51908;202200033659;753 965;B01;2;7;0;2;8;1;1;
51909;202200033660;753 962;B01;2;7;0;2;1;1;1;
51910;202200033660;753 963;A01;1;7;0;2;3;13;1;
51911;202200033661;753 961;A01;1;7;2;0;1;1;1;
51912;202200033662;753 959;B01;2;1;0;0;4;1;5;
51913;202200033662;753 960;A01;2;7;0;2;2;1;1;
51914;202200033663;753 957;B01;2;7;0;2;1;1;1;
51915;202200033663;753 958;A01;1;31;0;2;1;15;1;
51916;202200033664;753 955;B01;2;7;0;2;2;1;1;
51917;202200033664;753 956;A01;2;7;0;2;1;17;1;
51918;202200033665;753 954;A01;2;7;2;0;8;13;1;
51919;202200033666;753 953;A01;3;3;15;0;3;13;1;
51920;202200033667;753 952;A01;1;7;6;0;1;1;1;
51921;202200033668;753 950;A01;1;2;0;2;1;1;1;
51922;202200033668;753 951;B01;2;2;0;2;2;10;1;
51923;202200033669;753 949;A01;1;7;0;1;3;1;1;
51924;202200033670;753 947;A01;1;7;0;2;6;15;1;
51925;202200033670;753 948;B01;1;33;0;2;2;17;1;
51926;202200033671;753 945;B01;2;7;0;2;3;1;1;
51927;202200033671;753 946;A01;1;7;0;2;3;13;0;
51928;202200033674;753 939;A01;2;2;0;0;0;1;1;
51929;202200033675;753 937;B01;2;1;0;2;8;15;5;
51930;202200033675;753 938;A01;2;7;0;9;2;17;1;
51931;202200033676;753 935;B01;1;2;0;2;1;1;1;
51932;202200033676;753 936;A01;2;7;0;2;1;5;1;
51933;202200033677;753 933;B01;2;7;0;0;1;1;1;
51934;202200033677;753 934;A01;1;7;0;0;3;19;1;
51935;202200033678;753 931;B01;1;1;0;2;8;2;5;
51936;202200033678;753 932;A01;1;7;0;2;5;17;1;
51937;202200033679;753 928;A01;2;7;0;0;3;13;1;
51938;202200033679;753 929;B01;1;7;0;0;3;1;1;
51939;202200033679;753 930;C01;1;7;0;0;3;13;1;
51940;202200033680;753 927;A01;1;10;3;0;1;1;1;
51941;202200033681;753 926;A01;3;36;13;0;8;21;1;
51942;202200033682;753 925;A01;2;38;2;0;1;1;1;31.0
51943;202200033683;753 923;A01;1;7;0;2;3;15;1;
51944;202200033683;753 924;B01;2;7;0;2;3;1;1;
51945;202200033684;753 920;A01;2;10;0;0;0;15;1;
51946;202200033684;753 921;B01;1;7;8;2;1;21;1;
51947;202200033684;753 922;C01;2;2;0;2;1;1;1;
51948;202200033685;753 918;B01;-1;7;0;0;5;2;1;
51949;202200033685;753 919;A01;-1;7;0;2;3;2;1;
51950;202200033686;753 917;A01;1;7;2;0;7;1;1;
51951;202200033687;753 916;A01;1;33;5;0;1;1;1;
51952;202200033688;753 914;B01;2;7;0;2;3;1;1;
51953;202200033688;753 915;A01;1;7;0;2;3;1;1;
51954;202200033689;753 912;B01;2;7;0;0;4;2;1;
51955;202200033689;753 913;A01;2;33;0;2;1;2;1;
51956;202200033690;753 911;A01;0;2;9;0;0;0;0;
51957;202200033691;753 910;A01;1;7;8;0;1;5;1;
51958;202200033692;753 908;B01;2;1;0;0;1;1;5;
51959;202200033692;753 909;A01;1;7;0;0;2;15;1;
51960;202200033693;753 906;B01;1;7;0;0;4;23;1;
51961;202200033693;753 907;A01;1;7;0;2;1;2;1;
51962;202200033694;753 905;A01;1;7;1;0;1;1;1;
51963;202200033695;753 904;A01;1;7;3;0;2;1;1;
51964;202200033696;753 903;A01;1;0;0;1;0;0;0;
51965;202200033697;753 902;A01;3;7;8;0;1;13;1;
51966;202200033698;753 900;B01;3;7;0;2;1;1;1;
51967;202200033698;753 901;A01;3;7;0;2;1;1;1;
51968;202200033699;753 898;A01;2;7;13;0;0;26;1;
51969;202200033700;753 896;B01;2;33;0;2;4;23;1;
51970;202200033700;753 897;A01;2;33;0;2;1;1;1;
51971;202200033701;753 892;A01;1;7;5;0;2;1;1;
51972;202200033702;753 891;B01;2;7;1;0;1;2;1;
51973;202200033704;753 886;A01;2;13;0;2;1;2;1;
51974;202200033704;753 887;B01;2;7;0;2;4;23;1;
51975;202200033705;753 883;C01;2;7;0;2;4;2;1;
51976;202200033705;753 884;B01;2;7;0;2;4;1;1;
51977;202200033705;753 885;A01;2;10;0;2;1;2;1;
51978;202200033706;753 881;B01;2;7;0;2;2;2;1;
51979;202200033706;753 882;A01;2;7;0;2;3;2;1;
51980;202200033707;753 879;B01;1;7;0;2;4;2;1;
51981;202200033707;753 880;A01;1;7;0;2;1;2;1;
51982;202200033708;753 878;A01;2;7;1;0;1;26;1;
51983;202200033709;753 876;A01;2;10;0;2;6;2;1;
51984;202200033709;753 877;Z01;2;7;0;2;2;1;1;
51985;202200033710;753 874;B01;1;7;0;2;4;2;1;
51986;202200033710;753 875;A01;1;99;0;2;1;2;1;
51987;202200033711;753 873;A01;3;7;0;1;0;0;0;
51988;202200033712;753 871;C01;3;7;0;2;3;1;0;
51989;202200033712;753 872;A01;3;7;1;0;3;13;0;
51990;202200033713;753 866;B01;1;7;0;2;1;0;1;
51991;202200033713;753 867;A01;2;2;0;2;1;17;0;
51992;202200033714;753 864;A01;2;1;0;2;0;0;5;
51993;202200033714;753 865;B01;2;7;0;9;5;16;1;
51994;202200033716;753 860;A01;1;32;0;2;7;17;1;
51995;202200033716;753 861;B01;2;7;0;2;3;15;1;
51996;202200033717;753 858;B01;2;7;0;2;2;1;1;
51997;202200033717;753 859;A01;1;7;0;2;8;17;1;
51998;202200033718;753 857;A01;3;7;0;1;1;11;1;
51999;202200033721;753 849;A01;2;7;0;2;1;15;1;
52000;202200033721;753 850;B01;2;31;0;2;1;17;1;
52001;202200033722;753 848;Z01;3;7;0;1;2;26;1;
52002;202200033723;753 847;A01;1;7;1;0;2;0;1;
52003;202200033724;753 845;A01;1;7;12;0;3;15;1;
52004;202200033724;753 846;B01;2;33;12;0;2;1;1;
52005;202200033725;753 843;A01;1;30;0;2;1;0;1;
52006;202200033725;753 844;B01;1;7;0;2;4;0;1;
52007;202200033726;753 840;A01;3;7;0;2;4;9;1;
52008;202200033726;753 841;B01;2;7;0;2;1;1;1;
52009;202200033726;753 842;C01;1;7;0;2;1;1;1;
52010;202200033728;753 836;A01;1;7;0;2;5;0;1;
52011;202200033728;753 837;B01;2;31;0;2;1;2;1;
52012;202200033729;753 835;A01;1;7;0;1;1;16;1;
52013;202200033731;753 832;A01;0;7;15;0;7;1;1;
52014;202200033732;753 831;A01;1;30;1;0;1;21;1;
52015;202200033733;753 830;A01;1;7;1;0;2;15;1;
52016;202200033734;753 828;B01;1;7;0;2;5;1;1;
52017;202200033734;753 829;A01;1;1;0;2;3;1;5;
52018;202200033735;753 826;B01;1;1;0;2;7;1;5;
52019;202200033735;753 827;Z01;2;7;0;2;1;9;0;
52020;202200033737;753 822;B01;2;7;0;2;4;1;1;
52021;202200033737;753 823;A01;2;30;0;2;1;1;1;
52022;202200033738;753 821;A01;1;7;1;0;0;1;2;
52023;202200033739;753 819;A01;3;50;0;2;1;2;3;
52024;202200033739;753 820;B01;3;7;0;2;3;9;1;
52025;202200033740;753 818;A01;2;7;3;0;1;1;1;
52026;202200033741;753 817;A01;0;1;0;0;0;1;5;
52027;202200033742;753 815;B01;1;7;0;2;4;1;1;
52028;202200033742;753 816;A01;1;7;0;2;1;1;1;
52029;202200033743;753 813;B01;1;1;0;2;8;15;5;
52030;202200033743;753 814;A01;1;2;0;2;7;1;3;
52031;202200033746;753 809;A01;2;7;1;0;1;5;1;
52032;202200033747;753 807;A01;2;7;0;2;1;2;1;
52033;202200033747;753 808;B01;2;7;0;0;4;2;1;
52034;202200033748;753 806;A01;3;7;8;0;1;1;1;
52035;202200033749;753 800;A01;2;7;0;2;2;2;3;
52036;202200033749;753 801;B01;2;7;0;2;9;2;1;
52037;202200033749;753 802;C01;2;7;0;2;1;2;1;
52038;202200033749;753 803;D01;2;7;0;0;6;23;1;
52039;202200033750;753 798;A01;1;30;0;2;1;1;1;
52040;202200033750;753 799;B01;1;3;0;2;3;1;1;
52041;202200033751;753 797;A01;1;30;3;0;2;1;3;
52042;202200033753;753 794;B01;0;7;0;2;4;20;1;
52043;202200033753;753 795;A01;0;30;0;2;1;1;1;
52044;202200033754;753 792;A01;2;7;0;2;1;1;1;
52045;202200033754;753 793;B01;2;7;0;2;4;1;1;
52046;202200033756;753 789;A01;1;7;0;2;4;4;1;
52047;202200033756;753 790;B01;2;1;0;2;1;1;5;
52048;202200033757;753 787;A01;1;7;0;2;1;2;1;
52049;202200033757;753 788;B01;1;7;0;2;4;2;1;
52050;202200033758;753 785;B01;1;7;0;2;2;15;1;
52051;202200033758;753 786;A01;1;30;0;2;7;17;1;
52052;202200033759;753 780;A01;3;7;0;2;1;15;1;
52053;202200033759;753 781;B01;3;7;0;2;3;1;1;
52054;202200033760;753 778;A01;0;7;0;2;1;11;1;
52055;202200033760;753 779;B01;0;32;0;2;1;1;1;
52056;202200033761;753 776;B01;2;7;0;2;2;0;1;
52057;202200033761;753 777;A01;1;50;0;2;1;15;3;
52058;202200033762;753 774;A01;2;1;1;0;1;1;5;
52059;202200033762;753 775;B01;3;13;0;2;8;24;0;
52060;202200033763;753 773;A01;3;7;13;0;1;1;1;
52061;202200033764;753 771;A01;1;7;11;0;1;1;1;
52062;202200033765;753 769;A01;1;7;0;2;2;16;1;
52063;202200033765;753 770;B01;1;33;0;2;8;7;1;
52064;202200033766;753 766;A01;2;7;0;1;1;0;1;
52065;202200033767;753 767;A01;2;33;0;2;2;3;1;
52066;202200033767;753 768;B01;2;7;0;2;8;11;1;
52067;202200033768;753 764;B01;3;7;0;2;8;1;1;
52068;202200033768;753 765;A01;3;1;0;2;1;1;5;
52069;202200033769;753 762;A01;2;7;0;2;1;2;1;
52070;202200033769;753 763;B01;2;7;0;2;4;2;1;
52071;202200033771;753 757;A01;1;50;0;2;1;1;3;
52072;202200033771;753 759;B01;3;7;0;2;3;1;1;
52073;202200033774;753 748;A01;1;30;0;2;8;17;1;
52074;202200033774;753 751;B01;1;7;0;2;6;15;2;
52075;202200033775;753 745;A01;2;7;0;2;5;19;1;
52076;202200033775;753 747;B01;1;33;0;2;1;1;1;
52077;202200033776;753 744;B01;1;7;0;2;3;1;1;
52078;202200033776;753 746;A01;2;30;0;2;1;1;1;
52079;202200033777;753 742;B01;2;7;0;2;1;9;1;
52080;202200033777;753 743;A01;1;50;0;2;1;1;3;
52081;202200033778;753 739;B01;2;7;0;2;8;7;1;
52082;202200033778;753 741;A01;2;10;0;2;2;16;1;
52083;202200033779;753 738;A01;1;7;0;2;4;23;1;
52084;202200033779;753 740;B01;1;1;0;2;1;2;5;
52085;202200033780;753 737;A01;3;7;0;1;3;15;1;
52086;202200033782;753 734;A01;0;7;0;1;1;19;1;
52087;202200033783;753 731;Z01;1;7;0;2;2;1;1;
52088;202200033783;753 733;A01;2;30;0;2;5;23;1;
52089;202200033784;753 730;B01;1;7;0;2;2;1;1;
52090;202200033784;753 732;A01;1;30;0;2;6;11;1;
52091;202200033786;753 725;A01;1;7;0;2;5;26;1;
52092;202200033786;753 727;B01;1;31;0;2;1;2;0;
52093;202200033787;753 726;A01;1;50;0;2;0;1;3;
52094;202200033787;753 728;Z01;1;7;0;2;0;14;0;
52095;202200033788;753 724;A01;3;7;0;1;1;1;1;
52096;202200033789;753 723;A01;1;31;0;2;7;21;3;
52097;202200033791;753 719;A01;2;7;0;2;1;15;1;
52098;202200033791;753 721;B01;2;7;0;2;1;21;1;
52099;202200033793;753 715;A01;2;7;0;1;3;7;2;
52100;202200033795;753 711;A01;1;30;0;1;0;1;1;
52101;202200033796;753 714;B01;2;7;0;2;8;1;1;
52102;202200033796;753 716;A01;2;7;0;2;1;1;1;
52103;202200033797;753 709;A01;1;7;0;2;3;13;3;
52104;202200033797;753 710;B01;1;50;0;2;3;17;3;
52105;202200033798;753 707;B01;1;7;0;2;5;1;1;
52106;202200033798;753 708;A01;1;10;4;2;3;6;1;
52107;202200033800;753 704;A01;1;43;0;1;2;1;1;
52108;202200033801;753 705;Z01;1;1;0;1;0;16;5;
52109;202200033803;753 700;B01;3;32;0;2;1;1;1;
52110;202200033803;753 702;A01;3;7;0;2;8;10;1;
52111;202200033804;753 698;A01;2;32;0;2;7;1;1;
52112;202200033804;753 699;B01;2;7;0;2;2;16;1;
52113;202200033805;753 697;A01;2;7;0;1;3;15;1;
52114;202200033806;753 696;A01;1;7;0;1;8;4;2;
52115;202200033807;753 694;A01;3;7;0;1;1;1;1;
52116;202200033808;753 693;A01;1;7;0;2;2;15;1;
52117;202200033808;753 695;B01;1;13;0;2;8;15;1;
52118;202200033809;753 690;B01;1;1;0;2;4;2;5;
52119;202200033809;753 692;A01;1;1;0;2;1;2;5;
52120;202200033812;753 683;B01;2;34;0;2;0;1;1;
52121;202200033812;753 685;A01;2;7;0;2;1;1;1;
52122;202200033813;753 684;A01;2;7;6;2;1;26;0;
52123;202200033813;753 687;B01;3;7;1;0;3;24;0;
52124;202200033814;753 681;B01;0;7;0;2;0;1;1;
52125;202200033814;753 682;A01;0;7;0;2;1;1;3;
52126;202200033815;753 678;A01;3;7;0;2;8;19;1;
52127;202200033815;753 680;B01;3;7;0;2;1;0;1;
52128;202200033816;753 677;A01;2;7;0;2;3;15;1;
52129;202200033816;753 679;B01;1;7;0;2;6;1;2;
52130;202200033817;753 676;Z01;2;7;0;1;1;16;1;
52131;202200033818;753 674;A01;2;7;0;2;3;15;1;
52132;202200033818;753 675;B01;1;30;0;2;3;1;1;
52133;202200033819;753 673;A01;1;33;0;0;8;1;1;
52134;202200033821;753 668;A01;2;7;0;2;1;2;2;
52135;202200033821;753 669;B01;2;7;0;2;4;23;1;
52136;202200033821;753 670;C01;2;7;0;2;4;23;2;
52137;202200033821;753 671;D01;2;7;0;2;3;4;1;
52138;202200033822;753 667;A01;2;1;1;0;1;14;5;
52139;202200033823;753 665;A01;2;10;0;2;8;9;1;
52140;202200033823;753 666;B01;2;1;0;2;2;1;5;
52141;202200033824;753 664;A01;1;50;0;1;0;1;3;
52142;202200033825;753 663;A01;3;7;0;1;2;16;1;
52143;202200033826;753 662;A01;2;50;0;0;0;1;3;
52144;202200033827;753 660;B01;2;1;0;2;8;7;5;
52145;202200033827;753 661;A01;2;7;0;2;5;17;1;
52146;202200033828;753 659;Z01;2;50;0;1;2;1;3;
52147;202200033829;753 658;A01;1;7;0;1;3;1;1;
52148;202200033830;753 657;A01;3;32;0;0;1;1;1;
52149;202200033831;753 655;B01;1;30;0;2;7;17;1;
52150;202200033831;753 656;A01;1;7;0;2;8;15;1;
52151;202200033832;753 653;B01;2;20;0;2;8;15;1;
52152;202200033832;753 654;A01;2;31;0;2;2;17;1;
52153;202200033833;753 652;A01;1;32;0;1;1;13;0;
52154;202200033834;753 650;A01;1;7;0;2;3;11;1;
52155;202200033834;753 651;B01;1;15;0;2;2;1;1;
52156;202200033835;753 648;A01;1;7;0;2;1;1;1;
52157;202200033835;753 649;B01;2;2;0;2;1;1;1;
52158;202200033836;753 647;A01;1;7;0;1;2;1;1;
52159;202200033837;753 645;Z01;1;7;0;2;0;0;1;
52160;202200033837;753 646;A01;1;7;0;2;1;1;1;
52161;202200033838;753 643;A01;1;31;0;2;3;13;3;
52162;202200033838;753 644;B01;1;7;0;2;3;15;2;
52163;202200033839;753 639;C01;2;7;14;0;4;23;2;
52164;202200033839;753 640;D01;2;7;0;2;4;23;1;
52165;202200033839;753 641;B01;2;7;0;2;4;2;0;
52166;202200033839;753 642;A01;2;7;0;2;1;2;0;
52167;202200033840;753 638;A01;1;37;0;2;3;2;1;1.0
52168;202200033841;753 637;A01;3;7;0;1;2;1;1;
52169;202200033842;753 636;A01;1;34;0;1;3;5;0;
52170;202200033843;753 634;A01;1;7;0;9;4;2;1;
52171;202200033843;753 635;B01;1;1;0;2;1;2;5;
52172;202200033844;753 632;A01;1;1;0;2;8;1;5;
52173;202200033844;753 633;B01;1;7;0;2;1;1;0;
52174;202200033845;753 630;A01;2;7;0;2;6;15;1;
52175;202200033845;753 631;B01;2;32;0;2;1;17;1;
52176;202200033846;753 628;A01;2;7;0;2;2;10;1;
52177;202200033846;753 629;B01;2;1;0;2;3;2;5;
52178;202200033848;753 624;B01;1;7;0;2;3;0;1;
52179;202200033848;753 625;A01;1;10;0;2;2;1;1;
52180;202200033850;753 620;B01;1;7;0;2;8;1;1;
52181;202200033850;753 621;A01;2;10;0;2;8;1;1;
52182;202200033851;753 618;A01;1;7;0;2;3;9;1;
52183;202200033851;753 619;B01;1;1;0;0;1;25;5;
52184;202200033852;753 617;A01;3;7;2;0;1;1;1;
52185;202200033853;753 614;A01;2;1;0;2;1;2;5;
52186;202200033853;753 615;B01;2;7;0;2;6;2;1;
52187;202200033853;753 616;C01;1;7;0;9;1;5;1;
52188;202200033854;753 612;B01;3;2;0;2;1;1;1;
52189;202200033854;753 613;A01;3;7;0;2;3;1;1;
52190;202200033855;753 611;A01;2;33;0;0;0;1;1;
52191;202200033856;753 609;B01;2;30;0;2;1;1;1;
52192;202200033856;753 610;A01;1;7;0;2;3;13;1;
52193;202200033857;753 606;C01;2;7;0;0;4;23;1;
52194;202200033857;753 607;B01;2;10;1;0;4;23;1;
52195;202200033857;753 608;A01;2;10;1;0;1;2;1;
52196;202200033858;753 605;A01;3;7;8;0;8;1;1;
52197;202200033859;753 603;A01;3;2;0;2;8;13;1;
52198;202200033859;753 604;B01;3;7;0;2;8;21;1;
52199;202200033860;753 601;A01;2;2;0;2;3;1;1;
52200;202200033860;753 602;B01;1;7;0;2;3;1;1;
52201;202200033861;753 600;A01;1;7;2;0;3;1;1;
52202;202200033862;753 598;A01;1;2;0;2;1;1;1;
52203;202200033862;753 599;B01;2;7;0;2;8;1;1;
52204;202200033863;753 597;A01;1;2;6;0;1;0;1;
52205;202200033864;753 596;A01;2;7;2;0;1;1;1;
52206;202200033866;753 593;A01;1;7;0;1;2;1;1;
52207;202200033867;753 591;A01;1;7;0;2;1;13;1;
52208;202200033867;753 592;B01;2;7;0;2;1;1;1;
52209;202200033868;753 588;A01;1;7;17;0;1;1;1;
52210;202200033870;753 584;B01;2;7;0;2;1;1;1;
52211;202200033870;753 585;A01;1;7;0;2;3;19;1;
52212;202200033871;753 583;A01;2;7;7;0;1;1;1;
52213;202200033872;753 582;A01;1;10;6;0;1;13;1;
52214;202200033873;753 581;A01;3;7;0;1;2;1;1;
52215;202200033875;753 578;A01;3;7;0;1;4;20;1;
52216;202200033877;753 576;A01;2;10;2;0;1;1;1;
52217;202200033878;753 575;A01;3;15;0;1;5;4;1;
52218;202200033879;753 574;A01;3;31;0;0;3;1;1;
52219;202200033880;753 572;B01;2;33;0;2;1;3;1;
52220;202200033880;753 573;A01;2;7;0;2;8;15;1;
52221;202200033881;753 571;A01;0;2;0;9;7;1;1;
52222;202200033882;753 570;A01;1;10;3;0;1;1;1;
52223;202200033883;753 568;B01;2;7;3;2;9;0;1;
52224;202200033883;753 569;A01;2;7;0;2;6;0;1;
52225;202200033884;753 567;A01;2;14;0;1;2;16;1;
52226;202200033885;753 564;B01;1;15;0;0;6;1;1;
52227;202200033885;753 565;A01;1;7;0;9;2;1;1;
52228;202200033886;753 562;A01;2;14;0;2;1;1;1;
52229;202200033886;753 563;B01;1;30;0;2;1;17;1;
52230;202200033887;753 560;A01;2;10;0;2;2;1;1;
52231;202200033887;753 561;B01;3;10;0;2;3;19;1;
52232;202200033888;753 558;B01;-1;7;0;2;2;1;1;
52233;202200033888;753 559;A01;-1;33;0;2;3;19;1;
52234;202200033889;753 556;A01;2;7;0;2;3;1;2;
52235;202200033889;753 557;B01;1;7;0;2;2;15;1;
52236;202200033891;753 553;A01;1;7;13;0;9;2;1;
52237;202200033892;753 551;B01;1;33;0;2;1;1;1;
52238;202200033892;753 552;A01;0;7;0;2;3;19;1;
52239;202200033893;753 550;A01;2;7;0;1;2;0;1;
52240;202200033894;753 549;A01;1;7;0;1;1;16;1;
52241;202200033896;753 547;A01;2;7;8;0;9;1;1;
52242;202200033897;753 545;A01;1;7;0;2;7;15;1;
52243;202200033897;753 546;B01;2;7;0;2;1;1;1;
52244;202200033898;753 543;B01;2;37;0;2;1;1;1;1.0
52245;202200033898;753 544;A01;1;7;0;2;3;19;1;
52246;202200033899;753 542;A01;1;2;13;0;7;1;1;
52247;202200033900;753 541;A01;2;2;1;0;0;1;1;
52248;202200033901;753 539;B01;3;7;0;2;3;1;1;
52249;202200033901;753 540;A01;3;7;0;2;3;13;1;
52250;202200033902;753 537;A01;2;33;0;2;4;1;1;
52251;202200033902;753 538;B01;2;7;0;2;3;1;1;
52252;202200033903;753 535;A01;2;7;0;2;8;1;1;
52253;202200033903;753 536;B01;1;33;0;2;8;13;1;
52254;202200033904;753 533;B01;2;7;0;2;6;1;1;
52255;202200033904;753 534;A01;2;7;12;2;2;14;1;
52256;202200033906;753 531;A01;2;7;4;0;3;13;1;
52257;202200033907;753 529;B01;1;7;0;2;6;2;1;
52258;202200033907;753 530;A01;1;7;0;2;1;2;1;
52259;202200033908;753 527;A01;1;32;0;2;1;3;1;
52260;202200033908;753 528;B01;1;7;0;2;6;0;1;
52261;202200033909;753 525;A01;2;7;0;2;8;23;1;
52262;202200033909;753 526;B01;2;7;1;0;7;12;1;
52263;202200033910;753 522;C01;2;7;0;2;7;2;0;
52264;202200033910;753 523;B01;2;7;0;2;4;2;0;
52265;202200033910;753 524;A01;2;43;0;2;1;3;0;
52266;202200033911;753 519;A01;1;10;0;2;1;2;0;
52267;202200033911;753 520;B01;1;10;0;2;4;2;0;
52268;202200033911;753 521;C01;1;10;0;2;4;2;0;
52269;202200033912;753 517;B01;2;33;0;2;1;2;1;
52270;202200033912;753 518;A01;2;7;0;2;4;2;1;
52271;202200033914;753 515;A01;0;7;0;1;1;26;2;
52272;202200033915;753 513;B01;2;7;0;9;6;0;1;
52273;202200033915;753 514;A01;2;1;0;2;4;2;5;
52274;202200033916;753 512;A01;2;31;13;0;7;1;1;
52275;202200033917;753 510;A01;1;7;0;2;3;15;1;
52276;202200033917;753 511;B01;2;2;0;2;3;1;1;
52277;202200033918;753 508;B01;1;7;0;2;1;1;1;
52278;202200033918;753 509;A01;2;1;0;2;8;15;5;
52279;202200033919;753 507;A01;2;7;13;0;3;1;1;
52280;202200033920;753 506;A01;1;2;13;0;1;13;1;
52281;202200033921;753 503;C01;2;7;0;0;4;2;1;
52282;202200033921;753 504;B01;2;7;0;2;4;2;1;
52283;202200033921;753 505;A01;2;7;0;2;1;2;1;
52284;202200033922;753 502;A01;3;30;0;1;1;25;3;
52285;202200033923;753 500;A01;1;10;0;9;7;2;1;
52286;202200033923;753 501;B01;1;1;0;2;8;2;5;
52287;202200033925;753 494;A01;3;30;0;2;4;21;1;
52288;202200033925;753 495;B01;3;30;0;2;4;1;1;
52289;202200033926;753 492;A01;0;7;0;2;1;1;1;
52290;202200033926;753 493;B01;0;7;0;2;4;15;1;
52291;202200033927;753 490;A01;1;30;0;2;8;18;1;
52292;202200033927;753 491;B01;1;7;0;2;7;16;1;
52293;202200033928;753 489;A01;2;7;0;1;0;0;1;
52294;202200033929;753 486;A01;1;7;0;2;1;2;1;
52295;202200033929;753 488;B01;1;7;0;2;2;0;1;
52296;202200033930;753 485;A01;1;33;0;2;1;2;1;
52297;202200033930;753 487;B01;1;7;0;2;6;11;1;
52298;202200033931;753 483;A01;2;1;0;0;0;1;5;
52299;202200033932;753 482;B01;2;1;0;2;3;15;5;
52300;202200033932;753 484;A01;1;7;0;2;2;15;0;
52301;202200033933;753 480;A01;1;10;0;2;3;13;1;
52302;202200033933;753 481;B01;2;7;0;2;3;1;1;
52303;202200033934;753 479;A01;0;10;0;1;2;19;0;
52304;202200033935;753 478;A01;2;7;0;0;0;13;1;
52305;202200033936;753 476;A01;2;7;0;2;1;14;1;
52306;202200033936;753 477;B01;2;7;0;2;4;1;1;
52307;202200033937;753 474;A01;2;10;0;2;3;13;1;
52308;202200033937;753 475;B01;1;7;0;2;8;1;1;
52309;202200033938;753 473;A01;1;30;14;1;5;3;3;
52310;202200033939;753 471;B01;1;7;0;2;3;1;1;
52311;202200033939;753 472;A01;2;7;0;2;3;1;1;
52312;202200033940;753 469;Z01;1;7;0;2;3;1;1;
52313;202200033940;753 470;A01;2;80;0;2;1;1;3;
52314;202200033941;753 467;B01;1;10;0;0;4;2;1;
52315;202200033941;753 468;A01;1;31;0;2;1;2;1;
52316;202200033942;753 464;A01;1;50;0;0;9;1;3;
52317;202200033943;753 465;A01;1;7;0;2;2;15;1;