;Num_Acc;id_vehicule;num_veh;senc;catv;obs;obsm;choc;manv;motor;occutc
52318;202200033943;753 466;B01;2;1;0;2;1;1;5;
52319;202200033944;753 460;A01;2;7;0;2;3;15;1;
52320;202200033944;753 462;B01;1;2;0;2;3;1;1;
52321;202200033945;753 461;B01;2;1;0;2;1;0;5;
52322;202200033945;753 463;A01;2;7;0;2;6;15;1;
52323;202200033946;753 457;B01;3;7;0;2;8;2;1;
52324;202200033946;753 459;A01;3;7;0;2;1;17;1;
52325;202200033947;753 456;A01;2;7;0;2;4;2;1;
52326;202200033947;753 458;Z01;2;7;0;2;1;0;0;
52327;202200033949;753 454;A01;1;7;0;1;1;1;1;
52328;202200033950;753 453;A01;1;50;14;0;1;0;3;
52329;202200033953;753 449;B01;0;2;0;0;1;1;1;
52330;202200033953;753 450;A01;0;7;0;2;2;1;1;
52331;202200033954;753 447;A01;2;7;0;9;7;16;1;
52332;202200033954;753 448;B01;2;1;0;2;8;2;5;
52333;202200033955;753 446;A01;1;7;0;1;2;20;2;
52334;202200033956;753 445;A01;1;7;1;0;2;9;2;
52335;202200033957;753 443;B01;2;7;0;0;4;23;1;
52336;202200033957;753 444;A01;2;7;0;2;1;1;1;
52337;202200033958;753 442;A01;2;7;0;1;2;23;1;
52338;202200033959;753 439;A01;2;10;0;1;2;1;1;
52339;202200033960;753 437;A01;2;7;0;1;3;19;1;
52340;202200033961;753 436;A01;1;10;1;2;1;17;0;
52341;202200033961;753 438;B01;1;37;0;2;3;1;0;1.0
52342;202200033962;753 435;A01;1;7;0;0;9;1;1;
52343;202200033963;753 431;B01;1;7;0;2;0;0;1;
52344;202200033963;753 433;A01;1;30;0;2;0;0;1;
52345;202200033964;753 430;A01;3;32;0;9;0;1;0;
52346;202200033966;753 427;A01;3;7;0;1;3;23;3;
52347;202200033967;753 425;A01;1;7;0;1;3;2;1;
52348;202200033968;753 426;A01;2;10;0;1;1;16;1;
52349;202200033969;753 424;A01;2;1;12;0;0;0;5;
52350;202200033970;753 423;A01;3;33;0;9;1;1;1;
52351;202200033971;753 422;A01;1;1;0;0;9;1;5;
52352;202200033972;753 419;A01;3;7;0;2;5;16;1;
52353;202200033972;753 420;B01;3;50;0;2;1;0;3;
52354;202200033973;753 418;A01;2;7;0;1;7;11;2;
52355;202200033974;753 417;A01;1;1;1;0;2;1;5;
52356;202200033975;753 415;A01;3;34;0;2;1;2;1;
52357;202200033975;753 416;B01;3;7;0;2;7;15;1;
52358;202200033976;753 413;A01;1;7;0;1;1;26;1;
52359;202200033977;753 412;A01;1;30;0;2;1;26;1;
52360;202200033977;753 414;B01;1;7;0;2;3;16;1;
52361;202200033978;753 410;A01;0;7;0;2;1;26;1;
52362;202200033978;753 411;B01;1;50;0;2;1;9;3;
52363;202200033979;753 409;A01;1;7;0;1;2;16;1;
52364;202200033980;753 407;A01;1;7;0;2;5;13;1;
52365;202200033980;753 408;B01;2;7;0;2;1;1;1;
52366;202200033981;753 406;A01;1;7;0;1;2;15;1;
52367;202200033982;753 405;A01;1;7;0;1;1;2;1;
52368;202200033983;753 402;A01;1;7;0;2;5;9;1;
52369;202200033983;753 404;B01;2;1;0;2;1;5;5;
52370;202200033984;753 401;B01;2;50;0;2;7;15;3;
52371;202200033984;753 403;A01;2;7;0;2;2;9;1;
52372;202200033985;753 400;A01;1;31;11;0;1;1;1;
52373;202200033986;753 398;B01;2;1;0;2;0;1;5;
52374;202200033986;753 399;A01;1;7;0;2;3;1;2;
52375;202200033987;753 396;B01;1;7;0;2;1;1;1;
52376;202200033987;753 397;A01;1;7;0;2;8;1;1;
52377;202200033990;753 392;A01;1;7;0;2;2;26;1;
52378;202200033990;753 394;B01;1;7;0;2;1;1;1;
52379;202200033992;753 389;B01;2;50;0;2;1;1;3;
52380;202200033992;753 390;A01;3;7;0;2;3;16;1;
52381;202200033993;753 388;A01;2;10;7;0;1;1;1;
52382;202200033994;753 386;A01;3;32;0;0;0;1;1;
52383;202200033995;753 385;B01;2;7;0;2;1;21;1;
52384;202200033995;753 387;A01;1;7;0;2;2;5;1;
52385;202200033996;753 384;A01;3;1;12;0;1;1;5;
52386;202200033997;753 381;A01;1;7;0;2;8;9;1;
52387;202200033997;753 383;B01;2;7;0;2;1;1;1;
52388;202200033998;753 380;A01;1;30;0;2;6;1;1;
52389;202200033998;753 382;B01;1;7;0;2;1;2;1;
52390;202200033999;753 378;A01;2;33;12;0;2;14;1;
52391;202200034000;753 376;A01;2;7;8;2;1;17;1;
52392;202200034000;753 377;B01;2;7;0;2;1;23;1;
52393;202200034000;753 379;C01;2;7;0;2;2;23;1;
52394;202200034002;753 375;A01;1;7;0;1;1;16;1;
52395;202200034003;753 372;A01;2;31;0;0;0;1;1;
52396;202200034004;753 371;A01;3;7;0;2;1;20;2;
52397;202200034004;753 373;B01;3;33;0;2;1;1;1;
52398;202200034005;753 367;B01;1;1;0;2;4;0;5;
52399;202200034005;753 369;A01;1;7;0;2;7;1;1;
52400;202200034006;753 368;B01;2;7;0;2;4;1;1;
52401;202200034006;753 370;A01;2;10;0;2;1;1;1;
52402;202200034007;753 365;B01;2;7;0;2;1;1;1;
52403;202200034007;753 366;A01;2;7;0;2;1;13;1;
52404;202200034008;753 364;A01;2;7;0;1;1;2;2;
52405;202200034009;753 360;A01;1;10;0;2;3;15;1;
52406;202200034009;753 361;B01;1;34;0;2;1;17;1;
52407;202200034009;753 363;C01;1;7;1;0;1;24;0;
52408;202200034010;753 359;A01;3;7;0;2;7;15;1;
52409;202200034010;753 362;B01;3;7;0;2;1;1;1;
52410;202200034011;753 358;A01;1;7;0;1;1;1;1;
52411;202200034012;753 355;A01;1;7;0;2;4;0;1;
52412;202200034012;753 356;B01;1;10;0;2;4;0;1;
52413;202200034012;753 357;C01;1;10;0;2;1;26;1;
52414;202200034013;753 353;A01;1;7;0;2;8;22;1;
52415;202200034013;753 354;B01;1;1;1;0;1;21;5;
52416;202200034015;753 349;A01;2;7;0;1;3;1;1;
52417;202200034016;753 348;A01;1;7;0;2;3;13;1;
52418;202200034016;753 350;B01;1;7;5;0;7;14;1;
52419;202200034017;753 346;A01;0;33;0;0;0;1;1;
52420;202200034018;753 345;A01;1;7;0;2;1;2;1;
52421;202200034018;753 347;B01;1;7;0;2;4;23;1;
52422;202200034019;753 343;B01;1;7;0;2;1;1;1;
52423;202200034019;753 344;A01;0;7;0;2;1;15;1;
52424;202200034020;753 342;A01;2;3;1;0;0;0;3;
52425;202200034021;753 339;B01;2;30;0;2;1;16;1;
52426;202200034021;753 340;A01;1;7;0;2;7;15;1;
52427;202200034022;753 338;B01;0;30;0;0;0;0;1;
52428;202200034022;753 341;A01;3;30;0;0;0;0;1;
52429;202200034023;753 336;A01;2;7;0;1;2;17;1;
52430;202200034024;753 337;A01;2;14;0;1;0;0;0;
52431;202200034025;753 335;A01;3;7;0;1;3;13;1;
52432;202200034026;753 333;A01;1;7;0;2;2;1;1;
52433;202200034026;753 334;B01;1;1;0;2;7;12;5;
52434;202200034027;753 329;A01;0;7;1;0;3;1;1;
52435;202200034028;753 330;B01;2;7;0;0;5;24;1;
52436;202200034028;753 331;C01;2;7;0;0;6;1;1;
52437;202200034028;753 332;A01;2;33;1;2;1;26;1;
52438;202200034029;753 326;A01;1;32;0;2;1;2;1;
52439;202200034029;753 327;B01;1;7;0;0;4;0;2;
52440;202200034030;753 325;A01;3;7;0;2;2;26;1;
52441;202200034030;753 328;B01;3;2;0;2;3;1;1;
52442;202200034031;753 323;A01;1;7;0;2;1;2;1;
52443;202200034031;753 324;B01;1;7;0;2;4;23;1;
52444;202200034032;753 322;A01;3;7;0;1;4;20;1;
52445;202200034033;753 320;B01;2;30;0;2;1;17;1;
52446;202200034033;753 321;A01;2;32;0;2;8;15;1;
52447;202200034034;753 319;A01;1;7;0;1;1;16;1;
52448;202200034036;753 316;Z01;1;30;0;1;0;1;0;
52449;202200034037;753 315;A01;3;30;0;1;3;1;1;
52450;202200034038;753 313;A01;3;7;0;2;7;13;1;
52451;202200034038;753 314;B01;3;7;0;2;1;1;1;
52452;202200034039;753 312;A01;0;10;0;1;2;15;3;
52453;202200034040;753 309;B01;2;31;0;2;1;1;1;
52454;202200034040;753 310;A01;1;7;0;2;2;15;1;
52455;202200034041;753 307;B01;2;1;0;2;3;18;5;
52456;202200034041;753 308;Z01;2;7;0;2;0;22;0;
52457;202200034042;753 305;A01;1;10;0;2;8;22;1;
52458;202200034042;753 306;B01;1;80;0;2;2;1;3;
52459;202200034043;753 303;A01;2;1;0;2;1;1;5;
52460;202200034043;753 304;B01;2;1;0;2;1;5;5;
52461;202200034044;753 301;A01;1;32;0;2;3;2;1;
52462;202200034044;753 302;B01;1;33;0;2;5;2;1;
52463;202200034046;753 296;A01;2;7;0;2;0;0;1;
52464;202200034046;753 297;B01;2;7;0;2;0;0;1;
52465;202200034046;753 298;C01;2;7;0;2;3;1;1;
52466;202200034047;753 294;B01;1;7;0;2;2;2;1;
52467;202200034047;753 295;A01;0;2;0;2;7;2;1;
52468;202200034048;753 293;A01;3;7;1;1;4;2;1;
52469;202200034049;753 291;A01;2;33;0;2;1;1;1;
52470;202200034049;753 292;B01;2;1;0;2;8;1;5;
52471;202200034050;753 288;A01;1;7;0;1;2;2;2;
52472;202200034051;753 286;B01;2;32;0;2;7;15;1;
52473;202200034051;753 287;A01;2;7;0;2;3;16;2;
52474;202200034052;753 284;A01;1;33;0;2;2;17;1;
52475;202200034052;753 285;B01;1;7;0;0;8;15;1;
52476;202200034053;753 282;B01;3;33;1;0;7;24;1;
52477;202200034053;753 283;A01;3;7;1;0;6;4;1;
52478;202200034054;753 280;A01;2;7;0;2;2;15;1;
52479;202200034054;753 281;B01;1;7;6;2;1;1;1;
52480;202200034055;753 279;A01;1;7;3;0;3;1;1;
52481;202200034056;753 278;A01;3;7;0;1;1;1;1;
52482;202200034057;753 276;B01;1;33;0;0;3;1;1;
52483;202200034057;753 277;A01;1;7;0;2;2;12;1;
52484;202200034058;753 274;A01;1;7;0;0;3;0;1;
52485;202200034058;753 275;B01;2;34;0;0;1;0;1;
52486;202200034059;753 272;B01;1;32;0;2;7;17;1;
52487;202200034059;753 273;A01;1;7;0;2;8;15;1;
52488;202200034060;753 269;A01;1;7;0;2;1;2;1;
52489;202200034060;753 270;B01;0;7;0;2;4;15;1;
52490;202200034060;753 271;C01;2;7;0;2;1;1;1;
52491;202200034061;753 266;A01;3;7;13;0;1;1;1;
52492;202200034062;753 265;A01;1;33;0;0;8;1;1;
52493;202200034063;753 264;A01;1;7;3;0;0;26;1;
52494;202200034064;753 262;B01;2;7;0;0;2;1;1;
52495;202200034064;753 263;A01;1;7;0;0;3;13;1;
52496;202200034065;753 261;A01;1;2;1;0;1;14;1;
52497;202200034066;753 259;B01;0;1;0;2;6;0;5;
52498;202200034066;753 260;A01;0;7;0;9;2;17;1;
52499;202200034067;753 258;A01;2;7;2;0;1;1;1;
52500;202200034068;753 257;A01;1;2;0;0;0;1;1;
52501;202200034069;753 255;A01;2;7;0;2;1;1;1;
52502;202200034069;753 256;B01;2;1;0;2;8;13;5;
52503;202200034070;753 253;A01;1;7;13;2;2;17;1;
52504;202200034070;753 254;B01;1;7;13;2;8;15;1;
52505;202200034072;753 250;A01;1;7;2;0;1;1;1;
52506;202200034073;753 249;A01;1;7;2;0;3;1;1;
52507;202200034075;753 247;A01;1;7;2;0;1;1;1;
52508;202200034076;753 245;A01;3;7;0;9;1;2;1;
52509;202200034076;753 246;B01;3;99;0;2;7;1;3;
52510;202200034077;753 244;A01;3;7;8;0;3;14;1;
52511;202200034078;753 242;B01;1;7;0;1;4;1;1;
52512;202200034078;753 243;A01;1;7;0;2;1;1;1;
52513;202200034079;753 241;A01;1;7;5;0;7;1;1;
52514;202200034080;753 239;B01;3;2;0;2;3;1;1;
52515;202200034080;753 240;A01;3;7;0;2;2;19;1;
52516;202200034081;753 236;C01;2;7;0;0;4;23;1;
52517;202200034081;753 237;B01;2;7;0;2;4;23;1;
52518;202200034081;753 238;A01;2;7;0;2;1;2;1;
52519;202200034082;753 235;A01;1;7;13;0;1;14;1;
52520;202200034083;753 234;A01;2;7;3;0;9;1;1;
52521;202200034084;753 233;A01;1;7;4;0;9;0;1;
52522;202200034085;753 230;C01;1;7;0;1;6;23;1;
52523;202200034085;753 231;B01;1;7;0;0;5;23;1;
52524;202200034085;753 232;A01;1;7;1;1;1;14;1;
52525;202200034086;753 229;A01;2;7;0;0;0;0;1;
52526;202200034087;753 228;A01;2;2;0;0;0;1;1;
52527;202200034088;753 227;A01;1;7;2;0;7;14;1;
52528;202200034089;753 226;A01;2;7;0;1;2;1;1;
52529;202200034090;753 224;B01;2;7;0;0;0;13;1;
52530;202200034090;753 225;A01;1;33;13;0;7;14;1;
52531;202200034091;753 221;A01;1;7;0;2;3;1;1;
52532;202200034091;753 222;B01;2;7;0;2;2;1;1;
52533;202200034091;753 223;C01;2;32;0;2;1;17;1;
52534;202200034092;753 220;A01;2;7;4;0;3;1;1;
52535;202200034093;753 219;A01;2;7;0;0;1;1;1;
52536;202200034095;753 215;A01;1;7;0;0;4;15;1;
52537;202200034095;753 216;B01;1;32;0;2;1;1;1;
52538;202200034096;753 214;A01;2;10;0;1;2;15;1;
52539;202200034097;753 213;A01;3;7;0;1;1;1;1;
52540;202200034098;753 211;B01;1;7;0;2;1;1;1;
52541;202200034098;753 212;A01;2;7;0;2;3;1;1;
52542;202200034099;753 210;A01;2;7;2;0;3;13;1;
52543;202200034100;753 208;A01;1;33;0;2;8;13;1;
52544;202200034100;753 209;B01;2;7;0;2;3;1;0;
52545;202200034101;753 207;A01;3;1;14;0;0;1;5;
52546;202200034102;753 202;B01;2;7;0;2;1;1;1;
52547;202200034102;753 203;A01;1;32;0;2;1;13;1;
52548;202200034103;753 200;A01;3;7;0;2;1;1;1;
52549;202200034103;753 201;B01;3;7;0;2;4;1;1;
52550;202200034104;753 199;A01;1;7;7;0;5;2;1;
52551;202200034105;753 198;A01;3;7;0;0;9;1;1;
52552;202200034106;753 195;B01;2;10;0;0;0;12;0;
52553;202200034106;753 196;A01;2;7;0;0;0;1;1;
52554;202200034107;753 190;A01;2;7;0;2;4;1;1;
52555;202200034107;753 191;B01;2;7;0;2;1;2;1;
52556;202200034108;753 185;B01;3;37;0;2;7;1;1;2.0
52557;202200034108;753 187;A01;3;20;0;2;1;19;1;
52558;202200034109;753 184;C01;2;13;0;2;1;2;1;
52559;202200034109;753 186;B01;2;7;0;2;4;2;1;
52560;202200034109;753 188;A01;2;10;0;2;4;1;1;
52561;202200034110;753 181;A01;1;7;0;2;1;1;1;
52562;202200034110;753 183;B01;1;20;0;2;4;1;1;
52563;202200034112;753 176;A01;2;7;0;2;3;17;1;
52564;202200034112;753 178;B01;1;31;0;2;1;1;1;
52565;202200034113;753 172;C01;1;7;0;2;1;1;1;
52566;202200034113;753 173;B01;1;7;0;2;8;10;2;
52567;202200034113;753 174;A01;1;34;0;2;8;1;1;
52568;202200034114;753 171;B01;1;7;0;2;2;1;1;
52569;202200034114;753 175;A01;1;7;11;2;1;13;1;
52570;202200034116;753 167;A01;2;33;0;2;1;1;1;
52571;202200034116;753 169;B01;2;7;0;2;4;14;1;
52572;202200034117;753 164;A01;1;7;0;2;0;0;1;
52573;202200034117;753 166;B01;1;33;0;2;0;0;1;
52574;202200034119;753 161;A01;1;7;0;1;2;15;1;
52575;202200034120;753 160;A01;1;7;0;2;1;1;1;
52576;202200034120;753 162;B01;1;7;4;2;4;11;1;
52577;202200034122;753 156;A01;1;7;0;2;1;2;1;
52578;202200034122;753 158;B01;1;7;0;2;4;2;1;
52579;202200034123;753 153;A01;2;33;0;2;8;11;1;
52580;202200034123;753 154;B01;2;33;0;2;7;1;1;
52581;202200034124;753 152;B01;2;7;0;2;4;1;1;
52582;202200034124;753 155;A01;2;7;0;2;1;1;1;
52583;202200034125;753 149;A01;2;10;14;2;1;0;1;
52584;202200034125;753 151;B01;2;7;1;2;4;24;1;
52585;202200034126;753 148;B01;1;7;0;2;6;1;1;
52586;202200034126;753 150;A01;1;7;0;2;2;2;1;
52587;202200034127;753 146;A01;3;7;1;2;2;26;1;
52588;202200034128;753 145;B01;2;33;0;2;1;12;1;
52589;202200034128;753 147;A01;2;7;0;2;7;2;1;
52590;202200034130;753 142;B01;2;33;0;0;8;1;1;
52591;202200034130;753 144;A01;2;7;0;2;2;12;1;
52592;202200034131;753 140;A01;2;37;0;1;5;9;1;1.0
52593;202200034132;753 137;A01;1;7;13;0;1;1;1;
52594;202200034133;753 136;D01;2;10;0;2;4;0;1;
52595;202200034133;753 138;C01;2;7;0;2;6;2;1;
52596;202200034133;753 139;B01;2;15;0;2;2;1;1;
52597;202200034133;753 141;A01;2;7;0;2;4;12;1;
52598;202200034134;753 133;B01;2;7;0;2;5;1;1;
52599;202200034134;753 135;A01;2;33;0;2;3;3;1;
52600;202200034135;753 132;A01;2;7;0;2;1;9;1;
52601;202200034135;753 134;B01;2;37;0;2;2;1;1;3.0
52602;202200034136;753 130;A01;2;14;0;2;2;12;1;
52603;202200034136;753 131;B01;2;7;0;2;6;1;1;
52604;202200034138;753 124;C01;2;10;0;2;8;23;1;
52605;202200034138;753 125;B01;2;33;0;2;7;23;1;
52606;202200034138;753 127;A01;2;31;0;2;1;3;1;
52607;202200034139;753 122;B01;2;50;0;0;0;0;3;
52608;202200034139;753 123;A01;2;7;0;9;3;10;1;
52609;202200034140;753 120;A01;2;7;0;2;2;2;2;
52610;202200034140;753 121;B01;2;33;0;2;4;2;1;
52611;202200034141;753 118;B01;2;50;0;2;0;1;3;
52612;202200034141;753 119;A01;1;0;0;2;0;13;0;
52613;202200034142;753 116;B01;1;10;0;2;4;2;1;
52614;202200034142;753 117;A01;1;33;0;2;1;2;1;
52615;202200034143;753 114;A01;1;33;12;0;8;13;1;
52616;202200034144;753 112;A01;2;7;0;2;1;13;1;
52617;202200034144;753 113;C01;2;10;0;2;0;0;1;
52618;202200034144;753 115;B01;1;10;0;2;6;0;1;
52619;202200034145;753 111;A01;2;80;1;0;7;14;3;
52620;202200034146;753 108;A01;0;1;0;2;1;1;5;
52621;202200034146;753 110;B01;0;1;0;2;1;1;5;
52622;202200034147;753 109;A01;1;7;1;0;1;1;1;
52623;202200034148;753 107;A01;0;10;1;0;3;13;1;
52624;202200034150;753 103;B01;1;7;0;2;2;1;1;
52625;202200034150;753 104;A01;2;50;0;2;8;5;3;
52626;202200034151;753 100;A01;1;32;0;2;8;18;1;
52627;202200034151;753 101;B01;1;7;0;2;5;22;2;
52628;202200034152;753 099;A01;3;7;0;2;3;16;1;
52629;202200034152;753 102;B01;3;31;0;2;1;1;1;
52630;202200034153;753 097;A01;2;3;0;2;1;2;1;
52631;202200034153;753 098;B01;2;33;0;2;4;23;1;
52632;202200034154;753 096;A01;1;7;0;1;3;1;1;
52633;202200034155;753 093;Z01;1;32;0;2;1;15;1;
52634;202200034155;753 095;A01;1;1;0;2;4;16;5;
52635;202200034156;753 092;A01;2;30;0;0;0;1;1;
52636;202200034157;753 091;A01;1;7;0;2;1;2;1;
52637;202200034157;753 094;B01;1;7;0;2;4;2;1;
52638;202200034158;753 089;Z01;2;10;0;2;4;9;1;
52639;202200034158;753 090;A01;2;1;0;2;7;1;5;
52640;202200034159;753 086;A01;2;30;0;2;1;1;1;
52641;202200034159;753 088;B01;1;50;0;2;1;1;3;
52642;202200034160;753 084;A01;2;1;12;0;1;13;5;
52643;202200034161;753 080;B01;1;7;0;2;3;2;1;
52644;202200034161;753 082;A01;1;7;0;2;5;23;1;
52645;202200034162;753 081;A01;3;33;0;2;1;1;1;
52646;202200034162;753 083;B01;3;7;0;2;5;1;1;
52647;202200034163;753 077;B01;1;7;0;2;5;23;1;
52648;202200034163;753 078;A01;1;1;0;2;5;2;5;
52649;202200034164;753 076;A01;1;7;0;9;1;9;1;
52650;202200034164;753 079;B01;1;50;0;2;7;0;3;
52651;202200034165;753 074;B01;2;33;0;2;1;1;1;
52652;202200034165;753 075;A01;1;7;0;2;3;15;2;
52653;202200034166;753 070;A01;2;1;0;2;3;1;5;
52654;202200034166;753 071;Z01;2;1;0;2;5;17;5;
52655;202200034168;753 069;A01;1;1;0;1;2;1;5;
52656;202200034169;753 067;A01;3;7;0;2;1;2;1;
52657;202200034169;753 068;B01;3;7;0;2;4;2;1;
52658;202200034170;753 065;B01;3;10;0;9;6;24;1;
52659;202200034170;753 066;A01;3;99;1;0;5;5;3;
52660;202200034171;753 063;B01;1;1;0;2;8;1;5;
52661;202200034171;753 064;A01;1;7;0;2;2;14;1;
52662;202200034172;753 061;B01;1;50;0;2;1;1;3;
52663;202200034172;753 062;A01;1;7;0;9;8;1;1;
52664;202200034173;753 060;A01;1;7;0;1;5;1;1;
52665;202200034174;753 059;A01;1;10;0;1;2;1;1;
52666;202200034176;753 056;B01;3;7;0;2;3;15;1;
52667;202200034176;753 057;A01;3;37;0;2;2;1;2;2.0
52668;202200034177;753 052;A01;1;32;0;2;2;2;1;
52669;202200034177;753 053;B01;0;10;0;2;3;9;1;
52670;202200034177;753 054;C01;0;7;1;0;8;24;1;
52671;202200034178;753 051;B01;2;33;0;2;1;17;1;
52672;202200034178;753 055;A01;1;7;0;2;5;15;1;
52673;202200034179;753 049;B01;2;50;0;2;3;2;3;
52674;202200034179;753 050;A01;2;7;0;2;5;2;1;
52675;202200034180;753 046;A01;0;33;0;2;7;17;1;
52676;202200034180;753 047;B01;0;7;0;2;1;2;1;
52677;202200034181;753 045;A01;3;7;0;2;1;1;1;
52678;202200034181;753 048;B01;1;50;0;2;8;9;3;
52679;202200034182;753 043;A01;2;34;0;2;0;3;1;
52680;202200034182;753 044;B01;2;7;0;2;2;0;1;
52681;202200034183;753 034;A01;2;7;0;1;1;1;1;
52682;202200034184;753 035;D01;2;37;0;2;1;1;1;1.0
52683;202200034184;753 036;C01;2;10;0;0;0;0;1;
52684;202200034184;753 038;B01;2;7;0;2;4;23;1;
52685;202200034184;753 040;A01;2;10;0;2;4;23;1;
52686;202200034185;753 032;B01;1;7;0;2;3;9;2;
52687;202200034185;753 033;A01;2;30;0;2;7;9;3;
52688;202200034186;753 031;A01;0;33;0;0;0;0;1;
52689;202200034187;753 029;A01;2;30;0;2;3;1;1;
52690;202200034187;753 030;B01;1;7;0;2;2;15;1;
52691;202200034188;753 026;B01;1;7;0;2;1;1;0;
52692;202200034188;753 027;A01;1;7;0;2;4;1;0;
52693;202200034189;753 024;A01;1;7;0;2;0;0;1;
52694;202200034189;753 028;B01;1;1;0;2;7;26;5;
52695;202200034191;753 021;A01;0;7;0;1;0;0;1;
52696;202200034192;753 020;B01;2;7;0;2;1;1;0;
52697;202200034192;753 022;A01;2;2;0;2;1;17;0;
52698;202200034193;753 018;A01;2;50;0;2;0;1;3;
52699;202200034193;753 019;B01;2;10;0;2;7;16;1;
52700;202200034194;753 017;A01;3;7;0;1;4;20;1;
52701;202200034195;753 014;B01;1;7;0;9;2;15;1;
52702;202200034195;753 016;A01;2;1;0;2;2;1;5;
52703;202200034196;753 012;A01;1;31;12;0;2;1;1;
52704;202200034197;753 009;A01;2;33;0;1;1;1;1;
52705;202200034198;753 008;D01;1;7;0;2;4;2;1;
52706;202200034198;753 010;A01;1;10;0;2;6;2;1;
52707;202200034198;753 011;B01;1;10;0;2;1;2;1;
52708;202200034198;753 013;C01;1;7;3;2;4;2;2;
52709;202200034198;753 015;E01;1;10;0;2;4;2;1;
52710;202200034199;753 007;A01;2;43;0;1;1;16;1;
52711;202200034200;753 005;A01;1;33;0;1;1;1;1;
52712;202200034201;753 004;B01;3;30;0;2;1;1;1;
52713;202200034201;753 006;A01;3;7;0;2;1;10;1;
52714;202200034202;753 002;A01;1;33;0;0;8;2;1;
52715;202200034202;753 003;B01;1;7;0;0;0;15;1;
52716;202200034203;752 999;A01;1;13;0;2;5;4;1;
52717;202200034203;753 000;B01;2;7;0;2;2;1;1;
52718;202200034204;752 998;B01;2;7;0;2;1;1;1;
52719;202200034204;753 001;A01;1;7;15;2;2;9;1;
52720;202200034205;752 996;B01;1;33;3;2;1;17;1;
52721;202200034205;752 997;A01;1;7;3;2;6;15;1;
52722;202200034206;752 994;B01;3;7;0;2;7;0;1;
52723;202200034206;752 995;A01;3;7;0;2;1;0;1;
52724;202200034207;752 992;A01;1;3;0;1;1;15;0;
52725;202200034208;752 993;A01;1;7;4;0;1;1;1;
52726;202200034209;752 990;A01;1;7;0;1;1;1;1;
52727;202200034210;752 989;A01;1;33;0;0;0;26;1;
52728;202200034210;752 991;B01;1;15;0;0;0;0;1;
52729;202200034212;752 987;A01;1;33;0;0;0;1;1;
52730;202200034213;752 985;A01;1;7;0;2;1;1;1;
52731;202200034213;752 986;B01;1;7;0;2;4;1;2;
52732;202200034215;752 982;B01;1;33;0;9;1;2;1;
52733;202200034215;752 983;A01;1;7;0;0;0;1;1;
52734;202200034216;752 981;A01;0;7;1;1;2;0;1;
52735;202200034217;752 979;A01;2;7;4;2;3;5;1;
52736;202200034217;752 980;B01;1;7;4;2;3;1;1;
52737;202200034218;752 977;A01;1;32;0;2;2;0;1;
52738;202200034218;752 978;B01;1;7;0;2;3;0;1;
52739;202200034219;752 975;A01;3;2;0;2;1;5;1;
52740;202200034219;752 976;B01;3;7;0;2;2;1;1;
52741;202200034220;752 973;B01;2;1;0;2;1;1;5;
52742;202200034220;752 974;A01;2;7;0;2;2;15;1;
52743;202200034221;752 970;A01;1;7;0;2;1;1;1;
52744;202200034221;752 971;B01;2;7;0;2;4;2;1;
52745;202200034221;752 972;C01;2;7;0;2;4;1;1;
52746;202200034222;752 968;A01;2;33;0;2;8;3;1;
52747;202200034222;752 969;B01;2;7;0;2;7;12;1;
52748;202200034223;752 966;A01;2;7;0;2;7;1;1;
52749;202200034223;752 967;B01;2;7;0;2;8;9;1;
52750;202200034224;752 964;A01;2;7;0;2;5;12;1;
52751;202200034224;752 965;B01;2;31;0;2;3;3;1;
52752;202200034225;752 962;B01;2;34;0;2;8;16;1;
52753;202200034225;752 963;A01;1;7;0;2;1;15;1;
52754;202200034226;752 961;A01;1;7;0;1;3;15;1;
52755;202200034227;752 959;A01;1;33;0;2;1;1;1;
52756;202200034227;752 960;B01;2;7;0;2;2;1;1;
52757;202200034228;752 958;A01;1;30;1;0;1;1;1;
52758;202200034229;752 956;B01;2;7;0;2;2;16;1;
52759;202200034229;752 957;A01;2;43;0;2;3;18;1;
52760;202200034230;752 954;A01;2;33;0;2;6;13;1;
52761;202200034230;752 955;B01;2;7;0;2;3;16;1;
52762;202200034231;752 952;A01;1;30;0;2;1;1;1;
52763;202200034231;752 953;B01;2;50;0;2;3;15;3;
52764;202200034232;752 951;Z01;1;1;0;1;7;25;5;
52765;202200034233;752 949;A01;2;10;0;2;3;22;1;
52766;202200034233;752 950;B01;2;80;0;2;1;1;3;
52767;202200034234;752 947;A01;2;30;0;2;2;15;1;
52768;202200034234;752 948;B01;1;10;0;2;3;1;6;
52769;202200034235;752 945;A01;3;1;0;2;1;1;5;
52770;202200034235;752 946;B01;2;7;0;2;3;1;3;
52771;202200034236;752 944;A01;1;33;0;1;1;1;1;
52772;202200034237;752 942;A01;2;1;0;2;1;19;5;
52773;202200034237;752 943;B01;2;7;0;2;1;1;2;
52774;202200034238;752 940;A01;3;32;0;2;2;1;1;
52775;202200034238;752 941;B01;3;7;0;2;3;9;1;
52776;202200034239;752 938;A01;2;7;0;2;2;12;1;
52777;202200034239;752 939;B01;2;32;0;2;1;1;1;