;Num_Acc;id_vehicule;num_veh;senc;catv;obs;obsm;choc;manv;motor;occutc
52778;202200034240;752 936;A01;1;7;0;2;8;15;0;
52779;202200034240;752 937;B01;2;50;0;2;8;19;3;
52780;202200034241;752 934;A01;2;31;0;2;8;3;1;
52781;202200034241;752 935;B01;2;10;0;2;7;1;1;
52782;202200034242;752 932;A01;1;7;0;2;6;16;0;
52783;202200034242;752 933;B01;1;33;0;2;1;7;0;
52784;202200034243;752 930;B01;3;7;0;2;1;1;1;
52785;202200034243;752 931;A01;3;7;0;2;1;17;1;
52786;202200034244;752 928;B01;0;7;0;2;0;0;0;
52787;202200034244;752 929;A01;0;7;0;2;4;23;1;
52788;202200034246;752 926;A01;3;50;0;1;8;25;3;
52789;202200034247;752 924;B01;1;30;0;2;8;2;1;
52790;202200034247;752 925;A01;1;7;0;2;5;12;1;
52791;202200034248;752 923;A01;1;31;0;0;7;0;1;
52792;202200034249;752 921;B01;1;80;0;2;1;1;3;
52793;202200034249;752 922;A01;2;7;0;2;2;15;1;
52794;202200034250;752 920;A01;2;7;0;1;2;1;1;
52795;202200034251;752 919;A01;1;7;0;1;1;1;1;
52796;202200034252;752 918;A01;3;7;0;1;3;1;1;
52797;202200034253;752 916;A01;3;7;0;2;2;16;1;
52798;202200034253;752 917;B01;3;33;0;2;3;18;1;
52799;202200034254;752 915;A01;2;33;0;1;1;0;1;
52800;202200034255;752 912;C01;1;10;0;2;4;16;1;
52801;202200034255;752 913;B01;1;7;0;2;4;16;1;
52802;202200034255;752 914;A01;1;7;0;2;1;16;1;
52803;202200034256;752 909;A01;2;7;0;2;1;1;1;
52804;202200034256;752 911;B01;2;7;0;2;4;2;1;
52805;202200034257;752 908;B01;1;7;0;2;7;1;2;
52806;202200034257;752 910;A01;2;7;0;2;1;1;1;
52807;202200034258;752 906;B01;2;7;0;2;3;9;1;
52808;202200034258;752 907;A01;2;33;0;2;7;3;1;
52809;202200034259;752 905;A01;3;7;2;0;2;1;1;
52810;202200034260;752 902;A01;2;33;0;2;1;3;1;
52811;202200034260;752 904;B01;2;33;0;2;4;1;1;
52812;202200034261;752 901;A01;1;7;2;2;9;17;1;
52813;202200034261;752 903;B01;1;7;3;2;9;17;1;
52814;202200034262;752 900;A01;1;7;15;0;1;1;1;
52815;202200034263;752 895;B01;1;7;8;2;3;1;1;
52816;202200034263;752 897;A01;1;50;0;2;1;9;3;
52817;202200034264;752 896;C01;2;7;0;2;6;2;1;
52818;202200034264;752 898;B01;1;7;0;2;1;1;1;
52819;202200034264;752 899;A01;2;7;0;2;1;13;1;
52820;202200034265;752 893;A01;1;7;0;2;7;17;0;
52821;202200034265;752 894;B01;1;2;0;2;8;1;1;
52822;202200034266;752 891;A01;1;7;0;2;3;1;1;
52823;202200034266;752 892;B01;1;7;0;2;6;1;1;
52824;202200034267;752 889;A01;1;32;0;2;1;2;1;
52825;202200034267;752 890;B01;1;7;0;2;4;2;1;
52826;202200034268;752 887;A01;0;7;0;2;1;13;1;
52827;202200034268;752 888;B01;0;7;0;2;1;1;1;
52828;202200034270;752 884;A01;2;7;8;0;1;14;1;
52829;202200034271;752 881;A01;3;7;6;0;2;1;1;
52830;202200034272;752 880;A01;2;10;0;2;1;18;1;
52831;202200034272;752 882;B01;2;10;0;2;4;15;1;
52832;202200034273;752 877;A01;1;7;0;2;3;26;0;
52833;202200034273;752 879;B01;2;2;0;2;1;10;1;
52834;202200034276;752 871;B01;1;7;0;2;1;1;1;
52835;202200034276;752 873;A01;2;7;0;2;1;13;1;
52836;202200034277;752 869;C01;1;7;0;2;1;1;1;
52837;202200034277;752 870;B01;2;7;0;2;1;1;1;
52838;202200034277;752 872;A01;1;7;0;0;5;15;1;
52839;202200034278;752 867;B01;2;2;0;2;7;1;1;
52840;202200034278;752 868;A01;1;7;0;2;1;9;1;
52841;202200034279;752 865;A01;3;21;0;2;3;1;1;
52842;202200034279;752 866;B01;3;1;0;2;1;1;5;
52843;202200034280;752 863;B01;1;80;0;2;4;16;3;
52844;202200034280;752 864;A01;2;7;0;9;3;1;1;
52845;202200034281;752 862;A01;2;7;0;1;1;1;1;
52846;202200034282;752 860;A01;0;7;0;2;8;26;1;
52847;202200034282;752 861;B01;0;60;0;2;0;0;5;
52848;202200034283;752 857;B01;2;7;0;2;1;1;1;
52849;202200034283;752 858;A01;1;7;0;2;1;5;1;
52850;202200034284;752 856;B01;2;7;0;2;1;1;1;
52851;202200034284;752 859;A01;2;7;7;2;8;9;1;
52852;202200034285;752 855;A01;0;7;2;0;1;17;1;
52853;202200034286;752 852;A01;1;10;0;2;3;13;1;
52854;202200034286;752 854;B01;2;7;0;2;3;1;1;
52855;202200034287;752 851;B01;0;7;0;2;3;16;1;
52856;202200034287;752 853;Z01;0;7;0;2;2;1;0;
52857;202200034288;752 850;A01;2;7;2;0;7;15;1;
52858;202200034289;752 849;A01;1;3;14;0;8;13;1;
52859;202200034290;752 848;A01;2;7;13;0;9;13;1;
52860;202200034291;752 846;A01;2;7;0;1;1;1;1;
52861;202200034293;752 842;A01;3;7;0;2;3;13;1;
52862;202200034293;752 843;B01;3;33;0;2;7;1;1;
52863;202200034294;752 841;A01;1;7;0;1;2;1;1;
52864;202200034295;752 840;A01;2;33;13;0;1;1;1;
52865;202200034296;752 839;A01;1;7;0;1;3;1;1;
52866;202200034297;752 837;B01;3;37;0;2;1;8;3;1.0
52867;202200034297;752 838;A01;3;7;0;2;1;8;1;
52868;202200034298;752 835;A01;1;7;7;2;5;15;1;
52869;202200034298;752 836;B01;2;7;0;2;2;1;1;
52870;202200034299;752 834;A01;3;32;0;1;1;1;1;
52871;202200034300;752 831;B01;2;7;0;6;2;1;1;
52872;202200034300;752 833;A01;2;33;0;2;2;1;1;
52873;202200034301;752 830;A01;1;7;0;2;3;16;1;
52874;202200034301;752 832;B01;2;1;0;2;7;1;5;
52875;202200034302;752 829;A01;1;7;2;0;1;1;1;
52876;202200034303;752 826;B01;3;10;0;2;4;2;1;
52877;202200034303;752 828;A01;3;10;0;2;1;2;0;
52878;202200034304;752 827;A01;1;7;2;0;1;1;1;
52879;202200034305;752 825;A01;1;7;0;1;2;9;1;
52880;202200034306;752 822;A01;1;10;0;2;1;1;1;
52881;202200034306;752 823;B01;1;7;0;2;4;15;1;
52882;202200034306;752 824;C01;2;7;0;2;1;1;1;
52883;202200034307;752 819;A01;1;7;0;2;3;15;1;
52884;202200034307;752 821;B01;2;33;0;2;2;1;1;
52885;202200034308;752 818;B01;1;7;0;2;3;1;1;
52886;202200034308;752 820;A01;2;7;0;2;3;1;1;
52887;202200034309;752 815;A01;1;7;0;2;1;19;1;
52888;202200034309;752 817;B01;1;7;8;2;2;1;1;
52889;202200034310;752 814;B01;2;7;0;2;3;1;1;
52890;202200034310;752 816;A01;1;7;0;2;1;1;1;
52891;202200034311;752 807;A01;2;7;0;2;3;13;1;
52892;202200034311;752 809;B01;0;33;0;2;1;1;1;
52893;202200034312;752 806;A01;2;7;0;2;3;0;1;
52894;202200034312;752 808;B01;1;7;0;2;2;0;1;
52895;202200034313;752 803;B01;2;1;0;0;0;1;5;
52896;202200034313;752 805;A01;2;7;0;2;0;22;1;
52897;202200034314;752 802;B01;1;15;0;2;6;1;1;
52898;202200034314;752 804;A01;2;7;0;2;3;13;1;
52899;202200034315;752 800;A01;1;7;0;0;1;14;1;
52900;202200034316;752 799;A01;2;7;0;2;1;15;1;
52901;202200034316;752 801;B01;1;32;0;2;1;1;1;
52902;202200034317;752 798;A01;1;34;0;1;1;1;1;
52903;202200034318;752 796;A01;1;30;0;2;7;17;1;
52904;202200034318;752 797;B01;1;7;0;2;3;15;1;
52905;202200034319;752 792;C01;2;7;4;2;1;21;1;
52906;202200034319;752 794;B01;2;7;0;2;8;1;1;
52907;202200034319;752 795;A01;2;17;0;2;6;1;1;
52908;202200034320;752 791;A01;2;2;0;1;1;1;1;
52909;202200034321;752 790;A01;2;7;7;2;1;1;2;
52910;202200034321;752 793;B01;1;7;11;2;7;9;1;
52911;202200034322;752 789;A01;1;7;2;0;1;1;1;
52912;202200034323;752 787;B01;1;7;0;2;1;2;1;
52913;202200034323;752 788;A01;1;7;0;0;4;0;2;
52914;202200034324;752 784;B01;2;7;0;2;1;2;1;
52915;202200034324;752 785;A01;2;3;0;0;4;1;1;
52916;202200034325;752 783;B01;2;7;0;2;1;2;1;
52917;202200034325;752 786;A01;1;7;0;2;1;5;1;
52918;202200034326;752 782;A01;1;32;6;0;1;1;1;
52919;202200034327;752 781;A01;2;7;8;0;4;1;1;
52920;202200034328;752 779;A01;0;7;13;0;1;1;1;
52921;202200034329;752 778;B01;1;7;0;2;3;1;1;
52922;202200034329;752 780;A01;2;7;0;2;3;13;1;
52923;202200034330;752 777;A01;2;7;7;0;1;1;1;
52924;202200034331;752 775;B01;1;33;0;2;1;2;1;
52925;202200034331;752 776;A01;1;10;0;2;8;6;1;
52926;202200034332;752 772;B01;2;7;3;2;1;1;1;
52927;202200034332;752 774;A01;2;7;3;0;1;13;1;
52928;202200034333;752 771;B01;2;7;0;0;1;5;1;
52929;202200034333;752 773;A01;1;7;2;0;1;13;1;
52930;202200034334;752 768;A01;3;7;0;2;3;10;0;
52931;202200034334;752 770;B01;3;33;0;2;1;1;1;
52932;202200034336;752 766;A01;1;14;0;1;1;1;1;
52933;202200034338;752 760;A01;0;7;0;2;7;14;1;
52934;202200034338;752 762;B01;0;34;0;2;8;1;1;
52935;202200034339;752 759;Z01;1;7;0;2;1;2;0;
52936;202200034339;752 761;B01;1;7;0;2;4;2;1;
52937;202200034340;752 757;A01;3;7;3;0;1;0;0;
52938;202200034342;752 754;A01;2;7;1;0;1;0;1;
52939;202200034343;752 751;A01;2;33;0;2;1;3;1;
52940;202200034343;752 752;B01;2;17;0;2;3;2;1;
52941;202200034343;752 753;C01;2;7;0;2;2;1;1;
52942;202200034344;752 749;B01;1;7;0;2;2;11;1;
52943;202200034344;752 750;A01;1;2;0;2;4;19;1;
52944;202200034345;752 747;A01;2;10;0;2;1;2;1;
52945;202200034345;752 748;B01;2;10;0;0;4;2;1;
52946;202200034346;752 745;A01;2;32;0;2;5;17;1;
52947;202200034346;752 746;Z01;2;7;1;2;9;15;1;
52948;202200034347;752 743;A01;2;99;0;2;1;2;1;
52949;202200034347;752 744;B01;2;7;0;2;4;2;1;
52950;202200034348;752 740;A01;2;7;0;2;0;1;1;
52951;202200034348;752 742;B01;2;1;0;2;1;19;5;
52952;202200034349;752 739;B01;1;7;0;2;8;11;1;
52953;202200034349;752 741;A01;1;31;0;2;0;3;1;
52954;202200034350;752 738;A01;1;2;0;1;1;1;1;
52955;202200034351;752 733;D01;1;7;0;2;1;0;1;
52956;202200034351;752 735;C01;1;7;0;2;1;2;1;
52957;202200034351;752 736;B01;1;7;0;2;4;2;1;
52958;202200034351;752 737;A01;1;7;0;2;1;2;1;
52959;202200034352;752 732;B01;2;7;0;0;6;13;1;
52960;202200034352;752 734;A01;2;43;0;2;1;17;1;
52961;202200034353;752 730;A01;1;80;0;1;1;1;3;
52962;202200034354;752 729;A01;1;7;0;2;7;12;1;
52963;202200034354;752 731;B01;1;33;0;2;3;3;1;
52964;202200034355;752 725;A01;2;50;0;2;1;1;3;
52965;202200034355;752 728;B01;3;60;0;2;8;19;5;
52966;202200034356;752 724;A01;2;15;0;2;5;12;1;
52967;202200034356;752 726;B01;2;7;0;2;0;0;1;
52968;202200034356;752 727;C01;2;7;0;2;0;0;1;
52969;202200034357;752 720;A01;1;50;0;2;1;5;3;
52970;202200034357;752 723;B01;1;7;0;2;1;1;1;
52971;202200034358;752 719;A01;2;7;0;2;1;2;1;
52972;202200034358;752 721;B01;2;7;0;2;4;23;1;
52973;202200034358;752 722;C01;2;7;0;2;4;23;1;
52974;202200034359;752 716;A01;1;10;0;2;5;2;1;
52975;202200034359;752 718;B01;1;1;0;2;2;2;5;
52976;202200034360;752 715;B01;2;7;0;2;4;2;1;
52977;202200034360;752 717;A01;2;7;0;2;1;2;1;
52978;202200034361;752 712;B01;1;1;0;2;4;2;5;
52979;202200034361;752 714;A01;1;7;0;2;1;2;1;
52980;202200034362;752 711;A01;3;7;0;2;2;1;1;
52981;202200034362;752 713;B01;3;7;0;2;5;9;1;
52982;202200034363;752 710;A01;2;10;0;1;6;4;1;
52983;202200034364;752 708;A01;2;7;0;2;1;15;1;
52984;202200034364;752 709;B01;1;2;0;2;1;1;1;
52985;202200034365;752 707;A01;2;7;0;1;1;0;1;
52986;202200034366;752 706;A01;2;30;0;1;4;1;3;
52987;202200034367;752 705;A01;1;7;0;1;1;1;1;
52988;202200034368;752 703;A01;1;10;0;2;0;0;0;
52989;202200034368;752 704;B01;1;32;0;0;4;0;1;
52990;202200034369;752 701;A01;2;7;0;1;1;1;0;
52991;202200034370;752 702;A01;2;50;12;0;1;1;3;
52992;202200034372;752 696;A01;1;33;13;0;1;14;1;
52993;202200034373;752 694;A01;1;7;0;2;5;15;1;
52994;202200034373;752 695;B01;2;33;0;2;1;1;1;
52995;202200034374;752 700;A01;0;7;0;1;1;1;1;
52996;202200034375;752 693;A01;2;7;13;0;0;14;1;
52997;202200034376;752 691;B01;2;33;0;2;1;2;1;
52998;202200034376;752 692;A01;2;7;0;2;3;10;1;
52999;202200034378;752 687;A01;2;7;0;2;1;13;1;
53000;202200034378;752 688;B01;1;14;0;2;1;26;1;
53001;202200034379;752 686;A01;2;7;0;1;1;1;1;
53002;202200034380;752 685;A01;3;7;0;1;2;1;1;
53003;202200034381;752 683;A01;1;7;0;2;3;15;1;
53004;202200034381;752 684;B01;1;33;0;2;7;17;1;
53005;202200034382;752 681;A01;2;10;0;2;3;13;1;
53006;202200034382;752 682;B01;1;7;0;2;3;1;1;
53007;202200034383;752 680;A01;1;7;6;0;2;1;1;
53008;202200034384;752 679;A01;1;7;13;0;1;2;1;
53009;202200034385;752 678;A01;1;2;0;0;1;1;1;
53010;202200034386;752 676;A01;1;7;0;0;0;26;1;
53011;202200034387;752 675;B01;2;33;0;2;1;1;1;
53012;202200034387;752 677;A01;1;7;0;2;3;15;1;
53013;202200034388;752 673;A01;1;7;2;2;3;21;1;
53014;202200034389;752 672;B01;1;33;0;2;1;1;1;
53015;202200034389;752 674;A01;3;7;0;2;3;15;1;
53016;202200034390;752 669;C01;1;7;0;2;4;26;2;
53017;202200034390;752 670;B01;1;7;0;2;9;26;1;
53018;202200034390;752 671;A01;1;7;0;2;1;1;1;
53019;202200034391;752 667;A01;0;7;0;2;3;13;1;
53020;202200034391;752 668;B01;0;7;3;2;3;1;1;
53021;202200034392;752 666;A01;1;7;0;1;2;16;1;
53022;202200034393;752 664;A01;2;7;0;2;1;1;1;
53023;202200034393;752 665;B01;2;31;0;2;1;1;1;
53024;202200034394;752 662;A01;3;7;0;2;7;15;1;
53025;202200034394;752 663;B01;3;7;0;2;1;1;1;
53026;202200034395;752 657;A01;1;7;0;2;2;17;3;
53027;202200034395;752 659;B01;1;2;0;2;8;15;1;
53028;202200034396;752 655;A01;1;32;0;2;1;1;0;
53029;202200034396;752 656;B01;1;21;0;2;8;1;0;
53030;202200034397;752 653;A01;1;7;0;2;1;1;1;
53031;202200034397;752 654;B01;1;7;0;2;8;1;1;
53032;202200034398;752 651;B01;1;7;0;2;1;2;1;
53033;202200034398;752 652;A01;1;7;0;0;4;1;1;
53034;202200034399;752 649;B01;2;17;0;2;1;1;1;
53035;202200034399;752 650;A01;1;7;0;2;1;1;1;
53036;202200034400;752 647;B01;1;7;0;2;1;0;1;
53037;202200034400;752 648;A01;2;10;0;2;1;0;1;
53038;202200034401;752 645;A01;2;7;0;2;2;15;1;
53039;202200034401;752 646;B01;1;7;0;2;1;1;1;
53040;202200034402;752 642;B01;1;7;0;2;7;21;1;
53041;202200034402;752 644;A01;2;7;0;2;2;13;1;
53042;202200034403;752 641;A01;2;33;0;2;2;1;1;
53043;202200034403;752 643;B01;2;7;0;2;1;15;1;
53044;202200034404;752 640;A01;0;7;0;1;3;1;1;
53045;202200034405;752 638;A01;1;7;2;0;1;13;1;
53046;202200034406;752 635;A01;2;2;5;0;3;1;1;
53047;202200034407;752 633;A01;3;80;0;2;8;19;3;
53048;202200034407;752 634;B01;1;7;0;2;1;1;1;
53049;202200034408;752 628;A01;0;10;0;2;1;26;1;
53050;202200034408;752 631;B01;0;7;0;2;6;26;1;
53051;202200034408;752 632;C01;0;7;0;2;8;1;1;
53052;202200034409;752 629;B01;2;30;0;2;1;1;1;
53053;202200034409;752 630;A01;1;7;0;2;7;15;1;
53054;202200034410;752 627;A01;1;1;0;0;0;1;5;
53055;202200034412;752 624;A01;2;7;0;1;1;15;1;
53056;202200034413;752 623;B01;1;1;0;2;1;13;5;
53057;202200034413;752 625;A01;1;7;0;2;1;13;1;
53058;202200034414;752 619;B01;1;50;0;2;0;0;3;
53059;202200034414;752 622;A01;1;7;0;2;3;15;1;
53060;202200034415;752 618;A01;1;7;0;2;1;17;1;
53061;202200034415;752 620;B01;2;14;0;2;1;1;1;
53062;202200034415;752 621;C01;2;14;0;2;3;1;0;
53063;202200034416;752 616;A01;1;7;0;2;3;0;2;
53064;202200034416;752 617;B01;1;50;0;2;5;0;3;
53065;202200034417;752 614;A01;2;30;0;0;2;1;1;
53066;202200034418;752 613;A01;1;7;3;2;2;1;1;
53067;202200034418;752 615;B01;2;31;3;2;1;1;1;
53068;202200034419;752 611;A01;3;2;4;0;2;0;1;
53069;202200034420;752 610;A01;2;7;0;2;2;1;1;
53070;202200034420;752 612;B01;1;7;0;2;1;15;1;
53071;202200034421;752 607;B01;2;7;0;2;1;1;1;
53072;202200034421;752 609;A01;1;7;0;2;1;13;1;
53073;202200034422;752 606;A01;2;7;0;2;2;15;1;
53074;202200034422;752 608;B01;1;7;0;2;1;1;1;
53075;202200034423;752 603;B01;3;2;0;2;8;19;1;
53076;202200034423;752 605;A01;3;7;0;2;2;19;1;
53077;202200034424;752 602;B01;1;7;0;2;2;15;1;
53078;202200034424;752 604;A01;1;7;0;2;1;1;1;
53079;202200034425;752 600;A01;3;7;1;9;3;20;1;
53080;202200034426;752 599;A01;2;7;0;2;2;16;1;
53081;202200034426;752 601;B01;2;1;0;2;1;2;5;
53082;202200034427;752 598;A01;1;33;0;0;1;26;1;
53083;202200034428;752 596;A01;3;7;8;0;7;1;1;
53084;202200034429;752 595;A01;1;7;0;2;1;2;1;
53085;202200034429;752 597;B01;1;7;0;2;4;1;1;
53086;202200034430;752 594;A01;2;17;6;0;2;15;1;
53087;202200034431;752 593;A01;1;7;0;1;1;1;1;
53088;202200034432;752 592;A01;3;2;9;0;1;1;1;
53089;202200034433;752 589;B01;2;33;0;2;1;1;1;
53090;202200034433;752 591;A01;1;7;0;2;2;16;1;
53091;202200034434;752 588;A01;3;7;0;2;5;19;1;
53092;202200034434;752 590;B01;3;2;0;2;6;2;1;
53093;202200034435;752 587;A01;1;33;13;0;1;1;1;
53094;202200034436;752 584;A01;3;7;0;1;1;15;1;
53095;202200034437;752 585;B01;1;50;0;2;8;1;3;
53096;202200034437;752 586;A01;3;10;0;9;2;16;3;
53097;202200034438;752 583;A01;1;33;13;0;2;1;1;
53098;202200034439;752 581;A01;1;7;15;0;7;0;1;
53099;202200034440;752 579;C01;2;7;0;2;4;1;1;
53100;202200034440;752 580;A01;2;10;0;2;1;1;1;
53101;202200034440;752 582;B01;2;7;0;2;4;1;1;
53102;202200034441;752 577;A01;1;7;15;0;1;1;1;
53103;202200034442;752 576;A01;0;7;0;2;3;9;1;
53104;202200034442;752 578;B01;0;31;0;2;7;15;1;
53105;202200034443;752 573;B01;2;2;0;2;1;1;1;
53106;202200034443;752 575;A01;1;7;0;2;5;15;1;
53107;202200034444;752 572;A01;1;10;0;2;1;1;1;
53108;202200034444;752 574;B01;1;7;0;2;4;1;1;
53109;202200034445;752 571;A01;3;36;13;0;1;0;1;
53110;202200034446;752 570;A01;3;1;0;0;8;1;5;
53111;202200034447;752 567;A01;1;7;0;2;3;13;1;
53112;202200034447;752 569;B01;2;7;0;2;1;1;1;
53113;202200034448;752 564;A01;2;7;0;2;1;1;1;
53114;202200034448;752 565;B01;1;7;0;2;2;1;1;
53115;202200034450;752 562;A01;2;7;3;0;3;0;1;
53116;202200034451;752 560;A01;2;13;0;2;2;17;1;
53117;202200034451;752 561;B01;2;7;0;2;2;1;1;
53118;202200034452;752 557;A01;1;7;0;2;0;1;0;
53119;202200034452;752 558;B01;1;7;0;2;0;1;0;
53120;202200034453;752 556;A01;1;7;3;2;2;17;1;
53121;202200034453;752 559;B01;1;17;0;2;6;0;1;
53122;202200034454;752 553;A01;2;7;0;2;2;1;1;
53123;202200034454;752 555;B01;2;7;0;2;6;1;1;
53124;202200034455;752 552;B01;2;7;0;0;4;1;1;
53125;202200034455;752 554;A01;2;7;0;2;1;2;1;
53126;202200034456;752 551;A01;3;7;0;1;3;1;1;
53127;202200034457;752 548;A01;0;7;0;2;2;16;1;
53128;202200034457;752 550;B01;0;50;0;2;8;25;3;
53129;202200034458;752 547;A01;2;7;0;2;3;15;0;
53130;202200034458;752 549;B01;1;33;0;2;1;1;1;
53131;202200034459;752 544;B01;1;7;0;2;1;1;1;
53132;202200034459;752 545;A01;1;7;0;2;4;1;1;
53133;202200034460;752 543;A01;2;33;0;2;1;23;1;
53134;202200034460;752 546;B01;2;10;1;0;4;4;1;
53135;202200034461;752 542;A01;2;10;0;1;5;21;1;
53136;202200034462;752 539;A01;1;7;4;2;1;0;1;
53137;202200034462;752 540;B01;1;10;0;2;8;0;1;
53138;202200034462;752 541;C01;1;7;0;0;6;1;1;
53139;202200034463;752 537;A01;1;43;1;0;2;18;1;
53140;202200034463;752 538;B01;2;7;0;2;7;23;1;
53141;202200034464;752 536;A01;1;7;0;0;1;1;1;
53142;202200034465;752 535;A01;2;7;0;1;2;1;1;
53143;202200034466;752 533;A01;1;13;0;0;4;23;1;
53144;202200034466;752 534;B01;1;13;1;0;1;2;0;
53145;202200034467;752 531;A01;1;7;0;2;1;15;1;
53146;202200034467;752 532;B01;2;1;0;2;1;1;5;
53147;202200034468;752 527;A01;2;7;0;2;3;13;1;
53148;202200034468;752 529;B01;1;7;0;2;3;1;1;
53149;202200034469;752 525;B01;1;7;0;2;7;26;1;
53150;202200034469;752 526;A01;1;34;0;2;8;26;1;
53151;202200034470;752 528;B01;2;10;0;2;2;1;1;
53152;202200034470;752 530;A01;3;1;0;2;1;19;5;
53153;202200034471;752 524;A01;0;99;12;0;0;0;0;
53154;202200034472;752 522;A01;1;10;0;2;1;2;1;
53155;202200034472;752 523;B01;1;7;0;2;4;2;1;
53156;202200034473;752 521;A01;1;36;0;0;3;1;1;
53157;202200034474;752 520;A01;3;7;2;0;3;13;1;
53158;202200034475;752 518;A01;2;7;0;2;3;13;1;
53159;202200034475;752 519;B01;1;7;0;2;3;1;1;
53160;202200034476;752 516;A01;1;7;0;2;1;1;1;
53161;202200034476;752 517;B01;1;10;0;0;4;1;1;
53162;202200034477;752 513;A01;1;7;0;2;1;2;1;
53163;202200034477;752 514;B01;1;7;0;2;4;2;1;
53164;202200034477;752 515;C01;1;7;0;0;4;2;1;
53165;202200034478;752 511;B01;1;33;0;2;1;1;1;
53166;202200034478;752 512;A01;1;7;0;0;4;15;1;
53167;202200034479;752 509;A01;1;7;0;2;1;2;1;
53168;202200034479;752 510;B01;1;7;0;2;4;0;1;
53169;202200034480;752 507;B01;2;33;0;2;1;5;1;
53170;202200034480;752 508;A01;1;7;6;2;3;1;1;
53171;202200034481;752 506;A01;2;36;6;0;2;1;1;
53172;202200034482;752 505;A01;3;50;0;0;0;1;3;
53173;202200034484;752 503;A01;2;7;8;0;1;14;1;
53174;202200034486;752 500;A01;1;7;0;2;1;1;1;
53175;202200034486;752 501;B01;2;7;0;2;1;1;1;
53176;202200034487;752 498;A01;1;7;0;2;3;1;1;
53177;202200034487;752 499;B01;2;50;0;2;2;1;3;
53178;202200034488;752 496;A01;3;7;0;2;1;1;1;
53179;202200034488;752 497;B01;3;10;0;2;1;1;1;
53180;202200034489;752 494;B01;3;10;0;2;6;15;1;
53181;202200034489;752 495;A01;3;33;13;2;1;1;1;
53182;202200034491;752 490;A01;0;7;13;2;1;1;1;
53183;202200034491;752 491;B01;0;7;0;2;3;13;1;
53184;202200034492;752 489;A01;2;50;0;0;7;1;3;
53185;202200034493;752 487;B01;3;10;0;2;2;21;1;
53186;202200034493;752 488;A01;3;10;13;2;5;13;1;
53187;202200034494;752 486;A01;2;7;4;0;1;1;1;
53188;202200034495;752 484;B01;1;7;0;2;1;17;1;
53189;202200034495;752 485;A01;2;7;0;2;1;5;1;
53190;202200034496;752 481;A01;1;7;0;2;4;2;3;
53191;202200034496;752 482;B01;1;7;0;2;4;2;1;
53192;202200034496;752 483;C01;1;7;0;2;1;2;1;
53193;202200034497;752 480;A01;2;33;3;0;7;21;1;
53194;202200034498;752 479;A01;1;7;13;0;2;14;0;
53195;202200034499;752 478;A01;1;7;0;0;9;17;1;
53196;202200034500;752 475;C01;1;7;0;2;6;1;1;
53197;202200034500;752 476;B01;1;7;0;2;1;14;1;
53198;202200034500;752 477;A01;1;33;0;2;0;0;1;
53199;202200034501;752 472;D01;2;37;0;2;2;0;1;1.0
53200;202200034501;752 473;B01;2;7;0;2;9;2;1;
53201;202200034501;752 474;A01;2;7;0;2;1;2;1;
53202;202200034502;752 470;A01;1;7;0;2;1;2;2;
53203;202200034502;752 471;B01;1;7;0;2;4;1;1;
53204;202200034503;752 469;A01;3;10;0;1;2;1;1;
53205;202200034504;752 467;A01;1;7;0;2;3;1;1;
53206;202200034504;752 468;B01;2;7;0;2;8;1;1;
53207;202200034505;752 466;A01;3;7;6;0;1;1;1;
53208;202200034506;752 463;A01;1;7;0;2;2;15;1;
53209;202200034506;752 464;B01;2;7;0;2;1;1;1;
53210;202200034507;752 462;B01;0;7;0;9;8;23;1;
53211;202200034507;752 465;A01;0;2;0;2;1;26;1;
53212;202200034508;752 460;B01;0;1;0;2;8;1;5;
53213;202200034508;752 461;A01;2;7;0;2;1;15;1;
53214;202200034509;752 457;A01;0;7;0;2;1;1;1;
53215;202200034509;752 459;B01;0;7;0;2;7;19;1;
53216;202200034510;752 456;A01;2;7;4;2;6;1;1;
53217;202200034510;752 458;B01;2;17;0;2;5;12;1;
53218;202200034511;752 452;A01;2;7;0;2;1;6;0;
53219;202200034511;752 454;B01;2;33;0;2;4;23;0;
53220;202200034512;752 453;A01;0;7;0;2;2;15;1;
53221;202200034512;752 455;B01;0;31;0;2;1;1;1;
53222;202200034513;752 451;A01;2;40;0;1;1;1;3;
53223;202200034514;752 445;D01;1;7;0;2;4;2;1;
53224;202200034514;752 446;C01;1;7;0;2;6;2;1;
53225;202200034514;752 448;B01;1;7;0;2;6;2;1;
53226;202200034514;752 449;A01;1;7;0;2;1;2;1;
53227;202200034515;752 443;A01;3;7;0;1;1;1;1;
53228;202200034517;752 441;A01;1;7;0;1;1;1;2;
53229;202200034518;752 438;A01;2;7;0;2;1;1;1;
53230;202200034518;752 439;B01;1;1;0;2;8;19;5;
53231;202200034519;752 437;A01;2;7;0;2;1;13;1;
53232;202200034519;752 440;B01;1;7;0;2;1;1;1;
53233;202200034520;752 435;A01;3;7;0;1;2;1;1;
53234;202200034521;752 434;A01;2;33;0;2;7;17;1;
53235;202200034521;752 436;B01;2;7;0;2;0;17;0;
53236;202200034522;752 430;B01;1;33;0;2;1;1;1;
53237;202200034522;752 432;A01;1;7;0;2;3;15;1;
53238;202200034523;752 431;B01;1;7;0;2;4;1;1;
53239;202200034523;752 433;A01;1;7;0;2;1;1;1;