;Num_Acc;id_vehicule;num_veh;senc;catv;obs;obsm;choc;manv;motor;occutc
53240;202200034524;752 426;A01;3;10;0;2;1;2;1;
53241;202200034524;752 427;B01;3;7;0;2;4;2;1;
53242;202200034526;752 423;A01;1;30;12;0;7;14;1;
53243;202200034527;752 422;Z01;1;7;0;1;0;1;1;
53244;202200034528;752 420;B01;1;7;0;2;6;15;1;
53245;202200034528;752 421;A01;1;30;0;2;2;11;1;
53246;202200034529;752 417;B01;1;33;0;2;7;17;1;
53247;202200034529;752 418;A01;1;7;0;2;3;15;1;
53248;202200034530;752 416;A01;1;50;0;2;1;25;3;
53249;202200034530;752 419;B01;3;10;0;2;5;15;1;
53250;202200034531;752 415;A01;2;2;8;0;3;14;1;
53251;202200034533;752 412;A01;1;10;0;1;2;1;1;
53252;202200034534;752 410;C01;2;7;0;2;1;1;1;
53253;202200034534;752 411;B01;2;7;0;2;1;1;1;
53254;202200034534;752 414;A01;1;7;0;2;1;5;1;
53255;202200034535;752 408;A01;1;7;0;1;2;15;1;
53256;202200034536;752 406;B01;2;7;0;2;7;1;1;
53257;202200034536;752 409;A01;1;1;0;2;1;1;5;
53258;202200034537;752 405;B01;1;7;0;2;8;1;1;
53259;202200034537;752 407;A01;1;7;0;2;1;1;1;
53260;202200034538;752 402;A01;2;7;0;1;2;1;1;
53261;202200034539;752 401;B01;1;43;0;2;1;1;1;
53262;202200034539;752 404;A01;1;7;0;2;2;15;2;
53263;202200034540;752 399;A01;3;7;15;0;2;14;1;
53264;202200034541;752 400;A01;3;7;0;2;3;11;1;
53265;202200034541;752 403;B01;3;99;0;2;2;1;0;
53266;202200034542;752 396;B01;1;2;0;2;7;17;1;
53267;202200034542;752 398;A01;1;7;0;2;8;26;1;
53268;202200034543;752 395;B01;1;7;0;2;9;1;1;
53269;202200034543;752 397;A01;1;10;0;2;1;17;1;
53270;202200034544;752 389;A01;1;31;0;2;1;1;1;
53271;202200034544;752 392;B01;1;7;0;2;3;1;1;
53272;202200034545;752 384;A01;2;7;1;0;2;1;1;
53273;202200034546;752 387;C01;1;7;0;2;6;1;1;
53274;202200034546;752 390;B01;1;7;0;2;5;1;2;
53275;202200034546;752 394;A01;1;7;0;2;3;1;1;
53276;202200034547;752 383;A01;1;10;0;2;1;1;1;
53277;202200034547;752 385;B01;3;10;0;0;5;1;3;
53278;202200034548;752 380;B01;1;32;1;2;1;26;1;
53279;202200034548;752 382;A01;1;10;0;2;8;23;1;
53280;202200034549;752 379;B01;3;7;0;2;1;26;1;
53281;202200034549;752 381;A01;3;50;0;2;1;26;3;
53282;202200034550;752 375;A01;1;30;16;0;7;1;1;
53283;202200034551;752 376;B01;2;34;0;2;3;15;1;
53284;202200034551;752 377;A01;2;7;0;2;2;15;1;
53285;202200034552;752 372;B01;1;7;0;2;4;1;1;
53286;202200034552;752 374;A01;1;7;0;2;1;12;1;
53287;202200034553;752 371;B01;3;10;0;2;1;15;1;
53288;202200034553;752 378;A01;3;80;0;2;3;15;3;
53289;202200034554;752 368;B01;1;7;6;0;4;13;1;
53290;202200034554;752 369;A01;1;7;6;0;1;17;2;
53291;202200034555;752 370;A01;0;10;0;2;1;15;1;
53292;202200034555;752 373;B01;0;7;0;2;8;1;1;
53293;202200034556;752 367;A01;3;7;12;0;1;14;1;
53294;202200034558;752 364;A01;3;2;1;0;1;26;1;
53295;202200034559;752 361;A01;1;15;0;1;1;26;1;
53296;202200034560;752 360;B01;3;1;0;2;4;1;5;
53297;202200034560;752 362;A01;3;7;0;2;1;1;1;
53298;202200034561;752 363;A01;1;7;0;2;2;16;2;
53299;202200034561;752 366;B01;2;80;0;2;1;1;3;
53300;202200034562;752 358;A01;1;1;0;0;0;0;5;
53301;202200034563;752 356;A01;0;33;0;2;8;1;0;
53302;202200034563;752 359;B01;0;37;0;9;2;1;2;1.0
53303;202200034564;752 355;A01;2;37;0;1;2;1;1;1.0
53304;202200034565;752 353;A01;1;30;0;2;2;1;1;
53305;202200034565;752 354;B01;2;10;0;2;2;1;1;
53306;202200034565;752 357;C01;1;7;0;2;7;1;1;
53307;202200034567;752 350;B01;3;1;0;2;0;0;5;
53308;202200034567;752 352;A01;3;7;0;9;1;9;1;
53309;202200034568;752 348;A01;1;10;0;1;4;4;1;
53310;202200034569;752 346;B01;1;32;0;2;1;1;1;
53311;202200034569;752 349;A01;1;7;0;2;3;10;1;
53312;202200034570;752 345;B01;3;7;0;9;2;1;1;
53313;202200034570;752 347;A01;3;1;0;2;5;9;5;
53314;202200034571;752 343;A01;1;7;0;2;5;23;1;
53315;202200034571;752 344;B01;1;33;0;2;3;1;1;
53316;202200034572;752 340;A01;1;32;0;2;1;1;1;
53317;202200034572;752 342;B01;1;7;0;2;8;15;1;
53318;202200034573;752 339;A01;2;30;0;2;4;2;1;
53319;202200034573;752 341;B01;2;7;0;2;4;26;1;
53320;202200034574;752 338;A01;1;7;0;1;3;15;1;
53321;202200034575;752 336;A01;2;7;1;0;3;2;1;
53322;202200034576;752 337;A01;1;10;1;1;2;12;1;
53323;202200034577;752 333;A01;3;7;1;0;4;4;1;
53324;202200034578;752 334;A01;3;30;0;0;0;0;1;
53325;202200034579;752 332;B01;2;33;0;2;0;13;0;
53326;202200034579;752 335;A01;1;32;0;2;8;13;1;
53327;202200034580;752 331;A01;1;33;0;0;0;1;1;
53328;202200034581;752 329;A01;2;30;4;0;1;14;1;
53329;202200034583;752 327;B01;1;1;0;2;8;1;5;
53330;202200034583;752 328;A01;1;7;0;2;1;2;1;
53331;202200034584;752 324;A01;0;7;0;1;4;20;1;
53332;202200034585;752 323;A01;3;7;0;2;3;13;1;
53333;202200034585;752 325;B01;3;7;0;2;3;26;1;
53334;202200034586;752 322;A01;1;2;0;2;2;1;1;
53335;202200034586;752 326;B01;3;7;0;2;3;9;1;
53336;202200034587;752 321;A01;2;7;0;0;1;1;1;
53337;202200034588;752 320;A01;3;7;0;1;2;9;1;
53338;202200034589;752 318;A01;1;7;0;1;1;1;1;
53339;202200034591;752 315;B01;1;14;0;2;7;1;1;
53340;202200034591;752 317;A01;1;33;0;2;8;11;1;
53341;202200034592;752 312;A01;3;10;15;0;0;0;1;
53342;202200034593;752 313;A01;1;32;5;0;1;14;1;
53343;202200034594;752 311;B01;1;2;0;2;0;17;1;
53344;202200034594;752 314;A01;1;7;0;2;3;13;1;
53345;202200034595;752 310;A01;1;7;0;1;2;0;0;
53346;202200034596;752 309;A01;2;37;0;1;1;1;1;1.0
53347;202200034597;752 305;A01;1;30;0;2;1;16;3;
53348;202200034597;752 307;B01;2;1;0;2;1;5;5;
53349;202200034598;752 303;A01;3;30;0;2;7;1;1;
53350;202200034598;752 306;B01;1;7;0;2;3;1;1;
53351;202200034599;752 297;B01;1;1;0;2;3;1;5;
53352;202200034599;752 301;A01;1;7;0;2;3;15;1;
53353;202200034600;752 300;A01;2;7;0;2;3;13;1;
53354;202200034600;752 302;B01;1;15;0;2;6;1;1;
53355;202200034600;752 304;C01;1;7;0;2;1;1;1;
53356;202200034600;752 308;D01;1;7;14;0;1;1;1;
53357;202200034601;752 295;A01;-1;7;0;2;2;1;1;
53358;202200034601;752 299;B01;-1;7;0;2;3;9;1;
53359;202200034602;752 296;A01;2;32;0;2;1;1;1;
53360;202200034602;752 298;B01;2;7;0;2;6;9;1;
53361;202200034603;752 294;A01;1;30;0;2;0;1;1;
53362;202200034605;752 291;A01;2;7;0;2;2;13;1;
53363;202200034605;752 293;B01;1;10;0;2;3;1;1;
53364;202200034606;752 288;B01;1;1;0;2;7;1;5;
53365;202200034606;752 289;A01;1;7;0;9;3;1;2;
53366;202200034607;752 286;A01;2;7;0;1;2;1;1;
53367;202200034608;752 287;B01;1;31;0;2;8;5;3;
53368;202200034608;752 290;A01;1;7;0;2;3;9;1;
53369;202200034609;752 285;A01;1;7;14;0;1;15;0;
53370;202200034610;752 284;A01;1;10;6;0;1;1;1;
53371;202200034611;752 282;A01;2;7;0;2;0;0;1;
53372;202200034611;752 283;B01;2;7;0;2;6;23;1;
53373;202200034612;752 279;C01;2;7;0;2;8;15;1;
53374;202200034612;752 280;B01;1;30;0;2;1;1;1;
53375;202200034612;752 281;A01;2;7;0;2;2;15;1;
53376;202200034613;752 278;A01;1;10;8;0;1;9;1;
53377;202200034614;752 277;A01;2;7;0;1;3;1;1;
53378;202200034615;752 274;A01;3;7;0;2;3;2;1;
53379;202200034615;752 276;B01;3;7;0;2;2;19;1;
53380;202200034616;752 273;A01;1;7;3;0;1;1;1;
53381;202200034617;752 272;A01;2;7;0;2;3;9;1;
53382;202200034617;752 275;B01;2;7;0;2;2;1;1;
53383;202200034618;752 270;B01;1;7;0;2;8;11;0;
53384;202200034618;752 271;A01;1;34;0;2;7;1;1;
53385;202200034619;752 268;A01;3;7;12;1;1;18;1;
53386;202200034620;752 265;A01;2;7;0;2;8;17;1;
53387;202200034620;752 266;B01;2;2;0;2;7;17;1;
53388;202200034622;752 261;A01;0;7;0;0;0;0;0;
53389;202200034622;752 263;B01;0;7;0;0;0;0;0;
53390;202200034623;752 264;Z01;1;7;0;1;2;1;0;
53391;202200034624;752 260;B01;3;1;0;2;1;1;5;
53392;202200034624;752 262;A01;3;10;0;9;3;9;1;
53393;202200034626;752 256;A01;1;7;0;2;2;1;1;
53394;202200034626;752 258;B01;1;32;0;2;1;1;1;
53395;202200034627;752 254;A01;3;3;0;1;3;15;1;
53396;202200034628;752 253;A01;1;10;0;2;1;1;1;
53397;202200034628;752 255;B01;2;7;0;2;1;1;1;
53398;202200034629;752 250;A01;2;7;0;1;2;13;1;
53399;202200034630;752 251;B01;0;7;0;2;0;1;-1;
53400;202200034630;752 252;A01;0;50;0;2;0;0;3;
53401;202200034631;752 247;C01;1;17;0;0;6;24;1;
53402;202200034631;752 249;A01;1;17;1;0;2;14;1;
53403;202200034632;752 245;A01;1;7;0;2;7;17;1;
53404;202200034632;752 248;B01;1;1;0;2;8;2;5;
53405;202200034633;752 244;B01;0;7;-1;-1;0;1;-1;
53406;202200034633;752 246;Z01;0;7;0;2;0;0;-1;
53407;202200034634;752 243;A01;1;33;0;0;0;1;1;
53408;202200034635;752 241;B01;2;7;0;2;1;0;1;
53409;202200034635;752 242;A01;1;2;8;2;8;1;1;
53410;202200034636;752 239;Z01;-1;7;-1;-1;-1;-1;-1;
53411;202200034636;752 240;B01;0;1;-1;-1;0;1;5;
53412;202200034637;752 237;A01;1;7;0;0;1;1;1;
53413;202200034638;752 236;A01;1;7;8;2;2;17;1;
53414;202200034638;752 238;B01;1;21;0;2;3;2;1;
53415;202200034639;752 233;A01;1;33;5;0;0;1;1;
53416;202200034640;752 234;A01;0;50;0;2;0;15;3;
53417;202200034640;752 235;B01;0;7;0;2;0;1;-1;
53418;202200034641;752 228;A01;3;33;1;0;1;1;1;
53419;202200034641;752 231;B01;3;7;0;0;5;23;1;
53420;202200034642;752 229;B01;1;1;0;2;8;1;5;
53421;202200034642;752 232;A01;1;7;0;9;7;1;1;
53422;202200034643;752 227;B01;1;1;0;2;1;2;5;
53423;202200034643;752 230;A01;1;1;0;2;4;15;5;
53424;202200034644;752 224;A01;1;7;0;2;2;2;2;
53425;202200034644;752 226;B01;1;2;0;2;4;2;1;
53426;202200034645;752 221;A01;0;7;0;2;0;0;-1;
53427;202200034645;752 222;B01;0;50;0;2;0;0;3;
53428;202200034646;752 220;A01;1;7;8;0;0;1;1;
53429;202200034647;752 217;B01;1;7;0;0;4;26;1;
53430;202200034647;752 219;A01;1;2;0;2;1;2;1;
53431;202200034648;752 215;A01;2;10;0;2;2;15;1;
53432;202200034648;752 216;B01;1;33;0;2;1;1;1;
53433;202200034649;752 214;B01;1;1;0;2;3;19;5;
53434;202200034649;752 218;A01;1;7;0;2;1;1;1;
53435;202200034650;752 213;A01;3;7;0;0;0;26;1;
53436;202200034651;752 212;A01;2;10;3;1;1;21;1;
53437;202200034652;752 210;B01;1;1;0;2;3;2;5;
53438;202200034652;752 211;A01;1;7;0;2;2;2;1;
53439;202200034654;752 205;A01;2;7;2;0;1;1;1;
53440;202200034655;752 202;A01;1;7;13;0;2;14;1;
53441;202200034656;752 203;B01;1;10;0;2;4;2;1;
53442;202200034656;752 204;A01;1;7;0;2;1;2;1;
53443;202200034656;752 207;C01;1;7;0;2;4;2;1;
53444;202200034657;752 200;A01;1;7;0;2;1;5;1;
53445;202200034657;752 201;B01;2;7;0;2;1;1;1;
53446;202200034658;752 199;A01;1;17;0;1;1;1;1;
53447;202200034660;752 196;A01;2;33;8;2;7;17;1;
53448;202200034660;752 198;B01;2;7;0;2;3;17;1;
53449;202200034661;752 194;B01;2;7;0;2;1;1;1;
53450;202200034661;752 195;A01;1;7;0;2;1;1;1;
53451;202200034662;752 193;B01;2;7;0;1;2;2;1;
53452;202200034663;752 189;B01;2;50;0;0;4;16;3;
53453;202200034663;752 191;A01;1;7;0;2;2;1;1;
53454;202200034664;752 190;A01;2;33;0;2;2;17;1;
53455;202200034664;752 192;B01;2;10;0;2;3;15;1;
53456;202200034665;752 187;B01;1;14;0;2;1;1;1;
53457;202200034665;752 188;A01;2;7;0;2;7;19;1;
53458;202200034666;752 186;A01;2;33;8;0;4;1;1;
53459;202200034667;752 184;B01;1;7;0;2;1;1;1;
53460;202200034667;752 185;A01;2;7;0;2;2;13;1;
53461;202200034668;752 183;A01;1;13;12;0;7;15;1;
53462;202200034670;752 179;B01;3;1;0;2;1;0;5;
53463;202200034670;752 182;A01;0;7;0;0;0;0;1;
53464;202200034672;752 172;A01;3;33;12;0;1;26;1;
53465;202200034673;752 173;A01;1;33;0;2;1;2;1;
53466;202200034673;752 175;B01;1;7;0;0;4;2;1;
53467;202200034674;752 168;B01;1;33;0;2;2;1;1;
53468;202200034674;752 170;A01;2;7;0;2;1;15;1;
53469;202200034675;752 166;A01;2;7;0;2;1;2;1;
53470;202200034675;752 169;B01;2;7;0;0;4;0;1;
53471;202200034675;752 171;C01;2;7;0;2;4;0;1;
53472;202200034675;752 174;D01;2;7;0;0;4;0;1;
53473;202200034675;752 176;E01;2;7;0;2;2;21;1;
53474;202200034676;752 165;A01;2;2;16;0;0;13;1;
53475;202200034677;752 167;A01;1;7;7;0;1;1;1;
53476;202200034678;752 163;A01;1;7;7;0;3;1;1;
53477;202200034679;752 162;A01;1;10;0;2;2;1;1;
53478;202200034679;752 164;B01;2;33;0;2;1;13;1;
53479;202200034680;752 159;A01;1;7;0;0;3;23;1;
53480;202200034680;752 161;B01;1;7;1;0;2;21;1;
53481;202200034681;752 157;A01;3;2;0;2;1;19;1;
53482;202200034681;752 160;B01;3;10;0;2;8;1;1;
53483;202200034682;752 156;A01;1;33;0;2;1;1;1;
53484;202200034682;752 158;B01;0;7;0;2;5;1;1;
53485;202200034683;752 154;A01;2;7;6;0;2;1;1;
53486;202200034684;752 152;A01;3;7;0;1;1;1;1;
53487;202200034685;752 151;B01;2;7;0;2;3;1;3;
53488;202200034685;752 153;A01;1;7;0;2;1;13;1;
53489;202200034686;752 150;A01;2;3;0;0;1;1;1;
53490;202200034687;752 147;A01;2;7;8;0;8;1;1;
53491;202200034688;752 146;A01;3;7;0;2;3;1;1;
53492;202200034688;752 148;B01;3;7;12;2;3;1;1;
53493;202200034689;752 145;A01;1;1;0;2;7;12;5;
53494;202200034689;752 149;B01;1;7;0;2;3;1;1;
53495;202200034690;752 143;B01;2;7;1;0;8;1;1;
53496;202200034690;752 144;A01;1;15;0;2;2;26;1;
53497;202200034691;752 141;A01;2;7;13;0;1;11;1;
53498;202200034691;752 142;B01;1;7;13;0;1;1;1;
53499;202200034692;752 139;A01;1;7;0;2;1;1;1;
53500;202200034692;752 140;B01;1;15;0;2;6;1;1;
53501;202200034693;752 134;A01;2;7;0;1;1;1;1;
53502;202200034694;752 135;C01;0;1;0;0;1;1;5;
53503;202200034694;752 136;B01;0;1;0;2;1;1;5;
53504;202200034694;752 138;A01;0;7;0;9;2;19;1;
53505;202200034695;752 133;A01;2;7;0;1;1;1;1;
53506;202200034696;752 132;A01;2;7;2;0;1;0;1;
53507;202200034697;752 131;B01;1;7;0;2;1;1;1;
53508;202200034697;752 137;A01;1;7;0;2;1;5;1;
53509;202200034698;752 128;B01;2;17;0;0;4;2;1;
53510;202200034698;752 130;A01;2;10;0;2;1;2;1;
53511;202200034699;752 127;B01;1;1;0;2;8;13;5;
53512;202200034699;752 129;A01;2;7;0;9;8;2;1;
53513;202200034700;752 125;A01;1;7;0;2;3;13;1;
53514;202200034700;752 126;B01;2;14;0;2;8;1;1;
53515;202200034702;752 120;B01;1;15;0;0;4;2;1;
53516;202200034702;752 121;A01;1;7;0;2;1;2;1;
53517;202200034703;752 119;A01;1;2;0;0;0;1;1;
53518;202200034704;752 116;B01;1;7;0;2;3;9;1;
53519;202200034704;752 118;A01;1;31;0;2;1;1;1;
53520;202200034705;752 115;A01;1;7;13;0;2;2;1;
53521;202200034706;752 114;A01;2;7;0;9;2;15;1;
53522;202200034706;752 117;B01;1;80;0;2;8;1;3;
53523;202200034707;752 111;B01;2;7;0;2;7;12;1;
53524;202200034707;752 113;A01;2;33;0;2;8;3;1;
53525;202200034708;752 109;B01;2;2;0;0;4;2;1;
53526;202200034708;752 112;A01;2;7;0;2;2;2;1;
53527;202200034709;752 110;A01;2;13;0;0;0;1;1;
53528;202200034710;752 107;B01;2;14;0;0;4;2;1;
53529;202200034710;752 108;A01;2;10;0;2;1;2;1;
53530;202200034711;752 106;A01;2;33;0;0;2;13;1;
53531;202200034712;752 105;A01;1;33;0;6;1;1;1;
53532;202200034713;752 099;A01;0;7;13;0;1;0;2;
53533;202200034714;752 096;A01;0;50;0;0;0;0;3;
53534;202200034715;752 092;A01;2;7;0;2;2;17;1;
53535;202200034715;752 094;B01;2;7;3;0;8;1;3;
53536;202200034715;752 095;C01;2;7;0;0;4;1;1;
53537;202200034715;752 098;D01;2;7;0;2;1;1;1;
53538;202200034715;752 100;E01;2;7;0;0;4;1;1;
53539;202200034715;752 101;F01;2;7;3;2;9;1;1;
53540;202200034715;752 102;G01;2;7;0;2;1;1;1;
53541;202200034715;752 104;H01;2;7;0;2;4;1;1;
53542;202200034716;752 093;A01;1;7;0;0;0;1;1;
53543;202200034716;752 097;B01;2;7;0;0;0;13;0;
53544;202200034718;752 089;A01;1;7;0;1;0;0;0;
53545;202200034719;752 088;A01;0;33;6;0;1;14;1;
53546;202200034720;752 086;A01;3;36;2;0;1;14;1;
53547;202200034721;752 084;A01;3;2;0;0;6;1;1;
53548;202200034722;752 085;A01;1;10;0;9;2;1;1;
53549;202200034722;752 087;B01;1;1;0;2;6;15;5;
53550;202200034724;752 081;B01;3;7;0;2;3;1;1;
53551;202200034724;752 082;A01;3;7;0;2;3;1;1;
53552;202200034725;752 078;A01;1;10;2;0;1;14;1;
53553;202200034726;752 077;A01;2;7;0;2;7;19;1;
53554;202200034726;752 080;B01;1;50;0;2;1;1;3;
53555;202200034727;752 076;A01;2;10;0;2;5;1;1;
53556;202200034727;752 079;B01;2;7;0;2;3;12;1;
53557;202200034728;752 074;A01;2;7;0;1;2;9;1;
53558;202200034729;752 073;B01;1;10;0;0;6;1;1;
53559;202200034729;752 075;A01;1;33;0;2;1;21;1;
53560;202200034730;752 069;B01;3;7;0;2;1;21;1;
53561;202200034730;752 071;A01;3;7;0;0;3;5;1;
53562;202200034731;752 067;A01;2;7;0;2;8;1;1;
53563;202200034731;752 070;B01;1;7;0;2;8;1;1;
53564;202200034732;752 065;A01;1;7;0;1;3;15;1;
53565;202200034733;752 068;B01;1;10;0;0;7;1;1;
53566;202200034733;752 072;A01;1;7;14;2;1;1;1;
53567;202200034734;752 066;A01;2;7;3;0;3;0;0;
53568;202200034735;752 063;A01;1;7;13;0;3;16;1;
53569;202200034737;752 057;A01;1;7;3;2;7;13;1;
53570;202200034737;752 058;B01;2;14;0;2;1;1;1;
53571;202200034739;752 055;A01;2;7;2;2;3;13;1;
53572;202200034739;752 056;B01;1;7;0;2;3;1;1;
53573;202200034740;752 053;B01;2;14;0;0;4;2;1;
53574;202200034740;752 054;A01;2;7;0;2;1;2;1;
53575;202200034741;752 051;A01;1;7;0;2;1;5;0;
53576;202200034741;752 052;B01;2;7;0;2;1;1;1;
53577;202200034742;752 048;B01;3;7;0;2;8;15;1;
53578;202200034742;752 050;A01;3;2;0;2;1;17;1;
53579;202200034743;752 046;A01;2;1;0;0;1;0;5;
53580;202200034744;752 047;B01;1;7;0;2;5;23;1;
53581;202200034744;752 049;A01;1;31;0;2;1;3;1;
53582;202200034745;752 044;B01;1;7;0;2;1;1;1;
53583;202200034745;752 045;A01;2;7;0;2;1;5;1;
53584;202200034746;752 043;A01;1;7;3;0;9;14;2;
53585;202200034747;752 038;A01;2;7;0;2;1;17;1;
53586;202200034747;752 040;B01;2;10;0;2;6;2;1;
53587;202200034747;752 042;C01;2;10;0;2;4;2;1;
53588;202200034748;752 036;B01;3;7;0;2;1;1;1;
53589;202200034748;752 039;A01;3;7;0;2;1;17;1;
53590;202200034750;752 034;A01;2;7;0;1;0;15;1;
53591;202200034751;752 033;A01;1;34;0;0;1;0;1;
53592;202200034752;752 031;A01;1;7;2;0;3;1;1;
53593;202200034753;752 029;A01;1;7;0;2;1;2;1;
53594;202200034753;752 032;B01;1;10;0;2;4;2;1;
53595;202200034755;752 026;A01;2;7;0;2;5;13;1;
53596;202200034755;752 027;B01;1;10;0;2;1;1;1;
53597;202200034756;752 024;A01;2;7;5;0;7;14;1;
53598;202200034757;752 022;A01;1;7;0;1;3;1;1;
53599;202200034758;752 023;B01;2;7;0;2;4;2;1;
53600;202200034758;752 025;A01;2;17;0;2;1;2;1;
53601;202200034760;752 020;A01;1;7;2;0;1;1;1;
53602;202200034761;752 018;A01;1;7;0;1;3;2;1;
53603;202200034762;752 017;A01;2;7;0;9;0;15;1;
53604;202200034763;752 016;A01;2;7;0;2;4;2;1;
53605;202200034763;752 019;Z01;1;7;0;0;0;0;0;
53606;202200034764;752 015;A01;0;0;0;1;2;25;0;
53607;202200034765;752 013;B01;3;1;0;2;1;15;5;
53608;202200034765;752 014;A01;2;7;0;0;7;1;1;
53609;202200034766;752 010;B01;0;7;1;0;3;1;1;
53610;202200034766;752 012;A01;0;7;0;0;5;23;1;
53611;202200034767;752 007;A01;2;10;0;2;3;11;1;
53612;202200034767;752 009;B01;2;33;0;2;1;3;1;
53613;202200034767;752 011;C01;2;7;0;2;4;1;1;
53614;202200034769;752 002;B01;2;10;0;2;1;1;1;
53615;202200034769;752 004;A01;2;7;0;0;4;1;1;
53616;202200034772;751 995;A01;3;7;0;1;2;16;1;
53617;202200034773;751 993;C01;1;7;0;2;5;1;1;
53618;202200034773;751 994;B01;1;7;0;2;3;1;3;
53619;202200034773;751 996;A01;1;7;0;2;3;0;1;
53620;202200034774;751 989;A01;1;7;0;0;6;15;1;
53621;202200034774;751 991;B01;1;33;0;2;1;17;1;
53622;202200034775;751 984;B01;2;7;0;2;3;1;1;
53623;202200034775;751 985;A01;1;7;0;2;3;0;1;
53624;202200034776;751 983;A01;1;7;0;2;4;2;2;
53625;202200034776;751 986;B01;1;7;0;2;1;2;1;
53626;202200034776;751 992;C01;1;10;0;2;1;2;1;
53627;202200034777;751 982;A01;2;33;2;0;1;1;1;
53628;202200034778;751 980;A01;2;33;12;0;8;1;1;
53629;202200034779;751 981;A01;3;7;0;2;1;1;0;
53630;202200034780;751 987;C01;1;7;0;2;4;2;1;
53631;202200034780;751 988;B01;1;7;0;2;4;2;1;
53632;202200034780;751 990;A01;1;7;0;2;1;2;1;
53633;202200034781;751 976;A01;2;7;0;2;1;2;1;
53634;202200034781;751 977;B01;2;7;0;2;4;2;1;
53635;202200034782;751 979;A01;1;7;0;1;1;1;1;
53636;202200034783;751 975;B01;3;33;0;2;1;1;1;
53637;202200034783;751 978;A01;3;7;0;2;2;15;1;
53638;202200034785;751 972;A01;0;7;13;0;1;1;1;
53639;202200034786;751 971;A01;1;7;3;0;3;1;1;
53640;202200034787;751 970;B01;3;1;0;2;0;0;0;
53641;202200034787;751 973;A01;1;7;0;2;3;24;1;
53642;202200034788;751 967;B01;2;7;0;2;4;2;1;
53643;202200034788;751 968;A01;2;7;0;2;1;2;1;
53644;202200034789;751 964;B01;1;7;0;2;4;17;1;
53645;202200034789;751 966;A01;1;7;0;2;1;1;1;
53646;202200034790;751 965;B01;2;7;0;2;3;1;1;
53647;202200034790;751 969;A01;2;7;0;0;6;1;1;
53648;202200034791;751 962;B01;2;7;0;2;7;12;1;
53649;202200034791;751 963;A01;2;33;0;2;8;3;1;
53650;202200034792;751 961;A01;1;7;2;0;8;1;1;
53651;202200034793;751 959;A01;2;7;0;2;1;1;1;
53652;202200034793;751 960;B01;2;7;0;2;6;1;1;
53653;202200034794;751 957;B01;1;33;0;2;7;0;1;
53654;202200034794;751 958;A01;1;7;0;2;8;11;1;
53655;202200034795;751 953;A01;1;33;0;2;1;9;1;
53656;202200034795;751 954;B01;1;10;0;0;0;0;1;
53657;202200034796;751 955;A01;1;37;0;1;2;1;1;1.0
53658;202200034797;751 956;A01;1;7;3;0;1;1;1;
53659;202200034798;751 951;A01;1;2;0;1;1;17;1;
53660;202200034799;751 949;C01;2;7;0;2;4;2;1;
53661;202200034799;751 950;B01;2;10;0;2;4;2;1;
53662;202200034799;751 952;A01;2;10;0;2;1;2;1;
53663;202200034800;751 948;A01;1;7;0;1;3;15;2;
53664;202200034803;751 942;A01;3;10;0;2;1;1;1;
53665;202200034803;751 944;B01;3;10;0;2;4;23;1;
53666;202200034803;751 946;C01;3;10;0;2;4;23;1;
53667;202200034804;751 938;A01;2;10;0;2;3;9;1;
53668;202200034804;751 941;B01;2;30;0;2;7;1;3;
53669;202200034805;751 937;A01;2;10;2;2;1;2;1;
53670;202200034805;751 940;B01;2;10;2;2;4;1;1;
53671;202200034806;751 939;A01;1;33;0;0;9;16;1;
53672;202200034807;751 935;B01;2;33;0;2;1;1;1;
53673;202200034807;751 936;A01;2;7;0;2;1;10;1;
53674;202200034808;751 930;A01;1;7;0;2;1;2;1;
53675;202200034808;751 933;B01;1;7;0;2;4;2;1;
53676;202200034808;751 934;C01;1;7;0;2;4;23;0;
53677;202200034809;751 929;A01;3;1;0;2;3;1;5;
53678;202200034809;751 932;Z01;3;7;0;2;2;9;1;
53679;202200034810;751 926;A01;0;7;9;0;0;0;1;
53680;202200034811;751 923;C01;1;7;0;2;3;9;1;
53681;202200034811;751 925;B01;1;15;0;2;1;1;1;
53682;202200034811;751 927;A01;1;7;0;2;7;1;1;
53683;202200034812;751 924;A01;2;14;0;2;2;22;1;
53684;202200034812;751 928;B01;2;1;0;2;1;1;5;
53685;202200034813;751 921;A01;1;10;8;0;1;26;1;
53686;202200034814;751 920;Z01;1;7;0;1;0;16;1;
53687;202200034815;751 919;B01;2;1;0;2;1;17;5;
53688;202200034815;751 922;A01;2;7;0;2;8;15;1;
53689;202200034816;751 916;B01;2;10;0;2;4;23;1;
53690;202200034816;751 918;A01;2;30;0;2;1;1;1;
53691;202200034817;751 914;A01;2;7;0;2;4;11;1;
53692;202200034817;751 917;B01;2;33;0;2;1;3;1;
53693;202200034818;751 912;Z01;2;7;0;2;1;2;0;
53694;202200034818;751 913;A01;2;43;0;2;4;2;1;
53695;202200034819;751 909;A01;1;10;0;2;8;1;1;
53696;202200034819;751 915;Z01;1;7;0;2;1;1;1;
53697;202200034820;751 908;A01;2;38;0;2;1;1;1;1.0
53698;202200034820;751 910;B01;2;7;3;2;4;1;1;
53699;202200034820;751 911;C01;2;7;0;2;8;1;1;