;Num_Acc;id_vehicule;num_veh;senc;catv;obs;obsm;choc;manv;motor;occutc
53700;202200034821;751 907;A01;2;50;0;1;1;1;3;
53701;202200034822;751 902;A01;2;1;0;2;0;16;5;
53702;202200034822;751 904;Z01;2;10;0;2;0;4;1;
53703;202200034823;751 900;B01;2;7;0;2;4;23;1;
53704;202200034823;751 903;A01;2;7;0;2;1;2;1;
53705;202200034823;751 906;C01;2;7;0;2;4;23;1;
53706;202200034825;751 897;A01;1;7;0;1;1;1;1;
53707;202200034826;751 896;B01;2;33;0;2;1;1;1;
53708;202200034826;751 898;A01;2;7;0;2;4;12;1;
53709;202200034827;751 894;A01;3;7;0;1;4;4;2;
53710;202200034828;751 892;C01;1;7;0;2;4;1;1;
53711;202200034828;751 893;B01;1;7;0;2;4;1;1;
53712;202200034828;751 895;A01;1;7;0;2;1;1;1;
53713;202200034829;751 890;A01;0;7;0;2;4;26;1;
53714;202200034829;751 891;B01;0;7;0;2;1;26;1;
53715;202200034830;751 889;A01;0;7;0;1;1;1;1;
53716;202200034831;751 887;A01;1;7;2;0;2;13;1;
53717;202200034832;751 886;B01;2;7;0;2;1;16;1;
53718;202200034832;751 888;A01;2;7;0;2;4;16;1;
53719;202200034833;751 885;A01;1;50;0;1;1;2;3;
53720;202200034834;751 883;B01;1;2;0;2;1;26;1;
53721;202200034834;751 884;A01;1;7;0;2;1;13;0;
53722;202200034835;751 882;A01;2;7;2;0;3;13;1;
53723;202200034836;751 879;A01;-1;7;0;1;1;1;1;
53724;202200034837;751 880;A01;2;7;0;2;2;15;1;
53725;202200034837;751 881;B01;1;2;0;2;1;2;1;
53726;202200034838;751 877;A01;2;7;13;0;1;14;1;
53727;202200034839;751 876;A01;2;7;0;1;1;1;1;
53728;202200034841;751 873;A01;2;2;0;0;7;1;1;
53729;202200034842;751 874;A01;0;7;0;2;3;15;1;
53730;202200034842;751 878;B01;0;50;0;2;3;19;3;
53731;202200034843;751 872;A01;1;7;0;0;0;1;1;
53732;202200034844;751 870;A01;1;1;0;2;4;1;5;
53733;202200034844;751 871;B01;1;7;0;2;4;23;2;
53734;202200034846;751 865;B01;2;7;0;2;1;1;1;
53735;202200034846;751 868;A01;1;7;0;2;2;15;1;
53736;202200034847;751 866;A01;1;7;0;2;1;1;1;
53737;202200034847;751 867;B01;1;1;0;2;4;1;0;
53738;202200034848;751 864;A01;1;7;0;1;1;26;1;
53739;202200034849;751 861;A01;3;7;1;2;1;3;1;
53740;202200034849;751 863;B01;3;7;0;2;1;1;0;
53741;202200034851;751 858;B01;2;7;0;2;5;1;1;
53742;202200034851;751 862;A01;1;2;0;2;5;16;1;
53743;202200034852;751 857;A01;2;31;9;0;1;0;1;
53744;202200034853;751 854;B01;1;14;0;2;0;0;1;
53745;202200034853;751 856;A01;2;33;0;2;5;17;1;
53746;202200034856;751 848;B01;2;7;0;2;1;1;1;
53747;202200034856;751 850;A01;2;7;0;2;1;1;1;
53748;202200034857;751 849;A01;1;7;0;2;1;13;1;
53749;202200034857;751 851;B01;2;7;0;2;8;1;1;
53750;202200034858;751 846;B01;2;7;0;2;8;1;1;
53751;202200034858;751 847;A01;1;10;0;2;3;1;1;
53752;202200034859;751 844;A01;2;10;0;1;0;0;1;
53753;202200034860;751 841;B01;3;7;0;2;3;1;1;
53754;202200034860;751 845;A01;3;7;0;2;2;1;1;
53755;202200034861;751 840;B01;2;3;0;2;1;1;1;
53756;202200034861;751 843;A01;2;7;0;2;3;9;1;
53757;202200034862;751 838;A01;1;31;0;2;1;2;1;
53758;202200034862;751 842;B01;1;7;0;2;4;2;1;
53759;202200034863;751 839;A01;3;7;0;1;1;2;1;
53760;202200034864;751 837;A01;2;33;3;0;1;1;1;
53761;202200034865;751 835;B01;3;1;0;2;8;1;5;
53762;202200034865;751 836;A01;3;7;0;2;2;1;1;
53763;202200034866;751 834;A01;1;7;0;1;1;1;1;
53764;202200034868;751 827;B01;1;33;0;2;4;1;1;
53765;202200034868;751 829;A01;1;7;0;2;1;2;1;
53766;202200034869;751 828;A01;1;10;0;2;1;2;1;
53767;202200034869;751 830;B01;1;7;0;2;4;15;1;
53768;202200034869;751 832;C01;2;7;3;0;8;1;1;
53769;202200034870;751 824;A01;3;7;0;2;3;16;1;
53770;202200034870;751 825;B01;3;2;0;2;3;1;1;
53771;202200034871;751 826;A01;1;37;0;2;3;2;1;1.0
53772;202200034871;751 833;B01;1;2;0;2;7;9;1;
53773;202200034872;751 821;B01;2;80;0;2;8;15;3;
53774;202200034872;751 822;A01;2;2;0;2;1;15;1;
53775;202200034873;751 818;A01;2;7;0;1;3;15;1;
53776;202200034874;751 820;B01;2;7;0;2;2;1;1;
53777;202200034874;751 823;A01;1;7;6;2;3;1;1;
53778;202200034875;751 819;A01;0;7;0;0;0;13;1;
53779;202200034876;751 814;B01;1;1;1;2;1;17;5;
53780;202200034876;751 816;A01;1;7;1;0;3;17;1;
53781;202200034877;751 815;B01;0;1;0;2;1;19;5;
53782;202200034877;751 817;A01;0;7;0;2;1;1;1;
53783;202200034878;751 812;A01;2;33;0;0;7;1;1;
53784;202200034879;751 810;B01;1;7;0;2;3;1;1;
53785;202200034879;751 813;A01;2;7;0;2;3;1;1;
53786;202200034880;751 809;A01;3;2;1;0;1;1;3;
53787;202200034881;751 807;A01;2;33;0;1;1;21;1;
53788;202200034882;751 808;B01;2;7;0;2;4;2;1;
53789;202200034882;751 811;A01;2;7;0;2;1;2;1;
53790;202200034883;751 803;A01;2;7;0;2;7;1;1;
53791;202200034883;751 805;B01;2;1;0;2;8;1;5;
53792;202200034884;751 801;A01;2;80;0;2;1;26;3;
53793;202200034884;751 804;B01;2;7;0;9;4;0;0;
53794;202200034885;751 802;A01;2;7;0;2;1;13;1;
53795;202200034885;751 806;B01;1;7;0;2;1;1;1;
53796;202200034886;751 799;B01;2;7;0;2;1;1;1;
53797;202200034886;751 800;A01;1;7;0;2;1;5;1;
53798;202200034887;751 798;A01;2;7;14;0;1;1;1;
53799;202200034888;751 797;A01;2;31;0;0;3;1;1;
53800;202200034889;751 794;B01;1;50;1;0;1;1;3;
53801;202200034889;751 796;A01;1;7;0;2;3;22;1;
53802;202200034890;751 792;A01;1;7;0;1;8;1;1;
53803;202200034891;751 790;A01;1;7;0;2;8;5;0;
53804;202200034891;751 793;B01;2;1;0;2;8;1;5;
53805;202200034892;751 788;A01;3;7;0;2;3;19;1;
53806;202200034892;751 795;B01;3;10;0;2;2;15;1;
53807;202200034893;751 789;A01;1;30;0;2;3;9;1;
53808;202200034893;751 791;B01;2;30;0;2;1;5;1;
53809;202200034894;751 786;B01;1;32;0;2;1;1;1;
53810;202200034894;751 787;A01;2;7;0;2;2;15;1;
53811;202200034896;751 784;A01;1;7;0;1;1;15;1;
53812;202200034897;751 783;A01;1;7;4;0;2;14;1;
53813;202200034898;751 782;A01;1;7;9;0;1;26;1;
53814;202200034899;751 780;A01;2;7;1;0;3;1;0;
53815;202200034900;751 776;C01;1;7;0;2;0;0;1;
53816;202200034900;751 777;A01;3;7;0;2;1;1;1;
53817;202200034901;751 775;A01;2;7;0;1;1;24;1;
53818;202200034902;751 774;B01;2;7;0;2;1;26;1;
53819;202200034902;751 778;A01;2;7;0;2;1;26;1;
53820;202200034903;751 771;A01;2;30;8;0;0;26;1;
53821;202200034903;751 773;B01;2;7;0;0;0;0;1;
53822;202200034904;751 770;C01;2;7;0;2;8;23;1;
53823;202200034904;751 779;A01;2;33;0;2;3;3;1;
53824;202200034904;751 781;B01;2;7;0;2;5;23;1;
53825;202200034905;751 768;A01;2;7;0;1;1;1;1;
53826;202200034906;751 769;A01;1;10;0;1;1;26;1;
53827;202200034907;751 765;B01;2;7;0;2;3;11;1;
53828;202200034907;751 767;A01;2;33;0;2;1;3;1;
53829;202200034908;751 763;B01;1;7;0;2;3;1;1;
53830;202200034908;751 766;A01;2;7;0;2;3;13;1;
53831;202200034909;751 762;A01;3;7;1;0;1;14;1;
53832;202200034910;751 761;A01;1;7;0;2;1;15;1;
53833;202200034910;751 764;B01;1;1;0;2;1;1;5;
53834;202200034911;751 756;A01;2;10;0;2;1;2;1;
53835;202200034911;751 759;B01;2;7;0;2;4;2;1;
53836;202200034912;751 758;A01;2;7;0;2;4;15;1;
53837;202200034912;751 760;B01;2;7;0;2;1;2;6;
53838;202200034913;751 752;A01;2;7;0;2;1;2;1;
53839;202200034913;751 754;B01;2;7;0;2;4;2;1;
53840;202200034913;751 755;C01;2;7;1;0;4;2;1;
53841;202200034913;751 757;D01;2;7;0;0;0;24;1;
53842;202200034915;751 750;A01;1;33;0;2;0;3;1;
53843;202200034915;751 751;B01;1;7;0;2;0;12;1;
53844;202200034916;751 747;A01;2;15;0;1;6;16;1;
53845;202200034917;751 746;A01;1;30;0;0;0;1;1;
53846;202200034918;751 748;A01;1;7;0;1;3;1;1;
53847;202200034919;751 743;A01;1;34;0;2;1;1;-1;
53848;202200034920;751 742;A01;2;7;0;1;1;1;1;
53849;202200034922;751 738;A01;1;32;0;2;3;1;1;
53850;202200034922;751 740;B01;1;7;0;2;2;1;1;
53851;202200034923;751 735;A01;0;7;0;0;1;1;1;
53852;202200034924;751 733;A01;1;7;5;0;1;17;1;
53853;202200034925;751 732;B01;3;7;0;2;1;19;1;
53854;202200034925;751 736;A01;3;7;0;2;1;15;1;
53855;202200034926;751 731;A01;2;7;0;2;5;14;1;
53856;202200034926;751 734;B01;2;33;0;2;3;1;1;
53857;202200034927;751 730;A01;2;31;0;1;1;1;1;
53858;202200034928;751 729;A01;1;33;4;0;1;1;1;
53859;202200034930;751 723;A01;1;7;0;2;1;2;1;
53860;202200034930;751 726;B01;1;7;0;2;4;1;1;
53861;202200034931;751 724;B01;2;7;0;2;4;2;1;
53862;202200034931;751 727;A01;2;7;0;2;1;1;1;
53863;202200034933;751 721;A01;1;7;0;1;8;9;1;
53864;202200034935;751 713;A01;2;33;0;2;1;13;0;
53865;202200034935;751 716;B01;1;7;0;2;3;1;0;
53866;202200034936;751 715;B01;3;7;0;4;8;23;1;
53867;202200034936;751 719;A01;3;39;0;2;1;1;3;
53868;202200034937;751 712;B01;2;34;0;2;1;2;1;
53869;202200034937;751 718;A01;2;7;0;2;4;1;1;
53870;202200034938;751 711;A01;3;7;0;1;0;1;0;
53871;202200034940;751 708;A01;3;7;2;0;9;13;1;
53872;202200034941;751 709;A01;3;7;2;0;1;13;1;
53873;202200034942;751 705;A01;1;7;2;0;8;1;0;
53874;202200034943;751 707;A01;3;10;0;1;1;9;1;
53875;202200034944;751 706;A01;1;7;0;0;9;2;1;
53876;202200034946;751 701;A01;3;10;0;2;1;2;0;
53877;202200034946;751 704;B01;3;7;0;2;4;2;0;
53878;202200034947;751 700;Z01;3;7;0;2;1;1;1;
53879;202200034947;751 703;B01;3;7;0;2;1;1;1;
53880;202200034948;751 697;A01;1;7;13;0;1;1;1;
53881;202200034949;751 695;A01;1;43;0;2;8;3;1;
53882;202200034949;751 699;Z01;1;7;0;2;0;0;0;
53883;202200034950;751 696;A01;1;7;0;2;2;15;1;
53884;202200034950;751 698;B01;2;32;0;2;1;1;3;
53885;202200034951;751 691;A01;3;7;0;1;1;26;1;
53886;202200034952;751 692;B01;1;7;15;1;2;18;1;
53887;202200034952;751 694;A01;1;7;0;2;2;23;1;
53888;202200034953;751 689;A01;2;7;0;0;8;9;1;
53889;202200034953;751 693;B01;2;31;0;2;1;1;1;
53890;202200034955;751 686;B01;2;7;0;2;8;15;1;
53891;202200034955;751 688;A01;2;43;0;2;2;17;1;
53892;202200034956;751 684;A01;1;7;0;1;2;1;1;
53893;202200034957;751 681;A01;3;10;0;2;3;1;1;
53894;202200034957;751 683;B01;3;50;0;2;1;1;3;
53895;202200034958;751 679;A01;1;33;0;0;7;1;1;
53896;202200034960;751 677;B01;1;7;0;2;3;11;1;
53897;202200034960;751 680;A01;1;32;0;2;2;3;1;
53898;202200034962;751 672;A01;2;7;13;0;3;1;1;
53899;202200034963;751 670;A01;1;7;0;2;7;16;1;
53900;202200034963;751 674;B01;3;14;0;2;3;15;1;
53901;202200034964;751 666;B01;1;43;0;2;1;1;1;
53902;202200034964;751 669;A01;2;30;0;2;7;15;1;
53903;202200034965;751 662;A01;2;7;0;2;1;19;2;
53904;202200034965;751 667;B01;1;7;0;2;7;1;1;
53905;202200034966;751 664;A01;2;10;0;1;3;20;1;
53906;202200034968;751 661;D01;2;10;0;2;4;2;1;
53907;202200034968;751 665;C01;2;7;0;2;4;1;1;
53908;202200034968;751 668;B01;2;7;0;2;4;2;1;
53909;202200034968;751 671;A01;2;10;0;2;1;1;1;
53910;202200034970;751 658;A01;2;10;2;0;2;26;6;
53911;202200034971;751 656;A01;2;7;13;2;3;13;1;
53912;202200034971;751 659;B01;1;7;13;2;6;1;1;
53913;202200034972;751 652;A01;2;7;4;0;3;17;1;
53914;202200034973;751 653;B01;2;37;0;2;6;23;3;1.0
53915;202200034973;751 655;A01;2;32;0;1;1;1;1;
53916;202200034974;751 645;B01;1;2;0;2;6;1;1;
53917;202200034974;751 646;A01;1;7;0;2;2;2;1;
53918;202200034975;751 648;A01;2;15;0;2;6;1;1;
53919;202200034975;751 650;B01;2;10;0;2;8;13;1;
53920;202200034975;751 654;C01;2;7;0;2;2;1;1;
53921;202200034976;751 649;A01;0;7;0;2;1;9;1;
53922;202200034976;751 651;B01;0;2;0;2;7;9;1;
53923;202200034978;751 641;A01;2;43;0;2;1;1;1;
53924;202200034978;751 644;B01;1;7;0;2;6;10;2;
53925;202200034979;751 638;A01;2;7;0;2;2;17;1;
53926;202200034979;751 642;B01;2;15;0;0;6;2;1;
53927;202200034980;751 637;B01;1;33;0;2;4;2;1;
53928;202200034980;751 640;A01;2;33;0;2;1;2;1;
53929;202200034981;751 633;A01;1;7;2;0;0;0;1;
53930;202200034982;751 635;A01;1;10;0;2;8;15;1;
53931;202200034982;751 639;Z01;0;2;0;0;0;0;0;
53932;202200034983;751 631;A01;3;1;0;2;1;25;5;
53933;202200034983;751 634;B01;3;7;0;2;2;9;1;
53934;202200034984;751 632;B01;2;30;0;2;0;16;1;
53935;202200034984;751 636;A01;1;7;0;2;0;15;1;
53936;202200034985;751 629;A01;1;7;1;0;9;1;1;
53937;202200034986;751 627;B01;1;17;0;0;4;1;1;
53938;202200034986;751 630;A01;1;17;0;2;1;2;1;
53939;202200034987;751 628;A01;1;34;3;0;8;9;1;
53940;202200034988;751 624;A01;3;7;0;2;7;2;3;
53941;202200034988;751 626;B01;3;80;8;2;8;13;3;
53942;202200034989;751 620;B01;3;7;0;2;1;1;1;
53943;202200034989;751 623;A01;3;2;0;2;7;19;1;
53944;202200034990;751 619;B01;1;1;0;0;4;1;5;
53945;202200034990;751 622;A01;1;2;0;2;1;1;1;
53946;202200034991;751 618;A01;1;7;0;2;8;1;1;
53947;202200034991;751 625;B01;2;1;0;2;1;1;5;
53948;202200034992;751 614;A01;1;10;0;2;1;1;1;
53949;202200034992;751 616;B01;2;1;0;2;1;5;5;
53950;202200034993;751 610;A01;1;7;0;2;7;19;1;
53951;202200034993;751 613;B01;2;7;0;2;1;1;1;
53952;202200034994;751 612;D01;1;7;0;2;4;2;1;
53953;202200034994;751 615;C01;1;7;0;2;4;2;1;
53954;202200034994;751 617;B01;1;7;0;2;4;2;1;
53955;202200034994;751 621;A01;1;7;0;2;1;2;1;
53956;202200034995;751 608;A01;2;7;0;2;1;15;1;
53957;202200034995;751 611;B01;2;33;0;2;1;0;1;
53958;202200034996;751 607;A01;0;7;0;1;1;1;1;
53959;202200034997;751 606;A01;2;50;0;2;1;13;3;
53960;202200034997;751 609;B01;1;7;0;2;1;1;1;
53961;202200034999;751 601;A01;1;7;0;2;1;13;1;
53962;202200034999;751 603;B01;2;10;0;2;3;1;1;
53963;202200034999;751 605;C01;2;14;0;2;3;1;1;
53964;202200035000;751 600;A01;1;41;6;0;2;1;1;
53965;202200035002;751 596;A01;2;7;0;1;4;20;1;
53966;202200035003;751 595;A01;2;7;0;1;2;1;1;
53967;202200035004;751 586;B01;1;7;0;2;5;16;1;
53968;202200035004;751 589;A01;1;33;0;2;7;18;1;
53969;202200035005;751 585;B01;1;2;0;2;4;1;1;
53970;202200035005;751 591;A01;1;10;0;2;1;1;1;
53971;202200035006;751 584;A01;3;7;0;2;8;15;1;
53972;202200035006;751 590;B01;3;33;0;2;7;17;1;
53973;202200035007;751 581;A01;1;7;8;0;3;26;1;
53974;202200035008;751 577;B01;1;10;0;2;8;9;1;
53975;202200035008;751 582;A01;1;7;0;2;2;1;1;
53976;202200035009;751 576;B01;2;7;14;2;4;2;1;
53977;202200035009;751 579;A01;2;7;0;2;1;2;1;
53978;202200035010;751 578;A01;3;30;0;1;1;1;1;
53979;202200035012;751 571;B01;0;7;0;0;0;0;1;
53980;202200035012;751 574;A01;0;7;0;2;1;2;1;
53981;202200035014;751 566;B01;1;32;0;2;1;1;1;
53982;202200035014;751 573;A01;1;7;0;2;5;1;1;
53983;202200035015;751 565;A01;3;31;0;2;1;15;1;
53984;202200035015;751 569;B01;3;31;0;2;8;1;1;
53985;202200035016;751 563;A01;1;7;0;2;1;15;1;
53986;202200035016;751 567;B01;2;2;0;2;7;1;1;
53987;202200035017;751 558;B01;3;2;0;0;3;1;3;
53988;202200035017;751 564;A01;3;7;0;0;3;13;1;
53989;202200035018;751 561;A01;1;7;0;2;1;15;1;
53990;202200035018;751 562;B01;2;7;0;2;1;1;1;
53991;202200035019;751 556;B01;1;7;0;2;0;1;1;
53992;202200035019;751 559;A01;1;50;0;2;4;15;3;
53993;202200035020;751 555;B01;2;33;0;2;1;1;1;
53994;202200035020;751 560;A01;2;80;0;2;8;15;3;
53995;202200035021;751 554;B01;1;7;0;2;3;1;1;
53996;202200035021;751 557;A01;2;43;0;2;1;19;1;
53997;202200035022;751 553;A01;1;7;6;0;1;13;1;
53998;202200035023;751 552;A01;3;7;0;2;3;1;1;
53999;202200035024;751 549;A01;1;1;0;2;1;1;5;
54000;202200035024;751 550;Z01;2;1;0;2;1;13;0;
54001;202200035025;751 547;A01;1;7;6;0;2;1;1;
54002;202200035027;751 546;A01;1;7;0;2;8;15;3;
54003;202200035027;751 551;B01;2;1;0;2;1;15;5;
54004;202200035028;751 540;B01;1;7;0;2;4;2;1;
54005;202200035028;751 541;A01;1;10;0;2;1;1;1;
54006;202200035029;751 538;B01;1;2;0;2;1;2;1;
54007;202200035029;751 542;A01;1;7;0;2;4;23;1;
54008;202200035030;751 539;B01;1;2;0;2;1;1;1;
54009;202200035030;751 543;A01;1;7;0;2;3;0;1;
54010;202200035031;751 535;A01;0;7;0;2;8;9;1;
54011;202200035031;751 537;B01;2;7;0;2;1;1;1;
54012;202200035032;751 533;B01;3;1;0;2;6;9;5;
54013;202200035032;751 536;A01;3;7;0;2;1;9;1;
54014;202200035033;751 531;A01;0;60;0;2;0;0;5;
54015;202200035033;751 534;B01;3;13;0;2;2;1;1;
54016;202200035034;751 530;B01;2;7;0;2;1;1;0;
54017;202200035034;751 532;A01;1;7;0;2;1;15;0;
54018;202200035035;751 528;B01;2;7;1;0;2;21;1;
54019;202200035036;751 529;A01;1;33;0;0;0;1;1;
54020;202200035037;751 527;A01;1;7;0;0;9;13;1;
54021;202200035038;751 524;A01;2;1;14;0;7;2;5;
54022;202200035039;751 523;B01;2;33;0;2;2;26;1;
54023;202200035039;751 526;A01;2;7;0;2;6;26;1;
54024;202200035040;751 518;A01;0;7;0;0;0;1;1;
54025;202200035041;751 520;A01;1;7;8;2;7;19;1;
54026;202200035041;751 525;B01;1;37;0;2;1;19;1;1.0
54027;202200035043;751 517;A01;1;7;0;2;6;15;1;
54028;202200035043;751 521;B01;1;2;0;2;1;1;1;
54029;202200035044;751 514;A01;2;7;0;2;8;1;1;
54030;202200035044;751 516;B01;2;14;0;2;2;12;1;
54031;202200035045;751 511;B01;2;34;0;2;3;3;1;
54032;202200035045;751 515;A01;2;7;0;2;7;12;1;
54033;202200035046;751 510;A01;2;33;0;2;3;1;1;
54034;202200035046;751 513;B01;1;38;0;2;0;0;1;1.0
54035;202200035047;751 509;A01;0;33;0;1;1;0;1;
54036;202200035048;751 507;B01;2;33;0;2;1;1;1;
54037;202200035048;751 512;A01;2;7;0;2;8;15;1;
54038;202200035049;751 500;B01;3;34;0;2;5;9;1;
54039;202200035049;751 502;A01;3;7;0;2;0;9;1;
54040;202200035050;751 497;E01;1;17;0;2;3;1;1;
54041;202200035050;751 501;C01;1;7;0;2;1;1;1;
54042;202200035050;751 503;D01;1;7;0;2;1;0;2;
54043;202200035050;751 506;B01;1;7;14;0;2;1;1;
54044;202200035050;751 508;A01;2;7;3;2;1;1;1;
54045;202200035051;751 499;A01;1;7;16;0;9;14;1;
54046;202200035052;751 490;B01;2;33;0;2;1;3;1;
54047;202200035052;751 493;A01;2;7;0;2;7;11;1;
54048;202200035053;751 489;D01;1;7;0;2;4;23;1;
54049;202200035053;751 495;C01;1;7;0;2;4;23;1;
54050;202200035053;751 498;B01;1;7;0;2;4;23;1;
54051;202200035053;751 505;A01;1;7;0;2;1;1;1;
54052;202200035054;751 488;A01;2;30;0;2;8;1;1;
54053;202200035054;751 494;Z01;0;31;0;2;1;15;0;
54054;202200035055;751 487;B01;1;1;0;2;5;1;5;
54055;202200035055;751 492;A01;1;7;0;0;2;1;1;
54056;202200035056;751 486;C01;0;7;-1;2;-1;0;-1;
54057;202200035056;751 491;A01;2;7;0;2;2;1;1;
54058;202200035057;751 483;B01;2;7;0;2;6;1;1;
54059;202200035057;751 485;A01;2;7;0;2;2;11;1;
54060;202200035058;751 481;A01;3;7;12;0;1;26;6;
54061;202200035059;751 478;C01;2;7;0;2;4;1;1;
54062;202200035059;751 482;B01;2;7;0;2;4;1;1;
54063;202200035059;751 484;A01;2;7;0;2;1;1;1;
54064;202200035060;751 475;B01;1;14;0;2;7;1;1;
54065;202200035060;751 477;A01;1;7;0;2;3;11;1;
54066;202200035061;751 472;C01;2;1;0;2;7;1;5;
54067;202200035061;751 476;B01;2;1;0;2;7;1;5;
54068;202200035061;751 479;A01;2;34;1;2;1;1;1;
54069;202200035062;751 467;B01;1;15;0;2;1;1;1;
54070;202200035062;751 471;A01;1;10;0;2;6;23;1;
54071;202200035063;751 468;A01;3;7;4;2;7;1;1;
54072;202200035063;751 473;B01;3;7;0;2;1;1;1;
54073;202200035064;751 470;A01;1;37;0;1;1;9;2;1.0
54074;202200035066;751 461;C01;2;7;0;2;1;1;1;
54075;202200035066;751 464;B01;2;7;0;2;4;23;1;
54076;202200035066;751 465;A01;2;7;0;2;4;23;1;
54077;202200035067;751 459;A01;1;7;3;0;1;15;1;
54078;202200035068;751 458;A01;1;7;0;2;8;0;1;
54079;202200035068;751 463;B01;1;7;0;2;7;1;0;
54080;202200035069;751 460;Z01;1;10;0;1;2;1;0;
54081;202200035070;751 456;A01;2;7;0;2;4;1;1;
54082;202200035070;751 457;B01;2;10;0;2;1;1;1;
54083;202200035071;751 455;A01;2;33;0;0;8;1;1;
54084;202200035072;751 452;A01;1;7;0;1;2;1;1;
54085;202200035073;751 450;B01;3;30;0;2;7;1;1;
54086;202200035073;751 453;A01;3;7;0;2;8;13;1;
54087;202200035074;751 451;B01;3;7;1;2;5;15;1;
54088;202200035074;751 454;A01;3;33;0;2;1;1;1;
54089;202200035076;751 445;A01;1;7;0;1;2;1;1;
54090;202200035077;751 443;A01;1;34;0;2;1;1;1;
54091;202200035077;751 446;B01;1;80;0;2;4;1;3;
54092;202200035079;751 441;A01;1;33;0;0;0;1;1;
54093;202200035080;751 440;Z01;1;7;0;1;2;1;0;
54094;202200035081;751 438;A01;1;99;0;1;2;16;3;
54095;202200035084;751 432;A01;3;30;0;2;1;5;3;
54096;202200035084;751 435;B01;3;7;0;2;3;15;1;
54097;202200035085;751 428;A01;1;7;16;0;1;20;1;
54098;202200035085;751 431;B01;2;32;0;2;1;1;1;
54099;202200035087;751 427;A01;3;7;0;1;1;1;2;
54100;202200035088;751 426;A01;1;43;0;2;1;1;1;
54101;202200035088;751 430;B01;1;7;0;2;3;23;1;
54102;202200035089;751 421;B01;1;2;0;2;4;1;1;
54103;202200035089;751 424;Z01;1;0;0;2;1;26;1;
54104;202200035091;751 422;A01;3;35;12;0;0;0;0;
54105;202200035093;751 418;B01;2;7;0;2;3;15;1;
54106;202200035093;751 419;A01;1;30;1;2;3;13;1;
54107;202200035094;751 414;A01;2;7;0;1;1;1;0;
54108;202200035095;751 415;A01;1;7;0;1;1;26;1;
54109;202200035096;751 417;A01;1;32;1;0;0;13;1;
54110;202200035097;751 412;C01;2;7;0;2;1;1;1;
54111;202200035097;751 413;B01;1;7;0;2;1;21;1;
54112;202200035097;751 416;A01;2;7;0;0;0;15;1;
54113;202200035098;751 410;A01;1;7;0;2;3;9;1;
54114;202200035098;751 411;B01;1;7;0;2;7;15;1;
54115;202200035100;751 408;A01;1;7;1;0;2;14;1;
54116;202200035102;751 405;A01;1;1;9;0;1;1;5;
54117;202200035103;751 402;A01;0;1;0;1;2;1;5;
54118;202200035104;751 403;A01;2;7;0;2;5;23;1;
54119;202200035104;751 407;B01;2;1;0;2;0;0;5;
54120;202200035105;751 400;B01;1;33;0;2;2;2;1;
54121;202200035105;751 401;A01;1;7;0;2;3;11;1;
54122;202200035106;751 397;A01;1;7;0;1;2;1;1;
54123;202200035107;751 396;A01;2;7;1;0;3;1;1;
54124;202200035108;751 395;A01;1;7;0;1;3;16;2;
54125;202200035109;751 398;A01;1;7;0;2;1;15;1;
54126;202200035109;751 399;B01;2;33;0;2;8;21;1;
54127;202200035110;751 390;B01;3;21;0;2;5;1;1;
54128;202200035110;751 393;A01;3;1;0;2;0;1;5;
54129;202200035111;751 389;A01;3;7;0;2;3;15;1;
54130;202200035111;751 394;B01;1;7;0;2;2;16;1;
54131;202200035112;751 388;B01;3;7;0;2;1;0;1;
54132;202200035112;751 392;A01;3;7;0;2;6;0;1;
54133;202200035113;751 384;A01;2;7;6;0;2;0;1;
54134;202200035114;751 382;A01;1;7;0;1;2;15;2;
54135;202200035115;751 383;B01;1;7;0;2;1;2;1;
54136;202200035115;751 386;A01;1;7;0;2;4;2;1;
54137;202200035116;751 379;A01;2;33;3;0;7;1;1;
54138;202200035117;751 378;A01;1;7;0;0;0;0;1;
54139;202200035118;751 377;B01;-1;50;15;0;0;0;3;
54140;202200035118;751 380;A01;-1;7;0;2;0;0;1;
54141;202200035119;751 372;A01;1;7;0;2;2;25;1;
54142;202200035119;751 375;B01;1;50;0;2;8;25;3;
54143;202200035121;751 371;C01;0;7;0;2;4;23;1;
54144;202200035121;751 374;B01;0;7;0;2;4;23;1;
54145;202200035121;751 376;A01;0;7;0;2;1;2;1;
54146;202200035122;751 368;B01;1;7;1;0;1;2;0;
54147;202200035122;751 370;A01;1;7;0;2;4;23;1;
54148;202200035123;751 367;A01;3;30;0;1;4;25;1;
54149;202200035124;751 366;A01;2;33;17;0;1;0;1;
54150;202200035125;751 364;B01;1;7;3;2;6;11;1;
54151;202200035125;751 365;A01;1;33;3;2;1;17;1;
54152;202200035126;751 358;B01;3;2;8;2;1;1;1;
54153;202200035126;751 363;A01;3;7;0;2;1;1;1;
54154;202200035127;751 357;B01;2;2;15;2;1;15;0;
54155;202200035127;751 362;A01;1;7;16;2;0;1;0;
54156;202200035128;751 356;B01;1;2;0;2;1;1;0;
54157;202200035128;751 359;A01;1;7;0;2;1;9;1;
54158;202200035129;751 355;A01;0;7;0;2;3;1;1;
54159;202200035129;751 360;B01;0;7;0;2;2;1;1;
54160;202200035129;751 361;C01;0;10;0;2;2;1;1;