;Num_Acc;id_vehicule;num_veh;senc;catv;obs;obsm;choc;manv;motor;occutc
54161;202200035130;751 354;A01;1;50;14;0;0;21;3;
54162;202200035131;751 349;A01;3;7;0;2;3;15;1;
54163;202200035131;751 352;B01;3;1;0;2;1;1;5;
54164;202200035132;751 348;A01;1;2;0;2;1;15;1;
54165;202200035132;751 351;B01;2;7;0;2;3;1;1;
54166;202200035133;751 350;A01;1;10;0;2;1;15;1;
54167;202200035133;751 353;B01;2;31;0;2;1;1;1;
54168;202200035134;751 346;B01;2;33;0;2;1;1;1;
54169;202200035134;751 347;A01;1;7;0;2;0;15;2;
54170;202200035135;751 343;B01;1;7;0;2;1;1;1;
54171;202200035135;751 344;A01;2;7;0;2;2;13;1;
54172;202200035136;751 341;A01;0;7;0;2;1;9;2;
54173;202200035136;751 345;B01;3;1;0;2;7;1;5;
54174;202200035137;751 340;A01;2;33;0;0;9;26;1;
54175;202200035138;751 339;A01;-1;7;0;2;3;9;1;
54176;202200035138;751 342;B01;-1;50;0;2;1;1;3;
54177;202200035139;751 336;B01;1;7;0;0;0;17;1;
54178;202200035139;751 338;A01;1;33;3;0;0;17;1;
54179;202200035140;751 335;A01;1;33;13;2;2;0;1;
54180;202200035140;751 337;B01;2;7;0;2;0;0;2;
54181;202200035141;751 334;A01;1;7;0;1;5;4;1;
54182;202200035143;751 330;B01;2;7;0;2;3;1;1;
54183;202200035143;751 331;A01;1;10;0;2;3;13;1;
54184;202200035144;751 327;A01;3;7;0;2;1;13;1;
54185;202200035144;751 329;B01;3;7;0;2;1;1;1;
54186;202200035145;751 324;B01;2;33;0;0;1;1;1;
54187;202200035145;751 328;A01;2;7;0;2;3;26;1;
54188;202200035146;751 323;A01;1;2;0;2;2;21;1;
54189;202200035146;751 325;B01;1;2;0;0;4;1;1;
54190;202200035147;751 322;B01;3;7;0;2;8;1;1;
54191;202200035147;751 326;A01;3;15;0;2;7;12;0;
54192;202200035148;751 320;A01;1;1;0;2;3;21;5;
54193;202200035148;751 321;B01;2;1;0;2;1;21;5;
54194;202200035149;751 317;A01;1;7;0;9;1;15;1;
54195;202200035149;751 319;B01;0;1;0;2;1;1;5;
54196;202200035150;751 315;A01;1;33;0;2;7;17;1;
54197;202200035150;751 318;B01;3;7;0;2;8;15;1;
54198;202200035151;751 313;B01;1;30;0;2;8;19;1;
54199;202200035151;751 316;A01;1;33;0;2;1;1;1;
54200;202200035152;751 312;A01;2;10;0;2;3;9;1;
54201;202200035152;751 314;B01;1;80;0;2;1;1;3;
54202;202200035153;751 308;B01;1;7;0;0;1;1;1;
54203;202200035153;751 311;A01;1;7;0;0;4;16;1;
54204;202200035154;751 307;A01;2;31;0;2;1;18;1;
54205;202200035155;751 306;B01;1;1;1;0;2;17;5;
54206;202200035155;751 309;A01;1;7;15;0;3;20;1;
54207;202200035156;751 303;B01;3;1;0;2;1;1;5;
54208;202200035156;751 305;A01;3;7;0;2;1;1;1;
54209;202200035157;751 302;A01;2;7;0;2;7;10;1;
54210;202200035157;751 304;B01;1;33;0;2;1;1;1;
54211;202200035158;751 300;A01;1;2;0;2;1;17;1;
54212;202200035158;751 301;B01;1;10;0;2;3;15;1;
54213;202200035159;751 296;B01;2;43;0;2;1;1;1;
54214;202200035159;751 299;A01;1;7;0;2;2;10;1;
54215;202200035160;751 295;B01;2;80;0;2;1;15;3;
54216;202200035160;751 298;A01;2;7;0;2;2;26;1;
54217;202200035161;751 294;A01;2;7;0;2;1;15;1;
54218;202200035161;751 297;B01;1;7;15;2;2;1;1;
54219;202200035162;751 292;A01;1;32;0;0;0;1;1;
54220;202200035163;751 291;B01;2;1;0;2;7;1;5;
54221;202200035163;751 293;A01;2;7;0;2;1;19;1;
54222;202200035164;751 289;B01;2;1;0;2;4;15;5;
54223;202200035164;751 290;A01;2;7;0;9;2;17;1;
54224;202200035165;751 285;A01;3;7;0;2;1;1;1;
54225;202200035165;751 286;B01;3;30;1;2;4;2;1;
54226;202200035166;751 282;A01;1;7;0;0;1;1;1;
54227;202200035167;751 283;B01;1;10;0;2;1;13;1;
54228;202200035167;751 288;A01;2;7;0;2;3;13;1;
54229;202200035168;751 284;B01;2;2;0;2;2;1;1;
54230;202200035168;751 287;A01;2;7;0;2;3;9;1;
54231;202200035169;751 277;B01;2;1;0;2;0;17;5;
54232;202200035169;751 280;A01;2;10;0;2;0;0;1;
54233;202200035170;751 276;C01;2;7;0;2;1;1;0;
54234;202200035170;751 278;B01;1;33;0;2;1;1;1;
54235;202200035170;751 279;A01;1;7;0;0;6;1;1;
54236;202200035171;751 274;A01;1;7;0;2;1;0;2;
54237;202200035171;751 281;B01;2;2;0;2;1;0;1;
54238;202200035172;751 273;B01;3;10;0;2;1;1;1;
54239;202200035172;751 275;A01;3;30;0;2;1;5;1;
54240;202200035173;751 271;B01;2;7;0;2;5;15;1;
54241;202200035173;751 272;A01;1;33;0;2;1;1;1;
54242;202200035174;751 268;A01;1;10;3;0;9;17;1;
54243;202200035176;751 262;F01;2;7;0;2;2;1;1;
54244;202200035176;751 264;E01;2;7;0;2;2;1;1;
54245;202200035176;751 266;D01;2;7;0;2;0;2;1;
54246;202200035176;751 267;C01;2;7;0;2;1;2;1;
54247;202200035176;751 269;B01;2;7;0;2;3;2;1;
54248;202200035176;751 270;A01;2;2;0;2;4;2;1;
54249;202200035177;751 261;A01;1;2;5;0;1;14;1;
54250;202200035178;751 260;A01;1;7;8;2;1;26;2;
54251;202200035178;751 263;B01;1;7;0;2;7;1;1;
54252;202200035179;751 257;A01;1;7;0;2;2;1;1;
54253;202200035179;751 258;B01;1;15;0;0;6;1;1;
54254;202200035180;751 256;B01;1;7;0;2;1;2;1;
54255;202200035180;751 259;A01;1;7;0;0;4;2;6;
54256;202200035181;751 255;A01;3;2;13;0;1;0;1;
54257;202200035182;751 251;B01;2;7;0;2;6;15;1;
54258;202200035182;751 253;A01;2;33;0;2;1;17;1;
54259;202200035183;751 249;A01;1;10;0;2;6;26;1;
54260;202200035183;751 252;B01;1;31;0;2;1;0;1;
54261;202200035183;751 254;C01;2;7;0;2;1;1;1;
54262;202200035184;751 247;B01;1;7;0;2;3;15;2;
54263;202200035184;751 248;A01;1;2;0;2;7;1;1;
54264;202200035185;751 246;A01;2;7;0;2;2;1;1;
54265;202200035185;751 250;B01;1;7;0;2;1;11;2;
54266;202200035186;751 245;A01;2;38;2;0;5;1;1;8.0
54267;202200035187;751 243;A01;3;20;0;0;7;15;6;
54268;202200035188;751 242;A01;2;7;0;2;3;15;1;
54269;202200035188;751 244;B01;1;30;0;2;2;17;1;
54270;202200035189;751 240;A01;3;7;0;1;1;11;1;
54271;202200035190;751 239;B01;0;33;0;2;1;1;1;
54272;202200035190;751 241;A01;1;7;0;2;2;15;0;
54273;202200035191;751 237;B01;1;50;0;2;8;1;3;
54274;202200035191;751 238;A01;2;7;0;2;2;1;1;
54275;202200035192;751 234;A01;2;7;0;9;2;1;1;
54276;202200035192;751 236;B01;1;1;0;2;8;19;5;
54277;202200035193;751 232;A01;3;33;2;0;2;0;1;
54278;202200035194;751 231;B01;3;33;0;2;1;1;1;
54279;202200035194;751 233;A01;3;7;0;2;3;16;1;
54280;202200035195;751 235;A01;0;7;1;0;2;0;1;
54281;202200035196;751 226;B01;1;10;0;2;8;17;1;
54282;202200035196;751 230;A01;1;7;0;0;1;15;1;
54283;202200035197;751 225;B01;2;1;1;0;1;1;5;
54284;202200035197;751 229;A01;2;7;0;9;8;22;1;
54285;202200035199;751 223;B01;2;7;0;2;5;19;1;
54286;202200035199;751 227;A01;1;33;0;2;1;1;1;
54287;202200035200;751 220;B01;1;7;0;0;6;23;1;
54288;202200035200;751 222;A01;1;2;0;2;1;1;1;
54289;202200035201;751 218;B01;3;7;0;2;3;26;1;
54290;202200035201;751 221;A01;3;50;0;2;0;9;3;
54291;202200035202;751 216;A01;3;7;0;0;0;1;1;
54292;202200035203;751 217;B01;1;7;0;2;1;17;1;
54293;202200035203;751 219;A01;2;7;5;2;1;1;1;
54294;202200035205;751 213;A01;2;7;13;0;9;1;1;
54295;202200035206;751 211;A01;0;7;0;2;1;2;1;
54296;202200035206;751 214;B01;3;7;2;0;4;2;1;
54297;202200035207;751 210;A01;1;2;0;2;3;5;1;
54298;202200035207;751 212;B01;2;7;0;2;3;1;1;
54299;202200035208;751 207;B01;3;33;0;2;1;1;1;
54300;202200035208;751 209;A01;3;10;0;2;2;15;1;
54301;202200035209;751 206;A01;2;10;0;2;7;17;1;
54302;202200035209;751 208;B01;2;1;0;2;8;1;5;
54303;202200035210;751 205;A01;1;7;0;0;0;1;1;
54304;202200035211;751 204;A01;0;50;0;0;8;0;3;
54305;202200035212;751 202;A01;3;7;12;0;1;1;1;
54306;202200035213;751 201;A01;1;10;0;2;3;21;1;
54307;202200035213;751 203;B01;1;7;0;2;4;2;1;
54308;202200035214;751 200;A01;1;7;0;1;2;26;1;
54309;202200035215;751 199;A01;2;7;6;0;1;1;1;
54310;202200035216;751 197;A01;1;7;1;0;0;1;1;
54311;202200035217;751 194;A01;2;7;0;2;1;5;1;
54312;202200035217;751 196;B01;1;7;0;2;1;1;1;
54313;202200035218;751 192;B01;1;7;0;0;4;23;1;
54314;202200035218;751 195;A01;1;7;0;2;1;1;1;
54315;202200035219;751 191;C01;2;7;0;2;1;1;1;
54316;202200035219;751 193;B01;2;3;0;2;1;1;1;
54317;202200035219;751 198;A01;1;7;0;2;1;1;1;
54318;202200035220;751 190;A01;2;1;0;0;7;1;5;
54319;202200035222;751 186;A01;1;7;15;0;1;1;1;
54320;202200035223;751 187;A01;3;31;0;0;0;0;1;
54321;202200035224;751 184;B01;1;7;0;2;7;21;1;
54322;202200035224;751 185;A01;1;7;9;2;3;13;1;
54323;202200035225;751 183;A01;2;10;13;0;1;12;1;
54324;202200035226;751 181;A01;2;33;16;0;7;21;1;
54325;202200035227;751 180;A01;1;37;0;2;1;26;1;1.0
54326;202200035227;751 182;B01;1;37;0;2;6;1;1;2.0
54327;202200035228;751 177;A01;2;7;0;0;8;0;1;
54328;202200035229;751 176;B01;2;33;0;2;1;1;1;
54329;202200035229;751 178;A01;1;7;0;2;5;10;1;
54330;202200035230;751 174;B01;1;2;0;2;5;1;1;
54331;202200035230;751 179;A01;3;7;0;2;1;15;1;
54332;202200035231;751 173;B01;3;31;0;2;1;1;1;
54333;202200035231;751 175;A01;3;20;0;2;2;15;1;
54334;202200035233;751 166;B01;1;1;0;2;8;1;5;
54335;202200035233;751 169;A01;1;7;0;2;7;17;1;
54336;202200035234;751 165;B01;2;7;0;2;3;26;1;
54337;202200035234;751 170;A01;1;2;0;0;7;1;1;
54338;202200035235;751 164;A01;2;7;0;2;2;9;1;
54339;202200035235;751 168;B01;1;33;0;2;1;1;1;
54340;202200035236;751 162;A01;1;7;0;1;1;1;1;
54341;202200035237;751 159;B01;2;7;0;2;6;2;3;
54342;202200035237;751 161;A01;2;33;0;2;3;3;1;
54343;202200035238;751 157;A01;1;7;0;2;2;1;1;
54344;202200035238;751 160;B01;2;32;0;2;1;1;1;
54345;202200035239;751 156;B01;1;7;0;2;5;1;1;
54346;202200035239;751 158;A01;1;7;0;2;3;1;0;
54347;202200035240;751 155;A01;2;7;13;0;1;1;1;
54348;202200035241;751 153;A01;2;10;0;0;0;0;1;
54349;202200035242;751 150;A01;2;7;13;0;1;1;1;
54350;202200035243;751 149;B01;1;33;0;2;7;2;1;
54351;202200035243;751 151;A01;1;7;0;2;1;9;1;
54352;202200035244;751 145;B01;2;10;0;2;5;2;1;
54353;202200035244;751 148;A01;2;7;0;2;1;2;1;
54354;202200035246;751 138;A01;2;7;0;2;2;17;1;
54355;202200035246;751 143;B01;2;7;0;2;6;17;1;
54356;202200035246;751 147;C01;2;7;0;0;3;1;1;
54357;202200035247;751 139;B01;2;7;0;2;3;13;1;
54358;202200035247;751 142;A01;1;7;0;2;3;2;1;
54359;202200035248;751 136;C01;2;7;0;2;6;2;1;
54360;202200035248;751 137;A01;2;7;0;2;2;12;1;
54361;202200035248;751 141;B01;2;33;0;2;6;3;1;
54362;202200035249;751 135;A01;1;7;15;0;1;14;1;
54363;202200035250;751 134;A01;2;7;0;1;1;15;1;
54364;202200035251;751 133;A01;2;7;2;0;1;14;1;
54365;202200035252;751 131;A01;1;7;0;2;1;2;1;
54366;202200035252;751 132;B01;1;7;0;2;6;2;1;
54367;202200035253;751 125;A01;2;30;0;2;1;1;3;
54368;202200035253;751 129;B01;2;7;0;2;4;2;1;
54369;202200035254;751 126;B01;1;7;0;2;1;1;1;
54370;202200035254;751 130;A01;3;7;0;2;8;16;1;
54371;202200035255;751 124;B01;2;32;0;2;3;3;1;
54372;202200035255;751 127;A01;2;7;0;2;5;1;1;
54373;202200035256;751 120;A01;1;1;0;0;0;0;5;
54374;202200035257;751 121;A01;1;7;0;0;2;2;0;
54375;202200035257;751 123;B01;1;1;0;2;4;13;5;
54376;202200035258;751 118;A01;1;7;4;0;0;17;1;
54377;202200035259;751 117;A01;1;10;8;0;1;1;1;
54378;202200035260;751 115;A01;1;10;3;0;1;15;1;
54379;202200035261;751 114;A01;1;10;0;2;2;15;1;
54380;202200035261;751 116;B01;2;1;0;2;1;1;5;
54381;202200035262;751 113;A01;1;31;0;0;9;1;1;
54382;202200035264;751 112;A01;1;7;3;0;6;1;1;
54383;202200035266;751 110;A01;3;7;1;1;3;1;1;
54384;202200035267;751 108;A01;1;10;0;2;3;13;1;
54385;202200035267;751 109;B01;2;7;0;2;3;1;1;
54386;202200035268;751 107;A01;2;7;3;0;6;17;1;
54387;202200035269;751 104;A01;2;30;15;0;0;1;1;
54388;202200035270;751 106;A01;2;10;13;0;3;1;1;
54389;202200035271;751 105;A01;3;31;2;0;7;2;1;
54390;202200035272;751 101;A01;1;10;6;0;3;11;1;
54391;202200035273;751 096;A01;2;99;0;2;1;1;1;
54392;202200035273;751 098;B01;2;7;0;2;4;1;1;
54393;202200035274;751 097;A01;2;7;0;2;1;1;1;
54394;202200035274;751 100;D01;2;7;0;2;4;1;1;
54395;202200035274;751 102;C01;2;7;0;2;4;1;1;
54396;202200035274;751 103;B01;2;10;0;2;4;1;1;
54397;202200035277;751 091;A01;1;34;0;1;1;17;1;
54398;202200035278;751 090;A01;1;7;0;2;2;15;1;
54399;202200035278;751 093;B01;2;7;0;2;3;1;1;
54400;202200035279;751 089;A01;1;7;0;2;2;14;1;
54401;202200035279;751 094;B01;1;15;0;2;6;1;1;
54402;202200035280;751 087;A01;-1;7;0;1;1;1;1;
54403;202200035281;751 084;B01;2;7;0;2;4;2;1;
54404;202200035281;751 088;A01;2;7;3;2;1;2;1;
54405;202200035282;751 085;A01;2;33;16;0;9;1;1;
54406;202200035283;751 082;A01;2;7;0;2;1;1;1;
54407;202200035283;751 083;C01;1;7;0;2;3;1;1;
54408;202200035283;751 086;B01;1;7;0;2;3;9;1;
54409;202200035284;751 081;A01;3;7;0;1;5;4;1;
54410;202200035285;751 080;A01;2;33;0;9;1;12;1;
54411;202200035286;751 078;B01;1;14;0;2;6;2;1;
54412;202200035286;751 079;A01;1;10;0;2;2;17;1;
54413;202200035287;751 076;B01;3;50;0;2;7;0;3;
54414;202200035287;751 077;A01;3;7;0;2;2;1;1;
54415;202200035288;751 072;B01;2;30;0;2;7;17;1;
54416;202200035288;751 075;A01;2;7;0;2;2;9;1;
54417;202200035289;751 071;A01;2;7;0;2;8;10;1;
54418;202200035289;751 073;B01;2;15;0;2;2;21;1;
54419;202200035292;751 068;A01;3;7;0;2;2;26;1;
54420;202200035293;751 067;A01;3;2;2;0;2;1;1;
54421;202200035294;751 066;A01;1;31;6;0;2;14;1;
54422;202200035295;751 063;A01;1;7;6;0;1;13;1;
54423;202200035296;751 062;B01;2;2;0;2;7;17;1;
54424;202200035296;751 065;A01;1;7;0;2;2;9;1;
54425;202200035297;751 064;A01;2;50;12;0;2;26;3;
54426;202200035298;751 060;B01;1;32;0;2;1;1;1;
54427;202200035298;751 061;A01;1;7;0;2;8;1;1;
54428;202200035299;751 059;A01;0;7;0;1;3;1;1;
54429;202200035300;751 055;B01;1;32;0;2;7;19;1;
54430;202200035300;751 058;A01;1;7;0;2;3;19;1;
54431;202200035302;751 056;A01;1;7;0;2;1;15;1;
54432;202200035302;751 057;B01;2;33;0;2;1;1;1;
54433;202200035303;751 053;A01;1;7;2;0;0;2;1;
54434;202200035304;751 052;A01;2;7;4;0;1;26;1;
54435;202200035305;751 051;A01;2;7;0;1;0;1;1;
54436;202200035306;751 050;A01;3;7;0;2;3;1;1;
54437;202200035307;751 048;A01;3;31;15;0;3;16;1;
54438;202200035308;751 047;A01;2;7;2;2;3;1;1;
54439;202200035308;751 049;B01;1;3;0;2;3;1;1;
54440;202200035309;751 041;A01;3;1;0;2;8;9;5;
54441;202200035309;751 045;B01;1;0;0;2;1;9;0;
54442;202200035310;751 042;B01;1;10;0;2;3;1;1;
54443;202200035310;751 044;C01;2;7;0;2;6;2;1;
54444;202200035310;751 046;A01;2;33;0;2;1;17;1;
54445;202200035311;751 040;A01;2;7;0;0;4;17;1;
54446;202200035311;751 043;B01;2;7;0;2;1;1;1;
54447;202200035312;751 038;B01;1;10;0;2;4;2;1;
54448;202200035312;751 039;A01;1;34;0;2;1;26;1;
54449;202200035313;751 036;A01;1;7;0;2;2;16;1;
54450;202200035313;751 037;B01;1;2;0;2;3;1;1;
54451;202200035314;751 033;B01;2;7;0;2;0;15;1;
54452;202200035314;751 035;A01;1;7;0;2;1;1;1;
54453;202200035315;751 032;B01;1;38;0;2;2;1;1;1.0
54454;202200035315;751 034;A01;1;7;0;2;3;1;1;
54455;202200035316;751 031;A01;2;34;1;0;1;1;1;
54456;202200035318;751 027;Z01;3;7;0;2;2;1;0;
54457;202200035318;751 029;A01;1;1;0;2;2;1;5;
54458;202200035319;751 028;A01;2;7;8;0;1;26;1;
54459;202200035321;751 023;B01;2;37;0;2;1;1;1;1.0
54460;202200035321;751 026;A01;1;50;0;2;1;19;3;
54461;202200035322;751 022;A01;2;7;0;2;0;0;1;
54462;202200035322;751 025;B01;1;7;0;2;3;0;1;
54463;202200035323;751 021;A01;1;50;0;2;7;15;3;
54464;202200035324;751 018;A01;2;7;7;2;2;1;1;
54465;202200035324;751 019;B01;1;50;0;2;7;19;3;
54466;202200035325;751 015;A01;3;7;0;2;2;1;0;
54467;202200035325;751 017;B01;3;7;0;2;1;1;0;
54468;202200035326;751 016;B01;1;7;0;2;1;17;1;
54469;202200035326;751 020;A01;1;7;0;2;3;15;1;
54470;202200035327;751 013;B01;3;31;0;2;5;15;1;
54471;202200035327;751 014;A01;3;7;0;2;3;15;1;
54472;202200035328;751 011;A01;1;7;0;2;8;11;1;
54473;202200035328;751 012;B01;1;15;0;2;2;1;1;
54474;202200035329;751 009;B01;3;7;0;2;3;19;1;
54475;202200035329;751 010;A01;3;7;0;2;8;1;1;
54476;202200035330;751 006;B01;0;32;0;2;8;1;1;
54477;202200035330;751 008;A01;0;7;0;2;1;1;1;
54478;202200035331;751 007;A01;1;7;0;0;1;14;1;
54479;202200035332;751 004;A01;1;15;0;2;8;26;1;
54480;202200035332;751 005;B01;1;7;0;2;9;14;1;
54481;202200035333;751 000;B01;1;7;0;2;3;2;1;
54482;202200035333;751 002;A01;1;14;0;2;2;12;1;
54483;202200035334;751 001;A01;1;7;0;2;1;2;1;
54484;202200035334;751 003;B01;1;7;0;2;4;1;1;
54485;202200035335;750 998;A01;1;7;0;1;1;13;1;
54486;202200035336;750 997;A01;2;7;0;1;1;1;1;
54487;202200035337;750 992;A01;3;30;0;2;1;12;1;
54488;202200035337;750 994;B01;2;7;0;0;3;15;1;
54489;202200035338;750 995;B01;2;7;0;2;1;2;1;
54490;202200035338;750 999;A01;2;7;3;2;1;2;1;
54491;202200035339;750 989;B01;3;7;0;2;4;23;2;
54492;202200035339;750 991;A01;3;2;0;2;1;2;3;
54493;202200035340;750 988;Z01;1;7;0;2;1;19;1;
54494;202200035340;750 990;B01;1;10;0;2;7;1;1;
54495;202200035341;750 987;A01;0;7;0;0;0;1;0;
54496;202200035342;750 984;B01;1;1;0;2;1;1;5;
54497;202200035342;750 986;A01;1;7;0;2;0;0;0;
54498;202200035343;750 979;B01;1;7;0;2;4;2;1;
54499;202200035343;750 981;A01;3;7;0;2;1;2;1;
54500;202200035345;750 975;Z01;1;7;0;2;1;11;0;
54501;202200035345;750 976;A01;1;7;0;2;1;1;1;
54502;202200035346;750 972;C01;1;7;0;2;6;0;1;
54503;202200035346;750 974;B01;1;7;0;2;6;1;1;
54504;202200035346;750 977;A01;2;7;0;2;9;13;1;
54505;202200035347;750 971;B01;2;7;0;2;4;23;1;
54506;202200035347;750 973;A01;2;34;0;2;1;2;1;
54507;202200035348;750 970;A01;2;7;0;1;2;1;1;
54508;202200035349;750 968;A01;2;7;0;0;0;1;1;
54509;202200035349;750 969;B01;2;7;15;0;0;15;1;
54510;202200035350;750 967;A01;2;32;0;1;1;1;1;
54511;202200035351;750 965;B01;2;7;0;2;3;0;1;
54512;202200035351;750 966;A01;1;7;0;2;3;0;1;
54513;202200035352;750 964;A01;2;7;0;1;1;1;1;
54514;202200035354;750 961;Z01;2;43;0;1;1;1;1;
54515;202200035355;750 960;A01;2;7;0;1;2;1;1;
54516;202200035356;750 959;A01;3;7;1;0;2;15;1;
54517;202200035357;750 956;B01;2;7;0;2;9;0;1;
54518;202200035357;750 958;A01;2;7;0;2;3;9;1;
54519;202200035358;750 957;Z01;1;1;0;1;1;1;5;
54520;202200035359;750 955;A01;1;7;0;1;1;26;1;
54521;202200035360;750 954;A01;3;7;11;0;1;15;1;
54522;202200035361;750 952;A01;2;1;0;0;0;1;5;
54523;202200035362;750 951;A01;2;7;0;2;1;1;1;
54524;202200035362;750 953;B01;2;7;0;2;8;1;1;
54525;202200035363;750 949;A01;2;7;0;2;2;9;1;
54526;202200035363;750 950;B01;2;32;1;2;7;1;1;
54527;202200035364;750 947;B01;1;10;0;2;3;2;1;
54528;202200035364;750 948;A01;1;2;0;2;2;17;1;
54529;202200035365;750 946;A01;1;7;0;1;3;15;1;
54530;202200035366;750 945;A01;1;7;15;0;3;13;1;
54531;202200035367;750 943;B01;1;10;0;2;6;20;1;
54532;202200035367;750 944;A01;1;80;0;2;1;2;3;
54533;202200035368;750 941;A01;1;10;0;2;1;13;1;
54534;202200035368;750 942;B01;2;7;0;0;1;1;1;
54535;202200035370;750 937;B01;2;7;0;2;1;1;1;
54536;202200035370;750 939;A01;1;7;0;2;1;13;1;
54537;202200035371;750 933;B01;3;32;0;2;0;1;1;
54538;202200035371;750 936;A01;3;7;0;2;7;15;1;
54539;202200035372;750 932;C01;3;10;0;2;4;1;1;
54540;202200035372;750 934;A01;3;7;0;2;1;1;1;
54541;202200035372;750 935;B01;3;7;0;2;4;1;1;
54542;202200035373;750 930;A01;2;1;0;1;1;1;5;
54543;202200035374;750 929;B01;2;14;0;2;8;15;1;
54544;202200035374;750 931;A01;1;7;0;2;1;1;1;
54545;202200035375;750 927;A01;1;7;0;2;5;16;1;
54546;202200035375;750 928;B01;1;50;0;2;1;1;3;
54547;202200035376;750 925;B01;1;30;0;2;1;1;1;
54548;202200035376;750 926;A01;1;7;0;2;7;16;1;
54549;202200035377;750 924;A01;2;1;0;0;0;1;5;
54550;202200035379;750 921;B01;1;32;0;2;3;1;1;
54551;202200035379;750 922;A01;2;7;0;2;2;10;1;
54552;202200035380;750 919;B01;0;7;0;2;1;2;0;
54553;202200035380;750 920;A01;3;7;0;2;4;2;1;
54554;202200035382;750 914;C01;1;7;0;0;4;23;1;
54555;202200035382;750 915;B01;1;7;0;2;4;2;1;
54556;202200035382;750 916;A01;1;7;0;2;1;2;1;
54557;202200035383;750 912;A01;2;1;0;2;8;1;5;
54558;202200035383;750 913;B01;2;1;0;2;1;1;5;
54559;202200035385;750 908;B01;2;7;0;2;1;1;2;
54560;202200035385;750 910;A01;1;1;0;2;7;1;5;
54561;202200035386;750 907;A01;0;7;0;1;7;1;1;
54562;202200035387;750 905;A01;1;14;0;2;7;14;0;
54563;202200035387;750 906;B01;1;33;0;2;8;1;1;
54564;202200035388;750 904;A01;3;1;0;1;6;1;5;
54565;202200035389;750 902;A01;0;1;0;0;1;2;5;
54566;202200035389;750 903;B01;0;7;0;0;5;2;1;
54567;202200035390;750 900;A01;2;7;0;2;1;5;1;
54568;202200035390;750 901;B01;1;7;0;2;1;1;1;
54569;202200035391;750 898;B01;3;32;0;2;0;0;1;
54570;202200035391;750 899;A01;1;33;0;2;0;15;1;
54571;202200035392;750 897;A01;2;50;12;0;8;1;3;
54572;202200035393;750 895;B01;3;7;0;2;1;2;1;
54573;202200035393;750 896;A01;3;7;0;2;4;23;1;
54574;202200035394;750 892;B01;1;31;0;2;1;1;1;
54575;202200035394;750 893;A01;1;7;0;2;6;1;1;
54576;202200035395;750 891;B01;3;37;0;0;3;1;1;4.0
54577;202200035395;750 894;A01;1;7;0;2;3;13;1;
54578;202200035397;750 887;B01;1;7;0;2;4;1;1;
54579;202200035397;750 888;A01;1;7;0;2;1;1;1;
54580;202200035398;750 885;B01;2;30;1;0;0;0;3;
54581;202200035398;750 886;A01;2;7;1;0;6;0;1;
54582;202200035399;750 884;A01;3;30;0;0;7;1;1;
54583;202200035400;750 883;A01;1;7;0;1;7;16;1;
54584;202200035401;750 881;B01;1;7;0;2;3;1;1;
54585;202200035401;750 882;A01;1;30;0;2;7;1;1;
54586;202200035403;750 877;B01;3;7;0;2;1;19;1;
54587;202200035403;750 879;A01;3;7;0;2;8;1;1;
54588;202200035404;750 875;A01;3;50;0;2;1;17;3;
54589;202200035404;750 876;B01;3;7;0;2;3;15;1;
54590;202200035405;750 873;B01;0;7;0;2;1;1;1;
54591;202200035405;750 874;A01;0;7;0;2;7;1;1;
54592;202200035406;750 871;A01;3;42;0;1;1;1;1;
54593;202200035408;750 868;A01;2;30;0;1;1;3;1;
54594;202200035409;750 867;B01;1;32;0;2;3;3;1;
54595;202200035409;750 869;A01;1;7;0;2;3;20;1;
54596;202200035410;750 862;C01;1;7;0;2;4;1;1;
54597;202200035410;750 864;B01;1;7;0;2;4;1;1;
54598;202200035410;750 866;A01;2;7;0;2;1;2;1;
54599;202200035411;750 863;A01;1;7;11;0;1;17;0;
54600;202200035411;750 865;B01;3;60;0;0;8;19;5;
54601;202200035412;750 859;A01;2;7;0;2;3;20;1;
54602;202200035412;750 861;B01;2;2;0;2;1;1;1;
54603;202200035413;750 858;B01;2;7;0;2;8;1;1;
54604;202200035413;750 860;A01;1;7;0;2;1;1;1;
54605;202200035414;750 855;B01;3;7;0;2;8;23;1;
54606;202200035414;750 857;A01;3;7;12;2;0;15;1;
54607;202200035415;750 854;B01;1;7;0;2;0;0;1;
54608;202200035415;750 856;A01;1;7;0;2;0;0;1;
54609;202200035416;750 852;B01;1;1;0;2;4;2;5;
54610;202200035416;750 853;A01;1;7;0;9;2;2;1;
54611;202200035417;750 850;A01;1;7;0;2;2;15;2;
54612;202200035417;750 851;B01;2;7;0;2;7;1;1;
54613;202200035418;750 849;A01;2;7;0;1;1;1;1;
54614;202200035419;750 846;A01;2;7;0;2;1;10;1;
54615;202200035419;750 848;B01;1;2;0;2;1;1;1;
54616;202200035420;750 844;A01;1;7;0;2;3;1;1;
54617;202200035420;750 845;C01;2;32;0;0;2;1;1;
54618;202200035420;750 847;B01;2;7;0;2;7;1;1;
54619;202200035421;750 843;A01;1;7;6;2;2;13;1;
54620;202200035422;750 841;A01;0;10;0;9;1;9;0;
54621;202200035422;750 842;B01;0;80;0;2;1;26;3;