;Num_Acc;id_vehicule;num_veh;senc;catv;obs;obsm;choc;manv;motor;occutc
54622;202200035423;750 839;A01;1;7;0;1;2;1;1;
54623;202200035424;750 838;B01;1;7;0;9;3;1;1;
54624;202200035424;750 840;A01;1;50;0;2;1;1;3;
54625;202200035425;750 837;A01;-1;7;0;1;0;0;-1;
54626;202200035426;750 834;A01;3;7;0;2;3;13;1;
54627;202200035426;750 836;B01;3;7;0;2;3;23;1;
54628;202200035427;750 833;B01;0;31;0;2;7;1;1;
54629;202200035427;750 835;A01;0;10;0;2;6;10;1;
54630;202200035428;750 831;A01;3;7;0;2;8;22;1;
54631;202200035428;750 832;B01;3;1;1;0;0;1;5;
54632;202200035429;750 828;C01;3;7;0;2;4;2;1;
54633;202200035429;750 829;B01;3;7;0;2;4;2;1;
54634;202200035429;750 830;A01;3;7;0;2;1;2;1;
54635;202200035430;750 826;A01;1;7;0;2;1;1;1;
54636;202200035430;750 827;B01;3;7;0;2;8;15;1;
54637;202200035431;750 824;A01;1;7;0;1;3;1;1;
54638;202200035433;750 821;B01;2;33;0;2;0;1;1;
54639;202200035433;750 822;A01;1;7;0;2;2;15;1;
54640;202200035434;750 819;B01;2;15;0;2;6;1;1;
54641;202200035434;750 820;A01;2;33;0;2;1;2;1;
54642;202200035435;750 817;B01;1;7;0;2;4;2;1;
54643;202200035435;750 818;A01;1;30;0;2;1;2;1;
54644;202200035436;750 814;C01;0;7;0;2;0;1;1;
54645;202200035436;750 815;B01;2;7;0;2;0;1;1;
54646;202200035436;750 816;A01;1;7;0;2;0;1;1;
54647;202200035437;750 812;A01;3;7;0;2;3;1;2;
54648;202200035437;750 813;B01;3;50;0;2;2;19;3;
54649;202200035438;750 811;A01;1;7;0;1;1;1;1;
54650;202200035439;750 809;B01;1;34;0;2;5;1;1;
54651;202200035439;750 810;A01;3;7;0;2;0;15;1;
54652;202200035440;750 808;A01;1;43;0;1;1;1;1;
54653;202200035441;750 806;B01;1;10;0;2;7;14;1;
54654;202200035441;750 807;A01;1;33;0;2;6;0;1;
54655;202200035442;750 805;A01;1;7;0;1;2;1;1;
54656;202200035443;750 804;A01;1;3;0;1;1;16;1;
54657;202200035444;750 801;A01;1;7;2;0;1;1;1;
54658;202200035445;750 800;C01;2;32;0;2;6;3;1;
54659;202200035445;750 802;B01;2;33;0;2;8;3;1;
54660;202200035445;750 803;A01;2;7;0;2;7;12;1;
54661;202200035446;750 797;A01;1;7;0;2;1;13;1;
54662;202200035446;750 799;B01;2;33;0;2;1;1;1;
54663;202200035447;750 795;A01;2;7;0;2;1;2;1;
54664;202200035447;750 796;B01;2;7;0;2;4;23;1;
54665;202200035447;750 798;C01;2;7;0;2;4;23;1;
54666;202200035448;750 794;A01;1;33;14;0;1;1;1;
54667;202200035449;750 790;A01;1;7;0;2;8;15;1;
54668;202200035449;750 793;B01;2;7;0;2;1;1;1;
54669;202200035450;750 791;A01;1;33;0;2;1;2;1;
54670;202200035450;750 792;B01;1;7;0;2;4;2;1;
54671;202200035451;750 789;A01;2;33;12;0;0;0;1;
54672;202200035452;750 788;A01;2;50;0;1;1;1;3;
54673;202200035453;750 786;A01;1;33;0;2;7;3;0;
54674;202200035453;750 787;B01;2;7;0;2;2;15;1;
54675;202200035454;750 785;A01;1;30;1;0;3;13;3;
54676;202200035455;750 783;B01;1;2;0;2;8;1;1;
54677;202200035455;750 784;A01;1;7;0;2;5;15;1;
54678;202200035456;750 781;A01;2;7;13;0;2;14;1;
54679;202200035457;750 780;B01;1;7;0;2;3;15;1;
54680;202200035457;750 782;A01;1;30;0;2;1;1;1;
54681;202200035458;750 778;A01;2;7;0;2;3;13;1;
54682;202200035458;750 779;B01;1;33;0;2;1;1;0;
54683;202200035459;750 777;A01;1;7;0;1;1;1;1;
54684;202200035460;750 774;A01;1;40;0;1;2;1;3;
54685;202200035461;750 772;A01;2;7;0;2;1;5;1;
54686;202200035461;750 773;B01;1;7;0;2;1;1;1;
54687;202200035461;750 775;C01;1;7;0;2;1;2;1;
54688;202200035461;750 776;D01;1;7;0;2;0;2;1;
54689;202200035462;750 771;A01;1;10;0;1;4;4;1;
54690;202200035463;750 768;C01;1;1;0;0;0;1;5;
54691;202200035463;750 769;B01;1;7;0;2;8;17;1;
54692;202200035463;750 770;A01;1;33;0;2;2;2;1;
54693;202200035464;750 766;A01;2;33;0;0;7;1;1;
54694;202200035465;750 767;A01;2;7;0;1;1;1;1;
54695;202200035467;750 763;B01;1;7;0;2;2;16;1;
54696;202200035467;750 764;A01;1;30;0;2;1;18;1;
54697;202200035468;750 761;B01;2;31;0;2;4;23;1;
54698;202200035468;750 762;A01;2;10;0;2;1;2;1;
54699;202200035469;750 759;Z01;2;10;0;2;1;9;0;
54700;202200035469;750 760;A01;2;32;0;2;7;1;1;
54701;202200035470;750 757;A01;2;10;0;1;1;1;1;
54702;202200035471;750 756;B01;3;7;0;2;8;1;1;
54703;202200035471;750 758;A01;3;7;0;2;1;1;1;
54704;202200035472;750 755;A01;1;7;13;0;0;1;0;
54705;202200035473;750 753;B01;1;50;0;2;3;11;3;
54706;202200035473;750 754;A01;1;7;0;2;2;1;2;
54707;202200035474;750 751;B01;3;7;0;2;3;1;1;
54708;202200035474;750 752;A01;3;33;0;2;1;13;1;
54709;202200035475;750 749;B01;2;7;0;2;8;1;1;
54710;202200035475;750 750;A01;1;14;0;2;3;13;1;
54711;202200035476;750 748;A01;1;33;0;1;1;1;1;
54712;202200035477;750 745;A01;2;1;0;1;1;1;5;
54713;202200035478;750 743;B01;2;7;0;0;3;15;1;
54714;202200035478;750 744;A01;2;7;0;2;2;17;1;
54715;202200035479;750 740;B01;2;32;0;2;8;1;1;
54716;202200035479;750 742;A01;3;7;0;2;1;1;1;
54717;202200035480;750 739;B01;2;33;0;2;1;1;1;
54718;202200035480;750 741;A01;1;7;0;2;3;21;1;
54719;202200035481;750 736;C01;2;7;0;2;5;1;1;
54720;202200035481;750 737;B01;2;7;0;2;6;1;1;
54721;202200035481;750 738;A01;2;7;0;2;1;17;1;
54722;202200035482;750 735;A01;2;7;2;0;1;14;3;
54723;202200035483;750 733;B01;2;60;0;2;2;19;5;
54724;202200035483;750 734;A01;1;7;0;2;1;1;1;
54725;202200035484;750 731;A01;1;7;0;2;1;2;1;
54726;202200035484;750 732;B01;1;7;0;0;4;1;1;
54727;202200035485;750 729;B01;1;2;0;2;1;9;1;
54728;202200035485;750 730;A01;1;7;0;2;2;15;1;
54729;202200035486;750 727;B01;2;7;0;0;4;2;1;
54730;202200035486;750 728;A01;2;30;0;2;3;2;1;
54731;202200035487;750 725;A01;2;7;0;2;1;19;1;
54732;202200035487;750 726;B01;2;7;0;2;5;1;1;
54733;202200035488;750 721;B01;1;7;1;2;3;1;1;
54734;202200035488;750 724;A01;2;10;1;2;1;1;1;
54735;202200035489;750 722;A01;2;7;0;2;1;1;1;
54736;202200035489;750 723;B01;3;7;0;0;8;1;1;
54737;202200035490;750 720;A01;1;10;9;0;1;21;1;
54738;202200035491;750 718;B01;1;1;0;2;4;26;5;
54739;202200035491;750 719;A01;1;7;0;2;2;1;0;
54740;202200035492;750 716;B01;3;7;0;2;1;2;1;
54741;202200035492;750 717;A01;3;7;0;2;4;23;1;
54742;202200035494;750 712;A01;0;10;0;2;8;10;0;
54743;202200035494;750 713;B01;0;34;0;2;1;1;0;
54744;202200035495;750 711;A01;3;17;0;1;5;1;1;
54745;202200035497;750 708;A01;0;7;0;0;0;0;0;
54746;202200035498;750 706;A01;3;1;0;2;1;9;5;
54747;202200035498;750 707;B01;3;7;0;2;1;16;1;
54748;202200035499;750 704;A01;-1;7;0;2;1;1;1;
54749;202200035499;750 705;B01;-1;2;0;2;7;15;0;
54750;202200035500;750 702;B01;1;32;0;2;2;17;3;
54751;202200035500;750 703;A01;1;7;0;2;3;15;1;
54752;202200035501;750 701;A01;1;7;0;1;1;26;1;
54753;202200035502;750 700;A01;0;3;0;1;2;26;1;
54754;202200035503;750 699;A01;1;7;0;1;2;16;1;
54755;202200035504;750 698;A01;3;31;0;0;0;21;1;
54756;202200035505;750 696;B01;1;10;0;2;3;1;1;
54757;202200035505;750 697;A01;1;7;0;2;1;9;1;
54758;202200035506;750 695;A01;1;7;4;0;1;16;1;
54759;202200035507;750 694;Y01;2;1;0;0;7;1;5;
54760;202200035508;750 692;A01;3;33;0;2;1;1;1;
54761;202200035508;750 693;B01;3;7;0;2;8;10;1;
54762;202200035509;750 691;A01;2;7;0;1;3;15;1;
54763;202200035510;750 688;B01;2;7;0;2;2;1;1;
54764;202200035510;750 689;A01;2;7;1;2;3;9;1;
54765;202200035510;750 690;C01;2;7;0;2;4;2;1;
54766;202200035511;750 687;A01;1;32;0;1;1;1;1;
54767;202200035512;750 685;A01;1;7;0;2;2;9;1;
54768;202200035512;750 686;B01;0;34;0;2;1;1;1;
54769;202200035513;750 684;A01;1;2;1;0;2;0;1;
54770;202200035514;750 683;A01;1;7;16;0;2;14;1;
54771;202200035515;750 682;A01;1;7;0;1;2;2;1;
54772;202200035516;750 681;A01;1;7;6;0;1;16;1;
54773;202200035517;750 679;A01;1;7;0;2;0;1;1;
54774;202200035517;750 680;B01;2;7;0;2;0;1;1;
54775;202200035518;750 674;D01;1;7;0;2;4;23;1;
54776;202200035518;750 675;Z01;1;10;0;2;1;0;1;
54777;202200035518;750 676;C01;1;7;0;2;4;23;1;
54778;202200035518;750 677;B01;1;3;0;2;4;23;1;
54779;202200035518;750 678;A01;2;7;0;2;4;23;1;
54780;202200035519;750 672;B01;3;7;0;2;7;5;1;
54781;202200035519;750 673;A01;2;7;0;2;1;1;1;
54782;202200035520;750 670;A01;0;7;0;2;1;20;1;
54783;202200035520;750 671;B01;0;7;0;2;2;1;2;
54784;202200035521;750 668;B01;1;7;0;2;0;26;1;
54785;202200035521;750 669;A01;1;32;0;2;4;23;1;
54786;202200035522;750 667;A01;1;7;8;0;3;1;1;
54787;202200035523;750 664;A01;1;7;0;2;1;1;1;
54788;202200035523;750 665;C01;1;7;0;2;8;24;1;
54789;202200035523;750 666;B01;1;7;0;2;7;15;1;
54790;202200035524;750 662;A01;0;7;0;2;1;0;1;
54791;202200035524;750 663;B01;0;30;0;2;1;0;1;
54792;202200035525;750 660;A01;2;10;0;2;3;15;1;
54793;202200035525;750 661;B01;2;2;0;2;1;1;0;
54794;202200035526;750 658;B01;2;2;14;0;3;1;1;
54795;202200035526;750 659;A01;1;10;0;0;0;0;1;
54796;202200035527;750 656;A01;3;7;0;2;8;15;1;
54797;202200035527;750 657;B01;3;7;0;2;1;21;1;
54798;202200035528;750 654;A01;1;10;0;9;8;15;1;
54799;202200035528;750 655;B01;2;32;0;2;1;2;1;
54800;202200035529;750 652;A01;1;7;0;2;3;15;1;
54801;202200035529;750 653;B01;1;32;0;2;3;1;1;
54802;202200035530;750 651;A01;3;7;0;1;4;26;1;
54803;202200035532;750 647;B01;2;33;0;2;2;26;1;
54804;202200035532;750 648;A01;1;30;0;2;6;3;1;
54805;202200035533;750 645;A01;2;34;0;2;7;1;1;
54806;202200035533;750 646;B01;2;2;0;2;8;11;1;
54807;202200035534;750 643;B01;2;7;0;2;1;2;1;
54808;202200035534;750 644;A01;2;33;0;2;2;1;1;
54809;202200035535;750 640;A01;2;7;6;0;7;15;1;
54810;202200035536;750 639;A01;1;15;3;0;3;0;1;
54811;202200035537;750 637;B01;1;99;0;1;4;26;0;
54812;202200035537;750 638;A01;2;7;1;0;2;1;1;
54813;202200035539;750 634;A01;3;3;0;2;0;0;0;
54814;202200035539;750 635;B01;3;7;13;2;0;0;1;
54815;202200035540;750 633;A01;1;7;2;0;2;1;1;
54816;202200035541;750 632;A01;1;7;2;0;1;0;1;
54817;202200035542;750 630;B01;0;1;0;0;4;2;5;
54818;202200035542;750 631;A01;0;10;0;2;2;17;1;
54819;202200035543;750 626;B01;1;7;0;2;6;15;1;
54820;202200035543;750 627;A01;2;2;0;2;1;1;1;
54821;202200035544;750 624;B01;1;3;0;2;2;17;0;
54822;202200035544;750 625;A01;1;7;3;2;6;21;1;
54823;202200035545;750 622;A01;1;7;0;2;3;1;2;
54824;202200035545;750 623;B01;2;31;0;2;1;1;1;
54825;202200035546;750 621;A01;2;2;14;0;1;5;1;
54826;202200035547;750 619;B01;2;2;0;2;8;1;1;
54827;202200035547;750 620;A01;1;7;0;2;1;15;1;
54828;202200035548;750 617;A01;3;7;0;2;7;9;1;
54829;202200035548;750 618;B01;1;7;0;2;1;1;1;
54830;202200035550;750 614;A01;2;7;0;0;9;1;1;
54831;202200035551;750 611;A01;1;7;0;1;3;16;1;
54832;202200035552;750 609;B01;1;21;0;2;5;15;1;
54833;202200035552;750 610;A01;2;2;0;2;1;1;1;
54834;202200035553;750 608;A01;1;32;1;0;1;0;1;
54835;202200035554;750 605;C01;1;7;0;2;2;17;2;
54836;202200035554;750 606;B01;1;7;3;2;4;1;1;
54837;202200035554;750 607;A01;1;7;0;2;1;1;1;
54838;202200035555;750 604;A01;2;17;4;0;3;13;1;
54839;202200035556;750 603;A01;1;10;4;0;2;13;1;
54840;202200035557;750 602;A01;0;7;6;0;1;1;0;
54841;202200035558;750 601;A01;3;7;17;0;1;1;0;
54842;202200035559;750 600;A01;0;31;2;0;1;1;1;
54843;202200035560;750 596;D01;2;10;0;2;6;1;1;
54844;202200035560;750 597;C01;1;7;0;2;1;1;1;
54845;202200035560;750 598;B01;1;7;0;2;1;1;1;
54846;202200035560;750 599;A01;2;7;0;2;1;3;1;
54847;202200035561;750 594;A01;1;7;0;2;3;13;1;
54848;202200035561;750 595;B01;2;43;0;2;1;1;1;
54849;202200035562;750 592;B01;1;10;0;2;8;17;1;
54850;202200035562;750 593;A01;1;33;13;2;7;17;1;
54851;202200035563;750 591;A01;2;0;0;1;0;0;0;
54852;202200035564;750 589;A01;2;7;0;2;3;1;1;
54853;202200035564;750 590;B01;2;2;0;2;2;1;1;
54854;202200035565;750 588;A01;0;7;6;0;3;1;1;
54855;202200035566;750 586;A01;2;7;13;0;2;2;1;
54856;202200035566;750 587;B01;2;7;13;0;6;2;3;
54857;202200035567;750 584;B01;1;2;0;2;3;1;1;
54858;202200035567;750 585;A01;1;7;0;2;2;16;1;
54859;202200035568;750 580;C01;2;10;0;2;1;2;1;
54860;202200035568;750 581;B01;2;7;0;2;4;1;1;
54861;202200035568;750 582;A01;2;7;0;2;1;2;1;
54862;202200035569;750 579;A01;2;7;7;0;1;2;1;
54863;202200035570;750 575;D01;1;7;0;2;6;1;1;
54864;202200035570;750 576;C01;1;7;0;2;4;2;1;
54865;202200035570;750 577;B01;1;7;0;2;2;12;1;
54866;202200035570;750 578;A01;1;7;0;2;3;3;1;
54867;202200035571;750 573;A01;1;15;0;2;2;2;1;
54868;202200035571;750 574;B01;1;10;0;2;4;2;1;
54869;202200035572;750 569;D01;1;7;0;2;4;1;1;
54870;202200035572;750 570;C01;1;7;0;2;4;1;1;
54871;202200035572;750 571;B01;1;7;0;2;4;1;1;
54872;202200035572;750 572;A01;1;7;0;2;1;1;1;
54873;202200035573;750 568;A01;2;7;3;0;3;1;1;
54874;202200035574;750 566;B01;1;43;0;0;0;0;1;
54875;202200035574;750 567;A01;1;7;0;2;3;11;1;
54876;202200035575;750 564;A01;2;7;0;2;5;12;1;
54877;202200035575;750 565;B01;2;42;0;2;1;3;1;
54878;202200035576;750 562;A01;2;7;1;0;1;1;3;
54879;202200035576;750 563;B01;1;10;0;2;1;23;1;
54880;202200035577;750 560;A01;2;10;0;2;1;2;1;
54881;202200035577;750 561;B01;2;15;0;2;4;1;1;
54882;202200035578;750 558;A01;1;15;0;2;1;2;1;
54883;202200035578;750 559;B01;1;7;0;2;4;2;1;
54884;202200035579;750 557;A01;3;7;0;1;1;1;2;
54885;202200035580;750 556;A01;0;7;0;1;4;4;1;
54886;202200035581;750 555;A01;1;7;0;1;1;1;1;
54887;202200035582;750 554;A01;3;7;0;1;0;1;1;
54888;202200035583;750 553;A01;3;7;0;1;1;1;1;
54889;202200035584;750 551;B01;3;1;0;2;8;19;5;
54890;202200035584;750 552;A01;3;10;0;2;3;26;1;
54891;202200035585;750 550;A01;2;7;6;2;9;13;1;
54892;202200035586;750 548;B01;1;34;0;2;1;13;1;
54893;202200035586;750 549;A01;2;7;0;2;3;15;1;
54894;202200035587;750 546;A01;0;7;0;9;2;15;1;
54895;202200035587;750 547;B01;3;50;0;2;1;1;3;
54896;202200035588;750 544;A01;1;33;0;2;4;26;0;
54897;202200035588;750 545;B01;1;10;0;2;4;0;1;
54898;202200035589;750 542;B01;3;7;0;2;1;9;0;
54899;202200035589;750 543;A01;3;1;0;2;1;9;5;
54900;202200035590;750 540;B01;1;43;0;2;1;2;1;
54901;202200035590;750 541;A01;0;7;0;2;4;4;1;
54902;202200035591;750 538;A01;2;2;0;2;0;19;1;
54903;202200035591;750 539;B01;1;7;0;9;3;19;1;
54904;202200035593;750 534;A01;2;50;0;2;7;1;3;
54905;202200035593;750 535;B01;2;7;0;2;1;1;1;
54906;202200035594;750 532;B01;2;1;0;2;2;1;5;
54907;202200035594;750 533;A01;2;7;0;2;4;4;1;
54908;202200035595;750 530;A01;1;7;0;2;1;1;1;
54909;202200035595;750 531;B01;1;1;0;2;4;1;5;
54910;202200035596;750 528;B01;3;34;0;2;8;0;1;
54911;202200035596;750 529;A01;3;7;0;2;2;9;1;
54912;202200035597;750 527;A01;3;7;0;1;1;1;1;
54913;202200035598;750 526;A01;0;7;6;0;9;1;1;
54914;202200035600;750 522;A01;2;7;12;0;3;1;1;
54915;202200035601;750 520;B01;1;7;0;2;6;15;1;
54916;202200035601;750 521;A01;1;7;0;2;1;17;1;
54917;202200035602;750 518;B01;0;7;0;2;1;1;1;
54918;202200035602;750 519;A01;0;7;0;2;7;15;1;
54919;202200035603;750 516;A01;0;7;0;2;6;20;1;
54920;202200035603;750 517;B01;0;2;0;2;1;1;1;
54921;202200035604;750 513;A01;1;7;0;1;4;23;1;
54922;202200035604;750 514;B01;1;7;0;2;6;2;1;
54923;202200035604;750 515;C01;1;7;0;2;1;2;1;
54924;202200035605;750 511;B01;2;7;0;2;1;21;1;
54925;202200035605;750 512;A01;1;7;0;2;1;13;1;
54926;202200035606;750 509;B01;3;2;0;2;1;1;1;
54927;202200035606;750 510;A01;3;7;0;2;2;9;0;
54928;202200035607;750 507;Z01;2;7;0;2;0;0;1;
54929;202200035607;750 508;A01;1;1;0;2;1;1;5;
54930;202200035608;750 506;A01;3;33;0;2;1;1;1;
54931;202200035609;750 505;A01;2;7;12;0;9;1;1;
54932;202200035610;750 504;A01;3;39;0;1;1;1;0;
54933;202200035611;750 501;A01;3;34;0;2;3;13;1;
54934;202200035611;750 502;C01;3;7;0;2;8;1;1;
54935;202200035611;750 503;B01;1;7;0;2;3;5;1;
54936;202200035612;750 500;A01;0;33;11;0;0;26;0;
54937;202200035613;750 499;A01;1;7;3;0;3;13;1;
54938;202200035614;750 497;A01;3;7;0;2;7;9;1;
54939;202200035614;750 498;B01;3;50;0;2;1;1;3;
54940;202200035615;750 494;C01;2;7;10;2;3;1;2;
54941;202200035615;750 495;B01;2;7;10;2;3;1;1;
54942;202200035615;750 496;A01;1;37;10;2;3;2;1;1.0
54943;202200035616;750 492;A01;1;7;0;2;7;0;1;
54944;202200035616;750 493;B01;2;1;0;2;1;0;5;
54945;202200035617;750 490;A01;1;7;0;2;3;13;1;
54946;202200035617;750 491;B01;2;7;0;2;3;1;1;
54947;202200035618;750 488;A01;2;2;0;2;1;17;1;
54948;202200035618;750 489;B01;1;10;0;9;6;15;1;
54949;202200035619;750 486;A01;1;7;0;2;3;1;1;
54950;202200035619;750 487;B01;1;7;0;2;3;1;1;
54951;202200035620;750 485;A01;1;1;0;0;0;26;5;
54952;202200035621;750 483;B01;1;2;0;2;7;1;1;
54953;202200035621;750 484;A01;1;7;0;2;8;9;1;
54954;202200035623;750 480;A01;1;30;0;0;2;1;1;
54955;202200035624;750 479;A01;1;33;0;0;0;1;0;
54956;202200035625;750 477;A01;2;7;0;9;5;16;3;
54957;202200035625;750 478;B01;2;50;0;2;8;1;3;
54958;202200035626;750 476;A01;2;7;0;1;3;1;1;
54959;202200035628;750 472;B01;2;7;0;2;1;9;1;
54960;202200035628;750 473;A01;2;1;0;2;5;9;5;
54961;202200035629;750 470;A01;2;7;0;2;1;1;1;
54962;202200035629;750 471;B01;2;7;12;2;4;11;1;
54963;202200035630;750 468;A01;3;1;0;2;1;19;5;
54964;202200035630;750 469;B01;3;10;0;2;1;16;1;
54965;202200035631;750 466;A01;1;7;0;2;7;15;1;
54966;202200035631;750 467;B01;2;1;0;2;1;1;5;
54967;202200035632;750 464;B01;1;7;0;2;3;15;1;
54968;202200035632;750 465;A01;2;2;0;2;1;17;1;
54969;202200035633;750 462;B01;-1;1;0;2;1;25;5;
54970;202200035633;750 463;A01;3;7;0;2;7;1;1;
54971;202200035634;750 461;A01;2;1;0;0;0;1;5;
54972;202200035635;750 459;A01;1;7;0;2;1;9;1;
54973;202200035635;750 460;B01;2;1;0;2;7;1;5;
54974;202200035636;750 458;A01;3;7;0;0;0;26;1;
54975;202200035637;750 457;A01;1;33;14;0;0;1;1;
54976;202200035638;750 455;A01;1;30;0;2;1;1;1;
54977;202200035638;750 456;B01;0;7;0;2;7;15;1;
54978;202200035639;750 453;A01;3;99;0;2;6;13;1;
54979;202200035639;750 454;B01;3;7;0;2;1;1;1;
54980;202200035641;750 449;B01;1;7;1;0;6;24;1;
54981;202200035641;750 450;A01;1;1;1;0;2;1;5;
54982;202200035642;750 447;A01;3;99;0;2;5;1;3;
54983;202200035642;750 448;B01;3;7;0;2;3;2;1;
54984;202200035643;750 446;A01;1;33;0;0;0;21;1;
54985;202200035644;750 445;A01;2;7;0;1;1;1;1;
54986;202200035645;750 443;B01;3;34;0;2;1;17;1;
54987;202200035645;750 444;A01;3;7;0;2;3;15;1;
54988;202200035646;750 442;A01;1;30;0;0;0;1;1;
54989;202200035647;750 441;A01;0;7;0;1;1;15;1;
54990;202200035648;750 439;A01;3;7;0;2;8;9;1;
54991;202200035648;750 440;B01;3;7;0;2;1;1;1;
54992;202200035649;750 437;A01;1;7;0;2;1;2;1;
54993;202200035649;750 438;B01;1;7;0;2;4;23;1;
54994;202200035650;750 434;A01;3;7;0;2;3;10;1;
54995;202200035650;750 436;B01;3;32;0;2;1;15;1;
54996;202200035651;750 433;B01;2;1;0;2;4;1;5;
54997;202200035651;750 435;A01;3;7;0;2;3;16;1;
54998;202200035652;750 431;Z01;0;7;0;2;1;5;1;
54999;202200035652;750 432;B01;3;30;0;2;8;1;1;
55000;202200035653;750 428;A01;1;7;0;2;7;15;1;
55001;202200035653;750 430;B01;1;7;0;2;1;1;1;
55002;202200035654;750 427;A01;1;7;0;2;1;9;1;
55003;202200035654;750 429;B01;3;1;0;2;7;1;5;
55004;202200035655;750 425;A01;0;1;0;0;1;1;5;
55005;202200035656;750 424;B01;1;7;0;2;8;16;1;
55006;202200035656;750 426;A01;1;30;0;2;1;1;1;
55007;202200035657;750 422;A01;2;7;0;1;1;1;1;
55008;202200035658;750 420;A01;2;1;12;0;4;2;5;
55009;202200035659;750 419;A01;1;50;0;2;8;1;3;
55010;202200035660;750 416;A01;2;7;0;2;2;20;1;
55011;202200035660;750 418;B01;2;50;0;2;8;1;3;
55012;202200035661;750 415;B01;1;7;0;2;1;1;1;
55013;202200035661;750 417;A01;2;7;0;2;7;19;1;
55014;202200035662;750 414;A01;1;7;4;9;8;13;1;
55015;202200035663;750 412;A01;2;7;14;0;2;14;1;
55016;202200035664;750 411;A01;1;33;0;2;1;1;1;
55017;202200035664;750 413;B01;3;7;0;2;5;1;1;
55018;202200035665;750 408;B01;1;7;0;2;4;2;1;
55019;202200035665;750 410;A01;1;7;0;2;1;2;1;
55020;202200035666;750 407;A01;3;7;0;2;1;1;1;
55021;202200035666;750 409;B01;3;7;0;2;4;1;2;
55022;202200035667;750 406;A01;3;7;0;1;1;1;1;
55023;202200035668;750 404;A01;2;33;0;2;1;1;1;
55024;202200035668;750 405;B01;2;10;0;2;6;1;1;
55025;202200035669;750 403;A01;2;7;0;1;1;13;1;
55026;202200035670;750 400;B01;1;17;0;2;1;1;1;
55027;202200035670;750 402;A01;1;7;0;2;8;10;1;
55028;202200035671;750 399;B01;1;50;0;2;0;0;3;
55029;202200035671;750 401;A01;1;0;0;2;4;0;0;
55030;202200035672;750 396;A01;2;7;0;2;4;15;1;
55031;202200035672;750 398;B01;1;1;0;2;1;1;5;
55032;202200035673;750 393;C01;1;7;0;2;1;2;1;
55033;202200035673;750 394;D01;1;10;0;0;0;0;1;
55034;202200035673;750 395;B01;1;7;0;2;1;2;1;
55035;202200035673;750 397;A01;1;7;0;2;4;2;1;
55036;202200035674;750 391;B01;2;7;0;2;3;1;1;
55037;202200035674;750 392;A01;1;30;0;2;1;1;1;
55038;202200035675;750 386;B01;1;1;0;2;1;1;5;
55039;202200035675;750 387;A01;1;7;0;2;2;15;0;
55040;202200035676;750 384;A01;1;7;0;0;6;23;2;
55041;202200035676;750 385;B01;1;7;1;0;2;1;1;
55042;202200035677;750 382;A01;3;7;0;2;2;15;1;
55043;202200035677;750 383;B01;3;2;0;2;1;1;1;
55044;202200035678;750 380;A01;2;7;0;2;2;1;1;
55045;202200035678;750 381;Z01;2;10;0;0;0;0;0;
55046;202200035679;750 378;B01;2;2;0;2;7;26;1;
55047;202200035679;750 379;A01;2;7;0;2;3;9;1;
55048;202200035680;750 376;A01;2;7;0;2;7;16;1;
55049;202200035680;750 377;B01;2;1;0;2;3;5;5;
55050;202200035681;750 374;A01;1;7;15;0;1;1;1;
55051;202200035682;750 373;A01;3;7;0;1;3;26;1;
55052;202200035683;750 371;A01;1;7;0;2;1;9;1;
55053;202200035683;750 372;B01;1;2;0;2;8;1;1;
55054;202200035684;750 368;C01;0;7;0;2;4;1;1;
55055;202200035684;750 369;B01;0;7;1;2;4;1;1;
55056;202200035684;750 370;A01;0;7;0;2;1;1;1;
55057;202200035685;750 366;A01;1;1;0;2;1;2;0;
55058;202200035685;750 367;B01;0;7;14;2;2;2;0;
55059;202200035686;750 364;B01;3;7;0;2;1;1;1;
55060;202200035686;750 365;A01;3;7;0;2;1;1;1;
55061;202200035687;750 362;A01;1;30;0;2;1;1;1;
55062;202200035687;750 363;B01;1;7;0;2;3;10;1;
55063;202200035688;750 361;A01;3;7;12;0;1;1;1;
55064;202200035689;750 358;A01;-1;7;0;1;1;1;1;
55065;202200035690;750 359;A01;2;7;0;2;3;15;1;
55066;202200035690;750 360;B01;1;7;0;2;3;1;1;
55067;202200035691;750 355;B01;2;7;0;2;4;0;1;
55068;202200035691;750 356;A01;2;7;0;2;1;26;1;
55069;202200035692;750 354;A01;2;7;0;2;3;9;1;
55070;202200035692;750 357;B01;2;33;0;2;2;17;1;
55071;202200035693;750 349;B01;2;7;0;2;1;1;1;
55072;202200035693;750 352;A01;1;7;0;2;7;15;1;
55073;202200035694;750 347;B01;1;10;0;2;5;1;1;
55074;202200035694;750 348;A01;1;33;0;2;1;9;1;
55075;202200035695;750 345;B01;1;2;0;2;7;17;1;
55076;202200035695;750 346;A01;1;7;0;2;8;15;1;
55077;202200035696;750 343;B01;2;37;0;2;2;1;0;1.0
55078;202200035696;750 344;A01;3;50;0;2;8;19;3;
55079;202200035698;750 340;A01;2;30;0;0;0;0;1;
55080;202200035699;750 336;A01;2;7;0;2;1;9;0;
55081;202200035699;750 339;B01;0;1;0;2;2;1;5;
55082;202200035700;750 337;B01;2;37;0;2;1;1;2;1.0