;Num_Acc;id_vehicule;num_veh;senc;catv;obs;obsm;choc;manv;motor;occutc
55083;202200035700;750 338;A01;2;10;0;2;2;15;1;
55084;202200035702;750 333;A01;2;7;0;2;7;1;1;
55085;202200035702;750 335;B01;1;7;0;2;3;19;1;
55086;202200035703;750 332;A01;3;7;0;1;1;1;1;
55087;202200035704;750 330;B01;1;7;0;2;1;23;1;
55088;202200035704;750 331;A01;1;7;0;2;3;15;1;
55089;202200035705;750 328;B01;2;3;0;2;2;2;1;
55090;202200035705;750 329;A01;2;7;0;2;1;9;1;
55091;202200035706;750 326;A01;0;10;0;1;4;4;1;
55092;202200035707;750 325;B01;3;7;0;2;8;15;1;
55093;202200035707;750 327;A01;3;7;0;2;1;1;1;
55094;202200035708;750 323;A01;1;7;0;2;3;15;1;
55095;202200035708;750 324;B01;1;7;0;2;1;17;0;
55096;202200035709;750 321;B01;2;7;0;2;1;1;1;
55097;202200035709;750 322;A01;1;7;0;2;7;15;1;
55098;202200035710;750 319;B01;1;7;0;2;1;13;1;
55099;202200035710;750 320;A01;2;7;0;2;1;1;1;
55100;202200035711;750 314;B01;2;2;0;2;8;15;1;
55101;202200035711;750 316;A01;2;2;0;2;1;17;1;
55102;202200035712;750 313;A01;1;7;0;2;1;2;1;
55103;202200035712;750 315;B01;1;7;0;2;4;23;1;
55104;202200035713;750 311;A01;2;33;0;2;1;13;1;
55105;202200035713;750 312;B01;1;7;0;2;1;1;1;
55106;202200035714;750 309;B01;3;7;0;2;1;1;1;
55107;202200035714;750 310;A01;3;7;2;0;1;0;0;
55108;202200035715;750 306;A01;1;7;0;2;4;1;1;
55109;202200035715;750 308;B01;1;7;0;2;1;2;1;
55110;202200035716;750 305;B01;1;2;0;2;1;1;1;
55111;202200035716;750 307;A01;1;7;0;2;7;15;1;
55112;202200035717;750 303;B01;2;31;0;2;4;3;1;
55113;202200035717;750 304;A01;2;33;0;2;1;12;1;
55114;202200035718;750 302;A01;2;37;0;1;7;16;1;1.0
55115;202200035719;750 298;A01;3;2;0;2;7;17;1;
55116;202200035719;750 300;B01;3;10;0;2;8;0;1;
55117;202200035720;750 295;A01;2;7;0;2;1;2;1;
55118;202200035720;750 296;B01;2;10;0;2;4;2;1;
55119;202200035720;750 297;C01;2;7;0;2;4;2;1;
55120;202200035720;750 299;D01;2;7;0;2;4;2;1;
55121;202200035720;750 301;E01;2;33;0;2;4;2;1;
55122;202200035721;750 294;A01;1;33;3;0;1;1;1;
55123;202200035723;750 290;A01;2;31;0;2;2;11;1;
55124;202200035723;750 292;B01;2;31;0;2;1;3;1;
55125;202200035723;750 293;C01;2;7;0;2;1;1;1;
55126;202200035724;750 286;B01;1;10;0;2;4;12;1;
55127;202200035724;750 288;A01;1;43;0;2;1;3;1;
55128;202200035725;750 285;B01;1;7;0;2;8;1;1;
55129;202200035725;750 287;A01;1;33;0;2;1;1;1;
55130;202200035726;750 284;A01;1;34;0;1;1;1;1;
55131;202200035727;750 283;A01;3;30;0;0;0;1;1;
55132;202200035729;750 276;A01;1;7;0;2;1;21;1;
55133;202200035729;750 278;B01;1;50;0;2;7;9;3;
55134;202200035730;750 275;Z01;1;7;0;2;0;14;1;
55135;202200035730;750 277;A01;1;30;0;2;8;1;1;
55136;202200035731;750 274;A01;2;7;6;0;2;1;1;
55137;202200035732;750 272;A01;2;7;0;2;0;16;1;
55138;202200035732;750 273;B01;2;80;0;2;0;1;3;
55139;202200035733;750 270;B01;2;7;0;2;2;15;1;
55140;202200035733;750 271;A01;2;7;0;2;3;16;1;
55141;202200035734;750 269;A01;2;1;0;1;1;1;5;
55142;202200035735;750 267;B01;1;7;0;2;4;1;1;
55143;202200035735;750 268;A01;1;30;0;2;1;1;1;
55144;202200035736;750 266;A01;2;50;0;1;1;1;3;
55145;202200035737;750 265;A01;2;7;8;0;3;1;1;
55146;202200035738;750 263;B01;1;30;0;2;7;17;1;
55147;202200035738;750 264;A01;1;7;0;2;3;10;1;
55148;202200035739;750 261;B01;1;7;0;2;3;10;1;
55149;202200035739;750 262;A01;1;2;0;2;1;17;1;
55150;202200035740;750 260;Z01;1;32;0;1;8;1;1;
55151;202200035741;750 258;A01;2;7;0;2;1;1;1;
55152;202200035741;750 259;B01;2;1;0;2;7;9;5;
55153;202200035742;750 256;A01;1;43;0;2;1;1;1;
55154;202200035742;750 257;B01;3;1;0;2;3;19;5;
55155;202200035743;750 255;A01;2;7;0;5;8;1;1;
55156;202200035744;750 252;B01;2;10;0;2;2;1;1;
55157;202200035744;750 254;A01;2;32;0;2;1;1;1;
55158;202200035745;750 249;A01;2;33;15;0;1;14;1;
55159;202200035746;750 248;B01;1;10;0;2;4;1;1;
55160;202200035746;750 250;A01;1;33;0;2;1;1;1;
55161;202200035747;750 244;Z01;2;10;0;0;0;0;0;
55162;202200035747;750 246;B01;2;30;0;0;0;0;1;
55163;202200035748;750 243;C01;0;7;0;2;4;1;1;
55164;202200035748;750 245;B01;0;7;0;2;4;1;1;
55165;202200035748;750 247;A01;0;20;0;2;1;1;1;
55166;202200035749;750 239;B01;1;50;0;2;1;2;3;
55167;202200035749;750 242;A01;1;7;0;2;4;1;1;
55168;202200035750;750 238;C01;2;7;0;0;4;2;1;
55169;202200035750;750 240;A01;2;10;0;2;1;2;1;
55170;202200035750;750 241;B01;2;7;0;2;4;2;1;
55171;202200035751;750 236;A01;1;33;0;2;3;0;1;
55172;202200035751;750 237;B01;1;7;0;2;1;12;1;
55173;202200035752;750 234;Z01;2;0;0;2;1;1;0;
55174;202200035752;750 235;B01;2;1;0;2;4;15;5;
55175;202200035753;750 231;A01;1;30;0;2;1;9;1;
55176;202200035753;750 233;B01;3;1;0;2;8;1;5;
55177;202200035754;750 230;B01;2;1;0;2;1;26;5;
55178;202200035754;750 232;A01;1;7;0;2;1;15;1;
55179;202200035755;750 227;B01;3;30;0;2;1;1;1;
55180;202200035755;750 229;A01;3;7;0;2;1;15;1;
55181;202200035756;750 226;B01;3;33;0;2;3;1;1;
55182;202200035756;750 228;A01;3;7;0;2;3;11;1;
55183;202200035757;750 225;A01;1;7;0;0;8;14;1;
55184;202200035758;750 223;B01;1;50;0;2;1;2;3;
55185;202200035758;750 224;A01;1;10;0;2;7;2;1;
55186;202200035759;750 222;A01;1;7;0;1;2;1;1;
55187;202200035760;750 220;A01;2;31;0;2;1;2;1;
55188;202200035760;750 221;B01;2;7;0;2;4;2;1;
55189;202200035761;750 218;B01;2;7;0;2;1;1;1;
55190;202200035761;750 219;A01;1;7;0;2;1;13;1;
55191;202200035762;750 215;C01;1;17;0;2;1;1;1;
55192;202200035762;750 216;B01;2;33;0;2;4;1;1;
55193;202200035762;750 217;A01;2;7;0;2;1;1;1;
55194;202200035763;750 212;A01;0;37;0;1;2;2;2;1.0
55195;202200035764;750 213;B01;2;7;0;9;3;2;1;
55196;202200035764;750 214;A01;2;30;0;2;7;2;1;
55197;202200035766;750 207;A01;0;99;0;2;1;1;3;
55198;202200035766;750 208;B01;0;7;0;2;2;1;1;
55199;202200035767;750 205;A01;1;33;0;2;1;1;1;
55200;202200035767;750 206;B01;1;7;0;2;7;9;1;
55201;202200035768;750 203;B01;2;33;0;2;2;1;1;
55202;202200035768;750 204;A01;1;7;0;2;5;10;1;
55203;202200035769;750 201;A01;-1;7;0;2;2;1;1;
55204;202200035769;750 202;B01;-1;1;0;2;1;19;5;
55205;202200035770;750 199;A01;1;7;0;0;3;24;1;
55206;202200035770;750 200;B01;0;7;0;1;1;1;1;
55207;202200035771;750 197;B01;2;10;1;0;1;1;1;
55208;202200035771;750 198;A01;2;7;0;2;4;1;1;
55209;202200035772;750 196;A01;1;10;0;1;1;16;1;
55210;202200035773;750 194;B01;2;1;0;2;6;11;5;
55211;202200035773;750 195;A01;2;30;0;2;2;1;1;
55212;202200035775;750 192;A01;1;33;0;1;3;1;1;
55213;202200035776;750 190;B01;3;1;0;4;7;1;5;
55214;202200035776;750 191;A01;2;39;0;2;1;1;3;
55215;202200035777;750 187;A01;2;37;0;2;1;2;1;1.0
55216;202200035777;750 188;B01;2;7;0;2;1;2;1;
55217;202200035777;750 189;C01;2;7;0;2;4;2;1;
55218;202200035778;750 185;B01;3;7;0;2;2;1;1;
55219;202200035778;750 186;A01;3;30;0;2;1;1;1;
55220;202200035780;750 181;B01;3;3;0;0;0;0;0;
55221;202200035780;750 182;A01;3;32;0;2;3;13;0;
55222;202200035782;750 178;A01;1;43;1;0;1;1;1;
55223;202200035783;750 176;A01;2;7;0;2;2;15;1;
55224;202200035783;750 177;B01;1;34;0;2;1;8;0;
55225;202200035784;750 175;A01;3;32;6;0;7;14;1;
55226;202200035785;750 173;B01;1;32;0;2;1;1;1;
55227;202200035785;750 174;A01;1;7;0;2;4;12;1;
55228;202200035787;750 170;A01;1;14;0;1;4;20;0;
55229;202200035788;750 168;A01;3;7;0;2;1;1;1;
55230;202200035788;750 169;B01;3;34;0;2;3;5;1;
55231;202200035789;750 166;A01;1;1;0;2;2;0;5;
55232;202200035789;750 167;B01;1;50;0;2;2;0;3;
55233;202200035790;750 164;A01;3;99;0;2;4;4;1;
55234;202200035790;750 165;B01;3;7;1;2;7;1;1;
55235;202200035791;750 163;A01;1;1;1;2;1;1;5;
55236;202200035792;750 161;B01;1;7;0;2;4;2;1;
55237;202200035792;750 162;A01;1;7;0;2;1;2;1;
55238;202200035793;750 159;B01;3;1;0;2;1;19;5;
55239;202200035793;750 160;A01;2;7;0;9;2;1;1;
55240;202200035794;750 157;A01;3;2;0;2;1;5;1;
55241;202200035794;750 158;B01;3;7;0;2;1;1;1;
55242;202200035795;750 156;A01;2;7;3;0;2;2;1;
55243;202200035796;750 154;B01;0;7;0;2;8;19;1;
55244;202200035796;750 155;A01;0;7;0;2;1;1;2;
55245;202200035798;750 151;A01;1;33;0;0;0;17;1;
55246;202200035800;750 147;C01;2;10;0;2;2;2;1;
55247;202200035800;750 148;A01;2;99;0;0;4;1;1;
55248;202200035801;750 145;A01;1;10;0;2;3;13;1;
55249;202200035801;750 146;B01;2;17;0;2;3;1;1;
55250;202200035802;750 143;B01;1;2;0;2;1;1;1;
55251;202200035802;750 144;A01;1;13;0;0;7;19;1;
55252;202200035804;750 140;A01;1;33;16;0;0;1;1;
55253;202200035805;750 138;A01;1;7;0;2;2;23;1;
55254;202200035805;750 139;B01;2;7;13;2;0;14;1;
55255;202200035806;750 136;A01;1;2;0;2;1;13;1;
55256;202200035806;750 137;B01;2;7;0;2;1;1;6;
55257;202200035807;750 135;A01;0;1;15;0;0;0;5;
55258;202200035808;750 134;A01;2;7;2;0;1;2;1;
55259;202200035809;750 132;B01;2;50;0;2;3;0;3;
55260;202200035809;750 133;A01;1;7;0;2;0;0;1;
55261;202200035810;750 130;A01;3;7;0;2;8;9;1;
55262;202200035810;750 131;B01;1;13;0;2;1;1;1;
55263;202200035812;750 126;A01;1;7;0;9;2;1;1;
55264;202200035812;750 127;B01;1;1;0;2;1;15;5;
55265;202200035813;750 125;A01;1;7;0;1;1;1;1;
55266;202200035814;750 123;B01;1;31;0;2;1;1;1;
55267;202200035814;750 124;A01;2;10;0;2;5;19;1;
55268;202200035815;750 122;A01;2;7;13;0;2;1;1;
55269;202200035816;750 120;A01;2;31;0;2;1;2;1;
55270;202200035816;750 121;B01;2;10;0;2;4;15;1;
55271;202200035817;750 118;A01;2;7;0;2;1;1;1;
55272;202200035817;750 119;B01;1;15;0;2;3;1;1;
55273;202200035818;750 117;A01;3;10;0;1;8;1;1;
55274;202200035819;750 115;A01;3;7;0;0;3;15;1;
55275;202200035819;750 116;B01;3;36;0;2;1;15;1;
55276;202200035820;750 113;A01;0;7;0;2;1;19;1;
55277;202200035820;750 114;B01;0;2;0;2;1;1;1;
55278;202200035821;750 111;A01;2;7;0;2;8;19;1;
55279;202200035821;750 112;B01;1;7;0;2;1;1;1;
55280;202200035822;750 108;A01;2;7;3;0;3;1;1;
55281;202200035822;750 109;B01;1;7;5;0;3;1;1;
55282;202200035823;750 106;A01;1;7;0;2;3;11;1;
55283;202200035823;750 107;B01;2;33;0;2;1;1;1;
55284;202200035825;750 104;A01;1;33;12;0;3;1;1;
55285;202200035826;750 102;B01;1;2;0;2;0;0;1;
55286;202200035826;750 103;A01;1;13;0;2;2;0;1;
55287;202200035827;750 100;A01;2;7;0;2;1;2;1;
55288;202200035827;750 101;B01;2;10;0;0;5;2;1;
55289;202200035829;750 096;A01;1;7;2;2;3;16;1;
55290;202200035829;750 097;B01;2;7;0;2;6;15;1;
55291;202200035830;750 094;B01;2;7;8;2;1;1;1;
55292;202200035830;750 095;A01;1;7;6;2;7;9;1;
55293;202200035831;750 093;A01;3;21;0;0;0;1;1;
55294;202200035832;750 091;A01;3;7;0;2;3;1;1;
55295;202200035832;750 092;B01;3;1;0;2;4;1;5;
55296;202200035833;750 090;A01;3;7;0;1;2;1;1;
55297;202200035834;750 088;B01;2;7;0;2;2;19;1;
55298;202200035834;750 089;A01;1;2;0;2;1;1;1;
55299;202200035835;750 087;A01;0;7;6;0;3;1;1;
55300;202200035836;750 085;B01;3;7;0;2;6;9;1;
55301;202200035836;750 086;A01;3;7;0;2;1;9;1;
55302;202200035838;750 081;B01;1;7;3;2;4;1;1;
55303;202200035838;750 082;A01;1;17;0;2;3;1;6;
55304;202200035838;750 083;C01;1;17;0;2;7;1;6;
55305;202200035840;750 076;C01;1;7;0;2;1;2;1;
55306;202200035840;750 077;B01;1;7;0;2;4;2;1;
55307;202200035840;750 078;A01;1;7;0;2;4;2;1;
55308;202200035842;750 070;A01;2;14;0;2;2;1;1;
55309;202200035842;750 071;B01;2;7;0;2;3;13;1;
55310;202200035843;750 067;C01;2;15;0;0;0;1;1;
55311;202200035843;750 068;B01;2;7;0;0;0;1;1;
55312;202200035843;750 069;A01;2;7;3;0;1;26;1;
55313;202200035844;750 065;A01;1;7;0;2;1;2;1;
55314;202200035844;750 066;B01;1;7;0;2;4;2;1;
55315;202200035845;750 064;A01;1;10;4;0;8;2;1;
55316;202200035846;750 063;A01;1;43;6;0;3;13;1;
55317;202200035847;750 061;A01;1;7;0;2;2;12;1;
55318;202200035847;750 062;B01;1;7;0;2;6;1;1;
55319;202200035848;750 059;A01;2;33;0;2;1;3;1;
55320;202200035848;750 060;B01;2;7;0;0;4;12;1;
55321;202200035849;750 057;B01;1;10;0;2;5;1;1;
55322;202200035849;750 058;A01;1;34;0;2;3;17;1;
55323;202200035850;750 055;A01;2;10;0;2;4;1;1;
55324;202200035850;750 056;B01;2;17;0;2;1;1;1;
55325;202200035851;750 053;B01;1;7;0;2;1;1;1;
55326;202200035851;750 054;A01;1;7;0;2;4;1;1;
55327;202200035852;750 051;A01;2;10;0;2;5;26;1;
55328;202200035852;750 052;B01;2;32;0;2;1;0;1;
55329;202200035853;750 049;A01;2;10;0;2;8;11;1;
55330;202200035853;750 050;B01;2;43;0;2;7;1;1;
55331;202200035855;750 045;B01;2;32;0;2;3;2;1;
55332;202200035855;750 046;A01;2;7;0;2;2;12;1;
55333;202200035857;750 038;B01;2;7;0;2;5;14;1;
55334;202200035857;750 039;A01;2;33;0;2;1;1;1;
55335;202200035858;750 035;B01;2;7;0;2;4;1;2;
55336;202200035858;750 036;C01;2;10;0;2;1;1;1;
55337;202200035858;750 037;A01;2;10;0;2;4;1;1;
55338;202200035859;750 034;A01;2;7;4;0;6;13;1;
55339;202200035860;750 032;B01;2;31;0;2;1;2;1;
55340;202200035860;750 033;A01;2;10;0;2;5;1;1;
55341;202200035861;750 029;A01;1;2;0;2;1;1;1;
55342;202200035861;750 030;B01;1;31;0;0;4;23;1;
55343;202200035862;750 028;A01;1;7;2;0;2;1;1;
55344;202200035863;750 026;B01;1;7;0;2;3;9;1;
55345;202200035863;750 027;A01;2;33;0;2;1;1;1;
55346;202200035864;750 024;B01;1;33;0;2;3;2;1;
55347;202200035864;750 025;A01;1;7;0;2;5;12;1;
55348;202200035865;750 023;A01;2;36;9;0;1;14;1;
55349;202200035866;750 020;C01;3;7;0;2;6;1;0;
55350;202200035866;750 021;B01;3;7;0;2;1;1;1;
55351;202200035866;750 022;A01;3;7;0;2;1;5;1;
55352;202200035867;750 018;A01;3;7;0;2;3;16;1;
55353;202200035867;750 019;B01;3;1;0;2;1;5;5;
55354;202200035868;750 016;B01;2;7;0;2;1;5;1;
55355;202200035868;750 017;A01;1;7;0;2;1;5;1;
55356;202200035869;750 014;B01;2;2;0;2;1;1;1;
55357;202200035869;750 015;A01;1;13;0;2;6;15;1;
55358;202200035870;750 011;B01;3;7;0;2;3;21;1;
55359;202200035870;750 012;A01;3;10;0;2;3;21;1;
55360;202200035871;750 009;B01;3;1;0;2;3;1;5;
55361;202200035871;750 010;A01;3;7;0;2;2;0;3;
55362;202200035873;750 006;B01;1;7;0;2;5;1;1;
55363;202200035873;750 007;A01;1;7;0;2;1;1;1;
55364;202200035874;750 004;A01;1;7;0;2;6;1;0;
55365;202200035874;750 005;B01;1;33;0;2;1;1;1;
55366;202200035875;750 002;A01;2;7;0;2;1;13;1;
55367;202200035875;750 003;B01;2;31;0;2;1;1;1;
55368;202200035876;750 001;A01;0;2;0;0;8;21;1;
55369;202200035877;749 999;A01;1;7;0;2;6;9;1;
55370;202200035877;750 000;B01;2;2;0;2;1;1;1;
55371;202200035878;749 998;A01;1;7;0;1;1;15;1;
55372;202200035879;749 997;A01;1;33;15;0;1;13;1;
55373;202200035880;749 995;A01;1;7;0;2;1;2;1;
55374;202200035880;749 996;B01;1;7;0;2;4;1;1;
55375;202200035881;749 992;C01;1;10;1;2;0;0;1;
55376;202200035881;749 993;B01;1;34;0;2;8;2;1;
55377;202200035881;749 994;A01;1;7;0;2;8;15;1;
55378;202200035882;749 990;B01;1;7;0;2;1;1;1;
55379;202200035882;749 991;A01;2;7;0;2;1;13;1;
55380;202200035883;749 988;A01;2;7;0;2;2;15;0;
55381;202200035883;749 989;B01;2;32;0;2;1;1;0;
55382;202200035884;749 984;A01;2;15;0;2;1;2;1;
55383;202200035884;749 985;B01;2;10;0;2;1;2;0;
55384;202200035884;749 986;C01;2;7;0;2;4;2;1;
55385;202200035884;749 987;D01;2;7;0;2;4;2;1;
55386;202200035885;749 982;A01;1;30;0;2;1;2;1;
55387;202200035885;749 983;B01;1;13;0;2;4;2;1;
55388;202200035886;749 981;A01;1;7;0;0;2;1;1;
55389;202200035887;749 979;A01;1;7;1;2;2;14;1;
55390;202200035887;749 980;B01;2;7;0;2;6;24;1;
55391;202200035888;749 977;A01;2;7;0;2;1;1;1;
55392;202200035888;749 978;B01;2;33;0;2;3;11;1;
55393;202200035889;749 976;A01;1;2;13;0;1;1;1;
55394;202200035890;749 974;B01;1;7;0;2;3;26;1;
55395;202200035890;749 975;A01;1;31;0;2;3;26;1;
55396;202200035891;749 972;A01;1;33;0;2;3;17;1;
55397;202200035891;749 973;B01;2;37;0;2;3;24;1;1.0
55398;202200035892;749 968;B01;3;50;0;2;2;0;3;
55399;202200035892;749 969;A01;3;7;0;9;3;1;1;
55400;202200035893;749 967;A01;3;33;13;0;1;1;1;
55401;202200035896;749 963;Z01;3;50;0;1;1;25;3;
55402;202200035897;749 961;B01;3;7;0;2;2;2;1;
55403;202200035897;749 962;A01;3;7;0;2;8;20;1;
55404;202200035898;749 960;A01;3;33;0;1;1;1;1;
55405;202200035899;749 958;A01;2;7;0;2;1;2;1;
55406;202200035899;749 959;B01;2;7;0;2;4;23;1;
55407;202200035900;749 956;B01;3;7;0;2;6;1;0;
55408;202200035900;749 957;A01;3;7;0;2;2;1;0;
55409;202200035901;749 954;A01;1;33;0;2;4;16;1;
55410;202200035901;749 955;B01;1;7;12;2;2;2;1;
55411;202200035902;749 952;B01;3;7;0;2;8;1;1;
55412;202200035902;749 953;A01;3;33;0;2;3;13;1;
55413;202200035903;749 950;B01;1;2;0;0;4;2;1;
55414;202200035903;749 951;A01;1;7;0;2;2;2;1;
55415;202200035904;749 948;A01;1;10;0;2;1;13;1;
55416;202200035904;749 949;B01;2;7;0;2;1;1;1;
55417;202200035906;749 945;A01;3;33;0;0;0;1;1;
55418;202200035907;749 943;A01;1;14;0;2;3;9;1;
55419;202200035907;749 944;B01;2;33;0;2;8;15;1;
55420;202200035908;749 942;A01;1;7;2;0;3;0;1;
55421;202200035909;749 941;A01;1;7;8;0;3;1;1;
55422;202200035910;749 939;A01;1;7;0;2;3;17;1;
55423;202200035910;749 940;B01;2;33;0;2;1;1;1;
55424;202200035912;749 936;A01;2;33;0;0;0;2;1;
55425;202200035913;749 933;A01;2;7;0;2;1;13;1;
55426;202200035913;749 934;B01;1;7;0;2;1;1;1;
55427;202200035913;749 935;C01;1;7;0;2;8;21;1;
55428;202200035915;749 929;A01;1;7;13;0;3;1;1;
55429;202200035916;749 928;A01;0;31;2;0;3;0;1;
55430;202200035917;749 926;A01;2;7;0;2;3;1;1;
55431;202200035917;749 927;B01;1;7;0;2;3;1;1;
55432;202200035918;749 924;B01;2;7;3;2;6;2;1;
55433;202200035918;749 925;A01;2;7;0;2;2;11;1;
55434;202200035919;749 921;A01;2;7;0;2;7;17;1;
55435;202200035919;749 922;B01;2;7;3;2;8;1;1;
55436;202200035919;749 923;C01;2;7;3;2;8;18;1;
55437;202200035921;749 914;A01;2;7;3;2;3;13;1;
55438;202200035921;749 915;B01;2;7;0;2;7;13;1;
55439;202200035921;749 916;C01;2;15;1;2;2;13;1;
55440;202200035921;749 917;D01;2;15;0;2;2;13;1;
55441;202200035921;749 918;E01;2;7;0;2;1;21;1;
55442;202200035921;749 919;F01;2;10;0;2;5;2;1;
55443;202200035922;749 912;B01;2;10;0;2;0;0;0;
55444;202200035922;749 913;A01;2;32;0;2;0;1;1;
55445;202200035923;749 911;A01;2;15;0;1;3;0;1;
55446;202200035924;749 907;A01;2;7;0;2;4;2;1;
55447;202200035924;749 908;B01;2;10;0;2;4;2;0;
55448;202200035924;749 909;C01;2;10;0;2;1;2;0;
55449;202200035924;749 910;D01;2;7;0;0;4;2;0;
55450;202200035925;749 906;A01;0;37;0;0;0;0;1;2.0
55451;202200035927;749 903;A01;1;37;0;2;1;1;1;1.0
55452;202200035927;749 904;B01;1;7;0;2;1;1;1;
55453;202200035928;749 900;A01;2;7;0;2;8;1;1;
55454;202200035928;749 901;B01;2;7;0;2;6;1;1;
55455;202200035928;749 902;C01;1;7;0;2;6;1;1;
55456;202200035929;749 898;A01;1;7;0;2;3;13;1;
55457;202200035929;749 899;B01;2;7;0;2;1;1;1;
55458;202200035930;749 895;A01;1;7;1;0;1;1;1;
55459;202200035930;749 896;B01;1;7;0;2;4;23;1;
55460;202200035930;749 897;C01;1;7;0;0;3;23;1;
55461;202200035931;749 894;A01;1;7;4;0;3;1;1;
55462;202200035932;749 892;B01;1;1;0;2;1;1;5;
55463;202200035932;749 893;A01;2;7;0;2;1;15;1;
55464;202200035933;749 890;B01;1;7;0;2;1;1;1;
55465;202200035933;749 891;A01;2;7;7;2;7;1;1;
55466;202200035934;749 888;A01;3;7;0;2;3;13;1;
55467;202200035934;749 889;B01;3;7;0;0;3;1;1;
55468;202200035935;749 884;C01;2;7;0;2;4;0;2;
55469;202200035935;749 885;B01;2;10;0;2;1;0;1;
55470;202200035935;749 886;A01;2;7;1;0;1;0;3;
55471;202200035936;749 882;A01;2;33;0;2;1;12;1;
55472;202200035936;749 883;B01;2;10;0;2;5;12;1;
55473;202200035937;749 881;A01;1;17;0;1;1;2;1;
55474;202200035938;749 879;A01;2;7;0;2;1;1;1;
55475;202200035938;749 880;B01;2;7;0;2;6;1;1;
55476;202200035939;749 877;B01;2;37;0;2;3;1;1;6.0
55477;202200035939;749 878;A01;1;7;0;2;1;13;1;
55478;202200035940;749 875;A01;3;7;0;2;3;15;1;
55479;202200035940;749 876;B01;2;31;0;2;1;3;1;
55480;202200035941;749 873;B01;3;10;0;2;6;15;1;
55481;202200035941;749 874;A01;3;33;0;2;1;17;1;
55482;202200035942;749 872;A01;3;50;0;0;0;1;3;
55483;202200035943;749 870;A01;1;7;0;2;2;1;1;
55484;202200035943;749 871;B01;1;10;0;2;0;0;3;
55485;202200035944;749 868;A01;2;13;0;2;1;16;1;
55486;202200035944;749 869;Y01;2;1;0;2;8;19;0;
55487;202200035945;749 866;B01;3;32;0;2;1;1;1;
55488;202200035945;749 867;A01;3;7;0;2;3;9;1;
55489;202200035946;749 864;B01;1;7;0;2;1;1;1;
55490;202200035946;749 865;A01;1;7;0;2;0;1;1;
55491;202200035947;749 862;B01;3;7;0;2;1;1;3;
55492;202200035947;749 863;A01;3;10;0;2;2;1;1;
55493;202200035949;749 859;A01;1;7;0;0;1;26;6;
55494;202200035950;749 858;A01;1;7;0;1;1;1;1;
55495;202200035951;749 857;A01;1;37;0;1;5;1;1;1.0
55496;202200035952;749 856;A01;2;7;3;0;1;14;1;
55497;202200035953;749 854;A01;1;7;0;2;3;15;1;
55498;202200035953;749 855;B01;1;33;0;2;7;1;1;
55499;202200035954;749 853;A01;1;50;0;0;0;1;3;
55500;202200035955;749 850;B01;1;7;0;2;2;15;1;
55501;202200035955;749 851;A01;1;7;0;2;8;2;1;
55502;202200035956;749 848;B01;1;99;0;2;1;1;3;
55503;202200035956;749 849;A01;1;7;0;2;4;1;1;
55504;202200035957;749 846;A01;1;7;0;2;7;15;1;
55505;202200035957;749 847;B01;3;1;0;2;1;1;5;
55506;202200035958;749 844;A01;1;7;0;2;1;2;1;
55507;202200035958;749 845;B01;1;7;0;2;4;2;1;
55508;202200035959;749 842;A01;0;40;0;2;1;1;3;
55509;202200035959;749 843;B01;3;50;0;4;8;19;3;
55510;202200035960;749 841;A01;1;7;0;1;3;1;1;
55511;202200035961;749 840;A01;3;40;0;1;3;19;3;
55512;202200035962;749 837;C01;2;1;0;2;8;2;0;
55513;202200035962;749 838;B01;2;7;0;2;0;2;1;
55514;202200035962;749 839;A01;0;7;0;2;3;9;1;
55515;202200035965;749 831;B01;1;1;0;2;8;1;5;
55516;202200035965;749 832;A01;1;7;0;2;7;16;1;
55517;202200035966;749 829;A01;2;7;0;2;3;15;1;
55518;202200035966;749 830;B01;1;7;0;2;3;1;1;
55519;202200035967;749 827;B01;1;2;0;2;8;15;1;
55520;202200035967;749 828;A01;1;7;0;2;3;9;1;
55521;202200035968;749 826;A01;1;10;0;1;4;4;1;
55522;202200035969;749 825;A01;1;7;0;1;1;1;1;
55523;202200035970;749 823;A01;1;10;0;2;1;19;1;
55524;202200035970;749 824;B01;1;31;0;0;0;0;1;
55525;202200035972;749 820;A01;0;33;0;2;1;3;1;
55526;202200035972;749 821;B01;0;7;0;2;2;15;1;
55527;202200035973;749 819;A01;2;7;0;1;2;1;1;
55528;202200035974;749 818;A01;2;7;0;0;1;1;1;
55529;202200035975;749 816;B01;1;2;0;2;1;1;1;
55530;202200035975;749 817;A01;1;7;1;2;5;20;1;
55531;202200035976;749 814;B01;2;7;0;0;4;1;1;
55532;202200035976;749 815;A01;2;7;0;2;1;26;1;
55533;202200035977;749 812;A01;1;7;0;9;6;9;0;
55534;202200035977;749 813;B01;2;1;0;2;1;1;5;
55535;202200035978;749 811;A01;1;7;3;0;1;13;1;
55536;202200035979;749 809;B01;3;1;0;2;1;1;5;
55537;202200035979;749 810;A01;3;7;0;2;5;15;1;
55538;202200035980;749 807;B01;1;7;0;2;1;1;1;
55539;202200035980;749 808;A01;2;7;0;2;7;1;1;
55540;202200035981;749 805;A01;1;7;0;2;3;9;1;
55541;202200035981;749 806;B01;1;1;0;2;7;1;5;
55542;202200035982;749 803;A01;1;15;0;2;7;1;1;