;Num_Acc;id_vehicule;num_veh;senc;catv;obs;obsm;choc;manv;motor;occutc
55543;202200035982;749 804;B01;1;2;0;2;8;1;1;
55544;202200035983;749 801;B01;0;33;0;2;1;1;1;
55545;202200035983;749 802;A01;2;7;0;2;8;9;1;
55546;202200035984;749 799;B01;1;7;8;2;1;1;1;
55547;202200035984;749 800;A01;2;7;0;2;3;15;1;
55548;202200035985;749 797;B01;1;7;0;2;8;15;1;
55549;202200035985;749 798;A01;1;33;0;2;1;17;1;
55550;202200035986;749 795;A01;1;7;0;2;7;15;1;
55551;202200035986;749 796;B01;1;33;0;2;1;1;1;
55552;202200035988;749 791;B01;3;7;0;2;8;0;1;
55553;202200035988;749 792;A01;3;33;0;2;4;0;1;
55554;202200035989;749 789;B01;3;50;0;2;2;0;3;
55555;202200035989;749 790;A01;2;7;0;9;0;0;1;
55556;202200035991;749 785;A01;0;7;0;2;6;15;1;
55557;202200035991;749 786;B01;1;7;0;2;3;1;1;
55558;202200035992;749 784;A01;3;7;0;1;3;15;2;
55559;202200035994;749 782;A01;0;33;0;0;9;24;1;
55560;202200035995;749 781;A01;1;33;0;0;0;1;1;
55561;202200035997;749 777;B01;2;7;0;2;4;2;1;
55562;202200035997;749 778;A01;2;7;0;2;1;2;1;
55563;202200035998;749 776;A01;2;31;0;1;1;15;1;
55564;202200036000;749 772;A01;2;7;0;2;3;22;2;
55565;202200036000;749 773;B01;2;50;0;0;0;1;3;
55566;202200036001;749 770;B01;2;10;0;2;3;1;1;
55567;202200036001;749 771;A01;2;7;8;2;1;17;1;
55568;202200036002;749 769;A01;2;32;0;1;1;1;1;
55569;202200036003;749 768;A01;2;7;8;1;1;13;1;
55570;202200036004;749 766;A01;3;2;0;2;4;15;1;
55571;202200036004;749 767;Z01;3;10;0;2;0;15;0;
55572;202200036005;749 764;Z01;2;7;0;2;1;13;0;
55573;202200036005;749 765;A01;1;1;0;2;1;5;5;
55574;202200036006;749 762;Z01;2;30;0;2;0;1;0;
55575;202200036006;749 763;A01;2;80;0;2;1;1;3;
55576;202200036007;749 760;B01;2;30;0;2;8;18;3;
55577;202200036007;749 761;A01;2;7;0;2;5;22;2;
55578;202200036008;749 758;B01;2;1;0;2;4;2;5;
55579;202200036008;749 759;A01;2;33;0;2;1;2;1;
55580;202200036009;749 756;A01;1;7;0;2;7;16;1;
55581;202200036009;749 757;B01;1;50;0;2;8;1;3;
55582;202200036010;749 755;A01;2;7;1;0;2;14;1;
55583;202200036011;749 754;A01;1;10;8;0;1;21;3;
55584;202200036012;749 752;B01;1;33;1;2;1;17;1;
55585;202200036012;749 753;A01;1;7;0;2;3;10;2;
55586;202200036013;749 751;A01;2;7;0;1;6;26;1;
55587;202200036014;749 749;B01;0;7;0;2;6;21;1;
55588;202200036014;749 750;A01;0;31;0;2;1;0;1;
55589;202200036015;749 747;A01;1;10;0;2;1;1;1;
55590;202200036015;749 748;B01;1;1;0;2;4;3;5;
55591;202200036016;749 746;A01;2;10;1;0;3;1;1;
55592;202200036017;749 744;A01;2;7;0;2;1;2;1;
55593;202200036017;749 745;B01;2;0;0;2;4;2;0;
55594;202200036018;749 742;B01;1;10;0;0;2;2;1;
55595;202200036018;749 743;A01;1;7;0;2;4;23;1;
55596;202200036019;749 740;A01;2;7;0;9;1;21;1;
55597;202200036019;749 741;B01;2;1;0;2;4;15;5;
55598;202200036021;749 737;A01;0;7;9;0;5;1;1;
55599;202200036022;749 735;B01;0;1;1;0;0;1;5;
55600;202200036022;749 736;A01;0;13;0;2;3;22;1;
55601;202200036023;749 732;C01;3;7;0;2;4;1;1;
55602;202200036023;749 733;A01;3;7;0;2;0;0;1;
55603;202200036023;749 734;B01;3;7;0;2;0;0;1;
55604;202200036024;749 730;B01;1;7;0;2;1;15;2;
55605;202200036024;749 731;A01;1;33;0;2;1;1;1;
55606;202200036025;749 728;B01;2;7;0;2;2;0;1;
55607;202200036025;749 729;A01;2;7;0;2;3;15;1;
55608;202200036028;749 723;B01;1;10;0;2;0;0;1;
55609;202200036028;749 724;A01;1;10;0;0;4;2;1;
55610;202200036029;749 721;B01;1;1;0;2;0;0;5;
55611;202200036029;749 722;A01;1;13;0;2;1;1;1;
55612;202200036030;749 719;A01;1;30;9;2;3;5;1;
55613;202200036030;749 720;B01;2;7;0;2;3;1;1;
55614;202200036031;749 717;A01;2;7;0;2;7;11;1;
55615;202200036031;749 718;B01;2;2;0;2;8;13;1;
55616;202200036032;749 715;B01;2;13;1;0;6;2;1;
55617;202200036032;749 716;A01;2;33;0;2;3;11;1;
55618;202200036033;749 713;A01;3;7;0;2;0;15;1;
55619;202200036033;749 714;B01;3;2;0;2;0;1;1;
55620;202200036034;749 711;A01;0;7;0;2;1;1;1;
55621;202200036034;749 712;B01;0;33;0;2;0;0;1;
55622;202200036035;749 709;A01;1;43;0;2;1;1;2;
55623;202200036035;749 710;B01;3;10;0;2;5;1;1;
55624;202200036036;749 707;B01;3;7;0;2;1;1;1;
55625;202200036036;749 708;A01;3;7;0;2;1;15;1;
55626;202200036037;749 705;B01;2;10;0;9;3;1;1;
55627;202200036037;749 706;A01;2;50;0;2;1;15;3;
55628;202200036038;749 704;A01;1;7;9;1;1;9;1;
55629;202200036039;749 702;A01;2;7;0;2;6;15;2;
55630;202200036039;749 703;B01;1;50;0;2;1;1;3;
55631;202200036040;749 700;A01;1;7;0;2;1;1;1;
55632;202200036040;749 701;B01;1;32;0;0;4;16;1;
55633;202200036041;749 698;A01;3;31;0;2;4;1;1;
55634;202200036041;749 699;B01;1;7;0;2;2;1;1;
55635;202200036043;749 695;A01;1;7;0;1;2;1;1;
55636;202200036044;749 693;B01;1;7;0;2;1;2;1;
55637;202200036044;749 694;A01;2;7;0;2;5;15;1;
55638;202200036045;749 691;A01;1;7;0;2;1;13;1;
55639;202200036045;749 692;B01;2;1;0;2;8;1;5;
55640;202200036046;749 689;A01;1;33;0;2;8;18;1;
55641;202200036046;749 690;B01;1;14;0;2;5;1;1;
55642;202200036047;749 688;A01;3;10;0;1;4;4;0;
55643;202200036048;749 686;A01;2;7;0;2;7;1;1;
55644;202200036048;749 687;B01;1;21;0;2;3;1;1;
55645;202200036049;749 684;A01;1;7;0;2;1;1;1;
55646;202200036049;749 685;B01;2;7;0;2;1;5;1;
55647;202200036050;749 683;A01;3;2;15;0;1;0;1;
55648;202200036051;749 682;A01;1;7;13;0;1;1;1;
55649;202200036052;749 680;A01;2;7;0;2;1;2;1;
55650;202200036052;749 681;B01;2;7;0;2;4;2;1;
55651;202200036053;749 679;A01;3;33;7;0;1;1;1;
55652;202200036055;749 677;A01;1;31;15;0;1;26;1;
55653;202200036056;749 675;A01;3;7;0;2;8;9;1;
55654;202200036056;749 676;B01;2;10;0;2;1;1;1;
55655;202200036057;749 673;B01;2;7;13;2;1;1;2;
55656;202200036057;749 674;A01;1;7;0;2;1;19;1;
55657;202200036058;749 671;B01;1;15;0;2;6;1;1;
55658;202200036058;749 672;A01;1;7;0;2;2;21;1;
55659;202200036059;749 670;A01;2;7;13;0;1;2;1;
55660;202200036060;749 667;C01;2;7;0;2;3;1;1;
55661;202200036060;749 668;B01;1;37;0;2;1;1;4;9.0
55662;202200036060;749 669;A01;2;10;0;2;1;13;1;
55663;202200036062;749 663;B01;1;1;0;0;7;1;5;
55664;202200036062;749 664;A01;1;10;0;2;1;9;1;
55665;202200036063;749 662;A01;2;33;0;0;0;1;0;
55666;202200036064;749 659;A01;1;7;0;2;2;14;1;
55667;202200036064;749 661;B01;1;32;0;2;3;18;1;
55668;202200036065;749 658;B01;2;7;0;2;1;1;1;
55669;202200036065;749 660;A01;1;7;0;2;8;1;1;
55670;202200036066;749 656;Z01;1;50;0;2;4;2;3;
55671;202200036066;749 657;A01;2;1;0;2;1;2;5;
55672;202200036067;749 653;B01;2;7;0;2;2;1;1;
55673;202200036067;749 655;A01;1;7;0;2;2;13;1;
55674;202200036068;749 652;A01;2;7;0;2;3;15;1;
55675;202200036068;749 654;B01;1;32;0;2;8;1;3;
55676;202200036069;749 650;A01;1;7;0;2;1;1;1;
55677;202200036069;749 651;B01;0;7;0;2;1;19;1;
55678;202200036070;749 649;A01;1;3;1;0;1;14;1;
55679;202200036071;749 647;B01;3;60;0;2;7;15;5;
55680;202200036071;749 648;A01;3;7;0;2;2;9;1;
55681;202200036072;749 644;A01;2;7;13;0;2;17;1;
55682;202200036073;749 645;A01;3;50;0;2;1;16;3;
55683;202200036073;749 646;B01;1;7;0;2;3;1;2;
55684;202200036074;749 643;A01;1;7;2;0;1;1;1;
55685;202200036075;749 642;A01;1;7;1;0;1;1;2;
55686;202200036076;749 641;A01;2;7;11;0;1;0;1;
55687;202200036078;749 635;A01;3;33;0;1;1;25;1;
55688;202200036079;749 636;A01;2;7;0;2;1;2;1;
55689;202200036079;749 637;B01;2;13;0;0;4;1;1;
55690;202200036080;749 633;B01;1;50;0;2;1;7;3;
55691;202200036080;749 634;A01;2;7;0;2;1;16;1;
55692;202200036082;749 630;B01;2;80;0;2;5;1;3;
55693;202200036082;749 631;A01;2;7;0;2;5;22;2;
55694;202200036083;749 629;A01;2;7;4;0;9;0;1;
55695;202200036084;749 627;B01;1;1;0;2;1;1;5;
55696;202200036084;749 628;A01;1;80;0;2;4;15;3;
55697;202200036085;749 626;A01;1;7;0;1;2;1;1;
55698;202200036086;749 624;Z01;1;30;0;2;7;1;0;
55699;202200036086;749 625;A01;1;30;0;2;8;13;3;
55700;202200036087;749 623;A01;3;7;0;1;1;1;1;
55701;202200036088;749 620;A01;1;10;0;2;7;12;1;
55702;202200036088;749 622;B01;1;33;0;2;3;1;1;
55703;202200036089;749 619;B01;3;10;0;2;3;0;1;
55704;202200036089;749 621;A01;0;7;0;2;1;0;1;
55705;202200036090;749 617;A01;1;10;0;2;2;15;1;
55706;202200036090;749 618;B01;1;33;0;2;1;1;1;
55707;202200036091;749 614;A01;1;7;0;2;7;1;1;
55708;202200036091;749 616;B01;1;15;0;2;1;1;1;
55709;202200036092;749 613;B01;2;31;0;2;1;3;1;
55710;202200036092;749 615;A01;2;7;0;2;8;15;1;
55711;202200036093;749 610;B01;1;7;0;2;1;1;1;
55712;202200036093;749 612;A01;3;1;0;2;1;1;5;
55713;202200036094;749 609;B01;1;1;0;2;1;2;5;
55714;202200036094;749 611;A01;1;7;0;2;1;15;0;
55715;202200036095;749 607;A01;1;7;0;2;3;1;1;
55716;202200036095;749 608;B01;2;7;0;2;3;1;0;
55717;202200036096;749 606;A01;0;7;12;1;0;1;1;
55718;202200036097;749 603;A01;1;10;0;1;1;1;1;
55719;202200036099;749 601;B01;2;7;0;0;8;15;1;
55720;202200036099;749 602;A01;2;34;0;2;1;17;1;
55721;202200036100;749 598;B01;1;7;0;2;2;1;1;
55722;202200036100;749 599;Z01;2;7;0;2;5;20;0;
55723;202200036101;749 597;B01;1;2;0;2;1;1;1;
55724;202200036101;749 600;A01;1;7;0;2;7;19;1;
55725;202200036103;749 593;A01;2;33;0;2;1;1;1;
55726;202200036103;749 595;B01;1;7;0;0;6;19;1;
55727;202200036104;749 589;A01;2;7;0;2;3;15;0;
55728;202200036104;749 592;B01;2;30;0;2;1;17;0;
55729;202200036105;749 588;A01;3;7;0;2;4;15;1;
55730;202200036105;749 590;B01;3;7;0;2;1;1;1;
55731;202200036105;749 591;C01;3;7;0;2;1;1;1;
55732;202200036106;749 586;B01;2;33;0;2;8;1;1;
55733;202200036106;749 587;A01;1;7;0;2;2;15;1;
55734;202200036107;749 585;A01;3;33;12;0;0;1;1;
55735;202200036108;749 582;A01;0;7;4;2;1;1;1;
55736;202200036108;749 584;B01;0;7;0;0;4;2;1;
55737;202200036109;749 581;A01;1;33;0;2;1;2;1;
55738;202200036109;749 583;B01;1;17;0;0;7;16;1;
55739;202200036110;749 579;A01;0;7;0;2;1;1;1;
55740;202200036110;749 580;B01;0;7;0;2;1;15;1;
55741;202200036111;749 578;A01;1;7;0;1;3;1;1;
55742;202200036113;749 575;B01;1;2;0;2;1;17;1;
55743;202200036113;749 576;A01;1;10;0;0;6;2;1;
55744;202200036114;749 572;A01;1;7;0;2;6;11;1;
55745;202200036114;749 574;B01;1;2;0;2;1;1;1;
55746;202200036115;749 571;B01;2;7;0;2;1;17;1;
55747;202200036115;749 573;A01;2;7;0;2;4;26;1;
55748;202200036116;749 568;A01;1;10;0;2;6;0;1;
55749;202200036116;749 570;B01;1;32;0;2;2;2;1;
55750;202200036117;749 567;B01;1;7;0;2;3;1;1;
55751;202200036117;749 569;A01;2;7;0;2;3;1;1;
55752;202200036118;749 564;B01;3;38;0;2;3;1;3;1.0
55753;202200036118;749 566;A01;3;99;0;2;2;9;0;
55754;202200036119;749 559;A01;2;33;0;2;3;26;1;
55755;202200036119;749 561;B01;2;7;0;2;2;1;1;
55756;202200036120;749 560;Z01;1;0;0;2;3;13;0;
55757;202200036120;749 562;A01;1;30;0;2;5;2;1;
55758;202200036123;749 550;A01;2;7;0;0;7;1;2;
55759;202200036123;749 552;B01;1;33;0;2;8;13;1;
55760;202200036124;749 551;C01;3;7;0;0;0;0;1;
55761;202200036124;749 553;B01;3;7;0;2;6;1;1;
55762;202200036124;749 557;A01;3;7;0;2;1;1;1;
55763;202200036125;749 548;A01;1;7;0;0;8;1;1;
55764;202200036125;749 549;B01;1;33;0;2;7;12;1;
55765;202200036126;749 547;A01;0;7;0;1;1;1;1;
55766;202200036127;749 545;A01;2;7;0;2;1;1;1;
55767;202200036127;749 546;B01;2;7;0;2;4;1;1;
55768;202200036128;749 543;A01;2;7;0;2;8;26;1;
55769;202200036128;749 544;B01;1;32;0;2;1;1;1;
55770;202200036129;749 541;B01;1;34;0;2;2;1;1;
55771;202200036129;749 542;A01;2;7;0;2;1;0;0;
55772;202200036130;749 539;A01;3;1;0;2;1;21;5;
55773;202200036130;749 540;B01;3;7;0;2;3;16;1;
55774;202200036131;749 537;B01;1;7;0;2;4;23;2;
55775;202200036131;749 538;A01;1;34;0;2;1;1;1;
55776;202200036132;749 536;A01;2;7;6;0;1;1;1;
55777;202200036134;749 534;A01;3;7;0;1;3;1;2;
55778;202200036135;749 533;A01;0;7;0;1;1;1;1;
55779;202200036136;749 532;A01;1;7;2;0;1;1;1;
55780;202200036137;749 530;A01;1;7;0;2;2;15;1;
55781;202200036137;749 531;B01;2;7;0;2;3;1;1;
55782;202200036141;749 525;A01;1;7;0;0;0;17;1;
55783;202200036142;749 524;A01;1;33;0;1;1;2;1;
55784;202200036143;749 523;A01;2;7;2;0;1;0;1;
55785;202200036144;749 522;A01;1;7;2;0;1;14;1;
55786;202200036145;749 520;A01;0;7;0;2;1;11;2;
55787;202200036145;749 521;B01;0;7;0;2;1;1;1;
55788;202200036146;749 518;B01;2;43;0;2;3;1;1;
55789;202200036146;749 519;A01;2;7;0;2;5;15;1;
55790;202200036147;749 517;A01;1;7;1;0;1;1;1;
55791;202200036148;749 515;B01;1;7;0;2;1;1;1;
55792;202200036148;749 516;A01;2;7;0;2;1;13;1;
55793;202200036149;749 513;A01;3;7;0;1;4;20;1;
55794;202200036150;749 512;A01;1;33;0;0;0;21;1;
55795;202200036151;749 510;B01;2;7;3;2;8;1;0;
55796;202200036151;749 511;A01;1;7;13;2;8;1;1;
55797;202200036152;749 509;A01;1;7;8;0;3;1;1;
55798;202200036153;749 508;A01;2;7;8;0;3;2;1;
55799;202200036154;749 505;C01;2;7;0;2;1;1;1;
55800;202200036154;749 506;B01;2;7;0;2;1;1;1;
55801;202200036154;749 507;A01;1;7;0;2;1;13;1;
55802;202200036155;749 503;B01;1;32;0;2;1;1;1;
55803;202200036155;749 504;A01;2;7;0;2;8;10;1;
55804;202200036156;749 499;B01;1;1;0;2;3;1;5;
55805;202200036156;749 500;A01;1;7;0;9;5;17;1;
55806;202200036157;749 497;A01;1;7;0;2;1;1;1;
55807;202200036157;749 498;B01;2;7;0;2;7;19;1;
55808;202200036158;749 496;A01;1;7;2;0;1;13;1;
55809;202200036159;749 494;A01;1;7;0;2;6;4;0;
55810;202200036159;749 495;B01;1;7;6;2;7;1;1;
55811;202200036160;749 492;A01;1;10;0;2;1;19;1;
55812;202200036160;749 493;B01;2;7;0;0;3;15;1;
55813;202200036161;749 491;A01;2;7;13;0;1;0;1;
55814;202200036162;749 489;A01;1;10;0;9;7;2;1;
55815;202200036162;749 490;B01;1;1;0;2;8;2;5;
55816;202200036163;749 487;B01;1;10;0;0;1;1;1;
55817;202200036163;749 488;A01;1;7;0;0;4;1;1;
55818;202200036164;749 486;A01;1;7;0;1;3;1;1;
55819;202200036165;749 482;B01;1;10;0;0;1;1;1;
55820;202200036165;749 483;A01;1;7;0;0;4;1;1;
55821;202200036166;749 480;B01;2;7;0;2;3;1;1;
55822;202200036166;749 481;A01;1;7;0;2;1;17;1;
55823;202200036168;749 476;A01;1;10;0;2;1;0;1;
55824;202200036168;749 477;B01;1;7;0;2;4;23;1;
55825;202200036169;749 475;A01;3;37;0;1;3;13;1;1.0
55826;202200036170;749 474;A01;1;38;16;0;2;23;1;1.0
55827;202200036171;749 473;A01;3;10;0;1;1;1;1;
55828;202200036172;749 472;A01;2;7;6;0;3;1;1;
55829;202200036174;749 468;A01;1;7;0;2;1;2;1;
55830;202200036174;749 470;B01;1;15;0;2;3;2;1;
55831;202200036175;749 467;A01;2;33;0;2;1;1;1;
55832;202200036175;749 469;B01;1;1;0;2;8;1;5;
55833;202200036176;749 464;B01;1;7;0;2;4;2;1;
55834;202200036176;749 466;A01;1;10;0;2;3;2;1;
55835;202200036177;749 463;A01;2;10;0;2;3;16;1;
55836;202200036177;749 465;B01;2;7;0;2;1;1;2;
55837;202200036178;749 461;A01;3;33;12;0;2;9;1;
55838;202200036179;749 460;B01;1;34;0;2;0;1;3;
55839;202200036179;749 462;A01;3;1;0;2;0;19;5;
55840;202200036180;749 458;B01;0;7;0;2;1;1;1;
55841;202200036180;749 459;A01;0;14;0;0;8;20;1;
55842;202200036181;749 456;A01;1;7;4;0;2;14;1;
55843;202200036182;749 457;A01;3;7;6;0;1;2;1;
55844;202200036183;749 451;A01;1;7;0;2;4;1;2;
55845;202200036183;749 453;B01;1;10;0;2;4;2;1;
55846;202200036183;749 455;C01;1;10;0;2;1;2;1;
55847;202200036184;749 452;B01;0;2;0;2;4;12;1;
55848;202200036184;749 454;A01;0;7;0;2;1;1;1;
55849;202200036186;749 446;A01;2;3;0;2;1;15;1;
55850;202200036186;749 447;B01;2;32;0;2;5;17;1;
55851;202200036187;749 444;A01;1;10;0;2;1;2;1;
55852;202200036187;749 445;B01;1;7;0;2;4;1;3;
55853;202200036188;749 443;A01;2;0;0;1;0;2;0;
55854;202200036189;749 441;A01;2;7;4;2;7;12;1;
55855;202200036189;749 442;B01;2;7;0;2;3;1;1;
55856;202200036190;749 440;A01;1;7;8;0;1;1;1;
55857;202200036191;749 439;A01;2;7;9;2;1;21;1;
55858;202200036192;749 438;A01;3;1;12;0;1;9;5;
55859;202200036194;749 434;B01;1;10;0;2;1;1;1;
55860;202200036194;749 435;A01;2;1;0;2;7;1;5;
55861;202200036195;749 432;B01;1;15;0;2;7;1;1;
55862;202200036195;749 433;A01;1;7;0;2;8;1;1;
55863;202200036196;749 429;A01;1;10;0;2;2;11;0;
55864;202200036196;749 430;B01;1;33;0;2;3;3;0;
55865;202200036197;749 427;A01;2;33;4;0;7;1;1;
55866;202200036198;749 428;B01;1;2;0;2;2;2;1;
55867;202200036198;749 431;A01;1;7;0;2;3;2;1;
55868;202200036199;749 426;A01;1;32;0;1;7;18;1;
55869;202200036200;749 425;A01;1;7;6;0;3;13;1;
55870;202200036202;749 423;A01;1;33;17;0;1;0;1;
55871;202200036203;749 421;A01;-1;10;0;1;-1;1;-1;
55872;202200036204;749 420;A01;2;33;0;2;1;16;1;
55873;202200036204;749 422;B01;1;10;0;2;3;26;1;
55874;202200036205;749 418;B01;1;7;4;2;7;1;1;
55875;202200036205;749 419;A01;2;7;4;2;2;5;0;
55876;202200036206;749 417;A01;2;7;0;0;6;1;1;
55877;202200036207;749 415;B01;1;7;0;2;4;1;2;
55878;202200036207;749 416;A01;1;10;0;2;1;2;1;
55879;202200036208;749 413;B01;2;10;9;2;3;1;1;
55880;202200036208;749 414;A01;3;7;2;2;2;9;1;
55881;202200036209;749 412;A01;2;33;14;0;1;12;1;
55882;202200036210;749 410;B01;2;2;0;2;1;1;1;
55883;202200036210;749 411;A01;2;7;0;2;6;16;1;
55884;202200036211;749 407;A01;2;7;0;2;3;9;1;
55885;202200036211;749 409;B01;1;33;0;2;1;21;1;
55886;202200036212;749 408;A01;1;7;0;1;1;1;1;
55887;202200036213;749 404;A01;2;7;16;0;9;1;1;
55888;202200036214;749 405;A01;1;7;0;2;3;11;1;
55889;202200036214;749 406;B01;1;2;0;2;2;16;1;
55890;202200036215;749 402;A01;1;7;2;0;1;1;0;
55891;202200036217;749 399;B01;2;33;0;2;1;1;1;
55892;202200036217;749 400;A01;1;33;0;2;1;17;1;
55893;202200036219;749 396;A01;2;7;0;2;1;13;1;
55894;202200036219;749 398;B01;1;7;0;2;1;1;1;
55895;202200036220;749 393;A01;0;7;0;0;2;1;1;
55896;202200036220;749 394;B01;3;1;0;2;1;1;5;
55897;202200036221;749 392;Z01;1;7;0;2;2;1;1;
55898;202200036221;749 395;A01;1;7;0;2;5;1;1;
55899;202200036222;749 391;A01;0;7;6;0;1;16;1;
55900;202200036223;749 390;Z01;2;7;0;1;1;1;2;
55901;202200036224;749 389;A01;2;7;2;0;1;17;1;
55902;202200036225;749 386;B01;1;33;0;2;1;1;1;
55903;202200036225;749 388;A01;1;7;0;2;8;10;1;
55904;202200036226;749 385;B01;1;7;0;2;4;1;1;
55905;202200036226;749 387;A01;1;7;0;2;1;1;1;
55906;202200036227;749 384;A01;1;17;3;0;3;13;1;
55907;202200036229;749 381;B01;1;50;0;2;1;1;3;
55908;202200036229;749 383;A01;3;7;0;2;1;16;3;
55909;202200036230;749 379;B01;1;7;0;2;1;1;1;
55910;202200036230;749 380;A01;2;7;0;2;1;5;1;
55911;202200036231;749 377;B01;3;50;0;2;8;19;3;
55912;202200036231;749 378;A01;3;7;0;2;2;1;1;
55913;202200036234;749 370;B01;2;50;0;2;7;7;3;
55914;202200036234;749 372;A01;2;7;0;2;7;17;1;
55915;202200036235;749 368;A01;2;7;0;2;7;15;1;
55916;202200036235;749 369;B01;1;7;0;2;1;1;1;
55917;202200036235;749 371;C01;2;7;0;2;1;15;1;
55918;202200036236;749 367;A01;1;10;0;0;0;1;1;
55919;202200036237;749 365;A01;1;7;0;2;1;1;1;
55920;202200036237;749 366;B01;1;7;0;0;4;1;1;
55921;202200036238;749 364;A01;1;10;0;1;8;1;1;
55922;202200036239;749 362;A01;1;1;0;1;1;1;5;
55923;202200036241;749 356;B01;1;7;0;2;4;1;1;
55924;202200036241;749 358;A01;1;30;0;2;1;1;1;
55925;202200036242;749 354;A01;1;7;0;9;2;16;1;
55926;202200036242;749 359;B01;1;1;0;2;3;1;5;
55927;202200036243;749 355;A01;2;7;0;2;8;10;1;
55928;202200036243;749 357;B01;2;32;0;2;1;1;1;
55929;202200036244;749 353;A01;2;7;0;1;1;1;1;
55930;202200036245;749 351;B01;1;21;0;0;3;13;1;
55931;202200036245;749 352;A01;2;10;13;0;3;1;1;
55932;202200036246;749 349;A01;2;7;0;1;1;16;2;
55933;202200036247;749 346;B01;2;7;0;2;1;1;1;
55934;202200036247;749 347;A01;1;7;0;2;1;13;1;
55935;202200036248;749 344;A01;1;14;0;1;5;16;1;
55936;202200036249;749 341;A01;1;99;0;1;3;21;0;
55937;202200036250;749 340;A01;1;33;0;2;1;1;1;
55938;202200036250;749 343;B01;1;7;0;2;4;1;1;
55939;202200036251;749 339;B01;2;7;1;2;2;0;1;
55940;202200036251;749 342;A01;1;7;1;2;3;0;1;
55941;202200036252;749 338;A01;2;7;15;0;1;1;1;
55942;202200036253;749 337;A01;3;7;0;1;1;1;1;
55943;202200036254;749 336;A01;1;7;0;1;3;15;1;
55944;202200036255;749 334;A01;1;7;0;1;5;26;1;
55945;202200036256;749 331;A01;1;30;0;2;1;26;1;
55946;202200036256;749 333;B01;1;7;0;2;2;15;1;
55947;202200036257;749 328;A01;3;1;0;2;1;19;5;
55948;202200036257;749 329;B01;0;7;0;2;1;15;1;
55949;202200036258;749 327;B01;2;33;0;2;1;13;1;
55950;202200036258;749 330;A01;1;7;0;2;3;1;1;
55951;202200036259;749 326;A01;1;7;0;1;2;2;1;
55952;202200036260;749 325;A01;1;7;0;1;1;1;1;
55953;202200036262;749 321;B01;-1;1;0;2;8;2;5;
55954;202200036262;749 322;A01;-1;7;0;2;2;17;1;
55955;202200036263;749 318;A01;1;7;0;2;1;2;1;
55956;202200036263;749 320;B01;1;2;0;0;4;2;1;
55957;202200036264;749 315;A01;1;2;0;2;8;16;1;
55958;202200036264;749 317;B01;2;7;0;2;3;1;1;
55959;202200036265;749 316;C01;2;10;13;2;1;21;1;
55960;202200036265;749 319;B01;2;7;0;2;1;1;1;
55961;202200036265;749 324;A01;1;7;0;2;1;13;1;
55962;202200036266;749 314;B01;1;0;0;1;1;1;0;
55963;202200036267;749 312;A01;1;7;0;2;1;1;1;
55964;202200036267;749 313;B01;2;80;0;2;5;19;3;
55965;202200036269;749 309;A01;1;7;0;2;3;13;1;
55966;202200036269;749 311;B01;2;7;0;2;1;1;1;
55967;202200036270;749 306;A01;1;7;0;2;1;1;1;
55968;202200036270;749 308;C01;1;7;0;0;4;1;1;
55969;202200036270;749 310;B01;1;7;0;2;4;1;1;
55970;202200036271;749 303;B01;2;7;0;2;8;1;1;
55971;202200036271;749 305;A01;1;7;0;2;1;15;1;
55972;202200036272;749 304;A01;1;7;16;9;8;1;1;
55973;202200036273;749 302;A01;2;50;0;1;1;1;3;
55974;202200036274;749 300;A01;2;2;0;0;2;1;3;
55975;202200036275;749 299;A01;1;7;0;1;3;1;1;
55976;202200036276;749 298;A01;1;10;0;2;7;12;1;
55977;202200036276;749 301;B01;1;30;0;2;8;2;1;
55978;202200036277;749 295;A01;1;10;2;0;1;14;1;
55979;202200036278;749 294;A01;2;7;0;1;5;15;1;
55980;202200036279;749 296;B01;1;1;0;2;1;1;5;
55981;202200036279;749 297;A01;1;10;0;9;0;16;0;
55982;202200036280;749 291;B01;1;30;0;0;5;2;1;
55983;202200036280;749 293;A01;1;7;0;2;3;2;1;
55984;202200036281;749 290;A01;1;7;0;1;3;1;1;
55985;202200036282;749 289;A01;1;7;0;2;1;15;1;
55986;202200036282;749 292;B01;1;32;0;2;1;1;1;
55987;202200036283;749 286;A01;1;7;0;2;6;15;1;
55988;202200036283;749 288;B01;2;2;0;2;1;1;1;
55989;202200036284;749 284;A01;1;7;0;2;5;4;1;
55990;202200036284;749 287;B01;1;50;0;2;8;1;3;
55991;202200036285;749 285;A01;3;7;0;1;1;15;1;
55992;202200036286;749 282;A01;1;50;1;0;1;1;3;
55993;202200036286;749 283;B01;1;10;0;2;7;23;1;
55994;202200036287;749 281;A01;1;7;0;1;2;1;1;
55995;202200036288;749 280;A01;3;7;0;1;2;9;1;
55996;202200036289;749 277;B01;3;7;0;2;2;15;1;
55997;202200036289;749 279;A01;3;33;0;2;1;3;1;
55998;202200036290;749 278;A01;1;7;4;0;2;14;1;
55999;202200036291;749 275;B01;0;21;0;2;0;0;0;
56000;202200036291;749 276;A01;1;7;0;2;8;9;1;
56001;202200036292;749 273;A01;2;7;1;0;2;14;1;
56002;202200036292;749 274;B01;0;7;1;0;6;0;2;
56003;202200036293;749 272;A01;1;7;0;1;1;1;1;