;Num_Acc;id_vehicule;num_veh;senc;catv;obs;obsm;choc;manv;motor;occutc
56004;202200036294;749 268;B01;2;30;0;2;1;1;3;
56005;202200036294;749 270;A01;2;7;0;2;1;19;1;
56006;202200036295;749 267;B01;2;7;3;0;5;23;1;
56007;202200036295;749 271;A01;2;7;0;2;3;1;1;
56008;202200036296;749 266;B01;2;1;0;2;7;1;5;
56009;202200036296;749 269;A01;2;17;0;2;1;16;1;
56010;202200036297;749 265;A01;1;34;0;1;1;2;1;
56011;202200036298;749 262;B01;1;7;0;2;5;1;1;
56012;202200036298;749 264;A01;2;33;4;2;0;1;1;
56013;202200036299;749 261;A01;2;7;13;0;9;16;1;
56014;202200036301;749 258;A01;2;7;8;0;2;1;1;
56015;202200036302;749 257;B01;1;60;0;0;3;19;5;
56016;202200036302;749 259;A01;1;37;0;2;2;1;1;1.0
56017;202200036303;749 255;A01;0;3;1;0;3;1;1;
56018;202200036304;749 254;B01;1;7;0;2;3;1;1;
56019;202200036304;749 256;A01;1;7;0;2;1;13;1;
56020;202200036305;749 253;A01;1;2;0;0;0;1;1;
56021;202200036306;749 251;B01;1;7;0;0;4;0;1;
56022;202200036306;749 252;A01;1;10;0;2;1;1;1;
56023;202200036308;749 248;B01;1;31;0;0;8;1;1;
56024;202200036308;749 249;A01;2;7;0;2;3;1;1;
56025;202200036309;749 246;B01;1;31;0;2;1;1;1;
56026;202200036309;749 247;A01;2;7;0;0;5;15;1;
56027;202200036310;749 242;A01;2;7;0;2;1;26;1;
56028;202200036310;749 243;B01;2;32;0;2;4;1;1;
56029;202200036311;749 240;A01;1;50;0;1;8;13;3;
56030;202200036312;749 237;B01;0;7;0;0;3;1;1;
56031;202200036312;749 239;A01;0;7;0;2;3;1;1;
56032;202200036313;749 236;A01;2;7;0;1;1;1;1;
56033;202200036314;749 232;A01;1;7;4;0;9;12;1;
56034;202200036315;749 231;A01;2;0;0;1;0;0;0;
56035;202200036316;749 230;E01;3;7;0;0;7;24;1;
56036;202200036316;749 233;D01;3;7;0;0;4;24;1;
56037;202200036316;749 234;C01;3;7;0;0;1;24;1;
56038;202200036316;749 235;B01;3;7;1;0;2;24;1;
56039;202200036316;749 238;A01;0;7;0;2;2;1;1;
56040;202200036317;749 229;A01;1;7;15;0;1;14;1;
56041;202200036319;749 223;A01;1;7;0;2;7;9;1;
56042;202200036319;749 225;B01;1;7;0;2;3;1;1;
56043;202200036320;749 221;B01;1;36;0;2;0;11;0;
56044;202200036320;749 224;A01;1;7;0;2;3;2;1;
56045;202200036321;749 222;A01;3;7;0;2;3;1;1;
56046;202200036321;749 226;B01;3;99;0;2;0;0;3;
56047;202200036322;749 220;Z01;3;7;0;1;8;1;1;
56048;202200036323;749 218;A01;1;7;0;2;1;2;1;
56049;202200036323;749 219;B01;1;32;0;2;4;2;1;
56050;202200036324;749 215;B01;2;30;0;2;3;7;1;
56051;202200036324;749 217;A01;2;7;0;2;7;7;1;
56052;202200036325;749 214;A01;2;7;13;0;3;13;1;
56053;202200036326;749 216;A01;1;32;12;0;0;1;1;
56054;202200036327;749 212;A01;2;7;0;1;2;1;1;
56055;202200036328;749 210;A01;1;33;6;0;0;1;1;
56056;202200036329;749 209;A01;0;7;2;0;1;1;1;
56057;202200036330;749 208;A01;1;7;2;0;8;17;1;
56058;202200036331;749 207;A01;1;7;15;0;1;1;1;
56059;202200036332;749 205;A01;2;7;2;0;8;1;1;
56060;202200036333;749 200;A01;2;7;0;2;3;13;1;
56061;202200036333;749 201;B01;1;7;0;2;3;1;1;
56062;202200036334;749 199;B01;2;7;0;2;2;15;1;
56063;202200036334;749 202;A01;1;33;0;2;1;1;1;
56064;202200036335;749 196;A01;0;2;0;2;0;1;1;
56065;202200036335;749 197;B01;0;7;0;2;2;1;1;
56066;202200036336;749 195;B01;2;7;0;0;3;1;1;
56067;202200036336;749 198;A01;1;33;0;0;1;1;1;
56068;202200036337;749 193;B01;1;80;0;2;7;1;5;
56069;202200036337;749 194;A01;1;7;0;2;1;9;1;
56070;202200036338;749 192;A01;2;7;2;0;3;0;1;
56071;202200036339;749 188;B01;2;17;0;2;3;1;1;
56072;202200036339;749 190;A01;2;7;0;2;7;16;1;
56073;202200036340;749 187;B01;1;7;0;0;1;1;1;
56074;202200036340;749 191;A01;1;10;6;2;7;19;1;
56075;202200036341;749 186;A01;2;3;0;2;3;13;1;
56076;202200036341;749 189;B01;1;7;0;2;3;1;1;
56077;202200036342;749 184;A01;2;33;3;0;8;2;1;
56078;202200036343;749 183;B01;1;2;0;2;8;1;1;
56079;202200036343;749 185;A01;1;7;0;2;2;16;1;
56080;202200036344;749 182;A01;2;7;6;0;9;1;1;
56081;202200036345;749 181;A01;0;2;13;0;1;16;1;
56082;202200036346;749 179;A01;0;7;13;0;1;15;1;
56083;202200036348;749 176;A01;1;2;13;0;1;1;1;
56084;202200036349;749 175;A01;2;7;0;2;1;13;1;
56085;202200036349;749 177;B01;1;7;0;2;1;1;1;
56086;202200036350;749 174;A01;3;7;0;1;1;1;1;
56087;202200036352;749 171;B01;1;2;0;2;7;17;1;
56088;202200036352;749 172;A01;1;2;0;2;8;1;1;
56089;202200036353;749 169;A01;1;7;0;1;3;1;1;
56090;202200036354;749 165;A01;0;32;0;0;0;1;1;
56091;202200036355;749 163;C01;0;10;0;2;1;1;1;
56092;202200036355;749 164;E01;0;7;0;2;1;1;1;
56093;202200036355;749 167;D01;0;7;0;2;1;1;1;
56094;202200036355;749 168;B01;0;7;0;2;1;0;1;
56095;202200036355;749 170;A01;0;7;0;2;1;1;1;
56096;202200036356;749 162;B01;1;7;14;2;1;23;2;
56097;202200036356;749 166;A01;1;7;14;2;1;2;1;
56098;202200036358;749 157;A01;1;7;3;2;3;13;1;
56099;202200036358;749 159;B01;2;15;0;2;3;1;1;
56100;202200036359;749 156;A01;2;7;13;0;3;13;1;
56101;202200036360;749 155;A01;1;14;2;0;1;13;1;
56102;202200036361;749 154;A01;3;14;0;1;1;15;1;
56103;202200036363;749 151;A01;2;7;13;0;1;1;1;
56104;202200036364;749 148;B01;3;7;0;2;3;1;1;
56105;202200036364;749 150;A01;3;7;8;2;1;1;1;
56106;202200036365;749 145;A01;2;7;0;1;1;1;1;
56107;202200036366;749 143;A01;2;7;0;2;1;1;1;
56108;202200036366;749 146;B01;2;7;0;0;4;23;1;
56109;202200036366;749 149;C01;2;10;0;0;4;23;1;
56110;202200036368;749 140;A01;0;21;0;0;0;1;1;
56111;202200036369;749 135;A01;0;7;0;2;3;13;1;
56112;202200036369;749 137;B01;1;7;0;2;3;1;1;
56113;202200036369;749 139;C01;0;7;0;2;3;1;1;
56114;202200036369;749 142;D01;1;7;0;2;3;1;1;
56115;202200036370;749 130;A01;1;10;0;2;1;1;1;
56116;202200036370;749 132;B01;1;10;0;2;4;2;1;
56117;202200036370;749 134;C01;1;7;0;2;4;2;1;
56118;202200036370;749 136;D01;1;7;0;2;4;2;1;
56119;202200036370;749 138;E01;1;7;0;2;4;2;3;
56120;202200036370;749 141;F01;1;7;0;0;4;2;1;
56121;202200036371;749 129;A01;2;7;0;1;2;0;1;
56122;202200036372;749 127;A01;1;7;0;0;5;1;3;
56123;202200036373;749 126;B01;2;60;0;2;1;5;5;
56124;202200036373;749 128;A01;1;7;0;9;2;15;1;
56125;202200036374;749 124;A01;1;30;0;2;1;1;1;
56126;202200036374;749 125;B01;2;7;0;2;8;1;1;
56127;202200036375;749 123;A01;2;33;0;0;3;1;1;
56128;202200036376;749 119;A01;2;7;13;0;0;17;1;
56129;202200036378;749 118;C01;1;7;0;2;4;2;1;
56130;202200036378;749 121;B01;1;7;0;2;9;2;1;
56131;202200036378;749 122;A01;1;7;0;2;1;2;1;
56132;202200036379;749 116;A01;2;30;0;0;7;26;1;
56133;202200036380;749 115;B01;2;33;0;2;1;1;1;
56134;202200036380;749 117;A01;0;7;0;2;5;15;1;
56135;202200036381;749 114;A01;2;7;13;0;1;13;1;
56136;202200036383;749 110;A01;1;7;0;2;1;14;1;
56137;202200036383;749 113;B01;1;7;0;2;6;1;1;
56138;202200036384;749 109;B01;2;7;0;2;3;26;1;
56139;202200036384;749 112;A01;2;32;0;2;2;23;1;
56140;202200036385;749 108;A01;2;7;2;0;1;1;1;
56141;202200036386;749 105;A01;1;1;0;2;1;13;5;
56142;202200036386;749 107;B01;2;1;0;2;1;1;5;
56143;202200036387;749 104;B01;2;7;0;2;5;1;1;
56144;202200036387;749 106;A01;3;7;6;2;3;15;1;
56145;202200036388;749 103;A01;3;7;0;1;1;0;1;
56146;202200036389;749 102;A01;3;7;8;0;1;1;1;
56147;202200036391;749 099;A01;2;7;0;1;3;1;1;
56148;202200036392;749 098;A01;3;33;0;0;2;1;1;
56149;202200036393;749 097;A01;1;2;0;0;0;0;1;
56150;202200036394;749 095;A01;3;37;0;1;3;1;1;1.0
56151;202200036395;749 089;B01;3;10;7;2;7;1;1;
56152;202200036395;749 093;A01;3;7;0;2;1;1;1;
56153;202200036396;749 090;Z01;1;33;0;2;1;15;1;
56154;202200036396;749 092;A01;1;50;0;2;0;1;3;
56155;202200036397;749 088;A01;2;7;0;2;1;2;1;
56156;202200036397;749 091;B01;2;7;0;2;4;2;1;
56157;202200036397;749 094;C01;2;7;0;2;1;2;1;
56158;202200036397;749 096;D01;2;7;0;2;4;2;1;
56159;202200036398;749 086;B01;0;7;0;2;3;1;1;
56160;202200036398;749 087;A01;2;10;0;2;7;1;1;
56161;202200036399;749 083;A01;3;2;0;2;8;1;1;
56162;202200036399;749 085;B01;3;10;0;2;2;1;1;
56163;202200036400;749 082;B01;1;7;0;2;8;1;1;
56164;202200036400;749 084;A01;1;30;0;2;7;3;1;
56165;202200036401;749 081;A01;2;7;6;0;1;1;1;
56166;202200036402;749 078;A01;1;7;2;0;3;0;1;
56167;202200036403;749 077;B01;2;30;0;2;8;1;1;
56168;202200036403;749 080;A01;2;30;0;2;7;17;1;
56169;202200036404;749 076;A01;1;80;0;2;2;1;3;
56170;202200036404;749 079;Z01;0;7;0;2;3;13;1;
56171;202200036405;749 075;A01;1;7;13;0;3;13;1;
56172;202200036407;749 072;A01;1;32;0;2;1;1;1;
56173;202200036407;749 074;B01;1;7;0;2;4;23;1;
56174;202200036408;749 069;A01;3;7;0;9;3;15;1;
56175;202200036408;749 070;B01;3;1;0;2;1;1;6;
56176;202200036409;749 065;B01;3;7;0;2;6;1;3;
56177;202200036409;749 067;A01;3;7;0;2;2;13;2;
56178;202200036410;749 064;B01;1;99;0;0;8;0;3;
56179;202200036410;749 068;A01;2;7;0;2;1;1;0;
56180;202200036411;749 063;A01;2;7;0;2;3;15;1;
56181;202200036411;749 066;B01;1;1;0;2;3;1;5;
56182;202200036412;749 060;A01;2;1;0;2;1;1;5;
56183;202200036412;749 062;B01;2;7;0;2;4;1;1;
56184;202200036413;749 059;A01;2;38;0;1;1;1;1;1.0
56185;202200036414;749 058;B01;3;43;0;2;3;0;1;
56186;202200036414;749 061;A01;3;10;0;2;0;0;1;
56187;202200036415;749 054;Z01;1;7;0;2;1;1;2;
56188;202200036415;749 057;A01;1;7;0;2;4;1;1;
56189;202200036416;749 052;A01;0;7;0;2;2;2;2;
56190;202200036416;749 056;B01;0;7;0;0;4;2;1;
56191;202200036417;749 053;B01;1;33;0;2;5;0;1;
56192;202200036417;749 055;A01;1;33;1;0;1;9;1;
56193;202200036418;749 050;A01;2;7;2;0;4;1;1;
56194;202200036419;749 049;B01;1;10;0;2;5;2;1;
56195;202200036419;749 051;A01;1;7;6;0;1;20;1;
56196;202200036420;749 047;A01;1;7;0;2;1;17;1;
56197;202200036420;749 048;B01;2;0;0;2;1;1;1;
56198;202200036421;749 045;A01;1;2;0;0;4;23;1;
56199;202200036421;749 046;B01;1;14;0;2;3;1;1;
56200;202200036422;749 042;A01;2;7;8;0;1;1;1;
56201;202200036424;749 041;A01;3;7;0;1;2;1;1;
56202;202200036425;749 039;A01;2;37;0;2;1;26;1;2.0
56203;202200036425;749 040;B01;2;7;0;2;4;26;1;
56204;202200036426;749 037;A01;2;7;0;1;3;1;1;
56205;202200036427;749 036;B01;2;31;0;2;1;1;1;
56206;202200036427;749 038;A01;2;7;0;2;3;15;1;
56207;202200036428;749 034;A01;3;7;0;1;1;15;1;
56208;202200036429;749 033;A01;1;7;4;2;1;1;1;
56209;202200036429;749 035;B01;2;7;0;2;6;1;2;
56210;202200036430;749 031;B01;0;10;0;2;8;23;1;
56211;202200036430;749 032;A01;3;7;0;2;3;15;1;
56212;202200036431;749 029;A01;3;50;0;1;1;1;3;
56213;202200036432;749 028;Z01;1;10;0;2;2;11;1;
56214;202200036432;749 030;B01;1;7;4;2;8;1;1;
56215;202200036433;749 025;A01;3;7;0;2;1;5;1;
56216;202200036433;749 027;B01;3;7;0;2;1;1;1;
56217;202200036434;749 024;A01;1;7;1;0;2;1;2;
56218;202200036435;749 023;B01;2;7;3;2;8;2;1;
56219;202200036435;749 026;A01;2;20;3;2;7;14;1;
56220;202200036436;749 019;B01;1;10;0;2;4;1;1;
56221;202200036436;749 022;A01;1;43;0;2;1;1;1;
56222;202200036437;749 020;A01;1;14;0;1;7;16;0;
56223;202200036439;749 017;A01;2;17;0;2;2;12;1;
56224;202200036439;749 018;B01;2;7;0;2;8;1;1;
56225;202200036440;749 016;A01;1;7;0;1;3;0;1;
56226;202200036441;749 014;B01;1;7;0;2;3;9;1;
56227;202200036441;749 015;A01;2;1;0;2;1;25;5;
56228;202200036442;749 011;B01;1;32;0;2;2;14;1;
56229;202200036442;749 013;A01;1;7;0;2;6;13;3;
56230;202200036443;749 010;A01;1;3;0;2;3;15;1;
56231;202200036443;749 012;B01;2;2;0;2;1;17;3;
56232;202200036444;749 009;A01;2;33;0;0;6;1;1;
56233;202200036445;749 005;A01;1;15;0;2;7;17;1;
56234;202200036445;749 007;B01;1;33;0;2;8;1;1;
56235;202200036446;749 004;C01;2;7;0;2;4;2;2;
56236;202200036446;749 006;A01;2;7;0;2;1;2;1;
56237;202200036446;749 008;B01;2;7;0;2;4;2;1;
56238;202200036447;749 001;A01;1;7;16;0;1;2;1;
56239;202200036448;749 000;A01;0;7;0;2;3;12;1;
56240;202200036448;749 003;B01;3;33;0;2;1;1;1;
56241;202200036449;748 999;A01;1;32;0;2;3;0;1;
56242;202200036449;749 002;B01;2;7;0;0;0;0;1;
56243;202200036451;748 991;A01;0;7;0;2;1;9;1;
56244;202200036451;748 993;B01;2;32;0;2;7;1;1;
56245;202200036452;748 992;C01;1;7;0;2;0;0;1;
56246;202200036452;748 995;B01;1;7;0;2;7;15;1;
56247;202200036452;748 997;A01;2;7;0;2;1;5;1;
56248;202200036453;748 989;B01;1;7;0;2;4;0;0;
56249;202200036453;748 990;A01;1;7;0;2;1;2;1;
56250;202200036455;748 985;A01;2;1;0;2;3;18;5;
56251;202200036455;748 987;B01;2;33;0;2;5;23;1;
56252;202200036456;748 983;B01;2;43;0;2;7;3;1;
56253;202200036456;748 986;A01;2;10;0;2;8;11;1;
56254;202200036457;748 980;A01;1;7;4;2;7;0;1;
56255;202200036457;748 981;B01;1;7;0;2;8;1;1;
56256;202200036458;748 979;A01;1;33;0;2;8;14;1;
56257;202200036458;748 982;Z01;1;7;0;9;1;11;0;
56258;202200036459;748 976;B01;2;43;0;2;3;3;1;
56259;202200036459;748 978;A01;2;7;0;2;5;12;1;
56260;202200036460;748 974;C01;1;33;0;2;1;1;1;
56261;202200036460;748 975;B01;1;7;0;2;3;1;1;
56262;202200036460;748 977;A01;2;7;0;2;3;13;1;
56263;202200036461;748 973;A01;1;10;8;0;1;1;1;
56264;202200036462;748 972;A01;1;7;2;0;8;1;1;
56265;202200036463;748 971;A01;3;7;0;1;5;4;1;
56266;202200036465;748 966;A01;1;10;0;2;1;2;1;
56267;202200036465;748 967;B01;1;3;3;0;4;2;1;
56268;202200036466;748 964;A01;3;10;0;0;3;0;1;
56269;202200036467;748 965;B01;2;50;0;2;0;0;3;
56270;202200036467;748 968;A01;2;7;0;2;0;1;1;
56271;202200036468;748 961;B01;2;10;0;2;8;15;1;
56272;202200036468;748 963;A01;2;7;0;2;2;17;1;
56273;202200036469;748 962;A01;0;7;1;0;3;13;1;
56274;202200036470;748 960;A01;2;7;15;0;3;1;1;
56275;202200036471;748 957;A01;1;7;2;0;2;0;1;
56276;202200036472;748 955;B01;1;15;0;0;4;2;1;
56277;202200036472;748 958;A01;1;17;0;2;1;2;1;
56278;202200036473;748 952;A01;1;33;1;0;1;14;1;
56279;202200036474;748 950;C01;2;7;2;0;1;21;1;
56280;202200036474;748 951;B01;2;7;0;2;3;13;1;
56281;202200036474;748 954;A01;1;7;0;2;3;1;1;
56282;202200036475;748 947;B01;2;10;0;0;4;1;1;
56283;202200036475;748 948;A01;2;7;0;2;1;2;1;
56284;202200036476;748 946;B01;3;33;0;2;0;0;1;
56285;202200036476;748 949;A01;-1;7;0;2;1;0;6;
56286;202200036477;748 944;A01;2;7;0;2;1;15;1;
56287;202200036477;748 945;B01;1;33;0;2;1;1;1;
56288;202200036478;748 943;A01;3;7;2;0;8;1;1;
56289;202200036479;748 941;A01;2;7;2;0;0;1;1;
56290;202200036480;748 940;B01;0;7;0;0;3;1;1;
56291;202200036480;748 942;A01;0;7;0;2;3;13;1;
56292;202200036481;748 938;B01;2;7;0;2;1;1;1;
56293;202200036481;748 939;A01;1;7;0;2;3;13;1;
56294;202200036482;748 937;A01;2;7;2;0;9;1;1;
56295;202200036484;748 933;A01;2;7;6;0;3;16;1;
56296;202200036485;748 934;A01;1;7;0;1;1;15;1;
56297;202200036486;748 930;A01;0;7;0;2;1;1;1;
56298;202200036486;748 932;B01;3;7;0;2;8;15;1;
56299;202200036487;748 929;B01;2;50;0;2;1;1;3;
56300;202200036487;748 931;A01;1;7;0;2;2;9;1;
56301;202200036488;748 928;A01;1;7;0;1;2;2;1;
56302;202200036489;748 927;A01;1;36;0;0;7;26;1;
56303;202200036490;748 925;A01;1;7;0;2;1;2;1;
56304;202200036490;748 926;B01;1;7;0;2;4;2;1;
56305;202200036491;748 924;A01;1;7;7;0;9;1;1;
56306;202200036492;748 923;A01;2;7;0;1;2;15;1;
56307;202200036493;748 921;A01;1;7;0;2;1;2;1;
56308;202200036493;748 922;B01;1;7;0;2;4;15;1;
56309;202200036494;748 918;A01;3;7;0;0;0;1;1;
56310;202200036496;748 913;B01;2;1;0;2;0;15;5;
56311;202200036496;748 916;A01;2;7;0;9;7;16;1;
56312;202200036497;748 915;A01;1;7;0;2;2;15;1;
56313;202200036497;748 919;B01;2;33;0;2;2;1;1;
56314;202200036498;748 912;A01;1;7;0;2;5;15;1;
56315;202200036498;748 914;B01;1;2;0;2;3;1;1;
56316;202200036499;748 907;A01;2;7;0;0;5;1;1;
56317;202200036499;748 910;B01;2;33;1;0;1;2;1;
56318;202200036500;748 905;A01;1;7;0;0;2;1;1;
56319;202200036501;748 906;A01;1;7;0;2;1;2;1;
56320;202200036501;748 909;B01;1;10;0;2;4;2;1;
56321;202200036501;748 911;C01;1;7;0;2;4;2;1;
56322;202200036503;748 903;A01;2;7;2;0;1;0;1;
56323;202200036504;748 895;B01;2;7;0;2;5;15;1;
56324;202200036504;748 899;A01;1;34;0;2;1;1;1;
56325;202200036505;748 896;C01;1;10;0;2;1;1;1;
56326;202200036505;748 900;B01;2;7;0;2;8;1;1;
56327;202200036505;748 902;A01;2;7;0;2;1;15;1;
56328;202200036506;748 897;A01;1;50;13;1;1;26;3;
56329;202200036507;748 893;A01;1;10;0;2;1;2;1;
56330;202200036507;748 894;B01;1;7;0;2;4;2;1;
56331;202200036507;748 898;C01;1;17;0;2;0;2;1;
56332;202200036507;748 901;D01;1;7;0;2;0;0;1;
56333;202200036508;748 891;A01;1;3;0;1;2;0;1;
56334;202200036509;748 889;A01;2;7;13;0;1;1;1;
56335;202200036510;748 888;A01;2;7;0;2;3;9;1;
56336;202200036510;748 890;B01;1;99;0;2;7;1;3;
56337;202200036512;748 886;A01;1;7;0;2;3;2;1;
56338;202200036512;748 887;B01;1;7;0;2;5;2;1;
56339;202200036513;748 881;A01;1;7;4;0;3;2;1;
56340;202200036515;748 880;B01;1;32;0;2;1;2;1;
56341;202200036515;748 883;A01;1;7;0;2;4;4;1;
56342;202200036516;748 876;A01;2;7;0;9;1;9;1;
56343;202200036516;748 877;B01;2;1;0;2;7;1;5;
56344;202200036517;748 873;A01;1;7;6;2;1;19;1;
56345;202200036517;748 878;B01;1;10;0;2;8;1;1;
56346;202200036518;748 874;A01;1;30;15;0;1;0;1;
56347;202200036519;748 872;C01;2;7;0;2;3;0;1;
56348;202200036519;748 875;B01;1;7;0;2;7;1;1;
56349;202200036519;748 879;A01;1;7;0;2;8;18;1;
56350;202200036520;748 870;A01;0;34;4;0;7;0;1;
56351;202200036521;748 869;A01;1;2;0;2;1;15;1;
56352;202200036521;748 871;B01;1;10;0;2;2;17;1;
56353;202200036522;748 867;B01;2;2;0;2;1;1;1;
56354;202200036522;748 868;A01;1;7;0;2;3;15;1;
56355;202200036523;748 863;B01;1;7;0;2;6;2;1;
56356;202200036523;748 866;A01;1;7;0;2;2;2;1;
56357;202200036524;748 864;A01;3;7;14;1;5;4;1;
56358;202200036525;748 858;A01;1;43;0;0;0;1;1;
56359;202200036526;748 860;A01;2;7;0;2;3;1;1;
56360;202200036526;748 862;B01;2;7;0;2;6;2;1;
56361;202200036527;748 857;A01;2;7;0;2;6;2;1;
56362;202200036527;748 859;B01;2;31;0;2;1;3;1;
56363;202200036528;748 854;A01;2;7;2;0;1;1;1;
56364;202200036529;748 852;A01;1;7;4;0;2;14;1;
56365;202200036530;748 850;A01;1;7;0;2;4;1;0;
56366;202200036530;748 853;B01;1;7;0;2;4;1;1;
56367;202200036530;748 856;C01;1;7;0;2;1;2;1;
56368;202200036531;748 851;A01;2;7;0;2;7;14;1;
56369;202200036531;748 855;B01;2;1;0;2;8;2;5;
56370;202200036532;748 849;A01;1;7;0;1;2;1;1;
56371;202200036533;748 846;A01;2;3;0;2;5;2;1;
56372;202200036533;748 847;B01;2;33;0;2;1;3;1;
56373;202200036534;748 843;Z01;2;2;0;1;1;1;1;
56374;202200036535;748 845;Z01;1;0;0;2;1;0;0;
56375;202200036535;748 848;A01;1;7;4;2;4;2;1;
56376;202200036536;748 842;B01;0;32;0;2;7;1;1;
56377;202200036536;748 844;A01;3;7;0;2;2;15;1;
56378;202200036537;748 841;A01;1;43;7;0;1;1;1;
56379;202200036538;748 838;A01;3;7;0;1;1;15;1;
56380;202200036540;748 834;B01;2;7;0;2;1;2;1;
56381;202200036540;748 835;A01;2;7;0;2;4;2;1;
56382;202200036541;748 833;B01;1;7;0;2;6;11;1;
56383;202200036541;748 837;A01;1;31;1;0;1;1;1;
56384;202200036541;748 840;C01;1;33;0;2;1;1;1;
56385;202200036542;748 831;B01;2;38;0;2;3;15;1;1.0
56386;202200036542;748 832;A01;1;10;0;2;3;1;1;
56387;202200036543;748 826;B01;1;43;0;2;1;2;1;
56388;202200036543;748 829;A01;1;10;0;2;4;2;1;
56389;202200036544;748 825;B01;3;2;0;2;1;17;1;
56390;202200036544;748 827;A01;3;7;0;2;6;15;1;
56391;202200036545;748 828;A01;3;7;0;2;3;20;1;
56392;202200036545;748 830;B01;3;33;0;2;1;1;1;
56393;202200036546;748 824;A01;3;7;13;0;2;1;1;
56394;202200036547;748 818;C01;1;7;0;2;1;2;1;
56395;202200036547;748 821;B01;1;7;0;2;1;13;1;
56396;202200036547;748 823;A01;1;7;0;2;4;2;1;
56397;202200036548;748 816;B01;3;7;0;2;3;1;1;
56398;202200036548;748 822;A01;3;30;0;2;1;1;1;
56399;202200036549;748 819;A01;1;7;0;1;1;1;1;
56400;202200036550;748 815;C01;3;7;0;0;4;23;1;
56401;202200036550;748 817;B01;3;7;0;2;4;23;1;
56402;202200036550;748 820;A01;3;7;0;2;1;2;1;
56403;202200036551;748 812;A01;2;7;16;0;9;1;1;
56404;202200036553;748 810;A01;1;7;0;9;2;16;1;
56405;202200036553;748 813;B01;1;50;0;2;1;15;3;
56406;202200036554;748 809;A01;1;7;0;1;1;15;1;
56407;202200036555;748 807;A01;1;10;4;0;1;1;1;
56408;202200036556;748 805;A01;3;7;0;2;1;16;1;
56409;202200036556;748 808;B01;2;2;0;2;7;1;1;
56410;202200036557;748 802;B01;1;10;0;2;1;1;1;
56411;202200036557;748 806;A01;2;7;0;2;8;19;1;
56412;202200036558;748 798;A01;3;2;0;2;5;15;1;
56413;202200036558;748 801;B01;3;7;0;2;2;1;1;
56414;202200036559;748 797;A01;1;7;0;2;1;1;1;
56415;202200036559;748 800;B01;1;7;0;2;8;0;1;
56416;202200036559;748 803;C01;1;7;0;2;4;1;1;
56417;202200036560;748 799;A01;2;7;0;1;1;1;1;
56418;202200036560;748 804;B01;2;7;0;2;2;26;1;
56419;202200036562;748 793;A01;1;7;0;2;1;15;1;
56420;202200036562;748 796;B01;2;33;0;2;1;1;1;
56421;202200036563;748 792;A01;2;7;0;0;4;23;2;
56422;202200036563;748 794;B01;2;14;0;2;1;2;1;
56423;202200036564;748 789;A01;2;10;0;2;1;5;1;
56424;202200036564;748 790;B01;1;7;0;2;1;1;1;
56425;202200036565;748 788;A01;3;50;0;0;0;0;3;
56426;202200036566;748 787;A01;1;7;0;2;1;15;1;
56427;202200036566;748 791;B01;2;80;0;2;7;2;3;
56428;202200036567;748 784;A01;2;7;0;2;3;1;1;
56429;202200036567;748 786;B01;2;7;0;2;5;1;1;
56430;202200036568;748 782;B01;1;7;0;2;4;2;1;
56431;202200036568;748 785;A01;1;7;0;2;1;2;1;
56432;202200036569;748 781;A01;3;7;0;1;4;4;1;
56433;202200036570;748 779;A01;1;33;3;0;8;1;1;
56434;202200036571;748 778;A01;1;7;0;2;8;11;1;
56435;202200036571;748 780;B01;1;17;0;2;2;1;1;
56436;202200036572;748 776;A01;1;7;0;2;3;9;1;
56437;202200036572;748 783;B01;2;31;0;2;1;1;1;
56438;202200036573;748 773;A01;2;7;0;2;1;1;1;
56439;202200036573;748 777;B01;2;50;0;2;4;1;3;
56440;202200036575;748 768;A01;1;7;0;2;1;9;1;
56441;202200036575;748 772;B01;1;7;0;2;1;26;1;
56442;202200036575;748 774;C01;1;7;0;2;1;1;1;
56443;202200036576;748 767;B01;1;32;0;2;6;11;1;
56444;202200036576;748 771;A01;1;7;0;2;2;1;1;
56445;202200036577;748 769;A01;2;30;14;0;8;1;1;
56446;202200036578;748 765;A01;1;7;0;2;3;2;1;
56447;202200036578;748 766;B01;1;7;6;2;5;2;1;
56448;202200036578;748 770;C01;1;7;14;0;8;2;1;
56449;202200036579;748 760;B01;2;1;0;2;0;1;5;
56450;202200036579;748 763;A01;2;1;14;2;0;1;5;
56451;202200036580;748 757;C01;1;7;0;2;1;1;1;
56452;202200036580;748 761;B01;1;7;3;2;6;1;1;
56453;202200036580;748 764;A01;1;17;0;2;1;14;1;
56454;202200036581;748 756;A01;1;10;1;1;3;19;1;
56455;202200036582;748 759;B01;1;7;0;2;4;1;1;
56456;202200036582;748 762;A01;1;7;0;2;1;1;1;
56457;202200036583;748 754;A01;2;33;0;2;1;3;1;
56458;202200036583;748 755;B01;2;7;0;2;4;1;1;
56459;202200036585;748 751;A01;1;7;0;2;1;1;1;
56460;202200036585;748 753;B01;1;7;0;2;2;19;1;
56461;202200036586;748 747;A01;3;7;6;0;2;15;1;
56462;202200036587;748 745;C01;1;10;0;2;4;1;1;
56463;202200036587;748 748;B01;1;7;4;2;4;1;1;
56464;202200036587;748 749;A01;1;7;0;2;1;1;1;