;Num_Acc;id_vehicule;num_veh;senc;catv;obs;obsm;choc;manv;motor;occutc
56465;202200036588;748 744;B01;2;7;0;2;4;2;1;
56466;202200036588;748 750;A01;2;10;0;2;1;2;1;
56467;202200036589;748 746;A01;1;7;0;1;7;1;1;
56468;202200036590;748 743;A01;1;7;5;0;9;1;1;
56469;202200036592;748 739;A01;1;7;4;0;0;1;1;
56470;202200036593;748 741;A01;3;7;0;0;0;1;1;
56471;202200036594;748 738;B01;1;2;0;2;3;1;1;
56472;202200036594;748 740;A01;2;7;0;2;1;15;1;
56473;202200036595;748 736;B01;2;7;0;2;1;1;1;
56474;202200036595;748 737;A01;2;7;0;1;2;1;1;
56475;202200036596;748 735;A01;2;33;0;1;1;26;1;
56476;202200036597;748 732;A01;2;7;4;0;1;1;1;
56477;202200036598;748 731;A01;3;33;0;2;6;23;1;
56478;202200036598;748 734;Z01;3;7;0;2;1;2;1;
56479;202200036599;748 729;B01;2;60;0;2;8;1;5;
56480;202200036599;748 733;Z01;2;7;0;2;7;14;1;
56481;202200036600;748 728;B01;1;7;0;2;3;15;1;
56482;202200036600;748 730;A01;2;2;0;2;3;1;1;
56483;202200036601;748 725;B01;1;33;0;2;8;1;1;
56484;202200036601;748 727;A01;1;7;0;2;0;0;1;
56485;202200036602;748 720;B01;3;33;0;2;1;1;1;
56486;202200036602;748 724;A01;3;7;0;2;8;9;1;
56487;202200036603;748 718;A01;2;7;0;2;1;2;2;
56488;202200036603;748 721;B01;2;7;0;2;4;2;1;
56489;202200036604;748 716;C01;1;10;0;2;4;1;0;
56490;202200036604;748 719;B01;1;10;0;2;1;2;1;
56491;202200036604;748 723;A01;1;10;0;2;1;2;1;
56492;202200036606;748 715;A01;2;7;0;2;3;1;1;
56493;202200036607;748 714;A01;1;7;0;1;2;9;1;
56494;202200036608;748 712;B01;1;7;0;2;4;15;1;
56495;202200036608;748 713;A01;2;31;0;2;1;2;1;
56496;202200036609;748 711;B01;1;7;0;1;2;14;1;
56497;202200036610;748 710;A01;1;7;13;0;1;13;1;
56498;202200036611;748 709;A01;1;1;0;1;1;1;5;
56499;202200036613;748 707;A01;3;7;0;0;1;2;1;
56500;202200036614;748 705;A01;1;50;0;2;7;15;3;
56501;202200036614;748 708;B01;1;7;0;2;1;1;1;
56502;202200036615;748 702;A01;3;7;0;1;3;1;1;
56503;202200036617;748 699;A01;2;30;0;2;1;1;1;
56504;202200036617;748 704;B01;2;7;0;2;7;1;1;
56505;202200036618;748 696;B01;1;1;0;2;8;2;5;
56506;202200036618;748 697;A01;1;7;0;2;7;2;1;
56507;202200036619;748 698;A01;0;7;0;2;7;15;1;
56508;202200036619;748 701;B01;0;50;0;2;0;8;3;
56509;202200036620;748 695;A01;0;40;0;1;3;1;3;
56510;202200036621;748 692;B01;1;7;0;2;8;20;1;
56511;202200036621;748 694;A01;1;2;0;2;1;2;3;
56512;202200036622;748 691;B01;2;7;0;1;2;1;1;
56513;202200036623;748 689;A01;0;7;0;1;1;21;1;
56514;202200036624;748 690;B01;3;2;0;2;1;1;1;
56515;202200036624;748 693;A01;3;7;0;2;4;1;1;
56516;202200036626;748 684;A01;3;7;0;2;2;16;1;
56517;202200036626;748 687;B01;0;1;0;2;3;1;5;
56518;202200036627;748 688;A01;1;31;0;1;1;1;1;
56519;202200036628;748 682;A01;1;7;0;0;1;1;1;
56520;202200036628;748 686;B01;1;7;0;0;3;1;1;
56521;202200036629;748 678;B01;1;37;0;2;1;1;1;2.0
56522;202200036629;748 681;A01;2;7;12;2;1;1;1;
56523;202200036630;748 677;B01;3;7;0;2;1;2;1;
56524;202200036630;748 680;A01;3;7;0;2;3;9;1;
56525;202200036631;748 679;B01;0;30;0;2;7;1;1;
56526;202200036631;748 683;A01;3;7;0;2;1;26;1;
56527;202200036632;748 671;B01;1;7;0;2;4;2;1;
56528;202200036632;748 674;A01;1;7;0;2;1;2;1;
56529;202200036633;748 670;B01;1;7;0;2;2;15;1;
56530;202200036633;748 675;A01;1;7;0;2;3;9;1;
56531;202200036634;748 673;A01;3;7;1;0;2;26;1;
56532;202200036636;748 668;A01;1;7;8;0;1;15;1;
56533;202200036637;748 666;A01;1;7;0;2;3;13;1;
56534;202200036637;748 669;B01;1;7;0;2;1;2;1;
56535;202200036638;748 667;A01;1;2;0;1;1;1;1;
56536;202200036639;748 665;A01;1;7;15;0;7;15;1;
56537;202200036640;748 664;A01;1;7;8;0;1;1;1;
56538;202200036641;748 662;A01;1;7;0;1;8;1;1;
56539;202200036644;748 658;A01;3;7;0;2;4;2;2;
56540;202200036644;748 661;B01;3;7;0;2;1;1;1;
56541;202200036645;748 657;A01;3;33;8;2;2;21;1;
56542;202200036646;748 656;A01;1;31;16;0;1;1;1;
56543;202200036647;748 651;B01;1;7;0;2;2;19;1;
56544;202200036647;748 654;A01;2;33;0;0;0;0;1;
56545;202200036648;748 652;B01;1;7;0;2;4;2;1;
56546;202200036648;748 655;A01;1;7;0;2;1;2;1;
56547;202200036649;748 650;A01;2;7;0;2;3;11;1;
56548;202200036649;748 653;B01;2;32;0;2;7;17;1;
56549;202200036650;748 646;B01;1;7;0;2;3;1;1;
56550;202200036650;748 649;A01;1;7;0;2;1;26;1;
56551;202200036652;748 644;A01;3;7;0;2;2;26;1;
56552;202200036652;748 647;B01;3;50;0;2;3;0;3;
56553;202200036653;748 641;B01;1;7;0;2;2;21;1;
56554;202200036653;748 642;A01;1;7;0;2;5;1;1;
56555;202200036655;748 635;A01;1;30;0;9;1;14;1;
56556;202200036656;748 629;A01;3;7;15;0;2;0;1;
56557;202200036657;748 631;A01;3;7;0;2;0;26;1;
56558;202200036657;748 633;B01;2;34;0;2;1;1;1;
56559;202200036658;748 630;C01;1;7;0;2;1;1;1;
56560;202200036658;748 632;B01;2;7;0;2;1;1;1;
56561;202200036658;748 637;A01;1;7;0;2;1;13;1;
56562;202200036659;748 626;B01;2;7;0;2;5;2;0;
56563;202200036659;748 628;A01;2;7;0;2;0;0;1;
56564;202200036660;748 623;B01;1;33;0;2;7;0;1;
56565;202200036660;748 627;A01;1;99;0;9;3;16;1;
56566;202200036661;748 624;A01;0;50;9;1;1;26;3;
56567;202200036662;748 622;B01;3;7;0;0;4;1;2;
56568;202200036662;748 625;A01;3;7;12;2;1;26;1;
56569;202200036663;748 619;B01;0;1;0;2;7;0;5;
56570;202200036663;748 621;A01;0;3;0;2;1;19;3;
56571;202200036664;748 620;A01;1;30;0;0;7;20;1;
56572;202200036665;748 618;A01;3;7;0;1;2;19;1;
56573;202200036666;748 617;Z01;1;7;0;1;0;2;0;
56574;202200036667;748 611;C01;3;10;0;2;4;1;1;
56575;202200036667;748 614;B01;3;7;0;2;4;1;1;
56576;202200036667;748 616;A01;3;10;0;2;1;1;1;
56577;202200036668;748 610;B01;1;7;0;2;3;1;1;
56578;202200036668;748 613;A01;1;50;0;2;2;19;3;
56579;202200036669;748 606;Z01;1;7;0;2;1;1;0;
56580;202200036669;748 609;A01;1;7;0;2;4;1;1;
56581;202200036669;748 615;B01;1;10;0;2;4;23;1;
56582;202200036670;748 604;A01;1;7;0;9;2;15;0;
56583;202200036670;748 607;B01;1;50;0;2;1;26;3;
56584;202200036671;748 602;A01;3;7;0;2;2;15;1;
56585;202200036671;748 603;B01;3;7;0;2;3;1;1;
56586;202200036672;748 598;B01;0;50;0;0;0;0;3;
56587;202200036672;748 600;A01;2;37;0;2;0;15;1;1.0
56588;202200036673;748 597;A01;2;7;0;2;1;1;1;
56589;202200036673;748 605;C01;1;7;0;2;1;9;2;
56590;202200036673;748 608;B01;2;7;0;2;2;1;1;
56591;202200036674;748 596;A01;1;33;0;2;3;1;1;
56592;202200036674;748 601;Z01;1;10;0;2;1;1;1;
56593;202200036675;748 594;B01;3;7;0;2;0;0;0;
56594;202200036675;748 595;A01;3;30;0;2;0;0;1;
56595;202200036676;748 592;A01;3;7;0;0;1;1;1;
56596;202200036677;748 589;A01;3;7;9;2;7;19;1;
56597;202200036677;748 590;B01;3;7;0;2;1;1;1;
56598;202200036677;748 593;C01;3;7;0;2;8;23;1;
56599;202200036678;748 587;A01;0;7;4;0;1;1;1;
56600;202200036679;748 588;A01;1;7;0;2;1;1;1;
56601;202200036679;748 591;B01;1;33;0;2;7;1;1;
56602;202200036680;748 584;A01;2;33;0;0;0;1;1;
56603;202200036681;748 583;A01;3;30;8;0;1;1;1;
56604;202200036682;748 585;A01;3;37;15;0;4;2;1;1.0
56605;202200036682;748 586;B01;3;2;0;2;1;0;1;
56606;202200036683;748 578;A01;1;7;0;1;1;6;1;
56607;202200036684;748 581;A01;3;7;0;2;2;16;1;
56608;202200036684;748 582;B01;3;34;0;2;6;1;1;
56609;202200036685;748 577;A01;3;10;0;2;2;15;1;
56610;202200036685;748 580;B01;3;1;0;2;1;1;5;
56611;202200036686;748 576;A01;1;7;0;2;1;2;1;
56612;202200036686;748 579;B01;1;7;0;2;4;23;1;
56613;202200036687;748 573;A01;3;32;1;0;1;5;1;
56614;202200036688;748 569;B01;1;7;0;2;5;26;1;
56615;202200036688;748 571;A01;1;30;0;2;1;26;1;
56616;202200036689;748 570;A01;2;33;0;2;3;3;1;
56617;202200036689;748 574;B01;2;7;0;2;5;23;1;
56618;202200036689;748 575;C01;2;7;0;2;6;23;1;
56619;202200036691;748 562;A01;3;7;0;2;1;1;1;
56620;202200036691;748 566;B01;3;7;0;2;4;1;1;
56621;202200036691;748 567;C01;3;7;0;2;4;1;1;
56622;202200036692;748 560;A01;2;30;0;2;1;17;3;
56623;202200036692;748 565;B01;2;7;0;2;0;0;1;
56624;202200036693;748 558;A01;1;7;0;2;1;2;1;
56625;202200036693;748 561;B01;1;33;0;2;4;2;1;
56626;202200036693;748 564;C01;1;7;0;2;4;2;1;
56627;202200036694;748 559;A01;3;7;0;2;5;15;1;
56628;202200036694;748 563;B01;3;33;0;2;1;1;1;
56629;202200036695;748 556;A01;1;7;0;1;1;26;1;
56630;202200036696;748 555;A01;3;7;0;1;3;15;1;
56631;202200036697;748 553;B01;3;7;0;2;1;1;1;
56632;202200036697;748 557;A01;3;7;6;2;7;1;1;
56633;202200036698;748 552;A01;1;50;0;2;1;5;3;
56634;202200036698;748 554;B01;2;30;0;2;3;20;1;
56635;202200036699;748 549;A01;1;99;0;2;1;26;1;
56636;202200036699;748 551;B01;2;7;0;2;1;15;1;
56637;202200036700;748 546;B01;1;50;0;2;0;19;3;
56638;202200036700;748 550;A01;1;7;0;2;0;0;0;
56639;202200036702;748 544;Z01;2;7;0;1;0;1;0;
56640;202200036703;748 540;Z01;2;32;0;2;7;1;1;
56641;202200036703;748 543;A01;2;7;0;2;8;22;1;
56642;202200036704;748 541;A01;2;7;0;2;2;15;1;
56643;202200036704;748 547;B01;2;30;0;2;1;1;3;
56644;202200036705;748 537;A01;1;7;0;2;3;15;1;
56645;202200036705;748 539;B01;2;1;0;2;7;1;5;
56646;202200036706;748 538;Z01;2;7;0;2;0;0;1;
56647;202200036706;748 542;A01;1;50;0;2;0;15;3;
56648;202200036707;748 533;A01;1;30;0;2;2;1;1;
56649;202200036707;748 536;B01;1;7;0;2;0;15;2;
56650;202200036708;748 530;B01;0;7;0;0;1;1;1;
56651;202200036708;748 534;A01;1;50;0;2;2;19;3;
56652;202200036709;748 531;A01;1;7;0;1;1;1;1;
56653;202200036710;748 532;Z01;2;7;0;2;2;22;1;
56654;202200036710;748 535;A01;2;1;1;0;8;1;5;
56655;202200036711;748 528;A01;1;1;0;2;1;1;5;
56656;202200036711;748 529;Z01;2;50;0;2;1;13;3;
56657;202200036712;748 525;A01;3;7;0;2;3;15;1;
56658;202200036712;748 526;B01;0;50;0;2;1;1;3;
56659;202200036714;748 523;A01;2;43;0;1;2;1;1;
56660;202200036715;748 522;A01;1;31;12;0;3;21;1;
56661;202200036716;748 520;A01;3;7;9;0;0;0;1;
56662;202200036717;748 518;B01;1;37;0;2;1;1;2;4.0
56663;202200036717;748 521;A01;1;1;1;1;1;1;5;
56664;202200036718;748 519;Z01;2;7;0;1;7;1;2;
56665;202200036719;748 515;B01;1;2;0;2;2;1;1;
56666;202200036719;748 517;A01;1;10;0;2;3;13;1;
56667;202200036720;748 514;B01;3;1;0;0;0;0;5;
56668;202200036720;748 516;Z01;3;7;0;0;0;0;0;
56669;202200036721;748 513;A01;1;7;0;1;1;1;1;
56670;202200036722;748 512;A01;1;7;0;1;3;1;1;
56671;202200036723;748 510;A01;3;7;0;2;1;1;1;
56672;202200036723;748 511;B01;3;1;0;2;4;1;5;
56673;202200036725;748 502;B01;1;32;0;2;5;17;0;
56674;202200036725;748 505;A01;1;10;0;2;3;13;0;
56675;202200036727;748 500;B01;2;7;0;2;0;1;1;
56676;202200036727;748 501;A01;2;30;0;2;6;1;1;
56677;202200036728;748 503;A01;1;7;0;2;1;2;1;
56678;202200036728;748 506;B01;1;7;0;2;4;2;1;
56679;202200036728;748 507;C01;1;7;0;2;0;2;1;
56680;202200036729;748 495;A01;1;7;0;2;1;20;1;
56681;202200036729;748 497;B01;1;32;0;2;7;1;1;
56682;202200036730;748 494;A01;1;7;0;2;1;11;1;
56683;202200036730;748 496;B01;1;7;0;2;7;1;1;
56684;202200036731;748 499;B01;3;2;0;2;1;1;1;
56685;202200036731;748 504;A01;2;7;0;2;2;15;1;
56686;202200036732;748 493;A01;2;7;4;0;0;1;1;
56687;202200036733;748 489;A01;2;7;1;0;3;13;1;
56688;202200036734;748 488;A01;1;7;0;2;2;15;1;
56689;202200036734;748 491;B01;1;32;0;2;1;1;1;
56690;202200036735;748 490;B01;1;2;0;2;1;5;1;
56691;202200036735;748 492;A01;2;7;0;2;1;16;1;
56692;202200036736;748 487;A01;2;30;0;1;1;1;1;
56693;202200036737;748 486;A01;2;33;2;0;1;2;1;
56694;202200036738;748 485;A01;1;43;8;0;1;1;1;
56695;202200036739;748 481;B01;1;7;0;2;1;1;1;
56696;202200036739;748 484;A01;2;7;0;2;2;1;1;
56697;202200036740;748 478;A01;1;7;0;1;1;1;1;
56698;202200036741;748 479;A01;0;10;1;0;1;20;1;
56699;202200036742;748 477;A01;1;7;0;2;3;13;1;
56700;202200036742;748 480;B01;2;7;0;2;1;1;1;
56701;202200036742;748 482;C01;2;7;0;2;3;2;1;
56702;202200036742;748 483;D01;2;37;0;2;8;2;1;1.0
56703;202200036743;748 474;B01;2;30;0;2;0;1;1;
56704;202200036743;748 476;A01;2;7;15;2;2;1;1;
56705;202200036744;748 471;A01;2;7;0;2;2;14;1;
56706;202200036744;748 475;B01;2;1;0;2;5;19;5;
56707;202200036745;748 470;A01;1;33;12;0;0;0;1;
56708;202200036745;748 473;B01;1;15;0;2;5;1;1;
56709;202200036748;748 465;A01;0;7;0;1;6;4;1;
56710;202200036749;748 464;A01;3;7;0;2;1;2;1;
56711;202200036749;748 466;B01;3;7;0;2;4;2;1;
56712;202200036750;748 462;A01;1;1;0;0;0;0;5;
56713;202200036751;748 458;B01;1;7;0;2;7;2;1;
56714;202200036751;748 460;A01;1;7;0;2;1;9;1;
56715;202200036754;748 452;A01;1;7;0;9;8;1;1;
56716;202200036754;748 455;B01;2;50;0;2;1;19;3;
56717;202200036755;748 450;A01;1;7;0;0;0;16;0;
56718;202200036755;748 451;B01;1;2;0;0;0;0;0;
56719;202200036756;748 446;B01;3;10;1;0;4;24;1;
56720;202200036756;748 448;A01;1;10;1;0;1;2;1;
56721;202200036757;748 443;A01;1;33;0;2;1;13;1;
56722;202200036757;748 457;B01;2;7;0;2;3;1;1;
56723;202200036758;748 444;B01;1;7;0;2;1;1;1;
56724;202200036758;748 445;A01;1;7;0;2;5;19;1;
56725;202200036759;748 441;Z01;1;30;0;2;1;1;1;
56726;202200036759;748 442;B01;1;1;0;2;8;1;5;
56727;202200036761;748 439;B01;2;32;0;0;3;26;1;
56728;202200036761;748 440;A01;1;7;0;2;3;15;1;
56729;202200036762;748 435;B01;1;2;0;2;1;1;1;
56730;202200036762;748 438;A01;2;7;0;2;5;15;1;
56731;202200036763;748 434;A01;1;7;15;0;2;12;1;
56732;202200036764;748 433;B01;1;50;0;2;7;1;3;
56733;202200036764;748 437;A01;0;7;0;0;0;0;1;
56734;202200036765;748 432;A01;1;30;0;2;1;1;3;
56735;202200036765;748 436;B01;3;30;0;2;3;9;1;
56736;202200036766;748 430;A01;1;0;0;1;1;0;0;
56737;202200036767;748 429;B01;2;7;0;0;3;1;1;
56738;202200036767;748 431;A01;1;7;0;2;3;17;1;
56739;202200036768;748 428;A01;3;7;0;1;1;1;1;
56740;202200036769;748 426;A01;2;7;1;0;0;14;1;
56741;202200036770;748 425;A01;2;10;0;2;3;15;1;
56742;202200036770;748 427;B01;1;2;0;2;3;1;1;
56743;202200036771;748 422;B01;1;1;0;2;7;1;5;
56744;202200036771;748 424;A01;3;7;0;2;2;19;1;
56745;202200036772;748 421;A01;2;10;0;1;3;1;1;
56746;202200036773;748 420;B01;2;7;7;2;1;1;1;
56747;202200036773;748 423;A01;1;7;0;2;7;15;1;
56748;202200036774;748 417;A01;2;2;0;0;2;1;1;
56749;202200036775;748 416;A01;0;7;0;2;1;19;1;
56750;202200036775;748 419;B01;0;37;0;2;6;19;1;1.0
56751;202200036778;748 411;A01;3;7;0;1;0;15;1;
56752;202200036779;748 410;A01;1;33;0;2;1;13;1;
56753;202200036779;748 413;B01;2;7;0;2;1;1;1;
56754;202200036781;748 409;B01;0;30;0;2;3;1;1;
56755;202200036781;748 412;A01;0;10;0;2;2;1;1;
56756;202200036783;748 406;A01;2;10;0;1;1;1;1;
56757;202200036784;748 403;A01;1;31;1;2;1;1;1;
56758;202200036784;748 405;B01;1;7;0;2;4;24;1;
56759;202200036785;748 400;A01;1;7;0;9;2;1;1;
56760;202200036785;748 404;B01;3;1;0;2;1;1;5;
56761;202200036786;748 399;A01;1;30;0;2;8;18;1;
56762;202200036786;748 402;B01;1;7;0;2;7;1;1;
56763;202200036787;748 395;A01;1;1;0;5;1;1;5;
56764;202200036789;748 393;A01;1;7;0;2;1;2;1;
56765;202200036789;748 398;B01;1;7;0;2;4;2;1;
56766;202200036789;748 401;C01;1;7;0;2;4;2;1;
56767;202200036791;748 391;A01;3;7;0;1;4;20;1;
56768;202200036792;748 386;A01;1;7;0;2;1;13;1;
56769;202200036792;748 389;B01;2;7;0;2;1;1;2;
56770;202200036793;748 387;B01;3;7;0;2;6;2;1;
56771;202200036793;748 390;A01;3;7;0;2;1;2;1;
56772;202200036795;748 384;A01;1;7;1;1;1;20;1;
56773;202200036796;748 379;B01;2;7;0;2;8;9;1;
56774;202200036796;748 383;A01;2;1;0;2;8;19;5;
56775;202200036797;748 380;A01;1;7;0;2;8;1;1;
56776;202200036797;748 382;B01;2;14;0;2;1;1;1;
56777;202200036798;748 378;A01;3;10;0;2;2;12;1;
56778;202200036798;748 381;B01;3;33;0;2;6;1;1;
56779;202200036799;748 375;B01;3;50;0;2;7;16;3;
56780;202200036799;748 377;A01;3;7;0;2;3;22;1;
56781;202200036800;748 371;A01;2;7;0;2;0;5;1;
56782;202200036800;748 372;B01;1;15;0;2;8;1;1;
56783;202200036800;748 374;D01;1;15;0;2;1;1;1;
56784;202200036801;748 370;B01;1;32;0;2;1;1;1;
56785;202200036801;748 373;A01;1;1;0;2;1;1;5;
56786;202200036802;748 369;B01;1;7;0;2;3;0;2;
56787;202200036802;748 376;A01;1;33;0;2;7;0;1;
56788;202200036803;748 367;B01;1;31;0;2;4;1;1;
56789;202200036803;748 368;A01;1;7;0;2;1;1;1;
56790;202200036804;748 364;B01;2;7;0;2;3;1;1;
56791;202200036804;748 366;A01;1;2;0;2;8;1;1;
56792;202200036805;748 363;A01;1;30;0;2;3;9;1;
56793;202200036805;748 365;B01;1;43;0;2;2;1;1;
56794;202200036806;748 360;A01;1;7;0;2;3;15;1;
56795;202200036806;748 362;B01;1;2;0;2;1;17;1;
56796;202200036807;748 357;A01;2;10;0;1;7;1;1;
56797;202200036808;748 356;B01;3;7;0;2;1;1;0;
56798;202200036808;748 358;A01;2;7;0;2;7;19;1;
56799;202200036809;748 355;A01;1;7;0;1;0;1;1;
56800;202200036810;748 353;A01;1;7;1;0;2;1;1;
56801;202200036811;748 354;A01;1;33;8;0;2;1;1;
56802;202200036812;748 352;A01;2;7;0;1;0;15;0;
56803;202200036813;748 351;A01;2;7;0;1;4;20;1;
56804;202200036814;748 349;A01;3;7;0;2;3;15;1;
56805;202200036814;748 350;B01;3;31;0;2;7;17;3;
56806;202200036815;748 348;A01;2;15;0;1;7;15;1;
56807;202200036816;748 345;B01;3;7;0;2;2;0;1;
56808;202200036816;748 347;A01;3;7;0;2;3;0;1;
56809;202200036817;748 344;B01;2;7;0;2;1;1;1;
56810;202200036817;748 346;A01;1;7;0;2;2;15;1;
56811;202200036818;748 341;A01;3;7;0;2;2;16;1;
56812;202200036818;748 343;B01;3;2;0;2;1;1;0;
56813;202200036819;748 339;A01;0;7;13;0;1;1;1;
56814;202200036820;748 340;A01;2;7;0;0;2;1;1;
56815;202200036821;748 338;A01;3;7;0;2;1;26;1;
56816;202200036821;748 342;B01;3;7;0;2;4;26;1;
56817;202200036822;748 337;A01;1;33;0;0;1;1;1;
56818;202200036823;748 334;B01;3;7;1;2;4;1;1;
56819;202200036823;748 336;A01;3;32;0;2;1;2;1;
56820;202200036824;748 331;B01;1;7;0;2;1;1;1;
56821;202200036824;748 335;A01;1;7;0;2;3;19;1;
56822;202200036825;748 329;A01;2;7;0;0;0;14;0;
56823;202200036825;748 332;B01;2;37;0;2;3;1;1;3.0
56824;202200036827;748 326;A01;1;33;0;0;0;1;1;
56825;202200036828;748 325;A01;1;7;13;0;2;1;1;
56826;202200036829;748 327;B01;0;33;8;2;1;2;1;
56827;202200036829;748 330;A01;0;7;0;2;3;16;1;
56828;202200036832;748 320;B01;1;7;0;2;4;23;1;
56829;202200036832;748 323;A01;1;32;0;2;1;2;1;
56830;202200036834;748 314;A01;3;2;0;2;1;13;1;
56831;202200036834;748 316;B01;3;80;0;0;1;1;3;
56832;202200036835;748 317;B01;1;7;0;2;1;1;1;
56833;202200036835;748 319;A01;1;10;0;2;4;23;1;
56834;202200036836;748 313;A01;2;7;0;2;3;5;1;
56835;202200036836;748 315;B01;1;7;0;2;3;1;1;
56836;202200036837;748 312;A01;2;7;6;0;1;1;1;
56837;202200036838;748 309;A01;-1;99;0;1;1;15;6;
56838;202200036840;748 306;A01;1;38;0;1;1;1;1;1.0
56839;202200036841;748 305;A01;1;7;0;2;1;1;1;
56840;202200036841;748 308;B01;1;7;0;2;4;23;1;
56841;202200036841;748 311;C01;1;7;0;2;4;23;1;
56842;202200036842;748 301;A01;1;7;0;0;9;1;1;
56843;202200036843;748 300;B01;2;32;0;2;2;0;1;
56844;202200036843;748 303;A01;2;7;0;2;3;9;1;
56845;202200036844;748 299;B01;1;33;0;2;3;18;1;
56846;202200036844;748 302;A01;1;7;0;2;2;12;1;
56847;202200036845;748 298;A01;1;7;0;0;5;1;2;
56848;202200036845;748 304;B01;2;36;0;2;1;2;1;
56849;202200036846;748 295;A01;2;50;0;2;8;14;3;
56850;202200036846;748 297;B01;2;43;1;2;1;18;1;
56851;202200036847;748 294;A01;2;30;0;1;1;1;1;
56852;202200036848;748 292;A01;2;7;0;1;1;1;1;
56853;202200036849;748 290;C01;2;7;0;2;1;2;1;
56854;202200036849;748 293;B01;2;33;0;2;8;18;1;
56855;202200036849;748 296;A01;2;7;0;2;5;12;3;
56856;202200036850;748 289;A01;2;2;0;2;2;21;1;
56857;202200036850;748 291;B01;1;10;0;2;7;15;1;
56858;202200036851;748 287;A01;2;7;4;0;1;1;1;
56859;202200036852;748 288;A01;1;50;0;1;1;1;3;
56860;202200036853;748 284;A01;1;7;0;2;1;19;1;
56861;202200036853;748 286;B01;2;10;0;0;7;1;1;
56862;202200036854;748 285;A01;3;7;0;1;4;4;1;
56863;202200036855;748 282;B01;3;7;0;2;3;15;2;
56864;202200036855;748 283;A01;3;2;0;2;1;17;1;
56865;202200036856;748 281;A01;2;7;1;0;1;26;1;
56866;202200036857;748 279;A01;1;2;0;2;1;0;1;
56867;202200036857;748 280;B01;1;7;0;0;5;23;1;
56868;202200036858;748 276;B01;2;7;0;2;2;1;1;
56869;202200036858;748 278;A01;2;43;0;2;6;18;1;
56870;202200036859;748 275;B01;1;33;0;2;1;1;1;
56871;202200036859;748 277;A01;2;33;0;2;1;13;1;
56872;202200036860;748 270;B01;2;31;0;2;1;26;1;
56873;202200036860;748 272;A01;2;33;0;0;4;23;1;
56874;202200036861;748 271;A01;1;7;0;2;8;15;1;
56875;202200036861;748 274;B01;1;33;0;2;1;17;1;
56876;202200036862;748 267;A01;3;7;2;0;1;1;1;
56877;202200036863;748 268;A01;1;7;0;2;3;5;1;
56878;202200036863;748 273;B01;1;7;0;2;2;9;1;
56879;202200036864;748 266;B01;2;1;0;2;1;1;5;
56880;202200036864;748 269;A01;2;7;0;2;8;22;1;
56881;202200036865;748 264;A01;3;1;0;0;0;1;5;
56882;202200036866;748 263;B01;3;2;0;0;0;1;1;
56883;202200036866;748 265;A01;3;7;0;0;0;3;0;
56884;202200036867;748 262;A01;3;7;2;0;2;1;1;
56885;202200036868;748 261;A01;2;37;0;1;8;16;1;1.0
56886;202200036869;748 257;B01;2;7;0;2;3;13;1;
56887;202200036869;748 259;A01;1;33;0;2;1;1;1;
56888;202200036871;748 255;A01;1;7;0;2;2;2;1;
56889;202200036871;748 258;B01;1;7;13;0;6;0;1;
56890;202200036872;748 253;A01;2;7;2;0;7;13;1;
56891;202200036873;748 252;A01;2;7;0;0;0;13;0;
56892;202200036873;748 254;B01;1;7;0;0;9;21;1;
56893;202200036874;748 250;A01;2;7;6;0;2;20;1;
56894;202200036875;748 249;A01;3;7;2;0;1;14;1;
56895;202200036876;748 245;B01;1;7;0;2;3;1;3;
56896;202200036876;748 248;A01;2;7;0;2;3;17;1;
56897;202200036877;748 242;B01;1;31;0;2;7;1;1;
56898;202200036877;748 246;A01;2;7;0;2;1;9;1;
56899;202200036878;748 243;A01;1;31;0;0;1;1;0;
56900;202200036879;748 241;C01;1;7;0;2;8;1;1;
56901;202200036879;748 244;B01;1;7;0;2;1;1;1;
56902;202200036879;748 247;A01;1;7;0;2;1;11;1;
56903;202200036880;748 239;A01;1;7;5;0;1;1;1;
56904;202200036881;748 240;A01;1;32;0;1;1;1;1;
56905;202200036882;748 238;A01;1;7;2;0;3;14;1;
56906;202200036883;748 237;A01;1;7;6;0;3;1;1;
56907;202200036884;748 235;A01;2;7;0;1;1;1;1;
56908;202200036885;748 234;A01;2;7;1;0;1;14;1;
56909;202200036886;748 236;A01;2;7;0;1;1;15;1;
56910;202200036887;748 232;B01;0;33;0;2;6;1;1;
56911;202200036887;748 233;A01;0;7;0;2;2;1;1;
56912;202200036888;748 231;A01;1;33;3;0;0;17;1;
56913;202200036889;748 229;A01;3;33;0;1;1;13;1;
56914;202200036890;748 228;A01;1;7;0;2;1;1;2;
56915;202200036890;748 230;B01;1;50;0;2;7;9;3;
56916;202200036891;748 225;B01;0;7;0;2;2;10;0;
56917;202200036891;748 227;A01;1;1;0;2;8;2;5;
56918;202200036892;748 224;A01;2;21;0;2;7;15;1;
56919;202200036892;748 226;B01;1;33;0;2;1;1;1;
56920;202200036893;748 222;Z01;2;1;0;1;1;1;5;
56921;202200036894;748 220;A01;1;2;1;0;0;0;1;
56922;202200036896;748 218;A01;1;1;12;0;7;12;5;
56923;202200036898;748 213;B01;1;7;0;2;3;1;2;
56924;202200036898;748 215;A01;2;7;0;2;3;13;1;