;Num_Acc;id_vehicule;num_veh;senc;catv;obs;obsm;choc;manv;motor;occutc
56925;202200036899;748 209;A01;3;33;13;2;9;13;1;
56926;202200036899;748 211;B01;0;13;0;2;8;1;1;
56927;202200036900;748 208;A01;2;7;0;2;4;1;1;
56928;202200036900;748 212;Z01;2;7;0;0;0;0;0;
56929;202200036901;748 207;A01;1;10;0;2;3;1;1;
56930;202200036901;748 210;B01;2;10;0;2;2;1;1;
56931;202200036902;748 206;A01;1;33;0;0;7;1;1;
56932;202200036903;748 205;A01;2;7;8;0;1;14;3;
56933;202200036904;748 198;B01;1;80;0;2;7;1;3;
56934;202200036904;748 203;A01;2;80;0;2;7;16;3;
56935;202200036905;748 196;A01;1;7;0;0;4;1;1;
56936;202200036905;748 199;B01;1;13;0;2;1;3;1;
56937;202200036906;748 200;A01;1;7;0;0;9;14;1;
56938;202200036907;748 195;E01;1;0;-1;2;-1;-1;-1;
56939;202200036907;748 197;D01;1;7;0;2;0;0;1;
56940;202200036907;748 201;C01;1;10;0;2;0;0;1;
56941;202200036907;748 202;B01;1;7;0;2;0;0;1;
56942;202200036907;748 204;A01;1;7;0;2;6;2;1;
56943;202200036908;748 194;A01;1;33;0;0;1;1;1;
56944;202200036909;748 193;A01;1;7;7;0;3;13;2;
56945;202200036910;748 190;A01;1;7;0;2;1;21;1;
56946;202200036910;748 191;B01;1;50;0;2;8;15;3;
56947;202200036911;748 186;C01;1;7;0;2;3;1;1;
56948;202200036911;748 189;B01;1;7;0;2;6;1;1;
56949;202200036911;748 192;A01;1;7;0;2;1;3;1;
56950;202200036912;748 184;A01;2;7;0;0;9;1;1;
56951;202200036913;748 183;D01;2;7;0;2;4;2;1;
56952;202200036913;748 185;C01;2;7;0;2;4;2;1;
56953;202200036913;748 187;B01;2;7;0;2;4;2;1;
56954;202200036913;748 188;A01;2;7;0;2;1;2;1;
56955;202200036914;748 179;A01;0;30;0;0;7;1;1;
56956;202200036915;748 178;A01;1;7;0;2;7;19;1;
56957;202200036915;748 182;B01;2;2;0;2;2;1;1;
56958;202200036916;748 177;A01;1;7;0;2;1;1;0;
56959;202200036916;748 180;B01;1;7;0;2;4;24;1;
56960;202200036916;748 181;C01;1;7;0;2;4;24;0;
56961;202200036917;748 175;A01;1;7;3;0;2;1;1;
56962;202200036918;748 174;A01;1;7;0;9;3;0;1;
56963;202200036918;748 176;B01;1;1;0;2;1;0;5;
56964;202200036919;748 172;B01;1;7;0;2;1;2;1;
56965;202200036919;748 173;A01;1;7;0;2;4;2;2;
56966;202200036920;748 170;A01;1;15;0;2;1;23;1;
56967;202200036920;748 171;B01;1;15;0;2;4;23;1;
56968;202200036921;748 169;A01;3;1;0;1;1;1;5;
56969;202200036922;748 167;B01;2;7;0;2;4;2;1;
56970;202200036922;748 168;A01;2;7;0;2;1;2;1;
56971;202200036923;748 166;A01;1;7;0;0;0;1;1;
56972;202200036924;748 165;A01;0;40;0;1;1;1;3;
56973;202200036925;748 163;A01;2;7;0;1;2;1;1;
56974;202200036926;748 162;B01;1;33;3;2;1;1;1;
56975;202200036926;748 164;A01;1;7;3;2;6;11;1;
56976;202200036927;748 160;A01;1;7;0;2;3;15;6;
56977;202200036927;748 161;B01;1;1;14;2;3;1;5;
56978;202200036929;748 156;B01;2;7;0;2;1;2;1;
56979;202200036929;748 158;A01;2;7;0;2;4;1;1;
56980;202200036930;748 155;A01;3;10;0;1;3;15;1;
56981;202200036931;748 154;A01;1;36;8;0;0;1;1;
56982;202200036932;748 146;A01;1;7;1;0;1;15;1;
56983;202200036932;748 150;B01;1;50;0;2;1;5;3;
56984;202200036933;748 148;A01;2;7;0;2;1;1;1;
56985;202200036933;748 151;B01;2;1;0;2;7;1;5;
56986;202200036934;748 145;E01;2;7;1;2;4;2;1;
56987;202200036934;748 147;D01;2;7;0;2;6;23;1;
56988;202200036934;748 149;C01;2;7;3;2;8;23;1;
56989;202200036934;748 152;B01;2;7;1;2;1;0;1;
56990;202200036934;748 153;A01;2;7;0;2;1;1;1;
56991;202200036935;748 139;B01;1;7;0;2;5;2;1;
56992;202200036935;748 143;A01;1;33;0;2;5;26;1;
56993;202200036936;748 140;A01;1;7;0;2;3;26;1;
56994;202200036936;748 142;B01;1;7;0;2;2;1;1;
56995;202200036937;748 141;B01;1;33;0;0;7;1;1;
56996;202200036937;748 144;A01;2;7;0;0;1;9;1;
56997;202200036938;748 137;A01;2;7;2;0;1;1;1;
56998;202200036939;748 134;B01;3;3;0;2;4;2;1;
56999;202200036939;748 136;A01;3;3;0;2;1;2;1;
57000;202200036940;748 133;A01;2;7;0;2;1;1;1;
57001;202200036940;748 135;B01;2;7;0;2;4;2;1;
57002;202200036940;748 138;C01;2;7;0;2;4;2;2;
57003;202200036941;748 132;A01;2;7;3;0;2;17;1;
57004;202200036942;748 127;A01;1;7;0;0;0;17;1;
57005;202200036943;748 129;B01;1;33;0;2;1;3;1;
57006;202200036943;748 131;A01;1;7;0;2;7;12;1;
57007;202200036944;748 128;B01;1;7;1;0;3;24;1;
57008;202200036944;748 130;A01;1;32;0;2;3;13;1;
57009;202200036945;748 123;B01;1;7;0;0;3;1;1;
57010;202200036945;748 126;A01;1;33;0;2;2;9;1;
57011;202200036947;748 121;A01;1;7;0;2;4;23;1;
57012;202200036947;748 124;B01;1;2;0;2;4;2;1;
57013;202200036948;748 120;A01;2;33;3;0;8;21;1;
57014;202200036949;748 119;B01;2;7;0;1;6;1;1;
57015;202200036950;748 118;A01;2;7;1;0;0;14;1;
57016;202200036951;748 117;A01;2;33;0;0;0;1;1;
57017;202200036952;748 115;A01;1;10;0;2;6;2;0;
57018;202200036952;748 116;B01;1;32;0;2;6;2;0;
57019;202200036953;748 112;A01;1;15;0;9;8;2;1;
57020;202200036953;748 113;B01;3;1;0;2;4;2;5;
57021;202200036954;748 111;A01;2;1;0;2;2;16;5;
57022;202200036954;748 114;B01;1;38;0;2;2;1;1;1.0
57023;202200036955;748 107;A01;1;7;0;2;1;2;1;
57024;202200036955;748 110;B01;1;7;0;2;2;2;1;
57025;202200036956;748 105;A01;1;7;0;2;3;10;1;
57026;202200036956;748 108;B01;1;33;0;2;1;17;1;
57027;202200036957;748 106;A01;2;10;0;2;3;15;1;
57028;202200036957;748 109;B01;1;31;0;2;7;17;1;
57029;202200036958;748 104;A01;1;33;4;1;1;9;1;
57030;202200036959;748 103;A01;2;30;1;0;2;1;1;
57031;202200036960;748 102;A01;1;10;0;1;7;1;1;
57032;202200036961;748 101;A01;1;7;15;9;0;21;1;
57033;202200036962;748 099;B01;2;33;0;2;1;17;1;
57034;202200036962;748 100;A01;2;7;0;2;3;15;1;
57035;202200036963;748 096;B01;1;15;0;0;4;23;1;
57036;202200036963;748 098;A01;1;7;1;0;1;17;1;
57037;202200036965;748 093;A01;1;7;0;0;3;17;1;
57038;202200036965;748 094;B01;2;7;0;2;3;1;1;
57039;202200036966;748 091;A01;2;7;4;0;9;1;1;
57040;202200036967;748 090;A01;3;2;0;2;1;5;1;
57041;202200036967;748 092;B01;0;7;0;2;1;1;1;
57042;202200036968;748 089;A01;3;7;6;0;1;1;1;
57043;202200036969;748 088;A01;1;1;0;0;0;1;5;
57044;202200036970;748 087;A01;3;33;0;0;4;1;1;
57045;202200036971;748 086;A01;3;7;12;0;3;16;1;
57046;202200036973;748 082;A01;1;33;0;2;1;17;1;
57047;202200036973;748 084;B01;2;7;0;0;3;15;1;
57048;202200036974;748 078;A01;0;7;0;2;2;15;1;
57049;202200036974;748 081;B01;1;7;0;2;1;1;1;
57050;202200036975;748 077;A01;1;7;0;1;6;2;1;
57051;202200036975;748 079;B01;1;7;0;2;2;2;1;
57052;202200036976;748 076;A01;3;7;0;2;7;9;1;
57053;202200036976;748 080;B01;3;7;0;2;0;0;1;
57054;202200036977;748 075;A01;2;7;2;0;1;14;1;
57055;202200036979;748 070;B01;2;32;0;2;1;1;1;
57056;202200036979;748 073;A01;1;7;0;2;3;15;1;
57057;202200036980;748 069;B01;1;7;0;2;1;1;1;
57058;202200036980;748 072;A01;0;33;0;2;8;26;1;
57059;202200036981;748 065;A01;2;33;0;0;0;2;1;
57060;202200036981;748 068;B01;2;33;0;0;0;2;1;
57061;202200036982;748 063;A01;2;32;0;2;1;17;1;
57062;202200036982;748 066;B01;2;7;0;2;8;15;1;
57063;202200036983;748 064;A01;1;2;3;2;4;1;1;
57064;202200036983;748 067;B01;1;7;0;2;2;2;1;
57065;202200036984;748 061;A01;2;31;1;0;1;1;1;
57066;202200036985;748 060;B01;1;14;0;2;1;2;1;
57067;202200036985;748 062;A01;1;10;0;2;4;2;1;
57068;202200036986;748 059;A01;3;7;0;1;6;4;2;
57069;202200036987;748 053;C01;1;17;0;2;3;2;1;
57070;202200036987;748 055;B01;1;17;0;2;2;1;1;
57071;202200036987;748 058;A01;1;7;0;2;6;2;1;
57072;202200036988;748 051;A01;1;30;0;0;0;0;1;
57073;202200036989;748 047;B01;1;7;0;2;7;0;1;
57074;202200036989;748 049;A01;1;7;0;2;5;0;1;
57075;202200036990;748 046;B01;2;33;0;2;3;15;1;
57076;202200036990;748 050;A01;1;7;0;2;3;16;1;
57077;202200036991;748 041;C01;1;7;6;2;6;23;1;
57078;202200036991;748 045;B01;1;7;0;2;4;23;1;
57079;202200036991;748 048;A01;1;7;0;2;2;17;1;
57080;202200036992;748 038;D01;1;10;0;2;1;2;1;
57081;202200036992;748 040;C01;1;7;0;2;4;2;1;
57082;202200036992;748 042;B01;1;7;0;2;1;2;1;
57083;202200036992;748 044;A01;1;7;0;2;4;2;1;
57084;202200036993;748 036;A01;2;7;0;2;1;1;1;
57085;202200036993;748 037;B01;2;1;0;2;4;1;5;
57086;202200036993;748 039;C01;2;1;0;2;4;1;5;
57087;202200036994;748 034;B01;1;2;0;2;1;1;1;
57088;202200036994;748 035;A01;1;7;0;2;3;15;1;
57089;202200036995;748 031;A01;1;7;0;2;4;1;1;
57090;202200036995;748 033;B01;1;7;0;2;1;2;1;
57091;202200036996;748 030;B01;2;1;0;2;3;13;5;
57092;202200036996;748 032;A01;1;7;0;2;3;13;1;
57093;202200036998;748 025;B01;2;7;0;2;4;2;1;
57094;202200036998;748 027;A01;2;7;0;2;1;12;1;
57095;202200036999;748 023;B01;1;7;0;0;1;1;1;
57096;202200036999;748 026;A01;1;7;0;0;4;9;1;
57097;202200037000;748 022;B01;3;33;0;2;3;1;1;
57098;202200037000;748 024;A01;3;7;0;2;2;9;1;
57099;202200037001;748 020;B01;2;7;0;2;2;1;1;
57100;202200037001;748 021;A01;2;33;0;2;8;11;1;
57101;202200037002;748 019;A01;1;32;0;0;1;16;1;
57102;202200037004;748 014;B01;3;7;0;2;1;15;1;
57103;202200037004;748 017;A01;3;30;0;2;2;1;1;
57104;202200037005;748 013;A01;3;33;0;2;3;13;1;
57105;202200037005;748 015;B01;3;7;0;2;3;1;1;
57106;202200037006;748 010;B01;1;7;14;2;9;1;1;
57107;202200037006;748 012;A01;1;13;3;2;1;2;1;
57108;202200037007;748 008;A01;1;7;0;2;1;1;1;
57109;202200037007;748 011;B01;1;7;0;2;4;1;1;
57110;202200037008;748 006;A01;2;17;4;0;3;1;1;
57111;202200037010;748 001;B01;2;7;0;2;2;15;1;
57112;202200037010;748 005;A01;1;7;0;2;1;1;1;
57113;202200037011;747 999;C01;1;32;0;2;1;3;1;
57114;202200037011;748 002;B01;1;10;0;2;3;1;1;
57115;202200037011;748 003;A01;1;10;0;2;2;1;1;
57116;202200037012;747 998;B01;1;7;0;2;8;1;0;
57117;202200037012;748 000;A01;2;33;0;2;8;13;1;
57118;202200037013;747 994;A01;3;7;0;2;3;1;1;
57119;202200037013;747 997;B01;3;7;0;2;4;1;1;
57120;202200037014;747 993;A01;1;7;0;2;8;12;1;
57121;202200037014;747 996;B01;1;33;0;2;8;1;1;
57122;202200037015;747 992;B01;1;33;0;0;4;2;1;
57123;202200037015;747 995;A01;1;33;0;2;1;2;1;
57124;202200037016;747 989;B01;2;7;0;2;7;12;1;
57125;202200037016;747 990;A01;2;33;0;2;3;3;1;
57126;202200037018;747 988;A01;3;7;0;1;4;20;1;
57127;202200037019;747 985;A01;1;14;2;0;3;21;1;
57128;202200037020;747 983;A01;1;7;0;2;1;1;1;
57129;202200037020;747 986;B01;2;2;0;2;8;15;1;
57130;202200037021;747 980;B01;1;13;0;2;1;2;1;
57131;202200037021;747 982;A01;1;15;0;2;4;1;1;
57132;202200037022;747 981;A01;2;7;0;2;3;17;1;
57133;202200037022;747 984;B01;1;7;0;2;3;1;1;
57134;202200037023;747 979;A01;1;7;0;1;1;1;1;
57135;202200037024;747 976;A01;2;10;0;2;7;12;1;
57136;202200037024;747 978;B01;2;33;0;2;1;3;1;
57137;202200037026;747 974;A01;2;7;2;0;1;0;1;
57138;202200037028;747 969;B01;2;14;0;2;3;1;1;
57139;202200037028;747 971;A01;1;7;0;2;3;1;1;
57140;202200037029;747 967;A01;2;7;0;2;1;2;1;
57141;202200037029;747 968;B01;2;31;0;2;4;2;1;
57142;202200037030;747 961;A01;2;7;0;2;5;11;1;
57143;202200037030;747 964;B01;2;33;0;2;5;3;1;
57144;202200037030;747 965;C01;2;33;0;2;1;3;1;
57145;202200037030;747 966;D01;2;10;0;2;8;23;1;
57146;202200037031;747 959;B01;2;33;0;2;1;1;1;
57147;202200037031;747 963;A01;1;7;0;2;3;15;2;
57148;202200037032;747 958;C01;2;7;0;2;4;2;1;
57149;202200037032;747 960;B01;2;7;0;2;0;0;1;
57150;202200037032;747 962;A01;2;7;0;2;2;0;1;
57151;202200037033;747 956;A01;1;7;0;0;2;1;1;
57152;202200037034;747 954;A01;1;7;0;2;1;13;1;
57153;202200037034;747 955;B01;1;7;0;2;1;1;1;
57154;202200037035;747 953;A01;1;7;0;2;6;1;1;
57155;202200037035;747 957;B01;2;7;0;2;1;19;1;
57156;202200037036;747 951;B01;1;21;0;2;1;15;1;
57157;202200037036;747 952;A01;2;33;0;2;1;1;1;
57158;202200037037;747 950;A01;2;3;1;0;1;1;1;
57159;202200037038;747 948;A01;2;33;0;0;0;1;0;
57160;202200037039;747 947;A01;1;7;0;2;1;1;1;
57161;202200037039;747 949;B01;1;7;0;2;8;1;1;
57162;202200037040;747 945;A01;0;2;8;0;1;0;0;
57163;202200037041;747 943;A01;2;7;0;1;1;15;1;
57164;202200037042;747 944;A01;1;7;2;0;1;1;1;
57165;202200037043;747 939;B01;2;50;0;2;1;9;3;
57166;202200037043;747 941;A01;2;10;0;9;2;1;1;
57167;202200037044;747 940;A01;1;7;0;2;2;2;1;
57168;202200037044;747 942;B01;1;80;0;2;4;1;2;
57169;202200037045;747 937;A01;1;7;0;2;1;2;1;
57170;202200037045;747 938;B01;1;7;0;0;6;1;0;
57171;202200037046;747 935;A01;-1;7;0;1;1;1;1;
57172;202200037048;747 932;B01;2;7;0;2;2;1;1;
57173;202200037048;747 934;A01;2;7;0;2;3;13;1;
57174;202200037049;747 930;B01;2;33;0;2;6;1;1;
57175;202200037049;747 931;A01;2;7;0;2;7;17;1;
57176;202200037050;747 928;A01;1;7;15;0;9;0;1;
57177;202200037051;747 927;B01;2;50;0;2;0;1;3;
57178;202200037051;747 929;A01;1;7;0;9;5;19;1;
57179;202200037052;747 924;A01;3;7;0;1;0;0;1;
57180;202200037053;747 923;A01;2;7;1;0;1;14;1;
57181;202200037053;747 925;B01;2;7;0;2;4;24;1;
57182;202200037054;747 921;B01;0;1;0;2;7;0;5;
57183;202200037054;747 922;A01;0;7;0;9;1;0;1;
57184;202200037055;747 918;A01;0;7;0;2;1;5;1;
57185;202200037055;747 920;B01;3;7;0;2;1;1;1;
57186;202200037056;747 914;A01;1;32;0;2;0;21;1;
57187;202200037057;747 913;B01;2;7;0;2;7;1;1;
57188;202200037057;747 916;A01;2;31;0;2;1;9;1;
57189;202200037058;747 911;A01;1;7;0;2;1;1;1;
57190;202200037058;747 912;B01;1;10;0;2;4;1;1;
57191;202200037058;747 915;C01;1;7;0;2;4;1;1;
57192;202200037059;747 910;A01;3;37;0;1;2;21;1;1.0
57193;202200037060;747 909;A01;2;7;0;0;1;13;1;
57194;202200037061;747 906;A01;1;50;0;2;8;1;3;
57195;202200037061;747 907;B01;2;7;0;2;0;17;1;
57196;202200037062;747 905;B01;1;7;1;2;4;1;1;
57197;202200037062;747 908;A01;1;7;0;2;1;13;1;
57198;202200037063;747 904;A01;3;33;0;0;8;0;1;
57199;202200037064;747 902;B01;3;1;0;2;7;19;5;
57200;202200037064;747 903;A01;1;7;0;2;1;1;1;
57201;202200037065;747 901;A01;1;7;13;0;1;17;1;
57202;202200037066;747 900;A01;2;36;1;0;1;21;1;
57203;202200037067;747 897;B01;2;7;0;2;5;26;1;
57204;202200037067;747 899;A01;2;7;0;2;2;26;1;
57205;202200037068;747 896;A01;1;7;0;9;1;1;1;
57206;202200037068;747 898;B01;2;50;0;2;7;19;3;
57207;202200037069;747 895;A01;2;7;3;0;3;1;1;
57208;202200037070;747 894;A01;1;10;0;1;2;26;1;
57209;202200037073;747 890;A01;1;7;10;2;1;2;1;
57210;202200037074;747 887;A01;3;60;0;0;0;1;5;
57211;202200037075;747 886;B01;1;10;3;0;4;23;1;
57212;202200037075;747 888;A01;1;7;1;0;1;0;1;
57213;202200037076;747 885;B01;1;7;0;0;4;2;1;
57214;202200037076;747 889;A01;1;15;0;2;3;1;1;
57215;202200037077;747 883;A01;3;7;0;2;2;26;1;
57216;202200037077;747 884;B01;3;34;0;2;3;1;1;
57217;202200037078;747 882;A01;3;7;0;1;1;15;3;
57218;202200037079;747 877;A01;1;7;0;2;1;2;1;
57219;202200037079;747 880;B01;1;33;0;2;4;2;1;
57220;202200037080;747 878;B01;1;7;0;2;1;2;1;
57221;202200037080;747 881;A01;1;7;0;2;1;1;1;
57222;202200037081;747 876;Z01;2;0;0;2;1;17;0;
57223;202200037081;747 879;B01;1;30;0;2;1;1;1;
57224;202200037082;747 871;A01;2;7;0;2;7;13;1;
57225;202200037082;747 874;B01;1;15;0;2;1;1;1;
57226;202200037083;747 869;C01;1;33;0;2;1;2;1;
57227;202200037083;747 873;B01;1;33;0;2;1;1;1;
57228;202200037083;747 875;A01;1;7;0;2;3;15;1;
57229;202200037084;747 870;A01;2;10;12;2;2;17;1;
57230;202200037084;747 872;B01;2;7;0;2;3;15;1;
57231;202200037085;747 867;A01;1;7;15;0;3;1;1;
57232;202200037086;747 865;B01;2;7;0;2;1;1;1;
57233;202200037086;747 868;A01;1;7;0;2;1;13;1;
57234;202200037087;747 864;A01;1;30;0;2;7;15;1;
57235;202200037087;747 866;B01;2;7;0;2;7;21;1;
57236;202200037088;747 862;B01;3;1;0;2;0;0;5;
57237;202200037088;747 863;A01;3;10;0;2;3;9;6;
57238;202200037089;747 860;B01;2;33;0;2;1;1;1;
57239;202200037089;747 861;A01;1;7;0;2;3;5;1;
57240;202200037090;747 859;A01;2;7;15;0;1;14;1;
57241;202200037091;747 857;Z01;3;10;0;2;1;2;1;
57242;202200037091;747 858;A01;3;30;0;2;4;1;1;
57243;202200037092;747 853;A01;3;31;0;2;1;1;1;
57244;202200037092;747 856;B01;3;7;0;2;4;1;1;
57245;202200037094;747 852;B01;1;33;0;2;1;1;1;
57246;202200037094;747 855;A01;2;7;0;2;5;15;1;
57247;202200037095;747 848;A01;2;7;0;1;2;1;1;
57248;202200037096;747 849;B01;1;7;0;9;1;26;3;
57249;202200037096;747 850;A01;0;1;0;2;8;9;5;
57250;202200037097;747 847;A01;1;7;13;0;1;26;1;
57251;202200037099;747 844;A01;3;2;12;0;1;0;1;
57252;202200037100;747 839;B01;1;10;0;2;5;1;1;
57253;202200037100;747 841;C01;2;7;0;2;3;1;1;
57254;202200037100;747 843;A01;1;7;0;2;8;16;1;
57255;202200037101;747 838;A01;1;37;0;1;5;11;1;1.0
57256;202200037102;747 837;B01;3;7;0;2;3;1;2;
57257;202200037102;747 840;A01;3;10;0;2;3;13;1;
57258;202200037103;747 833;A01;2;32;0;2;1;11;1;
57259;202200037103;747 836;B01;2;7;0;2;4;23;1;
57260;202200037104;747 832;A01;2;7;0;2;5;15;1;
57261;202200037104;747 835;B01;1;33;0;2;1;1;1;
57262;202200037105;747 831;B01;1;7;0;2;1;1;1;
57263;202200037105;747 834;A01;1;1;0;2;1;9;5;
57264;202200037106;747 830;A01;2;33;4;0;8;13;1;
57265;202200037107;747 828;A01;3;1;0;1;2;17;5;
57266;202200037108;747 825;Z01;2;7;0;2;0;2;1;
57267;202200037108;747 826;A01;2;1;0;2;6;2;5;
57268;202200037109;747 824;A01;2;7;0;2;3;13;1;
57269;202200037109;747 827;B01;1;7;0;2;3;1;1;
57270;202200037110;747 822;B01;1;32;0;2;1;15;1;
57271;202200037110;747 823;A01;2;7;0;2;2;15;1;
57272;202200037111;747 818;B01;2;33;0;2;1;7;1;
57273;202200037111;747 820;A01;2;7;0;2;6;15;1;
57274;202200037112;747 817;A01;1;15;0;1;7;15;1;
57275;202200037113;747 816;A01;1;33;0;6;1;1;1;
57276;202200037114;747 814;B01;1;1;0;2;3;1;5;
57277;202200037114;747 815;A01;2;80;0;2;1;5;3;
57278;202200037115;747 811;A01;1;7;1;0;3;9;1;
57279;202200037115;747 813;B01;3;1;0;2;1;1;5;
57280;202200037116;747 810;B01;0;1;0;2;3;1;5;
57281;202200037116;747 812;A01;2;0;0;9;2;1;0;
57282;202200037117;747 809;A01;2;30;1;0;7;14;1;
57283;202200037118;747 807;A01;3;99;0;0;0;26;3;
57284;202200037119;747 808;B01;1;7;0;2;3;21;1;
57285;202200037120;747 806;Z01;2;34;0;1;3;1;1;
57286;202200037121;747 803;A01;1;7;0;2;3;16;1;
57287;202200037121;747 805;B01;2;50;0;2;7;19;3;
57288;202200037122;747 804;A01;3;7;0;1;2;0;1;
57289;202200037123;747 800;A01;1;7;0;2;3;1;1;
57290;202200037123;747 801;B01;2;50;0;2;2;19;3;
57291;202200037124;747 799;A01;1;7;0;2;4;23;1;
57292;202200037124;747 802;Z01;1;7;0;2;1;2;1;
57293;202200037125;747 798;A01;1;7;0;1;1;1;1;
57294;202200037126;747 796;A01;2;7;0;2;1;13;1;
57295;202200037126;747 797;B01;1;10;0;2;8;1;1;
57296;202200037127;747 795;B01;1;80;14;0;3;21;3;
57297;202200037128;747 794;A01;0;7;14;0;9;0;1;
57298;202200037129;747 792;A01;2;7;0;2;3;1;1;
57299;202200037129;747 793;B01;1;7;0;2;0;0;1;
57300;202200037130;747 789;A01;2;1;0;2;8;19;5;
57301;202200037130;747 790;B01;1;7;0;2;1;1;1;
57302;202200037131;747 787;A01;1;7;0;2;8;11;1;
57303;202200037131;747 788;B01;1;7;0;2;2;2;1;
57304;202200037132;747 791;A01;2;7;0;1;3;1;1;
57305;202200037133;747 785;B01;1;33;0;2;4;2;1;
57306;202200037133;747 786;A01;1;7;0;2;1;2;1;
57307;202200037134;747 782;A01;1;7;0;1;1;26;1;
57308;202200037135;747 779;A01;1;7;0;2;4;4;0;
57309;202200037135;747 781;B01;2;32;0;2;8;1;1;
57310;202200037135;747 784;C01;2;7;0;2;8;0;1;
57311;202200037136;747 780;A01;1;17;0;2;3;26;1;
57312;202200037136;747 783;B01;1;7;0;2;0;0;1;
57313;202200037137;747 775;A01;1;30;0;2;7;9;1;
57314;202200037137;747 777;B01;2;7;0;2;1;1;1;
57315;202200037138;747 774;A01;-1;7;0;2;5;11;0;
57316;202200037138;747 778;B01;-1;0;0;2;5;16;3;
57317;202200037140;747 771;A01;1;7;0;2;1;20;1;
57318;202200037140;747 772;B01;1;1;0;2;0;1;5;
57319;202200037141;747 769;A01;2;7;0;1;1;26;1;
57320;202200037142;747 766;B01;1;7;0;1;4;23;1;
57321;202200037142;747 768;A01;0;7;0;2;1;9;1;
57322;202200037143;747 767;B01;1;10;0;2;3;13;1;
57323;202200037143;747 770;A01;2;7;3;2;3;2;1;
57324;202200037145;747 761;A01;1;7;0;2;1;2;1;
57325;202200037145;747 763;B01;1;7;0;2;4;2;1;
57326;202200037146;747 760;A01;0;7;6;0;1;26;1;
57327;202200037147;747 757;A01;1;30;0;2;1;1;1;
57328;202200037147;747 759;B01;1;7;0;2;4;1;1;
57329;202200037148;747 758;B01;2;7;0;0;4;2;1;
57330;202200037148;747 762;A01;2;13;0;2;1;1;1;
57331;202200037149;747 753;A01;3;50;0;2;7;1;3;
57332;202200037149;747 756;B01;3;7;0;2;1;15;1;
57333;202200037151;747 752;B01;1;37;0;2;2;1;1;2.0
57334;202200037151;747 755;A01;1;1;0;2;8;15;5;
57335;202200037152;747 749;A01;2;7;0;2;1;13;1;
57336;202200037152;747 751;B01;1;7;0;2;1;1;1;
57337;202200037153;747 748;A01;2;7;0;1;2;1;1;
57338;202200037154;747 747;A01;1;7;0;2;0;0;0;
57339;202200037155;747 743;A01;1;7;0;9;1;1;1;
57340;202200037155;747 745;B01;1;1;0;2;1;19;5;
57341;202200037156;747 744;B01;1;17;0;2;1;1;1;
57342;202200037156;747 746;A01;2;7;0;2;1;5;1;
57343;202200037157;747 740;A01;1;1;0;2;1;5;5;
57344;202200037157;747 742;B01;2;50;0;2;1;1;3;
57345;202200037158;747 738;B01;2;7;0;2;5;15;1;
57346;202200037158;747 741;A01;1;32;0;2;1;1;1;
57347;202200037159;747 736;A01;3;10;0;1;1;1;1;
57348;202200037160;747 737;B01;1;7;0;2;5;26;1;
57349;202200037160;747 739;A01;1;7;0;2;3;26;1;
57350;202200037161;747 733;A01;1;7;0;1;1;15;1;
57351;202200037163;747 726;B01;3;7;0;2;6;9;1;
57352;202200037163;747 728;A01;3;7;14;2;1;6;1;
57353;202200037164;747 731;A01;2;7;0;2;6;0;1;
57354;202200037164;747 732;B01;2;15;0;2;1;0;1;
57355;202200037165;747 723;B01;1;7;0;2;7;15;1;
57356;202200037165;747 724;A01;1;1;0;2;1;5;5;
57357;202200037166;747 725;A01;1;7;0;2;2;15;1;
57358;202200037166;747 727;B01;2;50;0;2;1;1;3;
57359;202200037167;747 722;A01;1;7;0;1;3;1;1;
57360;202200037168;747 720;A01;1;7;13;0;9;1;1;
57361;202200037169;747 716;B01;1;50;0;2;3;19;3;
57362;202200037169;747 718;A01;2;7;0;2;3;16;1;
57363;202200037171;747 713;A01;1;7;0;2;5;2;1;
57364;202200037171;747 714;B01;1;34;0;2;8;7;1;
57365;202200037173;747 710;B01;2;2;14;0;1;21;1;
57366;202200037174;747 709;A01;2;7;13;0;0;13;1;
57367;202200037175;747 712;A01;2;7;3;0;1;13;1;
57368;202200037175;747 715;C01;1;15;0;9;8;1;1;
57369;202200037175;747 721;B01;1;15;0;9;1;1;1;
57370;202200037176;747 708;A01;2;33;8;0;1;2;1;
57371;202200037177;747 706;A01;3;7;0;2;6;9;3;
57372;202200037177;747 707;B01;3;7;0;2;3;0;1;
57373;202200037178;747 705;A01;3;7;17;0;3;1;0;
57374;202200037179;747 703;A01;3;33;0;2;1;23;1;
57375;202200037179;747 704;B01;3;17;0;2;4;1;1;
57376;202200037180;747 699;B01;2;1;0;2;1;1;5;
57377;202200037180;747 700;A01;3;7;0;2;8;9;1;
57378;202200037182;747 698;B01;1;34;6;2;1;17;1;
57379;202200037182;747 701;A01;2;7;0;2;2;15;1;
57380;202200037183;747 697;A01;1;33;12;0;1;14;1;
57381;202200037184;747 695;A01;1;7;0;2;2;15;1;
57382;202200037184;747 696;B01;1;32;0;2;1;26;1;
57383;202200037185;747 693;A01;3;10;0;1;2;15;1;
57384;202200037186;747 691;B01;3;10;0;2;2;26;1;
57385;202200037186;747 694;A01;1;7;0;2;7;1;1;