;Num_Acc;id_vehicule;num_veh;senc;catv;obs;obsm;choc;manv;motor;occutc
57386;202200037187;747 690;A01;3;7;0;1;2;1;1;
57387;202200037188;747 687;A01;1;33;0;2;2;17;1;
57388;202200037188;747 688;B01;1;7;0;2;3;15;1;
57389;202200037189;747 689;A01;1;7;0;2;8;17;2;
57390;202200037189;747 692;B01;1;2;0;2;7;17;1;
57391;202200037190;747 684;A01;2;33;0;2;1;13;1;
57392;202200037190;747 686;B01;1;7;0;2;3;1;1;
57393;202200037191;747 683;A01;1;7;8;0;1;13;1;
57394;202200037192;747 680;A01;3;30;0;2;2;0;1;
57395;202200037192;747 681;B01;0;7;0;2;0;0;1;
57396;202200037193;747 675;A01;1;7;0;2;1;15;1;
57397;202200037193;747 676;B01;2;7;0;2;2;0;1;
57398;202200037193;747 678;C01;1;7;0;2;1;1;1;
57399;202200037194;747 679;A01;2;2;0;2;1;3;1;
57400;202200037194;747 685;B01;2;7;0;2;8;26;1;
57401;202200037195;747 670;B01;2;1;0;2;3;1;5;
57402;202200037195;747 672;A01;1;7;0;2;3;1;1;
57403;202200037197;747 671;A01;2;7;7;2;7;15;1;
57404;202200037197;747 673;B01;1;7;0;2;1;1;1;
57405;202200037198;747 667;A01;1;7;0;2;7;12;1;
57406;202200037198;747 668;B01;1;43;0;2;3;3;1;
57407;202200037199;747 666;A01;0;21;4;0;0;0;0;
57408;202200037200;747 662;B01;2;1;0;0;1;2;5;
57409;202200037200;747 664;A01;2;7;0;2;2;2;1;
57410;202200037202;747 659;A01;0;10;0;1;0;4;1;
57411;202200037203;747 658;A01;2;7;0;2;7;12;1;
57412;202200037203;747 660;B01;2;31;0;2;8;3;1;
57413;202200037205;747 654;A01;2;7;0;2;3;15;1;
57414;202200037205;747 656;B01;1;10;0;2;1;1;1;
57415;202200037207;747 652;A01;1;7;0;1;2;9;1;
57416;202200037208;747 651;Z01;2;1;0;2;7;17;0;
57417;202200037208;747 653;A01;2;50;0;2;8;1;3;
57418;202200037209;747 650;A01;1;7;0;1;2;9;1;
57419;202200037210;747 649;A01;1;7;13;0;9;1;1;
57420;202200037211;747 648;A01;2;7;0;1;2;1;1;
57421;202200037212;747 647;A01;1;33;15;0;2;19;1;
57422;202200037213;747 646;A01;0;7;0;1;0;1;-1;
57423;202200037214;747 645;A01;1;1;1;0;1;14;5;
57424;202200037215;747 643;A01;2;7;0;2;5;10;1;
57425;202200037215;747 644;B01;1;33;0;2;1;1;1;
57426;202200037216;747 641;A01;2;7;0;1;5;1;1;
57427;202200037217;747 639;A01;2;33;0;5;1;1;1;
57428;202200037218;747 640;A01;2;32;0;1;1;1;1;
57429;202200037220;747 636;A01;1;7;0;2;3;13;1;
57430;202200037220;747 637;B01;2;7;0;2;3;1;1;
57431;202200037221;747 634;A01;1;33;0;0;8;15;1;
57432;202200037222;747 633;B01;1;1;0;2;6;1;5;
57433;202200037222;747 635;A01;1;37;0;2;5;15;3;1.0
57434;202200037223;747 632;A01;2;10;2;0;1;1;1;
57435;202200037224;747 630;A01;1;30;0;2;7;1;1;
57436;202200037224;747 631;B01;1;1;0;2;8;19;5;
57437;202200037225;747 629;A01;1;7;0;1;2;14;1;
57438;202200037226;747 626;A01;1;7;2;0;0;1;1;
57439;202200037227;747 627;A01;2;30;0;2;2;17;1;
57440;202200037227;747 628;B01;2;7;0;2;3;15;1;
57441;202200037228;747 622;B01;1;7;0;2;7;22;1;
57442;202200037228;747 624;A01;1;1;0;2;1;18;5;
57443;202200037229;747 623;A01;2;7;0;2;3;15;1;
57444;202200037229;747 625;B01;2;7;0;2;2;17;1;
57445;202200037230;747 617;A01;2;1;0;2;6;13;5;
57446;202200037230;747 618;B01;2;7;0;2;4;1;1;
57447;202200037230;747 620;Z01;2;33;0;2;1;3;0;
57448;202200037231;747 614;A01;1;7;0;2;3;13;1;
57449;202200037231;747 615;B01;1;33;0;2;1;1;1;
57450;202200037232;747 612;A01;1;7;4;2;1;2;1;
57451;202200037232;747 613;B01;1;10;0;0;4;2;1;
57452;202200037233;747 610;A01;3;2;0;2;5;1;1;
57453;202200037233;747 611;B01;3;7;0;2;5;1;1;
57454;202200037234;747 606;A01;1;10;0;2;8;22;1;
57455;202200037234;747 608;B01;1;32;0;2;1;1;1;
57456;202200037235;747 604;A01;1;10;0;2;1;2;1;
57457;202200037235;747 605;B01;1;7;0;2;4;23;1;
57458;202200037235;747 607;C01;1;7;0;2;4;23;1;
57459;202200037235;747 609;D01;1;10;0;0;4;23;1;
57460;202200037236;747 603;A01;2;50;0;9;1;7;3;
57461;202200037237;747 602;A01;1;7;3;0;2;1;1;
57462;202200037238;747 598;A01;2;7;3;0;8;11;1;
57463;202200037238;747 599;B01;2;7;0;2;1;1;1;
57464;202200037239;747 596;A01;2;7;0;2;6;22;1;
57465;202200037239;747 597;B01;2;33;0;2;7;17;1;
57466;202200037240;747 595;A01;2;7;13;0;1;1;1;
57467;202200037241;747 594;A01;2;50;0;1;1;16;3;
57468;202200037242;747 589;D01;2;10;0;0;4;23;1;
57469;202200037242;747 591;C01;2;7;14;0;6;23;1;
57470;202200037242;747 592;B01;2;10;14;0;4;23;1;
57471;202200037242;747 593;A01;2;10;14;0;3;2;1;
57472;202200037243;747 588;A01;2;7;0;2;8;22;1;
57473;202200037243;747 590;B01;2;1;0;2;7;1;5;
57474;202200037244;747 586;A01;2;50;12;0;0;16;3;
57475;202200037245;747 584;A01;2;33;0;0;9;1;1;
57476;202200037246;747 583;A01;0;7;0;2;0;0;1;
57477;202200037247;747 581;A01;2;33;0;2;1;16;1;
57478;202200037247;747 582;B01;1;10;0;2;3;15;1;
57479;202200037248;747 580;A01;2;7;0;1;3;15;1;
57480;202200037249;747 579;A01;3;7;6;0;1;1;1;
57481;202200037250;747 576;A01;3;7;0;1;1;1;1;
57482;202200037251;747 573;A01;2;7;0;9;8;22;1;
57483;202200037251;747 575;B01;2;50;1;0;2;1;3;
57484;202200037252;747 571;C01;2;10;0;2;1;1;1;
57485;202200037252;747 572;B01;2;10;0;2;5;1;1;
57486;202200037252;747 574;A01;1;7;0;2;1;1;1;
57487;202200037253;747 569;A01;2;7;0;2;2;15;1;
57488;202200037253;747 570;B01;2;7;0;2;6;15;1;
57489;202200037254;747 567;B01;2;10;0;2;3;13;1;
57490;202200037254;747 568;A01;1;7;0;2;3;1;1;
57491;202200037255;747 565;B01;3;14;0;2;6;1;1;
57492;202200037255;747 566;A01;3;33;0;2;1;17;1;
57493;202200037257;747 562;A01;0;2;12;0;5;1;1;
57494;202200037258;747 561;B01;1;7;0;2;4;2;1;
57495;202200037258;747 563;A01;1;7;0;2;1;1;1;
57496;202200037259;747 559;A01;1;10;8;0;1;12;1;
57497;202200037260;747 558;A01;2;7;0;2;6;9;6;
57498;202200037260;747 560;B01;2;2;0;2;7;1;6;
57499;202200037261;747 557;A01;2;10;3;0;2;13;1;
57500;202200037262;747 556;A01;1;7;0;1;1;15;1;
57501;202200037263;747 555;A01;2;7;4;0;9;1;1;
57502;202200037264;747 552;B01;3;7;0;2;6;24;1;
57503;202200037264;747 554;A01;3;7;1;0;1;26;1;
57504;202200037265;747 551;B01;2;7;0;2;8;1;1;
57505;202200037265;747 553;A01;2;7;0;2;7;21;1;
57506;202200037266;747 550;A01;2;10;0;1;2;1;1;
57507;202200037267;747 546;A01;2;7;0;2;3;11;1;
57508;202200037267;747 548;B01;2;33;0;2;1;3;1;
57509;202200037267;747 549;C01;2;10;0;2;5;1;1;
57510;202200037269;747 540;A01;0;7;0;2;1;1;1;
57511;202200037269;747 541;C01;0;7;0;2;4;1;1;
57512;202200037269;747 542;B01;0;7;0;2;4;1;1;
57513;202200037270;747 539;A01;2;7;3;0;2;1;1;
57514;202200037271;747 536;A01;1;33;3;0;2;15;1;
57515;202200037273;747 534;A01;1;7;0;1;7;1;1;
57516;202200037274;747 532;C01;1;1;1;2;1;1;5;
57517;202200037274;747 533;B01;1;43;1;2;0;1;1;
57518;202200037274;747 535;A01;1;7;0;2;8;22;1;
57519;202200037275;747 529;C01;1;7;0;2;4;23;1;
57520;202200037275;747 530;B01;1;7;0;2;4;23;1;
57521;202200037275;747 531;A01;1;7;0;2;1;18;1;
57522;202200037276;747 528;A01;3;10;8;0;3;9;1;
57523;202200037277;747 525;B01;2;10;0;2;1;1;1;
57524;202200037277;747 527;A01;1;7;0;2;0;13;1;
57525;202200037278;747 524;A01;3;7;0;2;1;1;1;
57526;202200037278;747 526;B01;3;7;0;2;1;15;1;
57527;202200037279;747 522;A01;2;7;0;1;2;1;1;
57528;202200037280;747 521;A01;0;7;0;2;1;9;2;
57529;202200037280;747 523;B01;0;1;0;0;7;19;5;
57530;202200037281;747 519;A01;3;7;0;2;8;19;1;
57531;202200037281;747 520;B01;3;32;0;2;1;19;1;
57532;202200037282;747 516;A01;3;7;0;2;1;5;1;
57533;202200037282;747 518;B01;3;10;0;2;7;1;0;
57534;202200037284;747 513;A01;1;33;0;2;1;2;1;
57535;202200037284;747 514;B01;1;7;0;2;6;15;0;
57536;202200037285;747 512;A01;2;7;0;1;1;1;1;
57537;202200037286;747 511;A01;2;30;0;0;7;11;1;
57538;202200037287;747 510;A01;3;7;0;1;1;26;1;
57539;202200037289;747 507;A01;3;7;0;1;2;1;1;
57540;202200037290;747 506;A01;1;7;2;0;1;1;1;
57541;202200037291;747 505;A01;0;7;9;0;1;1;1;
57542;202200037292;747 503;A01;2;1;0;0;0;0;5;
57543;202200037293;747 504;A01;2;30;0;0;7;14;1;
57544;202200037294;747 502;A01;3;7;0;1;2;1;1;
57545;202200037295;747 500;A01;2;7;0;2;2;16;3;
57546;202200037295;747 501;B01;2;2;0;2;1;1;1;
57547;202200037296;747 498;A01;3;1;0;0;0;1;5;
57548;202200037297;747 494;A01;2;7;0;2;4;0;1;
57549;202200037297;747 496;B01;2;30;0;2;1;0;1;
57550;202200037298;747 491;A01;3;7;0;2;1;21;1;
57551;202200037298;747 493;B01;3;30;0;2;1;0;1;
57552;202200037299;747 489;A01;3;7;0;2;1;17;1;
57553;202200037299;747 490;B01;3;7;0;2;3;1;1;
57554;202200037299;747 492;C01;3;7;0;2;8;1;1;
57555;202200037300;747 485;A01;0;7;0;2;2;1;1;
57556;202200037300;747 487;B01;0;33;0;2;2;1;1;
57557;202200037301;747 486;B01;2;7;0;2;1;15;1;
57558;202200037301;747 488;A01;1;32;0;2;8;1;1;
57559;202200037302;747 483;B01;2;10;0;2;3;1;1;
57560;202200037302;747 484;A01;1;31;0;2;1;16;1;
57561;202200037303;747 479;A01;1;7;0;2;5;17;1;
57562;202200037303;747 480;B01;1;50;0;2;1;15;3;
57563;202200037304;747 481;A01;1;7;0;2;7;16;1;
57564;202200037304;747 482;Y01;1;1;0;2;8;1;5;
57565;202200037305;747 477;A01;1;7;0;2;3;9;1;
57566;202200037305;747 478;B01;1;43;0;2;1;2;1;
57567;202200037306;747 474;A01;3;1;0;1;1;25;5;
57568;202200037307;747 473;A01;3;37;0;1;3;20;1;1.0
57569;202200037308;747 470;C01;3;7;0;2;4;2;1;
57570;202200037308;747 471;B01;0;7;0;2;9;2;1;
57571;202200037308;747 472;A01;3;7;0;2;1;2;1;
57572;202200037310;747 467;B01;2;7;0;2;0;23;2;
57573;202200037310;747 468;A01;1;7;0;2;0;16;1;
57574;202200037311;747 465;A01;1;7;0;2;3;22;3;
57575;202200037311;747 466;B01;2;1;0;2;1;1;5;
57576;202200037312;747 463;B01;2;10;0;2;5;15;1;
57577;202200037312;747 464;A01;2;32;0;2;3;17;1;
57578;202200037314;747 460;B01;2;7;0;2;4;23;1;
57579;202200037314;747 461;A01;2;7;0;2;1;1;1;
57580;202200037315;747 457;A01;0;7;0;2;3;15;1;
57581;202200037315;747 458;B01;3;33;0;2;7;1;1;
57582;202200037315;747 459;C01;3;7;0;9;4;24;1;
57583;202200037316;747 455;A01;3;7;0;2;1;15;1;
57584;202200037316;747 456;B01;0;30;0;2;0;1;1;
57585;202200037317;747 453;A01;1;7;0;2;3;13;1;
57586;202200037317;747 454;B01;2;7;0;2;1;1;1;
57587;202200037318;747 452;A01;2;30;0;0;2;9;1;
57588;202200037319;747 450;A01;1;10;0;2;1;2;1;
57589;202200037319;747 451;B01;1;7;0;2;4;2;1;
57590;202200037320;747 449;A01;1;7;0;1;7;1;1;
57591;202200037321;747 448;A01;1;10;0;1;1;1;1;
57592;202200037322;747 446;A01;1;14;0;2;1;1;1;
57593;202200037322;747 447;B01;1;7;0;2;4;15;1;
57594;202200037323;747 444;A01;1;7;0;2;1;26;1;
57595;202200037323;747 445;B01;1;30;0;2;2;1;1;
57596;202200037324;747 443;A01;0;10;0;1;2;0;1;
57597;202200037325;747 441;A01;3;7;0;2;8;19;1;
57598;202200037325;747 442;B01;3;7;0;2;1;1;1;
57599;202200037326;747 440;A01;3;50;0;0;3;1;3;
57600;202200037327;747 437;C01;2;7;0;2;4;2;1;
57601;202200037327;747 438;B01;2;7;0;2;4;1;1;
57602;202200037327;747 439;A01;2;7;0;2;1;1;1;
57603;202200037328;747 435;A01;2;7;0;2;1;1;1;
57604;202200037328;747 436;B01;2;10;0;2;4;1;1;
57605;202200037329;747 434;A01;0;30;0;0;0;1;1;
57606;202200037330;747 432;B01;0;37;0;2;7;1;1;1.0
57607;202200037330;747 433;A01;0;7;9;2;1;26;1;
57608;202200037331;747 430;B01;2;1;0;2;8;1;5;
57609;202200037331;747 431;A01;2;7;0;2;2;16;1;
57610;202200037332;747 429;A01;1;33;0;1;1;1;1;
57611;202200037333;747 427;B01;2;33;0;2;2;17;1;
57612;202200037333;747 428;A01;1;7;0;2;1;15;1;
57613;202200037334;747 426;A01;2;7;0;1;2;14;1;
57614;202200037335;747 424;B01;1;2;0;2;8;15;1;
57615;202200037335;747 425;A01;1;7;0;2;3;1;1;
57616;202200037336;747 421;C01;2;7;0;2;5;1;1;
57617;202200037336;747 422;B01;2;7;10;2;4;1;1;
57618;202200037336;747 423;A01;2;7;10;2;1;1;1;
57619;202200037337;747 419;A01;1;33;0;2;0;17;1;
57620;202200037337;747 420;B01;1;7;0;2;1;1;2;
57621;202200037338;747 416;C01;1;7;0;2;3;0;1;
57622;202200037338;747 417;B01;1;17;0;2;3;1;1;
57623;202200037338;747 418;A01;1;7;0;2;1;13;1;
57624;202200037339;747 414;A01;1;30;0;0;0;0;1;
57625;202200037339;747 415;B01;2;7;0;2;0;15;0;
57626;202200037340;747 413;A01;1;7;0;0;0;13;1;
57627;202200037341;747 411;A01;1;10;0;2;4;2;0;
57628;202200037341;747 412;B01;1;1;0;2;1;0;5;
57629;202200037343;747 407;B01;0;7;0;2;3;1;1;
57630;202200037343;747 408;A01;0;7;0;2;3;1;1;
57631;202200037344;747 404;B01;2;7;0;2;1;15;1;
57632;202200037344;747 406;A01;0;32;0;2;1;1;1;
57633;202200037345;747 403;B01;2;7;0;2;3;1;1;
57634;202200037345;747 405;A01;1;30;0;2;2;1;1;
57635;202200037346;747 401;A01;1;7;0;1;6;4;1;
57636;202200037347;747 400;Z01;2;7;0;2;2;1;1;
57637;202200037347;747 402;B01;2;1;0;2;6;1;5;
57638;202200037348;747 398;A01;2;7;0;2;1;2;1;
57639;202200037348;747 399;B01;2;7;0;2;4;23;1;
57640;202200037350;747 395;A01;1;7;1;0;3;1;1;
57641;202200037350;747 396;B01;3;10;0;2;5;24;1;
57642;202200037351;747 394;A01;0;7;0;2;2;26;1;
57643;202200037352;747 392;B01;1;7;0;2;2;1;1;
57644;202200037352;747 393;A01;1;7;0;2;8;9;1;
57645;202200037353;747 389;B01;3;7;0;2;3;1;1;
57646;202200037353;747 391;A01;3;7;0;2;1;9;1;
57647;202200037354;747 388;A01;1;7;0;2;3;23;1;
57648;202200037354;747 390;B01;1;7;0;2;3;16;1;
57649;202200037355;747 386;A01;1;30;0;1;1;18;1;
57650;202200037356;747 384;A01;2;33;0;2;1;3;1;
57651;202200037356;747 385;B01;2;33;0;2;4;3;1;
57652;202200037356;747 387;C01;2;10;0;2;8;1;1;
57653;202200037357;747 382;A01;1;2;0;2;1;5;1;
57654;202200037357;747 383;B01;1;7;0;2;1;0;1;
57655;202200037358;747 381;A01;3;50;0;0;1;15;3;
57656;202200037359;747 378;B01;2;1;0;2;4;1;5;
57657;202200037359;747 379;A01;1;7;0;2;2;1;1;
57658;202200037360;747 377;B01;1;2;0;2;1;1;1;
57659;202200037360;747 380;A01;1;7;0;2;1;15;1;
57660;202200037361;747 374;A01;2;7;0;2;2;9;1;
57661;202200037361;747 376;B01;2;30;0;2;3;1;3;
57662;202200037362;747 373;A01;3;7;0;2;0;0;1;
57663;202200037362;747 375;B01;3;60;0;2;7;1;0;
57664;202200037363;747 372;A01;1;10;0;1;1;1;1;
57665;202200037364;747 370;A01;2;1;0;2;0;19;5;
57666;202200037364;747 371;B01;2;7;0;9;0;0;1;
57667;202200037365;747 369;A01;2;7;0;1;1;1;1;
57668;202200037366;747 366;A01;2;7;0;2;1;5;1;
57669;202200037366;747 368;B01;1;7;0;2;1;1;1;
57670;202200037368;747 363;A01;1;7;0;1;2;1;2;
57671;202200037370;747 361;A01;2;1;0;0;0;1;5;
57672;202200037371;747 359;A01;3;7;0;2;4;11;1;
57673;202200037371;747 360;B01;3;7;0;2;1;1;1;
57674;202200037372;747 358;A01;1;10;0;1;3;2;1;
57675;202200037373;747 356;B01;1;33;1;2;8;19;1;
57676;202200037373;747 357;A01;1;10;0;2;1;19;1;
57677;202200037374;747 355;A01;1;14;0;1;6;16;1;
57678;202200037375;747 351;B01;1;7;0;2;8;1;1;
57679;202200037375;747 353;C01;1;31;0;2;1;3;1;
57680;202200037375;747 354;A01;1;15;0;2;2;14;1;
57681;202200037376;747 350;A01;0;30;0;2;1;1;1;
57682;202200037376;747 352;B01;0;7;0;2;3;15;1;
57683;202200037377;747 347;B01;1;7;0;2;2;17;1;
57684;202200037377;747 349;A01;3;2;0;2;8;19;1;
57685;202200037378;747 346;B01;2;10;0;2;3;1;1;
57686;202200037378;747 348;A01;1;7;0;2;3;15;1;
57687;202200037379;747 344;A01;1;7;0;1;1;1;1;
57688;202200037380;747 342;Z01;1;10;0;2;5;1;0;
57689;202200037380;747 343;B01;1;14;0;2;3;1;1;
57690;202200037380;747 345;A01;1;33;0;2;1;13;1;
57691;202200037381;747 340;B01;2;7;0;2;4;2;1;
57692;202200037381;747 341;A01;2;7;0;2;1;2;1;
57693;202200037382;747 338;A01;2;1;0;0;0;1;5;
57694;202200037383;747 337;A01;1;7;12;2;1;13;1;
57695;202200037383;747 339;B01;2;7;0;2;0;0;1;
57696;202200037384;747 335;A01;2;7;0;2;4;4;1;
57697;202200037384;747 336;B01;2;32;0;2;3;23;1;
57698;202200037386;747 331;A01;1;50;0;0;0;2;3;
57699;202200037387;747 330;B01;1;7;0;2;6;1;1;
57700;202200037387;747 332;A01;2;7;0;2;1;1;1;
57701;202200037388;747 328;B01;0;30;0;2;0;0;1;
57702;202200037388;747 329;A01;0;7;0;0;0;16;1;
57703;202200037389;747 326;A01;1;10;0;2;8;13;1;
57704;202200037389;747 327;B01;1;32;0;2;7;1;3;
57705;202200037391;747 322;A01;2;33;0;2;1;1;1;
57706;202200037391;747 324;B01;2;7;0;2;3;15;2;
57707;202200037392;747 320;B01;1;7;0;2;8;1;1;
57708;202200037392;747 321;A01;1;14;0;2;7;14;1;
57709;202200037393;747 318;A01;1;33;0;2;7;18;1;
57710;202200037393;747 319;B01;2;7;0;2;7;15;1;
57711;202200037394;747 317;A01;1;7;0;1;3;15;1;
57712;202200037395;747 314;A01;1;7;0;2;5;15;1;
57713;202200037395;747 316;B01;1;1;0;2;1;1;5;
57714;202200037398;747 311;A01;1;7;0;1;3;15;1;
57715;202200037399;747 308;Z01;1;7;0;2;8;0;0;
57716;202200037399;747 309;A01;1;30;0;2;7;17;3;
57717;202200037400;747 307;A01;3;7;0;1;3;15;1;
57718;202200037401;747 305;A01;3;32;0;0;0;0;1;
57719;202200037401;747 306;B01;3;7;0;2;0;0;1;
57720;202200037402;747 304;A01;2;31;0;1;1;1;1;
57721;202200037403;747 302;A01;2;10;0;2;3;16;1;
57722;202200037403;747 303;B01;2;7;13;2;2;1;1;
57723;202200037404;747 301;Z01;1;50;0;1;0;1;3;
57724;202200037405;747 300;A01;1;7;0;9;2;0;1;
57725;202200037406;747 298;A01;1;10;0;2;5;15;1;
57726;202200037406;747 299;B01;1;33;0;2;3;1;1;
57727;202200037408;747 292;B01;0;1;0;2;7;1;5;
57728;202200037408;747 294;A01;1;7;0;2;3;9;1;
57729;202200037409;747 293;B01;2;30;0;2;4;2;3;
57730;202200037409;747 295;A01;2;7;0;2;3;2;1;
57731;202200037410;747 291;A01;3;7;0;1;2;14;2;
57732;202200037411;747 289;A01;2;14;0;2;2;0;1;
57733;202200037411;747 290;B01;2;1;0;2;2;19;5;
57734;202200037412;747 288;A01;2;7;13;0;8;1;1;
57735;202200037413;747 285;B01;3;7;0;2;1;9;1;
57736;202200037413;747 287;A01;2;7;6;2;1;0;1;
57737;202200037414;747 284;A01;3;7;0;2;2;19;2;
57738;202200037414;747 286;B01;1;7;0;2;3;1;1;
57739;202200037415;747 281;A01;2;7;0;2;5;15;1;
57740;202200037415;747 283;B01;2;30;0;2;1;1;1;
57741;202200037416;747 280;B01;2;7;0;2;3;1;1;
57742;202200037416;747 282;A01;1;7;0;2;1;5;1;
57743;202200037417;747 276;A01;2;7;0;2;1;13;1;
57744;202200037417;747 278;B01;1;14;0;2;1;1;1;
57745;202200037418;747 277;B01;1;1;0;2;7;1;5;
57746;202200037418;747 279;A01;3;7;0;9;1;1;1;
57747;202200037419;747 275;A01;1;7;0;0;0;14;1;
57748;202200037420;747 273;C01;-1;0;0;0;0;0;-1;
57749;202200037420;747 274;B01;1;34;0;2;2;1;1;
57750;202200037421;747 272;A01;3;33;13;0;1;1;1;
57751;202200037422;747 269;A01;1;7;0;2;4;23;1;
57752;202200037422;747 271;B01;1;7;0;2;1;1;2;
57753;202200037424;747 266;A01;3;7;6;0;1;16;1;
57754;202200037425;747 265;A01;3;7;6;0;1;0;0;
57755;202200037425;747 267;B01;3;7;0;2;3;0;0;
57756;202200037426;747 263;B01;0;10;0;2;1;1;1;
57757;202200037426;747 264;A01;0;7;2;0;7;1;1;
57758;202200037427;747 261;A01;1;31;0;2;5;15;1;
57759;202200037427;747 262;B01;2;7;0;2;1;1;1;
57760;202200037428;747 257;A01;1;43;0;2;7;18;1;
57761;202200037428;747 259;B01;1;10;0;2;5;20;1;
57762;202200037429;747 258;B01;2;7;13;2;3;1;1;
57763;202200037429;747 260;A01;1;7;13;2;7;15;1;
57764;202200037430;747 255;A01;1;7;2;0;0;14;1;
57765;202200037431;747 254;A01;3;7;0;9;2;1;1;
57766;202200037431;747 256;B01;3;1;0;2;1;0;5;
57767;202200037432;747 253;A01;1;7;0;1;2;16;1;
57768;202200037435;747 249;A01;1;10;0;0;9;1;1;
57769;202200037436;747 248;A01;1;2;12;0;0;1;1;
57770;202200037437;747 246;B01;1;10;0;2;1;1;1;
57771;202200037437;747 247;A01;2;7;0;2;1;13;1;
57772;202200037438;747 244;B01;2;15;0;2;3;2;1;
57773;202200037438;747 245;A01;2;7;0;2;5;17;1;
57774;202200037439;747 242;B01;1;1;0;2;7;1;5;
57775;202200037439;747 243;A01;2;7;0;2;8;1;1;
57776;202200037440;747 239;A01;2;7;0;2;2;15;1;
57777;202200037440;747 240;B01;1;2;0;2;1;1;1;
57778;202200037441;747 237;A01;2;7;0;2;3;0;0;
57779;202200037441;747 238;B01;1;7;0;2;1;0;0;
57780;202200037441;747 241;C01;1;7;0;2;1;0;1;
57781;202200037442;747 236;A01;3;7;6;0;9;0;1;
57782;202200037443;747 235;A01;1;7;2;0;1;1;1;
57783;202200037444;747 234;A01;2;7;2;0;4;1;1;
57784;202200037445;747 233;A01;1;7;6;0;1;1;1;
57785;202200037446;747 232;A01;1;38;0;0;2;0;1;16.0
57786;202200037447;747 229;A01;2;7;0;2;7;13;1;
57787;202200037447;747 231;B01;1;15;0;2;1;1;1;
57788;202200037448;747 230;A01;1;33;8;0;1;13;1;
57789;202200037449;747 228;A01;1;7;2;0;9;1;1;
57790;202200037450;747 226;A01;1;7;0;2;1;2;1;
57791;202200037450;747 227;B01;1;20;0;0;4;2;0;
57792;202200037451;747 224;A01;1;7;0;2;0;20;1;
57793;202200037451;747 225;B01;0;1;0;0;0;1;5;
57794;202200037452;747 222;A01;1;7;13;0;1;1;1;
57795;202200037453;747 221;B01;2;7;0;2;1;1;1;
57796;202200037453;747 223;A01;1;7;0;2;6;19;1;
57797;202200037454;747 218;C01;3;7;0;2;3;23;1;
57798;202200037454;747 219;B01;2;7;0;2;1;21;1;
57799;202200037454;747 220;A01;1;7;0;2;1;15;1;
57800;202200037455;747 217;A01;2;30;12;0;1;1;1;
57801;202200037456;747 215;A01;0;7;2;0;2;14;1;
57802;202200037457;747 214;B01;1;7;0;2;3;1;1;
57803;202200037457;747 216;A01;1;30;0;2;1;15;1;
57804;202200037458;747 213;A01;1;33;0;6;0;1;1;
57805;202200037459;747 211;A01;1;33;0;2;1;1;1;
57806;202200037459;747 212;B01;1;7;0;0;8;1;1;
57807;202200037460;747 207;A01;1;10;0;2;4;2;1;
57808;202200037460;747 208;B01;1;7;0;2;4;2;1;
57809;202200037460;747 209;C01;1;33;0;2;1;2;1;
57810;202200037461;747 206;B01;1;7;8;2;6;1;1;
57811;202200037461;747 210;A01;1;7;0;2;3;19;1;
57812;202200037462;747 205;A01;3;10;0;0;0;1;1;
57813;202200037463;747 204;A01;1;14;0;0;1;1;1;
57814;202200037464;747 203;A01;1;7;0;0;1;1;1;
57815;202200037465;747 202;A01;1;7;10;0;2;2;1;
57816;202200037466;747 200;B01;3;7;0;2;8;1;1;
57817;202200037466;747 201;A01;3;15;0;2;3;1;1;
57818;202200037467;747 198;A01;1;7;0;2;1;15;1;
57819;202200037467;747 199;B01;2;2;0;2;7;1;1;
57820;202200037468;747 195;A01;0;7;0;1;1;1;1;
57821;202200037469;747 193;B01;2;21;0;2;1;1;1;
57822;202200037469;747 194;A01;1;10;0;2;1;13;1;
57823;202200037470;747 192;A01;2;33;13;0;2;19;1;
57824;202200037471;747 190;B01;1;7;0;2;8;15;1;
57825;202200037471;747 191;A01;1;7;0;2;2;17;1;
57826;202200037472;747 186;A01;2;7;0;2;3;17;1;
57827;202200037472;747 188;B01;1;7;0;2;3;1;1;
57828;202200037472;747 189;C01;2;7;0;2;2;21;1;
57829;202200037473;747 185;A01;3;14;6;1;9;16;1;
57830;202200037473;747 187;B01;0;7;0;0;8;15;1;
57831;202200037474;747 184;A01;2;7;0;1;1;1;1;
57832;202200037475;747 182;B01;2;10;1;0;5;24;1;
57833;202200037475;747 183;A01;2;7;1;0;1;14;1;
57834;202200037477;747 179;A01;3;7;7;0;1;1;1;
57835;202200037478;747 178;B01;2;32;0;0;4;1;1;
57836;202200037478;747 180;A01;2;7;0;2;3;9;1;
57837;202200037479;747 177;A01;2;7;0;0;2;1;1;
57838;202200037480;747 176;A01;2;7;0;1;1;1;6;
57839;202200037481;747 175;A01;2;7;2;0;8;1;1;
57840;202200037482;747 173;B01;2;38;0;2;1;1;0;1.0
57841;202200037482;747 174;A01;3;1;0;2;7;19;5;
57842;202200037483;747 171;B01;1;7;0;2;8;23;1;
57843;202200037483;747 172;A01;1;7;0;2;1;1;1;
57844;202200037484;747 168;B01;1;1;0;0;6;26;5;
57845;202200037484;747 170;A01;1;7;0;9;2;9;1;