;Num_Acc;id_vehicule;num_veh;senc;catv;obs;obsm;choc;manv;motor;occutc
57846;202200037485;747 167;B01;2;33;0;2;1;1;1;
57847;202200037485;747 169;A01;2;10;0;2;3;15;1;
57848;202200037486;747 163;B01;0;7;0;2;2;1;1;
57849;202200037486;747 165;A01;3;10;0;2;8;1;1;
57850;202200037487;747 164;B01;2;7;9;2;1;1;1;
57851;202200037487;747 166;A01;1;10;0;2;2;15;1;
57852;202200037488;747 159;A01;3;33;0;2;9;1;1;
57853;202200037488;747 161;B01;3;10;0;0;7;15;1;
57854;202200037489;747 154;A01;1;7;0;2;4;2;1;
57855;202200037489;747 156;B01;1;7;0;2;4;2;1;
57856;202200037489;747 157;C01;1;10;0;2;1;2;1;
57857;202200037490;747 153;A01;1;7;5;2;2;17;1;
57858;202200037490;747 155;B01;1;10;5;2;3;15;1;
57859;202200037491;747 149;C01;2;7;0;2;1;2;1;
57860;202200037491;747 150;B01;2;10;0;2;4;2;1;
57861;202200037491;747 152;A01;2;7;0;2;4;2;1;
57862;202200037492;747 148;A01;1;10;0;2;3;13;1;
57863;202200037492;747 151;B01;2;7;0;2;3;1;1;
57864;202200037493;747 146;A01;1;15;6;0;5;1;1;
57865;202200037494;747 144;Z01;2;0;0;2;0;0;0;
57866;202200037494;747 145;B01;2;7;0;2;4;2;1;
57867;202200037494;747 147;A01;2;7;0;2;4;2;1;
57868;202200037496;747 141;A01;2;7;0;2;1;2;1;
57869;202200037496;747 142;B01;2;7;0;0;4;1;1;
57870;202200037497;747 139;A01;2;7;14;0;9;21;1;
57871;202200037498;747 138;A01;1;7;0;2;2;14;1;
57872;202200037498;747 140;B01;1;15;0;0;6;2;1;
57873;202200037499;747 135;A01;3;33;0;2;1;1;1;
57874;202200037499;747 136;B01;3;7;0;2;3;19;1;
57875;202200037500;747 130;A01;2;7;0;2;2;2;1;
57876;202200037500;747 132;C01;2;7;0;2;1;2;1;
57877;202200037500;747 133;D01;2;7;0;2;4;2;2;
57878;202200037500;747 134;E01;2;7;0;2;5;2;1;
57879;202200037500;747 137;B01;2;7;0;2;1;2;1;
57880;202200037501;747 128;B01;1;10;0;2;6;2;1;
57881;202200037501;747 129;A01;1;33;0;2;1;2;1;
57882;202200037502;747 126;B01;2;7;0;2;4;2;1;
57883;202200037502;747 127;A01;2;10;0;2;1;2;1;
57884;202200037503;747 123;A01;2;15;0;2;1;2;1;
57885;202200037503;747 124;C01;2;7;0;2;4;2;2;
57886;202200037503;747 125;B01;2;7;0;2;4;2;0;
57887;202200037504;747 122;B01;1;38;0;2;3;13;1;19.0
57888;202200037504;747 131;A01;2;20;0;2;1;13;1;
57889;202200037505;747 120;Z01;1;10;0;2;2;0;1;
57890;202200037505;747 121;A01;1;33;0;2;7;1;1;
57891;202200037506;747 119;A01;2;7;4;0;0;0;1;
57892;202200037507;747 117;B01;1;14;0;2;2;1;1;
57893;202200037507;747 118;A01;1;7;4;2;3;9;1;
57894;202200037508;747 113;C01;2;7;0;2;5;1;1;
57895;202200037508;747 114;B01;2;10;0;2;1;2;1;
57896;202200037508;747 116;A01;2;10;0;2;4;2;1;
57897;202200037509;747 112;A01;3;7;13;0;1;0;6;
57898;202200037510;747 110;A01;1;33;0;2;1;1;0;
57899;202200037510;747 111;B01;1;10;0;2;5;12;1;
57900;202200037511;747 106;A01;2;7;0;2;1;1;1;
57901;202200037511;747 108;B01;2;7;0;2;6;2;3;
57902;202200037512;747 105;B01;1;7;0;2;1;13;1;
57903;202200037512;747 107;C01;2;7;0;0;0;17;0;
57904;202200037512;747 109;A01;2;7;0;2;1;1;1;
57905;202200037513;747 103;A01;2;7;0;2;1;2;1;
57906;202200037513;747 104;B01;2;14;0;2;6;23;1;
57907;202200037515;747 099;B01;2;7;0;2;5;2;1;
57908;202200037515;747 101;A01;2;32;0;2;1;2;1;
57909;202200037516;747 100;A01;2;7;2;0;1;1;1;
57910;202200037517;747 096;A01;2;33;0;2;8;18;1;
57911;202200037517;747 098;B01;2;7;0;2;7;1;1;
57912;202200037518;747 097;A01;1;7;0;1;1;15;1;
57913;202200037520;747 092;A01;2;7;0;2;1;21;1;
57914;202200037521;747 091;B01;0;7;0;0;1;0;0;
57915;202200037521;747 093;A01;3;7;15;0;4;0;1;
57916;202200037524;747 087;A01;2;7;4;0;3;21;1;
57917;202200037526;747 082;C01;2;7;0;2;4;1;3;
57918;202200037526;747 083;B01;2;33;0;2;7;3;1;
57919;202200037526;747 084;A01;2;7;0;2;3;11;1;
57920;202200037527;747 079;A01;1;33;0;0;0;1;1;
57921;202200037528;747 080;B01;1;7;0;2;2;9;1;
57922;202200037528;747 081;A01;1;33;0;2;3;1;1;
57923;202200037530;747 075;A01;2;21;0;2;8;15;1;
57924;202200037530;747 076;B01;2;15;0;2;2;17;1;
57925;202200037531;747 071;A01;1;10;0;2;2;1;1;
57926;202200037531;747 073;B01;1;10;0;2;4;23;1;
57927;202200037531;747 074;C01;1;7;0;2;4;23;1;
57928;202200037532;747 070;B01;0;1;0;2;1;19;5;
57929;202200037532;747 072;A01;3;7;0;2;7;1;1;
57930;202200037533;747 068;B01;1;1;1;0;1;1;5;
57931;202200037533;747 069;A01;1;7;0;2;7;22;1;
57932;202200037535;747 064;Z01;2;37;0;2;8;1;0;1.0
57933;202200037535;747 065;A01;2;1;0;2;7;14;5;
57934;202200037536;747 061;A01;2;7;0;2;2;14;1;
57935;202200037536;747 062;B01;1;30;0;2;3;1;1;
57936;202200037537;747 060;A01;2;7;0;0;8;19;1;
57937;202200037537;747 063;B01;2;7;0;2;3;1;1;
57938;202200037538;747 057;A01;2;1;0;2;1;1;5;
57939;202200037538;747 059;B01;1;10;0;2;3;1;1;
57940;202200037539;747 056;B01;1;7;0;2;7;12;1;
57941;202200037539;747 058;A01;1;33;0;2;3;1;1;
57942;202200037540;747 053;A01;2;80;8;2;1;25;3;
57943;202200037540;747 055;B01;1;50;8;2;1;25;3;
57944;202200037541;747 052;B01;1;7;0;2;1;2;1;
57945;202200037541;747 054;A01;1;7;0;2;4;2;1;
57946;202200037542;747 049;B01;1;7;0;2;7;15;0;
57947;202200037542;747 051;A01;2;7;0;2;1;1;1;
57948;202200037543;747 047;C01;1;10;4;2;8;1;1;
57949;202200037543;747 048;B01;1;7;0;2;2;1;1;
57950;202200037543;747 050;A01;1;7;0;2;2;12;1;
57951;202200037545;747 042;B01;2;7;0;2;6;1;1;
57952;202200037545;747 044;A01;2;10;0;2;2;12;1;
57953;202200037546;747 043;A01;1;10;0;2;0;15;1;
57954;202200037546;747 045;B01;1;33;0;2;3;2;1;
57955;202200037547;747 040;A01;1;34;4;0;7;15;1;
57956;202200037548;747 039;B01;1;15;0;2;1;1;1;
57957;202200037548;747 041;A01;2;33;0;2;1;13;1;
57958;202200037549;747 037;B01;0;7;0;2;2;1;1;
57959;202200037549;747 038;A01;0;30;0;5;1;1;1;
57960;202200037550;747 036;A01;1;7;4;0;3;1;1;
57961;202200037551;747 035;A01;1;7;0;1;3;1;0;
57962;202200037552;747 033;A01;1;33;0;2;1;2;1;
57963;202200037552;747 034;B01;1;7;0;0;5;2;1;
57964;202200037554;747 029;A01;1;17;0;2;2;12;1;
57965;202200037554;747 031;B01;1;7;0;2;6;11;1;
57966;202200037556;747 027;A01;0;7;1;0;0;12;1;
57967;202200037558;747 024;A01;1;7;0;1;0;0;1;
57968;202200037559;747 021;A01;2;7;0;2;3;1;1;
57969;202200037559;747 022;B01;2;50;0;2;1;1;3;
57970;202200037560;747 020;B01;1;10;0;2;4;2;1;
57971;202200037560;747 023;A01;1;10;0;2;1;2;1;
57972;202200037561;747 019;A01;1;10;0;1;2;15;1;
57973;202200037562;747 015;A01;2;7;0;2;2;19;1;
57974;202200037562;747 016;B01;2;7;0;2;3;1;1;
57975;202200037563;747 014;A01;1;10;12;1;3;1;0;
57976;202200037565;747 017;B01;2;33;0;2;1;2;1;
57977;202200037565;747 018;A01;2;7;0;2;0;1;1;
57978;202200037566;747 011;A01;2;10;13;0;8;1;1;
57979;202200037567;747 009;A01;1;2;0;0;8;15;1;
57980;202200037567;747 010;B01;1;33;0;2;7;17;1;
57981;202200037568;747 007;A01;1;7;0;2;3;13;1;
57982;202200037568;747 008;B01;2;7;0;2;3;1;1;
57983;202200037569;747 006;A01;1;33;2;0;1;1;1;
57984;202200037570;747 005;A01;2;7;3;0;1;2;1;
57985;202200037571;747 003;A01;0;10;0;2;1;13;1;
57986;202200037571;747 004;B01;0;7;0;2;1;1;1;
57987;202200037572;747 002;A01;3;36;0;0;3;0;1;
57988;202200037573;747 000;A01;2;7;0;2;8;1;1;
57989;202200037573;747 001;B01;1;7;12;2;1;16;1;
57990;202200037574;746 999;A01;1;7;13;0;0;1;1;
57991;202200037576;746 995;B01;1;7;0;2;3;1;1;
57992;202200037576;746 996;A01;2;21;0;2;3;0;1;
57993;202200037578;746 992;A01;0;7;13;0;2;0;1;
57994;202200037579;746 990;B01;1;7;0;2;2;1;1;
57995;202200037579;746 991;A01;1;7;0;2;3;15;1;
57996;202200037580;746 989;A01;1;34;0;0;2;1;1;
57997;202200037581;746 988;A01;1;7;2;0;7;1;1;
57998;202200037582;746 986;A01;2;7;0;2;3;13;1;
57999;202200037582;746 987;B01;1;10;0;2;1;1;1;
58000;202200037583;746 984;A01;2;7;9;0;3;1;1;
58001;202200037583;746 985;B01;1;7;0;0;3;1;1;
58002;202200037585;746 980;B01;1;7;0;2;1;1;1;
58003;202200037585;746 981;A01;2;7;0;2;1;1;1;
58004;202200037586;746 978;B01;1;7;0;0;1;0;1;
58005;202200037586;746 979;A01;2;7;0;0;1;2;1;
58006;202200037588;746 974;B01;2;7;0;2;4;23;1;
58007;202200037588;746 975;A01;2;7;0;2;1;2;1;
58008;202200037589;746 973;A01;1;33;0;0;7;1;1;
58009;202200037590;746 971;A01;1;7;0;2;2;17;1;
58010;202200037590;746 972;B01;1;30;0;0;6;1;3;
58011;202200037591;746 967;A01;2;7;0;2;1;5;3;
58012;202200037591;746 968;B01;1;99;0;2;1;1;1;
58013;202200037591;746 969;C01;0;7;0;2;2;18;1;
58014;202200037591;746 970;D01;1;7;0;2;1;1;1;
58015;202200037592;746 965;B01;0;2;0;2;1;1;1;
58016;202200037592;746 966;A01;0;7;0;2;3;1;1;
58017;202200037594;746 961;A01;2;2;0;2;1;17;1;
58018;202200037594;746 962;B01;3;7;0;2;1;15;1;
58019;202200037595;746 959;B01;2;1;0;0;7;1;5;
58020;202200037595;746 960;A01;2;7;0;2;3;9;1;
58021;202200037596;746 957;A01;1;33;0;2;1;2;1;
58022;202200037596;746 958;B01;1;7;0;0;4;2;1;
58023;202200037597;746 955;A01;2;7;0;2;1;13;1;
58024;202200037597;746 956;B01;1;15;0;2;2;1;1;
58025;202200037598;746 954;A01;2;7;2;0;7;13;1;
58026;202200037599;746 951;A01;1;7;0;0;4;1;1;
58027;202200037599;746 952;C01;1;7;0;2;2;1;1;
58028;202200037599;746 953;B01;1;32;0;2;1;1;1;
58029;202200037601;746 944;A01;1;15;0;0;4;2;0;
58030;202200037601;746 945;B01;1;7;0;0;2;2;2;
58031;202200037601;746 946;C01;2;7;0;2;1;2;1;
58032;202200037602;746 940;A01;0;33;8;0;3;1;1;
58033;202200037604;746 935;A01;2;7;0;2;1;1;1;
58034;202200037604;746 936;B01;2;7;0;2;9;15;1;
58035;202200037604;746 937;C01;1;7;0;2;1;1;1;
58036;202200037605;746 933;A01;3;32;0;2;1;1;1;
58037;202200037605;746 934;B01;3;7;0;2;3;13;1;
58038;202200037606;746 932;A01;3;7;0;0;9;0;1;
58039;202200037607;746 930;B01;2;14;0;2;3;0;1;
58040;202200037607;746 931;A01;1;7;0;2;3;0;1;
58041;202200037608;746 929;A01;2;7;3;0;2;1;1;
58042;202200037609;746 927;B01;0;7;0;0;4;1;1;
58043;202200037609;746 928;A01;3;7;0;2;1;1;1;
58044;202200037610;746 926;A01;2;7;0;1;1;1;1;
58045;202200037611;746 924;A01;2;7;0;9;2;15;3;
58046;202200037611;746 925;B01;2;1;0;2;7;1;5;
58047;202200037612;746 923;A01;1;7;3;0;9;1;1;
58048;202200037613;746 922;A01;1;7;13;0;3;1;1;
58049;202200037615;746 919;A01;1;7;13;0;2;14;1;
58050;202200037616;746 918;A01;1;37;0;1;2;1;1;1.0
58051;202200037617;746 915;B01;2;33;0;2;1;1;1;
58052;202200037617;746 916;A01;2;7;0;0;4;1;1;
58053;202200037618;746 913;B01;1;7;0;2;4;12;1;
58054;202200037618;746 914;A01;1;7;0;2;1;17;1;
58055;202200037619;746 911;A01;1;7;0;2;2;1;2;
58056;202200037619;746 912;B01;1;7;0;2;4;2;1;
58057;202200037620;746 909;B01;1;7;0;2;6;2;1;
58058;202200037620;746 910;A01;1;33;0;2;1;13;1;
58059;202200037621;746 906;A01;1;33;0;2;1;17;1;
58060;202200037621;746 907;B01;1;7;0;2;6;2;1;
58061;202200037621;746 908;C01;1;10;0;2;1;1;1;
58062;202200037622;746 905;A01;2;7;6;0;3;13;1;
58063;202200037623;746 903;A01;1;7;0;2;1;2;1;
58064;202200037623;746 904;Z01;2;7;1;2;1;21;1;
58065;202200037624;746 901;A01;1;7;0;2;1;2;1;
58066;202200037624;746 902;B01;1;50;0;2;4;15;3;
58067;202200037625;746 898;B01;2;7;0;2;6;23;1;
58068;202200037625;746 899;A01;2;7;0;2;2;2;1;
58069;202200037625;746 900;C01;2;7;0;2;3;23;1;
58070;202200037626;746 896;B01;1;7;0;2;3;1;1;
58071;202200037626;746 897;A01;1;7;0;2;2;15;1;
58072;202200037627;746 894;A01;0;7;0;2;7;19;1;
58073;202200037627;746 895;B01;0;7;0;2;3;2;1;
58074;202200037628;746 891;A01;1;7;0;2;3;15;1;
58075;202200037628;746 892;B01;1;7;0;2;8;1;1;
58076;202200037629;746 889;A01;0;7;0;2;0;0;1;
58077;202200037629;746 890;B01;0;7;0;2;6;0;1;
58078;202200037631;746 886;B01;1;7;0;2;8;1;1;
58079;202200037631;746 887;A01;1;2;0;2;1;17;1;
58080;202200037632;746 883;A01;1;10;0;2;1;0;1;
58081;202200037632;746 884;C01;1;7;0;2;1;0;1;
58082;202200037632;746 885;B01;1;7;0;2;1;0;1;
58083;202200037633;746 882;A01;2;30;0;0;1;26;1;
58084;202200037634;746 881;A01;1;7;0;1;2;16;1;
58085;202200037637;746 876;A01;1;7;0;2;3;15;1;
58086;202200037637;746 877;B01;2;31;0;2;1;1;1;
58087;202200037638;746 874;B01;1;33;0;2;7;1;1;
58088;202200037638;746 875;A01;1;7;0;2;8;11;2;
58089;202200037639;746 872;A01;1;7;0;2;1;2;1;
58090;202200037639;746 873;B01;1;7;0;2;4;2;1;
58091;202200037640;746 871;A01;1;33;0;0;5;21;1;
58092;202200037641;746 869;A01;1;33;0;2;1;21;1;
58093;202200037641;746 870;B01;1;7;0;2;4;2;1;
58094;202200037642;746 868;A01;2;15;8;0;1;1;1;
58095;202200037644;746 866;A01;1;7;0;1;1;16;1;
58096;202200037645;746 863;C01;2;7;0;2;4;23;1;
58097;202200037645;746 864;B01;0;7;0;2;4;23;1;
58098;202200037645;746 865;A01;2;7;0;2;1;1;1;
58099;202200037646;746 861;A01;3;10;0;0;0;0;1;
58100;202200037646;746 862;B01;3;1;0;0;0;0;5;
58101;202200037647;746 859;B01;1;33;0;2;1;1;1;
58102;202200037647;746 860;A01;1;33;0;2;6;16;1;
58103;202200037648;746 857;B01;2;7;0;2;4;2;1;
58104;202200037648;746 858;A01;2;7;0;2;1;2;1;
58105;202200037649;746 856;A01;3;1;0;0;0;25;5;
58106;202200037650;746 854;A01;3;30;0;2;7;17;1;
58107;202200037650;746 855;B01;3;7;0;2;8;1;1;
58108;202200037651;746 853;A01;1;7;0;1;4;26;1;
58109;202200037652;746 851;A01;2;7;0;2;7;16;1;
58110;202200037652;746 852;B01;2;1;0;2;8;1;5;
58111;202200037653;746 850;A01;2;7;2;0;1;13;1;
58112;202200037654;746 849;A01;2;7;6;0;1;1;1;
58113;202200037655;746 847;A01;1;7;0;2;1;15;1;
58114;202200037655;746 848;B01;2;33;0;2;1;1;1;
58115;202200037656;746 845;B01;2;1;0;2;7;1;5;
58116;202200037656;746 846;A01;1;7;0;2;3;16;1;
58117;202200037657;746 843;A01;1;7;0;2;2;1;1;
58118;202200037657;746 844;B01;1;99;0;2;8;1;2;
58119;202200037658;746 841;A01;1;7;0;2;1;13;1;
58120;202200037658;746 842;B01;2;7;0;2;3;1;1;
58121;202200037659;746 839;A01;1;7;0;2;2;17;1;
58122;202200037659;746 840;B01;1;7;6;2;8;1;2;
58123;202200037660;746 836;A01;1;7;0;2;1;1;1;
58124;202200037660;746 837;C01;1;7;0;2;3;21;1;
58125;202200037660;746 838;B01;1;7;0;2;4;1;1;
58126;202200037661;746 832;B01;1;31;0;2;0;0;1;
58127;202200037661;746 833;A01;1;7;0;9;3;15;1;
58128;202200037662;746 831;A01;1;7;16;1;2;21;1;
58129;202200037663;746 830;A01;1;34;12;0;2;2;1;
58130;202200037664;746 828;A01;2;31;0;2;1;13;1;
58131;202200037664;746 829;B01;1;10;0;2;2;21;1;
58132;202200037665;746 827;A01;2;14;0;1;3;1;1;
58133;202200037666;746 826;A01;3;7;0;1;1;9;1;
58134;202200037667;746 824;B01;2;31;0;1;1;1;1;
58135;202200037667;746 825;C01;2;7;0;2;3;1;1;
58136;202200037668;746 822;A01;2;7;1;0;1;7;1;
58137;202200037668;746 823;B01;1;38;1;2;4;23;1;1.0
58138;202200037669;746 820;A01;3;7;0;2;1;2;1;
58139;202200037669;746 821;B01;3;7;0;2;5;0;1;
58140;202200037670;746 819;A01;1;7;0;0;1;14;1;
58141;202200037671;746 818;A01;3;7;0;1;2;1;1;
58142;202200037672;746 816;A01;2;7;0;2;1;15;1;
58143;202200037672;746 817;B01;1;33;0;2;1;1;1;
58144;202200037673;746 814;Z01;1;7;0;2;0;1;0;
58145;202200037673;746 815;A01;1;30;0;2;8;1;1;
58146;202200037674;746 812;A01;1;7;0;2;3;14;1;
58147;202200037674;746 813;B01;1;7;0;2;5;24;2;
58148;202200037675;746 810;A01;1;10;0;2;2;2;1;
58149;202200037675;746 811;B01;1;30;0;2;4;23;1;
58150;202200037676;746 809;A01;1;7;0;1;2;16;1;
58151;202200037677;746 807;B01;1;7;0;2;8;1;1;
58152;202200037677;746 808;A01;2;30;0;2;1;1;1;
58153;202200037678;746 806;A01;2;1;0;1;4;1;5;
58154;202200037680;746 803;Z01;0;7;15;0;1;16;3;
58155;202200037681;746 802;A01;1;1;0;1;1;1;5;
58156;202200037682;746 800;B01;1;7;0;2;3;1;1;
58157;202200037682;746 801;A01;1;1;0;2;1;1;5;
58158;202200037683;746 798;A01;2;33;0;2;1;1;1;
58159;202200037683;746 799;B01;1;10;0;2;2;1;1;
58160;202200037684;746 797;A01;3;7;0;1;1;1;2;
58161;202200037685;746 796;A01;1;7;0;1;1;1;2;
58162;202200037686;746 793;A01;1;10;0;2;1;2;0;
58163;202200037686;746 794;B01;1;7;0;2;9;2;0;
58164;202200037686;746 795;C01;1;7;0;2;4;0;0;
58165;202200037687;746 792;A01;2;30;0;0;0;26;1;
58166;202200037688;746 790;A01;0;7;0;2;3;19;2;
58167;202200037688;746 791;B01;0;50;0;2;2;19;3;
58168;202200037689;746 788;B01;3;7;0;2;3;1;1;
58169;202200037689;746 789;A01;3;7;0;2;8;13;1;
58170;202200037690;746 787;A01;3;32;0;0;0;1;1;
58171;202200037691;746 785;B01;1;7;0;2;2;1;1;
58172;202200037691;746 786;A01;1;7;0;2;3;15;1;
58173;202200037692;746 783;B01;2;37;0;2;6;26;1;1.0
58174;202200037692;746 784;A01;1;43;0;2;2;17;1;
58175;202200037693;746 781;B01;1;32;0;2;0;0;0;
58176;202200037693;746 782;A01;1;3;0;2;0;0;0;
58177;202200037694;746 780;A01;1;34;0;1;1;17;1;
58178;202200037696;746 777;A01;3;15;0;1;1;26;1;
58179;202200037697;746 776;A01;2;33;0;0;0;1;1;
58180;202200037698;746 774;B01;1;7;4;2;4;2;1;
58181;202200037698;746 775;A01;1;7;0;2;1;2;1;
58182;202200037699;746 772;A01;1;7;0;0;3;26;1;
58183;202200037699;746 773;B01;2;33;0;0;1;1;1;
58184;202200037700;746 770;A01;3;1;0;2;1;1;5;
58185;202200037700;746 771;B01;3;7;0;2;1;1;1;
58186;202200037701;746 769;A01;0;7;7;0;1;13;1;
58187;202200037702;746 767;A01;2;33;0;2;1;2;1;
58188;202200037702;746 768;B01;2;17;0;0;0;2;1;
58189;202200037703;746 766;A01;2;7;13;0;2;13;1;
58190;202200037704;746 764;A01;2;7;15;2;1;1;1;
58191;202200037704;746 765;B01;1;7;0;2;3;19;1;
58192;202200037705;746 763;A01;2;1;0;0;2;1;5;
58193;202200037706;746 761;A01;1;7;0;2;3;13;1;
58194;202200037706;746 762;B01;2;7;0;2;3;1;1;
58195;202200037707;746 759;A01;1;32;3;2;8;1;1;
58196;202200037707;746 760;B01;1;15;0;2;5;17;1;
58197;202200037708;746 757;B01;2;10;0;2;3;15;1;
58198;202200037708;746 758;A01;2;33;0;2;1;17;1;
58199;202200037709;746 755;A01;3;2;0;2;8;1;1;
58200;202200037709;746 756;B01;3;7;0;2;3;1;1;
58201;202200037710;746 754;A01;1;7;15;0;1;14;1;
58202;202200037711;746 752;B01;1;1;0;0;4;2;5;
58203;202200037711;746 753;A01;1;10;0;2;2;2;1;
58204;202200037712;746 751;A01;1;7;2;0;2;0;1;
58205;202200037713;746 750;A01;1;33;6;9;1;17;1;
58206;202200037714;746 749;A01;3;7;0;1;2;1;1;
58207;202200037716;746 746;A01;1;7;7;0;1;1;1;
58208;202200037717;746 744;B01;1;10;0;2;3;1;1;
58209;202200037717;746 745;A01;2;7;0;2;1;13;1;
58210;202200037718;746 742;A01;2;10;4;0;6;24;1;
58211;202200037718;746 743;B01;2;15;1;0;1;21;1;
58212;202200037719;746 740;B01;1;7;0;2;3;15;1;
58213;202200037719;746 741;A01;2;21;0;2;1;16;1;
58214;202200037720;746 738;A01;3;7;0;2;2;19;1;
58215;202200037720;746 739;B01;1;33;0;2;1;1;1;
58216;202200037722;746 734;B01;3;7;0;2;1;1;1;
58217;202200037722;746 735;A01;3;7;0;2;1;15;1;
58218;202200037723;746 732;A01;0;7;0;2;5;26;1;
58219;202200037723;746 733;B01;0;2;0;2;3;1;1;
58220;202200037724;746 730;A01;2;7;0;2;1;2;1;
58221;202200037724;746 731;B01;2;7;3;0;4;1;1;
58222;202200037726;746 726;B01;2;17;0;2;1;0;1;
58223;202200037726;746 727;A01;1;3;0;2;1;13;3;
58224;202200037727;746 724;A01;2;7;3;2;2;5;1;
58225;202200037727;746 725;B01;1;17;0;2;2;1;1;
58226;202200037728;746 722;A01;1;7;0;2;3;5;1;
58227;202200037728;746 723;B01;2;14;0;2;3;1;1;
58228;202200037729;746 720;B01;2;17;0;0;4;1;1;
58229;202200037729;746 721;A01;2;7;0;2;1;1;1;
58230;202200037730;746 718;A01;1;33;0;2;1;1;0;
58231;202200037730;746 719;B01;2;30;0;2;8;19;0;
58232;202200037731;746 716;A01;3;1;0;2;8;19;5;
58233;202200037731;746 717;B01;3;7;0;9;2;19;1;
58234;202200037732;746 715;A01;2;7;8;0;2;14;1;
58235;202200037733;746 713;A01;1;2;0;2;2;3;1;
58236;202200037733;746 714;B01;1;7;0;2;8;15;1;
58237;202200037734;746 711;B01;2;7;0;2;2;1;1;
58238;202200037734;746 712;A01;1;34;0;2;8;15;1;
58239;202200037735;746 708;C01;2;7;0;2;1;1;1;
58240;202200037735;746 709;A01;2;7;0;2;2;11;1;
58241;202200037735;746 710;B01;2;34;0;2;1;1;1;
58242;202200037736;746 706;A01;1;7;2;0;1;17;1;
58243;202200037736;746 707;B01;1;7;7;0;7;16;1;
58244;202200037737;746 704;A01;3;7;0;2;8;15;6;
58245;202200037737;746 705;B01;3;31;0;0;1;2;1;
58246;202200037738;746 703;A01;1;7;13;0;9;0;1;
58247;202200037739;746 702;A01;1;33;16;0;9;1;1;
58248;202200037740;746 700;B01;1;7;0;0;4;1;1;
58249;202200037740;746 701;A01;1;7;0;2;1;1;1;
58250;202200037741;746 698;B01;1;7;0;2;6;11;1;
58251;202200037741;746 699;A01;1;7;0;2;2;11;1;
58252;202200037742;746 697;A01;1;33;0;0;1;1;1;
58253;202200037743;746 696;A01;1;33;0;0;8;1;1;
58254;202200037744;746 695;A01;1;1;0;0;0;1;5;
58255;202200037745;746 692;B01;3;7;0;2;3;2;1;
58256;202200037745;746 693;A01;3;7;0;2;1;13;1;
58257;202200037746;746 691;A01;3;7;0;1;3;1;1;
58258;202200037747;746 689;B01;2;2;0;2;1;1;1;
58259;202200037747;746 690;A01;1;7;0;2;1;17;1;
58260;202200037748;746 688;A01;1;7;15;0;1;1;1;
58261;202200037749;746 686;B01;2;7;0;2;3;1;1;
58262;202200037749;746 687;A01;1;7;0;2;3;13;1;
58263;202200037750;746 684;A01;3;7;0;2;1;26;1;
58264;202200037750;746 685;B01;3;7;0;2;1;1;1;
58265;202200037751;746 682;B01;1;10;0;9;4;23;1;
58266;202200037751;746 683;A01;1;7;0;2;1;2;1;
58267;202200037754;746 676;A01;1;7;4;0;1;1;1;
58268;202200037755;746 675;A01;2;10;4;2;1;2;1;
58269;202200037756;746 674;A01;1;15;0;1;2;0;1;
58270;202200037758;746 670;A01;2;7;0;2;3;2;1;
58271;202200037758;746 671;B01;2;7;0;2;5;2;1;
58272;202200037758;746 672;C01;2;7;0;2;4;2;1;
58273;202200037759;746 668;B01;1;7;0;2;4;1;2;
58274;202200037759;746 669;A01;1;7;0;2;1;26;1;
58275;202200037760;746 666;B01;2;7;0;2;5;1;1;
58276;202200037760;746 667;A01;2;33;0;2;1;26;1;
58277;202200037761;746 664;A01;1;10;0;2;1;2;1;
58278;202200037761;746 665;B01;1;7;0;2;4;2;1;
58279;202200037762;746 662;A01;2;32;0;2;8;1;1;
58280;202200037762;746 663;Z01;2;10;0;2;7;12;0;
58281;202200037763;746 660;B01;2;7;0;2;6;2;2;
58282;202200037763;746 661;A01;2;13;0;2;2;12;1;
58283;202200037764;746 657;A01;1;7;0;2;4;1;1;
58284;202200037764;746 658;B01;1;7;0;2;4;2;1;
58285;202200037764;746 659;C01;1;7;0;2;1;2;1;
58286;202200037765;746 654;A01;1;7;0;2;5;1;1;
58287;202200037765;746 655;B01;1;33;0;2;8;21;1;
58288;202200037765;746 656;C01;1;7;0;2;1;18;1;
58289;202200037766;746 652;B01;3;1;0;2;1;1;5;
58290;202200037766;746 653;A01;3;7;0;9;3;9;1;
58291;202200037767;746 651;A01;1;7;4;0;3;13;1;
58292;202200037768;746 650;A01;0;2;0;1;1;1;4;
58293;202200037769;746 649;A01;1;32;0;1;1;9;1;
58294;202200037770;746 648;A01;2;7;13;5;1;1;1;
58295;202200037772;746 645;B01;1;10;0;2;0;26;1;
58296;202200037772;746 646;A01;1;7;0;2;0;0;1;
58297;202200037773;746 643;A01;1;7;0;2;5;17;1;
58298;202200037773;746 644;B01;1;15;0;2;8;1;0;
58299;202200037774;746 641;B01;1;2;0;2;1;1;1;
58300;202200037774;746 642;A01;1;7;0;2;8;9;1;
58301;202200037775;746 640;A01;1;30;12;0;1;1;1;
58302;202200037776;746 638;A01;2;33;0;2;1;2;1;
58303;202200037776;746 639;B01;2;7;0;2;5;2;1;
58304;202200037778;746 634;B01;2;7;0;2;6;19;1;
58305;202200037778;746 635;A01;3;7;0;2;1;19;1;