;Num_Acc;id_vehicule;num_veh;senc;catv;obs;obsm;choc;manv;motor;occutc
58306;202200037779;746 632;A01;1;7;0;2;3;2;1;
58307;202200037779;746 633;B01;1;33;0;2;2;1;1;
58308;202200037781;746 625;A01;1;7;0;2;1;1;3;
58309;202200037781;746 626;D01;1;7;0;2;4;1;1;
58310;202200037781;746 627;E01;1;7;0;0;0;15;1;
58311;202200037781;746 628;B01;1;7;14;2;6;1;1;
58312;202200037781;746 629;C01;1;7;0;2;4;1;1;
58313;202200037782;746 623;A01;1;7;0;2;1;2;1;
58314;202200037782;746 624;B01;1;7;0;2;4;2;1;
58315;202200037783;746 621;A01;1;7;0;2;1;1;1;
58316;202200037783;746 622;B01;1;1;0;2;4;1;5;
58317;202200037784;746 620;A01;1;7;6;0;6;13;1;
58318;202200037785;746 619;A01;1;7;0;1;2;1;1;
58319;202200037786;746 617;A01;1;33;14;0;0;0;0;
58320;202200037786;746 618;B01;1;7;14;0;4;0;0;
58321;202200037788;746 613;C01;1;7;0;2;4;1;1;
58322;202200037788;746 614;B01;1;7;0;2;6;1;1;
58323;202200037788;746 615;A01;1;7;0;2;1;12;1;
58324;202200037789;746 612;A01;0;30;8;0;1;1;1;
58325;202200037790;746 610;A01;2;7;0;9;8;15;1;
58326;202200037790;746 611;B01;1;1;0;2;8;1;5;
58327;202200037791;746 604;A01;3;7;0;2;1;1;1;
58328;202200037791;746 605;B01;3;7;0;2;3;1;1;
58329;202200037792;746 602;B01;3;38;0;2;3;1;0;1.0
58330;202200037792;746 603;A01;3;7;0;2;2;15;1;
58331;202200037793;746 601;A01;3;3;15;0;1;1;0;
58332;202200037794;746 600;A01;2;7;1;0;1;13;1;
58333;202200037795;746 598;B01;1;31;14;2;1;1;1;
58334;202200037795;746 599;A01;1;7;0;2;4;1;1;
58335;202200037796;746 596;B01;2;1;0;2;9;1;0;
58336;202200037796;746 597;A01;1;7;0;2;8;15;1;
58337;202200037798;746 593;A01;2;31;2;1;1;1;0;
58338;202200037799;746 592;A01;3;7;0;2;4;26;1;
58339;202200037800;746 591;A01;3;7;0;1;2;19;1;
58340;202200037801;746 589;A01;1;7;0;2;7;1;1;
58341;202200037801;746 590;B01;2;7;0;2;1;1;1;
58342;202200037802;746 588;A01;1;7;13;0;1;13;1;
58343;202200037803;746 586;B01;1;1;0;9;1;1;5;
58344;202200037803;746 587;A01;1;30;0;9;1;16;3;
58345;202200037804;746 584;A01;1;7;0;2;1;1;1;
58346;202200037804;746 585;B01;1;30;0;2;1;1;1;
58347;202200037805;746 582;B01;1;7;0;0;4;23;1;
58348;202200037805;746 583;A01;1;7;0;2;1;2;1;
58349;202200037806;746 581;A01;1;7;2;0;1;13;1;
58350;202200037807;746 579;Z01;2;7;0;2;1;2;2;
58351;202200037807;746 580;B01;2;33;7;0;4;1;1;
58352;202200037808;746 577;B01;1;7;0;2;1;1;1;
58353;202200037808;746 578;A01;1;1;0;2;8;1;5;
58354;202200037809;746 575;A01;1;7;0;2;2;15;1;
58355;202200037809;746 576;B01;1;2;0;2;1;1;1;
58356;202200037810;746 574;A01;3;30;9;0;1;16;1;
58357;202200037811;746 573;A01;3;7;0;1;4;20;1;
58358;202200037812;746 571;B01;1;33;0;2;1;1;1;
58359;202200037812;746 572;A01;2;7;0;2;7;15;1;
58360;202200037814;746 568;A01;2;7;0;1;1;1;1;
58361;202200037815;746 566;B01;0;33;0;2;8;15;1;
58362;202200037815;746 567;A01;1;7;0;2;3;15;1;
58363;202200037816;746 564;A01;1;10;0;2;3;23;1;
58364;202200037816;746 565;B01;2;1;0;2;1;13;5;
58365;202200037817;746 562;A01;1;7;0;2;1;1;1;
58366;202200037817;746 563;B01;2;7;0;2;3;0;1;
58367;202200037819;746 558;A01;2;33;0;2;2;3;1;
58368;202200037819;746 559;B01;2;7;0;2;3;1;1;
58369;202200037820;746 556;B01;1;7;0;2;4;1;1;
58370;202200037820;746 557;A01;1;33;0;2;1;3;1;
58371;202200037821;746 554;B01;1;33;1;2;8;13;1;
58372;202200037821;746 555;A01;1;7;2;2;3;13;1;
58373;202200037822;746 553;A01;2;30;0;0;7;5;3;
58374;202200037823;746 551;Z01;2;7;0;2;2;15;0;
58375;202200037823;746 552;A01;3;1;0;2;3;1;5;
58376;202200037824;746 549;B01;2;30;0;2;1;1;1;
58377;202200037824;746 550;A01;1;7;0;2;5;15;1;
58378;202200037825;746 547;A01;1;7;0;2;3;10;1;
58379;202200037825;746 548;B01;1;30;0;2;1;1;1;
58380;202200037826;746 546;A01;1;1;0;1;2;7;5;
58381;202200037827;746 545;Z01;1;7;0;1;1;16;2;
58382;202200037828;746 542;A01;2;7;0;2;1;2;1;
58383;202200037828;746 543;B01;2;7;0;2;4;2;1;
58384;202200037829;746 541;A01;2;80;12;0;0;13;3;
58385;202200037830;746 540;A01;2;1;0;1;1;1;5;
58386;202200037831;746 538;A01;1;7;0;2;5;12;0;
58387;202200037831;746 539;B01;1;33;0;2;8;1;0;
58388;202200037832;746 536;A01;2;33;0;2;1;1;1;
58389;202200037832;746 537;B01;2;7;0;2;4;11;1;
58390;202200037833;746 533;C01;2;7;0;2;5;1;1;
58391;202200037833;746 534;B01;2;33;0;2;1;3;1;
58392;202200037833;746 535;A01;2;10;0;2;7;12;0;
58393;202200037834;746 531;A01;1;7;0;2;1;2;1;
58394;202200037834;746 532;B01;1;7;0;2;4;2;2;
58395;202200037835;746 529;A01;1;15;0;2;2;1;1;
58396;202200037835;746 530;B01;1;7;0;2;3;9;1;
58397;202200037836;746 527;A01;1;32;0;2;1;2;1;
58398;202200037836;746 528;B01;1;10;0;2;4;2;1;
58399;202200037837;746 524;A01;2;7;0;2;4;12;3;
58400;202200037837;746 525;B01;2;10;0;2;1;1;1;
58401;202200037837;746 526;C01;2;7;0;2;1;1;1;
58402;202200037840;746 518;B01;2;7;0;2;3;14;1;
58403;202200037840;746 519;A01;2;10;0;2;5;1;1;
58404;202200037841;746 514;D01;2;7;0;2;2;0;1;
58405;202200037841;746 515;C01;2;7;0;2;6;1;1;
58406;202200037841;746 516;B01;2;7;0;2;7;2;1;
58407;202200037841;746 517;A01;2;7;0;2;4;1;1;
58408;202200037842;746 513;A01;2;1;0;0;1;1;5;
58409;202200037843;746 512;A01;2;7;4;0;9;0;1;
58410;202200037846;746 509;A01;3;33;8;0;1;1;1;
58411;202200037847;746 508;A01;1;15;0;1;1;1;1;
58412;202200037848;746 506;A01;2;99;0;2;3;15;1;
58413;202200037848;746 507;B01;1;33;0;2;1;1;1;
58414;202200037849;746 504;A01;2;7;0;2;2;15;1;
58415;202200037849;746 505;B01;2;31;0;2;2;1;1;
58416;202200037850;746 501;A01;2;10;0;2;1;1;1;
58417;202200037850;746 502;B01;2;7;0;2;4;1;2;
58418;202200037850;746 503;C01;1;10;0;2;6;1;1;
58419;202200037851;746 499;B01;2;7;0;2;1;1;1;
58420;202200037851;746 500;A01;1;7;0;2;1;15;1;
58421;202200037852;746 497;B01;2;80;0;2;8;19;3;
58422;202200037852;746 498;A01;1;7;0;2;1;15;1;
58423;202200037853;746 496;A01;1;7;0;1;1;9;1;
58424;202200037854;746 495;A01;1;7;0;1;1;1;1;
58425;202200037855;746 494;A01;2;50;12;0;7;14;3;
58426;202200037856;746 492;A01;1;7;0;2;3;15;1;
58427;202200037856;746 493;B01;1;43;0;2;1;13;1;
58428;202200037857;746 491;A01;1;37;0;1;2;1;1;1.0
58429;202200037858;746 490;A01;1;7;0;1;2;1;1;
58430;202200037859;746 489;A01;1;33;0;0;8;17;1;
58431;202200037860;746 488;A01;1;7;0;1;3;15;1;
58432;202200037862;746 485;A01;1;7;0;2;1;9;1;
58433;202200037862;746 486;B01;2;50;0;2;2;2;3;
58434;202200037863;746 483;B01;3;13;0;2;3;2;1;
58435;202200037863;746 484;A01;3;7;0;2;5;2;1;
58436;202200037864;746 482;A01;2;7;0;1;1;15;2;
58437;202200037865;746 480;B01;0;7;0;2;0;0;1;
58438;202200037865;746 481;A01;0;7;0;2;0;26;1;
58439;202200037866;746 478;A01;3;7;0;2;1;9;1;
58440;202200037866;746 479;B01;3;7;0;2;3;1;1;
58441;202200037867;746 477;A01;3;32;0;1;1;1;1;
58442;202200037868;746 474;B01;3;7;0;2;3;0;0;
58443;202200037868;746 475;C01;3;7;0;2;3;0;0;
58444;202200037868;746 476;A01;3;33;0;2;1;1;0;
58445;202200037869;746 470;A01;3;7;0;2;0;1;1;
58446;202200037869;746 471;B01;3;7;0;2;1;1;1;
58447;202200037869;746 472;C01;3;7;0;2;4;0;1;
58448;202200037869;746 473;D01;3;7;0;2;1;1;1;
58449;202200037871;746 467;B01;2;33;0;2;2;21;1;
58450;202200037871;746 468;A01;1;7;0;2;2;13;1;
58451;202200037872;746 464;C01;1;7;0;2;4;1;1;
58452;202200037872;746 465;B01;1;7;0;2;4;2;1;
58453;202200037872;746 466;A01;1;7;0;2;1;2;1;
58454;202200037873;746 462;B01;3;2;0;2;1;0;1;
58455;202200037873;746 463;A01;3;33;0;2;1;5;1;
58456;202200037874;746 461;A01;2;50;0;0;0;0;3;
58457;202200037875;746 459;A01;1;7;0;2;7;26;1;
58458;202200037875;746 460;B01;1;30;0;2;1;26;1;
58459;202200037876;746 458;A01;2;30;0;0;7;26;1;
58460;202200037877;746 456;B01;3;7;0;1;1;23;0;
58461;202200037877;746 457;A01;0;10;0;2;1;26;0;
58462;202200037878;746 453;A01;1;7;0;2;1;1;1;
58463;202200037878;746 454;B01;1;7;0;2;4;2;1;
58464;202200037878;746 455;C01;1;7;0;2;4;2;1;
58465;202200037880;746 451;A01;1;7;4;0;1;9;1;
58466;202200037881;746 449;B01;3;7;0;2;1;1;1;
58467;202200037881;746 450;A01;3;1;0;2;1;19;5;
58468;202200037882;746 447;A01;1;7;0;2;8;15;1;
58469;202200037882;746 448;B01;2;7;0;2;1;1;1;
58470;202200037883;746 446;A01;2;2;0;0;0;1;1;
58471;202200037884;746 444;A01;3;7;0;2;3;0;1;
58472;202200037884;746 445;B01;3;2;0;2;2;2;1;
58473;202200037885;746 442;B01;2;7;0;2;3;9;1;
58474;202200037885;746 443;A01;1;7;0;2;0;1;1;
58475;202200037886;746 440;A01;2;1;0;2;1;1;5;
58476;202200037886;746 441;B01;1;7;0;2;0;1;1;
58477;202200037887;746 438;B01;2;7;0;2;4;0;1;
58478;202200037887;746 439;A01;2;99;0;2;1;26;3;
58479;202200037888;746 436;B01;2;7;0;2;4;15;1;
58480;202200037888;746 437;A01;2;33;0;2;1;15;1;
58481;202200037889;746 435;A01;3;31;0;0;0;1;1;
58482;202200037890;746 434;A01;2;31;0;9;7;0;1;
58483;202200037891;746 432;A01;1;7;0;2;4;1;1;
58484;202200037891;746 433;B01;1;14;0;2;1;1;1;
58485;202200037892;746 430;A01;2;7;0;9;3;15;1;
58486;202200037892;746 431;B01;2;33;0;2;8;2;1;
58487;202200037893;746 429;A01;2;7;0;1;3;16;1;
58488;202200037894;746 427;B01;2;50;0;2;2;1;3;
58489;202200037894;746 428;A01;1;7;0;2;1;16;1;
58490;202200037896;746 423;A01;1;30;1;2;1;1;1;
58491;202200037896;746 424;Z01;3;7;0;2;1;22;1;
58492;202200037897;746 421;B01;1;7;0;2;2;15;1;
58493;202200037897;746 422;A01;1;7;0;2;3;15;1;
58494;202200037898;746 419;A01;3;7;0;2;2;1;1;
58495;202200037898;746 420;B01;3;50;0;2;3;15;3;
58496;202200037899;746 417;B01;1;7;0;2;3;0;1;
58497;202200037899;746 418;A01;1;7;0;2;3;9;1;
58498;202200037900;746 415;A01;1;7;0;2;6;2;1;
58499;202200037900;746 416;B01;1;33;0;2;1;2;1;
58500;202200037901;746 413;B01;1;2;4;0;1;0;1;
58501;202200037901;746 414;A01;1;7;4;0;1;2;1;
58502;202200037902;746 411;B01;1;7;0;2;0;0;1;
58503;202200037902;746 412;A01;1;7;0;2;3;1;1;
58504;202200037903;746 409;A01;2;7;0;2;1;1;1;
58505;202200037903;746 410;B01;1;10;0;0;1;17;1;
58506;202200037904;746 407;B01;2;37;0;2;3;1;0;9.0
58507;202200037904;746 408;A01;1;37;0;2;3;1;0;1.0
58508;202200037905;746 406;A01;1;15;0;1;1;2;1;
58509;202200037906;746 403;A01;2;10;0;2;1;1;1;
58510;202200037906;746 404;B01;2;7;0;2;4;1;1;
58511;202200037906;746 405;C01;2;7;0;0;4;1;1;
58512;202200037907;746 401;A01;1;7;0;2;1;2;1;
58513;202200037907;746 402;B01;1;7;0;2;4;2;1;
58514;202200037908;746 400;A01;1;1;0;0;7;14;5;
58515;202200037909;746 397;C01;1;7;0;2;3;9;1;
58516;202200037909;746 398;B01;1;7;0;2;2;9;1;
58517;202200037909;746 399;A01;2;7;0;2;1;9;1;
58518;202200037910;746 395;B01;3;1;0;2;1;1;5;
58519;202200037910;746 396;A01;1;7;0;2;3;9;1;
58520;202200037911;746 394;A01;1;7;0;1;1;21;6;
58521;202200037912;746 392;A01;0;30;0;2;0;18;0;
58522;202200037912;746 393;B01;0;50;0;2;7;16;3;
58523;202200037913;746 391;A01;2;7;0;1;2;1;1;
58524;202200037914;746 386;A01;3;7;14;1;3;13;1;
58525;202200037915;746 384;A01;2;7;0;2;1;5;1;
58526;202200037915;746 385;B01;1;10;0;2;1;1;1;
58527;202200037916;746 383;A01;0;30;0;0;0;0;1;
58528;202200037917;746 382;A01;0;7;6;0;1;14;1;
58529;202200037918;746 381;A01;1;33;8;0;1;1;1;
58530;202200037921;746 376;A01;1;2;0;1;1;17;1;
58531;202200037922;746 374;A01;1;7;0;2;3;21;2;
58532;202200037922;746 375;B01;1;7;0;2;2;1;1;
58533;202200037923;746 373;A01;1;7;2;0;1;21;1;
58534;202200037924;746 371;B01;2;10;0;2;2;16;0;
58535;202200037924;746 372;A01;2;30;0;2;8;18;1;
58536;202200037925;746 369;B01;3;7;0;2;2;1;1;
58537;202200037925;746 370;A01;3;30;0;2;6;13;1;
58538;202200037926;746 367;A01;1;7;0;2;2;2;1;
58539;202200037926;746 368;B01;1;7;0;2;6;2;3;
58540;202200037927;746 365;B01;1;80;0;2;1;2;3;
58541;202200037927;746 366;A01;1;50;0;2;1;5;3;
58542;202200037929;746 362;B01;1;1;0;2;4;1;5;
58543;202200037929;746 363;A01;1;7;0;2;2;1;1;
58544;202200037930;746 360;B01;0;80;0;2;8;1;3;
58545;202200037930;746 361;A01;0;7;0;2;1;1;1;
58546;202200037931;746 358;B01;1;10;0;2;3;19;1;
58547;202200037931;746 359;A01;2;37;0;2;1;2;1;2.0
58548;202200037932;746 357;A01;1;7;0;1;2;15;1;
58549;202200037933;746 355;B01;1;31;0;2;8;1;1;
58550;202200037933;746 356;A01;1;7;0;2;2;19;1;
58551;202200037934;746 353;B01;2;10;0;2;7;1;1;
58552;202200037934;746 354;A01;2;2;0;2;8;11;1;
58553;202200037935;746 351;B01;2;7;0;2;1;1;1;
58554;202200037935;746 352;A01;1;7;0;2;1;15;1;
58555;202200037936;746 349;A01;0;31;0;2;1;17;1;
58556;202200037936;746 350;B01;0;7;0;2;8;15;1;
58557;202200037937;746 347;B01;2;1;0;2;9;1;5;
58558;202200037937;746 348;A01;3;7;0;2;1;9;1;
58559;202200037938;746 345;A01;2;7;0;2;8;13;1;
58560;202200037938;746 346;B01;2;7;0;2;1;1;1;
58561;202200037939;746 344;A01;2;7;0;1;2;1;1;
58562;202200037940;746 343;A01;3;33;0;0;2;26;1;
58563;202200037941;746 341;B01;3;33;0;2;1;1;1;
58564;202200037941;746 342;A01;3;10;0;2;8;26;1;
58565;202200037942;746 339;A01;2;15;0;2;3;16;1;
58566;202200037942;746 340;B01;2;7;0;2;7;16;1;
58567;202200037943;746 337;B01;0;1;0;2;1;21;0;
58568;202200037943;746 338;A01;0;7;0;2;8;22;1;
58569;202200037944;746 335;B01;2;7;0;2;4;23;1;
58570;202200037944;746 336;A01;2;7;0;2;1;2;1;
58571;202200037945;746 334;A01;0;50;8;0;1;25;3;
58572;202200037946;746 333;A01;2;7;12;0;2;1;1;
58573;202200037947;746 332;A01;3;7;15;0;1;1;1;
58574;202200037948;746 330;A01;3;7;0;2;3;9;1;
58575;202200037948;746 331;B01;3;1;0;2;4;0;5;
58576;202200037949;746 328;A01;3;33;0;2;1;1;1;
58577;202200037949;746 329;B01;3;10;0;2;6;2;1;
58578;202200037950;746 326;B01;2;7;0;2;8;1;1;
58579;202200037950;746 327;A01;2;10;0;2;1;1;1;
58580;202200037951;746 323;A01;1;7;0;2;3;15;1;
58581;202200037951;746 325;B01;1;1;0;2;1;1;5;
58582;202200037952;746 322;A01;1;7;0;2;1;19;1;
58583;202200037952;746 324;B01;1;7;0;2;6;23;1;
58584;202200037953;746 321;A01;1;32;12;0;3;1;1;
58585;202200037954;746 318;B01;0;7;0;2;2;1;2;
58586;202200037954;746 319;A01;0;50;0;2;4;26;3;
58587;202200037955;746 317;B01;2;7;0;2;4;2;1;
58588;202200037955;746 320;A01;2;7;0;2;1;1;1;
58589;202200037956;746 315;B01;2;2;0;2;8;16;1;
58590;202200037956;746 316;A01;2;10;0;2;7;16;1;
58591;202200037957;746 314;A01;0;7;8;0;1;1;2;
58592;202200037959;746 310;C01;1;7;0;2;6;1;2;
58593;202200037959;746 312;A01;1;7;0;2;3;11;1;
58594;202200037959;746 313;B01;1;33;0;2;1;3;1;
58595;202200037960;746 308;A01;2;7;0;1;2;1;1;
58596;202200037961;746 307;A01;2;7;0;1;2;1;1;
58597;202200037962;746 306;A01;1;7;0;1;2;21;1;
58598;202200037963;746 304;A01;1;43;0;2;1;1;1;
58599;202200037963;746 305;B01;1;7;0;2;4;23;2;
58600;202200037964;746 302;A01;0;14;0;1;2;1;1;
58601;202200037965;746 299;A01;3;7;0;2;5;19;1;
58602;202200037965;746 301;B01;3;7;0;2;1;1;1;
58603;202200037966;746 295;B01;1;7;0;2;3;2;1;
58604;202200037966;746 297;A01;2;2;0;2;1;2;1;
58605;202200037967;746 296;A01;1;7;0;2;1;17;1;
58606;202200037967;746 298;B01;1;7;0;2;9;1;1;
58607;202200037967;746 300;C01;2;10;0;2;1;1;1;
58608;202200037967;746 303;D01;2;10;0;2;1;1;1;
58609;202200037968;746 293;A01;2;7;0;2;1;2;1;
58610;202200037968;746 294;B01;2;7;0;2;4;2;2;
58611;202200037969;746 289;A01;3;7;0;2;3;1;1;
58612;202200037969;746 291;B01;3;7;0;2;3;16;1;
58613;202200037971;746 288;B01;1;7;0;2;9;9;1;
58614;202200037971;746 290;C01;1;7;0;2;3;9;1;
58615;202200037971;746 292;A01;1;7;0;2;5;9;1;
58616;202200037972;746 283;A01;1;7;0;2;3;1;1;
58617;202200037972;746 285;B01;2;7;0;2;3;1;1;
58618;202200037973;746 284;A01;3;7;0;2;1;1;1;
58619;202200037974;746 279;C01;2;10;0;2;4;2;1;
58620;202200037974;746 280;B01;2;7;0;2;4;2;2;
58621;202200037974;746 282;A01;2;10;0;2;1;2;1;
58622;202200037975;746 278;A01;1;3;0;2;1;9;1;
58623;202200037975;746 281;B01;1;1;0;2;7;9;5;
58624;202200037976;746 276;B01;2;10;0;2;3;2;1;
58625;202200037976;746 277;A01;2;7;0;2;1;2;1;
58626;202200037977;746 273;A01;1;32;0;2;3;3;1;
58627;202200037977;746 275;B01;1;10;0;2;2;12;1;
58628;202200037978;746 272;B01;2;50;0;2;4;15;3;
58629;202200037978;746 274;Z01;1;0;0;2;0;0;0;
58630;202200037979;746 270;A01;2;7;0;2;3;15;1;
58631;202200037979;746 271;B01;2;1;0;2;1;1;5;
58632;202200037980;746 266;B01;1;7;0;2;4;23;1;
58633;202200037980;746 268;A01;1;43;0;2;1;2;1;
58634;202200037981;746 267;A01;1;7;0;2;3;9;1;
58635;202200037981;746 269;B01;2;32;0;2;2;9;1;
58636;202200037982;746 264;B01;1;1;0;2;3;1;5;
58637;202200037982;746 265;A01;1;7;0;2;7;14;1;
58638;202200037983;746 261;B01;3;7;0;2;3;9;1;
58639;202200037983;746 263;A01;3;30;0;2;2;17;1;
58640;202200037985;746 258;A01;1;1;0;1;1;7;5;
58641;202200037986;746 257;A01;2;7;0;2;4;2;1;
58642;202200037986;746 259;B01;2;3;0;2;1;2;1;
58643;202200037987;746 255;A01;3;7;0;2;2;1;2;
58644;202200037987;746 256;B01;3;50;0;2;1;1;3;
58645;202200037988;746 254;A01;1;7;0;1;2;9;1;
58646;202200037989;746 252;A01;1;30;0;2;2;1;3;
58647;202200037989;746 253;B01;1;10;0;2;3;23;1;
58648;202200037990;746 250;A01;1;30;0;0;1;17;1;
58649;202200037991;746 251;A01;1;7;0;1;2;1;1;
58650;202200037992;746 248;B01;1;80;0;2;1;1;3;
58651;202200037992;746 249;A01;1;10;0;2;3;22;1;
58652;202200037994;746 244;A01;1;7;0;2;0;9;1;
58653;202200037994;746 247;B01;2;7;0;2;0;0;2;
58654;202200037995;746 243;A01;3;32;0;0;1;1;1;
58655;202200037996;746 239;A01;0;7;0;2;3;15;1;
58656;202200037996;746 241;B01;1;33;0;2;1;1;1;
58657;202200037997;746 240;B01;3;7;0;2;4;2;1;
58658;202200037997;746 242;A01;3;7;0;2;1;2;3;
58659;202200037998;746 237;B01;2;7;12;2;8;0;1;
58660;202200037998;746 238;A01;1;7;12;2;3;26;1;
58661;202200037999;746 236;A01;3;37;0;1;2;1;1;1.0
58662;202200038000;746 234;A01;3;7;0;2;1;1;1;
58663;202200038000;746 235;B01;3;7;0;2;7;1;1;
58664;202200038001;746 232;A01;1;31;0;2;3;1;1;
58665;202200038001;746 233;B01;1;7;0;2;5;10;1;
58666;202200038003;746 229;A01;0;0;0;0;0;0;0;
58667;202200038005;746 226;A01;1;10;0;1;3;1;1;
58668;202200038006;746 223;B01;1;7;2;0;1;1;1;
58669;202200038006;746 225;A01;1;10;0;2;2;15;1;
58670;202200038007;746 224;A01;2;7;0;1;2;16;1;
58671;202200038008;746 222;A01;1;1;14;0;1;13;5;
58672;202200038010;746 218;B01;3;32;0;2;3;14;1;
58673;202200038010;746 220;A01;3;10;0;0;5;1;1;
58674;202200038011;746 216;A01;2;7;0;1;2;15;1;
58675;202200038012;746 215;A01;1;10;0;2;6;23;1;
58676;202200038012;746 217;B01;1;2;0;2;3;1;1;
58677;202200038013;746 214;A01;2;7;0;1;2;1;1;
58678;202200038014;746 212;A01;3;7;0;9;2;2;1;
58679;202200038014;746 213;B01;3;1;0;2;4;2;5;
58680;202200038015;746 210;B01;1;31;0;2;1;1;1;
58681;202200038015;746 211;A01;2;7;0;2;1;1;1;
58682;202200038016;746 207;A01;2;7;0;2;1;13;1;
58683;202200038016;746 209;B01;1;17;0;2;3;1;1;
58684;202200038017;746 206;A01;1;7;0;2;4;1;1;
58685;202200038017;746 208;B01;1;31;0;2;1;1;1;
58686;202200038018;746 203;B01;3;7;0;2;4;2;1;
58687;202200038018;746 205;A01;3;7;0;2;1;2;0;
58688;202200038019;746 202;A01;0;7;0;2;1;0;1;
58689;202200038019;746 204;B01;0;7;0;2;0;0;1;
58690;202200038020;746 198;A01;1;7;0;2;3;1;1;
58691;202200038020;746 200;B01;2;2;0;2;1;13;1;
58692;202200038022;746 196;A01;2;7;1;0;1;1;1;
58693;202200038023;746 194;B01;1;7;0;2;1;1;1;
58694;202200038023;746 195;A01;2;7;0;0;7;1;1;
58695;202200038025;746 187;D01;1;7;0;2;3;19;1;
58696;202200038025;746 189;C01;1;7;0;2;3;1;1;
58697;202200038025;746 190;A01;1;10;0;2;2;15;1;
58698;202200038025;746 191;B01;1;7;0;2;1;1;1;
58699;202200038026;746 184;A01;1;7;0;1;2;1;1;
58700;202200038027;746 183;A01;3;7;0;2;1;1;1;
58701;202200038027;746 185;B01;3;7;0;2;4;1;1;
58702;202200038028;746 182;A01;1;10;13;0;1;1;1;
58703;202200038029;746 180;A01;1;7;0;2;8;23;2;
58704;202200038030;746 179;A01;1;7;0;2;1;19;1;
58705;202200038030;746 181;B01;2;7;0;2;1;0;1;
58706;202200038031;746 178;A01;1;14;0;1;2;2;1;
58707;202200038033;746 176;A01;1;7;2;0;2;14;1;
58708;202200038034;746 174;A01;1;7;2;0;0;1;1;
58709;202200038035;746 173;B01;0;80;0;2;4;15;3;
58710;202200038035;746 175;A01;0;7;0;2;3;15;1;
58711;202200038036;746 171;A01;2;7;0;2;1;17;1;
58712;202200038036;746 172;B01;1;7;0;2;1;1;1;
58713;202200038037;746 169;B01;2;7;0;2;8;15;1;
58714;202200038037;746 170;A01;2;30;0;2;1;2;1;
58715;202200038038;746 167;B01;3;7;0;2;8;15;1;
58716;202200038038;746 168;A01;2;33;0;2;1;1;1;
58717;202200038040;746 164;A01;2;7;3;0;4;1;1;
58718;202200038041;746 162;A01;3;7;13;0;0;21;1;
58719;202200038042;746 163;A01;1;10;0;1;1;15;1;
58720;202200038043;746 161;A01;0;7;0;0;1;0;1;
58721;202200038044;746 158;A01;1;2;0;2;1;1;1;
58722;202200038044;746 160;B01;2;7;0;2;5;15;1;
58723;202200038045;746 157;B01;2;7;0;0;2;1;1;
58724;202200038045;746 159;A01;1;7;0;0;3;1;1;
58725;202200038046;746 154;A01;3;7;3;2;1;5;0;
58726;202200038046;746 156;B01;3;7;0;2;7;0;0;
58727;202200038047;746 155;A01;2;33;0;0;7;1;1;
58728;202200038048;746 152;A01;2;2;8;0;2;1;1;
58729;202200038049;746 151;A01;2;7;0;9;3;0;1;
58730;202200038049;746 153;B01;1;1;0;2;1;0;5;
58731;202200038050;746 149;B01;3;2;0;2;1;1;1;
58732;202200038050;746 150;A01;3;7;13;2;3;19;1;
58733;202200038051;746 146;A01;2;7;0;2;1;15;1;
58734;202200038051;746 147;B01;1;7;0;2;1;1;1;
58735;202200038052;746 145;B01;1;7;0;0;0;0;1;
58736;202200038052;746 148;A01;3;7;0;2;3;16;1;
58737;202200038053;746 143;B01;2;7;3;2;8;1;1;
58738;202200038053;746 144;A01;3;7;0;2;1;1;1;
58739;202200038054;746 142;A01;1;7;0;1;1;1;2;
58740;202200038055;746 141;A01;1;10;0;1;1;1;1;
58741;202200038056;746 137;A01;3;7;0;2;3;1;0;
58742;202200038056;746 139;B01;3;7;0;2;3;1;1;
58743;202200038057;746 136;C01;2;7;0;2;6;0;1;
58744;202200038057;746 138;B01;2;7;0;2;4;1;1;
58745;202200038057;746 140;A01;2;7;0;2;1;1;1;
58746;202200038058;746 135;A01;1;33;2;0;9;1;1;
58747;202200038059;746 134;A01;1;7;0;1;1;1;1;
58748;202200038060;746 132;A01;0;14;3;0;8;0;1;
58749;202200038061;746 133;A01;2;7;12;0;1;26;1;
58750;202200038062;746 131;A01;1;7;0;1;1;1;1;
58751;202200038063;746 129;A01;2;7;0;1;2;2;1;
58752;202200038064;746 127;A01;2;10;3;0;1;1;1;
58753;202200038065;746 126;A01;1;30;0;2;1;0;1;
58754;202200038065;746 128;B01;1;7;0;2;4;0;1;
58755;202200038066;746 124;A01;3;7;0;9;7;15;1;
58756;202200038066;746 125;B01;3;1;0;2;1;1;5;
58757;202200038067;746 122;B01;3;34;0;2;1;1;1;
58758;202200038067;746 123;A01;3;7;0;2;3;15;1;
58759;202200038068;746 120;A01;1;14;0;0;0;1;1;
58760;202200038069;746 119;B01;1;33;0;2;2;1;1;
58761;202200038069;746 121;A01;1;7;0;2;3;11;1;
58762;202200038070;746 117;A01;3;7;6;0;1;1;1;
58763;202200038072;746 114;A01;2;30;0;2;1;1;1;
58764;202200038072;746 116;B01;2;7;0;2;6;1;2;
58765;202200038073;746 112;A01;0;7;2;0;8;1;1;
58766;202200038074;746 111;A01;0;7;8;0;4;1;1;