;Num_Acc;id_vehicule;num_veh;senc;catv;obs;obsm;choc;manv;motor;occutc
58767;202200038074;746 113;B01;0;10;0;0;1;1;1;
58768;202200038075;746 109;A01;2;7;2;0;3;1;1;
58769;202200038076;746 108;B01;1;7;0;2;1;1;0;
58770;202200038076;746 110;A01;2;7;0;2;1;19;1;
58771;202200038078;746 102;A01;1;7;6;0;1;0;1;
58772;202200038080;746 103;A01;1;7;0;2;3;24;1;
58773;202200038080;746 104;B01;1;7;1;2;1;1;1;
58774;202200038081;746 101;A01;0;3;0;1;1;26;3;
58775;202200038082;746 099;A01;1;7;0;1;1;1;1;
58776;202200038083;746 097;A01;3;7;0;1;2;1;1;
58777;202200038084;746 098;A01;1;7;0;2;3;13;1;
58778;202200038084;746 100;B01;2;7;0;2;3;1;1;
58779;202200038085;746 096;A01;1;7;13;0;8;1;1;
58780;202200038086;746 094;B01;2;7;0;2;1;1;1;
58781;202200038086;746 095;A01;1;7;0;2;1;13;1;
58782;202200038087;746 091;A01;1;7;8;0;1;1;1;
58783;202200038088;746 090;B01;1;7;0;9;4;23;1;
58784;202200038088;746 092;A01;1;7;0;2;1;2;1;
58785;202200038089;746 087;A01;1;7;0;1;1;1;1;
58786;202200038090;746 085;B01;2;15;0;2;3;1;0;
58787;202200038090;746 086;A01;1;7;0;2;3;13;1;
58788;202200038091;746 083;A01;3;7;6;0;1;1;2;
58789;202200038092;746 082;B01;1;7;0;2;1;2;0;
58790;202200038092;746 084;A01;1;7;0;2;4;1;1;
58791;202200038093;746 081;A01;2;7;0;0;9;16;1;
58792;202200038094;746 079;B01;2;30;0;2;8;1;1;
58793;202200038094;746 080;A01;1;7;0;2;0;0;0;
58794;202200038095;746 078;A01;1;7;0;1;2;1;1;
58795;202200038096;746 077;A01;2;7;0;1;1;1;1;
58796;202200038097;746 075;C01;2;33;0;2;2;1;1;
58797;202200038097;746 076;A01;2;7;0;2;6;16;1;
58798;202200038098;746 073;A01;1;17;8;2;3;5;1;
58799;202200038098;746 074;B01;2;17;0;2;3;1;1;
58800;202200038099;746 072;A01;2;7;0;1;2;1;1;
58801;202200038100;746 070;A01;3;7;0;2;3;15;1;
58802;202200038100;746 071;B01;3;30;14;2;1;0;1;
58803;202200038101;746 066;B01;2;7;0;2;3;1;1;
58804;202200038101;746 068;A01;1;10;0;2;3;13;1;
58805;202200038102;746 065;A01;1;7;0;2;1;12;1;
58806;202200038102;746 067;Z01;3;0;0;2;0;0;0;
58807;202200038102;746 069;B01;1;7;0;2;4;2;1;
58808;202200038103;746 063;B01;2;7;0;2;2;0;1;
58809;202200038103;746 064;A01;1;2;0;2;1;13;1;
58810;202200038105;746 059;A01;1;10;10;0;3;1;1;
58811;202200038105;746 061;B01;1;7;0;2;1;1;1;
58812;202200038106;746 057;A01;2;15;0;2;6;9;1;
58813;202200038106;746 058;B01;2;15;0;2;2;1;1;
58814;202200038107;746 056;A01;3;7;0;1;2;1;1;
58815;202200038108;746 055;A01;1;7;0;1;2;1;1;
58816;202200038109;746 053;A01;1;7;2;0;1;18;1;
58817;202200038110;746 052;A01;1;7;0;2;1;1;1;
58818;202200038110;746 054;B01;1;7;0;2;4;1;3;
58819;202200038111;746 047;A01;1;7;11;0;1;1;1;
58820;202200038111;746 049;B01;1;7;0;2;4;1;1;
58821;202200038111;746 050;C01;1;7;0;2;1;2;1;
58822;202200038112;746 044;B01;2;10;0;0;4;1;1;
58823;202200038112;746 045;A01;2;7;0;2;1;2;1;
58824;202200038113;746 046;C01;2;7;0;2;1;2;2;
58825;202200038113;746 048;A01;2;7;0;2;4;2;1;
58826;202200038113;746 051;B01;2;7;0;2;4;2;1;
58827;202200038114;746 041;B01;1;7;0;2;1;17;1;
58828;202200038114;746 043;A01;1;7;0;0;4;17;1;
58829;202200038115;746 040;B01;1;7;0;2;4;2;1;
58830;202200038115;746 042;A01;1;7;0;2;1;2;1;
58831;202200038118;746 035;A01;1;7;8;0;8;1;0;
58832;202200038119;746 034;A01;3;7;2;0;3;13;1;
58833;202200038120;746 032;B01;0;7;0;2;7;16;1;
58834;202200038120;746 033;A01;0;2;0;2;1;18;1;
58835;202200038121;746 029;A01;1;33;0;2;1;1;1;
58836;202200038121;746 031;B01;1;7;0;2;8;15;1;
58837;202200038122;746 028;B01;2;7;15;0;3;0;1;
58838;202200038122;746 030;A01;2;10;0;2;2;0;0;
58839;202200038123;746 024;A01;1;7;0;2;1;1;1;
58840;202200038123;746 026;B01;2;2;0;2;1;1;1;
58841;202200038124;746 025;A01;0;7;0;2;1;1;1;
58842;202200038124;746 027;B01;3;7;0;0;4;23;1;
58843;202200038126;746 020;A01;2;10;0;2;1;0;1;
58844;202200038126;746 022;B01;2;7;0;2;8;13;1;
58845;202200038127;746 017;A01;2;7;0;2;5;1;1;
58846;202200038127;746 019;B01;1;7;0;2;2;1;1;
58847;202200038128;746 016;A01;2;7;0;2;3;9;1;
58848;202200038128;746 018;B01;2;1;0;2;5;1;5;
58849;202200038129;746 015;A01;2;10;6;0;1;1;1;
58850;202200038130;746 012;B01;3;7;0;2;7;1;1;
58851;202200038130;746 014;A01;3;50;0;2;1;1;3;
58852;202200038131;746 011;A01;2;7;0;2;2;11;1;
58853;202200038131;746 013;B01;1;2;0;2;1;1;1;
58854;202200038133;746 008;B01;1;7;0;2;3;1;1;
58855;202200038133;746 010;A01;2;7;0;2;1;1;1;
58856;202200038134;746 007;A01;1;7;0;1;2;1;1;
58857;202200038135;746 004;B01;0;7;0;2;1;1;1;
58858;202200038135;746 005;A01;0;34;0;2;1;5;1;
58859;202200038136;746 003;A01;3;7;0;1;1;1;1;
58860;202200038137;746 000;A01;3;7;0;1;1;16;2;
58861;202200038138;745 998;B01;1;32;0;2;2;1;1;
58862;202200038138;745 999;A01;3;10;0;2;8;9;1;
58863;202200038139;745 994;A01;1;7;0;2;1;1;1;
58864;202200038139;745 996;B01;2;1;0;2;8;19;5;
58865;202200038140;745 993;B01;2;7;0;2;4;23;1;
58866;202200038140;745 995;A01;2;7;0;2;1;1;1;
58867;202200038141;745 992;A01;1;31;0;0;7;1;1;
58868;202200038142;745 991;A01;1;7;0;1;2;1;1;
58869;202200038143;745 986;D01;1;7;0;2;1;1;1;
58870;202200038143;745 987;C01;1;10;0;2;6;1;1;
58871;202200038143;745 989;B01;1;7;0;2;5;1;1;
58872;202200038143;745 990;A01;1;7;0;2;4;1;1;
58873;202200038144;745 985;B01;1;33;0;2;1;1;1;
58874;202200038144;745 988;A01;2;10;0;2;2;14;1;
58875;202200038145;745 975;H01;2;7;0;2;5;2;1;
58876;202200038145;745 976;G01;2;7;0;2;2;2;1;
58877;202200038145;745 977;F01;2;7;0;2;6;2;1;
58878;202200038145;745 979;E01;2;7;0;2;4;2;1;
58879;202200038145;745 980;D01;2;7;0;2;4;2;1;
58880;202200038145;745 982;C01;2;7;0;2;1;21;1;
58881;202200038145;745 983;B01;2;7;0;2;5;2;1;
58882;202200038145;745 984;A01;2;7;0;2;1;21;1;
58883;202200038146;745 978;B01;1;1;0;2;4;1;5;
58884;202200038146;745 981;A01;1;7;0;2;2;1;1;
58885;202200038147;745 974;A01;1;33;0;0;7;3;1;
58886;202200038148;745 972;B01;2;33;0;0;4;2;1;
58887;202200038148;745 973;A01;2;7;0;2;1;2;1;
58888;202200038149;745 970;A01;1;17;0;2;8;2;1;
58889;202200038149;745 971;B01;1;7;0;2;1;2;1;
58890;202200038150;745 969;A01;3;7;3;0;1;15;1;
58891;202200038151;745 967;B01;1;7;0;2;4;1;1;
58892;202200038151;745 968;A01;1;31;0;2;1;1;1;
58893;202200038152;745 964;B01;2;10;0;2;4;23;1;
58894;202200038152;745 965;A01;2;7;0;2;1;1;1;
58895;202200038153;745 962;B01;2;7;0;2;4;24;1;
58896;202200038153;745 963;A01;2;7;0;2;1;2;1;
58897;202200038154;745 959;A01;1;7;0;1;1;26;1;
58898;202200038155;745 960;A01;1;7;0;2;4;15;1;
58899;202200038155;745 961;B01;1;38;4;2;1;1;6;8.0
58900;202200038155;745 966;C01;2;10;0;2;1;1;1;
58901;202200038156;745 956;A01;1;32;0;2;1;1;1;
58902;202200038156;745 958;B01;2;10;0;2;1;15;1;
58903;202200038157;745 955;A01;1;33;0;2;1;13;1;
58904;202200038157;745 957;B01;2;7;0;2;1;1;1;
58905;202200038158;745 954;A01;3;7;0;1;1;1;0;
58906;202200038159;745 951;A01;2;7;3;2;1;17;1;
58907;202200038159;745 953;B01;2;7;0;2;3;1;2;
58908;202200038160;745 950;B01;1;7;0;2;1;1;1;
58909;202200038160;745 952;A01;2;7;0;2;2;13;1;
58910;202200038161;745 947;A01;1;7;0;2;1;13;1;
58911;202200038161;745 948;B01;2;7;0;2;3;1;1;
58912;202200038161;745 949;C01;2;7;0;2;1;1;1;
58913;202200038162;745 946;A01;2;7;6;0;1;1;1;
58914;202200038163;745 944;A01;2;7;1;9;2;14;1;
58915;202200038164;745 943;A01;3;7;0;2;1;1;1;
58916;202200038164;745 945;B01;3;50;0;2;7;19;3;
58917;202200038165;745 940;B01;1;2;0;2;1;2;1;
58918;202200038165;745 942;A01;1;7;0;2;8;15;1;
58919;202200038166;745 939;A01;2;50;0;0;8;0;3;
58920;202200038166;745 941;B01;2;0;0;9;1;0;0;
58921;202200038167;745 938;A01;1;33;12;0;6;15;1;
58922;202200038168;745 935;B01;2;7;0;2;3;1;1;
58923;202200038168;745 937;A01;1;33;13;2;1;1;1;
58924;202200038169;745 934;B01;2;7;0;2;4;23;1;
58925;202200038169;745 936;A01;2;7;0;2;1;2;1;
58926;202200038170;745 933;A01;2;7;0;0;1;1;1;
58927;202200038171;745 932;A01;1;7;0;1;2;1;1;
58928;202200038172;745 929;A01;3;7;0;2;3;24;1;
58929;202200038172;745 930;B01;1;7;0;2;2;2;1;
58930;202200038173;745 928;A01;2;7;0;2;5;1;1;
58931;202200038173;745 931;B01;2;60;0;2;5;1;5;
58932;202200038174;745 926;A01;2;10;12;0;2;26;1;
58933;202200038175;745 925;A01;1;10;0;2;4;25;1;
58934;202200038175;745 927;B01;1;1;0;2;8;2;5;
58935;202200038176;745 922;A01;1;7;0;2;1;2;1;
58936;202200038176;745 924;B01;2;7;0;2;6;15;1;
58937;202200038177;745 921;A01;3;7;0;2;6;9;1;
58938;202200038177;745 923;B01;3;7;0;2;2;1;1;
58939;202200038178;745 919;A01;1;10;0;1;1;16;1;
58940;202200038179;745 918;A01;2;7;0;2;3;1;1;
58941;202200038179;745 920;B01;1;7;0;2;3;1;1;
58942;202200038180;745 915;B01;1;33;0;2;1;1;1;
58943;202200038180;745 917;A01;2;7;0;2;1;15;1;
58944;202200038181;745 914;A01;3;7;0;2;3;1;1;
58945;202200038181;745 916;B01;3;7;0;2;5;15;1;
58946;202200038182;745 913;A01;1;30;16;0;1;1;1;
58947;202200038183;745 911;LA01;1;7;0;1;2;1;1;
58948;202200038184;745 910;B01;2;10;0;2;4;23;1;
58949;202200038184;745 912;A01;2;7;1;0;1;24;1;
58950;202200038185;745 905;A01;1;30;0;0;0;1;1;
58951;202200038186;745 903;D01;2;7;0;2;8;1;1;
58952;202200038186;745 904;C01;2;7;0;2;8;1;1;
58953;202200038186;745 906;B01;2;7;0;2;6;1;1;
58954;202200038186;745 907;A01;2;3;12;2;1;26;1;
58955;202200038187;745 902;A01;2;7;0;1;1;9;1;
58956;202200038188;745 898;A01;2;7;0;2;2;13;1;
58957;202200038188;745 900;B01;1;7;3;2;3;1;2;
58958;202200038189;745 899;B01;2;7;0;2;3;15;1;
58959;202200038189;745 901;A01;2;33;0;2;1;2;1;
58960;202200038190;745 896;A01;2;7;13;0;3;1;1;
58961;202200038192;745 894;A01;2;33;0;0;9;1;1;
58962;202200038193;745 893;A01;3;7;1;0;1;14;1;
58963;202200038195;745 891;A01;1;13;0;1;1;16;1;
58964;202200038196;745 890;A01;0;38;0;1;1;1;1;1.0
58965;202200038197;745 887;A01;2;43;0;2;1;17;1;
58966;202200038197;745 889;B01;1;32;0;2;1;1;0;
58967;202200038198;745 886;A01;2;33;0;2;2;3;1;
58968;202200038198;745 888;B01;2;7;0;2;3;11;1;
58969;202200038199;745 884;B01;0;7;0;2;4;1;1;
58970;202200038199;745 885;A01;1;33;0;2;1;2;1;
58971;202200038200;745 882;A01;2;32;0;2;1;15;1;
58972;202200038200;745 883;B01;1;1;0;2;8;19;5;
58973;202200038201;745 879;B01;2;7;0;2;1;13;1;
58974;202200038201;745 881;A01;1;7;0;2;1;0;1;
58975;202200038202;745 876;C01;0;10;0;2;1;1;1;
58976;202200038202;745 878;B01;0;7;0;2;1;1;2;
58977;202200038202;745 880;A01;0;7;0;2;4;1;1;
58978;202200038203;745 875;B01;1;2;0;2;1;1;1;
58979;202200038203;745 877;A01;3;7;0;2;3;15;1;
58980;202200038204;745 869;B01;1;7;0;2;3;1;1;
58981;202200038204;745 871;A01;1;7;5;2;2;19;1;
58982;202200038207;745 863;A01;2;7;0;2;5;5;1;
58983;202200038207;745 866;B01;2;43;0;2;3;15;1;
58984;202200038208;745 861;A01;1;30;0;2;8;18;1;
58985;202200038208;745 862;B01;1;7;0;2;5;23;2;
58986;202200038209;745 858;C01;2;10;0;2;4;23;1;
58987;202200038209;745 859;B01;2;7;0;2;4;23;2;
58988;202200038209;745 860;A01;2;30;0;2;1;18;3;
58989;202200038210;745 857;A01;1;7;11;0;1;13;1;
58990;202200038211;745 854;Z01;2;1;0;2;1;2;0;
58991;202200038211;745 856;A01;2;50;0;2;4;2;3;
58992;202200038213;745 850;B01;2;7;0;2;3;15;1;
58993;202200038213;745 852;A01;1;33;0;2;1;7;1;
58994;202200038214;745 851;Z01;2;7;0;1;1;1;0;
58995;202200038215;745 848;A01;2;7;0;1;4;4;2;
58996;202200038216;745 849;A01;2;30;0;0;0;21;3;
58997;202200038217;745 844;B01;2;7;0;2;8;15;1;
58998;202200038217;745 846;A01;2;31;0;2;1;1;1;
58999;202200038218;745 845;A01;1;2;0;2;2;9;1;
59000;202200038218;745 847;B01;1;7;0;2;1;1;1;
59001;202200038219;745 841;A01;2;7;0;2;2;22;3;
59002;202200038219;745 843;B01;2;1;0;2;1;18;5;
59003;202200038220;745 840;B01;0;32;0;2;1;1;1;
59004;202200038220;745 842;A01;0;7;0;2;5;15;1;
59005;202200038221;745 838;A01;1;7;0;2;3;15;1;
59006;202200038221;745 839;B01;1;1;0;2;1;1;5;
59007;202200038222;745 835;C01;3;13;0;2;2;2;1;
59008;202200038222;745 836;B01;3;7;0;2;5;11;1;
59009;202200038222;745 837;A01;3;33;0;2;2;3;1;
59010;202200038223;745 833;A01;-1;50;0;2;0;0;3;
59011;202200038223;745 834;B01;-1;7;0;2;0;1;0;
59012;202200038224;745 830;B01;1;34;0;2;3;1;1;
59013;202200038224;745 832;A01;1;7;0;2;2;16;1;
59014;202200038225;745 829;B01;1;7;0;2;1;1;1;
59015;202200038225;745 831;A01;1;7;0;2;0;1;1;
59016;202200038226;745 827;A01;1;32;1;0;0;9;1;
59017;202200038227;745 828;A01;3;7;4;0;9;1;1;
59018;202200038228;745 824;B01;1;7;0;2;0;0;1;
59019;202200038228;745 826;A01;1;7;0;2;8;0;1;
59020;202200038229;745 823;B01;0;33;0;2;3;1;1;
59021;202200038229;745 825;A01;3;13;0;2;5;17;1;
59022;202200038230;745 820;A01;2;7;0;2;1;1;2;
59023;202200038230;745 822;B01;2;7;0;2;8;10;1;
59024;202200038231;745 819;B01;2;33;0;2;6;15;1;
59025;202200038231;745 821;A01;2;10;0;2;3;1;1;
59026;202200038233;745 816;A01;1;7;0;2;2;1;1;
59027;202200038233;745 817;B01;1;33;0;2;3;13;1;
59028;202200038234;745 814;A01;1;7;0;2;1;13;1;
59029;202200038234;745 815;B01;2;7;0;2;1;1;1;
59030;202200038235;745 812;A01;0;32;0;2;4;1;1;
59031;202200038235;745 813;B01;0;1;0;0;0;0;5;
59032;202200038236;745 811;A01;1;15;3;0;3;1;1;
59033;202200038237;745 809;A01;1;7;13;0;1;14;1;
59034;202200038238;745 808;B01;2;7;0;2;1;11;1;
59035;202200038238;745 810;A01;2;30;0;2;1;1;1;
59036;202200038239;745 807;A01;1;2;7;0;1;26;1;
59037;202200038240;745 804;B01;2;32;0;2;1;1;1;
59038;202200038240;745 806;A01;1;7;0;2;3;15;1;
59039;202200038241;745 803;B01;2;7;0;2;1;1;1;
59040;202200038241;745 805;A01;1;7;0;2;1;13;1;
59041;202200038243;745 801;A01;2;7;2;0;2;1;1;
59042;202200038244;745 799;A01;2;1;6;0;1;1;5;
59043;202200038245;745 798;A01;1;10;0;2;8;1;1;
59044;202200038245;745 800;B01;1;32;0;2;7;17;1;
59045;202200038246;745 796;A01;1;7;0;2;2;17;1;
59046;202200038246;745 797;B01;1;80;0;2;8;15;3;
59047;202200038247;745 794;B01;2;7;0;2;2;1;1;
59048;202200038247;745 795;A01;1;10;0;2;5;15;1;
59049;202200038248;745 791;B01;2;31;0;2;1;2;1;
59050;202200038248;745 792;A01;2;2;0;2;4;17;1;
59051;202200038249;745 790;B01;1;7;3;2;1;1;1;
59052;202200038249;745 793;A01;2;7;0;2;1;15;1;
59053;202200038250;745 789;A01;1;7;0;1;1;15;1;
59054;202200038251;745 787;A01;3;21;0;1;1;1;1;
59055;202200038253;745 784;A01;2;7;0;0;1;1;1;
59056;202200038253;745 786;B01;2;7;0;9;1;0;1;
59057;202200038253;745 788;C01;2;13;0;0;4;0;1;
59058;202200038256;745 780;B01;2;99;0;2;7;0;0;
59059;202200038256;745 782;A01;1;10;0;9;1;0;0;
59060;202200038257;745 775;B01;1;1;0;0;0;0;5;
59061;202200038257;745 778;A01;1;30;12;0;0;26;0;
59062;202200038258;745 773;B01;1;7;0;2;1;1;2;
59063;202200038258;745 776;A01;2;7;13;2;7;15;1;
59064;202200038259;745 771;A01;1;1;0;0;8;26;5;
59065;202200038260;745 769;D01;2;7;0;2;3;1;1;
59066;202200038260;745 772;C01;1;7;0;2;3;1;1;
59067;202200038260;745 774;B01;1;7;0;2;1;1;1;
59068;202200038260;745 777;A01;2;7;0;2;3;13;1;
59069;202200038261;745 768;A01;2;3;0;2;3;13;1;
59070;202200038261;745 770;B01;1;7;13;2;8;1;1;
59071;202200038262;745 767;A01;3;10;0;0;0;0;0;
59072;202200038263;745 761;A01;1;99;0;2;3;9;1;
59073;202200038263;745 765;B01;2;33;0;2;2;1;1;
59074;202200038264;745 760;C01;2;7;0;2;3;1;1;
59075;202200038264;745 762;B01;2;7;0;2;8;1;1;
59076;202200038264;745 766;A01;1;7;0;2;9;1;1;
59077;202200038265;745 759;A01;3;2;13;0;7;1;1;
59078;202200038267;745 757;A01;2;7;2;0;9;1;1;
59079;202200038268;745 756;A01;2;7;2;0;2;14;1;
59080;202200038269;745 755;A01;2;7;0;1;1;26;1;
59081;202200038270;745 754;A01;2;32;8;0;1;1;1;
59082;202200038272;745 752;A01;0;2;16;0;8;15;1;
59083;202200038273;745 750;A01;2;7;0;0;2;1;1;
59084;202200038274;745 749;A01;1;7;0;2;1;2;1;
59085;202200038274;745 751;B01;1;17;0;2;6;2;1;
59086;202200038275;745 747;A01;3;7;0;1;3;1;1;
59087;202200038276;745 744;A01;1;7;0;2;1;1;1;
59088;202200038276;745 746;B01;1;2;0;2;4;1;1;
59089;202200038277;745 743;A01;1;7;13;0;2;1;1;
59090;202200038278;745 742;A01;1;31;0;2;1;1;1;
59091;202200038278;745 745;B01;2;7;0;2;2;18;1;
59092;202200038279;745 739;B01;1;15;0;2;3;21;1;
59093;202200038279;745 741;A01;2;7;0;2;1;26;1;
59094;202200038280;745 737;A01;1;2;16;0;1;1;1;
59095;202200038281;745 735;A01;2;7;2;0;8;0;1;
59096;202200038282;745 734;A01;1;7;0;0;1;24;1;
59097;202200038282;745 736;B01;1;7;1;0;1;0;1;
59098;202200038283;745 733;A01;1;7;0;1;7;0;1;
59099;202200038284;745 732;A01;1;7;2;0;0;13;1;
59100;202200038285;745 729;A01;2;7;0;2;1;17;1;
59101;202200038285;745 731;B01;2;7;0;0;3;15;1;
59102;202200038286;745 725;A01;1;7;0;2;1;1;1;
59103;202200038286;745 726;B01;1;7;0;2;4;23;1;
59104;202200038286;745 727;C01;1;7;0;2;4;23;1;
59105;202200038287;745 721;A01;-1;2;0;0;8;1;1;
59106;202200038288;745 720;B01;2;33;0;2;1;1;1;
59107;202200038288;745 723;A01;1;7;0;2;1;15;1;
59108;202200038289;745 722;A01;2;7;0;2;1;21;1;
59109;202200038289;745 724;B01;1;7;0;2;1;1;1;
59110;202200038290;745 717;A01;3;7;0;2;1;11;1;
59111;202200038290;745 718;B01;3;13;0;2;3;1;1;
59112;202200038291;745 719;A01;1;7;6;0;1;1;1;
59113;202200038292;745 715;A01;2;7;0;0;1;1;1;
59114;202200038294;745 713;A01;2;7;0;1;2;1;1;
59115;202200038295;745 712;A01;1;7;13;0;0;14;1;
59116;202200038296;745 709;B01;2;7;0;2;3;1;1;
59117;202200038296;745 711;A01;1;1;0;2;8;19;5;
59118;202200038297;745 708;A01;3;7;7;2;5;19;1;
59119;202200038297;745 710;B01;3;7;0;2;2;1;1;
59120;202200038298;745 707;A01;1;7;6;0;2;1;1;
59121;202200038299;745 706;A01;0;33;0;0;1;0;0;
59122;202200038300;745 704;B01;1;10;0;2;2;1;1;
59123;202200038300;745 705;A01;1;7;0;2;3;9;1;
59124;202200038301;745 701;A01;1;7;2;0;7;1;0;
59125;202200038302;745 702;A01;1;10;0;2;3;13;1;
59126;202200038302;745 703;B01;2;7;0;2;3;1;2;
59127;202200038303;745 700;A01;1;7;0;1;1;1;1;
59128;202200038304;745 699;A01;1;14;0;1;6;13;1;
59129;202200038305;745 694;B01;2;80;0;2;2;1;3;
59130;202200038305;745 696;A01;1;7;0;9;3;9;1;
59131;202200038307;745 690;A01;2;10;8;0;8;1;1;
59132;202200038308;745 691;A01;1;7;0;2;1;17;1;
59133;202200038308;745 693;B01;2;7;0;2;1;1;1;
59134;202200038308;745 695;C01;1;7;0;0;0;1;1;
59135;202200038308;745 698;D01;2;7;1;0;0;1;1;
59136;202200038309;745 689;A01;1;7;0;1;5;4;1;
59137;202200038310;745 687;A01;1;10;0;1;1;19;1;
59138;202200038311;745 686;B01;1;7;0;2;1;1;1;
59139;202200038311;745 688;A01;2;7;0;2;1;13;1;
59140;202200038312;745 683;A01;2;7;0;2;3;15;1;
59141;202200038312;745 685;B01;2;14;0;2;7;1;1;
59142;202200038313;745 682;A01;1;17;0;1;2;1;1;
59143;202200038314;745 681;B01;2;38;0;2;4;1;1;4.0
59144;202200038314;745 684;A01;2;38;0;2;1;1;1;2.0
59145;202200038315;745 680;A01;1;7;2;0;7;1;1;
59146;202200038316;745 679;A01;1;17;3;0;7;1;1;
59147;202200038318;745 675;B01;1;7;0;2;1;1;1;
59148;202200038318;745 677;A01;2;7;0;2;4;1;1;
59149;202200038319;745 673;A01;1;38;0;0;8;1;1;2.0
59150;202200038320;745 671;B01;1;10;0;2;3;1;1;
59151;202200038320;745 674;A01;0;7;0;2;2;17;1;
59152;202200038321;745 670;A01;0;7;0;0;0;1;1;
59153;202200038321;745 672;B01;0;7;9;2;8;0;1;
59154;202200038322;745 669;A01;2;7;15;0;1;14;1;
59155;202200038323;745 668;A01;1;33;0;0;7;17;1;
59156;202200038324;745 666;A01;2;7;6;0;1;1;1;
59157;202200038325;745 664;A01;2;10;0;2;1;1;1;
59158;202200038325;745 667;B01;1;7;0;2;1;1;1;
59159;202200038326;745 663;A01;1;10;2;0;1;26;1;
59160;202200038327;745 658;B01;3;7;0;2;8;26;1;
59161;202200038327;745 661;A01;3;7;0;2;1;1;1;
59162;202200038328;745 660;C01;1;7;0;2;4;2;2;
59163;202200038328;745 662;A01;1;7;0;2;1;2;1;
59164;202200038328;745 665;B01;1;7;0;2;4;2;1;
59165;202200038329;745 657;B01;2;7;0;2;6;21;1;
59166;202200038329;745 659;A01;2;7;2;2;3;1;1;
59167;202200038330;745 655;A01;1;33;7;0;0;2;1;
59168;202200038332;745 653;A01;1;7;8;0;9;12;0;
59169;202200038333;745 652;A01;1;7;0;0;9;1;1;
59170;202200038334;745 649;B01;3;2;0;2;2;16;1;
59171;202200038334;745 651;A01;3;7;0;2;3;15;1;
59172;202200038335;745 647;A01;0;1;0;0;4;1;5;
59173;202200038335;745 650;B01;0;7;0;9;2;1;1;
59174;202200038336;745 646;A01;2;7;0;2;3;13;1;
59175;202200038336;745 648;B01;1;2;0;2;1;1;1;
59176;202200038337;745 644;A01;2;10;0;2;3;13;1;
59177;202200038337;745 645;B01;1;30;0;2;1;1;1;
59178;202200038338;745 642;A01;1;7;0;1;2;2;1;
59179;202200038339;745 638;A01;2;33;6;0;8;1;1;
59180;202200038340;745 639;A01;2;7;0;2;3;1;1;
59181;202200038340;745 641;B01;1;1;0;2;1;21;5;
59182;202200038340;745 643;C01;0;7;0;0;0;9;1;
59183;202200038341;745 632;A01;1;33;0;0;3;1;1;
59184;202200038341;745 635;B01;1;7;0;2;3;15;1;
59185;202200038342;745 634;A01;1;33;13;0;1;1;1;
59186;202200038344;745 624;B01;1;10;0;2;3;1;1;
59187;202200038344;745 628;A01;2;7;0;2;3;13;1;
59188;202200038345;745 619;A01;1;7;0;0;3;2;1;
59189;202200038346;745 617;B01;2;7;0;2;3;1;1;
59190;202200038346;745 620;A01;1;7;0;2;1;15;1;
59191;202200038347;745 615;A01;1;33;0;0;9;1;1;
59192;202200038348;745 613;A01;2;7;17;0;1;21;1;
59193;202200038349;745 608;A01;1;7;0;1;4;4;1;
59194;202200038350;745 605;A01;1;33;0;2;2;19;1;
59195;202200038350;745 610;B01;1;7;0;2;3;1;1;
59196;202200038351;745 600;A01;2;7;0;2;1;1;1;
59197;202200038351;745 603;B01;3;7;0;2;1;5;1;
59198;202200038352;745 597;A01;0;7;0;0;0;1;1;
59199;202200038353;745 596;A01;1;15;0;0;8;23;1;
59200;202200038353;745 598;B01;1;7;0;0;5;24;2;
59201;202200038353;745 599;K01;1;10;1;0;1;1;1;
59202;202200038353;745 601;M01;1;10;1;0;0;1;1;
59203;202200038353;745 602;N01;1;14;0;2;1;1;1;
59204;202200038353;745 604;O01;1;7;3;0;8;1;1;
59205;202200038353;745 606;P01;1;17;0;0;6;1;1;
59206;202200038353;745 607;Q01;1;7;1;0;2;1;1;
59207;202200038353;745 609;R01;1;17;1;0;2;1;1;
59208;202200038353;745 611;S01;1;17;0;0;4;1;1;
59209;202200038353;745 612;T01;1;10;1;0;5;1;1;
59210;202200038353;745 614;U01;1;7;1;0;1;1;1;
59211;202200038353;745 616;C01;1;7;1;0;2;1;1;
59212;202200038353;745 618;V01;1;17;1;0;1;1;1;
59213;202200038353;745 621;W01;1;17;1;0;2;1;1;
59214;202200038353;745 622;X01;1;17;0;2;2;1;1;
59215;202200038353;745 623;L01;1;7;0;2;6;2;1;
59216;202200038353;745 626;Y01;1;7;5;0;0;1;1;
59217;202200038353;745 627;D01;1;10;0;0;7;1;1;
59218;202200038353;745 630;E01;1;7;1;0;1;1;1;
59219;202200038353;745 631;F01;1;17;0;0;4;1;1;
59220;202200038353;745 633;G01;1;7;1;0;1;1;1;
59221;202200038353;745 636;H01;1;14;0;0;4;1;1;
59222;202200038353;745 637;I01;1;7;0;0;4;1;1;
59223;202200038353;745 640;J01;1;7;1;0;1;1;1;
59224;202200038355;745 590;A01;2;7;0;2;4;2;1;
59225;202200038355;745 593;B01;2;7;0;2;4;2;1;
59226;202200038355;745 594;C01;2;7;0;2;1;2;1;
59227;202200038356;745 586;A01;1;7;4;0;1;17;1;
59228;202200038357;745 588;A01;3;50;0;0;0;1;3;