;Num_Acc;id_vehicule;num_veh;senc;catv;obs;obsm;choc;manv;motor;occutc
59229;202200038358;745 585;A01;1;7;0;2;1;2;1;
59230;202200038358;745 587;B01;1;7;0;0;4;1;1;
59231;202200038358;745 589;C01;1;7;0;2;1;0;1;
59232;202200038358;745 591;D01;1;7;0;2;0;0;1;
59233;202200038359;745 583;A01;2;33;7;0;3;0;1;
59234;202200038360;745 581;B01;1;7;0;2;6;1;1;
59235;202200038360;745 584;A01;1;7;0;2;2;14;1;
59236;202200038362;745 578;A01;2;7;0;1;2;1;1;
59237;202200038363;745 575;A01;1;7;0;2;3;1;1;
59238;202200038363;745 577;B01;1;14;0;2;3;1;6;
59239;202200038364;745 570;A01;1;10;0;2;1;1;1;
59240;202200038364;745 573;B01;1;15;0;2;9;2;1;
59241;202200038364;745 574;C01;1;7;0;2;2;2;1;
59242;202200038364;745 576;D01;1;7;0;2;9;2;1;
59243;202200038364;745 579;F01;1;15;0;2;4;2;1;
59244;202200038365;745 569;B01;2;7;3;2;4;2;1;
59245;202200038365;745 572;A01;2;10;0;2;1;2;1;
59246;202200038366;745 567;B01;2;7;0;2;1;1;1;
59247;202200038366;745 571;A01;1;7;0;2;1;13;1;
59248;202200038367;745 566;A01;3;7;0;1;2;1;1;
59249;202200038368;745 563;A01;1;10;8;0;1;1;1;
59250;202200038370;745 559;A01;1;7;0;2;8;10;1;
59251;202200038370;745 561;B01;1;10;0;2;1;1;1;
59252;202200038372;745 556;B01;1;7;0;2;1;13;1;
59253;202200038372;745 558;A01;2;7;0;2;1;1;1;
59254;202200038373;745 553;A01;1;7;0;2;2;12;1;
59255;202200038373;745 555;B01;1;7;0;2;6;1;1;
59256;202200038374;745 554;A01;0;7;8;0;3;1;1;
59257;202200038375;745 550;A01;2;7;3;0;2;9;1;
59258;202200038377;745 547;C01;2;7;0;2;1;2;1;
59259;202200038377;745 549;B01;2;7;0;2;4;2;1;
59260;202200038377;745 551;A01;2;7;0;0;4;1;1;
59261;202200038378;745 546;A01;2;7;4;0;7;14;1;
59262;202200038379;745 540;B01;1;7;0;2;3;11;1;
59263;202200038379;745 544;A01;1;7;0;2;2;17;1;
59264;202200038380;745 538;A01;2;33;0;2;4;1;1;
59265;202200038380;745 539;B01;2;7;0;2;7;22;1;
59266;202200038380;745 541;C01;2;33;1;2;1;1;1;
59267;202200038380;745 542;D01;2;33;0;2;4;2;1;
59268;202200038381;745 537;A01;2;7;0;1;3;1;1;
59269;202200038382;745 533;A01;1;7;3;2;1;1;1;
59270;202200038382;745 535;B01;1;7;3;2;4;2;1;
59271;202200038383;745 534;A01;1;7;0;2;6;11;1;
59272;202200038383;745 536;B01;1;33;0;2;1;1;1;
59273;202200038384;745 531;A01;0;7;0;2;1;13;1;
59274;202200038384;745 532;B01;0;7;3;2;1;1;1;
59275;202200038385;745 529;A01;2;33;4;2;8;26;1;
59276;202200038386;745 528;A01;1;33;0;2;1;14;1;
59277;202200038386;745 530;B01;1;7;0;2;4;0;1;
59278;202200038387;745 526;B01;3;7;0;2;3;9;1;
59279;202200038387;745 527;A01;3;33;0;2;1;1;1;
59280;202200038388;745 524;A01;1;7;4;2;1;1;1;
59281;202200038388;745 525;B01;1;7;0;2;3;1;1;
59282;202200038389;745 522;A01;2;7;0;0;7;14;1;
59283;202200038390;745 523;A01;2;7;2;0;1;13;1;
59284;202200038391;745 518;A01;3;7;0;1;2;1;2;
59285;202200038392;745 515;A01;1;7;0;2;1;2;1;
59286;202200038392;745 517;B01;1;7;0;2;4;2;1;
59287;202200038392;745 519;C01;1;7;0;2;4;2;1;
59288;202200038392;745 520;D01;1;7;0;2;4;2;1;
59289;202200038393;745 516;A01;2;7;2;0;8;14;1;
59290;202200038394;745 511;A01;1;7;8;0;8;14;1;
59291;202200038395;745 508;A01;1;7;0;2;5;23;1;
59292;202200038395;745 510;B01;1;7;0;2;3;1;1;
59293;202200038395;745 512;C01;1;7;0;2;3;21;1;
59294;202200038396;745 507;B01;1;7;0;2;2;15;1;
59295;202200038396;745 509;A01;2;7;0;2;2;1;1;
59296;202200038397;745 505;B01;2;7;0;2;1;1;1;
59297;202200038397;745 506;A01;1;99;0;2;1;13;0;
59298;202200038398;745 504;A01;2;7;0;1;2;1;1;
59299;202200038399;745 502;B01;1;10;0;2;1;19;1;
59300;202200038399;745 503;A01;1;31;0;2;8;1;1;
59301;202200038401;745 500;A01;1;7;0;1;3;1;1;
59302;202200038402;745 497;B01;1;7;0;2;1;1;1;
59303;202200038402;745 499;A01;1;10;0;2;3;19;1;
59304;202200038403;745 496;A01;3;7;0;1;3;17;1;
59305;202200038404;745 495;B01;2;7;0;2;8;1;1;
59306;202200038404;745 498;A01;1;7;0;2;1;9;1;
59307;202200038405;745 491;C01;1;7;0;2;1;2;1;
59308;202200038405;745 493;B01;1;7;0;2;6;0;1;
59309;202200038405;745 494;A01;1;7;0;2;4;2;1;
59310;202200038407;745 489;A01;3;31;0;0;3;15;1;
59311;202200038408;745 488;A01;2;7;0;2;0;0;1;
59312;202200038408;745 490;B01;2;7;0;2;0;0;1;
59313;202200038409;745 486;B01;2;7;0;2;4;2;1;
59314;202200038409;745 487;A01;2;10;0;2;1;2;1;
59315;202200038410;745 483;A01;2;30;0;2;1;1;1;
59316;202200038410;745 485;B01;1;10;0;2;5;16;1;
59317;202200038411;745 481;A01;1;50;0;2;1;1;3;
59318;202200038411;745 484;B01;1;7;0;2;8;0;1;
59319;202200038412;745 477;A01;1;7;0;2;7;1;1;
59320;202200038413;745 478;D01;1;14;0;2;0;0;1;
59321;202200038413;745 479;C01;1;7;0;2;3;1;1;
59322;202200038413;745 480;B01;1;7;0;2;9;2;1;
59323;202200038413;745 482;A01;1;7;0;2;4;23;1;
59324;202200038414;745 475;A01;1;7;1;0;9;14;1;
59325;202200038415;745 473;B01;1;7;0;2;2;12;1;
59326;202200038415;745 476;A01;2;7;7;2;3;1;1;
59327;202200038416;745 472;B01;2;7;0;2;1;1;1;
59328;202200038416;745 474;A01;2;10;0;2;4;1;1;
59329;202200038417;745 469;B01;2;50;0;2;3;25;3;
59330;202200038417;745 471;A01;1;7;0;2;2;19;1;
59331;202200038418;745 468;B01;1;16;0;2;2;12;0;
59332;202200038418;745 470;A01;1;7;0;2;8;1;1;
59333;202200038419;745 464;B01;1;7;0;2;0;19;0;
59334;202200038419;745 467;A01;1;37;0;2;0;1;2;6.0
59335;202200038421;745 462;B01;1;17;0;2;2;21;1;
59336;202200038421;745 465;A01;1;30;0;2;3;10;1;
59337;202200038422;745 458;B01;2;7;0;2;0;0;1;
59338;202200038422;745 461;A01;2;50;0;2;1;1;3;
59339;202200038423;745 455;A01;0;7;0;2;1;9;1;
59340;202200038423;745 457;C01;1;7;0;2;3;0;1;
59341;202200038423;745 460;B01;1;7;0;2;8;0;1;
59342;202200038424;745 453;A01;2;17;1;2;1;2;1;
59343;202200038424;745 454;D01;2;15;0;2;4;2;1;
59344;202200038424;745 456;C01;2;7;1;2;4;2;1;
59345;202200038424;745 459;B01;2;17;1;2;4;2;1;
59346;202200038426;745 450;A01;3;7;0;2;1;5;1;
59347;202200038426;745 452;B01;3;7;0;2;1;1;1;
59348;202200038427;745 447;B01;1;7;4;0;3;1;1;
59349;202200038427;745 449;A01;1;7;4;0;5;14;1;
59350;202200038428;745 445;A01;2;7;1;0;1;14;1;
59351;202200038429;745 443;B01;2;7;0;2;1;1;1;
59352;202200038429;745 446;A01;1;7;0;2;1;5;1;
59353;202200038431;745 439;A01;2;7;0;2;1;0;1;
59354;202200038431;745 441;B01;2;7;0;2;4;0;1;
59355;202200038431;745 442;C01;2;17;0;2;1;1;1;
59356;202200038431;745 444;D01;2;17;0;2;1;1;1;
59357;202200038432;745 435;A01;2;10;0;2;1;2;1;
59358;202200038432;745 437;B01;2;10;14;0;4;2;1;
59359;202200038434;745 433;A01;2;7;0;2;5;17;1;
59360;202200038434;745 438;B01;3;7;0;2;3;15;3;
59361;202200038435;745 431;A01;2;10;1;0;1;16;1;
59362;202200038437;745 429;A01;1;7;0;1;1;1;1;
59363;202200038438;745 426;A01;2;7;0;2;8;11;1;
59364;202200038438;745 428;B01;2;7;0;2;2;1;1;
59365;202200038439;745 425;A01;2;7;0;2;5;2;1;
59366;202200038439;745 427;B01;2;10;0;2;1;2;1;
59367;202200038440;745 421;A01;1;7;0;2;2;1;1;
59368;202200038440;745 424;B01;1;7;0;2;3;1;1;
59369;202200038441;745 422;A01;1;7;0;2;4;1;1;
59370;202200038441;745 423;B01;1;7;0;2;1;2;1;
59371;202200038442;745 419;A01;1;15;4;2;3;11;1;
59372;202200038442;745 420;B01;1;10;0;2;1;1;1;
59373;202200038443;745 417;A01;3;7;15;9;2;14;1;
59374;202200038445;745 415;A01;1;34;0;9;1;2;1;
59375;202200038446;745 412;B01;3;7;0;2;2;1;1;
59376;202200038446;745 414;A01;3;7;0;2;3;26;1;
59377;202200038447;745 411;B01;3;2;0;2;3;1;1;
59378;202200038447;745 413;A01;2;7;0;2;7;15;1;
59379;202200038449;745 405;D01;1;7;0;2;4;23;1;
59380;202200038449;745 408;C01;1;7;0;2;9;2;1;
59381;202200038449;745 409;B01;1;10;0;2;9;2;1;
59382;202200038449;745 410;A01;1;7;0;2;1;1;1;
59383;202200038450;745 404;A01;3;7;0;2;6;1;1;
59384;202200038450;745 407;B01;3;1;0;2;1;1;5;
59385;202200038452;745 400;A01;1;7;0;2;8;11;1;
59386;202200038452;745 402;B01;1;32;0;2;7;21;3;
59387;202200038453;745 399;B01;1;7;0;2;5;1;1;
59388;202200038453;745 401;A01;2;7;0;2;1;9;1;
59389;202200038454;745 395;B01;2;31;0;2;1;1;1;
59390;202200038454;745 398;A01;1;3;1;0;2;15;3;
59391;202200038455;745 397;A01;2;7;0;1;2;15;1;
59392;202200038456;745 394;A01;2;7;0;2;1;1;0;
59393;202200038456;745 396;B01;2;1;0;2;1;1;5;
59394;202200038457;745 392;B01;2;1;0;2;3;1;5;
59395;202200038457;745 393;A01;1;7;0;2;3;15;1;
59396;202200038458;745 391;A01;3;7;0;1;1;16;1;
59397;202200038459;745 389;A01;1;33;14;0;1;1;1;
59398;202200038461;745 386;A01;3;7;8;0;1;1;1;
59399;202200038462;745 385;Z01;2;0;0;1;1;1;0;
59400;202200038463;745 384;A01;2;7;0;2;1;0;1;
59401;202200038463;745 387;B01;3;7;0;2;3;23;1;
59402;202200038464;745 383;A01;1;33;0;0;0;1;1;
59403;202200038466;745 381;A01;1;7;1;1;3;16;1;
59404;202200038467;745 379;B01;1;33;0;2;0;0;1;
59405;202200038467;745 380;A01;1;7;0;2;0;0;1;
59406;202200038468;745 377;B01;2;1;0;0;0;0;5;
59407;202200038468;745 378;A01;2;7;0;9;4;4;2;
59408;202200038469;745 375;B01;1;10;0;2;6;15;1;
59409;202200038469;745 376;A01;1;33;0;2;1;17;1;
59410;202200038470;745 373;A01;0;7;0;1;3;1;1;
59411;202200038471;745 371;A01;1;10;0;2;1;15;1;
59412;202200038471;745 374;B01;2;34;0;2;7;1;1;
59413;202200038472;745 370;B01;1;7;0;2;2;11;1;
59414;202200038472;745 372;A01;2;2;0;2;1;1;1;
59415;202200038473;745 368;A01;3;7;0;1;8;1;2;
59416;202200038475;745 366;B01;1;1;0;2;1;0;5;
59417;202200038475;745 369;A01;1;7;0;9;3;16;1;
59418;202200038476;745 363;A01;3;7;8;0;1;15;1;
59419;202200038477;745 364;A01;1;7;0;2;1;0;1;
59420;202200038477;745 365;B01;1;7;0;0;4;0;1;
59421;202200038478;745 360;B01;3;7;0;2;5;0;1;
59422;202200038478;745 362;A01;2;7;1;0;2;14;1;
59423;202200038479;745 361;A01;3;7;0;1;1;1;1;
59424;202200038480;745 358;A01;3;7;0;2;3;1;1;
59425;202200038480;745 359;B01;3;33;0;2;3;1;1;
59426;202200038481;745 356;B01;2;32;0;2;1;1;1;
59427;202200038481;745 357;Z01;1;7;0;2;1;15;0;
59428;202200038482;745 355;A01;1;7;0;1;3;1;2;
59429;202200038483;745 354;A01;1;30;12;0;0;26;1;
59430;202200038484;745 351;A01;3;3;8;2;3;1;1;
59431;202200038485;745 352;A01;2;7;0;2;8;15;1;
59432;202200038485;745 353;B01;1;7;0;2;3;1;2;
59433;202200038486;745 348;B01;1;14;0;2;8;1;1;
59434;202200038486;745 349;A01;2;7;0;2;3;13;1;
59435;202200038487;745 345;B01;3;10;0;2;2;1;1;
59436;202200038487;745 346;A01;3;7;0;2;4;20;1;
59437;202200038488;745 343;A01;1;7;13;0;2;1;1;
59438;202200038489;745 344;B01;0;7;0;2;3;1;1;
59439;202200038489;745 347;C01;0;7;0;2;1;0;1;
59440;202200038489;745 350;A01;0;7;0;2;1;13;1;
59441;202200038490;745 341;B01;3;10;0;2;1;1;1;
59442;202200038490;745 342;A01;3;7;0;2;1;13;1;
59443;202200038491;745 340;A01;1;31;4;0;0;0;1;
59444;202200038492;745 339;A01;1;32;0;1;1;1;1;
59445;202200038494;745 337;A01;1;30;8;0;1;0;1;
59446;202200038495;745 333;A01;2;32;0;2;8;2;1;
59447;202200038495;745 335;B01;0;10;0;2;1;15;1;
59448;202200038496;745 334;B01;3;7;0;2;7;10;1;
59449;202200038496;745 336;A01;2;7;0;2;1;1;1;
59450;202200038498;745 330;B01;1;7;0;2;3;1;1;
59451;202200038498;745 331;A01;2;7;13;2;3;1;1;
59452;202200038499;745 327;A01;2;7;0;2;1;1;2;
59453;202200038499;745 328;B01;2;10;0;2;4;23;1;
59454;202200038499;745 329;C01;2;10;0;2;4;23;1;
59455;202200038500;745 325;B01;2;7;0;2;5;14;1;
59456;202200038500;745 326;A01;2;32;0;2;8;18;1;
59457;202200038501;745 324;A01;3;33;12;0;1;1;1;
59458;202200038502;745 322;Z01;2;1;0;0;2;14;5;
59459;202200038502;745 323;A01;2;1;0;2;1;1;5;
59460;202200038503;745 320;A01;3;7;0;2;4;1;1;
59461;202200038503;745 321;B01;3;7;0;2;1;1;1;
59462;202200038504;745 318;B01;0;7;0;2;4;24;1;
59463;202200038504;745 319;A01;2;10;0;2;1;14;1;
59464;202200038505;745 316;B01;1;1;0;2;8;15;5;
59465;202200038505;745 317;A01;1;7;0;2;1;1;1;
59466;202200038506;745 313;B01;1;30;0;2;1;17;1;
59467;202200038506;745 315;A01;1;7;0;2;3;10;2;
59468;202200038507;745 309;B01;2;7;0;2;7;22;2;
59469;202200038507;745 310;A01;2;30;0;2;1;18;1;
59470;202200038508;745 306;B01;2;30;0;2;3;1;1;
59471;202200038508;745 307;A01;1;7;0;2;2;15;1;
59472;202200038509;745 301;A01;2;7;0;2;1;0;1;
59473;202200038509;745 303;B01;1;7;0;2;1;1;1;
59474;202200038510;745 300;E01;1;7;0;2;4;2;1;
59475;202200038510;745 302;D01;1;7;0;2;4;2;3;
59476;202200038510;745 304;C01;1;7;0;2;4;2;1;
59477;202200038510;745 305;B01;1;7;0;2;4;2;0;
59478;202200038510;745 308;A01;1;10;0;2;1;2;1;
59479;202200038511;745 298;B01;1;1;0;2;8;1;5;
59480;202200038511;745 299;A01;2;7;0;2;3;15;1;
59481;202200038512;745 296;B01;1;1;0;0;4;0;5;
59482;202200038512;745 297;A01;1;7;0;2;0;0;1;
59483;202200038513;745 293;A01;1;7;0;2;1;1;2;
59484;202200038513;745 294;B01;2;43;0;2;1;1;1;
59485;202200038514;745 289;B01;1;7;14;0;1;0;1;
59486;202200038514;745 291;A01;1;7;14;9;1;2;1;
59487;202200038515;745 287;A01;1;10;0;2;1;15;1;
59488;202200038515;745 288;B01;1;33;0;2;8;1;1;
59489;202200038516;745 285;A01;2;7;6;0;8;1;1;
59490;202200038517;745 284;A01;1;1;12;2;3;13;5;
59491;202200038518;745 281;A01;1;7;13;0;3;2;1;
59492;202200038519;745 282;B01;2;1;0;2;8;19;5;
59493;202200038519;745 283;A01;2;7;0;2;1;16;1;
59494;202200038520;745 279;A01;1;50;0;0;0;15;3;
59495;202200038521;745 280;A01;1;7;0;1;2;1;1;
59496;202200038522;745 277;B01;1;30;0;2;1;1;1;
59497;202200038522;745 278;A01;2;7;0;2;3;17;1;
59498;202200038523;745 275;A01;1;50;0;0;1;21;3;
59499;202200038524;745 274;A01;2;7;3;2;2;5;1;
59500;202200038524;745 276;B01;1;7;0;2;2;1;1;
59501;202200038526;745 272;A01;2;34;0;1;1;1;1;
59502;202200038527;745 270;A01;1;10;2;0;1;1;1;
59503;202200038529;745 267;B01;1;7;0;2;2;15;1;
59504;202200038529;745 268;A01;2;43;0;2;1;1;1;
59505;202200038530;745 265;A01;2;7;14;2;1;2;1;
59506;202200038530;745 266;B01;2;7;6;0;5;2;1;
59507;202200038531;745 264;A01;1;2;0;0;0;1;1;
59508;202200038532;745 262;A01;1;7;13;0;0;26;1;
59509;202200038533;745 259;C01;2;7;0;9;1;1;1;
59510;202200038533;745 260;B01;1;7;0;2;1;1;1;
59511;202200038533;745 263;A01;2;2;0;2;1;13;1;
59512;202200038534;745 258;A01;1;7;0;2;3;1;1;
59513;202200038534;745 261;B01;2;7;0;2;2;1;1;
59514;202200038535;745 255;A01;1;2;0;2;7;17;1;
59515;202200038535;745 257;B01;1;7;0;2;8;26;1;
59516;202200038536;745 253;A01;1;10;0;2;3;15;0;
59517;202200038536;745 256;B01;2;33;5;2;8;1;1;
59518;202200038537;745 252;B01;1;7;0;2;1;0;1;
59519;202200038537;745 254;A01;1;50;0;2;7;1;3;
59520;202200038538;745 250;A01;1;7;6;0;1;1;1;
59521;202200038539;745 247;B01;1;32;0;2;0;1;1;
59522;202200038539;745 249;A01;1;7;0;2;2;1;1;
59523;202200038540;745 248;A01;3;7;0;2;2;19;1;
59524;202200038540;745 251;B01;3;2;0;2;1;2;1;
59525;202200038541;745 246;A01;1;34;6;0;6;1;1;
59526;202200038542;745 244;A01;1;2;0;0;0;1;1;
59527;202200038543;745 243;B01;1;7;0;0;0;16;1;
59528;202200038543;745 245;A01;1;50;1;0;0;14;3;
59529;202200038544;745 242;A01;2;2;8;0;0;1;1;
59530;202200038545;745 239;A01;1;7;0;1;3;1;1;
59531;202200038546;745 238;B01;2;7;0;2;1;1;1;
59532;202200038546;745 241;A01;3;30;0;2;8;1;1;
59533;202200038549;745 231;A01;2;30;0;2;2;9;1;
59534;202200038549;745 234;B01;3;1;0;2;8;1;5;
59535;202200038550;745 232;B01;1;10;0;2;0;0;0;
59536;202200038550;745 235;A01;1;30;1;2;0;16;1;
59537;202200038551;745 228;B01;1;7;0;0;3;15;1;
59538;202200038551;745 230;A01;1;33;0;2;1;17;1;
59539;202200038552;745 225;A01;1;7;0;2;8;24;1;
59540;202200038552;745 226;B01;1;1;1;2;1;0;0;
59541;202200038553;745 224;A01;2;33;0;0;0;0;1;
59542;202200038554;745 221;A01;2;7;12;0;9;13;1;
59543;202200038555;745 218;A01;2;7;0;0;2;0;1;
59544;202200038555;745 219;B01;2;1;13;0;4;2;5;
59545;202200038556;745 216;A01;2;30;0;0;7;1;1;
59546;202200038557;745 214;B01;1;7;0;2;7;1;1;
59547;202200038557;745 215;A01;1;33;0;2;2;13;1;
59548;202200038558;745 213;B01;1;33;0;2;1;1;1;
59549;202200038558;745 217;A01;2;7;0;2;8;1;1;
59550;202200038559;745 210;A01;2;10;15;0;1;14;1;
59551;202200038560;745 211;A01;1;7;0;2;1;19;1;
59552;202200038560;745 212;B01;2;50;0;2;1;1;3;
59553;202200038561;745 209;A01;3;7;0;1;4;4;1;
59554;202200038562;745 206;A01;2;7;0;0;1;1;1;
59555;202200038563;745 205;A01;1;7;0;2;3;15;1;
59556;202200038563;745 208;B01;2;32;0;2;1;1;1;
59557;202200038564;745 204;A01;1;7;0;2;2;17;1;
59558;202200038564;745 207;B01;1;7;0;0;6;1;1;
59559;202200038565;745 202;A01;1;7;3;0;3;1;1;
59560;202200038566;745 203;A01;2;7;13;0;3;26;1;
59561;202200038567;745 200;A01;3;10;0;2;3;15;1;
59562;202200038567;745 201;B01;3;33;0;2;7;17;1;
59563;202200038568;745 198;A01;1;31;3;0;2;1;1;
59564;202200038569;745 197;B01;2;33;0;0;4;2;1;
59565;202200038569;745 199;A01;2;7;0;2;2;2;1;
59566;202200038570;745 196;A01;1;10;0;1;3;15;1;
59567;202200038572;745 194;A01;2;7;0;1;1;1;1;
59568;202200038573;745 186;B01;1;33;0;2;1;1;1;
59569;202200038573;745 188;A01;2;33;0;2;1;13;1;
59570;202200038574;745 185;B01;2;7;0;2;4;2;1;
59571;202200038574;745 187;A01;2;7;0;2;1;2;1;
59572;202200038575;745 183;A01;2;7;0;2;1;13;1;
59573;202200038575;745 184;B01;1;7;0;2;1;1;1;
59574;202200038575;745 189;C01;1;7;0;2;1;1;1;
59575;202200038577;745 179;A01;3;7;0;2;1;15;1;
59576;202200038577;745 181;B01;3;32;0;2;8;1;1;
59577;202200038578;745 177;A01;2;33;0;0;8;1;1;
59578;202200038579;745 178;A01;1;7;13;0;0;16;1;
59579;202200038580;745 174;A01;2;17;3;0;1;14;1;
59580;202200038581;745 175;B01;3;50;0;2;9;1;3;
59581;202200038581;745 176;A01;3;7;0;9;3;15;1;
59582;202200038582;745 173;A01;1;2;0;0;0;1;1;
59583;202200038583;745 170;A01;3;10;0;2;3;15;1;
59584;202200038583;745 172;B01;3;80;0;2;1;1;3;
59585;202200038584;745 171;A01;1;7;0;1;3;1;1;
59586;202200038585;745 163;B01;2;7;0;2;6;26;1;
59587;202200038585;745 167;A01;2;7;0;2;2;1;1;
59588;202200038586;745 164;A01;2;7;0;2;2;2;1;
59589;202200038586;745 166;B01;2;1;0;2;4;1;5;
59590;202200038586;745 168;C01;2;1;0;2;4;1;5;
59591;202200038587;745 162;A01;3;33;3;0;0;0;1;
59592;202200038588;745 159;A01;1;7;0;1;0;1;0;
59593;202200038589;745 158;C01;3;7;0;2;1;2;1;
59594;202200038589;745 160;B01;3;7;2;2;1;1;1;
59595;202200038589;745 161;A01;3;7;2;2;7;1;1;
59596;202200038590;745 157;A01;1;33;2;0;1;1;1;
59597;202200038591;745 155;A01;0;33;12;0;0;0;1;
59598;202200038592;745 149;A01;2;7;0;2;1;2;1;
59599;202200038592;745 151;B01;2;7;3;2;6;2;1;
59600;202200038592;745 153;C01;2;7;0;0;6;2;1;
59601;202200038593;745 150;B01;3;31;0;2;3;1;0;
59602;202200038593;745 152;A01;3;7;0;2;3;15;0;
59603;202200038594;745 147;B01;2;1;0;2;1;1;5;
59604;202200038594;745 148;A01;1;7;0;2;3;15;1;
59605;202200038595;745 146;A01;3;33;13;9;1;14;1;
59606;202200038596;745 143;B01;2;7;0;2;2;1;1;
59607;202200038596;745 145;A01;2;7;0;2;2;9;1;
59608;202200038597;745 138;A01;1;10;0;2;1;2;1;
59609;202200038597;745 141;B01;1;7;0;2;4;2;1;
59610;202200038597;745 144;C01;1;7;0;0;6;2;1;
59611;202200038598;745 140;B01;2;33;0;2;1;1;1;
59612;202200038598;745 142;A01;1;7;0;2;2;15;1;
59613;202200038599;745 137;B01;2;31;0;2;1;1;1;
59614;202200038599;745 139;A01;1;31;0;2;1;13;1;
59615;202200038600;745 136;A01;3;7;0;6;0;1;1;
59616;202200038601;745 134;A01;1;10;0;2;1;0;1;
59617;202200038601;745 135;B01;1;7;4;0;4;1;1;
59618;202200038602;745 133;A01;1;99;0;2;1;11;3;
59619;202200038603;745 131;B01;2;33;0;2;8;1;1;
59620;202200038603;745 132;A01;3;7;0;2;2;19;1;
59621;202200038604;745 129;A01;0;7;8;0;1;16;1;
59622;202200038605;745 128;A01;1;7;3;0;8;17;1;
59623;202200038605;745 130;B01;1;33;3;0;7;17;1;
59624;202200038607;745 121;C01;1;7;0;2;0;1;1;
59625;202200038607;745 124;B01;1;7;4;2;6;11;1;
59626;202200038607;745 126;A01;1;7;7;2;1;17;1;
59627;202200038608;745 122;A01;3;7;0;2;3;15;1;
59628;202200038608;745 123;B01;3;2;0;2;1;17;1;
59629;202200038609;745 119;A01;2;7;0;2;1;1;1;
59630;202200038609;745 120;B01;1;38;0;2;3;1;1;1.0
59631;202200038610;745 114;A01;1;7;0;2;1;1;1;
59632;202200038610;745 117;B01;1;7;0;2;4;1;1;
59633;202200038611;745 113;C01;2;7;14;0;3;0;1;
59634;202200038611;745 116;B01;2;7;0;2;2;2;1;
59635;202200038611;745 118;A01;2;7;4;0;3;2;1;
59636;202200038612;745 112;B01;2;1;0;0;4;0;5;
59637;202200038612;745 115;A01;2;0;0;9;2;0;0;
59638;202200038613;745 108;B01;1;7;0;2;5;1;2;
59639;202200038613;745 111;A01;1;7;0;2;3;1;1;
59640;202200038614;745 107;B01;2;7;0;2;2;21;1;
59641;202200038614;745 110;A01;1;7;0;2;2;13;1;
59642;202200038615;745 106;B01;1;7;0;2;1;1;1;
59643;202200038615;745 109;A01;1;7;6;2;7;19;1;
59644;202200038616;745 104;A01;3;2;13;0;7;1;1;
59645;202200038617;745 102;A01;1;7;0;2;1;1;1;
59646;202200038617;745 105;B01;1;7;0;2;4;1;1;
59647;202200038618;745 101;B01;3;10;0;2;3;26;1;
59648;202200038618;745 103;A01;3;7;0;2;3;26;1;
59649;202200038619;745 097;A01;1;10;0;2;1;0;1;
59650;202200038619;745 099;B01;1;10;0;2;4;23;1;
59651;202200038619;745 100;C01;1;7;0;0;4;23;1;
59652;202200038620;745 095;B01;3;7;0;2;4;1;1;
59653;202200038620;745 098;A01;3;7;0;2;1;2;1;
59654;202200038621;745 094;A01;1;33;0;0;0;1;1;
59655;202200038622;745 092;A01;3;7;1;2;1;24;1;
59656;202200038623;745 091;A01;2;7;0;2;1;2;1;
59657;202200038623;745 093;B01;2;7;0;0;4;2;1;
59658;202200038624;745 090;A01;1;7;10;1;2;1;6;
59659;202200038626;745 088;A01;1;33;11;0;0;1;1;
59660;202200038627;745 087;A01;2;30;0;1;1;21;1;
59661;202200038628;745 086;A01;1;7;2;0;1;14;1;
59662;202200038629;745 085;A01;1;7;2;0;1;1;1;
59663;202200038630;745 082;A01;2;33;0;2;9;1;1;
59664;202200038630;745 084;B01;1;10;0;2;1;1;1;
59665;202200038631;745 080;A01;1;7;0;2;1;2;1;
59666;202200038631;745 083;B01;1;15;0;2;4;2;1;
59667;202200038632;745 077;A01;1;7;4;0;1;0;1;
59668;202200038633;745 076;A01;3;30;0;2;1;2;1;
59669;202200038633;745 078;B01;0;1;0;2;4;1;5;
59670;202200038635;745 071;B01;0;7;0;0;1;0;1;
59671;202200038635;745 073;A01;0;1;0;0;4;0;5;
59672;202200038636;745 069;B01;2;7;0;2;2;1;1;
59673;202200038636;745 074;A01;2;10;0;2;1;1;1;
59674;202200038637;745 067;A01;2;80;14;0;1;1;3;
59675;202200038638;745 066;A01;1;7;0;1;8;1;1;
59676;202200038639;745 065;B01;2;1;0;2;1;1;5;
59677;202200038639;745 068;A01;1;7;0;9;1;15;1;
59678;202200038640;745 064;A01;1;7;13;0;9;1;1;
59679;202200038642;745 060;A01;1;2;0;2;1;1;1;
59680;202200038642;745 062;B01;1;7;0;2;0;10;0;
59681;202200038643;745 059;A01;1;33;0;6;2;1;1;
59682;202200038644;745 058;A01;2;7;0;0;0;17;1;
59683;202200038645;745 057;A01;1;33;13;0;0;1;1;
59684;202200038646;745 055;A01;3;7;0;2;1;1;1;
59685;202200038646;745 056;B01;0;7;0;2;1;1;1;
59686;202200038647;745 050;B01;2;2;0;2;1;1;1;
59687;202200038647;745 051;A01;1;7;13;2;1;13;1;
59688;202200038648;745 049;A01;1;33;0;2;1;13;1;
59689;202200038648;745 052;B01;2;7;0;2;3;1;1;