;Num_Acc;id_vehicule;num_veh;senc;catv;obs;obsm;choc;manv;motor;occutc
59690;202200038649;745 048;A01;3;7;1;0;3;0;1;
59691;202200038650;745 044;B01;1;7;0;0;6;1;1;
59692;202200038650;745 046;A01;1;1;0;2;1;17;5;
59693;202200038652;745 038;B01;1;1;0;2;0;2;5;
59694;202200038652;745 040;A01;1;7;0;2;5;2;1;
59695;202200038653;745 037;A01;1;10;0;2;3;1;1;
59696;202200038653;745 039;B01;2;2;0;2;1;13;1;
59697;202200038654;745 035;A01;2;33;0;0;0;1;1;
59698;202200038655;745 032;B01;2;17;0;0;4;2;1;
59699;202200038655;745 034;A01;2;3;3;2;1;2;1;
59700;202200038656;745 033;A01;1;7;0;2;4;9;1;
59701;202200038656;745 036;B01;1;7;0;2;4;1;0;
59702;202200038657;745 031;A01;0;7;16;0;9;2;1;
59703;202200038658;745 030;A01;2;7;6;0;1;13;1;
59704;202200038659;745 028;A01;1;33;16;0;1;0;1;
59705;202200038660;745 026;B01;2;7;0;2;8;15;2;
59706;202200038660;745 029;A01;2;7;0;2;1;17;1;
59707;202200038661;745 027;A01;1;33;8;0;1;0;1;
59708;202200038662;745 025;A01;1;33;0;0;0;0;1;
59709;202200038664;745 023;A01;3;7;0;1;1;20;2;
59710;202200038665;745 020;B01;1;7;0;2;4;23;1;
59711;202200038665;745 021;A01;1;7;0;2;1;1;1;
59712;202200038666;745 019;A01;2;2;0;0;0;1;1;
59713;202200038667;745 018;A01;3;1;0;5;1;1;5;
59714;202200038668;745 015;A01;1;33;0;2;1;1;1;
59715;202200038668;745 017;B01;1;7;0;2;8;15;1;
59716;202200038669;745 011;B01;3;7;0;2;2;1;1;
59717;202200038669;745 013;A01;3;7;0;2;8;16;1;
59718;202200038670;745 007;A01;2;7;16;0;4;2;1;
59719;202200038670;745 008;B01;2;7;16;2;1;2;0;
59720;202200038670;745 010;C01;2;7;0;2;4;15;0;
59721;202200038671;745 005;A01;0;7;12;0;1;0;1;
59722;202200038672;745 003;D01;1;7;0;2;1;2;1;
59723;202200038672;745 004;C01;1;7;0;2;1;2;1;
59724;202200038672;745 006;B01;1;7;0;2;1;2;1;
59725;202200038672;745 009;A01;1;7;0;2;4;1;1;
59726;202200038673;745 001;A01;2;7;0;1;3;1;1;
59727;202200038674;745 000;A01;0;7;0;2;3;17;1;
59728;202200038674;745 002;B01;0;14;0;2;3;1;1;
59729;202200038675;744 998;B01;1;7;0;2;1;2;1;
59730;202200038675;744 999;A01;1;10;0;2;5;1;1;
59731;202200038676;744 996;B01;2;7;0;2;8;15;1;
59732;202200038676;744 997;A01;2;34;0;2;1;17;1;
59733;202200038677;744 992;A01;1;7;15;2;5;6;2;
59734;202200038677;744 994;B01;1;7;4;1;3;1;1;
59735;202200038678;744 993;B01;2;14;0;2;5;0;1;
59736;202200038678;744 995;A01;2;7;0;2;8;1;1;
59737;202200038679;744 991;A01;2;7;0;1;1;1;1;
59738;202200038680;744 986;C01;2;7;0;2;1;1;1;
59739;202200038680;744 989;B01;2;7;0;2;8;1;1;
59740;202200038680;744 990;A01;1;10;0;2;1;13;1;
59741;202200038681;744 984;A01;2;7;1;2;3;1;1;
59742;202200038681;744 987;B01;2;7;0;2;5;15;1;
59743;202200038682;744 985;A01;1;7;0;2;1;2;1;
59744;202200038682;744 988;B01;1;7;0;2;4;2;2;
59745;202200038683;744 983;A01;2;7;12;0;1;13;1;
59746;202200038684;744 980;A01;2;33;3;0;2;2;1;
59747;202200038685;744 979;A01;2;7;0;2;1;2;1;
59748;202200038685;744 981;B01;2;10;0;2;4;2;1;
59749;202200038686;744 978;B01;1;30;0;2;7;1;1;
59750;202200038686;744 982;A01;3;7;0;2;3;15;1;
59751;202200038687;744 976;A01;2;1;4;0;1;15;5;
59752;202200038688;744 975;B01;1;10;0;2;1;21;1;
59753;202200038688;744 977;A01;1;7;0;2;1;13;1;
59754;202200038689;744 972;A01;2;33;0;0;7;1;1;
59755;202200038690;744 970;A01;1;7;0;2;6;23;1;
59756;202200038690;744 971;B01;1;7;0;2;3;2;1;
59757;202200038690;744 973;C01;1;10;0;2;1;0;1;
59758;202200038691;744 968;A01;-1;7;2;0;1;0;1;
59759;202200038692;744 969;A01;3;7;0;2;3;1;1;
59760;202200038692;744 974;B01;3;1;0;2;0;0;5;
59761;202200038693;744 964;A01;1;34;1;1;0;17;1;
59762;202200038694;744 960;B01;2;1;0;2;4;1;5;
59763;202200038694;744 961;A01;1;7;0;2;2;15;1;
59764;202200038695;744 959;A01;1;7;0;2;1;2;1;
59765;202200038695;744 962;B01;1;10;0;2;4;1;1;
59766;202200038695;744 963;C01;1;7;0;2;4;2;1;
59767;202200038695;744 967;D01;1;7;0;2;6;1;1;
59768;202200038696;744 956;A01;1;7;0;2;1;2;1;
59769;202200038696;744 957;B01;1;7;0;2;4;2;1;
59770;202200038697;744 953;A01;1;7;0;2;4;1;1;
59771;202200038697;744 954;Z01;1;7;0;2;1;0;0;
59772;202200038698;744 952;B01;1;7;0;2;6;2;1;
59773;202200038698;744 958;A01;1;7;0;2;1;2;1;
59774;202200038699;744 955;A01;2;7;15;0;2;2;1;
59775;202200038702;744 947;A01;2;1;0;1;1;5;5;
59776;202200038703;744 945;A01;2;7;0;2;1;2;1;
59777;202200038703;744 946;B01;2;7;0;2;4;2;1;
59778;202200038703;744 948;C01;2;10;0;2;4;2;1;
59779;202200038704;744 944;Z01;1;32;0;1;1;16;0;
59780;202200038705;744 942;A01;1;13;0;2;1;2;1;
59781;202200038705;744 943;B01;1;7;0;2;4;2;1;
59782;202200038706;744 939;B01;2;50;0;2;1;1;3;
59783;202200038706;744 940;A01;2;7;0;2;7;20;1;
59784;202200038707;744 938;A01;3;7;0;1;0;1;1;
59785;202200038708;744 936;A01;2;7;0;1;0;17;-1;
59786;202200038709;744 935;B01;2;33;1;2;1;17;1;
59787;202200038709;744 937;A01;2;7;0;2;3;10;3;
59788;202200038710;744 941;A01;2;7;15;0;9;1;1;
59789;202200038711;744 933;A01;1;7;0;1;1;1;1;
59790;202200038712;744 931;A01;1;7;0;2;1;16;2;
59791;202200038712;744 934;B01;3;1;0;2;0;1;5;
59792;202200038713;744 930;B01;1;2;0;2;1;2;1;
59793;202200038713;744 932;A01;1;7;0;2;3;10;1;
59794;202200038714;744 928;A01;2;7;0;2;3;1;1;
59795;202200038714;744 929;B01;2;7;0;2;0;0;1;
59796;202200038715;744 926;A01;0;7;13;0;0;1;1;
59797;202200038716;744 927;A01;3;50;0;0;0;25;3;
59798;202200038717;744 923;A01;2;7;0;2;8;13;1;
59799;202200038717;744 925;B01;2;31;0;2;2;17;1;
59800;202200038718;744 922;B01;3;1;0;2;8;19;5;
59801;202200038718;744 924;A01;3;7;0;2;2;15;1;
59802;202200038719;744 920;B01;2;30;0;2;1;1;1;
59803;202200038719;744 921;A01;2;7;0;2;3;1;1;
59804;202200038720;744 918;B01;2;50;0;2;1;1;3;
59805;202200038720;744 919;A01;2;7;0;2;2;16;1;
59806;202200038721;744 916;A01;2;7;0;2;6;1;1;
59807;202200038721;744 917;B01;1;7;0;2;3;1;1;
59808;202200038722;744 914;B01;2;99;0;0;6;24;1;
59809;202200038722;744 915;A01;2;37;1;2;2;2;1;2.0
59810;202200038723;744 912;A01;2;7;2;0;1;1;1;
59811;202200038724;744 911;A01;1;31;0;2;0;2;1;
59812;202200038724;744 913;B01;1;7;0;2;8;15;1;
59813;202200038725;744 909;A01;1;7;0;2;1;1;1;
59814;202200038725;744 910;B01;2;7;0;2;1;1;1;
59815;202200038726;744 907;B01;1;32;0;2;0;1;1;
59816;202200038726;744 908;A01;1;7;0;2;3;2;1;
59817;202200038727;744 904;A01;2;7;0;2;3;15;1;
59818;202200038727;744 906;B01;1;7;0;2;3;1;1;
59819;202200038728;744 903;B01;1;14;0;2;1;1;0;
59820;202200038728;744 905;A01;2;30;0;2;1;17;3;
59821;202200038729;744 901;B01;2;7;0;4;0;0;1;
59822;202200038729;744 902;A01;1;40;0;2;3;16;3;
59823;202200038730;744 900;A01;2;33;6;9;0;1;1;
59824;202200038731;744 897;A01;2;3;0;2;2;15;1;
59825;202200038731;744 899;B01;1;7;0;2;1;1;1;
59826;202200038732;744 896;B01;2;20;0;2;1;24;1;
59827;202200038732;744 898;A01;2;7;1;0;1;1;1;
59828;202200038733;744 894;A01;2;7;0;2;4;0;1;
59829;202200038733;744 895;B01;2;7;0;2;1;0;1;
59830;202200038734;744 891;B01;2;7;0;2;9;1;1;
59831;202200038734;744 892;A01;1;7;0;2;1;1;1;
59832;202200038735;744 890;B01;1;14;0;2;0;15;1;
59833;202200038735;744 893;A01;1;0;0;2;0;26;0;
59834;202200038736;744 886;A01;3;7;0;1;3;1;1;
59835;202200038737;744 887;B01;2;7;0;2;2;2;1;
59836;202200038737;744 889;A01;2;7;0;2;8;23;1;
59837;202200038738;744 885;B01;1;43;8;2;7;1;1;
59838;202200038738;744 888;A01;2;38;8;2;8;15;1;1.0
59839;202200038739;744 884;A01;1;32;12;0;1;13;1;
59840;202200038740;744 881;B01;1;7;0;2;7;1;1;
59841;202200038740;744 883;A01;3;7;0;2;1;9;1;
59842;202200038741;744 880;A01;3;10;0;1;4;26;0;
59843;202200038742;744 879;A01;3;7;0;1;7;0;1;
59844;202200038743;744 878;B01;1;7;0;2;4;2;1;
59845;202200038743;744 882;A01;1;7;0;2;1;1;1;
59846;202200038744;744 877;A01;1;7;1;0;2;1;1;
59847;202200038745;744 873;B01;2;30;1;2;1;1;1;
59848;202200038745;744 875;A01;3;7;0;2;2;26;1;
59849;202200038746;744 874;A01;1;7;0;2;6;13;1;
59850;202200038746;744 876;B01;1;32;0;2;2;1;1;
59851;202200038747;744 872;A01;1;7;0;1;2;16;1;
59852;202200038748;744 871;A01;2;7;3;0;1;14;1;
59853;202200038749;744 869;A01;2;33;13;0;1;0;1;
59854;202200038750;744 868;A01;3;7;0;2;3;20;0;
59855;202200038750;744 870;B01;3;33;0;2;1;17;1;
59856;202200038752;744 863;A01;2;7;0;2;2;1;1;
59857;202200038752;744 865;B01;2;2;0;2;8;16;1;
59858;202200038753;744 861;C01;2;7;0;2;5;1;1;
59859;202200038753;744 864;B01;2;7;0;2;5;1;1;
59860;202200038753;744 866;A01;2;7;0;2;3;0;1;
59861;202200038754;744 859;B01;2;7;14;2;1;1;1;
59862;202200038754;744 862;A01;1;7;0;2;1;13;1;
59863;202200038755;744 858;B01;1;31;0;2;1;1;1;
59864;202200038755;744 860;A01;1;7;0;2;1;15;1;
59865;202200038756;744 855;A01;1;7;2;0;1;1;1;
59866;202200038757;744 854;A01;1;7;3;0;2;13;1;
59867;202200038758;744 852;A01;1;7;0;1;1;26;1;
59868;202200038759;744 850;E01;1;33;0;2;8;1;1;
59869;202200038759;744 851;D01;1;33;0;2;8;1;1;
59870;202200038759;744 853;C01;1;7;0;2;2;21;1;
59871;202200038759;744 856;B01;2;7;0;2;6;23;1;
59872;202200038759;744 857;A01;2;13;0;2;2;2;1;
59873;202200038760;744 849;A01;1;7;0;1;1;26;1;
59874;202200038761;744 847;A01;2;7;6;0;1;0;0;
59875;202200038762;744 844;Z01;3;99;0;0;0;0;0;
59876;202200038763;744 843;B01;2;80;0;0;1;1;3;
59877;202200038763;744 846;A01;1;7;0;2;2;15;1;
59878;202200038764;744 845;A01;1;7;7;0;4;23;1;
59879;202200038764;744 848;B01;1;14;0;2;1;2;1;
59880;202200038765;744 839;A01;1;7;0;1;8;1;1;
59881;202200038766;744 838;A01;3;7;0;1;1;16;1;
59882;202200038767;744 837;A01;2;30;0;2;1;17;1;
59883;202200038767;744 840;B01;2;7;0;2;6;15;1;
59884;202200038768;744 834;A01;1;34;0;0;7;1;1;
59885;202200038770;744 833;B01;2;7;0;2;1;1;1;
59886;202200038770;744 836;A01;1;7;0;2;2;15;1;
59887;202200038771;744 830;A01;3;38;0;2;2;14;1;1.0
59888;202200038771;744 832;B01;3;50;0;2;6;1;3;
59889;202200038772;744 828;B01;1;7;0;2;1;1;1;
59890;202200038772;744 829;A01;1;33;0;2;1;0;1;
59891;202200038773;744 826;A01;1;7;0;2;8;1;1;
59892;202200038773;744 827;B01;1;7;0;2;2;1;1;
59893;202200038774;744 824;A01;1;7;0;1;1;1;0;
59894;202200038775;744 820;A01;0;10;0;2;4;20;1;
59895;202200038775;744 822;B01;0;30;0;2;8;1;1;
59896;202200038776;744 819;C01;1;7;0;2;1;2;1;
59897;202200038776;744 821;B01;1;7;0;2;4;2;1;
59898;202200038776;744 825;A01;1;7;0;2;4;2;2;
59899;202200038777;744 818;A01;1;7;13;0;9;1;1;
59900;202200038778;744 817;A01;1;7;0;2;1;1;1;
59901;202200038778;744 823;B01;2;13;0;2;3;1;1;
59902;202200038779;744 815;A01;3;31;0;1;1;25;1;
59903;202200038781;744 812;A01;2;33;13;0;2;15;1;
59904;202200038782;744 811;A01;2;33;14;0;1;13;1;
59905;202200038784;744 808;A01;2;7;13;0;2;1;1;
59906;202200038785;744 807;A01;3;50;0;1;4;25;3;
59907;202200038786;744 806;A01;2;31;0;0;1;1;1;
59908;202200038787;744 805;B01;1;7;0;2;3;1;3;
59909;202200038787;744 809;A01;2;7;0;2;1;9;1;
59910;202200038788;744 800;A01;2;7;2;2;1;1;1;
59911;202200038788;744 804;B01;1;7;0;2;8;1;1;
59912;202200038790;744 798;A01;1;14;0;0;8;15;1;
59913;202200038790;744 801;B01;2;33;0;2;1;1;1;
59914;202200038791;744 797;A01;3;3;0;1;4;26;3;
59915;202200038792;744 795;A01;1;7;2;0;8;1;1;
59916;202200038793;744 794;A01;2;33;12;0;1;1;1;
59917;202200038795;744 790;A01;1;33;3;0;0;17;1;
59918;202200038796;744 788;A01;1;7;0;2;3;13;1;
59919;202200038796;744 789;B01;2;7;0;2;3;1;1;
59920;202200038796;744 792;C01;2;7;0;2;3;1;1;
59921;202200038797;744 787;A01;2;2;0;2;1;15;1;
59922;202200038797;744 791;B01;1;7;0;2;7;1;1;
59923;202200038798;744 786;A01;1;7;15;0;3;1;1;
59924;202200038799;744 781;A01;3;7;0;0;1;1;1;
59925;202200038800;744 782;B01;1;7;0;2;4;23;1;
59926;202200038800;744 784;A01;1;7;14;0;1;1;1;
59927;202200038801;744 780;B01;0;7;0;9;3;10;1;
59928;202200038801;744 783;A01;0;1;0;2;1;9;5;
59929;202200038802;744 779;A01;2;7;0;2;1;2;1;
59930;202200038802;744 785;B01;2;1;0;2;4;2;5;
59931;202200038803;744 775;A01;1;7;0;1;1;1;1;
59932;202200038804;744 774;B01;2;7;0;2;1;1;1;
59933;202200038804;744 778;A01;1;7;0;2;1;13;1;
59934;202200038805;744 771;B01;1;7;0;2;8;15;1;
59935;202200038805;744 772;A01;1;32;0;2;1;3;1;
59936;202200038807;744 770;D01;2;7;0;2;1;1;1;
59937;202200038807;744 773;C01;1;7;0;2;3;1;3;
59938;202200038807;744 776;B01;1;7;0;2;3;1;1;
59939;202200038807;744 777;A01;2;7;0;2;1;6;1;
59940;202200038808;744 765;B01;1;7;0;0;4;23;1;
59941;202200038808;744 767;A01;1;33;1;0;1;1;1;
59942;202200038809;744 766;B01;0;32;0;2;2;2;1;
59943;202200038809;744 768;A01;3;7;0;2;3;9;1;
59944;202200038810;744 762;B01;1;2;0;2;4;1;1;
59945;202200038810;744 764;A01;1;10;0;2;2;17;1;
59946;202200038811;744 760;A01;2;7;0;2;3;13;1;
59947;202200038811;744 763;B01;1;7;0;2;3;13;1;
59948;202200038812;744 756;A01;2;7;0;9;3;1;0;
59949;202200038812;744 758;B01;1;33;0;2;8;1;0;
59950;202200038813;744 754;A01;1;7;0;2;2;15;2;
59951;202200038813;744 757;B01;2;1;0;2;8;19;5;
59952;202200038814;744 753;B01;2;7;0;2;1;1;1;
59953;202200038814;744 755;A01;1;7;0;2;1;13;1;
59954;202200038817;744 749;A01;2;7;0;0;9;1;1;
59955;202200038818;744 747;A01;3;36;2;0;1;26;1;
59956;202200038819;744 746;B01;1;50;0;2;7;1;3;
59957;202200038819;744 748;A01;1;7;0;2;3;9;1;
59958;202200038820;744 745;A01;2;7;0;1;1;1;1;
59959;202200038821;744 740;A01;2;7;0;2;3;2;1;
59960;202200038821;744 743;B01;2;7;0;2;5;2;1;
59961;202200038822;744 739;A01;1;32;0;2;7;6;1;
59962;202200038822;744 742;B01;2;7;0;2;1;1;1;
59963;202200038823;744 741;A01;1;10;0;2;8;1;1;
59964;202200038823;744 744;B01;1;33;0;2;1;17;1;
59965;202200038824;744 736;A01;0;7;13;0;1;0;1;
59966;202200038825;744 735;B01;1;33;0;2;1;1;1;
59967;202200038825;744 738;A01;2;7;0;2;3;5;1;
59968;202200038826;744 733;A01;1;7;0;2;1;19;1;
59969;202200038826;744 734;B01;1;7;0;2;3;1;1;
59970;202200038826;744 737;C01;1;0;0;2;1;1;-1;
59971;202200038830;744 728;A01;1;7;5;0;1;1;1;
59972;202200038831;744 726;A01;0;7;0;1;2;1;1;
59973;202200038832;744 724;A01;3;10;0;2;3;5;1;
59974;202200038832;744 727;B01;3;1;0;2;1;16;5;
59975;202200038833;744 723;A01;2;33;0;2;3;13;1;
59976;202200038833;744 725;B01;1;7;0;2;3;1;1;
59977;202200038835;744 718;B01;1;7;1;2;1;1;1;
59978;202200038835;744 720;A01;2;7;1;2;1;1;1;
59979;202200038836;744 717;A01;1;7;0;2;3;9;1;
59980;202200038836;744 719;B01;2;1;0;2;5;1;5;
59981;202200038837;744 716;A01;1;7;0;1;3;16;1;
59982;202200038838;744 714;B01;3;7;0;2;8;1;1;
59983;202200038838;744 715;A01;1;2;0;2;8;16;1;
59984;202200038839;744 712;A01;1;10;0;1;4;4;1;
59985;202200038840;744 709;A01;2;7;0;2;1;13;1;
59986;202200038840;744 711;B01;1;7;0;2;1;1;1;
59987;202200038841;744 710;A01;2;7;0;0;6;2;1;
59988;202200038841;744 713;B01;2;1;0;2;2;2;5;
59989;202200038842;744 707;B01;2;1;0;2;1;1;5;
59990;202200038842;744 708;A01;1;7;0;2;3;9;3;
59991;202200038843;744 705;A01;3;10;0;2;3;13;0;
59992;202200038843;744 706;B01;3;10;0;2;3;1;1;
59993;202200038844;744 703;A01;1;10;0;1;1;15;1;
59994;202200038845;744 702;B01;2;31;0;2;1;1;1;
59995;202200038845;744 704;A01;1;7;0;2;2;15;1;
59996;202200038847;744 697;A01;3;7;0;2;2;1;1;
59997;202200038847;744 699;B01;3;7;0;2;5;15;1;
59998;202200038848;744 695;A01;2;10;0;2;3;9;1;
59999;202200038848;744 696;B01;2;2;0;0;2;2;1;
60000;202200038849;744 694;A01;1;99;0;2;1;1;0;
60001;202200038849;744 698;B01;2;7;6;2;1;1;0;
60002;202200038850;744 692;A01;3;7;0;2;2;2;1;
60003;202200038850;744 693;B01;3;7;0;2;6;2;1;
60004;202200038851;744 690;A01;2;30;1;0;1;0;1;
60005;202200038852;744 688;B01;0;36;0;2;1;19;1;
60006;202200038852;744 691;A01;3;7;0;2;2;19;1;
60007;202200038853;744 685;A01;1;33;7;0;7;1;1;
60008;202200038854;744 684;A01;3;7;0;9;2;1;1;
60009;202200038854;744 686;B01;3;1;0;2;3;15;5;
60010;202200038855;744 680;A01;1;7;0;2;0;13;1;
60011;202200038855;744 681;B01;1;7;0;2;4;1;1;
60012;202200038855;744 683;C01;1;7;0;2;1;2;1;
60013;202200038855;744 687;D01;1;7;0;2;1;1;1;
60014;202200038855;744 689;E01;1;7;0;2;1;1;1;
60015;202200038856;744 679;A01;1;7;0;2;2;15;1;
60016;202200038856;744 682;B01;2;7;13;2;7;1;1;
60017;202200038857;744 678;A01;3;10;0;1;4;25;1;
60018;202200038858;744 677;A01;1;30;1;0;8;14;1;
60019;202200038859;744 674;B01;1;33;0;2;7;16;1;
60020;202200038859;744 676;A01;1;7;0;2;7;1;1;
60021;202200038860;744 673;A01;2;7;5;0;2;1;1;
60022;202200038862;744 670;B01;2;7;0;2;1;2;1;
60023;202200038862;744 671;A01;2;7;0;2;4;2;1;
60024;202200038863;744 667;B01;2;7;0;2;3;15;1;
60025;202200038863;744 668;A01;2;1;0;2;1;19;5;
60026;202200038864;744 665;A01;1;7;0;2;3;15;1;
60027;202200038864;744 669;B01;1;2;0;2;7;1;1;
60028;202200038865;744 666;A01;0;0;0;1;0;0;0;
60029;202200038866;744 664;A01;1;2;0;1;1;1;1;
60030;202200038867;744 661;B01;2;38;0;2;3;1;0;1.0
60031;202200038867;744 663;A01;1;7;0;2;3;13;6;
60032;202200038868;744 659;A01;1;7;2;0;1;13;1;
60033;202200038869;744 658;A01;2;32;0;2;1;21;1;
60034;202200038869;744 660;B01;1;7;0;2;5;15;1;
60035;202200038869;744 662;C01;1;7;0;2;3;26;1;
60036;202200038872;744 652;B01;1;10;0;2;2;0;1;
60037;202200038872;744 653;A01;1;7;0;2;3;0;1;
60038;202200038872;744 657;C01;1;15;0;2;3;0;1;
60039;202200038873;744 650;A01;0;7;0;0;0;1;1;
60040;202200038874;744 649;A01;3;7;0;9;2;26;1;
60041;202200038874;744 651;B01;3;50;0;2;7;26;3;
60042;202200038875;744 648;A01;3;7;0;1;1;1;1;
60043;202200038876;744 645;A01;1;7;0;1;1;1;1;
60044;202200038877;744 644;A01;1;7;0;2;2;11;1;
60045;202200038877;744 647;B01;1;7;0;2;0;0;0;
60046;202200038878;744 643;B01;1;7;0;2;3;26;1;
60047;202200038878;744 646;A01;1;31;0;2;7;1;1;
60048;202200038880;744 638;B01;2;10;0;2;6;2;1;
60049;202200038880;744 641;A01;2;33;0;2;9;2;1;
60050;202200038881;744 639;B01;2;80;0;2;3;13;3;
60051;202200038881;744 642;A01;1;7;0;2;3;1;1;
60052;202200038882;744 637;A01;3;7;9;0;1;1;1;
60053;202200038883;744 635;A01;2;33;15;0;0;19;0;
60054;202200038884;744 634;B01;1;7;0;2;4;1;1;
60055;202200038884;744 636;A01;1;7;0;2;1;1;1;
60056;202200038885;744 632;A01;1;7;8;0;1;1;1;
60057;202200038886;744 631;A01;3;7;0;2;1;5;1;
60058;202200038886;744 633;B01;3;7;0;2;1;1;1;
60059;202200038887;744 630;A01;1;33;7;0;0;1;1;
60060;202200038888;744 628;A01;2;7;8;0;1;13;1;
60061;202200038889;744 627;A01;1;7;7;2;7;15;1;
60062;202200038889;744 629;B01;2;7;0;2;1;1;1;
60063;202200038890;744 624;B01;0;17;0;0;4;23;1;
60064;202200038890;744 626;A01;1;10;0;2;1;0;1;
60065;202200038891;744 623;A01;2;33;0;2;1;1;1;
60066;202200038891;744 625;B01;3;10;0;2;8;15;1;
60067;202200038892;744 621;A01;1;33;13;0;1;1;1;
60068;202200038893;744 620;A01;1;7;0;2;8;15;1;
60069;202200038893;744 622;B01;1;2;0;2;7;17;1;
60070;202200038894;744 619;A01;3;33;2;0;2;0;1;
60071;202200038895;744 617;B01;1;7;0;2;2;21;1;
60072;202200038895;744 618;A01;2;7;0;2;2;13;1;
60073;202200038897;744 612;A01;3;7;0;2;2;1;1;
60074;202200038897;744 615;B01;3;2;0;2;1;15;1;
60075;202200038898;744 610;B01;1;14;0;2;4;1;1;
60076;202200038898;744 613;A01;1;7;0;2;1;1;1;
60077;202200038899;744 611;B01;2;2;1;0;1;1;1;
60078;202200038899;744 614;A01;1;15;0;2;7;0;1;
60079;202200038900;744 607;A01;1;1;13;0;1;1;5;
60080;202200038901;744 606;A01;1;7;0;2;3;9;1;
60081;202200038901;744 608;B01;1;1;0;2;0;0;5;
60082;202200038902;744 605;B01;1;7;0;2;1;1;1;
60083;202200038902;744 609;A01;1;7;0;0;8;15;1;
60084;202200038903;744 602;B01;1;7;0;2;8;19;1;
60085;202200038903;744 604;A01;2;33;0;2;1;1;0;
60086;202200038904;744 601;B01;1;7;0;2;1;1;1;
60087;202200038904;744 603;A01;3;7;0;2;3;15;1;
60088;202200038906;744 596;B01;2;32;0;2;1;17;1;
60089;202200038906;744 598;A01;2;7;0;2;6;15;1;
60090;202200038907;744 595;B01;1;7;0;2;3;1;1;
60091;202200038907;744 597;A01;2;14;0;2;2;1;1;
60092;202200038908;744 594;A01;2;7;13;0;1;1;1;
60093;202200038909;744 592;B01;2;7;0;2;1;15;1;
60094;202200038909;744 593;A01;1;33;0;2;9;21;1;
60095;202200038910;744 591;A01;2;7;13;0;0;1;1;
60096;202200038911;744 588;B01;1;7;0;2;4;1;1;
60097;202200038911;744 590;A01;2;10;0;2;1;2;1;
60098;202200038912;744 582;B01;1;1;0;2;7;1;5;
60099;202200038912;744 584;A01;1;7;0;2;2;1;1;
60100;202200038913;744 581;B01;3;33;0;2;1;1;1;
60101;202200038913;744 585;A01;3;7;0;2;3;15;1;
60102;202200038914;744 578;A01;1;31;0;2;1;1;1;
60103;202200038914;744 579;B01;2;10;0;2;2;17;1;
60104;202200038915;744 571;D01;1;7;0;2;1;2;1;
60105;202200038915;744 574;C01;1;7;0;2;1;2;1;
60106;202200038915;744 575;B01;1;7;0;2;4;2;1;
60107;202200038915;744 577;A01;1;7;0;2;4;1;1;
60108;202200038916;744 572;A01;1;7;0;2;3;9;1;
60109;202200038916;744 576;B01;1;1;0;2;1;1;5;
60110;202200038917;744 568;C01;2;7;0;2;8;23;1;
60111;202200038917;744 570;A01;1;7;0;2;3;15;1;
60112;202200038917;744 573;B01;1;33;0;2;1;1;1;
60113;202200038918;744 569;A01;1;3;2;0;1;1;1;
60114;202200038919;744 565;A01;2;10;0;2;6;23;1;
60115;202200038919;744 566;B01;2;14;1;2;6;1;1;
60116;202200038919;744 567;C01;2;10;0;2;1;1;1;
60117;202200038921;744 561;B01;1;7;0;2;4;23;1;
60118;202200038921;744 563;A01;1;7;0;2;1;1;1;
60119;202200038924;744 554;A01;1;10;2;5;1;21;1;
60120;202200038925;744 556;A01;1;7;0;2;7;12;1;
60121;202200038925;744 558;B01;1;32;0;2;8;3;1;
60122;202200038926;744 551;A01;1;7;0;2;1;1;1;
60123;202200038926;744 553;B01;1;7;0;2;6;23;1;
60124;202200038927;744 549;B01;2;33;0;2;1;1;1;
60125;202200038927;744 552;A01;1;7;0;2;2;15;1;
60126;202200038928;744 548;Z01;2;1;0;2;1;2;5;
60127;202200038928;744 550;A01;2;60;0;2;4;2;5;
60128;202200038929;744 547;A01;0;2;0;0;0;0;1;
60129;202200038930;744 546;A01;1;14;4;0;1;13;1;
60130;202200038931;744 544;A01;1;7;6;0;1;1;1;
60131;202200038932;744 545;A01;1;1;0;1;1;16;5;
60132;202200038933;744 539;A01;0;7;0;2;4;0;1;
60133;202200038933;744 541;B01;0;7;0;2;1;0;1;
60134;202200038934;744 540;A01;1;7;0;2;4;12;1;
60135;202200038934;744 542;B01;1;7;0;2;4;1;1;
60136;202200038934;744 543;C01;1;7;0;2;1;1;1;
60137;202200038935;744 538;A01;1;7;11;0;1;15;1;
60138;202200038936;744 532;A01;2;10;0;2;2;2;1;
60139;202200038936;744 535;B01;2;7;0;2;6;2;1;
60140;202200038936;744 537;C01;2;7;0;2;5;2;1;
60141;202200038937;744 530;B01;1;30;0;2;3;1;3;
60142;202200038937;744 533;A01;2;30;0;2;1;15;1;
60143;202200038938;744 528;A01;1;7;0;0;5;14;1;
60144;202200038939;744 527;A01;1;7;0;2;4;2;1;
60145;202200038939;744 529;B01;1;33;0;2;1;2;1;
60146;202200038939;744 531;C01;1;7;0;2;4;2;1;
60147;202200038939;744 534;D01;1;34;0;2;1;2;1;
60148;202200038939;744 536;E01;1;7;0;2;1;2;1;
60149;202200038940;744 526;A01;2;10;6;0;1;0;1;
60150;202200038941;744 521;B01;1;33;0;2;6;11;1;