;Num_Acc;id_vehicule;num_veh;senc;catv;obs;obsm;choc;manv;motor;occutc
60151;202200038941;744 524;A01;1;32;0;2;2;3;1;
60152;202200038942;744 523;B01;2;30;0;2;3;1;1;
60153;202200038942;744 525;A01;1;7;0;2;2;15;1;
60154;202200038943;744 519;B01;2;7;0;2;4;2;1;
60155;202200038943;744 520;C01;2;7;0;2;4;2;1;
60156;202200038943;744 522;A01;2;7;0;2;1;2;3;
60157;202200038944;744 517;A01;1;7;0;1;1;15;1;
60158;202200038945;744 515;B01;2;10;0;2;4;2;1;
60159;202200038945;744 516;A01;2;32;0;2;1;2;1;
60160;202200038946;744 512;A01;2;33;0;0;8;3;1;
60161;202200038948;744 509;A01;3;10;17;0;1;14;1;
60162;202200038949;744 508;A01;1;7;0;2;3;2;1;
60163;202200038949;744 511;B01;1;7;0;2;5;20;1;
60164;202200038951;744 502;A01;2;7;0;2;4;23;1;
60165;202200038951;744 505;B01;2;7;1;2;1;1;1;
60166;202200038952;744 504;A01;2;32;0;2;1;2;1;
60167;202200038952;744 506;B01;2;7;0;2;4;3;2;
60168;202200038953;744 503;A01;1;7;0;1;1;15;1;
60169;202200038954;744 498;B01;2;7;0;2;4;26;1;
60170;202200038954;744 501;A01;2;7;0;2;1;26;1;
60171;202200038955;744 500;A01;1;33;8;0;8;17;1;
60172;202200038956;744 499;A01;3;7;0;1;1;15;1;
60173;202200038957;744 495;A01;1;33;0;1;1;1;1;
60174;202200038958;744 494;Z01;1;7;0;0;7;0;0;
60175;202200038958;744 497;A01;1;7;0;2;8;1;1;
60176;202200038959;744 491;A01;1;7;0;1;2;15;1;
60177;202200038960;744 490;A01;0;7;3;0;2;9;1;
60178;202200038961;744 492;A01;1;30;0;2;9;3;1;
60179;202200038961;744 493;Z01;1;13;0;2;6;23;0;
60180;202200038961;744 496;ZZ01;1;7;0;2;5;1;0;
60181;202200038962;744 487;A01;1;33;0;2;1;26;1;
60182;202200038962;744 489;B01;2;7;0;9;1;19;1;
60183;202200038963;744 488;A01;3;7;0;1;1;15;1;
60184;202200038964;744 485;A01;2;7;0;2;0;16;1;
60185;202200038964;744 486;B01;2;1;0;2;8;1;5;
60186;202200038968;744 478;A01;3;7;0;2;2;1;1;
60187;202200038968;744 480;B01;3;1;0;2;8;1;5;
60188;202200038969;744 479;Z01;1;7;0;2;3;13;0;
60189;202200038969;744 481;A01;1;32;0;2;5;1;1;
60190;202200038970;744 476;A01;2;7;0;2;2;7;1;
60191;202200038970;744 477;B01;2;50;0;2;4;7;3;
60192;202200038971;744 472;A01;2;99;0;2;2;16;1;
60193;202200038971;744 474;B01;2;1;0;2;3;1;5;
60194;202200038972;744 471;A01;3;7;8;2;2;19;2;
60195;202200038972;744 473;C01;3;7;0;2;2;23;1;
60196;202200038972;744 475;B01;2;7;0;2;1;1;1;
60197;202200038973;744 467;A01;1;2;13;0;1;6;1;
60198;202200038974;744 469;B01;3;33;4;2;2;1;1;
60199;202200038974;744 470;A01;3;10;0;2;3;11;1;
60200;202200038976;744 463;B01;1;1;0;9;4;0;5;
60201;202200038976;744 465;A01;1;10;0;9;4;0;0;
60202;202200038977;744 464;B01;3;10;0;2;7;1;1;
60203;202200038977;744 466;A01;3;33;0;2;1;2;1;
60204;202200038978;744 461;Z01;2;33;0;2;1;5;0;
60205;202200038978;744 462;A01;1;1;0;2;1;1;5;
60206;202200038979;744 457;A01;1;1;0;1;1;1;5;
60207;202200038980;744 456;B01;1;7;0;2;3;9;1;
60208;202200038980;744 459;A01;2;7;0;2;3;15;1;
60209;202200038981;744 453;A01;2;34;0;1;7;1;1;
60210;202200038982;744 454;A01;3;7;0;2;8;13;1;
60211;202200038982;744 455;B01;3;33;0;2;7;1;1;
60212;202200038983;744 451;A01;3;7;0;2;6;11;1;
60213;202200038983;744 452;B01;3;33;0;2;1;1;1;
60214;202200038984;744 447;A01;1;7;0;2;2;1;1;
60215;202200038984;744 450;B01;2;10;0;2;3;1;1;
60216;202200038987;744 441;B01;1;7;0;2;3;1;1;
60217;202200038987;744 443;A01;1;7;0;0;8;9;1;
60218;202200038988;744 437;B01;3;7;0;2;2;1;1;
60219;202200038988;744 440;A01;3;7;0;2;1;1;1;
60220;202200038989;744 434;A01;-1;33;0;2;7;17;1;
60221;202200038989;744 436;B01;-1;7;0;2;8;15;1;
60222;202200038990;744 433;B01;1;33;0;2;0;10;1;
60223;202200038990;744 435;A01;1;7;0;2;2;10;1;
60224;202200038991;744 429;B01;1;7;0;9;2;1;1;
60225;202200038991;744 430;A01;1;1;0;2;8;19;5;
60226;202200038992;744 427;A01;1;38;0;1;2;1;1;1.0
60227;202200038993;744 425;A01;2;31;0;2;1;17;1;
60228;202200038993;744 426;B01;2;7;0;2;8;10;2;
60229;202200038994;744 423;A01;2;20;0;2;1;16;1;
60230;202200038994;744 428;B01;2;50;0;2;8;1;3;
60231;202200038995;744 422;B01;1;43;0;2;0;1;1;
60232;202200038995;744 424;A01;2;10;0;2;1;15;1;
60233;202200038996;744 420;A01;1;7;0;2;7;15;1;
60234;202200038996;744 421;B01;2;2;0;2;3;1;1;
60235;202200038997;744 417;A01;1;7;0;2;2;2;1;
60236;202200038997;744 418;B01;1;33;0;2;4;23;1;
60237;202200038999;744 415;A01;1;7;0;1;3;17;1;
60238;202200039001;744 412;B01;1;7;0;2;4;1;1;
60239;202200039001;744 414;A01;1;7;0;2;1;1;1;
60240;202200039002;744 409;B01;1;32;0;2;3;1;1;
60241;202200039002;744 411;A01;2;7;0;2;3;15;1;
60242;202200039003;744 406;A01;3;7;0;1;3;16;1;
60243;202200039004;744 405;B01;2;7;0;2;3;1;1;
60244;202200039004;744 408;A01;1;50;0;2;1;1;3;
60245;202200039006;744 401;A01;1;7;0;2;1;15;1;
60246;202200039006;744 403;B01;1;33;0;2;3;1;1;
60247;202200039007;744 400;A01;0;10;0;2;0;0;1;
60248;202200039007;744 402;B01;0;7;0;0;7;1;1;
60249;202200039008;744 399;A01;1;7;0;1;1;15;1;
60250;202200039009;744 397;A01;1;33;0;2;1;7;1;
60251;202200039009;744 398;B01;1;43;0;2;7;16;1;
60252;202200039011;744 393;A01;1;7;0;2;2;1;1;
60253;202200039011;744 395;B01;2;1;0;2;1;19;5;
60254;202200039013;744 389;B01;0;7;1;2;1;1;1;
60255;202200039013;744 391;A01;0;7;1;2;4;1;1;
60256;202200039014;744 386;A01;1;7;0;2;3;16;1;
60257;202200039014;744 390;B01;2;50;0;2;1;1;3;
60258;202200039015;744 387;B01;2;7;0;2;6;11;1;
60259;202200039015;744 388;A01;2;34;0;2;1;1;1;
60260;202200039016;744 384;A01;1;10;0;1;4;4;1;
60261;202200039017;744 381;A01;2;32;0;2;1;1;1;
60262;202200039017;744 383;B01;2;7;0;2;8;15;1;
60263;202200039018;744 382;A01;1;34;0;2;1;2;1;
60264;202200039018;744 385;B01;1;7;0;2;6;2;1;
60265;202200039019;744 379;A01;1;7;1;0;1;26;1;
60266;202200039020;744 378;A01;3;7;1;0;2;1;1;
60267;202200039021;744 377;A01;3;33;0;2;7;17;1;
60268;202200039021;744 380;B01;3;7;0;2;8;15;1;
60269;202200039022;744 374;B01;2;2;0;2;2;17;1;
60270;202200039022;744 375;A01;2;7;0;2;3;15;1;
60271;202200039024;744 372;A01;2;33;0;1;0;1;1;
60272;202200039025;744 368;B01;1;7;0;2;3;15;2;
60273;202200039025;744 371;A01;1;33;0;2;1;1;1;
60274;202200039026;744 369;A01;1;30;0;2;1;2;1;
60275;202200039026;744 370;B01;1;7;0;2;4;2;2;
60276;202200039027;744 366;A01;3;7;0;2;3;15;1;
60277;202200039027;744 367;B01;3;33;0;2;1;1;1;
60278;202200039028;744 364;A01;2;7;2;0;3;13;1;
60279;202200039029;744 362;A01;1;10;0;2;2;26;1;
60280;202200039029;744 365;B01;2;1;0;2;1;1;5;
60281;202200039030;744 361;A01;0;7;0;2;2;0;1;
60282;202200039030;744 363;B01;0;32;0;2;3;0;1;
60283;202200039031;744 358;A01;1;10;9;0;2;15;1;
60284;202200039032;744 357;A01;1;7;0;2;1;9;1;
60285;202200039032;744 360;B01;3;50;0;2;2;1;3;
60286;202200039033;744 356;A01;2;7;0;2;1;14;1;
60287;202200039033;744 359;B01;2;14;0;2;6;0;1;
60288;202200039034;744 354;A01;2;33;0;9;0;21;1;
60289;202200039036;744 353;A01;2;30;0;2;2;12;1;
60290;202200039036;744 355;B01;2;7;0;2;2;1;1;
60291;202200039037;744 350;A01;3;7;0;0;2;26;1;
60292;202200039037;744 351;B01;0;31;0;0;0;0;1;
60293;202200039038;744 348;A01;1;7;0;2;1;13;1;
60294;202200039038;744 349;B01;1;7;0;2;4;1;1;
60295;202200039039;744 347;A01;1;7;0;1;1;15;1;
60296;202200039040;744 346;A01;1;7;0;1;1;1;1;
60297;202200039041;744 344;A01;3;33;14;0;1;21;0;
60298;202200039042;744 343;A01;1;1;0;2;2;11;5;
60299;202200039042;744 345;B01;1;7;0;2;4;1;1;
60300;202200039043;744 341;B01;2;7;0;2;4;2;2;
60301;202200039043;744 342;A01;2;7;0;2;3;2;1;
60302;202200039044;744 339;A01;2;7;0;1;1;1;1;
60303;202200039045;744 338;A01;1;33;0;2;3;13;1;
60304;202200039045;744 340;B01;1;7;0;2;3;1;1;
60305;202200039046;744 336;A01;1;10;2;0;1;13;1;
60306;202200039047;744 335;B01;0;1;0;2;7;1;5;
60307;202200039047;744 337;A01;1;7;0;2;8;16;2;
60308;202200039048;744 333;B01;1;7;0;0;6;15;1;
60309;202200039048;744 334;A01;1;33;0;2;2;17;1;
60310;202200039049;744 331;A01;1;7;0;1;2;1;1;
60311;202200039050;744 330;A01;2;7;0;0;0;10;1;
60312;202200039050;744 332;B01;1;33;0;0;8;1;1;
60313;202200039052;744 326;A01;3;7;2;0;7;14;1;
60314;202200039053;744 324;B01;2;50;0;2;4;15;3;
60315;202200039053;744 328;A01;1;7;0;2;2;9;0;
60316;202200039055;744 318;B01;2;7;0;2;3;1;1;
60317;202200039055;744 320;A01;1;17;0;2;3;15;1;
60318;202200039056;744 317;C01;1;7;0;2;3;1;1;
60319;202200039056;744 319;B01;2;7;0;2;3;1;1;
60320;202200039056;744 321;A01;2;7;0;2;8;1;1;
60321;202200039057;744 316;A01;1;7;0;1;1;1;1;
60322;202200039058;744 314;A01;1;7;0;1;1;1;1;
60323;202200039059;744 313;A01;1;7;0;1;1;16;1;
60324;202200039060;744 312;A01;1;7;0;2;1;1;1;
60325;202200039060;744 315;B01;2;20;0;2;8;15;1;
60326;202200039061;744 311;A01;3;7;9;0;1;5;1;
60327;202200039062;744 309;A01;1;10;8;0;2;2;1;
60328;202200039063;744 307;A01;0;7;2;0;1;14;1;
60329;202200039064;744 308;A01;3;7;2;0;1;0;1;
60330;202200039065;744 305;A01;1;33;6;2;1;1;1;
60331;202200039065;744 306;B01;1;7;0;2;8;20;1;
60332;202200039067;744 302;A01;3;7;0;1;1;19;1;
60333;202200039069;744 297;A01;2;30;0;2;1;17;1;
60334;202200039069;744 300;B01;2;7;0;2;3;15;1;
60335;202200039070;744 296;B01;3;33;0;2;5;1;1;
60336;202200039070;744 298;A01;3;7;0;2;3;15;1;
60337;202200039072;744 290;B01;2;50;0;2;1;2;3;
60338;202200039072;744 292;A01;1;7;0;2;1;9;1;
60339;202200039074;744 284;A01;2;7;0;2;1;0;1;
60340;202200039074;744 287;B01;2;7;0;2;8;16;1;
60341;202200039075;744 279;B01;2;10;0;2;3;15;1;
60342;202200039075;744 283;A01;1;1;0;2;3;19;5;
60343;202200039076;744 280;A01;3;7;0;2;3;10;0;
60344;202200039076;744 281;B01;3;33;0;2;1;1;1;
60345;202200039077;744 278;B01;3;7;0;0;8;19;1;
60346;202200039077;744 282;A01;2;33;0;2;1;1;1;
60347;202200039078;744 274;B01;3;7;0;2;3;1;1;
60348;202200039078;744 277;A01;3;7;0;2;3;1;1;
60349;202200039079;744 275;A01;1;33;2;0;2;1;1;
60350;202200039081;744 270;A01;1;10;0;2;1;13;1;
60351;202200039081;744 271;B01;2;7;0;2;1;1;1;
60352;202200039082;744 269;A01;1;7;1;1;1;1;1;
60353;202200039084;744 266;A01;3;50;8;0;1;14;3;
60354;202200039085;744 264;B01;3;33;0;2;3;1;1;
60355;202200039085;744 265;A01;3;14;0;2;3;15;1;
60356;202200039086;744 263;B01;0;2;0;2;1;2;1;
60357;202200039086;744 267;A01;3;2;0;2;4;1;1;
60358;202200039087;744 259;A01;1;7;0;2;1;0;1;
60359;202200039087;744 261;B01;2;7;0;2;8;1;1;
60360;202200039088;744 260;A01;2;7;0;2;2;16;1;
60361;202200039088;744 262;B01;2;33;0;2;1;18;1;
60362;202200039089;744 258;A01;1;7;0;0;9;0;1;
60363;202200039090;744 257;A01;2;7;0;1;3;16;1;
60364;202200039091;744 256;A01;1;33;0;1;1;1;1;
60365;202200039092;744 254;A01;2;7;2;2;3;13;1;
60366;202200039092;744 255;B01;1;7;0;2;3;1;1;
60367;202200039093;744 253;A01;1;17;0;9;5;1;1;
60368;202200039094;744 251;B01;2;80;0;2;8;1;3;
60369;202200039094;744 252;A01;2;13;0;2;2;16;1;
60370;202200039095;744 250;A01;0;2;0;0;0;0;1;
60371;202200039096;744 248;A01;3;7;0;2;6;1;1;
60372;202200039096;744 249;B01;3;7;0;2;3;1;1;
60373;202200039097;744 247;Z01;1;30;0;1;0;1;0;
60374;202200039098;744 243;B01;3;7;0;2;5;2;1;
60375;202200039098;744 245;A01;3;33;0;2;1;3;1;
60376;202200039099;744 242;A01;1;7;0;2;2;1;1;
60377;202200039099;744 246;B01;1;1;0;2;1;15;5;
60378;202200039100;744 241;A01;3;7;0;2;0;1;1;
60379;202200039100;744 244;B01;3;10;0;2;0;5;1;
60380;202200039101;744 238;A01;1;7;0;2;1;1;1;
60381;202200039101;744 240;B01;2;7;0;2;7;1;1;
60382;202200039102;744 237;B01;1;7;0;2;6;1;1;
60383;202200039102;744 239;A01;2;7;0;2;1;16;1;
60384;202200039103;744 234;B01;3;10;0;2;7;1;1;
60385;202200039103;744 236;A01;3;7;0;2;1;16;1;
60386;202200039104;744 232;A01;1;7;8;0;9;1;1;
60387;202200039105;744 233;B01;2;2;0;2;8;1;1;
60388;202200039105;744 235;A01;1;7;0;2;2;1;1;
60389;202200039106;744 227;A01;1;33;0;2;1;1;1;
60390;202200039106;744 228;B01;2;10;0;2;3;17;1;
60391;202200039106;744 230;C01;1;7;0;2;8;1;1;
60392;202200039107;744 229;Z01;1;1;0;2;8;13;5;
60393;202200039107;744 231;A01;1;80;0;2;7;17;3;
60394;202200039109;744 224;A01;1;7;0;1;4;4;2;
60395;202200039111;744 223;B01;2;2;0;2;1;1;1;
60396;202200039111;744 225;A01;1;7;0;2;5;15;1;
60397;202200039112;744 221;A01;1;7;16;0;0;1;1;
60398;202200039113;744 220;B01;3;37;0;1;7;14;1;1.0
60399;202200039114;744 217;A01;3;7;14;0;4;1;1;
60400;202200039114;744 218;B01;3;7;14;0;4;23;1;
60401;202200039114;744 219;C01;3;7;14;0;4;23;1;
60402;202200039115;744 216;A01;3;99;13;6;0;1;0;
60403;202200039116;744 215;A01;1;7;0;1;1;1;1;
60404;202200039117;744 212;B01;1;7;0;2;8;15;1;
60405;202200039117;744 213;A01;1;31;6;2;2;17;1;
60406;202200039118;744 211;B01;3;1;0;2;1;1;5;
60407;202200039118;744 214;A01;1;10;0;2;7;13;1;
60408;202200039119;744 209;B01;1;2;0;2;1;1;1;
60409;202200039119;744 210;A01;1;7;0;2;4;1;1;
60410;202200039120;744 207;B01;1;7;0;2;3;1;1;
60411;202200039120;744 208;A01;1;7;0;2;1;5;1;
60412;202200039121;744 206;A01;0;37;0;1;2;1;2;1.0
60413;202200039122;744 205;A01;1;7;8;0;3;1;1;
60414;202200039123;744 203;B01;2;7;0;2;4;1;1;
60415;202200039123;744 204;A01;2;7;0;2;1;1;1;
60416;202200039124;744 202;A01;1;31;0;0;0;26;1;
60417;202200039125;744 201;A01;3;10;0;1;0;1;1;
60418;202200039126;744 198;A01;3;7;0;2;2;1;1;
60419;202200039126;744 200;B01;3;1;0;2;1;1;5;
60420;202200039127;744 196;C01;2;7;0;2;1;1;1;
60421;202200039127;744 197;B01;2;7;0;2;3;1;1;
60422;202200039127;744 199;A01;2;15;0;2;1;12;1;
60423;202200039128;744 194;B01;2;1;0;2;7;10;5;
60424;202200039128;744 195;A01;1;7;0;2;1;1;1;
60425;202200039130;744 191;A01;1;14;0;1;8;1;1;
60426;202200039131;744 189;A01;1;10;3;0;6;1;1;
60427;202200039132;744 185;A01;2;1;0;2;7;1;5;
60428;202200039132;744 186;Z01;2;7;0;9;3;1;0;
60429;202200039134;744 182;A01;3;0;0;2;1;1;1;
60430;202200039134;744 184;B01;3;10;0;2;5;1;1;
60431;202200039135;744 181;A01;2;1;0;0;0;1;5;
60432;202200039136;744 180;A01;1;7;0;1;0;26;0;
60433;202200039137;744 177;C01;1;7;0;2;8;2;1;
60434;202200039137;744 178;B01;1;7;3;2;7;2;1;
60435;202200039137;744 179;A01;1;7;0;2;3;2;1;
60436;202200039138;744 175;A01;2;7;13;0;2;1;1;
60437;202200039139;744 174;A01;1;7;0;2;4;1;1;
60438;202200039139;744 176;B01;1;7;0;2;1;2;1;
60439;202200039141;744 172;A01;2;2;11;0;1;17;1;
60440;202200039142;744 171;A01;3;1;12;0;1;1;5;
60441;202200039143;744 169;A01;2;30;11;0;1;17;1;
60442;202200039144;744 168;B01;3;7;0;2;1;0;1;
60443;202200039144;744 170;A01;3;1;0;2;8;15;5;
60444;202200039145;744 167;A01;1;7;0;1;8;9;1;
60445;202200039147;744 163;B01;1;7;0;2;3;1;1;
60446;202200039147;744 164;A01;1;7;0;2;2;17;1;
60447;202200039149;744 160;A01;1;7;0;9;3;9;1;
60448;202200039150;744 158;B01;1;7;0;2;6;1;1;
60449;202200039150;744 159;A01;1;7;0;2;2;1;1;
60450;202200039151;744 156;A01;2;7;0;2;3;1;1;
60451;202200039151;744 157;B01;2;7;0;2;5;1;1;
60452;202200039152;744 154;A01;1;2;0;0;1;2;1;
60453;202200039153;744 153;A01;2;33;0;2;1;1;1;
60454;202200039153;744 155;B01;3;1;0;2;0;0;0;
60455;202200039155;744 149;A01;2;33;0;2;1;1;1;
60456;202200039155;744 151;B01;2;17;0;2;3;1;1;
60457;202200039156;744 145;B01;2;7;0;2;4;2;2;
60458;202200039156;744 146;A01;2;7;0;2;1;1;1;
60459;202200039157;744 142;C01;1;7;0;2;5;2;1;
60460;202200039157;744 143;B01;1;33;0;2;1;3;1;
60461;202200039157;744 144;A01;1;7;0;2;8;12;1;
60462;202200039158;744 140;A01;1;7;0;2;1;2;3;
60463;202200039158;744 141;B01;1;7;3;0;4;2;1;
60464;202200039159;744 138;A01;1;7;0;2;6;15;1;
60465;202200039159;744 139;B01;1;7;0;2;2;1;1;
60466;202200039160;744 133;C01;1;7;0;0;1;24;1;
60467;202200039160;744 135;B01;1;7;0;0;8;20;1;
60468;202200039160;744 137;A01;2;7;0;2;1;1;1;
60469;202200039161;744 134;Z01;2;7;0;2;1;2;0;
60470;202200039161;744 136;A01;2;7;0;2;4;23;1;
60471;202200039162;744 130;A01;2;2;0;2;1;17;1;
60472;202200039162;744 132;B01;1;3;0;2;0;0;1;
60473;202200039163;744 131;A01;3;10;0;1;0;0;1;
60474;202200039164;744 129;Z01;2;0;0;1;0;0;0;
60475;202200039165;744 126;C01;2;7;0;2;1;1;1;
60476;202200039165;744 127;B01;1;7;0;2;4;15;1;
60477;202200039165;744 128;A01;1;7;0;2;1;1;1;
60478;202200039166;744 124;B01;2;7;0;2;7;16;1;
60479;202200039166;744 125;A01;2;7;0;2;3;1;1;
60480;202200039167;744 123;A01;3;7;0;1;2;16;1;
60481;202200039168;744 121;A01;2;33;0;2;1;2;1;
60482;202200039168;744 122;B01;2;10;0;2;3;15;1;
60483;202200039169;744 119;A01;3;7;0;2;1;13;0;
60484;202200039169;744 120;B01;3;7;0;2;4;23;0;
60485;202200039170;744 118;A01;1;7;0;1;1;1;2;
60486;202200039171;744 115;A01;1;7;0;2;3;0;1;
60487;202200039171;744 117;B01;1;32;0;2;2;0;1;
60488;202200039172;744 111;A01;1;7;0;2;4;23;0;
60489;202200039172;744 113;B01;1;7;14;2;1;0;0;
60490;202200039173;744 110;B01;2;7;0;2;4;1;1;
60491;202200039173;744 112;A01;2;7;0;2;1;1;1;
60492;202200039174;744 106;A01;3;0;0;2;7;17;0;
60493;202200039174;744 108;B01;3;1;0;2;8;26;5;
60494;202200039175;744 105;C01;1;7;0;2;4;1;1;
60495;202200039175;744 107;B01;1;7;0;2;4;1;1;
60496;202200039175;744 109;A01;1;7;0;2;1;1;1;
60497;202200039177;744 103;A01;0;7;1;0;1;5;1;
60498;202200039179;744 101;A01;1;31;0;0;0;14;1;
60499;202200039180;744 098;B01;2;32;0;2;3;9;1;
60500;202200039180;744 100;A01;1;7;0;2;7;17;1;
60501;202200039181;744 097;B01;1;7;0;2;4;2;1;
60502;202200039181;744 099;A01;1;7;0;2;1;2;1;
60503;202200039182;744 096;A01;3;7;0;1;4;4;1;
60504;202200039183;744 095;A01;3;7;0;1;2;11;1;
60505;202200039184;744 092;A01;2;7;0;2;1;2;1;
60506;202200039184;744 093;B01;2;7;0;2;4;2;1;
60507;202200039184;744 094;Z01;2;10;0;2;1;2;0;
60508;202200039185;744 090;B01;3;1;0;2;0;1;5;
60509;202200039185;744 091;A01;3;7;0;2;8;11;1;
60510;202200039187;744 079;A01;1;33;0;2;1;11;1;
60511;202200039187;744 082;B01;1;7;0;2;6;1;1;
60512;202200039187;744 083;C01;1;7;0;2;7;1;1;
60513;202200039187;744 084;D01;1;7;0;2;7;1;1;
60514;202200039187;744 086;E01;1;33;0;2;0;1;1;
60515;202200039187;744 088;F01;1;7;0;2;7;1;1;
60516;202200039187;744 089;G01;1;7;0;2;3;1;1;
60517;202200039189;744 075;A01;1;1;0;2;2;2;5;
60518;202200039189;744 077;B01;1;7;0;2;5;23;1;
60519;202200039190;744 074;A01;1;7;0;2;1;2;1;
60520;202200039190;744 076;B01;2;10;0;2;5;2;1;
60521;202200039191;744 073;A01;2;1;0;0;1;1;5;
60522;202200039192;744 071;B01;1;7;0;2;1;1;1;
60523;202200039192;744 072;A01;1;1;0;2;1;19;5;
60524;202200039193;744 068;Z01;2;7;0;2;1;17;1;
60525;202200039193;744 070;A01;1;30;0;2;8;15;1;
60526;202200039194;744 067;B01;3;10;0;2;4;23;1;
60527;202200039194;744 069;A01;3;7;0;2;1;2;1;
60528;202200039195;744 065;B01;2;33;0;2;1;1;1;
60529;202200039195;744 066;A01;1;32;0;2;7;15;1;
60530;202200039196;744 062;B01;3;7;0;2;5;21;1;
60531;202200039196;744 064;A01;3;7;0;2;2;19;1;
60532;202200039197;744 061;B01;2;1;0;2;1;2;5;
60533;202200039197;744 063;A01;2;10;0;2;4;4;1;
60534;202200039198;744 059;A01;1;1;0;0;0;1;5;
60535;202200039199;744 058;A01;1;7;0;2;2;1;1;
60536;202200039199;744 060;B01;2;7;0;2;3;9;1;
60537;202200039200;744 056;B01;2;50;0;2;0;1;3;
60538;202200039200;744 057;A01;1;1;0;2;0;16;5;
60539;202200039201;744 054;B01;2;7;9;2;3;1;1;
60540;202200039201;744 055;A01;2;7;9;2;2;23;1;
60541;202200039202;744 052;A01;3;7;0;2;1;1;2;
60542;202200039202;744 053;B01;3;33;0;2;4;23;1;
60543;202200039203;744 046;A01;1;1;0;1;8;1;5;
60544;202200039204;744 045;B01;2;2;0;2;1;1;1;
60545;202200039204;744 047;A01;2;7;0;2;1;1;1;
60546;202200039205;744 041;B01;1;43;0;2;2;17;1;
60547;202200039205;744 043;A01;1;7;0;2;0;13;1;
60548;202200039207;744 040;A01;1;7;0;1;3;1;1;
60549;202200039208;744 039;Z01;1;14;0;1;7;1;1;
60550;202200039209;744 038;A01;1;1;0;0;0;26;5;
60551;202200039210;744 037;A01;1;32;0;1;3;17;1;
60552;202200039212;744 032;A01;1;7;0;2;7;26;1;
60553;202200039212;744 033;B01;1;33;0;2;1;26;1;
60554;202200039213;744 034;B01;2;1;0;2;1;5;5;
60555;202200039213;744 035;A01;1;7;0;2;7;1;1;
60556;202200039214;744 031;A01;1;7;6;0;1;14;1;
60557;202200039215;744 029;A01;3;10;0;2;3;14;1;
60558;202200039215;744 030;B01;3;37;0;2;2;1;1;1.0
60559;202200039216;744 028;A01;3;7;0;1;1;9;1;
60560;202200039217;744 027;A01;0;33;12;0;1;9;1;
60561;202200039218;744 025;A01;1;7;0;2;4;1;1;
60562;202200039218;744 026;B01;1;7;0;2;1;2;1;
60563;202200039219;744 023;B01;3;50;0;2;7;15;3;
60564;202200039219;744 024;A01;2;7;0;2;3;9;1;
60565;202200039220;744 022;A01;1;50;0;1;1;18;3;
60566;202200039221;744 021;A01;1;1;0;1;2;1;5;
60567;202200039222;744 019;B01;0;7;0;2;4;2;1;
60568;202200039222;744 020;A01;0;30;0;2;4;2;1;
60569;202200039223;744 018;A01;2;7;0;1;3;16;1;
60570;202200039224;744 017;A01;3;0;0;1;7;1;0;
60571;202200039225;744 016;A01;0;7;1;0;0;0;0;
60572;202200039226;744 014;A01;1;7;0;2;4;23;1;
60573;202200039226;744 015;B01;1;7;0;2;1;2;1;
60574;202200039227;744 011;B01;2;7;0;4;3;15;1;
60575;202200039227;744 012;A01;2;32;0;4;2;5;3;
60576;202200039227;744 013;C01;0;40;0;2;1;0;3;
60577;202200039228;744 010;A01;1;30;0;0;0;11;3;
60578;202200039230;744 007;A01;-1;7;13;0;1;-1;1;
60579;202200039231;744 006;A01;3;7;0;1;1;26;1;
60580;202200039232;744 005;A01;3;7;9;0;2;1;1;
60581;202200039233;744 003;A01;3;37;0;2;2;15;1;1.0
60582;202200039233;744 004;B01;3;50;0;2;1;5;3;
60583;202200039234;744 002;A01;2;7;0;1;2;1;1;
60584;202200039235;743 999;B01;1;7;0;2;8;15;1;
60585;202200039235;744 001;A01;1;7;0;2;1;17;1;
60586;202200039236;743 998;A01;2;7;0;2;3;13;1;
60587;202200039236;744 000;B01;1;7;0;2;1;0;1;
60588;202200039238;743 994;A01;3;7;0;2;3;20;1;
60589;202200039238;743 995;B01;3;33;0;2;1;1;1;
60590;202200039240;743 990;A01;2;33;0;2;7;1;1;
60591;202200039240;743 991;B01;2;7;0;2;8;11;1;
60592;202200039241;743 989;A01;1;7;0;1;7;0;1;
60593;202200039242;743 987;A01;3;7;0;1;0;15;1;
60594;202200039243;743 988;Z01;3;1;0;1;0;1;5;
60595;202200039244;743 985;A01;0;10;0;1;0;2;0;
60596;202200039245;743 982;A01;0;15;12;2;6;26;1;
60597;202200039245;743 984;B01;3;10;12;2;7;16;1;
60598;202200039246;743 983;B01;1;34;0;2;3;1;1;
60599;202200039246;743 986;A01;2;10;0;2;2;15;1;
60600;202200039247;743 979;B01;1;3;0;2;3;9;0;
60601;202200039247;743 981;A01;3;7;0;2;1;1;0;
60602;202200039248;743 978;Z01;2;7;0;2;7;2;1;
60603;202200039248;743 980;A01;2;1;0;2;8;2;5;
60604;202200039249;743 976;A01;1;7;0;2;3;15;1;
60605;202200039249;743 977;B01;2;33;0;2;1;1;1;
60606;202200039250;743 975;A01;1;1;0;1;1;1;5;
60607;202200039251;743 972;B01;3;7;0;2;3;15;1;
60608;202200039251;743 974;A01;1;30;0;2;1;26;1;
60609;202200039252;743 971;B01;1;7;0;2;1;9;1;
60610;202200039252;743 973;A01;2;50;0;2;0;1;3;