;Num_Acc;id_vehicule;num_veh;senc;catv;obs;obsm;choc;manv;motor;occutc
60611;202200039253;743 969;A01;2;7;0;2;3;15;1;
60612;202200039253;743 970;B01;2;80;0;2;1;5;3;
60613;202200039254;743 966;A01;3;30;0;2;1;1;1;
60614;202200039254;743 968;B01;2;7;0;2;5;16;1;
60615;202200039255;743 965;B01;3;7;0;2;1;2;1;
60616;202200039255;743 967;A01;0;7;0;2;1;5;1;
60617;202200039256;743 963;A01;3;7;1;0;1;14;1;
60618;202200039257;743 961;A01;1;7;0;1;4;20;1;
60619;202200039258;743 962;B01;1;7;0;2;2;1;1;
60620;202200039258;743 964;A01;1;1;0;2;3;15;5;
60621;202200039259;743 959;B01;1;7;0;2;3;1;1;
60622;202200039259;743 960;A01;1;7;4;2;5;17;1;
60623;202200039260;743 958;A01;1;30;0;0;0;16;1;
60624;202200039261;743 956;B01;1;7;0;2;3;15;1;
60625;202200039261;743 957;A01;1;33;0;2;2;17;1;
60626;202200039262;743 953;A01;2;33;0;2;1;12;1;
60627;202200039262;743 954;B01;2;7;0;2;4;1;1;
60628;202200039263;743 950;A01;1;30;0;0;0;26;1;
60629;202200039264;743 949;A01;1;33;0;2;1;2;1;
60630;202200039264;743 951;B01;1;7;0;2;4;2;1;
60631;202200039264;743 952;Z01;1;7;0;2;0;14;0;
60632;202200039266;743 945;A01;1;33;8;0;1;1;1;
60633;202200039268;743 943;A01;2;7;0;2;3;13;1;
60634;202200039268;743 944;B01;1;7;0;2;3;1;1;
60635;202200039269;743 940;A01;2;7;0;2;8;13;0;
60636;202200039269;743 942;B01;2;43;0;2;7;1;1;
60637;202200039270;743 939;A01;2;33;0;2;1;1;1;
60638;202200039270;743 941;B01;2;7;0;2;5;1;1;
60639;202200039271;743 937;A01;1;30;0;1;1;1;1;
60640;202200039272;743 936;B01;1;33;0;2;8;1;1;
60641;202200039272;743 938;A01;1;7;0;2;1;16;1;
60642;202200039273;743 934;B01;1;7;0;2;4;23;1;
60643;202200039273;743 935;A01;1;7;0;2;1;2;1;
60644;202200039274;743 933;A01;1;32;12;0;8;13;1;
60645;202200039275;743 931;B01;1;10;0;2;3;1;1;
60646;202200039275;743 932;A01;2;7;0;2;1;13;1;
60647;202200039276;743 929;A01;1;32;0;2;5;17;1;
60648;202200039276;743 930;B01;1;43;0;2;3;1;1;
60649;202200039277;743 928;B01;2;7;0;1;1;1;2;
60650;202200039278;743 924;A01;2;7;0;2;3;5;1;
60651;202200039278;743 926;B01;1;7;0;2;2;1;1;
60652;202200039279;743 925;B01;1;31;0;2;5;17;1;
60653;202200039279;743 927;A01;1;7;0;2;3;15;1;
60654;202200039280;743 922;A01;2;43;0;2;3;3;1;
60655;202200039280;743 923;B01;2;7;0;2;2;12;1;
60656;202200039281;743 921;A01;1;32;0;1;1;1;1;
60657;202200039282;743 920;A01;2;10;0;1;3;15;1;
60658;202200039283;743 917;B01;2;14;0;2;8;1;1;
60659;202200039283;743 919;A01;2;7;0;2;1;1;2;
60660;202200039284;743 916;B01;1;37;0;2;0;7;1;1.0
60661;202200039284;743 918;A01;1;7;0;2;6;15;1;
60662;202200039286;743 913;A01;2;10;0;1;7;1;1;
60663;202200039287;743 912;A01;2;50;12;0;0;13;3;
60664;202200039288;743 910;A01;2;30;0;2;3;21;1;
60665;202200039288;743 911;B01;1;7;0;2;3;9;1;
60666;202200039289;743 908;B01;1;1;0;2;1;1;5;
60667;202200039289;743 909;A01;1;7;0;2;8;22;3;
60668;202200039290;743 905;B01;1;34;0;2;1;1;1;
60669;202200039290;743 906;A01;1;7;0;2;6;15;0;
60670;202200039291;743 902;B01;1;34;0;2;0;0;1;
60671;202200039291;743 904;A01;1;7;0;2;3;9;2;
60672;202200039292;743 903;B01;3;37;0;2;2;1;1;2.0
60673;202200039292;743 907;A01;3;7;0;2;6;9;1;
60674;202200039293;743 900;B01;0;0;0;0;4;2;0;
60675;202200039293;743 901;A01;3;7;0;0;2;2;1;
60676;202200039294;743 898;A01;2;43;0;2;2;17;1;
60677;202200039294;743 899;B01;2;7;0;2;3;9;1;
60678;202200039295;743 895;A01;1;7;0;2;1;15;1;
60679;202200039295;743 897;B01;1;42;0;2;3;1;1;
60680;202200039296;743 894;A01;1;7;0;2;2;16;1;
60681;202200039296;743 896;B01;1;1;0;2;6;15;5;
60682;202200039297;743 892;A01;3;2;12;2;0;2;1;
60683;202200039297;743 893;B01;3;7;0;0;0;14;0;
60684;202200039299;743 889;A01;1;7;0;2;1;2;1;
60685;202200039299;743 890;B01;3;7;0;2;1;16;1;
60686;202200039300;743 888;A01;1;7;2;0;1;9;1;
60687;202200039301;743 886;B01;1;7;0;2;8;1;1;
60688;202200039301;743 887;A01;1;30;0;2;1;9;1;
60689;202200039302;743 884;A01;1;7;0;1;3;0;1;
60690;202200039303;743 883;B01;1;14;0;2;2;26;0;
60691;202200039303;743 885;A01;2;7;11;0;4;12;0;
60692;202200039304;743 881;B01;0;7;0;0;4;2;1;
60693;202200039304;743 882;A01;3;2;0;2;0;2;1;
60694;202200039305;743 880;A01;1;2;0;1;1;1;1;
60695;202200039306;743 878;B01;0;7;0;2;2;1;1;
60696;202200039306;743 879;A01;0;34;0;2;3;16;1;
60697;202200039308;743 876;A01;1;31;0;0;0;1;1;
60698;202200039309;743 875;A01;1;10;16;0;0;26;1;
60699;202200039310;743 873;A01;0;7;0;2;2;15;1;
60700;202200039310;743 874;B01;0;31;0;2;1;1;1;
60701;202200039311;743 870;A01;1;7;0;0;1;13;1;
60702;202200039311;743 872;B01;2;7;0;0;1;1;1;
60703;202200039312;743 869;B01;1;10;0;2;1;1;1;
60704;202200039312;743 871;A01;1;7;4;2;3;15;1;
60705;202200039313;743 866;B01;2;16;0;0;0;2;1;
60706;202200039313;743 867;A01;2;7;0;2;2;2;1;
60707;202200039314;743 865;B01;2;15;0;2;1;1;1;
60708;202200039314;743 868;A01;1;7;0;2;4;17;1;
60709;202200039315;743 864;A01;3;7;0;1;4;26;1;
60710;202200039316;743 862;A01;2;7;0;2;1;13;1;
60711;202200039316;743 863;B01;1;17;0;2;3;1;1;
60712;202200039317;743 861;A01;1;7;13;0;1;14;1;
60713;202200039318;743 860;A01;1;31;0;0;8;1;1;
60714;202200039319;743 859;A01;2;7;0;1;1;17;1;
60715;202200039320;743 857;A01;1;7;8;0;2;1;1;
60716;202200039321;743 856;A01;0;7;0;0;2;1;1;
60717;202200039321;743 858;B01;0;10;0;0;1;5;1;
60718;202200039322;743 855;A01;3;7;2;0;3;14;1;
60719;202200039323;743 852;B01;2;7;0;2;1;1;1;
60720;202200039323;743 854;A01;1;7;0;2;7;13;1;
60721;202200039324;743 851;A01;1;7;0;2;1;13;1;
60722;202200039324;743 853;B01;2;7;0;2;1;1;1;
60723;202200039325;743 849;A01;3;1;0;0;1;1;5;
60724;202200039326;743 848;A01;3;15;0;2;5;20;1;
60725;202200039326;743 850;C01;3;1;0;2;1;2;5;
60726;202200039328;743 845;B01;1;2;0;2;1;2;1;
60727;202200039328;743 846;A01;1;7;0;2;5;23;1;
60728;202200039329;743 844;A01;1;7;6;0;1;14;1;
60729;202200039330;743 843;A01;2;80;0;0;0;1;3;
60730;202200039331;743 842;A01;1;20;0;0;9;1;1;
60731;202200039332;743 841;A01;1;33;1;2;1;15;1;
60732;202200039333;743 839;A01;0;33;13;0;3;0;1;
60733;202200039334;743 840;A01;1;7;8;0;3;1;1;
60734;202200039335;743 838;A01;1;7;13;0;9;13;1;
60735;202200039336;743 837;A01;1;33;16;0;8;1;1;
60736;202200039337;743 835;B01;2;14;3;2;3;1;1;
60737;202200039337;743 836;A01;1;7;0;2;3;13;1;
60738;202200039338;743 833;A01;1;7;0;2;1;13;1;
60739;202200039338;743 834;B01;2;7;0;2;3;1;1;
60740;202200039339;743 832;A01;1;2;15;0;2;0;1;
60741;202200039343;743 825;B01;1;7;0;2;2;1;1;
60742;202200039343;743 826;A01;1;33;0;2;1;5;1;
60743;202200039345;743 821;A01;2;7;13;2;1;17;1;
60744;202200039345;743 822;B01;2;17;0;0;4;1;1;
60745;202200039346;743 820;A01;1;7;8;0;2;1;1;
60746;202200039347;743 818;A01;1;2;0;0;0;1;1;
60747;202200039348;743 816;A01;1;7;2;0;0;1;1;
60748;202200039349;743 815;A01;1;7;2;0;2;1;1;
60749;202200039350;743 813;B01;0;10;0;0;6;24;1;
60750;202200039350;743 814;A01;3;7;1;0;2;1;1;
60751;202200039351;743 812;A01;2;7;13;0;1;1;1;
60752;202200039352;743 811;A01;1;7;0;0;0;1;1;
60753;202200039353;743 809;A01;3;7;0;2;1;19;1;
60754;202200039353;743 810;B01;3;33;0;2;2;1;1;
60755;202200039354;743 808;A01;1;7;0;0;0;1;1;
60756;202200039355;743 805;B01;1;7;0;2;3;1;1;
60757;202200039355;743 807;A01;2;7;0;2;3;13;1;
60758;202200039356;743 804;A01;1;2;0;2;7;1;1;
60759;202200039356;743 806;B01;2;7;0;2;2;15;1;
60760;202200039357;743 803;A01;3;7;0;1;3;1;1;
60761;202200039358;743 801;A01;1;10;0;2;3;9;1;
60762;202200039358;743 802;B01;3;1;0;2;5;26;5;
60763;202200039359;743 799;A01;2;7;0;2;6;15;1;
60764;202200039359;743 800;B01;2;33;0;2;0;0;1;
60765;202200039360;743 798;A01;2;7;2;0;7;1;1;
60766;202200039361;743 797;A01;1;7;4;0;3;1;1;
60767;202200039362;743 795;A01;1;1;0;0;0;0;5;
60768;202200039363;743 794;B01;2;7;0;0;8;15;1;
60769;202200039363;743 796;A01;2;2;0;2;2;1;1;
60770;202200039364;743 790;A01;2;7;0;2;1;15;1;
60771;202200039364;743 792;B01;1;33;0;2;3;21;1;
60772;202200039365;743 788;E01;1;7;3;0;4;0;1;
60773;202200039365;743 789;D01;1;7;0;2;4;1;2;
60774;202200039365;743 791;C01;1;7;0;2;4;1;1;
60775;202200039365;743 793;A01;1;15;0;2;1;1;1;
60776;202200039366;743 787;A01;2;7;3;0;1;6;1;
60777;202200039367;743 785;A01;1;10;0;2;1;1;1;
60778;202200039367;743 786;B01;1;7;0;2;6;1;1;
60779;202200039368;743 783;B01;2;13;0;2;4;2;1;
60780;202200039368;743 784;A01;2;7;3;2;1;2;1;
60781;202200039369;743 781;B01;3;7;15;0;4;1;1;
60782;202200039369;743 782;A01;3;7;0;2;2;17;1;
60783;202200039370;743 779;B01;2;10;0;2;3;1;1;
60784;202200039370;743 780;A01;1;7;0;2;6;21;1;
60785;202200039371;743 778;A01;1;7;0;1;0;0;0;
60786;202200039372;743 777;A01;0;7;2;0;3;2;0;
60787;202200039373;743 775;A01;2;7;0;2;3;15;1;
60788;202200039373;743 776;B01;2;2;0;2;1;17;1;
60789;202200039374;743 774;A01;1;7;0;0;2;1;1;
60790;202200039375;743 772;B01;0;7;0;2;3;0;1;
60791;202200039375;743 773;A01;1;7;0;2;1;1;1;
60792;202200039376;743 771;A01;3;7;0;1;4;4;1;
60793;202200039377;743 766;A01;1;7;0;2;4;23;1;
60794;202200039377;743 768;B01;1;7;1;9;1;1;1;
60795;202200039379;743 764;A01;1;7;6;0;8;1;1;
60796;202200039380;743 762;B01;1;7;0;9;2;1;1;
60797;202200039380;743 763;A01;1;1;0;2;1;1;5;
60798;202200039381;743 760;A01;3;7;0;2;7;1;1;
60799;202200039381;743 761;B01;2;14;6;2;1;16;1;
60800;202200039382;743 758;B01;2;7;0;2;6;15;1;
60801;202200039382;743 759;A01;2;33;0;2;6;17;1;
60802;202200039383;743 756;A01;1;7;6;0;8;1;1;
60803;202200039384;743 757;A01;3;7;0;0;2;1;1;
60804;202200039385;743 755;A01;1;7;3;0;1;11;1;
60805;202200039386;743 753;B01;1;33;0;2;3;2;1;
60806;202200039386;743 754;A01;1;7;0;0;5;15;2;
60807;202200039387;743 752;A01;2;7;0;0;2;26;1;
60808;202200039388;743 749;B01;1;7;0;2;7;12;1;
60809;202200039388;743 751;A01;1;33;0;2;8;1;1;
60810;202200039389;743 748;A01;1;7;0;2;6;11;1;
60811;202200039389;743 750;B01;1;7;0;2;2;0;1;
60812;202200039391;743 742;Z01;2;7;0;2;1;2;0;
60813;202200039391;743 744;B01;2;7;0;2;4;2;1;
60814;202200039392;743 741;D01;2;10;0;2;0;0;1;
60815;202200039392;743 743;A01;2;10;0;2;4;0;1;
60816;202200039392;743 745;C01;2;7;0;2;4;0;1;
60817;202200039392;743 747;B01;2;7;0;2;0;0;1;
60818;202200039393;743 738;C01;2;7;0;2;7;1;1;
60819;202200039393;743 739;B01;2;7;0;2;4;2;1;
60820;202200039393;743 740;A01;2;33;0;2;1;2;1;
60821;202200039394;743 732;A01;2;7;0;2;1;1;1;
60822;202200039394;743 734;B01;2;7;0;2;4;1;1;
60823;202200039394;743 736;C01;2;10;0;2;4;1;1;
60824;202200039395;743 733;B01;2;10;3;2;6;2;0;
60825;202200039395;743 735;A01;2;33;3;2;1;2;1;
60826;202200039396;743 727;C01;1;10;0;2;8;1;1;
60827;202200039396;743 729;B01;1;7;0;2;3;1;1;
60828;202200039396;743 731;A01;1;7;4;2;3;17;1;
60829;202200039397;743 728;A01;2;10;0;2;5;12;1;
60830;202200039397;743 730;B01;2;33;0;2;3;3;1;
60831;202200039398;743 726;A01;2;7;4;0;1;14;1;
60832;202200039399;743 725;A01;1;43;0;0;3;1;1;
60833;202200039400;743 724;A01;1;17;3;0;1;0;0;
60834;202200039401;743 721;B01;1;7;0;2;4;2;1;
60835;202200039401;743 723;A01;1;7;0;2;1;1;1;
60836;202200039402;743 720;B01;1;7;0;2;4;2;1;
60837;202200039402;743 722;A01;1;7;0;2;1;2;1;
60838;202200039403;743 718;A01;2;7;0;2;5;12;1;
60839;202200039403;743 719;B01;2;2;0;2;1;3;1;
60840;202200039405;743 712;A01;1;7;0;2;1;2;1;
60841;202200039405;743 713;B01;1;7;0;2;4;1;1;
60842;202200039405;743 715;C01;1;7;0;2;3;1;1;
60843;202200039406;743 709;A01;2;7;4;0;3;0;1;
60844;202200039407;743 710;B01;1;10;0;2;4;2;1;
60845;202200039407;743 711;A01;1;7;0;2;1;1;2;
60846;202200039408;743 707;B01;2;1;0;2;1;0;5;
60847;202200039408;743 708;A01;2;7;0;0;4;1;1;
60848;202200039409;743 706;A01;1;7;0;1;1;1;0;
60849;202200039410;743 705;A01;1;7;0;1;1;1;1;
60850;202200039411;743 704;A01;1;1;12;0;1;14;5;
60851;202200039412;743 703;A01;3;37;0;1;2;15;1;1.0
60852;202200039413;743 701;Z01;1;32;0;1;1;1;0;
60853;202200039414;743 700;B01;2;30;0;4;0;0;1;
60854;202200039414;743 702;A01;1;7;0;-1;3;1;1;
60855;202200039415;743 699;A01;1;7;1;1;0;1;1;
60856;202200039416;743 695;A01;2;7;0;2;1;1;1;
60857;202200039416;743 697;B01;1;7;0;2;1;13;1;
60858;202200039417;743 696;A01;1;7;0;2;0;9;1;
60859;202200039417;743 698;B01;2;2;0;2;0;9;1;
60860;202200039418;743 694;A01;1;33;9;0;1;13;1;
60861;202200039420;743 691;A01;2;7;0;2;7;1;1;
60862;202200039420;743 692;B01;3;7;0;2;1;1;1;
60863;202200039421;743 690;A01;2;30;6;0;1;14;1;
60864;202200039422;743 687;B01;1;2;0;2;1;1;1;
60865;202200039422;743 689;A01;1;7;0;2;8;16;2;
60866;202200039423;743 685;C01;2;10;0;2;1;9;1;
60867;202200039423;743 686;B01;2;7;0;2;2;1;1;
60868;202200039423;743 688;A01;2;30;0;2;1;21;1;
60869;202200039424;743 683;A01;2;7;0;2;1;15;1;
60870;202200039424;743 684;B01;1;30;0;2;7;1;1;
60871;202200039426;743 679;B01;2;33;0;2;1;3;1;
60872;202200039426;743 682;A01;1;7;0;9;3;15;1;
60873;202200039427;743 677;A01;1;7;0;2;1;1;0;
60874;202200039427;743 678;B01;2;50;0;2;4;15;3;
60875;202200039428;743 675;A01;3;2;0;2;1;1;1;
60876;202200039428;743 676;B01;3;7;0;2;4;1;1;
60877;202200039429;743 673;B01;0;7;0;2;1;1;0;
60878;202200039429;743 674;A01;0;1;0;2;8;1;0;
60879;202200039430;743 671;A01;2;7;12;0;7;1;1;
60880;202200039431;743 670;B01;1;60;0;2;3;19;5;
60881;202200039431;743 672;A01;1;7;0;2;2;16;1;
60882;202200039432;743 668;B01;3;7;5;2;6;1;1;
60883;202200039432;743 669;A01;3;10;0;2;2;14;1;
60884;202200039433;743 665;A01;3;7;0;2;1;2;1;
60885;202200039433;743 667;B01;1;7;0;2;4;26;1;
60886;202200039434;743 664;B01;1;33;0;0;4;1;1;
60887;202200039434;743 666;A01;1;7;0;2;4;1;1;
60888;202200039435;743 662;A01;2;7;0;1;1;21;1;
60889;202200039436;743 660;C01;1;7;0;2;1;1;1;
60890;202200039436;743 661;B01;2;17;0;2;6;1;1;
60891;202200039436;743 663;A01;2;7;0;2;1;13;1;
60892;202200039437;743 656;B01;1;7;0;2;4;2;1;
60893;202200039437;743 658;A01;1;7;0;2;1;2;1;
60894;202200039438;743 657;B01;3;37;0;2;3;1;1;1.0
60895;202200039438;743 659;A01;3;3;1;0;1;26;1;
60896;202200039439;743 655;A01;1;7;0;1;3;1;2;
60897;202200039440;743 651;B01;2;32;0;2;1;1;1;
60898;202200039440;743 652;A01;1;7;0;2;2;11;1;
60899;202200039441;743 650;A01;3;36;0;0;1;13;1;
60900;202200039443;743 644;B01;1;7;0;2;7;1;1;
60901;202200039443;743 645;A01;1;7;0;2;1;5;1;
60902;202200039444;743 637;A01;0;7;0;1;1;1;1;
60903;202200039445;743 636;A01;0;7;0;2;7;15;1;
60904;202200039445;743 638;B01;0;30;0;2;1;1;1;
60905;202200039446;743 633;B01;2;7;0;2;2;15;1;
60906;202200039446;743 635;A01;1;30;0;2;2;1;1;
60907;202200039447;743 631;A01;1;7;3;0;1;14;1;
60908;202200039448;743 627;B01;2;7;0;2;2;15;1;
60909;202200039448;743 629;A01;1;10;0;2;3;1;1;
60910;202200039449;743 626;A01;3;7;8;0;1;13;1;
60911;202200039451;743 623;B01;1;7;0;2;4;2;1;
60912;202200039451;743 624;A01;1;10;0;2;1;2;1;
60913;202200039452;743 620;A01;3;7;0;2;3;16;1;
60914;202200039452;743 622;B01;3;10;0;2;1;1;1;
60915;202200039453;743 619;B01;3;7;0;2;7;20;1;
60916;202200039453;743 621;A01;3;7;1;0;6;20;1;
60917;202200039454;743 616;A01;1;7;0;2;3;15;1;
60918;202200039454;743 617;B01;2;80;0;2;1;1;3;
60919;202200039455;743 615;B01;3;7;0;2;4;2;3;
60920;202200039455;743 618;A01;3;7;0;2;1;2;1;
60921;202200039456;743 613;A01;2;1;0;0;0;1;5;
60922;202200039457;743 612;A01;2;7;0;2;4;1;1;
60923;202200039457;743 614;B01;2;7;0;2;1;1;1;
60924;202200039458;743 609;A01;1;33;0;2;5;1;1;
60925;202200039458;743 610;B01;2;10;0;2;5;15;1;
60926;202200039459;743 608;B01;1;1;0;2;8;1;5;
60927;202200039459;743 611;A01;1;7;0;2;3;15;1;
60928;202200039460;743 606;A01;3;7;16;0;9;13;1;
60929;202200039461;743 605;A01;1;7;0;2;7;1;1;
60930;202200039461;743 607;B01;2;7;0;2;8;1;1;
60931;202200039463;743 601;B01;3;7;0;1;2;1;1;
60932;202200039464;743 600;B01;2;7;0;2;1;1;1;
60933;202200039464;743 602;A01;1;7;0;2;2;15;1;
60934;202200039465;743 599;A01;1;7;0;2;7;23;1;
60935;202200039466;743 596;B01;2;7;0;2;0;0;1;
60936;202200039466;743 598;A01;1;7;6;0;3;21;1;
60937;202200039467;743 595;A01;1;7;0;0;0;0;1;
60938;202200039467;743 597;B01;3;99;0;2;2;0;3;
60939;202200039468;743 593;B01;2;7;0;2;6;1;1;
60940;202200039468;743 594;A01;2;7;0;2;2;1;1;
60941;202200039469;743 591;A01;2;7;0;2;1;15;0;
60942;202200039469;743 592;B01;1;50;0;2;7;1;3;
60943;202200039470;743 590;A01;1;1;0;0;0;1;5;
60944;202200039471;743 586;B01;3;7;0;2;1;1;1;
60945;202200039471;743 588;A01;3;0;0;2;1;1;0;
60946;202200039472;743 584;A01;3;7;0;2;1;1;1;
60947;202200039472;743 585;B01;3;7;0;2;4;1;1;
60948;202200039473;743 587;A01;1;1;0;2;3;13;5;
60949;202200039473;743 589;B01;2;10;0;2;2;1;1;
60950;202200039474;743 583;A01;2;7;0;0;0;1;1;
60951;202200039475;743 580;B01;1;10;0;2;0;0;1;
60952;202200039475;743 581;A01;2;1;0;2;5;21;5;
60953;202200039476;743 579;A01;1;32;0;2;1;19;1;
60954;202200039476;743 582;B01;1;33;0;2;8;1;1;
60955;202200039478;743 575;A01;3;7;0;2;1;13;1;
60956;202200039478;743 577;B01;3;7;0;2;1;1;1;
60957;202200039479;743 574;B01;3;7;0;2;4;1;1;
60958;202200039479;743 576;A01;3;10;0;2;1;2;1;
60959;202200039480;743 571;B01;1;1;0;2;4;1;5;
60960;202200039480;743 573;A01;1;33;0;2;1;14;1;
60961;202200039481;743 572;A01;1;7;1;0;1;13;1;
60962;202200039482;743 569;B01;1;1;0;2;8;1;5;
60963;202200039482;743 570;A01;1;7;0;2;7;17;1;
60964;202200039483;743 567;A01;1;33;4;0;2;1;1;
60965;202200039485;743 564;A01;2;7;0;2;1;1;1;
60966;202200039485;743 566;B01;2;7;0;1;1;1;1;
60967;202200039485;743 568;C01;2;7;0;0;0;0;1;
60968;202200039486;743 559;A01;2;7;0;2;1;1;1;
60969;202200039486;743 561;B01;2;7;0;2;1;1;1;
60970;202200039486;743 562;C01;2;7;0;2;1;1;1;
60971;202200039487;743 560;Z01;3;99;0;1;0;0;0;
60972;202200039488;743 558;A01;3;7;13;0;1;19;1;
60973;202200039489;743 556;A01;2;30;0;0;2;1;1;
60974;202200039490;743 557;A01;1;7;0;1;1;1;1;
60975;202200039491;743 554;B01;1;1;0;2;8;13;5;
60976;202200039491;743 555;A01;1;10;0;2;2;1;1;
60977;202200039492;743 551;A01;2;7;0;1;1;15;1;
60978;202200039493;743 552;B01;1;7;0;2;4;2;1;
60979;202200039493;743 553;A01;1;10;0;2;1;2;1;
60980;202200039495;743 546;B01;3;7;0;2;3;1;1;
60981;202200039495;743 549;A01;3;7;0;2;1;16;1;
60982;202200039496;743 542;B01;3;7;0;2;5;1;1;
60983;202200039496;743 544;A01;3;7;0;2;1;9;1;
60984;202200039497;743 543;A01;0;7;0;1;2;1;1;
60985;202200039498;743 541;A01;1;80;0;0;7;26;3;
60986;202200039499;743 539;A01;1;7;0;2;3;15;1;
60987;202200039499;743 540;B01;1;33;0;2;2;1;1;
60988;202200039501;743 537;A01;2;7;0;1;2;1;1;
60989;202200039502;743 534;B01;1;7;0;2;5;1;1;
60990;202200039502;743 535;A01;1;32;0;2;1;13;1;
60991;202200039503;743 530;Z01;1;7;0;2;1;2;1;
60992;202200039503;743 531;A01;1;7;0;2;4;2;1;
60993;202200039505;743 526;A01;1;7;0;2;8;1;1;
60994;202200039505;743 529;B01;1;7;0;2;3;1;2;
60995;202200039506;743 524;A01;1;50;0;0;0;1;3;
60996;202200039507;743 523;B01;1;30;0;2;1;1;1;
60997;202200039507;743 525;A01;2;7;0;2;3;15;1;
60998;202200039508;743 521;A01;1;31;0;2;1;2;1;
60999;202200039508;743 522;B01;1;7;0;2;4;23;1;
61000;202200039509;743 518;B01;1;7;0;2;7;15;1;
61001;202200039509;743 520;A01;2;7;0;2;1;1;1;
61002;202200039510;743 517;B01;3;50;0;2;7;0;3;
61003;202200039510;743 519;A01;1;10;0;2;1;1;1;
61004;202200039511;743 514;A01;1;7;0;2;4;2;1;
61005;202200039511;743 516;B01;1;7;0;2;4;23;1;
61006;202200039512;743 515;A01;1;7;0;1;1;16;1;
61007;202200039513;743 513;A01;2;7;0;1;2;1;2;
61008;202200039514;743 511;A01;1;1;0;4;3;13;5;
61009;202200039514;743 512;B01;1;40;0;2;3;1;3;
61010;202200039516;743 508;A01;2;30;1;0;2;5;3;
61011;202200039517;743 506;A01;1;7;1;0;2;14;2;
61012;202200039518;743 504;A01;1;7;0;1;2;1;1;
61013;202200039519;743 503;B01;2;2;0;2;1;1;1;
61014;202200039519;743 505;A01;1;7;0;2;2;15;1;
61015;202200039520;743 500;B01;1;7;0;2;3;9;2;
61016;202200039520;743 501;A01;2;50;0;2;1;5;3;
61017;202200039521;743 498;B01;3;80;0;2;1;1;3;
61018;202200039521;743 499;A01;3;7;0;2;1;1;1;
61019;202200039522;743 496;A01;2;7;0;2;7;2;2;
61020;202200039522;743 497;B01;1;32;0;2;0;0;1;
61021;202200039523;743 495;A01;-1;7;0;1;1;1;1;
61022;202200039524;743 492;C01;3;7;0;2;1;1;1;
61023;202200039524;743 493;B01;3;7;0;2;1;1;1;
61024;202200039524;743 494;A01;3;7;0;2;1;1;1;
61025;202200039525;743 490;B01;1;7;0;2;4;1;1;
61026;202200039525;743 491;A01;1;7;0;2;2;1;1;
61027;202200039526;743 488;A01;1;10;0;2;4;26;1;
61028;202200039526;743 489;B01;1;7;0;2;1;1;1;
61029;202200039527;743 485;B01;1;7;0;2;8;1;1;
61030;202200039527;743 487;A01;0;7;0;2;1;1;1;
61031;202200039528;743 484;B01;1;7;0;1;1;23;1;
61032;202200039528;743 486;A01;1;7;0;2;1;1;1;
61033;202200039529;743 483;A01;1;0;0;1;1;1;0;
61034;202200039530;743 480;B01;1;1;0;2;3;1;5;
61035;202200039530;743 481;A01;1;7;0;2;1;1;1;
61036;202200039531;743 482;A01;3;10;6;0;1;0;1;
61037;202200039532;743 477;B01;2;80;0;2;1;5;3;
61038;202200039532;743 479;A01;2;7;0;2;3;5;1;
61039;202200039533;743 474;B01;2;43;0;2;4;23;1;
61040;202200039533;743 475;A01;2;7;0;2;1;1;1;
61041;202200039534;743 476;B01;1;7;0;2;1;26;1;
61042;202200039534;743 478;A01;1;7;0;2;8;26;1;
61043;202200039535;743 472;B01;2;7;0;2;3;15;1;
61044;202200039535;743 473;A01;1;30;0;2;1;1;1;
61045;202200039536;743 470;B01;3;30;0;2;7;1;1;
61046;202200039536;743 471;A01;3;99;0;2;3;9;1;
61047;202200039537;743 468;A01;2;7;0;2;3;2;1;
61048;202200039537;743 469;B01;2;7;0;2;4;2;2;
61049;202200039538;743 466;A01;2;7;6;0;3;1;1;
61050;202200039539;743 465;B01;0;10;0;2;4;1;1;
61051;202200039539;743 467;A01;3;15;0;2;4;1;1;
61052;202200039540;743 460;A01;1;7;0;0;1;1;1;
61053;202200039540;743 461;B01;1;7;0;2;4;2;1;
61054;202200039540;743 462;C01;1;7;0;2;4;2;1;
61055;202200039540;743 463;D01;1;7;0;2;4;23;1;
61056;202200039540;743 464;E01;1;7;0;2;4;23;1;
61057;202200039541;743 458;A01;0;33;0;2;6;15;1;
61058;202200039542;743 457;A01;1;33;0;2;1;2;1;
61059;202200039542;743 459;B01;1;7;0;0;6;2;2;
61060;202200039543;743 452;C01;2;7;0;2;3;23;1;
61061;202200039543;743 454;B01;2;2;0;2;4;1;1;
61062;202200039543;743 455;A01;2;7;0;2;1;1;1;
61063;202200039544;743 453;B01;2;7;0;2;3;15;1;
61064;202200039544;743 456;A01;2;32;0;2;2;17;1;
61065;202200039545;743 451;A01;1;7;13;0;2;1;1;
61066;202200039546;743 450;A01;3;7;0;1;4;4;1;
61067;202200039548;743 446;Z01;1;7;0;2;1;1;1;
61068;202200039548;743 448;B01;1;7;0;2;8;19;1;
61069;202200039549;743 445;A01;1;7;0;1;2;1;1;
61070;202200039550;743 441;C01;3;7;0;2;4;26;1;
61071;202200039550;743 443;B01;3;7;0;2;4;26;1;