;Num_Acc;id_vehicule;num_veh;senc;catv;obs;obsm;choc;manv;motor;occutc
61072;202200039550;743 444;A01;3;10;0;2;1;26;1;
61073;202200039551;743 440;B01;2;7;13;2;8;13;1;
61074;202200039551;743 442;A01;1;7;0;2;8;1;1;
61075;202200039552;743 439;A01;1;7;8;0;1;1;1;
61076;202200039553;743 438;A01;2;7;6;0;1;26;1;
61077;202200039554;743 437;A01;2;7;15;0;1;1;1;
61078;202200039555;743 436;A01;2;50;0;0;0;7;3;
61079;202200039557;743 434;Z01;1;50;0;1;1;1;3;
61080;202200039558;743 432;B01;2;80;0;2;1;1;3;
61081;202200039558;743 433;A01;1;7;0;2;3;9;1;
61082;202200039559;743 431;A01;2;1;0;1;1;1;5;
61083;202200039560;743 429;A01;2;1;0;2;4;2;5;
61084;202200039560;743 430;Z01;2;7;0;2;1;2;0;
61085;202200039561;743 428;A01;2;1;14;0;1;17;5;
61086;202200039562;743 426;A01;1;7;0;2;7;16;1;
61087;202200039562;743 427;B01;1;2;0;2;1;1;1;
61088;202200039564;743 423;A01;0;7;1;0;1;1;1;
61089;202200039565;743 421;B01;2;30;0;2;1;1;1;
61090;202200039565;743 422;A01;2;7;0;9;3;15;1;
61091;202200039566;743 419;B01;0;43;0;2;4;23;1;
61092;202200039566;743 420;A01;0;10;0;2;1;2;1;
61093;202200039567;743 418;A01;1;7;0;1;1;15;6;
61094;202200039568;743 416;B01;3;1;0;0;0;0;5;
61095;202200039568;743 417;A01;3;7;0;9;3;13;1;
61096;202200039569;743 414;B01;2;33;0;2;1;13;1;
61097;202200039569;743 415;A01;1;7;0;2;1;13;1;
61098;202200039570;743 412;B01;1;7;0;2;1;1;1;
61099;202200039570;743 413;A01;2;7;0;2;1;13;1;
61100;202200039571;743 411;A01;1;33;2;0;2;14;1;
61101;202200039572;743 409;B01;2;7;0;2;7;17;0;
61102;202200039572;743 410;A01;2;33;0;2;6;1;1;
61103;202200039573;743 407;B01;1;7;0;2;8;1;1;
61104;202200039573;743 408;A01;2;7;0;2;3;13;2;
61105;202200039574;743 405;A01;2;7;0;2;3;15;1;
61106;202200039574;743 406;B01;2;80;0;2;1;0;5;
61107;202200039575;743 403;A01;2;7;0;9;2;14;1;
61108;202200039575;743 404;B01;2;1;0;0;4;0;5;
61109;202200039576;743 401;A01;1;7;0;2;7;15;1;
61110;202200039576;743 402;B01;2;1;0;2;1;1;5;
61111;202200039577;743 399;B01;2;7;2;2;8;1;1;
61112;202200039577;743 400;A01;1;7;0;2;3;13;1;
61113;202200039578;743 397;B01;1;7;6;2;8;1;1;
61114;202200039578;743 398;A01;2;7;6;2;1;1;1;
61115;202200039579;743 395;B01;1;7;0;2;8;1;2;
61116;202200039579;743 396;A01;2;43;0;2;3;26;1;
61117;202200039580;743 393;B01;2;15;0;2;3;1;1;
61118;202200039580;743 394;A01;1;7;0;2;3;13;1;
61119;202200039581;743 391;A01;1;7;0;2;2;13;1;
61120;202200039581;743 392;B01;1;2;0;2;8;1;1;
61121;202200039582;743 389;A01;1;7;0;2;1;21;1;
61122;202200039582;743 390;B01;2;7;0;2;1;1;1;
61123;202200039583;743 387;B01;1;21;0;0;6;0;1;
61124;202200039583;743 388;A01;2;7;0;0;3;0;2;
61125;202200039585;743 384;A01;2;7;8;0;1;1;1;
61126;202200039586;743 383;A01;1;7;13;0;1;1;1;
61127;202200039587;743 381;B01;2;7;0;2;2;1;1;
61128;202200039587;743 382;A01;1;2;0;2;1;13;1;
61129;202200039588;743 379;A01;1;33;0;2;1;1;1;
61130;202200039588;743 380;B01;1;7;0;2;6;15;1;
61131;202200039589;743 378;A01;2;33;5;0;0;0;1;
61132;202200039590;743 377;A01;2;7;2;0;2;1;1;
61133;202200039591;743 376;A01;0;7;9;0;9;1;1;
61134;202200039592;743 375;A01;1;33;0;0;0;1;1;
61135;202200039593;743 373;A01;1;7;0;0;7;15;1;
61136;202200039593;743 374;B01;1;1;0;2;3;2;5;
61137;202200039594;743 372;A01;1;7;13;0;9;14;1;
61138;202200039595;743 371;A01;1;7;2;0;3;26;1;
61139;202200039596;743 369;A01;2;15;3;2;3;1;1;
61140;202200039596;743 370;B01;2;7;3;2;2;17;1;
61141;202200039597;743 368;A01;1;7;0;1;3;26;1;
61142;202200039598;743 366;B01;1;33;0;2;7;21;1;
61143;202200039598;743 367;A01;3;7;0;2;3;9;1;
61144;202200039599;743 365;A01;3;36;0;0;0;1;1;
61145;202200039600;743 363;A01;2;2;0;2;1;17;1;
61146;202200039600;743 364;B01;1;7;0;2;3;1;1;
61147;202200039601;743 362;A01;1;7;8;0;1;1;1;
61148;202200039602;743 361;A01;1;7;0;0;2;1;1;
61149;202200039603;743 359;B01;3;3;0;2;3;1;1;
61150;202200039603;743 360;A01;3;7;0;2;3;1;1;
61151;202200039604;743 358;A01;1;33;0;0;0;1;1;
61152;202200039605;743 357;A01;1;1;0;0;0;1;5;
61153;202200039606;743 356;A01;1;7;0;0;0;0;1;
61154;202200039607;743 354;B01;2;1;0;2;7;17;5;
61155;202200039607;743 355;A01;2;7;0;2;8;15;1;
61156;202200039608;743 352;A01;0;7;0;2;8;15;1;
61157;202200039608;743 353;B01;0;1;0;2;8;13;5;
61158;202200039609;743 351;A01;0;32;6;0;9;2;1;
61159;202200039610;743 350;A01;2;33;14;0;1;1;1;
61160;202200039611;743 348;A01;1;7;0;0;4;1;1;
61161;202200039611;743 349;B01;1;7;0;2;9;12;1;
61162;202200039612;743 347;A01;1;33;0;0;0;17;1;
61163;202200039613;743 346;A01;1;7;7;0;0;2;1;
61164;202200039614;743 342;A01;1;7;14;2;4;2;1;
61165;202200039614;743 343;B01;1;7;0;0;6;2;1;
61166;202200039614;743 344;C01;1;7;14;2;1;2;1;
61167;202200039614;743 345;D01;1;7;3;0;1;0;1;
61168;202200039615;743 340;B01;2;1;0;2;1;0;5;
61169;202200039615;743 341;A01;1;7;0;2;3;0;1;
61170;202200039616;743 339;A01;1;30;0;9;0;0;1;
61171;202200039617;743 338;A01;1;7;0;1;1;1;2;
61172;202200039619;743 334;A01;2;7;0;2;3;1;1;
61173;202200039619;743 335;B01;1;7;0;2;3;13;1;
61174;202200039621;743 330;A01;1;7;0;0;8;16;1;
61175;202200039621;743 331;B01;1;7;1;2;1;1;0;
61176;202200039622;743 329;A01;1;7;2;0;2;13;1;
61177;202200039623;743 327;B01;2;34;0;2;1;0;1;
61178;202200039623;743 328;A01;2;7;0;2;1;15;1;
61179;202200039624;743 325;A01;1;33;0;2;1;1;1;
61180;202200039624;743 326;B01;2;7;0;2;2;15;1;
61181;202200039625;743 324;A01;1;7;3;0;3;13;1;
61182;202200039626;743 323;A01;2;7;2;0;1;14;1;
61183;202200039627;743 322;A01;1;33;3;0;1;2;1;
61184;202200039628;743 321;A01;0;15;0;1;8;15;1;
61185;202200039629;743 319;A01;0;7;0;2;1;13;1;
61186;202200039629;743 320;B01;0;7;0;2;3;1;1;
61187;202200039630;743 317;B01;1;7;0;2;1;2;1;
61188;202200039630;743 318;A01;1;7;0;2;4;1;1;
61189;202200039631;743 316;A01;0;33;3;0;2;0;1;
61190;202200039632;743 315;A01;1;7;4;0;3;13;1;
61191;202200039633;743 312;A01;1;7;0;2;2;14;1;
61192;202200039633;743 313;B01;1;7;0;2;6;1;1;
61193;202200039633;743 314;C01;1;7;0;2;8;1;1;
61194;202200039634;743 307;E01;2;7;0;2;5;1;1;
61195;202200039634;743 308;D01;2;7;0;2;6;1;1;
61196;202200039634;743 309;C01;2;7;0;2;6;1;1;
61197;202200039634;743 310;B01;2;7;0;2;8;1;1;
61198;202200039634;743 311;A01;2;7;4;2;8;13;1;
61199;202200039635;743 304;C01;2;7;7;2;9;1;1;
61200;202200039635;743 305;B01;2;7;7;2;1;1;1;
61201;202200039635;743 306;A01;1;17;4;0;1;1;1;
61202;202200039636;743 303;A01;1;7;4;0;1;13;1;
61203;202200039637;743 301;B01;2;7;0;2;5;1;1;
61204;202200039637;743 302;Z01;2;0;0;2;0;13;0;
61205;202200039638;743 299;A01;2;7;0;2;2;12;1;
61206;202200039638;743 300;B01;2;7;0;2;5;1;1;
61207;202200039639;743 297;A01;1;7;0;2;8;12;0;
61208;202200039639;743 298;B01;1;33;0;2;8;3;0;
61209;202200039640;743 295;Z01;1;7;0;2;4;1;0;
61210;202200039640;743 296;B01;1;43;0;2;1;1;1;
61211;202200039641;743 293;A01;2;7;0;2;3;11;1;
61212;202200039641;743 294;B01;2;7;0;2;7;0;1;
61213;202200039642;743 290;C01;2;7;0;2;4;2;1;
61214;202200039642;743 291;B01;2;7;0;2;4;2;1;
61215;202200039642;743 292;A01;2;33;0;2;1;2;1;
61216;202200039643;743 288;A01;2;33;0;2;2;11;1;
61217;202200039643;743 289;B01;2;7;0;2;6;1;1;
61218;202200039644;743 286;A01;1;7;0;2;3;21;1;
61219;202200039644;743 287;B01;1;7;0;2;5;1;1;
61220;202200039645;743 284;B01;2;7;0;2;4;2;1;
61221;202200039645;743 285;A01;2;33;0;2;1;2;1;
61222;202200039646;743 282;B01;2;7;3;2;8;9;1;
61223;202200039646;743 283;A01;2;14;0;2;2;14;1;
61224;202200039647;743 280;B01;2;7;0;2;4;2;1;
61225;202200039647;743 281;A01;2;7;0;2;1;2;1;
61226;202200039648;743 276;D01;2;7;0;2;4;1;1;
61227;202200039648;743 277;C01;2;7;0;0;2;1;1;
61228;202200039648;743 278;B01;2;7;0;0;6;1;1;
61229;202200039648;743 279;A01;2;7;0;2;9;1;1;
61230;202200039649;743 274;B01;2;7;0;2;3;11;1;
61231;202200039649;743 275;A01;2;33;0;2;1;3;1;
61232;202200039650;743 273;A01;3;7;0;1;2;19;0;
61233;202200039652;743 268;B01;2;7;0;2;7;15;1;
61234;202200039652;743 269;A01;2;33;0;2;1;1;1;
61235;202200039653;743 266;B01;1;10;0;2;1;19;1;
61236;202200039653;743 267;A01;2;30;0;2;7;1;1;
61237;202200039655;743 264;A01;1;7;6;0;2;1;1;
61238;202200039656;743 263;A01;3;7;1;0;3;13;1;
61239;202200039657;743 262;A01;2;7;0;1;7;1;1;
61240;202200039658;743 261;A01;2;7;11;0;1;1;2;
61241;202200039659;743 260;A01;0;17;0;1;1;1;1;
61242;202200039660;743 258;B01;2;7;0;2;3;15;1;
61243;202200039660;743 259;A01;1;2;0;2;1;13;1;
61244;202200039661;743 256;B01;0;80;0;0;4;0;3;
61245;202200039661;743 257;A01;0;0;0;0;1;0;0;
61246;202200039662;743 254;A01;1;1;0;2;4;0;5;
61247;202200039662;743 255;B01;1;7;0;9;1;1;1;
61248;202200039663;743 252;B01;1;7;0;2;8;1;1;
61249;202200039663;743 253;A01;1;7;0;2;9;21;1;
61250;202200039664;743 250;B01;1;10;0;2;3;1;1;
61251;202200039664;743 251;A01;2;10;0;2;3;13;1;
61252;202200039665;743 249;A01;1;7;13;0;1;2;1;
61253;202200039666;743 248;A01;3;7;0;0;3;15;1;
61254;202200039667;743 246;PB01;1;7;0;2;3;15;1;
61255;202200039667;743 247;A01;1;30;0;2;1;17;1;
61256;202200039668;743 245;A01;3;30;0;0;0;26;1;
61257;202200039670;743 241;A01;3;33;0;2;1;1;1;
61258;202200039670;743 242;B01;3;34;0;2;1;0;1;
61259;202200039671;743 239;B01;0;7;0;2;3;1;2;
61260;202200039671;743 240;A01;0;30;0;2;1;1;3;
61261;202200039672;743 238;A01;1;7;0;1;1;13;1;
61262;202200039673;743 237;A01;1;7;0;1;1;1;1;
61263;202200039674;743 236;A01;2;30;0;0;0;26;1;
61264;202200039675;743 234;A01;1;7;0;2;1;2;1;
61265;202200039675;743 235;B01;1;7;0;2;4;1;1;
61266;202200039676;743 232;B01;3;7;0;2;3;15;1;
61267;202200039676;743 233;A01;3;34;0;2;2;17;1;
61268;202200039677;743 230;B01;3;7;0;2;2;1;1;
61269;202200039677;743 231;A01;3;7;0;2;2;17;1;
61270;202200039679;743 226;A01;1;30;0;2;1;17;1;
61271;202200039679;743 227;B01;1;7;0;2;8;15;1;
61272;202200039680;743 225;A01;3;7;14;0;1;1;1;
61273;202200039681;743 224;A01;1;7;1;1;1;1;0;
61274;202200039682;743 222;A01;0;34;0;2;1;1;0;
61275;202200039682;743 223;B01;3;7;0;2;1;11;1;
61276;202200039683;743 218;D01;1;7;0;2;1;2;1;
61277;202200039683;743 219;C01;1;7;0;2;4;23;1;
61278;202200039683;743 220;B01;1;7;0;2;4;23;1;
61279;202200039683;743 221;A01;1;7;0;2;4;23;1;
61280;202200039684;743 216;B01;2;15;0;2;1;1;1;
61281;202200039684;743 217;A01;1;7;0;2;1;17;1;
61282;202200039685;743 214;B01;2;1;0;2;2;1;5;
61283;202200039685;743 215;A01;1;7;0;2;6;9;0;
61284;202200039686;743 212;A01;1;7;0;2;4;1;1;
61285;202200039686;743 213;B01;1;7;0;2;1;1;1;
61286;202200039687;743 209;C01;3;10;0;2;4;2;1;
61287;202200039687;743 210;B01;3;7;0;2;4;2;1;
61288;202200039687;743 211;A01;3;7;0;2;1;2;1;
61289;202200039688;743 208;A01;1;2;0;0;1;1;1;
61290;202200039690;743 206;A01;3;30;9;0;1;1;1;
61291;202200039691;743 205;A01;2;7;0;1;2;15;1;
61292;202200039692;743 204;A01;1;40;0;1;1;1;3;
61293;202200039693;743 202;A01;2;7;0;2;3;15;1;
61294;202200039693;743 203;B01;2;1;0;2;1;1;5;
61295;202200039696;743 196;A01;1;7;12;2;3;0;1;
61296;202200039696;743 197;B01;1;31;0;2;1;0;1;
61297;202200039697;743 194;A01;1;30;0;2;1;1;1;
61298;202200039697;743 195;B01;1;7;0;2;5;1;1;
61299;202200039698;743 193;A01;3;7;2;0;1;14;1;
61300;202200039700;743 189;A01;3;7;0;2;1;0;1;
61301;202200039700;743 190;B01;3;7;0;2;4;23;1;
61302;202200039701;743 188;A01;2;7;0;0;7;15;1;
61303;202200039702;743 187;A01;1;7;0;1;3;1;1;
61304;202200039703;743 184;A01;3;7;0;2;7;1;1;
61305;202200039703;743 185;B01;3;7;0;2;1;1;1;
61306;202200039703;743 186;C01;3;7;0;2;1;1;1;
61307;202200039704;743 182;A01;3;7;0;2;1;11;1;
61308;202200039704;743 183;B01;2;7;0;2;3;9;1;
61309;202200039705;743 180;A01;1;33;0;2;2;13;1;
61310;202200039705;743 181;B01;1;7;0;2;8;15;1;
61311;202200039706;743 176;A01;2;7;8;2;0;15;0;
61312;202200039706;743 177;B01;1;7;0;2;6;2;0;
61313;202200039706;743 178;C01;1;7;3;2;4;2;0;
61314;202200039706;743 179;D01;1;7;0;2;1;2;0;
61315;202200039707;743 174;A01;3;7;0;2;3;15;2;
61316;202200039707;743 175;B01;2;7;0;2;2;1;1;
61317;202200039709;743 171;A01;1;7;16;0;0;0;1;
61318;202200039710;743 170;A01;1;30;0;0;0;0;1;
61319;202200039711;743 169;A01;2;7;0;1;2;9;1;
61320;202200039712;743 168;A01;3;33;0;0;8;1;1;
61321;202200039713;743 165;B01;2;7;0;2;4;2;1;
61322;202200039713;743 166;A01;2;10;0;2;2;2;1;
61323;202200039713;743 167;C01;2;10;0;2;5;2;1;
61324;202200039714;743 163;B01;2;7;0;2;6;2;1;
61325;202200039714;743 164;A01;2;32;0;2;1;2;1;
61326;202200039715;743 161;B01;2;7;0;2;3;23;1;
61327;202200039715;743 162;A01;1;7;0;2;3;15;1;
61328;202200039716;743 160;A01;1;32;0;0;8;1;1;
61329;202200039717;743 158;B01;2;43;0;2;7;17;1;
61330;202200039717;743 159;A01;2;7;0;2;3;13;1;
61331;202200039718;743 156;A01;2;50;0;2;4;9;3;
61332;202200039718;743 157;B01;2;7;0;2;3;1;2;
61333;202200039719;743 154;B01;1;32;0;2;7;1;1;
61334;202200039719;743 155;A01;1;7;0;2;8;22;1;
61335;202200039720;743 152;B01;1;1;0;2;1;1;5;
61336;202200039720;743 153;A01;2;10;0;2;7;15;1;
61337;202200039721;743 150;A01;3;7;0;2;2;1;1;
61338;202200039721;743 151;B01;3;7;0;2;3;1;1;
61339;202200039722;743 149;A01;2;13;0;1;2;16;1;
61340;202200039724;743 146;A01;2;7;0;2;6;4;1;
61341;202200039724;743 147;B01;2;1;0;2;3;2;5;
61342;202200039725;743 144;A01;1;1;0;2;2;13;5;
61343;202200039725;743 145;B01;1;10;0;2;6;17;1;
61344;202200039726;743 142;Z01;2;7;0;2;6;2;1;
61345;202200039726;743 143;A01;2;30;0;2;2;2;1;
61346;202200039727;743 140;A01;1;7;0;2;6;16;0;
61347;202200039727;743 141;B01;1;7;0;2;2;1;5;
61348;202200039728;743 138;B01;2;33;0;2;4;23;1;
61349;202200039728;743 139;A01;2;7;0;2;3;2;1;
61350;202200039729;743 137;A01;2;1;0;0;0;0;5;
61351;202200039730;743 135;A01;2;7;1;2;5;4;2;
61352;202200039730;743 136;C01;1;7;0;2;2;24;1;
61353;202200039731;743 134;A01;1;7;1;0;3;1;1;
61354;202200039732;743 132;B01;1;7;0;2;4;2;1;
61355;202200039732;743 133;A01;1;7;0;2;1;2;1;
61356;202200039733;743 131;A01;1;7;0;1;3;1;1;
61357;202200039734;743 130;A01;1;7;1;0;1;14;1;
61358;202200039735;743 128;B01;3;7;0;2;1;1;1;
61359;202200039735;743 129;A01;3;7;0;9;4;1;1;
61360;202200039736;743 127;A01;1;7;0;1;0;16;1;
61361;202200039737;743 125;B01;3;7;0;2;2;15;1;
61362;202200039737;743 126;A01;3;50;0;2;1;25;3;
61363;202200039738;743 123;A01;2;37;16;0;2;15;0;1.0
61364;202200039738;743 124;B01;2;99;0;2;3;17;2;
61365;202200039739;743 121;A01;2;43;0;2;1;17;1;
61366;202200039739;743 122;C01;2;7;0;2;8;15;1;
61367;202200039740;743 119;A01;1;32;0;2;2;1;1;
61368;202200039740;743 120;B01;1;7;0;2;6;1;1;
61369;202200039742;743 116;A01;1;30;15;0;7;14;1;
61370;202200039743;743 115;A01;3;40;0;1;2;1;0;
61371;202200039744;743 114;A01;2;2;12;0;0;0;1;
61372;202200039745;743 111;A01;3;2;0;0;0;0;0;
61373;202200039745;743 112;B01;1;3;0;2;8;21;0;
61374;202200039745;743 113;C01;3;3;0;2;8;26;0;
61375;202200039746;743 109;B01;2;33;0;2;2;14;1;
61376;202200039746;743 110;A01;2;33;0;2;6;1;1;
61377;202200039747;743 107;A01;3;7;0;2;7;19;1;
61378;202200039747;743 108;B01;1;7;0;2;1;1;1;
61379;202200039749;743 104;A01;1;7;0;2;7;15;1;
61380;202200039749;743 105;B01;1;33;15;2;7;14;1;
61381;202200039750;743 102;B01;1;1;0;2;8;15;5;
61382;202200039750;743 103;A01;1;7;0;9;1;1;1;
61383;202200039751;743 101;A01;2;7;12;0;2;1;1;
61384;202200039752;743 100;A01;1;7;17;0;1;14;1;
61385;202200039753;743 099;A01;0;7;0;1;3;1;1;
61386;202200039754;743 095;A01;2;17;2;0;1;1;1;
61387;202200039755;743 093;A01;1;7;0;2;1;13;1;
61388;202200039755;743 094;B01;2;7;0;2;1;1;1;
61389;202200039756;743 092;A01;1;7;6;1;1;1;1;
61390;202200039757;743 090;A01;1;33;0;2;8;1;1;
61391;202200039757;743 091;B01;2;7;0;2;1;15;1;
61392;202200039758;743 088;B01;1;10;0;2;1;15;1;
61393;202200039758;743 089;A01;2;31;0;2;1;1;1;
61394;202200039759;743 087;A01;1;33;15;0;8;14;1;
61395;202200039760;743 085;A01;2;15;0;2;3;12;1;
61396;202200039760;743 086;B01;2;7;0;2;7;11;1;
61397;202200039761;743 081;A01;2;7;0;2;1;2;1;
61398;202200039761;743 082;B01;2;10;0;2;4;2;1;
61399;202200039761;743 083;C01;2;10;0;2;4;1;1;
61400;202200039761;743 084;D01;2;10;0;2;4;2;1;
61401;202200039763;743 079;A01;2;31;0;0;7;1;1;
61402;202200039764;743 077;B01;2;13;0;2;3;1;1;
61403;202200039764;743 078;A01;2;7;3;2;7;17;1;
61404;202200039765;743 075;B01;2;7;0;2;4;1;1;
61405;202200039765;743 076;A01;2;7;0;2;1;1;1;
61406;202200039767;743 072;B01;2;7;0;2;4;12;1;
61407;202200039767;743 073;A01;2;32;0;2;1;1;1;
61408;202200039769;743 069;A01;1;33;4;0;8;13;1;
61409;202200039770;743 066;C01;2;7;0;2;5;1;1;
61410;202200039770;743 067;A01;2;32;0;2;1;3;1;
61411;202200039770;743 068;B01;2;43;0;2;3;1;1;
61412;202200039771;743 064;A01;2;33;0;2;1;3;1;
61413;202200039771;743 065;B01;2;7;0;2;6;12;1;
61414;202200039772;743 063;A01;2;33;5;0;2;26;1;
61415;202200039773;743 061;B01;1;33;0;2;8;3;1;
61416;202200039773;743 062;A01;1;7;0;2;7;12;1;
61417;202200039774;743 059;A01;2;7;0;2;1;2;2;
61418;202200039774;743 060;B01;2;14;0;2;5;2;1;
61419;202200039775;743 058;A01;1;7;4;0;2;14;1;
61420;202200039777;743 055;A01;1;7;4;0;7;14;1;
61421;202200039778;743 051;A01;1;7;0;2;1;3;1;
61422;202200039778;743 052;B01;1;7;0;2;4;1;1;
61423;202200039778;743 053;C01;1;7;3;0;1;0;1;
61424;202200039778;743 054;D01;1;7;0;2;3;1;1;
61425;202200039779;743 048;A01;1;7;0;2;4;2;2;
61426;202200039779;743 049;B01;1;7;0;2;1;2;1;
61427;202200039779;743 050;C01;1;7;0;2;2;2;1;
61428;202200039780;743 047;A01;1;7;0;0;2;1;1;
61429;202200039781;743 045;B01;1;33;0;2;7;17;1;
61430;202200039781;743 046;A01;1;7;0;2;3;13;1;
61431;202200039782;743 043;B01;1;7;0;2;1;1;1;
61432;202200039782;743 044;A01;2;7;0;2;1;13;1;
61433;202200039783;743 042;A01;1;7;2;0;1;1;1;
61434;202200039784;743 040;B01;1;30;0;2;3;1;1;
61435;202200039784;743 041;A01;1;7;0;2;6;15;1;
61436;202200039786;743 037;B01;2;7;0;2;2;1;1;
61437;202200039786;743 038;A01;1;7;0;0;3;10;1;
61438;202200039787;743 036;A01;1;50;1;0;1;25;3;
61439;202200039788;743 029;E01;2;7;0;2;0;0;1;
61440;202200039788;743 030;D01;2;7;0;2;1;0;1;
61441;202200039788;743 031;C01;2;7;0;2;1;0;1;
61442;202200039788;743 033;B01;2;7;0;2;1;0;1;
61443;202200039788;743 034;A01;2;7;0;2;4;23;1;
61444;202200039789;743 032;B01;1;7;1;2;1;2;1;
61445;202200039789;743 035;A01;2;7;0;2;1;13;1;
61446;202200039790;743 027;A01;2;30;0;0;1;0;1;
61447;202200039791;743 026;A01;2;7;0;2;1;1;1;
61448;202200039791;743 028;B01;2;7;0;2;4;0;1;
61449;202200039792;743 025;A01;1;7;7;0;1;17;1;
61450;202200039793;743 021;B01;1;7;0;9;6;2;1;
61451;202200039793;743 023;A01;1;7;0;2;2;2;1;
61452;202200039794;743 022;B01;3;7;0;2;1;1;2;
61453;202200039794;743 024;A01;3;33;0;2;1;17;1;
61454;202200039795;743 016;B01;2;10;0;2;4;2;1;
61455;202200039795;743 018;A01;2;43;0;2;1;2;1;
61456;202200039796;743 015;C01;1;7;0;2;3;1;2;
61457;202200039796;743 017;A01;1;30;0;2;1;13;1;
61458;202200039796;743 019;B01;2;7;0;9;3;13;1;
61459;202200039798;743 010;A01;1;33;0;2;1;2;1;
61460;202200039798;743 012;B01;1;7;0;2;4;2;1;
61461;202200039798;743 013;C01;1;7;0;2;1;2;0;
61462;202200039799;743 007;B01;2;33;0;2;1;1;1;
61463;202200039799;743 009;A01;1;14;0;2;3;1;1;
61464;202200039800;743 006;A01;1;33;0;2;3;2;1;
61465;202200039800;743 008;Z01;2;7;0;2;4;2;0;
61466;202200039801;743 004;A01;2;7;0;1;8;1;1;
61467;202200039802;743 003;A01;2;1;0;2;8;19;5;
61468;202200039802;743 005;Z01;2;30;0;2;1;1;1;
61469;202200039803;743 001;A01;1;7;0;2;1;10;1;
61470;202200039803;743 002;B01;2;10;0;2;3;1;1;
61471;202200039804;743 000;A01;1;43;0;1;3;17;1;
61472;202200039805;742 998;A01;1;7;0;2;3;15;1;
61473;202200039805;742 999;B01;2;34;0;2;2;1;1;
61474;202200039806;742 996;B01;1;33;0;2;1;1;1;
61475;202200039806;742 997;A01;1;1;0;2;6;15;5;
61476;202200039807;742 995;A01;2;1;0;1;1;1;5;
61477;202200039809;742 991;A01;2;31;0;2;3;1;1;
61478;202200039809;742 994;B01;1;30;0;2;1;1;1;
61479;202200039810;742 990;A01;1;1;0;1;1;14;5;
61480;202200039811;742 988;A01;1;32;0;2;1;1;1;
61481;202200039811;742 989;B01;1;10;0;2;7;15;1;
61482;202200039812;742 986;A01;1;37;0;2;5;7;1;1.0
61483;202200039812;742 987;B01;1;1;0;2;3;13;5;
61484;202200039813;742 985;A01;1;7;0;1;1;1;1;
61485;202200039814;742 983;A01;2;7;0;2;1;1;1;
61486;202200039814;742 984;B01;2;7;0;2;8;15;1;
61487;202200039815;742 980;B01;1;10;0;2;7;15;1;
61488;202200039815;742 981;A01;2;1;0;2;1;16;5;
61489;202200039816;742 979;B01;2;7;0;2;1;1;1;
61490;202200039816;742 982;A01;2;7;0;2;4;1;1;
61491;202200039817;742 978;A01;1;7;6;0;8;2;1;
61492;202200039818;742 976;B01;2;50;0;2;1;1;3;
61493;202200039818;742 977;A01;1;1;0;2;1;17;5;
61494;202200039819;742 974;A01;1;7;0;2;1;1;1;
61495;202200039819;742 975;B01;1;7;0;0;4;15;1;
61496;202200039820;742 972;B01;1;10;0;2;8;1;1;
61497;202200039820;742 973;A01;1;30;0;2;7;17;1;
61498;202200039821;742 970;B01;2;7;0;2;1;1;1;
61499;202200039821;742 971;A01;1;33;0;2;0;1;1;
61500;202200039822;742 968;A01;1;32;0;2;3;1;1;
61501;202200039822;742 969;Z01;1;31;0;2;2;14;0;
61502;202200039823;742 966;A01;1;1;0;1;7;17;5;
61503;202200039824;742 965;B01;2;7;0;2;1;1;1;
61504;202200039824;742 967;A01;1;7;0;2;1;13;1;
61505;202200039825;742 963;B01;1;7;0;2;3;15;1;
61506;202200039825;742 964;A01;1;30;0;2;1;7;1;
61507;202200039826;742 962;A01;2;7;2;0;7;14;1;
61508;202200039827;742 960;B01;3;7;0;2;4;1;1;
61509;202200039827;742 961;A01;3;7;0;2;1;1;1;
61510;202200039828;742 958;A01;1;7;2;0;7;1;1;
61511;202200039829;742 957;B01;1;34;0;2;1;17;1;
61512;202200039829;742 959;A01;1;7;0;2;8;10;1;
61513;202200039830;742 954;B01;1;7;0;2;4;1;1;
61514;202200039830;742 956;A01;1;7;0;2;1;1;1;
61515;202200039831;742 953;A01;1;7;0;2;8;1;1;
61516;202200039831;742 955;B01;2;7;0;2;1;1;1;
61517;202200039832;742 951;A01;1;7;0;0;1;19;1;
61518;202200039832;742 952;B01;2;7;0;0;1;19;2;
61519;202200039833;742 950;A01;2;7;2;0;1;16;1;
61520;202200039834;742 948;A01;3;32;0;2;1;1;1;
61521;202200039834;742 949;B01;3;7;0;2;3;1;1;
61522;202200039835;742 945;A01;2;7;0;2;1;1;1;
61523;202200039835;742 947;B01;1;7;0;2;1;1;1;
61524;202200039836;742 944;A01;3;7;0;2;2;5;1;
61525;202200039836;742 946;B01;3;7;0;2;0;0;1;
61526;202200039837;742 943;A01;1;7;13;0;0;1;1;
61527;202200039838;742 941;A01;1;34;0;2;3;3;6;
61528;202200039838;742 942;B01;2;7;0;2;3;0;0;
61529;202200039839;742 940;A01;1;43;0;1;1;1;1;
61530;202200039840;742 939;A01;2;7;0;1;1;1;1;
61531;202200039841;742 938;A01;-1;7;2;0;1;1;1;
61532;202200039842;742 936;A01;2;7;0;1;1;1;1;