;Num_Acc;id_vehicule;num_veh;senc;catv;obs;obsm;choc;manv;motor;occutc
61533;202200039843;742 937;A01;2;7;12;0;1;1;1;
61534;202200039845;742 935;A01;2;7;13;0;1;1;1;
61535;202200039846;742 931;A01;1;7;0;1;1;1;1;
61536;202200039847;742 930;B01;1;7;0;2;3;9;1;
61537;202200039847;742 932;A01;1;30;0;2;1;1;1;
61538;202200039848;742 928;B01;1;7;0;2;3;1;1;
61539;202200039848;742 929;A01;2;7;0;2;3;13;1;
61540;202200039849;742 926;A01;3;7;0;0;9;1;1;
61541;202200039850;742 925;A01;0;7;4;2;1;26;1;
61542;202200039850;742 927;B01;0;7;4;2;1;0;1;
61543;202200039851;742 924;A01;1;7;5;0;1;9;1;
61544;202200039852;742 921;A01;1;7;13;0;2;1;1;
61545;202200039853;742 922;A01;0;3;0;2;5;4;0;
61546;202200039853;742 923;B01;0;2;0;2;1;0;0;
61547;202200039854;742 920;A01;1;2;12;0;0;1;1;
61548;202200039855;742 918;B01;0;32;4;2;8;1;1;
61549;202200039855;742 919;A01;3;7;0;2;2;12;1;
61550;202200039856;742 916;A01;2;7;0;2;1;6;1;
61551;202200039856;742 917;B01;2;7;0;2;1;1;1;
61552;202200039857;742 915;A01;2;7;6;0;1;1;1;
61553;202200039858;742 914;A01;2;7;4;0;1;14;1;
61554;202200039859;742 913;A01;2;7;13;0;1;1;1;
61555;202200039860;742 911;A01;1;7;3;2;1;1;1;
61556;202200039860;742 912;B01;1;7;3;0;4;1;0;
61557;202200039861;742 910;A01;2;7;2;0;0;1;1;
61558;202200039862;742 907;B01;2;7;0;2;3;1;1;
61559;202200039862;742 909;A01;2;7;0;2;7;17;0;
61560;202200039863;742 906;A01;1;7;0;2;3;21;1;
61561;202200039863;742 908;B01;2;7;0;2;3;1;1;
61562;202200039864;742 905;A01;1;7;13;0;2;1;1;
61563;202200039866;742 903;A01;2;7;8;2;4;1;1;
61564;202200039866;742 904;B01;1;14;0;2;1;1;1;
61565;202200039867;742 900;A01;1;10;13;0;1;1;1;
61566;202200039868;742 897;A01;1;7;0;1;8;15;1;
61567;202200039869;742 898;B01;2;7;6;2;3;1;1;
61568;202200039869;742 899;A01;1;7;0;2;1;13;1;
61569;202200039870;742 895;A01;1;7;13;1;7;21;1;
61570;202200039871;742 896;A01;1;10;13;0;1;1;1;
61571;202200039873;742 892;A01;3;31;0;0;0;1;1;
61572;202200039874;742 890;A01;0;7;8;0;1;1;1;
61573;202200039877;742 885;B01;2;7;4;2;3;18;1;
61574;202200039877;742 887;A01;2;10;0;2;5;1;1;
61575;202200039878;742 883;A01;2;7;3;0;1;14;1;
61576;202200039879;742 884;A01;1;33;0;0;8;1;1;
61577;202200039881;742 881;B01;2;1;0;2;4;13;5;
61578;202200039881;742 882;A01;2;10;0;2;2;17;1;
61579;202200039882;742 878;A01;1;7;0;1;3;1;1;
61580;202200039883;742 877;A01;2;10;0;1;1;1;1;
61581;202200039884;742 876;A01;1;7;2;0;1;1;1;
61582;202200039887;742 867;B01;1;14;0;0;5;2;1;
61583;202200039887;742 869;A01;1;15;0;2;3;13;1;
61584;202200039888;742 866;A01;1;7;0;2;8;9;2;
61585;202200039888;742 868;B01;1;1;0;2;2;1;5;
61586;202200039889;742 863;C01;1;7;0;2;1;1;1;
61587;202200039889;742 864;B01;1;7;0;2;1;1;1;
61588;202200039889;742 865;A01;2;7;0;2;1;21;1;
61589;202200039890;742 862;A01;2;33;0;0;0;0;1;
61590;202200039891;742 861;A01;0;2;12;0;8;0;1;
61591;202200039892;742 859;B01;1;32;0;2;1;1;1;
61592;202200039892;742 860;A01;2;7;0;2;1;1;1;
61593;202200039893;742 857;A01;2;10;0;2;2;15;1;
61594;202200039893;742 858;B01;1;7;0;2;1;1;1;
61595;202200039894;742 856;A01;2;2;0;0;0;0;1;
61596;202200039895;742 855;A01;1;7;0;1;2;16;1;
61597;202200039896;742 853;A01;2;7;3;0;9;14;1;
61598;202200039897;742 852;A01;3;7;2;0;7;0;1;
61599;202200039899;742 847;B01;1;7;0;2;1;1;1;
61600;202200039899;742 848;A01;2;7;0;2;1;13;1;
61601;202200039900;742 844;A01;3;7;0;1;4;4;1;
61602;202200039902;742 843;A01;1;7;3;0;1;14;1;
61603;202200039903;742 842;A01;3;7;2;0;1;1;1;
61604;202200039904;742 841;A01;3;7;7;0;1;1;1;
61605;202200039905;742 840;A01;2;7;13;0;2;14;1;
61606;202200039906;742 838;A01;1;3;6;0;1;1;1;
61607;202200039907;742 837;A01;2;7;0;2;1;5;1;
61608;202200039907;742 839;B01;1;7;0;2;1;2;1;
61609;202200039908;742 835;B01;2;7;0;2;2;1;1;
61610;202200039908;742 836;A01;1;7;0;0;7;15;1;
61611;202200039909;742 833;B01;2;7;0;2;1;1;1;
61612;202200039909;742 834;A01;2;10;0;0;8;1;1;
61613;202200039910;742 831;A01;2;7;0;2;0;1;1;
61614;202200039910;742 832;B01;2;17;0;2;8;1;1;
61615;202200039911;742 826;B01;2;15;0;2;1;1;1;
61616;202200039911;742 827;A01;2;3;0;2;1;5;1;
61617;202200039911;742 828;C01;2;15;0;2;1;14;1;
61618;202200039912;742 824;C01;2;10;0;0;0;19;1;
61619;202200039912;742 825;A01;1;33;0;2;1;1;1;
61620;202200039913;742 823;A01;2;7;4;0;1;0;1;
61621;202200039914;742 822;A01;2;7;3;0;3;1;1;
61622;202200039915;742 821;A01;2;15;0;0;8;1;1;
61623;202200039916;742 819;B01;1;7;0;2;1;1;1;
61624;202200039916;742 820;A01;1;7;0;2;4;1;1;
61625;202200039917;742 817;A01;2;10;0;2;1;1;1;
61626;202200039917;742 818;B01;2;7;0;0;4;1;1;
61627;202200039918;742 813;C01;1;7;0;2;4;2;1;
61628;202200039918;742 814;B01;1;7;0;2;4;2;1;
61629;202200039918;742 816;A01;1;7;0;2;1;2;1;
61630;202200039919;742 811;A01;1;7;0;2;4;1;1;
61631;202200039919;742 812;B01;1;7;0;2;4;1;1;
61632;202200039919;742 815;C01;1;7;0;2;1;1;1;
61633;202200039920;742 807;A01;3;7;0;0;3;15;1;
61634;202200039920;742 808;B01;3;1;0;2;1;1;5;
61635;202200039921;742 803;D01;2;10;0;2;3;2;1;
61636;202200039921;742 804;B01;2;7;1;2;5;2;2;
61637;202200039921;742 805;A01;2;7;3;0;3;11;1;
61638;202200039921;742 806;C01;2;7;0;2;4;0;1;
61639;202200039921;742 809;E01;2;7;0;2;8;2;1;
61640;202200039921;742 810;F01;2;7;0;2;4;12;1;
61641;202200039922;742 802;A01;1;7;4;0;1;1;1;
61642;202200039923;742 801;A01;2;7;0;2;1;9;1;
61643;202200039924;742 797;A01;1;7;0;2;1;21;1;
61644;202200039924;742 798;B01;1;17;0;2;3;1;1;
61645;202200039925;742 799;B01;1;1;0;2;3;1;5;
61646;202200039925;742 800;A01;2;10;0;2;3;1;1;
61647;202200039926;742 795;B01;2;33;0;2;2;1;1;
61648;202200039926;742 796;A01;1;7;0;2;3;11;0;
61649;202200039927;742 793;A01;1;7;0;0;8;13;1;
61650;202200039928;742 792;A01;2;32;0;2;7;1;1;
61651;202200039928;742 794;B01;2;7;0;2;3;15;0;
61652;202200039929;742 790;A01;1;15;0;2;2;12;1;
61653;202200039929;742 791;B01;1;7;0;2;6;1;1;
61654;202200039930;742 786;C01;1;7;0;2;1;1;1;
61655;202200039930;742 787;B01;1;7;0;2;4;1;1;
61656;202200039930;742 789;A01;1;7;0;2;4;1;1;
61657;202200039931;742 788;A01;1;33;0;0;3;1;1;
61658;202200039932;742 784;A01;1;15;0;2;4;11;1;
61659;202200039932;742 785;B01;1;7;0;2;1;1;1;
61660;202200039933;742 783;A01;1;7;2;0;3;1;1;
61661;202200039934;742 781;B01;1;17;0;2;8;1;1;
61662;202200039934;742 782;A01;1;7;4;2;3;21;1;
61663;202200039935;742 780;A01;3;7;0;1;1;1;1;
61664;202200039936;742 779;A01;1;7;0;1;2;1;1;
61665;202200039937;742 777;A01;2;7;0;1;1;1;1;
61666;202200039938;742 776;A01;1;10;0;2;7;1;1;
61667;202200039938;742 778;B01;1;7;0;2;1;1;1;
61668;202200039939;742 774;B01;0;7;0;2;4;1;1;
61669;202200039939;742 775;A01;0;7;0;2;1;1;1;
61670;202200039940;742 773;A01;2;7;0;1;2;15;1;
61671;202200039941;742 770;A01;1;7;16;0;0;14;1;
61672;202200039941;742 771;B01;1;1;16;0;0;26;5;
61673;202200039942;742 769;A01;1;7;0;2;1;13;1;
61674;202200039942;742 772;B01;2;7;0;2;1;1;1;
61675;202200039943;742 768;A01;3;7;0;1;2;17;1;
61676;202200039944;742 766;A01;3;10;0;1;5;1;1;
61677;202200039945;742 765;B01;2;1;0;2;7;1;5;
61678;202200039945;742 767;A01;1;7;0;2;2;9;1;
61679;202200039946;742 763;A01;1;7;13;0;1;1;1;
61680;202200039947;742 762;B01;3;7;0;0;0;0;1;
61681;202200039947;742 764;A01;3;30;0;2;0;15;1;
61682;202200039948;742 760;A01;0;7;0;1;1;16;1;
61683;202200039949;742 759;A01;1;30;0;2;3;11;1;
61684;202200039949;742 761;B01;1;30;0;2;0;0;0;
61685;202200039950;742 757;A01;0;33;3;0;3;1;1;
61686;202200039951;742 756;A01;1;7;0;2;7;15;3;
61687;202200039951;742 758;B01;2;1;0;2;1;9;5;
61688;202200039952;742 755;A01;3;7;0;1;1;15;1;
61689;202200039953;742 752;A01;2;1;0;1;2;19;5;
61690;202200039954;742 751;C01;1;15;0;2;1;0;1;
61691;202200039954;742 753;B01;1;7;0;2;3;17;1;
61692;202200039954;742 754;A01;2;7;0;2;3;21;1;
61693;202200039955;742 750;A01;2;7;0;1;1;1;1;
61694;202200039956;742 749;A01;2;7;4;0;0;1;0;
61695;202200039957;742 746;A01;1;7;0;2;1;15;1;
61696;202200039957;742 748;B01;2;32;0;2;1;1;1;
61697;202200039958;742 747;A01;1;33;0;0;0;0;1;
61698;202200039960;742 739;E01;3;7;0;2;0;0;1;
61699;202200039960;742 740;D01;3;7;0;2;0;0;1;
61700;202200039960;742 742;C01;3;7;0;2;0;0;1;
61701;202200039960;742 744;B01;3;7;0;2;4;23;1;
61702;202200039960;742 745;A01;3;10;0;2;0;0;1;
61703;202200039961;742 738;A01;2;7;4;0;9;1;1;
61704;202200039962;742 737;A01;-1;7;0;1;7;1;1;
61705;202200039963;742 735;A01;1;7;0;2;4;14;1;
61706;202200039963;742 736;B01;1;33;0;2;1;1;1;
61707;202200039964;742 733;B01;3;7;0;2;1;1;1;
61708;202200039964;742 734;A01;3;7;0;2;3;16;1;
61709;202200039965;742 730;A01;1;7;0;1;2;1;1;
61710;202200039967;742 728;A01;1;7;4;0;1;13;1;
61711;202200039968;742 726;A01;2;7;0;2;4;2;1;
61712;202200039968;742 727;B01;2;7;0;2;1;2;1;
61713;202200039971;742 720;A01;1;10;14;9;3;15;1;
61714;202200039971;742 722;B01;3;1;0;0;0;0;5;
61715;202200039972;742 718;A01;2;7;8;0;8;0;1;
61716;202200039973;742 716;A01;2;10;0;2;4;1;1;
61717;202200039973;742 717;B01;2;7;0;2;3;1;1;
61718;202200039973;742 719;C01;2;33;0;2;1;3;1;
61719;202200039974;742 714;A01;2;7;0;2;3;15;1;
61720;202200039974;742 715;B01;1;31;0;2;1;1;1;
61721;202200039975;742 713;A01;1;7;4;0;8;1;1;
61722;202200039976;742 712;A01;1;7;0;1;1;1;1;
61723;202200039977;742 710;A01;1;7;3;0;1;1;1;
61724;202200039978;742 709;A01;0;33;0;2;1;2;1;
61725;202200039978;742 711;B01;0;7;0;2;3;15;1;
61726;202200039979;742 705;A01;1;7;0;2;1;2;1;
61727;202200039979;742 707;B01;1;7;0;2;4;2;1;
61728;202200039979;742 708;C01;1;7;0;2;4;2;1;
61729;202200039980;742 704;A01;0;7;0;2;4;1;1;
61730;202200039980;742 706;B01;0;10;0;2;1;2;1;
61731;202200039981;742 702;A01;0;7;0;1;1;15;1;
61732;202200039982;742 701;A01;1;31;6;0;1;1;1;
61733;202200039983;742 698;A01;1;7;0;2;1;13;1;
61734;202200039983;742 699;B01;2;7;0;2;7;21;1;
61735;202200039983;742 700;C01;2;7;0;2;1;2;1;
61736;202200039984;742 695;A01;1;7;3;0;1;9;1;
61737;202200039984;742 703;B01;1;7;0;9;1;1;1;
61738;202200039985;742 691;B01;1;33;0;2;3;1;1;
61739;202200039985;742 692;A01;1;7;0;2;5;12;1;
61740;202200039986;742 688;B01;1;7;0;2;8;1;1;
61741;202200039986;742 690;A01;1;7;0;2;1;15;1;
61742;202200039987;742 687;A01;2;7;0;2;2;12;1;
61743;202200039987;742 689;B01;2;33;0;2;3;0;1;
61744;202200039988;742 685;A01;2;7;0;1;3;15;1;
61745;202200039989;742 686;A01;2;33;0;0;7;1;1;
61746;202200039990;742 682;B01;2;7;0;2;1;1;1;
61747;202200039990;742 684;A01;2;7;0;2;7;19;1;
61748;202200039991;742 681;A01;1;7;0;2;1;1;1;
61749;202200039991;742 683;B01;1;7;0;2;4;1;2;
61750;202200039992;742 680;A01;3;7;0;1;1;15;1;
61751;202200039993;742 679;A01;1;7;5;0;2;2;1;
61752;202200039994;742 676;B01;2;7;0;2;4;0;1;
61753;202200039994;742 677;A01;2;7;0;2;1;1;1;
61754;202200039995;742 675;A01;1;33;0;2;9;2;1;
61755;202200039995;742 678;B01;1;7;0;2;7;2;1;
61756;202200039997;742 671;A01;1;34;0;0;0;1;1;
61757;202200039998;742 669;A01;1;7;0;2;7;15;1;
61758;202200039998;742 670;B01;2;33;0;2;1;16;1;
61759;202200039999;742 668;A01;1;33;5;0;7;1;1;
61760;202200040001;742 664;A01;1;7;0;2;6;11;1;
61761;202200040001;742 666;B01;1;33;0;2;5;1;1;
61762;202200040002;742 662;B01;2;33;0;2;8;1;1;
61763;202200040002;742 663;A01;2;7;0;2;2;16;1;
61764;202200040004;742 655;E01;2;7;0;2;0;0;1;
61765;202200040004;742 656;D01;2;7;0;2;4;2;1;
61766;202200040004;742 658;C01;2;7;0;2;4;2;1;
61767;202200040004;742 660;B01;2;7;0;2;4;2;1;
61768;202200040004;742 661;A01;2;15;0;2;1;2;1;
61769;202200040005;742 653;B01;3;1;0;2;1;19;5;
61770;202200040005;742 654;A01;3;7;0;2;2;1;1;
61771;202200040006;742 648;B01;2;7;0;2;1;1;1;
61772;202200040006;742 650;A01;2;10;0;2;1;15;1;
61773;202200040007;742 647;D01;1;7;0;2;6;2;1;
61774;202200040007;742 649;C01;1;7;0;2;4;0;1;
61775;202200040007;742 651;B01;1;7;0;2;4;2;1;
61776;202200040007;742 652;A01;1;10;0;2;1;2;1;
61777;202200040008;742 645;A01;3;33;3;0;7;17;1;
61778;202200040010;742 642;A01;1;17;13;0;9;26;1;
61779;202200040011;742 641;A01;3;7;0;2;1;2;1;
61780;202200040011;742 643;B01;3;1;0;2;7;15;5;
61781;202200040012;742 638;A01;2;7;11;0;1;1;1;
61782;202200040013;742 637;A01;1;7;0;2;2;2;1;
61783;202200040013;742 639;B01;1;10;0;2;4;2;1;
61784;202200040013;742 640;C01;1;10;0;2;6;2;1;
61785;202200040014;742 636;A01;3;2;0;0;2;26;1;
61786;202200040015;742 634;A01;1;33;0;2;1;2;1;
61787;202200040015;742 635;B01;1;7;0;2;6;1;1;
61788;202200040016;742 630;A01;2;7;0;1;1;1;1;
61789;202200040017;742 627;A01;2;7;0;2;1;2;1;
61790;202200040017;742 628;B01;2;7;0;2;4;1;1;
61791;202200040018;742 626;B01;1;7;0;2;3;15;1;
61792;202200040018;742 629;A01;2;7;0;2;1;19;1;
61793;202200040019;742 624;B01;1;1;0;2;7;1;5;
61794;202200040019;742 625;A01;1;7;0;9;8;13;2;
61795;202200040020;742 622;B01;1;7;0;2;3;2;1;
61796;202200040020;742 623;A01;1;30;0;2;3;5;1;
61797;202200040021;742 621;A01;1;7;0;1;2;1;1;
61798;202200040022;742 619;B01;2;7;0;2;3;15;1;
61799;202200040022;742 620;A01;2;50;0;2;1;5;3;
61800;202200040023;742 618;A01;3;7;11;2;1;1;1;
61801;202200040024;742 617;A01;1;7;16;0;3;13;1;
61802;202200040025;742 615;B01;2;7;0;2;5;15;1;
61803;202200040025;742 616;A01;2;7;0;2;1;1;1;
61804;202200040027;742 612;A01;1;7;0;1;1;1;1;
61805;202200040028;742 610;A01;2;10;0;1;2;1;1;
61806;202200040029;742 609;B01;1;7;0;2;1;1;1;
61807;202200040029;742 611;A01;2;7;0;2;1;17;1;
61808;202200040030;742 607;B01;2;1;0;2;1;1;5;
61809;202200040030;742 608;A01;1;7;0;2;1;15;1;
61810;202200040031;742 605;B01;1;7;0;2;3;26;1;
61811;202200040031;742 606;A01;2;32;0;2;1;1;1;
61812;202200040033;742 602;A01;1;7;0;1;3;1;1;
61813;202200040034;742 601;A01;3;30;0;2;3;18;1;
61814;202200040034;742 603;B01;1;38;0;2;5;1;1;1.0
61815;202200040035;742 599;B01;2;10;0;2;5;15;0;
61816;202200040035;742 600;A01;1;50;0;2;1;1;3;
61817;202200040036;742 595;B01;1;99;0;2;2;1;3;
61818;202200040036;742 597;A01;1;7;0;9;3;9;1;
61819;202200040037;742 596;B01;2;10;9;2;1;1;1;
61820;202200040037;742 598;A01;3;10;0;2;3;1;1;
61821;202200040038;742 594;A01;2;7;0;1;1;1;1;
61822;202200040039;742 593;A01;2;10;0;1;2;1;1;
61823;202200040040;742 589;A01;1;7;1;2;2;1;1;
61824;202200040040;742 591;B01;1;7;1;2;9;1;1;
61825;202200040040;742 592;C01;1;7;0;2;6;24;1;
61826;202200040041;742 588;A01;2;7;0;2;1;1;3;
61827;202200040041;742 590;B01;1;7;0;2;1;15;1;
61828;202200040042;742 587;A01;1;33;4;0;1;1;1;
61829;202200040043;742 584;A01;2;7;0;2;1;1;1;
61830;202200040043;742 586;B01;2;7;0;2;4;1;1;
61831;202200040044;742 585;B01;1;2;0;9;0;9;1;
61832;202200040045;742 582;A01;1;7;0;2;3;15;1;
61833;202200040045;742 583;B01;2;33;0;2;1;17;1;
61834;202200040046;742 578;A01;-1;33;0;2;1;13;1;
61835;202200040046;742 580;B01;-1;1;0;2;1;1;5;
61836;202200040047;742 579;B01;3;7;0;2;4;15;1;
61837;202200040047;742 581;A01;1;32;0;2;1;1;1;
61838;202200040048;742 576;B01;0;31;0;2;1;26;1;
61839;202200040048;742 577;A01;0;30;0;2;6;15;3;
61840;202200040050;742 571;A01;2;7;0;9;1;9;1;
61841;202200040050;742 574;B01;1;2;0;2;1;15;1;
61842;202200040051;742 569;B01;0;37;0;2;1;7;1;1.0
61843;202200040051;742 570;A01;3;7;0;2;2;1;1;
61844;202200040052;742 567;B01;3;7;0;2;1;11;1;
61845;202200040052;742 568;A01;3;31;0;2;1;1;1;
61846;202200040053;742 564;A01;0;7;0;2;1;1;1;
61847;202200040053;742 566;B01;0;7;0;2;4;1;1;
61848;202200040054;742 563;C01;1;7;0;2;2;1;1;
61849;202200040054;742 565;A01;1;7;14;2;9;1;1;
61850;202200040055;742 559;B01;1;50;0;2;2;1;3;
61851;202200040055;742 560;A01;1;7;0;2;3;0;1;
61852;202200040056;742 557;B01;3;7;6;2;4;16;1;
61853;202200040056;742 558;A01;3;7;0;2;1;1;1;
61854;202200040057;742 554;B01;0;7;0;2;8;1;1;
61855;202200040057;742 556;A01;0;3;0;2;3;6;1;
61856;202200040058;742 552;A01;1;7;0;1;1;1;1;
61857;202200040059;742 553;B01;1;50;0;2;1;19;3;
61858;202200040059;742 555;A01;2;7;0;2;2;15;1;
61859;202200040060;742 551;A01;1;7;0;1;1;1;1;
61860;202200040061;742 549;A01;1;7;2;0;1;1;2;
61861;202200040062;742 546;A01;2;34;0;2;1;17;1;
61862;202200040062;742 548;B01;1;30;0;2;1;1;1;
61863;202200040063;742 547;B01;1;50;0;2;1;1;3;
61864;202200040063;742 550;A01;1;7;0;2;3;16;1;
61865;202200040064;742 545;A01;2;7;8;0;1;17;1;
61866;202200040065;742 542;A01;3;32;0;0;7;1;1;
61867;202200040067;742 540;A01;2;33;0;2;3;3;1;
61868;202200040067;742 541;B01;2;33;0;2;4;23;1;
61869;202200040068;742 536;A01;2;14;0;2;0;13;1;
61870;202200040068;742 538;B01;2;33;11;0;8;17;1;
61871;202200040069;742 535;B01;2;7;0;2;4;2;1;
61872;202200040069;742 539;A01;2;7;0;2;1;2;1;
61873;202200040070;742 534;B01;3;99;12;2;1;19;3;
61874;202200040070;742 537;A01;3;7;0;2;3;2;1;
61875;202200040071;742 533;A01;1;1;0;1;1;1;5;
61876;202200040073;742 529;A01;1;99;0;2;0;11;0;
61877;202200040073;742 532;B01;1;34;0;2;1;2;1;
61878;202200040074;742 527;Z01;2;30;0;2;0;1;0;
61879;202200040074;742 528;A01;2;1;0;2;1;9;5;
61880;202200040075;742 524;A01;2;7;0;2;1;1;1;
61881;202200040075;742 526;B01;2;7;0;2;4;1;1;
61882;202200040076;742 525;A01;1;50;0;1;3;1;3;
61883;202200040077;742 523;A01;1;7;4;0;3;1;1;
61884;202200040078;742 519;A01;1;32;0;2;0;1;1;
61885;202200040078;742 522;Z01;3;50;0;2;0;1;3;
61886;202200040079;742 520;B01;1;10;0;2;6;1;1;
61887;202200040079;742 521;A01;1;7;0;2;9;9;1;
61888;202200040080;742 517;B01;1;7;0;2;1;2;1;
61889;202200040080;742 518;A01;1;50;0;2;8;15;3;
61890;202200040081;742 516;A01;1;50;12;0;1;16;3;
61891;202200040082;742 515;A01;1;33;13;0;3;0;1;
61892;202200040083;742 513;A01;3;32;0;2;8;18;1;
61893;202200040083;742 514;B01;3;7;0;2;7;1;1;
61894;202200040084;742 511;A01;3;7;0;1;3;1;1;
61895;202200040085;742 508;A01;1;7;0;2;3;15;1;
61896;202200040085;742 509;B01;2;50;0;2;1;1;3;
61897;202200040087;742 507;B01;2;7;0;2;6;2;1;
61898;202200040087;742 512;A01;1;50;0;2;1;1;3;
61899;202200040088;742 504;Z01;1;1;0;1;1;1;5;
61900;202200040089;742 505;A01;1;31;1;0;1;14;1;
61901;202200040090;742 502;A01;3;7;1;0;3;13;1;
61902;202200040091;742 500;A01;1;7;0;2;7;15;1;
61903;202200040091;742 501;B01;2;7;0;2;1;1;1;
61904;202200040092;742 499;A01;1;32;0;2;1;1;1;
61905;202200040092;742 503;B01;1;7;0;2;2;1;2;
61906;202200040093;742 497;A01;3;10;0;1;7;1;1;
61907;202200040095;742 494;A01;1;10;0;1;3;16;1;
61908;202200040096;742 495;A01;0;7;8;0;4;1;1;
61909;202200040097;742 491;A01;1;10;0;2;2;17;1;
61910;202200040097;742 492;B01;1;1;0;2;8;1;5;
61911;202200040098;742 489;B01;1;7;0;2;3;15;1;
61912;202200040098;742 490;A01;1;32;0;2;1;1;1;
61913;202200040098;742 493;C01;2;7;0;2;3;0;1;
61914;202200040099;742 488;A01;3;10;8;0;0;0;1;
61915;202200040100;742 486;A01;1;10;0;1;1;1;1;
61916;202200040101;742 485;A01;2;7;0;2;2;15;1;
61917;202200040101;742 487;B01;2;30;0;2;3;1;1;
61918;202200040102;742 483;A01;1;7;0;2;1;5;1;
61919;202200040102;742 484;B01;1;2;0;2;1;1;1;
61920;202200040103;742 480;A01;1;2;0;2;1;1;3;
61921;202200040103;742 482;B01;1;7;0;2;5;1;1;
61922;202200040104;742 478;B01;2;7;0;2;3;19;1;
61923;202200040104;742 481;A01;1;31;0;2;2;17;1;
61924;202200040105;742 471;B01;1;1;0;2;4;2;5;
61925;202200040105;742 473;C01;1;7;0;2;7;2;1;
61926;202200040105;742 475;A01;1;10;0;2;6;2;1;
61927;202200040105;742 477;Z01;1;43;0;2;1;2;1;
61928;202200040106;742 472;A01;2;7;12;2;8;10;1;
61929;202200040106;742 474;B01;1;2;0;2;7;1;0;
61930;202200040107;742 476;A01;1;7;0;2;8;15;1;
61931;202200040107;742 479;B01;1;33;0;2;7;1;1;
61932;202200040108;742 470;A01;1;7;0;1;1;15;1;
61933;202200040109;742 468;A01;1;7;0;1;2;1;1;
61934;202200040110;742 467;A01;2;7;0;1;2;0;1;
61935;202200040111;742 465;A01;3;7;0;1;1;1;1;
61936;202200040112;742 463;A01;0;30;0;2;1;1;1;
61937;202200040112;742 464;B01;0;7;0;2;3;1;1;
61938;202200040113;742 466;B01;2;2;0;2;1;1;1;
61939;202200040113;742 469;A01;1;7;0;2;1;15;1;
61940;202200040114;742 461;A01;2;7;0;2;3;9;1;
61941;202200040114;742 462;B01;2;15;0;2;5;1;1;
61942;202200040116;742 458;A01;2;7;0;1;2;16;1;
61943;202200040117;742 455;B01;1;33;0;2;1;2;1;
61944;202200040117;742 456;A01;1;7;0;2;5;23;1;
61945;202200040118;742 453;A01;2;7;0;1;2;1;1;
61946;202200040119;742 452;A01;-1;10;0;1;2;1;1;
61947;202200040121;742 450;B01;3;31;0;2;0;0;0;
61948;202200040121;742 451;A01;3;7;0;2;2;16;1;
61949;202200040122;742 449;A01;1;7;0;1;1;1;1;
61950;202200040123;742 446;A01;2;7;4;0;9;1;0;
61951;202200040124;742 448;A01;2;7;0;1;1;16;1;
61952;202200040125;742 445;A01;3;3;1;0;1;19;1;
61953;202200040125;742 447;B01;3;3;1;0;0;0;0;
61954;202200040126;742 440;B01;3;7;0;0;4;2;1;
61955;202200040126;742 443;A01;3;7;0;2;1;2;1;
61956;202200040127;742 437;A01;3;7;12;2;1;13;1;
61957;202200040127;742 441;B01;2;30;0;2;1;1;1;
61958;202200040128;742 433;B01;1;33;0;2;5;12;1;
61959;202200040128;742 435;A01;1;7;0;2;3;1;1;
61960;202200040129;742 434;F01;3;7;0;2;1;2;0;
61961;202200040129;742 436;E01;3;7;0;2;1;1;0;
61962;202200040129;742 438;D01;3;7;0;2;9;1;1;
61963;202200040129;742 439;C01;3;7;0;2;0;0;1;
61964;202200040129;742 442;B01;3;7;0;2;0;0;1;
61965;202200040129;742 444;A01;3;7;14;2;9;1;1;
61966;202200040130;742 432;A01;0;2;0;0;0;1;1;
61967;202200040131;742 431;A01;2;2;0;0;0;26;1;
61968;202200040133;742 429;A01;1;7;0;1;0;26;1;
61969;202200040135;742 425;A01;1;7;2;0;3;13;1;
61970;202200040136;742 422;B01;1;10;0;2;4;1;1;
61971;202200040136;742 423;A01;1;14;0;2;1;2;1;
61972;202200040137;742 421;B01;1;7;0;2;6;0;1;
61973;202200040137;742 424;A01;1;7;0;2;8;17;1;
61974;202200040138;742 418;A01;2;7;0;2;1;17;1;
61975;202200040138;742 420;B01;1;7;0;2;3;15;3;
61976;202200040139;742 417;A01;1;7;0;2;2;16;1;
61977;202200040139;742 419;B01;3;7;0;2;3;0;2;
61978;202200040140;742 415;A01;3;7;0;1;4;4;1;
61979;202200040141;742 414;A01;1;1;9;1;1;1;5;
61980;202200040142;742 412;B01;1;30;0;2;1;1;1;
61981;202200040142;742 413;A01;1;7;0;2;3;19;1;
61982;202200040143;742 411;B01;0;7;0;2;1;1;1;
61983;202200040143;742 416;A01;0;7;0;2;3;1;1;
61984;202200040144;742 409;A01;1;30;16;0;1;1;1;
61985;202200040145;742 407;A01;3;3;13;0;2;26;1;
61986;202200040146;742 408;B01;2;7;0;2;8;1;1;
61987;202200040146;742 410;A01;1;7;0;0;1;19;1;
61988;202200040147;742 402;B01;1;7;0;2;8;15;1;
61989;202200040147;742 406;A01;1;7;0;2;1;19;1;
61990;202200040148;742 403;A01;1;7;0;2;6;23;1;
61991;202200040148;742 405;B01;2;50;0;2;1;1;3;
61992;202200040149;742 397;B01;2;7;0;2;3;1;1;
61993;202200040149;742 398;A01;2;7;0;2;2;19;1;