;Num_Acc;id_vehicule;num_veh;senc;catv;obs;obsm;choc;manv;motor;occutc
61994;202200040150;742 396;B01;1;7;0;2;1;1;1;
61995;202200040150;742 399;A01;1;7;0;2;2;15;1;
61996;202200040152;742 392;A01;0;7;0;2;6;15;1;
61997;202200040152;742 394;B01;0;2;0;2;1;1;1;
61998;202200040153;742 393;A01;1;38;6;0;3;1;1;1.0
61999;202200040155;742 387;B01;2;7;0;2;4;23;1;
62000;202200040155;742 390;A01;2;7;0;2;1;1;1;
62001;202200040156;742 386;A01;1;7;0;2;1;2;1;
62002;202200040156;742 388;B01;1;7;0;2;4;2;1;
62003;202200040156;742 391;C01;1;7;0;2;4;2;1;
62004;202200040157;742 384;A01;1;10;0;1;1;1;1;
62005;202200040159;742 383;B01;2;33;0;0;8;13;1;
62006;202200040159;742 385;A01;2;33;3;0;9;13;1;
62007;202200040160;742 382;A01;2;50;0;0;0;1;3;
62008;202200040161;742 380;A01;3;7;0;1;1;16;1;
62009;202200040162;742 377;A01;0;30;0;2;1;5;1;
62010;202200040162;742 379;B01;0;7;0;2;3;15;1;
62011;202200040163;742 375;A01;1;7;0;2;3;13;1;
62012;202200040163;742 376;B01;2;7;0;2;3;17;1;
62013;202200040163;742 378;C01;2;3;0;2;8;1;1;
62014;202200040164;742 372;A01;1;7;0;2;1;1;1;
62015;202200040164;742 374;B01;1;7;0;2;4;1;1;
62016;202200040165;742 371;Z01;3;7;0;2;1;1;0;
62017;202200040165;742 373;A01;3;33;0;2;4;1;1;
62018;202200040168;742 365;A01;2;7;0;2;3;13;1;
62019;202200040168;742 369;B01;1;7;0;2;6;1;3;
62020;202200040169;742 363;B01;2;2;0;2;8;1;1;
62021;202200040169;742 364;A01;3;7;0;2;0;0;0;
62022;202200040170;742 362;A01;3;7;0;1;4;4;1;
62023;202200040172;742 358;B01;3;7;0;2;2;1;1;
62024;202200040172;742 359;A01;3;3;8;2;1;20;1;
62025;202200040173;742 357;A01;1;7;0;1;0;1;1;
62026;202200040174;742 355;B01;3;7;0;2;8;1;1;
62027;202200040174;742 356;A01;3;7;0;2;8;15;1;
62028;202200040175;742 351;A01;2;7;0;2;3;1;1;
62029;202200040175;742 353;B01;1;7;0;2;1;15;1;
62030;202200040176;742 352;A01;3;10;0;9;2;16;1;
62031;202200040176;742 354;B01;3;50;0;2;1;1;3;
62032;202200040177;742 349;B01;1;7;0;2;8;21;1;
62033;202200040177;742 350;A01;1;7;0;2;1;1;1;
62034;202200040178;742 347;A01;0;7;0;1;1;1;1;
62035;202200040179;742 346;A01;3;7;0;2;3;1;1;
62036;202200040179;742 348;B01;3;7;0;2;5;15;1;
62037;202200040180;742 344;A01;3;7;0;9;0;9;1;
62038;202200040180;742 345;B01;3;1;0;2;4;1;5;
62039;202200040181;742 343;A01;2;7;0;1;1;1;1;
62040;202200040182;742 340;A01;2;7;11;1;2;2;1;
62041;202200040183;742 341;B01;3;1;0;2;4;2;5;
62042;202200040183;742 342;A01;3;10;0;2;2;2;1;
62043;202200040186;742 336;A01;1;10;1;0;2;14;1;
62044;202200040187;742 332;C01;1;7;0;2;4;1;1;
62045;202200040187;742 333;B01;1;7;0;2;4;1;1;
62046;202200040187;742 335;A01;1;7;0;2;1;2;1;
62047;202200040188;742 329;A01;3;33;0;2;1;1;1;
62048;202200040188;742 331;B01;3;7;0;2;3;1;2;
62049;202200040189;742 330;A01;1;7;0;2;2;1;1;
62050;202200040189;742 334;Z01;1;7;0;2;6;0;0;
62051;202200040190;742 327;B01;2;30;0;2;3;1;1;
62052;202200040190;742 328;A01;2;7;0;2;8;26;1;
62053;202200040191;742 326;A01;1;33;0;0;1;1;1;
62054;202200040192;742 324;A01;0;7;0;1;1;5;1;
62055;202200040193;742 323;B01;2;7;0;2;4;1;1;
62056;202200040193;742 325;Z01;2;7;0;2;1;2;1;
62057;202200040194;742 320;X01;1;7;0;1;2;1;0;
62058;202200040195;742 317;A01;1;7;0;2;1;1;1;
62059;202200040195;742 318;B01;0;7;0;2;5;2;1;
62060;202200040196;742 311;A01;1;7;0;2;1;1;1;
62061;202200040196;742 315;B01;1;7;0;2;1;1;1;
62062;202200040196;742 316;C01;1;7;0;2;1;1;1;
62063;202200040196;742 319;D01;1;7;0;0;4;1;1;
62064;202200040197;742 309;A01;3;33;0;0;0;1;1;
62065;202200040199;742 304;B01;3;7;0;2;1;1;1;
62066;202200040199;742 307;A01;3;7;0;2;1;13;1;
62067;202200040200;742 302;A01;1;7;0;2;2;19;1;
62068;202200040200;742 303;B01;1;7;0;2;8;9;1;
62069;202200040201;742 301;A01;3;7;6;0;1;13;1;
62070;202200040202;742 299;A01;1;7;2;0;1;1;1;
62071;202200040203;742 297;A01;1;7;13;0;9;1;1;
62072;202200040204;742 298;A01;1;7;0;1;1;0;1;
62073;202200040205;742 292;A01;2;50;0;2;1;2;3;
62074;202200040205;742 294;B01;1;7;0;2;1;1;1;
62075;202200040206;742 293;A01;3;7;0;2;3;15;1;
62076;202200040206;742 295;B01;3;1;0;2;1;1;5;
62077;202200040207;742 289;C01;2;7;0;2;3;1;1;
62078;202200040207;742 290;B01;1;7;0;0;3;2;1;
62079;202200040207;742 291;A01;3;30;0;2;8;15;1;
62080;202200040208;742 288;A01;1;7;0;1;1;15;1;
62081;202200040209;742 286;B01;1;7;0;2;1;1;1;
62082;202200040209;742 287;A01;1;7;0;2;1;5;1;
62083;202200040210;742 283;Z01;1;7;0;1;1;0;0;
62084;202200040211;742 284;A01;2;7;0;2;7;9;1;
62085;202200040211;742 285;B01;1;2;0;2;1;9;1;
62086;202200040212;742 281;B01;0;33;0;2;1;1;0;
62087;202200040212;742 282;A01;0;10;0;2;7;15;0;
62088;202200040213;742 280;A01;2;3;0;0;1;1;0;
62089;202200040214;742 277;B01;1;99;0;2;8;19;3;
62090;202200040214;742 278;A01;1;7;0;2;2;1;1;
62091;202200040215;742 274;A01;2;7;0;0;1;13;1;
62092;202200040215;742 276;B01;1;7;0;0;1;1;1;
62093;202200040216;742 275;A01;3;7;0;2;2;15;1;
62094;202200040216;742 279;B01;3;30;0;2;1;1;1;
62095;202200040217;742 272;A01;2;7;3;0;6;1;1;
62096;202200040217;742 273;B01;2;7;3;2;2;2;1;
62097;202200040218;742 269;B01;2;1;0;2;1;1;5;
62098;202200040218;742 270;A01;1;7;0;9;2;15;1;
62099;202200040219;742 268;A01;2;7;0;2;1;2;1;
62100;202200040219;742 271;B01;2;7;0;2;4;2;1;
62101;202200040220;742 266;A01;2;33;0;2;1;3;1;
62102;202200040220;742 267;B01;3;7;0;2;3;15;1;
62103;202200040222;742 261;A01;2;7;0;1;1;1;1;
62104;202200040223;742 262;B01;1;31;0;2;8;1;1;
62105;202200040223;742 264;A01;1;7;0;2;2;12;0;
62106;202200040224;742 259;B01;2;10;5;0;1;0;1;
62107;202200040224;742 260;A01;1;10;0;9;1;13;1;
62108;202200040225;742 256;A01;3;33;0;2;2;1;1;
62109;202200040225;742 258;B01;3;10;0;2;3;1;1;
62110;202200040226;742 254;A01;1;7;8;0;1;1;1;
62111;202200040227;742 253;C01;2;7;6;2;8;1;1;
62112;202200040227;742 255;A01;2;7;0;2;8;26;2;
62113;202200040227;742 257;B01;2;7;10;2;2;17;1;
62114;202200040228;742 252;A01;1;7;14;1;3;13;1;
62115;202200040229;742 249;B01;3;7;0;2;1;1;1;
62116;202200040229;742 251;A01;3;7;0;2;4;1;1;
62117;202200040230;742 247;M01;2;33;0;0;0;21;1;
62118;202200040232;742 240;E01;1;7;0;2;4;23;1;
62119;202200040232;742 242;D01;1;7;0;2;4;23;1;
62120;202200040232;742 244;C01;1;7;0;2;2;23;1;
62121;202200040232;742 245;B01;1;7;0;2;3;23;1;
62122;202200040232;742 246;A01;1;7;0;2;0;0;0;
62123;202200040233;742 239;A01;2;7;0;2;1;1;1;
62124;202200040233;742 241;B01;2;7;0;2;4;23;1;
62125;202200040233;742 243;C01;2;7;0;2;4;23;1;
62126;202200040234;742 237;B01;1;7;0;2;4;2;1;
62127;202200040234;742 238;A01;1;7;0;2;2;1;1;
62128;202200040235;742 234;A01;3;7;6;0;1;21;1;
62129;202200040236;742 232;A01;2;34;0;2;1;1;1;
62130;202200040236;742 233;B01;2;7;0;2;5;18;1;
62131;202200040237;742 231;Z01;2;10;0;1;3;26;0;
62132;202200040238;742 228;A01;1;7;0;2;1;1;1;
62133;202200040238;742 230;B01;1;7;0;2;4;23;1;
62134;202200040239;742 227;B01;3;7;0;2;3;1;1;
62135;202200040239;742 229;A01;3;80;0;2;7;1;3;
62136;202200040240;742 226;A01;1;7;0;1;1;19;1;
62137;202200040241;742 224;A01;2;36;0;0;3;26;0;
62138;202200040242;742 225;A01;2;30;0;0;7;1;1;
62139;202200040244;742 221;B01;2;3;0;2;1;2;0;
62140;202200040244;742 223;A01;2;7;0;2;4;23;0;
62141;202200040245;742 220;A01;3;7;14;0;1;1;6;
62142;202200040246;742 218;A01;1;7;0;0;1;0;1;
62143;202200040247;742 219;A01;0;7;0;1;1;1;1;
62144;202200040248;742 215;A01;3;7;0;2;7;2;1;
62145;202200040248;742 217;B01;3;10;0;2;2;2;0;
62146;202200040249;742 213;A01;1;7;1;0;1;14;1;
62147;202200040250;742 212;A01;2;7;0;5;1;11;1;
62148;202200040251;742 210;A01;1;7;16;0;0;13;1;
62149;202200040252;742 209;A01;1;1;0;9;7;0;5;
62150;202200040252;742 211;B01;1;1;0;9;1;0;5;
62151;202200040253;742 206;B01;1;7;0;2;1;16;1;
62152;202200040253;742 208;A01;1;7;0;2;7;1;1;
62153;202200040254;742 204;B01;3;7;0;2;1;1;1;
62154;202200040254;742 205;C01;3;7;0;2;1;2;1;
62155;202200040254;742 207;A01;3;37;0;2;1;13;4;1.0
62156;202200040255;742 202;A01;2;7;0;2;1;2;1;
62157;202200040255;742 203;B01;2;7;0;2;4;1;1;
62158;202200040256;742 201;A01;1;32;14;0;1;1;1;
62159;202200040257;742 199;A01;3;7;0;2;2;0;0;
62160;202200040257;742 200;B01;2;80;0;2;1;1;3;
62161;202200040259;742 195;A01;1;7;0;1;4;20;1;
62162;202200040261;742 194;A01;1;13;0;1;4;4;1;
62163;202200040262;742 192;A01;2;7;1;0;1;13;1;
62164;202200040263;742 193;A01;0;3;8;0;2;14;1;
62165;202200040264;742 190;B01;3;7;0;2;8;1;1;
62166;202200040264;742 191;A01;3;7;0;2;1;1;1;
62167;202200040265;742 189;A01;1;3;4;0;8;15;1;
62168;202200040266;742 188;A01;2;10;0;0;1;2;3;
62169;202200040267;742 187;A01;1;7;0;1;3;16;1;
62170;202200040268;742 185;Z01;1;7;0;2;3;2;1;
62171;202200040268;742 186;A01;1;7;4;2;5;2;2;
62172;202200040269;742 183;A01;1;7;0;1;1;15;2;
62173;202200040270;742 181;A01;3;7;4;0;1;12;1;
62174;202200040271;742 182;B01;2;7;0;2;1;1;1;
62175;202200040271;742 184;A01;2;7;6;2;1;1;1;
62176;202200040272;742 179;A01;1;33;0;2;1;1;1;
62177;202200040272;742 180;B01;1;7;0;2;1;16;2;
62178;202200040273;742 175;A01;1;7;0;2;1;2;1;
62179;202200040273;742 176;B01;1;32;0;2;4;2;1;
62180;202200040275;742 174;A01;1;32;0;1;1;1;1;
62181;202200040276;742 171;Z01;1;7;0;2;1;15;0;
62182;202200040276;742 172;A01;1;43;0;2;1;1;1;
62183;202200040278;742 167;B01;0;7;0;2;7;15;1;
62184;202200040278;742 169;A01;3;7;0;2;1;1;1;
62185;202200040279;742 168;A01;1;7;0;1;2;21;1;
62186;202200040280;742 165;A01;2;31;0;4;3;6;1;
62187;202200040280;742 166;B01;2;40;0;2;1;1;3;
62188;202200040281;742 163;A01;1;7;0;1;7;16;3;
62189;202200040282;742 164;A01;2;31;0;1;1;1;1;
62190;202200040283;742 162;A01;0;7;0;2;1;15;1;
62191;202200040284;742 160;A01;2;7;0;2;1;20;1;
62192;202200040284;742 161;B01;1;33;0;2;7;1;1;
62193;202200040285;742 158;Z01;1;1;0;2;1;5;5;
62194;202200040285;742 159;A01;2;1;0;2;1;1;5;
62195;202200040286;742 155;A01;2;7;0;2;1;9;1;
62196;202200040286;742 157;B01;2;32;0;2;7;1;1;
62197;202200040287;742 154;B01;2;30;0;2;3;1;1;
62198;202200040287;742 156;A01;2;7;0;2;7;1;1;
62199;202200040289;742 148;B01;2;10;0;2;2;16;1;
62200;202200040289;742 150;A01;2;30;0;2;8;18;1;
62201;202200040291;742 146;A01;1;30;0;1;1;1;1;
62202;202200040292;742 145;A01;2;10;0;2;2;1;1;
62203;202200040292;742 147;B01;2;80;0;2;1;1;3;
62204;202200040293;742 144;A01;3;7;0;1;4;4;1;
62205;202200040294;742 143;A01;1;43;0;1;1;1;1;
62206;202200040295;742 141;A01;3;7;0;1;1;15;1;
62207;202200040296;742 140;A01;3;10;0;2;0;19;0;
62208;202200040296;742 142;B01;3;1;0;2;7;19;5;
62209;202200040297;742 138;A01;3;7;0;2;8;15;1;
62210;202200040297;742 139;B01;3;33;0;2;7;1;1;
62211;202200040298;742 137;A01;1;7;6;0;1;1;1;
62212;202200040299;742 135;A01;2;7;0;1;2;1;1;
62213;202200040300;742 136;A01;1;7;0;1;3;19;1;
62214;202200040301;742 131;B01;1;2;14;2;1;1;3;
62215;202200040301;742 132;A01;2;33;0;2;1;5;1;
62216;202200040301;742 134;C01;1;80;0;2;1;2;3;
62217;202200040302;742 129;B01;2;7;0;2;1;1;1;
62218;202200040302;742 133;A01;1;7;0;2;1;13;1;
62219;202200040305;742 125;B01;1;1;9;0;4;2;5;
62220;202200040305;742 126;A01;1;7;0;2;2;1;1;
62221;202200040306;742 123;B01;2;7;0;2;2;1;1;
62222;202200040306;742 124;A01;1;10;0;2;1;5;1;
62223;202200040308;742 121;A01;1;33;0;1;1;1;1;
62224;202200040309;742 120;A01;1;7;1;1;5;1;1;
62225;202200040310;742 119;A01;3;50;0;0;0;1;3;
62226;202200040311;742 117;A01;1;7;0;2;2;1;1;
62227;202200040311;742 118;B01;2;10;0;2;1;1;1;
62228;202200040312;742 114;A01;1;7;0;2;1;9;1;
62229;202200040312;742 116;B01;3;1;0;2;7;1;5;
62230;202200040314;742 111;A01;1;7;0;2;1;1;1;
62231;202200040314;742 112;Y01;0;50;0;2;7;1;3;
62232;202200040315;742 109;A01;2;50;0;2;1;17;3;
62233;202200040315;742 110;B01;2;1;0;2;8;15;5;
62234;202200040316;742 108;A01;0;7;0;1;0;12;1;
62235;202200040317;742 106;A01;0;37;0;1;1;15;0;1.0
62236;202200040318;742 107;A01;3;7;1;0;0;1;2;
62237;202200040319;742 105;A01;2;10;0;1;5;26;1;
62238;202200040320;742 102;A01;2;43;0;1;3;3;1;
62239;202200040320;742 104;B01;3;7;0;2;3;23;1;
62240;202200040321;742 099;B01;2;33;0;2;1;1;1;
62241;202200040321;742 100;A01;1;3;0;2;3;1;1;
62242;202200040322;742 101;A01;1;7;0;2;2;15;1;
62243;202200040322;742 103;B01;2;1;0;2;1;1;5;
62244;202200040324;742 095;B01;0;7;0;2;1;15;1;
62245;202200040324;742 096;A01;0;30;0;2;3;1;1;
62246;202200040325;742 093;A01;2;32;0;0;0;1;1;
62247;202200040327;742 091;A01;2;32;1;0;8;26;1;
62248;202200040327;742 092;B01;2;7;1;0;0;0;1;
62249;202200040328;742 088;B01;3;32;0;2;7;17;1;
62250;202200040328;742 089;A01;3;10;0;2;8;15;1;
62251;202200040329;742 087;A01;1;10;0;2;8;1;1;
62252;202200040329;742 090;B01;0;37;0;2;1;1;1;2.0
62253;202200040330;742 085;A01;3;7;0;2;0;12;1;
62254;202200040330;742 086;B01;3;32;0;2;2;2;1;
62255;202200040331;742 082;A01;3;7;0;2;2;1;1;
62256;202200040331;742 084;B01;3;7;0;2;3;0;1;
62257;202200040332;742 081;A01;1;1;0;2;1;1;5;
62258;202200040332;742 083;B01;1;7;0;2;3;1;1;
62259;202200040333;742 080;A01;1;7;0;1;3;1;1;
62260;202200040334;742 075;D01;2;7;0;2;1;2;1;
62261;202200040334;742 076;C01;2;7;0;2;1;2;1;
62262;202200040334;742 077;B01;2;7;0;0;4;2;1;
62263;202200040334;742 079;A01;2;7;0;2;1;2;1;
62264;202200040335;742 078;A01;1;7;0;1;2;1;1;
62265;202200040336;742 074;A01;2;7;15;0;1;0;1;
62266;202200040338;742 072;B01;1;7;0;2;5;2;1;
62267;202200040338;742 073;A01;1;30;0;2;1;2;3;
62268;202200040339;742 069;A01;1;7;8;0;2;14;1;
62269;202200040340;742 066;A01;1;7;0;1;2;1;1;
62270;202200040341;742 067;A01;1;7;0;2;1;16;1;
62271;202200040341;742 068;B01;1;50;0;2;8;1;3;
62272;202200040342;742 064;A01;3;7;0;2;3;5;1;
62273;202200040342;742 065;B01;3;7;0;2;3;1;1;
62274;202200040343;742 060;A01;1;30;0;2;7;17;1;
62275;202200040343;742 063;B01;1;7;0;2;8;15;1;
62276;202200040344;742 059;A01;3;7;0;1;3;1;1;
62277;202200040345;742 058;A01;2;99;13;0;0;14;1;
62278;202200040346;742 057;A01;0;7;6;0;1;19;1;
62279;202200040347;742 055;A01;2;7;0;0;6;1;1;
62280;202200040347;742 056;B01;2;33;0;0;1;1;1;
62281;202200040348;742 054;A01;2;7;13;0;9;14;1;
62282;202200040349;742 053;A01;1;7;0;1;8;21;2;
62283;202200040350;742 051;A01;3;31;0;6;3;1;1;
62284;202200040351;742 050;A01;1;7;0;2;1;15;1;
62285;202200040351;742 052;B01;1;2;0;2;8;1;1;
62286;202200040352;742 044;B01;2;7;0;2;1;26;1;
62287;202200040352;742 045;A01;1;7;0;2;1;13;1;
62288;202200040353;742 043;A01;1;7;0;1;1;15;1;
62289;202200040354;742 038;A01;1;30;0;2;1;5;1;
62290;202200040354;742 040;B01;2;7;0;2;3;1;1;
62291;202200040355;742 037;A01;1;10;0;2;1;1;1;
62292;202200040355;742 039;B01;1;32;0;2;4;23;1;
62293;202200040355;742 041;C01;1;10;0;2;4;23;3;
62294;202200040355;742 042;D01;1;7;0;0;0;15;1;
62295;202200040357;742 034;A01;0;7;0;2;1;1;1;
62296;202200040357;742 035;B01;0;7;0;2;7;1;1;
62297;202200040358;742 033;A01;1;7;0;1;1;15;1;
62298;202200040359;742 032;A01;1;1;0;0;0;1;5;
62299;202200040360;742 031;A01;3;30;0;2;1;1;1;
62300;202200040361;742 029;A01;1;33;0;0;1;26;1;
62301;202200040362;742 028;A01;2;7;0;2;5;15;1;
62302;202200040362;742 030;B01;1;7;0;2;1;1;1;
62303;202200040363;742 027;A01;1;10;6;0;2;0;1;
62304;202200040364;742 026;A01;2;7;13;0;1;1;1;
62305;202200040365;742 023;A01;2;33;0;2;1;26;1;
62306;202200040365;742 025;B01;2;10;0;0;5;15;1;
62307;202200040366;742 022;B01;1;7;0;2;3;1;1;
62308;202200040366;742 024;A01;2;7;0;2;3;13;1;
62309;202200040367;742 020;A01;0;10;8;0;1;1;1;
62310;202200040368;742 019;B01;1;7;0;2;3;15;1;
62311;202200040368;742 021;A01;1;31;0;2;1;17;1;
62312;202200040369;742 017;B01;2;7;0;2;1;1;1;
62313;202200040369;742 018;A01;1;30;0;2;3;15;1;
62314;202200040370;742 015;B01;2;34;0;2;3;1;1;
62315;202200040370;742 016;A01;2;7;0;2;2;12;1;
62316;202200040371;742 014;A01;1;50;0;1;1;25;3;
62317;202200040372;742 009;D01;2;10;0;2;1;2;1;
62318;202200040372;742 011;C01;2;7;0;2;4;2;1;
62319;202200040372;742 012;B01;2;7;0;2;4;2;1;
62320;202200040372;742 013;A01;2;10;0;0;4;21;1;
62321;202200040373;742 010;A01;1;33;0;9;1;3;1;
62322;202200040374;742 008;A01;2;7;13;0;9;1;1;
62323;202200040375;742 004;C01;1;7;0;2;6;1;2;
62324;202200040375;742 006;B01;1;7;0;2;5;1;1;
62325;202200040375;742 007;A01;1;43;0;2;1;3;1;
62326;202200040376;742 000;C01;2;7;0;2;4;1;1;
62327;202200040376;742 002;B01;2;17;0;2;1;1;1;
62328;202200040376;742 003;A01;2;7;0;2;0;17;1;
62329;202200040377;741 999;B01;1;7;0;2;8;11;1;
62330;202200040377;742 001;A01;1;33;0;2;7;11;1;
62331;202200040378;741 998;A01;2;7;0;1;8;1;1;
62332;202200040379;741 996;B01;2;10;0;2;4;1;1;
62333;202200040379;741 997;A01;2;33;0;2;3;3;1;
62334;202200040382;741 988;A01;3;7;0;2;8;19;1;
62335;202200040382;741 990;B01;1;7;0;2;1;1;1;
62336;202200040383;741 989;A01;2;7;0;2;5;1;1;
62337;202200040383;741 992;B01;2;30;0;2;1;1;1;
62338;202200040384;741 987;A01;2;7;0;1;1;1;1;
62339;202200040385;741 985;B01;1;31;0;2;7;2;1;
62340;202200040385;741 986;A01;1;7;0;2;8;15;1;
62341;202200040386;741 982;C01;3;7;0;0;4;26;1;
62342;202200040386;741 983;B01;3;7;0;2;4;26;1;
62343;202200040386;741 984;A01;3;7;0;2;1;26;1;
62344;202200040387;741 981;A01;2;37;6;1;1;15;3;5.0
62345;202200040388;741 978;C01;1;7;0;1;1;2;1;
62346;202200040388;741 979;B01;1;7;0;1;1;2;1;
62347;202200040388;741 980;A01;1;7;0;1;2;21;1;
62348;202200040390;741 974;A01;1;7;13;0;1;10;1;
62349;202200040391;741 972;A01;1;7;0;2;3;13;1;
62350;202200040391;741 973;B01;2;7;0;2;3;1;1;
62351;202200040392;741 975;A01;2;30;1;0;1;14;1;
62352;202200040393;741 971;A01;1;3;11;0;0;1;1;
62353;202200040394;741 966;A01;1;7;11;0;9;1;1;
62354;202200040395;741 965;A01;1;33;0;0;1;14;1;
62355;202200040396;741 963;A01;2;10;0;2;1;1;1;
62356;202200040396;741 964;B01;2;7;0;2;4;1;1;
62357;202200040398;741 961;B01;2;7;0;2;4;2;1;
62358;202200040398;741 962;A01;2;7;0;2;1;2;1;
62359;202200040399;741 957;C01;1;2;0;2;0;1;1;
62360;202200040399;741 959;B01;1;2;0;2;1;1;1;
62361;202200040399;741 960;A01;2;7;0;2;3;15;1;
62362;202200040400;741 955;B01;2;7;0;2;4;2;2;
62363;202200040400;741 956;C01;2;17;0;2;4;2;1;
62364;202200040400;741 958;A01;2;7;0;2;1;2;1;
62365;202200040401;741 954;A01;2;7;6;0;1;15;1;
62366;202200040402;741 953;A01;2;80;12;1;1;1;3;
62367;202200040403;741 951;A01;2;14;0;2;2;1;1;
62368;202200040403;741 952;B01;2;2;0;2;3;1;1;
62369;202200040406;741 947;A01;1;1;0;1;8;1;5;
62370;202200040407;741 946;A01;2;1;7;0;1;7;5;
62371;202200040408;741 945;A01;1;10;0;1;3;15;1;
62372;202200040409;741 943;B01;2;34;0;2;3;1;1;
62373;202200040409;741 944;A01;2;50;0;2;5;15;3;
62374;202200040410;741 941;A01;3;1;0;2;3;18;5;
62375;202200040410;741 942;B01;1;7;0;2;2;1;1;
62376;202200040411;741 940;A01;2;7;1;0;2;14;1;
62377;202200040413;741 937;B01;1;1;0;2;7;19;5;
62378;202200040413;741 938;A01;1;7;0;2;3;1;1;
62379;202200040415;741 934;A01;2;43;0;2;0;15;1;
62380;202200040415;741 935;B01;2;7;0;2;3;1;2;
62381;202200040416;741 932;B01;3;7;0;2;7;1;1;
62382;202200040416;741 933;A01;3;30;0;2;7;2;1;
62383;202200040418;741 928;B01;1;7;0;2;8;1;1;
62384;202200040418;741 931;A01;1;10;0;2;1;1;3;
62385;202200040419;741 927;B01;3;50;0;2;1;1;3;
62386;202200040419;741 929;A01;3;7;0;2;1;1;1;
62387;202200040420;741 924;B01;2;2;0;2;1;1;1;
62388;202200040420;741 925;A01;1;7;0;2;2;15;1;
62389;202200040421;741 921;C01;2;7;0;2;3;24;1;
62390;202200040421;741 922;B01;1;7;0;2;8;15;1;
62391;202200040421;741 923;A01;1;10;0;2;2;17;1;
62392;202200040423;741 912;A01;1;7;0;2;2;10;1;
62393;202200040423;741 915;B01;2;10;0;2;1;2;1;
62394;202200040423;741 916;C01;1;7;0;2;3;2;1;
62395;202200040423;741 919;D01;1;7;0;2;8;0;1;
62396;202200040423;741 920;E01;1;7;0;0;0;0;1;
62397;202200040424;741 913;A01;2;7;0;1;1;15;1;
62398;202200040426;741 910;A01;1;30;1;0;7;1;1;
62399;202200040426;741 911;B01;1;7;0;2;8;24;1;
62400;202200040427;741 914;A01;1;7;0;2;3;1;1;
62401;202200040427;741 918;B01;2;7;0;2;1;1;1;
62402;202200040427;741 926;C01;1;7;0;2;1;1;1;
62403;202200040428;741 907;A01;3;10;8;0;1;5;1;
62404;202200040429;741 906;B01;3;50;0;0;0;0;3;
62405;202200040429;741 908;A01;3;10;0;2;0;16;1;
62406;202200040430;741 900;A01;0;7;0;2;8;1;1;
62407;202200040430;741 903;B01;0;7;0;2;2;1;1;
62408;202200040431;741 899;B01;3;2;0;2;1;1;3;
62409;202200040431;741 902;A01;3;10;0;2;3;9;1;
62410;202200040432;741 895;Z01;0;7;0;2;2;1;0;
62411;202200040432;741 898;A01;3;30;0;2;3;15;1;
62412;202200040433;741 896;A01;2;7;0;2;3;13;1;
62413;202200040433;741 897;B01;2;33;0;2;1;2;1;
62414;202200040435;741 890;B01;1;7;0;2;6;16;0;
62415;202200040435;741 892;A01;1;43;0;2;1;7;0;
62416;202200040436;741 891;A01;1;7;0;2;1;26;1;
62417;202200040436;741 893;B01;1;31;0;2;4;23;3;
62418;202200040437;741 889;A01;1;7;15;0;1;25;1;
62419;202200040438;741 888;A01;1;30;0;0;1;16;3;
62420;202200040439;741 885;A01;1;33;0;0;8;1;1;
62421;202200040440;741 884;A01;1;33;0;2;2;17;1;
62422;202200040440;741 886;B01;1;7;0;2;3;17;1;
62423;202200040441;741 887;A01;1;2;6;0;1;1;1;
62424;202200040442;741 881;A01;2;7;0;2;3;1;1;
62425;202200040442;741 883;B01;1;50;0;2;1;1;3;
62426;202200040443;741 882;A01;1;30;12;0;0;0;1;
62427;202200040444;741 876;A01;1;7;0;2;7;0;1;
62428;202200040444;741 879;B01;2;33;0;2;1;0;1;
62429;202200040445;741 875;B01;2;7;0;2;1;1;1;
62430;202200040445;741 877;C01;1;1;0;2;3;11;5;
62431;202200040446;741 871;B01;2;50;0;2;8;1;3;
62432;202200040446;741 873;A01;2;7;0;9;7;14;1;
62433;202200040447;741 870;A01;1;7;0;2;1;0;1;
62434;202200040447;741 872;B01;1;10;1;0;4;1;1;
62435;202200040448;741 874;C01;1;7;0;2;2;1;1;
62436;202200040448;741 878;B01;2;7;0;2;1;1;1;
62437;202200040448;741 880;A01;1;7;0;2;1;13;1;
62438;202200040449;741 869;A01;3;7;0;1;1;1;1;
62439;202200040451;741 865;B01;2;32;0;2;8;1;1;
62440;202200040451;741 867;A01;1;10;0;2;2;10;1;
62441;202200040452;741 862;B01;2;32;0;2;8;1;3;
62442;202200040452;741 863;A01;2;7;0;2;5;14;2;
62443;202200040453;741 864;B01;2;7;0;2;3;1;1;
62444;202200040453;741 866;A01;1;10;0;2;3;13;1;
62445;202200040454;741 861;A01;1;7;3;0;9;1;1;
62446;202200040455;741 859;B01;2;7;0;2;5;2;1;
62447;202200040455;741 860;A01;3;33;12;2;2;2;1;
62448;202200040456;741 857;A01;1;10;0;1;4;4;1;
62449;202200040458;741 854;B01;1;50;9;2;1;1;3;
62450;202200040458;741 855;Z01;2;7;9;2;3;1;2;
62451;202200040459;741 852;A01;2;1;0;2;1;5;5;
62452;202200040459;741 853;B01;1;7;0;2;1;17;1;
62453;202200040460;741 851;A01;2;7;0;2;1;2;1;
62454;202200040460;741 858;B01;2;17;0;2;4;0;1;