;Num_Acc;id_vehicule;num_veh;senc;catv;obs;obsm;choc;manv;motor;occutc
62455;202200040461;741 848;A01;2;7;6;0;3;1;1;
62456;202200040462;741 847;A01;2;7;0;2;1;1;1;
62457;202200040462;741 849;B01;2;7;0;2;9;1;1;
62458;202200040462;741 850;C01;2;7;0;0;4;1;1;
62459;202200040463;741 844;A01;2;2;5;0;2;1;1;
62460;202200040464;741 843;B01;1;7;0;0;4;1;1;
62461;202200040464;741 846;A01;1;33;0;2;1;1;1;
62462;202200040465;741 842;A01;2;33;13;0;1;0;1;
62463;202200040466;741 845;A01;1;80;0;1;3;5;3;
62464;202200040467;741 841;A01;1;1;0;0;1;1;5;
62465;202200040468;741 838;B01;0;7;0;0;1;15;1;
62466;202200040468;741 840;A01;0;33;0;2;1;1;1;
62467;202200040469;741 836;A01;1;7;0;2;1;0;1;
62468;202200040469;741 839;B01;1;10;0;0;4;0;1;
62469;202200040470;741 834;B01;3;7;0;2;3;13;1;
62470;202200040470;741 835;A01;3;33;0;2;3;3;1;
62471;202200040471;741 837;A01;1;7;2;0;1;2;1;
62472;202200040472;741 833;A01;3;7;15;0;0;1;1;
62473;202200040474;741 828;B01;2;2;0;2;1;9;1;
62474;202200040474;741 831;A01;1;7;0;2;2;1;1;
62475;202200040475;741 826;B01;2;21;0;2;4;1;1;
62476;202200040475;741 830;A01;2;7;0;2;1;1;1;
62477;202200040476;741 827;B01;2;10;0;2;5;1;1;
62478;202200040476;741 829;A01;2;33;0;2;1;2;1;
62479;202200040477;741 825;A01;2;7;6;0;2;1;1;
62480;202200040478;741 821;A01;0;7;2;0;1;1;1;
62481;202200040480;741 823;A01;2;43;4;0;0;0;1;
62482;202200040481;741 819;A01;1;33;2;6;1;17;1;
62483;202200040482;741 816;A01;1;7;0;1;7;1;1;
62484;202200040483;741 815;B01;2;7;0;0;6;1;1;
62485;202200040483;741 817;A01;2;7;0;2;2;17;1;
62486;202200040484;741 814;A01;2;2;0;0;8;1;1;
62487;202200040485;741 813;A01;2;7;0;2;3;19;1;
62488;202200040485;741 818;B01;1;14;0;2;2;1;1;
62489;202200040486;741 811;A01;1;7;17;0;3;0;1;
62490;202200040486;741 812;B01;2;7;0;0;8;1;0;
62491;202200040487;741 810;A01;2;7;2;0;1;1;1;
62492;202200040488;741 808;A01;2;7;16;0;1;1;1;
62493;202200040489;741 806;B01;2;7;0;2;3;15;1;
62494;202200040489;741 809;A01;2;31;0;2;2;17;1;
62495;202200040490;741 805;A01;3;36;0;0;9;21;1;
62496;202200040491;741 807;A01;1;7;0;1;1;1;1;
62497;202200040492;741 804;A01;1;33;8;0;0;1;1;
62498;202200040493;741 803;A01;1;32;0;0;8;15;1;
62499;202200040494;741 801;A01;2;10;0;1;2;1;1;
62500;202200040495;741 802;A01;3;10;2;0;2;1;1;
62501;202200040496;741 800;A01;2;7;13;0;1;1;1;
62502;202200040497;741 799;A01;2;7;8;0;3;1;1;
62503;202200040498;741 798;A01;1;7;0;1;1;1;1;
62504;202200040500;741 793;A01;1;33;0;2;1;1;1;
62505;202200040500;741 795;B01;1;7;0;0;6;15;1;
62506;202200040501;741 792;B01;1;7;13;0;4;9;1;
62507;202200040501;741 797;A01;1;7;0;2;1;17;1;
62508;202200040502;741 789;A01;2;33;0;2;7;1;1;
62509;202200040502;741 791;B01;1;7;0;2;1;15;1;
62510;202200040503;741 787;A01;1;33;2;0;8;1;1;
62511;202200040504;741 788;B01;2;7;0;2;1;15;0;
62512;202200040504;741 790;A01;1;7;0;2;1;1;0;
62513;202200040505;741 785;B01;2;7;0;2;3;1;1;
62514;202200040505;741 786;A01;1;7;0;2;3;13;1;
62515;202200040506;741 780;B01;1;17;0;2;3;1;1;
62516;202200040506;741 783;A01;2;7;3;2;8;13;1;
62517;202200040507;741 782;B01;2;7;0;2;6;15;2;
62518;202200040507;741 784;A01;2;33;0;2;2;17;1;
62519;202200040508;741 779;A01;1;7;0;2;1;13;1;
62520;202200040508;741 781;B01;2;7;0;2;1;1;1;
62521;202200040509;741 778;A01;1;7;8;0;1;14;1;
62522;202200040510;741 776;A01;2;10;0;1;5;4;1;
62523;202200040513;741 774;A01;2;7;0;1;1;16;1;
62524;202200040514;741 773;A01;3;7;15;0;8;1;1;
62525;202200040515;741 771;A01;1;33;3;0;7;15;1;
62526;202200040517;741 765;A01;1;10;0;2;7;19;1;
62527;202200040517;741 768;B01;1;1;0;2;1;1;5;
62528;202200040518;741 764;B01;1;33;0;2;8;9;1;
62529;202200040518;741 767;A01;1;7;0;2;7;1;1;
62530;202200040520;741 760;B01;2;7;0;2;1;1;1;
62531;202200040520;741 762;A01;1;7;0;2;1;13;1;
62532;202200040521;741 759;B01;1;7;0;2;6;1;1;
62533;202200040521;741 761;A01;1;7;0;2;2;1;1;
62534;202200040522;741 757;A01;2;7;13;0;1;1;1;
62535;202200040523;741 756;B01;1;7;0;2;1;1;1;
62536;202200040523;741 758;A01;1;7;0;2;4;1;1;
62537;202200040524;741 753;B01;1;33;0;2;7;17;1;
62538;202200040524;741 755;A01;1;7;0;2;8;15;2;
62539;202200040525;741 752;B01;2;7;0;0;0;0;1;
62540;202200040525;741 754;A01;1;31;0;0;8;0;1;
62541;202200040526;741 749;A01;2;7;0;2;3;2;1;
62542;202200040526;741 751;B01;2;10;0;2;5;2;1;
62543;202200040527;741 748;A01;2;7;2;0;2;0;1;
62544;202200040528;741 747;B01;2;7;0;2;2;1;1;
62545;202200040528;741 750;A01;2;7;0;2;3;11;1;
62546;202200040529;741 745;A01;2;33;0;0;7;1;1;
62547;202200040530;741 746;A01;1;7;3;0;7;14;1;
62548;202200040531;741 744;A01;1;7;0;1;2;1;1;
62549;202200040532;741 741;A01;1;1;0;2;1;1;5;
62550;202200040532;741 743;Z01;0;7;0;2;7;22;0;
62551;202200040533;741 738;A01;1;7;0;2;3;13;1;
62552;202200040533;741 742;B01;1;33;0;0;1;17;1;
62553;202200040534;741 736;A01;0;7;2;0;1;1;1;
62554;202200040535;741 737;A01;2;7;14;0;1;2;1;
62555;202200040535;741 739;B01;2;10;14;0;3;1;1;
62556;202200040535;741 740;C01;2;7;4;0;3;1;1;
62557;202200040536;741 733;B01;3;2;0;0;6;23;1;
62558;202200040536;741 735;A01;3;2;1;0;1;17;1;
62559;202200040537;741 732;A01;2;7;13;0;1;1;1;
62560;202200040538;741 731;A01;3;38;0;2;8;1;1;1.0
62561;202200040538;741 734;B01;3;33;0;2;8;1;1;
62562;202200040539;741 728;A01;1;34;14;0;1;13;1;
62563;202200040541;741 726;A01;1;33;0;0;0;0;1;
62564;202200040541;741 729;B01;1;37;0;2;8;1;1;1.0
62565;202200040541;741 730;T01;1;7;14;0;0;2;1;
62566;202200040542;741 723;A01;1;7;13;0;2;1;1;
62567;202200040543;741 724;A01;2;7;0;2;8;13;1;
62568;202200040543;741 725;B01;2;34;0;2;3;1;1;
62569;202200040544;741 720;A01;2;7;0;2;7;15;1;
62570;202200040544;741 722;B01;1;33;0;2;1;1;1;
62571;202200040545;741 719;B01;1;33;0;2;7;1;0;
62572;202200040545;741 721;A01;1;7;0;2;6;11;0;
62573;202200040546;741 714;B01;2;30;0;2;1;1;1;
62574;202200040546;741 717;A01;1;7;0;2;2;15;1;
62575;202200040547;741 715;A01;2;7;0;2;3;15;1;
62576;202200040547;741 718;B01;1;1;0;0;8;1;5;
62577;202200040548;741 711;B01;1;33;0;2;8;3;1;
62578;202200040548;741 713;A01;1;7;0;2;5;12;1;
62579;202200040549;741 712;B01;2;7;0;2;3;15;1;
62580;202200040549;741 716;A01;2;50;0;2;1;1;3;
62581;202200040550;741 710;A01;3;1;0;0;0;1;5;
62582;202200040551;741 709;A01;0;7;0;0;1;0;1;
62583;202200040552;741 707;A01;1;31;3;0;9;2;1;
62584;202200040553;741 703;A01;1;33;5;2;3;17;1;
62585;202200040553;741 706;B01;2;7;0;2;3;1;1;
62586;202200040554;741 702;A01;2;1;0;2;1;15;5;
62587;202200040554;741 705;B01;1;7;0;2;7;23;1;
62588;202200040555;741 704;B01;3;1;0;2;1;2;5;
62589;202200040555;741 708;A01;3;7;0;9;1;16;1;
62590;202200040556;741 701;A01;1;13;0;1;7;1;1;
62591;202200040558;741 696;B01;3;7;13;2;6;19;1;
62592;202200040558;741 700;A01;1;33;0;2;1;1;1;
62593;202200040559;741 695;B01;3;2;0;2;1;1;1;
62594;202200040559;741 698;A01;3;10;0;2;4;26;1;
62595;202200040560;741 693;A01;3;7;0;2;1;1;2;
62596;202200040560;741 697;B01;3;7;0;2;5;1;1;
62597;202200040561;741 692;A01;1;7;0;2;1;5;1;
62598;202200040561;741 694;B01;2;7;0;2;1;1;3;
62599;202200040562;741 690;A01;2;7;0;1;1;2;1;
62600;202200040563;741 688;A01;2;10;0;2;3;13;1;
62601;202200040563;741 691;B01;1;10;0;2;3;1;1;
62602;202200040564;741 686;B01;3;7;0;2;3;1;1;
62603;202200040564;741 689;A01;3;34;0;2;1;1;1;
62604;202200040565;741 685;B01;2;7;0;2;5;20;0;
62605;202200040565;741 687;A01;2;7;0;2;1;18;0;
62606;202200040566;741 681;A01;0;10;16;0;0;1;1;
62607;202200040567;741 682;B01;1;10;0;2;1;1;1;
62608;202200040567;741 683;A01;1;10;0;2;7;1;1;
62609;202200040568;741 680;B01;1;7;0;2;4;2;1;
62610;202200040568;741 684;A01;1;33;0;2;1;2;1;
62611;202200040569;741 679;A01;2;50;1;0;1;1;3;
62612;202200040570;741 678;A01;1;7;0;0;9;1;1;
62613;202200040571;741 676;A01;1;10;0;1;0;15;1;
62614;202200040572;741 675;A01;2;17;0;9;7;2;1;
62615;202200040572;741 677;B01;2;1;12;2;8;1;5;
62616;202200040573;741 672;A01;2;7;0;0;9;2;1;
62617;202200040575;741 668;A01;2;7;0;2;1;13;1;
62618;202200040575;741 670;B01;1;99;0;2;1;1;1;
62619;202200040576;741 667;B01;1;7;0;2;1;9;0;
62620;202200040576;741 671;C01;1;2;0;2;9;0;0;
62621;202200040576;741 673;D01;1;10;0;2;3;0;1;
62622;202200040576;741 674;A01;2;7;1;0;7;26;6;
62623;202200040577;741 665;B01;2;17;0;2;4;2;1;
62624;202200040577;741 666;A01;2;7;0;2;1;2;1;
62625;202200040578;741 660;A01;2;10;0;2;4;26;1;
62626;202200040578;741 663;B01;2;31;0;2;1;23;1;
62627;202200040579;741 657;C01;2;7;0;2;1;1;1;
62628;202200040579;741 662;B01;2;7;0;2;3;1;1;
62629;202200040579;741 664;A01;2;7;4;2;2;19;1;
62630;202200040580;741 658;B01;2;10;0;2;4;1;1;
62631;202200040580;741 659;A01;2;33;0;2;1;12;1;
62632;202200040581;741 656;A01;3;7;0;2;3;15;2;
62633;202200040581;741 661;B01;2;30;0;2;1;1;1;
62634;202200040582;741 655;A01;2;7;13;0;1;13;1;
62635;202200040584;741 653;A01;1;7;0;0;1;1;1;
62636;202200040585;741 651;A01;2;7;4;0;9;1;0;
62637;202200040587;741 647;A01;2;7;0;2;1;15;1;
62638;202200040587;741 650;B01;1;1;0;2;1;1;5;
62639;202200040588;741 645;B01;2;7;0;2;8;1;1;
62640;202200040588;741 646;A01;2;33;14;2;1;16;1;
62641;202200040589;741 644;B01;1;7;0;0;5;2;2;
62642;202200040589;741 649;A01;1;7;0;2;3;2;1;
62643;202200040590;741 643;A01;0;30;1;0;1;14;1;
62644;202200040591;741 641;A01;2;33;4;0;3;2;1;
62645;202200040592;741 639;A01;1;7;3;0;9;2;1;
62646;202200040593;741 640;A01;1;7;0;2;2;15;2;
62647;202200040593;741 642;B01;2;32;0;2;1;1;3;
62648;202200040594;741 637;A01;3;39;15;1;5;26;3;
62649;202200040595;741 638;A01;1;7;0;1;1;19;1;
62650;202200040596;741 634;A01;1;34;0;1;1;1;1;
62651;202200040597;741 632;B01;1;33;0;2;3;1;1;
62652;202200040597;741 633;A01;2;10;0;2;3;17;1;
62653;202200040598;741 631;A01;3;7;8;0;1;17;1;
62654;202200040600;741 624;A01;1;43;4;2;3;18;1;
62655;202200040600;741 627;B01;1;7;0;2;2;1;1;
62656;202200040601;741 626;A01;3;7;0;1;1;1;0;
62657;202200040602;741 623;A01;1;7;0;2;1;5;1;
62658;202200040602;741 625;B01;2;7;0;2;1;1;1;
62659;202200040603;741 628;B01;3;7;1;2;2;16;1;
62660;202200040603;741 629;A01;3;50;1;0;2;16;3;
62661;202200040604;741 621;A01;2;7;0;1;2;1;1;
62662;202200040605;741 619;B01;2;7;0;9;4;23;1;
62663;202200040605;741 622;A01;2;32;0;2;1;1;1;
62664;202200040606;741 617;B01;1;33;0;2;7;17;0;
62665;202200040606;741 620;A01;3;7;0;2;2;9;1;
62666;202200040607;741 613;A01;1;30;0;2;1;2;1;
62667;202200040607;741 616;B01;1;7;0;2;6;1;1;
62668;202200040608;741 615;B01;1;7;0;2;3;1;1;
62669;202200040608;741 618;A01;-1;7;0;2;2;1;1;
62670;202200040609;741 612;A01;1;7;0;2;8;11;1;
62671;202200040609;741 614;B01;1;2;8;2;7;17;1;
62672;202200040611;741 608;A01;1;1;0;2;1;26;5;
62673;202200040611;741 610;B01;2;7;0;2;7;1;1;
62674;202200040612;741 606;A01;1;7;0;2;1;2;1;
62675;202200040612;741 607;B01;1;7;0;2;4;2;1;
62676;202200040613;741 603;B01;1;33;0;2;6;1;1;
62677;202200040613;741 605;A01;1;10;0;2;2;12;1;
62678;202200040614;741 601;A01;1;7;5;0;7;1;2;
62679;202200040615;741 602;B01;2;7;0;2;0;0;2;
62680;202200040615;741 604;A01;2;7;0;1;3;1;1;
62681;202200040616;741 600;A01;3;7;16;0;1;1;1;
62682;202200040617;741 596;B01;3;7;0;2;3;15;1;
62683;202200040617;741 599;A01;3;33;0;2;1;17;1;
62684;202200040618;741 595;B01;3;7;0;2;3;15;1;
62685;202200040618;741 598;A01;3;30;0;2;1;1;1;
62686;202200040620;741 593;B01;3;7;0;2;3;1;1;
62687;202200040620;741 597;A01;3;7;0;2;2;1;1;
62688;202200040621;741 592;A01;1;7;0;2;2;17;1;
62689;202200040621;741 594;B01;1;30;0;2;4;2;1;
62690;202200040622;741 590;A01;0;7;2;0;7;13;1;
62691;202200040624;741 587;A01;0;7;0;2;3;1;1;
62692;202200040626;741 578;E01;2;7;0;2;4;1;0;
62693;202200040626;741 581;D01;2;7;0;2;4;1;1;
62694;202200040626;741 584;C01;2;7;0;2;5;0;1;
62695;202200040626;741 585;B01;2;7;0;2;7;1;1;
62696;202200040626;741 589;A01;2;7;0;2;1;1;1;
62697;202200040627;741 579;A01;3;7;0;2;5;10;1;
62698;202200040627;741 582;B01;3;32;0;2;1;1;1;
62699;202200040628;741 577;B01;3;7;0;2;5;0;1;
62700;202200040628;741 580;A01;3;50;0;2;1;1;3;
62701;202200040630;741 575;B01;1;30;0;2;1;2;1;
62702;202200040631;741 574;A01;1;33;9;0;2;13;1;
62703;202200040632;741 570;A01;2;7;3;0;9;13;1;
62704;202200040633;741 569;A01;3;2;0;2;1;15;1;
62705;202200040633;741 572;B01;3;80;0;2;1;1;3;
62706;202200040634;741 567;A01;1;10;0;2;1;2;1;
62707;202200040634;741 568;B01;1;7;3;2;4;2;1;
62708;202200040634;741 573;C01;1;7;0;0;4;2;1;
62709;202200040635;741 565;A01;0;7;1;0;1;1;1;
62710;202200040635;741 571;C01;0;7;0;2;1;24;1;
62711;202200040636;741 563;B01;1;10;0;2;0;0;0;
62712;202200040636;741 566;A01;1;33;0;2;1;2;1;
62713;202200040637;741 562;B01;3;2;0;2;0;0;0;
62714;202200040637;741 564;A01;3;7;0;2;0;4;0;
62715;202200040638;741 560;B01;1;7;0;2;3;15;1;
62716;202200040638;741 561;A01;1;2;0;2;7;17;1;
62717;202200040639;741 559;A01;1;7;0;1;3;1;1;
62718;202200040640;741 556;B01;1;32;0;2;7;17;1;
62719;202200040640;741 558;A01;1;7;0;2;3;15;1;
62720;202200040641;741 555;B01;3;7;0;2;2;0;1;
62721;202200040641;741 557;A01;3;2;0;2;0;0;0;
62722;202200040642;741 554;A01;2;7;13;0;7;14;1;
62723;202200040643;741 552;A01;2;10;0;2;0;2;1;
62724;202200040643;741 553;B01;2;1;0;2;0;2;5;
62725;202200040645;741 550;A01;1;33;0;0;0;1;1;
62726;202200040646;741 548;A01;2;7;0;2;1;0;0;
62727;202200040646;741 549;B01;2;30;0;0;4;0;0;
62728;202200040647;741 545;B01;1;7;0;2;4;1;1;
62729;202200040647;741 547;A01;1;7;0;2;4;1;3;
62730;202200040648;741 546;A01;2;7;2;0;8;14;1;
62731;202200040649;741 543;A01;1;32;0;1;1;1;1;
62732;202200040650;741 542;A01;2;10;0;2;1;2;1;
62733;202200040650;741 544;B01;1;7;0;2;4;2;1;
62734;202200040651;741 540;A01;2;33;0;0;0;26;1;
62735;202200040652;741 538;A01;1;7;8;0;1;16;1;
62736;202200040653;741 537;A01;1;7;0;2;1;1;1;
62737;202200040653;741 541;B01;1;7;0;2;8;1;1;
62738;202200040654;741 536;B01;2;10;0;2;4;1;1;
62739;202200040654;741 539;A01;2;34;0;2;1;2;1;
62740;202200040655;741 532;A01;2;7;0;2;1;1;1;
62741;202200040655;741 535;B01;2;7;0;2;4;14;1;
62742;202200040656;741 530;A01;1;33;0;2;1;1;1;
62743;202200040656;741 534;B01;1;7;0;2;5;1;1;
62744;202200040658;741 525;V01;1;1;0;2;4;1;5;
62745;202200040658;741 529;A01;1;7;0;9;2;16;1;
62746;202200040659;741 523;B01;1;7;0;2;2;1;1;
62747;202200040659;741 527;A01;2;7;9;2;2;17;1;
62748;202200040660;741 522;B01;1;7;0;2;6;0;1;
62749;202200040660;741 526;A01;1;32;0;2;7;16;1;
62750;202200040661;741 520;A01;1;33;0;2;1;3;1;
62751;202200040661;741 521;B01;1;10;0;2;6;11;1;
62752;202200040662;741 518;A01;2;7;0;1;3;1;1;
62753;202200040663;741 517;A01;1;7;0;2;1;19;1;
62754;202200040663;741 519;B01;1;7;0;2;3;9;1;
62755;202200040664;741 513;B01;3;7;0;2;4;26;1;
62756;202200040664;741 515;A01;3;7;0;2;1;26;1;
62757;202200040665;741 512;A01;2;7;0;2;1;2;1;
62758;202200040665;741 516;B01;2;10;0;2;4;2;1;
62759;202200040666;741 510;A01;2;30;0;2;1;5;1;
62760;202200040666;741 514;B01;1;7;0;2;1;1;1;
62761;202200040667;741 509;B01;2;2;0;2;1;1;1;
62762;202200040667;741 511;A01;1;7;0;2;2;26;1;
62763;202200040668;741 500;A01;1;7;4;0;1;1;1;
62764;202200040668;741 504;B01;1;14;0;0;0;0;1;
62765;202200040668;741 505;C01;1;7;0;9;1;1;1;
62766;202200040668;741 506;D01;1;7;0;9;1;1;1;
62767;202200040668;741 508;E01;1;7;0;9;1;1;3;
62768;202200040669;741 501;A01;1;7;0;0;0;0;1;
62769;202200040670;741 499;A01;1;7;0;2;3;1;1;
62770;202200040670;741 503;B01;2;2;0;2;1;0;1;
62771;202200040671;741 498;C01;3;7;0;2;3;9;1;
62772;202200040671;741 502;B01;0;7;0;2;3;1;1;
62773;202200040671;741 507;A01;1;7;0;2;8;9;1;
62774;202200040672;741 496;A01;2;7;13;0;2;1;1;
62775;202200040673;741 492;B01;1;33;0;2;7;15;1;
62776;202200040673;741 494;A01;1;7;0;2;1;1;1;
62777;202200040674;741 491;A01;1;31;0;6;1;21;1;
62778;202200040675;741 488;C01;1;7;3;2;6;2;1;
62779;202200040675;741 489;B01;1;7;0;2;4;1;1;
62780;202200040675;741 493;A01;1;10;3;2;1;1;1;
62781;202200040676;741 487;A01;1;7;4;0;8;13;1;
62782;202200040677;741 484;A01;1;7;4;0;8;13;1;
62783;202200040678;741 482;A01;2;10;0;1;1;1;1;
62784;202200040679;741 483;A01;1;32;8;2;1;18;1;
62785;202200040679;741 485;B01;1;7;0;2;7;16;1;
62786;202200040680;741 481;A01;2;2;0;1;2;14;1;
62787;202200040681;741 479;A01;2;7;0;2;8;24;1;
62788;202200040681;741 480;B01;2;1;1;0;1;1;5;
62789;202200040682;741 474;A01;1;7;9;2;6;13;1;
62790;202200040682;741 478;B01;1;7;0;2;1;2;1;
62791;202200040683;741 475;A01;1;1;0;2;8;17;5;
62792;202200040683;741 476;B01;1;7;0;2;2;17;1;
62793;202200040684;741 472;B01;1;7;0;2;2;1;1;
62794;202200040684;741 477;A01;1;10;0;2;1;9;1;
62795;202200040685;741 471;A01;3;7;0;2;0;0;0;
62796;202200040685;741 473;B01;3;1;0;2;7;0;5;
62797;202200040686;741 470;A01;1;30;0;1;1;26;3;
62798;202200040687;741 465;A01;0;33;0;2;1;1;1;
62799;202200040687;741 467;B01;0;1;0;2;8;19;5;
62800;202200040688;741 464;A01;2;7;0;2;3;9;1;
62801;202200040688;741 469;B01;1;1;0;2;1;1;5;
62802;202200040689;741 462;B01;2;30;0;2;1;1;1;
62803;202200040689;741 466;A01;1;7;0;2;7;26;1;
62804;202200040691;741 460;A01;1;40;0;1;2;1;3;
62805;202200040692;741 459;A01;0;10;0;1;1;1;1;
62806;202200040693;741 458;A01;3;30;13;0;1;21;1;
62807;202200040694;741 454;C01;1;14;0;2;8;1;1;
62808;202200040694;741 456;B01;1;10;0;2;5;2;1;
62809;202200040694;741 457;A01;1;33;0;2;1;2;1;
62810;202200040695;741 453;B01;2;31;0;2;1;1;1;
62811;202200040695;741 455;A01;1;7;0;2;3;15;1;
62812;202200040696;741 452;A01;1;7;1;1;2;1;1;
62813;202200040697;741 450;A01;3;7;0;2;1;1;1;
62814;202200040697;741 451;B01;3;7;0;2;4;23;1;
62815;202200040698;741 448;A01;1;30;1;0;1;1;3;
62816;202200040699;741 447;A01;3;33;0;0;8;1;1;
62817;202200040700;741 446;B01;1;7;0;2;3;0;1;
62818;202200040700;741 449;A01;1;2;11;2;3;6;1;
62819;202200040701;741 444;A01;1;33;3;0;7;14;1;
62820;202200040702;741 443;A01;3;7;0;2;1;0;1;
62821;202200040702;741 445;B01;0;30;0;2;7;0;1;
62822;202200040703;741 441;A01;1;31;13;0;1;1;1;
62823;202200040704;741 440;A01;1;10;0;2;1;16;0;
62824;202200040704;741 442;B01;2;2;0;2;1;1;0;
62825;202200040705;741 438;Z01;2;7;0;2;0;0;0;
62826;202200040705;741 439;A01;1;32;0;2;8;1;1;
62827;202200040706;741 437;A01;3;33;13;0;8;1;1;
62828;202200040707;741 434;B01;2;37;0;2;3;1;2;1.0
62829;202200040707;741 436;A01;1;7;0;2;3;13;1;
62830;202200040708;741 432;A01;2;10;0;2;1;2;1;
62831;202200040708;741 435;B01;2;7;0;2;4;2;1;
62832;202200040709;741 431;A01;3;7;0;2;8;17;1;
62833;202200040709;741 433;B01;3;33;0;2;7;17;1;
62834;202200040710;741 430;A01;2;33;0;2;8;2;1;
62835;202200040711;741 429;A01;1;33;0;1;0;17;1;
62836;202200040713;741 425;B01;3;7;0;9;3;26;1;
62837;202200040713;741 427;A01;3;31;0;2;4;18;1;
62838;202200040715;741 422;A01;2;30;9;0;1;14;1;
62839;202200040716;741 421;A01;3;7;0;2;6;15;1;
62840;202200040716;741 424;B01;3;33;0;2;1;17;0;
62841;202200040717;741 418;B01;1;7;0;2;6;1;1;
62842;202200040717;741 420;A01;1;33;0;2;2;17;1;
62843;202200040718;741 419;A01;1;7;12;0;3;13;1;
62844;202200040719;741 416;A01;2;2;8;0;2;14;1;
62845;202200040720;741 415;B01;2;7;0;2;6;1;2;
62846;202200040720;741 417;A01;2;33;0;2;1;16;1;
62847;202200040721;741 414;A01;1;2;0;0;0;1;1;
62848;202200040722;741 413;A01;1;7;1;0;2;1;1;
62849;202200040723;741 412;A01;2;7;13;0;2;14;1;
62850;202200040724;741 409;A01;2;7;0;2;6;2;1;
62851;202200040724;741 411;B01;2;7;0;2;1;14;1;
62852;202200040725;741 407;B01;2;33;0;2;3;1;1;
62853;202200040725;741 410;A01;2;7;0;2;7;19;1;
62854;202200040726;741 406;A01;3;33;0;2;7;2;1;
62855;202200040726;741 408;B01;3;7;0;2;7;2;1;
62856;202200040727;741 405;A01;2;7;2;0;1;1;1;
62857;202200040728;741 403;A01;3;3;0;2;2;9;1;
62858;202200040728;741 404;B01;2;32;0;2;1;1;1;
62859;202200040729;741 400;A01;3;80;0;0;8;14;3;
62860;202200040731;741 397;B01;3;13;0;2;4;24;1;
62861;202200040731;741 401;A01;1;1;1;2;4;23;5;
62862;202200040732;741 394;A01;1;7;0;2;1;2;1;
62863;202200040732;741 395;B01;1;7;0;2;4;2;0;
62864;202200040732;741 396;C01;1;7;0;2;4;2;1;
62865;202200040732;741 398;D01;1;7;0;2;4;2;1;
62866;202200040733;741 393;A01;2;1;0;0;1;14;5;
62867;202200040734;741 390;A01;3;7;15;0;2;13;1;
62868;202200040735;741 392;A01;3;7;0;1;1;1;1;
62869;202200040736;741 391;A01;1;99;1;1;1;1;3;
62870;202200040737;741 389;A01;1;7;9;0;3;13;1;
62871;202200040738;741 387;A01;1;33;13;0;1;0;1;
62872;202200040739;741 383;A01;1;30;0;0;7;1;3;
62873;202200040740;741 384;B01;3;7;0;2;8;1;1;
62874;202200040740;741 386;A01;3;7;0;2;1;15;1;
62875;202200040741;741 379;A01;2;7;0;1;3;15;1;
62876;202200040743;741 375;A01;2;7;0;2;4;2;2;
62877;202200040743;741 378;B01;2;7;0;2;4;2;1;
62878;202200040743;741 381;C01;2;10;0;2;4;2;1;
62879;202200040743;741 382;D01;2;7;0;2;4;2;1;
62880;202200040743;741 385;E01;2;7;0;2;4;2;1;
62881;202200040743;741 388;F01;2;7;0;2;4;2;1;
62882;202200040744;741 374;B01;1;10;0;0;2;1;1;
62883;202200040744;741 380;A01;1;7;0;2;1;15;1;
62884;202200040745;741 372;A01;1;7;0;1;4;26;1;
62885;202200040746;741 371;B01;2;1;0;2;2;17;5;
62886;202200040746;741 373;A01;2;7;0;2;3;11;2;
62887;202200040747;741 369;A01;1;7;2;0;2;0;1;
62888;202200040748;741 366;A01;0;10;0;2;1;1;1;
62889;202200040748;741 368;B01;0;7;0;2;4;0;1;
62890;202200040749;741 365;B01;1;10;0;2;5;1;1;
62891;202200040749;741 370;A01;1;31;0;2;1;14;1;
62892;202200040750;741 364;A01;2;7;0;2;3;1;2;
62893;202200040750;741 367;B01;2;50;0;2;2;19;3;
62894;202200040751;741 360;A01;3;7;0;0;2;9;1;
62895;202200040751;741 363;B01;3;7;0;0;3;1;1;
62896;202200040752;741 359;A01;1;7;0;1;7;1;2;
62897;202200040753;741 358;A01;1;37;0;1;2;1;4;1.0
62898;202200040754;741 354;A01;1;7;0;1;2;16;1;
62899;202200040755;741 356;A01;2;99;8;0;7;9;6;
62900;202200040756;741 353;A01;1;50;0;1;1;7;3;
62901;202200040757;741 352;A01;1;7;9;0;2;11;1;
62902;202200040757;741 355;B01;2;7;9;0;3;1;1;
62903;202200040758;741 350;A01;2;7;9;0;2;2;1;
62904;202200040759;741 345;A01;2;10;0;2;2;15;1;
62905;202200040759;741 348;B01;1;33;0;2;1;1;1;
62906;202200040760;741 344;Z01;2;30;0;2;7;17;1;
62907;202200040760;741 347;A01;2;80;0;2;8;15;3;
62908;202200040761;741 346;A01;1;7;0;2;8;15;1;
62909;202200040761;741 349;B01;2;1;0;2;1;1;5;
62910;202200040762;741 342;A01;1;7;17;0;1;1;1;
62911;202200040763;741 341;B01;3;1;0;2;8;1;5;
62912;202200040763;741 343;A01;3;32;0;9;1;1;1;
62913;202200040765;741 339;A01;1;7;0;2;3;15;1;
62914;202200040765;741 340;B01;1;1;0;2;7;1;5;