;Num_Acc;id_vehicule;num_veh;senc;catv;obs;obsm;choc;manv;motor;occutc
62915;202200040767;741 332;A01;2;7;0;2;1;1;1;
62916;202200040767;741 335;B01;1;7;0;2;1;5;1;
62917;202200040768;741 331;B01;0;50;0;2;8;19;3;
62918;202200040768;741 334;A01;1;1;0;2;1;16;5;
62919;202200040769;741 328;A01;2;10;0;2;2;17;1;
62920;202200040769;741 330;B01;2;80;0;0;6;2;3;
62921;202200040770;741 325;A01;2;7;0;2;1;15;1;
62922;202200040770;741 327;B01;1;7;0;2;3;1;1;
62923;202200040771;741 323;A01;0;7;0;2;8;19;1;
62924;202200040771;741 326;B01;0;33;0;2;1;2;1;
62925;202200040772;741 322;A01;2;7;0;2;3;15;1;
62926;202200040772;741 324;B01;1;30;0;2;1;1;1;
62927;202200040773;741 321;A01;2;7;12;0;1;1;1;
62928;202200040776;741 316;A01;1;7;0;2;2;1;1;
62929;202200040776;741 319;B01;1;7;0;2;2;1;2;
62930;202200040777;741 315;A01;0;2;0;6;1;1;1;
62931;202200040778;741 313;B01;2;7;0;2;1;0;1;
62932;202200040778;741 314;A01;1;21;0;2;3;13;1;
62933;202200040779;741 310;A01;1;32;0;2;2;18;1;
62934;202200040779;741 312;B01;1;7;0;2;6;22;1;
62935;202200040780;741 308;A01;1;10;0;2;1;2;1;
62936;202200040780;741 309;B01;1;7;4;2;4;2;1;
62937;202200040780;741 311;C01;1;7;0;2;5;17;1;
62938;202200040781;741 307;A01;3;7;0;1;3;1;1;
62939;202200040783;741 304;B01;2;33;0;2;3;15;1;
62940;202200040783;741 305;A01;2;7;0;2;2;1;1;
62941;202200040784;741 302;B01;2;7;0;2;3;13;1;
62942;202200040784;741 303;A01;1;7;0;0;8;1;1;
62943;202200040785;741 297;B01;1;7;0;0;1;0;1;
62944;202200040785;741 301;A01;2;7;0;0;1;0;1;
62945;202200040786;741 298;B01;3;50;0;2;9;5;3;
62946;202200040786;741 300;A01;1;7;0;2;3;0;1;
62947;202200040787;741 296;A01;2;7;0;2;1;15;1;
62948;202200040787;741 299;B01;2;1;0;2;7;1;5;
62949;202200040788;741 295;A01;1;33;0;0;8;14;1;
62950;202200040789;741 293;A01;1;7;13;0;1;13;0;
62951;202200040790;741 294;A01;2;7;0;1;1;1;1;
62952;202200040791;741 291;A01;2;33;0;2;8;15;1;
62953;202200040791;741 292;B01;1;1;0;2;8;1;5;
62954;202200040793;741 285;B01;1;17;0;2;3;1;1;
62955;202200040793;741 286;A01;2;7;0;2;3;13;1;
62956;202200040794;741 284;A01;2;32;0;2;1;1;1;
62957;202200040794;741 287;B01;2;1;0;2;8;1;5;
62958;202200040795;741 283;A01;3;3;8;0;9;1;1;
62959;202200040797;741 278;B01;2;30;0;2;2;23;3;
62960;202200040797;741 281;A01;2;7;0;2;3;2;1;
62961;202200040800;741 275;A01;2;10;0;1;1;1;1;
62962;202200040801;741 272;B01;2;10;0;2;3;2;1;
62963;202200040801;741 273;A01;2;7;0;0;2;1;1;
62964;202200040805;741 267;A01;3;1;0;0;1;1;5;
62965;202200040806;741 266;A01;2;7;0;2;1;15;1;
62966;202200040806;741 268;B01;2;50;0;2;8;0;3;
62967;202200040807;741 264;A01;1;7;8;0;1;1;1;
62968;202200040808;741 263;B01;-1;7;0;2;1;1;1;
62969;202200040808;741 265;A01;-1;33;0;2;1;0;1;
62970;202200040809;741 262;A01;2;7;15;0;1;1;1;
62971;202200040810;741 261;A01;2;10;0;1;1;1;1;
62972;202200040811;741 260;A01;3;17;0;0;7;26;1;
62973;202200040812;741 258;A01;0;7;0;1;1;1;1;
62974;202200040813;741 257;B01;1;2;0;2;7;1;1;
62975;202200040813;741 259;A01;1;7;0;2;7;26;1;
62976;202200040814;741 254;A01;3;7;0;1;3;9;1;
62977;202200040815;741 253;A01;2;17;0;2;1;2;1;
62978;202200040815;741 255;C01;2;17;0;2;3;2;1;
62979;202200040815;741 256;E01;2;7;0;2;2;14;1;
62980;202200040816;741 251;B01;0;7;0;2;1;1;1;
62981;202200040816;741 252;A01;0;7;0;2;4;1;1;
62982;202200040817;741 248;A01;1;7;13;0;1;1;1;
62983;202200040818;741 247;A01;2;10;0;1;3;15;1;
62984;202200040819;741 249;A01;1;33;0;0;1;17;1;
62985;202200040819;741 250;B01;1;7;0;0;4;13;1;
62986;202200040820;741 245;A01;2;7;13;0;1;14;1;
62987;202200040821;741 243;B01;0;7;0;2;2;1;1;
62988;202200040821;741 246;A01;0;7;0;2;1;5;1;
62989;202200040822;741 242;A01;1;7;14;2;8;15;1;
62990;202200040822;741 244;B01;2;1;14;2;8;1;5;
62991;202200040823;741 241;A01;3;7;2;0;3;1;1;
62992;202200040824;741 239;B01;3;1;0;2;8;5;5;
62993;202200040824;741 240;A01;3;7;0;2;1;1;1;
62994;202200040825;741 238;A01;2;40;0;1;2;1;3;
62995;202200040828;741 234;A01;1;7;0;2;1;15;1;
62996;202200040828;741 236;B01;1;7;15;2;8;1;1;
62997;202200040829;741 230;A01;2;7;0;2;1;13;1;
62998;202200040829;741 233;B01;1;7;0;2;1;1;1;
62999;202200040830;741 229;B01;3;43;0;2;1;0;1;
63000;202200040830;741 232;A01;3;7;0;2;3;0;1;
63001;202200040831;741 228;B01;0;7;0;2;2;15;1;
63002;202200040831;741 231;A01;0;1;0;2;1;0;5;
63003;202200040832;741 227;A01;2;15;3;0;3;13;1;
63004;202200040833;741 224;A01;3;7;13;0;1;1;1;
63005;202200040834;741 223;B01;1;1;0;2;5;1;5;
63006;202200040834;741 226;A01;1;7;0;2;1;16;1;
63007;202200040835;741 222;B01;1;7;8;0;0;1;1;
63008;202200040835;741 225;A01;1;7;0;2;0;1;0;
63009;202200040836;741 221;A01;3;33;13;0;2;1;1;
63010;202200040838;741 217;A01;3;7;0;1;2;1;1;
63011;202200040839;741 216;A01;2;7;0;2;3;19;1;
63012;202200040839;741 220;B01;2;31;0;2;1;1;1;
63013;202200040840;741 215;A01;1;7;13;0;2;13;1;
63014;202200040841;741 214;A01;1;33;0;6;8;1;1;
63015;202200040842;741 213;A01;1;7;2;0;1;1;1;
63016;202200040843;741 211;A01;2;7;0;2;2;15;1;
63017;202200040843;741 212;B01;1;33;0;2;3;1;1;
63018;202200040844;741 208;B01;1;7;0;2;1;1;3;
63019;202200040844;741 210;A01;2;7;0;2;1;5;1;
63020;202200040845;741 206;A01;0;33;0;2;1;1;1;
63021;202200040845;741 207;B01;0;7;0;2;3;9;1;
63022;202200040846;741 205;B01;2;7;0;2;4;2;1;
63023;202200040846;741 209;A01;2;7;0;2;1;2;1;
63024;202200040847;741 202;B01;2;3;0;2;4;1;1;
63025;202200040847;741 204;A01;2;33;0;2;1;3;1;
63026;202200040848;741 201;A01;1;7;13;0;0;1;1;
63027;202200040849;741 200;B01;2;7;0;2;1;1;1;
63028;202200040849;741 203;A01;1;7;0;2;2;15;6;
63029;202200040850;741 197;A01;1;7;6;0;1;14;1;
63030;202200040851;741 198;B01;1;7;15;2;3;0;1;
63031;202200040851;741 199;A01;2;7;0;2;3;0;1;
63032;202200040853;741 193;A01;3;7;2;0;1;14;1;
63033;202200040854;741 192;B01;1;33;0;2;8;2;1;
63034;202200040854;741 194;A01;1;7;0;0;2;1;1;
63035;202200040855;741 191;A01;2;7;8;0;1;14;1;
63036;202200040856;741 188;B01;2;17;0;2;6;1;1;
63037;202200040856;741 190;A01;2;7;0;2;7;0;1;
63038;202200040857;741 187;B01;1;7;8;2;1;1;0;
63039;202200040857;741 189;A01;3;7;3;2;3;19;1;
63040;202200040858;741 185;B01;2;33;0;2;7;1;1;
63041;202200040858;741 186;A01;2;7;0;2;6;11;1;
63042;202200040859;741 184;A01;1;7;17;0;2;0;1;
63043;202200040861;741 177;A01;1;10;0;2;9;5;1;
63044;202200040861;741 179;B01;2;7;0;2;1;1;1;
63045;202200040861;741 183;C01;1;13;0;0;8;15;1;
63046;202200040862;741 175;A01;2;33;0;0;7;1;1;
63047;202200040863;741 173;A01;1;7;0;2;1;2;1;
63048;202200040863;741 174;B01;1;7;0;2;4;2;1;
63049;202200040863;741 176;Z01;1;10;0;0;0;12;1;
63050;202200040864;741 172;A01;1;33;13;0;1;1;1;
63051;202200040865;741 181;A01;3;7;13;0;7;15;3;
63052;202200040866;741 169;A01;1;17;0;2;0;12;1;
63053;202200040866;741 171;B01;1;7;0;2;0;1;1;
63054;202200040867;741 170;A01;1;7;2;0;2;1;1;
63055;202200040868;741 167;A01;2;7;0;1;2;1;1;
63056;202200040869;741 165;A01;2;7;0;2;3;11;1;
63057;202200040869;741 168;B01;2;33;0;2;7;3;1;
63058;202200040870;741 166;A01;2;7;0;0;1;17;1;
63059;202200040871;741 163;A01;1;10;3;0;7;21;1;
63060;202200040872;741 162;B01;2;7;14;0;3;1;1;
63061;202200040872;741 164;A01;1;15;0;0;0;1;1;
63062;202200040873;741 155;A01;2;7;0;2;2;1;1;
63063;202200040873;741 157;E01;2;15;0;2;4;1;1;
63064;202200040873;741 159;D01;2;10;0;2;4;1;1;
63065;202200040873;741 160;C01;2;7;0;2;5;1;1;
63066;202200040873;741 161;B01;2;10;0;2;4;1;1;
63067;202200040874;741 156;B01;1;13;0;0;4;2;1;
63068;202200040874;741 158;A01;1;7;0;2;1;2;1;
63069;202200040875;741 151;A01;1;33;0;2;7;13;1;
63070;202200040875;741 153;B01;1;7;0;2;5;0;1;
63071;202200040876;741 149;A01;1;1;0;2;8;13;5;
63072;202200040876;741 152;B01;1;15;0;2;1;1;1;
63073;202200040877;741 148;A01;2;7;7;0;1;1;1;
63074;202200040878;741 150;B01;1;33;0;2;3;1;1;
63075;202200040878;741 154;A01;2;7;0;2;3;13;1;
63076;202200040879;741 143;C01;1;7;0;0;4;23;1;
63077;202200040879;741 145;B01;1;7;0;2;4;23;1;
63078;202200040879;741 147;A01;1;7;0;2;1;2;1;
63079;202200040880;741 144;B01;1;7;0;2;4;1;1;
63080;202200040880;741 146;A01;1;34;0;2;1;14;1;
63081;202200040882;741 139;B01;1;33;0;2;4;15;1;
63082;202200040882;741 141;A01;1;7;0;2;1;1;1;
63083;202200040883;741 142;A01;1;7;13;0;7;1;1;
63084;202200040885;741 136;A01;3;7;0;1;4;4;1;
63085;202200040886;741 135;A01;0;2;0;0;0;1;1;
63086;202200040887;741 131;B01;3;7;0;9;1;14;1;
63087;202200040887;741 133;A01;3;1;0;2;1;13;5;
63088;202200040888;741 130;A01;1;7;4;0;1;0;1;
63089;202200040888;741 132;B01;1;7;1;0;3;1;1;
63090;202200040888;741 134;C01;1;7;0;0;0;0;0;
63091;202200040889;741 129;A01;2;7;2;0;1;14;1;
63092;202200040890;741 128;A01;1;7;0;1;2;1;2;
63093;202200040891;741 125;B01;0;13;1;1;1;26;1;
63094;202200040892;741 124;B01;1;7;0;2;3;5;2;
63095;202200040892;741 127;A01;2;7;0;2;3;5;1;
63096;202200040893;741 122;C01;2;7;0;2;3;0;1;
63097;202200040893;741 123;B01;1;7;0;2;3;0;1;
63098;202200040893;741 126;A01;2;7;0;2;3;5;1;
63099;202200040894;741 120;A01;-1;7;-1;2;2;-1;-1;
63100;202200040894;741 121;B01;0;50;0;0;2;1;3;
63101;202200040895;741 117;A01;1;7;10;0;1;1;1;
63102;202200040896;741 116;A01;1;7;0;2;6;19;1;
63103;202200040896;741 119;B01;2;7;0;2;1;1;1;
63104;202200040897;741 113;A01;2;33;9;2;1;1;1;
63105;202200040897;741 115;B01;2;7;0;2;6;1;1;
63106;202200040897;741 118;Z01;1;30;0;2;8;15;0;
63107;202200040898;741 110;A01;0;7;0;2;6;15;1;
63108;202200040898;741 112;B01;2;32;0;2;1;1;1;
63109;202200040899;741 106;A01;1;7;2;0;2;14;1;
63110;202200040900;741 105;A01;2;33;8;2;1;1;1;
63111;202200040900;741 107;Z01;2;33;12;2;1;1;1;
63112;202200040901;741 108;C01;1;7;0;2;1;26;1;
63113;202200040901;741 111;B01;1;2;0;2;5;26;1;
63114;202200040901;741 114;A01;2;7;0;2;1;16;2;
63115;202200040902;741 102;B01;1;33;0;2;7;17;1;
63116;202200040902;741 104;A01;1;7;0;2;3;10;1;
63117;202200040903;741 101;A01;2;7;0;2;2;1;1;
63118;202200040903;741 103;B01;2;30;0;2;1;1;1;
63119;202200040904;741 098;B01;2;7;0;0;2;1;5;
63120;202200040904;741 100;A01;1;7;0;0;1;1;5;
63121;202200040905;741 097;A01;1;43;0;1;1;1;1;
63122;202200040906;741 099;A01;1;15;13;0;3;5;1;
63123;202200040907;741 095;A01;1;30;0;0;7;1;1;
63124;202200040908;741 093;A01;1;10;0;2;2;15;1;
63125;202200040908;741 096;B01;1;7;16;2;3;1;1;
63126;202200040910;741 089;A01;1;7;0;2;1;13;1;
63127;202200040910;741 094;B01;1;33;0;2;1;1;1;
63128;202200040911;741 088;B01;2;30;0;2;1;13;1;
63129;202200040911;741 090;A01;1;7;0;2;2;1;1;
63130;202200040912;741 086;Z01;3;7;0;2;3;15;0;
63131;202200040912;741 087;A01;3;32;0;2;5;1;1;
63132;202200040913;741 084;A01;1;7;13;0;1;1;1;
63133;202200040914;741 082;B01;1;43;0;2;4;23;1;
63134;202200040914;741 083;A01;1;7;0;2;1;2;2;
63135;202200040915;741 081;A01;1;7;6;0;1;0;1;
63136;202200040916;741 077;B01;2;10;0;2;1;1;1;
63137;202200040916;741 078;A01;1;7;0;0;5;1;1;
63138;202200040917;741 076;A01;3;32;0;2;1;18;1;
63139;202200040917;741 079;B01;3;34;0;2;5;1;1;
63140;202200040918;741 075;C01;2;7;4;0;7;1;1;
63141;202200040918;741 080;B01;2;17;0;2;2;13;1;
63142;202200040918;741 085;A01;2;15;0;2;6;18;1;
63143;202200040919;741 074;A01;0;10;0;1;4;4;1;
63144;202200040920;741 072;B01;2;7;0;2;2;15;1;
63145;202200040920;741 073;A01;1;34;0;2;1;1;1;
63146;202200040921;741 069;B01;2;7;0;2;3;1;1;
63147;202200040921;741 070;A01;1;7;0;2;3;1;1;
63148;202200040922;741 068;A01;0;7;0;0;1;9;1;
63149;202200040922;741 071;B01;3;7;0;2;1;1;1;
63150;202200040923;741 066;A01;1;7;0;2;2;22;1;
63151;202200040923;741 067;B01;1;80;0;2;1;1;3;
63152;202200040924;741 064;B01;2;7;13;2;3;1;1;
63153;202200040924;741 065;A01;1;10;0;2;3;13;1;
63154;202200040925;741 061;A01;3;7;0;2;3;15;1;
63155;202200040925;741 062;B01;3;33;0;2;2;1;1;
63156;202200040926;741 059;A01;2;7;6;0;1;1;2;
63157;202200040927;741 060;B01;0;2;0;2;1;1;1;
63158;202200040927;741 063;A01;0;7;0;0;1;15;1;
63159;202200040928;741 057;A01;2;7;13;0;9;14;1;
63160;202200040929;741 056;B01;2;33;0;2;1;1;1;
63161;202200040929;741 058;A01;2;32;0;2;6;1;1;
63162;202200040930;741 052;B01;1;7;0;0;3;2;1;
63163;202200040930;741 055;A01;1;33;0;2;1;17;1;
63164;202200040931;741 053;A01;1;7;2;0;3;1;1;
63165;202200040932;741 051;B01;2;1;0;2;2;1;5;
63166;202200040932;741 054;A01;2;10;0;2;3;22;1;
63167;202200040933;741 050;A01;3;33;1;0;1;26;1;
63168;202200040934;741 047;B01;1;7;0;2;5;15;1;
63169;202200040934;741 049;A01;2;1;0;2;5;1;5;
63170;202200040935;741 046;A01;3;2;8;0;1;0;1;
63171;202200040936;741 048;A01;2;37;0;1;2;1;1;1.0
63172;202200040937;741 045;A01;1;80;0;1;1;1;3;
63173;202200040938;741 039;B01;3;7;0;2;3;16;1;
63174;202200040938;741 042;A01;1;7;0;2;2;1;1;
63175;202200040939;741 041;A01;0;7;0;1;2;1;1;
63176;202200040940;741 040;A01;1;7;0;1;1;1;1;
63177;202200040941;741 035;Z01;1;7;0;2;1;12;1;
63178;202200040941;741 037;B01;1;31;0;2;4;1;1;
63179;202200040942;741 036;A01;1;50;0;2;1;9;3;
63180;202200040942;741 038;B01;2;1;12;2;7;1;5;
63181;202200040943;741 029;A01;3;32;0;2;1;5;1;
63182;202200040943;741 032;B01;1;50;0;2;8;9;3;
63183;202200040945;741 031;A01;3;7;0;9;3;1;1;
63184;202200040945;741 034;B01;3;1;0;2;1;1;5;
63185;202200040946;741 025;A01;1;1;0;2;1;13;5;
63186;202200040946;741 026;B01;2;1;0;2;1;1;5;
63187;202200040947;741 023;B01;2;7;4;2;1;26;1;
63188;202200040947;741 024;A01;2;43;4;2;4;26;1;
63189;202200040948;741 021;A01;2;7;0;2;3;22;1;
63190;202200040948;741 022;B01;2;1;0;2;3;1;5;
63191;202200040949;741 019;A01;3;1;0;2;7;19;5;
63192;202200040949;741 020;B01;2;7;0;9;1;1;1;
63193;202200040952;741 015;A01;1;7;0;2;6;1;1;
63194;202200040952;741 016;Z01;1;7;0;2;1;1;1;
63195;202200040953;741 013;Z01;1;7;0;2;0;1;0;
63196;202200040953;741 014;A01;1;50;0;2;8;15;3;
63197;202200040954;741 009;A01;2;7;0;2;0;0;1;
63198;202200040954;741 011;B01;2;7;0;2;4;0;1;
63199;202200040954;741 012;C01;2;7;0;2;0;0;1;
63200;202200040956;741 004;Z01;0;7;0;2;0;0;0;
63201;202200040958;740 999;A01;2;7;0;2;7;12;1;
63202;202200040958;741 000;B01;2;33;0;2;8;3;1;
63203;202200040959;740 998;A01;3;7;0;2;2;15;1;
63204;202200040959;741 002;B01;3;7;0;2;3;1;2;
63205;202200040960;740 997;A01;1;7;3;0;1;14;0;
63206;202200040961;740 996;A01;2;7;1;0;2;1;1;
63207;202200040962;741 001;A01;2;20;0;0;3;15;1;
63208;202200040962;741 005;B01;2;33;1;2;1;17;1;
63209;202200040963;740 995;A01;2;7;0;1;1;1;2;
63210;202200040964;740 993;Y01;2;50;0;2;1;1;3;
63211;202200040964;740 994;A01;2;10;0;2;2;16;1;
63212;202200040965;740 990;B01;2;7;0;2;4;23;1;
63213;202200040965;740 991;A01;2;7;0;2;1;1;1;
63214;202200040966;740 988;B01;3;1;0;2;3;15;5;
63215;202200040966;740 989;A01;3;7;0;9;2;1;1;
63216;202200040968;740 982;B01;3;10;0;2;1;1;1;
63217;202200040968;740 984;A01;3;7;0;2;7;1;1;
63218;202200040970;740 979;A01;2;7;0;2;7;12;1;
63219;202200040970;740 981;B01;2;31;0;2;3;3;1;
63220;202200040971;740 977;A01;1;7;0;2;8;15;1;
63221;202200040971;740 980;B01;1;33;0;2;2;17;1;
63222;202200040972;740 974;B01;2;10;0;2;2;1;1;
63223;202200040972;740 976;A01;2;34;0;2;1;11;1;
63224;202200040973;740 972;B01;3;1;0;2;8;13;5;
63225;202200040973;740 973;A01;3;7;0;2;7;17;1;
63226;202200040974;740 975;A01;2;33;0;2;8;13;1;
63227;202200040974;740 978;B01;1;7;0;2;2;1;1;
63228;202200040975;740 971;A01;1;7;0;1;2;16;1;
63229;202200040976;740 970;A01;0;7;0;9;4;4;1;
63230;202200040977;740 969;A01;2;7;0;1;0;26;1;
63231;202200040978;740 966;A01;1;7;0;2;3;1;1;
63232;202200040978;740 968;B01;1;32;0;2;4;1;1;
63233;202200040979;740 962;B01;2;99;16;0;0;0;0;
63234;202200040979;740 964;A01;2;34;0;2;1;17;0;
63235;202200040980;740 963;B01;1;34;0;2;4;1;1;
63236;202200040980;740 965;A01;1;33;0;2;1;3;1;
63237;202200040981;740 967;A01;1;1;0;0;9;1;5;
63238;202200040982;740 959;Y01;-1;1;0;2;8;2;5;
63239;202200040982;740 961;A01;-1;10;0;2;2;2;1;
63240;202200040983;740 958;B01;2;2;0;2;1;1;1;
63241;202200040983;740 960;A01;1;2;0;2;5;15;1;
63242;202200040984;740 954;A01;1;7;0;1;1;1;1;
63243;202200040985;740 956;B01;1;7;0;0;8;1;1;
63244;202200040985;740 957;A01;2;33;0;2;8;1;1;
63245;202200040986;740 953;B01;1;10;0;2;6;13;1;
63246;202200040986;740 955;A01;1;33;0;2;1;1;0;
63247;202200040987;740 952;A01;1;7;0;1;0;18;1;
63248;202200040989;740 951;A01;1;7;0;1;2;1;1;
63249;202200040990;740 948;A01;3;7;0;1;4;20;1;
63250;202200040991;740 942;B01;1;7;0;2;6;12;1;
63251;202200040991;740 945;A01;1;7;0;2;2;11;1;
63252;202200040992;740 943;A01;3;2;0;2;7;3;1;
63253;202200040992;740 946;B01;3;10;0;2;6;23;1;
63254;202200040992;740 947;C01;3;7;0;2;8;23;1;
63255;202200040993;740 941;A01;3;33;0;2;3;0;1;
63256;202200040993;740 944;B01;3;7;0;2;3;0;1;
63257;202200040994;740 938;A01;3;7;0;2;2;1;1;
63258;202200040994;740 939;B01;3;7;0;2;0;0;1;
63259;202200040995;740 937;B01;2;2;0;2;0;1;0;
63260;202200040995;740 940;A01;1;32;0;2;1;9;1;
63261;202200040996;740 936;A01;1;31;0;0;0;1;1;
63262;202200040997;740 934;A01;2;7;0;1;1;1;1;
63263;202200040998;740 933;B01;1;7;0;2;4;2;1;
63264;202200040998;740 935;A01;1;7;0;2;1;2;1;
63265;202200040999;740 928;A01;1;37;0;2;2;17;1;1.0
63266;202200040999;740 929;B01;1;1;0;2;7;15;5;
63267;202200041000;740 931;A01;1;32;0;2;3;5;1;
63268;202200041000;740 932;B01;2;7;0;2;3;1;1;
63269;202200041001;740 926;A01;1;7;0;1;2;1;1;
63270;202200041002;740 925;B01;1;10;0;0;3;1;1;
63271;202200041002;740 927;A01;2;2;0;2;1;3;1;
63272;202200041003;740 920;A01;0;99;0;1;2;1;1;
63273;202200041004;740 919;C01;1;7;0;2;0;0;1;
63274;202200041004;740 921;B01;1;7;0;2;0;0;1;
63275;202200041004;740 922;A01;1;1;0;2;0;0;5;
63276;202200041005;740 923;A01;1;7;0;2;2;2;1;
63277;202200041005;740 924;B01;1;1;0;2;4;2;5;
63278;202200041006;740 918;A01;0;7;0;1;2;1;0;
63279;202200041008;740 913;B01;1;2;0;2;7;2;1;
63280;202200041008;740 914;A01;1;7;0;2;3;15;1;
63281;202200041009;740 912;A01;0;7;6;0;1;1;1;
63282;202200041010;740 916;A01;2;33;13;0;1;15;1;
63283;202200041012;740 909;A01;1;7;0;1;1;1;1;
63284;202200041013;740 906;B01;3;1;0;2;6;2;5;
63285;202200041013;740 907;A01;3;7;0;2;7;17;6;
63286;202200041014;740 903;B01;3;7;0;2;4;2;1;
63287;202200041014;740 905;A01;3;7;0;2;1;2;1;
63288;202200041015;740 902;B01;1;7;0;2;1;17;1;
63289;202200041015;740 904;A01;1;7;0;2;8;15;1;
63290;202200041016;740 899;B01;0;7;0;2;0;0;1;
63291;202200041016;740 901;A01;0;7;0;2;0;0;1;
63292;202200041017;740 898;A01;1;7;0;2;3;15;1;
63293;202200041017;740 900;B01;1;10;6;2;2;2;0;
63294;202200041018;740 896;A01;3;40;0;1;2;1;3;
63295;202200041019;740 895;A01;1;99;0;1;3;15;1;
63296;202200041020;740 897;A01;1;7;0;0;9;14;1;
63297;202200041022;740 892;A01;1;50;0;1;1;1;3;
63298;202200041023;740 889;Y01;2;1;0;2;0;0;5;
63299;202200041023;740 890;A01;2;10;0;2;1;9;1;
63300;202200041024;740 887;B01;3;1;0;2;0;0;0;
63301;202200041024;740 891;A01;1;7;0;9;1;9;0;
63302;202200041025;740 884;B01;2;34;0;2;1;1;3;
63303;202200041025;740 886;A01;1;7;0;2;3;15;1;
63304;202200041026;740 885;B01;1;7;0;2;6;1;1;
63305;202200041026;740 888;A01;1;7;0;2;2;12;1;
63306;202200041027;740 883;A01;1;7;0;1;1;1;1;
63307;202200041028;740 882;A01;1;7;1;0;3;1;1;
63308;202200041029;740 879;B01;2;40;0;2;2;1;3;
63309;202200041029;740 881;A01;1;14;0;4;7;15;1;
63310;202200041030;740 878;A01;2;1;0;1;1;1;5;
63311;202200041031;740 877;A01;1;7;1;0;0;1;1;
63312;202200041032;740 874;B01;1;31;0;2;9;1;1;
63313;202200041032;740 875;A01;1;3;0;2;2;1;0;
63314;202200041035;740 871;Z01;1;32;0;1;1;21;1;
63315;202200041036;740 870;A01;3;41;14;0;7;26;3;
63316;202200041037;740 868;A01;1;7;0;1;2;1;1;
63317;202200041039;740 862;A01;0;7;0;1;2;1;1;
63318;202200041040;740 861;A01;1;32;0;2;2;17;1;
63319;202200041040;740 863;B01;1;10;0;2;3;15;1;
63320;202200041041;740 858;A01;0;7;9;0;1;2;1;
63321;202200041042;740 855;A01;2;10;0;2;1;2;1;
63322;202200041042;740 856;B01;2;7;0;2;1;2;1;
63323;202200041042;740 857;C01;2;7;0;2;4;2;1;
63324;202200041043;740 853;A01;1;7;0;1;2;1;1;
63325;202200041044;740 851;Z01;0;0;0;1;1;16;0;
63326;202200041045;740 847;A01;1;7;0;2;4;1;1;
63327;202200041045;740 850;B01;1;7;0;2;1;1;3;
63328;202200041045;740 852;C01;1;7;0;2;1;1;1;
63329;202200041045;740 854;D01;1;7;0;2;1;1;1;
63330;202200041045;740 859;E01;1;7;0;2;1;1;2;
63331;202200041045;740 860;F01;1;7;0;2;1;1;2;
63332;202200041045;740 864;G01;1;7;0;2;1;1;1;
63333;202200041045;740 865;H01;1;10;0;2;1;1;1;
63334;202200041045;740 866;I01;1;7;0;2;1;1;1;
63335;202200041045;740 869;Z01;2;7;0;2;4;0;1;
63336;202200041046;740 846;A01;2;13;0;9;2;14;1;
63337;202200041046;740 849;B01;2;50;0;2;4;1;3;
63338;202200041047;740 845;A01;1;50;0;2;1;1;3;
63339;202200041047;740 848;B01;1;7;0;2;3;1;1;
63340;202200041048;740 840;A01;1;7;0;2;8;24;1;
63341;202200041048;740 844;B01;1;1;0;2;7;1;5;
63342;202200041049;740 841;B01;2;1;0;2;3;1;5;
63343;202200041049;740 843;A01;1;7;0;2;3;5;1;
63344;202200041050;740 839;B01;1;7;0;2;6;23;1;
63345;202200041050;740 842;A01;1;7;0;2;1;1;1;
63346;202200041051;740 837;B01;1;37;0;2;4;1;1;1.0
63347;202200041051;740 838;A01;2;1;0;2;1;1;5;
63348;202200041053;740 835;A01;1;7;0;0;1;1;3;
63349;202200041054;740 834;A01;2;7;0;1;3;26;1;
63350;202200041055;740 831;A01;1;7;0;2;4;1;1;
63351;202200041055;740 833;B01;1;43;0;2;1;1;1;
63352;202200041056;740 830;A01;2;20;0;1;3;1;1;
63353;202200041057;740 829;B01;1;10;0;2;4;2;1;
63354;202200041057;740 832;A01;1;7;0;2;1;2;1;
63355;202200041058;740 826;B01;0;32;0;2;1;1;1;
63356;202200041058;740 827;A01;1;7;0;2;4;15;1;
63357;202200041059;740 825;A01;0;7;0;1;4;4;1;
63358;202200041060;740 822;B01;3;99;0;2;1;1;3;
63359;202200041060;740 824;A01;3;7;0;9;3;16;1;
63360;202200041061;740 823;A01;2;2;13;0;1;1;1;
63361;202200041062;740 818;B01;1;1;0;9;1;1;5;
63362;202200041062;740 820;A01;2;1;0;9;1;5;5;
63363;202200041063;740 817;A01;2;7;0;2;1;0;1;
63364;202200041063;740 821;B01;1;7;0;2;2;26;0;
63365;202200041064;740 815;A01;2;50;0;0;7;16;3;
63366;202200041066;740 811;A01;1;10;8;1;1;13;1;
63367;202200041067;740 812;A01;2;7;0;2;1;2;1;
63368;202200041067;740 814;B01;2;7;0;2;4;2;3;
63369;202200041068;740 808;A01;1;7;0;0;0;0;0;
63370;202200041068;740 810;B01;1;7;0;0;0;0;0;
63371;202200041069;740 807;A01;2;10;0;2;7;15;1;
63372;202200041069;740 809;B01;1;33;0;2;1;1;1;
63373;202200041070;740 802;A01;1;7;0;2;1;1;1;
63374;202200041070;740 805;B01;1;50;0;2;4;19;3;
63375;202200041071;740 801;B01;1;7;0;2;3;1;1;