;Num_Acc;id_vehicule;num_veh;senc;catv;obs;obsm;choc;manv;motor;occutc
63376;202200041071;740 803;A01;2;99;0;2;1;13;0;
63377;202200041072;740 804;A01;2;10;0;2;3;21;1;
63378;202200041072;740 806;B01;1;33;0;2;7;1;1;
63379;202200041073;740 799;A01;3;2;0;0;1;26;1;
63380;202200041074;740 798;A01;0;7;0;2;1;9;3;
63381;202200041074;740 800;B01;0;30;0;2;1;18;1;
63382;202200041075;740 794;B01;1;33;0;2;1;1;1;
63383;202200041075;740 795;A01;2;7;0;2;2;15;1;
63384;202200041076;740 792;A01;3;7;1;0;1;1;1;
63385;202200041076;740 796;B01;3;10;0;2;4;23;1;
63386;202200041077;740 793;B01;3;50;0;2;3;19;3;
63387;202200041077;740 797;A01;3;7;0;2;2;1;1;
63388;202200041078;740 789;A01;2;7;0;0;4;15;1;
63389;202200041078;740 790;B01;2;7;0;2;4;1;1;
63390;202200041078;740 791;C01;2;7;0;2;1;1;1;
63391;202200041079;740 787;A01;1;7;0;2;1;2;1;
63392;202200041079;740 788;B01;1;15;0;0;6;2;1;
63393;202200041080;740 785;B01;1;33;0;2;4;1;1;
63394;202200041080;740 786;A01;1;7;0;2;0;14;0;
63395;202200041081;740 783;A01;1;7;0;2;2;15;1;
63396;202200041081;740 784;B01;2;31;0;2;1;1;1;
63397;202200041082;740 781;A01;1;7;15;0;1;1;1;
63398;202200041083;740 780;A01;1;1;0;2;8;16;5;
63399;202200041083;740 782;B01;1;15;0;2;7;1;1;
63400;202200041084;740 778;B01;2;2;0;2;3;1;1;
63401;202200041084;740 779;A01;2;7;0;2;7;15;1;
63402;202200041085;740 776;A01;1;7;4;9;1;1;1;
63403;202200041086;740 777;A01;3;7;3;0;9;14;1;
63404;202200041088;740 773;A01;2;7;0;1;3;1;1;
63405;202200041089;740 770;B01;2;1;0;2;8;11;5;
63406;202200041089;740 771;A01;2;2;0;2;1;1;1;
63407;202200041091;740 772;A01;3;7;0;2;8;9;1;
63408;202200041091;740 774;B01;3;33;0;2;1;1;1;
63409;202200041092;740 766;A01;2;7;0;2;1;13;1;
63410;202200041092;740 767;B01;1;7;0;2;1;1;1;
63411;202200041094;740 765;A01;3;50;0;0;0;1;3;
63412;202200041095;740 761;B01;1;33;13;0;1;21;1;
63413;202200041095;740 762;A01;2;7;0;0;0;10;1;
63414;202200041096;740 759;B01;2;2;0;2;1;1;1;
63415;202200041096;740 760;A01;2;7;0;2;3;15;1;
63416;202200041097;740 758;A01;2;7;2;0;3;17;1;
63417;202200041098;740 757;A01;1;7;6;0;2;1;1;
63418;202200041099;740 754;A01;1;2;15;0;1;1;1;
63419;202200041100;740 752;A01;2;7;0;2;3;5;1;
63420;202200041100;740 753;B01;1;7;0;2;3;1;1;
63421;202200041101;740 756;A01;2;7;2;0;1;0;1;
63422;202200041102;740 750;B01;1;10;0;2;1;1;1;
63423;202200041102;740 751;A01;2;7;0;2;1;13;1;
63424;202200041104;740 747;A01;2;7;0;2;3;13;1;
63425;202200041104;740 748;B01;1;10;0;2;3;1;1;
63426;202200041105;740 743;A01;1;7;5;0;1;1;1;
63427;202200041106;740 744;B01;1;7;0;2;1;1;1;
63428;202200041106;740 746;A01;2;10;0;2;1;1;1;
63429;202200041107;740 740;A01;0;7;0;1;0;1;0;
63430;202200041109;740 742;B01;1;7;0;2;8;1;1;
63431;202200041109;740 745;A01;3;2;0;2;1;16;1;
63432;202200041110;740 737;B01;1;7;0;2;3;16;1;
63433;202200041110;740 739;A01;1;10;0;2;2;1;1;
63434;202200041112;740 733;B01;1;7;0;2;1;1;1;
63435;202200041112;740 736;A01;2;7;0;2;1;15;1;
63436;202200041113;740 732;A01;2;7;0;1;3;0;0;
63437;202200041114;740 734;B01;1;7;0;9;2;1;3;
63438;202200041114;740 735;A01;1;1;0;2;1;19;5;
63439;202200041115;740 731;A01;2;40;0;1;1;26;0;
63440;202200041116;740 727;A01;3;7;0;2;1;15;1;
63441;202200041116;740 728;B01;1;32;0;2;8;1;1;
63442;202200041117;740 729;A01;2;7;0;2;4;2;1;
63443;202200041117;740 730;B01;3;32;0;2;4;2;1;
63444;202200041119;740 720;A01;1;50;0;2;2;1;3;
63445;202200041119;740 721;Z01;2;31;0;2;1;9;0;
63446;202200041120;740 722;B01;3;1;0;2;1;9;5;
63447;202200041120;740 725;A01;2;7;0;2;7;9;1;
63448;202200041121;740 718;A01;2;7;0;2;6;15;1;
63449;202200041121;740 719;B01;1;50;0;2;2;5;3;
63450;202200041122;740 716;A01;2;30;0;2;1;2;1;
63451;202200041122;740 717;Z01;2;10;0;2;4;2;1;
63452;202200041123;740 715;A01;1;31;0;1;1;16;1;
63453;202200041124;740 713;B01;2;7;0;2;3;1;1;
63454;202200041124;740 714;A01;1;7;0;2;2;15;1;
63455;202200041125;740 712;A01;2;7;0;1;3;1;1;
63456;202200041126;740 710;B01;1;43;0;2;1;15;1;
63457;202200041126;740 711;A01;1;7;0;2;1;1;1;
63458;202200041127;740 709;A01;2;60;0;0;0;0;5;
63459;202200041128;740 708;A01;2;30;0;0;3;1;1;
63460;202200041130;740 704;B01;1;10;0;2;2;1;1;
63461;202200041130;740 705;A01;3;7;0;2;6;4;1;
63462;202200041131;740 702;B01;1;10;0;2;1;9;1;
63463;202200041131;740 703;A01;1;1;0;2;1;5;5;
63464;202200041133;740 699;B01;1;7;0;2;1;2;1;
63465;202200041133;740 700;A01;1;7;0;0;4;23;1;
63466;202200041134;740 697;A01;2;7;0;2;1;5;1;
63467;202200041134;740 698;B01;1;7;8;2;5;19;1;
63468;202200041135;740 695;B01;2;2;0;0;0;0;0;
63469;202200041135;740 696;A01;2;10;0;2;2;14;1;
63470;202200041136;740 693;A01;1;33;0;1;1;19;1;
63471;202200041138;740 691;A01;3;34;0;0;0;26;1;
63472;202200041139;740 688;A01;1;2;0;2;1;1;1;
63473;202200041139;740 690;B01;1;7;0;2;4;1;1;
63474;202200041140;740 687;B01;1;7;0;2;7;15;1;
63475;202200041140;740 689;A01;2;32;0;2;1;1;1;
63476;202200041141;740 686;A01;2;33;13;0;1;1;1;
63477;202200041142;740 684;A01;1;7;0;2;3;15;1;
63478;202200041142;740 685;B01;1;2;0;2;1;17;1;
63479;202200041143;740 681;B01;2;32;0;2;3;1;1;
63480;202200041143;740 683;A01;2;7;0;2;2;11;1;
63481;202200041144;740 680;A01;2;7;0;1;3;15;1;
63482;202200041145;740 677;B01;1;7;1;2;3;17;1;
63483;202200041145;740 678;A01;1;30;0;2;2;9;1;
63484;202200041147;740 673;B01;1;2;0;2;1;0;1;
63485;202200041147;740 675;A01;2;33;0;2;1;1;1;
63486;202200041148;740 672;A01;1;7;13;2;1;1;1;
63487;202200041148;740 674;B01;3;2;0;2;8;9;1;
63488;202200041149;740 670;A01;2;7;0;6;1;1;1;
63489;202200041151;740 668;B01;1;37;0;2;1;1;1;10.0
63490;202200041151;740 671;A01;2;7;0;2;1;5;1;
63491;202200041152;740 666;A01;1;7;0;0;3;15;0;
63492;202200041152;740 667;B01;1;7;0;2;1;17;1;
63493;202200041153;740 665;A01;1;7;0;0;9;17;1;
63494;202200041154;740 663;B01;3;1;0;0;4;16;5;
63495;202200041154;740 664;A01;3;7;0;9;1;1;1;
63496;202200041155;740 661;A01;1;10;0;2;1;2;1;
63497;202200041155;740 662;B01;1;17;0;0;4;2;1;
63498;202200041156;740 659;A01;0;2;0;2;1;2;1;
63499;202200041156;740 660;B01;0;2;0;0;4;2;1;
63500;202200041157;740 658;A01;3;7;2;0;1;13;1;
63501;202200041158;740 656;B01;2;17;0;2;3;1;1;
63502;202200041158;740 657;A01;1;7;0;2;3;13;1;
63503;202200041159;740 655;A01;3;14;0;1;4;20;0;
63504;202200041160;740 653;B01;1;7;0;2;1;1;1;
63505;202200041160;740 654;A01;2;7;0;2;1;1;1;
63506;202200041162;740 651;A01;2;7;4;0;1;19;1;
63507;202200041163;740 647;B01;1;7;0;2;3;1;1;
63508;202200041163;740 648;A01;2;7;0;2;3;1;1;
63509;202200041163;740 650;C01;1;14;0;2;6;1;0;
63510;202200041165;740 635;B01;1;7;0;2;1;0;0;
63511;202200041165;740 637;A01;2;7;3;2;1;0;1;
63512;202200041166;740 634;I01;1;7;0;9;2;1;1;
63513;202200041166;740 636;H01;1;7;0;0;0;1;1;
63514;202200041166;740 638;G01;1;7;0;2;1;1;1;
63515;202200041166;740 639;F01;1;7;1;2;2;1;1;
63516;202200041166;740 641;E01;1;7;0;0;5;1;1;
63517;202200041166;740 642;D01;1;7;0;2;1;1;1;
63518;202200041166;740 644;C01;1;7;0;2;3;1;1;
63519;202200041166;740 646;B01;1;7;0;2;1;1;1;
63520;202200041166;740 649;A01;1;33;0;0;0;1;1;
63521;202200041167;740 633;A01;2;7;0;1;2;1;1;
63522;202200041169;740 630;A01;1;2;0;1;0;1;1;
63523;202200041170;740 629;A01;2;7;0;2;1;13;1;
63524;202200041170;740 631;B01;1;15;3;2;1;1;1;
63525;202200041171;740 628;A01;1;7;13;0;0;1;1;
63526;202200041172;740 627;A01;3;7;0;1;0;1;1;
63527;202200041173;740 623;B01;3;7;0;2;8;23;1;
63528;202200041173;740 626;A01;1;7;8;2;1;1;1;
63529;202200041175;740 620;A01;1;32;3;0;1;13;1;
63530;202200041176;740 619;B01;2;7;0;0;5;15;1;
63531;202200041176;740 621;A01;2;33;0;2;1;1;1;
63532;202200041177;740 618;A01;3;33;0;0;8;1;1;
63533;202200041178;740 616;B01;1;1;0;2;1;1;5;
63534;202200041178;740 617;A01;2;7;0;0;1;1;1;
63535;202200041179;740 614;A01;3;7;0;2;8;26;1;
63536;202200041179;740 615;B01;3;31;0;2;1;1;1;
63537;202200041180;740 612;B01;2;15;0;2;3;21;1;
63538;202200041180;740 613;A01;2;7;0;2;3;13;1;
63539;202200041181;740 611;A01;1;7;0;1;2;16;1;
63540;202200041182;740 609;A01;3;7;2;2;2;11;1;
63541;202200041182;740 610;B01;3;7;0;2;2;21;1;
63542;202200041183;740 607;B01;1;7;0;2;2;0;1;
63543;202200041183;740 608;A01;1;2;0;2;8;26;1;
63544;202200041184;740 604;B01;1;33;0;2;1;1;1;
63545;202200041184;740 605;A01;2;15;0;2;2;19;1;
63546;202200041185;740 606;A01;1;34;7;0;1;17;1;
63547;202200041186;740 603;A01;2;7;0;1;2;1;1;
63548;202200041187;740 602;A01;2;10;6;0;3;16;1;
63549;202200041188;740 600;A01;2;7;8;0;1;0;1;
63550;202200041189;740 599;B01;1;33;0;2;1;1;1;
63551;202200041189;740 601;A01;1;7;0;2;4;26;1;
63552;202200041190;740 598;A01;3;14;0;0;7;14;1;
63553;202200041191;740 596;A01;3;7;0;0;3;0;1;
63554;202200041191;740 597;B01;0;33;0;0;1;0;1;
63555;202200041192;740 594;B01;1;7;0;2;4;1;1;
63556;202200041192;740 595;A01;1;7;0;2;1;1;1;
63557;202200041193;740 593;A01;3;7;0;1;1;0;0;
63558;202200041194;740 591;B01;3;7;0;2;5;23;1;
63559;202200041194;740 592;A01;3;7;0;2;3;26;1;
63560;202200041195;740 590;A01;1;15;1;1;2;1;1;
63561;202200041196;740 589;A01;1;7;0;1;7;1;1;
63562;202200041197;740 588;A01;1;7;0;1;2;1;1;
63563;202200041199;740 584;B01;1;7;0;2;2;9;1;
63564;202200041199;740 586;A01;1;33;0;2;3;1;1;
63565;202200041201;740 582;A01;2;7;0;1;1;1;1;
63566;202200041202;740 581;A01;3;2;15;0;7;1;1;
63567;202200041203;740 580;A01;1;7;13;0;3;13;1;
63568;202200041204;740 578;A01;1;7;8;0;1;14;1;
63569;202200041205;740 576;A01;1;7;0;2;1;2;1;
63570;202200041205;740 577;B01;1;7;0;2;4;2;1;
63571;202200041205;740 579;C01;1;7;0;2;4;2;2;
63572;202200041206;740 570;A01;2;10;0;2;1;2;1;
63573;202200041206;740 572;B01;2;7;0;2;4;2;1;
63574;202200041206;740 573;C01;2;7;0;2;4;2;1;
63575;202200041207;740 571;A01;3;33;0;0;9;1;1;
63576;202200041208;740 566;B01;2;7;0;2;4;2;2;
63577;202200041208;740 569;A01;2;10;0;2;1;2;1;
63578;202200041209;740 564;A01;1;7;4;0;2;14;1;
63579;202200041210;740 563;B01;2;7;0;2;1;2;1;
63580;202200041210;740 565;A01;2;7;0;2;8;26;1;
63581;202200041211;740 560;A01;1;7;0;2;3;1;1;
63582;202200041211;740 562;B01;1;7;0;2;5;2;1;
63583;202200041213;740 556;A01;2;30;0;2;1;0;1;
63584;202200041213;740 558;B01;2;7;0;2;4;2;1;
63585;202200041214;740 555;B01;1;10;0;2;4;2;1;
63586;202200041214;740 557;A01;1;43;0;2;1;2;1;
63587;202200041215;740 552;B01;1;34;0;2;1;1;1;
63588;202200041215;740 554;A01;2;7;0;2;3;15;1;
63589;202200041216;740 551;B01;2;34;0;2;1;1;1;
63590;202200041216;740 553;A01;2;7;0;2;6;11;2;
63591;202200041217;740 548;A01;3;1;2;2;2;1;5;
63592;202200041217;740 550;B01;3;1;2;2;3;9;5;
63593;202200041218;740 547;A01;1;7;0;2;1;26;1;
63594;202200041218;740 549;B01;1;7;0;2;4;2;1;
63595;202200041219;740 546;A01;1;7;7;0;0;19;1;
63596;202200041220;740 544;B01;2;14;1;0;2;1;1;
63597;202200041220;740 545;A01;2;10;0;0;6;24;1;
63598;202200041221;740 543;A01;3;1;8;0;1;1;6;
63599;202200041222;740 538;C01;1;14;0;2;4;1;1;
63600;202200041222;740 541;B01;1;10;0;2;4;1;1;
63601;202200041222;740 542;A01;1;10;0;2;1;26;1;
63602;202200041223;740 539;A01;1;80;0;4;3;16;3;
63603;202200041223;740 540;B01;1;40;0;2;4;1;0;
63604;202200041224;740 534;B01;3;33;0;2;1;0;1;
63605;202200041224;740 536;A01;3;7;0;2;3;15;1;
63606;202200041225;740 533;A01;1;7;0;2;7;12;1;
63607;202200041225;740 535;C01;1;33;0;2;8;3;1;
63608;202200041225;740 537;B01;1;38;0;2;4;1;1;1.0
63609;202200041226;740 530;A01;1;7;0;2;1;15;1;
63610;202200041226;740 532;B01;1;31;0;2;1;1;1;
63611;202200041227;740 529;A01;1;7;0;2;5;1;1;
63612;202200041227;740 531;B01;1;7;0;2;3;13;1;
63613;202200041229;740 525;B01;1;7;0;2;3;16;1;
63614;202200041229;740 528;A01;2;33;0;2;1;1;1;
63615;202200041230;740 524;A01;0;7;0;1;1;1;1;
63616;202200041231;740 522;B01;2;33;0;2;4;26;1;
63617;202200041231;740 523;A01;2;7;0;2;1;1;1;
63618;202200041232;740 521;A01;3;7;15;0;9;1;1;
63619;202200041234;740 517;B01;1;30;0;2;6;23;1;
63620;202200041234;740 518;A01;1;7;0;2;1;1;0;
63621;202200041236;740 511;A01;1;7;0;1;1;9;1;
63622;202200041237;740 510;A01;3;7;0;2;3;2;1;
63623;202200041237;740 512;B01;3;7;0;2;3;2;1;
63624;202200041238;740 507;A01;3;7;0;2;6;19;1;
63625;202200041238;740 509;B01;2;32;0;2;1;26;1;
63626;202200041240;740 503;B01;2;33;0;2;1;1;1;
63627;202200041240;740 505;A01;1;7;0;2;2;17;1;
63628;202200041241;740 501;C01;2;7;0;0;4;2;1;
63629;202200041241;740 502;B01;2;7;0;2;4;2;1;
63630;202200041241;740 504;A01;2;7;0;2;1;2;1;
63631;202200041242;740 498;A01;2;7;0;2;2;1;1;
63632;202200041242;740 500;B01;1;7;0;2;3;1;1;
63633;202200041243;740 499;A01;2;7;1;1;2;1;1;
63634;202200041244;740 497;A01;2;7;4;0;1;2;1;
63635;202200041245;740 496;A01;1;7;0;1;2;1;1;
63636;202200041246;740 492;A01;3;7;0;2;1;15;1;
63637;202200041246;740 494;B01;3;7;0;2;6;1;1;
63638;202200041248;740 487;A01;1;10;0;2;3;15;1;
63639;202200041248;740 489;B01;2;2;0;2;1;1;1;
63640;202200041249;740 485;Z01;2;7;0;2;1;2;0;
63641;202200041249;740 486;C01;2;7;0;2;4;1;1;
63642;202200041249;740 488;B01;2;7;0;2;4;2;1;
63643;202200041249;740 490;A01;2;7;0;2;1;1;1;
63644;202200041250;740 484;A01;2;7;0;1;3;16;1;
63645;202200041251;740 483;A01;2;34;0;1;1;1;1;
63646;202200041252;740 482;A01;2;10;0;1;7;1;1;
63647;202200041253;740 481;A01;1;33;12;0;1;15;1;
63648;202200041254;740 479;A01;3;7;6;0;1;1;3;
63649;202200041255;740 478;A01;2;7;0;2;1;1;1;
63650;202200041255;740 480;B01;3;30;0;2;8;19;1;
63651;202200041258;740 475;A01;2;7;0;1;2;16;1;
63652;202200041259;740 474;A01;3;7;0;1;2;2;1;
63653;202200041260;740 473;A01;1;37;0;1;1;1;1;1.0
63654;202200041261;740 471;A01;1;7;0;1;2;26;1;
63655;202200041262;740 470;B01;2;1;0;2;8;0;5;
63656;202200041262;740 472;A01;1;7;0;2;1;15;1;
63657;202200041263;740 466;A01;1;33;0;2;1;17;1;
63658;202200041263;740 467;B01;1;7;0;2;6;15;1;
63659;202200041264;740 464;A01;0;1;0;2;1;19;5;
63660;202200041264;740 465;B01;0;7;0;2;2;1;1;
63661;202200041265;740 463;A01;1;50;0;0;1;2;3;
63662;202200041266;740 460;A01;0;7;0;2;1;1;1;
63663;202200041266;740 462;B01;0;7;0;2;4;1;1;
63664;202200041267;740 459;A01;0;7;0;2;8;9;1;
63665;202200041267;740 461;B01;0;7;0;2;1;1;1;
63666;202200041268;740 458;A01;2;2;0;0;0;17;1;
63667;202200041269;740 455;A01;3;7;15;0;2;1;1;
63668;202200041269;740 457;B01;3;99;0;0;0;24;0;
63669;202200041270;740 454;B01;1;32;0;2;1;1;1;
63670;202200041270;740 456;A01;1;7;0;2;2;9;1;
63671;202200041271;740 452;B01;1;1;0;2;1;1;5;
63672;202200041271;740 453;A01;2;1;0;2;1;5;5;
63673;202200041272;740 450;B01;1;7;0;0;6;1;1;
63674;202200041272;740 451;A01;1;13;0;0;2;12;0;
63675;202200041273;740 449;A01;1;7;0;1;1;1;0;
63676;202200041274;740 447;B01;3;7;0;2;2;1;1;
63677;202200041274;740 448;A01;3;1;0;2;8;10;5;
63678;202200041275;740 445;A01;2;31;1;0;0;0;1;
63679;202200041276;740 443;A01;3;7;0;2;3;13;1;
63680;202200041276;740 444;B01;3;7;0;2;6;1;1;
63681;202200041276;740 446;C01;3;7;0;2;3;1;1;
63682;202200041277;740 442;A01;1;7;0;1;2;1;1;
63683;202200041278;740 438;A01;1;10;0;2;1;1;1;
63684;202200041278;740 440;B01;1;10;0;2;9;1;1;
63685;202200041278;740 441;C01;1;7;0;2;4;1;1;
63686;202200041279;740 439;A01;2;7;0;1;1;1;1;
63687;202200041280;740 437;A01;1;7;2;0;2;14;1;
63688;202200041281;740 435;B01;2;33;0;2;3;1;1;
63689;202200041281;740 436;A01;2;7;0;2;2;12;1;
63690;202200041282;740 432;A01;2;7;0;2;1;11;1;
63691;202200041282;740 434;B01;2;1;0;0;0;0;5;
63692;202200041283;740 429;B01;3;1;0;2;8;19;5;
63693;202200041283;740 430;A01;2;1;0;2;1;1;5;
63694;202200041284;740 427;A01;2;7;0;2;1;2;1;
63695;202200041284;740 428;B01;2;7;0;2;1;2;1;
63696;202200041284;740 431;C01;2;7;0;2;1;2;1;
63697;202200041284;740 433;D01;2;7;0;0;0;2;1;
63698;202200041285;740 426;A01;1;7;13;0;2;14;1;
63699;202200041286;740 425;A01;1;2;0;0;9;1;1;
63700;202200041287;740 423;B01;1;7;0;2;3;1;1;
63701;202200041287;740 424;A01;2;7;0;2;1;13;1;
63702;202200041288;740 422;A01;1;7;0;0;2;1;1;
63703;202200041289;740 420;A01;2;33;0;0;1;1;1;
63704;202200041290;740 419;B01;2;1;0;2;7;26;5;
63705;202200041290;740 421;A01;1;10;0;2;2;1;1;
63706;202200041291;740 416;A01;3;2;0;2;1;19;1;
63707;202200041291;740 418;B01;3;7;0;2;8;16;1;
63708;202200041292;740 415;A01;1;33;6;0;1;26;1;
63709;202200041293;740 412;A01;3;7;0;2;1;2;1;
63710;202200041293;740 414;B01;3;10;0;2;4;2;1;
63711;202200041294;740 411;B01;2;7;0;0;3;9;0;
63712;202200041294;740 413;A01;2;33;0;2;1;1;0;
63713;202200041295;740 410;A01;2;7;0;1;3;1;1;
63714;202200041296;740 409;A01;1;7;0;1;2;13;1;
63715;202200041297;740 406;A01;1;7;0;2;3;1;1;
63716;202200041297;740 408;B01;1;50;0;2;1;1;3;
63717;202200041298;740 405;A01;3;33;0;2;3;18;1;
63718;202200041298;740 407;B01;3;10;0;2;5;0;1;
63719;202200041299;740 404;A01;3;7;4;0;2;26;1;
63720;202200041300;740 403;A01;3;30;3;0;7;14;1;
63721;202200041301;740 401;B01;1;32;0;2;1;1;1;
63722;202200041301;740 402;A01;1;7;0;2;3;16;1;
63723;202200041302;740 400;A01;3;7;0;1;2;1;1;
63724;202200041303;740 398;A01;1;33;12;0;1;12;6;
63725;202200041304;740 399;A01;2;7;1;0;2;14;1;
63726;202200041305;740 396;B01;2;7;0;2;2;1;1;
63727;202200041305;740 397;A01;2;33;0;2;3;11;1;
63728;202200041306;740 395;A01;1;7;0;1;7;1;1;
63729;202200041307;740 391;A01;1;21;0;2;3;16;1;
63730;202200041307;740 393;B01;1;7;0;2;7;1;1;
63731;202200041308;740 392;A01;2;32;0;2;1;7;1;
63732;202200041308;740 394;Z01;1;7;0;2;1;15;1;
63733;202200041309;740 387;A01;3;34;0;2;1;1;1;
63734;202200041309;740 388;B01;3;7;0;2;6;1;1;
63735;202200041309;740 390;C01;3;7;0;2;1;1;1;
63736;202200041311;740 384;A01;3;7;0;2;1;5;1;
63737;202200041311;740 385;B01;3;15;0;2;1;1;1;
63738;202200041312;740 380;C01;2;7;0;2;0;2;1;
63739;202200041312;740 382;B01;2;7;0;2;4;2;1;
63740;202200041312;740 383;A01;2;7;0;2;4;23;2;
63741;202200041313;740 379;B01;3;10;0;2;2;1;1;
63742;202200041313;740 381;A01;3;32;0;2;1;5;1;
63743;202200041314;740 377;A01;1;80;0;2;4;15;3;
63744;202200041314;740 378;Z01;1;2;0;2;0;1;0;
63745;202200041315;740 375;A01;3;33;0;2;1;1;1;
63746;202200041315;740 376;B01;3;33;0;2;6;13;1;
63747;202200041316;740 373;A01;1;7;0;1;2;1;2;
63748;202200041317;740 372;B01;3;7;0;9;3;1;1;
63749;202200041317;740 374;A01;3;1;0;2;0;9;5;
63750;202200041318;740 370;B01;1;7;0;2;7;1;1;
63751;202200041318;740 371;A01;0;43;0;2;1;1;1;
63752;202200041319;740 369;A01;1;7;12;0;1;15;1;
63753;202200041320;740 365;A01;2;7;0;2;2;15;1;
63754;202200041320;740 367;B01;1;33;0;2;3;1;1;
63755;202200041321;740 366;B01;3;1;0;2;1;19;5;
63756;202200041321;740 368;A01;3;32;0;2;6;15;1;
63757;202200041322;740 363;Z01;2;15;0;2;2;12;0;
63758;202200041322;740 364;A01;2;7;0;2;8;1;1;
63759;202200041325;740 358;A01;1;1;0;1;4;1;5;
63760;202200041326;740 354;C01;3;30;0;2;7;12;1;
63761;202200041326;740 356;B01;3;32;0;2;3;1;1;
63762;202200041326;740 357;A01;3;10;0;2;7;12;1;
63763;202200041327;740 353;B01;1;80;0;2;1;1;3;
63764;202200041327;740 355;A01;1;7;0;9;7;22;1;
63765;202200041328;740 351;A01;2;33;0;2;8;14;1;
63766;202200041328;740 352;B01;2;7;0;2;2;15;3;
63767;202200041329;740 349;B01;2;33;0;2;8;1;1;
63768;202200041329;740 350;A01;1;7;0;2;3;15;1;
63769;202200041330;740 347;A01;2;10;0;2;1;15;1;
63770;202200041330;740 348;B01;2;7;0;2;2;1;2;
63771;202200041331;740 345;B01;2;30;0;2;2;17;3;
63772;202200041331;740 346;A01;2;7;0;2;3;15;1;
63773;202200041332;740 343;A01;2;1;0;2;8;1;5;
63774;202200041332;740 344;Z01;2;7;0;2;2;22;1;
63775;202200041333;740 341;B01;1;60;0;2;1;19;5;
63776;202200041333;740 342;A01;1;7;0;2;6;1;1;
63777;202200041334;740 339;A01;2;32;0;2;4;15;3;
63778;202200041334;740 340;B01;2;10;0;2;2;17;1;
63779;202200041335;740 337;A01;3;10;0;2;1;1;1;
63780;202200041335;740 338;B01;3;1;0;2;0;0;5;
63781;202200041336;740 336;A01;1;50;0;1;8;1;3;
63782;202200041338;740 332;A01;1;30;0;2;2;1;1;
63783;202200041338;740 333;B01;1;10;0;2;1;1;1;
63784;202200041339;740 329;A01;1;30;0;2;5;0;1;
63785;202200041339;740 331;B01;1;7;0;2;1;0;1;
63786;202200041340;740 328;B01;1;34;0;2;7;1;1;
63787;202200041340;740 330;A01;1;7;0;2;8;15;1;
63788;202200041341;740 326;B01;2;34;0;2;1;1;1;
63789;202200041341;740 327;A01;2;7;0;2;8;10;1;
63790;202200041342;740 324;B01;1;2;0;2;1;1;1;
63791;202200041342;740 325;A01;2;7;0;2;1;11;3;
63792;202200041343;740 323;A01;2;30;0;1;1;1;1;
63793;202200041344;740 322;A01;3;32;1;0;2;1;1;
63794;202200041346;740 318;A01;2;33;0;2;8;17;1;
63795;202200041346;740 319;B01;1;32;0;2;3;1;1;
63796;202200041346;740 320;Z01;2;7;0;2;3;10;0;
63797;202200041347;740 316;A01;1;7;0;2;3;1;3;
63798;202200041347;740 317;B01;2;21;0;2;6;1;1;
63799;202200041348;740 315;A01;1;33;13;0;7;1;1;
63800;202200041349;740 314;A01;2;10;0;1;7;16;1;
63801;202200041350;740 312;B01;2;7;0;2;1;1;1;
63802;202200041350;740 313;A01;1;7;0;2;1;13;1;
63803;202200041351;740 310;B01;3;7;0;2;2;1;2;
63804;202200041351;740 311;A01;3;1;0;2;2;15;5;
63805;202200041352;740 308;A01;2;33;12;0;0;14;1;
63806;202200041353;740 307;B01;2;7;0;2;1;1;1;
63807;202200041353;740 309;A01;1;7;0;2;6;19;1;
63808;202200041354;740 305;A01;2;7;0;1;1;2;1;
63809;202200041355;740 303;A01;1;10;0;2;3;19;1;
63810;202200041355;740 304;B01;2;33;0;2;1;1;1;
63811;202200041356;740 302;B01;1;7;0;2;5;1;1;
63812;202200041356;740 306;A01;2;7;0;2;1;1;2;
63813;202200041357;740 300;A01;3;7;0;1;2;15;1;
63814;202200041358;740 297;A01;3;33;0;0;7;23;1;
63815;202200041359;740 295;A01;1;7;0;2;2;19;1;
63816;202200041359;740 296;E01;1;7;0;2;3;0;1;
63817;202200041359;740 298;D01;1;7;0;2;5;23;1;
63818;202200041359;740 299;C01;2;7;0;2;2;23;2;
63819;202200041359;740 301;B01;1;7;0;2;3;1;3;
63820;202200041360;740 292;A01;2;7;0;2;1;13;1;
63821;202200041360;740 294;B01;1;7;0;2;1;1;1;
63822;202200041361;740 291;A01;2;7;0;2;2;1;1;
63823;202200041361;740 293;B01;1;30;0;2;1;15;1;
63824;202200041363;740 287;B01;2;30;0;2;1;1;1;
63825;202200041363;740 288;A01;1;7;0;2;5;15;1;
63826;202200041364;740 285;A01;2;7;0;2;3;9;1;
63827;202200041364;740 286;B01;1;33;0;2;1;1;1;
63828;202200041365;740 283;A01;2;7;0;2;1;1;1;
63829;202200041365;740 284;Y01;2;1;0;2;8;19;5;
63830;202200041366;740 281;B01;1;33;0;0;7;9;1;
63831;202200041366;740 282;A01;1;7;0;0;8;9;1;
63832;202200041367;740 279;A01;0;1;0;2;1;16;5;
63833;202200041367;740 280;B01;1;3;0;2;3;1;1;
63834;202200041368;740 278;A01;2;7;1;0;9;13;1;
63835;202200041370;740 275;B01;2;7;0;2;2;1;1;
63836;202200041370;740 276;A01;1;1;0;2;1;17;5;