;Num_Acc;id_vehicule;num_veh;senc;catv;obs;obsm;choc;manv;motor;occutc
63837;202200041373;740 268;B01;1;7;2;2;9;9;1;
63838;202200041373;740 269;A01;1;7;0;2;2;12;0;
63839;202200041374;740 267;A01;1;7;0;0;9;1;1;
63840;202200041375;740 264;A01;1;7;8;0;2;14;0;
63841;202200041375;740 266;B01;1;7;8;0;3;9;0;
63842;202200041376;740 260;B01;1;33;0;2;2;17;1;
63843;202200041376;740 261;A01;1;7;0;2;3;15;1;
63844;202200041377;740 259;A01;1;7;6;0;3;1;1;
63845;202200041378;740 257;A01;2;7;0;2;5;23;1;
63846;202200041378;740 258;B01;2;32;0;2;1;2;1;
63847;202200041379;740 255;B01;1;7;0;2;3;1;1;
63848;202200041379;740 256;A01;2;7;0;0;1;1;1;
63849;202200041380;740 254;A01;2;30;0;1;1;1;3;
63850;202200041381;740 253;A01;1;7;0;0;0;1;1;
63851;202200041382;740 250;A01;2;7;0;2;8;15;1;
63852;202200041382;740 251;B01;1;33;0;2;9;1;1;
63853;202200041384;740 246;B01;1;7;1;2;3;9;2;
63854;202200041384;740 247;A01;1;30;1;2;7;17;1;
63855;202200041385;740 245;B01;2;7;0;2;8;1;1;
63856;202200041385;740 248;A01;1;7;0;2;8;13;1;
63857;202200041386;740 242;A01;3;1;0;2;4;2;5;
63858;202200041386;740 244;B01;0;0;0;2;0;1;0;
63859;202200041387;740 241;B01;1;7;0;2;1;0;1;
63860;202200041387;740 243;A01;1;2;0;2;2;0;1;
63861;202200041388;740 240;A01;2;7;3;0;1;1;1;
63862;202200041389;740 237;A01;1;7;13;0;9;19;1;
63863;202200041390;740 238;A01;1;7;0;2;1;14;1;
63864;202200041390;740 239;B01;1;15;0;0;4;23;1;
63865;202200041391;740 236;A01;1;33;0;0;7;13;1;
63866;202200041392;740 234;B01;2;17;0;0;6;11;1;
63867;202200041392;740 235;A01;2;10;0;2;2;12;1;
63868;202200041394;740 231;B01;2;7;0;2;6;11;1;
63869;202200041394;740 232;A01;2;34;0;2;1;3;1;
63870;202200041395;740 230;A01;1;2;8;0;1;5;1;
63871;202200041396;740 229;A01;2;7;2;0;1;0;1;
63872;202200041397;740 227;B01;1;10;0;2;1;1;1;
63873;202200041397;740 228;A01;1;7;0;0;8;19;2;
63874;202200041398;740 226;A01;1;33;16;0;1;1;1;
63875;202200041399;740 224;A01;1;7;0;2;5;14;1;
63876;202200041399;740 225;B01;1;10;0;2;3;1;1;
63877;202200041401;740 221;A01;1;31;8;2;1;1;1;
63878;202200041401;740 223;B01;2;7;0;2;3;15;1;
63879;202200041402;740 219;A01;1;33;0;0;0;1;1;
63880;202200041403;740 218;A01;1;34;0;2;1;1;1;
63881;202200041403;740 220;B01;2;34;0;2;1;17;1;
63882;202200041404;740 217;A01;1;2;13;0;1;5;1;
63883;202200041405;740 215;A01;3;7;0;2;2;9;1;
63884;202200041405;740 216;B01;3;1;0;2;1;1;5;
63885;202200041406;740 214;A01;1;2;0;0;7;2;1;
63886;202200041407;740 212;A01;2;15;0;1;2;1;1;
63887;202200041408;740 213;A01;1;2;7;0;1;1;1;
63888;202200041409;740 210;A01;1;7;0;9;1;15;1;
63889;202200041409;740 211;B01;2;1;0;2;7;1;5;
63890;202200041411;740 207;A01;1;33;0;0;1;1;1;
63891;202200041412;740 206;A01;1;2;14;0;2;1;1;
63892;202200041413;740 205;A01;1;43;0;5;1;1;1;
63893;202200041414;740 203;B01;1;7;0;2;4;2;1;
63894;202200041414;740 204;A01;1;33;0;2;1;2;1;
63895;202200041415;740 202;A01;2;38;2;0;3;1;1;36.0
63896;202200041416;740 201;A01;0;7;2;0;1;1;1;
63897;202200041418;740 199;A01;3;10;0;1;4;20;1;
63898;202200041419;740 198;A01;3;7;0;9;1;1;1;
63899;202200041420;740 196;A01;1;32;12;0;1;0;1;
63900;202200041421;740 197;A01;3;21;13;0;3;1;1;
63901;202200041422;740 193;A01;2;7;0;2;8;15;1;
63902;202200041422;740 194;B01;3;7;0;2;3;23;1;
63903;202200041424;740 188;A01;2;7;0;2;1;0;1;
63904;202200041424;740 189;B01;1;7;0;2;3;5;1;
63905;202200041424;740 190;C01;1;7;0;2;1;0;1;
63906;202200041425;740 187;A01;0;10;2;0;3;1;1;
63907;202200041426;740 186;A01;-1;32;0;0;7;1;1;
63908;202200041427;740 183;A01;0;7;0;2;1;0;1;
63909;202200041427;740 185;B01;0;7;0;2;1;17;1;
63910;202200041428;740 177;B01;1;21;0;0;4;2;0;
63911;202200041428;740 178;A01;1;7;0;2;2;2;1;
63912;202200041429;740 180;A01;2;7;0;2;3;5;1;
63913;202200041429;740 182;B01;1;7;0;2;3;1;1;
63914;202200041429;740 184;C01;2;7;0;0;6;2;1;
63915;202200041430;740 174;A01;1;7;0;2;4;11;1;
63916;202200041430;740 176;B01;1;7;0;2;1;1;1;
63917;202200041431;740 173;A01;2;7;0;2;2;1;1;
63918;202200041431;740 175;B01;2;80;0;2;8;9;3;
63919;202200041432;740 170;B01;1;15;2;2;3;1;1;
63920;202200041432;740 171;A01;2;7;0;2;3;13;1;
63921;202200041433;740 169;A01;1;7;0;2;4;1;1;
63922;202200041433;740 172;Z01;1;7;0;2;1;2;1;
63923;202200041434;740 165;B01;1;7;0;2;1;1;1;
63924;202200041434;740 167;A01;1;7;0;2;4;1;1;
63925;202200041435;740 163;A01;2;10;1;0;4;2;1;
63926;202200041436;740 162;B01;2;7;0;2;1;2;1;
63927;202200041436;740 164;A01;2;7;0;2;4;2;1;
63928;202200041437;740 160;A01;0;7;1;0;1;1;1;
63929;202200041438;740 158;A01;3;2;0;0;0;15;1;
63930;202200041439;740 156;D01;2;7;4;2;7;1;1;
63931;202200041439;740 157;C01;2;10;4;2;2;1;1;
63932;202200041439;740 159;B01;2;7;4;2;4;2;1;
63933;202200041439;740 161;A01;2;7;0;2;1;2;1;
63934;202200041440;740 154;A01;0;7;0;2;7;17;1;
63935;202200041440;740 155;B01;3;7;0;2;1;1;1;
63936;202200041441;740 152;A01;0;31;0;0;0;26;1;
63937;202200041442;740 150;C01;2;7;0;2;4;23;1;
63938;202200041442;740 151;B01;2;7;0;0;6;2;1;
63939;202200041442;740 153;A01;2;7;0;2;1;2;1;
63940;202200041443;740 149;A01;1;14;0;1;2;16;1;
63941;202200041444;740 148;A01;1;7;4;0;1;11;1;
63942;202200041445;740 147;A01;3;7;13;0;7;21;1;
63943;202200041446;740 141;C01;2;7;0;2;4;2;1;
63944;202200041446;740 142;B01;2;7;0;2;4;2;1;
63945;202200041446;740 146;A01;2;7;0;2;1;2;1;
63946;202200041447;740 139;A01;2;7;0;2;2;2;1;
63947;202200041447;740 140;B01;2;1;0;2;3;2;5;
63948;202200041448;740 136;A01;1;10;0;2;1;14;1;
63949;202200041448;740 138;B01;1;7;0;2;8;0;1;
63950;202200041450;740 132;A01;2;7;0;2;3;11;1;
63951;202200041450;740 133;C01;2;7;0;2;2;1;1;
63952;202200041450;740 134;B01;2;7;0;2;2;1;1;
63953;202200041451;740 130;B01;2;33;0;2;1;26;1;
63954;202200041451;740 131;A01;2;7;0;2;6;11;1;
63955;202200041453;740 127;B01;2;7;0;2;1;1;1;
63956;202200041453;740 128;A01;2;7;0;2;4;1;1;
63957;202200041454;740 122;A01;2;7;3;2;1;2;1;
63958;202200041454;740 124;B01;2;10;0;2;3;17;1;
63959;202200041456;740 119;B01;1;7;0;2;4;1;1;
63960;202200041456;740 120;A01;1;7;0;2;1;1;1;
63961;202200041457;740 117;A01;2;7;0;2;4;23;1;
63962;202200041457;740 118;Z01;1;7;0;2;1;1;1;
63963;202200041458;740 116;A01;2;7;0;2;0;9;1;
63964;202200041459;740 112;A01;1;7;0;2;2;2;0;
63965;202200041459;740 114;B01;1;1;0;2;8;15;5;
63966;202200041460;740 109;A01;1;7;3;0;2;1;1;
63967;202200041461;740 110;D01;1;7;0;2;1;1;1;
63968;202200041461;740 111;C01;1;7;0;2;3;1;1;
63969;202200041461;740 113;B01;1;10;0;2;1;1;1;
63970;202200041461;740 115;A01;1;7;0;2;9;0;1;
63971;202200041462;740 108;A01;2;7;0;1;5;13;1;
63972;202200041463;740 105;A01;1;7;0;2;1;1;2;
63973;202200041463;740 107;B01;1;7;0;2;4;2;1;
63974;202200041464;740 104;B01;2;7;1;0;2;1;1;
63975;202200041464;740 106;A01;2;7;0;2;6;24;1;
63976;202200041465;740 103;A01;1;32;0;0;7;1;1;
63977;202200041468;740 096;A01;3;13;0;2;3;9;1;
63978;202200041468;740 099;B01;2;30;0;2;1;1;1;
63979;202200041469;740 094;Z01;2;7;0;2;4;11;1;
63980;202200041469;740 095;A01;2;33;0;2;1;3;1;
63981;202200041470;740 092;B01;2;7;0;2;3;2;1;
63982;202200041470;740 093;A01;1;7;0;2;8;19;1;
63983;202200041471;740 091;A01;3;7;0;1;2;19;0;
63984;202200041473;740 087;A01;1;7;2;0;1;13;1;
63985;202200041474;740 086;A01;3;7;0;2;1;16;1;
63986;202200041474;740 088;B01;2;7;0;2;8;1;0;
63987;202200041476;740 082;B01;3;40;0;2;2;1;3;
63988;202200041476;740 084;A01;3;30;0;4;5;16;3;
63989;202200041478;740 079;B01;1;2;0;2;1;2;1;
63990;202200041478;740 080;A01;2;7;0;2;1;15;1;
63991;202200041479;740 077;B01;1;7;0;2;4;26;1;
63992;202200041479;740 078;A01;1;7;0;2;9;9;1;
63993;202200041480;740 075;A01;2;32;0;2;8;1;1;
63994;202200041480;740 076;B01;1;7;0;2;0;19;1;
63995;202200041481;740 073;A01;3;7;0;2;5;15;1;
63996;202200041481;740 074;B01;3;32;0;2;2;0;1;
63997;202200041482;740 071;A01;1;7;0;2;1;5;1;
63998;202200041482;740 072;B01;3;7;0;2;1;1;1;
63999;202200041483;740 069;A01;1;7;0;2;1;21;1;
64000;202200041483;740 070;B01;1;7;0;2;4;9;1;
64001;202200041485;740 066;A01;2;33;0;0;7;1;1;
64002;202200041487;740 061;A01;0;2;0;0;0;1;1;
64003;202200041488;740 059;A01;1;33;0;2;1;1;1;
64004;202200041488;740 060;B01;1;7;0;2;4;1;2;
64005;202200041489;740 057;B01;3;40;0;2;2;1;3;
64006;202200041489;740 058;A01;3;7;0;4;3;9;1;
64007;202200041490;740 055;A01;2;7;0;2;1;1;1;
64008;202200041490;740 056;B01;2;7;0;2;0;1;1;
64009;202200041491;740 054;A01;3;7;8;0;1;13;1;
64010;202200041492;740 053;A01;3;7;0;1;2;16;1;
64011;202200041493;740 052;A01;2;7;0;1;7;16;1;
64012;202200041494;740 050;A01;2;7;0;2;2;2;1;
64013;202200041494;740 051;B01;2;50;0;2;2;2;3;
64014;202200041495;740 048;A01;1;7;0;2;2;15;2;
64015;202200041495;740 049;B01;1;33;0;2;7;1;1;
64016;202200041496;740 044;A01;1;7;0;9;2;17;1;
64017;202200041496;740 045;B01;1;1;0;2;8;13;5;
64018;202200041496;740 046;C01;1;1;0;2;8;13;5;
64019;202200041496;740 047;D01;1;1;0;2;8;13;5;
64020;202200041497;740 043;A01;1;7;1;0;1;1;1;
64021;202200041498;740 042;A01;1;7;2;0;1;1;1;
64022;202200041499;740 041;A01;1;30;16;0;1;1;1;
64023;202200041500;740 040;A01;2;7;2;0;2;1;1;
64024;202200041501;740 039;A01;1;33;2;0;7;1;1;
64025;202200041502;740 037;B01;1;7;0;2;2;1;1;
64026;202200041502;740 038;A01;2;7;0;2;7;15;1;
64027;202200041505;740 033;A01;2;33;6;0;1;0;1;
64028;202200041507;740 030;A01;2;2;0;2;1;15;1;
64029;202200041507;740 031;B01;1;7;0;2;2;1;1;
64030;202200041508;740 029;A01;1;2;13;0;1;14;1;
64031;202200041509;740 028;A01;1;7;8;0;2;1;1;
64032;202200041510;740 026;B01;3;7;0;9;3;13;1;
64033;202200041510;740 027;A01;3;1;0;2;3;1;5;
64034;202200041511;740 024;B01;3;31;0;2;1;0;1;
64035;202200041511;740 025;A01;3;7;0;2;1;21;1;
64036;202200041512;740 022;A01;1;7;0;2;3;1;1;
64037;202200041512;740 023;B01;2;7;0;2;3;1;1;
64038;202200041513;740 021;A01;1;33;15;0;0;1;1;
64039;202200041514;740 019;B01;1;7;0;2;1;1;1;
64040;202200041514;740 020;A01;2;33;0;2;1;1;1;
64041;202200041515;740 018;A01;2;7;15;0;1;1;1;
64042;202200041516;740 017;A01;1;7;6;0;7;1;1;
64043;202200041517;740 015;A01;2;7;6;0;1;1;1;
64044;202200041518;740 013;B01;2;7;0;2;3;1;1;
64045;202200041518;740 014;A01;1;33;0;2;1;1;1;
64046;202200041519;740 012;A01;1;31;0;0;7;2;1;
64047;202200041520;740 011;A01;1;7;2;0;1;13;1;
64048;202200041521;740 009;A01;2;7;0;2;3;13;1;
64049;202200041521;740 010;B01;1;7;16;2;3;1;1;
64050;202200041522;740 008;A01;2;33;0;0;0;1;1;
64051;202200041523;740 006;B01;2;1;0;2;7;1;5;
64052;202200041523;740 007;A01;2;7;0;2;1;9;1;
64053;202200041524;740 005;A01;3;31;2;0;1;14;1;
64054;202200041525;740 003;B01;2;7;0;2;1;2;1;
64055;202200041525;740 004;A01;1;7;0;2;1;5;1;
64056;202200041526;740 002;A01;1;33;0;0;7;16;1;
64057;202200041528;739 999;A01;2;1;0;0;0;1;5;
64058;202200041529;739 997;B01;2;7;0;2;1;1;1;
64059;202200041529;739 998;A01;1;7;0;2;2;1;1;
64060;202200041530;739 995;B01;0;1;0;2;2;16;5;
64061;202200041530;739 996;A01;0;7;0;2;3;16;1;
64062;202200041531;739 993;A01;2;7;0;2;3;15;1;
64063;202200041531;739 994;B01;1;33;0;2;3;1;1;
64064;202200041533;739 990;A01;1;7;6;0;1;1;1;
64065;202200041534;739 988;B01;2;2;0;2;1;1;1;
64066;202200041534;739 989;A01;1;7;1;2;2;13;1;
64067;202200041535;739 986;A01;1;7;0;2;2;17;1;
64068;202200041535;739 987;B01;1;2;0;2;3;1;1;
64069;202200041536;739 984;B01;2;7;0;0;4;2;1;
64070;202200041536;739 985;A01;2;7;0;2;1;2;1;
64071;202200041537;739 983;A01;1;33;3;0;7;12;1;
64072;202200041538;739 982;A01;1;7;2;0;1;0;1;
64073;202200041539;739 981;A01;0;50;6;0;0;1;3;
64074;202200041540;739 979;A01;1;7;0;2;3;9;2;
64075;202200041540;739 980;B01;2;32;0;2;2;17;1;
64076;202200041541;739 977;B01;3;10;0;2;3;15;1;
64077;202200041541;739 978;A01;3;1;0;2;1;16;5;
64078;202200041542;739 975;B01;-1;1;0;2;1;1;5;
64079;202200041542;739 976;A01;-1;7;0;9;7;15;1;
64080;202200041543;739 974;A01;2;33;7;0;1;6;1;
64081;202200041544;739 973;A01;1;7;13;0;1;26;1;
64082;202200041545;739 972;A01;1;7;6;0;1;1;1;
64083;202200041546;739 970;A01;1;7;0;2;1;13;1;
64084;202200041546;739 971;B01;2;7;0;2;1;1;1;
64085;202200041547;739 968;A01;3;7;0;2;7;1;1;
64086;202200041547;739 969;B01;2;7;0;2;1;1;1;
64087;202200041548;739 966;A01;1;7;0;9;5;9;1;
64088;202200041548;739 967;B01;1;1;0;2;1;1;5;
64089;202200041549;739 964;A01;3;33;0;2;3;1;1;
64090;202200041549;739 965;B01;3;7;0;2;3;15;1;
64091;202200041550;739 962;B01;2;21;0;2;6;1;1;
64092;202200041550;739 963;A01;1;31;0;2;1;13;1;
64093;202200041551;739 960;B01;2;50;0;2;8;19;3;
64094;202200041551;739 961;A01;1;7;0;9;1;1;1;
64095;202200041552;739 958;B01;2;30;0;2;1;13;1;
64096;202200041552;739 959;A01;1;7;0;2;3;1;1;
64097;202200041553;739 957;A01;1;33;8;0;3;1;1;
64098;202200041554;739 956;A01;2;3;0;1;2;1;1;
64099;202200041555;739 955;A01;3;36;0;0;2;0;1;
64100;202200041556;739 952;C01;1;7;0;2;1;2;1;
64101;202200041556;739 953;B01;1;7;0;2;4;2;1;
64102;202200041556;739 954;A01;1;7;0;2;4;2;1;
64103;202200041557;739 949;A01;2;10;0;2;1;0;1;
64104;202200041557;739 950;B01;2;7;0;2;4;0;1;
64105;202200041557;739 951;C01;2;7;0;2;4;0;1;
64106;202200041558;739 947;B01;1;7;0;2;4;1;1;
64107;202200041558;739 948;A01;1;10;0;2;1;1;1;
64108;202200041560;739 944;A01;2;7;0;0;1;1;1;
64109;202200041561;739 942;A01;1;7;0;2;5;1;1;
64110;202200041561;739 943;B01;1;33;0;2;8;3;1;
64111;202200041562;739 941;A01;2;7;3;0;2;12;1;
64112;202200041563;739 939;A01;1;7;0;2;2;1;1;
64113;202200041563;739 940;B01;1;7;0;2;6;1;1;
64114;202200041564;739 936;A01;2;33;0;2;1;3;1;
64115;202200041564;739 937;B01;2;7;0;2;5;1;1;
64116;202200041564;739 938;C01;2;7;0;2;8;1;1;
64117;202200041565;739 934;A01;2;33;0;2;0;1;1;
64118;202200041565;739 935;Z01;2;0;0;2;0;0;0;
64119;202200041566;739 933;A01;2;10;0;1;2;1;1;
64120;202200041567;739 932;A01;2;30;14;0;1;19;1;
64121;202200041568;739 930;B01;3;50;0;2;0;0;3;
64122;202200041568;739 931;A01;3;7;0;2;0;1;0;
64123;202200041569;739 928;A01;2;7;0;2;0;0;0;
64124;202200041569;739 929;B01;2;80;0;2;8;0;3;
64125;202200041570;739 927;A01;2;7;0;1;5;1;1;
64126;202200041571;739 925;B01;2;7;0;2;7;16;1;
64127;202200041571;739 926;A01;2;32;0;2;1;7;1;
64128;202200041572;739 923;A01;2;7;0;2;0;0;1;
64129;202200041572;739 924;B01;1;33;0;2;0;0;1;
64130;202200041573;739 922;A01;2;33;0;1;3;1;1;
64131;202200041574;739 921;A01;3;37;0;1;4;4;1;1.0
64132;202200041575;739 920;A01;3;33;0;0;7;26;0;
64133;202200041576;739 919;A01;3;7;0;1;6;23;1;
64134;202200041577;739 917;A01;1;7;0;2;1;15;1;
64135;202200041577;739 918;B01;2;7;0;2;8;0;1;
64136;202200041579;739 914;A01;0;7;0;2;7;1;2;
64137;202200041579;739 915;B01;0;60;0;2;1;19;5;
64138;202200041580;739 911;C01;0;7;0;2;4;23;1;
64139;202200041580;739 912;B01;0;7;0;2;4;23;1;
64140;202200041580;739 913;A01;0;33;0;2;1;1;1;
64141;202200041581;739 910;A01;1;7;6;0;1;26;1;
64142;202200041582;739 909;A01;2;7;0;1;1;1;1;
64143;202200041583;739 907;B01;3;7;0;2;6;1;1;
64144;202200041583;739 908;A01;3;7;0;2;1;1;1;
64145;202200041584;739 902;B01;2;33;0;2;0;0;1;
64146;202200041584;739 903;A01;1;10;0;2;0;0;1;
64147;202200041585;739 901;A01;3;7;0;1;1;1;1;
64148;202200041586;739 899;A01;2;7;0;2;1;1;1;
64149;202200041586;739 900;B01;2;7;0;2;3;1;1;
64150;202200041588;739 896;B01;1;7;0;2;0;1;1;
64151;202200041588;739 897;A01;1;7;0;2;0;9;1;
64152;202200041589;739 895;A01;0;7;0;1;4;26;1;
64153;202200041590;739 894;A01;3;7;2;0;9;1;1;
64154;202200041591;739 893;A01;3;30;12;0;0;9;1;
64155;202200041592;739 890;C01;1;7;0;2;6;1;1;
64156;202200041592;739 891;B01;1;33;0;2;7;1;1;
64157;202200041592;739 892;A01;1;7;0;2;1;9;1;
64158;202200041593;739 887;A01;1;7;0;2;1;13;1;
64159;202200041593;739 888;B01;1;7;0;2;5;1;1;
64160;202200041593;739 889;C01;1;7;0;2;4;1;1;
64161;202200041594;739 885;B01;3;40;0;2;1;1;3;
64162;202200041594;739 886;A01;3;7;0;4;7;0;1;
64163;202200041595;739 883;B01;3;30;0;2;1;1;1;
64164;202200041595;739 884;A01;3;7;0;2;8;26;1;
64165;202200041596;739 882;A01;1;30;1;0;1;2;0;
64166;202200041597;739 881;A01;2;7;0;0;0;0;1;
64167;202200041598;739 879;A01;1;7;0;2;1;15;1;
64168;202200041598;739 880;B01;1;7;0;2;1;1;1;
64169;202200041600;739 877;A01;1;7;0;1;3;16;1;
64170;202200041601;739 875;A01;1;50;0;2;1;5;3;
64171;202200041601;739 876;B01;2;7;0;2;1;1;1;
64172;202200041602;739 873;A01;1;1;0;2;1;15;5;
64173;202200041602;739 874;B01;1;7;0;9;2;16;1;
64174;202200041603;739 870;C01;2;7;0;2;4;2;1;
64175;202200041603;739 871;B01;2;7;0;2;4;2;1;
64176;202200041603;739 872;A01;2;7;0;2;1;2;1;
64177;202200041604;739 868;B01;1;7;0;2;5;0;1;
64178;202200041604;739 869;A01;1;33;0;2;1;17;1;
64179;202200041605;739 866;A01;1;7;0;2;1;1;1;
64180;202200041605;739 867;B01;2;50;0;2;8;1;3;
64181;202200041607;739 862;B01;1;7;0;0;0;0;1;
64182;202200041607;739 863;A01;1;7;0;2;1;1;1;
64183;202200041608;739 860;B01;2;7;0;2;1;1;1;
64184;202200041608;739 861;A01;2;7;0;2;1;1;1;
64185;202200041609;739 858;A01;1;7;0;2;1;1;1;
64186;202200041609;739 859;B01;1;80;0;2;1;1;3;
64187;202200041610;739 855;C01;3;7;0;2;1;1;1;
64188;202200041610;739 856;B01;3;7;0;2;1;1;1;
64189;202200041610;739 857;A01;3;7;0;2;1;17;1;
64190;202200041611;739 853;A01;3;7;0;2;1;1;1;
64191;202200041611;739 854;B01;3;7;0;2;4;1;1;
64192;202200041613;739 850;B01;1;7;0;9;0;0;1;
64193;202200041613;739 851;A01;3;60;0;2;1;26;0;
64194;202200041614;739 849;A01;1;7;0;1;4;20;1;
64195;202200041615;739 847;Z01;1;0;0;2;2;1;0;
64196;202200041615;739 848;A01;1;50;0;2;6;1;3;
64197;202200041616;739 845;A01;1;7;0;2;2;2;1;
64198;202200041616;739 846;B01;1;7;0;2;6;2;1;
64199;202200041617;739 844;A01;1;7;0;5;1;1;1;
64200;202200041618;739 843;A01;1;7;0;1;4;26;1;
64201;202200041619;739 840;A01;1;7;0;1;2;1;1;
64202;202200041620;739 839;A01;1;7;0;1;1;1;1;
64203;202200041621;739 835;A01;0;7;0;2;1;1;1;
64204;202200041621;739 836;B01;1;1;0;2;6;1;5;
64205;202200041622;739 833;B01;3;7;0;2;4;23;1;
64206;202200041622;739 834;A01;3;7;0;2;1;2;1;
64207;202200041624;739 829;A01;2;7;0;2;6;9;1;
64208;202200041624;739 830;B01;2;14;0;2;2;1;1;
64209;202200041625;739 827;A01;3;7;0;2;1;15;1;
64210;202200041625;739 828;B01;3;2;0;2;2;0;1;
64211;202200041626;739 826;A01;1;7;0;1;2;1;1;
64212;202200041627;739 825;A01;2;14;0;1;1;1;1;
64213;202200041628;739 824;A01;1;10;0;1;4;20;1;
64214;202200041629;739 822;B01;1;32;0;2;8;17;1;
64215;202200041629;739 823;A01;1;7;0;2;0;1;1;
64216;202200041630;739 820;B01;2;1;0;2;8;1;5;
64217;202200041630;739 821;A01;2;14;0;2;1;16;1;
64218;202200041631;739 818;B01;1;7;0;2;6;1;1;
64219;202200041631;739 819;A01;2;7;0;2;3;5;1;
64220;202200041632;739 816;B01;1;7;0;2;1;1;1;
64221;202200041632;739 817;A01;2;7;0;2;5;15;1;
64222;202200041633;739 815;A01;1;7;3;9;2;0;1;
64223;202200041634;739 813;B01;1;7;0;2;2;2;1;
64224;202200041634;739 814;A01;1;30;0;2;4;2;1;
64225;202200041635;739 812;A01;2;2;0;0;2;13;1;
64226;202200041636;739 810;A01;3;7;0;2;7;16;1;
64227;202200041636;739 811;B01;3;1;0;2;2;1;5;
64228;202200041638;739 805;A01;3;7;0;2;1;1;1;
64229;202200041638;739 806;B01;3;7;0;2;4;1;1;
64230;202200041640;739 802;A01;1;7;0;1;1;1;1;
64231;202200041641;739 800;B01;3;50;0;0;0;0;3;
64232;202200041641;739 801;A01;3;7;0;0;0;26;1;
64233;202200041642;739 798;B01;1;7;0;2;4;2;1;
64234;202200041642;739 799;A01;1;7;0;2;1;2;1;
64235;202200041643;739 796;B01;0;7;0;2;3;1;1;
64236;202200041643;739 797;C01;0;7;-1;2;-1;0;-1;
64237;202200041644;739 794;B01;1;99;0;2;0;26;3;
64238;202200041644;739 795;A01;1;7;0;2;3;13;1;
64239;202200041645;739 792;A01;1;7;0;2;5;15;1;
64240;202200041645;739 793;B01;2;32;0;2;5;1;1;
64241;202200041646;739 791;A01;1;31;3;0;1;1;1;
64242;202200041647;739 789;B01;3;7;0;2;1;1;1;
64243;202200041647;739 790;A01;3;7;0;2;1;15;1;
64244;202200041648;739 788;A01;3;7;0;1;1;26;1;
64245;202200041649;739 785;A01;2;7;0;2;2;2;1;
64246;202200041649;739 786;B01;2;10;0;2;6;2;1;
64247;202200041649;739 787;C01;2;10;0;2;5;2;1;
64248;202200041650;739 783;B01;0;7;0;2;2;1;1;
64249;202200041650;739 784;A01;0;7;0;2;3;15;1;
64250;202200041651;739 781;A01;1;33;0;2;1;3;1;
64251;202200041651;739 782;B01;1;7;0;2;5;12;1;
64252;202200041652;739 779;B01;2;33;0;2;1;3;1;
64253;202200041652;739 780;A01;2;7;0;2;5;12;1;
64254;202200041653;739 777;A01;1;32;0;2;1;11;1;
64255;202200041653;739 778;B01;1;7;0;2;5;2;1;
64256;202200041654;739 775;A01;1;7;0;2;1;2;1;
64257;202200041654;739 776;B01;1;7;0;2;4;2;1;
64258;202200041656;739 770;A01;1;7;0;1;5;4;2;
64259;202200041657;739 769;A01;2;1;0;1;1;1;5;
64260;202200041658;739 768;A01;2;80;0;1;1;1;3;
64261;202200041660;739 766;A01;2;50;0;1;1;1;3;
64262;202200041661;739 764;A01;1;30;0;2;2;17;1;
64263;202200041661;739 765;Z01;1;7;0;2;3;15;1;
64264;202200041662;739 762;A01;1;7;0;2;2;2;2;
64265;202200041662;739 763;B01;1;34;0;2;5;23;1;
64266;202200041663;739 760;B01;1;1;0;2;1;9;5;
64267;202200041663;739 761;A01;1;30;0;2;1;1;3;
64268;202200041664;739 758;A01;1;32;0;2;1;2;1;
64269;202200041664;739 759;Z01;1;10;0;2;6;2;2;
64270;202200041665;739 756;B01;1;1;0;2;7;1;5;
64271;202200041665;739 757;A01;2;7;0;2;2;1;1;
64272;202200041666;739 755;A01;1;10;0;1;4;4;1;
64273;202200041667;739 754;A01;1;30;14;0;0;14;1;
64274;202200041668;739 753;A01;3;1;0;1;0;5;5;
64275;202200041669;739 751;A01;0;7;0;2;1;1;1;
64276;202200041669;739 752;B01;0;7;0;2;8;1;2;
64277;202200041670;739 749;A01;1;1;0;2;1;1;5;
64278;202200041670;739 750;B01;2;7;0;2;3;1;1;
64279;202200041671;739 746;A01;1;7;0;2;1;2;1;
64280;202200041671;739 747;B01;1;10;0;2;4;2;1;
64281;202200041671;739 748;C01;1;10;0;2;4;2;1;
64282;202200041673;739 742;A01;1;37;0;2;1;2;1;2.0
64283;202200041673;739 743;B01;1;7;0;2;4;2;1;
64284;202200041674;739 740;A01;1;34;0;2;0;18;1;
64285;202200041674;739 741;B01;1;7;0;2;2;20;2;
64286;202200041675;739 738;A01;1;7;8;2;2;14;2;
64287;202200041675;739 739;B01;1;7;0;2;5;1;1;
64288;202200041676;739 736;A01;1;1;0;2;5;1;5;
64289;202200041676;739 737;Z01;1;80;0;2;3;18;3;
64290;202200041678;739 732;A01;2;1;0;2;4;15;5;
64291;202200041678;739 733;B01;1;7;0;2;1;1;1;
64292;202200041679;739 730;A01;2;7;0;2;0;1;1;
64293;202200041679;739 731;B01;1;1;0;2;1;26;5;
64294;202200041680;739 728;B01;1;34;0;2;4;2;1;
64295;202200041680;739 729;A01;1;7;0;2;1;1;2;
64296;202200041681;739 725;B01;2;33;0;2;2;1;1;
64297;202200041681;739 726;C01;2;33;0;2;2;1;1;