;Num_Acc;id_vehicule;num_veh;senc;catv;obs;obsm;choc;manv;motor;occutc
64298;202200041681;739 727;A01;2;7;0;2;3;1;1;
64299;202200041682;739 723;A01;2;7;0;0;0;22;0;
64300;202200041682;739 724;B01;2;1;0;0;0;1;5;
64301;202200041683;739 721;B01;1;7;0;2;1;6;1;
64302;202200041683;739 722;A01;1;34;0;2;2;1;1;
64303;202200041684;739 719;B01;2;7;0;2;8;15;1;
64304;202200041684;739 720;A01;2;33;0;2;1;17;1;
64305;202200041685;739 717;B01;0;2;0;2;9;2;0;
64306;202200041685;739 718;A01;0;7;1;0;3;9;1;
64307;202200041686;739 715;B01;3;7;0;2;3;15;1;
64308;202200041686;739 716;A01;3;33;0;2;1;1;1;
64309;202200041687;739 713;B01;1;2;0;2;3;1;1;
64310;202200041687;739 714;A01;2;7;0;2;2;15;1;
64311;202200041688;739 712;A01;1;7;9;0;1;0;1;
64312;202200041689;739 711;A01;2;7;0;1;3;1;0;
64313;202200041691;739 708;A01;1;10;0;1;2;2;1;
64314;202200041692;739 706;B01;2;7;0;2;3;1;1;
64315;202200041692;739 707;A01;1;7;0;2;3;1;1;
64316;202200041693;739 704;A01;2;7;6;2;3;2;1;
64317;202200041693;739 705;B01;2;7;0;2;2;2;1;
64318;202200041694;739 703;A01;0;33;13;0;0;1;1;
64319;202200041695;739 702;A01;2;7;9;0;0;0;1;
64320;202200041696;739 700;A01;2;7;0;2;3;13;1;
64321;202200041696;739 701;B01;1;7;13;2;3;21;1;
64322;202200041697;739 698;A01;1;7;0;2;8;19;1;
64323;202200041697;739 699;B01;2;7;0;2;1;1;2;
64324;202200041699;739 696;A01;2;7;0;1;1;1;1;
64325;202200041700;739 695;A01;2;7;6;0;3;1;1;
64326;202200041701;739 693;B01;1;7;0;2;1;1;1;
64327;202200041701;739 694;A01;2;7;0;2;1;13;1;
64328;202200041702;739 691;B01;1;7;0;2;1;1;1;
64329;202200041702;739 692;A01;2;7;0;2;5;5;1;
64330;202200041703;739 689;A01;2;33;0;2;1;17;1;
64331;202200041703;739 690;B01;1;31;0;2;1;1;1;
64332;202200041704;739 687;A01;1;7;0;2;3;15;1;
64333;202200041704;739 688;B01;1;33;0;2;2;17;1;
64334;202200041705;739 686;A01;1;2;8;0;1;1;1;
64335;202200041706;739 684;B01;1;15;1;0;1;2;1;
64336;202200041706;739 685;A01;1;7;0;0;4;0;1;
64337;202200041707;739 683;A01;2;7;3;0;9;1;1;
64338;202200041708;739 681;A01;2;7;0;2;1;5;1;
64339;202200041708;739 682;B01;1;15;0;2;1;1;1;
64340;202200041709;739 679;A01;3;2;0;2;4;10;1;
64341;202200041709;739 680;B01;0;7;0;2;3;17;1;
64342;202200041710;739 676;B01;2;7;0;2;8;1;2;
64343;202200041710;739 677;A01;1;7;0;2;1;19;1;
64344;202200041712;739 674;A01;3;7;0;1;2;2;1;
64345;202200041713;739 673;A01;3;7;0;1;1;2;1;
64346;202200041714;739 672;A01;2;7;0;1;1;1;1;
64347;202200041715;739 671;A01;3;7;13;0;2;1;1;
64348;202200041716;739 669;A01;2;15;0;0;6;2;1;
64349;202200041716;739 670;B01;2;7;0;2;2;1;1;
64350;202200041717;739 667;A01;3;21;0;2;1;9;1;
64351;202200041717;739 668;B01;3;7;0;2;1;1;1;
64352;202200041718;739 665;B01;2;36;0;2;1;21;1;
64353;202200041718;739 666;A01;1;7;0;2;8;15;1;
64354;202200041719;739 663;B01;2;1;0;2;4;2;5;
64355;202200041719;739 664;A01;2;99;0;2;7;2;1;
64356;202200041721;739 655;C01;1;7;0;2;0;1;1;
64357;202200041721;739 656;B01;1;7;0;2;4;1;1;
64358;202200041721;739 657;A01;1;7;0;2;4;1;1;
64359;202200041722;739 653;A01;2;7;6;2;2;2;1;
64360;202200041722;739 654;B01;2;7;0;2;6;1;1;
64361;202200041723;739 651;A01;2;7;6;2;3;2;1;
64362;202200041723;739 652;B01;2;7;6;2;1;2;1;
64363;202200041725;739 645;A01;2;10;0;2;1;12;1;
64364;202200041725;739 646;B01;2;7;0;2;4;2;1;
64365;202200041726;739 643;B01;2;10;0;2;5;14;1;
64366;202200041726;739 644;A01;2;32;0;2;1;3;1;
64367;202200041727;739 641;A01;2;7;0;2;3;2;1;
64368;202200041727;739 642;B01;2;7;0;2;5;2;1;
64369;202200041728;739 640;A01;2;7;4;0;2;1;1;
64370;202200041729;739 637;D01;2;0;-1;-1;-1;-1;-1;
64371;202200041729;739 638;C01;2;10;0;2;7;1;1;
64372;202200041729;739 639;B01;2;7;0;2;1;1;1;
64373;202200041730;739 636;A01;1;7;4;2;1;2;1;
64374;202200041731;739 634;A01;1;30;0;2;1;11;1;
64375;202200041731;739 635;B01;1;7;0;2;1;1;1;
64376;202200041732;739 632;A01;1;43;0;2;3;1;1;
64377;202200041732;739 633;B01;1;7;0;2;5;0;1;
64378;202200041733;739 626;A01;1;10;0;2;1;1;1;
64379;202200041733;739 627;B01;1;10;0;2;9;1;1;
64380;202200041733;739 628;C01;1;7;0;2;9;1;1;
64381;202200041733;739 629;D01;1;7;0;2;9;1;1;
64382;202200041733;739 630;E01;1;7;0;2;9;1;1;
64383;202200041733;739 631;F01;1;7;0;2;4;1;1;
64384;202200041734;739 624;B01;1;7;0;1;2;1;1;
64385;202200041736;739 622;A01;2;7;0;1;2;1;1;
64386;202200041737;739 621;A01;1;7;0;1;1;26;1;
64387;202200041738;739 620;A01;1;30;0;1;1;17;1;
64388;202200041739;739 618;A01;1;7;0;2;1;9;2;
64389;202200041739;739 619;B01;1;33;0;2;1;9;1;
64390;202200041740;739 616;A01;3;3;0;2;3;1;1;
64391;202200041740;739 617;B01;3;2;0;2;2;1;1;
64392;202200041741;739 614;B01;1;50;0;2;1;1;3;
64393;202200041741;739 615;A01;2;7;0;2;5;15;1;
64394;202200041742;739 612;B01;1;33;0;2;1;1;1;
64395;202200041742;739 613;A01;1;7;0;2;6;10;1;
64396;202200041743;739 609;C01;3;7;0;2;1;2;2;
64397;202200041743;739 610;B01;3;7;4;0;6;1;1;
64398;202200041743;739 611;A01;3;7;4;2;1;17;1;
64399;202200041744;739 608;A01;3;7;0;1;1;26;1;
64400;202200041745;739 606;A01;2;7;0;2;3;1;1;
64401;202200041745;739 607;B01;1;2;0;2;4;1;1;
64402;202200041747;739 601;A01;1;10;1;2;3;2;1;
64403;202200041747;739 602;B01;2;7;0;2;1;15;1;
64404;202200041747;739 603;C01;1;7;0;0;0;0;1;
64405;202200041748;739 599;B01;1;2;0;2;9;1;1;
64406;202200041748;739 600;A01;1;7;0;2;1;1;1;
64407;202200041749;739 597;A01;0;7;0;2;3;1;1;
64408;202200041749;739 598;B01;0;7;0;2;3;1;1;
64409;202200041750;739 596;A01;2;7;0;1;1;1;1;
64410;202200041752;739 594;A01;1;2;1;0;2;14;3;
64411;202200041753;739 593;A01;2;7;0;1;3;1;1;
64412;202200041754;739 590;B01;0;7;0;2;1;1;1;
64413;202200041754;739 591;C01;0;7;0;2;1;16;1;
64414;202200041754;739 592;A01;0;7;0;2;1;15;1;
64415;202200041755;739 589;A01;0;7;0;1;1;1;1;
64416;202200041756;739 587;A01;2;7;0;2;8;1;1;
64417;202200041756;739 588;B01;1;7;0;2;2;1;1;
64418;202200041757;739 585;B01;1;33;0;2;8;16;1;
64419;202200041757;739 586;A01;1;7;0;2;2;15;1;
64420;202200041758;739 583;A01;2;7;0;2;7;16;1;
64421;202200041758;739 584;B01;2;50;0;2;4;1;3;
64422;202200041760;739 579;B01;1;7;0;2;4;2;2;
64423;202200041760;739 580;A01;1;7;0;2;1;2;1;
64424;202200041761;739 578;A01;2;7;14;0;1;26;1;
64425;202200041762;739 577;A01;1;1;0;1;3;15;5;
64426;202200041764;739 575;A01;3;7;1;2;1;26;1;
64427;202200041765;739 573;B01;1;16;0;2;1;1;1;
64428;202200041765;739 574;A01;2;7;0;2;2;15;1;
64429;202200041766;739 571;B01;2;7;0;2;1;1;1;
64430;202200041766;739 572;A01;1;7;0;2;2;15;1;
64431;202200041767;739 570;A01;3;7;0;1;1;15;1;
64432;202200041768;739 569;A01;2;7;0;1;1;16;1;
64433;202200041769;739 567;B01;1;7;0;2;4;1;1;
64434;202200041769;739 568;A01;1;10;1;2;1;2;1;
64435;202200041770;739 566;A01;3;7;0;1;1;17;1;
64436;202200041771;739 565;A01;2;7;0;1;2;15;1;
64437;202200041772;739 564;A01;2;30;0;0;0;1;1;
64438;202200041773;739 562;A01;1;7;0;2;1;1;1;
64439;202200041773;739 563;B01;1;7;0;2;4;1;1;
64440;202200041775;739 559;A01;1;7;0;1;3;26;1;
64441;202200041776;739 558;A01;1;7;9;0;1;13;1;
64442;202200041777;739 556;B01;3;1;0;2;8;15;5;
64443;202200041777;739 557;A01;3;7;0;2;3;13;1;
64444;202200041778;739 555;A01;1;7;0;1;1;1;1;
64445;202200041779;739 553;B01;1;7;0;2;3;26;1;
64446;202200041779;739 554;A01;1;33;0;2;1;2;1;
64447;202200041781;739 549;B01;2;10;0;2;7;1;1;
64448;202200041781;739 550;A01;2;7;0;2;8;10;1;
64449;202200041782;739 547;B01;2;14;0;2;3;1;1;
64450;202200041782;739 548;A01;2;30;0;2;3;19;1;
64451;202200041783;739 545;Z01;1;7;0;2;1;2;1;
64452;202200041783;739 546;A01;1;10;0;2;4;1;1;
64453;202200041784;739 543;A01;2;7;0;2;2;16;1;
64454;202200041784;739 544;B01;1;1;0;2;1;1;5;
64455;202200041785;739 541;A01;2;7;0;2;1;15;1;
64456;202200041785;739 542;B01;1;33;0;2;1;1;1;
64457;202200041786;739 539;B01;1;14;0;2;2;1;1;
64458;202200041786;739 540;A01;2;7;0;2;1;15;1;
64459;202200041787;739 538;A01;1;7;14;0;3;9;1;
64460;202200041788;739 536;B01;2;7;0;2;1;1;1;
64461;202200041788;739 537;A01;1;17;0;2;1;13;1;
64462;202200041789;739 533;A01;3;7;0;1;1;1;1;
64463;202200041791;739 530;A01;3;7;0;1;1;1;1;
64464;202200041792;739 527;B01;1;7;8;2;6;1;1;
64465;202200041792;739 528;A01;1;7;0;2;8;1;0;
64466;202200041792;739 529;Z01;1;0;0;2;2;9;0;
64467;202200041793;739 525;B01;3;7;0;2;3;1;1;
64468;202200041793;739 526;A01;3;7;13;2;1;17;1;
64469;202200041794;739 524;A01;2;7;6;0;1;26;1;
64470;202200041795;739 523;A01;2;7;6;0;2;1;1;
64471;202200041796;739 522;Z01;3;0;0;1;0;26;0;
64472;202200041797;739 521;A01;1;30;0;0;7;1;1;
64473;202200041798;739 519;B01;1;2;0;2;1;26;1;
64474;202200041798;739 520;A01;1;10;0;2;5;26;1;
64475;202200041799;739 517;A01;2;33;0;2;7;9;1;
64476;202200041799;739 518;B01;2;7;0;2;3;1;1;
64477;202200041802;739 512;Z01;1;17;0;2;2;12;0;
64478;202200041802;739 513;A01;1;7;0;2;8;1;1;
64479;202200041803;739 510;A01;2;50;0;2;1;7;3;
64480;202200041803;739 511;B01;2;7;0;2;8;15;1;
64481;202200041804;739 508;A01;1;7;0;0;3;15;1;
64482;202200041804;739 509;B01;1;32;0;2;7;17;1;
64483;202200041805;739 506;A01;1;1;0;2;6;13;5;
64484;202200041805;739 507;B01;1;1;0;2;1;1;5;
64485;202200041806;739 504;A01;1;7;0;2;1;2;1;
64486;202200041806;739 505;B01;1;7;0;2;4;23;1;
64487;202200041807;739 502;B01;1;7;0;2;8;1;1;
64488;202200041807;739 503;A01;2;7;0;2;1;15;1;
64489;202200041808;739 501;A01;1;33;0;1;2;1;1;
64490;202200041809;739 499;B01;2;32;0;2;1;1;1;
64491;202200041809;739 500;A01;1;7;0;2;2;15;1;
64492;202200041810;739 498;A01;2;37;0;1;2;7;2;1.0
64493;202200041811;739 497;A01;1;50;14;0;1;1;3;
64494;202200041812;739 496;A01;3;7;0;1;1;1;1;
64495;202200041813;739 495;A01;1;7;0;1;3;13;1;
64496;202200041814;739 493;B01;2;50;0;2;1;1;3;
64497;202200041814;739 494;A01;1;7;0;2;3;15;1;
64498;202200041815;739 492;A01;1;32;9;0;1;1;1;
64499;202200041816;739 490;A01;2;7;0;2;1;9;1;
64500;202200041816;739 491;B01;2;50;9;0;8;26;3;
64501;202200041818;739 487;B01;3;7;0;2;1;1;1;
64502;202200041818;739 488;A01;3;10;0;2;4;2;1;
64503;202200041819;739 485;A01;1;7;0;0;3;2;1;
64504;202200041819;739 486;B01;3;7;0;0;3;24;2;
64505;202200041820;739 484;A01;1;7;0;1;1;15;1;
64506;202200041821;739 483;A01;1;7;8;0;1;14;1;
64507;202200041822;739 482;A01;3;7;9;0;1;1;0;
64508;202200041823;739 481;A01;2;10;0;1;1;1;0;
64509;202200041824;739 479;A01;2;34;0;2;1;1;1;
64510;202200041824;739 480;B01;1;7;0;2;7;1;1;
64511;202200041825;739 478;A01;3;7;0;1;4;24;1;
64512;202200041826;739 476;B01;2;33;0;2;1;1;1;
64513;202200041826;739 477;A01;1;7;0;2;3;15;1;
64514;202200041827;739 475;A01;1;34;13;0;0;1;1;
64515;202200041828;739 471;A01;2;14;0;2;3;1;1;
64516;202200041828;739 472;C01;1;17;0;2;8;1;6;
64517;202200041828;739 473;D01;1;17;0;2;8;1;1;
64518;202200041828;739 474;F01;1;10;0;2;8;1;1;
64519;202200041829;739 469;A01;0;7;0;2;1;1;1;
64520;202200041829;739 470;B01;0;7;0;2;2;1;1;
64521;202200041830;739 466;B01;1;17;0;0;6;1;1;
64522;202200041830;739 467;A01;1;10;0;2;2;14;1;
64523;202200041831;739 465;A01;3;7;0;1;3;15;1;
64524;202200041832;739 464;A01;2;1;0;0;0;13;5;
64525;202200041833;739 462;B01;1;2;0;0;4;2;1;
64526;202200041833;739 463;A01;1;7;0;2;2;2;1;
64527;202200041834;739 461;A01;3;7;15;0;7;2;1;
64528;202200041835;739 460;A01;1;7;0;0;9;1;1;
64529;202200041836;739 459;A01;2;7;2;0;5;14;1;
64530;202200041837;739 457;B01;2;14;0;2;8;1;1;
64531;202200041837;739 458;A01;1;7;0;2;3;13;1;
64532;202200041839;739 455;A01;0;7;8;0;2;0;1;
64533;202200041840;739 453;B01;1;7;0;2;3;3;0;
64534;202200041840;739 454;A01;2;7;0;2;2;1;1;
64535;202200041841;739 452;A01;3;7;0;1;1;1;1;
64536;202200041842;739 451;A01;1;33;0;0;0;1;1;
64537;202200041843;739 449;B01;1;7;0;2;6;1;1;
64538;202200041843;739 450;A01;1;33;0;2;1;1;1;
64539;202200041844;739 448;A01;2;7;8;0;1;1;1;
64540;202200041846;739 446;A01;2;2;0;0;2;1;1;
64541;202200041847;739 445;A01;2;10;0;0;0;1;1;
64542;202200041848;739 443;B01;2;7;0;2;3;15;1;
64543;202200041848;739 444;A01;1;2;0;0;8;1;1;
64544;202200041849;739 441;B01;2;1;0;2;7;2;5;
64545;202200041849;739 442;A01;2;7;0;9;3;1;1;
64546;202200041850;739 440;A01;2;7;13;0;1;1;1;
64547;202200041851;739 438;B01;2;7;0;2;1;1;1;
64548;202200041851;739 439;A01;1;7;0;2;1;13;1;
64549;202200041852;739 436;B01;2;33;0;2;1;1;1;
64550;202200041852;739 437;A01;1;10;0;2;2;15;1;
64551;202200041853;739 434;B01;0;7;0;2;1;0;1;
64552;202200041853;739 435;A01;0;10;0;2;1;0;1;
64553;202200041854;739 432;B01;1;7;0;2;1;2;1;
64554;202200041854;739 433;A01;1;7;0;0;4;2;1;
64555;202200041855;739 431;A01;2;7;2;0;3;13;1;
64556;202200041856;739 428;A01;1;7;0;2;3;1;1;
64557;202200041856;739 429;B01;2;7;0;2;3;1;1;
64558;202200041856;739 430;C01;2;7;0;2;1;1;1;
64559;202200041857;739 427;A01;2;1;0;0;1;1;5;
64560;202200041858;739 425;A01;1;7;0;1;2;1;1;
64561;202200041859;739 424;A01;2;7;0;2;1;13;1;
64562;202200041859;739 426;B01;1;7;0;0;1;1;1;
64563;202200041860;739 422;A01;1;7;0;9;1;9;1;
64564;202200041860;739 423;B01;1;1;0;2;7;1;5;
64565;202200041861;739 420;A01;2;30;5;0;7;1;1;
64566;202200041862;739 421;A01;3;2;12;0;8;13;1;
64567;202200041863;739 417;A01;1;7;0;2;3;15;1;
64568;202200041863;739 419;B01;1;2;0;2;2;17;1;
64569;202200041864;739 415;B01;2;30;0;2;7;1;1;
64570;202200041864;739 418;A01;1;7;0;2;3;9;1;
64571;202200041865;739 414;B01;1;7;0;2;1;1;1;
64572;202200041865;739 416;A01;1;10;0;2;7;1;1;
64573;202200041866;739 412;A01;0;7;0;1;1;15;1;
64574;202200041867;739 409;A01;3;7;0;1;2;1;1;
64575;202200041868;739 410;A01;1;7;3;0;3;11;1;
64576;202200041868;739 411;B01;1;7;3;2;1;17;3;
64577;202200041868;739 413;C01;2;7;3;0;1;1;1;
64578;202200041869;739 406;A01;1;7;0;2;2;15;1;
64579;202200041869;739 408;B01;2;31;0;2;1;1;1;
64580;202200041870;739 403;A01;3;7;0;2;1;9;1;
64581;202200041870;739 405;B01;3;30;1;2;4;0;1;
64582;202200041871;739 404;B01;2;10;0;0;3;13;1;
64583;202200041871;739 407;A01;1;7;0;2;3;13;1;
64584;202200041873;739 400;A01;2;7;0;1;1;1;0;
64585;202200041874;739 399;A01;2;17;1;0;2;14;1;
64586;202200041874;739 401;B01;2;15;0;0;6;24;1;
64587;202200041875;739 396;B01;3;10;0;2;1;0;0;
64588;202200041875;739 398;A01;3;7;0;2;6;19;0;
64589;202200041877;739 393;A01;1;2;10;0;2;1;1;
64590;202200041878;739 392;B01;1;50;0;2;4;0;2;
64591;202200041878;739 394;A01;1;7;0;2;1;1;1;
64592;202200041879;739 390;A01;1;7;0;2;8;10;1;
64593;202200041879;739 391;B01;1;2;0;2;1;1;1;
64594;202200041880;739 387;A01;2;30;0;0;7;14;3;
64595;202200041881;739 388;A01;2;7;0;2;1;1;1;
64596;202200041881;739 389;B01;1;7;0;2;1;1;1;
64597;202200041882;739 385;A01;2;7;0;2;1;0;0;
64598;202200041882;739 386;B01;2;7;0;2;1;0;1;
64599;202200041883;739 382;B01;1;10;0;1;3;1;1;
64600;202200041883;739 384;A01;1;7;0;1;3;1;1;
64601;202200041884;739 381;B01;1;14;0;2;3;1;1;
64602;202200041884;739 383;A01;2;7;0;2;2;1;1;
64603;202200041885;739 379;B01;3;1;0;0;0;0;5;
64604;202200041885;739 380;A01;3;7;0;2;0;9;1;
64605;202200041886;739 377;B01;2;2;0;2;1;1;1;
64606;202200041886;739 378;A01;2;7;0;2;2;1;1;
64607;202200041887;739 376;A01;1;7;2;0;1;13;1;
64608;202200041889;739 373;A01;1;7;0;1;2;1;1;
64609;202200041890;739 372;A01;2;30;0;0;0;1;1;
64610;202200041891;739 371;A01;0;33;0;0;7;16;1;
64611;202200041892;739 370;A01;1;7;2;0;1;0;1;
64612;202200041893;739 367;B01;1;7;0;2;3;1;1;
64613;202200041893;739 369;A01;2;7;0;2;8;13;1;
64614;202200041894;739 366;A01;3;7;0;2;3;26;1;
64615;202200041894;739 368;B01;2;7;0;2;7;1;1;
64616;202200041895;739 365;A01;1;7;16;0;8;0;1;
64617;202200041896;739 364;A01;2;7;1;0;7;1;1;
64618;202200041897;739 363;A01;1;7;13;0;1;17;1;
64619;202200041898;739 362;A01;1;7;14;0;3;6;1;
64620;202200041899;739 360;B01;2;10;0;2;8;11;1;
64621;202200041899;739 361;A01;2;7;2;2;7;17;1;
64622;202200041900;739 358;VA01;2;7;0;2;3;16;1;
64623;202200041900;739 359;UB01;3;50;0;2;7;19;3;
64624;202200041901;739 356;A01;2;7;0;2;3;1;1;
64625;202200041901;739 357;B01;1;2;0;2;7;16;1;
64626;202200041903;739 353;A01;1;7;2;0;1;1;1;
64627;202200041904;739 352;A01;1;7;0;2;3;15;1;
64628;202200041904;739 354;B01;2;38;0;2;1;1;1;1.0
64629;202200041905;739 350;A01;3;7;0;2;1;2;1;
64630;202200041905;739 351;B01;3;7;0;2;4;2;1;
64631;202200041906;739 349;A01;2;7;0;1;2;1;1;
64632;202200041907;739 348;A01;1;7;9;0;1;1;1;
64633;202200041908;739 346;A01;1;99;0;0;8;21;3;
64634;202200041909;739 347;A01;1;33;9;0;1;6;1;
64635;202200041910;739 344;A01;1;7;0;1;2;1;1;
64636;202200041911;739 345;A01;2;7;0;1;3;15;1;
64637;202200041912;739 343;A01;1;7;0;1;3;15;1;
64638;202200041913;739 341;A01;1;7;13;0;7;1;2;
64639;202200041914;739 337;A01;2;7;0;2;3;15;1;
64640;202200041914;739 338;B01;1;33;0;2;8;1;1;
64641;202200041916;739 335;A01;2;7;6;0;2;1;1;
64642;202200041917;739 333;B01;1;40;0;2;3;1;3;
64643;202200041917;739 334;A01;1;1;0;4;2;15;5;
64644;202200041918;739 331;B01;1;32;0;2;1;1;1;
64645;202200041918;739 332;A01;2;33;0;2;7;15;1;
64646;202200041919;739 329;B01;1;43;0;2;7;1;1;
64647;202200041919;739 330;A01;1;7;0;2;8;9;1;
64648;202200041920;739 327;B01;2;33;0;2;1;1;1;
64649;202200041920;739 328;A01;1;10;0;2;2;15;1;
64650;202200041921;739 325;A01;2;7;0;2;3;1;1;
64651;202200041921;739 326;B01;1;7;0;2;3;1;1;
64652;202200041922;739 324;A01;1;7;0;1;1;1;1;
64653;202200041923;739 322;A01;1;7;0;2;7;15;1;
64654;202200041923;739 323;B01;2;1;0;2;1;1;5;
64655;202200041924;739 321;B01;0;7;0;1;1;0;1;
64656;202200041925;739 318;C01;1;7;14;0;1;23;1;
64657;202200041925;739 319;B01;1;7;0;0;1;23;1;
64658;202200041925;739 320;A01;1;7;0;0;1;2;1;
64659;202200041926;739 317;B01;3;34;0;9;1;26;1;
64660;202200041927;739 314;A01;1;7;6;0;2;14;1;
64661;202200041928;739 312;B01;2;30;0;2;1;1;1;
64662;202200041928;739 313;A01;2;7;0;2;4;4;1;
64663;202200041929;739 310;B01;1;7;0;2;5;15;1;
64664;202200041929;739 311;A01;1;30;0;2;1;2;1;
64665;202200041930;739 309;A01;1;7;0;1;3;16;1;
64666;202200041931;739 308;A01;2;7;0;0;0;1;1;
64667;202200041932;739 307;A01;1;7;1;1;3;1;1;
64668;202200041933;739 306;A01;1;7;0;1;2;1;1;
64669;202200041934;739 304;B01;2;7;0;2;8;23;1;
64670;202200041934;739 305;A01;2;7;14;0;1;1;1;
64671;202200041935;739 302;B01;3;34;0;2;1;1;1;
64672;202200041935;739 303;A01;3;7;0;2;6;10;1;
64673;202200041936;739 300;B01;0;7;0;2;2;1;1;
64674;202200041936;739 301;A01;0;34;0;2;3;18;1;
64675;202200041937;739 298;B01;3;7;0;2;4;26;1;
64676;202200041937;739 299;A01;3;7;0;2;1;1;1;
64677;202200041939;739 296;A01;1;7;14;0;2;16;1;
64678;202200041940;739 293;C01;2;7;0;2;1;23;1;
64679;202200041940;739 294;B01;1;30;0;2;1;2;1;
64680;202200041940;739 295;A01;2;7;0;2;3;15;1;
64681;202200041942;739 289;B01;2;7;0;9;3;1;1;
64682;202200041942;739 290;A01;1;31;0;2;3;1;1;
64683;202200041943;739 287;A01;2;7;0;2;1;15;1;
64684;202200041943;739 288;B01;3;33;0;2;1;1;1;
64685;202200041944;739 285;B01;2;1;0;2;0;0;5;
64686;202200041944;739 286;A01;2;7;0;9;7;2;1;
64687;202200041945;739 283;A01;0;33;10;0;4;17;1;
64688;202200041945;739 284;B01;0;33;10;0;0;0;1;
64689;202200041946;739 281;A01;2;7;0;2;1;1;1;
64690;202200041946;739 282;B01;2;7;0;2;8;1;0;
64691;202200041947;739 279;B01;1;7;0;2;3;1;1;
64692;202200041947;739 280;A01;2;1;0;2;1;5;5;
64693;202200041948;739 277;B01;3;7;0;2;7;24;1;
64694;202200041948;739 278;A01;3;7;1;0;3;1;1;
64695;202200041949;739 275;A01;1;50;7;2;1;17;3;
64696;202200041949;739 276;B01;1;7;0;2;8;1;1;
64697;202200041950;739 273;A01;2;7;0;2;1;16;1;
64698;202200041950;739 274;B01;1;1;0;2;1;15;5;
64699;202200041952;739 270;B01;1;80;0;2;1;1;3;
64700;202200041952;739 271;A01;1;7;0;2;7;22;1;
64701;202200041953;739 268;A01;3;7;0;2;3;1;1;
64702;202200041953;739 269;Z01;3;7;0;2;2;1;1;
64703;202200041954;739 266;A01;1;7;0;0;7;22;1;
64704;202200041954;739 267;B01;1;50;0;2;1;1;3;
64705;202200041955;739 264;A01;1;7;0;2;2;15;1;
64706;202200041955;739 265;B01;2;32;0;2;8;14;1;
64707;202200041956;739 262;A01;1;7;0;2;1;15;1;
64708;202200041956;739 263;B01;1;50;0;2;1;1;3;
64709;202200041957;739 260;A01;1;10;0;2;2;1;1;
64710;202200041957;739 261;B01;1;7;0;2;3;16;2;
64711;202200041958;739 258;B01;1;7;0;2;6;15;1;
64712;202200041958;739 259;A01;1;32;0;2;1;17;1;
64713;202200041959;739 256;A01;1;7;0;2;1;2;1;
64714;202200041959;739 257;B01;1;7;0;2;4;2;1;
64715;202200041960;739 255;A01;1;32;1;0;0;21;1;
64716;202200041961;739 254;A01;3;60;14;0;1;21;5;
64717;202200041962;739 252;A01;1;1;0;2;1;19;5;
64718;202200041962;739 253;B01;3;7;0;2;2;15;1;
64719;202200041963;739 251;A01;2;7;1;0;2;14;1;
64720;202200041964;739 250;A01;1;50;0;1;1;17;3;
64721;202200041966;739 246;B01;1;33;0;2;1;1;1;
64722;202200041966;739 247;A01;2;7;0;2;7;15;1;
64723;202200041967;739 244;A01;1;34;0;2;1;17;1;
64724;202200041967;739 245;B01;1;7;0;2;3;1;1;
64725;202200041968;739 242;A01;1;50;0;2;8;19;3;
64726;202200041968;739 243;B01;1;7;0;2;1;1;2;
64727;202200041969;739 240;A01;1;1;0;2;1;1;5;
64728;202200041969;739 241;B01;1;7;0;2;4;23;1;
64729;202200041970;739 239;A01;1;34;0;1;2;19;1;
64730;202200041971;739 237;A01;2;32;0;2;5;15;1;
64731;202200041971;739 238;B01;2;7;0;2;3;15;1;
64732;202200041973;739 234;B01;-1;32;0;2;1;1;1;
64733;202200041973;739 235;A01;3;7;0;2;5;15;2;
64734;202200041974;739 232;A01;1;32;0;2;2;15;1;
64735;202200041974;739 233;B01;1;7;0;2;6;11;1;
64736;202200041977;739 228;A01;-1;7;1;0;1;1;1;
64737;202200041978;739 224;B01;2;37;0;2;5;1;1;1.0
64738;202200041978;739 225;A01;1;7;0;2;1;1;1;
64739;202200041979;739 222;A01;3;10;0;2;6;9;1;
64740;202200041979;739 223;B01;0;10;0;2;2;9;1;
64741;202200041981;739 219;A01;3;50;0;0;1;1;3;
64742;202200041982;739 217;B01;3;32;0;2;7;1;1;
64743;202200041982;739 218;A01;3;7;0;2;3;15;3;
64744;202200041983;739 216;A01;1;30;0;0;0;0;0;
64745;202200041984;739 215;A01;1;30;0;1;3;0;1;
64746;202200041985;739 213;A01;2;32;0;2;4;2;1;
64747;202200041985;739 214;Z01;0;3;0;2;0;0;0;
64748;202200041986;739 212;A01;1;10;0;1;1;1;1;
64749;202200041987;739 210;B01;2;7;0;2;1;1;1;
64750;202200041987;739 211;A01;2;7;0;2;7;1;1;
64751;202200041988;739 209;A01;2;7;1;0;2;14;1;
64752;202200041989;739 207;A01;1;7;0;2;8;9;1;
64753;202200041989;739 208;B01;2;37;0;2;1;1;1;1.0
64754;202200041990;739 205;A01;1;7;0;2;3;1;1;
64755;202200041990;739 206;B01;2;7;0;2;3;1;1;
64756;202200041991;739 203;B01;2;33;0;2;1;2;1;
64757;202200041991;739 204;A01;2;7;0;0;6;9;1;
64758;202200041992;739 201;A01;2;33;0;2;1;3;1;