;Num_Acc;id_vehicule;num_veh;senc;catv;obs;obsm;choc;manv;motor;occutc
64759;202200041992;739 202;B01;2;7;0;2;2;2;1;
64760;202200041993;739 200;A01;1;7;2;0;1;14;1;
64761;202200041994;739 195;A01;1;7;0;2;1;1;1;
64762;202200041994;739 196;B01;1;7;0;0;8;1;1;
64763;202200041995;739 193;B01;1;34;0;2;1;5;1;
64764;202200041995;739 194;A01;1;7;0;2;8;15;1;
64765;202200041996;739 192;A01;1;33;12;0;1;1;1;
64766;202200041997;739 190;B01;2;10;0;2;1;1;1;
64767;202200041997;739 191;A01;1;7;0;2;1;13;1;
64768;202200041998;739 189;A01;1;7;13;0;0;1;2;
64769;202200041999;739 187;A01;2;7;0;2;1;13;1;
64770;202200041999;739 188;B01;1;33;0;2;1;1;1;
64771;202200042000;739 184;A01;1;7;0;2;1;2;1;
64772;202200042000;739 185;B01;1;7;0;2;5;2;1;
64773;202200042000;739 186;C01;1;7;0;0;6;2;1;
64774;202200042001;739 182;A01;1;7;2;2;5;13;1;
64775;202200042001;739 183;B01;2;7;2;2;1;1;1;
64776;202200042002;739 181;A01;1;7;13;0;2;1;1;
64777;202200042003;739 180;A01;3;7;8;0;1;1;1;
64778;202200042004;739 178;B01;1;7;0;2;4;11;1;
64779;202200042004;739 179;A01;1;33;0;2;1;1;1;
64780;202200042005;739 176;B01;1;33;0;2;1;1;0;
64781;202200042005;739 177;A01;2;37;0;2;6;15;1;1.0
64782;202200042006;739 174;B01;1;31;0;2;1;3;1;
64783;202200042006;739 175;A01;1;7;0;2;3;11;1;
64784;202200042007;739 172;A01;1;1;0;2;8;21;5;
64785;202200042007;739 173;B01;1;7;0;9;1;1;1;
64786;202200042010;739 165;C01;1;10;0;2;4;1;1;
64787;202200042010;739 166;B01;1;7;0;2;4;1;1;
64788;202200042010;739 168;A01;1;7;0;2;1;1;1;
64789;202200042011;739 164;A01;1;17;1;0;1;1;1;
64790;202200042012;739 163;A01;1;7;0;0;0;1;1;
64791;202200042015;739 157;C01;2;13;0;2;3;1;1;
64792;202200042015;739 159;B01;2;15;0;2;3;1;1;
64793;202200042015;739 160;A01;1;7;0;2;1;1;1;
64794;202200042016;739 155;C01;1;10;0;2;1;1;1;
64795;202200042016;739 156;B01;1;10;0;2;4;1;1;
64796;202200042016;739 158;A01;1;10;4;0;1;1;1;
64797;202200042017;739 152;Z01;1;99;0;1;1;1;0;
64798;202200042018;739 153;A01;1;10;0;9;2;0;1;
64799;202200042018;739 154;B01;1;1;0;2;1;0;5;
64800;202200042020;739 148;B01;2;7;0;2;6;1;1;
64801;202200042020;739 151;A01;1;43;0;2;1;7;1;
64802;202200042021;739 147;A01;3;21;6;0;5;1;1;
64803;202200042022;739 143;A01;0;7;0;2;2;9;1;
64804;202200042022;739 144;B01;1;33;0;2;1;1;1;
64805;202200042025;739 138;B01;1;2;0;2;4;2;3;
64806;202200042025;739 139;A01;1;10;0;2;2;2;5;
64807;202200042026;739 136;A01;2;7;0;2;1;2;1;
64808;202200042026;739 137;B01;2;7;0;2;4;23;1;
64809;202200042027;739 134;A01;2;7;0;2;3;13;1;
64810;202200042027;739 135;B01;1;7;0;2;3;1;1;
64811;202200042028;739 132;A01;2;7;13;0;1;1;1;
64812;202200042029;739 131;Z01;3;30;0;2;4;2;0;
64813;202200042029;739 133;A01;3;30;0;2;1;2;1;
64814;202200042030;739 129;B01;2;32;0;2;3;15;1;
64815;202200042030;739 130;A01;1;7;0;2;1;1;1;
64816;202200042031;739 127;Z01;0;10;0;2;1;1;0;
64817;202200042031;739 128;A01;0;30;0;2;8;9;1;
64818;202200042032;739 125;A01;1;7;0;2;1;10;1;
64819;202200042032;739 126;B01;2;7;0;2;2;1;1;
64820;202200042033;739 123;B01;2;7;0;2;5;23;1;
64821;202200042033;739 124;A01;2;7;12;2;1;21;1;
64822;202200042034;739 121;B01;2;33;0;2;7;17;1;
64823;202200042034;739 122;A01;2;7;0;9;3;17;1;
64824;202200042035;739 119;A01;2;7;0;2;3;15;1;
64825;202200042035;739 120;B01;2;32;0;2;8;1;1;
64826;202200042036;739 116;A01;2;50;0;1;1;5;3;
64827;202200042037;739 115;C01;2;7;0;2;3;23;1;
64828;202200042037;739 117;A01;1;7;0;2;7;19;1;
64829;202200042037;739 118;B01;2;7;0;2;1;1;1;
64830;202200042038;739 113;Z01;1;37;0;1;0;16;0;1.0
64831;202200042040;739 110;A01;1;7;15;0;1;1;1;
64832;202200042041;739 109;Z01;2;1;0;1;1;1;0;
64833;202200042042;739 107;A01;2;7;0;2;3;13;1;
64834;202200042042;739 108;B01;1;7;0;2;3;1;1;
64835;202200042043;739 106;A01;1;7;2;0;1;13;1;
64836;202200042044;739 103;B01;2;1;0;0;4;2;5;
64837;202200042044;739 104;A01;2;10;0;2;2;2;1;
64838;202200042045;739 102;B01;2;7;0;2;1;1;1;
64839;202200042045;739 105;A01;1;10;0;2;3;5;1;
64840;202200042046;739 099;A01;1;7;0;2;3;11;1;
64841;202200042046;739 101;B01;1;30;0;2;1;15;1;
64842;202200042047;739 098;B01;1;7;0;2;1;1;1;
64843;202200042047;739 100;A01;2;7;0;2;5;1;1;
64844;202200042049;739 094;A01;2;7;0;2;3;1;1;
64845;202200042049;739 095;B01;1;7;0;2;3;1;1;
64846;202200042050;739 093;A01;1;7;0;1;1;1;1;
64847;202200042051;739 092;A01;1;7;0;0;5;1;1;
64848;202200042052;739 091;A01;2;0;0;1;0;16;0;
64849;202200042053;739 088;A01;0;33;0;2;8;0;1;
64850;202200042053;739 090;B01;0;7;0;2;8;9;1;
64851;202200042054;739 087;B01;1;7;0;2;2;21;1;
64852;202200042054;739 089;A01;2;7;0;2;1;13;1;
64853;202200042055;739 085;B01;0;7;0;2;1;0;0;
64854;202200042055;739 086;A01;0;7;0;2;4;2;1;
64855;202200042056;739 084;A01;1;7;0;0;2;0;1;
64856;202200042057;739 083;A01;0;2;0;1;1;1;0;
64857;202200042059;739 078;A01;3;7;4;0;2;15;1;
64858;202200042059;739 081;B01;3;7;0;0;0;2;1;
64859;202200042060;739 077;C01;2;10;0;2;1;1;1;
64860;202200042060;739 079;B01;1;33;0;2;1;1;1;
64861;202200042060;739 080;A01;2;7;0;2;7;15;1;
64862;202200042062;739 072;A01;3;7;0;2;3;1;1;
64863;202200042062;739 074;B01;3;2;0;2;2;1;1;
64864;202200042063;739 069;B01;2;50;0;2;1;26;3;
64865;202200042063;739 071;A01;1;7;0;1;1;19;1;
64866;202200042064;739 068;B01;1;15;0;2;7;20;1;
64867;202200042064;739 070;A01;1;7;0;2;1;1;1;
64868;202200042065;739 067;A01;3;37;14;0;1;1;1;1.0
64869;202200042066;739 065;A01;2;7;0;1;5;1;1;
64870;202200042067;739 064;B01;2;33;0;2;1;1;0;
64871;202200042067;739 066;A01;2;7;0;2;5;15;0;
64872;202200042068;739 062;A01;3;7;0;1;4;4;1;
64873;202200042069;739 061;A01;1;7;8;0;2;1;1;
64874;202200042069;739 063;B01;1;7;0;0;1;1;1;
64875;202200042070;739 057;B01;1;7;0;2;1;5;1;
64876;202200042070;739 059;A01;2;7;0;2;1;1;1;
64877;202200042071;739 058;B01;2;7;13;2;3;1;1;
64878;202200042071;739 060;A01;2;7;13;2;7;14;1;
64879;202200042072;739 056;A01;2;1;0;0;8;15;5;
64880;202200042073;739 054;B01;0;7;0;0;3;1;1;
64881;202200042073;739 055;A01;0;7;0;2;5;12;1;
64882;202200042074;739 053;A01;2;50;0;0;0;1;3;
64883;202200042075;739 051;A01;2;7;4;2;9;13;1;
64884;202200042075;739 052;B01;1;7;0;2;1;1;1;
64885;202200042076;739 049;A01;2;7;0;2;1;17;1;
64886;202200042076;739 050;B01;1;30;0;2;1;1;1;
64887;202200042077;739 047;A01;3;7;0;1;3;15;1;
64888;202200042079;739 041;B01;2;33;0;2;8;2;1;
64889;202200042079;739 043;A01;2;7;0;2;1;9;1;
64890;202200042080;739 040;B01;3;7;0;2;3;1;1;
64891;202200042080;739 042;A01;3;33;0;2;3;5;1;
64892;202200042081;739 039;A01;3;33;0;0;7;9;1;
64893;202200042082;739 038;A01;1;2;7;0;1;1;1;
64894;202200042083;739 036;A01;3;7;8;0;1;13;1;
64895;202200042084;739 035;B01;1;7;13;2;3;1;1;
64896;202200042084;739 037;A01;2;37;0;2;3;13;1;1.0
64897;202200042085;739 034;A01;1;7;8;0;9;1;1;
64898;202200042086;739 033;A01;1;2;0;6;2;26;1;
64899;202200042087;739 032;A01;2;2;17;0;1;21;1;
64900;202200042088;739 031;A01;2;7;13;0;6;0;1;
64901;202200042089;739 027;B01;1;7;0;2;1;1;0;
64902;202200042089;739 030;A01;3;38;0;2;2;19;1;1.0
64903;202200042090;739 026;C01;1;7;0;2;5;1;1;
64904;202200042090;739 028;B01;1;7;0;2;9;1;1;
64905;202200042090;739 029;A01;1;7;0;2;1;1;1;
64906;202200042091;739 024;A01;1;7;0;1;2;1;1;
64907;202200042092;739 022;B01;1;7;0;2;2;17;1;
64908;202200042092;739 023;A01;1;1;0;2;1;15;5;
64909;202200042093;739 020;B01;3;7;0;2;3;1;1;
64910;202200042093;739 021;A01;3;7;0;2;3;13;1;
64911;202200042094;739 017;A01;2;7;0;2;8;9;1;
64912;202200042094;739 019;B01;2;7;0;2;2;1;1;
64913;202200042095;739 016;A01;1;7;0;0;1;2;1;
64914;202200042095;739 018;B01;1;7;0;0;4;1;1;
64915;202200042097;739 013;A01;2;7;0;2;3;13;1;
64916;202200042097;739 015;B01;1;10;0;2;3;1;1;
64917;202200042098;739 011;A01;3;1;0;0;0;2;5;
64918;202200042099;739 008;B01;3;7;0;2;3;1;1;
64919;202200042099;739 010;A01;0;7;0;2;3;13;1;
64920;202200042100;739 009;B01;3;38;0;2;3;1;1;7.0
64921;202200042100;739 012;A01;3;7;0;2;3;1;1;
64922;202200042101;739 007;A01;0;32;0;0;9;1;1;
64923;202200042102;739 005;A01;1;2;0;0;0;1;1;
64924;202200042103;739 001;A01;2;7;13;0;9;14;1;
64925;202200042104;739 000;A01;3;7;0;1;1;9;1;
64926;202200042106;738 998;A01;2;7;0;2;3;2;1;
64927;202200042106;739 002;B01;2;7;3;0;6;2;1;
64928;202200042106;739 003;C01;1;7;5;0;1;1;1;
64929;202200042106;739 004;D01;1;7;0;0;1;1;1;
64930;202200042106;739 006;E01;1;7;3;0;8;1;2;
64931;202200042107;738 997;A01;1;7;8;0;1;1;1;
64932;202200042108;738 995;A01;2;7;13;0;1;0;1;
64933;202200042109;738 996;A01;3;32;6;0;1;0;1;
64934;202200042110;738 994;A01;1;7;2;0;7;1;1;
64935;202200042111;738 992;A01;2;7;0;2;1;13;1;
64936;202200042111;738 993;B01;1;10;0;2;1;1;1;
64937;202200042112;738 991;A01;3;7;0;1;7;1;1;
64938;202200042113;738 989;B01;2;7;0;2;3;15;1;
64939;202200042113;738 990;A01;2;7;0;2;2;1;1;
64940;202200042114;738 987;A01;1;7;0;1;2;1;1;
64941;202200042115;738 985;A01;1;7;0;1;0;26;1;
64942;202200042116;738 986;A01;1;7;3;0;1;1;1;
64943;202200042117;738 984;A01;1;7;5;0;2;0;1;
64944;202200042119;738 981;B01;1;15;0;2;8;1;1;
64945;202200042119;738 982;A01;1;7;0;2;1;13;1;
64946;202200042120;738 979;B01;2;7;0;2;7;15;1;
64947;202200042120;738 980;A01;1;33;0;2;1;1;1;
64948;202200042121;738 978;A01;2;7;16;0;9;0;1;
64949;202200042122;738 976;A01;2;7;8;0;1;0;1;
64950;202200042123;738 975;A01;1;32;13;0;1;1;1;
64951;202200042124;738 974;A01;2;7;3;2;2;2;1;
64952;202200042124;738 977;B01;2;7;0;0;6;1;1;
64953;202200042125;738 972;A01;1;7;5;0;3;0;1;
64954;202200042125;738 973;B01;1;7;0;2;1;0;1;
64955;202200042126;738 969;B01;2;1;0;2;1;1;0;
64956;202200042126;738 971;A01;2;7;0;2;4;1;1;
64957;202200042128;738 964;A01;3;10;13;0;0;0;1;
64958;202200042129;738 962;A01;2;7;0;2;1;1;1;
64959;202200042129;738 963;B01;3;7;0;2;8;15;1;
64960;202200042130;738 958;B01;2;10;0;2;1;1;1;
64961;202200042130;738 961;A01;1;7;0;2;1;13;1;
64962;202200042131;738 959;B01;1;7;0;2;1;1;1;
64963;202200042131;738 960;A01;1;7;0;0;8;10;1;
64964;202200042132;738 956;B01;1;2;0;2;1;1;1;
64965;202200042132;738 957;A01;2;7;0;0;7;15;1;
64966;202200042133;738 955;A01;0;7;0;0;9;1;1;
64967;202200042134;738 953;B01;2;37;0;2;3;1;1;1.0
64968;202200042134;738 954;A01;1;30;0;2;1;13;1;
64969;202200042135;738 950;B01;3;7;0;2;1;1;1;
64970;202200042135;738 951;A01;3;7;14;2;8;6;1;
64971;202200042136;738 952;A01;2;7;8;0;1;13;1;
64972;202200042137;738 949;A01;1;7;13;0;1;2;1;
64973;202200042138;738 948;A01;2;7;17;0;8;1;1;
64974;202200042139;738 947;A01;3;33;3;0;8;1;1;
64975;202200042140;738 945;B01;1;7;6;2;1;1;1;
64976;202200042140;738 946;A01;2;7;6;2;6;1;1;
64977;202200042141;738 944;A01;0;7;0;1;3;2;0;
64978;202200042142;738 941;A01;1;7;2;0;1;0;1;
64979;202200042143;738 937;B01;2;7;0;2;1;13;1;
64980;202200042143;738 938;A01;1;10;0;2;3;1;1;
64981;202200042144;738 936;A01;2;31;0;2;9;1;1;
64982;202200042144;738 939;B01;1;7;0;0;1;1;1;
64983;202200042145;738 934;A01;1;7;0;2;3;13;1;
64984;202200042145;738 935;B01;2;7;0;2;3;1;1;
64985;202200042146;738 931;B01;1;1;0;2;7;1;5;
64986;202200042146;738 932;A01;2;7;0;2;2;15;1;
64987;202200042147;738 930;B01;2;15;0;2;2;1;0;
64988;202200042147;738 933;A01;0;7;0;2;3;19;1;
64989;202200042148;738 927;B01;2;7;0;2;1;13;1;
64990;202200042148;738 929;A01;1;7;0;2;1;1;1;
64991;202200042149;738 926;B01;1;7;0;2;2;21;1;
64992;202200042149;738 928;A01;1;1;0;0;3;10;5;
64993;202200042150;738 924;A01;1;7;13;0;0;13;1;
64994;202200042150;738 925;B01;1;7;0;0;0;5;1;
64995;202200042151;738 923;A01;1;7;4;0;2;1;1;
64996;202200042152;738 919;C01;1;7;0;2;7;1;1;
64997;202200042152;738 920;A01;1;7;1;0;9;26;1;
64998;202200042152;738 922;B01;1;7;1;2;1;21;1;
64999;202200042155;738 916;A01;1;7;0;0;9;26;1;
65000;202200042156;738 915;A01;0;7;0;2;7;15;1;
65001;202200042156;738 917;B01;0;7;0;2;1;2;1;
65002;202200042158;738 909;D01;1;7;0;2;0;23;1;
65003;202200042158;738 910;C01;1;7;0;2;8;23;1;
65004;202200042158;738 912;B01;1;7;0;2;8;1;1;
65005;202200042158;738 914;A01;1;10;0;2;7;21;1;
65006;202200042160;738 905;Z01;1;7;0;2;1;1;0;
65007;202200042160;738 906;B01;1;7;0;2;4;1;1;
65008;202200042161;738 900;A01;1;7;1;0;1;1;1;
65009;202200042161;738 901;B01;1;7;1;2;4;23;1;
65010;202200042161;738 903;C01;1;7;0;2;4;23;1;
65011;202200042163;738 897;C01;1;7;0;2;4;1;2;
65012;202200042163;738 898;B01;1;7;0;2;1;1;1;
65013;202200042163;738 899;A01;1;7;0;2;1;1;1;
65014;202200042164;738 896;A01;3;7;0;1;4;20;1;
65015;202200042165;738 889;A01;1;7;0;2;9;1;1;
65016;202200042165;738 892;B01;1;7;0;2;1;1;1;
65017;202200042165;738 893;C01;1;7;0;2;6;23;1;
65018;202200042165;738 894;D01;1;7;0;2;1;1;1;
65019;202200042165;738 895;E01;2;7;0;2;1;1;1;
65020;202200042166;738 890;B01;-1;1;0;2;1;1;5;
65021;202200042166;738 891;A01;-1;7;0;2;2;15;1;
65022;202200042167;738 888;A01;2;7;3;0;1;1;1;
65023;202200042168;738 887;A01;1;7;0;0;2;9;1;
65024;202200042169;738 885;A01;1;7;0;2;4;1;1;
65025;202200042169;738 886;Z01;1;7;0;2;1;1;1;
65026;202200042170;738 883;A01;3;10;0;2;7;1;1;
65027;202200042170;738 884;B01;2;50;0;2;0;0;3;
65028;202200042171;738 881;B01;1;7;0;2;2;21;1;
65029;202200042171;738 882;A01;1;1;0;2;0;0;5;
65030;202200042172;738 879;A01;2;7;0;1;2;1;1;
65031;202200042173;738 878;A01;3;7;0;2;4;26;1;
65032;202200042173;738 880;B01;3;7;14;2;1;1;1;
65033;202200042175;738 875;A01;2;7;0;1;7;16;1;
65034;202200042177;738 873;A01;2;7;6;1;1;14;1;
65035;202200042178;738 870;A01;0;7;0;1;0;26;0;
65036;202200042179;738 871;B01;2;50;0;2;1;19;3;
65037;202200042179;738 872;A01;1;7;0;2;2;1;1;
65038;202200042180;738 867;B01;2;7;0;2;3;1;1;
65039;202200042180;738 869;A01;1;33;0;2;3;17;1;
65040;202200042181;738 865;A01;2;7;13;0;1;0;1;
65041;202200042182;738 866;A01;1;50;0;2;1;1;3;
65042;202200042182;738 868;B01;2;7;0;2;2;1;1;
65043;202200042183;738 864;A01;1;7;4;0;9;1;1;
65044;202200042184;738 861;B01;3;10;1;2;4;24;1;
65045;202200042184;738 863;A01;1;37;1;0;2;14;6;2.0
65046;202200042185;738 862;A01;2;7;2;0;1;1;3;
65047;202200042186;738 858;A01;1;30;0;2;1;17;1;
65048;202200042186;738 860;B01;1;7;0;9;8;13;1;
65049;202200042187;738 856;C01;2;10;0;2;7;1;1;
65050;202200042187;738 857;B01;2;7;0;2;1;26;1;
65051;202200042187;738 859;A01;1;7;8;2;1;26;2;
65052;202200042188;738 853;A01;2;7;0;2;4;1;1;
65053;202200042188;738 854;C01;1;7;0;2;1;1;1;
65054;202200042188;738 855;B01;1;7;0;2;4;1;1;
65055;202200042189;738 851;A01;1;33;0;2;1;17;1;
65056;202200042189;738 852;B01;1;7;0;2;6;15;1;
65057;202200042190;738 849;B01;1;7;0;2;3;15;1;
65058;202200042190;738 850;A01;1;7;9;2;1;0;2;
65059;202200042191;738 847;A01;3;7;0;2;1;15;1;
65060;202200042191;738 848;B01;3;1;0;2;4;15;5;
65061;202200042193;738 844;A01;2;33;0;0;8;9;1;
65062;202200042194;738 843;A01;1;7;0;0;0;26;1;
65063;202200042195;738 841;A01;3;34;8;0;1;21;1;
65064;202200042197;738 839;A01;1;7;0;1;1;1;1;
65065;202200042198;738 834;C01;1;7;0;2;8;23;1;
65066;202200042198;738 835;B01;1;7;0;2;3;1;1;
65067;202200042198;738 836;A01;1;7;1;2;2;15;1;
65068;202200042199;738 837;A01;2;10;0;2;7;1;1;
65069;202200042199;738 838;B01;1;7;0;2;8;1;1;
65070;202200042200;738 831;A01;2;7;0;2;3;19;1;
65071;202200042200;738 833;B01;2;7;0;2;2;1;1;
65072;202200042201;738 830;B01;3;1;0;2;4;13;5;
65073;202200042201;738 832;A01;3;7;0;9;1;1;1;
65074;202200042202;738 829;A01;1;7;0;1;3;1;1;
65075;202200042203;738 827;B01;0;1;0;2;1;26;5;
65076;202200042203;738 828;A01;3;7;0;9;0;1;1;
65077;202200042204;738 824;A01;1;13;0;2;1;26;1;
65078;202200042204;738 826;B01;1;7;0;2;1;16;1;
65079;202200042205;738 823;B01;2;7;0;2;1;1;1;
65080;202200042205;738 825;A01;1;7;0;2;1;17;1;
65081;202200042206;738 821;B01;1;7;0;2;6;1;1;
65082;202200042206;738 822;A01;1;10;0;2;2;21;1;
65083;202200042208;738 817;A01;3;7;0;2;2;17;1;
65084;202200042208;738 818;B01;3;7;0;2;5;1;1;
65085;202200042208;738 819;C01;3;7;0;2;4;26;1;
65086;202200042210;738 815;A01;1;7;0;1;1;0;1;
65087;202200042211;738 813;A01;1;10;16;0;9;1;1;
65088;202200042213;738 809;A01;2;7;0;1;1;1;1;
65089;202200042214;738 811;Z01;2;7;0;2;2;19;1;
65090;202200042214;738 814;B01;1;7;0;2;3;1;1;
65091;202200042215;738 808;A01;1;7;4;0;7;1;1;
65092;202200042216;738 806;B01;3;1;0;0;0;0;5;
65093;202200042216;738 807;A01;3;7;0;0;0;0;0;
65094;202200042217;738 804;A01;2;37;0;1;8;1;1;1.0
65095;202200042218;738 803;A01;1;2;0;1;1;17;1;
65096;202200042219;738 805;A01;2;7;0;1;3;2;3;
65097;202200042220;738 801;A01;1;7;0;2;5;16;1;
65098;202200042220;738 802;B01;1;2;0;2;1;18;1;
65099;202200042221;738 800;A01;2;7;0;1;1;1;1;
65100;202200042222;738 798;B01;1;7;0;2;1;1;1;
65101;202200042222;738 799;A01;1;7;0;2;7;19;1;
65102;202200042223;738 796;B01;1;7;0;2;6;1;1;
65103;202200042223;738 797;A01;1;7;0;2;1;1;1;
65104;202200042224;738 793;B01;2;50;0;2;3;1;3;
65105;202200042224;738 795;A01;2;7;0;2;2;16;1;
65106;202200042225;738 792;A01;2;10;0;2;2;2;1;
65107;202200042225;738 794;B01;2;1;0;0;4;2;5;
65108;202200042226;738 789;A01;0;10;0;2;3;1;1;
65109;202200042226;738 790;B01;0;7;0;2;5;12;1;
65110;202200042226;738 791;C01;0;10;0;2;4;1;1;
65111;202200042227;738 786;A01;2;7;0;0;1;1;1;
65112;202200042228;738 787;B01;1;7;0;2;1;15;1;
65113;202200042228;738 788;A01;1;7;0;2;1;13;1;
65114;202200042230;738 780;A01;1;7;0;2;1;15;1;
65115;202200042230;738 781;B01;0;7;0;2;1;1;1;
65116;202200042231;738 782;A01;2;7;0;2;1;1;1;
65117;202200042231;738 783;B01;2;31;0;2;8;11;1;
65118;202200042232;738 779;A01;2;10;2;0;2;13;1;
65119;202200042233;738 778;A01;3;31;9;0;1;0;1;
65120;202200042234;738 777;A01;1;30;11;0;7;14;1;
65121;202200042235;738 776;A01;0;7;0;1;1;16;1;
65122;202200042236;738 774;A01;3;32;0;2;1;2;1;
65123;202200042236;738 775;B01;3;7;0;2;4;1;1;
65124;202200042237;738 773;A01;2;7;0;1;6;4;1;
65125;202200042238;738 772;A01;1;10;0;1;3;0;1;
65126;202200042239;738 765;A01;2;7;0;2;3;20;1;
65127;202200042239;738 766;B01;2;37;1;2;2;2;1;6.0
65128;202200042240;738 762;A01;2;32;0;2;1;1;1;
65129;202200042240;738 764;B01;1;7;0;2;1;1;1;
65130;202200042242;738 759;A01;2;7;0;2;0;16;1;
65131;202200042242;738 760;B01;2;1;0;2;0;1;5;
65132;202200042243;738 757;A01;1;10;0;2;1;2;1;
65133;202200042243;738 758;B01;1;7;0;0;4;2;1;
65134;202200042244;738 752;A01;1;7;0;1;0;1;1;
65135;202200042245;738 753;B01;1;50;0;2;1;2;3;
65136;202200042245;738 755;A01;2;7;0;2;2;15;1;
65137;202200042246;738 750;B01;3;10;0;2;1;15;1;
65138;202200042246;738 751;A01;3;33;0;2;1;1;1;
65139;202200042247;738 754;B01;3;1;0;2;6;1;5;
65140;202200042247;738 756;A01;3;7;0;2;3;1;1;
65141;202200042249;738 746;A01;3;7;0;2;1;1;1;
65142;202200042249;738 747;B01;3;7;0;2;4;23;1;
65143;202200042250;738 742;A01;3;7;0;2;1;1;1;
65144;202200042250;738 744;B01;1;7;0;2;3;15;1;
65145;202200042251;738 743;B01;2;37;0;2;3;1;1;1.0
65146;202200042251;738 745;A01;2;7;0;2;5;16;1;
65147;202200042252;738 740;A01;1;7;8;0;2;0;1;
65148;202200042253;738 739;A01;1;7;1;0;3;15;1;
65149;202200042254;738 737;A01;0;0;0;1;0;0;0;
65150;202200042255;738 736;B01;2;7;0;2;1;1;1;
65151;202200042255;738 738;A01;2;50;0;2;7;19;3;
65152;202200042256;738 741;A01;1;7;0;1;1;19;1;
65153;202200042257;738 735;A01;2;33;6;0;2;14;1;
65154;202200042258;738 733;B01;1;7;0;2;4;2;1;
65155;202200042258;738 734;A01;1;7;0;2;1;2;1;
65156;202200042259;738 729;A01;2;7;0;2;3;15;1;
65157;202200042259;738 732;B01;1;7;0;2;3;1;1;
65158;202200042260;738 726;A01;2;7;0;2;1;2;1;
65159;202200042260;738 728;B01;2;7;0;2;4;11;1;
65160;202200042260;738 730;C01;2;7;0;2;1;2;1;
65161;202200042261;738 727;B01;1;7;0;2;4;1;1;
65162;202200042261;738 731;A01;1;7;0;2;1;1;1;
65163;202200042262;738 722;A01;1;7;0;2;6;1;1;
65164;202200042262;738 725;B01;1;14;0;2;6;24;1;
65165;202200042263;738 723;A01;1;7;0;2;1;1;1;
65166;202200042263;738 724;B01;2;7;0;2;1;1;1;
65167;202200042264;738 719;A01;2;10;0;2;7;5;1;
65168;202200042264;738 720;B01;1;37;0;2;2;1;1;1.0
65169;202200042265;738 716;B01;2;7;0;2;1;1;1;
65170;202200042265;738 718;A01;2;30;0;2;8;19;1;
65171;202200042266;738 715;A01;1;10;0;2;3;9;1;
65172;202200042266;738 717;B01;1;1;0;2;2;1;5;
65173;202200042267;738 711;B01;1;34;0;2;1;15;1;
65174;202200042267;738 712;A01;0;7;0;2;4;4;1;
65175;202200042268;738 710;A01;2;7;0;2;3;13;2;
65176;202200042268;738 713;B01;1;7;0;2;3;1;1;
65177;202200042268;738 714;C01;1;7;0;2;3;1;1;
65178;202200042269;738 707;A01;1;7;0;2;3;1;1;
65179;202200042269;738 709;B01;2;2;0;2;3;17;1;
65180;202200042270;738 703;A01;2;7;0;2;3;15;1;
65181;202200042270;738 704;B01;2;2;0;2;2;17;3;
65182;202200042271;738 702;Z01;2;32;0;1;0;0;1;
65183;202200042272;738 701;A01;2;7;8;0;1;1;1;
65184;202200042273;738 698;C01;2;7;0;2;4;17;1;
65185;202200042273;738 699;B01;2;10;0;2;4;17;1;
65186;202200042273;738 700;A01;2;7;0;2;1;17;1;
65187;202200042275;738 694;B01;1;7;0;2;8;1;1;
65188;202200042275;738 696;C01;2;7;0;2;8;1;1;
65189;202200042275;738 697;A01;3;7;0;2;7;9;1;
65190;202200042276;738 693;A01;3;7;0;1;1;1;1;
65191;202200042277;738 691;A01;1;31;0;1;8;1;1;
65192;202200042278;738 689;A01;3;33;0;0;1;26;1;
65193;202200042279;738 690;B01;0;1;0;2;7;19;5;
65194;202200042279;738 692;A01;0;7;0;9;3;16;1;
65195;202200042280;738 686;B01;2;7;0;2;4;2;0;
65196;202200042280;738 688;A01;2;30;0;2;1;2;1;
65197;202200042281;738 685;B01;3;7;0;2;3;9;1;
65198;202200042281;738 687;A01;3;7;0;2;2;13;1;
65199;202200042282;738 683;B01;3;7;2;2;1;9;1;
65200;202200042282;738 684;A01;3;17;0;2;0;9;1;
65201;202200042283;738 679;A01;2;7;0;2;1;2;1;
65202;202200042283;738 680;B01;2;7;0;2;4;23;1;
65203;202200042284;738 681;B01;1;7;0;2;4;1;1;
65204;202200042284;738 682;A01;1;7;0;2;1;1;2;
65205;202200042285;738 676;A01;3;7;0;2;1;1;1;
65206;202200042285;738 678;B01;3;7;0;2;8;13;1;
65207;202200042286;738 674;B01;3;7;0;2;4;1;1;
65208;202200042286;738 677;A01;3;7;0;2;1;9;1;
65209;202200042287;738 673;B01;1;80;0;2;1;1;3;
65210;202200042287;738 675;A01;2;80;0;2;1;13;3;
65211;202200042288;738 670;C01;1;7;0;2;4;2;1;
65212;202200042288;738 671;B01;1;7;0;2;4;2;1;
65213;202200042288;738 672;A01;1;13;0;2;1;26;1;
65214;202200042290;738 667;B01;1;7;0;2;8;13;1;
65215;202200042290;738 669;A01;1;30;0;2;7;17;1;
65216;202200042291;738 664;A01;1;7;12;0;1;1;1;
65217;202200042292;738 665;B01;0;7;0;0;0;2;1;
65218;202200042292;738 666;A01;0;7;0;0;1;19;1;
65219;202200042293;738 662;A01;1;37;0;1;7;2;1;1.0