;Num_Acc;id_vehicule;num_veh;senc;catv;obs;obsm;choc;manv;motor;occutc
65220;202200042294;738 661;B01;2;7;0;2;5;1;3;
65221;202200042294;738 663;A01;2;7;0;2;1;1;1;
65222;202200042296;738 659;A01;1;7;0;1;7;1;1;
65223;202200042297;738 656;A01;3;10;13;0;2;14;1;
65224;202200042298;738 657;Z01;2;50;0;1;0;1;3;
65225;202200042299;738 652;B01;2;7;0;2;0;15;1;
65226;202200042299;738 653;A01;1;33;0;2;1;1;1;
65227;202200042300;738 651;A01;3;7;1;0;2;1;1;
65228;202200042301;738 647;B01;1;99;0;2;1;0;0;
65229;202200042301;738 649;A01;1;7;0;2;2;15;2;
65230;202200042302;738 646;A01;1;30;0;2;6;2;1;
65231;202200042302;738 650;B01;1;7;0;2;6;2;1;
65232;202200042303;738 645;B01;1;33;0;2;1;1;1;
65233;202200042303;738 648;A01;3;34;0;2;1;1;1;
65234;202200042305;738 640;A01;2;7;0;1;1;1;0;
65235;202200042306;738 641;A01;3;10;0;1;1;1;3;
65236;202200042307;738 639;B01;3;32;0;2;3;0;1;
65237;202200042307;738 642;A01;3;7;0;2;2;15;1;
65238;202200042308;738 637;B01;1;7;0;2;4;1;1;
65239;202200042308;738 638;A01;1;7;3;2;1;1;1;
65240;202200042309;738 635;A01;2;7;0;2;3;1;1;
65241;202200042309;738 636;B01;2;7;0;2;5;1;6;
65242;202200042310;738 633;A01;1;7;0;1;2;26;0;
65243;202200042311;738 631;A01;2;10;1;2;3;1;1;
65244;202200042311;738 632;B01;2;7;1;2;2;12;1;
65245;202200042311;738 634;C01;2;10;0;2;4;23;1;
65246;202200042314;738 624;A01;0;30;0;1;1;1;1;
65247;202200042315;738 622;A01;1;7;1;0;7;1;1;
65248;202200042315;738 625;B01;1;7;0;2;6;24;1;
65249;202200042316;738 621;C01;2;7;0;2;2;1;1;
65250;202200042316;738 623;B01;2;7;0;2;1;1;1;
65251;202200042316;738 626;A01;1;7;0;2;1;13;3;
65252;202200042317;738 617;A01;1;34;0;0;1;0;1;
65253;202200042318;738 618;B01;1;7;0;2;3;1;1;
65254;202200042318;738 620;A01;2;7;0;2;1;19;1;
65255;202200042319;738 616;B01;0;7;0;2;1;1;1;
65256;202200042319;738 619;A01;0;7;0;2;2;2;1;
65257;202200042320;738 614;B01;2;7;0;2;1;1;1;
65258;202200042320;738 615;A01;1;7;0;2;1;5;1;
65259;202200042321;738 610;A01;1;7;13;2;2;17;1;
65260;202200042321;738 613;B01;2;7;0;2;6;1;1;
65261;202200042322;738 608;B01;2;10;0;2;1;1;1;
65262;202200042322;738 612;A01;2;10;0;0;4;23;0;
65263;202200042324;738 606;A01;2;7;0;2;3;9;1;
65264;202200042324;738 609;B01;1;7;0;2;2;1;1;
65265;202200042326;738 601;B01;3;7;1;0;1;1;1;
65266;202200042326;738 604;A01;3;7;0;2;4;26;1;
65267;202200042329;738 595;B01;3;1;0;2;4;2;5;
65268;202200042329;738 598;A01;3;7;0;0;0;0;0;
65269;202200042330;738 594;B01;2;10;0;2;2;15;1;
65270;202200042330;738 596;A01;1;33;0;2;1;1;1;
65271;202200042331;738 592;A01;1;7;11;0;1;13;1;
65272;202200042333;738 586;B01;2;50;0;2;3;1;3;
65273;202200042333;738 589;A01;2;7;0;2;1;16;1;
65274;202200042334;738 585;A01;1;7;0;2;3;20;1;
65275;202200042334;738 587;B01;1;2;0;2;1;1;1;
65276;202200042335;738 582;B01;2;7;0;2;3;15;1;
65277;202200042335;738 583;A01;2;31;1;2;1;17;1;
65278;202200042336;738 581;A01;1;7;9;0;1;1;1;
65279;202200042338;738 578;B01;1;7;0;2;4;1;1;
65280;202200042338;738 580;A01;1;7;0;2;1;1;1;
65281;202200042339;738 574;B01;3;10;0;2;1;1;1;
65282;202200042339;738 577;A01;0;50;0;2;1;5;3;
65283;202200042340;738 576;B01;1;2;0;2;1;26;1;
65284;202200042340;738 579;A01;2;7;0;2;5;15;1;
65285;202200042341;738 573;B01;2;1;0;2;1;15;5;
65286;202200042341;738 575;A01;1;34;0;2;3;1;1;
65287;202200042342;738 570;A01;3;7;0;1;1;9;1;
65288;202200042343;738 569;B01;1;60;0;2;0;2;5;
65289;202200042343;738 571;A01;1;7;0;2;2;0;0;
65290;202200042344;738 567;A01;3;33;0;2;1;1;1;
65291;202200042344;738 572;B01;3;10;0;2;8;1;1;
65292;202200042345;738 566;B01;1;7;0;2;4;23;1;
65293;202200042345;738 568;A01;1;13;0;2;1;2;1;
65294;202200042346;738 565;A01;3;7;0;1;2;1;1;
65295;202200042347;738 562;A01;1;10;0;2;1;1;1;
65296;202200042347;738 564;B01;2;99;0;2;7;1;0;
65297;202200042348;738 561;B01;2;7;0;2;3;15;1;
65298;202200042348;738 563;A01;2;33;0;2;2;17;1;
65299;202200042349;738 558;B01;1;7;0;2;4;23;1;
65300;202200042349;738 559;A01;1;2;0;2;1;2;1;
65301;202200042350;738 556;A01;1;7;0;2;0;1;1;
65302;202200042351;738 557;A01;1;30;0;2;1;16;3;
65303;202200042351;738 560;B01;1;1;0;2;6;1;5;
65304;202200042352;738 555;A01;2;10;0;1;3;15;1;
65305;202200042354;738 551;A01;1;30;0;2;1;2;1;
65306;202200042354;738 553;B01;1;7;0;2;4;2;1;
65307;202200042355;738 550;A01;1;7;2;1;1;16;1;
65308;202200042356;738 545;A01;0;7;0;1;4;4;2;
65309;202200042357;738 548;B01;2;33;0;2;4;23;1;
65310;202200042357;738 549;A01;2;13;0;2;1;1;1;
65311;202200042358;738 544;B01;3;34;0;2;1;17;0;
65312;202200042358;738 547;A01;3;7;0;2;8;15;1;
65313;202200042359;738 539;A01;2;33;0;2;1;13;1;
65314;202200042359;738 542;B01;1;7;3;2;3;1;1;
65315;202200042359;738 546;C01;2;33;0;2;1;1;1;
65316;202200042360;738 540;A01;2;10;0;1;1;1;3;
65317;202200042361;738 537;B01;2;33;14;2;1;1;1;
65318;202200042361;738 541;A01;2;7;14;0;6;10;1;
65319;202200042362;738 538;A01;1;7;0;2;1;1;1;
65320;202200042362;738 543;B01;1;1;0;2;4;13;5;
65321;202200042363;738 535;B01;1;32;0;0;1;1;1;
65322;202200042363;738 536;A01;1;7;0;0;2;15;2;
65323;202200042364;738 528;A01;1;7;0;2;3;1;1;
65324;202200042364;738 532;B01;2;7;0;2;2;15;1;
65325;202200042365;738 529;B01;1;7;0;2;4;12;1;
65326;202200042365;738 533;A01;1;32;0;2;8;3;1;
65327;202200042366;738 530;B01;1;10;0;2;7;15;1;
65328;202200042366;738 534;A01;1;33;0;2;8;1;1;
65329;202200042367;738 527;B01;1;7;14;0;1;1;1;
65330;202200042367;738 531;A01;2;7;4;0;3;13;1;
65331;202200042368;738 524;A01;2;7;0;2;2;19;1;
65332;202200042368;738 526;B01;1;7;0;2;1;1;1;
65333;202200042369;738 523;A01;1;32;0;1;8;1;1;
65334;202200042370;738 522;A01;2;7;13;0;1;1;1;
65335;202200042372;738 519;A01;0;30;0;0;0;1;1;
65336;202200042374;738 514;B01;3;30;0;2;1;1;1;
65337;202200042374;738 517;A01;3;7;0;2;7;15;1;
65338;202200042375;738 515;A01;2;2;0;2;1;1;1;
65339;202200042375;738 518;B01;1;7;0;2;3;15;1;
65340;202200042376;738 512;A01;0;7;0;2;2;1;1;
65341;202200042376;738 513;B01;0;50;0;2;1;19;3;
65342;202200042377;738 510;A01;1;7;0;1;1;1;1;
65343;202200042378;738 508;B01;2;7;0;2;3;1;1;
65344;202200042378;738 511;A01;2;10;0;2;3;13;1;
65345;202200042379;738 505;A01;1;32;0;2;1;17;1;
65346;202200042379;738 507;B01;2;7;0;2;1;1;0;
65347;202200042381;738 503;B01;1;7;0;2;4;2;1;
65348;202200042381;738 504;A01;2;7;0;2;1;2;1;
65349;202200042382;738 501;A01;1;7;3;2;4;1;1;
65350;202200042382;738 502;B01;1;7;3;2;1;2;1;
65351;202200042383;738 499;A01;0;1;16;0;9;1;5;
65352;202200042384;738 497;A01;3;1;0;0;1;2;5;
65353;202200042385;738 498;A01;0;7;0;4;6;9;3;
65354;202200042385;738 500;B01;0;40;0;2;1;1;0;
65355;202200042386;738 495;B01;1;50;0;2;1;1;3;
65356;202200042386;738 496;A01;1;7;0;2;7;22;1;
65357;202200042387;738 494;A01;3;7;2;0;3;1;1;
65358;202200042388;738 491;B01;3;10;0;2;3;1;1;
65359;202200042388;738 493;A01;3;10;0;2;1;15;1;
65360;202200042389;738 490;A01;2;7;6;0;1;1;1;
65361;202200042390;738 489;A01;2;7;0;2;3;22;1;
65362;202200042390;738 492;B01;2;1;0;2;2;1;5;
65363;202200042391;738 488;A01;1;7;16;0;9;13;1;
65364;202200042392;738 484;A01;2;7;0;1;2;1;1;
65365;202200042393;738 486;A01;1;7;1;0;1;13;1;
65366;202200042394;738 485;B01;0;7;0;2;2;9;1;
65367;202200042394;738 487;A01;0;7;0;2;6;10;1;
65368;202200042395;738 483;A01;2;7;0;1;2;19;1;
65369;202200042396;738 480;A01;2;7;0;1;1;1;1;
65370;202200042397;738 481;B01;3;1;0;2;4;1;5;
65371;202200042397;738 482;A01;3;10;0;2;2;14;1;
65372;202200042398;738 477;A01;1;7;0;0;2;2;2;
65373;202200042398;738 479;B01;1;1;0;0;0;2;5;
65374;202200042399;738 475;A01;2;14;0;1;1;1;1;
65375;202200042400;738 476;A01;1;7;0;2;4;1;2;
65376;202200042400;738 478;B01;1;2;0;2;1;1;1;
65377;202200042401;738 472;A01;0;7;0;9;2;2;1;
65378;202200042401;738 474;B01;3;1;0;2;4;1;5;
65379;202200042402;738 471;B01;3;10;0;2;8;15;1;
65380;202200042402;738 473;A01;3;33;0;2;1;1;1;
65381;202200042403;738 469;B01;2;1;0;2;1;1;5;
65382;202200042403;738 470;A01;2;13;0;2;2;13;0;
65383;202200042405;738 464;A01;2;7;0;2;3;17;2;
65384;202200042405;738 466;B01;2;30;0;2;0;17;1;
65385;202200042406;738 462;A01;1;7;0;1;1;1;1;
65386;202200042407;738 463;A01;1;10;0;2;3;10;1;
65387;202200042407;738 465;B01;1;34;0;2;5;2;1;
65388;202200042408;738 459;A01;3;1;0;2;2;1;5;
65389;202200042408;738 461;B01;3;7;0;0;5;26;1;
65390;202200042409;738 458;A01;3;7;0;1;0;0;2;
65391;202200042410;738 457;A01;1;7;9;0;8;10;2;
65392;202200042410;738 460;B01;1;7;8;2;1;1;1;
65393;202200042411;738 456;A01;3;7;2;0;1;1;1;
65394;202200042412;738 455;A01;1;7;0;1;1;16;1;
65395;202200042413;738 452;A01;2;7;0;9;3;1;1;
65396;202200042413;738 454;B01;1;80;0;2;1;1;3;
65397;202200042414;738 453;A01;1;7;0;1;1;1;1;
65398;202200042415;738 450;A01;2;7;6;0;1;1;1;
65399;202200042416;738 448;B01;1;33;9;2;1;9;1;
65400;202200042416;738 451;A01;1;7;0;2;2;26;1;
65401;202200042417;738 447;A01;1;7;0;2;1;2;2;
65402;202200042417;738 449;B01;1;32;0;2;4;1;1;
65403;202200042418;738 446;A01;3;7;5;0;1;1;1;
65404;202200042419;738 444;A01;3;10;9;0;3;21;1;
65405;202200042420;738 443;A01;2;7;0;2;3;15;1;
65406;202200042420;738 445;B01;1;34;0;2;1;1;1;
65407;202200042421;738 439;A01;1;7;0;2;2;15;3;
65408;202200042421;738 441;B01;1;34;0;2;3;2;1;
65409;202200042422;738 437;A01;1;7;0;2;6;15;1;
65410;202200042422;738 442;B01;0;2;0;2;2;1;1;
65411;202200042423;738 438;B01;1;1;0;0;0;0;5;
65412;202200042423;738 440;A01;1;7;0;2;8;22;3;
65413;202200042424;738 436;A01;1;7;0;1;2;1;1;
65414;202200042425;738 434;A01;1;1;1;0;3;14;5;
65415;202200042426;738 435;A01;1;7;0;1;3;15;2;
65416;202200042427;738 433;A01;1;10;2;0;1;14;1;
65417;202200042429;738 428;A01;2;7;0;2;1;15;1;
65418;202200042429;738 431;B01;1;30;0;2;8;1;1;
65419;202200042430;738 430;A01;3;7;0;2;5;1;1;
65420;202200042430;738 432;B01;3;2;0;2;1;16;1;
65421;202200042431;738 427;A01;1;7;2;0;6;1;1;
65422;202200042432;738 426;A01;1;7;0;0;0;0;1;
65423;202200042433;738 424;A01;2;7;2;0;1;0;1;
65424;202200042436;738 419;A01;0;2;0;0;2;1;1;
65425;202200042437;738 415;A01;1;7;6;0;3;13;1;
65426;202200042438;738 414;A01;2;7;0;2;1;1;1;
65427;202200042438;738 417;B01;1;2;0;2;1;17;1;
65428;202200042439;738 416;A01;1;7;0;9;3;15;1;
65429;202200042439;738 418;B01;1;17;0;0;1;1;1;
65430;202200042440;738 412;B01;0;7;0;0;8;0;1;
65431;202200042440;738 413;A01;0;1;0;2;1;26;5;
65432;202200042441;738 409;B01;3;37;0;2;1;1;1;1.0
65433;202200042441;738 411;A01;3;7;0;2;8;19;1;
65434;202200042442;738 407;B01;0;10;0;0;3;20;1;
65435;202200042442;738 408;A01;0;31;0;2;1;13;1;
65436;202200042443;738 406;A01;2;7;13;0;0;0;0;
65437;202200042443;738 410;B01;2;7;0;2;2;2;0;
65438;202200042444;738 404;A01;1;7;13;0;9;1;1;
65439;202200042445;738 405;A01;1;7;3;0;2;0;1;
65440;202200042446;738 401;A01;2;7;0;2;3;1;1;
65441;202200042446;738 403;B01;2;31;0;0;4;0;1;
65442;202200042447;738 400;B01;1;7;0;2;2;1;1;
65443;202200042447;738 402;A01;2;7;0;2;2;1;1;
65444;202200042448;738 399;A01;1;7;0;1;1;1;1;
65445;202200042449;738 395;B01;2;7;0;2;1;5;1;
65446;202200042449;738 398;A01;1;7;0;2;1;1;1;
65447;202200042450;738 394;A01;1;7;13;2;1;13;1;
65448;202200042450;738 397;B01;2;7;6;2;1;1;1;
65449;202200042451;738 393;B01;2;21;8;0;6;15;1;
65450;202200042451;738 396;A01;2;17;0;0;2;17;1;
65451;202200042452;738 387;A01;1;7;0;2;1;2;1;
65452;202200042452;738 388;B01;1;7;0;2;4;2;1;
65453;202200042453;738 391;B01;2;7;0;2;4;1;1;
65454;202200042453;738 392;A01;2;33;0;2;1;1;1;
65455;202200042454;738 389;A01;2;7;0;2;1;1;1;
65456;202200042454;738 390;B01;1;7;0;0;3;9;1;
65457;202200042455;738 386;A01;1;1;0;1;1;1;5;
65458;202200042456;738 382;A01;1;7;17;0;1;13;1;
65459;202200042458;738 379;C01;1;7;0;2;2;0;1;
65460;202200042458;738 380;B01;1;7;0;2;3;0;1;
65461;202200042458;738 383;A01;2;7;0;2;3;13;1;
65462;202200042460;738 377;A01;2;10;0;1;2;1;1;
65463;202200042461;738 371;B01;2;7;0;2;3;1;2;
65464;202200042461;738 375;A01;1;7;0;2;3;5;1;
65465;202200042462;738 372;A01;2;7;0;2;1;13;1;
65466;202200042462;738 373;B01;1;7;0;2;1;1;1;
65467;202200042463;738 368;A01;2;1;0;0;0;17;5;
65468;202200042464;738 369;A01;2;10;0;2;8;15;1;
65469;202200042464;738 370;B01;2;33;0;2;7;17;1;
65470;202200042465;738 367;B01;3;7;0;2;3;1;1;
65471;202200042465;738 374;A01;3;7;0;2;3;1;1;
65472;202200042466;738 366;A01;2;7;12;0;0;9;1;
65473;202200042467;738 365;A01;1;7;13;0;1;14;1;
65474;202200042468;738 360;A01;2;7;0;2;8;16;1;
65475;202200042468;738 363;B01;2;7;0;2;1;1;1;
65476;202200042469;738 359;B01;1;10;0;2;4;16;1;
65477;202200042469;738 362;A01;1;33;0;2;1;1;1;
65478;202200042470;738 356;A01;1;7;0;2;7;1;1;
65479;202200042470;738 358;B01;3;1;0;2;8;1;5;
65480;202200042471;738 355;B01;1;10;0;2;8;15;1;
65481;202200042471;738 357;A01;1;33;0;2;1;17;1;
65482;202200042472;738 361;A01;1;7;0;2;1;13;1;
65483;202200042472;738 364;B01;2;7;0;2;1;1;1;
65484;202200042473;738 351;B01;2;7;0;2;2;15;1;
65485;202200042473;738 354;A01;1;32;0;2;1;1;1;
65486;202200042474;738 352;A01;0;7;2;0;1;0;1;
65487;202200042475;738 350;B01;1;7;0;2;3;21;1;
65488;202200042475;738 353;A01;2;31;0;2;1;13;1;
65489;202200042476;738 347;B01;2;13;0;0;7;1;1;
65490;202200042476;738 349;A01;1;33;0;2;1;0;1;
65491;202200042477;738 348;A01;2;7;3;0;2;0;1;
65492;202200042478;738 343;B01;2;7;0;0;4;1;1;
65493;202200042478;738 344;A01;2;15;0;2;3;1;1;
65494;202200042479;738 342;A01;2;99;13;0;8;0;1;
65495;202200042480;738 339;A01;2;7;6;0;2;1;1;
65496;202200042481;738 340;B01;2;2;0;2;1;1;1;
65497;202200042481;738 341;A01;2;7;0;2;6;20;1;
65498;202200042482;738 338;A01;1;7;0;1;3;16;1;
65499;202200042483;738 337;A01;1;2;1;0;1;1;1;
65500;202200042484;738 335;A01;0;10;0;1;4;4;1;
65501;202200042485;738 334;B01;0;7;0;2;2;1;1;
65502;202200042485;738 336;A01;0;2;0;2;1;5;1;
65503;202200042486;738 333;A01;1;7;6;0;1;1;1;
65504;202200042487;738 332;A01;1;80;0;0;0;1;3;
65505;202200042488;738 329;A01;0;7;17;0;1;14;1;
65506;202200042489;738 330;B01;2;7;0;2;3;10;1;
65507;202200042489;738 331;A01;2;31;0;2;2;17;1;
65508;202200042490;738 327;B01;1;33;0;2;1;2;1;
65509;202200042490;738 328;A01;1;33;0;2;4;1;1;
65510;202200042491;738 324;A01;1;10;0;2;3;1;1;
65511;202200042491;738 326;B01;2;7;0;2;3;1;6;
65512;202200042492;738 323;A01;1;7;2;0;2;0;1;
65513;202200042493;738 322;B01;1;7;0;2;1;17;1;
65514;202200042493;738 325;A01;1;7;0;0;6;1;1;
65515;202200042494;738 320;A01;2;33;0;0;2;1;1;
65516;202200042495;738 318;A01;1;50;0;1;1;1;3;
65517;202200042496;738 315;A01;1;1;7;0;1;1;5;
65518;202200042497;738 313;A01;3;7;8;0;1;0;1;
65519;202200042498;738 312;C01;0;10;0;0;4;23;1;
65520;202200042498;738 314;B01;0;7;0;2;4;23;1;
65521;202200042498;738 316;A01;0;7;0;2;1;2;1;
65522;202200042499;738 309;A01;2;7;0;0;3;0;1;
65523;202200042499;738 311;B01;2;7;0;0;3;1;1;
65524;202200042500;738 310;A01;3;50;14;0;1;1;3;
65525;202200042501;738 307;A01;2;7;0;2;3;1;1;
65526;202200042501;738 308;B01;1;7;0;2;3;15;2;
65527;202200042502;738 303;A01;2;31;0;2;7;17;1;
65528;202200042502;738 305;B01;2;7;0;2;8;1;2;
65529;202200042502;738 306;C01;1;7;0;2;8;1;1;
65530;202200042504;738 300;A01;2;10;0;2;3;13;1;
65531;202200042504;738 302;B01;1;7;0;2;8;1;1;
65532;202200042505;738 301;B01;1;7;0;2;3;1;1;
65533;202200042505;738 304;A01;2;1;13;2;1;1;5;
65534;202200042506;738 295;B01;1;10;0;2;3;1;1;
65535;202200042506;738 298;A01;2;14;0;2;3;1;1;
65536;202200042507;738 294;A01;1;7;13;0;9;13;1;
65537;202200042508;738 293;A01;2;15;0;0;4;23;1;
65538;202200042508;738 296;B01;2;15;0;2;1;2;1;
65539;202200042509;738 292;B01;1;7;0;0;3;1;1;
65540;202200042509;738 297;A01;2;7;0;2;3;1;1;
65541;202200042511;738 290;A01;3;7;0;1;3;16;1;
65542;202200042512;738 287;B01;1;43;0;2;1;26;1;
65543;202200042512;738 289;A01;1;7;0;2;1;23;1;
65544;202200042513;738 285;A01;2;7;0;2;3;15;1;
65545;202200042513;738 288;B01;1;33;0;2;5;17;1;
65546;202200042514;738 283;A01;1;7;0;2;3;15;1;
65547;202200042514;738 286;B01;3;33;0;2;8;26;1;
65548;202200042515;738 280;A01;0;7;0;2;6;1;1;
65549;202200042515;738 282;B01;0;7;0;2;4;1;1;
65550;202200042515;738 284;C01;0;7;0;2;1;1;1;
65551;202200042516;738 278;A01;1;33;0;0;1;16;1;
65552;202200042517;738 276;A01;2;10;0;2;4;1;1;
65553;202200042517;738 279;B01;2;33;0;2;1;1;1;
65554;202200042518;738 275;C01;1;7;0;2;3;1;2;
65555;202200042518;738 277;B01;1;7;0;2;7;1;1;
65556;202200042518;738 281;A01;2;7;0;2;3;13;1;
65557;202200042519;738 271;A01;1;7;4;0;3;1;2;
65558;202200042520;738 270;A01;2;7;0;2;1;9;1;
65559;202200042520;738 272;B01;2;1;0;2;7;1;5;
65560;202200042521;738 269;A01;1;33;13;0;1;1;1;
65561;202200042522;738 263;A01;1;7;0;2;1;0;1;
65562;202200042522;738 266;B01;1;7;0;2;4;0;1;
65563;202200042522;738 268;C01;1;7;0;2;4;0;1;
65564;202200042523;738 260;B01;2;7;0;2;3;1;1;
65565;202200042523;738 267;A01;2;7;0;2;8;19;1;
65566;202200042524;738 261;B01;2;31;0;2;8;19;1;
65567;202200042524;738 264;A01;2;10;0;2;1;1;1;
65568;202200042525;738 259;A01;2;7;15;0;9;1;1;
65569;202200042526;738 257;A01;2;7;3;0;1;1;1;
65570;202200042527;738 258;A01;2;7;0;2;1;26;1;
65571;202200042527;738 262;B01;2;7;0;2;4;26;1;
65572;202200042527;738 265;C01;2;7;0;2;4;26;1;
65573;202200042528;738 253;B01;1;1;0;2;6;1;5;
65574;202200042528;738 255;A01;1;10;0;2;2;1;1;
65575;202200042529;738 251;A01;1;7;4;0;2;14;2;
65576;202200042530;738 250;A01;1;10;0;2;1;17;1;
65577;202200042530;738 252;B01;2;7;0;2;1;1;1;
65578;202200042530;738 256;C01;1;15;0;0;7;21;1;
65579;202200042532;738 246;A01;2;21;0;2;1;15;1;
65580;202200042532;738 248;B01;1;2;0;0;1;1;1;
65581;202200042533;738 243;A01;1;7;0;1;3;15;1;
65582;202200042534;738 244;A01;2;33;0;2;1;1;1;
65583;202200042534;738 245;B01;1;7;0;2;3;15;1;
65584;202200042535;738 240;B01;2;33;0;2;4;2;1;
65585;202200042535;738 242;A01;2;15;0;2;1;2;1;
65586;202200042536;738 239;A01;2;2;0;2;1;1;1;
65587;202200042536;738 241;B01;1;7;0;2;2;15;1;
65588;202200042537;738 234;A01;1;7;0;2;4;1;2;
65589;202200042537;738 236;B01;1;32;0;2;1;1;1;
65590;202200042538;738 233;B01;2;7;0;0;0;9;1;
65591;202200042538;738 235;A01;2;33;0;0;0;1;1;
65592;202200042539;738 232;A01;2;7;0;2;1;1;1;
65593;202200042539;738 237;B01;1;33;0;2;1;17;1;
65594;202200042540;738 231;A01;2;30;0;1;0;1;1;
65595;202200042541;738 226;B01;2;7;0;2;4;2;1;
65596;202200042541;738 229;A01;2;7;0;2;1;2;1;
65597;202200042542;738 228;B01;2;7;0;2;1;1;1;
65598;202200042542;738 230;A01;2;7;0;2;8;1;1;
65599;202200042543;738 227;A01;3;33;0;0;9;14;1;
65600;202200042544;738 219;B01;1;7;0;2;2;1;1;
65601;202200042544;738 223;A01;1;7;0;2;6;18;1;
65602;202200042545;738 218;A01;2;7;0;2;7;1;1;
65603;202200042545;738 222;B01;2;2;0;2;8;1;1;
65604;202200042546;738 217;B01;1;7;0;2;4;2;2;
65605;202200042546;738 220;A01;1;7;0;2;1;1;1;
65606;202200042546;738 224;C01;1;7;0;2;4;2;1;
65607;202200042546;738 225;D01;1;7;0;2;4;2;1;
65608;202200042547;738 216;A01;2;7;9;2;8;15;1;
65609;202200042547;738 221;B01;2;10;0;2;2;21;1;
65610;202200042548;738 215;A01;2;2;0;0;0;1;1;
65611;202200042549;738 213;A01;2;7;0;1;1;15;1;
65612;202200042550;738 212;B01;1;15;0;2;6;1;1;
65613;202200042550;738 214;A01;1;2;0;2;1;15;1;
65614;202200042551;738 210;A01;1;7;2;0;1;1;1;
65615;202200042553;738 209;A01;1;10;0;1;2;1;1;
65616;202200042554;738 206;A01;1;2;0;2;8;15;0;
65617;202200042554;738 207;B01;1;10;0;2;7;17;1;
65618;202200042555;738 205;A01;2;7;0;1;2;1;1;
65619;202200042556;738 200;B01;2;2;0;2;1;17;1;
65620;202200042556;738 203;A01;2;7;0;2;2;9;1;
65621;202200042557;738 201;B01;2;7;0;2;7;16;1;
65622;202200042557;738 204;A01;1;33;0;2;1;1;1;
65623;202200042558;738 199;A01;2;7;0;1;1;1;1;
65624;202200042559;738 198;B01;0;33;0;2;1;1;1;
65625;202200042559;738 202;A01;0;10;0;9;8;9;1;
65626;202200042560;738 196;A01;2;7;0;1;2;1;1;
65627;202200042561;738 195;B01;1;15;0;2;5;17;1;
65628;202200042561;738 197;A01;1;21;0;2;6;15;1;
65629;202200042562;738 193;A01;3;31;7;0;7;1;1;
65630;202200042563;738 191;A01;0;7;7;0;2;0;1;
65631;202200042564;738 190;B01;3;7;0;2;6;0;1;
65632;202200042564;738 192;A01;1;7;1;0;1;1;1;
65633;202200042565;738 194;A01;1;3;0;1;0;1;1;
65634;202200042566;738 187;B01;2;30;0;0;4;15;0;
65635;202200042566;738 189;A01;2;7;0;2;1;2;1;
65636;202200042567;738 186;A01;1;7;0;1;3;1;1;
65637;202200042568;738 185;B01;1;7;0;2;9;1;1;
65638;202200042568;738 188;A01;2;10;0;2;1;19;1;
65639;202200042569;738 180;B01;1;33;0;2;1;1;1;
65640;202200042569;738 184;A01;0;7;0;2;7;1;1;
65641;202200042570;738 179;A01;-1;7;15;2;1;1;1;
65642;202200042570;738 182;B01;3;1;15;2;8;9;5;
65643;202200042571;738 178;A01;3;60;0;2;0;0;5;
65644;202200042571;738 181;B01;3;7;0;9;1;1;1;
65645;202200042572;738 174;A01;3;7;0;2;1;1;1;
65646;202200042572;738 177;B01;3;7;0;2;8;1;1;
65647;202200042573;738 171;A01;1;20;0;2;1;16;1;
65648;202200042573;738 176;B01;1;1;0;2;8;19;5;
65649;202200042574;738 172;A01;1;33;0;2;1;2;1;
65650;202200042574;738 175;B01;1;10;0;2;6;16;1;
65651;202200042575;738 173;B01;3;33;0;2;1;1;1;
65652;202200042575;738 183;A01;3;7;0;2;7;1;1;
65653;202200042576;738 168;B01;2;7;0;2;1;1;1;
65654;202200042576;738 170;A01;1;7;0;2;3;1;1;
65655;202200042577;738 165;A01;3;7;6;0;1;19;1;
65656;202200042578;738 163;A01;1;7;2;0;1;11;1;
65657;202200042579;738 162;D01;2;7;0;0;4;1;1;
65658;202200042579;738 164;C01;2;7;0;2;4;1;1;
65659;202200042579;738 167;B01;2;7;0;2;4;1;6;
65660;202200042579;738 169;A01;2;7;0;2;1;1;1;
65661;202200042580;738 160;A01;1;7;2;0;1;14;2;
65662;202200042582;738 157;A01;2;7;0;2;3;15;1;
65663;202200042582;738 159;B01;1;33;0;2;3;1;1;
65664;202200042583;738 154;A01;2;21;3;0;8;1;1;
65665;202200042584;738 156;A01;1;1;0;2;1;9;5;
65666;202200042584;738 166;B01;2;10;0;2;8;1;3;
65667;202200042585;738 149;B01;3;7;0;2;3;2;1;
65668;202200042585;738 151;A01;3;7;0;2;3;5;1;
65669;202200042586;738 145;A01;2;7;3;0;1;14;1;
65670;202200042586;738 147;B01;2;7;0;2;1;2;1;
65671;202200042586;738 148;C01;2;7;0;2;2;21;1;
65672;202200042586;738 150;D01;2;7;0;2;1;21;1;
65673;202200042587;738 142;A01;2;7;0;2;3;5;1;
65674;202200042587;738 146;B01;1;7;0;2;3;1;1;
65675;202200042588;738 143;A01;1;7;0;1;1;15;1;
65676;202200042589;738 144;A01;1;99;0;1;1;19;6;
65677;202200042590;738 139;A01;1;1;0;2;1;1;5;
65678;202200042590;738 141;B01;2;7;0;9;1;1;1;
65679;202200042591;738 137;A01;2;7;0;2;3;13;1;
65680;202200042591;738 140;B01;1;7;0;2;3;1;1;