;Num_Acc;id_vehicule;num_veh;senc;catv;obs;obsm;choc;manv;motor;occutc
65681;202200042593;738 132;A01;2;30;0;0;0;1;1;
65682;202200042594;738 130;A01;0;37;0;9;2;16;1;1.0
65683;202200042594;738 133;B01;0;1;0;2;1;19;5;
65684;202200042595;738 129;A01;2;7;1;0;2;1;1;
65685;202200042596;738 127;A01;3;10;0;1;3;19;1;
65686;202200042597;738 131;A01;1;10;0;2;1;13;1;
65687;202200042597;738 136;B01;2;10;0;2;3;1;1;
65688;202200042598;738 125;A01;1;32;1;0;1;16;1;
65689;202200042599;738 126;B01;2;31;0;2;1;1;1;
65690;202200042599;738 128;A01;1;7;0;2;1;15;0;
65691;202200042600;738 122;A01;2;7;0;2;3;15;1;
65692;202200042600;738 124;B01;2;1;0;2;1;16;5;
65693;202200042601;738 118;C01;2;7;0;2;1;1;1;
65694;202200042601;738 121;B01;1;15;0;2;3;1;1;
65695;202200042601;738 123;A01;2;10;0;2;3;13;1;
65696;202200042602;738 119;A01;3;32;0;0;7;1;1;
65697;202200042603;738 117;B01;3;7;0;2;3;1;1;
65698;202200042603;738 120;A01;3;7;0;2;3;17;2;
65699;202200042604;738 115;B01;2;7;0;2;8;1;1;
65700;202200042604;738 116;A01;1;30;0;1;7;17;1;
65701;202200042606;738 113;A01;3;33;12;0;3;6;1;
65702;202200042607;738 108;A01;1;7;0;2;1;17;1;
65703;202200042607;738 110;B01;2;7;0;2;1;1;1;
65704;202200042608;738 109;A01;1;32;12;0;3;1;1;
65705;202200042608;738 111;B01;2;7;12;0;3;1;1;
65706;202200042609;738 107;A01;2;10;0;1;3;1;1;
65707;202200042610;738 105;A01;1;7;0;1;2;1;1;
65708;202200042612;738 106;A01;1;7;0;2;1;1;1;
65709;202200042612;738 112;B01;2;30;0;2;1;16;1;
65710;202200042613;738 100;A01;1;21;15;2;4;1;1;
65711;202200042613;738 102;B01;1;7;0;9;4;17;1;
65712;202200042613;738 104;C01;1;7;13;2;1;17;1;
65713;202200042614;738 095;A01;1;7;13;0;2;2;1;
65714;202200042615;738 094;C01;2;10;0;2;1;1;1;
65715;202200042615;738 097;B01;2;7;0;2;6;1;0;
65716;202200042615;738 099;A01;1;7;0;2;1;1;1;
65717;202200042617;738 093;Z01;3;7;0;2;1;1;0;
65718;202200042617;738 096;B01;3;50;0;2;1;16;3;
65719;202200042618;738 087;A01;1;33;8;0;7;1;1;
65720;202200042619;738 086;A01;1;33;0;0;0;1;1;
65721;202200042620;738 088;B01;1;10;0;2;3;9;1;
65722;202200042620;738 092;A01;2;7;0;2;1;9;1;
65723;202200042621;738 085;Z01;1;7;0;1;3;9;1;
65724;202200042622;738 084;A01;1;7;0;0;9;1;1;
65725;202200042623;738 082;A01;2;33;0;2;1;1;1;
65726;202200042623;738 083;B01;1;7;0;2;2;19;1;
65727;202200042624;738 079;A01;3;7;13;0;1;1;1;
65728;202200042625;738 077;A01;3;7;0;2;1;13;1;
65729;202200042625;738 078;B01;3;1;0;2;0;0;5;
65730;202200042625;738 081;C01;0;7;0;2;0;0;1;
65731;202200042626;738 076;A01;1;7;0;1;3;15;3;
65732;202200042627;738 073;A01;2;7;0;2;1;13;2;
65733;202200042627;738 075;B01;1;7;0;2;1;1;1;
65734;202200042628;738 070;B01;0;1;0;2;0;1;5;
65735;202200042628;738 072;A01;0;50;0;2;1;5;3;
65736;202200042630;738 069;B01;1;1;0;2;4;1;5;
65737;202200042630;738 071;A01;1;10;0;9;1;2;1;
65738;202200042631;738 067;A01;2;7;2;0;4;2;1;
65739;202200042631;738 068;B01;2;7;0;2;1;2;1;
65740;202200042632;738 066;A01;2;7;6;0;2;1;1;
65741;202200042633;738 065;A01;0;2;12;0;7;1;1;
65742;202200042635;738 062;A01;0;7;0;1;3;17;1;
65743;202200042636;738 060;B01;0;3;0;2;4;1;1;
65744;202200042636;738 063;A01;1;20;0;2;1;1;1;
65745;202200042637;738 059;B01;3;7;0;2;1;19;1;
65746;202200042637;738 061;A01;3;7;0;2;8;9;1;
65747;202200042638;738 057;A01;1;7;0;2;1;1;1;
65748;202200042638;738 058;B01;2;7;0;2;1;11;1;
65749;202200042639;738 055;A01;1;7;0;2;1;5;1;
65750;202200042639;738 056;B01;1;7;0;2;1;1;1;
65751;202200042640;738 052;B01;3;7;0;2;6;26;1;
65752;202200042640;738 054;A01;3;30;0;2;1;23;1;
65753;202200042641;738 048;B01;1;7;0;2;1;1;1;
65754;202200042641;738 051;A01;1;7;0;1;4;1;1;
65755;202200042642;738 046;A01;3;32;1;0;1;25;1;
65756;202200042643;738 047;B01;1;7;0;2;5;2;1;
65757;202200042643;738 050;A01;1;10;0;2;1;2;1;
65758;202200042644;738 049;A01;2;7;0;2;3;15;1;
65759;202200042644;738 053;B01;1;1;0;2;1;1;5;
65760;202200042645;738 045;A01;2;7;13;0;1;13;1;
65761;202200042646;738 042;B01;1;7;0;2;4;23;1;
65762;202200042646;738 044;A01;1;80;1;0;1;1;3;
65763;202200042647;738 038;B01;2;7;0;2;1;15;1;
65764;202200042647;738 041;A01;1;33;0;2;1;1;1;
65765;202200042648;738 039;B01;1;7;0;2;6;1;1;
65766;202200042648;738 043;A01;1;17;0;2;2;12;1;
65767;202200042649;738 040;A01;3;7;2;0;9;12;1;
65768;202200042650;738 036;B01;3;0;0;2;1;0;0;
65769;202200042650;738 037;A01;3;7;8;2;6;1;1;
65770;202200042651;738 035;A01;0;7;0;1;1;20;1;
65771;202200042652;738 034;A01;1;10;5;0;3;21;1;
65772;202200042653;738 030;A01;1;7;0;2;1;1;1;
65773;202200042653;738 032;B01;1;7;0;2;6;9;1;
65774;202200042654;738 027;A01;1;7;0;2;2;1;1;
65775;202200042654;738 031;B01;2;1;0;2;8;19;5;
65776;202200042655;738 026;B01;2;7;0;2;7;12;1;
65777;202200042655;738 029;A01;2;33;0;2;3;3;1;
65778;202200042656;738 022;A01;2;33;0;6;1;1;1;
65779;202200042658;738 028;B01;3;50;0;2;1;19;3;
65780;202200042658;738 033;A01;3;10;0;2;2;17;1;
65781;202200042659;738 018;A01;1;7;6;0;1;14;1;
65782;202200042660;738 017;B01;3;2;16;9;0;0;1;
65783;202200042660;738 020;A01;3;7;0;0;0;0;1;
65784;202200042661;738 016;A01;1;10;0;2;1;2;1;
65785;202200042661;738 019;B01;1;7;0;2;4;2;1;
65786;202200042661;738 021;C01;1;7;0;2;1;2;1;
65787;202200042661;738 023;D01;1;10;0;2;4;2;1;
65788;202200042662;738 013;A01;1;7;0;2;1;2;1;
65789;202200042662;738 015;B01;1;10;0;2;4;2;1;
65790;202200042663;738 010;A01;2;7;0;2;6;19;1;
65791;202200042663;738 014;B01;2;7;0;2;3;1;1;
65792;202200042664;738 009;B01;1;7;0;2;4;2;1;
65793;202200042664;738 012;A01;1;33;0;2;1;2;1;
65794;202200042665;738 011;A01;3;40;0;1;1;1;0;
65795;202200042666;738 004;C01;1;7;0;2;4;2;1;
65796;202200042666;738 007;B01;1;7;0;2;4;2;1;
65797;202200042666;738 008;A01;1;7;0;2;1;2;1;
65798;202200042667;738 001;A01;2;7;0;2;3;15;1;
65799;202200042667;738 006;B01;2;36;0;2;2;1;1;
65800;202200042668;738 000;A01;1;10;0;2;1;2;1;
65801;202200042668;738 002;B01;1;7;0;2;4;2;2;
65802;202200042668;738 005;C01;2;7;0;2;4;2;1;
65803;202200042670;737 998;B01;2;7;0;2;4;1;1;
65804;202200042670;737 999;A01;2;7;0;2;1;2;1;
65805;202200042671;737 996;A01;0;7;0;9;3;16;1;
65806;202200042671;738 003;B01;0;1;0;2;2;1;5;
65807;202200042672;737 990;B01;1;7;0;2;6;26;1;
65808;202200042672;737 994;C01;1;7;0;2;6;1;1;
65809;202200042672;737 995;A01;1;7;0;2;2;1;1;
65810;202200042673;737 991;A01;2;7;0;2;3;9;1;
65811;202200042673;737 993;B01;2;1;0;2;1;1;5;
65812;202200042674;737 992;A01;3;7;0;1;3;16;1;
65813;202200042676;737 983;C01;1;7;0;9;0;26;1;
65814;202200042676;737 985;B01;1;7;0;2;1;2;1;
65815;202200042676;737 989;A01;1;7;4;0;4;1;1;
65816;202200042677;737 981;A01;0;7;0;2;8;6;1;
65817;202200042677;737 988;B01;0;2;0;2;1;1;0;
65818;202200042678;737 980;B01;1;1;0;2;1;1;5;
65819;202200042678;737 982;A01;1;7;0;2;8;1;1;
65820;202200042679;737 978;A01;3;33;0;1;1;1;1;
65821;202200042680;737 976;A01;3;7;0;1;1;1;1;
65822;202200042681;737 974;C01;1;7;0;2;1;2;1;
65823;202200042681;737 977;B01;1;7;0;2;4;2;1;
65824;202200042681;737 979;A01;1;7;0;2;1;2;1;
65825;202200042683;737 973;A01;1;33;12;0;1;13;1;
65826;202200042684;737 970;A01;3;1;0;0;0;0;5;
65827;202200042685;737 968;A01;2;10;0;2;1;2;1;
65828;202200042685;737 971;B01;2;7;0;2;4;2;1;
65829;202200042685;737 972;C01;2;10;0;2;4;1;1;
65830;202200042686;737 969;A01;1;50;14;0;2;9;3;
65831;202200042687;737 964;A01;3;7;0;0;1;26;1;
65832;202200042688;737 963;A01;1;10;0;2;6;7;1;
65833;202200042688;737 965;B01;1;7;0;2;1;10;1;
65834;202200042689;737 967;A01;1;7;0;1;2;2;1;
65835;202200042690;737 959;A01;2;10;0;2;1;2;1;
65836;202200042690;737 961;B01;2;7;0;2;1;2;1;
65837;202200042690;737 962;C01;2;10;0;2;1;2;1;
65838;202200042691;737 957;A01;3;7;1;0;3;0;1;
65839;202200042691;737 960;B01;3;7;2;2;5;26;1;
65840;202200042692;737 956;A01;1;7;0;9;1;15;1;
65841;202200042692;737 958;B01;1;50;0;2;1;1;3;
65842;202200042693;737 953;B01;2;7;0;2;8;11;1;
65843;202200042693;737 954;A01;2;7;4;2;2;1;1;
65844;202200042694;737 955;A01;1;7;0;1;3;1;1;
65845;202200042695;737 951;B01;1;7;1;2;1;0;1;
65846;202200042695;737 952;A01;2;7;1;2;5;24;1;
65847;202200042696;737 949;B01;2;7;0;2;4;2;1;
65848;202200042697;737 948;A01;2;7;0;2;3;9;1;
65849;202200042697;737 950;B01;2;1;0;2;7;1;5;
65850;202200042698;737 947;A01;1;30;0;0;0;15;1;
65851;202200042699;737 945;A01;3;1;0;0;0;25;5;
65852;202200042700;737 942;C01;2;7;0;2;4;1;1;
65853;202200042700;737 944;B01;2;7;0;2;4;1;1;
65854;202200042700;737 946;A01;2;7;0;2;1;1;1;
65855;202200042701;737 941;B01;0;7;0;2;8;1;1;
65856;202200042701;737 943;A01;2;7;0;2;1;19;1;
65857;202200042702;737 939;A01;1;7;0;1;2;11;0;
65858;202200042703;737 938;B01;1;7;0;2;6;1;1;
65859;202200042703;737 940;A01;1;33;0;2;1;3;1;
65860;202200042704;737 937;A01;1;7;6;0;1;14;1;
65861;202200042705;737 934;A01;2;7;6;0;1;1;1;
65862;202200042707;737 933;B01;3;80;0;2;8;15;3;
65863;202200042707;737 936;A01;3;7;0;2;1;16;1;
65864;202200042708;737 931;Z01;3;10;0;1;1;13;1;
65865;202200042709;737 929;B01;2;15;0;2;4;2;1;
65866;202200042709;737 930;A01;2;10;0;2;1;2;1;
65867;202200042710;737 926;A01;0;14;0;2;3;16;1;
65868;202200042710;737 928;B01;0;1;0;0;0;1;5;
65869;202200042711;737 922;B01;1;38;0;2;4;2;1;1.0
65870;202200042711;737 924;A01;1;15;0;2;1;2;1;
65871;202200042712;737 919;B01;3;1;0;0;1;26;5;
65872;202200042712;737 920;A01;3;7;0;0;3;26;1;
65873;202200042713;737 921;B01;2;33;0;2;6;1;1;
65874;202200042713;737 925;A01;2;7;0;2;2;16;1;
65875;202200042716;737 910;A01;2;7;3;0;3;0;1;
65876;202200042718;737 912;A01;1;7;0;2;1;1;1;
65877;202200042718;737 916;B01;1;1;0;2;4;1;0;
65878;202200042719;737 908;A01;1;1;0;1;1;1;5;
65879;202200042720;737 907;A01;1;7;0;0;0;1;1;
65880;202200042721;737 904;C01;1;7;0;2;5;2;1;
65881;202200042721;737 906;B01;1;7;0;2;2;2;1;
65882;202200042721;737 909;A01;1;33;0;2;7;1;1;
65883;202200042722;737 902;A01;0;7;0;0;0;1;1;
65884;202200042723;737 901;A01;2;7;1;0;2;14;1;
65885;202200042724;737 903;A01;2;7;0;2;7;15;1;
65886;202200042724;737 905;B01;1;32;0;2;1;1;1;
65887;202200042725;737 894;B01;2;33;0;2;1;2;1;
65888;202200042725;737 898;A01;3;7;0;2;7;15;1;
65889;202200042726;737 892;E01;2;7;0;2;2;9;1;
65890;202200042726;737 895;D01;2;7;0;2;2;9;1;
65891;202200042726;737 897;C01;2;7;0;2;4;2;1;
65892;202200042726;737 899;B01;2;7;0;2;4;2;1;
65893;202200042726;737 900;A01;2;7;0;2;1;2;1;
65894;202200042727;737 891;B01;1;7;0;2;1;21;1;
65895;202200042727;737 893;A01;1;7;0;2;5;21;1;
65896;202200042728;737 889;B01;0;7;0;2;2;1;1;
65897;202200042728;737 896;A01;0;7;0;2;3;5;1;
65898;202200042729;737 887;A01;1;7;0;2;8;15;1;
65899;202200042729;737 890;B01;2;2;0;2;1;1;1;
65900;202200042730;737 886;B01;2;7;4;2;6;12;1;
65901;202200042730;737 888;A01;2;32;4;2;3;3;1;
65902;202200042731;737 885;A01;2;7;6;0;2;15;1;
65903;202200042732;737 883;A01;1;7;0;2;2;16;1;
65904;202200042732;737 884;B01;1;1;0;2;1;1;5;
65905;202200042733;737 880;A01;1;33;0;2;8;3;1;
65906;202200042733;737 882;B01;1;7;0;2;7;12;1;
65907;202200042734;737 881;A01;1;7;4;0;8;13;1;
65908;202200042735;737 879;A01;2;7;13;0;2;1;1;
65909;202200042737;737 873;A01;3;7;0;1;1;16;1;
65910;202200042738;737 874;A01;0;7;0;1;2;15;1;
65911;202200042739;737 872;A01;2;7;0;1;3;15;1;
65912;202200042740;737 870;A01;2;7;0;2;1;1;1;
65913;202200042740;737 871;B01;2;7;0;2;4;2;1;
65914;202200042742;737 864;B01;1;7;0;2;1;1;1;
65915;202200042742;737 867;A01;2;7;0;2;1;13;1;
65916;202200042743;737 863;A01;3;7;0;2;1;1;1;
65917;202200042743;737 868;B01;3;7;0;2;1;1;1;
65918;202200042744;737 861;A01;3;7;0;2;2;1;1;
65919;202200042744;737 865;B01;3;80;0;2;0;19;3;
65920;202200042746;737 856;A01;1;7;0;2;2;15;1;
65921;202200042746;737 858;B01;1;1;0;2;8;1;5;
65922;202200042747;737 854;A01;1;7;9;2;1;5;1;
65923;202200042747;737 857;B01;1;7;5;2;1;1;1;
65924;202200042748;737 855;A01;3;7;0;1;2;1;1;
65925;202200042749;737 852;Z01;3;7;0;2;3;26;1;
65926;202200042749;737 853;A01;3;33;0;2;1;11;1;
65927;202200042750;737 846;A01;2;32;0;2;8;1;1;
65928;202200042750;737 849;B01;2;34;0;2;1;1;1;
65929;202200042751;737 845;B01;2;7;1;0;8;24;1;
65930;202200042751;737 847;A01;2;50;1;0;2;1;3;
65931;202200042752;737 842;B01;2;37;0;2;6;2;1;1.0
65932;202200042752;737 844;A01;2;7;1;0;1;2;1;
65933;202200042753;737 843;B01;3;7;0;2;8;1;1;
65934;202200042753;737 848;A01;1;50;0;2;1;1;3;
65935;202200042754;737 839;B01;0;7;0;2;2;11;1;
65936;202200042754;737 841;A01;0;7;8;2;3;7;1;
65937;202200042755;737 838;B01;2;7;0;2;2;16;1;
65938;202200042755;737 840;A01;2;30;0;2;1;25;1;
65939;202200042756;737 837;Z01;3;7;0;1;3;1;1;
65940;202200042757;737 833;B01;2;7;0;2;7;1;1;
65941;202200042757;737 835;A01;2;1;0;2;1;19;5;
65942;202200042758;737 828;B01;2;7;0;2;4;0;1;
65943;202200042758;737 831;A01;2;7;0;2;1;0;1;
65944;202200042759;737 830;B01;1;7;0;2;2;1;1;
65945;202200042759;737 836;A01;2;31;0;2;1;13;1;
65946;202200042760;737 827;B01;3;7;0;2;1;1;1;
65947;202200042760;737 829;A01;3;13;0;2;1;1;1;
65948;202200042761;737 825;A01;1;7;0;0;0;0;1;
65949;202200042762;737 824;B01;1;33;0;2;8;1;1;
65950;202200042762;737 826;A01;1;7;0;2;1;1;1;
65951;202200042763;737 821;B01;3;7;0;2;6;15;1;
65952;202200042763;737 823;A01;3;33;0;2;1;17;1;
65953;202200042764;737 817;A01;1;7;0;2;1;2;1;
65954;202200042764;737 820;B01;1;17;0;0;6;2;1;
65955;202200042765;737 815;B01;3;1;0;2;1;19;5;
65956;202200042765;737 819;A01;3;7;0;2;3;1;1;
65957;202200042767;737 814;A01;2;20;0;2;1;0;1;
65958;202200042767;737 818;B01;1;3;0;2;8;0;1;
65959;202200042767;737 822;C01;1;10;0;2;1;26;1;
65960;202200042768;737 811;C01;2;10;0;2;4;2;1;
65961;202200042768;737 813;B01;2;7;0;2;4;2;1;
65962;202200042768;737 816;A01;2;15;0;2;1;2;1;
65963;202200042769;737 809;Z01;1;7;0;1;1;5;0;
65964;202200042770;737 808;A01;1;7;0;1;1;1;1;
65965;202200042771;737 807;A01;1;7;2;0;4;13;1;
65966;202200042772;737 806;B01;1;43;0;2;7;1;1;
65967;202200042772;737 810;Z01;2;7;0;2;0;5;0;
65968;202200042773;737 801;A01;1;7;0;2;2;15;1;
65969;202200042773;737 805;B01;1;32;0;2;1;1;1;
65970;202200042774;737 802;B01;2;33;0;2;3;3;1;
65971;202200042774;737 804;A01;2;7;0;2;2;12;1;
65972;202200042775;737 800;B01;2;7;0;2;3;15;1;
65973;202200042775;737 803;A01;1;7;0;2;2;5;1;
65974;202200042776;737 796;A01;2;7;3;0;2;1;1;
65975;202200042777;737 795;A01;1;10;0;9;2;2;1;
65976;202200042777;737 797;B01;1;1;0;0;4;0;5;
65977;202200042778;737 794;A01;1;7;0;2;1;2;1;
65978;202200042778;737 799;B01;1;7;0;2;4;2;1;
65979;202200042779;737 791;B01;1;7;0;2;4;11;1;
65980;202200042779;737 792;A01;1;33;0;2;1;3;1;
65981;202200042780;737 790;A01;3;37;0;1;7;7;2;1.0
65982;202200042781;737 789;B01;3;7;0;2;1;19;1;
65983;202200042781;737 793;A01;1;33;0;2;7;1;1;
65984;202200042783;737 786;A01;2;32;0;2;1;2;1;
65985;202200042783;737 788;B01;2;7;0;2;5;2;1;
65986;202200042784;737 784;A01;1;7;0;1;2;1;1;
65987;202200042785;737 783;A01;1;33;0;2;1;17;1;
65988;202200042785;737 785;B01;1;7;0;2;1;1;1;
65989;202200042786;737 780;A01;2;7;0;2;1;1;1;
65990;202200042786;737 782;B01;0;1;0;2;7;1;5;
65991;202200042787;737 779;B01;1;7;0;2;6;2;1;
65992;202200042787;737 781;A01;1;32;0;2;1;2;1;
65993;202200042788;737 777;A01;2;10;0;1;1;1;1;
65994;202200042789;737 776;A01;0;7;0;1;2;1;2;
65995;202200042790;737 775;B01;3;32;0;2;1;1;1;
65996;202200042790;737 778;A01;3;7;0;2;1;1;2;
65997;202200042792;737 770;A01;3;10;4;0;2;1;1;
65998;202200042793;737 767;A01;2;7;15;1;2;13;1;
65999;202200042794;737 768;A01;2;10;0;1;2;1;1;
66000;202200042795;737 766;B01;1;7;0;2;6;1;1;
66001;202200042795;737 769;C01;1;17;0;2;1;1;1;
66002;202200042795;737 771;A01;1;15;0;2;1;12;1;
66003;202200042796;737 763;A01;1;7;0;2;2;0;1;
66004;202200042796;737 765;B01;1;7;0;2;3;0;0;
66005;202200042797;737 762;B01;1;1;0;2;2;1;5;
66006;202200042797;737 764;A01;1;10;0;2;2;22;1;
66007;202200042798;737 759;B01;2;1;0;2;1;7;5;
66008;202200042798;737 761;A01;2;10;0;2;2;16;1;
66009;202200042799;737 756;A01;2;1;0;2;7;17;5;
66010;202200042799;737 758;Z01;2;50;0;2;8;13;3;
66011;202200042800;737 757;B01;1;7;0;2;1;1;1;
66012;202200042800;737 760;A01;2;7;0;2;1;15;1;
66013;202200042801;737 755;A01;1;7;0;1;0;2;0;
66014;202200042802;737 753;Z01;1;33;0;1;1;1;0;
66015;202200042803;737 751;A01;3;1;0;2;1;1;5;
66016;202200042803;737 754;B01;3;7;0;2;3;1;2;
66017;202200042804;737 750;A01;2;7;0;1;1;1;1;
66018;202200042805;737 748;B01;3;10;0;2;3;19;1;
66019;202200042805;737 752;A01;0;2;0;2;8;1;1;
66020;202200042806;737 745;A01;1;7;0;2;7;26;1;
66021;202200042806;737 749;B01;2;7;0;2;3;1;3;
66022;202200042807;737 744;B01;1;31;0;2;1;17;1;
66023;202200042807;737 746;A01;1;10;0;2;3;15;1;
66024;202200042808;737 743;B01;3;7;0;2;2;1;1;
66025;202200042808;737 747;A01;1;43;0;2;8;1;1;
66026;202200042809;737 742;A01;3;7;2;0;1;1;1;
66027;202200042810;737 740;A01;1;7;0;2;2;1;1;
66028;202200042810;737 741;Z01;2;7;0;2;2;5;1;
66029;202200042811;737 738;A01;3;1;0;1;8;1;5;
66030;202200042812;737 737;A01;1;7;0;2;3;13;1;
66031;202200042812;737 739;B01;2;7;0;2;3;1;1;
66032;202200042813;737 734;B01;2;33;0;2;6;15;1;
66033;202200042813;737 736;A01;2;32;0;2;3;18;1;
66034;202200042814;737 735;A01;3;50;0;0;8;1;3;
66035;202200042815;737 731;A01;2;1;0;0;0;1;5;
66036;202200042816;737 729;B01;1;7;0;2;4;1;1;
66037;202200042816;737 732;A01;1;7;6;2;1;1;1;
66038;202200042817;737 730;A01;2;7;0;2;8;10;1;
66039;202200042817;737 733;B01;2;34;0;2;2;1;1;
66040;202200042818;737 724;B01;1;80;0;2;3;1;3;
66041;202200042818;737 728;A01;2;7;0;2;3;15;1;
66042;202200042820;737 725;A01;2;33;0;2;3;3;1;
66043;202200042820;737 727;Z01;2;7;0;2;5;12;0;
66044;202200042822;737 718;B01;2;7;0;2;7;1;1;
66045;202200042822;737 721;A01;2;32;0;2;1;1;1;
66046;202200042823;737 717;A01;2;10;0;2;1;1;1;
66047;202200042823;737 719;B01;2;14;0;2;1;11;1;
66048;202200042824;737 714;A01;2;2;0;9;3;1;3;
66049;202200042824;737 716;B01;1;50;0;2;1;5;3;
66050;202200042825;737 713;A01;1;2;0;2;1;0;1;
66051;202200042825;737 715;Z01;1;7;0;2;0;0;0;
66052;202200042826;737 708;A01;1;7;0;2;2;16;1;
66053;202200042826;737 710;B01;1;30;0;2;8;1;1;
66054;202200042827;737 709;C01;1;7;0;2;5;1;1;
66055;202200042827;737 711;A01;1;7;0;2;3;3;2;
66056;202200042827;737 712;B01;1;7;0;2;1;3;1;
66057;202200042828;737 707;A01;1;2;0;1;1;17;1;
66058;202200042829;737 705;A01;1;7;8;2;8;9;1;
66059;202200042829;737 706;B01;1;10;0;2;1;15;1;
66060;202200042830;737 704;A01;2;33;0;0;1;3;1;
66061;202200042831;737 702;A01;3;32;0;2;0;3;1;
66062;202200042831;737 703;B01;3;7;0;2;0;0;1;
66063;202200042832;737 700;A01;2;1;0;1;1;5;5;
66064;202200042833;737 699;B01;1;7;0;0;5;23;1;
66065;202200042833;737 701;A01;2;1;0;2;1;1;5;
66066;202200042834;737 695;Z01;2;7;0;2;0;1;0;
66067;202200042834;737 698;A01;1;50;0;2;0;13;3;
66068;202200042835;737 694;A01;1;32;0;2;1;21;1;
66069;202200042835;737 696;B01;-1;7;0;2;6;9;1;
66070;202200042836;737 693;B01;1;7;0;0;3;15;1;
66071;202200042836;737 697;A01;1;31;0;2;7;17;0;
66072;202200042837;737 690;A01;2;7;0;2;4;23;1;
66073;202200042837;737 692;Z01;1;10;0;2;1;1;0;
66074;202200042838;737 691;A01;2;30;0;1;1;2;1;
66075;202200042839;737 687;A01;1;7;1;0;1;1;1;
66076;202200042840;737 686;B01;1;33;0;2;7;1;1;
66077;202200042840;737 689;A01;1;10;0;2;3;15;1;
66078;202200042841;737 688;A01;2;32;0;1;1;19;1;
66079;202200042842;737 684;B01;-1;1;0;2;8;0;5;
66080;202200042842;737 685;A01;2;7;0;2;1;1;0;
66081;202200042845;737 682;A01;1;7;0;1;1;1;1;
66082;202200042846;737 677;A01;0;33;0;2;1;19;1;
66083;202200042846;737 679;B01;0;7;0;2;8;1;1;
66084;202200042847;737 676;A01;1;7;0;1;1;1;1;
66085;202200042848;737 675;A01;0;10;0;2;2;15;0;
66086;202200042848;737 678;B01;1;10;0;2;3;0;0;
66087;202200042849;737 673;A01;1;7;0;1;1;1;1;
66088;202200042850;737 671;B01;2;10;0;2;1;1;1;
66089;202200042850;737 674;A01;1;7;0;2;2;15;1;
66090;202200042851;737 670;A01;2;10;0;1;3;15;1;
66091;202200042852;737 669;B01;2;7;0;2;1;1;0;
66092;202200042852;737 672;A01;2;30;0;2;7;1;1;
66093;202200042853;737 665;A01;1;7;0;2;8;24;1;
66094;202200042853;737 666;B01;1;1;1;0;1;1;5;
66095;202200042854;737 663;A01;1;2;0;2;2;17;1;
66096;202200042854;737 664;B01;1;7;0;2;3;15;1;
66097;202200042855;737 662;A01;3;7;6;0;1;26;1;
66098;202200042856;737 659;B01;1;1;0;2;8;19;5;
66099;202200042856;737 661;A01;2;7;0;2;1;1;1;
66100;202200042857;737 658;B01;1;7;0;2;4;0;1;
66101;202200042857;737 660;A01;1;7;0;2;1;1;1;
66102;202200042858;737 655;A01;1;1;0;2;1;1;5;
66103;202200042858;737 657;B01;3;7;0;2;3;1;1;
66104;202200042859;737 654;B01;1;10;0;2;3;26;1;
66105;202200042859;737 656;A01;1;32;0;2;2;17;1;
66106;202200042860;737 653;A01;1;7;2;2;8;13;1;
66107;202200042861;737 651;B01;2;33;0;2;4;2;1;
66108;202200042861;737 652;A01;2;7;0;2;1;2;1;
66109;202200042862;737 650;A01;0;7;14;0;3;1;1;
66110;202200042863;737 648;B01;3;7;1;0;1;1;1;
66111;202200042863;737 649;A01;3;7;1;0;4;23;1;
66112;202200042864;737 645;A01;1;10;0;2;2;15;1;
66113;202200042864;737 647;B01;2;1;0;2;3;1;5;
66114;202200042865;737 644;B01;1;1;0;2;8;15;5;
66115;202200042865;737 646;A01;1;32;0;2;3;1;1;
66116;202200042866;737 641;A01;1;7;0;2;3;10;1;
66117;202200042866;737 643;B01;1;2;0;2;2;17;1;
66118;202200042867;737 640;B01;2;7;0;2;1;1;1;
66119;202200042867;737 642;A01;1;7;0;2;1;1;1;
66120;202200042868;737 639;A01;2;0;0;1;2;2;0;
66121;202200042869;737 638;A01;1;7;17;0;1;1;1;
66122;202200042871;737 633;B01;2;17;0;0;4;2;1;
66123;202200042871;737 634;A01;2;7;0;2;1;2;1;
66124;202200042872;737 636;A01;1;7;0;2;1;21;1;
66125;202200042874;737 630;B01;3;60;0;2;7;1;5;
66126;202200042874;737 632;A01;3;37;0;2;2;2;2;3.0
66127;202200042875;737 628;A01;1;7;0;2;2;0;1;
66128;202200042875;737 629;B01;1;7;0;2;6;0;1;
66129;202200042876;737 627;A01;2;7;6;0;1;1;1;
66130;202200042877;737 626;A01;2;7;1;0;1;5;1;
66131;202200042878;737 621;A01;1;7;0;9;3;9;1;
66132;202200042878;737 624;B01;1;1;0;2;2;1;5;
66133;202200042880;737 619;A01;0;7;0;0;0;0;1;
66134;202200042881;737 618;A01;1;7;0;1;1;0;0;
66135;202200042882;737 615;A01;1;7;0;2;1;5;1;
66136;202200042882;737 616;B01;2;7;0;2;5;1;1;
66137;202200042882;737 617;C01;2;7;0;2;3;1;1;
66138;202200042883;737 612;A01;2;33;0;5;1;21;1;
66139;202200042883;737 614;B01;0;99;0;0;7;19;6;
66140;202200042884;737 613;A01;3;7;0;1;1;15;1;
66141;202200042886;737 608;A01;2;7;0;0;5;15;1;