;Num_Acc;id_vehicule;num_veh;senc;catv;obs;obsm;choc;manv;motor;occutc
66142;202200042886;737 609;B01;2;7;0;0;3;1;1;
66143;202200042887;737 607;A01;1;7;0;2;1;2;1;
66144;202200042887;737 610;B01;1;7;0;0;4;23;1;
66145;202200042888;737 605;B01;2;1;0;0;6;23;5;
66146;202200042888;737 606;A01;2;1;1;0;1;2;5;
66147;202200042889;737 601;B01;1;10;0;2;1;1;1;
66148;202200042889;737 603;A01;2;7;0;2;7;18;1;
66149;202200042890;737 602;B01;1;7;0;2;1;1;1;
66150;202200042890;737 604;A01;1;7;0;2;1;15;1;
66151;202200042891;737 600;A01;2;1;0;0;0;24;5;
66152;202200042892;737 596;B01;1;7;3;0;0;0;0;
66153;202200042892;737 598;A01;1;1;3;0;2;1;5;
66154;202200042893;737 597;B01;2;15;0;0;6;1;1;
66155;202200042893;737 599;A01;2;7;0;2;2;14;1;
66156;202200042894;737 594;B01;2;3;0;0;4;1;1;
66157;202200042894;737 595;A01;2;7;0;2;1;21;1;
66158;202200042895;737 592;A01;3;7;1;2;3;19;0;
66159;202200042895;737 593;B01;3;7;0;2;3;9;0;
66160;202200042896;737 591;A01;1;7;2;0;1;14;1;
66161;202200042897;737 590;A01;1;7;13;0;1;1;1;
66162;202200042898;737 586;A01;2;33;3;0;8;13;1;
66163;202200042899;737 587;B01;1;7;0;2;4;1;1;
66164;202200042899;737 589;A01;1;7;0;2;1;2;1;
66165;202200042900;737 583;B01;3;7;0;2;1;1;1;
66166;202200042900;737 585;A01;3;7;2;2;7;1;1;
66167;202200042901;737 582;B01;2;7;1;0;1;2;1;
66168;202200042901;737 584;A01;2;7;0;0;4;2;1;
66169;202200042902;737 579;B01;0;37;0;2;3;0;2;2.0
66170;202200042902;737 581;A01;0;3;0;2;5;12;1;
66171;202200042903;737 580;A01;2;14;0;1;4;4;1;
66172;202200042904;737 578;A01;3;21;0;0;0;1;1;
66173;202200042905;737 576;A01;2;7;2;0;1;1;1;
66174;202200042906;737 575;A01;1;30;0;2;5;14;1;
66175;202200042906;737 577;B01;1;7;0;2;3;21;2;
66176;202200042907;737 574;A01;2;7;0;0;9;1;1;
66177;202200042908;737 573;A01;1;7;2;0;1;1;1;
66178;202200042910;737 570;B01;1;33;0;2;2;1;0;
66179;202200042910;737 572;A01;2;7;0;2;2;15;0;
66180;202200042911;737 567;A01;1;7;13;0;9;1;1;
66181;202200042912;737 568;A01;2;7;0;2;3;15;1;
66182;202200042912;737 569;B01;2;33;0;2;1;1;1;
66183;202200042913;737 564;B01;3;60;0;2;1;5;5;
66184;202200042913;737 566;A01;3;7;0;9;3;1;1;
66185;202200042915;737 558;A01;2;7;0;2;3;1;1;
66186;202200042915;737 560;B01;1;33;0;2;1;1;1;
66187;202200042917;737 554;B01;1;10;0;2;6;2;1;
66188;202200042917;737 556;A01;1;2;0;2;1;2;1;
66189;202200042918;737 553;B01;1;7;0;2;2;1;1;
66190;202200042918;737 555;A01;2;7;0;2;2;1;1;
66191;202200042919;737 551;A01;1;17;6;0;1;1;1;
66192;202200042920;737 550;B01;1;7;0;2;7;1;1;
66193;202200042920;737 552;A01;1;1;0;2;1;15;5;
66194;202200042921;737 548;B01;2;7;0;2;1;1;1;
66195;202200042921;737 549;A01;1;7;0;2;1;17;1;
66196;202200042922;737 547;A01;1;7;0;1;2;1;1;
66197;202200042923;737 543;A01;1;7;0;2;1;1;1;
66198;202200042923;737 546;B01;2;7;0;2;1;13;1;
66199;202200042924;737 544;A01;3;7;0;1;6;4;1;
66200;202200042925;737 542;A01;1;33;2;2;7;17;1;
66201;202200042925;737 545;B01;1;7;0;2;8;17;1;
66202;202200042926;737 540;A01;-1;7;13;0;0;0;1;
66203;202200042927;737 538;B01;1;1;0;2;8;9;5;
66204;202200042927;737 541;A01;2;7;0;2;1;1;1;
66205;202200042928;737 537;A01;1;10;2;0;1;14;1;
66206;202200042929;737 536;B01;1;7;0;2;3;1;1;
66207;202200042929;737 539;A01;2;7;0;2;3;13;1;
66208;202200042930;737 533;A01;1;2;0;2;1;2;1;
66209;202200042930;737 534;B01;1;7;0;2;4;2;1;
66210;202200042931;737 532;B01;1;7;0;0;0;9;0;
66211;202200042931;737 535;A01;1;33;0;0;3;21;1;
66212;202200042932;737 529;A01;2;34;0;0;7;1;1;
66213;202200042933;737 528;B01;2;7;0;2;3;15;1;
66214;202200042933;737 530;A01;2;2;8;2;1;17;1;
66215;202200042934;737 527;A01;2;7;0;2;1;13;1;
66216;202200042934;737 531;B01;1;7;0;2;1;1;1;
66217;202200042935;737 525;A01;1;43;2;0;1;21;1;
66218;202200042936;737 524;A01;1;10;0;2;3;1;1;
66219;202200042936;737 526;B01;2;7;0;2;1;1;1;
66220;202200042937;737 522;A01;2;33;0;0;0;0;1;
66221;202200042938;737 523;A01;3;7;6;0;1;1;1;
66222;202200042939;737 520;A01;3;7;1;1;4;26;1;
66223;202200042940;737 518;A01;2;7;0;2;2;2;1;
66224;202200042940;737 521;B01;2;7;0;0;6;2;1;
66225;202200042941;737 515;A01;1;7;0;0;4;23;1;
66226;202200042941;737 517;B01;1;7;0;2;4;23;1;
66227;202200042941;737 519;C01;1;7;0;2;1;2;1;
66228;202200042942;737 513;B01;2;7;0;2;3;1;1;
66229;202200042942;737 516;A01;1;33;0;2;1;0;1;
66230;202200042943;737 511;A01;2;14;0;2;2;2;1;
66231;202200042943;737 514;B01;2;14;0;0;6;2;1;
66232;202200042944;737 512;A01;2;7;0;1;1;1;1;
66233;202200042945;737 509;B01;2;50;0;0;5;1;3;
66234;202200042945;737 510;A01;2;7;0;9;2;9;1;
66235;202200042946;737 508;A01;1;7;11;0;1;1;1;
66236;202200042947;737 506;A01;1;7;13;0;0;1;1;
66237;202200042948;737 504;A01;1;7;0;2;5;11;1;
66238;202200042948;737 507;B01;1;33;0;2;1;1;1;
66239;202200042949;737 500;A01;1;7;0;0;4;26;1;
66240;202200042949;737 502;B01;1;7;0;2;1;1;1;
66241;202200042949;737 503;C01;1;7;0;2;1;1;1;
66242;202200042950;737 501;A01;2;7;0;2;3;1;1;
66243;202200042950;737 505;B01;1;7;0;0;3;1;1;
66244;202200042951;737 496;A01;1;7;0;1;3;1;1;
66245;202200042952;737 495;A01;2;7;0;1;2;1;1;
66246;202200042953;737 494;A01;1;33;0;0;0;1;1;
66247;202200042954;737 493;A01;1;7;6;0;1;0;1;
66248;202200042955;737 491;B01;3;33;0;2;8;1;1;
66249;202200042955;737 492;A01;3;7;0;2;1;19;1;
66250;202200042956;737 489;A01;1;33;0;0;0;1;1;
66251;202200042957;737 486;A01;1;33;8;0;0;1;1;
66252;202200042958;737 482;A01;2;7;4;0;1;12;1;
66253;202200042959;737 483;A01;2;7;0;1;1;15;1;
66254;202200042961;737 478;A01;1;7;0;0;2;2;1;
66255;202200042961;737 479;B01;1;7;0;2;3;10;1;
66256;202200042962;737 473;C01;3;7;0;2;4;2;1;
66257;202200042962;737 475;B01;3;7;0;2;4;2;2;
66258;202200042962;737 476;A01;3;10;0;2;1;2;1;
66259;202200042963;737 470;A01;1;7;14;0;1;0;1;
66260;202200042964;737 472;C01;2;7;0;0;4;2;1;
66261;202200042964;737 474;B01;2;7;0;0;4;1;1;
66262;202200042964;737 477;A01;2;7;0;2;1;1;1;
66263;202200042965;737 469;A01;0;7;0;2;3;26;1;
66264;202200042965;737 471;B01;0;31;0;2;1;1;1;
66265;202200042967;737 465;A01;3;33;0;0;8;26;1;
66266;202200042968;737 463;C01;1;7;16;0;0;0;1;
66267;202200042968;737 464;B01;1;7;1;0;2;24;1;
66268;202200042968;737 467;A01;1;7;10;0;3;0;0;
66269;202200042969;737 462;A01;1;7;2;0;1;1;1;
66270;202200042970;737 460;A01;3;7;0;2;1;1;1;
66271;202200042970;737 461;B01;3;7;8;2;3;1;1;
66272;202200042971;737 458;B01;1;33;0;2;7;17;1;
66273;202200042971;737 459;A01;1;7;0;2;8;15;1;
66274;202200042972;737 454;B01;2;7;0;2;4;17;1;
66275;202200042972;737 456;A01;2;33;0;2;1;17;1;
66276;202200042973;737 453;C01;1;2;0;2;1;1;1;
66277;202200042973;737 455;B01;1;2;0;2;1;13;1;
66278;202200042973;737 457;A01;2;7;0;2;3;1;1;
66279;202200042974;737 450;A01;2;7;0;2;0;10;0;
66280;202200042974;737 452;B01;1;33;0;2;8;1;1;
66281;202200042975;737 448;B01;1;7;0;2;3;2;1;
66282;202200042975;737 449;A01;2;7;0;2;3;13;1;
66283;202200042976;737 446;A01;1;7;0;2;1;5;1;
66284;202200042976;737 451;B01;2;7;0;2;1;1;1;
66285;202200042978;737 442;B01;2;2;0;2;1;1;1;
66286;202200042978;737 444;A01;2;2;0;2;5;9;1;
66287;202200042979;737 441;A01;1;30;1;0;7;14;1;
66288;202200042980;737 440;A01;3;7;0;0;2;15;1;
66289;202200042981;737 439;A01;2;7;6;0;2;1;1;
66290;202200042982;737 436;B01;3;7;0;2;0;0;1;
66291;202200042982;737 437;A01;3;30;0;2;2;0;1;
66292;202200042983;737 434;B01;3;33;0;2;1;0;0;
66293;202200042983;737 435;A01;3;7;0;2;2;15;1;
66294;202200042984;737 433;A01;1;7;0;2;1;13;1;
66295;202200042984;737 438;B01;2;13;0;2;1;1;1;
66296;202200042985;737 432;A01;2;7;16;0;2;17;1;
66297;202200042987;737 427;C01;1;7;0;2;3;21;1;
66298;202200042987;737 428;B01;1;7;0;2;3;1;1;
66299;202200042987;737 431;A01;2;7;0;2;3;13;1;
66300;202200042988;737 425;B01;3;7;0;2;4;1;1;
66301;202200042988;737 426;A01;3;33;0;2;1;1;1;
66302;202200042990;737 424;A01;1;2;0;0;7;1;1;
66303;202200042992;737 422;A01;1;31;12;0;1;13;1;
66304;202200042994;737 417;A01;1;1;0;2;0;1;5;
66305;202200042994;737 418;B01;2;7;0;2;1;1;2;
66306;202200042995;737 416;A01;1;7;0;1;1;1;1;
66307;202200042996;737 414;A01;1;50;0;2;7;1;3;
66308;202200042996;737 415;B01;2;7;0;2;3;1;1;
66309;202200042997;737 413;A01;3;33;0;0;7;13;1;
66310;202200042999;737 410;B01;0;7;0;2;2;21;1;
66311;202200042999;737 412;A01;0;7;0;2;3;9;1;
66312;202200043000;737 409;A01;1;50;0;0;0;1;3;
66313;202200043001;737 406;A01;1;32;0;2;5;1;1;
66314;202200043001;737 408;B01;1;7;0;2;0;1;1;
66315;202200043002;737 405;A01;2;7;0;2;1;1;1;
66316;202200043002;737 407;B01;1;7;0;2;0;1;1;
66317;202200043003;737 402;A01;2;1;1;0;1;1;5;
66318;202200043003;737 404;B01;2;7;0;2;4;23;2;
66319;202200043004;737 401;B01;2;30;0;2;7;1;1;
66320;202200043004;737 403;A01;1;7;0;2;7;15;1;
66321;202200043005;737 399;B01;2;31;0;2;1;21;1;
66322;202200043005;737 400;A01;2;7;0;2;5;21;1;
66323;202200043006;737 398;A01;1;7;13;0;9;1;1;
66324;202200043007;737 397;A01;2;7;0;1;6;20;1;
66325;202200043008;737 393;B01;2;10;0;2;0;0;1;
66326;202200043008;737 395;A01;1;33;0;0;8;20;1;
66327;202200043009;737 394;B01;2;31;0;2;1;1;1;
66328;202200043009;737 396;A01;1;7;0;2;2;15;1;
66329;202200043011;737 390;B01;3;10;0;2;2;9;0;
66330;202200043011;737 392;A01;3;7;0;2;1;26;0;
66331;202200043013;737 387;A01;2;7;0;2;3;1;1;
66332;202200043013;737 388;B01;2;7;0;2;3;1;1;
66333;202200043014;737 385;B01;0;50;0;2;3;0;3;
66334;202200043014;737 386;A01;0;7;0;9;2;16;1;
66335;202200043015;737 384;A01;2;33;9;0;1;1;1;
66336;202200043016;737 382;A01;2;7;0;2;3;1;2;
66337;202200043016;737 383;B01;3;2;0;2;2;9;1;
66338;202200043017;737 377;A01;2;7;0;2;3;1;1;
66339;202200043017;737 380;B01;2;30;0;2;1;1;1;
66340;202200043018;737 376;A01;1;7;0;0;1;5;1;
66341;202200043018;737 378;B01;2;33;3;0;3;1;1;
66342;202200043018;737 379;C01;2;33;0;0;1;1;1;
66343;202200043018;737 381;D01;2;33;3;0;3;1;1;
66344;202200043020;737 373;B01;0;1;0;2;5;26;5;
66345;202200043020;737 375;A01;1;7;0;2;1;26;0;
66346;202200043021;737 370;B01;2;7;3;2;3;11;1;
66347;202200043021;737 371;A01;2;7;0;2;7;1;1;
66348;202200043022;737 372;A01;2;7;13;0;1;26;1;
66349;202200043023;737 369;A01;1;7;13;0;9;13;1;
66350;202200043024;737 365;A01;2;7;0;2;3;15;1;
66351;202200043024;737 366;B01;1;2;6;0;0;1;1;
66352;202200043025;737 363;B01;2;7;0;2;7;1;1;
66353;202200043025;737 364;A01;1;1;0;2;1;1;5;
66354;202200043026;737 360;B01;1;33;0;2;1;17;1;
66355;202200043026;737 362;A01;1;33;0;2;4;17;1;
66356;202200043027;737 361;A01;2;7;2;0;1;14;1;
66357;202200043029;737 356;A01;2;7;0;2;2;19;1;
66358;202200043029;737 358;B01;2;1;12;2;1;1;5;
66359;202200043030;737 355;A01;-1;2;11;0;1;1;1;
66360;202200043032;737 350;A01;3;7;0;2;2;19;1;
66361;202200043032;737 351;D01;1;1;0;2;1;1;5;
66362;202200043032;737 352;C01;1;1;0;2;1;1;5;
66363;202200043032;737 353;B01;1;1;0;2;1;1;5;
66364;202200043033;737 349;A01;3;10;0;1;4;4;1;
66365;202200043034;737 346;A01;2;7;0;2;1;1;3;
66366;202200043034;737 347;B01;1;7;0;2;1;1;1;
66367;202200043035;737 344;B01;1;1;0;2;7;1;5;
66368;202200043035;737 345;A01;1;7;0;2;1;1;1;
66369;202200043036;737 343;B01;2;7;0;0;6;1;1;
66370;202200043036;737 348;A01;2;33;0;2;1;1;1;
66371;202200043038;737 338;A01;1;36;6;0;1;0;1;
66372;202200043039;737 339;B01;1;7;0;1;2;21;1;
66373;202200043039;737 340;C01;1;7;0;2;7;21;1;
66374;202200043039;737 341;D01;1;7;0;2;0;21;1;
66375;202200043040;737 334;B01;1;50;0;2;7;19;3;
66376;202200043040;737 336;A01;1;7;0;2;1;1;1;
66377;202200043041;737 335;A01;1;10;0;2;1;14;1;
66378;202200043041;737 337;B01;1;15;0;2;4;1;1;
66379;202200043042;737 331;B01;1;7;0;2;1;26;1;
66380;202200043042;737 333;A01;1;50;0;2;4;19;3;
66381;202200043044;737 328;A01;1;33;4;2;3;1;1;
66382;202200043044;737 330;B01;1;7;0;2;5;17;1;
66383;202200043046;737 325;B01;1;7;0;2;4;24;1;
66384;202200043046;737 329;A01;1;7;1;0;1;1;1;
66385;202200043047;737 324;A01;1;7;3;0;2;14;1;
66386;202200043048;737 323;A01;-1;7;0;1;3;1;1;
66387;202200043049;737 322;A01;1;37;0;1;1;1;4;1.0
66388;202200043050;737 316;B01;1;7;0;2;4;23;1;
66389;202200043050;737 320;A01;1;7;0;2;1;0;0;
66390;202200043051;737 315;D01;1;7;0;2;1;1;1;
66391;202200043051;737 317;C01;2;10;0;2;1;13;1;
66392;202200043051;737 318;B01;2;7;0;2;3;1;1;
66393;202200043051;737 321;A01;1;7;0;2;3;13;1;
66394;202200043052;737 314;A01;2;10;0;2;3;3;1;
66395;202200043052;737 319;B01;2;7;0;2;2;1;1;
66396;202200043054;737 310;A01;3;7;0;2;3;9;1;
66397;202200043054;737 312;B01;1;2;0;2;1;1;1;
66398;202200043056;737 304;B01;2;7;0;2;1;15;1;
66399;202200043056;737 307;A01;1;7;0;2;1;1;1;
66400;202200043057;737 305;B01;2;2;0;0;0;1;1;
66401;202200043057;737 309;A01;1;7;6;0;2;0;1;
66402;202200043058;737 299;A01;2;7;0;2;2;15;1;
66403;202200043058;737 301;B01;1;30;0;2;1;1;1;
66404;202200043059;737 298;B01;2;7;0;2;5;1;1;
66405;202200043059;737 302;A01;2;2;0;2;1;1;1;
66406;202200043060;737 300;A01;2;7;0;1;1;1;1;
66407;202200043061;737 295;A01;3;99;0;2;7;19;5;
66408;202200043061;737 297;B01;0;7;0;2;8;1;1;
66409;202200043064;737 290;A01;1;7;0;2;1;2;1;
66410;202200043064;737 291;B01;1;10;0;2;4;1;1;
66411;202200043065;737 288;B01;1;7;0;2;3;1;1;
66412;202200043065;737 289;A01;2;7;0;2;1;5;1;
66413;202200043066;737 292;B01;2;21;0;2;1;13;1;
66414;202200043066;737 294;A01;2;33;0;2;5;17;1;
66415;202200043067;737 287;A01;1;7;0;9;1;14;1;
66416;202200043068;737 285;A01;2;7;0;2;5;13;1;
66417;202200043068;737 286;B01;1;10;0;2;1;1;1;
66418;202200043069;737 284;A01;0;7;2;0;2;1;1;
66419;202200043070;737 283;A01;2;7;13;0;1;11;1;
66420;202200043071;737 275;A01;1;7;0;2;3;9;0;
66421;202200043071;737 277;B01;1;30;0;2;2;1;1;
66422;202200043072;737 276;A01;0;7;0;2;1;1;1;
66423;202200043072;737 278;B01;0;7;0;2;1;1;2;
66424;202200043074;737 272;A01;1;50;0;9;1;21;3;
66425;202200043074;737 274;B01;2;50;0;9;1;0;3;
66426;202200043075;737 273;A01;2;33;0;0;8;1;1;
66427;202200043076;737 269;A01;1;7;16;0;2;1;1;
66428;202200043077;737 268;B01;3;7;0;2;3;1;3;
66429;202200043077;737 270;A01;3;7;0;2;7;13;1;
66430;202200043078;737 264;B01;2;10;0;2;3;15;1;
66431;202200043078;737 267;A01;2;2;0;2;1;1;1;
66432;202200043079;737 263;B01;2;7;0;2;1;13;1;
66433;202200043079;737 265;A01;1;7;0;2;1;13;1;
66434;202200043080;737 266;B01;1;7;0;2;1;1;1;
66435;202200043080;737 271;A01;2;14;0;2;1;13;1;
66436;202200043081;737 260;B01;3;7;14;0;6;13;1;
66437;202200043081;737 262;A01;3;2;0;2;1;1;1;
66438;202200043082;737 261;A01;3;7;0;1;2;1;1;
66439;202200043083;737 258;A01;1;7;0;1;1;1;1;
66440;202200043084;737 257;A01;2;10;0;9;0;17;1;
66441;202200043085;737 259;A01;2;7;4;0;1;17;1;
66442;202200043086;737 254;B01;1;7;0;2;8;1;1;
66443;202200043086;737 256;A01;2;33;0;2;8;17;1;
66444;202200043087;737 253;B01;1;38;0;2;1;1;1;1.0
66445;202200043087;737 255;A01;2;7;0;2;1;13;1;
66446;202200043088;737 250;A01;0;7;2;0;1;0;1;
66447;202200043089;737 252;A01;3;7;13;0;3;1;1;
66448;202200043090;737 249;A01;1;7;0;2;4;1;1;
66449;202200043090;737 251;B01;2;10;0;2;1;1;1;
66450;202200043091;737 247;B01;1;7;0;0;0;5;1;
66451;202200043091;737 248;A01;2;7;3;0;3;21;1;
66452;202200043092;737 243;B01;2;7;0;2;6;1;1;
66453;202200043092;737 246;A01;2;10;0;2;2;2;1;
66454;202200043093;737 242;B01;1;15;0;2;3;1;1;
66455;202200043093;737 245;A01;2;14;0;2;3;13;1;
66456;202200043094;737 241;A01;0;33;0;0;1;13;1;
66457;202200043095;737 237;B01;1;50;0;2;1;17;3;
66458;202200043095;737 239;A01;1;7;0;2;8;15;1;
66459;202200043096;737 236;B01;2;7;0;2;2;2;1;
66460;202200043096;737 238;A01;2;7;0;2;6;1;1;
66461;202200043097;737 240;B01;2;7;0;2;1;2;1;
66462;202200043097;737 244;A01;1;7;0;2;2;15;1;
66463;202200043098;737 234;A01;1;7;4;0;3;1;1;
66464;202200043099;737 233;B01;1;43;0;2;7;1;1;
66465;202200043099;737 235;A01;1;10;0;2;8;13;1;
66466;202200043100;737 231;A01;3;30;0;1;0;26;0;
66467;202200043101;737 229;A01;1;32;0;2;1;17;1;
66468;202200043101;737 230;B01;1;7;0;2;3;15;1;
66469;202200043102;737 226;C01;1;34;0;2;1;1;1;
66470;202200043102;737 227;B01;1;7;0;2;3;11;1;
66471;202200043102;737 228;A01;1;33;0;2;7;1;1;
66472;202200043103;737 224;A01;3;33;0;2;8;1;1;
66473;202200043103;737 232;B01;3;10;0;2;1;1;1;
66474;202200043104;737 223;A01;1;1;0;1;1;1;5;
66475;202200043105;737 221;A01;1;10;0;2;1;13;1;
66476;202200043105;737 222;B01;1;7;0;2;1;1;1;
66477;202200043105;737 225;C01;2;7;0;2;2;23;1;
66478;202200043106;737 218;A01;2;80;0;0;1;1;3;
66479;202200043107;737 219;A01;1;7;13;0;9;14;1;
66480;202200043108;737 217;A01;2;33;12;0;5;14;1;
66481;202200043109;737 216;A01;1;7;2;0;7;1;1;
66482;202200043110;737 215;Z01;3;13;0;1;3;1;0;
66483;202200043111;737 214;A01;2;33;0;0;8;1;1;
66484;202200043112;737 211;A01;1;7;0;2;3;15;1;
66485;202200043112;737 212;B01;2;80;0;2;1;1;3;
66486;202200043113;737 210;A01;1;7;13;0;9;14;1;
66487;202200043114;737 205;A01;1;32;0;2;8;17;1;
66488;202200043114;737 207;B01;1;10;0;2;8;15;3;
66489;202200043115;737 202;A01;1;7;0;1;4;20;2;
66490;202200043116;737 200;B01;2;7;0;2;1;5;1;
66491;202200043116;737 201;A01;1;7;0;2;1;5;1;
66492;202200043117;737 199;A01;1;7;0;1;2;1;3;
66493;202200043118;737 204;A01;1;7;0;2;4;2;1;
66494;202200043118;737 208;B01;1;7;0;2;4;2;1;
66495;202200043118;737 209;C01;1;7;0;2;4;2;1;
66496;202200043118;737 213;D01;1;7;0;2;1;2;1;
66497;202200043120;737 196;A01;1;7;6;0;1;1;1;
66498;202200043121;737 193;A01;2;7;0;2;1;2;1;
66499;202200043121;737 194;B01;2;7;0;2;4;23;1;
66500;202200043121;737 197;C01;2;7;0;2;4;23;2;
66501;202200043122;737 189;B01;2;7;0;2;7;22;1;
66502;202200043122;737 191;A01;2;1;0;2;1;18;5;
66503;202200043123;737 187;A01;1;7;0;2;1;1;1;
66504;202200043123;737 190;B01;2;7;0;2;2;1;1;
66505;202200043124;737 183;A01;1;7;0;2;1;1;1;
66506;202200043124;737 186;B01;1;7;0;2;9;5;1;
66507;202200043125;737 182;A01;1;10;0;2;8;15;1;
66508;202200043125;737 185;B01;1;32;0;2;1;1;1;
66509;202200043126;737 184;D01;1;7;0;2;1;2;1;
66510;202200043126;737 188;C01;1;10;0;2;4;2;1;
66511;202200043126;737 192;B01;1;10;0;2;4;2;1;
66512;202200043126;737 195;A01;1;10;0;2;4;2;1;
66513;202200043127;737 178;B01;2;30;0;2;1;1;1;
66514;202200043127;737 181;A01;1;7;0;2;2;15;1;
66515;202200043128;737 176;B01;2;7;0;2;1;26;1;
66516;202200043128;737 180;A01;2;7;0;2;4;0;1;
66517;202200043129;737 177;B01;1;7;0;2;2;2;1;
66518;202200043129;737 179;A01;1;7;0;2;6;2;1;
66519;202200043130;737 173;B01;1;30;0;2;3;1;1;
66520;202200043130;737 175;A01;1;7;0;2;0;15;1;
66521;202200043131;737 172;B01;2;7;0;2;8;1;1;
66522;202200043131;737 174;A01;2;7;0;2;1;14;1;
66523;202200043132;737 171;A01;1;7;4;0;1;14;1;
66524;202200043133;737 169;B01;1;7;0;2;5;16;1;
66525;202200043133;737 170;A01;1;30;0;2;1;7;3;
66526;202200043134;737 166;B01;1;7;0;2;4;2;1;
66527;202200043134;737 168;A01;1;7;0;2;9;1;1;
66528;202200043136;737 164;A01;1;7;0;2;1;15;1;
66529;202200043136;737 165;B01;1;1;0;2;0;1;5;
66530;202200043137;737 163;A01;1;7;6;0;1;13;1;
66531;202200043139;737 159;B01;2;30;0;2;8;1;1;
66532;202200043139;737 162;A01;2;10;0;2;3;15;3;
66533;202200043140;737 157;A01;2;50;0;0;0;16;3;
66534;202200043141;737 155;C01;2;7;0;2;4;1;1;
66535;202200043141;737 156;B01;2;7;0;2;4;1;1;
66536;202200043141;737 158;A01;2;7;4;2;3;13;1;
66537;202200043142;737 151;B01;2;33;0;2;2;3;1;
66538;202200043142;737 153;A01;2;7;0;2;3;11;1;
66539;202200043145;737 145;B01;1;32;0;2;2;1;1;
66540;202200043145;737 147;A01;1;7;0;2;5;19;1;
66541;202200043146;737 140;A01;1;0;0;2;0;0;0;
66542;202200043146;737 143;B01;1;7;0;2;6;2;1;
66543;202200043147;737 141;B01;2;33;0;2;3;1;1;
66544;202200043147;737 144;A01;1;7;0;2;2;15;1;
66545;202200043148;737 138;D01;1;7;0;2;1;1;1;
66546;202200043148;737 139;C01;1;7;0;2;1;2;1;
66547;202200043148;737 142;B01;1;7;0;2;4;1;1;
66548;202200043148;737 149;A01;1;7;3;0;1;13;1;
66549;202200043149;737 137;A01;1;7;0;1;2;26;1;
66550;202200043150;737 135;A01;1;7;0;2;0;1;1;
66551;202200043150;737 136;B01;1;33;0;2;0;0;1;
66552;202200043151;737 134;A01;1;7;0;0;9;14;1;
66553;202200043152;737 132;A01;0;7;15;0;2;1;1;
66554;202200043153;737 129;A01;1;30;0;1;1;26;3;
66555;202200043155;737 125;A01;1;32;0;2;1;2;1;
66556;202200043155;737 127;B01;1;10;0;2;4;23;1;
66557;202200043157;737 124;A01;3;3;0;1;7;1;1;
66558;202200043158;737 122;B01;3;99;0;2;1;0;0;
66559;202200043158;737 123;A01;0;7;0;0;2;1;1;
66560;202200043159;737 121;A01;3;7;14;0;1;26;1;
66561;202200043160;737 118;A01;3;10;16;1;4;20;2;
66562;202200043161;737 117;B01;2;7;0;2;3;11;1;
66563;202200043161;737 119;A01;2;33;0;2;2;3;1;
66564;202200043161;737 120;C01;2;7;0;2;4;1;1;
66565;202200043162;737 114;B01;3;7;0;2;1;1;1;
66566;202200043162;737 116;A01;3;7;0;2;1;1;1;
66567;202200043163;737 112;B01;0;7;0;2;6;16;1;
66568;202200043163;737 115;A01;0;7;0;2;1;1;1;
66569;202200043165;737 106;A01;1;7;0;2;6;12;1;
66570;202200043165;737 109;B01;1;7;0;2;3;0;1;
66571;202200043165;737 113;C01;1;7;0;2;2;1;1;
66572;202200043166;737 110;B01;2;7;0;2;3;1;1;
66573;202200043166;737 111;A01;1;10;0;2;3;13;1;
66574;202200043167;737 104;A01;0;10;0;2;1;1;1;
66575;202200043167;737 105;B01;2;10;0;2;2;15;1;
66576;202200043168;737 103;A01;1;7;4;0;3;1;1;
66577;202200043169;737 102;A01;3;30;0;0;2;16;3;
66578;202200043170;737 101;A01;2;7;0;1;3;1;1;
66579;202200043171;737 098;A01;1;7;0;2;2;26;1;
66580;202200043171;737 099;B01;1;2;0;2;2;19;1;
66581;202200043172;737 097;A01;1;30;0;0;8;26;1;
66582;202200043173;737 096;A01;1;10;1;0;2;21;1;
66583;202200043173;737 100;B01;1;7;1;0;6;23;1;
66584;202200043174;737 095;A01;3;7;4;0;1;1;1;
66585;202200043177;737 091;A01;2;7;0;1;2;2;1;
66586;202200043178;737 088;B01;2;7;0;2;2;1;1;
66587;202200043178;737 090;A01;2;7;0;2;1;19;1;
66588;202200043179;737 087;A01;2;33;0;2;1;3;1;
66589;202200043179;737 089;B01;2;7;0;2;5;12;1;
66590;202200043180;737 086;A01;2;7;4;0;1;16;1;
66591;202200043181;737 083;A01;1;7;0;1;2;1;1;
66592;202200043182;737 082;B01;2;10;0;2;3;11;1;
66593;202200043182;737 084;A01;2;33;0;2;1;3;1;
66594;202200043183;737 081;A01;2;7;0;2;3;1;1;
66595;202200043183;737 085;B01;1;33;0;2;1;5;1;
66596;202200043185;737 076;A01;2;15;0;2;6;0;1;
66597;202200043185;737 077;B01;2;7;12;2;7;0;1;
66598;202200043186;737 075;A01;1;7;0;2;3;5;1;
66599;202200043186;737 079;B01;2;7;0;2;3;19;1;
66600;202200043187;737 072;A01;3;7;0;6;2;1;1;
66601;202200043188;737 069;C01;1;7;0;2;2;21;1;