;Num_Acc;id_vehicule;num_veh;senc;catv;obs;obsm;choc;manv;motor;occutc
66602;202200043188;737 071;B01;1;7;0;2;1;1;1;
66603;202200043188;737 074;A01;2;7;0;2;1;13;1;
66604;202200043189;737 064;A01;1;2;0;2;7;11;1;
66605;202200043189;737 066;B01;1;7;16;9;8;0;1;
66606;202200043190;737 063;A01;1;7;0;1;2;17;1;
66607;202200043191;737 062;A01;2;7;0;2;6;9;1;
66608;202200043191;737 065;B01;2;33;0;2;1;1;1;
66609;202200043191;737 067;C01;2;7;1;0;0;23;1;
66610;202200043192;737 059;A01;2;7;0;2;7;15;1;
66611;202200043192;737 060;B01;1;2;0;2;1;1;1;
66612;202200043193;737 058;B01;1;2;0;9;0;0;1;
66613;202200043193;737 061;A01;1;10;0;2;2;9;1;
66614;202200043194;737 054;A01;1;7;0;2;1;2;1;
66615;202200043194;737 055;B01;1;7;0;2;4;2;1;
66616;202200043195;737 053;A01;3;7;0;2;3;1;1;
66617;202200043195;737 056;B01;3;31;0;2;1;1;0;
66618;202200043196;737 051;A01;2;33;4;0;0;1;1;
66619;202200043197;737 052;A01;2;34;0;2;1;26;1;
66620;202200043197;737 057;B01;1;7;0;2;2;15;1;
66621;202200043198;737 050;A01;2;7;0;1;2;1;1;
66622;202200043199;737 046;B01;1;7;0;2;3;1;1;
66623;202200043199;737 049;A01;2;7;0;2;3;13;1;
66624;202200043200;737 045;B01;3;7;0;2;2;23;1;
66625;202200043200;737 047;C01;1;7;0;2;8;1;1;
66626;202200043200;737 048;A01;1;7;0;2;0;26;1;
66627;202200043201;737 043;A01;0;10;0;1;1;0;1;
66628;202200043202;737 042;A01;3;2;0;2;1;1;1;
66629;202200043202;737 044;B01;3;7;0;2;3;5;1;
66630;202200043203;737 041;A01;3;7;0;1;2;1;1;
66631;202200043204;737 040;A01;1;2;8;0;1;0;1;
66632;202200043205;737 039;A01;2;7;0;0;9;2;1;
66633;202200043206;737 037;A01;0;1;0;0;0;9;5;
66634;202200043207;737 035;C01;0;7;0;2;8;23;1;
66635;202200043207;737 036;B01;0;33;0;2;9;1;1;
66636;202200043207;737 038;A01;0;99;0;0;7;19;0;
66637;202200043208;737 033;B01;3;33;0;2;1;1;1;
66638;202200043208;737 034;A01;3;0;0;2;3;2;0;
66639;202200043209;737 032;A01;1;33;3;0;0;1;1;
66640;202200043210;737 031;A01;2;32;5;0;1;14;1;
66641;202200043211;737 029;B01;1;7;0;2;6;15;1;
66642;202200043211;737 030;A01;1;33;0;2;1;17;1;
66643;202200043212;737 026;A01;2;7;0;9;3;9;1;
66644;202200043212;737 027;B01;2;1;0;0;7;1;5;
66645;202200043213;737 025;B01;1;2;0;2;1;1;1;
66646;202200043213;737 028;A01;1;7;0;2;2;26;1;
66647;202200043215;737 022;A01;1;7;0;2;1;26;1;
66648;202200043215;737 023;B01;1;7;0;2;1;1;1;
66649;202200043216;737 021;A01;2;7;0;0;1;1;1;
66650;202200043217;737 019;B01;0;7;0;2;7;1;1;
66651;202200043217;737 020;A01;1;7;0;2;1;1;1;
66652;202200043218;737 018;A01;1;7;8;0;9;21;1;
66653;202200043219;737 016;A01;3;7;0;2;0;9;0;
66654;202200043219;737 017;B01;3;7;15;0;1;1;1;
66655;202200043220;737 015;A01;1;7;8;0;9;1;1;
66656;202200043222;737 013;B01;2;7;0;2;6;1;1;
66657;202200043222;737 014;A01;1;1;0;2;8;13;5;
66658;202200043223;737 010;A01;3;7;0;1;8;15;1;
66659;202200043224;737 009;B01;2;7;0;2;3;1;1;
66660;202200043224;737 011;A01;1;7;0;2;3;1;1;
66661;202200043225;737 008;A01;3;7;13;0;7;1;1;
66662;202200043228;737 003;A01;2;7;8;0;1;14;1;
66663;202200043229;737 004;B01;1;14;0;2;2;1;1;
66664;202200043229;737 005;A01;1;7;0;2;3;9;1;
66665;202200043231;737 000;B01;2;7;0;0;3;1;1;
66666;202200043231;737 002;A01;1;21;0;0;5;1;0;
66667;202200043232;736 996;C01;2;7;0;2;4;2;1;
66668;202200043232;736 998;B01;2;7;0;2;4;1;1;
66669;202200043232;736 999;A01;2;7;0;2;1;2;1;
66670;202200043233;736 995;B01;1;7;0;2;3;0;3;
66671;202200043233;736 997;A01;2;7;0;2;1;0;1;
66672;202200043234;736 992;A01;1;7;0;2;2;1;1;
66673;202200043234;736 994;B01;2;1;0;2;1;16;5;
66674;202200043235;736 991;A01;1;7;0;2;8;15;1;
66675;202200043235;736 993;B01;2;7;0;2;3;1;0;
66676;202200043236;736 989;A01;3;7;0;1;1;20;1;
66677;202200043237;736 988;B01;1;7;2;0;1;19;1;
66678;202200043237;736 990;A01;3;7;8;2;1;15;1;
66679;202200043238;736 987;A01;1;32;16;0;7;2;1;
66680;202200043239;736 985;A01;1;2;8;0;1;0;1;
66681;202200043240;736 983;A01;2;7;2;0;1;14;1;
66682;202200043241;736 981;A01;0;7;0;2;1;1;1;
66683;202200043241;736 982;Z01;0;32;0;1;1;1;1;
66684;202200043243;736 975;B01;2;7;0;0;3;1;1;
66685;202200043243;736 977;A01;1;7;0;2;3;13;1;
66686;202200043244;736 972;B01;3;7;0;2;6;1;1;
66687;202200043244;736 974;A01;3;7;0;2;2;17;1;
66688;202200043246;736 969;A01;1;7;0;1;1;1;1;
66689;202200043247;736 967;C01;2;1;0;0;4;1;5;
66690;202200043247;736 968;B01;2;1;0;0;4;1;5;
66691;202200043247;736 970;A01;2;43;0;9;3;13;1;
66692;202200043248;736 965;A01;2;7;0;2;3;9;1;
66693;202200043248;736 966;B01;3;30;0;2;2;1;1;
66694;202200043249;736 964;A01;1;33;8;0;1;1;1;
66695;202200043251;736 961;B01;1;10;0;2;1;1;1;
66696;202200043251;736 962;A01;2;33;0;2;1;1;1;
66697;202200043252;736 957;B01;2;33;0;2;1;1;1;
66698;202200043252;736 959;A01;3;7;0;2;3;15;1;
66699;202200043253;736 958;Z01;0;2;1;2;0;1;0;
66700;202200043253;736 960;A01;1;2;0;2;7;1;1;
66701;202200043254;736 956;A01;2;7;6;0;1;1;1;
66702;202200043255;736 954;A01;1;7;0;2;3;22;1;
66703;202200043255;736 955;B01;1;30;0;2;2;1;1;
66704;202200043256;736 953;A01;2;7;0;0;1;1;1;
66705;202200043257;736 950;B01;2;1;0;2;1;1;5;
66706;202200043257;736 952;A01;1;1;0;2;1;1;5;
66707;202200043258;736 949;A01;1;7;0;2;3;9;1;
66708;202200043258;736 951;B01;1;31;0;2;1;1;1;
66709;202200043259;736 944;A01;2;7;0;2;2;1;1;
66710;202200043259;736 946;B01;2;10;0;2;3;1;1;
66711;202200043259;736 948;C01;2;14;0;2;3;15;1;
66712;202200043260;736 943;B01;2;7;0;2;3;9;1;
66713;202200043260;736 945;Z01;2;7;0;0;2;12;0;
66714;202200043260;736 947;A01;2;7;3;2;8;1;2;
66715;202200043261;736 942;A01;2;33;4;0;4;9;1;
66716;202200043262;736 940;B01;2;33;0;2;1;1;1;
66717;202200043262;736 941;A01;2;80;12;2;1;5;3;
66718;202200043263;736 939;A01;1;33;13;0;1;1;1;
66719;202200043264;736 936;A01;1;7;0;2;3;13;1;
66720;202200043264;736 938;B01;2;17;0;2;3;1;1;
66721;202200043267;736 931;C01;2;7;0;9;3;1;1;
66722;202200043267;736 933;B01;1;33;0;2;0;13;1;
66723;202200043267;736 934;A01;1;33;15;1;9;13;1;
66724;202200043269;736 925;B01;1;7;0;0;4;2;1;
66725;202200043269;736 928;A01;1;7;3;2;1;2;1;
66726;202200043270;736 926;A01;2;7;1;2;1;1;1;
66727;202200043270;736 927;B01;2;7;12;2;2;1;1;
66728;202200043272;736 921;A01;2;7;0;0;9;13;1;
66729;202200043273;736 922;B01;1;33;0;2;7;17;1;
66730;202200043273;736 923;A01;1;7;0;2;8;15;1;
66731;202200043274;736 919;A01;3;10;0;0;4;15;0;
66732;202200043275;736 918;A01;1;33;0;2;1;1;1;
66733;202200043275;736 920;B01;1;7;0;2;4;1;1;
66734;202200043276;736 914;A01;1;7;0;2;5;4;1;
66735;202200043276;736 916;B01;1;50;0;2;8;1;3;
66736;202200043277;736 915;A01;3;7;0;2;1;15;1;
66737;202200043277;736 917;B01;0;30;0;0;1;1;6;
66738;202200043278;736 912;B01;3;7;0;2;3;1;1;
66739;202200043278;736 913;A01;3;7;0;2;1;13;1;
66740;202200043279;736 910;A01;1;10;0;2;1;1;1;
66741;202200043279;736 911;B01;2;7;0;2;1;13;1;
66742;202200043283;736 902;A01;1;7;0;2;3;13;1;
66743;202200043283;736 903;B01;2;7;0;2;3;1;1;
66744;202200043284;736 900;B01;2;7;0;2;7;1;1;
66745;202200043284;736 901;A01;2;33;0;2;8;9;1;
66746;202200043285;736 899;A01;1;33;8;0;1;17;1;
66747;202200043287;736 895;A01;1;7;0;2;1;19;1;
66748;202200043287;736 896;B01;2;7;0;2;1;1;1;
66749;202200043288;736 894;B01;2;7;0;2;3;1;1;
66750;202200043288;736 897;A01;2;7;0;2;3;1;1;
66751;202200043289;736 891;B01;1;7;0;2;1;1;1;
66752;202200043289;736 893;A01;2;7;0;0;4;1;1;
66753;202200043290;736 892;A01;2;33;0;0;8;17;1;
66754;202200043291;736 889;A01;1;7;6;0;1;1;1;
66755;202200043292;736 888;A01;1;32;0;2;1;1;1;
66756;202200043292;736 890;B01;1;7;0;0;4;1;1;
66757;202200043293;736 887;A01;2;7;0;0;0;1;1;
66758;202200043294;736 886;A01;1;33;15;0;1;1;1;
66759;202200043295;736 885;A01;2;7;0;1;3;1;1;
66760;202200043296;736 884;A01;1;7;8;0;1;13;2;
66761;202200043297;736 883;A01;1;10;0;0;9;1;1;
66762;202200043298;736 882;A01;2;7;14;0;2;1;1;
66763;202200043299;736 880;A01;2;7;0;0;2;1;1;
66764;202200043300;736 879;A01;-1;7;0;2;1;2;1;
66765;202200043300;736 881;B01;3;1;0;2;4;2;5;
66766;202200043301;736 878;A01;0;7;1;1;2;1;1;
66767;202200043302;736 876;B01;2;2;0;0;1;26;1;
66768;202200043302;736 877;A01;2;7;0;0;5;2;1;
66769;202200043303;736 875;A01;2;7;13;0;3;13;1;
66770;202200043304;736 874;A01;1;7;15;0;1;1;1;
66771;202200043305;736 871;A01;3;1;0;5;6;1;5;
66772;202200043306;736 870;A01;3;7;0;2;3;15;1;
66773;202200043306;736 872;B01;0;1;0;2;1;21;5;
66774;202200043306;736 873;C01;1;7;0;0;0;15;1;
66775;202200043307;736 868;A01;1;33;0;2;1;17;1;
66776;202200043307;736 869;B01;1;7;0;0;3;15;1;
66777;202200043308;736 865;B01;2;80;0;2;1;1;3;
66778;202200043308;736 867;A01;2;7;0;0;6;23;1;
66779;202200043309;736 864;B01;2;33;0;2;2;1;1;
66780;202200043309;736 866;A01;2;7;0;2;1;1;1;
66781;202200043310;736 863;A01;1;7;6;9;1;1;3;
66782;202200043311;736 862;A01;0;33;8;0;1;1;1;
66783;202200043312;736 861;A01;1;33;12;0;1;14;1;
66784;202200043313;736 860;A01;2;33;11;0;1;17;1;
66785;202200043314;736 858;A01;1;7;13;0;7;1;1;
66786;202200043315;736 856;A01;1;1;0;0;1;1;5;
66787;202200043316;736 854;C01;2;7;4;2;1;26;1;
66788;202200043316;736 855;B01;2;7;0;2;1;1;1;
66789;202200043316;736 857;A01;2;7;0;2;4;1;1;
66790;202200043317;736 853;A01;2;7;16;0;8;1;1;
66791;202200043318;736 849;B01;1;10;0;2;1;1;1;
66792;202200043318;736 851;A01;1;7;13;0;4;1;1;
66793;202200043319;736 847;D01;2;7;0;2;4;1;1;
66794;202200043319;736 848;C01;2;7;0;2;4;1;1;
66795;202200043319;736 850;B01;2;7;0;2;4;1;1;
66796;202200043319;736 852;A01;2;7;0;2;1;1;1;
66797;202200043320;736 845;B01;0;7;15;2;1;1;1;
66798;202200043320;736 846;A01;0;7;0;2;7;19;1;
66799;202200043321;736 843;A01;1;7;0;2;1;1;1;
66800;202200043321;736 844;B01;1;10;0;2;4;1;1;
66801;202200043322;736 842;A01;1;33;6;0;1;0;1;
66802;202200043323;736 840;A01;1;30;0;0;0;1;1;
66803;202200043324;736 838;A01;2;7;0;2;1;1;1;
66804;202200043324;736 839;B01;2;7;0;2;4;1;1;
66805;202200043324;736 841;C01;2;7;0;2;4;1;1;
66806;202200043326;736 834;A01;2;33;0;2;7;3;1;
66807;202200043326;736 835;B01;2;7;0;2;8;11;3;
66808;202200043327;736 832;A01;2;7;2;0;8;17;1;
66809;202200043327;736 833;B01;2;10;0;9;1;2;1;
66810;202200043328;736 831;A01;1;7;3;0;0;1;1;
66811;202200043329;736 829;A01;1;7;0;2;2;12;1;
66812;202200043329;736 830;B01;1;33;0;2;3;3;1;
66813;202200043330;736 828;A01;1;7;7;0;1;14;1;
66814;202200043331;736 823;A01;1;7;3;2;3;1;1;
66815;202200043331;736 825;B01;1;15;0;0;5;1;1;
66816;202200043332;736 822;A01;2;7;0;2;9;11;1;
66817;202200043332;736 824;B01;2;7;0;2;4;1;1;
66818;202200043332;736 826;C01;2;7;0;2;4;1;1;
66819;202200043332;736 827;D01;2;7;6;2;8;1;1;
66820;202200043334;736 817;A01;1;7;16;0;0;14;1;
66821;202200043335;736 815;A01;1;7;0;2;2;12;1;
66822;202200043335;736 816;B01;1;7;0;2;4;1;1;
66823;202200043335;736 818;C01;1;7;0;2;6;1;1;
66824;202200043336;736 813;B01;1;33;0;2;3;19;1;
66825;202200043336;736 814;A01;3;7;0;2;3;15;1;
66826;202200043337;736 809;C01;1;33;0;2;1;1;1;
66827;202200043337;736 811;B01;1;7;0;2;1;1;1;
66828;202200043337;736 812;A01;1;7;4;2;7;12;1;
66829;202200043338;736 808;B01;1;7;0;0;6;23;1;
66830;202200043338;736 810;A01;1;7;0;2;2;17;1;
66831;202200043339;736 806;A01;3;1;0;0;1;0;5;
66832;202200043341;736 803;A01;1;33;0;0;8;1;1;
66833;202200043342;736 802;A01;1;7;0;2;3;13;1;
66834;202200043342;736 804;B01;2;7;5;2;3;1;1;
66835;202200043343;736 801;A01;3;7;0;1;3;1;1;
66836;202200043344;736 800;A01;3;17;0;1;4;4;0;
66837;202200043345;736 799;A01;2;10;0;1;3;15;1;
66838;202200043346;736 796;A01;1;7;0;1;2;0;3;
66839;202200043347;736 793;B01;1;33;0;2;2;3;1;
66840;202200043347;736 795;A01;1;7;0;2;3;0;1;
66841;202200043348;736 789;D01;1;7;0;2;4;2;1;
66842;202200043348;736 791;C01;1;7;0;2;4;2;1;
66843;202200043348;736 792;B01;1;7;0;2;4;2;1;
66844;202200043348;736 794;A01;1;10;0;2;1;2;1;
66845;202200043349;736 788;A01;1;7;0;2;1;2;1;
66846;202200043349;736 790;B01;1;7;0;2;4;24;1;
66847;202200043350;736 787;A01;1;7;4;0;3;1;1;
66848;202200043351;736 785;B01;1;7;0;9;7;0;1;
66849;202200043351;736 786;A01;1;34;0;2;1;18;1;
66850;202200043352;736 784;A01;2;7;4;0;1;21;1;
66851;202200043353;736 781;A01;1;7;0;2;5;11;1;
66852;202200043353;736 783;B01;1;33;0;2;1;3;1;
66853;202200043354;736 779;A01;1;33;0;0;8;0;1;
66854;202200043355;736 774;B01;2;7;0;2;8;1;1;
66855;202200043355;736 776;A01;2;7;4;2;1;17;1;
66856;202200043356;736 771;B01;1;13;0;0;4;1;1;
66857;202200043356;736 773;A01;1;3;1;0;3;17;1;
66858;202200043357;736 770;B01;1;7;0;2;4;2;1;
66859;202200043357;736 772;A01;1;31;0;2;1;3;1;
66860;202200043358;736 768;A01;1;33;0;0;0;1;1;
66861;202200043359;736 765;C01;1;10;0;2;4;2;1;
66862;202200043359;736 767;B01;1;10;0;2;4;2;1;
66863;202200043359;736 769;A01;1;10;0;2;1;1;1;
66864;202200043360;736 762;A01;2;10;3;2;4;1;1;
66865;202200043360;736 763;B01;2;7;3;2;9;1;1;
66866;202200043360;736 764;C01;2;7;3;2;1;1;1;
66867;202200043360;736 766;D01;2;7;3;2;1;1;1;
66868;202200043361;736 760;A01;2;7;0;2;1;20;1;
66869;202200043361;736 761;Y01;2;0;1;0;0;0;0;
66870;202200043363;736 756;C01;2;7;0;2;4;2;1;
66871;202200043363;736 758;B01;2;7;0;2;1;2;1;
66872;202200043363;736 759;A01;2;7;0;2;1;2;1;
66873;202200043364;736 753;A01;1;7;2;0;5;12;1;
66874;202200043365;736 749;A01;2;7;0;9;1;9;1;
66875;202200043365;736 750;B01;2;1;0;2;7;1;5;
66876;202200043367;736 742;B01;2;7;0;2;4;2;1;
66877;202200043367;736 743;A01;2;7;0;2;1;2;1;
66878;202200043368;736 740;B01;2;32;0;2;6;18;0;
66879;202200043368;736 741;A01;2;7;0;2;2;16;0;
66880;202200043369;736 739;A01;1;7;4;0;1;2;1;
66881;202200043370;736 736;A01;3;33;0;9;1;17;1;
66882;202200043370;736 738;B01;3;1;0;2;0;0;5;
66883;202200043371;736 734;A01;2;7;0;2;6;19;1;
66884;202200043371;736 735;B01;2;31;0;2;7;1;1;
66885;202200043371;736 737;C01;2;33;0;2;1;1;1;
66886;202200043372;736 732;B01;1;15;0;2;0;0;0;
66887;202200043372;736 733;A01;1;7;14;0;2;1;1;
66888;202200043373;736 729;A01;3;7;0;1;1;15;1;
66889;202200043374;736 730;B01;0;1;0;2;1;1;5;
66890;202200043374;736 731;A01;2;7;0;2;2;22;1;
66891;202200043375;736 728;A01;3;7;0;1;1;26;1;
66892;202200043376;736 725;A01;3;7;0;2;8;15;2;
66893;202200043376;736 726;B01;3;33;0;2;1;1;1;
66894;202200043377;736 724;A01;0;7;0;1;1;1;3;
66895;202200043378;736 722;B01;2;31;0;2;1;1;1;
66896;202200043378;736 723;A01;1;7;0;2;7;15;1;
66897;202200043379;736 721;A01;2;2;9;0;7;1;1;
66898;202200043380;736 727;A01;3;7;0;1;1;1;1;
66899;202200043381;736 719;A01;2;7;0;2;3;15;2;
66900;202200043381;736 720;B01;1;33;0;2;1;1;1;
66901;202200043382;736 717;B01;1;30;0;2;1;1;1;
66902;202200043382;736 718;A01;1;7;0;2;2;16;1;
66903;202200043383;736 715;A01;2;32;0;2;2;17;1;
66904;202200043383;736 716;B01;2;10;0;2;3;15;1;
66905;202200043384;736 714;A01;1;10;1;0;0;14;1;
66906;202200043385;736 712;A01;2;7;0;2;1;1;1;
66907;202200043385;736 713;B01;1;7;0;2;5;15;1;
66908;202200043386;736 711;A01;0;7;13;0;3;15;1;
66909;202200043387;736 709;A01;3;7;0;2;1;19;1;
66910;202200043387;736 710;B01;1;43;0;2;1;1;1;
66911;202200043388;736 707;A01;3;1;0;2;1;25;5;
66912;202200043388;736 708;B01;2;7;0;2;2;1;1;
66913;202200043389;736 705;A01;1;10;0;2;1;1;1;
66914;202200043389;736 706;B01;1;50;0;2;1;1;3;
66915;202200043390;736 703;B01;1;7;0;2;4;1;1;
66916;202200043390;736 704;A01;1;1;0;2;1;0;5;
66917;202200043391;736 702;A01;0;10;0;1;1;1;1;
66918;202200043392;736 700;A01;2;7;1;9;3;13;3;
66919;202200043392;736 701;B01;2;7;0;2;0;22;1;
66920;202200043393;736 699;A01;1;1;0;0;4;0;5;
66921;202200043394;736 698;Z01;2;7;0;1;3;17;1;
66922;202200043396;736 693;A01;1;7;0;2;2;20;1;
66923;202200043396;736 694;B01;1;33;0;2;1;18;1;
66924;202200043397;736 691;B01;2;10;0;2;4;1;1;
66925;202200043397;736 692;A01;2;7;0;2;1;1;1;
66926;202200043398;736 690;A01;3;7;0;1;4;20;1;
66927;202200043399;736 688;B01;1;99;0;2;1;26;1;
66928;202200043399;736 689;A01;3;7;14;9;4;2;1;
66929;202200043400;736 686;A01;0;7;0;2;2;15;1;
66930;202200043400;736 687;B01;0;7;0;2;1;1;1;
66931;202200043401;736 684;B01;0;7;0;2;8;1;1;
66932;202200043401;736 685;A01;0;7;0;2;1;1;1;
66933;202200043403;736 680;B01;3;7;0;2;3;23;1;
66934;202200043403;736 681;A01;3;7;0;2;0;0;1;
66935;202200043405;736 676;B01;3;7;0;9;3;1;1;
66936;202200043405;736 677;A01;3;50;0;2;8;15;3;
66937;202200043406;736 674;B01;3;7;0;2;1;0;1;
66938;202200043406;736 675;A01;3;33;0;2;1;0;1;
66939;202200043407;736 673;A01;1;33;0;0;7;17;1;
66940;202200043408;736 670;C01;1;7;0;2;4;1;1;
66941;202200043408;736 671;B01;1;7;0;2;4;2;1;
66942;202200043408;736 672;A01;1;7;0;2;1;1;1;
66943;202200043409;736 668;Z01;1;7;0;2;8;13;1;
66944;202200043409;736 669;A01;1;31;0;2;7;3;1;
66945;202200043410;736 666;B01;1;10;0;2;5;14;1;
66946;202200043410;736 667;A01;1;33;0;2;1;3;1;
66947;202200043412;736 663;A01;1;33;0;0;8;16;1;
66948;202200043414;736 661;A01;2;7;0;1;1;15;1;
66949;202200043415;736 658;A01;2;30;0;0;0;3;3;
66950;202200043416;736 655;A01;3;33;0;1;8;1;1;
66951;202200043417;736 654;B01;1;7;0;2;4;23;1;
66952;202200043417;736 656;C01;1;7;0;2;4;23;1;
66953;202200043417;736 657;D01;1;7;0;2;4;2;1;
66954;202200043417;736 659;E01;1;7;0;2;1;2;1;
66955;202200043417;736 660;Z01;1;7;0;2;4;23;1;
66956;202200043418;736 653;A01;2;7;7;0;1;26;1;
66957;202200043419;736 652;A01;2;33;14;0;8;26;1;
66958;202200043420;736 650;A01;2;1;0;2;0;13;5;
66959;202200043420;736 651;B01;2;1;0;2;0;2;5;
66960;202200043421;736 649;A01;2;30;1;0;0;21;1;
66961;202200043422;736 648;A01;2;7;3;0;9;26;1;
66962;202200043423;736 646;A01;1;10;0;2;2;15;1;
66963;202200043423;736 647;B01;2;33;0;2;1;1;1;
66964;202200043424;736 645;A01;1;7;2;0;0;1;0;
66965;202200043425;736 644;A01;1;7;0;0;0;1;1;
66966;202200043426;736 643;A01;1;7;0;9;3;1;1;
66967;202200043427;736 642;A01;2;7;6;0;3;1;1;
66968;202200043428;736 640;A01;3;7;0;0;8;20;1;
66969;202200043428;736 641;B01;3;32;0;2;1;1;1;
66970;202200043429;736 638;A01;3;2;0;2;9;1;1;
66971;202200043429;736 639;B01;3;21;0;2;1;1;1;
66972;202200043430;736 637;A01;3;2;0;0;0;0;1;
66973;202200043431;736 635;A01;3;7;0;2;3;15;1;
66974;202200043431;736 636;B01;1;33;0;2;7;1;1;
66975;202200043432;736 634;A01;1;7;13;0;2;14;1;
66976;202200043433;736 633;A01;2;7;17;0;2;1;1;
66977;202200043434;736 630;A01;2;7;0;2;3;17;1;
66978;202200043434;736 631;B01;1;7;0;2;3;1;1;
66979;202200043434;736 632;C01;1;7;0;2;1;1;1;
66980;202200043435;736 628;B01;2;30;0;2;9;1;1;
66981;202200043435;736 629;A01;2;7;0;2;8;1;1;
66982;202200043436;736 626;B01;1;33;0;2;1;1;1;
66983;202200043436;736 627;A01;1;7;0;2;3;15;1;
66984;202200043437;736 625;A01;1;33;6;0;1;26;0;
66985;202200043438;736 623;B01;2;7;0;2;1;1;1;
66986;202200043438;736 624;A01;1;7;0;2;1;26;1;
66987;202200043439;736 622;A01;1;1;0;0;1;5;5;
66988;202200043440;736 621;A01;1;7;8;0;0;1;1;
66989;202200043441;736 620;A01;1;32;8;9;7;1;1;
66990;202200043442;736 619;A01;1;7;2;0;0;2;1;
66991;202200043443;736 616;C01;2;7;0;2;3;1;1;
66992;202200043443;736 617;B01;1;7;0;2;5;2;1;
66993;202200043443;736 618;A01;1;30;0;2;3;18;1;
66994;202200043445;736 613;A01;1;7;2;0;3;1;1;
66995;202200043446;736 612;A01;1;33;13;0;1;1;1;
66996;202200043447;736 610;B01;2;7;0;0;1;23;1;
66997;202200043447;736 611;A01;1;7;3;2;1;16;1;
66998;202200043449;736 607;A01;0;7;0;2;2;1;1;
66999;202200043449;736 608;B01;3;1;0;2;1;0;5;
67000;202200043450;736 604;B01;1;33;0;2;3;1;1;
67001;202200043450;736 605;A01;2;3;0;2;7;15;1;
67002;202200043451;736 603;A01;2;36;6;0;1;1;1;
67003;202200043452;736 600;A01;2;33;13;0;3;15;1;
67004;202200043454;736 597;B01;2;7;0;2;1;21;1;
67005;202200043454;736 598;A01;1;2;0;2;1;5;1;
67006;202200043455;736 596;A01;1;33;3;0;1;12;1;
67007;202200043456;736 595;A01;1;7;10;0;7;14;1;
67008;202200043457;736 593;A01;1;7;0;2;3;17;1;
67009;202200043457;736 594;B01;2;7;0;2;3;1;1;
67010;202200043458;736 592;A01;1;7;0;1;2;1;1;
67011;202200043459;736 590;A01;1;7;0;2;8;3;1;
67012;202200043459;736 591;B01;2;7;0;2;8;21;1;
67013;202200043460;736 589;A01;0;7;0;1;0;0;1;
67014;202200043462;736 585;A01;1;7;0;2;3;15;1;
67015;202200043462;736 586;B01;2;1;0;2;4;0;5;
67016;202200043463;736 584;A01;2;7;0;1;2;14;1;
67017;202200043464;736 582;B01;2;7;0;2;2;1;1;
67018;202200043464;736 583;A01;1;7;0;2;2;13;1;
67019;202200043465;736 580;A01;0;7;0;2;1;15;1;
67020;202200043465;736 581;B01;0;7;0;2;1;1;1;
67021;202200043466;736 579;A01;1;7;13;0;1;1;1;
67022;202200043467;736 578;A01;0;31;6;0;0;1;0;
67023;202200043468;736 576;B01;1;7;0;2;8;1;1;
67024;202200043468;736 577;A01;1;15;0;2;2;12;1;
67025;202200043469;736 575;A01;1;33;4;0;7;1;1;
67026;202200043470;736 573;B01;2;7;0;2;4;2;1;
67027;202200043470;736 574;A01;2;7;0;2;1;2;1;
67028;202200043471;736 572;A01;2;7;4;0;1;1;1;
67029;202200043473;736 568;B01;2;7;0;2;4;23;2;
67030;202200043473;736 569;A01;2;7;0;2;1;2;1;
67031;202200043473;736 570;C01;2;10;0;2;4;23;1;
67032;202200043474;736 566;A01;1;7;0;2;5;17;1;
67033;202200043474;736 567;B01;1;10;0;2;3;1;1;
67034;202200043475;736 564;B01;2;14;0;2;2;0;1;
67035;202200043475;736 565;A01;2;7;0;2;8;2;1;
67036;202200043476;736 561;C01;2;7;0;2;5;2;3;
67037;202200043476;736 562;B01;2;34;1;2;1;3;1;
67038;202200043476;736 563;A01;2;7;0;2;8;11;1;
67039;202200043477;736 559;B01;2;33;0;2;1;3;1;
67040;202200043477;736 560;A01;2;7;0;2;7;12;1;
67041;202200043478;736 556;A01;1;7;0;2;4;2;1;
67042;202200043478;736 557;B01;1;10;0;2;1;2;1;
67043;202200043478;736 558;C01;1;10;0;2;1;2;1;
67044;202200043479;736 554;B01;1;7;4;2;2;1;1;
67045;202200043479;736 555;A01;1;10;4;2;5;11;1;
67046;202200043481;736 551;A01;1;33;0;2;2;1;1;
67047;202200043481;736 552;B01;1;7;0;2;8;11;1;
67048;202200043482;736 550;A01;1;7;6;0;8;1;1;
67049;202200043483;736 547;A01;1;7;0;1;1;1;1;
67050;202200043484;736 545;B01;1;10;0;2;3;0;1;
67051;202200043484;736 546;A01;1;7;0;2;3;0;1;
67052;202200043485;736 543;B01;1;7;0;2;6;15;1;
67053;202200043485;736 544;A01;1;33;0;2;7;17;1;
67054;202200043486;736 541;A01;2;30;14;2;7;23;1;
67055;202200043486;736 542;B01;2;7;0;2;8;13;0;
67056;202200043487;736 540;A01;3;7;0;1;1;0;0;
67057;202200043488;736 538;B01;1;1;0;2;3;16;5;
67058;202200043488;736 539;A01;1;7;0;2;2;16;1;
67059;202200043490;736 534;B01;0;7;0;2;3;0;1;
67060;202200043490;736 535;A01;0;34;0;2;6;7;1;
67061;202200043491;736 532;B01;2;7;0;2;1;23;1;
67062;202200043491;736 533;A01;3;1;14;2;1;0;0;
67063;202200043492;736 530;A01;1;7;17;2;7;15;1;