;Num_Acc;id_vehicule;num_veh;senc;catv;obs;obsm;choc;manv;motor;occutc
67064;202200043492;736 531;B01;1;7;0;2;0;0;1;
67065;202200043493;736 528;B01;1;7;0;2;1;1;1;
67066;202200043493;736 529;A01;1;32;0;2;7;19;1;
67067;202200043494;736 526;A01;1;7;0;2;2;1;1;
67068;202200043494;736 527;B01;1;1;0;2;1;1;5;
67069;202200043495;736 525;A01;1;32;0;1;2;1;1;
67070;202200043496;736 523;A01;2;7;0;2;2;15;1;
67071;202200043496;736 524;B01;1;43;0;2;1;1;1;
67072;202200043497;736 522;A01;2;7;0;1;1;1;1;
67073;202200043498;736 520;B01;1;7;0;2;4;23;3;
67074;202200043498;736 521;A01;1;2;0;2;1;2;1;
67075;202200043499;736 518;B01;3;33;0;2;3;1;1;
67076;202200043499;736 519;A01;3;7;0;2;1;2;1;
67077;202200043500;736 516;A01;2;33;0;2;1;1;1;
67078;202200043500;736 517;B01;1;10;0;2;4;0;1;
67079;202200043501;736 514;A01;2;7;0;2;3;1;1;
67080;202200043501;736 515;B01;0;50;0;2;8;19;3;
67081;202200043502;736 512;B01;3;7;0;2;3;15;1;
67082;202200043502;736 513;A01;3;33;0;2;2;17;1;
67083;202200043503;736 509;C01;2;7;0;2;1;1;1;
67084;202200043503;736 510;B01;1;7;0;2;8;1;1;
67085;202200043503;736 511;A01;1;30;0;2;7;17;1;
67086;202200043504;736 506;A01;3;7;0;2;3;17;1;
67087;202200043504;736 507;B01;3;7;0;2;3;1;3;
67088;202200043504;736 508;C01;3;7;0;2;6;1;1;
67089;202200043505;736 504;A01;3;7;0;2;1;1;1;
67090;202200043505;736 505;B01;3;7;0;2;4;1;1;
67091;202200043506;736 503;A01;3;7;14;0;1;14;1;
67092;202200043507;736 501;B01;3;7;0;2;1;1;1;
67093;202200043507;736 502;A01;3;7;0;2;1;1;2;
67094;202200043508;736 499;A01;0;10;0;2;7;9;1;
67095;202200043508;736 500;B01;0;33;0;2;1;1;1;
67096;202200043509;736 497;B01;2;7;0;2;4;23;0;
67097;202200043509;736 498;A01;2;7;0;2;1;9;0;
67098;202200043510;736 496;A01;1;7;0;1;6;4;1;
67099;202200043511;736 495;A01;1;50;0;0;1;0;3;
67100;202200043512;736 493;B01;1;50;0;2;1;26;3;
67101;202200043512;736 494;A01;2;7;0;2;3;1;1;
67102;202200043513;736 492;Z01;1;31;0;1;1;15;1;
67103;202200043514;736 490;A01;1;31;0;2;7;17;1;
67104;202200043514;736 491;B01;1;7;0;2;3;0;2;
67105;202200043515;736 488;B01;2;80;0;2;7;21;3;
67106;202200043515;736 489;A01;1;7;0;2;1;9;1;
67107;202200043516;736 487;A01;1;80;0;0;8;16;3;
67108;202200043517;736 486;A01;3;33;0;2;4;2;1;
67109;202200043518;736 484;B01;1;7;0;2;4;2;1;
67110;202200043518;736 485;A01;1;30;0;2;1;26;1;
67111;202200043519;736 482;B01;1;50;1;0;1;1;3;
67112;202200043519;736 483;A01;0;7;0;2;3;24;1;
67113;202200043520;736 480;B01;2;1;0;2;1;19;5;
67114;202200043520;736 481;A01;2;7;0;9;1;1;1;
67115;202200043521;736 478;A01;2;7;0;2;8;10;1;
67116;202200043521;736 479;B01;2;33;0;2;1;2;1;
67117;202200043522;736 476;A01;3;7;0;2;2;9;1;
67118;202200043522;736 477;B01;3;1;0;2;0;0;5;
67119;202200043523;736 475;A01;2;7;0;1;3;26;1;
67120;202200043524;736 473;A01;1;7;0;2;1;1;1;
67121;202200043524;736 474;B01;1;7;0;2;2;1;1;
67122;202200043525;736 471;A01;1;2;0;2;1;7;1;
67123;202200043525;736 472;B01;2;7;0;2;3;19;1;
67124;202200043527;736 467;A01;3;33;0;0;0;0;1;
67125;202200043527;736 468;B01;3;7;0;0;0;2;1;
67126;202200043528;736 465;B01;1;1;1;0;4;1;5;
67127;202200043528;736 466;A01;1;7;0;9;8;24;1;
67128;202200043529;736 463;A01;3;7;0;2;1;9;1;
67129;202200043529;736 464;B01;3;2;0;2;1;1;1;
67130;202200043530;736 462;A01;2;80;0;0;0;2;3;
67131;202200043531;736 461;A01;1;7;2;0;1;26;1;
67132;202200043533;736 457;A01;1;7;0;2;1;26;1;
67133;202200043533;736 458;B01;1;7;0;2;7;26;2;
67134;202200043534;736 455;B01;2;1;15;2;3;26;5;
67135;202200043534;736 456;A01;2;7;0;2;2;1;1;
67136;202200043536;736 451;B01;1;30;0;2;8;1;1;
67137;202200043536;736 452;A01;2;7;0;2;7;17;1;
67138;202200043537;736 449;A01;3;7;0;2;1;1;1;
67139;202200043537;736 450;B01;3;1;0;2;1;1;5;
67140;202200043538;736 447;B01;1;1;0;2;5;1;5;
67141;202200043538;736 448;A01;1;34;0;2;1;1;1;
67142;202200043539;736 445;A01;1;7;0;2;1;1;1;
67143;202200043539;736 446;B01;1;7;0;2;4;1;1;
67144;202200043541;736 441;A01;2;1;14;0;1;1;5;
67145;202200043542;736 440;A01;1;50;0;0;8;1;3;
67146;202200043543;736 436;A01;1;7;0;2;1;0;1;
67147;202200043543;736 437;B01;3;2;0;0;7;0;1;
67148;202200043544;736 433;A01;1;7;0;2;1;2;1;
67149;202200043544;736 434;B01;0;7;0;2;4;2;1;
67150;202200043544;736 435;C01;0;33;0;2;4;1;1;
67151;202200043545;736 432;A01;1;7;8;0;3;13;1;
67152;202200043546;736 430;A01;1;7;0;2;3;1;1;
67153;202200043546;736 431;B01;3;80;0;2;7;1;3;
67154;202200043547;736 429;A01;1;34;0;1;0;1;0;
67155;202200043548;736 427;A01;3;30;0;2;1;26;1;
67156;202200043548;736 428;B01;3;7;0;2;7;1;1;
67157;202200043550;736 423;A01;2;32;6;2;8;7;1;
67158;202200043550;736 424;B01;2;10;0;2;2;16;1;
67159;202200043551;736 422;A01;1;7;1;0;2;14;1;
67160;202200043552;736 421;A01;2;30;0;0;8;1;1;
67161;202200043553;736 420;A01;3;1;1;0;1;1;5;
67162;202200043554;736 415;B01;2;1;0;2;7;1;5;
67163;202200043554;736 416;A01;2;7;0;2;1;9;1;
67164;202200043556;736 409;B01;2;30;0;2;8;1;1;
67165;202200043556;736 410;A01;1;7;0;2;1;9;1;
67166;202200043557;736 408;A01;1;7;0;1;2;26;1;
67167;202200043558;736 406;A01;1;10;0;9;1;1;1;
67168;202200043558;736 407;B01;1;1;0;2;7;1;5;
67169;202200043560;736 403;A01;1;7;3;0;9;26;1;
67170;202200043561;736 402;A01;3;33;0;0;1;14;1;
67171;202200043563;736 398;B01;0;10;0;2;2;19;1;
67172;202200043563;736 399;A01;0;34;0;2;1;1;1;
67173;202200043564;736 394;D01;2;7;0;2;2;2;1;
67174;202200043564;736 395;B01;1;7;0;2;1;2;1;
67175;202200043564;736 396;C01;2;7;0;2;1;5;1;
67176;202200043564;736 397;A01;1;7;0;0;6;15;1;
67177;202200043565;736 392;A01;2;7;0;2;1;2;1;
67178;202200043565;736 393;B01;2;7;0;2;4;11;1;
67179;202200043566;736 390;A01;3;7;0;2;2;14;1;
67180;202200043566;736 391;Y01;3;1;0;2;4;16;5;
67181;202200043567;736 387;C01;1;7;0;2;4;2;1;
67182;202200043567;736 388;B01;1;7;0;2;1;2;1;
67183;202200043567;736 389;A01;1;7;0;2;1;2;1;
67184;202200043568;736 385;B01;1;33;0;2;1;1;1;
67185;202200043568;736 386;A01;1;7;0;2;3;9;1;
67186;202200043569;736 384;A01;1;32;12;0;2;2;0;
67187;202200043570;736 383;A01;3;7;0;1;1;1;1;
67188;202200043571;736 381;B01;3;3;0;2;4;1;1;
67189;202200043571;736 382;A01;3;43;0;2;1;1;1;
67190;202200043573;736 378;A01;2;7;0;2;7;26;1;
67191;202200043573;736 379;B01;1;7;0;2;3;0;1;
67192;202200043574;736 374;B01;1;7;0;2;5;1;2;
67193;202200043574;736 375;A01;1;43;0;2;8;3;1;
67194;202200043574;736 376;C01;1;14;0;2;8;1;1;
67195;202200043575;736 373;A01;1;1;0;0;1;21;5;
67196;202200043576;736 371;Z01;2;7;0;2;1;1;1;
67197;202200043576;736 372;A01;1;31;0;2;8;9;1;
67198;202200043577;736 369;B01;1;7;0;2;3;15;1;
67199;202200043577;736 370;A01;1;50;0;2;1;1;3;
67200;202200043578;736 367;A01;2;7;0;2;1;2;1;
67201;202200043578;736 368;B01;2;7;0;2;4;23;1;
67202;202200043579;736 364;B01;1;1;0;2;8;13;5;
67203;202200043579;736 365;C01;1;7;0;0;0;24;1;
67204;202200043579;736 366;A01;1;10;0;2;5;17;1;
67205;202200043580;736 362;B01;1;7;0;2;7;16;2;
67206;202200043580;736 363;A01;1;32;0;2;8;18;1;
67207;202200043581;736 360;B01;3;7;0;2;1;9;1;
67208;202200043581;736 361;A01;3;50;0;2;7;25;3;
67209;202200043583;736 357;A01;1;50;12;0;1;14;3;
67210;202200043584;736 356;A01;3;1;0;2;0;21;5;
67211;202200043585;736 354;B01;1;7;0;2;3;1;1;
67212;202200043585;736 355;A01;1;7;0;2;2;1;1;
67213;202200043586;736 352;A01;2;7;0;2;2;15;1;
67214;202200043586;736 353;B01;1;14;0;2;3;1;1;
67215;202200043587;736 351;A01;3;1;1;0;1;14;5;
67216;202200043588;736 350;A01;2;14;0;1;0;1;1;
67217;202200043589;736 349;A01;1;37;0;2;0;21;3;2.0
67218;202200043591;736 347;A01;2;1;0;1;1;1;5;
67219;202200043593;736 344;A01;1;7;0;1;2;15;2;
67220;202200043595;736 341;B01;1;33;0;2;5;1;1;
67221;202200043595;736 342;A01;1;7;0;2;3;15;1;
67222;202200043596;736 340;A01;3;50;0;0;0;1;3;
67223;202200043597;736 339;A01;2;80;0;1;1;11;3;
67224;202200043598;736 338;A01;1;80;12;0;1;13;3;
67225;202200043599;736 335;C01;1;32;0;2;0;2;3;
67226;202200043599;736 336;A01;1;10;0;2;7;16;1;
67227;202200043599;736 337;B01;1;33;0;2;4;2;1;
67228;202200043600;736 334;A01;1;50;0;1;1;1;3;
67229;202200043601;736 332;A01;2;10;0;2;6;15;1;
67230;202200043601;736 333;B01;2;50;0;2;1;2;3;
67231;202200043602;736 331;A01;2;10;0;1;8;24;1;
67232;202200043603;736 330;A01;1;7;0;1;3;15;0;
67233;202200043604;736 328;B01;1;1;0;2;6;1;5;
67234;202200043604;736 329;A01;2;7;0;2;1;16;1;
67235;202200043605;736 326;B01;1;7;0;2;0;0;1;
67236;202200043605;736 327;A01;1;7;0;2;4;26;1;
67237;202200043606;736 324;A01;1;7;0;2;4;23;1;
67238;202200043606;736 325;B01;1;7;0;2;1;11;1;
67239;202200043608;736 320;A01;2;7;4;2;5;2;1;
67240;202200043608;736 321;B01;2;7;0;2;3;2;1;
67241;202200043610;736 317;A01;1;15;3;0;1;13;0;
67242;202200043611;736 314;B01;1;7;0;2;1;1;2;
67243;202200043611;736 315;A01;1;7;0;2;1;1;1;
67244;202200043611;736 316;C01;1;7;0;2;4;1;1;
67245;202200043612;736 309;A01;1;7;0;2;1;1;2;
67246;202200043612;736 310;B01;1;7;0;2;4;2;1;
67247;202200043612;736 311;C01;1;7;0;2;3;2;1;
67248;202200043612;736 312;D01;1;7;0;2;1;1;1;
67249;202200043612;736 313;E01;1;7;0;2;4;21;1;
67250;202200043613;736 306;B01;1;7;0;2;4;2;1;
67251;202200043613;736 307;C01;1;10;0;2;4;2;1;
67252;202200043613;736 308;A01;1;7;0;2;1;1;1;
67253;202200043614;736 304;A01;1;7;3;2;1;26;1;
67254;202200043614;736 305;B01;1;7;0;2;3;26;1;
67255;202200043616;736 300;A01;1;7;0;2;1;1;1;
67256;202200043616;736 301;B01;1;7;0;2;5;2;1;
67257;202200043617;736 298;B01;2;7;0;2;6;1;1;
67258;202200043617;736 299;A01;2;10;0;2;2;12;1;
67259;202200043618;736 296;A01;1;10;0;2;5;1;1;
67260;202200043618;736 297;B01;1;34;0;2;1;1;1;
67261;202200043619;736 293;C01;2;7;0;2;4;2;1;
67262;202200043619;736 294;B01;2;7;0;2;4;2;1;
67263;202200043619;736 295;A01;2;10;0;2;1;2;1;
67264;202200043620;736 291;B01;1;7;3;2;8;1;1;
67265;202200043620;736 292;A01;1;10;0;2;7;1;1;
67266;202200043621;736 289;B01;1;33;0;0;8;21;1;
67267;202200043621;736 290;A01;1;7;0;0;0;14;0;
67268;202200043622;736 287;A01;2;7;0;2;1;9;1;
67269;202200043622;736 288;B01;2;50;0;2;7;15;3;
67270;202200043623;736 286;A01;2;1;0;1;1;25;5;
67271;202200043624;736 285;A01;2;33;0;1;2;21;1;
67272;202200043625;736 284;A01;2;7;0;1;3;1;1;
67273;202200043626;736 283;A01;1;7;0;1;1;1;1;
67274;202200043627;736 282;A01;1;7;0;2;0;17;1;
67275;202200043628;736 280;A01;1;33;0;2;8;1;1;
67276;202200043628;736 281;B01;2;7;0;2;8;1;2;
67277;202200043629;736 279;A01;1;2;12;0;2;14;1;
67278;202200043630;736 277;A01;3;7;0;2;7;17;1;
67279;202200043630;736 278;B01;3;7;0;2;1;15;1;
67280;202200043632;736 273;A01;2;7;0;2;2;16;1;
67281;202200043632;736 274;B01;2;33;0;2;8;2;1;
67282;202200043633;736 272;A01;1;7;0;1;1;1;1;
67283;202200043634;736 271;A01;1;7;0;1;8;1;1;
67284;202200043635;736 270;A01;2;7;0;1;3;1;1;
67285;202200043636;736 269;A01;1;7;0;1;1;1;1;
67286;202200043637;736 268;A01;1;7;0;1;3;15;1;
67287;202200043639;736 264;A01;1;7;0;2;3;15;1;
67288;202200043639;736 265;B01;1;7;0;2;3;1;1;
67289;202200043640;736 262;A01;2;7;0;2;3;11;1;
67290;202200043640;736 263;B01;2;7;0;2;7;16;1;
67291;202200043642;736 257;A01;3;2;0;2;1;13;1;
67292;202200043642;736 258;B01;3;37;0;2;3;1;1;1.0
67293;202200043644;736 251;A01;1;10;0;2;3;15;1;
67294;202200043644;736 252;B01;2;33;0;2;1;1;1;
67295;202200043646;736 247;A01;2;10;0;2;1;15;1;
67296;202200043646;736 248;B01;2;1;0;2;1;1;5;
67297;202200043648;736 238;A01;1;7;0;2;1;9;2;
67298;202200043648;736 239;B01;3;7;0;2;2;1;1;
67299;202200043649;736 236;A01;3;7;0;2;1;13;1;
67300;202200043649;736 237;B01;3;7;0;2;3;26;1;
67301;202200043650;736 235;A01;1;7;9;0;1;1;1;
67302;202200043651;736 234;A01;1;7;6;0;1;1;1;
67303;202200043652;736 233;A01;0;7;16;0;0;0;1;
67304;202200043653;736 231;Z01;0;7;0;2;1;1;0;
67305;202200043653;736 232;A01;0;2;0;2;1;1;1;
67306;202200043654;736 230;A01;0;7;0;9;2;9;0;
67307;202200043655;736 228;B01;2;7;0;2;1;15;1;
67308;202200043655;736 229;A01;1;7;0;2;3;1;1;
67309;202200043656;736 226;B01;1;7;0;2;4;2;1;
67310;202200043656;736 227;A01;1;7;0;2;1;2;1;
67311;202200043657;736 224;B01;2;2;0;2;2;1;1;
67312;202200043657;736 225;A01;1;7;0;2;2;15;1;
67313;202200043658;736 222;B01;2;1;0;2;8;19;5;
67314;202200043658;736 223;A01;1;2;0;2;1;1;3;
67315;202200043659;736 220;B01;1;30;0;2;2;15;1;
67316;202200043659;736 221;A01;1;7;0;2;3;1;1;
67317;202200043660;736 219;A01;2;7;0;1;3;1;1;
67318;202200043661;736 218;Z01;1;7;0;1;1;1;1;
67319;202200043662;736 217;A01;2;7;1;2;1;21;1;
67320;202200043663;736 215;A01;1;7;0;2;1;2;1;
67321;202200043663;736 216;B01;1;10;0;0;4;2;1;
67322;202200043664;736 213;B01;2;37;0;0;0;1;2;3.0
67323;202200043664;736 214;A01;2;7;0;0;0;15;1;
67324;202200043665;736 212;A01;3;7;13;0;1;13;1;
67325;202200043666;736 211;A01;1;7;0;1;1;9;1;
67326;202200043667;736 208;A01;2;15;0;2;2;26;1;
67327;202200043667;736 209;B01;2;80;0;2;3;2;3;
67328;202200043668;736 206;B01;2;50;0;0;0;25;3;
67329;202200043668;736 207;Z01;1;7;0;0;0;16;1;
67330;202200043669;736 204;A01;2;7;0;2;8;11;1;
67331;202200043669;736 205;B01;2;7;0;2;7;17;1;
67332;202200043670;736 202;A01;1;7;0;2;1;9;1;
67333;202200043670;736 203;B01;1;7;0;2;7;1;1;
67334;202200043671;736 200;B01;2;7;0;2;3;9;1;
67335;202200043671;736 201;A01;2;7;12;2;9;26;1;
67336;202200043672;736 198;B01;2;30;0;2;1;1;1;
67337;202200043672;736 199;A01;3;7;0;2;3;9;1;
67338;202200043673;736 197;A01;2;7;0;1;1;1;1;
67339;202200043675;736 194;B01;2;7;0;2;6;24;1;
67340;202200043675;736 195;A01;2;7;1;0;2;1;1;
67341;202200043676;736 192;B01;1;7;0;2;3;1;1;
67342;202200043676;736 193;A01;2;7;0;2;3;1;1;
67343;202200043677;736 191;A01;2;7;0;1;2;1;1;
67344;202200043678;736 190;A01;0;7;0;1;6;1;1;
67345;202200043679;736 189;A01;1;7;0;1;3;15;2;
67346;202200043680;736 187;A01;2;7;0;2;4;20;1;
67347;202200043680;736 188;B01;2;1;0;2;0;1;5;
67348;202200043681;736 185;A01;1;30;0;2;1;5;1;
67349;202200043681;736 186;B01;2;7;0;2;1;1;1;
67350;202200043682;736 181;C01;3;37;0;2;8;23;1;1.0
67351;202200043682;736 182;B01;3;7;0;2;7;1;1;
67352;202200043682;736 183;D01;3;7;0;2;6;1;1;
67353;202200043682;736 184;A01;3;7;0;2;1;26;1;
67354;202200043683;736 177;A01;2;7;0;2;1;2;1;
67355;202200043683;736 178;B01;2;7;0;2;4;2;1;
67356;202200043683;736 179;C01;2;7;0;2;4;1;1;
67357;202200043683;736 180;D01;2;7;0;2;4;2;1;
67358;202200043684;736 175;A01;2;1;0;2;7;17;5;
67359;202200043684;736 176;B01;2;7;0;9;1;1;1;
67360;202200043685;736 174;A01;3;10;0;1;3;1;1;
67361;202200043686;736 172;B01;3;7;0;2;4;1;1;
67362;202200043686;736 173;A01;3;7;0;2;1;1;1;
67363;202200043687;736 170;B01;3;7;0;2;2;19;1;
67364;202200043687;736 171;A01;3;7;0;2;3;19;1;
67365;202200043688;736 168;A01;3;30;0;2;1;19;1;
67366;202200043688;736 169;B01;3;7;0;2;3;19;1;
67367;202200043689;736 167;A01;2;7;4;0;1;26;1;
67368;202200043691;736 164;A01;1;7;13;0;1;1;1;
67369;202200043692;736 163;A01;3;7;0;1;3;15;1;
67370;202200043693;736 161;A01;1;7;0;2;1;1;1;
67371;202200043693;736 162;B01;1;7;0;0;4;2;1;
67372;202200043694;736 159;A01;3;7;0;2;2;1;1;
67373;202200043694;736 160;B01;3;7;0;2;8;20;1;
67374;202200043696;736 156;A01;1;7;0;2;3;15;1;
67375;202200043696;736 157;B01;2;30;0;2;1;1;1;
67376;202200043697;736 154;B01;1;37;0;2;1;1;1;1.0
67377;202200043697;736 155;A01;2;7;0;2;1;13;1;
67378;202200043698;736 152;B01;1;34;0;2;1;1;1;
67379;202200043698;736 153;A01;1;10;0;2;8;19;1;
67380;202200043699;736 151;A01;3;7;0;1;1;1;1;
67381;202200043700;736 149;A01;1;30;0;2;1;21;1;
67382;202200043700;736 150;B01;1;7;0;2;4;2;1;
67383;202200043701;736 148;Z01;0;7;0;1;1;26;0;
67384;202200043702;736 146;A01;1;7;0;2;3;13;1;
67385;202200043702;736 147;B01;2;10;0;2;3;0;1;
67386;202200043703;736 145;A01;1;7;4;0;1;1;1;
67387;202200043704;736 144;A01;3;7;0;0;2;14;1;
67388;202200043705;736 143;A01;1;7;0;1;1;1;1;
67389;202200043706;736 142;A01;1;7;2;0;2;1;1;
67390;202200043707;736 141;A01;2;7;0;1;1;1;1;
67391;202200043708;736 139;B01;1;7;0;0;4;2;1;
67392;202200043708;736 140;A01;1;7;1;2;1;2;1;
67393;202200043709;736 137;A01;1;2;0;2;1;1;1;
67394;202200043709;736 138;B01;1;7;0;2;8;9;1;
67395;202200043710;736 136;A01;3;7;0;1;2;15;1;
67396;202200043711;736 133;A01;1;7;14;0;2;21;1;
67397;202200043711;736 134;C01;1;7;14;0;0;0;1;
67398;202200043711;736 135;B01;1;7;14;0;0;0;1;
67399;202200043712;736 131;B01;2;33;0;2;1;1;1;
67400;202200043712;736 132;A01;1;32;0;2;5;15;1;
67401;202200043713;736 130;A01;1;33;0;1;8;1;1;
67402;202200043714;736 128;A01;2;7;0;2;2;15;1;
67403;202200043714;736 129;B01;1;2;0;2;1;1;1;
67404;202200043715;736 126;B01;3;7;0;2;1;1;1;
67405;202200043715;736 127;A01;3;32;0;2;1;1;1;
67406;202200043716;736 124;B01;0;1;0;2;0;0;5;
67407;202200043716;736 125;A01;0;30;0;9;3;1;3;
67408;202200043719;736 117;B01;3;7;0;2;0;0;1;
67409;202200043719;736 118;A01;3;37;1;0;1;26;1;4.0
67410;202200043720;736 116;A01;1;7;0;1;1;1;1;
67411;202200043722;736 113;A01;2;7;0;1;1;15;1;
67412;202200043723;736 111;A01;1;7;0;2;7;1;1;
67413;202200043723;736 112;B01;1;1;0;2;1;1;5;
67414;202200043724;736 109;B01;2;80;0;2;2;18;3;
67415;202200043724;736 110;A01;2;14;0;2;5;1;1;
67416;202200043726;736 106;A01;1;1;0;1;8;1;5;
67417;202200043727;736 104;A01;2;7;0;2;3;23;1;
67418;202200043727;736 105;Z01;2;32;0;2;1;2;1;
67419;202200043728;736 102;A01;1;33;0;2;1;15;1;
67420;202200043728;736 103;B01;1;7;0;2;2;1;1;
67421;202200043729;736 100;A01;1;7;0;2;2;15;2;
67422;202200043729;736 101;B01;2;1;0;2;1;1;5;
67423;202200043730;736 099;A01;2;32;14;0;0;13;1;
67424;202200043731;736 097;B01;1;7;0;2;4;2;1;
67425;202200043731;736 098;A01;1;7;0;2;1;2;1;
67426;202200043732;736 096;A01;2;32;0;1;1;17;1;
67427;202200043733;736 095;A01;1;7;0;1;3;1;1;
67428;202200043734;736 094;A01;1;33;0;1;1;18;1;
67429;202200043735;736 092;Y01;1;1;0;2;1;1;5;
67430;202200043735;736 093;A01;1;7;0;2;3;26;1;
67431;202200043736;736 090;A01;3;30;0;2;1;1;1;
67432;202200043736;736 091;B01;1;7;0;2;3;2;1;
67433;202200043737;736 088;B01;2;7;0;2;1;1;1;
67434;202200043737;736 089;A01;2;7;0;2;5;1;1;
67435;202200043738;736 086;A01;2;7;0;2;3;10;1;
67436;202200043738;736 087;B01;2;32;0;2;1;1;1;
67437;202200043739;736 085;A01;1;7;0;1;1;1;1;
67438;202200043740;736 084;A01;0;7;0;1;1;1;1;
67439;202200043742;736 082;A01;1;7;9;0;1;26;1;
67440;202200043744;736 078;A01;1;7;0;2;7;17;1;
67441;202200043744;736 079;B01;1;1;0;2;8;1;5;
67442;202200043745;736 076;B01;1;7;0;2;4;1;1;
67443;202200043745;736 077;A01;1;7;0;2;1;1;1;
67444;202200043746;736 074;B01;2;7;2;2;8;9;1;
67445;202200043746;736 075;A01;1;43;0;2;1;1;1;
67446;202200043748;736 069;A01;0;7;0;1;1;1;0;
67447;202200043749;736 067;B01;1;2;0;2;2;1;1;
67448;202200043749;736 068;A01;2;7;0;2;3;15;1;
67449;202200043750;736 065;B01;2;33;0;2;1;1;1;
67450;202200043750;736 066;A01;1;7;0;2;1;9;1;
67451;202200043752;736 060;B01;1;13;0;1;1;2;1;
67452;202200043752;736 061;C01;1;13;14;0;8;2;1;
67453;202200043753;736 058;B01;1;7;0;2;1;1;1;
67454;202200043753;736 059;A01;2;7;0;2;2;13;1;
67455;202200043754;736 056;A01;2;7;0;2;1;13;1;
67456;202200043754;736 057;B01;1;7;0;2;1;1;1;
67457;202200043755;736 053;A01;1;7;0;0;2;1;1;
67458;202200043755;736 054;B01;1;7;3;0;6;1;1;
67459;202200043756;736 051;B01;1;10;0;2;1;1;1;
67460;202200043756;736 052;A01;2;7;0;2;1;5;1;
67461;202200043757;736 050;A01;2;10;13;2;2;1;1;
67462;202200043758;736 048;B01;1;7;0;2;1;1;1;
67463;202200043758;736 049;A01;1;7;0;2;4;1;1;
67464;202200043759;736 046;B01;2;10;0;2;4;1;1;
67465;202200043759;736 047;A01;2;7;0;2;1;2;1;
67466;202200043760;736 038;H01;2;7;0;2;8;26;1;
67467;202200043760;736 039;G01;2;7;0;2;1;26;1;
67468;202200043760;736 040;A01;1;14;4;0;8;13;1;
67469;202200043760;736 041;B01;2;10;14;0;1;26;1;
67470;202200043760;736 042;C01;2;7;0;9;8;21;1;
67471;202200043760;736 043;D01;2;7;0;9;8;21;1;
67472;202200043760;736 044;E01;2;14;0;9;1;1;1;
67473;202200043760;736 045;F01;2;7;0;9;4;12;2;
67474;202200043761;736 037;A01;1;33;0;0;7;1;1;
67475;202200043762;736 036;A01;1;7;3;0;1;12;1;
67476;202200043763;736 034;A01;2;7;0;2;3;11;1;
67477;202200043763;736 035;B01;2;7;0;2;5;2;1;
67478;202200043764;736 033;A01;1;7;3;6;1;0;1;
67479;202200043765;736 032;A01;1;7;4;0;1;0;1;
67480;202200043767;736 028;B01;1;1;0;2;7;1;5;
67481;202200043767;736 029;A01;1;7;0;2;3;19;1;
67482;202200043768;736 027;A01;2;10;0;1;2;1;1;
67483;202200043769;736 026;A01;1;7;0;1;1;1;1;
67484;202200043770;736 024;B01;1;7;0;0;3;15;1;
67485;202200043770;736 025;A01;1;31;0;2;1;1;0;
67486;202200043771;736 023;A01;1;10;0;1;8;1;1;
67487;202200043772;736 022;A01;3;10;0;1;2;25;1;
67488;202200043773;736 020;A01;3;7;0;2;7;19;1;
67489;202200043773;736 021;B01;3;33;0;2;1;1;1;
67490;202200043775;736 016;B01;2;10;0;2;1;2;1;
67491;202200043775;736 017;A01;2;7;0;1;3;26;1;
67492;202200043777;736 013;A01;2;37;0;2;3;1;1;3.0
67493;202200043777;736 014;B01;1;7;0;2;3;1;1;
67494;202200043778;736 012;A01;3;10;0;1;1;15;1;
67495;202200043779;736 010;A01;0;7;0;2;1;1;1;
67496;202200043779;736 011;B01;0;7;0;2;4;1;1;
67497;202200043780;736 008;B01;1;7;0;2;4;2;1;
67498;202200043780;736 009;A01;1;10;0;2;1;2;1;
67499;202200043781;736 006;B01;2;7;0;2;1;15;1;
67500;202200043781;736 007;A01;1;1;0;2;1;1;5;
67501;202200043782;736 004;A01;0;7;0;2;5;15;1;
67502;202200043782;736 005;B01;0;2;0;2;1;1;1;
67503;202200043783;736 003;A01;0;7;0;1;1;1;1;
67504;202200043784;736 001;A01;2;7;0;2;8;15;1;
67505;202200043784;736 002;B01;1;2;0;2;7;1;1;
67506;202200043785;736 000;A01;3;7;0;1;1;2;1;
67507;202200043786;735 997;A01;0;7;0;1;1;1;1;
67508;202200043787;735 996;A01;3;30;12;0;0;0;1;
67509;202200043788;735 992;A01;1;7;0;2;1;0;1;
67510;202200043788;735 993;B01;1;7;0;2;4;0;1;
67511;202200043788;735 994;C01;1;7;0;2;4;0;1;
67512;202200043788;735 995;D01;1;7;0;2;0;0;1;
67513;202200043789;735 991;A01;3;7;0;1;1;15;1;
67514;202200043790;735 990;A01;3;7;0;1;1;15;1;
67515;202200043791;735 989;A01;2;7;1;0;0;0;1;
67516;202200043792;735 988;A01;1;7;0;1;8;15;1;
67517;202200043793;735 987;A01;1;7;9;0;1;1;1;
67518;202200043794;735 985;A01;2;30;0;2;1;1;1;
67519;202200043794;735 986;B01;1;7;0;2;5;15;3;
67520;202200043795;735 984;A01;3;33;0;2;0;15;1;
67521;202200043796;735 982;B01;2;14;0;2;1;1;1;
67522;202200043796;735 983;A01;1;7;0;2;2;1;1;
67523;202200043797;735 980;B01;0;7;0;2;7;1;1;