;Num_Acc;id_vehicule;num_veh;senc;catv;obs;obsm;choc;manv;motor;occutc
67524;202200043797;735 981;A01;1;7;0;2;3;1;1;
67525;202200043798;735 979;A01;3;7;1;1;2;20;1;
67526;202200043799;735 976;B01;1;7;0;2;8;11;1;
67527;202200043799;735 977;A01;1;33;0;2;8;3;1;
67528;202200043800;735 973;C01;1;7;0;2;1;0;1;
67529;202200043800;735 974;B01;1;33;0;2;9;0;1;
67530;202200043800;735 975;A01;1;7;0;2;5;26;1;
67531;202200043801;735 969;Z01;2;0;0;0;0;0;0;
67532;202200043801;735 970;C01;2;7;0;2;4;2;1;
67533;202200043801;735 971;B01;2;10;0;2;2;2;1;
67534;202200043801;735 972;A01;2;7;0;2;1;2;1;
67535;202200043802;735 967;A01;1;33;0;2;3;2;1;
67536;202200043802;735 968;B01;1;10;0;2;5;2;1;
67537;202200043803;735 965;B01;1;7;0;2;4;24;1;
67538;202200043803;735 966;A01;1;7;1;0;2;14;1;
67539;202200043804;735 963;B01;1;33;0;2;2;0;1;
67540;202200043804;735 964;A01;1;7;0;2;8;15;1;
67541;202200043805;735 958;A01;1;7;0;2;4;2;1;
67542;202200043805;735 959;B01;1;7;0;2;4;2;2;
67543;202200043805;735 960;C01;1;7;0;2;1;2;1;
67544;202200043805;735 961;D01;1;10;0;2;1;2;1;
67545;202200043805;735 962;E01;1;7;0;2;1;2;1;
67546;202200043806;735 955;A01;2;7;4;2;1;2;1;
67547;202200043806;735 956;B01;2;7;4;2;1;2;1;
67548;202200043806;735 957;C01;2;7;4;2;4;2;1;
67549;202200043807;735 953;B01;2;7;0;2;8;1;1;
67550;202200043807;735 954;A01;2;33;0;2;7;3;1;
67551;202200043808;735 952;A01;2;7;13;0;1;17;1;
67552;202200043809;735 951;A01;2;7;13;0;1;14;1;
67553;202200043810;735 948;A01;1;33;4;0;0;21;1;
67554;202200043810;735 949;B01;1;7;0;2;5;1;0;
67555;202200043810;735 950;C01;1;10;0;2;3;0;0;
67556;202200043811;735 945;A01;2;7;0;2;1;2;1;
67557;202200043811;735 946;B01;2;7;0;2;4;2;1;
67558;202200043811;735 947;C01;2;7;0;2;4;2;1;
67559;202200043812;735 944;A01;1;7;4;0;1;1;1;
67560;202200043813;735 942;B01;1;7;0;2;4;1;1;
67561;202200043813;735 943;A01;1;10;0;2;1;21;1;
67562;202200043814;735 941;A01;1;7;15;1;1;26;1;
67563;202200043815;735 940;A01;1;7;13;0;1;15;1;
67564;202200043816;735 938;A01;1;7;0;2;1;2;1;
67565;202200043816;735 939;B01;1;7;0;2;4;1;1;
67566;202200043817;735 937;A01;3;10;0;0;0;0;1;
67567;202200043819;735 934;A01;1;7;4;0;1;1;1;
67568;202200043820;735 932;A01;1;7;0;9;5;15;1;
67569;202200043820;735 933;B01;2;50;0;2;1;1;3;
67570;202200043821;735 930;A01;1;7;0;2;1;16;0;
67571;202200043821;735 931;B01;1;50;0;2;8;0;3;
67572;202200043822;735 928;A01;0;1;0;2;0;0;0;
67573;202200043822;735 929;B01;1;7;0;2;0;0;1;
67574;202200043823;735 926;A01;1;7;0;2;2;16;1;
67575;202200043823;735 927;B01;1;33;0;2;1;18;1;
67576;202200043824;735 924;B01;1;1;0;2;3;15;6;
67577;202200043824;735 925;A01;1;10;0;2;2;1;1;
67578;202200043825;735 922;A01;3;7;0;2;3;15;1;
67579;202200043825;735 923;B01;3;7;0;2;3;1;1;
67580;202200043827;735 920;A01;3;7;0;0;2;0;1;
67581;202200043828;735 918;B01;1;7;0;2;4;23;1;
67582;202200043828;735 919;A01;1;7;0;2;1;2;1;
67583;202200043829;735 914;A01;2;7;0;2;1;1;1;
67584;202200043829;735 915;B01;2;7;0;2;4;1;1;
67585;202200043829;735 916;C01;2;7;0;2;4;1;1;
67586;202200043829;735 917;D01;2;7;0;2;4;1;1;
67587;202200043830;735 912;B01;1;37;0;2;1;1;1;1.0
67588;202200043830;735 913;A01;2;7;0;2;3;16;1;
67589;202200043832;735 909;A01;1;7;4;0;1;9;1;
67590;202200043833;735 906;A01;2;37;9;2;5;1;1;1.0
67591;202200043834;735 904;B01;3;7;0;2;3;15;1;
67592;202200043834;735 905;A01;3;30;0;2;1;18;1;
67593;202200043835;735 903;A01;1;10;8;0;1;1;1;
67594;202200043836;735 902;A01;3;10;14;1;4;4;1;
67595;202200043837;735 900;A01;1;7;0;2;2;15;1;
67596;202200043837;735 901;B01;1;1;0;2;1;5;5;
67597;202200043838;735 898;B01;1;1;0;2;1;1;5;
67598;202200043838;735 899;A01;1;7;0;9;3;9;2;
67599;202200043839;735 896;B01;2;7;0;2;1;1;1;
67600;202200043839;735 897;A01;1;7;0;2;1;13;1;
67601;202200043840;735 894;A01;3;15;0;2;5;1;1;
67602;202200043840;735 895;B01;1;50;0;2;8;2;3;
67603;202200043841;735 892;B01;1;7;0;2;8;26;1;
67604;202200043841;735 893;A01;2;7;0;2;3;13;1;
67605;202200043842;735 890;A01;1;7;0;2;2;15;1;
67606;202200043842;735 891;B01;2;7;0;2;7;5;1;
67607;202200043843;735 888;B01;3;7;0;2;1;1;1;
67608;202200043843;735 889;A01;3;7;0;2;2;15;1;
67609;202200043844;735 886;B01;2;16;0;0;6;24;1;
67610;202200043844;735 887;A01;2;7;1;0;2;14;1;
67611;202200043845;735 884;B01;2;7;0;2;4;1;2;
67612;202200043845;735 885;A01;2;37;0;2;1;2;1;2.0
67613;202200043846;735 882;B01;1;1;0;2;4;1;5;
67614;202200043846;735 883;A01;1;31;0;2;1;1;1;
67615;202200043847;735 879;C01;1;7;0;2;4;1;1;
67616;202200043847;735 880;B01;1;7;0;2;4;1;1;
67617;202200043847;735 881;A01;1;7;0;2;1;1;1;
67618;202200043848;735 878;A01;1;50;0;0;0;1;3;
67619;202200043850;735 876;A01;1;10;9;0;1;1;1;
67620;202200043851;735 875;A01;1;33;0;0;7;1;1;
67621;202200043852;735 873;B01;1;7;1;2;6;13;1;
67622;202200043852;735 874;A01;1;7;1;2;2;17;1;
67623;202200043853;735 871;A01;1;7;0;2;1;26;1;
67624;202200043853;735 872;B01;1;7;1;2;4;26;1;
67625;202200043854;735 870;A01;2;7;1;0;2;1;1;
67626;202200043855;735 869;A01;1;30;1;0;2;14;1;
67627;202200043856;735 867;B01;1;7;0;2;1;1;1;
67628;202200043856;735 868;A01;1;30;0;2;7;1;1;
67629;202200043857;735 866;A01;1;7;6;0;1;14;1;
67630;202200043858;735 862;A01;1;7;0;2;8;9;1;
67631;202200043858;735 863;B01;2;2;0;2;1;15;1;
67632;202200043860;735 859;B01;3;7;0;0;5;23;1;
67633;202200043860;735 860;A01;3;34;12;2;1;26;1;
67634;202200043861;735 856;C01;2;7;0;9;3;1;1;
67635;202200043861;735 857;B01;2;7;0;2;2;13;1;
67636;202200043861;735 858;A01;1;33;0;2;1;26;1;
67637;202200043862;735 854;A01;2;7;0;2;8;19;1;
67638;202200043862;735 855;B01;2;10;0;2;2;1;1;
67639;202200043863;735 851;A01;1;7;0;2;1;1;1;
67640;202200043863;735 852;B01;1;7;0;2;9;1;3;
67641;202200043863;735 853;C01;1;7;0;2;4;1;1;
67642;202200043864;735 850;A01;2;7;0;1;0;15;1;
67643;202200043865;735 848;B01;1;7;0;2;6;11;1;
67644;202200043865;735 849;A01;1;33;0;2;2;3;1;
67645;202200043866;735 846;B01;1;7;0;2;4;2;1;
67646;202200043866;735 847;A01;1;7;0;2;1;2;1;
67647;202200043867;735 845;A01;1;33;0;0;0;1;1;
67648;202200043868;735 842;C01;1;10;0;2;5;23;1;
67649;202200043868;735 843;B01;1;7;0;2;7;1;1;
67650;202200043868;735 844;A01;1;33;0;2;1;3;1;
67651;202200043869;735 841;A01;3;80;14;0;7;14;3;
67652;202200043870;735 838;A01;1;7;0;2;2;2;1;
67653;202200043870;735 839;B01;1;30;0;2;4;2;1;
67654;202200043872;735 835;A01;3;7;0;1;1;1;1;
67655;202200043874;735 834;A01;2;1;12;0;1;7;5;
67656;202200043875;735 831;A01;2;50;4;1;2;5;3;
67657;202200043876;735 832;A01;2;7;0;2;1;1;3;
67658;202200043876;735 833;B01;2;1;0;2;7;1;5;
67659;202200043877;735 830;A01;2;34;14;0;0;11;1;
67660;202200043878;735 827;A01;1;30;11;0;0;1;1;
67661;202200043879;735 828;B01;2;1;0;2;4;2;0;
67662;202200043879;735 829;A01;2;7;0;2;1;2;0;
67663;202200043880;735 824;A01;1;7;0;2;2;0;2;
67664;202200043880;735 825;B01;2;10;0;2;2;0;1;
67665;202200043880;735 826;C01;1;7;0;2;3;5;1;
67666;202200043881;735 822;B01;1;10;0;2;7;0;1;
67667;202200043881;735 823;A01;1;7;0;2;1;1;1;
67668;202200043882;735 821;A01;2;7;0;1;1;15;1;
67669;202200043883;735 819;A01;2;7;14;0;2;2;0;
67670;202200043883;735 820;B01;0;1;-1;2;0;0;5;
67671;202200043885;735 814;A01;3;33;0;2;3;2;1;
67672;202200043885;735 815;B01;3;10;0;2;2;2;0;
67673;202200043886;735 816;A01;1;7;0;2;0;0;1;
67674;202200043886;735 818;B01;3;99;0;2;0;0;0;
67675;202200043887;735 813;A01;2;7;0;1;3;0;1;
67676;202200043888;735 811;A01;0;34;0;2;1;1;1;
67677;202200043888;735 812;B01;0;7;0;2;3;20;1;
67678;202200043889;735 809;B01;2;32;0;2;8;1;1;
67679;202200043889;735 810;A01;1;7;0;2;1;15;0;
67680;202200043891;735 804;A01;1;7;0;0;1;0;1;
67681;202200043891;735 805;B01;1;7;0;0;7;0;1;
67682;202200043891;735 806;C01;1;7;0;0;0;0;1;
67683;202200043892;735 800;B01;1;99;0;2;9;1;0;
67684;202200043892;735 802;A01;1;7;0;9;1;1;0;
67685;202200043893;735 801;B01;0;33;0;2;1;1;1;
67686;202200043893;735 803;A01;0;7;0;2;3;5;1;
67687;202200043894;735 796;B01;3;7;0;2;4;2;1;
67688;202200043894;735 797;A01;3;7;0;2;1;1;1;
67689;202200043894;735 799;C01;3;7;0;2;4;1;2;
67690;202200043895;735 794;A01;1;7;0;2;1;2;1;
67691;202200043895;735 795;B01;1;7;0;2;6;20;1;
67692;202200043896;735 793;A01;3;7;0;2;2;15;1;
67693;202200043896;735 798;B01;3;7;0;2;3;1;1;
67694;202200043897;735 791;A01;2;7;0;2;7;1;1;
67695;202200043897;735 792;B01;1;7;0;2;1;1;1;
67696;202200043898;735 788;B01;1;7;0;2;2;17;1;
67697;202200043898;735 790;A01;1;7;4;0;5;1;6;
67698;202200043899;735 789;A01;3;7;0;1;3;15;1;
67699;202200043901;735 785;A01;3;7;0;0;3;19;1;
67700;202200043902;735 784;A01;1;7;1;0;2;1;1;
67701;202200043903;735 783;A01;1;7;8;0;5;1;1;
67702;202200043904;735 781;A01;1;7;2;0;1;5;1;
67703;202200043905;735 780;B01;1;7;0;2;6;2;1;
67704;202200043905;735 782;Z01;1;7;0;2;2;2;1;
67705;202200043906;735 773;A01;2;7;0;0;4;1;1;
67706;202200043906;735 774;B01;2;7;0;2;4;1;1;
67707;202200043906;735 776;C01;2;7;0;2;4;0;1;
67708;202200043906;735 778;D01;2;7;0;2;1;1;3;
67709;202200043906;735 779;E01;2;7;0;2;1;1;1;
67710;202200043907;735 775;B01;2;7;0;2;3;1;1;
67711;202200043907;735 777;A01;1;7;0;2;1;15;1;
67712;202200043909;735 769;A01;3;7;6;0;2;1;1;
67713;202200043910;735 768;A01;1;7;0;2;6;17;1;
67714;202200043910;735 770;B01;1;33;0;2;2;17;1;
67715;202200043912;735 766;A01;1;7;6;0;1;13;1;
67716;202200043914;735 763;B01;1;7;0;2;1;1;1;
67717;202200043914;735 765;A01;2;7;0;2;7;19;1;
67718;202200043915;735 761;B01;1;7;2;2;2;2;1;
67719;202200043915;735 762;A01;1;7;0;2;6;18;1;
67720;202200043916;735 760;A01;1;33;3;0;7;1;1;
67721;202200043917;735 758;A01;2;7;0;1;1;1;1;
67722;202200043918;735 756;A01;2;7;2;0;9;1;1;
67723;202200043919;735 755;A01;0;50;0;0;0;1;3;
67724;202200043920;735 752;A01;3;7;16;0;0;1;1;
67725;202200043921;735 753;A01;1;30;0;2;1;1;1;
67726;202200043921;735 754;B01;3;10;0;2;3;19;1;
67727;202200043922;735 751;A01;1;31;13;0;2;0;1;
67728;202200043923;735 749;A01;1;7;0;2;1;2;0;
67729;202200043923;735 750;B01;1;7;0;2;0;2;0;
67730;202200043924;735 748;A01;1;2;6;0;8;13;1;
67731;202200043926;735 745;A01;2;7;0;1;1;1;2;
67732;202200043927;735 744;A01;2;7;0;1;2;13;1;
67733;202200043928;735 743;A01;2;7;13;0;1;1;1;
67734;202200043929;735 741;A01;1;33;3;0;1;1;1;
67735;202200043930;735 742;A01;1;7;0;1;3;2;1;
67736;202200043931;735 740;A01;1;7;2;0;3;13;1;
67737;202200043932;735 737;A01;1;7;0;2;3;19;1;
67738;202200043932;735 739;B01;1;7;0;2;2;1;1;
67739;202200043933;735 736;A01;2;7;8;0;1;14;1;
67740;202200043934;735 735;A01;1;7;2;0;9;14;1;
67741;202200043935;735 734;A01;1;7;0;2;3;2;1;
67742;202200043935;735 738;B01;1;1;0;2;1;25;5;
67743;202200043936;735 732;B01;3;2;0;2;1;1;1;
67744;202200043936;735 733;A01;3;10;0;2;2;15;1;
67745;202200043937;735 730;A01;0;33;13;0;1;1;1;
67746;202200043938;735 731;Z01;2;99;0;1;1;19;0;
67747;202200043939;735 729;A01;1;7;2;0;3;1;1;
67748;202200043940;735 728;A01;3;7;0;1;1;1;0;
67749;202200043941;735 727;A01;1;7;16;0;9;14;1;
67750;202200043942;735 725;A01;1;7;3;0;2;14;1;
67751;202200043943;735 724;A01;2;30;16;0;1;13;1;
67752;202200043944;735 723;B01;3;7;0;2;1;19;0;
67753;202200043944;735 726;A01;2;33;3;2;8;26;6;
67754;202200043945;735 721;A01;2;30;0;2;1;0;1;
67755;202200043945;735 722;B01;1;7;0;2;3;1;1;
67756;202200043946;735 719;A01;1;7;3;0;7;14;1;
67757;202200043947;735 720;A01;1;30;0;0;0;1;3;
67758;202200043948;735 717;B01;2;7;3;2;3;21;1;
67759;202200043948;735 718;A01;1;7;3;2;3;13;1;
67760;202200043949;735 713;A01;2;7;0;2;2;17;1;
67761;202200043949;735 715;B01;2;7;0;2;3;21;1;
67762;202200043950;735 714;A01;1;7;1;2;2;14;1;
67763;202200043950;735 716;D01;1;7;0;2;6;1;1;
67764;202200043951;735 711;B01;1;7;0;2;1;1;1;
67765;202200043951;735 712;A01;1;7;0;2;1;13;1;
67766;202200043952;735 710;A01;1;7;0;1;3;1;1;
67767;202200043953;735 708;B01;2;7;0;2;2;1;1;
67768;202200043953;735 709;A01;1;7;0;2;2;13;1;
67769;202200043954;735 705;A01;1;7;0;2;3;1;1;
67770;202200043954;735 706;B01;1;2;0;2;1;1;1;
67771;202200043955;735 707;A01;3;7;0;1;2;9;0;
67772;202200043956;735 703;B01;1;1;14;0;8;9;5;
67773;202200043956;735 704;A01;1;33;0;0;0;9;1;
67774;202200043957;735 702;A01;1;30;0;0;1;1;1;
67775;202200043958;735 701;A01;2;10;2;0;1;1;1;
67776;202200043959;735 698;A01;1;7;13;0;1;1;1;
67777;202200043960;735 699;B01;2;7;0;2;4;1;1;
67778;202200043960;735 700;A01;2;7;0;2;1;2;1;
67779;202200043962;735 696;A01;3;80;12;0;1;14;3;
67780;202200043963;735 693;B01;1;7;0;2;2;1;1;
67781;202200043963;735 695;A01;2;7;0;2;2;17;1;
67782;202200043964;735 692;A01;0;1;0;2;1;9;5;
67783;202200043964;735 694;B01;0;7;0;2;1;1;1;
67784;202200043966;735 687;A01;1;7;0;9;1;2;1;
67785;202200043966;735 689;B01;1;1;0;2;4;2;5;
67786;202200043967;735 686;A01;1;7;0;2;1;1;1;
67787;202200043967;735 688;B01;1;1;0;2;7;19;5;
67788;202200043968;735 684;B01;3;7;0;2;1;1;1;
67789;202200043968;735 685;A01;1;7;0;2;2;6;1;
67790;202200043969;735 683;A01;3;7;0;1;4;4;1;
67791;202200043970;735 682;A01;2;10;8;0;2;14;1;
67792;202200043971;735 678;A01;1;7;0;2;1;13;1;
67793;202200043971;735 681;B01;2;7;0;2;1;0;1;
67794;202200043972;735 676;A01;2;33;0;2;3;3;1;
67795;202200043972;735 677;B01;2;7;0;2;5;1;1;
67796;202200043973;735 675;A01;2;7;1;0;1;2;1;
67797;202200043974;735 674;A01;2;7;4;0;3;1;1;
67798;202200043975;735 669;B01;1;7;0;2;8;1;1;
67799;202200043975;735 673;A01;1;10;0;2;1;1;1;
67800;202200043976;735 667;E01;1;7;0;2;4;2;1;
67801;202200043976;735 668;D01;1;7;0;2;4;2;1;
67802;202200043976;735 670;C01;1;7;0;2;4;2;1;
67803;202200043976;735 671;B01;1;7;0;2;4;2;1;
67804;202200043976;735 672;A01;1;7;0;2;1;2;1;
67805;202200043978;735 664;A01;0;7;1;2;2;1;1;
67806;202200043978;735 666;B01;3;7;0;2;3;1;1;
67807;202200043979;735 660;A01;1;10;0;2;1;1;1;
67808;202200043979;735 661;B01;1;7;0;2;4;2;1;
67809;202200043979;735 662;C01;1;7;0;2;4;2;1;
67810;202200043979;735 663;D01;1;99;0;2;4;2;1;
67811;202200043980;735 657;A01;1;7;4;0;2;2;1;
67812;202200043981;735 658;B01;1;7;0;2;1;1;1;
67813;202200043981;735 659;A01;0;7;8;2;1;15;1;
67814;202200043982;735 654;A01;2;7;0;2;1;2;1;
67815;202200043982;735 655;B01;2;7;0;2;4;2;2;
67816;202200043983;735 650;A01;2;7;0;2;1;2;1;
67817;202200043983;735 651;B01;2;10;0;2;4;2;1;
67818;202200043983;735 652;D01;2;7;0;2;4;2;1;
67819;202200043983;735 653;E01;2;7;0;2;4;2;1;
67820;202200043983;735 656;C01;2;7;0;2;4;2;0;
67821;202200043985;735 646;C01;2;7;0;2;4;2;1;
67822;202200043985;735 647;B01;2;7;0;2;9;2;1;
67823;202200043985;735 649;A01;2;10;0;2;1;9;1;
67824;202200043986;735 643;A01;1;7;0;2;1;13;1;
67825;202200043986;735 644;B01;1;7;0;2;4;2;3;
67826;202200043988;735 640;A01;2;43;0;2;8;11;1;
67827;202200043988;735 642;B01;1;7;0;2;5;1;1;
67828;202200043989;735 637;B01;2;10;0;2;4;2;1;
67829;202200043989;735 638;A01;2;7;0;2;1;2;1;
67830;202200043990;735 636;A01;3;7;0;1;1;1;1;
67831;202200043991;735 634;A01;1;7;0;2;3;11;1;
67832;202200043991;735 635;B01;1;17;0;2;2;1;1;
67833;202200043992;735 632;A01;1;30;0;2;1;15;1;
67834;202200043992;735 633;B01;1;7;0;2;8;1;1;
67835;202200043993;735 630;B01;2;7;0;2;8;11;1;
67836;202200043993;735 631;A01;2;34;0;2;1;3;1;
67837;202200043994;735 629;A01;3;31;0;0;0;1;1;
67838;202200043995;735 626;A01;2;30;0;0;1;1;1;
67839;202200043996;735 624;D01;1;7;0;2;4;23;2;
67840;202200043996;735 625;C01;1;7;0;2;4;23;1;
67841;202200043996;735 627;B01;1;7;0;2;4;23;1;
67842;202200043996;735 628;A01;1;7;0;2;1;1;1;
67843;202200043997;735 621;A01;1;10;0;2;4;26;1;
67844;202200043997;735 623;B01;1;7;0;2;1;2;1;
67845;202200043998;735 618;D01;1;7;0;2;6;3;1;
67846;202200043998;735 619;C01;1;7;0;2;2;12;1;
67847;202200043998;735 620;B01;1;10;0;2;8;1;1;
67848;202200043998;735 622;A01;1;33;0;2;8;1;1;
67849;202200043999;735 616;B01;1;1;0;2;1;19;5;
67850;202200043999;735 617;A01;1;14;0;2;1;1;1;
67851;202200044000;735 614;B01;3;7;0;2;4;2;1;
67852;202200044000;735 615;A01;3;14;0;2;4;2;1;
67853;202200044001;735 613;A01;1;7;1;0;2;1;1;
67854;202200044002;735 612;A01;1;7;0;1;1;1;1;
67855;202200044003;735 609;A01;0;7;0;1;1;1;1;
67856;202200044004;735 610;A01;1;7;0;2;1;1;1;
67857;202200044004;735 611;B01;1;1;0;2;8;9;5;
67858;202200044005;735 608;A01;3;10;0;1;0;0;1;
67859;202200044006;735 607;A01;3;7;0;1;1;16;1;
67860;202200044008;735 603;A01;2;7;0;2;3;15;1;
67861;202200044008;735 604;B01;1;7;0;2;1;1;1;
67862;202200044009;735 601;B01;1;7;0;2;4;2;1;
67863;202200044009;735 602;A01;1;7;0;2;1;2;1;
67864;202200044010;735 600;A01;3;7;0;1;1;1;1;
67865;202200044011;735 599;A01;3;32;0;1;1;26;1;
67866;202200044012;735 597;A01;1;7;0;2;1;1;1;
67867;202200044012;735 598;B01;1;7;0;2;4;1;1;
67868;202200044013;735 595;A01;3;7;0;1;1;1;1;
67869;202200044015;735 593;B01;2;7;0;2;3;15;1;
67870;202200044015;735 596;A01;2;32;0;2;7;1;1;
67871;202200044016;735 590;Z01;0;7;0;2;7;16;0;
67872;202200044016;735 591;B01;0;1;0;2;3;1;5;
67873;202200044017;735 589;A01;3;31;0;0;0;0;1;
67874;202200044018;735 588;A01;3;30;0;0;7;26;1;
67875;202200044019;735 587;A01;2;10;0;1;1;1;1;
67876;202200044020;735 585;A01;1;7;0;1;1;1;1;
67877;202200044021;735 584;B01;0;1;0;0;0;0;5;
67878;202200044021;735 586;A01;0;2;0;9;1;2;1;
67879;202200044022;735 582;B01;1;7;0;2;1;1;1;
67880;202200044022;735 583;A01;1;7;0;2;7;15;1;
67881;202200044024;735 577;A01;1;7;0;2;2;2;1;
67882;202200044024;735 578;B01;1;31;0;2;4;2;1;
67883;202200044024;735 579;C01;1;7;0;2;4;2;1;
67884;202200044025;735 573;C01;2;7;0;2;2;1;1;
67885;202200044025;735 574;B01;2;7;0;2;3;1;1;
67886;202200044025;735 575;A01;2;14;14;2;0;1;1;
67887;202200044026;735 572;A01;2;31;0;2;1;1;1;
67888;202200044026;735 576;B01;1;2;0;2;8;10;1;
67889;202200044027;735 571;A01;0;7;0;1;0;26;1;
67890;202200044028;735 567;B01;1;7;0;2;3;1;1;
67891;202200044028;735 569;A01;2;50;0;2;1;1;3;
67892;202200044029;735 568;B01;2;1;0;2;7;1;5;
67893;202200044029;735 570;A01;2;7;0;2;1;1;1;
67894;202200044031;735 563;A01;1;7;0;2;8;15;1;
67895;202200044031;735 566;B01;1;50;0;2;7;13;3;
67896;202200044032;735 562;A01;1;7;0;1;3;2;1;
67897;202200044033;735 560;A01;1;7;0;1;2;1;1;
67898;202200044034;735 559;A01;1;7;0;2;1;1;1;
67899;202200044034;735 561;B01;1;7;0;2;6;1;1;
67900;202200044035;735 557;A01;2;2;0;2;7;17;3;
67901;202200044035;735 558;B01;2;7;0;2;3;15;1;
67902;202200044036;735 554;A01;1;10;0;2;3;1;1;
67903;202200044036;735 556;B01;1;31;0;2;1;1;1;
67904;202200044037;735 553;A01;3;7;0;2;5;16;1;
67905;202200044037;735 555;B01;3;34;0;2;1;1;1;
67906;202200044038;735 549;A01;1;7;0;1;3;1;1;
67907;202200044039;735 548;C01;1;7;1;0;1;1;1;
67908;202200044039;735 550;B01;1;7;0;2;4;1;1;
67909;202200044039;735 551;A01;1;7;0;2;1;1;1;
67910;202200044039;735 552;D01;1;7;0;2;4;24;1;
67911;202200044040;735 545;B01;2;0;0;2;0;0;0;
67912;202200044040;735 546;A01;3;7;0;2;3;16;1;
67913;202200044041;735 544;A01;1;2;0;2;1;1;1;
67914;202200044041;735 547;B01;1;7;0;2;8;19;1;
67915;202200044042;735 541;B01;1;7;0;2;2;0;1;
67916;202200044042;735 543;A01;1;7;0;2;1;26;1;
67917;202200044043;735 540;B01;1;7;0;2;2;1;1;
67918;202200044043;735 542;A01;3;7;0;2;1;9;1;
67919;202200044044;735 537;A01;0;7;0;1;1;1;1;
67920;202200044045;735 534;A01;0;7;0;1;8;15;2;
67921;202200044046;735 533;B01;2;7;0;2;1;23;1;
67922;202200044046;735 535;C01;2;7;0;2;8;23;1;
67923;202200044046;735 536;D01;1;7;0;2;4;2;1;
67924;202200044046;735 538;E01;1;7;0;2;4;2;1;
67925;202200044046;735 539;A01;1;7;0;2;1;13;1;
67926;202200044047;735 531;A01;1;7;0;1;2;1;1;
67927;202200044048;735 530;A01;3;2;0;2;1;1;1;
67928;202200044048;735 532;B01;3;7;0;2;6;1;1;
67929;202200044049;735 527;A01;2;7;0;1;1;1;1;
67930;202200044050;735 528;B01;2;7;0;2;4;1;1;
67931;202200044050;735 529;A01;2;7;0;2;1;1;1;
67932;202200044051;735 525;A01;1;7;6;0;3;13;1;
67933;202200044053;735 520;A01;2;7;0;2;3;9;1;
67934;202200044053;735 522;B01;2;2;0;2;8;1;1;
67935;202200044054;735 519;B01;1;2;0;2;8;1;1;
67936;202200044054;735 521;A01;2;7;0;2;1;1;1;
67937;202200044055;735 517;B01;3;50;0;2;8;19;3;
67938;202200044055;735 518;A01;2;7;0;2;2;1;1;
67939;202200044056;735 515;A01;1;7;0;2;4;23;0;
67940;202200044056;735 516;B01;1;7;0;2;1;2;1;
67941;202200044057;735 513;A01;1;7;0;2;1;1;1;
67942;202200044057;735 514;B01;1;7;0;2;4;1;1;
67943;202200044058;735 511;B01;1;1;0;2;1;15;5;
67944;202200044058;735 512;A01;2;7;0;9;1;1;1;
67945;202200044059;735 509;B01;1;1;0;2;8;25;5;
67946;202200044059;735 510;A01;0;10;0;2;1;26;1;
67947;202200044060;735 506;A01;1;7;0;2;1;11;1;
67948;202200044060;735 507;B01;2;33;0;2;1;1;1;
67949;202200044061;735 504;A01;3;7;0;1;3;1;1;
67950;202200044062;735 502;A01;3;7;0;2;1;15;1;
67951;202200044062;735 505;B01;3;7;0;2;1;1;1;
67952;202200044062;735 508;C01;3;7;0;2;1;23;1;
67953;202200044063;735 501;A01;0;34;0;2;2;17;1;
67954;202200044063;735 503;B01;0;10;0;2;8;15;1;
67955;202200044066;735 494;A01;3;7;0;1;1;1;1;
67956;202200044067;735 493;A01;2;7;0;1;2;1;1;
67957;202200044070;735 487;A01;3;30;0;1;1;10;0;
67958;202200044071;735 488;A01;3;0;0;1;1;26;0;
67959;202200044072;735 484;A01;2;7;0;1;2;9;1;
67960;202200044073;735 483;A01;1;7;0;2;6;15;1;
67961;202200044073;735 485;B01;1;2;0;2;1;1;1;
67962;202200044074;735 480;A01;1;7;0;2;1;2;1;
67963;202200044074;735 481;B01;1;7;0;2;4;2;1;
67964;202200044075;735 479;A01;1;7;8;0;2;21;1;
67965;202200044076;735 476;A01;3;7;0;2;5;15;1;
67966;202200044076;735 477;B01;3;7;0;2;2;1;1;
67967;202200044077;735 474;A01;1;7;0;9;2;13;1;
67968;202200044078;735 468;A01;1;7;0;1;1;1;1;
67969;202200044079;735 469;B01;0;7;0;2;8;9;1;
67970;202200044079;735 471;A01;0;7;0;2;3;1;1;
67971;202200044080;735 466;A01;1;7;0;1;3;1;1;
67972;202200044081;735 465;A01;3;7;0;1;3;15;1;
67973;202200044082;735 464;A01;3;7;0;1;4;26;1;
67974;202200044083;735 459;A01;3;7;0;2;8;9;1;
67975;202200044083;735 462;B01;1;37;0;2;1;1;1;1.0
67976;202200044084;735 460;A01;3;7;0;2;1;19;1;
67977;202200044084;735 463;B01;3;7;0;2;7;19;1;
67978;202200044085;735 458;A01;2;7;0;1;2;1;2;
67979;202200044086;735 455;B01;3;1;0;2;1;0;5;
67980;202200044086;735 457;A01;3;7;0;2;1;9;1;
67981;202200044087;735 456;A01;3;10;0;1;1;2;1;
67982;202200044088;735 454;A01;1;7;0;1;1;1;1;
67983;202200044089;735 453;A01;1;33;0;0;7;0;1;
67984;202200044090;735 451;A01;2;7;0;1;1;2;1;
67985;202200044091;735 450;A01;1;7;0;1;1;15;1;