;Num_Acc;id_vehicule;num_veh;senc;catv;obs;obsm;choc;manv;motor;occutc
67986;202200044092;735 445;B01;3;1;0;2;2;1;5;
67987;202200044092;735 447;A01;3;7;0;2;8;22;1;
67988;202200044093;735 446;D01;1;7;0;2;4;1;1;
67989;202200044093;735 448;B01;1;7;0;2;4;1;1;
67990;202200044093;735 449;A01;1;7;0;2;1;1;1;
67991;202200044093;735 452;C01;1;7;0;2;4;1;1;
67992;202200044095;735 442;A01;1;7;0;2;8;13;1;
67993;202200044095;735 444;B01;1;7;0;2;7;1;1;
67994;202200044096;735 440;B01;1;7;0;2;4;2;1;
67995;202200044096;735 441;A01;1;7;0;2;1;2;1;
67996;202200044098;735 436;A01;2;7;0;2;3;12;1;
67997;202200044098;735 437;B01;2;7;0;2;5;1;1;
67998;202200044098;735 439;C01;2;7;0;2;4;1;1;
67999;202200044099;735 433;A01;1;7;0;2;7;15;1;
68000;202200044099;735 435;B01;2;32;0;2;2;1;1;
68001;202200044100;735 431;A01;2;7;0;2;1;2;1;
68002;202200044100;735 432;B01;2;7;0;2;4;2;1;
68003;202200044100;735 434;C01;2;7;0;2;4;2;1;
68004;202200044101;735 429;A01;3;32;0;2;1;17;1;
68005;202200044101;735 430;B01;3;7;0;2;6;15;1;
68006;202200044102;735 427;B01;1;30;0;2;1;1;1;
68007;202200044102;735 428;A01;1;7;0;2;2;15;1;
68008;202200044103;735 425;Z01;2;30;0;1;1;5;1;
68009;202200044104;735 424;A01;1;7;0;1;1;26;1;
68010;202200044105;735 422;A01;1;80;9;0;7;11;3;
68011;202200044106;735 421;B01;1;31;0;2;4;1;1;
68012;202200044106;735 423;A01;1;10;0;2;1;1;1;
68013;202200044107;735 420;A01;1;1;0;0;0;13;5;
68014;202200044108;735 418;A01;1;32;0;0;7;1;1;
68015;202200044109;735 417;B01;2;7;0;2;3;1;1;
68016;202200044109;735 419;A01;2;33;1;2;2;17;1;
68017;202200044110;735 414;B01;2;7;0;2;5;23;1;
68018;202200044110;735 415;A01;2;80;0;2;1;2;3;
68019;202200044112;735 411;A01;1;33;0;2;7;1;1;
68020;202200044112;735 412;B01;1;1;0;2;8;15;5;
68021;202200044113;735 410;A01;3;7;0;1;1;15;1;
68022;202200044114;735 409;A01;1;34;8;0;1;1;1;
68023;202200044115;735 407;A01;2;10;0;1;2;1;3;
68024;202200044116;735 406;A01;3;7;0;2;2;1;1;
68025;202200044116;735 408;B01;3;7;0;2;3;1;1;
68026;202200044117;735 404;A01;1;7;0;2;8;22;1;
68027;202200044117;735 405;B01;1;80;0;2;7;1;3;
68028;202200044119;735 400;A01;1;7;0;2;1;1;1;
68029;202200044119;735 401;B01;1;7;0;2;6;23;2;
68030;202200044120;735 395;B01;3;7;0;2;6;1;2;
68031;202200044120;735 398;A01;3;7;0;2;1;1;1;
68032;202200044121;735 394;A01;1;10;1;2;1;1;1;
68033;202200044121;735 396;B01;1;7;1;2;4;23;1;
68034;202200044121;735 397;C01;1;7;0;2;4;23;1;
68035;202200044121;735 399;D01;1;7;0;2;4;23;1;
68036;202200044122;735 391;A01;1;33;0;2;7;14;1;
68037;202200044122;735 393;B01;1;7;0;2;3;16;1;
68038;202200044123;735 389;C01;1;30;9;2;5;13;1;
68039;202200044123;735 390;B01;1;7;14;0;0;0;1;
68040;202200044123;735 392;A01;1;7;1;0;0;0;1;
68041;202200044124;735 388;A01;2;7;7;0;1;13;1;
68042;202200044125;735 387;A01;2;7;0;1;1;1;1;
68043;202200044126;735 386;A01;1;32;4;2;1;1;1;
68044;202200044127;735 384;A01;2;7;0;2;1;15;1;
68045;202200044127;735 385;B01;2;7;0;2;1;1;1;
68046;202200044128;735 383;A01;1;1;0;1;0;1;5;
68047;202200044129;735 380;A01;1;30;8;0;0;13;3;
68048;202200044130;735 377;A01;1;7;0;2;2;17;1;
68049;202200044130;735 378;B01;1;1;0;2;3;1;5;
68050;202200044131;735 376;A01;3;7;0;1;2;9;1;
68051;202200044132;735 373;A01;2;80;0;2;1;18;3;
68052;202200044132;735 375;Z01;2;7;0;2;5;22;0;
68053;202200044133;735 372;A01;2;7;0;2;1;2;1;
68054;202200044133;735 374;B01;1;33;0;2;4;23;1;
68055;202200044134;735 369;A01;1;10;0;2;3;15;1;
68056;202200044134;735 371;B01;1;34;0;2;7;17;1;
68057;202200044135;735 368;A01;3;7;0;2;1;9;1;
68058;202200044135;735 370;B01;2;7;0;2;1;1;1;
68059;202200044136;735 366;A01;2;7;1;0;1;13;1;
68060;202200044141;735 356;A01;0;7;0;2;3;16;1;
68061;202200044141;735 358;B01;0;33;0;2;2;1;1;
68062;202200044142;735 354;A01;2;7;0;1;2;1;1;
68063;202200044143;735 352;C01;1;7;0;2;4;23;1;
68064;202200044143;735 353;B01;1;7;0;2;4;23;1;
68065;202200044143;735 355;A01;1;7;1;0;0;0;1;
68066;202200044144;735 349;B01;2;1;0;2;1;5;5;
68067;202200044144;735 351;A01;2;7;0;2;1;16;2;
68068;202200044145;735 348;B01;1;2;0;2;6;1;1;
68069;202200044145;735 350;A01;1;10;0;2;3;1;1;
68070;202200044148;735 341;A01;1;10;0;2;1;2;1;
68071;202200044148;735 342;B01;1;80;0;2;4;2;3;
68072;202200044150;735 337;A01;3;32;0;2;1;1;1;
68073;202200044150;735 339;Z01;3;7;0;2;0;1;0;
68074;202200044151;735 336;B01;3;7;0;2;8;1;1;
68075;202200044151;735 338;A01;3;2;0;2;1;19;1;
68076;202200044152;735 332;A01;3;33;0;2;1;1;1;
68077;202200044152;735 334;B01;3;7;0;2;0;15;1;
68078;202200044153;735 333;A01;2;32;0;2;2;12;3;
68079;202200044153;735 335;B01;2;7;0;2;3;1;1;
68080;202200044154;735 330;B01;3;7;0;2;1;1;1;
68081;202200044154;735 331;A01;3;50;0;2;1;19;3;
68082;202200044155;735 327;A01;2;7;0;2;3;15;1;
68083;202200044155;735 329;B01;1;33;0;2;1;1;1;
68084;202200044156;735 326;A01;2;7;0;2;1;1;3;
68085;202200044156;735 328;B01;1;7;0;2;2;26;1;
68086;202200044157;735 325;A01;1;33;0;1;1;1;1;
68087;202200044159;735 321;A01;3;7;0;2;1;0;0;
68088;202200044159;735 323;B01;0;7;0;2;5;1;1;
68089;202200044160;735 318;B01;2;1;0;2;7;1;5;
68090;202200044160;735 320;A01;1;2;0;2;1;9;1;
68091;202200044161;735 316;A01;2;7;0;2;1;13;1;
68092;202200044161;735 317;B01;2;7;0;2;3;1;1;
68093;202200044161;735 319;C01;1;7;0;2;2;1;1;
68094;202200044162;735 315;A01;1;7;0;1;1;1;1;
68095;202200044163;735 313;B01;1;10;0;2;3;16;1;
68096;202200044163;735 314;A01;1;2;0;2;3;21;1;
68097;202200044164;735 311;A01;1;80;0;2;6;19;3;
68098;202200044164;735 312;B01;2;7;0;2;1;1;1;
68099;202200044165;735 310;A01;1;32;0;1;2;17;1;
68100;202200044166;735 308;A01;2;33;0;0;3;15;1;
68101;202200044167;735 307;B01;2;7;0;2;3;1;1;
68102;202200044167;735 309;A01;1;7;0;2;1;1;1;
68103;202200044168;735 304;A01;1;7;0;1;2;1;1;
68104;202200044169;735 302;A01;3;7;0;2;2;5;1;
68105;202200044169;735 303;B01;3;34;0;2;1;1;1;
68106;202200044170;735 298;A01;2;10;6;2;2;1;1;
68107;202200044170;735 300;B01;2;10;0;2;3;1;0;
68108;202200044171;735 299;A01;1;7;0;2;1;15;1;
68109;202200044171;735 301;B01;2;80;0;2;2;1;3;
68110;202200044172;735 297;Z01;1;10;0;1;1;0;1;
68111;202200044173;735 294;A01;1;32;0;2;1;15;1;
68112;202200044173;735 295;B01;2;32;0;2;1;1;1;
68113;202200044174;735 293;B01;1;7;0;0;0;1;1;
68114;202200044174;735 296;A01;1;7;1;2;7;19;1;
68115;202200044175;735 291;A01;1;7;0;2;1;1;1;
68116;202200044175;735 292;B01;1;7;0;2;4;1;1;
68117;202200044176;735 288;A01;1;33;0;2;1;1;1;
68118;202200044176;735 289;B01;2;7;0;2;1;1;1;
68119;202200044176;735 290;C01;1;7;0;2;6;1;2;
68120;202200044177;735 286;A01;2;7;0;2;1;1;1;
68121;202200044177;735 287;B01;2;7;0;2;4;1;1;
68122;202200044178;735 283;A01;2;7;0;2;3;13;1;
68123;202200044178;735 284;C01;1;7;0;2;1;1;1;
68124;202200044178;735 285;B01;1;7;0;2;3;1;1;
68125;202200044179;735 281;A01;3;3;0;2;7;1;1;
68126;202200044179;735 282;B01;3;7;0;2;3;16;2;
68127;202200044180;735 279;B01;2;36;0;2;3;13;1;
68128;202200044180;735 280;A01;1;10;0;2;2;1;1;
68129;202200044181;735 277;A01;1;7;2;0;3;0;1;
68130;202200044182;735 276;B01;3;32;0;2;7;1;1;
68131;202200044182;735 278;A01;3;7;0;2;3;9;1;
68132;202200044183;735 275;A01;1;7;6;0;1;1;1;
68133;202200044185;735 271;B01;1;7;0;0;3;0;1;
68134;202200044185;735 272;A01;2;7;0;0;3;0;1;
68135;202200044186;735 269;B01;3;50;0;2;1;19;3;
68136;202200044186;735 270;A01;1;7;0;9;3;19;1;
68137;202200044187;735 268;A01;2;7;13;0;2;1;1;
68138;202200044188;735 266;B01;1;32;0;2;1;1;1;
68139;202200044188;735 267;A01;1;37;0;2;3;15;1;1.0
68140;202200044189;735 264;A01;1;7;0;2;1;1;1;
68141;202200044189;735 265;B01;1;7;0;2;4;9;1;
68142;202200044190;735 262;B01;3;7;0;2;3;1;1;
68143;202200044190;735 263;A01;3;7;0;2;1;15;1;
68144;202200044191;735 260;A01;1;1;0;2;1;1;5;
68145;202200044191;735 261;B01;1;7;0;0;3;24;1;
68146;202200044192;735 258;A01;2;7;0;2;3;1;1;
68147;202200044192;735 259;B01;2;33;0;2;1;19;1;
68148;202200044194;735 253;A01;3;7;0;2;2;9;1;
68149;202200044194;735 255;B01;3;60;0;2;1;1;5;
68150;202200044195;735 252;A01;3;7;0;2;1;15;1;
68151;202200044195;735 254;B01;3;10;0;2;2;1;1;
68152;202200044196;735 250;A01;1;50;0;2;1;17;3;
68153;202200044196;735 251;B01;1;1;0;2;3;2;5;
68154;202200044197;735 248;B01;2;7;0;2;2;17;1;
68155;202200044197;735 249;A01;2;7;0;2;3;15;1;
68156;202200044198;735 246;B01;0;50;1;2;1;1;3;
68157;202200044198;735 247;A01;0;7;1;2;8;22;1;
68158;202200044200;735 243;A01;1;7;0;2;7;17;1;
68159;202200044200;735 244;B01;0;2;0;2;0;20;1;
68160;202200044201;735 242;A01;3;7;0;1;2;16;1;
68161;202200044203;735 239;A01;3;2;6;0;1;0;1;
68162;202200044204;735 238;A01;1;7;8;0;1;0;1;
68163;202200044205;735 237;A01;2;7;13;0;0;13;1;
68164;202200044206;735 230;A01;2;7;0;2;7;13;1;
68165;202200044206;735 231;B01;1;7;0;2;1;1;1;
68166;202200044206;735 232;C01;1;7;0;2;2;1;1;
68167;202200044208;735 226;B01;1;7;0;2;2;1;1;
68168;202200044208;735 227;A01;2;13;0;2;1;13;1;
68169;202200044209;735 225;B01;1;3;1;0;1;1;1;
68170;202200044211;735 221;A01;1;7;13;0;3;1;1;
68171;202200044212;735 220;B01;2;32;0;2;1;1;1;
68172;202200044212;735 222;A01;2;7;0;2;1;9;1;
68173;202200044213;735 219;A01;1;7;2;0;1;1;1;
68174;202200044214;735 217;A01;1;2;0;0;0;1;1;
68175;202200044215;735 216;A01;2;7;0;2;1;1;1;
68176;202200044215;735 218;B01;1;7;0;2;8;15;1;
68177;202200044217;735 213;A01;1;7;6;0;2;14;1;
68178;202200044218;735 212;B01;1;30;0;2;8;1;1;
68179;202200044218;735 214;A01;2;7;0;2;1;1;1;
68180;202200044219;735 211;A01;1;7;2;0;2;1;1;
68181;202200044220;735 210;A01;0;7;0;1;1;0;1;
68182;202200044221;735 208;A01;2;7;0;0;2;26;0;
68183;202200044221;735 209;B01;1;7;0;2;1;1;0;
68184;202200044222;735 206;A01;2;7;2;0;2;1;1;
68185;202200044223;735 205;B01;1;33;0;2;1;1;1;
68186;202200044223;735 207;A01;1;7;0;2;5;15;1;
68187;202200044225;735 203;A01;2;7;4;0;3;1;1;
68188;202200044226;735 202;A01;1;31;9;0;1;1;1;
68189;202200044228;735 196;A01;2;7;0;2;3;13;1;
68190;202200044228;735 198;B01;1;7;0;2;3;0;1;
68191;202200044229;735 195;B01;2;7;0;2;6;1;1;
68192;202200044229;735 197;A01;2;7;0;2;2;17;1;
68193;202200044230;735 193;A01;1;37;12;0;2;26;1;1.0
68194;202200044230;735 194;B01;1;30;16;0;2;9;1;
68195;202200044231;735 189;A01;3;7;0;2;1;1;1;
68196;202200044231;735 191;B01;3;7;0;2;1;17;1;
68197;202200044231;735 192;C01;3;7;0;2;6;2;1;
68198;202200044233;735 184;B01;3;7;0;2;3;1;1;
68199;202200044233;735 187;A01;3;7;0;2;3;1;0;
68200;202200044234;735 185;B01;2;7;0;2;4;2;1;
68201;202200044234;735 186;A01;2;7;9;2;1;2;1;
68202;202200044236;735 181;A01;1;7;3;0;1;1;1;
68203;202200044237;735 180;B01;3;7;0;2;1;15;1;
68204;202200044237;735 182;A01;3;7;0;2;1;1;1;
68205;202200044238;735 178;B01;2;33;0;2;1;1;1;
68206;202200044238;735 179;A01;1;1;0;2;1;5;5;
68207;202200044239;735 177;A01;2;7;12;0;1;1;1;
68208;202200044241;735 175;A01;1;7;0;1;1;16;1;
68209;202200044242;735 172;A01;1;7;6;0;1;26;1;
68210;202200044243;735 173;B01;1;30;0;2;1;1;1;
68211;202200044243;735 174;A01;1;7;0;0;4;1;1;
68212;202200044244;735 169;A01;2;7;0;2;8;1;1;
68213;202200044244;735 171;B01;2;7;0;2;7;1;1;
68214;202200044245;735 168;A01;1;7;0;2;2;15;1;
68215;202200044245;735 170;B01;2;31;0;2;1;1;1;
68216;202200044246;735 164;B01;1;33;0;2;4;3;1;
68217;202200044246;735 166;A01;1;31;0;2;1;3;1;
68218;202200044247;735 163;A01;2;7;0;2;1;9;1;
68219;202200044247;735 165;B01;2;7;0;2;1;1;1;
68220;202200044247;735 167;C01;2;7;0;2;4;1;1;
68221;202200044248;735 161;B01;1;7;0;2;1;2;1;
68222;202200044248;735 162;A01;1;10;0;2;4;2;1;
68223;202200044249;735 157;C01;2;10;0;2;8;11;1;
68224;202200044249;735 159;B01;2;33;0;2;7;1;1;
68225;202200044249;735 160;A01;2;7;0;2;4;2;1;
68226;202200044250;735 156;B01;2;33;0;2;8;11;1;
68227;202200044250;735 158;A01;2;7;0;2;2;12;1;
68228;202200044252;735 150;B01;1;1;0;2;4;13;5;
68229;202200044252;735 152;A01;1;37;0;2;2;17;2;1.0
68230;202200044253;735 149;B01;1;7;0;2;4;2;1;
68231;202200044253;735 151;A01;1;7;0;2;1;2;1;
68232;202200044254;735 147;B01;1;7;0;2;4;1;1;
68233;202200044254;735 148;A01;1;7;0;2;1;1;1;
68234;202200044255;735 146;A01;1;33;0;0;8;1;1;
68235;202200044257;735 144;A01;0;1;0;0;0;21;5;
68236;202200044259;735 139;A01;1;7;0;2;1;2;1;
68237;202200044259;735 140;B01;1;7;0;2;4;2;1;
68238;202200044259;735 142;C01;1;7;0;2;4;2;1;
68239;202200044260;735 137;A01;1;7;0;1;1;15;1;
68240;202200044261;735 136;A01;1;10;0;2;1;2;1;
68241;202200044261;735 138;B01;1;7;0;2;4;2;1;
68242;202200044262;735 134;B01;2;7;0;2;4;2;1;
68243;202200044262;735 135;A01;2;7;0;2;1;2;1;
68244;202200044263;735 133;A01;1;33;0;1;3;1;1;
68245;202200044264;735 130;A01;1;10;0;1;3;1;1;
68246;202200044265;735 129;A01;1;7;0;2;4;23;1;
68247;202200044265;735 131;B01;1;7;0;2;1;9;1;
68248;202200044265;735 132;C01;1;7;0;2;1;2;1;
68249;202200044266;735 126;B01;2;7;0;2;1;21;1;
68250;202200044266;735 128;A01;2;7;3;0;1;13;1;
68251;202200044267;735 125;A01;3;1;0;2;1;13;5;
68252;202200044267;735 127;B01;3;1;0;2;1;1;5;
68253;202200044268;735 123;B01;2;7;0;2;6;11;1;
68254;202200044268;735 124;A01;2;7;0;2;2;1;1;
68255;202200044269;735 122;A01;1;50;0;0;0;16;3;
68256;202200044270;735 121;A01;1;7;3;0;2;1;2;
68257;202200044271;735 118;B01;1;1;0;2;1;1;5;
68258;202200044271;735 120;A01;1;10;0;2;2;22;1;
68259;202200044272;735 117;A01;1;7;0;2;2;17;1;
68260;202200044272;735 119;B01;1;80;0;2;4;1;3;
68261;202200044273;735 116;A01;3;7;3;0;8;16;2;
68262;202200044274;735 115;A01;1;50;1;0;0;0;3;
68263;202200044277;735 110;A01;3;7;0;2;1;1;0;
68264;202200044277;735 112;B01;3;7;0;2;8;1;3;
68265;202200044278;735 108;B01;2;7;0;2;4;2;1;
68266;202200044278;735 109;A01;2;10;0;2;1;2;1;
68267;202200044279;735 104;A01;2;7;1;2;1;1;1;
68268;202200044279;735 105;B01;2;7;0;2;4;1;1;
68269;202200044280;735 106;B01;2;14;0;2;2;1;1;
68270;202200044280;735 107;A01;2;7;0;2;8;9;1;
68271;202200044281;735 102;B01;2;33;0;2;7;1;1;
68272;202200044281;735 103;A01;2;7;0;2;8;11;1;
68273;202200044282;735 099;B01;2;7;0;2;5;1;1;
68274;202200044282;735 101;A01;2;34;0;1;3;1;1;
68275;202200044283;735 100;A01;1;33;0;0;0;0;1;
68276;202200044284;735 098;A01;1;7;13;0;9;26;1;
68277;202200044285;735 096;B01;2;7;0;2;3;1;1;
68278;202200044285;735 097;A01;1;7;0;2;1;15;1;
68279;202200044286;735 094;B01;1;7;0;2;4;2;1;
68280;202200044286;735 095;A01;1;17;0;2;1;2;1;
68281;202200044287;735 090;A01;3;7;0;2;2;2;1;
68282;202200044287;735 092;B01;3;1;0;2;1;0;5;
68283;202200044288;735 091;B01;2;7;0;2;2;1;1;
68284;202200044288;735 093;A01;2;32;0;2;1;1;1;
68285;202200044290;735 086;A01;2;7;0;2;1;1;1;
68286;202200044290;735 088;B01;2;7;0;2;4;1;1;
68287;202200044290;735 089;C01;2;7;0;2;4;1;1;
68288;202200044291;735 083;B01;1;33;3;2;1;3;1;
68289;202200044291;735 085;A01;1;7;3;2;8;11;1;
68290;202200044292;735 082;A01;1;7;0;2;1;1;1;
68291;202200044292;735 084;B01;2;7;0;2;5;15;2;
68292;202200044294;735 075;E01;2;7;1;0;4;23;2;
68293;202200044294;735 076;D01;2;7;1;0;4;23;1;
68294;202200044294;735 077;C01;2;7;1;0;4;23;1;
68295;202200044294;735 079;B01;2;10;1;0;4;23;1;
68296;202200044294;735 081;A01;2;7;1;0;1;1;2;
68297;202200044295;735 072;A01;3;43;0;2;5;16;1;
68298;202200044295;735 074;B01;3;7;0;2;3;9;1;
68299;202200044297;735 067;C01;2;7;4;2;6;2;1;
68300;202200044297;735 068;A01;2;7;4;2;5;2;1;
68301;202200044297;735 070;B01;2;7;4;2;5;2;1;
68302;202200044297;735 071;D01;2;7;4;2;5;2;1;
68303;202200044297;735 073;Z01;2;7;4;2;2;12;1;
68304;202200044298;735 066;A01;2;10;8;0;2;0;1;
68305;202200044299;735 062;A01;1;14;0;2;4;1;1;
68306;202200044299;735 064;B01;1;7;0;2;4;1;1;
68307;202200044300;735 063;A01;1;7;0;2;5;15;1;
68308;202200044300;735 065;B01;2;33;0;2;1;1;1;
68309;202200044301;735 061;A01;1;7;0;1;1;2;1;
68310;202200044302;735 059;A01;2;2;9;0;1;1;1;
68311;202200044303;735 058;A01;1;33;0;2;1;1;1;
68312;202200044303;735 060;B01;1;7;0;2;4;2;1;
68313;202200044304;735 053;B01;2;17;0;2;5;17;1;
68314;202200044304;735 056;A01;2;7;0;2;3;20;1;
68315;202200044305;735 055;B01;1;33;0;2;1;2;1;
68316;202200044305;735 057;A01;1;7;0;2;4;1;1;
68317;202200044306;735 052;A01;2;7;0;2;3;11;1;
68318;202200044306;735 054;B01;2;34;0;2;7;3;1;
68319;202200044308;735 047;B01;1;7;0;2;3;0;1;
68320;202200044308;735 051;A01;1;7;0;2;7;9;1;
68321;202200044309;735 046;A01;1;7;3;2;8;12;1;
68322;202200044309;735 049;B01;1;7;0;2;7;1;1;
68323;202200044310;735 042;A01;2;7;0;2;6;11;1;
68324;202200044310;735 044;B01;2;16;0;2;2;1;1;
68325;202200044311;735 040;A01;2;7;0;2;1;1;1;
68326;202200044311;735 043;C01;2;7;0;2;4;1;1;
68327;202200044312;735 041;B01;2;7;0;2;4;2;1;
68328;202200044312;735 045;A01;2;7;0;2;1;2;1;
68329;202200044313;735 038;A01;2;33;1;0;2;0;1;
68330;202200044314;735 036;B01;1;7;1;2;1;2;1;
68331;202200044314;735 039;A01;1;7;0;2;4;24;1;
68332;202200044316;735 033;A01;2;7;0;9;6;15;1;
68333;202200044316;735 034;B01;2;34;0;2;1;1;1;
68334;202200044317;735 031;B01;1;33;0;2;2;1;1;
68335;202200044317;735 032;A01;1;7;0;2;8;11;1;
68336;202200044318;735 027;A01;1;7;3;2;7;19;1;
68337;202200044318;735 029;B01;1;7;0;2;1;2;1;
68338;202200044319;735 028;B01;3;50;0;2;1;15;3;
68339;202200044319;735 030;A01;1;7;0;2;3;15;1;
68340;202200044320;735 026;Z01;3;30;0;1;1;1;1;
68341;202200044321;735 024;A01;1;99;0;9;1;1;1;
68342;202200044321;735 025;B01;1;0;0;2;0;0;0;
68343;202200044323;735 022;A01;1;7;0;1;2;16;1;
68344;202200044324;735 019;A01;2;30;0;2;8;1;1;
68345;202200044324;735 021;B01;2;7;0;2;1;1;1;
68346;202200044325;735 020;A01;3;7;0;1;3;16;1;
68347;202200044326;735 017;A01;2;7;0;1;2;17;1;
68348;202200044327;735 016;B01;2;7;0;2;3;15;1;
68349;202200044327;735 018;A01;1;7;0;2;2;1;2;
68350;202200044328;735 013;A01;3;7;0;2;2;10;1;
68351;202200044328;735 015;B01;3;32;0;2;3;1;1;
68352;202200044329;735 010;A01;2;10;0;1;7;0;6;
68353;202200044330;735 009;A01;1;7;0;1;4;20;1;
68354;202200044331;735 007;A01;1;7;13;0;0;21;1;
68355;202200044332;735 008;C01;1;7;0;2;4;1;1;
68356;202200044332;735 011;B01;1;7;0;2;4;23;2;
68357;202200044332;735 014;A01;1;7;0;2;1;1;1;
68358;202200044333;735 004;A01;1;7;0;1;4;0;1;
68359;202200044334;735 006;A01;2;50;0;0;0;0;3;
68360;202200044335;735 002;B01;1;2;0;2;3;1;1;
68361;202200044335;735 003;A01;1;7;0;2;5;16;1;
68362;202200044336;735 001;A01;1;7;0;2;3;19;2;
68363;202200044336;735 005;B01;1;33;6;2;1;1;1;
68364;202200044338;734 998;A01;1;7;0;2;3;9;1;
68365;202200044338;734 999;B01;1;30;0;2;1;17;1;
68366;202200044339;734 996;A01;1;30;0;0;3;1;1;
68367;202200044340;734 994;B01;1;33;0;2;1;17;1;
68368;202200044340;734 997;A01;1;7;0;2;8;15;1;
68369;202200044341;734 992;A01;1;7;9;2;7;12;1;
68370;202200044341;734 995;B01;1;32;9;2;1;1;1;
68371;202200044342;734 989;B01;1;7;0;2;1;1;2;
68372;202200044342;734 993;A01;3;32;0;2;7;5;1;
68373;202200044343;734 988;A01;1;7;0;2;0;15;1;
68374;202200044343;734 990;B01;1;2;0;2;8;1;1;
68375;202200044344;734 987;A01;2;10;0;1;2;1;1;
68376;202200044345;734 986;A01;1;7;0;0;1;26;1;
68377;202200044346;734 984;A01;2;7;0;0;2;1;1;
68378;202200044347;734 983;B01;1;33;0;2;1;1;1;
68379;202200044347;734 985;A01;1;7;0;2;7;15;1;
68380;202200044348;734 982;A01;2;33;13;0;1;1;1;
68381;202200044349;734 979;B01;3;1;0;2;7;2;0;
68382;202200044349;734 981;A01;3;7;0;2;1;0;1;
68383;202200044350;734 978;A01;3;7;0;1;3;1;1;
68384;202200044351;734 977;A01;2;7;0;2;3;9;1;
68385;202200044351;734 980;B01;2;1;0;2;1;1;5;
68386;202200044352;734 975;B01;3;33;0;0;8;1;1;
68387;202200044353;734 971;A01;2;7;0;2;2;17;1;
68388;202200044353;734 973;B01;2;10;0;0;6;1;1;
68389;202200044353;734 976;C01;2;7;0;0;0;2;1;
68390;202200044354;734 969;A01;2;7;8;0;7;14;1;
68391;202200044355;734 970;B01;1;33;0;2;7;17;1;
68392;202200044355;734 972;A01;1;7;0;2;8;23;1;
68393;202200044356;734 968;A01;3;7;0;1;1;1;1;
68394;202200044358;734 963;B01;0;10;0;2;1;1;0;
68395;202200044358;734 966;A01;0;7;0;2;3;1;1;
68396;202200044359;734 965;A01;1;7;14;0;1;26;1;
68397;202200044360;734 961;A01;1;7;6;0;1;14;1;
68398;202200044361;734 960;A01;1;10;0;9;6;23;1;
68399;202200044361;734 962;B01;1;1;1;0;1;1;5;
68400;202200044363;734 957;A01;3;7;0;2;4;1;1;
68401;202200044363;734 958;B01;3;7;0;2;1;1;1;
68402;202200044364;734 956;A01;2;7;4;0;3;1;1;
68403;202200044365;734 953;B01;1;32;0;2;6;23;1;
68404;202200044365;734 955;A01;1;7;0;2;6;2;3;
68405;202200044366;734 952;B01;2;7;0;2;3;15;1;
68406;202200044366;734 954;C01;2;50;0;2;8;19;3;
68407;202200044367;734 951;A01;3;1;0;1;1;1;5;
68408;202200044368;734 950;A01;1;7;13;0;1;1;1;
68409;202200044369;734 949;A01;1;7;0;1;6;26;1;
68410;202200044370;734 947;A01;2;7;0;1;0;1;1;
68411;202200044371;734 946;B01;0;17;0;2;2;0;1;
68412;202200044371;734 948;A01;0;7;0;2;3;1;1;
68413;202200044372;734 944;A01;1;7;0;0;9;1;1;
68414;202200044373;734 943;A01;0;30;8;0;2;14;1;
68415;202200044374;734 940;C01;2;7;0;0;4;2;1;
68416;202200044374;734 941;B01;2;7;0;0;4;2;1;
68417;202200044374;734 945;A01;2;7;0;0;4;2;1;
68418;202200044375;734 939;A01;1;7;0;2;4;26;1;
68419;202200044375;734 942;B01;1;7;0;2;1;1;1;
68420;202200044376;734 937;A01;2;33;0;0;0;0;1;
68421;202200044377;734 936;A01;1;34;0;9;0;26;1;
68422;202200044377;734 938;B01;3;1;0;2;0;15;5;
68423;202200044378;734 934;A01;1;7;0;2;1;15;1;
68424;202200044378;734 935;B01;1;33;0;2;1;1;1;
68425;202200044379;734 930;A01;3;7;0;2;3;1;1;
68426;202200044379;734 933;B01;3;1;0;2;1;1;5;
68427;202200044380;734 929;B01;2;7;0;2;8;15;1;
68428;202200044380;734 932;A01;2;33;0;2;1;17;1;
68429;202200044381;734 928;A01;3;30;0;2;1;5;1;
68430;202200044381;734 931;B01;3;1;0;2;0;0;5;
68431;202200044382;734 927;A01;3;7;0;1;1;16;1;
68432;202200044383;734 925;A01;1;7;0;0;2;1;1;
68433;202200044385;734 920;A01;1;7;12;2;8;1;1;
68434;202200044385;734 923;B01;2;10;0;2;0;0;1;
68435;202200044386;734 917;A01;3;32;0;0;1;1;1;
68436;202200044387;734 916;A01;1;3;8;0;1;1;1;
68437;202200044388;734 915;B01;1;33;0;2;1;1;1;
68438;202200044388;734 919;A01;2;7;0;2;3;15;1;
68439;202200044389;734 914;A01;3;7;0;2;8;16;1;
68440;202200044389;734 918;B01;0;7;0;0;0;0;0;
68441;202200044392;734 909;A01;2;7;0;2;8;19;1;
68442;202200044392;734 911;B01;2;33;0;2;1;1;0;
68443;202200044395;734 901;B01;1;2;0;2;1;1;1;
68444;202200044395;734 903;A01;2;7;0;2;3;9;1;
68445;202200044396;734 900;A01;1;7;0;2;3;1;1;
68446;202200044396;734 905;B01;2;31;0;2;1;1;1;
68447;202200044397;734 898;B01;3;7;0;2;3;1;1;