;Num_Acc;id_vehicule;num_veh;senc;catv;obs;obsm;choc;manv;motor;occutc
68448;202200044397;734 899;C01;3;7;0;2;3;0;1;
68449;202200044397;734 902;A01;3;33;0;2;1;17;1;
68450;202200044398;734 897;A01;2;31;0;1;1;1;1;
68451;202200044399;734 894;B01;2;1;0;2;1;19;5;
68452;202200044399;734 895;A01;1;7;0;2;3;1;1;
68453;202200044400;734 893;A01;3;7;0;2;3;26;1;
68454;202200044400;734 896;B01;3;30;0;2;2;1;1;
68455;202200044401;734 891;A01;1;33;0;0;0;1;1;
68456;202200044402;734 888;A01;1;7;15;2;2;1;3;
68457;202200044402;734 892;B01;1;30;0;2;1;1;1;
68458;202200044403;734 887;A01;2;7;0;0;0;1;1;
68459;202200044404;734 886;B01;2;1;0;2;8;19;5;
68460;202200044404;734 890;A01;1;7;0;2;1;1;1;
68461;202200044406;734 883;A01;2;33;0;0;7;1;1;
68462;202200044407;734 882;A01;3;7;0;2;2;1;1;
68463;202200044407;734 884;B01;3;3;15;2;3;1;1;
68464;202200044408;734 879;A01;1;14;0;2;1;2;0;
68465;202200044408;734 881;B01;1;7;0;2;4;2;1;
68466;202200044409;734 878;A01;1;1;0;2;0;1;5;
68467;202200044409;734 880;Z01;1;2;0;2;0;26;1;
68468;202200044410;734 877;A01;1;2;0;0;9;1;1;
68469;202200044411;734 876;A01;2;30;0;0;0;21;1;
68470;202200044412;734 875;A01;3;30;12;0;7;14;0;
68471;202200044413;734 874;A01;2;10;2;0;1;13;1;
68472;202200044414;734 872;A01;1;7;8;0;1;13;1;
68473;202200044415;734 870;A01;2;7;0;9;2;19;1;
68474;202200044415;734 873;B01;1;80;0;2;1;19;3;
68475;202200044416;734 869;A01;0;43;12;0;2;1;1;
68476;202200044417;734 871;A01;3;10;0;1;4;4;1;
68477;202200044418;734 868;A01;0;3;0;1;1;1;1;
68478;202200044419;734 866;B01;1;1;0;2;6;1;5;
68479;202200044419;734 867;A01;1;7;0;2;2;1;1;
68480;202200044420;734 863;A01;1;7;0;2;1;1;1;
68481;202200044420;734 865;B01;2;1;0;2;8;19;5;
68482;202200044421;734 862;A01;1;33;0;2;0;2;1;
68483;202200044421;734 864;B01;1;33;0;0;6;23;1;
68484;202200044422;734 858;B01;2;7;0;2;3;16;1;
68485;202200044422;734 860;A01;1;1;0;2;1;25;5;
68486;202200044423;734 859;B01;1;50;0;2;1;1;3;
68487;202200044423;734 861;A01;2;7;0;2;3;15;1;
68488;202200044424;734 857;A01;1;21;0;0;0;2;1;
68489;202200044426;734 851;A01;2;7;0;2;2;1;1;
68490;202200044426;734 855;B01;1;7;0;2;3;1;1;
68491;202200044427;734 849;A01;1;7;0;0;2;15;1;
68492;202200044427;734 853;B01;2;10;7;0;1;1;1;
68493;202200044429;734 847;A01;1;50;0;2;1;1;3;
68494;202200044429;734 852;B01;2;7;0;2;3;15;1;
68495;202200044430;734 846;A01;0;43;15;0;0;1;1;
68496;202200044433;734 838;A01;2;10;0;2;1;1;1;
68497;202200044433;734 840;B01;2;2;0;2;1;1;1;
68498;202200044433;734 845;C01;2;7;0;2;5;1;1;
68499;202200044434;734 836;B01;3;7;0;2;3;1;1;
68500;202200044434;734 841;A01;3;7;0;2;3;1;1;
68501;202200044435;734 837;A01;1;7;9;0;9;1;1;
68502;202200044436;734 835;A01;2;7;8;0;1;16;1;
68503;202200044437;734 833;A01;2;33;0;0;2;17;0;
68504;202200044438;734 832;A01;2;10;3;0;3;1;1;
68505;202200044439;734 831;A01;1;7;0;2;3;9;1;
68506;202200044439;734 834;B01;1;7;0;2;1;1;0;
68507;202200044440;734 828;A01;2;60;0;2;1;13;5;
68508;202200044440;734 830;B01;2;7;0;2;2;1;1;
68509;202200044441;734 826;B01;0;1;0;2;1;17;5;
68510;202200044441;734 829;A01;0;7;0;2;3;15;1;
68511;202200044442;734 824;A01;1;7;0;2;1;16;1;
68512;202200044442;734 827;B01;1;30;0;2;2;14;1;
68513;202200044443;734 825;A01;2;7;0;1;2;15;1;
68514;202200044444;734 823;Z01;1;0;0;1;0;0;1;
68515;202200044445;734 822;A01;3;3;0;1;1;21;1;
68516;202200044446;734 818;A01;0;7;0;2;2;1;1;
68517;202200044446;734 821;B01;0;2;0;2;8;15;1;
68518;202200044447;734 817;B01;1;33;0;2;4;1;1;
68519;202200044447;734 820;A01;1;7;0;2;1;2;1;
68520;202200044448;734 816;B01;2;7;0;2;4;2;1;
68521;202200044448;734 819;A01;2;7;0;2;1;2;1;
68522;202200044449;734 814;A01;1;2;12;0;0;26;1;
68523;202200044450;734 812;A01;1;10;0;2;3;9;1;
68524;202200044450;734 815;B01;2;1;0;2;1;17;5;
68525;202200044451;734 813;A01;3;50;0;0;0;1;3;
68526;202200044452;734 810;B01;2;80;0;2;8;1;3;
68527;202200044452;734 811;A01;2;7;0;2;2;1;1;
68528;202200044453;734 806;B01;2;7;0;2;3;15;1;
68529;202200044453;734 808;A01;2;33;0;2;2;17;1;
68530;202200044454;734 804;B01;2;40;0;2;1;1;3;
68531;202200044454;734 809;A01;1;7;0;4;2;9;1;
68532;202200044455;734 805;A01;3;7;0;1;2;15;1;
68533;202200044456;734 800;A01;1;7;1;0;1;14;1;
68534;202200044457;734 801;A01;2;10;0;2;1;7;1;
68535;202200044457;734 803;B01;2;7;0;2;3;1;1;
68536;202200044458;734 798;B01;1;33;0;2;1;1;1;
68537;202200044458;734 799;A01;1;7;0;2;1;15;1;
68538;202200044460;734 793;B01;2;7;0;2;5;2;1;
68539;202200044460;734 796;A01;2;7;0;2;2;9;1;
68540;202200044461;734 794;A01;3;1;0;2;0;1;5;
68541;202200044461;734 795;B01;3;1;0;2;0;1;5;
68542;202200044463;734 790;B01;3;7;0;2;3;1;1;
68543;202200044463;734 792;A01;3;7;0;2;5;17;1;
68544;202200044464;734 786;A01;3;1;0;2;1;19;5;
68545;202200044464;734 789;B01;3;7;0;2;3;19;1;
68546;202200044465;734 785;B01;1;33;0;2;7;1;1;
68547;202200044465;734 788;A01;1;10;0;2;1;9;1;
68548;202200044466;734 784;A01;3;7;0;2;3;1;1;
68549;202200044466;734 787;B01;3;10;0;2;6;1;1;
68550;202200044467;734 782;A01;3;7;0;2;3;16;1;
68551;202200044467;734 783;B01;3;2;0;2;1;1;1;
68552;202200044468;734 780;A01;1;10;11;0;1;1;1;
68553;202200044469;734 779;A01;1;7;0;1;2;15;1;
68554;202200044470;734 778;A01;2;33;6;0;2;14;1;
68555;202200044471;734 777;A01;1;7;0;2;3;1;1;
68556;202200044471;734 781;B01;1;2;0;2;7;1;1;
68557;202200044472;734 773;B01;1;7;0;2;8;16;1;
68558;202200044472;734 776;A01;2;43;0;2;3;17;1;
68559;202200044473;734 775;A01;0;7;4;0;1;6;1;
68560;202200044474;734 770;A01;2;1;0;2;8;1;5;
68561;202200044474;734 772;Z01;2;0;0;2;7;17;0;
68562;202200044475;734 768;A01;2;7;0;2;3;10;1;
68563;202200044475;734 769;B01;2;33;0;2;2;1;1;
68564;202200044476;734 765;B01;2;7;0;2;3;9;1;
68565;202200044476;734 767;A01;2;2;0;2;1;18;1;
68566;202200044477;734 764;A01;1;30;0;0;0;26;1;
68567;202200044478;734 762;A01;3;7;0;2;3;9;1;
68568;202200044478;734 763;B01;3;33;0;2;1;26;1;
68569;202200044479;734 761;A01;3;33;6;0;1;1;0;
68570;202200044480;734 759;A01;3;7;0;2;3;20;1;
68571;202200044480;734 760;B01;2;2;0;2;3;0;0;
68572;202200044481;734 757;B01;2;33;0;2;2;17;1;
68573;202200044481;734 758;A01;2;7;0;2;6;2;1;
68574;202200044482;734 756;A01;0;7;15;0;0;1;3;
68575;202200044483;734 753;A01;2;10;1;0;1;2;1;
68576;202200044484;734 755;A01;1;7;8;0;2;15;1;
68577;202200044486;734 750;A01;1;7;13;0;9;1;1;
68578;202200044487;734 749;A01;1;7;0;2;2;15;1;
68579;202200044487;734 751;B01;2;33;0;2;1;1;1;
68580;202200044488;734 748;A01;3;7;0;0;0;0;1;
68581;202200044489;734 746;A01;0;80;0;0;1;0;3;
68582;202200044490;734 745;A01;3;7;0;1;2;1;3;
68583;202200044491;734 744;B01;2;80;0;2;9;1;3;
68584;202200044491;734 747;A01;3;7;0;9;3;19;1;
68585;202200044492;734 742;A01;2;33;0;2;3;1;1;
68586;202200044492;734 743;B01;2;33;0;2;5;2;1;
68587;202200044493;734 739;A01;2;7;0;2;3;17;1;
68588;202200044493;734 741;B01;1;7;0;2;3;1;1;
68589;202200044494;734 737;A01;3;7;0;9;3;15;2;
68590;202200044494;734 740;B01;0;1;0;2;1;1;5;
68591;202200044496;734 734;A01;2;31;6;0;1;0;1;
68592;202200044497;734 733;A01;2;50;0;0;0;1;3;
68593;202200044498;734 731;A01;0;10;16;0;3;17;1;
68594;202200044499;734 729;B01;1;7;0;2;3;0;1;
68595;202200044499;734 736;A01;2;31;0;2;1;3;1;
68596;202200044501;734 727;A01;1;17;0;0;9;13;1;
68597;202200044502;734 726;A01;2;7;0;2;8;1;1;
68598;202200044502;734 728;B01;1;7;0;2;1;1;1;
68599;202200044504;734 725;A01;1;7;0;2;3;13;1;
68600;202200044505;734 721;A01;2;7;0;2;2;16;1;
68601;202200044505;734 723;B01;1;7;0;2;3;1;2;
68602;202200044506;734 718;B01;3;1;0;2;5;2;5;
68603;202200044506;734 720;A01;3;10;0;2;1;9;1;
68604;202200044507;734 719;B01;3;17;0;2;7;17;1;
68605;202200044507;734 722;A01;3;1;0;2;0;13;5;
68606;202200044508;734 717;A01;1;7;0;0;0;1;1;
68607;202200044509;734 714;A01;1;7;0;2;7;15;1;
68608;202200044509;734 716;B01;2;31;0;2;1;1;1;
68609;202200044510;734 709;A01;2;33;13;0;0;21;1;
68610;202200044510;734 712;B01;2;10;0;2;0;13;-1;
68611;202200044511;734 710;B01;3;7;0;9;7;20;1;
68612;202200044511;734 711;A01;3;50;0;2;1;18;3;
68613;202200044512;734 706;B01;3;50;0;2;1;1;3;
68614;202200044512;734 708;A01;3;7;0;9;1;15;1;
68615;202200044513;734 705;A01;1;7;0;2;2;16;1;
68616;202200044513;734 707;B01;1;1;0;2;1;1;5;
68617;202200044514;734 702;A01;2;33;0;2;1;17;1;
68618;202200044514;734 704;B01;1;7;0;2;3;15;1;
68619;202200044516;734 698;Z01;1;7;0;2;3;13;2;
68620;202200044516;734 700;A01;1;30;0;2;7;1;1;
68621;202200044517;734 699;A01;3;32;0;2;1;13;1;
68622;202200044517;734 703;B01;3;7;0;2;7;19;1;
68623;202200044519;734 694;A01;2;7;0;2;3;15;1;
68624;202200044519;734 697;B01;1;7;0;2;1;1;2;
68625;202200044520;734 692;Z01;2;7;0;1;2;1;1;
68626;202200044521;734 689;A01;0;7;0;2;3;13;1;
68627;202200044521;734 693;B01;3;14;0;2;8;1;1;
68628;202200044522;734 688;B01;1;7;0;2;0;1;1;
68629;202200044522;734 691;D01;1;0;0;2;4;2;-1;
68630;202200044523;734 685;A01;3;33;3;2;1;17;1;
68631;202200044523;734 687;B01;3;7;0;2;2;1;1;
68632;202200044523;734 690;C01;3;33;0;2;1;1;1;
68633;202200044524;734 684;A01;1;7;0;2;5;22;1;
68634;202200044524;734 686;B01;1;80;0;2;1;1;3;
68635;202200044525;734 682;A01;2;7;8;0;2;1;1;
68636;202200044526;734 681;A01;1;31;0;2;2;15;1;
68637;202200044526;734 683;B01;2;7;0;2;3;1;1;
68638;202200044527;734 680;A01;1;2;8;0;1;1;1;
68639;202200044528;734 679;A01;1;17;0;1;7;1;1;
68640;202200044529;734 675;A01;1;15;0;2;4;1;1;
68641;202200044529;734 676;B01;1;7;0;2;4;23;1;
68642;202200044530;734 673;A01;1;7;0;2;1;2;1;
68643;202200044530;734 678;B01;1;7;0;2;4;1;1;
68644;202200044531;734 674;A01;1;7;0;1;2;16;1;
68645;202200044532;734 671;A01;2;7;0;2;2;26;1;
68646;202200044532;734 677;B01;2;7;0;2;3;2;1;
68647;202200044533;734 669;B01;1;10;0;0;4;24;0;
68648;202200044533;734 672;A01;1;7;1;0;1;1;1;
68649;202200044534;734 666;B01;1;10;0;9;2;15;1;
68650;202200044534;734 668;A01;1;33;0;2;1;17;1;
68651;202200044536;734 667;A01;1;14;0;1;6;16;6;
68652;202200044537;734 664;A01;1;7;13;0;1;13;1;
68653;202200044538;734 661;A01;2;7;0;2;3;13;1;
68654;202200044538;734 663;B01;1;7;0;2;8;1;1;
68655;202200044539;734 657;B01;3;7;0;2;3;15;1;
68656;202200044539;734 662;A01;3;30;0;2;1;8;0;
68657;202200044540;734 656;A01;1;10;0;2;7;10;1;
68658;202200044540;734 659;B01;2;34;0;2;1;1;1;
68659;202200044541;734 654;A01;2;31;0;2;7;3;1;
68660;202200044541;734 658;B01;2;7;0;2;6;11;1;
68661;202200044542;734 652;A01;1;7;0;2;6;10;1;
68662;202200044542;734 653;B01;1;33;0;2;1;1;1;
68663;202200044543;734 648;A01;1;7;0;2;3;9;1;
68664;202200044543;734 650;B01;1;7;0;2;5;2;1;
68665;202200044544;734 645;Z01;2;7;0;2;1;2;1;
68666;202200044544;734 647;A01;2;7;0;2;6;2;1;
68667;202200044545;734 637;C01;1;33;0;2;1;1;0;
68668;202200044545;734 641;B01;1;33;0;2;1;1;1;
68669;202200044545;734 643;A01;2;7;0;2;5;15;1;
68670;202200044546;734 635;B01;3;80;0;2;3;16;3;
68671;202200044546;734 639;A01;3;7;0;2;7;15;1;
68672;202200044547;734 640;C01;1;7;0;2;0;5;1;
68673;202200044547;734 646;B01;1;7;0;2;2;15;1;
68674;202200044547;734 649;A01;2;43;0;2;1;1;1;
68675;202200044548;734 638;C01;1;7;0;2;4;2;1;
68676;202200044548;734 642;B01;1;7;0;2;4;2;1;
68677;202200044548;734 644;A01;1;10;0;2;1;2;1;
68678;202200044549;734 634;A01;1;7;12;0;1;1;1;
68679;202200044551;734 632;A01;1;30;12;0;2;14;1;
68680;202200044552;734 630;A01;1;7;0;1;4;4;1;
68681;202200044553;734 628;B01;2;30;0;2;1;13;1;
68682;202200044553;734 631;A01;1;7;0;2;1;1;1;
68683;202200044554;734 626;A01;2;7;0;2;2;14;1;
68684;202200044554;734 629;B01;2;7;1;2;3;7;1;
68685;202200044555;734 624;A01;0;7;0;2;3;12;0;
68686;202200044555;734 627;B01;0;7;0;2;5;1;0;
68687;202200044556;734 623;A01;2;34;1;0;2;14;1;
68688;202200044557;734 622;B01;1;10;0;2;2;1;1;
68689;202200044557;734 625;A01;1;50;0;2;7;13;3;
68690;202200044558;734 619;B01;1;7;0;2;1;2;1;
68691;202200044558;734 621;A01;1;7;0;2;4;24;1;
68692;202200044559;734 618;A01;3;33;0;2;4;23;1;
68693;202200044559;734 620;Z01;1;10;0;2;1;1;1;
68694;202200044560;734 615;A01;3;7;0;2;3;11;3;
68695;202200044560;734 617;B01;3;30;0;2;2;1;1;
68696;202200044561;734 614;A01;2;7;1;0;2;14;1;
68697;202200044562;734 613;A01;2;7;0;2;1;15;1;
68698;202200044562;734 616;B01;1;2;0;2;1;1;1;
68699;202200044563;734 608;A01;3;7;0;2;3;9;1;
68700;202200044563;734 611;B01;1;33;0;2;7;1;1;
68701;202200044564;734 610;A01;1;33;4;0;3;13;1;
68702;202200044565;734 606;Z01;2;30;0;0;0;1;1;
68703;202200044566;734 605;C01;2;7;0;2;6;1;1;
68704;202200044566;734 609;B01;2;10;0;2;6;1;1;
68705;202200044566;734 612;A01;2;7;0;2;2;17;1;
68706;202200044568;734 603;A01;2;7;0;1;0;1;1;
68707;202200044569;734 604;A01;1;50;0;0;0;1;3;
68708;202200044570;734 602;A01;2;7;3;0;8;1;1;
68709;202200044572;734 595;A01;3;7;0;2;3;15;1;
68710;202200044572;734 600;Z01;0;7;0;2;3;17;0;
68711;202200044573;734 592;B01;1;10;0;2;8;17;1;
68712;202200044573;734 599;Z01;1;30;0;2;2;1;0;
68713;202200044574;734 593;B01;1;7;0;2;4;23;1;
68714;202200044574;734 597;A01;1;32;0;2;1;2;1;
68715;202200044575;734 590;A01;1;33;0;2;5;16;1;
68716;202200044575;734 596;B01;0;7;0;2;5;19;1;
68717;202200044576;734 588;B01;3;1;0;2;3;19;5;
68718;202200044576;734 589;A01;1;1;0;2;1;1;5;
68719;202200044577;734 587;A01;2;7;0;2;3;1;1;
68720;202200044577;734 591;B01;2;17;0;2;5;1;1;
68721;202200044577;734 594;C01;2;7;0;2;1;1;1;
68722;202200044578;734 585;A01;1;7;0;1;3;1;2;
68723;202200044579;734 583;B01;1;80;0;2;3;15;3;
68724;202200044579;734 586;Z01;1;7;0;2;5;17;0;
68725;202200044580;734 580;A01;1;7;5;0;1;1;1;
68726;202200044581;734 584;A01;2;33;0;1;1;1;1;
68727;202200044582;734 578;A01;1;1;0;2;4;1;5;
68728;202200044582;734 581;B01;1;7;0;2;2;1;3;
68729;202200044583;734 576;A01;1;33;0;0;0;26;1;
68730;202200044585;734 577;A01;3;7;11;0;1;5;1;
68731;202200044585;734 582;B01;3;7;0;2;1;1;2;
68732;202200044586;734 573;B01;2;50;0;2;1;1;3;
68733;202200044586;734 574;A01;1;37;0;2;5;15;2;1.0
68734;202200044587;734 570;A01;1;32;0;0;7;1;1;
68735;202200044588;734 568;A01;2;31;0;2;1;3;1;
68736;202200044588;734 571;B01;2;7;0;2;2;1;1;
68737;202200044590;734 566;A01;3;7;0;1;2;1;1;
68738;202200044591;734 564;A01;1;1;12;0;1;21;5;
68739;202200044592;734 561;Z01;2;7;0;2;2;1;2;
68740;202200044592;734 565;B01;2;30;0;2;4;23;1;
68741;202200044592;734 567;A01;2;7;0;2;6;23;1;
68742;202200044593;734 560;A01;2;7;0;1;3;1;2;
68743;202200044594;734 558;B01;2;7;3;0;5;1;1;
68744;202200044594;734 562;A01;2;7;3;2;3;26;1;
68745;202200044595;734 559;A01;3;10;0;0;2;1;1;
68746;202200044596;734 557;A01;1;30;0;2;2;1;1;
68747;202200044596;734 563;B01;1;7;0;2;6;16;1;
68748;202200044597;734 555;A01;2;7;0;2;2;15;1;
68749;202200044597;734 556;B01;1;33;0;2;1;1;1;
68750;202200044598;734 548;B01;1;7;0;2;9;11;1;
68751;202200044598;734 552;A01;1;0;0;2;4;12;0;
68752;202200044599;734 551;Z01;3;10;0;2;2;15;1;
68753;202200044599;734 553;A01;3;30;0;2;8;1;1;
68754;202200044600;734 549;A01;1;37;0;1;1;2;1;1.0
68755;202200044601;734 550;A01;1;7;0;2;3;2;1;
68756;202200044601;734 554;B01;1;32;0;2;4;23;1;
68757;202200044602;734 545;A01;2;7;0;1;3;15;1;
68758;202200044603;734 540;A01;1;7;0;2;1;21;1;
68759;202200044603;734 544;B01;2;7;0;2;3;24;2;
68760;202200044604;734 541;B01;1;7;0;1;2;1;1;
68761;202200044606;734 536;A01;2;32;12;0;3;14;3;
68762;202200044608;734 537;A01;2;32;12;0;7;1;0;
68763;202200044609;734 533;A01;2;10;0;2;1;1;1;
68764;202200044609;734 535;B01;1;7;0;2;1;1;1;
68765;202200044610;734 532;B01;2;7;9;2;1;1;1;
68766;202200044610;734 534;A01;1;30;0;2;2;15;3;
68767;202200044611;734 530;A01;2;7;0;1;8;15;1;
68768;202200044612;734 529;A01;3;2;0;0;2;2;1;
68769;202200044613;734 527;B01;1;1;0;2;8;1;5;
68770;202200044613;734 531;A01;2;80;0;2;8;13;3;
68771;202200044614;734 528;A01;0;7;0;1;2;19;1;
68772;202200044615;734 526;A01;2;7;13;0;9;14;1;
68773;202200044616;734 525;A01;2;30;14;0;1;13;3;
68774;202200044617;734 523;A01;0;80;8;0;1;25;3;
68775;202200044619;734 520;B01;1;2;0;2;7;1;1;
68776;202200044619;734 524;A01;1;7;0;2;8;15;1;
68777;202200044620;734 517;A01;2;1;0;2;1;1;5;
68778;202200044620;734 522;B01;2;50;0;2;8;1;3;
68779;202200044621;734 515;A01;2;7;0;2;8;10;1;
68780;202200044621;734 519;B01;2;10;0;2;1;1;1;
68781;202200044622;734 512;B01;2;80;0;2;2;1;3;
68782;202200044622;734 514;A01;2;7;0;2;8;22;1;
68783;202200044623;734 513;B01;1;50;0;2;4;1;3;
68784;202200044623;734 516;A01;1;7;0;2;1;17;1;
68785;202200044624;734 511;A01;1;7;0;1;1;1;1;
68786;202200044625;734 508;A01;1;33;0;0;0;1;1;
68787;202200044626;734 509;A01;2;7;0;1;1;1;1;
68788;202200044627;734 504;B01;3;43;0;2;1;1;1;
68789;202200044627;734 510;A01;3;7;0;2;5;15;1;
68790;202200044628;734 505;B01;1;7;0;2;8;1;1;
68791;202200044628;734 507;A01;2;10;0;2;7;15;1;
68792;202200044629;734 503;B01;0;7;0;2;8;1;1;
68793;202200044629;734 506;A01;0;7;0;2;1;19;1;
68794;202200044630;734 498;B01;2;33;0;2;3;1;1;
68795;202200044630;734 500;A01;2;7;0;2;2;16;0;
68796;202200044631;734 499;A01;3;7;0;9;8;16;1;
68797;202200044631;734 502;B01;3;1;0;2;3;19;5;
68798;202200044632;734 496;A01;1;50;0;1;7;1;3;
68799;202200044633;734 494;A01;1;10;0;2;8;11;1;
68800;202200044633;734 497;B01;1;7;14;2;2;1;1;
68801;202200044634;734 493;A01;3;1;12;0;0;14;5;
68802;202200044635;734 490;B01;1;1;0;2;7;19;5;
68803;202200044635;734 495;A01;2;7;0;2;3;16;2;
68804;202200044636;734 491;A01;2;7;0;1;2;1;2;
68805;202200044637;734 488;A01;2;30;0;0;0;1;1;
68806;202200044638;734 487;A01;1;7;0;1;3;21;0;
68807;202200044639;734 486;A01;2;7;0;1;1;1;1;
68808;202200044640;734 482;A01;2;7;0;1;3;1;1;
68809;202200044642;734 477;A01;1;32;0;2;1;5;3;
68810;202200044642;734 480;B01;1;7;0;2;1;1;1;
68811;202200044643;734 474;B01;1;33;0;2;8;9;0;
68812;202200044643;734 479;A01;1;30;0;2;8;9;1;
68813;202200044644;734 471;Z01;1;7;1;2;2;1;1;
68814;202200044644;734 476;A01;1;30;0;2;1;1;1;
68815;202200044645;734 472;B01;1;43;0;2;1;1;1;
68816;202200044645;734 475;A01;2;1;0;2;8;1;5;
68817;202200044646;734 470;B01;2;7;0;2;2;20;1;
68818;202200044646;734 473;A01;2;7;1;2;2;21;1;
68819;202200044647;734 467;B01;3;33;0;2;8;7;1;
68820;202200044647;734 469;A01;3;7;0;2;1;12;1;
68821;202200044648;734 466;A01;2;7;0;1;2;1;1;
68822;202200044649;734 465;B01;0;7;0;2;3;1;1;
68823;202200044649;734 468;A01;0;7;0;2;3;1;1;
68824;202200044650;734 464;A01;1;36;1;0;1;26;1;
68825;202200044651;734 462;A01;1;7;0;1;2;1;1;
68826;202200044652;734 461;A01;1;33;0;2;1;1;1;
68827;202200044652;734 463;B01;2;10;0;2;5;15;1;
68828;202200044653;734 457;B01;1;2;0;2;8;1;1;
68829;202200044653;734 460;A01;1;7;0;2;2;15;1;
68830;202200044654;734 456;A01;1;30;0;2;1;0;1;
68831;202200044654;734 459;B01;2;17;0;0;0;0;1;
68832;202200044655;734 455;A01;1;33;0;2;1;1;1;
68833;202200044655;734 458;B01;1;7;0;2;8;9;1;
68834;202200044656;734 453;B01;0;7;0;2;2;0;0;
68835;202200044656;734 454;A01;3;7;0;2;3;26;0;
68836;202200044657;734 448;A01;1;7;0;2;8;0;2;
68837;202200044657;734 451;B01;1;2;0;2;7;1;1;
68838;202200044658;734 445;B01;3;7;0;2;0;0;1;
68839;202200044658;734 450;A01;3;30;0;2;0;0;3;
68840;202200044659;734 446;B01;2;50;0;2;3;19;3;
68841;202200044659;734 449;A01;1;7;0;2;1;1;1;
68842;202200044660;734 442;A01;1;7;0;2;4;1;1;
68843;202200044660;734 444;B01;1;7;0;2;1;1;1;
68844;202200044660;734 447;C01;1;7;0;2;1;1;1;
68845;202200044660;734 452;D01;1;7;0;2;1;1;1;
68846;202200044661;734 438;A01;1;16;0;2;1;1;1;
68847;202200044661;734 439;B01;1;7;0;2;4;1;1;
68848;202200044662;734 437;A01;2;7;0;2;1;13;1;
68849;202200044662;734 443;B01;1;10;0;2;1;1;1;
68850;202200044663;734 435;B01;3;7;0;2;2;0;0;
68851;202200044663;734 441;A01;3;7;0;2;3;0;1;
68852;202200044664;734 436;A01;1;7;0;2;1;1;1;
68853;202200044664;734 440;B01;1;1;0;2;0;0;5;
68854;202200044665;734 431;A01;2;7;0;2;1;15;1;
68855;202200044665;734 434;B01;1;30;0;2;8;1;1;
68856;202200044667;734 429;B01;2;7;1;0;4;1;3;
68857;202200044667;734 433;A01;2;7;0;2;1;1;1;
68858;202200044668;734 426;A01;2;7;1;0;3;1;1;
68859;202200044668;734 427;B01;2;7;0;2;7;24;1;
68860;202200044669;734 425;A01;1;37;0;1;2;1;1;1.0
68861;202200044670;734 423;A01;2;7;0;2;1;0;1;
68862;202200044670;734 428;B01;1;1;0;2;7;1;5;
68863;202200044670;734 432;C01;1;1;0;2;7;1;5;
68864;202200044671;734 421;B01;2;1;0;2;0;0;5;
68865;202200044671;734 422;A01;2;10;0;2;1;0;1;
68866;202200044672;734 419;A01;2;7;0;9;3;5;1;
68867;202200044672;734 424;B01;1;1;0;2;4;16;5;
68868;202200044673;734 417;B01;3;7;0;2;7;19;2;
68869;202200044673;734 420;A01;3;10;0;2;1;19;1;
68870;202200044674;734 416;A01;1;7;1;0;3;13;1;
68871;202200044675;734 415;A01;3;10;0;1;1;26;1;
68872;202200044676;734 414;A01;1;10;0;2;6;11;1;
68873;202200044676;734 418;B01;1;33;0;2;1;2;1;
68874;202200044677;734 412;B01;2;40;0;2;3;1;3;
68875;202200044677;734 413;A01;1;1;0;4;4;19;5;
68876;202200044678;734 411;A01;1;7;9;0;0;0;0;
68877;202200044679;734 410;A01;1;7;2;9;0;26;1;
68878;202200044680;734 408;A01;3;7;1;0;1;1;1;
68879;202200044681;734 406;B01;1;15;0;0;6;2;1;
68880;202200044681;734 409;A01;1;10;0;2;8;2;1;
68881;202200044682;734 407;A01;1;7;0;1;7;1;1;
68882;202200044684;734 403;A01;1;7;0;2;1;1;1;
68883;202200044684;734 405;B01;3;7;0;2;8;9;1;
68884;202200044685;734 400;B01;1;7;0;2;3;1;1;
68885;202200044685;734 404;A01;2;30;0;2;5;15;1;
68886;202200044686;734 398;PA01;1;7;0;0;4;4;1;
68887;202200044687;734 399;A01;3;7;0;2;1;9;1;
68888;202200044687;734 401;B01;3;10;0;2;7;1;1;
68889;202200044688;734 397;A01;1;31;13;9;1;1;1;
68890;202200044689;734 396;A01;2;7;0;1;3;15;2;
68891;202200044690;734 394;A01;3;1;0;1;1;0;5;
68892;202200044691;734 392;A01;1;7;1;2;1;1;2;
68893;202200044691;734 395;B01;0;1;1;2;1;26;5;
68894;202200044692;734 391;B01;2;1;1;0;1;17;5;
68895;202200044692;734 393;A01;2;7;1;2;8;22;1;
68896;202200044693;734 389;A01;0;7;1;1;1;17;1;
68897;202200044694;734 387;A01;3;7;0;2;2;15;1;
68898;202200044694;734 388;B01;3;34;0;2;1;1;1;
68899;202200044695;734 384;A01;3;10;2;0;2;1;1;
68900;202200044697;734 385;A01;0;0;0;1;1;17;0;
68901;202200044698;734 379;A01;2;7;0;2;6;1;1;
68902;202200044698;734 390;B01;1;7;0;2;1;19;1;
68903;202200044699;734 381;B01;3;30;0;2;1;0;1;
68904;202200044699;734 386;A01;3;32;0;2;4;23;1;
68905;202200044700;734 378;B01;1;34;0;2;1;1;1;
68906;202200044700;734 383;A01;1;7;0;2;3;1;1;