;Num_Acc;id_vehicule;num_veh;senc;catv;obs;obsm;choc;manv;motor;occutc
68907;202200044702;734 372;A01;2;7;0;2;3;13;1;
68908;202200044702;734 374;B01;1;15;0;2;3;1;1;
68909;202200044703;734 371;B01;3;7;0;2;8;1;1;
68910;202200044703;734 376;A01;0;7;0;2;1;19;1;
68911;202200044704;734 368;A01;2;10;1;2;1;0;1;
68912;202200044704;734 373;B01;1;10;0;2;3;2;1;
68913;202200044705;734 365;A01;2;7;0;9;2;2;1;
68914;202200044705;734 369;B01;2;1;0;2;8;2;5;
68915;202200044706;734 366;A01;1;7;0;2;7;19;1;
68916;202200044706;734 370;B01;1;30;0;2;1;2;0;
68917;202200044707;734 361;A01;1;7;0;2;1;2;2;
68918;202200044707;734 362;C01;1;7;0;2;4;2;1;
68919;202200044707;734 363;B01;1;7;0;2;4;2;1;
68920;202200044709;734 356;B01;3;10;0;2;1;15;1;
68921;202200044709;734 358;A01;3;1;0;2;0;19;5;
68922;202200044710;734 354;A01;1;7;0;2;1;11;1;
68923;202200044710;734 359;B01;1;7;0;2;4;11;1;
68924;202200044711;734 355;A01;1;7;0;2;1;16;1;
68925;202200044711;734 360;B01;2;32;0;2;7;1;1;
68926;202200044712;734 352;B01;1;7;0;2;4;2;1;
68927;202200044712;734 353;A01;1;7;0;2;1;2;1;
68928;202200044713;734 351;A01;1;1;0;0;8;1;5;
68929;202200044714;734 348;A01;1;7;0;1;3;1;0;
68930;202200044715;734 349;A01;2;7;0;1;1;1;1;
68931;202200044716;734 347;A01;2;33;8;0;1;1;1;
68932;202200044717;734 345;A01;2;7;0;2;2;1;1;
68933;202200044717;734 350;B01;2;1;0;2;1;1;5;
68934;202200044718;734 343;A01;1;7;0;2;1;15;1;
68935;202200044718;734 346;B01;1;15;0;2;1;16;1;
68936;202200044719;734 342;A01;1;7;0;1;1;1;1;
68937;202200044720;734 338;A01;2;7;0;0;0;19;1;
68938;202200044720;734 341;B01;1;43;0;0;0;1;1;
68939;202200044721;734 339;A01;1;10;9;1;1;2;1;
68940;202200044722;734 340;B01;1;33;0;2;6;16;1;
68941;202200044722;734 344;A01;1;7;0;2;7;16;1;
68942;202200044723;734 337;A01;2;7;13;0;9;0;1;
68943;202200044724;734 336;A01;1;7;0;1;8;15;1;
68944;202200044725;734 330;A01;1;7;2;0;2;0;1;
68945;202200044727;734 329;A01;2;33;0;0;5;1;1;
68946;202200044727;734 333;B01;2;7;0;2;3;18;1;
68947;202200044728;734 328;D01;1;2;0;2;0;1;-1;
68948;202200044728;734 332;A01;2;7;0;2;1;15;1;
68949;202200044728;734 335;C01;1;2;16;2;8;1;1;
68950;202200044730;734 324;A01;3;7;0;1;4;26;1;
68951;202200044731;734 322;B01;2;7;0;2;3;1;1;
68952;202200044731;734 325;A01;1;7;0;2;3;13;1;
68953;202200044732;734 320;A01;3;38;0;1;2;7;0;1.0
68954;202200044733;734 319;A01;2;31;3;0;1;14;1;
68955;202200044734;734 316;A01;1;7;0;4;2;1;1;
68956;202200044734;734 318;B01;1;39;0;0;3;1;0;
68957;202200044735;734 317;A01;2;7;0;1;2;2;1;
68958;202200044736;734 315;A01;3;7;8;0;1;26;3;
68959;202200044737;734 313;A01;1;7;13;0;1;14;1;
68960;202200044738;734 308;A01;1;7;13;0;2;1;3;
68961;202200044739;734 307;A01;0;7;0;2;1;13;1;
68962;202200044739;734 311;B01;0;7;0;2;2;1;1;
68963;202200044741;734 304;B01;1;7;0;2;1;1;1;
68964;202200044741;734 310;A01;2;7;0;2;1;13;1;
68965;202200044743;734 298;A01;3;33;8;0;1;1;1;
68966;202200044744;734 297;A01;1;7;0;2;1;1;1;
68967;202200044744;734 301;C01;1;7;0;2;1;1;1;
68968;202200044744;734 303;D01;1;7;0;2;1;1;1;
68969;202200044744;734 306;E01;1;7;0;2;1;1;1;
68970;202200044744;734 309;F01;1;7;0;2;1;1;1;
68971;202200044744;734 312;G01;1;7;0;0;4;1;1;
68972;202200044744;734 314;B01;1;7;0;2;4;1;1;
68973;202200044745;734 296;B01;1;7;0;0;5;17;1;
68974;202200044745;734 299;A01;1;30;0;2;3;13;1;
68975;202200044746;734 292;A01;2;7;0;2;3;13;1;
68976;202200044746;734 294;B01;1;7;0;2;3;1;1;
68977;202200044747;734 290;A01;1;30;0;1;7;3;1;
68978;202200044748;734 288;C01;3;7;0;2;1;23;1;
68979;202200044748;734 293;B01;1;7;0;2;3;1;0;
68980;202200044748;734 295;A01;2;7;13;2;3;15;1;
68981;202200044749;734 289;A01;1;33;0;2;1;1;1;
68982;202200044749;734 291;B01;2;7;0;2;2;1;1;
68983;202200044751;734 283;B01;1;30;0;2;1;17;1;
68984;202200044751;734 285;A01;1;10;0;2;7;15;1;
68985;202200044752;734 281;A01;2;7;0;2;1;1;2;
68986;202200044752;734 287;B01;1;7;0;2;0;1;1;
68987;202200044753;734 279;A01;2;7;0;2;3;13;1;
68988;202200044753;734 282;B01;1;7;0;2;1;1;1;
68989;202200044754;734 275;A01;2;7;17;0;1;14;1;
68990;202200044755;734 273;A01;1;7;0;2;1;13;1;
68991;202200044755;734 278;B01;2;7;0;2;1;1;1;
68992;202200044755;734 280;C01;2;7;0;0;1;1;1;
68993;202200044756;734 272;A01;0;0;0;9;2;2;0;
68994;202200044756;734 276;B01;2;1;0;2;6;1;5;
68995;202200044757;734 270;A01;1;7;13;0;2;14;2;
68996;202200044758;734 269;D01;1;15;0;0;4;23;1;
68997;202200044758;734 271;C01;1;7;1;2;8;21;1;
68998;202200044758;734 274;B01;1;15;0;2;8;1;1;
68999;202200044758;734 277;A01;1;7;0;2;7;17;1;
69000;202200044759;734 267;A01;0;2;0;0;6;1;1;
69001;202200044760;734 265;B01;2;7;0;2;1;1;1;
69002;202200044760;734 268;A01;1;7;0;2;1;17;1;
69003;202200044761;734 263;A01;1;7;2;0;9;13;1;
69004;202200044762;734 261;A01;1;7;0;2;1;2;1;
69005;202200044762;734 264;C01;1;7;0;2;4;2;1;
69006;202200044762;734 266;B01;1;7;0;2;4;2;1;
69007;202200044763;734 259;A01;2;7;13;0;1;1;1;
69008;202200044764;734 257;A01;3;21;0;2;1;23;1;
69009;202200044764;734 260;C01;2;17;0;2;1;1;1;
69010;202200044764;734 262;B01;1;17;0;2;1;21;1;
69011;202200044766;734 254;A01;2;7;9;0;3;1;1;
69012;202200044768;734 251;A01;3;7;0;2;8;15;1;
69013;202200044768;734 255;B01;1;33;0;2;1;1;1;
69014;202200044769;734 250;A01;1;7;13;0;2;13;1;
69015;202200044770;734 247;A01;1;7;13;0;3;21;1;
69016;202200044771;734 246;B01;2;7;0;2;3;0;1;
69017;202200044771;734 248;A01;1;7;0;2;3;5;1;
69018;202200044772;734 245;B01;3;34;0;2;1;1;1;
69019;202200044772;734 249;A01;3;7;0;2;3;16;1;
69020;202200044773;734 242;A01;3;33;0;6;1;1;1;
69021;202200044774;734 239;A01;1;33;0;1;1;17;1;
69022;202200044775;734 238;B01;1;2;9;2;7;1;1;
69023;202200044775;734 243;A01;3;7;0;2;1;19;1;
69024;202200044776;734 237;A01;2;31;0;2;1;13;1;
69025;202200044776;734 241;B01;1;33;0;2;1;1;1;
69026;202200044778;734 235;B01;1;30;0;2;1;1;1;
69027;202200044778;734 240;A01;1;7;0;2;5;15;1;
69028;202200044779;734 233;A01;1;33;13;0;9;1;1;
69029;202200044780;734 234;B01;3;7;0;2;2;20;1;
69030;202200044780;734 236;A01;3;2;0;2;1;1;1;
69031;202200044781;734 230;A01;1;20;0;2;1;1;1;
69032;202200044781;734 231;B01;1;1;0;2;4;1;5;
69033;202200044782;734 228;A01;1;7;0;9;7;15;1;
69034;202200044782;734 229;B01;2;1;0;2;1;1;5;
69035;202200044783;734 224;B01;2;33;0;2;1;1;1;
69036;202200044783;734 227;A01;1;7;0;2;7;15;1;
69037;202200044784;734 223;A01;2;7;7;2;3;21;1;
69038;202200044784;734 226;B01;2;7;0;0;6;15;1;
69039;202200044785;734 221;B01;1;7;16;0;2;0;6;
69040;202200044785;734 225;A01;1;7;2;0;3;0;1;
69041;202200044786;734 219;A01;3;50;16;0;0;1;3;
69042;202200044787;734 220;A01;2;33;0;2;2;13;1;
69043;202200044787;734 222;B01;1;7;0;2;2;1;1;
69044;202200044788;734 214;B01;1;33;0;2;9;1;1;
69045;202200044788;734 217;A01;2;7;0;2;3;1;1;
69046;202200044792;734 210;A01;1;33;13;0;0;1;1;
69047;202200044793;734 209;A01;1;7;0;1;3;1;1;
69048;202200044794;734 208;A01;1;7;15;2;1;19;1;
69049;202200044794;734 212;B01;2;7;0;2;7;1;1;
69050;202200044795;734 207;A01;2;7;13;0;6;14;1;
69051;202200044796;734 201;A01;1;10;6;0;1;1;1;
69052;202200044797;734 200;B01;1;33;0;2;8;1;1;
69053;202200044797;734 204;A01;2;7;0;2;6;13;1;
69054;202200044798;734 202;A01;2;7;0;2;3;15;1;
69055;202200044798;734 206;B01;1;33;0;2;1;1;1;
69056;202200044800;734 198;A01;1;7;0;2;7;15;1;
69057;202200044800;734 205;B01;2;7;0;2;1;1;3;
69058;202200044801;734 195;A01;2;33;3;0;2;14;1;
69059;202200044802;734 194;A01;1;10;2;0;3;1;1;
69060;202200044803;734 191;B01;1;33;0;2;8;1;1;
69061;202200044803;734 196;A01;1;7;0;2;7;17;0;
69062;202200044804;734 192;B01;2;33;0;2;1;1;1;
69063;202200044804;734 197;A01;1;7;0;2;3;19;1;
69064;202200044805;734 190;A01;0;7;0;9;2;16;1;
69065;202200044805;734 193;B01;3;2;0;2;1;18;1;
69066;202200044806;734 187;B01;1;2;0;2;1;1;1;
69067;202200044806;734 189;A01;2;7;0;0;2;15;1;
69068;202200044807;734 184;B01;1;7;0;2;1;1;1;
69069;202200044807;734 188;A01;2;31;0;2;8;9;1;
69070;202200044808;734 186;A01;2;7;0;1;3;1;1;
69071;202200044809;734 182;A01;1;7;0;2;8;15;1;
69072;202200044809;734 185;B01;1;2;0;2;7;17;1;
69073;202200044810;734 180;A01;1;7;13;0;1;1;1;
69074;202200044811;734 179;A01;1;7;0;2;1;15;1;
69075;202200044811;734 181;B01;2;7;0;2;1;1;2;
69076;202200044811;734 183;C01;2;7;0;2;8;23;1;
69077;202200044812;734 178;A01;0;7;0;2;2;1;1;
69078;202200044813;734 177;A01;2;7;13;0;2;14;1;
69079;202200044814;734 176;A01;2;7;6;0;1;1;1;
69080;202200044815;734 173;A01;2;7;1;2;1;21;1;
69081;202200044816;734 174;A01;2;7;0;1;1;1;1;
69082;202200044817;734 172;B01;2;1;0;2;1;1;5;
69083;202200044817;734 175;A01;1;7;0;2;2;15;1;
69084;202200044818;734 169;B01;1;10;0;2;8;1;1;
69085;202200044818;734 171;A01;2;2;0;2;1;13;1;
69086;202200044819;734 166;A01;0;7;9;1;2;26;1;
69087;202200044820;734 165;A01;2;38;0;1;2;16;1;1.0
69088;202200044821;734 164;C01;2;7;7;2;6;1;1;
69089;202200044821;734 167;B01;2;7;0;2;1;1;1;
69090;202200044821;734 170;A01;1;7;0;2;1;1;1;
69091;202200044823;734 162;A01;1;33;2;0;3;1;1;
69092;202200044824;734 161;A01;2;7;13;0;3;13;2;
69093;202200044825;734 159;A01;3;7;2;0;1;16;1;
69094;202200044826;734 155;A01;3;7;16;0;0;1;1;
69095;202200044828;734 157;A01;1;7;0;2;4;15;1;
69096;202200044828;734 160;B01;1;7;0;2;1;2;1;
69097;202200044829;734 154;A01;1;7;0;0;9;1;1;
69098;202200044830;734 152;A01;1;7;15;0;3;13;1;
69099;202200044830;734 153;B01;2;7;0;0;3;13;1;
69100;202200044831;734 149;A01;2;7;8;0;0;14;1;
69101;202200044832;734 148;B01;-1;20;0;2;1;-1;-1;
69102;202200044832;734 151;A01;1;7;0;2;1;0;-1;
69103;202200044835;734 144;B01;1;7;1;0;4;23;1;
69104;202200044835;734 147;A01;1;7;1;2;1;1;1;
69105;202200044836;734 138;B01;2;33;0;2;4;2;1;
69106;202200044836;734 142;A01;2;33;0;2;1;2;1;
69107;202200044837;734 140;A01;1;7;2;0;1;0;1;
69108;202200044838;734 137;A01;3;7;8;2;3;19;1;
69109;202200044838;734 143;B01;1;7;12;2;2;1;1;
69110;202200044839;734 136;A01;1;7;0;0;3;9;1;
69111;202200044839;734 141;B01;2;2;0;2;1;5;1;
69112;202200044840;734 135;A01;2;7;0;2;3;13;1;
69113;202200044840;734 139;B01;1;7;0;2;3;1;1;
69114;202200044841;734 132;A01;3;33;0;0;9;1;1;
69115;202200044842;734 129;A01;2;7;0;2;1;15;1;
69116;202200044842;734 134;B01;1;33;0;2;8;1;1;
69117;202200044843;734 131;B01;2;7;0;2;2;1;1;
69118;202200044843;734 133;A01;1;2;0;2;7;17;1;
69119;202200044844;734 130;A01;3;7;8;0;1;1;1;
69120;202200044845;734 128;A01;2;7;8;0;1;1;1;
69121;202200044846;734 127;A01;2;7;8;0;3;2;1;
69122;202200044847;734 124;A01;3;7;16;0;0;1;1;
69123;202200044848;734 126;A01;1;15;0;1;0;1;1;
69124;202200044850;734 122;A01;1;7;12;0;1;14;1;
69125;202200044851;734 121;A01;2;7;0;1;7;1;1;
69126;202200044852;734 116;A01;0;50;0;2;8;25;3;
69127;202200044852;734 120;Z01;0;50;0;2;1;25;3;
69128;202200044853;734 115;B01;0;7;0;0;8;15;1;
69129;202200044853;734 119;A01;0;7;15;1;2;0;1;
69130;202200044854;734 114;A01;1;7;15;2;1;13;1;
69131;202200044854;734 117;B01;2;10;6;2;1;1;1;
69132;202200044855;734 112;C01;2;10;0;2;3;1;1;
69133;202200044855;734 113;B01;2;7;0;2;6;11;1;
69134;202200044855;734 118;A01;2;33;0;0;7;17;1;
69135;202200044856;734 110;A01;2;7;2;0;1;1;1;
69136;202200044857;734 108;A01;3;2;17;0;1;1;1;
69137;202200044858;734 109;A01;2;7;6;0;1;1;1;
69138;202200044859;734 107;B01;1;33;0;2;2;17;1;
69139;202200044859;734 111;A01;1;10;0;2;3;13;1;
69140;202200044860;734 105;A01;3;10;13;0;0;0;1;
69141;202200044861;734 103;A01;2;2;0;2;1;5;1;
69142;202200044861;734 106;B01;1;2;0;2;1;1;1;
69143;202200044862;734 100;A01;1;10;0;1;3;15;1;
69144;202200044863;734 099;B01;2;1;0;2;1;1;5;
69145;202200044863;734 102;A01;1;7;0;2;1;13;3;
69146;202200044864;734 098;A01;2;7;0;2;8;15;1;
69147;202200044864;734 101;B01;1;99;0;2;8;1;1;
69148;202200044864;734 104;C01;1;33;0;2;1;21;1;
69149;202200044865;734 094;A01;2;10;0;1;2;1;2;
69150;202200044866;734 093;A01;3;10;7;0;1;1;1;
69151;202200044867;734 091;B01;1;80;0;2;1;1;3;
69152;202200044867;734 097;A01;1;7;0;2;1;9;2;
69153;202200044868;734 090;A01;1;7;0;2;1;1;1;
69154;202200044868;734 096;B01;3;7;13;2;8;9;1;
69155;202200044869;734 088;A01;1;7;0;9;1;1;1;
69156;202200044869;734 089;B01;2;1;0;2;7;19;5;
69157;202200044870;734 092;B01;2;15;0;2;2;17;1;
69158;202200044870;734 095;A01;2;7;0;0;3;15;1;
69159;202200044871;734 083;A01;0;7;1;2;1;1;1;
69160;202200044871;734 087;B01;0;7;0;2;1;23;3;
69161;202200044872;734 081;A01;0;7;0;2;2;1;1;
69162;202200044872;734 086;B01;0;33;0;2;3;18;1;
69163;202200044873;734 079;A01;2;7;0;2;2;5;1;
69164;202200044873;734 082;B01;1;7;0;2;2;1;2;
69165;202200044874;734 076;A01;1;7;13;0;2;14;1;
69166;202200044876;734 075;B01;1;7;0;2;8;11;1;
69167;202200044876;734 078;A01;1;7;0;2;1;1;1;
69168;202200044877;734 071;A01;1;7;10;0;1;14;1;
69169;202200044878;734 072;A01;1;31;0;2;1;17;1;
69170;202200044878;734 074;B01;2;7;0;2;1;1;1;
69171;202200044880;734 069;A01;2;7;0;2;1;6;1;
69172;202200044880;734 073;B01;1;7;8;2;8;1;2;
69173;202200044881;734 067;A01;2;7;0;0;9;1;1;
69174;202200044882;734 062;B01;1;7;0;2;3;2;1;
69175;202200044882;734 066;A01;2;7;0;2;3;2;1;
69176;202200044883;734 063;A01;3;7;1;0;8;26;1;
69177;202200044884;734 059;A01;3;10;0;2;3;0;1;
69178;202200044884;734 064;B01;3;33;0;2;8;0;1;
69179;202200044885;734 058;A01;1;7;0;2;8;10;1;
69180;202200044885;734 065;B01;1;34;0;2;1;17;1;
69181;202200044886;734 060;B01;1;7;0;2;3;15;1;
69182;202200044886;734 061;A01;1;7;0;2;2;17;1;
69183;202200044887;734 053;A01;0;7;6;0;1;14;1;
69184;202200044888;734 057;A01;1;2;1;0;2;1;1;
69185;202200044889;734 054;B01;1;50;0;2;0;0;3;
69186;202200044889;734 056;A01;1;3;0;2;1;26;1;
69187;202200044890;734 052;B01;2;7;0;2;3;1;1;
69188;202200044890;734 055;A01;1;7;0;2;3;1;1;
69189;202200044891;734 048;A01;1;10;0;0;5;15;1;
69190;202200044891;734 051;B01;1;7;0;2;3;1;1;
69191;202200044892;734 044;A01;1;33;0;2;1;3;1;
69192;202200044892;734 047;B01;1;10;0;2;2;1;1;
69193;202200044892;734 050;C01;1;7;0;2;3;1;1;
69194;202200044894;734 042;B01;1;7;0;2;1;17;1;
69195;202200044894;734 046;A01;1;7;0;2;8;15;1;
69196;202200044896;734 041;A01;3;33;8;0;1;1;1;
69197;202200044897;734 038;A01;2;7;1;0;2;15;2;
69198;202200044898;734 037;A01;0;7;0;1;2;1;0;
69199;202200044899;734 036;A01;2;7;13;0;8;1;1;
69200;202200044900;734 035;B01;1;7;0;2;1;1;1;
69201;202200044900;734 039;A01;2;7;0;2;8;1;1;
69202;202200044901;734 030;A01;2;21;0;2;3;19;1;
69203;202200044901;734 033;B01;1;30;0;2;1;1;1;
69204;202200044902;734 029;B01;2;15;0;0;4;2;1;
69205;202200044902;734 031;A01;2;15;0;2;1;2;6;
69206;202200044903;734 028;A01;2;7;4;0;4;1;1;
69207;202200044903;734 032;B01;2;7;0;2;1;2;1;
69208;202200044904;734 026;A01;1;7;14;0;0;1;1;
69209;202200044905;734 025;A01;1;7;0;2;2;16;1;
69210;202200044905;734 027;B01;1;1;0;2;0;1;5;
69211;202200044906;734 022;B01;1;7;0;2;5;2;1;
69212;202200044906;734 024;A01;1;2;0;2;4;2;1;
69213;202200044907;734 021;A01;1;7;2;0;6;1;0;
69214;202200044908;734 019;A01;2;7;0;2;7;19;1;
69215;202200044908;734 023;B01;1;7;0;2;1;1;1;
69216;202200044909;734 018;A01;2;7;0;9;3;15;1;
69217;202200044909;734 020;B01;1;1;0;2;1;1;5;
69218;202200044910;734 015;A01;1;33;0;6;1;1;1;
69219;202200044911;734 012;B01;1;7;0;2;0;16;1;
69220;202200044911;734 017;A01;1;1;8;2;1;5;5;
69221;202200044912;734 014;A01;2;7;0;2;4;23;1;
69222;202200044912;734 016;B01;2;7;0;2;1;2;0;
69223;202200044913;734 010;A01;2;7;6;0;9;17;1;
69224;202200044914;734 011;A01;1;17;0;2;2;12;1;
69225;202200044914;734 013;B01;1;7;0;2;8;1;1;
69226;202200044915;734 005;A01;2;30;0;0;8;21;1;
69227;202200044915;734 007;B01;2;7;0;0;0;22;1;
69228;202200044916;734 002;A01;2;7;2;0;1;1;1;
69229;202200044917;734 001;C01;0;7;0;0;1;0;1;
69230;202200044917;734 003;B01;0;7;0;2;1;5;1;
69231;202200044917;734 006;A01;0;7;0;2;1;5;1;
69232;202200044918;734 004;C01;2;7;0;2;8;23;1;
69233;202200044918;734 008;B01;1;7;0;2;1;1;1;
69234;202200044918;734 009;A01;2;7;0;2;1;17;1;
69235;202200044919;733 997;A01;2;32;0;1;1;1;3;
69236;202200044920;733 999;A01;1;7;0;2;1;0;1;
69237;202200044920;734 000;B01;1;7;0;2;4;2;1;
69238;202200044921;733 996;B01;0;7;0;9;1;1;1;
69239;202200044921;733 998;A01;0;1;0;2;7;1;5;
69240;202200044922;733 992;A01;2;2;0;0;0;16;1;
69241;202200044923;733 991;B01;1;7;0;2;1;1;1;
69242;202200044923;733 995;A01;2;7;0;2;2;15;1;
69243;202200044924;733 989;A01;1;7;0;2;8;2;1;
69244;202200044924;733 994;B01;1;33;0;2;5;23;1;
69245;202200044925;733 986;A01;1;7;0;2;1;2;1;
69246;202200044925;733 988;B01;1;10;0;2;4;2;1;
69247;202200044925;733 993;C01;1;7;0;2;4;1;1;
69248;202200044926;733 985;A01;3;14;0;2;1;2;1;
69249;202200044926;733 987;B01;3;10;0;2;1;2;1;
69250;202200044926;733 990;C01;3;7;0;0;4;2;1;
69251;202200044927;733 984;A01;2;7;0;0;0;1;1;
69252;202200044928;733 983;A01;2;33;0;0;0;1;1;
69253;202200044929;733 979;A01;2;50;0;2;1;1;3;
69254;202200044929;733 982;B01;2;7;0;2;3;20;1;
69255;202200044930;733 978;A01;1;7;6;0;7;1;1;
69256;202200044931;733 977;A01;1;10;0;2;7;9;1;
69257;202200044931;733 981;B01;1;33;0;2;2;1;1;
69258;202200044932;733 975;B01;1;7;0;2;4;23;1;
69259;202200044932;733 980;A01;1;15;1;0;2;2;1;
69260;202200044933;733 973;A01;2;7;0;1;2;9;1;
69261;202200044934;733 971;A01;1;7;0;2;7;1;1;
69262;202200044934;733 974;B01;2;7;0;2;1;1;1;
69263;202200044935;733 970;A01;2;7;0;2;1;13;1;
69264;202200044936;733 968;A01;2;31;3;0;0;0;1;
69265;202200044937;733 965;A01;2;7;0;2;2;12;1;
69266;202200044937;733 967;B01;2;32;0;2;8;3;1;
69267;202200044937;733 969;C01;1;7;0;2;3;1;1;
69268;202200044938;733 964;A01;1;30;0;2;1;7;1;
69269;202200044938;733 966;B01;2;10;0;2;7;15;1;
69270;202200044939;733 959;A01;1;34;14;0;1;14;1;
69271;202200044940;733 958;A01;2;10;0;2;4;14;1;
69272;202200044940;733 961;B01;2;7;0;2;4;1;1;
69273;202200044941;733 960;B01;1;33;0;2;1;17;1;
69274;202200044941;733 963;A01;1;21;0;2;8;13;1;
69275;202200044942;733 955;A01;1;7;0;2;2;15;1;
69276;202200044942;733 957;B01;2;2;0;2;1;1;1;
69277;202200044943;733 951;A01;1;7;0;2;7;15;2;
69278;202200044943;733 953;B01;1;33;0;2;1;1;1;
69279;202200044944;733 950;A01;1;7;0;2;1;2;1;
69280;202200044944;733 954;B01;1;2;0;2;4;2;1;
69281;202200044945;733 949;A01;1;7;4;2;1;2;1;
69282;202200044945;733 956;B01;1;7;3;0;4;2;1;
69283;202200044946;733 952;A01;2;7;0;0;8;15;1;
69284;202200044946;733 962;B01;1;33;0;2;1;1;1;
69285;202200044947;733 948;A01;1;7;0;0;1;1;1;
69286;202200044948;733 947;A01;3;30;12;0;1;17;3;
69287;202200044949;733 944;B01;1;7;0;2;4;1;1;
69288;202200044949;733 946;A01;1;7;8;2;1;26;1;
69289;202200044950;733 943;A01;0;2;0;0;0;26;0;
69290;202200044951;733 939;B01;1;7;0;2;3;1;2;
69291;202200044951;733 942;A01;2;7;0;2;3;13;1;
69292;202200044951;733 945;C01;1;7;0;2;8;1;1;
69293;202200044952;733 940;A01;1;7;3;0;2;1;1;
69294;202200044953;733 937;B01;2;31;0;2;2;1;1;
69295;202200044953;733 941;A01;2;80;0;2;1;1;3;
69296;202200044954;733 935;A01;1;7;0;2;8;11;1;
69297;202200044954;733 938;B01;1;33;0;2;7;3;1;
69298;202200044955;733 936;A01;1;32;0;0;7;1;1;
69299;202200044956;733 933;A01;3;7;1;0;3;1;1;
69300;202200044959;733 928;B01;1;7;0;2;4;1;1;
69301;202200044959;733 930;A01;1;7;0;2;1;1;1;
69302;202200044960;733 926;B01;2;7;0;2;1;1;1;
69303;202200044960;733 929;A01;1;7;0;2;3;13;1;
69304;202200044961;733 921;A01;1;7;0;9;2;1;1;
69305;202200044961;733 924;B01;2;7;0;2;0;9;1;
69306;202200044962;733 922;A01;3;7;8;2;9;1;1;
69307;202200044962;733 927;B01;2;7;8;2;1;1;1;
69308;202200044963;733 920;B01;2;33;0;2;1;1;1;
69309;202200044963;733 925;A01;1;7;0;2;7;15;1;
69310;202200044964;733 918;C01;2;7;0;2;4;1;1;
69311;202200044964;733 919;B01;2;7;0;2;5;1;1;
69312;202200044964;733 923;A01;2;7;0;2;1;1;1;
69313;202200044965;733 916;A01;1;10;0;1;2;15;1;
69314;202200044966;733 912;B01;2;7;13;2;8;0;1;
69315;202200044966;733 917;A01;1;7;0;2;8;13;1;
69316;202200044967;733 911;B01;1;7;0;2;3;9;1;
69317;202200044967;733 914;A01;2;31;0;2;1;13;1;
69318;202200044968;733 910;B01;1;7;0;2;1;1;2;
69319;202200044968;733 915;A01;1;7;0;2;4;2;1;
69320;202200044969;733 907;A01;2;33;0;0;1;1;1;
69321;202200044970;733 908;A01;2;50;0;1;1;1;3;
69322;202200044972;733 906;A01;2;33;0;0;9;1;1;
69323;202200044973;733 905;A01;2;7;0;2;4;2;1;
69324;202200044973;733 909;B01;2;7;0;2;4;2;1;
69325;202200044973;733 913;C01;2;7;0;2;1;2;1;
69326;202200044974;733 903;A01;2;7;13;0;1;17;1;
69327;202200044975;733 902;A01;3;7;0;1;4;4;1;
69328;202200044976;733 898;A01;1;7;0;2;1;26;1;
69329;202200044976;733 901;B01;1;7;0;2;4;2;1;
69330;202200044977;733 897;A01;2;7;0;2;1;2;1;
69331;202200044977;733 899;B01;2;7;0;2;4;2;2;
69332;202200044979;733 892;A01;2;7;0;2;7;1;1;
69333;202200044979;733 900;B01;3;7;0;2;3;1;1;
69334;202200044981;733 890;B01;0;7;0;2;3;2;1;
69335;202200044981;733 893;A01;3;30;0;2;1;26;1;
69336;202200044982;733 889;A01;0;7;0;1;1;1;1;
69337;202200044983;733 887;A01;2;7;0;2;1;1;0;
69338;202200044983;733 888;B01;2;43;0;2;1;1;1;
69339;202200044984;733 885;A01;1;3;1;0;3;1;0;
69340;202200044985;733 886;A01;0;7;13;0;1;1;1;
69341;202200044986;733 882;A01;1;33;0;2;3;11;1;
69342;202200044986;733 884;B01;1;7;0;2;3;2;1;
69343;202200044987;733 878;B01;1;7;0;2;2;1;1;
69344;202200044987;733 883;A01;2;7;0;2;1;15;1;
69345;202200044989;733 874;A01;1;7;0;2;1;0;1;
69346;202200044989;733 876;B01;1;7;0;2;1;0;1;
69347;202200044990;733 873;A01;3;7;0;2;1;1;1;
69348;202200044990;733 879;B01;2;33;0;2;8;1;1;
69349;202200044991;733 869;Z01;3;7;0;1;2;5;1;
69350;202200044993;733 867;B01;1;7;0;2;0;15;1;
69351;202200044993;733 870;A01;1;13;0;2;1;2;1;
69352;202200044994;733 864;A01;2;2;0;0;0;1;1;
69353;202200044995;733 862;A01;1;10;0;2;4;2;1;
69354;202200044995;733 865;B01;1;7;0;2;1;2;1;
69355;202200044996;733 861;A01;2;7;0;2;3;13;1;
69356;202200044996;733 863;B01;1;7;0;2;3;0;1;
69357;202200044998;733 857;A01;1;7;0;2;2;15;1;
69358;202200044998;733 860;Z01;2;2;0;2;1;18;1;
69359;202200044999;733 859;A01;2;21;0;0;0;1;1;
69360;202200045000;733 855;A01;2;7;0;2;8;1;1;
69361;202200045000;733 856;B01;2;15;0;2;7;12;1;
69362;202200045002;733 851;A01;1;33;0;6;8;1;1;
69363;202200045003;733 852;Z01;2;33;0;1;0;1;1;
69364;202200045004;733 850;B01;2;10;0;2;4;2;1;
69365;202200045004;733 854;A01;2;7;0;2;1;2;1;
69366;202200045005;733 847;B01;2;32;0;2;3;1;1;
69367;202200045005;733 849;A01;2;33;0;2;2;26;1;