;Num_Acc;id_vehicule;num_veh;senc;catv;obs;obsm;choc;manv;motor;occutc
69368;202200045006;733 845;B01;2;7;0;2;3;13;1;
69369;202200045006;733 848;A01;2;43;0;2;2;1;1;
69370;202200045007;733 842;A01;1;7;3;2;1;2;1;
69371;202200045007;733 846;B01;1;7;0;2;4;1;1;
69372;202200045008;733 841;A01;1;7;0;2;3;19;1;
69373;202200045008;733 843;B01;1;50;0;2;1;1;3;
69374;202200045009;733 838;B01;1;10;0;2;7;1;1;
69375;202200045009;733 840;A01;1;7;0;2;1;9;1;
69376;202200045009;733 844;C01;1;7;0;2;4;1;0;
69377;202200045010;733 836;B01;2;7;0;2;8;11;1;
69378;202200045010;733 839;A01;2;38;0;2;7;1;1;1.0
69379;202200045011;733 837;A01;0;7;0;1;2;0;0;
69380;202200045012;733 832;B01;1;10;0;2;1;1;3;
69381;202200045012;733 835;A01;1;10;0;2;4;4;1;
69382;202200045013;733 831;A01;3;33;4;0;1;1;1;
69383;202200045014;733 825;A01;2;7;0;2;3;13;1;
69384;202200045014;733 829;B01;1;7;0;2;3;1;1;
69385;202200045014;733 834;C01;1;99;0;2;1;1;1;
69386;202200045015;733 827;A01;1;7;2;2;1;18;1;
69387;202200045015;733 833;B01;1;7;0;2;7;16;1;
69388;202200045016;733 824;C01;1;7;0;0;0;0;1;
69389;202200045016;733 828;B01;1;7;0;0;0;0;1;
69390;202200045016;733 830;A01;1;30;0;0;4;1;1;
69391;202200045017;733 823;B01;1;1;0;2;1;1;5;
69392;202200045017;733 826;A01;1;7;0;2;1;9;1;
69393;202200045018;733 821;A01;1;7;0;2;2;12;1;
69394;202200045018;733 822;B01;1;7;0;2;8;1;1;
69395;202200045019;733 817;B01;2;99;0;2;1;13;1;
69396;202200045019;733 820;A01;2;7;0;2;8;15;1;
69397;202200045020;733 816;A01;0;7;2;0;0;26;1;
69398;202200045021;733 814;B01;0;7;0;0;0;0;0;
69399;202200045021;733 818;A01;0;30;0;0;8;1;0;
69400;202200045022;733 813;A01;2;10;0;2;1;2;1;
69401;202200045022;733 815;B01;2;7;0;2;1;2;1;
69402;202200045023;733 812;A01;1;7;0;2;1;1;1;
69403;202200045023;733 819;B01;1;10;0;2;2;1;1;
69404;202200045024;733 811;A01;2;30;0;0;0;9;1;
69405;202200045025;733 808;A01;1;34;0;1;2;1;1;
69406;202200045026;733 807;A01;2;17;0;2;4;23;1;
69407;202200045026;733 809;B01;2;14;1;0;2;9;1;
69408;202200045027;733 806;B01;1;30;0;2;2;1;1;
69409;202200045027;733 810;A01;1;7;0;2;3;1;1;
69410;202200045028;733 805;A01;1;7;7;0;3;14;1;
69411;202200045029;733 803;B01;0;7;0;2;2;1;1;
69412;202200045029;733 804;A01;0;7;0;2;2;5;1;
69413;202200045030;733 801;A01;2;3;15;0;1;13;1;
69414;202200045031;733 799;A01;1;7;4;2;1;2;1;
69415;202200045031;733 802;B01;1;7;0;2;1;1;2;
69416;202200045032;733 796;A01;1;10;0;2;7;15;1;
69417;202200045032;733 798;B01;2;2;0;2;1;1;1;
69418;202200045036;733 790;A01;1;31;6;2;1;1;1;
69419;202200045036;733 792;B01;1;10;6;2;6;1;1;
69420;202200045037;733 788;A01;2;1;0;0;0;1;5;
69421;202200045038;733 782;A01;1;10;0;2;1;1;1;
69422;202200045038;733 785;B01;1;7;0;2;4;1;1;
69423;202200045039;733 783;A01;1;7;0;2;7;15;1;
69424;202200045039;733 786;B01;2;1;0;2;0;1;5;
69425;202200045040;733 779;A01;0;2;0;0;0;14;1;
69426;202200045041;733 777;D01;1;7;14;0;4;23;1;
69427;202200045041;733 778;C01;1;7;14;0;4;23;1;
69428;202200045041;733 780;B01;2;10;14;0;0;23;1;
69429;202200045041;733 784;A01;1;7;14;0;1;2;1;
69430;202200045042;733 775;A01;1;7;2;0;2;14;1;
69431;202200045043;733 772;A01;1;10;0;2;6;1;1;
69432;202200045043;733 776;B01;1;7;0;2;2;12;1;
69433;202200045044;733 771;B01;3;50;0;2;0;0;3;
69434;202200045044;733 774;A01;3;7;0;2;5;1;1;
69435;202200045045;733 770;A01;2;50;0;0;0;25;3;
69436;202200045046;733 768;B01;1;7;0;0;2;1;2;
69437;202200045046;733 773;A01;1;43;0;2;3;3;1;
69438;202200045047;733 765;A01;2;7;0;1;1;1;1;
69439;202200045048;733 763;A01;1;7;3;0;0;0;1;
69440;202200045049;733 764;B01;1;31;0;2;2;1;1;
69441;202200045049;733 766;A01;1;7;0;2;8;21;1;
69442;202200045050;733 762;A01;1;7;0;1;7;1;1;
69443;202200045051;733 761;A01;2;7;0;1;1;2;1;
69444;202200045054;733 757;A01;2;7;4;0;9;1;1;
69445;202200045055;733 756;A01;0;3;4;0;0;0;1;
69446;202200045056;733 755;B01;2;7;0;2;3;2;1;
69447;202200045056;733 759;A01;1;2;0;2;1;5;1;
69448;202200045057;733 754;A01;3;40;0;1;1;26;3;
69449;202200045058;733 751;A01;2;7;3;0;9;1;1;
69450;202200045059;733 749;Z01;2;32;0;2;0;0;1;
69451;202200045059;733 752;A01;1;60;0;2;2;15;5;
69452;202200045060;733 750;A01;1;37;0;2;1;1;1;1.0
69453;202200045060;733 753;B01;1;30;0;2;1;17;1;
69454;202200045061;733 748;A01;2;7;13;0;9;15;1;
69455;202200045062;733 744;B01;3;7;0;0;3;0;1;
69456;202200045062;733 747;A01;2;7;0;0;6;9;1;
69457;202200045063;733 745;A01;1;2;1;0;2;1;1;
69458;202200045065;733 739;A01;0;7;2;0;1;26;1;
69459;202200045066;733 736;A01;3;31;0;2;2;26;1;
69460;202200045066;733 741;B01;3;7;0;2;3;19;1;
69461;202200045067;733 735;A01;1;7;0;2;1;16;1;
69462;202200045067;733 738;B01;2;80;0;2;7;19;3;
69463;202200045068;733 733;A01;1;7;0;2;1;19;1;
69464;202200045068;733 737;B01;1;7;0;2;3;1;1;
69465;202200045069;733 727;A01;1;1;0;2;1;2;5;
69466;202200045069;733 730;B01;1;1;0;0;4;2;5;
69467;202200045070;733 726;A01;1;30;0;0;0;26;1;
69468;202200045071;733 729;A01;1;32;0;1;1;1;1;
69469;202200045072;733 724;A01;2;7;0;2;1;2;1;
69470;202200045072;733 725;B01;2;7;0;0;4;2;1;
69471;202200045072;733 728;C01;2;7;0;2;4;2;1;
69472;202200045072;733 731;D01;2;7;0;2;4;2;1;
69473;202200045074;733 721;A01;3;2;0;0;8;1;1;
69474;202200045075;733 720;B01;2;7;0;2;3;15;1;
69475;202200045075;733 723;A01;1;33;0;2;1;17;1;
69476;202200045076;733 719;A01;1;7;2;0;0;13;1;
69477;202200045077;733 716;B01;1;7;0;2;4;1;1;
69478;202200045077;733 718;A01;1;7;0;2;1;1;1;
69479;202200045078;733 715;A01;2;7;4;0;1;1;1;
69480;202200045079;733 732;A01;1;7;0;2;1;2;1;
69481;202200045079;733 734;B01;1;1;0;0;4;13;5;
69482;202200045080;733 717;A01;1;50;0;1;1;9;3;
69483;202200045081;733 712;A01;1;7;0;2;1;13;1;
69484;202200045081;733 714;B01;1;7;0;2;8;1;1;
69485;202200045082;733 708;A01;1;17;13;0;0;1;1;
69486;202200045083;733 706;B01;3;1;0;2;1;0;0;
69487;202200045083;733 709;A01;1;7;0;2;2;0;1;
69488;202200045084;733 704;A01;2;2;0;2;1;1;1;
69489;202200045084;733 707;B01;1;7;0;2;7;15;1;
69490;202200045085;733 703;A01;0;7;0;2;2;15;1;
69491;202200045085;733 705;C01;0;7;0;2;8;1;1;
69492;202200045085;733 710;B01;0;7;0;2;8;1;1;
69493;202200045086;733 701;A01;2;1;0;1;1;1;5;
69494;202200045087;733 699;A01;3;30;8;0;1;1;1;
69495;202200045088;733 696;A01;2;7;3;2;3;5;1;
69496;202200045088;733 698;B01;1;7;0;2;3;1;1;
69497;202200045090;733 692;B01;2;2;0;2;0;1;1;
69498;202200045090;733 694;Z01;2;10;0;2;1;0;1;
69499;202200045091;733 690;A01;3;7;0;2;7;24;2;
69500;202200045091;733 693;B01;1;80;0;2;8;2;3;
69501;202200045092;733 689;A01;2;7;13;0;7;1;1;
69502;202200045093;733 687;A01;2;7;13;0;0;1;1;
69503;202200045094;733 682;A01;2;7;0;2;1;1;1;
69504;202200045094;733 686;B01;2;7;0;2;1;1;1;
69505;202200045095;733 683;A01;2;7;0;2;3;15;1;
69506;202200045095;733 685;B01;1;2;0;2;1;1;1;
69507;202200045096;733 680;C01;3;7;0;2;4;24;1;
69508;202200045096;733 684;B01;3;37;0;2;3;1;2;1.0
69509;202200045096;733 688;A01;3;7;0;2;2;1;1;
69510;202200045097;733 678;B01;1;7;0;2;4;2;1;
69511;202200045097;733 679;A01;1;7;0;2;1;1;1;
69512;202200045098;733 676;A01;2;33;0;2;1;1;1;
69513;202200045098;733 681;B01;3;7;0;2;3;16;1;
69514;202200045099;733 673;A01;1;33;1;0;0;1;1;
69515;202200045100;733 674;B01;1;50;0;2;1;19;3;
69516;202200045100;733 677;A01;1;7;0;2;3;16;1;
69517;202200045102;733 670;A01;1;80;0;0;0;1;3;
69518;202200045103;733 671;A01;2;7;6;0;2;14;1;
69519;202200045104;733 667;A01;3;7;0;0;1;26;1;
69520;202200045105;733 665;B01;1;7;0;2;1;1;1;
69521;202200045105;733 668;A01;2;7;11;2;7;13;1;
69522;202200045106;733 663;B01;2;7;0;2;1;1;1;
69523;202200045106;733 666;A01;1;80;0;2;8;1;3;
69524;202200045107;733 661;B01;2;14;0;2;1;1;1;
69525;202200045107;733 664;A01;1;7;0;2;7;13;1;
69526;202200045108;733 662;A01;1;7;4;0;1;12;1;
69527;202200045109;733 659;A01;1;7;0;2;1;1;1;
69528;202200045109;733 660;B01;2;99;0;2;2;5;3;
69529;202200045110;733 656;B01;1;7;0;9;4;23;1;
69530;202200045110;733 657;A01;1;2;0;2;1;2;1;
69531;202200045111;733 658;B01;2;7;0;0;5;15;1;
69532;202200045111;733 669;A01;2;33;0;2;1;1;1;
69533;202200045112;733 653;A01;2;7;8;0;1;13;1;
69534;202200045114;733 650;A01;1;7;1;0;1;13;1;
69535;202200045116;733 648;A01;1;7;13;0;8;13;1;
69536;202200045117;733 647;B01;3;7;0;2;1;1;1;
69537;202200045117;733 652;A01;3;7;8;2;7;19;1;
69538;202200045118;733 646;A01;1;80;0;0;0;1;3;
69539;202200045119;733 640;A01;1;7;0;2;1;1;1;
69540;202200045119;733 645;B01;2;7;0;2;1;1;1;
69541;202200045120;733 641;A01;1;7;13;2;3;13;1;
69542;202200045120;733 643;B01;2;7;0;2;3;1;1;
69543;202200045121;733 639;A01;1;99;0;1;1;16;3;
69544;202200045122;733 638;A01;2;7;0;2;3;13;1;
69545;202200045122;733 642;B01;1;7;0;2;3;1;1;
69546;202200045123;733 636;A01;1;30;12;0;1;14;1;
69547;202200045124;733 635;A01;1;7;0;2;1;1;1;
69548;202200045124;733 637;B01;1;7;0;2;4;23;1;
69549;202200045125;733 634;A01;1;7;6;0;1;13;2;
69550;202200045127;733 631;B01;0;33;0;2;1;1;1;
69551;202200045127;733 632;A01;3;7;0;2;3;9;1;
69552;202200045128;733 628;A01;3;2;0;0;0;0;0;
69553;202200045131;733 623;B01;1;30;0;2;4;1;1;
69554;202200045131;733 625;A01;1;7;0;2;1;1;1;
69555;202200045132;733 622;A01;1;7;4;0;1;1;1;
69556;202200045133;733 617;A01;3;50;0;0;0;1;3;
69557;202200045134;733 618;B01;3;33;0;2;1;17;1;
69558;202200045134;733 621;A01;0;33;0;2;6;15;1;
69559;202200045135;733 616;A01;3;7;0;1;1;0;1;
69560;202200045136;733 619;Z01;1;7;0;2;8;22;1;
69561;202200045136;733 620;B01;1;2;0;2;1;1;1;
69562;202200045137;733 614;A01;2;31;0;0;0;0;1;
69563;202200045138;733 613;A01;1;2;0;-1;0;1;1;
69564;202200045139;733 612;A01;3;36;13;0;1;0;1;
69565;202200045140;733 615;A01;2;7;13;0;2;1;1;
69566;202200045142;733 609;B01;2;33;0;2;1;1;1;
69567;202200045142;733 611;A01;1;7;0;2;1;13;1;
69568;202200045143;733 605;A01;2;7;0;0;1;1;1;
69569;202200045144;733 606;A01;2;7;9;0;1;1;1;
69570;202200045145;733 604;A01;2;7;0;2;2;19;1;
69571;202200045145;733 608;B01;1;7;0;2;1;15;1;
69572;202200045147;733 600;A01;0;10;0;2;1;1;1;
69573;202200045147;733 603;B01;3;7;0;2;6;15;1;
69574;202200045148;733 598;A01;1;7;2;0;7;1;1;
69575;202200045151;733 593;A01;2;7;0;2;2;15;1;
69576;202200045151;733 595;B01;3;80;0;2;5;16;3;
69577;202200045152;733 590;B01;2;7;0;0;4;2;1;
69578;202200045152;733 594;A01;2;7;0;2;1;1;1;
69579;202200045153;733 589;B01;2;80;0;0;4;2;3;
69580;202200045153;733 592;A01;2;7;0;2;1;2;1;
69581;202200045154;733 587;A01;2;1;0;2;2;1;5;
69582;202200045154;733 591;B01;2;2;0;2;3;1;1;
69583;202200045155;733 585;B01;2;7;0;2;1;1;1;
69584;202200045155;733 588;A01;1;7;0;2;1;9;1;
69585;202200045156;733 584;A01;1;30;0;2;3;17;1;
69586;202200045156;733 586;B01;2;7;0;2;3;1;1;
69587;202200045158;733 582;A01;3;7;2;0;3;2;1;
69588;202200045159;733 578;Z01;1;1;0;1;6;1;5;
69589;202200045160;733 581;B01;3;33;0;2;5;1;1;
69590;202200045160;733 583;A01;0;7;0;2;2;19;1;
69591;202200045161;733 574;A01;1;33;0;0;8;1;1;
69592;202200045162;733 571;A01;2;7;0;1;3;1;1;
69593;202200045164;733 569;A01;1;33;0;2;2;17;1;
69594;202200045164;733 573;B01;1;7;0;2;3;2;1;
69595;202200045165;733 568;B01;3;2;0;2;8;1;1;
69596;202200045165;733 572;A01;3;7;0;2;8;13;1;
69597;202200045167;733 563;A01;3;7;0;5;3;1;1;
69598;202200045168;733 562;A01;2;7;0;2;2;9;1;
69599;202200045168;733 566;B01;2;1;0;2;7;16;5;
69600;202200045169;733 560;A01;0;7;0;0;0;1;1;
69601;202200045170;733 558;A01;2;33;0;0;7;17;1;
69602;202200045173;733 555;A01;3;7;0;2;7;15;0;
69603;202200045173;733 557;B01;3;7;0;2;1;1;0;
69604;202200045174;733 553;A01;2;7;6;0;3;13;1;
69605;202200045175;733 552;A01;1;7;1;0;1;1;1;
69606;202200045176;733 551;B01;2;32;0;2;1;17;1;
69607;202200045176;733 554;A01;2;7;0;2;3;15;1;
69608;202200045177;733 547;B01;1;33;0;2;1;26;1;
69609;202200045177;733 550;A01;2;7;0;0;8;26;1;
69610;202200045178;733 546;A01;2;14;0;1;6;4;1;
69611;202200045179;733 545;B01;1;10;0;2;2;0;1;
69612;202200045179;733 548;A01;1;50;0;2;0;0;3;
69613;202200045180;733 543;A01;1;37;0;2;2;7;1;3.0
69614;202200045180;733 549;B01;0;7;0;2;5;19;1;
69615;202200045181;733 544;A01;1;7;0;1;7;9;1;
69616;202200045182;733 538;Z01;3;1;0;2;0;0;5;
69617;202200045182;733 539;B01;3;1;0;2;0;13;5;
69618;202200045184;733 537;B01;2;7;0;2;8;15;1;
69619;202200045184;733 542;A01;1;2;0;2;1;17;1;
69620;202200045185;733 535;B01;2;1;0;2;8;1;5;
69621;202200045185;733 540;A01;1;7;0;2;3;17;1;
69622;202200045186;733 532;B01;1;33;0;2;1;17;1;
69623;202200045186;733 534;A01;1;7;0;9;3;15;1;
69624;202200045187;733 531;A01;1;7;8;0;2;2;1;
69625;202200045188;733 529;A01;2;7;0;2;6;1;1;
69626;202200045188;733 533;B01;1;31;0;2;6;2;1;
69627;202200045189;733 526;B01;2;7;0;2;3;9;1;
69628;202200045189;733 528;A01;2;30;0;2;3;1;1;
69629;202200045190;733 525;A01;3;1;0;2;2;1;5;
69630;202200045190;733 527;B01;3;50;0;2;3;1;3;
69631;202200045191;733 521;B01;2;7;0;2;6;1;1;
69632;202200045191;733 523;A01;1;7;0;2;3;19;1;
69633;202200045192;733 520;B01;1;33;0;2;8;26;1;
69634;202200045192;733 524;A01;1;7;0;2;3;9;1;
69635;202200045193;733 519;A01;2;7;0;2;1;16;1;
69636;202200045193;733 522;B01;1;50;0;2;1;16;3;
69637;202200045194;733 517;B01;3;1;0;2;8;2;5;
69638;202200045194;733 518;A01;1;7;0;9;7;2;1;
69639;202200045195;733 516;A01;3;7;0;1;2;1;1;
69640;202200045196;733 515;A01;3;7;13;0;0;1;1;
69641;202200045197;733 514;A01;0;7;12;2;2;1;1;
69642;202200045198;733 513;A01;1;7;2;0;2;1;1;
69643;202200045199;733 509;B01;1;10;0;0;6;2;1;
69644;202200045199;733 511;A01;1;2;0;2;1;2;1;
69645;202200045200;733 510;B01;2;31;0;2;1;7;1;
69646;202200045200;733 512;A01;2;7;0;2;5;16;1;
69647;202200045201;733 507;A01;3;7;0;2;7;15;1;
69648;202200045201;733 508;B01;1;33;0;2;1;1;1;
69649;202200045202;733 506;A01;1;33;0;6;1;1;1;
69650;202200045203;733 505;A01;3;7;0;1;4;20;1;
69651;202200045204;733 503;A01;2;7;6;0;1;15;1;
69652;202200045205;733 501;A01;1;33;2;0;1;1;1;
69653;202200045206;733 502;A01;2;7;0;2;3;15;1;
69654;202200045206;733 504;B01;1;1;0;2;1;1;5;
69655;202200045208;733 496;B01;2;80;0;2;1;1;3;
69656;202200045208;733 499;A01;1;7;0;2;2;15;1;
69657;202200045209;733 495;A01;0;7;0;0;1;0;1;
69658;202200045212;733 487;A01;3;7;0;2;2;15;1;
69659;202200045212;733 489;B01;0;7;0;2;1;26;1;
69660;202200045214;733 485;D01;1;7;0;0;4;2;1;
69661;202200045214;733 491;C01;1;33;0;2;1;2;1;
69662;202200045214;733 494;B01;1;33;0;2;1;2;1;
69663;202200045214;733 497;A01;1;33;0;2;1;2;1;
69664;202200045215;733 484;A01;1;7;0;2;1;0;1;
69665;202200045215;733 486;B01;1;7;0;2;4;15;1;
69666;202200045216;733 480;B01;1;7;0;2;5;1;1;
69667;202200045216;733 481;A01;1;31;0;2;1;3;1;
69668;202200045216;733 483;C01;1;10;0;2;9;1;1;
69669;202200045217;733 478;A01;2;7;0;2;8;9;1;
69670;202200045217;733 479;B01;2;2;0;2;1;1;1;
69671;202200045218;733 482;A01;2;7;14;0;3;21;1;
69672;202200045219;733 475;A01;2;15;0;2;1;12;1;
69673;202200045219;733 476;B01;2;7;0;2;4;2;1;
69674;202200045219;733 477;C01;2;7;0;2;9;2;1;
69675;202200045220;733 473;A01;1;37;0;1;0;15;1;1.0
69676;202200045221;733 472;B01;1;7;0;2;2;1;1;
69677;202200045221;733 474;A01;1;43;0;2;1;3;1;
69678;202200045222;733 470;A01;1;10;0;2;8;11;1;
69679;202200045222;733 471;B01;1;33;0;2;7;1;1;
69680;202200045223;733 467;A01;2;17;3;0;8;26;1;
69681;202200045224;733 469;A01;1;31;0;0;8;1;1;
69682;202200045225;733 466;B01;1;33;0;2;8;1;1;
69683;202200045225;733 468;A01;1;7;0;2;5;15;1;
69684;202200045226;733 464;B01;2;10;0;2;5;2;1;
69685;202200045226;733 465;A01;2;32;0;2;1;11;1;
69686;202200045227;733 460;A01;1;7;0;2;1;15;1;
69687;202200045227;733 463;B01;1;50;0;2;1;19;3;
69688;202200045228;733 457;A01;2;33;0;2;3;1;1;
69689;202200045228;733 459;B01;2;7;0;2;7;2;1;
69690;202200045228;733 461;Z01;2;7;0;2;4;1;0;
69691;202200045230;733 455;A01;1;7;0;2;3;1;1;
69692;202200045230;733 456;B01;3;60;0;2;1;19;5;
69693;202200045231;733 451;A01;2;7;0;2;1;1;1;
69694;202200045231;733 453;B01;2;7;0;2;4;1;1;
69695;202200045231;733 454;C01;2;7;0;2;4;1;0;
69696;202200045232;733 450;B01;3;10;0;2;4;1;1;
69697;202200045232;733 452;A01;3;10;0;2;1;1;1;
69698;202200045233;733 449;A01;1;7;3;0;1;14;1;
69699;202200045234;733 447;Z01;1;10;0;2;1;1;1;
69700;202200045234;733 448;A01;1;10;0;2;4;2;1;
69701;202200045237;733 438;A01;1;10;0;1;1;0;1;
69702;202200045238;733 437;E01;2;7;0;2;1;2;1;
69703;202200045238;733 439;D01;2;7;0;2;4;2;1;
69704;202200045238;733 441;C01;2;7;0;2;4;2;1;
69705;202200045238;733 443;B01;2;7;0;2;4;2;1;
69706;202200045238;733 444;A01;2;7;0;2;1;2;1;
69707;202200045239;733 436;A01;0;33;3;0;8;1;1;
69708;202200045240;733 434;A01;2;33;0;1;0;17;1;
69709;202200045241;733 431;B01;1;50;0;2;3;1;3;
69710;202200045241;733 432;A01;1;10;0;2;2;19;0;
69711;202200045242;733 430;A01;1;7;0;2;8;19;1;
69712;202200045242;733 433;B01;1;7;0;2;1;1;1;
69713;202200045243;733 429;A01;1;7;0;1;1;2;1;
69714;202200045244;733 425;B01;2;32;0;2;2;1;1;
69715;202200045244;733 428;A01;1;7;0;2;3;15;1;
69716;202200045245;733 426;A01;2;7;0;2;7;12;1;
69717;202200045245;733 427;B01;2;37;0;2;3;0;1;1.0
69718;202200045246;733 421;B01;1;31;0;2;1;0;1;
69719;202200045246;733 423;A01;1;17;0;2;6;23;1;
69720;202200045247;733 422;B01;1;7;0;2;0;0;1;
69721;202200045247;733 424;A01;1;31;0;2;1;17;1;
69722;202200045248;733 419;A01;1;32;0;1;1;9;0;
69723;202200045249;733 418;A01;3;7;2;0;1;1;1;
69724;202200045250;733 420;A01;1;7;0;1;1;1;1;
69725;202200045251;733 416;A01;2;3;1;0;2;1;1;
69726;202200045252;733 414;B01;2;7;0;2;2;12;1;
69727;202200045252;733 417;A01;2;31;0;2;3;18;1;
69728;202200045253;733 411;A01;2;7;0;1;3;1;1;
69729;202200045254;733 410;A01;1;7;0;2;3;9;1;
69730;202200045254;733 412;B01;3;1;0;2;2;1;5;
69731;202200045255;733 413;A01;2;10;0;2;1;1;1;
69732;202200045255;733 415;B01;2;7;0;2;4;1;1;
69733;202200045256;733 406;A01;0;1;6;0;1;1;5;
69734;202200045257;733 408;B01;0;50;0;2;1;5;3;
69735;202200045257;733 409;A01;1;7;0;2;0;0;0;
69736;202200045258;733 405;A01;3;30;0;2;1;19;1;
69737;202200045258;733 407;B01;3;7;0;2;5;19;1;
69738;202200045259;733 402;B01;1;10;0;2;0;0;1;
69739;202200045259;733 403;A01;1;7;0;2;6;15;1;
69740;202200045260;733 404;A01;1;33;0;2;0;21;1;
69741;202200045261;733 400;A01;1;7;0;2;1;9;1;
69742;202200045261;733 401;B01;1;2;0;2;1;1;1;
69743;202200045262;733 399;A01;1;1;6;0;1;1;5;
69744;202200045263;733 397;B01;2;7;0;2;1;15;0;
69745;202200045263;733 398;A01;1;2;0;2;1;1;1;
69746;202200045264;733 394;A01;3;34;0;2;1;0;1;
69747;202200045264;733 395;B01;3;7;0;2;6;2;1;
69748;202200045265;733 393;B01;3;1;0;2;1;0;5;
69749;202200045265;733 396;A01;3;37;0;2;3;9;1;1.0
69750;202200045266;733 391;B01;2;1;0;2;1;1;5;
69751;202200045266;733 392;A01;1;10;0;2;3;15;1;
69752;202200045267;733 389;A01;1;10;6;0;1;1;1;
69753;202200045268;733 385;A01;1;10;0;2;2;1;1;
69754;202200045268;733 387;B01;2;1;0;2;1;1;5;
69755;202200045269;733 386;A01;1;40;0;1;1;1;3;
69756;202200045270;733 383;A01;1;33;0;0;0;21;1;
69757;202200045271;733 379;A01;1;7;0;2;5;12;1;
69758;202200045271;733 381;B01;2;31;0;2;1;1;1;
69759;202200045271;733 382;C01;2;7;0;2;7;1;1;
69760;202200045271;733 384;D01;2;33;0;2;3;11;1;
69761;202200045273;733 373;D01;1;7;0;2;1;17;1;
69762;202200045273;733 375;C01;1;7;0;2;1;17;1;
69763;202200045273;733 376;B01;1;7;0;2;1;17;1;
69764;202200045273;733 377;A01;1;7;0;9;4;17;1;
69765;202200045274;733 372;A01;1;30;0;2;8;13;1;
69766;202200045274;733 374;B01;1;7;0;2;5;1;1;
69767;202200045275;733 370;B01;1;7;0;2;6;16;1;
69768;202200045275;733 371;A01;1;7;0;2;2;2;1;
69769;202200045276;733 368;Z01;2;7;0;2;1;2;1;
69770;202200045276;733 369;A01;2;7;0;2;4;20;1;
69771;202200045277;733 366;A01;1;32;0;2;2;17;1;
69772;202200045278;733 363;B01;1;7;0;2;1;0;1;
69773;202200045278;733 365;A01;1;7;0;2;6;0;1;
69774;202200045278;733 367;C01;1;10;0;2;0;0;1;
69775;202200045279;733 362;A01;3;37;0;2;1;16;1;1.0
69776;202200045279;733 364;B01;3;50;0;2;8;9;3;
69777;202200045280;733 361;Z01;0;7;0;1;1;17;0;
69778;202200045281;733 360;A01;1;50;0;0;8;9;3;
69779;202200045282;733 357;A01;1;10;0;2;4;2;1;
69780;202200045282;733 359;B01;1;30;0;2;0;0;1;
69781;202200045283;733 353;A01;1;37;0;1;2;26;1;1.0
69782;202200045285;733 348;B01;2;1;0;2;1;26;5;
69783;202200045285;733 349;A01;2;7;0;2;3;15;1;
69784;202200045286;733 347;A01;3;7;0;1;1;1;1;
69785;202200045287;733 344;Z01;2;7;0;2;2;9;0;
69786;202200045287;733 346;B01;2;2;0;2;7;1;1;
69787;202200045289;733 341;A01;2;7;1;2;3;24;1;
69788;202200045289;733 343;B01;2;50;0;2;0;2;3;
69789;202200045291;733 336;B01;2;2;0;2;7;9;1;
69790;202200045291;733 338;A01;2;7;0;2;3;1;1;
69791;202200045292;733 335;B01;2;7;0;2;5;16;1;
69792;202200045292;733 339;A01;2;7;0;2;3;7;1;
69793;202200045293;733 334;A01;2;31;11;0;1;21;0;
69794;202200045294;733 332;A01;2;37;0;1;3;2;1;1.0
69795;202200045295;733 330;B01;2;7;0;2;8;1;1;
69796;202200045295;733 333;A01;1;7;0;2;1;15;1;
69797;202200045297;733 327;A01;1;10;0;0;1;1;3;
69798;202200045297;733 329;B01;1;7;0;0;4;23;2;
69799;202200045298;733 322;A01;2;7;0;2;1;1;1;
69800;202200045298;733 324;C01;2;7;0;2;4;1;1;
69801;202200045298;733 325;B01;2;7;0;0;0;0;1;
69802;202200045300;733 321;A01;1;50;0;1;3;1;3;
69803;202200045301;733 319;A01;1;10;0;1;2;19;1;
69804;202200045302;733 317;A01;1;7;0;2;2;9;1;
69805;202200045302;733 318;B01;1;50;0;2;1;1;3;
69806;202200045303;733 316;A01;1;30;0;1;1;1;1;
69807;202200045304;733 313;A01;1;7;0;2;5;15;1;
69808;202200045304;733 315;B01;1;7;0;2;1;1;1;
69809;202200045305;733 312;A01;0;10;0;2;8;15;1;
69810;202200045305;733 314;B01;0;32;0;2;7;17;1;
69811;202200045306;733 311;Z01;2;1;0;1;1;25;5;
69812;202200045307;733 308;A01;3;7;0;9;2;9;1;
69813;202200045307;733 310;B01;3;1;0;2;2;25;5;
69814;202200045308;733 309;A01;1;33;0;1;1;2;1;
69815;202200045309;733 306;B01;1;2;0;2;1;1;1;
69816;202200045309;733 307;A01;1;7;0;2;3;9;1;
69817;202200045311;733 303;A01;1;7;9;0;1;1;1;
69818;202200045312;733 304;A01;1;7;0;1;1;2;1;
69819;202200045313;733 300;A01;2;7;6;2;1;19;1;
69820;202200045313;733 302;B01;2;7;1;2;3;19;1;
69821;202200045314;733 299;A01;2;7;0;1;2;1;1;
69822;202200045315;733 297;A01;1;7;0;2;6;15;1;
69823;202200045315;733 301;B01;1;2;0;2;2;17;1;
69824;202200045316;733 298;A01;1;7;0;1;7;20;1;
69825;202200045317;733 295;B01;1;7;0;2;3;15;3;
69826;202200045317;733 296;A01;1;30;0;2;7;17;1;
69827;202200045318;733 292;A01;3;17;0;4;3;9;1;