;Num_Acc;id_vehicule;num_veh;senc;catv;obs;obsm;choc;manv;motor;occutc
70750;202200045915;732 212;B01;2;50;0;0;8;19;3;
70751;202200045915;732 217;A01;2;7;0;2;2;1;1;
70752;202200045916;732 208;A01;2;7;6;1;4;23;1;
70753;202200045917;732 207;A01;2;7;1;1;2;21;1;
70754;202200045917;732 209;B01;1;7;1;2;0;13;1;
70755;202200045918;732 205;A01;1;7;0;2;7;1;0;
70756;202200045919;732 203;A01;3;7;0;1;1;26;1;
70757;202200045920;732 202;A01;1;7;0;1;0;26;1;
70758;202200045921;732 204;A01;1;7;0;2;2;15;3;
70759;202200045921;732 206;B01;2;2;0;2;1;1;1;
70760;202200045922;732 200;B01;2;7;0;2;1;1;1;
70761;202200045922;732 201;A01;1;7;0;2;1;13;1;
70762;202200045923;732 199;A01;1;31;0;6;1;1;1;
70763;202200045924;732 198;A01;2;7;0;1;1;16;1;
70764;202200045925;732 196;A01;2;7;0;0;3;13;1;
70765;202200045925;732 197;B01;2;50;0;0;0;0;-1;
70766;202200045926;732 193;A01;1;7;0;1;1;1;1;
70767;202200045927;732 192;A01;2;33;0;1;8;0;1;
70768;202200045928;732 191;C01;2;7;8;2;8;1;1;
70769;202200045928;732 194;B01;1;7;0;2;7;1;1;
70770;202200045928;732 195;A01;1;7;0;2;1;19;1;
70771;202200045930;732 188;B01;0;1;0;0;7;2;5;
70772;202200045930;732 190;Z01;0;7;0;2;0;0;1;
70773;202200045931;732 186;A01;3;7;0;1;4;24;1;
70774;202200045932;732 184;B01;1;7;0;2;1;1;1;
70775;202200045932;732 187;A01;2;7;4;2;1;14;1;
70776;202200045934;732 180;A01;3;31;0;2;2;17;1;
70777;202200045934;732 182;B01;3;7;0;2;1;15;1;
70778;202200045935;732 179;B01;1;33;0;2;1;1;1;
70779;202200045935;732 181;A01;2;7;0;2;8;19;1;
70780;202200045936;732 176;B01;0;2;0;2;0;0;1;
70781;202200045936;732 178;A01;1;50;0;2;0;25;3;
70782;202200045937;732 175;A01;1;7;2;0;8;0;3;
70783;202200045938;732 174;B01;1;7;0;2;2;2;1;
70784;202200045938;732 177;A01;1;1;0;2;0;2;5;
70785;202200045939;732 171;Z01;1;7;0;1;2;0;0;
70786;202200045940;732 170;A01;1;7;0;2;2;1;1;
70787;202200045940;732 173;B01;2;50;0;2;8;19;3;
70788;202200045941;732 169;B01;1;7;0;0;3;1;1;
70789;202200045941;732 172;A01;2;7;0;0;3;5;1;
70790;202200045942;732 166;A01;3;1;0;2;1;5;5;
70791;202200045942;732 168;B01;3;7;0;2;1;1;1;
70792;202200045943;732 165;A01;1;7;16;0;9;1;1;
70793;202200045944;732 164;B01;1;1;0;2;1;1;5;
70794;202200045944;732 167;A01;2;31;0;2;3;15;1;
70795;202200045945;732 160;B01;2;7;0;2;3;16;1;
70796;202200045945;732 163;A01;1;50;0;2;1;1;3;
70797;202200045946;732 159;B01;3;30;0;2;8;1;1;
70798;202200045946;732 162;A01;3;33;0;2;6;5;0;
70799;202200045947;732 156;A01;1;2;0;1;1;1;1;
70800;202200045948;732 154;A01;1;7;0;1;2;16;1;
70801;202200045949;732 150;A01;1;7;0;2;1;16;1;
70802;202200045949;732 151;B01;1;2;0;2;1;0;1;
70803;202200045950;732 148;A01;1;7;8;0;3;0;1;
70804;202200045951;732 147;A01;1;7;0;0;0;9;1;
70805;202200045951;732 149;B01;1;17;0;0;1;21;6;
70806;202200045951;732 152;C01;1;13;4;0;8;21;6;
70807;202200045951;732 153;D01;1;17;4;2;8;21;1;
70808;202200045951;732 155;E01;1;7;0;2;6;1;1;
70809;202200045951;732 157;F01;1;7;0;0;3;1;1;
70810;202200045951;732 158;G01;1;7;0;0;3;1;1;
70811;202200045951;732 161;H01;1;7;0;0;1;0;3;
70812;202200045952;732 146;A01;1;7;13;0;1;1;1;
70813;202200045953;732 144;A01;2;31;8;0;8;13;1;
70814;202200045954;732 143;A01;0;37;0;2;8;13;1;1.0
70815;202200045954;732 145;B01;0;2;0;2;8;3;1;
70816;202200045955;732 139;B01;1;14;0;2;2;1;1;
70817;202200045955;732 142;A01;1;7;0;2;1;19;1;
70818;202200045956;732 138;B01;1;7;0;4;3;10;1;
70819;202200045956;732 141;A01;1;40;0;2;1;1;3;
70820;202200045957;732 136;B01;2;2;0;2;1;1;1;
70821;202200045957;732 137;A01;2;7;0;2;7;16;1;
70822;202200045958;732 134;B01;1;7;0;2;2;2;1;
70823;202200045958;732 135;A01;3;7;0;2;3;20;1;
70824;202200045959;732 133;B01;-1;7;0;2;3;1;1;
70825;202200045959;732 140;A01;-1;7;0;2;8;1;1;
70826;202200045960;732 130;B01;1;7;14;2;8;1;1;
70827;202200045960;732 132;A01;1;7;0;2;2;1;1;
70828;202200045961;732 129;B01;3;10;0;2;8;1;1;
70829;202200045961;732 131;A01;3;31;0;2;3;13;1;
70830;202200045962;732 126;B01;2;33;0;2;2;1;1;
70831;202200045962;732 128;A01;1;7;0;2;3;15;1;
70832;202200045963;732 127;A01;2;7;13;0;2;1;1;
70833;202200045964;732 125;A01;2;32;0;1;1;1;1;
70834;202200045965;732 123;A01;2;2;0;1;1;1;1;
70835;202200045967;732 122;A01;2;7;0;2;1;15;1;
70836;202200045967;732 124;B01;1;7;0;2;3;1;1;
70837;202200045968;732 119;A01;2;7;0;1;3;1;3;
70838;202200045969;732 117;A01;3;33;12;0;7;1;1;
70839;202200045971;732 113;C01;1;7;0;2;4;2;1;
70840;202200045971;732 116;B01;1;7;0;2;1;2;1;
70841;202200045971;732 118;A01;1;7;0;2;1;2;1;
70842;202200045972;732 112;A01;0;1;0;2;1;19;5;
70843;202200045972;732 114;B01;0;2;0;2;1;1;1;
70844;202200045973;732 111;A01;2;7;7;0;2;1;1;
70845;202200045974;732 109;A01;1;7;8;0;8;14;1;
70846;202200045975;732 106;A01;2;7;0;2;2;15;1;
70847;202200045975;732 108;B01;1;7;0;2;1;1;1;
70848;202200045976;732 105;A01;3;10;0;1;2;1;1;
70849;202200045977;732 102;A01;2;50;0;2;1;19;3;
70850;202200045977;732 104;B01;2;7;0;2;7;9;1;
70851;202200045978;732 101;B01;1;7;0;2;6;2;1;
70852;202200045978;732 103;A01;1;7;0;2;2;2;1;
70853;202200045981;732 093;B01;0;7;0;2;1;1;1;
70854;202200045981;732 094;A01;0;7;0;2;1;5;1;
70855;202200045982;732 095;B01;1;7;0;2;3;1;1;
70856;202200045982;732 097;A01;2;7;0;2;3;1;1;
70857;202200045983;732 092;A01;2;7;0;1;2;1;1;
70858;202200045984;732 091;A01;2;50;6;0;0;0;3;
70859;202200045985;732 088;A01;1;32;0;2;1;2;1;
70860;202200045985;732 090;B01;1;7;0;2;3;15;2;
70861;202200045986;732 087;A01;1;10;0;2;0;15;0;
70862;202200045986;732 089;B01;1;31;0;2;0;0;1;
70863;202200045987;732 082;B01;2;10;0;2;0;1;1;
70864;202200045987;732 084;A01;1;7;0;2;1;1;1;
70865;202200045988;732 081;A01;2;7;0;2;1;9;1;
70866;202200045988;732 083;B01;1;7;0;2;7;1;2;
70867;202200045989;732 080;A01;2;7;0;1;2;1;2;
70868;202200045990;732 078;A01;1;7;0;2;2;14;1;
70869;202200045991;732 077;B01;2;7;0;2;5;1;1;
70870;202200045991;732 079;A01;3;2;0;2;1;1;1;
70871;202200045992;732 075;A01;2;7;0;2;1;2;1;
70872;202200045992;732 076;B01;2;7;0;2;4;1;1;
70873;202200045993;732 073;A01;1;7;0;2;3;13;1;
70874;202200045993;732 074;B01;2;7;0;2;3;1;1;
70875;202200045994;732 071;A01;3;10;0;1;1;1;0;
70876;202200045995;732 070;B01;2;15;0;2;2;1;1;
70877;202200045995;732 072;A01;1;7;3;2;5;5;1;
70878;202200045996;732 068;A01;2;7;0;2;1;2;1;
70879;202200045996;732 069;B01;2;33;0;2;8;2;1;
70880;202200045997;732 066;B01;3;80;0;2;8;0;3;
70881;202200045997;732 067;A01;3;1;0;2;1;0;5;
70882;202200045998;732 063;B01;1;10;0;2;8;15;1;
70883;202200045998;732 065;A01;1;33;0;2;1;17;1;
70884;202200045999;732 062;A01;2;7;0;2;3;1;1;
70885;202200045999;732 064;B01;0;60;0;2;8;26;5;
70886;202200046000;732 061;A01;1;7;0;1;2;16;1;
70887;202200046001;732 057;B01;2;10;0;2;1;2;1;
70888;202200046001;732 059;A01;1;7;4;2;4;26;1;
70889;202200046002;732 056;B01;1;31;0;2;1;1;1;
70890;202200046002;732 060;A01;1;7;0;2;6;16;1;
70891;202200046004;732 052;A01;2;33;0;1;2;1;1;
70892;202200046005;732 049;B01;1;34;0;2;2;17;1;
70893;202200046005;732 051;A01;1;7;0;2;8;13;1;
70894;202200046006;732 048;C01;1;7;0;2;3;1;1;
70895;202200046006;732 054;B01;1;7;0;2;1;1;1;
70896;202200046006;732 058;A01;2;7;0;2;3;13;1;
70897;202200046007;732 047;A01;2;7;0;2;1;1;0;
70898;202200046007;732 050;B01;2;7;0;2;4;2;0;
70899;202200046008;732 045;B01;3;7;0;2;3;17;1;
70900;202200046008;732 046;A01;3;7;0;2;3;26;1;
70901;202200046009;732 044;A01;0;41;1;0;1;1;3;
70902;202200046010;732 042;B01;1;7;0;2;1;1;1;
70903;202200046010;732 043;A01;2;7;0;2;3;13;1;
70904;202200046011;732 040;A01;1;33;0;1;1;26;0;
70905;202200046012;732 039;A01;2;7;0;2;1;15;1;
70906;202200046012;732 041;B01;2;80;0;2;8;1;3;
70907;202200046013;732 037;A01;3;7;1;0;3;15;1;
70908;202200046014;732 036;B01;2;7;0;9;4;0;0;
70909;202200046014;732 038;A01;2;7;0;2;1;26;1;
70910;202200046015;732 035;A01;2;7;0;1;7;1;1;
70911;202200046016;732 032;B01;0;1;0;0;8;19;5;
70912;202200046016;732 034;A01;3;7;0;2;2;19;1;
70913;202200046017;732 031;B01;0;7;0;2;1;15;1;
70914;202200046017;732 033;A01;3;32;0;2;0;9;1;
70915;202200046018;732 030;A01;3;50;0;1;2;1;3;
70916;202200046019;732 028;A01;1;7;0;2;1;1;1;
70917;202200046019;732 029;B01;1;7;0;0;0;11;0;
70918;202200046020;732 026;A01;2;7;0;2;3;10;1;
70919;202200046020;732 027;B01;2;7;0;2;2;17;1;
70920;202200046021;732 025;A01;0;7;0;1;1;1;1;
70921;202200046022;732 024;A01;1;7;2;0;8;1;1;
70922;202200046024;732 021;B01;2;7;0;2;2;21;1;
70923;202200046024;732 022;A01;1;7;0;2;2;17;1;
70924;202200046025;732 020;A01;2;7;0;1;4;4;1;
70925;202200046027;732 018;B01;2;7;0;2;5;15;1;
70926;202200046027;732 019;A01;1;30;0;2;1;26;1;
70927;202200046028;732 015;A01;3;7;0;2;6;15;2;
70928;202200046028;732 016;B01;3;1;0;2;1;1;5;
70929;202200046029;732 012;A01;3;7;0;2;1;11;1;
70930;202200046029;732 014;Z01;3;7;0;2;4;0;0;
70931;202200046030;732 010;C01;2;7;0;2;1;1;1;
70932;202200046030;732 011;B01;1;7;13;2;5;15;1;
70933;202200046030;732 013;A01;1;7;0;0;3;23;1;
70934;202200046032;732 008;A01;3;7;0;1;1;1;1;
70935;202200046033;732 005;A01;1;7;0;2;3;9;1;
70936;202200046033;732 007;B01;1;33;0;2;7;2;1;
70937;202200046034;732 004;A01;1;10;0;1;4;20;3;
70938;202200046035;732 003;A01;1;50;0;2;1;1;3;
70939;202200046035;732 006;B01;1;7;0;2;6;1;1;
70940;202200046037;732 000;A01;1;7;0;2;3;15;1;
70941;202200046037;732 002;B01;2;10;0;2;1;17;1;
70942;202200046038;731 999;A01;1;33;16;0;7;21;1;
70943;202200046039;731 998;A01;2;33;0;0;0;1;1;
70944;202200046040;731 996;A01;2;10;0;2;7;11;1;
70945;202200046040;731 997;B01;2;33;0;2;7;1;1;
70946;202200046041;731 994;A01;1;3;0;0;0;1;1;
70947;202200046042;731 993;B01;3;50;0;2;3;19;3;
70948;202200046042;731 995;A01;1;7;0;2;2;1;1;
70949;202200046043;731 990;A01;1;0;0;2;3;19;5;
70950;202200046043;731 992;Z01;1;17;0;2;7;16;1;
70951;202200046044;731 987;B01;1;33;0;2;1;1;1;
70952;202200046044;731 989;A01;3;7;0;2;3;9;1;
70953;202200046045;731 986;A01;2;7;0;2;3;13;1;
70954;202200046045;731 988;B01;1;7;0;2;8;1;1;
70955;202200046045;731 991;C01;1;7;0;2;3;1;1;
70956;202200046046;731 985;A01;1;33;0;1;1;2;1;
70957;202200046047;731 983;A01;1;7;13;0;2;1;1;
70958;202200046048;731 982;A01;1;31;0;2;8;1;1;
70959;202200046048;731 984;B01;1;37;0;2;4;16;1;1.0
70960;202200046049;731 979;A01;3;7;0;2;3;15;1;
70961;202200046049;731 981;B01;1;2;0;2;1;1;1;
70962;202200046050;731 980;A01;2;7;6;0;1;1;1;
70963;202200046051;731 976;A01;1;32;1;2;8;1;1;
70964;202200046051;731 978;B01;1;7;0;2;7;15;2;
70965;202200046052;731 975;A01;1;7;0;2;3;9;1;
70966;202200046052;731 977;B01;1;2;0;2;7;1;1;
70967;202200046053;731 974;A01;1;10;2;0;1;0;1;
70968;202200046055;731 970;B01;3;50;0;2;0;0;3;
70969;202200046055;731 973;A01;3;7;0;2;2;1;1;
70970;202200046058;731 965;A01;0;7;0;0;0;0;1;
70971;202200046059;731 963;B01;1;7;0;2;8;17;1;
70972;202200046059;731 964;A01;1;7;0;2;2;1;1;
70973;202200046060;731 962;A01;3;7;0;2;2;24;1;
70974;202200046060;731 967;B01;3;7;0;2;3;1;1;
70975;202200046061;731 959;B01;1;43;0;2;1;2;1;
70976;202200046061;731 961;A01;1;10;0;2;6;1;1;
70977;202200046062;731 958;B01;2;7;0;2;4;2;1;
70978;202200046062;731 960;A01;2;7;0;2;1;2;1;
70979;202200046063;731 955;A01;3;7;0;1;7;16;1;
70980;202200046064;731 953;A01;2;7;0;2;1;2;1;
70981;202200046064;731 954;B01;2;7;0;2;4;2;1;
70982;202200046065;731 951;A01;2;7;3;0;9;13;1;
70983;202200046066;731 950;A01;1;10;0;2;2;1;1;
70984;202200046066;731 952;B01;1;7;0;2;6;1;1;
70985;202200046067;731 947;A01;1;7;0;2;5;1;1;
70986;202200046067;731 949;B01;1;34;0;2;3;18;1;
70987;202200046068;731 946;A01;1;33;0;2;6;3;1;
70988;202200046068;731 948;B01;1;7;0;2;7;1;1;
70989;202200046069;731 945;A01;1;10;0;1;3;1;2;
70990;202200046070;731 943;A01;2;7;0;2;1;21;0;
70991;202200046070;731 944;B01;2;7;0;2;8;11;1;
70992;202200046071;731 941;B01;1;7;12;2;5;9;1;
70993;202200046071;731 942;A01;1;37;0;2;3;14;1;3.0
70994;202200046072;731 939;B01;2;33;0;2;1;3;1;
70995;202200046072;731 940;A01;2;10;0;2;6;11;1;
70996;202200046073;731 937;B01;1;50;0;2;4;15;3;
70997;202200046073;731 938;A01;1;1;0;2;2;17;5;
70998;202200046074;731 935;B01;1;14;0;2;1;2;1;
70999;202200046074;731 936;A01;1;7;0;2;4;2;1;
71000;202200046075;731 932;A01;2;7;0;2;2;12;3;
71001;202200046075;731 934;B01;2;31;0;2;2;1;1;
71002;202200046076;731 931;B01;2;43;0;2;3;1;1;
71003;202200046076;731 933;A01;1;7;0;2;1;10;1;
71004;202200046077;731 930;A01;1;7;3;0;2;26;1;
71005;202200046078;731 929;A01;0;7;0;1;2;1;1;
71006;202200046079;731 928;A01;2;7;0;1;1;1;1;
71007;202200046080;731 926;B01;3;33;0;2;7;1;1;
71008;202200046080;731 927;A01;3;7;0;2;8;15;1;
71009;202200046081;731 925;A01;1;7;0;1;1;1;1;
71010;202200046082;731 923;B01;3;7;0;2;1;1;1;
71011;202200046082;731 924;A01;3;7;0;2;7;1;1;
71012;202200046083;731 920;A01;1;7;0;1;1;1;1;
71013;202200046084;731 916;B01;1;10;0;2;1;1;1;
71014;202200046084;731 917;A01;1;10;0;2;4;2;1;
71015;202200046085;731 915;A01;3;7;0;2;1;26;1;
71016;202200046085;731 918;B01;3;30;0;2;1;1;1;
71017;202200046086;731 913;A01;1;7;0;2;4;11;2;
71018;202200046086;731 914;B01;1;33;0;2;1;1;1;
71019;202200046087;731 912;A01;2;7;4;0;3;1;1;
71020;202200046088;731 908;B01;1;7;0;2;2;26;1;
71021;202200046088;731 910;A01;3;34;0;2;1;0;0;
71022;202200046089;731 905;Z01;2;30;0;1;1;17;1;
71023;202200046090;731 899;A01;1;7;0;2;1;0;1;
71024;202200046090;731 902;B01;1;14;0;2;5;24;1;
71025;202200046091;731 901;B01;1;34;0;9;1;1;1;
71026;202200046091;731 903;A01;1;3;0;0;0;1;1;
71027;202200046093;731 896;A01;2;7;0;2;1;16;1;
71028;202200046093;731 898;B01;1;7;0;0;0;0;1;
71029;202200046094;731 895;B01;1;33;0;2;8;1;1;
71030;202200046094;731 897;A01;1;17;0;2;7;12;1;
71031;202200046095;731 894;A01;3;7;13;0;3;16;1;
71032;202200046096;731 890;A01;1;1;0;2;3;13;5;
71033;202200046096;731 891;B01;1;32;0;2;5;1;1;
71034;202200046097;731 888;A01;2;7;1;2;3;19;1;
71035;202200046097;731 892;B01;1;34;1;2;1;1;1;
71036;202200046098;731 884;B01;2;30;0;2;7;1;1;
71037;202200046098;731 887;A01;1;7;0;2;2;15;1;
71038;202200046099;731 883;Z01;1;7;0;2;8;15;1;
71039;202200046099;731 886;B01;1;30;0;2;1;1;1;
71040;202200046100;731 882;B01;1;1;1;0;1;2;5;
71041;202200046100;731 885;A01;1;7;12;0;8;22;1;
71042;202200046101;731 877;B01;2;50;0;2;0;1;3;
71043;202200046101;731 879;Z01;2;7;0;2;2;26;1;
71044;202200046102;731 876;A01;1;10;0;2;5;14;1;
71045;202200046102;731 878;B01;1;32;0;2;3;1;1;
71046;202200046103;731 875;A01;2;7;0;1;2;1;1;
71047;202200046104;731 873;A01;1;10;2;0;2;1;1;
71048;202200046105;731 872;A01;1;7;0;2;4;2;1;
71049;202200046105;731 874;B01;1;7;0;2;1;2;1;
71050;202200046106;731 870;A01;2;7;0;0;0;1;1;
71051;202200046107;731 869;A01;1;10;0;2;3;1;1;
71052;202200046107;731 871;B01;1;7;8;2;2;16;1;
71053;202200046108;731 867;B01;3;7;0;2;4;23;1;
71054;202200046108;731 868;A01;3;7;0;2;1;23;1;
71055;202200046109;731 866;A01;2;7;0;1;1;15;1;
71056;202200046110;731 864;A01;3;7;0;2;1;1;1;
71057;202200046110;731 865;B01;3;33;0;2;4;23;1;
71058;202200046111;731 863;A01;2;32;1;1;2;17;1;
71059;202200046112;731 862;A01;2;7;0;1;2;1;1;
71060;202200046113;731 859;A01;3;7;9;2;3;9;1;
71061;202200046113;731 861;B01;3;33;0;2;1;1;1;
71062;202200046114;731 857;A01;1;7;8;2;3;26;1;
71063;202200046114;731 860;B01;2;7;1;2;2;26;1;
71064;202200046115;731 855;A01;2;30;0;2;1;5;3;
71065;202200046115;731 858;B01;2;7;0;2;8;19;1;
71066;202200046117;731 854;A01;3;99;16;0;9;1;0;
71067;202200046118;731 847;A01;3;7;0;2;1;9;2;
71068;202200046118;731 851;C01;1;17;0;2;1;1;1;
71069;202200046118;731 853;B01;2;7;0;2;4;1;1;
71070;202200046119;731 848;A01;1;1;0;2;8;1;5;
71071;202200046119;731 852;B01;1;7;0;2;2;1;1;
71072;202200046120;731 846;A01;2;7;0;2;1;2;1;
71073;202200046120;731 849;B01;2;7;0;2;4;2;3;
71074;202200046120;731 850;C01;2;7;0;2;4;2;1;
71075;202200046121;731 841;A01;2;2;0;2;1;2;1;
71076;202200046121;731 844;B01;2;7;0;2;4;2;1;
71077;202200046123;731 840;A01;0;20;0;2;2;15;0;
71078;202200046123;731 843;B01;0;33;0;2;1;1;1;
71079;202200046124;731 835;B01;1;7;0;2;1;1;1;
71080;202200046124;731 838;A01;1;21;0;2;4;1;1;
71081;202200046125;731 836;B01;3;2;0;2;3;1;1;
71082;202200046125;731 839;A01;2;7;0;2;2;9;1;
71083;202200046126;731 833;A01;2;1;0;0;0;1;5;
71084;202200046127;731 832;B01;1;7;4;0;6;1;1;
71085;202200046127;731 834;A01;1;7;0;2;2;1;1;
71086;202200046128;731 828;B01;0;33;0;2;1;1;1;
71087;202200046128;731 830;A01;0;7;0;2;1;15;1;
71088;202200046129;731 825;A01;3;7;0;2;3;9;1;
71089;202200046129;731 827;B01;3;7;2;2;8;1;1;
71090;202200046130;731 824;D01;2;14;0;0;4;2;1;
71091;202200046130;731 826;C01;2;7;0;2;4;2;1;
71092;202200046130;731 829;B01;2;7;0;2;4;2;1;
71093;202200046130;731 831;A01;2;10;0;2;1;2;1;
71094;202200046131;731 821;B01;2;33;1;0;1;0;1;
71095;202200046131;731 823;A01;3;7;0;0;2;24;1;
71096;202200046132;731 820;A01;2;33;0;2;1;1;0;
71097;202200046132;731 822;B01;2;7;0;2;4;1;1;
71098;202200046133;731 819;A01;1;7;0;1;1;26;1;
71099;202200046134;731 817;A01;3;7;0;2;2;15;1;
71100;202200046134;731 818;B01;3;33;0;2;1;1;1;
71101;202200046135;731 814;B01;1;7;0;2;1;1;1;
71102;202200046135;731 816;A01;2;7;0;2;7;10;0;
71103;202200046136;731 815;A01;1;7;2;0;3;26;1;
71104;202200046137;731 811;A01;1;10;0;1;1;1;1;
71105;202200046139;731 808;A01;0;7;0;1;2;16;1;
71106;202200046140;731 805;B01;2;7;0;2;3;1;1;
71107;202200046140;731 806;A01;1;7;0;2;5;0;1;
71108;202200046141;731 804;A01;1;7;15;0;1;1;1;
71109;202200046142;731 803;A01;3;7;0;1;1;16;1;
71110;202200046143;731 802;A01;2;7;0;2;2;1;1;
71111;202200046143;731 807;B01;1;7;0;2;6;9;1;
71112;202200046144;731 801;A01;1;33;0;0;9;1;1;
71113;202200046145;731 800;A01;2;33;15;0;0;13;1;
71114;202200046146;731 796;B01;1;50;0;2;1;26;3;
71115;202200046146;731 798;A01;1;3;0;2;2;1;1;
71116;202200046147;731 795;A01;3;7;0;2;3;0;1;
71117;202200046147;731 797;B01;3;7;0;2;3;0;1;
71118;202200046148;731 794;A01;1;7;0;2;1;1;1;
71119;202200046148;731 799;B01;1;80;0;2;8;19;3;
71120;202200046149;731 793;A01;1;7;0;0;1;1;1;
71121;202200046150;731 791;A01;1;30;0;2;4;9;1;
71122;202200046150;731 792;Z01;1;7;0;2;0;0;0;
71123;202200046151;731 786;A01;1;33;0;2;3;16;1;
71124;202200046151;731 789;B01;3;7;0;0;6;1;1;
71125;202200046153;731 784;A01;3;7;0;2;1;0;1;
71126;202200046153;731 787;B01;1;30;0;2;1;1;1;
71127;202200046154;731 785;A01;3;7;0;2;1;26;1;
71128;202200046154;731 788;B01;3;7;0;2;4;26;1;
71129;202200046155;731 782;B01;1;1;0;0;4;2;5;
71130;202200046155;731 783;A01;1;7;0;9;1;2;1;
71131;202200046157;731 777;B01;2;1;0;2;1;1;0;
71132;202200046157;731 779;A01;1;7;0;2;2;15;1;
71133;202200046159;731 776;A01;1;7;13;0;2;2;1;
71134;202200046160;731 775;A01;1;7;0;1;1;1;1;
71135;202200046161;731 772;A01;3;7;0;2;5;15;1;
71136;202200046161;731 773;B01;3;50;0;2;1;9;3;
71137;202200046163;731 771;A01;1;7;2;0;1;13;1;
71138;202200046164;731 768;A01;1;7;1;2;2;18;2;
71139;202200046164;731 770;B01;1;7;0;2;2;16;1;
71140;202200046165;731 766;A01;1;7;2;0;3;13;1;
71141;202200046166;731 762;A01;2;7;0;2;3;13;1;
71142;202200046166;731 767;B01;1;7;0;2;3;1;1;
71143;202200046166;731 769;C01;1;7;0;2;3;1;1;
71144;202200046167;731 764;B01;0;7;0;2;4;0;1;
71145;202200046167;731 765;A01;0;2;0;2;1;2;1;
71146;202200046168;731 761;B01;1;7;0;2;6;0;1;
71147;202200046168;731 763;A01;1;7;0;2;5;11;1;
71148;202200046169;731 760;A01;2;7;0;5;1;1;1;
71149;202200046170;731 758;A01;0;10;0;2;5;15;1;
71150;202200046170;731 759;B01;0;1;0;2;1;1;5;
71151;202200046171;731 756;B01;1;7;0;2;2;2;1;
71152;202200046171;731 757;A01;1;2;0;0;4;2;1;
71153;202200046172;731 754;A01;1;33;0;0;3;1;1;
71154;202200046173;731 753;A01;2;7;0;1;1;15;1;
71155;202200046174;731 751;A01;0;33;0;0;0;1;1;
71156;202200046175;731 752;A01;2;7;0;2;1;1;1;
71157;202200046175;731 755;B01;1;7;0;2;8;15;1;
71158;202200046176;731 748;A01;2;7;0;2;1;5;1;
71159;202200046176;731 749;B01;1;33;0;2;1;1;1;
71160;202200046177;731 750;A01;1;7;0;1;2;1;1;
71161;202200046178;731 746;A01;1;7;0;0;1;1;1;
71162;202200046181;731 742;A01;2;7;0;1;1;18;1;
71163;202200046182;731 741;A01;2;7;0;2;1;1;1;
71164;202200046182;731 744;B01;1;30;0;2;8;1;1;
71165;202200046183;731 740;A01;3;3;0;1;3;15;1;
71166;202200046184;731 735;A01;3;33;0;2;8;13;1;
71167;202200046184;731 738;B01;3;7;0;2;2;1;1;
71168;202200046185;731 736;B01;2;7;0;2;1;1;1;
71169;202200046185;731 739;A01;1;7;0;0;8;19;1;
71170;202200046186;731 732;B01;1;33;0;2;1;0;1;
71171;202200046186;731 734;A01;1;7;0;2;6;0;1;
71172;202200046187;731 733;A01;0;7;0;2;6;10;1;
71173;202200046187;731 737;B01;0;33;0;2;1;1;1;
71174;202200046188;731 730;B01;2;7;0;2;2;15;1;
71175;202200046188;731 731;A01;1;30;0;2;1;1;1;
71176;202200046189;731 729;A01;2;36;0;0;1;2;1;
71177;202200046190;731 728;A01;1;7;0;1;1;26;1;
71178;202200046191;731 725;A01;1;7;0;2;2;20;1;
71179;202200046191;731 727;B01;1;32;0;2;1;1;1;
71180;202200046192;731 724;Z01;2;7;0;2;0;1;0;
71181;202200046192;731 726;A01;1;7;15;2;1;13;1;
71182;202200046193;731 723;A01;0;7;14;0;4;26;1;
71183;202200046194;731 722;A01;2;7;0;1;3;13;1;
71184;202200046195;731 721;A01;3;2;0;0;0;15;1;
71185;202200046196;731 717;A01;2;36;13;0;1;14;1;
71186;202200046197;731 714;B01;1;7;0;2;4;11;1;
71187;202200046197;731 716;A01;1;34;0;2;4;17;1;
71188;202200046198;731 715;A01;0;33;0;2;1;13;1;
71189;202200046198;731 718;B01;2;7;0;2;1;1;1;
71190;202200046199;731 712;B01;2;7;0;2;3;1;1;
71191;202200046199;731 713;A01;2;32;0;2;7;17;1;
71192;202200046200;731 711;A01;1;7;9;0;1;2;1;
71193;202200046201;731 710;A01;1;7;8;0;9;1;1;
71194;202200046202;731 709;A01;2;10;3;0;2;1;0;
71195;202200046203;731 702;A01;1;32;0;0;3;0;1;
71196;202200046203;731 705;Z01;1;7;0;0;4;0;1;
71197;202200046204;731 703;A01;1;7;0;2;2;15;1;
71198;202200046204;731 706;B01;2;7;0;2;1;1;1;
71199;202200046205;731 699;A01;2;10;0;2;2;17;1;
71200;202200046205;731 704;B01;2;7;0;0;6;1;2;
71201;202200046206;731 698;A01;2;3;0;1;2;21;1;
71202;202200046208;731 694;B01;1;50;0;2;8;19;3;
71203;202200046208;731 697;A01;1;7;0;2;2;21;1;
71204;202200046209;731 691;A01;2;7;0;1;1;15;1;
71205;202200046210;731 690;A01;2;7;4;0;1;1;1;
71206;202200046211;731 689;A01;1;1;0;2;1;15;5;
71207;202200046211;731 693;B01;1;10;0;0;7;1;1;
71208;202200046213;731 686;A01;1;32;0;0;8;3;1;
71209;202200046214;731 684;A01;1;7;2;0;2;1;1;