;Num_Acc;id_vehicule;num_veh;senc;catv;obs;obsm;choc;manv;motor;occutc
71210;202200046215;731 679;B01;2;7;0;2;1;1;1;
71211;202200046215;731 685;A01;3;10;0;2;8;19;1;
71212;202200046216;731 680;B01;3;1;0;2;3;13;5;
71213;202200046216;731 682;A01;3;7;0;2;1;15;1;
71214;202200046217;731 676;B01;1;10;0;2;2;2;0;
71215;202200046217;731 677;A01;1;33;4;2;6;3;1;
71216;202200046218;731 670;B01;1;10;0;2;2;2;1;
71217;202200046218;731 675;A01;1;7;0;2;6;2;1;
71218;202200046219;731 667;D01;1;7;0;2;4;2;1;
71219;202200046219;731 671;C01;2;7;0;2;5;2;1;
71220;202200046219;731 674;B01;2;7;0;2;7;1;1;
71221;202200046219;731 678;A01;2;7;0;2;9;1;1;
71222;202200046221;731 669;B01;3;7;0;2;4;0;1;
71223;202200046221;731 673;A01;3;7;0;2;1;1;1;
71224;202200046222;731 665;A01;0;7;0;2;3;15;0;
71225;202200046222;731 666;B01;0;31;0;2;1;1;1;
71226;202200046223;731 664;A01;1;31;0;0;0;3;3;
71227;202200046224;731 663;A01;1;10;13;0;0;0;0;
71228;202200046225;731 659;A01;2;10;0;0;0;19;1;
71229;202200046226;731 656;A01;3;33;14;0;2;1;1;
71230;202200046227;731 654;A01;1;7;0;2;3;1;2;
71231;202200046227;731 658;B01;2;14;0;2;2;1;6;
71232;202200046228;731 653;A01;1;10;4;0;1;13;0;
71233;202200046229;731 652;B01;3;7;0;2;3;13;1;
71234;202200046229;731 657;A01;3;7;0;2;1;16;1;
71235;202200046230;731 649;Z01;1;30;0;1;1;1;3;
71236;202200046231;731 651;A01;2;7;8;0;1;13;1;
71237;202200046232;731 648;B01;3;7;0;2;4;23;2;
71238;202200046232;731 650;A01;3;7;0;2;1;2;1;
71239;202200046233;731 646;B01;2;7;0;2;3;1;1;
71240;202200046233;731 647;A01;1;7;0;2;3;1;1;
71241;202200046234;731 642;A01;1;7;15;0;1;0;1;
71242;202200046235;731 643;A01;1;7;14;1;1;1;1;
71243;202200046236;731 641;B01;1;10;0;2;8;22;1;
71244;202200046236;731 645;A01;1;32;0;2;2;18;1;
71245;202200046237;731 640;A01;2;1;0;0;9;1;5;
71246;202200046238;731 638;A01;2;7;5;0;2;13;1;
71247;202200046241;731 636;A01;1;7;0;2;1;2;1;
71248;202200046241;731 639;B01;1;7;0;2;4;2;1;
71249;202200046242;731 631;A01;3;2;0;2;1;1;1;
71250;202200046242;731 633;B01;3;2;0;0;7;0;1;
71251;202200046244;731 626;A01;2;1;0;2;1;1;5;
71252;202200046244;731 628;Z01;3;7;0;2;2;16;1;
71253;202200046245;731 627;B01;2;7;0;2;5;2;1;
71254;202200046245;731 630;A01;2;33;0;2;1;2;1;
71255;202200046246;731 625;A01;3;7;3;0;3;1;1;
71256;202200046247;731 624;A01;3;33;15;0;1;26;1;
71257;202200046248;731 623;A01;2;7;6;0;8;1;1;
71258;202200046249;731 620;A01;2;1;0;0;0;1;5;
71259;202200046250;731 616;B01;0;10;0;2;3;21;1;
71260;202200046250;731 617;A01;0;7;2;2;3;21;1;
71261;202200046252;731 614;A01;1;30;0;0;1;0;1;
71262;202200046254;731 611;A01;1;1;0;0;0;1;5;
71263;202200046255;731 612;A01;3;43;0;2;8;15;1;
71264;202200046255;731 613;B01;3;7;0;2;1;1;1;
71265;202200046256;731 607;A01;2;7;0;2;2;16;1;
71266;202200046256;731 610;B01;2;1;0;2;3;1;5;
71267;202200046257;731 603;A01;1;7;2;2;2;13;1;
71268;202200046257;731 608;B01;2;7;0;2;6;1;1;
71269;202200046258;731 604;A01;2;7;0;2;1;1;0;
71270;202200046258;731 609;B01;1;2;0;0;8;16;1;
71271;202200046259;731 602;B01;1;33;0;2;1;1;1;
71272;202200046259;731 605;A01;1;50;0;2;8;11;3;
71273;202200046261;731 599;A01;1;7;13;0;2;14;1;
71274;202200046262;731 597;A01;3;7;0;0;0;13;1;
71275;202200046263;731 596;A01;1;7;0;2;1;15;1;
71276;202200046264;731 594;B01;3;50;0;2;1;0;3;
71277;202200046264;731 598;A01;3;7;0;2;5;0;1;
71278;202200046265;731 592;A01;1;7;6;0;3;13;1;
71279;202200046266;731 590;A01;3;32;0;2;1;1;1;
71280;202200046266;731 595;B01;3;7;0;2;8;1;1;
71281;202200046267;731 588;B01;0;10;0;2;3;1;1;
71282;202200046267;731 593;A01;0;7;0;2;3;1;1;
71283;202200046268;731 586;A01;1;7;2;2;1;0;3;
71284;202200046268;731 589;B01;1;7;0;2;4;0;1;
71285;202200046269;731 587;A01;1;7;0;2;8;14;1;
71286;202200046269;731 591;B01;1;1;0;2;1;15;5;
71287;202200046270;731 585;A01;3;7;13;0;8;0;1;
71288;202200046271;731 582;A01;3;80;0;0;0;0;3;
71289;202200046272;731 577;B01;2;43;0;2;1;1;1;
71290;202200046272;731 581;A01;1;7;0;2;2;15;1;
71291;202200046273;731 579;A01;3;7;0;2;2;2;1;
71292;202200046273;731 584;B01;0;34;0;2;1;1;1;
71293;202200046274;731 576;A01;1;7;0;2;6;2;1;
71294;202200046274;731 578;B01;1;7;0;2;2;2;1;
71295;202200046275;731 575;A01;1;7;2;0;1;0;1;
71296;202200046276;731 568;B01;1;1;0;2;4;1;5;
71297;202200046276;731 572;A01;1;7;0;2;2;1;1;
71298;202200046277;731 570;B01;2;34;0;2;1;2;1;
71299;202200046277;731 571;A01;1;7;0;2;5;15;2;
71300;202200046278;731 567;A01;1;33;3;0;8;17;1;
71301;202200046278;731 569;T01;1;14;0;0;0;2;1;
71302;202200046279;731 565;A01;2;7;0;1;1;26;1;
71303;202200046280;731 561;A01;3;7;0;2;3;21;1;
71304;202200046280;731 562;B01;3;7;0;2;3;1;1;
71305;202200046281;731 559;A01;3;7;0;1;1;1;1;
71306;202200046282;731 556;A01;2;34;0;1;3;11;1;
71307;202200046283;731 557;A01;2;7;0;2;1;2;1;
71308;202200046283;731 560;B01;2;7;0;2;4;2;1;
71309;202200046284;731 555;A01;1;33;0;2;1;1;1;
71310;202200046284;731 558;B01;1;33;0;2;3;1;1;
71311;202200046284;731 563;C01;1;7;0;2;5;15;1;
71312;202200046285;731 554;A01;0;33;0;0;0;1;1;
71313;202200046286;731 549;A01;1;7;0;2;5;16;1;
71314;202200046286;731 553;B01;3;50;0;2;1;25;3;
71315;202200046287;731 550;B01;2;15;0;2;5;2;1;
71316;202200046287;731 551;A01;2;10;0;2;1;2;1;
71317;202200046288;731 547;A01;2;7;2;0;6;1;1;
71318;202200046289;731 548;B01;1;31;0;2;7;1;1;
71319;202200046289;731 552;A01;0;10;0;2;1;9;1;
71320;202200046290;731 545;A01;3;7;0;2;3;13;1;
71321;202200046290;731 546;B01;3;7;0;2;6;0;1;
71322;202200046291;731 544;A01;1;2;1;0;1;0;1;
71323;202200046292;731 539;A01;2;10;0;2;1;2;1;
71324;202200046292;731 543;B01;2;7;0;2;4;2;1;
71325;202200046293;731 538;B01;2;7;0;2;3;1;1;
71326;202200046293;731 541;A01;1;7;0;2;1;15;1;
71327;202200046294;731 540;A01;1;43;12;2;2;9;1;
71328;202200046294;731 542;B01;1;7;0;2;8;11;1;
71329;202200046295;731 535;B01;2;7;0;2;3;1;1;
71330;202200046295;731 537;A01;1;2;0;2;1;13;1;
71331;202200046297;731 533;A01;2;7;0;2;1;13;1;
71332;202200046297;731 536;B01;1;14;0;0;1;0;1;
71333;202200046298;731 531;B01;1;1;0;2;0;1;5;
71334;202200046298;731 532;A01;1;7;0;9;2;9;1;
71335;202200046300;731 524;A01;3;30;0;2;3;1;1;
71336;202200046300;731 527;B01;3;99;0;2;6;21;0;
71337;202200046301;731 522;B01;3;50;0;2;7;1;3;
71338;202200046301;731 526;A01;3;7;0;2;8;1;1;
71339;202200046302;731 520;B01;1;7;0;2;8;1;1;
71340;202200046302;731 529;A01;1;14;0;2;2;12;1;
71341;202200046303;731 519;A01;3;7;0;2;1;1;1;
71342;202200046303;731 521;B01;3;7;0;2;4;1;1;
71343;202200046303;731 525;C01;3;7;0;2;4;1;1;
71344;202200046304;731 518;A01;2;2;0;2;2;3;1;
71345;202200046304;731 523;B01;2;10;0;2;3;15;2;
71346;202200046305;731 516;A01;2;7;0;2;1;14;1;
71347;202200046306;731 517;A01;2;3;3;0;1;9;1;
71348;202200046307;731 514;A01;3;7;8;9;5;21;1;
71349;202200046309;731 512;A01;2;7;0;2;1;1;1;
71350;202200046309;731 515;B01;2;15;0;2;5;12;1;
71351;202200046310;731 510;A01;3;1;0;5;0;0;5;
71352;202200046311;731 508;A01;3;1;0;2;1;19;5;
71353;202200046311;731 511;B01;3;7;0;2;8;1;1;
71354;202200046312;731 507;C01;1;1;0;2;1;19;5;
71355;202200046312;731 509;A01;2;7;0;2;1;1;1;
71356;202200046313;731 503;A01;2;7;0;2;1;1;1;
71357;202200046313;731 505;B01;2;7;0;2;4;20;1;
71358;202200046314;731 504;A01;2;7;0;1;4;2;1;
71359;202200046315;731 501;A01;1;7;7;0;3;1;1;
71360;202200046315;731 506;B01;2;7;0;0;1;9;1;
71361;202200046317;731 498;A01;0;7;0;2;1;9;1;
71362;202200046317;731 502;B01;0;7;0;2;8;1;1;
71363;202200046318;731 496;A01;1;30;0;2;1;2;1;
71364;202200046318;731 500;B01;1;7;0;2;4;1;1;
71365;202200046319;731 495;B01;0;1;0;2;1;15;5;
71366;202200046319;731 497;A01;0;7;0;2;1;1;1;
71367;202200046320;731 493;A01;2;32;0;2;1;15;1;
71368;202200046321;731 492;B01;2;17;0;2;3;17;1;
71369;202200046321;731 494;A01;1;10;0;2;3;13;1;
71370;202200046323;731 488;B01;0;7;0;2;1;1;1;
71371;202200046323;731 490;A01;0;2;0;2;2;19;1;
71372;202200046324;731 487;A01;3;7;0;1;0;2;0;
71373;202200046326;731 485;A01;1;7;0;1;1;1;3;
71374;202200046327;731 483;A01;0;7;1;0;1;14;1;
71375;202200046328;731 481;A01;1;2;14;0;1;1;1;
71376;202200046329;731 482;A01;3;7;0;1;1;26;1;
71377;202200046330;731 480;B01;1;7;0;9;2;1;1;
71378;202200046330;731 484;A01;2;60;0;2;1;5;0;
71379;202200046331;731 474;A01;3;7;0;0;7;26;1;
71380;202200046332;731 476;B01;2;7;0;2;2;17;1;
71381;202200046332;731 479;A01;2;2;0;2;8;13;1;
71382;202200046333;731 473;A01;1;30;0;2;1;1;1;
71383;202200046333;731 478;B01;1;7;0;2;3;15;1;
71384;202200046334;731 471;B01;1;10;0;2;4;23;1;
71385;202200046334;731 475;A01;1;7;0;2;1;1;1;
71386;202200046335;731 472;A01;1;17;0;0;6;24;1;
71387;202200046335;731 477;B01;1;7;1;0;1;2;1;
71388;202200046336;731 467;A01;1;7;0;1;1;15;1;
71389;202200046337;731 469;A01;2;33;0;0;3;1;1;
71390;202200046338;731 464;A01;1;7;0;2;1;1;1;
71391;202200046338;731 468;B01;1;7;0;2;7;2;1;
71392;202200046339;731 463;A01;1;7;0;2;1;1;1;
71393;202200046339;731 466;B01;1;10;0;0;4;1;1;
71394;202200046340;731 460;A01;3;7;0;2;7;1;0;
71395;202200046341;731 458;A01;1;33;0;2;1;1;1;
71396;202200046341;731 462;B01;3;7;0;2;7;19;1;
71397;202200046342;731 459;B01;2;7;0;2;1;1;1;
71398;202200046342;731 461;A01;1;99;0;2;1;5;3;
71399;202200046343;731 456;A01;0;7;0;1;7;11;1;
71400;202200046344;731 454;A01;3;7;0;2;1;1;1;
71401;202200046344;731 455;B01;3;7;0;2;1;1;1;
71402;202200046345;731 453;A01;2;7;0;2;5;17;1;
71403;202200046345;731 457;B01;2;7;0;2;3;21;1;
71404;202200046346;731 451;A01;1;10;0;1;7;2;1;
71405;202200046347;731 447;B01;2;10;0;2;1;1;1;
71406;202200046347;731 450;A01;2;7;0;2;4;2;1;
71407;202200046348;731 444;A01;2;7;0;2;1;1;1;
71408;202200046348;731 449;B01;1;7;0;2;3;1;1;
71409;202200046348;731 452;C01;1;7;0;2;1;1;1;
71410;202200046349;731 441;A01;3;7;0;2;2;0;1;
71411;202200046349;731 445;B01;3;7;0;2;3;1;1;
71412;202200046350;731 442;B01;1;7;0;2;7;15;1;
71413;202200046350;731 446;A01;1;7;0;2;1;26;1;
71414;202200046351;731 440;A01;1;7;0;2;1;13;1;
71415;202200046351;731 443;B01;2;7;0;2;3;1;1;
71416;202200046351;731 448;C01;2;7;0;2;1;1;1;
71417;202200046352;731 439;Z01;1;7;0;1;3;1;1;
71418;202200046353;731 437;A01;1;7;13;0;1;13;1;
71419;202200046355;731 432;A01;1;7;0;9;3;15;1;
71420;202200046355;731 434;B01;1;1;0;2;1;17;5;
71421;202200046356;731 431;B01;0;7;0;2;6;15;1;
71422;202200046356;731 436;A01;3;32;0;2;1;1;1;
71423;202200046357;731 430;A01;1;7;0;2;0;26;1;
71424;202200046357;731 433;B01;1;1;0;2;0;26;5;
71425;202200046358;731 427;A01;1;7;0;2;8;21;1;
71426;202200046358;731 428;B01;1;34;0;2;7;2;1;
71427;202200046359;731 423;A01;1;34;0;2;0;0;1;
71428;202200046359;731 425;B01;2;7;0;2;1;1;1;
71429;202200046360;731 421;A01;1;7;0;2;1;1;0;
71430;202200046360;731 426;B01;0;7;0;2;2;9;1;
71431;202200046361;731 420;B01;1;7;0;2;1;1;1;
71432;202200046361;731 422;A01;1;7;0;2;1;1;1;
71433;202200046362;731 419;B01;2;10;0;2;4;2;1;
71434;202200046362;731 424;A01;2;7;0;2;1;0;1;
71435;202200046363;731 417;A01;2;7;6;0;8;1;1;
71436;202200046364;731 418;A01;2;99;0;1;1;1;3;
71437;202200046365;731 411;B01;3;60;0;2;1;1;5;
71438;202200046365;731 416;A01;3;7;0;2;2;1;1;
71439;202200046366;731 410;B01;2;7;0;2;3;0;1;
71440;202200046366;731 414;A01;1;7;0;2;3;13;1;
71441;202200046367;731 406;C01;2;7;0;2;1;2;1;
71442;202200046367;731 409;B01;2;1;0;2;4;1;5;
71443;202200046367;731 413;A01;2;38;0;2;2;2;1;1.0
71444;202200046368;731 400;A01;1;17;0;2;2;1;1;
71445;202200046368;731 403;B01;2;33;0;2;1;1;1;
71446;202200046369;731 401;E01;2;7;0;2;8;23;1;
71447;202200046369;731 405;C01;1;7;0;2;8;23;1;
71448;202200046369;731 408;B01;1;7;0;2;7;23;1;
71449;202200046369;731 412;A01;1;7;0;2;1;9;1;
71450;202200046369;731 415;D01;2;7;0;2;1;23;1;
71451;202200046370;731 398;A01;1;7;0;2;2;10;1;
71452;202200046370;731 402;B01;1;32;0;2;1;1;1;
71453;202200046371;731 397;B01;2;1;0;2;7;15;5;
71454;202200046371;731 399;A01;2;7;0;2;2;2;1;
71455;202200046372;731 389;A01;1;7;0;2;3;13;1;
71456;202200046372;731 393;B01;1;1;0;0;0;0;5;
71457;202200046373;731 391;A01;1;7;0;2;1;2;1;
71458;202200046373;731 395;B01;1;7;0;0;4;1;1;
71459;202200046374;731 388;A01;1;7;0;2;7;12;0;
71460;202200046374;731 392;B01;1;33;0;2;3;2;1;
71461;202200046375;731 387;A01;1;7;5;0;6;1;1;
71462;202200046375;731 394;B01;1;7;5;0;1;1;1;
71463;202200046376;731 386;A01;3;7;0;0;0;1;1;
71464;202200046377;731 384;A01;3;7;0;1;1;1;1;
71465;202200046378;731 383;A01;1;7;0;2;3;1;1;
71466;202200046378;731 385;B01;1;33;0;2;7;1;1;
71467;202200046379;731 382;A01;3;0;0;0;0;26;0;
71468;202200046380;731 381;A01;2;7;6;1;1;26;1;
71469;202200046381;731 380;A01;3;80;13;0;1;1;3;
71470;202200046382;731 376;A01;2;10;0;1;2;1;1;
71471;202200046383;731 372;A01;3;7;0;0;0;1;1;
71472;202200046385;731 371;A01;3;20;0;2;3;9;1;
71473;202200046385;731 375;B01;0;60;0;2;7;21;5;
71474;202200046386;731 368;A01;2;2;13;0;0;1;1;
71475;202200046387;731 367;B01;2;7;0;2;1;2;1;
71476;202200046387;731 370;A01;2;10;0;0;8;15;1;
71477;202200046388;731 363;B01;1;7;4;2;3;1;1;
71478;202200046388;731 369;A01;1;33;0;2;7;12;1;
71479;202200046389;731 361;B01;2;7;0;2;2;2;1;
71480;202200046389;731 364;A01;2;2;0;2;6;23;1;
71481;202200046390;731 359;B01;1;7;0;2;3;1;1;
71482;202200046390;731 362;A01;2;7;0;2;3;5;1;
71483;202200046391;731 357;B01;2;7;0;2;3;2;1;
71484;202200046391;731 360;A01;2;7;0;2;5;2;1;
71485;202200046392;731 354;A01;1;13;6;0;2;1;1;
71486;202200046393;731 353;C01;3;7;8;0;6;1;1;
71487;202200046393;731 356;B01;3;7;0;2;1;1;1;
71488;202200046393;731 358;A01;3;7;8;2;1;6;1;
71489;202200046394;731 352;A01;2;7;0;1;1;1;3;
71490;202200046395;731 350;B01;2;1;0;2;1;1;5;
71491;202200046395;731 355;A01;1;7;0;2;1;1;1;
71492;202200046396;731 348;A01;2;7;3;2;3;1;1;
71493;202200046396;731 351;B01;2;7;0;2;5;14;1;
71494;202200046398;731 343;A01;3;7;0;2;3;16;1;
71495;202200046398;731 346;B01;3;1;0;2;5;0;5;
71496;202200046399;731 341;A01;1;31;13;0;2;13;1;
71497;202200046400;731 342;B01;2;7;0;2;2;10;1;
71498;202200046400;731 345;A01;2;31;0;2;1;21;1;
71499;202200046402;731 333;A01;1;7;5;0;3;16;1;
71500;202200046403;731 334;B01;2;1;0;2;1;1;5;
71501;202200046403;731 337;A01;2;14;0;2;7;16;1;
71502;202200046404;731 332;A01;2;7;13;2;1;1;1;
71503;202200046404;731 339;B01;2;21;0;2;4;1;1;
71504;202200046404;731 344;C01;2;7;0;9;3;1;1;
71505;202200046405;731 331;B01;1;7;2;2;9;17;1;
71506;202200046405;731 335;A01;1;7;0;2;1;13;1;
71507;202200046406;731 330;A01;1;10;0;2;3;15;1;
71508;202200046406;731 336;B01;2;2;0;2;3;1;1;
71509;202200046407;731 328;A01;2;7;13;0;1;0;1;
71510;202200046408;731 325;A01;1;7;0;0;3;17;2;
71511;202200046408;731 329;B01;2;2;0;0;1;1;1;
71512;202200046409;731 322;B01;2;7;0;2;2;1;1;
71513;202200046409;731 326;A01;1;7;0;2;3;9;1;
71514;202200046411;731 319;A01;3;7;0;2;7;15;1;
71515;202200046411;731 324;B01;3;7;0;2;1;1;1;
71516;202200046412;731 318;A01;2;7;2;0;7;1;1;
71517;202200046413;731 317;A01;2;7;0;2;3;1;1;
71518;202200046413;731 320;B01;2;7;0;2;3;15;1;
71519;202200046414;731 315;A01;1;34;4;0;2;21;1;
71520;202200046415;731 314;A01;1;10;1;2;4;4;1;
71521;202200046415;731 316;B01;1;7;0;2;3;20;1;
71522;202200046417;731 307;A01;1;10;0;1;1;1;1;
71523;202200046418;731 309;B01;2;7;0;2;1;1;1;
71524;202200046418;731 312;A01;1;7;13;2;1;15;1;
71525;202200046419;731 306;A01;1;7;4;2;1;2;1;
71526;202200046419;731 310;B01;1;10;4;2;4;2;1;
71527;202200046420;731 305;B01;1;80;0;2;7;1;3;
71528;202200046420;731 308;A01;2;10;0;2;1;1;1;
71529;202200046421;731 302;A01;2;7;0;0;0;0;0;
71530;202200046422;731 301;A01;1;7;0;2;5;16;1;
71531;202200046422;731 304;B01;1;33;0;2;1;1;1;
71532;202200046423;731 299;A01;1;7;0;2;2;15;1;
71533;202200046423;731 303;B01;2;33;0;2;1;0;1;
71534;202200046425;731 298;A01;0;7;1;0;1;2;1;
71535;202200046426;731 291;A01;1;7;0;2;2;19;1;
71536;202200046426;731 296;B01;1;7;0;2;8;1;1;
71537;202200046427;731 294;A01;1;7;0;2;2;15;1;
71538;202200046427;731 295;B01;2;50;0;2;1;1;3;
71539;202200046428;731 290;A01;1;7;0;2;1;1;1;
71540;202200046429;731 289;B01;1;10;1;0;4;23;1;
71541;202200046429;731 293;A01;1;7;1;0;1;1;1;
71542;202200046430;731 288;A01;0;7;0;2;4;10;1;
71543;202200046430;731 292;B01;0;2;0;2;1;1;1;
71544;202200046431;731 285;A01;1;7;0;1;1;15;1;
71545;202200046432;731 283;A01;0;3;0;2;3;15;6;
71546;202200046434;731 282;A01;1;7;4;0;3;1;1;
71547;202200046434;731 286;B01;1;2;0;2;1;1;1;
71548;202200046435;731 280;\01;1;7;6;2;1;9;-1;
71549;202200046435;731 287;B01;2;7;0;2;7;1;1;
71550;202200046436;731 279;A01;2;7;0;1;2;1;1;
71551;202200046437;731 275;B01;2;1;0;2;6;1;5;
71552;202200046437;731 278;A01;2;10;0;2;2;9;1;
71553;202200046438;731 276;A01;2;7;0;1;1;1;1;
71554;202200046439;731 277;A01;1;7;4;0;8;1;1;
71555;202200046440;731 274;Z01;1;7;0;1;2;1;0;
71556;202200046441;731 273;A01;2;10;2;0;7;13;1;
71557;202200046442;731 269;A01;3;7;0;1;1;1;1;
71558;202200046443;731 268;B01;1;2;0;2;1;18;1;
71559;202200046443;731 272;A01;1;7;0;2;2;1;1;
71560;202200046444;731 266;A01;2;2;0;0;8;1;1;
71561;202200046445;731 267;A01;1;7;0;1;0;1;1;
71562;202200046446;731 265;A01;2;10;0;1;1;1;1;
71563;202200046447;731 264;A01;2;7;3;0;3;13;1;
71564;202200046448;731 263;A01;1;7;6;0;6;1;1;
71565;202200046449;731 261;A01;2;10;0;1;1;1;1;
71566;202200046450;731 262;A01;2;7;0;1;3;1;1;
71567;202200046451;731 257;B01;3;7;0;2;1;1;1;
71568;202200046451;731 260;A01;3;30;0;2;1;13;1;
71569;202200046452;731 256;B01;1;10;0;2;6;1;1;
71570;202200046452;731 258;A01;1;7;3;2;2;2;1;
71571;202200046453;731 255;B01;2;33;0;2;4;1;1;
71572;202200046453;731 259;A01;2;7;0;2;1;2;2;
71573;202200046454;731 252;A01;1;7;9;2;1;1;1;
71574;202200046454;731 254;B01;2;7;0;2;1;15;1;
71575;202200046455;731 253;A01;2;10;0;1;2;1;3;
71576;202200046456;731 250;A01;2;7;3;0;1;0;1;
71577;202200046457;731 249;A01;3;50;0;0;0;0;3;
71578;202200046457;731 251;B01;0;0;0;2;0;0;0;
71579;202200046458;731 248;A01;1;7;15;0;2;1;1;
71580;202200046460;731 244;A01;3;10;6;0;2;1;1;
71581;202200046461;731 242;B01;1;7;0;2;3;1;1;
71582;202200046461;731 247;A01;2;7;0;2;3;13;1;
71583;202200046462;731 245;A01;1;30;0;2;4;23;1;
71584;202200046462;731 246;Z01;1;7;0;2;1;0;0;
71585;202200046463;731 240;B01;3;7;0;2;1;7;1;
71586;202200046463;731 241;A01;3;1;0;2;1;8;5;
71587;202200046464;731 237;B01;3;34;17;2;1;0;0;
71588;202200046464;731 238;A01;3;7;0;2;2;23;1;
71589;202200046465;731 235;A01;1;31;0;0;8;1;1;
71590;202200046465;731 239;B01;1;7;0;0;0;9;1;
71591;202200046466;731 233;B01;1;7;0;2;1;1;1;
71592;202200046466;731 236;A01;1;30;0;2;8;10;1;
71593;202200046467;731 230;A01;0;36;0;0;0;0;1;
71594;202200046468;731 228;C01;1;7;0;2;1;1;1;
71595;202200046468;731 231;B01;1;7;0;2;3;1;1;
71596;202200046468;731 234;A01;1;99;0;2;1;13;1;
71597;202200046469;731 229;A01;1;30;0;2;5;1;1;
71598;202200046470;731 232;A01;2;7;0;1;7;1;2;
71599;202200046471;731 224;A01;0;7;0;2;1;0;1;
71600;202200046471;731 226;B01;1;7;0;2;1;1;1;
71601;202200046472;731 223;A01;3;33;0;2;8;1;1;
71602;202200046472;731 227;Z01;3;10;0;2;3;1;1;
71603;202200046473;731 220;A01;1;7;0;2;8;1;1;
71604;202200046473;731 225;B01;1;32;0;2;1;1;1;
71605;202200046474;731 219;B01;1;50;0;2;7;13;3;
71606;202200046474;731 222;A01;2;7;0;2;2;1;1;
71607;202200046475;731 217;A01;1;31;0;2;1;5;1;
71608;202200046475;731 221;B01;2;7;0;2;2;1;1;
71609;202200046476;731 215;B01;1;7;0;2;3;2;3;
71610;202200046476;731 218;A01;2;10;0;2;2;17;1;
71611;202200046477;731 214;A01;0;50;0;2;7;14;3;
71612;202200046477;731 216;B01;0;50;0;2;3;13;3;
71613;202200046479;731 210;B01;2;99;0;2;3;1;6;
71614;202200046479;731 212;A01;1;7;0;2;3;1;1;
71615;202200046480;731 206;A01;1;7;1;0;3;1;1;
71616;202200046480;731 209;B01;2;10;0;1;3;23;1;
71617;202200046481;731 208;A01;3;7;0;1;4;4;1;
71618;202200046482;731 205;B01;1;7;0;2;3;15;1;
71619;202200046482;731 211;A01;1;30;0;2;2;17;1;
71620;202200046483;731 204;B01;1;33;0;1;3;1;1;
71621;202200046483;731 207;A01;2;7;0;2;1;10;1;
71622;202200046485;731 198;A01;1;50;0;2;8;1;3;
71623;202200046485;731 203;B01;2;7;0;2;1;1;1;
71624;202200046486;731 195;A01;2;34;0;5;1;1;1;
71625;202200046487;731 193;D01;3;7;0;2;6;1;1;
71626;202200046487;731 196;C01;3;7;0;2;5;13;1;
71627;202200046487;731 199;B01;3;7;0;2;1;1;1;
71628;202200046487;731 202;A01;3;7;0;2;3;13;1;
71629;202200046488;731 194;A01;1;1;0;2;3;19;5;
71630;202200046488;731 200;B01;3;7;0;2;1;1;1;
71631;202200046489;731 191;A01;2;7;6;0;2;1;1;
71632;202200046490;731 192;B01;1;7;0;2;4;2;1;
71633;202200046490;731 197;A01;1;7;0;2;1;26;1;
71634;202200046491;731 189;A01;1;7;0;1;2;1;1;
71635;202200046492;731 185;A01;3;7;0;1;6;20;1;
71636;202200046494;731 188;A01;2;10;0;2;4;21;1;
71637;202200046494;731 190;B01;3;7;0;2;4;1;1;
71638;202200046495;731 181;A01;1;7;0;2;1;9;1;
71639;202200046495;731 184;B01;1;80;0;2;7;1;3;
71640;202200046496;731 182;B01;1;7;0;2;4;23;1;
71641;202200046496;731 187;A01;1;7;0;2;1;2;1;
71642;202200046497;731 178;A01;1;1;0;1;1;1;5;
71643;202200046498;731 175;B01;0;7;0;2;1;1;1;
71644;202200046498;731 177;A01;0;7;0;2;1;13;1;
71645;202200046499;731 172;A01;1;50;0;0;0;1;3;
71646;202200046500;731 173;A01;1;50;0;0;0;26;3;
71647;202200046501;731 171;D01;2;7;0;2;4;2;1;
71648;202200046501;731 174;C01;2;7;0;2;4;2;1;
71649;202200046501;731 176;B01;2;7;0;2;4;2;1;
71650;202200046501;731 180;A01;2;37;0;2;1;2;1;1.0
71651;202200046502;731 170;A01;3;31;0;5;7;1;1;
71652;202200046503;731 168;A01;1;7;0;2;1;1;1;
71653;202200046503;731 169;B01;1;1;0;2;6;2;5;
71654;202200046504;731 166;A01;1;7;0;1;4;4;1;
71655;202200046506;731 164;A01;0;7;0;1;1;1;1;
71656;202200046508;731 158;A01;1;7;0;1;3;2;1;
71657;202200046509;731 159;A01;1;7;0;2;8;17;1;
71658;202200046509;731 162;B01;1;31;0;2;7;1;1;
71659;202200046510;731 157;A01;1;7;0;2;4;23;1;
71660;202200046510;731 161;B01;1;7;0;2;1;2;1;
71661;202200046510;731 163;C01;1;7;0;2;1;2;1;
71662;202200046511;731 151;A01;1;10;1;0;2;14;1;
71663;202200046512;731 153;A01;1;7;0;2;1;15;1;
71664;202200046512;731 156;B01;2;30;0;2;7;1;1;
71665;202200046513;731 150;B01;2;7;0;2;8;19;1;
71666;202200046513;731 154;A01;1;32;0;2;1;1;1;
71667;202200046514;731 152;A01;0;7;0;1;1;15;1;
71668;202200046515;731 148;A01;2;33;0;0;9;0;0;
71669;202200046516;731 147;A01;2;1;0;2;5;19;5;
71670;202200046516;731 149;B01;2;33;0;9;1;21;1;
71671;202200046517;731 145;A01;1;7;0;1;2;1;1;