;Num_Acc;id_vehicule;num_veh;senc;catv;obs;obsm;choc;manv;motor;occutc
71672;202200046518;731 143;B01;2;2;0;2;1;26;1;
71673;202200046518;731 146;Z01;2;3;0;2;1;11;1;
71674;202200046519;731 141;B01;2;7;0;2;4;23;1;
71675;202200046519;731 144;A01;0;7;0;2;1;0;0;
71676;202200046520;731 138;A01;1;7;0;2;3;12;1;
71677;202200046520;731 142;B01;1;7;0;2;5;2;2;
71678;202200046521;731 135;A01;2;99;0;2;1;2;1;
71679;202200046521;731 137;B01;2;7;0;2;4;2;1;
71680;202200046521;731 139;C01;2;7;0;2;6;2;1;
71681;202200046521;731 140;D01;3;7;0;0;0;0;1;
71682;202200046522;731 136;A01;1;7;0;1;1;1;1;
71683;202200046523;731 134;A01;1;43;1;0;1;14;1;
71684;202200046524;731 131;A01;2;7;0;2;7;15;1;
71685;202200046524;731 133;B01;1;7;0;2;1;1;1;
71686;202200046525;731 130;B01;1;7;0;2;4;23;1;
71687;202200046525;731 132;A01;1;7;0;2;1;2;1;
71688;202200046526;731 124;B01;2;7;0;2;3;1;1;
71689;202200046526;731 127;A01;1;37;0;2;3;13;1;1.0
71690;202200046527;731 125;A01;2;1;0;2;1;2;5;
71691;202200046527;731 128;B01;0;7;0;2;4;2;1;
71692;202200046528;731 121;C01;1;10;0;2;6;2;1;
71693;202200046528;731 123;B01;1;10;0;2;5;2;1;
71694;202200046528;731 126;A01;1;33;0;2;7;11;1;
71695;202200046529;731 119;B01;1;33;0;2;7;1;1;
71696;202200046529;731 122;A01;2;7;0;2;3;15;1;
71697;202200046530;731 120;A01;1;7;1;0;2;14;1;
71698;202200046531;731 118;A01;1;33;5;0;0;12;1;
71699;202200046532;731 117;A01;2;7;13;0;9;1;1;
71700;202200046533;731 114;B01;1;33;0;2;1;18;1;
71701;202200046533;731 116;A01;1;7;0;2;7;22;2;
71702;202200046534;731 113;B01;0;7;9;2;5;20;1;
71703;202200046534;731 115;A01;0;7;0;2;3;20;1;
71704;202200046536;731 111;A01;1;7;0;1;4;4;2;
71705;202200046537;731 109;A01;3;50;0;2;3;5;3;
71706;202200046537;731 110;B01;3;10;0;2;3;1;1;
71707;202200046538;731 107;A01;1;1;0;1;2;7;5;
71708;202200046539;731 108;A01;2;7;0;1;4;4;1;
71709;202200046540;731 105;B01;2;10;0;2;5;15;1;
71710;202200046540;731 106;A01;1;1;0;2;1;26;5;
71711;202200046541;731 102;B01;1;30;0;2;1;1;1;
71712;202200046541;731 104;A01;1;7;0;2;6;23;1;
71713;202200046542;731 101;A01;1;33;14;0;1;2;1;
71714;202200046543;731 098;B01;1;1;0;2;1;7;5;
71715;202200046543;731 100;A01;1;1;0;2;2;9;5;
71716;202200046544;731 099;B01;2;30;0;2;2;1;1;
71717;202200046544;731 103;A01;2;50;0;2;8;15;3;
71718;202200046545;731 095;A01;2;7;0;9;3;9;1;
71719;202200046545;731 097;B01;1;1;0;2;7;26;5;
71720;202200046546;731 094;A01;1;7;0;2;7;14;1;
71721;202200046546;731 096;B01;1;1;0;2;3;1;5;
71722;202200046547;731 089;A01;1;7;0;2;1;9;2;
71723;202200046547;731 091;B01;2;33;0;2;1;1;1;
71724;202200046548;731 088;B01;0;2;0;2;5;1;1;
71725;202200046548;731 092;A01;0;7;0;2;1;1;1;
71726;202200046549;731 085;B01;1;7;0;2;8;0;1;
71727;202200046549;731 087;A01;2;7;0;2;3;13;1;
71728;202200046550;731 086;A01;1;50;0;1;0;1;3;
71729;202200046551;731 090;A01;3;7;0;2;3;17;1;
71730;202200046551;731 093;B01;3;1;0;2;7;1;5;
71731;202200046552;731 083;A01;3;30;4;0;7;13;1;
71732;202200046553;731 081;B01;0;1;0;2;7;0;5;
71733;202200046553;731 084;A01;0;7;0;2;1;0;1;
71734;202200046555;731 078;A01;3;7;12;0;2;13;1;
71735;202200046556;731 080;A01;3;1;0;2;1;5;5;
71736;202200046556;731 082;B01;3;10;0;2;1;1;3;
71737;202200046557;731 076;A01;1;7;0;2;8;22;1;
71738;202200046557;731 077;B01;1;1;0;2;1;1;5;
71739;202200046558;731 073;B01;1;1;0;2;1;1;5;
71740;202200046558;731 074;A01;1;7;0;2;8;22;1;
71741;202200046559;731 072;B01;1;32;0;2;1;1;0;
71742;202200046559;731 075;A01;1;7;0;2;5;19;1;
71743;202200046562;731 065;B01;2;1;0;2;4;1;5;
71744;202200046562;731 066;A01;2;7;0;2;4;23;1;
71745;202200046564;731 064;A01;0;7;0;0;0;0;0;
71746;202200046565;731 063;A01;1;50;0;1;1;1;3;
71747;202200046567;731 061;B01;2;50;0;2;1;1;3;
71748;202200046567;731 062;A01;2;7;0;2;8;22;1;
71749;202200046568;731 059;A01;1;10;0;1;3;1;1;
71750;202200046569;731 055;Z01;1;0;0;2;0;0;0;
71751;202200046569;731 056;Y01;1;1;0;2;0;0;5;
71752;202200046570;731 057;A01;0;7;0;1;2;1;1;
71753;202200046572;731 051;B01;3;7;0;2;1;8;1;
71754;202200046572;731 053;A01;3;33;0;2;2;1;1;
71755;202200046573;731 049;B01;2;7;0;2;4;1;1;
71756;202200046573;731 052;A01;2;7;0;2;1;2;1;
71757;202200046575;731 043;A01;2;7;0;2;1;2;1;
71758;202200046575;731 045;B01;2;10;0;2;4;2;1;
71759;202200046575;731 046;C01;2;7;0;2;1;2;1;
71760;202200046576;731 044;A01;2;33;0;2;1;21;1;
71761;202200046576;731 048;B01;2;38;0;2;6;1;4;1.0
71762;202200046577;731 042;A01;1;7;1;0;3;21;1;
71763;202200046580;731 037;A01;3;1;12;0;0;14;5;
71764;202200046581;731 036;A01;1;7;2;0;1;16;2;
71765;202200046581;731 039;Y01;0;1;0;0;0;0;5;
71766;202200046582;731 033;Z01;2;7;0;2;3;22;1;
71767;202200046582;731 034;A01;2;50;0;2;2;21;3;
71768;202200046584;731 029;B01;2;80;0;0;0;1;3;
71769;202200046584;731 031;A01;2;10;0;0;0;15;1;
71770;202200046585;731 028;B01;1;32;0;2;1;1;1;
71771;202200046585;731 030;A01;1;7;0;2;2;1;1;
71772;202200046586;731 027;A01;1;7;9;0;1;6;1;
71773;202200046588;731 022;A01;0;7;0;9;1;1;1;
71774;202200046588;731 025;B01;3;50;0;2;1;1;3;
71775;202200046589;731 020;A01;0;7;1;1;2;1;1;
71776;202200046590;731 023;A01;1;30;0;2;3;1;1;
71777;202200046590;731 026;B01;1;10;0;2;0;16;1;
71778;202200046592;731 016;B01;2;21;0;2;3;1;1;
71779;202200046592;731 018;A01;1;7;0;2;1;1;6;
71780;202200046593;731 015;B01;3;10;1;0;6;24;1;
71781;202200046593;731 017;A01;1;7;0;2;2;1;1;
71782;202200046594;731 010;A01;2;30;0;1;1;17;1;
71783;202200046595;731 008;A01;3;1;0;2;1;23;5;
71784;202200046595;731 012;B01;3;1;0;2;1;2;5;
71785;202200046596;731 007;B01;2;31;0;2;6;1;1;
71786;202200046596;731 014;A01;1;10;0;2;3;15;1;
71787;202200046597;731 009;B01;1;7;0;2;0;0;1;
71788;202200046597;731 013;A01;1;10;0;2;1;2;1;
71789;202200046599;731 002;A01;0;7;0;1;2;1;1;
71790;202200046600;731 003;A01;3;7;1;1;1;14;1;
71791;202200046601;731 000;A01;3;7;0;2;1;26;1;
71792;202200046601;731 005;B01;3;17;0;2;4;2;1;
71793;202200046602;730 999;B01;2;7;0;2;7;1;1;
71794;202200046602;731 004;A01;2;7;0;2;1;1;1;
71795;202200046603;730 998;Y01;3;50;9;2;1;23;3;
71796;202200046603;731 001;A01;3;7;0;2;1;15;1;
71797;202200046604;730 992;Y01;3;60;0;2;1;26;5;
71798;202200046604;730 996;A01;3;1;0;2;1;1;5;
71799;202200046605;730 991;A01;1;10;0;2;8;19;1;
71800;202200046605;730 995;B01;0;99;0;2;0;0;0;
71801;202200046606;730 990;A01;3;7;0;2;5;15;1;
71802;202200046606;730 997;B01;3;7;0;2;1;1;1;
71803;202200046607;730 987;C01;1;15;0;2;8;1;1;
71804;202200046607;730 988;B01;2;7;0;2;3;1;1;
71805;202200046607;730 994;A01;1;7;0;2;3;17;1;
71806;202200046608;730 989;B01;1;30;0;2;1;17;1;
71807;202200046608;730 993;A01;1;7;0;2;3;15;2;
71808;202200046609;730 984;A01;0;99;0;0;0;0;0;
71809;202200046609;730 986;B01;0;7;0;0;0;0;0;
71810;202200046610;730 982;A01;3;10;0;1;7;1;1;
71811;202200046611;730 980;B01;3;32;0;2;1;1;1;
71812;202200046611;730 985;A01;3;7;0;2;2;15;1;
71813;202200046612;730 979;B01;1;80;0;2;8;1;3;
71814;202200046612;730 983;A01;1;7;0;2;3;15;1;
71815;202200046613;730 978;A01;2;7;0;2;3;9;2;
71816;202200046613;730 981;B01;2;33;0;2;2;1;1;
71817;202200046614;730 974;A01;3;1;0;1;1;1;5;
71818;202200046615;730 973;A01;1;7;12;2;1;1;1;
71819;202200046615;730 976;B01;1;7;0;2;3;1;1;
71820;202200046615;730 977;C01;1;7;0;2;2;23;1;
71821;202200046616;730 972;A01;0;7;0;1;2;1;2;
71822;202200046617;730 971;A01;1;7;0;2;1;13;1;
71823;202200046617;730 975;B01;2;7;0;2;3;1;1;
71824;202200046618;730 966;A01;1;7;0;1;1;9;1;
71825;202200046619;730 964;A01;2;7;0;1;3;1;1;
71826;202200046620;730 963;B01;2;10;1;2;1;20;1;
71827;202200046620;730 968;A01;2;2;0;2;0;1;1;
71828;202200046621;730 965;B01;1;80;0;2;1;1;3;
71829;202200046621;730 969;C01;2;50;0;2;1;1;3;
71830;202200046621;730 970;A01;1;10;0;2;8;22;6;
71831;202200046622;730 962;A01;1;10;0;2;2;2;3;
71832;202200046622;730 967;B01;1;7;0;2;4;15;1;
71833;202200046623;730 960;A01;1;2;0;0;0;0;1;
71834;202200046624;730 957;A01;2;80;0;2;4;2;3;
71835;202200046624;730 959;B01;2;80;0;2;1;2;3;
71836;202200046625;730 954;A01;1;2;0;0;1;1;1;
71837;202200046626;730 955;B01;2;80;0;2;1;1;3;
71838;202200046626;730 958;A01;2;7;0;2;3;20;1;
71839;202200046627;730 956;A01;0;99;0;1;1;2;3;
71840;202200046628;730 952;A01;2;7;0;2;1;13;2;
71841;202200046628;730 953;B01;1;7;0;2;1;1;1;
71842;202200046629;730 950;A01;3;7;8;0;3;2;6;
71843;202200046630;730 948;A01;2;1;0;2;1;1;5;
71844;202200046630;730 951;B01;2;7;0;2;6;23;1;
71845;202200046632;730 947;A01;1;30;0;1;1;18;1;
71846;202200046633;730 944;A01;1;10;0;2;3;15;0;
71847;202200046633;730 946;B01;2;2;0;2;2;1;1;
71848;202200046634;730 943;A01;3;1;0;0;2;13;5;
71849;202200046635;730 949;A01;2;99;0;1;1;1;3;
71850;202200046636;730 941;A01;1;33;3;0;8;11;1;
71851;202200046637;730 940;B01;2;7;0;2;4;1;1;
71852;202200046637;730 942;A01;2;7;0;2;1;2;1;
71853;202200046638;730 939;A01;1;7;0;1;2;1;1;
71854;202200046639;730 937;B01;2;33;0;2;8;1;1;
71855;202200046639;730 938;A01;1;7;0;2;8;13;1;
71856;202200046641;730 932;A01;1;7;0;2;8;1;1;
71857;202200046641;730 936;B01;1;33;0;2;1;1;1;
71858;202200046642;730 930;A01;1;10;8;0;7;1;1;
71859;202200046643;730 928;A01;3;1;0;2;8;19;5;
71860;202200046643;730 934;B01;1;7;0;2;1;1;1;
71861;202200046644;730 927;B01;1;7;0;9;1;0;1;
71862;202200046644;730 929;A01;1;20;0;0;0;1;0;
71863;202200046645;730 931;B01;2;50;0;2;1;1;3;
71864;202200046645;730 933;A01;1;7;0;2;2;15;1;
71865;202200046647;730 923;A01;1;7;0;2;3;10;1;
71866;202200046647;730 926;B01;1;34;0;2;2;17;1;
71867;202200046648;730 921;A01;2;7;0;2;3;13;1;
71868;202200046648;730 924;B01;1;7;0;2;3;1;1;
71869;202200046649;730 922;A01;3;7;0;1;0;16;1;
71870;202200046650;730 918;A01;2;7;0;2;3;15;1;
71871;202200046650;730 920;B01;2;1;0;2;7;17;5;
71872;202200046651;730 915;A01;1;33;8;0;2;1;1;
71873;202200046652;730 912;B01;1;7;0;2;3;1;1;
71874;202200046652;730 914;A01;2;7;0;2;3;6;1;
71875;202200046653;730 913;B01;1;50;0;2;8;19;3;
71876;202200046653;730 917;A01;1;7;0;2;2;16;1;
71877;202200046654;730 906;B01;2;7;0;2;1;1;1;
71878;202200046654;730 909;A01;1;7;0;2;1;5;1;
71879;202200046655;730 905;A01;1;10;0;1;2;26;1;
71880;202200046656;730 907;A01;2;7;0;2;7;22;3;
71881;202200046656;730 911;B01;2;1;1;0;8;1;5;
71882;202200046657;730 903;A01;2;7;0;2;7;1;1;
71883;202200046657;730 904;B01;2;1;0;2;1;1;5;
71884;202200046658;730 901;A01;1;7;6;0;1;19;1;
71885;202200046659;730 900;B01;2;31;0;2;3;1;1;
71886;202200046659;730 902;A01;1;7;0;2;3;17;1;
71887;202200046660;730 897;A01;2;33;0;2;1;1;1;
71888;202200046660;730 899;B01;1;7;0;2;7;15;1;
71889;202200046661;730 898;A01;3;33;0;2;1;1;1;
71890;202200046662;730 895;B01;1;2;0;2;4;1;1;
71891;202200046662;730 896;A01;1;99;0;2;1;14;1;
71892;202200046663;730 893;A01;3;1;13;0;1;18;5;
71893;202200046664;730 892;A01;1;7;0;2;2;17;1;
71894;202200046664;730 894;B01;1;1;0;2;8;1;5;
71895;202200046665;730 891;Z01;2;10;0;1;1;16;1;
71896;202200046666;730 890;A01;2;1;14;0;2;1;5;
71897;202200046667;730 889;A01;1;33;7;0;1;6;1;
71898;202200046668;730 888;A01;3;36;0;0;0;0;1;
71899;202200046669;730 885;B01;2;7;0;2;2;1;1;
71900;202200046669;730 887;A01;1;7;13;2;2;13;1;
71901;202200046670;730 884;A01;3;7;0;2;1;2;1;
71902;202200046670;730 886;B01;3;7;0;2;4;2;1;
71903;202200046671;730 878;A01;2;33;13;0;3;21;1;
71904;202200046672;730 879;A01;2;10;0;0;0;9;1;
71905;202200046672;730 882;B01;1;2;0;0;0;21;1;
71906;202200046673;730 881;A01;1;7;0;0;2;15;1;
71907;202200046673;730 883;B01;2;31;0;2;1;1;1;
71908;202200046674;730 876;B01;2;7;0;2;4;23;1;
71909;202200046674;730 880;A01;2;7;0;2;2;1;1;
71910;202200046676;730 874;B01;2;7;0;2;6;19;1;
71911;202200046676;730 877;A01;1;7;0;2;1;19;1;
71912;202200046677;730 873;A01;1;7;0;1;1;1;1;
71913;202200046678;730 870;B01;2;33;0;2;1;1;1;
71914;202200046678;730 871;A01;1;7;0;2;1;13;1;
71915;202200046679;730 868;A01;1;33;8;0;1;1;1;
71916;202200046680;730 866;A01;2;7;0;1;3;1;1;
71917;202200046681;730 865;A01;2;33;0;2;2;1;1;
71918;202200046681;730 869;B01;2;10;0;0;6;23;1;
71919;202200046682;730 863;A01;1;20;16;0;9;15;1;
71920;202200046683;730 861;B01;0;7;0;2;3;1;1;
71921;202200046683;730 864;A01;0;7;0;2;1;1;1;
71922;202200046684;730 862;A01;1;10;0;2;1;1;1;
71923;202200046684;730 867;Z01;3;7;0;2;2;19;0;
71924;202200046685;730 859;A01;3;3;0;2;1;26;1;
71925;202200046685;730 860;B01;3;7;0;2;5;0;1;
71926;202200046686;730 857;B01;1;31;0;2;1;0;1;
71927;202200046686;730 858;A01;2;7;0;2;2;17;1;
71928;202200046687;730 856;A01;1;33;0;0;8;1;1;
71929;202200046690;730 852;A01;0;7;6;0;1;15;1;
71930;202200046692;730 848;A01;1;10;0;2;3;13;1;
71931;202200046692;730 850;B01;2;7;0;2;3;1;1;
71932;202200046693;730 847;A01;1;10;0;1;7;1;1;
71933;202200046694;730 843;A01;2;7;8;0;9;19;1;
71934;202200046695;730 842;A01;3;7;2;0;1;0;1;
71935;202200046696;730 841;B01;1;1;0;2;0;0;5;
71936;202200046696;730 845;A01;2;7;0;2;3;1;1;
71937;202200046697;730 840;B01;3;10;0;2;3;1;1;
71938;202200046697;730 846;A01;3;7;0;2;3;13;1;
71939;202200046698;730 839;A01;1;33;8;0;1;1;0;
71940;202200046699;730 838;A01;1;7;0;0;1;0;1;
71941;202200046700;730 836;A01;1;33;0;0;0;1;1;
71942;202200046701;730 837;A01;3;7;0;1;3;9;1;
71943;202200046702;730 835;A01;3;43;12;0;7;18;1;
71944;202200046703;730 831;A01;2;7;6;0;1;1;1;
71945;202200046704;730 827;A01;2;7;0;1;3;15;1;
71946;202200046705;730 825;A01;2;7;0;2;3;19;1;
71947;202200046705;730 830;B01;1;32;0;2;1;3;1;
71948;202200046706;730 824;A01;1;2;1;2;0;1;1;
71949;202200046706;730 826;B01;1;2;0;2;0;1;1;
71950;202200046706;730 829;C01;2;7;0;2;8;23;1;
71951;202200046706;730 832;D01;2;7;0;2;8;23;1;
71952;202200046706;730 834;E01;2;7;0;2;7;23;1;
71953;202200046707;730 822;C01;2;7;0;2;1;2;1;
71954;202200046707;730 828;B01;2;7;0;2;1;2;1;
71955;202200046707;730 833;A01;2;7;0;0;4;1;2;
71956;202200046708;730 821;A01;2;10;0;2;2;1;1;
71957;202200046708;730 823;B01;1;2;0;2;7;16;1;
71958;202200046709;730 817;B01;1;7;0;2;8;13;1;
71959;202200046709;730 820;A01;2;15;0;2;8;1;1;
71960;202200046710;730 816;B01;2;32;0;2;1;26;1;
71961;202200046710;730 819;A01;1;7;0;0;8;15;1;
71962;202200046711;730 814;B01;2;1;0;2;1;18;5;
71963;202200046711;730 818;A01;2;10;0;2;2;16;1;
71964;202200046712;730 813;B01;2;15;0;0;4;2;1;
71965;202200046712;730 815;A01;2;7;0;2;1;2;1;
71966;202200046713;730 812;A01;2;33;3;0;8;2;1;
71967;202200046714;730 811;A01;1;2;0;0;7;16;1;
71968;202200046715;730 807;A01;0;7;0;1;2;1;1;
71969;202200046716;730 808;A01;2;7;3;0;9;14;1;
71970;202200046717;730 806;A01;2;7;0;0;2;19;1;
71971;202200046717;730 809;B01;2;33;0;2;1;1;1;
71972;202200046718;730 804;A01;0;7;0;2;1;1;1;
71973;202200046718;730 810;B01;0;1;0;2;1;1;5;
71974;202200046719;730 803;B01;2;33;0;2;1;15;1;
71975;202200046719;730 805;A01;2;7;0;0;5;15;1;
71976;202200046720;730 802;A01;1;7;13;0;1;1;1;
71977;202200046722;730 799;A01;1;7;15;0;0;0;1;
71978;202200046724;730 798;B01;1;30;0;2;1;1;3;
71979;202200046724;730 800;A01;2;7;0;2;1;17;1;
71980;202200046725;730 795;A01;2;7;0;2;1;13;1;
71981;202200046725;730 797;B01;1;14;0;2;1;1;1;
71982;202200046726;730 792;B01;2;7;0;2;2;1;1;
71983;202200046726;730 794;A01;2;2;0;2;4;11;1;
71984;202200046727;730 790;A01;1;33;0;0;0;0;1;
71985;202200046728;730 789;B01;1;7;0;0;4;20;1;
71986;202200046728;730 793;A01;1;1;0;2;1;19;5;
71987;202200046729;730 787;A01;2;7;0;2;2;2;1;
71988;202200046729;730 791;B01;2;1;0;0;6;2;5;
71989;202200046730;730 786;A01;2;7;0;1;2;16;1;
71990;202200046731;730 784;A01;1;7;1;2;7;1;1;
71991;202200046731;730 788;B01;1;7;0;2;1;1;1;
71992;202200046732;730 782;A01;2;7;3;0;3;1;1;
71993;202200046733;730 781;A01;1;7;15;0;9;16;1;
71994;202200046734;730 783;B01;1;7;0;2;1;15;1;
71995;202200046734;730 785;A01;2;33;0;2;1;1;1;
71996;202200046735;730 777;A01;2;7;0;1;1;13;1;
71997;202200046736;730 776;A01;1;33;0;1;1;1;1;
71998;202200046737;730 774;A01;1;7;0;2;5;19;1;
71999;202200046737;730 778;B01;2;7;0;2;1;1;1;
72000;202200046738;730 775;B01;1;33;0;0;4;2;1;
72001;202200046738;730 779;A01;1;33;0;2;1;2;1;
72002;202200046740;730 769;C01;2;10;0;2;3;21;1;
72003;202200046740;730 773;B01;2;7;0;0;6;1;1;
72004;202200046740;730 780;A01;1;7;0;2;8;15;1;
72005;202200046743;730 765;A01;2;7;0;1;2;15;1;
72006;202200046744;730 759;A01;1;2;0;2;1;1;1;
72007;202200046744;730 763;B01;1;2;0;2;1;1;1;
72008;202200046744;730 764;C01;2;7;0;2;3;1;1;
72009;202200046745;730 761;A01;2;33;0;0;3;15;1;
72010;202200046746;730 758;A01;1;7;0;2;3;1;1;
72011;202200046746;730 762;B01;2;33;0;2;3;1;1;
72012;202200046747;730 760;A01;2;30;0;0;0;17;1;
72013;202200046748;730 756;A01;1;7;0;0;5;16;1;
72014;202200046748;730 757;B01;1;33;1;2;1;18;1;
72015;202200046749;730 754;A01;2;7;13;0;1;0;1;
72016;202200046750;730 753;B01;1;2;0;2;1;2;1;
72017;202200046750;730 755;A01;1;2;0;0;4;2;1;
72018;202200046751;730 750;A01;2;7;0;2;3;19;1;
72019;202200046751;730 752;B01;1;2;0;2;1;1;1;
72020;202200046752;730 748;B01;1;7;0;2;1;23;1;
72021;202200046752;730 751;A01;1;7;0;2;4;4;1;
72022;202200046754;730 745;A01;3;7;0;2;1;1;1;
72023;202200046754;730 747;B01;3;2;0;2;1;1;1;
72024;202200046755;730 743;A01;1;7;13;0;5;1;1;
72025;202200046756;730 741;A01;2;7;0;2;1;1;0;
72026;202200046756;730 744;B01;2;7;0;0;7;19;1;
72027;202200046757;730 739;A01;1;33;15;0;8;1;1;
72028;202200046758;730 738;B01;1;1;0;2;6;13;5;
72029;202200046758;730 742;A01;1;32;0;2;2;1;1;
72030;202200046760;730 736;A01;1;2;8;0;1;1;1;
72031;202200046761;730 731;B01;3;7;0;2;1;1;1;
72032;202200046761;730 734;A01;3;7;5;0;2;1;1;
72033;202200046762;730 728;D01;1;10;0;0;1;5;1;
72034;202200046762;730 729;C01;1;99;0;2;4;2;5;
72035;202200046762;730 732;B01;1;99;0;0;4;2;5;
72036;202200046762;730 735;A01;1;7;0;9;2;1;6;
72037;202200046763;730 730;A01;3;33;6;0;1;1;1;
72038;202200046764;730 727;B01;2;7;0;2;3;10;1;
72039;202200046764;730 733;A01;1;34;0;2;1;1;1;
72040;202200046765;730 726;A01;3;7;1;0;6;20;1;
72041;202200046767;730 723;A01;2;7;0;1;3;2;1;
72042;202200046768;730 722;A01;2;7;8;0;9;21;1;
72043;202200046769;730 721;A01;3;2;0;0;8;1;1;
72044;202200046770;730 718;B01;2;7;0;2;7;2;1;
72045;202200046770;730 720;A01;2;30;0;2;8;2;1;
72046;202200046771;730 717;B01;1;32;0;2;1;1;1;
72047;202200046771;730 719;A01;1;7;0;2;5;15;1;
72048;202200046772;730 716;A01;1;35;16;0;1;1;1;
72049;202200046773;730 714;A01;1;7;0;0;3;14;1;
72050;202200046775;730 709;B01;2;7;0;2;3;9;1;
72051;202200046775;730 712;A01;2;50;0;2;1;15;3;
72052;202200046776;730 707;B01;3;1;0;2;7;1;5;
72053;202200046776;730 710;A01;3;7;0;2;3;1;1;
72054;202200046777;730 708;A01;1;2;0;0;0;0;1;
72055;202200046778;730 706;A01;2;7;0;1;2;1;1;
72056;202200046779;730 705;A01;0;7;0;2;3;16;1;
72057;202200046779;730 711;B01;0;7;0;2;3;23;2;
72058;202200046780;730 701;B01;1;7;0;0;2;9;1;
72059;202200046780;730 704;A01;1;33;9;0;1;5;1;
72060;202200046781;730 696;A01;1;7;8;0;7;19;1;
72061;202200046781;730 702;B01;1;13;0;2;1;21;1;
72062;202200046782;730 697;B01;1;80;0;2;7;1;3;
72063;202200046782;730 700;A01;1;7;0;2;8;22;1;
72064;202200046783;730 695;B01;2;2;0;2;1;1;1;
72065;202200046783;730 699;A01;2;7;0;2;1;11;1;
72066;202200046784;730 698;B01;3;7;0;2;1;9;1;
72067;202200046784;730 703;A01;3;1;0;0;4;1;5;
72068;202200046785;730 694;A01;1;7;2;0;7;2;1;
72069;202200046786;730 690;A01;2;50;0;0;0;1;3;
72070;202200046787;730 689;A01;2;7;0;2;2;15;1;
72071;202200046787;730 693;B01;1;2;0;2;1;1;1;
72072;202200046788;730 691;A01;1;7;3;0;0;0;1;
72073;202200046789;730 687;A01;3;7;0;1;2;1;1;
72074;202200046790;730 688;B01;2;33;0;2;1;2;1;
72075;202200046790;730 692;A01;1;7;0;2;2;15;1;
72076;202200046791;730 684;A01;2;43;0;1;1;17;1;
72077;202200046792;730 686;A01;1;33;0;0;0;2;1;
72078;202200046793;730 683;A01;1;33;0;6;1;1;1;
72079;202200046797;730 676;A01;2;7;13;0;3;1;1;
72080;202200046798;730 675;B01;0;33;0;2;1;1;1;
72081;202200046798;730 680;A01;0;10;0;2;3;15;1;
72082;202200046800;730 674;B01;2;7;0;2;3;1;1;
72083;202200046800;730 678;A01;1;7;0;2;3;13;1;
72084;202200046801;730 671;A01;1;7;16;0;0;1;1;
72085;202200046802;730 669;A01;1;7;0;2;1;1;1;
72086;202200046802;730 672;B01;2;7;0;2;1;1;1;
72087;202200046803;730 666;A01;2;7;13;0;7;1;1;
72088;202200046804;730 665;A01;2;7;6;2;1;1;1;
72089;202200046804;730 670;B01;1;7;0;0;6;15;1;
72090;202200046805;730 663;B01;2;7;0;2;3;15;2;
72091;202200046805;730 667;A01;1;33;0;2;1;1;1;
72092;202200046806;730 661;B01;1;7;0;2;9;26;1;
72093;202200046806;730 668;A01;1;7;0;2;1;26;1;
72094;202200046807;730 662;A01;1;32;0;2;1;17;1;
72095;202200046807;730 664;B01;2;1;0;2;1;1;5;
72096;202200046808;730 658;B01;3;50;0;2;1;13;3;
72097;202200046808;730 660;A01;3;7;0;9;1;14;1;
72098;202200046809;730 656;B01;2;33;0;2;1;1;1;
72099;202200046809;730 659;A01;2;3;0;0;8;19;1;
72100;202200046810;730 657;A01;1;7;0;1;1;1;1;
72101;202200046811;730 654;A01;2;1;12;0;1;25;5;
72102;202200046812;730 655;A01;2;7;3;0;1;14;1;
72103;202200046813;730 653;A01;1;32;0;0;1;16;1;
72104;202200046814;730 652;A01;2;7;0;1;2;1;1;
72105;202200046815;730 648;B01;2;2;0;2;1;1;1;
72106;202200046815;730 651;A01;1;7;0;2;3;15;1;
72107;202200046816;730 646;B01;2;7;0;2;2;9;1;
72108;202200046816;730 650;A01;1;33;0;2;1;7;1;
72109;202200046817;730 643;A01;1;7;0;2;7;17;1;
72110;202200046817;730 645;B01;2;7;0;2;3;1;1;
72111;202200046817;730 647;C01;1;10;0;2;8;1;1;
72112;202200046818;730 641;B01;1;10;0;2;7;19;1;
72113;202200046818;730 642;A01;2;31;0;2;1;1;1;
72114;202200046819;730 640;A01;0;7;0;1;1;2;1;
72115;202200046820;730 638;A01;2;7;0;2;4;1;1;
72116;202200046820;730 644;B01;2;7;0;2;9;11;1;
72117;202200046820;730 649;C01;2;7;0;2;1;1;1;
72118;202200046821;730 636;A01;1;33;9;0;1;1;1;
72119;202200046822;730 635;A01;1;10;13;0;1;1;1;
72120;202200046823;730 634;A01;2;7;5;0;8;13;1;
72121;202200046824;730 633;A01;2;7;0;0;1;17;1;
72122;202200046824;730 637;B01;2;7;0;0;9;17;1;
72123;202200046824;730 639;C01;2;7;0;0;0;1;1;
72124;202200046825;730 631;A01;1;7;12;0;1;2;1;
72125;202200046826;730 630;A01;1;33;0;2;1;2;1;
72126;202200046826;730 632;B01;1;7;0;2;4;2;1;
72127;202200046827;730 628;B01;2;7;0;2;0;1;1;
72128;202200046827;730 629;A01;1;33;0;0;8;1;1;
72129;202200046828;730 624;B01;2;7;0;9;2;1;1;
72130;202200046828;730 627;A01;2;1;0;2;6;1;5;
72131;202200046829;730 622;A01;0;7;0;2;4;1;1;