;Num_Acc;id_vehicule;num_veh;senc;catv;obs;obsm;choc;manv;motor;occutc
72132;202200046829;730 625;B01;0;99;0;2;1;1;3;
72133;202200046832;730 617;C01;1;7;0;9;1;1;1;
72134;202200046832;730 619;B01;1;7;0;2;8;1;1;
72135;202200046832;730 620;A01;2;7;0;2;3;13;1;
72136;202200046833;730 614;B01;2;10;0;9;0;0;0;
72137;202200046833;730 618;A01;2;50;0;2;0;1;3;
72138;202200046834;730 613;B01;1;15;0;0;2;17;1;
72139;202200046834;730 616;A01;1;7;4;0;8;1;1;
72140;202200046835;730 610;A01;1;7;1;0;1;14;1;
72141;202200046835;730 612;B01;1;7;0;2;5;23;1;
72142;202200046835;730 615;C01;1;10;0;2;3;1;1;
72143;202200046836;730 608;A01;3;7;15;0;1;2;1;
72144;202200046837;730 605;C01;2;1;0;2;0;1;5;
72145;202200046837;730 609;B01;2;1;0;2;0;1;5;
72146;202200046837;730 611;A01;2;7;0;2;2;17;1;
72147;202200046839;730 601;A01;1;14;3;0;3;2;1;
72148;202200046840;730 598;B01;1;31;0;2;1;1;1;
72149;202200046840;730 599;A01;1;3;0;2;5;15;0;
72150;202200046841;730 597;D01;2;7;0;2;1;2;1;
72151;202200046841;730 600;C01;2;7;0;2;1;2;1;
72152;202200046841;730 603;B01;2;7;0;2;1;2;1;
72153;202200046841;730 606;A01;2;7;0;0;4;2;1;
72154;202200046843;730 592;B01;3;2;0;2;3;1;1;
72155;202200046843;730 593;A01;3;21;0;2;8;1;1;
72156;202200046844;730 591;A01;2;7;3;0;9;0;1;
72157;202200046845;730 589;A01;2;33;0;1;1;1;1;
72158;202200046847;730 586;A01;1;2;13;0;8;1;1;
72159;202200046848;730 585;A01;1;1;0;0;0;0;5;
72160;202200046850;730 580;A01;2;2;16;0;1;14;1;
72161;202200046851;730 577;C01;1;7;0;2;4;1;1;
72162;202200046851;730 582;B01;1;7;0;2;4;1;1;
72163;202200046851;730 584;A01;1;7;0;2;1;0;1;
72164;202200046852;730 576;A01;1;7;0;2;6;2;1;
72165;202200046852;730 579;B01;1;13;0;2;3;2;1;
72166;202200046854;730 570;A01;3;33;0;2;1;2;1;
72167;202200046854;730 571;B01;3;7;0;2;6;2;1;
72168;202200046854;730 574;C01;3;7;0;2;2;21;1;
72169;202200046855;730 565;A01;3;33;0;2;1;13;1;
72170;202200046855;730 569;B01;0;7;0;0;3;15;6;
72171;202200046856;730 564;H01;2;7;0;0;0;21;2;
72172;202200046856;730 568;G01;2;7;14;0;0;21;1;
72173;202200046856;730 572;F01;2;7;14;0;1;1;1;
72174;202200046856;730 575;E01;2;7;14;0;1;1;1;
72175;202200046856;730 578;D01;2;7;4;0;5;1;1;
72176;202200046856;730 581;C01;2;7;0;0;3;0;1;
72177;202200046856;730 587;B01;2;7;0;0;4;2;2;
72178;202200046856;730 588;A01;2;7;0;2;1;2;1;
72179;202200046858;730 562;B01;2;7;0;2;3;1;1;
72180;202200046858;730 566;A01;1;7;0;2;3;13;1;
72181;202200046859;730 560;A01;2;10;3;2;7;17;1;
72182;202200046859;730 561;B01;2;7;3;0;6;1;1;
72183;202200046860;730 557;A01;1;32;0;2;4;1;1;
72184;202200046860;730 559;B01;1;7;0;2;1;1;1;
72185;202200046861;730 558;A01;1;2;0;0;0;1;0;
72186;202200046862;730 553;B01;1;36;0;2;1;21;1;
72187;202200046862;730 556;A01;1;7;0;2;3;20;2;
72188;202200046863;730 549;A01;2;7;0;2;1;2;1;
72189;202200046863;730 551;B01;2;7;0;2;4;1;1;
72190;202200046864;730 548;A01;2;7;0;2;6;15;1;
72191;202200046864;730 550;B01;1;33;0;2;1;1;1;
72192;202200046865;730 546;B01;1;7;0;2;3;15;1;
72193;202200046865;730 547;A01;1;30;0;2;7;17;1;
72194;202200046866;730 543;A01;1;7;0;1;2;1;1;
72195;202200046868;730 545;A01;1;17;0;2;4;1;1;
72196;202200046868;730 555;B01;1;7;0;2;1;1;1;
72197;202200046869;730 539;B01;1;7;0;2;4;1;1;
72198;202200046869;730 541;D01;1;10;0;2;1;1;1;
72199;202200046869;730 542;C01;1;7;0;2;4;1;2;
72200;202200046869;730 544;A01;1;7;0;2;4;1;1;
72201;202200046871;730 536;B01;0;7;0;2;8;15;1;
72202;202200046871;730 538;A01;3;7;0;2;3;16;1;
72203;202200046872;730 533;B01;2;10;0;2;6;12;1;
72204;202200046872;730 535;A01;2;33;0;2;1;3;1;
72205;202200046873;730 530;B01;2;2;0;2;1;17;1;
72206;202200046873;730 534;A01;1;7;0;2;3;1;1;
72207;202200046874;730 531;A01;1;7;0;2;3;1;1;
72208;202200046874;730 532;B01;2;7;0;2;3;1;1;
72209;202200046875;730 527;B01;1;7;0;2;7;1;1;
72210;202200046875;730 528;A01;1;10;0;2;8;1;1;
72211;202200046876;730 524;B01;3;7;0;2;3;15;1;
72212;202200046876;730 526;A01;3;34;0;2;2;17;1;
72213;202200046877;730 520;A01;2;7;3;0;2;1;1;
72214;202200046878;730 519;B01;2;7;0;2;9;1;1;
72215;202200046878;730 523;A01;2;7;3;2;9;23;1;
72216;202200046878;730 525;C01;2;7;3;2;1;1;1;
72217;202200046879;730 517;B01;1;7;3;2;6;2;1;
72218;202200046879;730 522;A01;1;38;0;2;1;2;1;1.0
72219;202200046880;730 516;B01;1;7;0;2;2;1;1;
72220;202200046880;730 518;A01;2;33;0;2;1;1;1;
72221;202200046881;730 512;A01;3;13;0;1;0;1;1;
72222;202200046882;730 514;A01;1;10;0;2;1;2;1;
72223;202200046882;730 515;B01;1;7;0;2;4;2;1;
72224;202200046883;730 521;B01;2;10;0;0;4;2;1;
72225;202200046883;730 529;A01;2;10;0;2;1;2;1;
72226;202200046884;730 510;A01;3;7;0;1;0;0;1;
72227;202200046885;730 511;B01;3;7;0;2;2;15;1;
72228;202200046885;730 513;A01;3;2;0;2;1;1;1;
72229;202200046886;730 509;A01;2;13;4;0;1;0;0;
72230;202200046887;730 508;A01;3;7;0;1;2;14;1;
72231;202200046888;730 505;B01;2;7;0;2;3;1;1;
72232;202200046888;730 507;A01;1;7;0;2;1;13;1;
72233;202200046890;730 501;B01;0;21;0;2;3;13;1;
72234;202200046890;730 506;A01;0;7;0;2;2;17;1;
72235;202200046891;730 500;B01;1;43;0;2;1;1;1;
72236;202200046891;730 504;A01;2;7;0;2;2;6;1;
72237;202200046892;730 503;A01;1;7;0;1;2;1;1;
72238;202200046893;730 499;A01;1;33;16;0;1;16;1;
72239;202200046894;730 497;Z01;2;7;12;0;4;26;1;
72240;202200046895;730 494;A01;2;7;0;2;8;13;1;
72241;202200046895;730 496;B01;1;33;0;2;3;1;1;
72242;202200046896;730 493;A01;1;7;0;2;1;2;1;
72243;202200046896;730 495;B01;1;14;0;2;4;23;0;
72244;202200046897;730 491;A01;2;7;2;0;1;13;0;
72245;202200046898;730 492;A01;2;1;0;1;8;1;5;
72246;202200046899;730 485;B01;2;30;0;2;4;1;1;
72247;202200046899;730 488;A01;2;7;0;2;3;1;1;
72248;202200046900;730 484;A01;2;30;0;9;1;9;1;
72249;202200046900;730 487;Z01;1;2;0;2;1;26;1;
72250;202200046901;730 483;A01;2;1;0;2;1;1;5;
72251;202200046901;730 486;B01;2;7;0;9;3;1;2;
72252;202200046902;730 481;A01;3;7;0;1;1;15;1;
72253;202200046903;730 479;B01;2;7;0;2;7;1;1;
72254;202200046903;730 480;A01;2;50;0;2;1;5;3;
72255;202200046904;730 478;A01;2;33;16;0;1;14;1;
72256;202200046907;730 475;A01;1;-1;0;2;1;17;0;
72257;202200046908;730 472;A01;1;7;0;0;6;1;1;
72258;202200046908;730 473;B01;2;31;0;2;1;1;1;
72259;202200046908;730 474;C01;2;31;0;2;1;1;1;
72260;202200046909;730 469;B01;1;7;0;2;1;1;1;
72261;202200046909;730 471;A01;1;7;0;2;4;2;1;
72262;202200046910;730 468;A01;1;33;0;6;1;0;1;
72263;202200046912;730 464;A01;2;33;7;0;8;1;1;
72264;202200046914;730 462;A01;1;13;0;1;4;26;1;
72265;202200046915;730 459;B01;1;7;0;2;3;1;1;
72266;202200046915;730 466;A01;2;7;0;2;3;13;1;
72267;202200046916;730 458;A01;1;7;0;2;3;2;1;
72268;202200046916;730 460;B01;1;1;0;2;1;1;5;
72269;202200046917;730 457;A01;1;13;0;1;5;0;1;
72270;202200046919;730 450;A01;2;33;0;0;1;1;1;
72271;202200046919;730 453;B01;1;33;0;0;1;1;1;
72272;202200046920;730 454;A01;1;7;8;0;1;1;1;
72273;202200046921;730 449;A01;2;2;0;1;1;1;1;
72274;202200046922;730 444;B01;2;33;0;2;1;1;1;
72275;202200046922;730 446;A01;1;33;0;2;1;17;1;
72276;202200046923;730 445;A01;1;10;0;2;1;2;1;
72277;202200046923;730 447;B01;1;7;0;2;8;2;1;
72278;202200046923;730 448;C01;1;7;0;2;4;2;1;
72279;202200046923;730 452;D01;1;7;0;2;4;2;1;
72280;202200046925;730 451;A01;1;10;5;2;1;13;1;
72281;202200046925;730 455;B01;2;17;0;2;3;1;1;
72282;202200046926;730 438;B01;2;14;0;2;3;1;1;
72283;202200046926;730 441;A01;1;7;8;2;3;0;1;
72284;202200046927;730 437;A01;3;7;0;2;6;15;1;
72285;202200046927;730 440;B01;3;34;0;2;1;17;1;
72286;202200046928;730 439;A01;2;33;9;0;7;17;1;
72287;202200046929;730 434;A01;3;7;0;2;0;15;1;
72288;202200046929;730 436;B01;1;31;0;2;7;1;1;
72289;202200046930;730 432;A01;1;7;2;0;3;1;1;
72290;202200046931;730 426;A01;1;7;0;2;2;1;1;
72291;202200046931;730 428;B01;2;1;0;2;7;19;5;
72292;202200046932;730 430;A01;1;7;4;0;1;13;1;
72293;202200046933;730 429;B01;0;1;0;9;1;0;5;
72294;202200046933;730 435;A01;3;7;0;0;6;0;1;
72295;202200046935;730 422;B01;1;7;0;2;7;15;1;
72296;202200046935;730 425;A01;2;7;0;2;2;1;1;
72297;202200046936;730 421;B01;1;33;0;2;2;1;1;
72298;202200046936;730 423;A01;1;33;0;2;4;17;1;
72299;202200046937;730 417;A01;2;10;0;2;1;1;1;
72300;202200046937;730 419;B01;2;7;0;2;4;0;1;
72301;202200046938;730 415;A01;2;50;0;0;0;26;3;
72302;202200046939;730 414;A01;1;7;2;0;1;1;1;
72303;202200046940;730 413;B01;1;7;0;2;2;15;1;
72304;202200046940;730 416;A01;2;30;0;2;1;1;1;
72305;202200046941;730 411;A01;1;7;0;2;2;9;1;
72306;202200046941;730 412;B01;1;7;0;2;9;1;1;
72307;202200046942;730 410;A01;2;33;0;0;0;1;1;
72308;202200046943;730 406;B01;1;7;0;9;7;14;2;
72309;202200046943;730 409;A01;1;31;0;2;1;1;1;
72310;202200046944;730 402;A01;2;7;0;2;1;2;1;
72311;202200046944;730 407;B01;2;7;0;2;4;2;1;
72312;202200046945;730 403;B01;3;32;0;2;0;0;1;
72313;202200046945;730 408;Z01;3;7;0;2;3;0;0;
72314;202200046946;730 398;B01;0;1;0;2;1;0;5;
72315;202200046946;730 401;A01;0;7;0;9;3;0;1;
72316;202200046947;730 399;B01;3;7;0;2;3;15;1;
72317;202200046947;730 404;A01;1;2;0;2;1;1;1;
72318;202200046948;730 396;C01;1;7;0;2;8;0;1;
72319;202200046948;730 397;B01;2;7;0;2;6;0;1;
72320;202200046948;730 400;A01;2;31;0;2;1;3;1;
72321;202200046949;730 393;B01;2;7;0;2;3;1;1;
72322;202200046949;730 395;A01;2;7;0;2;3;5;1;
72323;202200046950;730 391;B01;2;17;0;2;3;1;1;
72324;202200046950;730 392;A01;2;10;0;2;2;10;1;
72325;202200046951;730 390;A01;1;33;0;1;1;2;1;
72326;202200046952;730 389;A01;2;7;13;0;1;1;1;
72327;202200046953;730 388;A01;3;7;0;2;1;26;1;
72328;202200046953;730 394;B01;3;7;0;2;5;1;1;
72329;202200046954;730 383;A01;2;7;15;0;1;0;1;
72330;202200046955;730 380;A01;2;7;0;2;1;21;1;
72331;202200046955;730 385;B01;2;15;0;2;6;26;1;
72332;202200046955;730 387;C01;2;7;0;2;1;21;1;
72333;202200046956;730 381;A01;1;33;0;0;1;0;1;
72334;202200046957;730 379;B01;1;2;0;2;1;1;1;
72335;202200046957;730 384;A01;1;10;0;0;7;1;1;
72336;202200046958;730 375;A01;1;7;0;2;8;9;1;
72337;202200046958;730 378;B01;1;15;0;2;2;1;1;
72338;202200046959;730 372;A01;3;7;12;0;7;16;1;
72339;202200046959;730 377;B01;3;33;0;2;1;18;1;
72340;202200046960;730 370;A01;2;7;0;2;3;2;1;
72341;202200046960;730 373;B01;2;7;0;2;5;2;1;
72342;202200046961;730 371;A01;3;7;0;2;1;1;1;
72343;202200046961;730 376;B01;3;7;12;2;4;1;1;
72344;202200046962;730 369;B01;1;7;0;2;3;1;1;
72345;202200046962;730 374;A01;2;7;0;2;1;13;1;
72346;202200046963;730 368;A01;2;33;3;0;0;1;1;
72347;202200046964;730 365;B01;1;7;0;2;4;10;1;
72348;202200046964;730 367;A01;1;33;0;2;1;1;1;
72349;202200046965;730 362;A01;2;7;0;0;1;13;1;
72350;202200046966;730 360;B01;2;31;0;2;8;1;1;
72351;202200046966;730 364;A01;2;7;0;2;2;12;1;
72352;202200046967;730 361;A01;2;7;0;1;3;19;1;
72353;202200046969;730 355;A01;3;0;0;2;1;0;-1;
72354;202200046969;730 358;B01;3;50;0;2;1;1;3;
72355;202200046970;730 353;B01;1;10;0;2;5;12;1;
72356;202200046970;730 356;A01;1;33;0;2;3;3;1;
72357;202200046971;730 354;A01;2;7;15;0;2;1;1;
72358;202200046973;730 350;A01;2;7;0;2;1;2;1;
72359;202200046973;730 352;B01;2;7;0;2;4;2;1;
72360;202200046974;730 346;B01;2;7;0;2;4;2;1;
72361;202200046974;730 348;A01;2;33;0;2;1;2;1;
72362;202200046975;730 344;B01;2;1;0;2;4;2;5;
72363;202200046975;730 345;A01;2;10;0;2;3;2;1;
72364;202200046976;730 342;A01;2;7;3;0;1;13;1;
72365;202200046977;730 340;A01;2;33;3;0;8;0;1;
72366;202200046978;730 339;A01;2;10;0;2;2;15;0;
72367;202200046978;730 341;B01;2;1;0;2;1;1;5;
72368;202200046979;730 336;A01;2;7;0;2;1;2;1;
72369;202200046979;730 338;B01;2;7;0;2;4;0;2;
72370;202200046979;730 343;C01;2;7;0;2;4;1;1;
72371;202200046980;730 334;C01;2;7;0;2;1;1;1;
72372;202200046980;730 335;B01;2;10;0;2;4;1;1;
72373;202200046980;730 337;A01;2;10;0;2;1;1;1;
72374;202200046981;730 330;B01;3;7;0;2;1;1;1;
72375;202200046981;730 333;A01;3;7;0;2;8;19;1;
72376;202200046982;730 331;A01;3;7;0;2;1;2;1;
72377;202200046982;730 332;Z01;3;7;0;2;4;0;0;
72378;202200046984;730 327;A01;2;7;0;2;1;2;1;
72379;202200046984;730 329;B01;2;7;0;2;4;2;1;
72380;202200046985;730 321;A01;2;33;0;2;0;0;1;
72381;202200046985;730 323;B01;2;7;0;2;6;12;1;
72382;202200046986;730 322;B01;3;7;0;2;1;1;1;
72383;202200046986;730 326;A01;3;1;0;2;1;16;5;
72384;202200046987;730 319;C01;2;7;0;2;1;1;1;
72385;202200046987;730 324;B01;2;7;0;2;8;1;1;
72386;202200046987;730 325;A01;1;7;0;2;8;13;1;
72387;202200046988;730 318;B01;2;7;0;2;3;11;1;
72388;202200046988;730 320;A01;2;31;4;2;3;3;1;
72389;202200046991;730 312;A01;3;7;0;1;2;16;1;
72390;202200046992;730 311;B01;1;32;4;2;0;1;1;
72391;202200046992;730 314;A01;1;7;4;2;1;1;1;
72392;202200046993;730 309;B01;2;7;0;2;4;1;1;
72393;202200046993;730 310;A01;2;7;0;2;1;1;1;
72394;202200046994;730 307;A01;1;7;0;1;1;1;1;
72395;202200046996;730 305;B01;2;7;0;2;1;1;3;
72396;202200046996;730 308;A01;1;7;14;2;1;1;1;
72397;202200046997;730 303;A01;1;33;0;2;2;3;1;
72398;202200046997;730 304;B01;1;10;0;2;0;11;1;
72399;202200046998;730 301;A01;-1;7;0;2;2;6;1;
72400;202200046998;730 302;B01;0;33;0;2;0;1;1;
72401;202200046999;730 299;A01;1;33;4;0;8;1;1;
72402;202200047000;730 297;B01;2;10;0;0;4;1;0;
72403;202200047000;730 300;A01;2;41;0;2;2;21;3;
72404;202200047001;730 295;C01;2;7;0;2;4;1;1;
72405;202200047001;730 296;B01;2;7;0;2;4;1;1;
72406;202200047001;730 298;A01;2;7;0;2;1;9;1;
72407;202200047002;730 294;A01;2;7;0;1;1;1;1;
72408;202200047003;730 291;A01;2;7;0;2;7;13;1;
72409;202200047003;730 293;B01;1;7;0;2;1;1;1;
72410;202200047004;730 290;A01;1;7;1;0;1;1;1;
72411;202200047004;730 292;B01;1;7;0;2;4;24;1;
72412;202200047005;730 288;A01;3;7;8;0;1;1;1;
72413;202200047006;730 287;B01;2;10;6;2;6;1;3;
72414;202200047006;730 289;A01;2;7;0;2;2;0;2;
72415;202200047007;730 286;A01;2;7;3;0;1;1;1;
72416;202200047008;730 285;A01;2;7;13;0;8;16;1;
72417;202200047009;730 283;A01;0;7;0;1;1;16;1;
72418;202200047010;730 277;A01;1;15;0;2;7;12;1;
72419;202200047010;730 281;B01;1;7;0;2;8;1;1;
72420;202200047011;730 276;A01;2;7;0;2;3;1;1;
72421;202200047011;730 280;B01;1;14;0;2;3;1;1;
72422;202200047013;730 279;A01;2;7;4;2;2;17;1;
72423;202200047013;730 282;B01;2;7;0;2;6;1;1;
72424;202200047013;730 284;C01;2;7;0;2;2;1;1;
72425;202200047015;730 268;A01;2;33;0;0;7;1;1;
72426;202200047017;730 271;B01;3;10;0;2;2;1;1;
72427;202200047017;730 273;A01;3;31;0;2;3;17;1;
72428;202200047018;730 266;A01;2;3;0;1;2;9;1;
72429;202200047019;730 265;A01;0;99;0;1;1;1;6;
72430;202200047021;730 269;A01;1;33;0;2;2;3;1;
72431;202200047021;730 270;B01;1;7;0;2;8;11;1;
72432;202200047022;730 260;B01;2;2;0;2;1;21;1;
72433;202200047022;730 262;A01;0;7;0;2;3;9;1;
72434;202200047023;730 259;A01;2;33;0;0;0;17;1;
72435;202200047024;730 258;B01;3;7;0;2;3;0;1;
72436;202200047024;730 261;A01;3;7;0;2;1;15;1;
72437;202200047025;730 256;A01;3;7;0;1;2;17;1;
72438;202200047026;730 253;A01;3;1;0;2;0;16;5;
72439;202200047026;730 254;B01;3;7;0;9;1;16;1;
72440;202200047027;730 252;A01;3;2;0;2;1;1;1;
72441;202200047027;730 255;B01;3;7;0;2;5;15;2;
72442;202200047028;730 250;A01;3;7;0;2;3;1;1;
72443;202200047028;730 251;B01;3;7;0;2;3;1;1;
72444;202200047029;730 257;A01;2;7;0;1;1;26;1;
72445;202200047030;730 244;B01;1;7;0;2;2;1;1;
72446;202200047030;730 248;A01;1;7;0;2;6;16;1;
72447;202200047031;730 247;B01;2;80;0;4;1;19;3;
72448;202200047031;730 249;A01;1;40;0;2;2;1;3;
72449;202200047033;730 241;A01;2;10;8;2;1;19;1;
72450;202200047033;730 243;B01;3;7;0;2;7;19;1;
72451;202200047034;730 240;A01;1;32;0;1;1;1;1;
72452;202200047035;730 235;B01;3;37;0;2;1;1;1;1.0
72453;202200047035;730 238;A01;3;7;0;2;4;1;2;
72454;202200047036;730 233;B01;2;33;0;2;1;1;1;
72455;202200047036;730 236;A01;1;7;0;2;2;15;1;
72456;202200047037;730 234;A01;2;7;6;2;1;1;1;
72457;202200047037;730 237;B01;2;7;0;2;4;15;1;
72458;202200047037;730 239;C01;1;10;0;2;1;1;1;
72459;202200047038;730 231;B01;2;33;0;2;4;2;1;
72460;202200047038;730 232;A01;2;7;0;2;1;2;1;
72461;202200047039;730 226;A01;2;10;0;2;7;16;1;
72462;202200047039;730 229;B01;2;1;0;2;1;1;5;
72463;202200047040;730 228;A01;1;10;0;2;2;26;1;
72464;202200047040;730 230;B01;1;7;0;2;6;11;1;
72465;202200047043;730 220;A01;0;1;0;2;7;19;5;
72466;202200047043;730 221;B01;0;7;0;2;3;1;1;
72467;202200047044;730 217;B01;1;50;0;2;0;0;3;
72468;202200047044;730 219;Z01;2;7;0;2;2;15;0;
72469;202200047046;730 216;A01;1;1;0;2;4;11;5;
72470;202200047046;730 218;B01;1;30;0;2;1;1;1;
72471;202200047047;730 212;A01;0;7;0;2;3;5;1;
72472;202200047047;730 214;B01;0;14;0;2;3;5;0;
72473;202200047048;730 208;B01;1;33;0;2;1;1;1;
72474;202200047048;730 210;A01;2;7;0;2;1;15;1;
72475;202200047049;730 204;B01;2;50;0;2;7;8;3;
72476;202200047049;730 206;A01;1;7;0;2;2;12;1;
72477;202200047050;730 202;A01;3;7;0;1;4;20;1;
72478;202200047051;730 201;A01;1;32;0;1;1;1;1;
72479;202200047052;730 199;A01;2;1;0;1;1;1;5;
72480;202200047053;730 198;B01;2;17;0;2;4;1;1;
72481;202200047053;730 200;A01;2;10;0;2;1;14;1;
72482;202200047054;730 193;A01;2;7;0;2;1;1;1;
72483;202200047054;730 196;B01;1;7;0;2;8;1;1;
72484;202200047055;730 194;A01;2;14;14;0;3;26;1;
72485;202200047057;730 189;A01;1;33;0;1;1;1;1;
72486;202200047058;730 188;A01;1;7;0;2;5;9;1;
72487;202200047058;730 190;B01;2;7;8;2;1;1;1;
72488;202200047059;730 187;A01;1;7;0;1;2;1;1;
72489;202200047060;730 185;A01;2;7;0;1;2;1;1;
72490;202200047061;730 184;A01;3;7;0;1;3;15;1;
72491;202200047062;730 183;B01;2;2;0;2;0;2;1;
72492;202200047062;730 186;A01;2;3;0;2;0;16;1;
72493;202200047063;730 180;A01;1;7;0;1;5;1;1;
72494;202200047064;730 179;A01;2;7;0;9;2;15;1;
72495;202200047064;730 181;B01;1;1;0;2;1;2;5;
72496;202200047065;730 177;A01;2;10;0;1;2;1;1;
72497;202200047066;730 178;B01;1;7;0;2;1;1;1;
72498;202200047066;730 182;A01;1;7;0;2;3;1;1;
72499;202200047067;730 174;A01;1;7;0;0;0;1;1;
72500;202200047068;730 173;B01;3;50;0;2;0;19;3;
72501;202200047068;730 175;A01;3;10;0;0;0;0;1;
72502;202200047069;730 172;A01;1;2;1;0;1;1;1;
72503;202200047070;730 170;A01;3;7;0;1;7;1;1;
72504;202200047071;730 169;A01;1;7;0;2;3;9;1;
72505;202200047071;730 171;B01;1;50;0;2;1;9;3;
72506;202200047072;730 167;B01;2;33;0;2;1;1;1;
72507;202200047072;730 168;A01;1;7;0;2;1;15;1;
72508;202200047073;730 164;A01;3;1;0;2;2;15;5;
72509;202200047073;730 166;Z01;3;7;0;2;3;1;0;
72510;202200047074;730 162;A01;1;7;0;1;1;1;1;
72511;202200047075;730 160;B01;1;31;0;2;1;1;1;
72512;202200047075;730 161;A01;1;10;0;2;5;12;1;
72513;202200047076;730 159;A01;1;10;0;0;0;9;1;
72514;202200047077;730 156;C01;2;7;0;2;3;5;1;
72515;202200047077;730 157;B01;2;7;0;2;3;21;1;
72516;202200047077;730 158;A01;1;7;0;2;3;13;1;
72517;202200047078;730 154;A01;2;7;6;0;9;1;1;
72518;202200047079;730 153;A01;3;7;0;2;7;16;1;
72519;202200047079;730 155;B01;3;1;0;2;8;21;5;
72520;202200047080;730 151;A01;3;7;0;2;1;9;1;
72521;202200047080;730 152;B01;1;7;8;2;8;1;1;
72522;202200047081;730 148;A01;0;31;0;0;0;0;1;
72523;202200047082;730 147;B01;3;3;0;2;1;1;1;
72524;202200047082;730 150;A01;1;7;0;2;7;15;1;
72525;202200047083;730 149;A01;2;7;0;1;2;9;1;
72526;202200047084;730 145;B01;2;7;0;2;4;2;1;
72527;202200047084;730 146;A01;2;7;0;2;4;1;1;
72528;202200047085;730 142;B01;1;7;0;2;4;2;1;
72529;202200047085;730 143;A01;1;7;0;2;1;2;1;
72530;202200047086;730 141;B01;2;7;0;2;3;1;2;
72531;202200047086;730 144;A01;1;7;0;2;1;13;1;
72532;202200047087;730 139;B01;2;7;0;2;7;2;1;
72533;202200047087;730 140;A01;2;33;0;2;8;1;1;
72534;202200047088;730 138;A01;1;2;0;1;1;18;1;
72535;202200047089;730 135;A01;1;3;6;0;1;1;1;
72536;202200047090;730 136;A01;2;33;0;2;1;3;1;
72537;202200047090;730 137;B01;2;7;0;2;5;1;1;
72538;202200047091;730 133;B01;2;7;0;2;8;22;1;
72539;202200047091;730 134;A01;2;80;0;2;2;1;3;
72540;202200047092;730 130;A01;1;7;0;2;4;2;1;
72541;202200047092;730 132;B01;1;33;0;2;1;2;1;
72542;202200047093;730 129;B01;2;33;0;2;1;1;1;
72543;202200047093;730 131;A01;1;7;0;2;7;15;1;
72544;202200047094;730 127;Z01;1;99;0;1;0;26;0;
72545;202200047095;730 125;B01;2;1;0;2;4;1;5;
72546;202200047095;730 126;A01;2;7;0;2;2;1;1;
72547;202200047096;730 124;B01;1;10;0;2;3;15;1;
72548;202200047096;730 128;A01;1;33;0;2;1;5;1;
72549;202200047097;730 122;A01;1;7;0;2;5;12;1;
72550;202200047097;730 123;B01;1;33;0;2;3;3;1;
72551;202200047099;730 120;A01;0;7;6;0;1;14;1;
72552;202200047101;730 116;A01;1;1;0;2;7;15;5;
72553;202200047101;730 118;B01;2;7;0;2;1;1;1;
72554;202200047102;730 114;A01;3;10;0;2;1;1;1;
72555;202200047102;730 115;B01;3;32;0;2;4;1;1;
72556;202200047103;730 112;B01;2;10;0;2;6;2;1;
72557;202200047103;730 113;A01;2;33;0;2;2;2;1;
72558;202200047104;730 111;A01;3;30;9;0;1;1;1;
72559;202200047105;730 107;B01;2;10;0;2;5;2;0;
72560;202200047105;730 109;A01;2;7;0;2;1;2;1;
72561;202200047106;730 106;A01;1;7;0;2;2;15;1;
72562;202200047106;730 108;B01;1;1;0;2;1;1;5;
72563;202200047107;730 105;A01;2;1;0;2;0;1;5;
72564;202200047107;730 110;B01;1;7;0;2;0;1;2;
72565;202200047108;730 103;A01;2;7;0;2;1;1;1;
72566;202200047108;730 104;B01;2;7;0;2;5;2;1;
72567;202200047109;730 099;B01;3;7;0;2;1;1;1;
72568;202200047109;730 102;A01;3;7;0;2;7;9;0;
72569;202200047111;730 094;D01;1;33;0;2;1;2;1;
72570;202200047111;730 096;C01;1;7;0;2;9;2;1;
72571;202200047111;730 097;B01;1;7;0;2;9;2;1;
72572;202200047111;730 100;A01;1;10;0;2;4;2;1;
72573;202200047112;730 093;B01;3;7;0;2;3;13;1;
72574;202200047112;730 095;A01;3;33;14;2;8;17;1;
72575;202200047113;730 091;A01;2;7;3;0;1;14;1;
72576;202200047114;730 089;B01;1;1;0;2;8;13;5;
72577;202200047114;730 092;A01;1;32;8;2;2;17;1;
72578;202200047115;730 088;A01;0;32;0;2;0;0;3;
72579;202200047115;730 090;X01;0;0;0;0;0;0;0;
72580;202200047116;730 085;A01;3;7;0;1;1;1;1;
72581;202200047118;730 084;B01;2;7;0;2;3;2;1;
72582;202200047118;730 087;A01;2;7;0;2;5;2;1;
72583;202200047119;730 082;A01;3;1;0;1;1;1;5;
72584;202200047120;730 081;A01;2;7;0;2;4;1;1;
72585;202200047120;730 083;B01;2;7;0;2;1;1;1;
72586;202200047121;730 080;A01;1;7;0;1;3;1;1;
72587;202200047122;730 079;A01;3;30;0;0;0;1;1;
72588;202200047123;730 074;C01;2;7;0;2;4;1;1;
72589;202200047123;730 076;B01;2;7;0;2;1;1;1;
72590;202200047123;730 078;A01;2;7;0;2;1;1;1;
72591;202200047124;730 073;A01;2;32;0;2;1;3;1;
72592;202200047124;730 075;B01;2;7;0;2;5;1;1;