;Num_Acc;id_vehicule;num_veh;senc;catv;obs;obsm;choc;manv;motor;occutc
72593;202200047125;730 072;B01;2;31;0;2;6;1;3;
72594;202200047125;730 077;A01;1;10;0;2;7;15;1;
72595;202200047126;730 069;A01;2;43;0;2;1;2;1;
72596;202200047126;730 071;B01;2;7;0;2;5;2;1;
72597;202200047127;730 070;A01;3;10;0;1;3;1;1;
72598;202200047128;730 067;A01;1;1;0;1;1;1;5;
72599;202200047129;730 065;B01;2;32;0;2;2;3;1;
72600;202200047129;730 068;A01;2;7;0;2;8;11;1;
72601;202200047130;730 066;A01;1;33;0;0;8;11;1;
72602;202200047132;730 061;B01;2;7;0;2;2;7;2;
72603;202200047132;730 064;A01;2;1;0;2;3;14;5;
72604;202200047133;730 059;A01;1;7;0;2;8;26;1;
72605;202200047133;730 063;B01;1;7;0;2;1;1;1;
72606;202200047134;730 056;B01;2;32;0;2;1;17;3;
72607;202200047134;730 058;A01;2;10;0;2;3;10;1;
72608;202200047135;730 054;B01;2;1;0;2;0;0;5;
72609;202200047135;730 057;A01;2;30;0;9;1;1;0;
72610;202200047136;730 053;A01;1;7;0;2;6;9;1;
72611;202200047136;730 055;B01;1;14;0;2;1;2;1;
72612;202200047137;730 051;B01;3;7;0;2;2;1;1;
72613;202200047137;730 052;A01;3;30;0;2;3;1;1;
72614;202200047138;730 049;A01;1;32;0;0;0;0;6;
72615;202200047141;730 045;A01;1;7;0;1;1;16;6;
72616;202200047142;730 044;A01;1;30;0;0;0;26;1;
72617;202200047142;730 046;B01;1;7;0;0;0;0;1;
72618;202200047143;730 042;B01;2;32;0;2;1;1;1;
72619;202200047143;730 043;A01;1;7;0;2;3;15;1;
72620;202200047144;730 039;B01;2;7;0;2;4;2;1;
72621;202200047144;730 041;A01;2;7;0;2;1;2;1;
72622;202200047146;730 037;A01;1;7;0;1;1;1;1;
72623;202200047147;730 033;A01;2;7;0;2;1;21;1;
72624;202200047147;730 036;B01;1;7;0;2;1;23;1;
72625;202200047148;730 032;Z01;2;10;0;2;0;4;0;
72626;202200047148;730 035;A01;2;1;0;2;0;14;5;
72627;202200047149;730 030;B01;3;7;0;2;8;2;1;
72628;202200047149;730 034;A01;2;7;0;2;1;15;1;
72629;202200047150;730 028;A01;2;7;0;2;8;10;1;
72630;202200047150;730 031;B01;2;32;0;2;1;1;1;
72631;202200047151;730 027;B01;3;60;0;2;8;19;5;
72632;202200047151;730 029;A01;2;7;0;2;3;15;2;
72633;202200047152;730 025;B01;0;7;0;2;7;1;1;
72634;202200047152;730 026;A01;3;32;0;2;7;17;1;
72635;202200047153;730 024;A01;2;34;2;0;0;1;1;
72636;202200047154;730 022;B01;3;7;0;2;7;17;1;
72637;202200047154;730 023;A01;3;33;0;2;8;15;1;
72638;202200047155;730 021;A01;3;7;0;1;1;26;1;
72639;202200047156;730 020;A01;2;37;0;0;0;7;1;4.0
72640;202200047157;730 018;A01;2;1;0;2;8;1;5;
72641;202200047157;730 019;B01;1;32;0;2;1;1;1;
72642;202200047158;730 017;A01;1;7;8;0;3;1;1;
72643;202200047159;730 016;A01;3;50;0;0;0;7;3;
72644;202200047160;730 013;A01;3;31;0;2;3;13;0;
72645;202200047160;730 014;B01;3;10;0;2;2;2;1;
72646;202200047161;730 011;B01;1;7;0;2;3;1;1;
72647;202200047161;730 015;A01;2;7;0;2;1;1;1;
72648;202200047162;730 010;A01;3;7;0;2;3;16;1;
72649;202200047162;730 012;B01;3;30;0;2;7;1;1;
72650;202200047163;730 008;A01;2;7;1;1;1;1;1;
72651;202200047164;730 007;A01;0;7;15;0;1;15;1;
72652;202200047165;730 006;B01;1;10;0;2;2;1;0;
72653;202200047165;730 009;A01;2;10;0;2;1;15;1;
72654;202200047167;730 003;B01;3;7;0;2;3;0;1;
72655;202200047167;730 005;A01;-1;30;0;2;1;1;1;
72656;202200047168;730 002;A01;2;3;15;0;1;21;3;
72657;202200047169;730 001;MA01;1;7;0;1;2;1;0;
72658;202200047170;729 999;A01;3;7;0;2;7;15;1;
72659;202200047170;730 000;B01;3;32;0;2;1;1;3;
72660;202200047171;729 996;B01;2;7;0;2;4;23;1;
72661;202200047171;729 998;A01;2;7;0;2;1;2;1;
72662;202200047172;729 994;C01;1;7;0;2;4;1;1;
72663;202200047172;729 995;B01;0;7;0;2;1;1;1;
72664;202200047172;729 997;A01;0;10;0;2;1;1;1;
72665;202200047173;729 992;A01;3;32;0;2;2;1;1;
72666;202200047173;729 993;B01;3;10;0;2;3;1;1;
72667;202200047175;729 989;A01;2;7;15;1;1;1;1;
72668;202200047176;729 986;B01;2;33;0;2;3;2;1;
72669;202200047176;729 988;A01;1;7;0;0;3;26;1;
72670;202200047177;729 983;A01;0;99;0;2;4;4;3;
72671;202200047177;729 987;B01;0;7;0;2;3;23;1;
72672;202200047178;729 985;A01;1;30;0;1;1;1;1;
72673;202200047179;729 982;A01;1;1;12;0;1;16;5;
72674;202200047180;729 980;A01;1;7;0;1;3;2;1;
72675;202200047181;729 977;B01;3;7;0;2;4;2;0;
72676;202200047181;729 978;A01;3;7;0;2;1;2;1;
72677;202200047182;729 976;A01;2;7;0;1;1;15;1;
72678;202200047183;729 973;A01;2;7;0;2;6;23;1;
72679;202200047183;729 975;B01;2;31;0;2;1;9;1;
72680;202200047184;729 970;C01;1;7;0;2;4;1;1;
72681;202200047184;729 972;B01;1;7;0;2;6;1;1;
72682;202200047184;729 974;A01;1;10;0;2;1;1;1;
72683;202200047185;729 968;B01;1;2;0;2;2;11;1;
72684;202200047185;729 971;A01;1;7;0;2;3;15;1;
72685;202200047186;729 967;A01;3;7;0;2;2;15;1;
72686;202200047186;729 969;B01;1;2;0;2;1;1;3;
72687;202200047187;729 966;A01;1;10;8;1;1;1;1;
72688;202200047188;729 963;B01;1;7;0;0;7;1;1;
72689;202200047188;729 965;A01;3;7;0;2;1;1;1;
72690;202200047189;729 962;B01;2;2;0;2;1;2;1;
72691;202200047189;729 964;A01;1;7;0;2;2;9;1;
72692;202200047190;729 961;A01;2;43;0;1;1;1;1;
72693;202200047191;729 960;A01;2;7;0;1;1;1;1;
72694;202200047192;729 958;A01;2;2;0;0;2;0;1;
72695;202200047193;729 957;B01;3;7;0;2;2;16;1;
72696;202200047193;729 959;A01;1;33;0;2;7;1;1;
72697;202200047194;729 955;A01;1;7;15;0;1;20;1;
72698;202200047195;729 954;B01;2;7;0;0;0;16;1;
72699;202200047195;729 956;A01;1;1;0;0;9;1;5;
72700;202200047197;729 952;B01;2;1;0;2;1;1;5;
72701;202200047197;729 953;A01;2;7;0;2;3;1;1;
72702;202200047199;729 946;A01;3;2;0;0;0;1;1;
72703;202200047200;729 947;B01;3;33;0;2;1;1;1;
72704;202200047200;729 948;A01;3;7;0;2;7;15;1;
72705;202200047201;729 944;A01;2;31;0;2;1;2;1;
72706;202200047201;729 945;B01;2;31;0;2;4;1;1;
72707;202200047203;729 941;A01;3;7;6;0;1;26;1;
72708;202200047204;729 938;B01;1;33;0;2;1;1;1;
72709;202200047204;729 940;A01;1;7;0;2;1;15;2;
72710;202200047205;729 936;B01;1;7;0;2;2;1;3;
72711;202200047205;729 939;A01;1;33;0;2;8;0;1;
72712;202200047206;729 935;A01;3;7;0;2;3;9;1;
72713;202200047206;729 937;B01;3;99;0;2;1;16;3;
72714;202200047207;729 932;A01;0;31;0;2;2;26;1;
72715;202200047207;729 934;B01;0;7;0;2;3;15;1;
72716;202200047208;729 930;A01;2;7;0;2;3;2;1;
72717;202200047208;729 933;B01;1;7;0;2;3;2;1;
72718;202200047209;729 929;A01;1;1;0;2;1;1;5;
72719;202200047209;729 931;Z01;1;7;0;2;0;16;1;
72720;202200047210;729 927;A01;2;7;0;1;3;1;1;
72721;202200047211;729 926;B01;2;7;0;2;2;16;1;
72722;202200047211;729 928;A01;2;30;0;2;8;1;1;
72723;202200047212;729 925;A01;1;7;0;1;0;1;1;
72724;202200047213;729 923;A01;2;33;0;2;1;13;1;
72725;202200047213;729 924;B01;1;7;0;2;1;1;1;
72726;202200047214;729 922;A01;3;1;0;0;1;25;5;
72727;202200047215;729 921;A01;3;21;0;1;7;1;1;
72728;202200047216;729 920;A01;1;7;0;1;2;15;1;
72729;202200047217;729 919;A01;1;7;0;1;1;1;2;
72730;202200047218;729 918;A01;1;7;0;6;2;1;1;
72731;202200047219;729 914;A01;2;7;0;2;1;2;1;
72732;202200047219;729 916;B01;2;7;0;2;4;23;1;
72733;202200047219;729 917;C01;2;7;0;2;4;23;1;
72734;202200047220;729 912;A01;2;32;0;0;8;1;1;
72735;202200047222;729 910;A01;1;30;0;2;2;1;3;
72736;202200047222;729 911;B01;1;7;0;2;0;1;1;
72737;202200047224;729 907;B01;2;7;0;2;2;17;1;
72738;202200047224;729 908;A01;2;99;0;2;3;15;1;
72739;202200047225;729 906;A01;3;30;0;0;8;1;1;
72740;202200047226;729 903;B01;1;10;0;2;1;1;1;
72741;202200047226;729 905;A01;2;7;0;2;5;15;1;
72742;202200047227;729 899;Z01;3;7;0;2;1;1;1;
72743;202200047227;729 901;B01;3;7;0;2;6;2;1;
72744;202200047228;729 897;D01;1;7;0;2;9;1;1;
72745;202200047228;729 900;C01;1;10;0;2;9;1;1;
72746;202200047228;729 902;B01;1;7;0;2;1;1;1;
72747;202200047228;729 904;A01;2;7;0;2;9;5;1;
72748;202200047229;729 894;A01;3;7;0;2;1;19;1;
72749;202200047229;729 896;B01;0;7;7;2;3;1;1;
72750;202200047229;729 898;C01;0;7;0;0;8;23;1;
72751;202200047230;729 893;A01;1;7;0;1;3;1;1;
72752;202200047231;729 890;A01;2;33;0;2;1;13;1;
72753;202200047231;729 892;B01;1;7;0;2;1;1;1;
72754;202200047232;729 889;A01;2;7;1;0;5;1;1;
72755;202200047232;729 891;B01;3;7;0;0;6;24;1;
72756;202200047232;729 895;C01;2;7;0;2;8;24;1;
72757;202200047233;729 888;A01;3;36;2;0;1;1;1;
72758;202200047234;729 883;B01;1;17;0;2;5;2;1;
72759;202200047234;729 886;A01;1;33;0;2;3;3;1;
72760;202200047235;729 881;A01;1;7;0;0;8;15;1;
72761;202200047235;729 885;B01;1;33;0;2;1;1;1;
72762;202200047236;729 882;C01;1;7;0;2;6;1;1;
72763;202200047236;729 884;A01;1;33;0;2;1;13;1;
72764;202200047236;729 887;B01;1;7;0;2;1;5;1;
72765;202200047237;729 879;A01;1;1;0;0;0;1;5;
72766;202200047238;729 877;A01;2;33;0;2;7;17;1;
72767;202200047238;729 880;B01;2;7;0;2;8;13;1;
72768;202200047239;729 876;B01;1;1;0;2;1;1;5;
72769;202200047239;729 878;A01;1;13;6;0;4;1;1;
72770;202200047240;729 875;A01;1;7;4;0;1;1;1;
72771;202200047241;729 872;A01;1;7;0;2;5;1;1;
72772;202200047241;729 874;B01;2;7;0;2;1;1;1;
72773;202200047242;729 873;A01;0;7;0;1;8;16;1;
72774;202200047243;729 870;A01;1;7;0;2;3;1;1;
72775;202200047243;729 871;B01;2;7;0;2;3;1;1;
72776;202200047244;729 866;B01;2;10;0;2;2;26;1;
72777;202200047244;729 869;A01;2;50;0;2;3;25;3;
72778;202200047245;729 864;A01;3;7;6;2;5;21;1;
72779;202200047245;729 867;B01;3;7;0;2;3;1;0;
72780;202200047246;729 865;A01;2;7;0;2;1;15;1;
72781;202200047246;729 868;B01;1;33;0;2;7;3;1;
72782;202200047247;729 860;A01;2;7;0;2;1;5;1;
72783;202200047247;729 862;B01;1;7;0;2;2;0;1;
72784;202200047248;729 861;B01;2;7;0;2;4;1;1;
72785;202200047248;729 863;A01;2;2;0;2;1;2;1;
72786;202200047249;729 857;B01;1;7;0;2;8;20;1;
72787;202200047249;729 859;A01;1;7;0;2;2;1;1;
72788;202200047250;729 855;B01;2;7;0;2;1;13;1;
72789;202200047250;729 858;A01;1;33;0;2;1;1;1;
72790;202200047251;729 854;A01;1;7;0;2;1;1;1;
72791;202200047251;729 856;B01;2;2;0;2;8;2;1;
72792;202200047252;729 853;A01;1;7;16;0;2;0;1;
72793;202200047253;729 851;A01;1;7;0;2;3;15;1;
72794;202200047253;729 852;B01;2;80;0;2;8;1;3;
72795;202200047254;729 849;A01;1;7;13;0;3;1;1;
72796;202200047255;729 848;A01;1;7;0;2;2;15;1;
72797;202200047255;729 850;B01;1;7;0;2;1;1;1;
72798;202200047256;729 845;A01;2;7;0;2;1;15;1;
72799;202200047256;729 847;B01;1;33;0;2;1;1;1;
72800;202200047257;729 846;A01;0;7;0;1;7;1;1;
72801;202200047258;729 843;B01;1;1;0;2;8;1;5;
72802;202200047258;729 844;A01;2;7;0;2;3;15;1;
72803;202200047260;729 841;A01;2;15;0;1;2;1;1;
72804;202200047261;729 840;A01;3;10;0;1;2;1;1;
72805;202200047262;729 836;A01;1;33;8;0;0;1;1;
72806;202200047262;729 838;B01;1;7;0;0;0;15;1;
72807;202200047263;729 835;A01;1;7;4;0;1;9;1;
72808;202200047264;729 837;B01;2;7;0;2;1;15;1;
72809;202200047264;729 839;A01;1;33;0;2;1;1;1;
72810;202200047265;729 832;A01;2;7;0;2;3;1;1;
72811;202200047265;729 834;B01;1;2;0;2;1;1;1;
72812;202200047266;729 830;A01;3;10;0;2;1;1;1;
72813;202200047266;729 833;B01;3;7;0;2;3;15;1;
72814;202200047267;729 827;A01;0;33;0;0;8;26;1;
72815;202200047269;729 828;A01;2;7;0;2;1;17;1;
72816;202200047269;729 829;B01;2;7;0;0;6;1;1;
72817;202200047269;729 831;C01;1;7;0;2;1;1;1;
72818;202200047270;729 822;A01;2;33;0;0;0;1;1;
72819;202200047270;729 824;B01;1;7;0;0;0;13;1;
72820;202200047271;729 821;B01;1;7;0;2;3;1;1;
72821;202200047271;729 825;A01;2;30;0;2;5;1;1;
72822;202200047272;729 820;A01;3;7;0;9;2;1;1;
72823;202200047273;729 818;A01;3;1;0;1;1;1;5;
72824;202200047274;729 816;B01;3;31;0;2;1;1;1;
72825;202200047274;729 819;A01;1;7;0;2;8;15;1;
72826;202200047275;729 815;A01;2;7;0;2;3;17;1;
72827;202200047275;729 817;B01;1;2;0;2;1;1;1;
72828;202200047276;729 812;B01;2;7;0;2;2;1;1;
72829;202200047276;729 814;A01;1;7;0;2;3;1;1;
72830;202200047277;729 811;A01;2;33;0;6;1;1;1;
72831;202200047278;729 810;B01;2;7;0;2;8;19;1;
72832;202200047278;729 813;A01;2;7;0;2;1;1;1;
72833;202200047279;729 808;A01;1;7;0;2;3;13;1;
72834;202200047279;729 809;B01;2;38;0;2;3;1;1;3.0
72835;202200047280;729 806;B01;1;7;0;2;3;15;1;
72836;202200047280;729 807;A01;1;7;0;2;1;1;1;
72837;202200047281;729 804;A01;0;10;0;1;2;16;1;
72838;202200047282;729 803;A01;2;7;0;2;1;16;1;
72839;202200047282;729 805;B01;2;33;0;2;7;1;1;
72840;202200047283;729 801;B01;1;50;0;2;0;0;3;
72841;202200047283;729 802;A01;1;7;0;2;4;10;0;
72842;202200047284;729 799;A01;2;7;1;0;1;1;-1;
72843;202200047285;729 798;B01;3;7;0;2;2;1;1;
72844;202200047285;729 800;A01;3;33;13;2;7;1;1;
72845;202200047286;729 797;A01;2;32;1;0;1;1;1;
72846;202200047287;729 795;A01;1;7;0;2;1;1;1;
72847;202200047287;729 796;B01;2;7;0;2;8;1;1;
72848;202200047288;729 794;A01;2;30;0;1;1;25;1;
72849;202200047290;729 791;B01;1;2;0;2;1;1;1;
72850;202200047290;729 793;A01;1;7;0;2;2;19;1;
72851;202200047291;729 788;A01;3;7;0;9;3;5;1;
72852;202200047291;729 790;B01;1;30;0;2;1;1;1;
72853;202200047292;729 787;A01;2;1;0;2;1;9;5;
72854;202200047292;729 789;B01;1;10;0;2;8;1;1;
72855;202200047293;729 784;B01;1;7;0;2;4;2;2;
72856;202200047293;729 786;A01;1;7;0;2;1;2;1;
72857;202200047294;729 783;B01;3;80;0;2;4;1;3;
72858;202200047294;729 785;A01;3;7;0;9;2;9;1;
72859;202200047295;729 781;A01;2;36;0;0;9;1;1;
72860;202200047296;729 782;A01;1;7;0;1;2;16;2;
72861;202200047297;729 778;B01;2;7;0;2;3;1;1;
72862;202200047297;729 780;A01;1;7;0;2;3;15;1;
72863;202200047298;729 777;A01;2;7;0;2;2;16;2;
72864;202200047298;729 779;B01;2;30;0;2;3;18;1;
72865;202200047299;729 776;A01;1;7;2;0;3;1;1;
72866;202200047300;729 775;A01;1;10;0;1;2;1;1;
72867;202200047301;729 773;A01;2;7;0;2;6;15;1;
72868;202200047301;729 774;B01;2;33;0;2;1;17;1;
72869;202200047302;729 772;A01;2;1;0;0;0;1;5;
72870;202200047303;729 770;A01;1;7;8;0;1;13;1;
72871;202200047304;729 769;A01;1;7;0;2;1;2;1;
72872;202200047304;729 771;B01;1;7;0;2;4;15;1;
72873;202200047305;729 767;B01;0;7;0;2;8;1;1;
72874;202200047305;729 768;A01;0;1;0;2;7;5;5;
72875;202200047306;729 765;A01;1;7;0;9;1;2;1;
72876;202200047306;729 766;B01;1;1;0;2;8;2;5;
72877;202200047307;729 763;A01;0;1;0;2;7;1;5;
72878;202200047307;729 764;B01;1;32;0;2;1;1;1;
72879;202200047308;729 762;A01;1;7;2;0;9;2;1;
72880;202200047309;729 760;A01;1;80;12;0;7;14;3;
72881;202200047310;729 758;C01;1;7;4;0;9;1;1;
72882;202200047310;729 759;B01;1;7;0;0;1;2;1;
72883;202200047310;729 761;A01;1;7;0;0;4;23;1;
72884;202200047311;729 756;A01;1;80;0;2;1;17;3;
72885;202200047311;729 757;B01;1;1;0;2;1;13;5;
72886;202200047312;729 754;B01;2;14;0;2;3;1;1;
72887;202200047312;729 755;A01;1;7;0;2;1;13;1;
72888;202200047313;729 752;A01;2;30;0;2;7;1;3;
72889;202200047313;729 753;B01;2;33;0;2;8;10;1;
72890;202200047314;729 751;A01;2;33;13;0;1;1;1;
72891;202200047315;729 748;A01;2;7;0;2;2;1;1;
72892;202200047315;729 750;B01;3;60;0;2;1;19;5;
72893;202200047316;729 749;A01;1;10;0;1;2;1;1;
72894;202200047317;729 747;A01;2;32;0;1;2;1;1;
72895;202200047319;729 743;A01;1;33;0;2;1;2;1;
72896;202200047319;729 745;B01;1;10;0;2;4;2;3;
72897;202200047320;729 742;A01;2;33;5;0;9;17;1;
72898;202200047321;729 739;B01;1;7;0;2;3;1;2;
72899;202200047321;729 741;A01;3;1;0;2;1;1;5;
72900;202200047322;729 736;A01;1;7;0;2;5;23;1;
72901;202200047322;729 737;B01;1;32;0;2;3;2;1;
72902;202200047323;729 735;A01;1;7;14;0;3;0;1;
72903;202200047324;729 733;A01;3;7;0;1;1;1;1;
72904;202200047325;729 734;A01;1;1;0;1;1;1;5;
72905;202200047326;729 732;A01;1;7;1;0;2;1;1;
72906;202200047327;729 730;B01;2;30;0;2;2;18;1;
72907;202200047327;729 731;A01;2;10;0;2;2;16;1;
72908;202200047328;729 729;A01;1;21;13;0;7;14;1;
72909;202200047329;729 728;A01;2;7;0;1;3;0;1;
72910;202200047330;729 726;A01;1;2;0;2;8;19;1;
72911;202200047330;729 727;B01;2;10;0;2;2;19;1;
72912;202200047331;729 725;A01;2;7;0;1;0;10;1;
72913;202200047332;729 723;B01;3;33;0;2;1;1;1;
72914;202200047332;729 724;A01;3;7;0;2;2;19;1;
72915;202200047333;729 722;A01;1;7;0;1;3;15;2;
72916;202200047335;729 718;A01;1;1;0;2;3;13;5;
72917;202200047335;729 719;B01;2;7;0;9;3;2;1;
72918;202200047336;729 712;A01;1;37;0;2;1;1;1;1.0
72919;202200047336;729 713;B01;1;7;0;2;1;1;1;
72920;202200047336;729 714;C01;1;7;0;2;4;1;1;
72921;202200047336;729 715;D01;1;7;0;2;4;2;1;
72922;202200047336;729 716;E01;1;7;0;2;4;1;1;
72923;202200047337;729 711;A01;1;7;0;0;9;1;1;
72924;202200047338;729 708;A01;2;33;0;2;1;3;1;
72925;202200047338;729 709;B01;2;33;0;2;0;0;1;
72926;202200047338;729 710;C01;2;7;0;2;4;1;1;
72927;202200047339;729 706;B01;2;14;0;2;6;2;1;
72928;202200047339;729 707;A01;2;7;0;2;2;2;1;
72929;202200047340;729 703;C01;1;7;0;2;1;0;0;
72930;202200047340;729 704;B01;1;7;0;2;2;0;1;
72931;202200047340;729 705;A01;1;7;0;0;6;0;2;
72932;202200047341;729 701;A01;2;33;0;2;4;17;1;
72933;202200047341;729 702;B01;2;43;0;2;3;11;1;
72934;202200047342;729 698;C01;2;33;0;2;1;2;1;
72935;202200047342;729 699;B01;2;7;0;2;1;2;2;
72936;202200047342;729 700;A01;2;7;0;2;4;2;1;
72937;202200047343;729 696;A01;2;7;0;2;1;2;1;
72938;202200047343;729 697;B01;1;7;0;2;4;1;2;
72939;202200047344;729 694;B01;1;33;0;2;3;3;1;
72940;202200047344;729 695;A01;1;7;0;2;2;12;1;
72941;202200047345;729 690;A01;1;33;0;2;1;3;1;
72942;202200047345;729 691;B01;1;7;0;2;4;12;1;
72943;202200047345;729 692;C01;1;7;0;2;3;1;2;
72944;202200047345;729 693;D01;1;7;0;2;4;1;1;
72945;202200047346;729 688;B01;1;32;0;2;8;1;1;
72946;202200047346;729 689;A01;1;7;0;2;7;14;1;
72947;202200047347;729 686;B01;2;7;0;2;4;1;1;
72948;202200047347;729 687;A01;2;33;0;2;1;3;1;
72949;202200047348;729 684;A01;1;7;0;2;4;12;2;
72950;202200047348;729 685;B01;1;33;0;2;1;3;1;
72951;202200047350;729 680;A01;2;7;16;0;1;14;1;
72952;202200047351;729 678;B01;2;2;0;2;1;17;1;
72953;202200047351;729 679;A01;2;7;0;2;0;0;1;
72954;202200047352;729 676;B01;3;33;0;2;9;1;1;
72955;202200047352;729 677;A01;3;7;0;2;3;10;1;
72956;202200047353;729 674;B01;0;7;0;2;3;9;0;
72957;202200047353;729 675;A01;3;33;0;2;1;13;1;
72958;202200047354;729 673;A01;1;7;0;1;1;19;1;
72959;202200047355;729 671;A01;2;7;1;2;2;16;3;
72960;202200047355;729 672;B01;2;30;1;2;1;1;0;
72961;202200047356;729 670;A01;1;30;0;0;8;0;1;
72962;202200047358;729 668;A01;2;7;8;0;1;13;1;
72963;202200047359;729 666;B01;1;7;0;2;0;24;1;
72964;202200047359;729 667;A01;1;7;1;0;3;26;1;
72965;202200047360;729 663;A01;1;7;0;2;1;1;1;
72966;202200047360;729 664;B01;1;7;0;2;4;1;1;
72967;202200047360;729 665;C01;1;7;0;2;4;1;1;
72968;202200047361;729 661;A01;3;7;0;2;2;15;1;
72969;202200047361;729 662;B01;3;32;0;2;1;15;1;
72970;202200047362;729 660;A01;1;7;0;1;3;15;1;
72971;202200047363;729 658;B01;1;7;0;2;2;1;1;
72972;202200047363;729 659;A01;1;33;0;2;3;21;1;
72973;202200047364;729 656;B01;2;33;0;2;1;3;1;
72974;202200047364;729 657;A01;1;7;0;2;2;15;1;
72975;202200047365;729 655;A01;3;7;0;1;4;26;1;
72976;202200047366;729 653;A01;1;7;0;2;2;1;1;
72977;202200047366;729 654;B01;3;7;0;2;6;9;1;
72978;202200047367;729 652;A01;1;33;0;1;1;15;1;
72979;202200047368;729 650;B01;2;80;0;2;1;1;3;
72980;202200047368;729 651;A01;2;7;0;2;2;16;1;
72981;202200047370;729 644;B01;1;31;0;2;1;1;1;
72982;202200047370;729 645;A01;1;10;0;2;3;1;1;
72983;202200047371;729 642;B01;1;7;0;2;7;0;1;
72984;202200047371;729 643;A01;2;37;0;2;1;0;1;3.0
72985;202200047372;729 640;B01;2;1;1;0;7;26;5;
72986;202200047372;729 641;A01;2;7;0;9;3;22;1;
72987;202200047373;729 639;A01;1;7;0;1;1;1;1;
72988;202200047374;729 638;A01;0;10;0;1;1;15;1;
72989;202200047375;729 636;B01;1;33;0;2;4;2;1;
72990;202200047375;729 637;A01;1;7;0;2;1;2;1;
72991;202200047376;729 635;A01;1;7;0;1;1;1;1;
72992;202200047377;729 633;A01;1;7;0;2;8;15;1;
72993;202200047377;729 634;B01;1;2;0;2;1;1;1;
72994;202200047378;729 631;A01;1;7;0;2;3;26;2;
72995;202200047378;729 632;B01;2;50;0;2;7;19;3;
72996;202200047379;729 628;A01;1;15;0;2;1;1;1;
72997;202200047379;729 629;B01;1;13;0;2;4;1;1;
72998;202200047379;729 630;C01;1;13;0;2;4;1;1;
72999;202200047380;729 626;A01;3;33;0;2;1;26;1;
73000;202200047380;729 627;B01;3;7;0;2;4;0;1;
73001;202200047381;729 624;A01;3;33;0;2;2;19;1;
73002;202200047381;729 625;B01;3;7;0;2;3;15;1;
73003;202200047382;729 623;A01;2;7;0;1;2;7;1;
73004;202200047383;729 621;A01;1;7;0;2;1;1;1;
73005;202200047383;729 622;B01;1;7;0;2;8;0;1;
73006;202200047384;729 619;A01;1;7;0;2;1;9;1;
73007;202200047384;729 620;B01;2;50;0;2;1;5;3;
73008;202200047385;729 617;A01;1;50;0;2;1;19;3;
73009;202200047385;729 618;B01;2;7;0;2;2;1;1;
73010;202200047386;729 615;B01;2;7;0;2;1;16;1;
73011;202200047386;729 616;A01;1;10;0;2;3;1;1;
73012;202200047387;729 613;A01;1;50;0;2;0;19;3;
73013;202200047387;729 614;B01;2;37;0;2;1;1;6;1.0
73014;202200047388;729 610;A01;1;7;0;2;3;1;1;
73015;202200047388;729 611;B01;1;7;0;2;5;1;1;
73016;202200047388;729 612;C01;1;7;0;2;1;1;1;
73017;202200047389;729 609;A01;1;7;9;0;1;5;3;
73018;202200047390;729 607;A01;2;7;0;2;8;15;1;
73019;202200047390;729 608;B01;1;33;0;2;7;17;1;
73020;202200047391;729 605;A01;1;7;0;2;1;1;1;
73021;202200047391;729 606;B01;1;7;0;2;4;1;1;
73022;202200047392;729 604;A01;2;7;0;1;0;1;1;
73023;202200047394;729 600;B01;3;7;0;2;4;16;1;
73024;202200047394;729 601;A01;3;32;0;2;1;1;1;
73025;202200047395;729 598;B01;1;31;0;2;7;1;1;
73026;202200047395;729 599;A01;1;7;0;2;3;1;1;
73027;202200047396;729 597;Z01;1;0;0;1;2;2;0;
73028;202200047397;729 596;A01;2;7;0;1;1;1;1;
73029;202200047398;729 594;A01;1;33;0;2;5;1;1;
73030;202200047398;729 595;B01;1;7;0;2;5;15;1;
73031;202200047399;729 593;A01;2;7;0;1;2;1;1;
73032;202200047401;729 586;A01;1;7;0;2;1;2;1;
73033;202200047401;729 587;B01;1;7;0;2;4;2;1;
73034;202200047402;729 584;B01;1;7;0;9;3;26;1;
73035;202200047402;729 585;A01;1;50;0;2;1;25;3;
73036;202200047404;729 580;A01;0;7;0;2;8;15;1;
73037;202200047404;729 581;B01;0;33;0;2;2;1;1;
73038;202200047405;729 578;A01;1;7;0;2;7;26;1;
73039;202200047405;729 579;B01;1;7;0;2;1;26;1;
73040;202200047406;729 577;A01;1;7;0;1;0;1;1;
73041;202200047407;729 576;A01;1;7;0;1;1;1;1;
73042;202200047408;729 574;B01;1;7;0;2;8;26;1;
73043;202200047408;729 575;A01;1;1;0;2;1;1;5;
73044;202200047409;729 573;A01;1;7;0;0;1;1;1;
73045;202200047410;729 571;A01;2;7;0;2;8;13;1;
73046;202200047410;729 572;B01;2;33;0;2;7;1;1;
73047;202200047411;729 566;A01;2;33;0;2;1;1;1;
73048;202200047411;729 567;B01;2;7;0;2;3;1;1;
73049;202200047412;729 564;A01;3;33;0;2;1;17;1;
73050;202200047412;729 565;B01;1;7;0;2;8;15;1;
73051;202200047413;729 563;A01;0;7;0;1;2;19;1;
73052;202200047414;729 561;B01;3;7;0;2;8;1;1;
73053;202200047414;729 562;A01;3;7;0;2;8;1;0;