;Num_Acc;id_vehicule;num_veh;senc;catv;obs;obsm;choc;manv;motor;occutc
73054;202200047415;729 559;B01;3;2;0;2;7;2;1;
73055;202200047415;729 560;A01;3;7;0;2;1;2;1;
73056;202200047416;729 557;A01;3;7;0;2;3;16;1;
73057;202200047416;729 558;B01;0;1;0;2;1;1;5;
73058;202200047417;729 555;B01;1;7;0;2;4;2;1;
73059;202200047417;729 556;A01;1;7;0;2;1;2;1;
73060;202200047418;729 553;A01;0;1;0;2;1;1;5;
73061;202200047418;729 554;B01;0;7;0;2;4;1;1;
73062;202200047419;729 551;B01;3;33;0;2;1;1;1;
73063;202200047419;729 552;A01;3;7;0;2;3;15;1;
73064;202200047420;729 549;B01;1;30;0;2;4;9;1;
73065;202200047420;729 550;A01;1;7;0;2;3;16;1;
73066;202200047421;729 548;A01;2;7;0;1;1;2;1;
73067;202200047422;729 546;B01;1;31;0;2;4;1;1;
73068;202200047422;729 547;A01;1;7;0;2;1;2;1;
73069;202200047423;729 544;B01;2;32;0;2;1;1;1;
73070;202200047423;729 545;A01;3;7;0;2;3;15;3;
73071;202200047424;729 543;A01;1;50;16;0;1;1;3;
73072;202200047426;729 540;A01;1;50;0;2;1;15;3;
73073;202200047426;729 541;B01;1;7;0;2;2;1;1;
73074;202200047427;729 539;A01;1;7;0;2;1;17;1;
73075;202200047428;729 538;A01;1;10;0;1;4;4;3;
73076;202200047429;729 536;B01;3;7;0;2;7;1;1;
73077;202200047429;729 537;A01;3;7;0;2;1;9;1;
73078;202200047430;729 526;B01;0;7;0;2;4;1;1;
73079;202200047430;729 527;A01;0;7;0;2;1;1;1;
73080;202200047431;729 524;Z01;0;10;0;9;1;16;0;
73081;202200047431;729 525;A01;0;1;0;2;4;2;5;
73082;202200047432;729 520;A01;2;50;0;2;1;25;3;
73083;202200047432;729 521;B01;3;7;0;2;2;9;1;
73084;202200047433;729 518;B01;2;10;0;2;1;1;1;
73085;202200047433;729 519;A01;2;7;0;2;3;9;1;
73086;202200047434;729 516;B01;1;7;0;2;3;11;1;
73087;202200047434;729 517;A01;1;32;0;2;1;1;1;
73088;202200047435;729 514;B01;2;7;0;2;3;0;1;
73089;202200047435;729 515;A01;1;7;0;2;3;13;1;
73090;202200047436;729 512;A01;1;7;0;9;2;1;1;
73091;202200047436;729 513;B01;3;60;0;2;8;11;5;
73092;202200047437;729 510;A01;2;7;0;2;1;1;1;
73093;202200047437;729 511;B01;2;7;0;2;4;1;1;
73094;202200047438;729 508;B01;1;30;0;2;8;1;1;
73095;202200047438;729 509;A01;3;7;0;2;1;19;1;
73096;202200047439;729 507;A01;1;7;0;1;1;17;1;
73097;202200047440;729 506;A01;1;7;6;0;3;1;1;
73098;202200047441;729 504;B01;1;2;0;2;7;1;1;
73099;202200047441;729 505;A01;1;7;0;2;3;15;1;
73100;202200047442;729 502;B01;1;1;0;2;7;1;2;
73101;202200047442;729 503;A01;1;7;0;9;3;19;1;
73102;202200047443;729 501;A01;1;14;3;0;7;1;1;
73103;202200047444;729 499;B01;1;37;0;2;1;1;0;1.0
73104;202200047444;729 500;A01;2;7;0;2;1;1;1;
73105;202200047445;729 498;A01;1;10;0;6;1;21;1;
73106;202200047446;729 496;A01;1;7;0;1;1;2;1;
73107;202200047448;729 492;A01;1;10;0;2;3;13;1;
73108;202200047448;729 493;B01;2;7;0;2;3;1;1;
73109;202200047449;729 489;B01;2;7;0;2;1;1;2;
73110;202200047449;729 490;C01;1;7;0;2;1;2;0;
73111;202200047449;729 491;A01;1;7;0;2;1;13;1;
73112;202200047451;729 485;B01;1;2;0;2;8;15;1;
73113;202200047451;729 486;A01;1;7;0;2;1;1;1;
73114;202200047452;729 484;A01;2;7;0;0;0;1;1;
73115;202200047453;729 483;A01;1;7;2;0;1;1;1;
73116;202200047454;729 482;A01;3;7;17;0;1;1;1;
73117;202200047455;729 480;A01;2;7;0;2;3;5;1;
73118;202200047455;729 481;B01;1;17;0;2;3;1;1;
73119;202200047456;729 477;C01;2;7;0;0;0;0;1;
73120;202200047456;729 478;B01;2;7;1;0;1;0;2;
73121;202200047456;729 479;A01;2;7;1;0;1;0;1;
73122;202200047457;729 476;A01;1;7;2;0;8;13;1;
73123;202200047458;729 474;B01;0;14;0;2;2;2;1;
73124;202200047458;729 475;A01;3;7;0;2;6;2;1;
73125;202200047459;729 473;A01;1;7;0;0;1;1;1;
73126;202200047460;729 471;B01;3;50;0;2;7;1;3;
73127;202200047460;729 472;A01;3;7;0;2;2;1;1;
73128;202200047461;729 468;C01;1;7;0;2;1;1;1;
73129;202200047461;729 469;B01;2;7;0;2;3;21;1;
73130;202200047461;729 470;A01;2;7;0;2;5;9;1;
73131;202200047462;729 467;A01;2;7;0;1;2;1;1;
73132;202200047463;729 465;A01;2;7;0;2;1;13;1;
73133;202200047463;729 466;B01;1;7;0;2;1;1;1;
73134;202200047464;729 463;B01;2;7;0;9;2;2;1;
73135;202200047464;729 464;A01;2;80;0;0;8;2;3;
73136;202200047465;729 460;A01;1;10;3;2;1;2;1;
73137;202200047465;729 461;B01;1;10;0;2;4;23;1;
73138;202200047465;729 462;C01;1;7;0;2;4;23;1;
73139;202200047466;729 458;A01;2;7;0;2;1;2;1;
73140;202200047466;729 459;B01;2;7;0;2;4;2;1;
73141;202200047467;729 457;A01;1;7;4;0;1;1;1;
73142;202200047469;729 455;A01;1;7;13;0;0;1;1;
73143;202200047470;729 453;B01;1;7;0;2;8;19;1;
73144;202200047470;729 454;A01;1;7;0;2;3;1;1;
73145;202200047471;729 452;A01;2;7;3;0;0;26;1;
73146;202200047472;729 451;A01;2;43;0;0;1;3;1;
73147;202200047473;729 450;A01;1;7;3;0;7;1;1;
73148;202200047474;729 448;A01;2;7;0;2;1;2;0;
73149;202200047474;729 449;B01;2;7;0;2;4;2;0;
73150;202200047475;729 446;B01;1;7;0;2;8;11;1;
73151;202200047475;729 447;A01;1;33;0;2;1;3;1;
73152;202200047476;729 445;A01;2;7;3;0;9;2;1;
73153;202200047477;729 444;A01;1;7;14;0;1;13;1;
73154;202200047478;729 442;B01;2;30;0;2;5;1;1;
73155;202200047478;729 443;A01;2;7;0;2;2;16;1;
73156;202200047479;729 439;A01;3;7;0;2;1;1;1;
73157;202200047479;729 440;B01;3;7;0;2;4;1;1;
73158;202200047479;729 441;C01;3;7;0;0;4;1;1;
73159;202200047481;729 434;Z01;2;7;0;2;0;2;0;
73160;202200047481;729 435;B01;2;7;0;2;0;0;1;
73161;202200047481;729 436;A01;2;7;1;0;0;0;1;
73162;202200047482;729 432;A01;2;7;0;2;4;2;1;
73163;202200047482;729 433;B01;2;7;1;0;1;2;1;
73164;202200047483;729 431;Z01;1;7;0;1;2;2;0;
73165;202200047484;729 430;A01;1;10;12;0;5;1;1;
73166;202200047485;729 428;B01;3;7;0;2;5;1;1;
73167;202200047485;729 429;A01;3;7;0;2;1;9;1;
73168;202200047486;729 426;B01;3;7;0;2;4;2;1;
73169;202200047486;729 427;A01;3;7;0;2;1;2;1;
73170;202200047487;729 424;A01;1;7;0;2;1;1;1;
73171;202200047487;729 425;B01;1;7;0;2;3;1;1;
73172;202200047488;729 422;A01;1;99;9;0;0;0;3;
73173;202200047488;729 423;B01;3;7;9;0;2;1;1;
73174;202200047489;729 421;A01;2;7;0;1;1;15;1;
73175;202200047490;729 420;A01;2;7;0;0;0;26;1;
73176;202200047491;729 418;A01;2;7;0;2;1;2;1;
73177;202200047491;729 419;B01;2;7;0;0;4;2;1;
73178;202200047492;729 416;A01;3;32;11;2;1;11;1;
73179;202200047492;729 417;B01;3;7;11;2;6;11;1;
73180;202200047494;729 413;A01;1;7;2;0;7;21;1;
73181;202200047495;729 411;B01;3;30;0;2;4;1;3;
73182;202200047495;729 412;A01;3;7;0;2;1;1;0;
73183;202200047496;729 409;A01;1;7;0;2;1;1;1;
73184;202200047496;729 410;B01;1;7;0;2;4;1;2;
73185;202200047497;729 407;A01;1;3;14;0;1;2;3;
73186;202200047497;729 408;B01;1;33;0;2;4;23;1;
73187;202200047498;729 405;A01;1;30;0;2;2;1;1;
73188;202200047498;729 406;B01;1;7;0;2;6;10;0;
73189;202200047499;729 403;A01;1;7;0;2;3;15;1;
73190;202200047499;729 404;B01;2;2;0;2;8;1;1;
73191;202200047500;729 402;A01;1;32;0;0;8;1;1;
73192;202200047501;729 401;A01;1;7;0;1;2;21;2;
73193;202200047502;729 399;A01;2;7;0;2;2;9;1;
73194;202200047502;729 400;B01;1;32;0;2;1;1;3;
73195;202200047503;729 398;A01;1;7;4;0;1;5;1;
73196;202200047504;729 396;B01;1;7;0;2;6;1;2;
73197;202200047504;729 397;A01;1;30;0;2;2;15;1;
73198;202200047505;729 394;B01;3;1;0;2;1;1;5;
73199;202200047505;729 395;A01;2;7;0;2;5;22;2;
73200;202200047506;729 393;Z01;1;1;0;1;1;5;5;
73201;202200047508;729 390;A01;1;7;0;2;0;13;1;
73202;202200047508;729 391;B01;1;2;0;2;0;1;1;
73203;202200047509;729 388;A01;2;7;0;2;8;26;1;
73204;202200047509;729 389;B01;2;7;0;2;1;1;1;
73205;202200047510;729 386;A01;1;7;0;2;4;23;1;
73206;202200047510;729 387;B01;1;7;0;2;1;0;1;
73207;202200047511;729 385;A01;1;10;8;0;2;14;0;
73208;202200047512;729 383;A01;2;7;0;2;1;19;1;
73209;202200047512;729 384;B01;2;7;0;2;8;1;1;
73210;202200047513;729 382;A01;1;7;0;1;1;2;1;
73211;202200047514;729 380;A01;1;7;3;0;6;1;1;
73212;202200047514;729 381;B01;1;7;0;2;3;2;1;
73213;202200047515;729 379;A01;1;7;0;1;1;2;1;
73214;202200047516;729 377;A01;2;7;0;2;1;2;1;
73215;202200047516;729 378;B01;2;17;0;0;5;2;1;
73216;202200047517;729 376;A01;2;7;3;0;1;13;1;
73217;202200047518;729 375;A01;1;7;17;0;1;13;1;
73218;202200047519;729 373;A01;1;7;0;2;2;9;1;
73219;202200047519;729 374;B01;1;1;0;0;4;1;5;
73220;202200047520;729 371;A01;2;33;0;2;2;17;1;
73221;202200047520;729 372;B01;2;7;0;2;3;15;1;
73222;202200047521;729 367;A01;1;31;0;0;1;1;1;
73223;202200047521;729 368;B01;1;7;0;2;1;1;1;
73224;202200047522;729 365;B01;2;7;13;2;3;1;1;
73225;202200047522;729 366;A01;1;7;0;2;1;16;1;
73226;202200047523;729 363;B01;2;7;0;2;1;1;3;
73227;202200047523;729 364;A01;1;10;0;2;1;1;1;
73228;202200047524;729 360;A01;2;7;3;2;1;5;1;
73229;202200047524;729 361;B01;1;7;0;2;1;1;1;
73230;202200047524;729 362;C01;1;7;0;2;1;1;1;
73231;202200047525;729 358;B01;2;1;0;2;4;1;5;
73232;202200047525;729 359;A01;2;7;0;2;1;17;1;
73233;202200047526;729 355;C01;1;7;0;2;8;1;1;
73234;202200047526;729 356;B01;1;15;0;2;8;1;1;
73235;202200047526;729 357;A01;2;7;0;2;3;5;1;
73236;202200047527;729 354;A01;1;7;2;0;1;1;1;
73237;202200047528;729 352;B01;1;7;0;2;1;1;1;
73238;202200047528;729 353;A01;1;7;0;0;8;16;1;
73239;202200047529;729 351;A01;2;7;13;0;1;14;1;
73240;202200047530;729 350;A01;2;7;0;1;1;19;1;
73241;202200047531;729 349;A01;0;7;0;1;5;20;1;
73242;202200047532;729 348;A01;2;31;0;0;0;1;1;
73243;202200047534;729 344;A01;2;7;2;0;1;1;1;
73244;202200047535;729 342;A01;2;7;0;2;3;5;1;
73245;202200047535;729 343;B01;1;7;0;2;3;1;1;
73246;202200047536;729 340;B01;2;33;0;2;8;1;1;
73247;202200047536;729 341;A01;0;10;0;2;1;1;1;
73248;202200047537;729 339;A01;2;7;13;0;1;1;1;
73249;202200047538;729 338;A01;1;7;3;0;3;1;1;
73250;202200047539;729 336;A01;2;7;0;2;0;15;1;
73251;202200047539;729 337;B01;1;2;0;2;0;0;1;
73252;202200047540;729 334;A01;1;7;0;2;6;9;1;
73253;202200047540;729 335;B01;2;33;0;2;0;1;0;
73254;202200047541;729 331;A01;1;7;0;2;1;1;2;
73255;202200047541;729 332;B01;1;7;1;2;5;24;1;
73256;202200047541;729 333;C01;2;7;1;2;8;13;1;
73257;202200047542;729 329;A01;1;7;13;0;9;14;1;
73258;202200047543;729 328;A01;1;7;8;0;1;1;1;
73259;202200047545;729 324;B01;2;7;0;2;3;1;1;
73260;202200047545;729 325;A01;1;7;0;2;1;13;1;
73261;202200047546;729 323;A01;2;10;2;0;2;1;1;
73262;202200047547;729 321;B01;1;33;0;2;1;1;1;
73263;202200047547;729 322;A01;1;7;0;0;6;10;1;
73264;202200047548;729 318;C01;3;10;0;0;2;17;1;
73265;202200047548;729 319;B01;3;17;0;2;1;1;1;
73266;202200047548;729 320;A01;3;7;0;2;1;17;1;
73267;202200047549;729 317;A01;1;7;6;0;2;18;1;
73268;202200047550;729 315;A01;1;7;0;2;1;2;1;
73269;202200047550;729 316;B01;1;7;0;2;4;2;2;
73270;202200047551;729 314;A01;2;7;4;0;3;26;1;
73271;202200047552;729 311;C01;1;7;0;2;7;2;1;
73272;202200047552;729 312;B01;1;7;0;2;6;9;2;
73273;202200047552;729 313;A01;1;7;0;2;2;2;1;
73274;202200047554;729 309;A01;2;7;0;0;9;1;1;
73275;202200047555;729 308;A01;2;7;4;0;3;1;1;
73276;202200047556;729 307;A01;-1;7;4;0;3;13;1;
73277;202200047558;729 305;Z01;2;7;15;0;1;1;1;
73278;202200047559;729 303;A01;2;7;4;0;1;26;1;
73279;202200047559;729 304;B01;2;7;14;1;1;26;1;
73280;202200047560;729 302;A01;2;7;0;9;1;1;1;
73281;202200047561;729 301;A01;1;7;3;0;1;26;1;
73282;202200047562;729 299;B01;2;7;0;2;1;1;1;
73283;202200047562;729 300;A01;2;7;4;2;1;9;1;
73284;202200047563;729 298;A01;1;7;4;0;1;1;1;
73285;202200047564;729 297;A01;2;7;4;0;3;13;1;
73286;202200047565;729 296;A01;2;7;6;0;1;1;1;
73287;202200047566;729 295;A01;2;10;0;1;2;15;1;
73288;202200047567;729 293;A01;2;33;0;0;7;16;1;
73289;202200047568;729 291;A01;1;7;0;2;2;11;1;
73290;202200047568;729 292;B01;1;7;0;2;5;2;1;
73291;202200047569;729 290;A01;2;7;0;1;1;14;1;
73292;202200047571;729 285;A01;2;7;0;2;3;1;1;
73293;202200047571;729 286;B01;1;31;0;2;2;9;1;
73294;202200047572;729 283;A01;1;7;0;0;7;26;2;
73295;202200047572;729 284;B01;1;2;0;2;1;19;1;
73296;202200047573;729 282;A01;2;7;1;0;1;1;1;
73297;202200047574;729 278;A01;1;7;0;2;2;9;1;
73298;202200047574;729 279;B01;1;7;0;2;1;13;1;
73299;202200047575;729 276;A01;1;7;0;2;1;2;0;
73300;202200047575;729 277;B01;2;50;0;2;7;5;3;
73301;202200047576;729 274;B01;2;2;0;2;1;1;1;
73302;202200047576;729 275;A01;2;7;0;2;3;9;1;
73303;202200047577;729 272;B01;1;7;0;2;6;15;1;
73304;202200047577;729 273;A01;1;33;0;2;1;17;1;
73305;202200047578;729 263;I01;2;7;0;2;4;0;1;
73306;202200047578;729 264;A01;2;7;1;2;1;2;1;
73307;202200047578;729 265;B01;2;7;0;2;4;2;1;
73308;202200047578;729 266;C01;2;7;0;2;6;2;1;
73309;202200047578;729 267;D01;2;7;0;2;4;2;1;
73310;202200047578;729 268;E01;2;7;0;2;6;0;1;
73311;202200047578;729 269;F01;2;7;0;2;4;0;1;
73312;202200047578;729 270;G01;2;7;0;2;4;0;1;
73313;202200047578;729 271;H01;2;7;0;2;4;0;1;
73314;202200047579;729 262;A01;1;7;0;1;2;1;1;
73315;202200047580;729 260;A01;3;7;0;2;3;13;1;
73316;202200047580;729 261;B01;3;10;0;2;3;1;1;
73317;202200047582;729 258;A01;2;7;0;1;3;1;1;
73318;202200047583;729 257;A01;0;7;0;0;1;26;1;
73319;202200047584;729 255;A01;1;7;0;2;1;2;1;
73320;202200047584;729 256;B01;1;7;0;2;4;1;1;
73321;202200047585;729 254;A01;1;30;0;1;1;2;1;
73322;202200047586;729 252;A01;2;7;0;2;1;2;1;
73323;202200047586;729 253;B01;2;7;0;2;5;1;1;
73324;202200047587;729 250;B01;2;7;0;2;1;1;1;
73325;202200047587;729 251;A01;1;31;0;2;2;9;1;
73326;202200047588;729 248;A01;3;7;0;2;7;19;1;
73327;202200047588;729 249;B01;0;7;0;2;1;19;1;
73328;202200047590;729 245;A01;0;7;0;1;2;1;1;
73329;202200047591;729 244;A01;1;7;0;1;2;15;1;
73330;202200047592;729 242;A01;1;7;0;2;1;2;1;
73331;202200047592;729 243;B01;1;7;0;2;4;1;1;
73332;202200047593;729 240;B01;3;1;0;2;7;1;5;
73333;202200047593;729 241;A01;3;7;0;2;3;9;0;
73334;202200047594;729 238;B01;2;10;0;2;1;1;1;
73335;202200047594;729 239;A01;2;7;0;2;4;11;1;
73336;202200047595;729 237;A01;1;7;0;1;2;1;1;
73337;202200047596;729 236;A01;3;7;0;1;1;1;1;
73338;202200047597;729 235;A01;1;10;1;0;2;26;1;
73339;202200047598;729 233;A01;0;32;0;2;1;1;1;
73340;202200047598;729 234;B01;0;7;0;2;4;1;1;
73341;202200047599;729 232;Z01;3;7;0;1;2;1;0;
73342;202200047600;729 230;A01;2;2;0;2;2;1;0;
73343;202200047600;729 231;Z01;2;7;0;2;3;0;0;
73344;202200047602;729 228;A01;3;7;1;0;1;14;1;
73345;202200047603;729 226;A01;1;7;0;2;3;9;1;
73346;202200047603;729 227;B01;3;2;0;2;7;1;1;
73347;202200047604;729 225;A01;2;7;0;1;1;15;2;
73348;202200047605;729 223;A01;2;7;9;2;2;1;3;
73349;202200047605;729 224;B01;2;10;0;2;6;1;1;
73350;202200047606;729 221;B01;1;7;0;2;3;1;1;
73351;202200047606;729 222;A01;1;30;0;2;1;15;1;
73352;202200047607;729 220;A01;2;7;0;1;2;1;1;
73353;202200047608;729 219;A01;3;7;4;0;1;1;1;
73354;202200047609;729 218;A01;3;7;0;1;1;16;2;
73355;202200047610;729 217;Z01;2;34;0;0;0;1;0;
73356;202200047611;729 216;A01;2;43;0;1;8;1;1;
73357;202200047612;729 214;A01;2;7;0;2;4;10;1;
73358;202200047612;729 215;B01;2;1;0;2;1;1;5;
73359;202200047613;729 213;A01;2;37;0;1;5;16;6;1.0
73360;202200047614;729 212;A01;2;7;9;0;2;7;1;
73361;202200047615;729 210;B01;3;32;0;2;8;1;1;
73362;202200047615;729 211;A01;3;7;0;2;7;15;1;
73363;202200047616;729 208;A01;2;30;0;2;2;1;1;
73364;202200047616;729 209;B01;2;7;0;2;3;9;1;
73365;202200047619;729 202;B01;2;60;0;2;1;25;5;
73366;202200047619;729 203;A01;1;7;0;2;2;1;1;
73367;202200047620;729 200;B01;3;7;0;2;1;1;1;
73368;202200047620;729 201;A01;3;7;0;2;4;2;1;
73369;202200047621;729 199;A01;-1;7;0;1;1;1;1;
73370;202200047622;729 198;A01;1;7;0;1;2;2;1;
73371;202200047623;729 195;C01;-1;7;0;2;4;23;1;
73372;202200047623;729 196;Z01;-1;7;0;2;1;2;1;
73373;202200047623;729 197;B01;-1;7;0;2;4;2;1;
73374;202200047624;729 194;B01;1;7;1;1;1;21;1;
73375;202200047625;729 193;A01;1;7;0;1;1;9;1;
73376;202200047626;729 192;A01;3;37;0;1;7;1;1;1.0
73377;202200047627;729 190;B01;3;7;0;2;1;1;1;
73378;202200047627;729 191;A01;3;7;0;2;5;1;1;
73379;202200047628;729 188;B01;1;60;0;2;1;2;5;
73380;202200047628;729 189;A01;2;7;0;9;7;22;1;
73381;202200047629;729 186;B01;3;2;0;2;1;1;1;
73382;202200047629;729 187;A01;3;7;0;2;2;15;1;
73383;202200047630;729 185;A01;2;7;13;0;0;1;1;
73384;202200047631;729 184;A01;0;7;8;0;9;1;1;
73385;202200047632;729 182;B01;2;34;0;2;1;1;1;
73386;202200047632;729 183;A01;1;7;0;2;6;19;1;
73387;202200047633;729 180;B01;2;33;0;2;3;1;1;
73388;202200047633;729 181;A01;1;7;0;2;3;15;1;
73389;202200047634;729 178;A01;1;7;0;2;2;26;1;
73390;202200047634;729 179;B01;1;7;0;2;3;26;1;
73391;202200047635;729 177;A01;1;7;0;1;1;2;1;
73392;202200047636;729 175;A01;1;7;0;2;3;9;1;
73393;202200047636;729 176;B01;0;50;0;2;8;0;3;
73394;202200047637;729 174;A01;1;30;0;0;8;1;1;
73395;202200047638;729 173;A01;2;7;0;1;3;1;1;
73396;202200047639;729 170;A01;3;37;0;1;1;1;2;1.0
73397;202200047640;729 168;A01;2;7;0;2;1;16;1;
73398;202200047640;729 169;B01;2;80;0;2;1;1;3;
73399;202200047641;729 166;A01;1;33;0;2;2;1;1;
73400;202200047641;729 167;B01;1;10;0;2;1;11;1;
73401;202200047642;729 164;A01;2;10;0;2;0;9;1;
73402;202200047642;729 165;B01;1;1;0;2;7;1;5;
73403;202200047643;729 162;B01;2;7;0;2;6;1;1;
73404;202200047643;729 163;A01;3;1;0;2;1;19;5;
73405;202200047644;729 160;A01;2;10;0;2;3;15;3;
73406;202200047644;729 161;B01;1;33;0;2;1;1;1;
73407;202200047645;729 157;D01;2;7;0;2;4;23;1;
73408;202200047645;729 158;C01;2;7;0;2;4;1;1;
73409;202200047645;729 159;A01;2;7;0;2;1;1;1;
73410;202200047646;729 155;B01;1;32;0;2;1;2;1;
73411;202200047646;729 156;A01;1;7;0;2;5;16;1;
73412;202200047647;729 153;Z01;1;7;0;0;5;2;0;
73413;202200047647;729 154;A01;1;33;0;2;1;21;1;
73414;202200047648;729 151;A01;2;34;0;2;7;17;1;
73415;202200047648;729 152;B01;2;7;0;2;8;1;1;
73416;202200047649;729 149;B01;2;10;0;2;3;15;1;
73417;202200047649;729 150;A01;1;31;0;2;1;1;1;
73418;202200047650;729 147;B01;1;50;0;2;1;1;3;
73419;202200047650;729 148;A01;1;7;0;2;3;19;1;
73420;202200047651;729 146;A01;3;10;0;1;3;10;1;
73421;202200047652;729 144;B01;0;37;0;2;3;1;1;3.0
73422;202200047652;729 145;A01;0;7;0;2;0;17;1;
73423;202200047653;729 142;B01;0;33;0;9;1;1;1;
73424;202200047653;729 143;A01;0;10;0;9;0;1;1;
73425;202200047654;729 140;B01;2;1;0;2;0;0;5;
73426;202200047654;729 141;A01;1;7;0;9;0;9;1;
73427;202200047655;729 139;A01;2;30;0;0;0;26;1;
73428;202200047656;729 137;B01;3;1;0;2;5;19;5;
73429;202200047656;729 138;A01;3;7;0;2;1;1;1;
73430;202200047657;729 131;A01;2;7;0;2;1;13;0;
73431;202200047657;729 132;B01;1;7;0;2;1;1;0;
73432;202200047659;729 128;B01;1;7;0;2;4;2;1;
73433;202200047659;729 129;A01;1;7;0;2;1;2;1;
73434;202200047660;729 127;A01;3;32;0;2;1;26;0;
73435;202200047661;729 125;B01;1;7;0;2;5;16;1;
73436;202200047661;729 126;A01;2;43;0;2;7;26;1;
73437;202200047662;729 123;B01;2;7;0;2;3;19;1;
73438;202200047662;729 124;A01;1;50;0;2;1;5;3;
73439;202200047663;729 121;A01;2;7;16;2;1;5;1;
73440;202200047663;729 122;B01;1;7;0;2;1;2;6;
73441;202200047664;729 119;B01;3;34;0;2;2;9;1;
73442;202200047664;729 120;A01;3;7;0;2;1;9;1;
73443;202200047665;729 117;A01;3;7;0;2;1;1;1;
73444;202200047665;729 118;B01;3;31;0;0;4;23;1;
73445;202200047666;729 116;A01;1;31;0;0;7;1;1;
73446;202200047669;729 110;A01;2;33;4;0;1;12;1;
73447;202200047671;729 107;A01;2;7;0;2;5;16;1;
73448;202200047671;729 108;B01;2;1;0;2;0;1;5;
73449;202200047672;729 105;Z01;1;7;0;2;3;9;1;
73450;202200047672;729 106;A01;2;32;0;2;1;1;1;
73451;202200047674;729 102;A01;2;1;0;0;0;1;5;
73452;202200047676;729 099;A01;1;33;0;2;4;10;1;
73453;202200047676;729 100;B01;1;30;0;2;1;1;1;
73454;202200047677;729 098;Z01;2;7;0;1;3;9;0;
73455;202200047679;729 093;A01;3;7;0;2;3;1;1;
73456;202200047679;729 094;B01;3;33;0;2;3;1;1;
73457;202200047680;729 092;A01;1;33;14;0;8;10;1;
73458;202200047681;729 090;B01;1;7;0;2;3;1;2;
73459;202200047681;729 091;A01;2;1;0;2;7;1;5;
73460;202200047682;729 088;B01;1;2;1;2;3;18;1;
73461;202200047682;729 089;A01;1;7;1;2;2;20;1;
73462;202200047683;729 084;B01;1;7;0;2;5;1;1;
73463;202200047683;729 086;A01;1;7;0;2;3;1;2;
73464;202200047684;729 080;F01;2;7;0;9;1;2;1;
73465;202200047684;729 081;D01;1;7;0;9;1;2;1;
73466;202200047684;729 082;A01;1;7;0;2;2;2;1;
73467;202200047684;729 083;B01;1;7;0;9;1;2;0;
73468;202200047684;729 085;C01;1;7;0;9;1;2;0;
73469;202200047684;729 087;E01;1;13;0;2;4;2;0;
73470;202200047685;729 079;A01;0;7;0;1;3;16;1;
73471;202200047686;729 077;A01;1;7;0;2;6;11;1;
73472;202200047686;729 078;B01;1;43;0;2;7;0;1;
73473;202200047687;729 075;A01;3;7;0;0;9;1;1;
73474;202200047688;729 074;A01;1;32;0;2;1;1;1;
73475;202200047688;729 076;B01;1;10;0;2;7;1;1;
73476;202200047689;729 072;A01;1;7;0;0;5;12;1;
73477;202200047689;729 073;B01;1;7;0;2;2;1;1;
73478;202200047691;729 069;A01;1;7;0;1;2;1;1;
73479;202200047692;729 066;B01;2;10;0;2;1;1;1;
73480;202200047692;729 068;A01;2;7;-1;2;4;23;1;
73481;202200047693;729 064;A01;2;32;16;0;1;1;1;
73482;202200047694;729 065;A01;1;10;1;0;0;0;0;
73483;202200047694;729 067;B01;2;31;0;2;1;1;1;
73484;202200047695;729 062;B01;2;33;3;2;7;3;1;
73485;202200047695;729 063;A01;2;7;3;2;3;11;1;
73486;202200047696;729 059;A01;2;7;0;2;6;11;1;
73487;202200047696;729 060;B01;2;33;0;2;2;3;1;
73488;202200047697;729 058;B01;1;7;0;2;1;1;1;
73489;202200047697;729 061;A01;1;7;9;2;7;16;1;
73490;202200047698;729 056;A01;2;7;0;2;4;12;1;
73491;202200047698;729 057;B01;2;33;0;2;1;3;1;
73492;202200047699;729 053;B01;1;7;0;2;7;12;1;
73493;202200047699;729 054;A01;1;33;3;2;8;3;1;
73494;202200047700;729 055;A01;3;7;0;1;7;0;1;
73495;202200047701;729 049;B01;1;43;0;2;4;3;1;
73496;202200047701;729 050;A01;1;43;0;2;1;3;1;
73497;202200047701;729 052;C01;1;7;0;2;2;2;1;
73498;202200047702;729 048;B01;1;2;12;2;0;1;1;
73499;202200047702;729 051;A01;-1;10;15;2;0;4;0;
73500;202200047703;729 047;A01;2;7;1;0;6;26;1;
73501;202200047704;729 045;B01;2;15;0;2;2;14;1;
73502;202200047704;729 046;A01;2;7;0;2;3;2;1;
73503;202200047705;729 042;B01;2;42;0;2;1;12;0;
73504;202200047705;729 043;A01;2;7;0;2;4;23;1;
73505;202200047706;729 038;B01;1;7;0;2;4;2;1;
73506;202200047706;729 040;C01;1;7;0;2;4;2;2;
73507;202200047706;729 041;Z01;1;7;0;2;0;0;1;
73508;202200047707;729 039;B01;1;7;0;2;0;0;1;
73509;202200047707;729 044;A01;1;7;0;2;2;9;1;
73510;202200047708;729 035;B01;2;7;0;2;4;1;1;
73511;202200047708;729 037;A01;2;7;0;2;1;1;1;
73512;202200047709;729 036;A01;3;7;0;1;3;15;2;
73513;202200047710;729 033;B01;1;7;0;2;4;2;1;
73514;202200047710;729 034;A01;1;7;0;2;1;1;1;