;Num_Acc;id_vehicule;num_veh;senc;catv;obs;obsm;choc;manv;motor;occutc
73515;202200047711;729 032;B01;0;99;0;1;1;1;0;
73516;202200047712;729 029;A01;2;7;0;2;1;1;1;
73517;202200047712;729 030;B01;2;7;0;2;4;1;1;
73518;202200047712;729 031;C01;2;7;0;2;4;0;1;
73519;202200047713;729 027;A01;2;7;6;0;7;0;1;
73520;202200047714;729 026;B01;1;7;0;2;4;24;1;
73521;202200047714;729 028;A01;1;7;1;0;2;13;1;
73522;202200047715;729 025;A01;1;10;0;1;3;1;3;
73523;202200047716;729 021;A01;2;7;0;2;7;12;1;
73524;202200047716;729 023;B01;2;32;0;2;3;3;1;
73525;202200047716;729 024;C01;2;33;0;2;1;3;1;
73526;202200047717;729 022;A01;1;7;0;1;2;15;1;
73527;202200047719;729 014;B01;1;0;0;2;4;4;0;
73528;202200047719;729 017;A01;1;10;0;1;4;1;0;
73529;202200047720;729 011;B01;2;50;0;2;1;1;3;
73530;202200047720;729 012;A01;2;7;0;2;2;16;1;
73531;202200047721;729 013;A01;2;50;0;0;0;1;3;
73532;202200047722;729 009;A01;1;7;0;2;7;15;2;
73533;202200047722;729 010;B01;1;30;0;2;8;1;3;
73534;202200047723;729 008;A01;2;10;0;1;1;16;1;
73535;202200047724;729 007;A01;1;33;0;1;1;1;1;
73536;202200047726;729 004;A01;1;31;0;1;1;14;1;
73537;202200047727;729 003;A01;2;2;0;0;2;1;1;
73538;202200047728;729 001;B01;2;1;0;2;1;1;5;
73539;202200047728;729 002;A01;1;10;0;2;2;15;1;
73540;202200047729;728 997;B01;3;50;0;2;7;1;3;
73541;202200047729;729 000;A01;2;7;0;9;1;9;3;
73542;202200047730;728 999;A01;1;34;0;1;1;1;1;
73543;202200047731;728 995;A01;1;7;2;0;1;1;1;
73544;202200047732;728 993;C01;2;33;4;0;3;2;1;
73545;202200047732;728 996;B01;1;10;0;0;5;2;1;
73546;202200047732;728 998;A01;1;10;4;0;3;10;1;
73547;202200047733;728 994;A01;2;32;0;1;1;1;1;
73548;202200047734;728 991;A01;3;7;14;0;4;2;0;
73549;202200047734;728 992;B01;0;7;0;2;4;2;0;
73550;202200047735;728 990;A01;1;37;0;0;0;26;1;2.0
73551;202200047736;728 989;A01;1;80;0;1;1;1;3;
73552;202200047737;728 988;A01;3;7;1;1;2;26;1;
73553;202200047738;728 985;A01;1;7;0;2;3;9;1;
73554;202200047738;728 987;B01;2;33;0;2;1;1;1;
73555;202200047739;728 984;A01;3;7;0;2;7;1;1;
73556;202200047739;728 986;B01;3;33;0;2;7;1;1;
73557;202200047741;728 980;A01;1;7;0;1;1;1;1;
73558;202200047743;728 971;A01;2;7;0;1;2;1;1;
73559;202200047744;728 973;A01;1;80;0;2;1;13;3;
73560;202200047744;728 975;Z01;2;1;0;2;1;1;5;
73561;202200047745;728 968;B01;2;1;0;2;1;1;5;
73562;202200047745;728 970;A01;1;10;0;2;3;13;1;
73563;202200047746;728 966;B01;2;7;0;2;6;10;1;
73564;202200047746;728 969;A01;2;33;0;2;1;1;1;
73565;202200047747;728 965;B01;1;7;0;2;0;22;1;
73566;202200047747;728 967;A01;1;1;0;2;0;21;5;
73567;202200047748;728 964;A01;3;33;9;0;1;0;1;
73568;202200047750;728 961;B01;3;1;0;2;0;1;5;
73569;202200047750;728 963;A01;3;7;0;2;0;9;1;
73570;202200047751;728 960;A01;2;33;13;0;0;17;1;
73571;202200047752;728 958;A01;2;7;0;2;3;15;1;
73572;202200047752;728 959;B01;2;2;0;2;3;1;1;
73573;202200047754;728 955;A01;3;7;0;0;0;0;1;
73574;202200047754;728 957;B01;3;1;0;2;1;0;5;
73575;202200047755;728 953;B01;3;50;0;2;8;15;3;
73576;202200047755;728 954;A01;3;2;0;9;1;1;3;
73577;202200047756;728 951;A01;1;7;0;1;3;1;1;
73578;202200047758;728 948;B01;2;7;0;2;5;23;1;
73579;202200047758;728 949;A01;2;7;7;1;1;2;1;
73580;202200047759;728 945;B01;3;31;0;2;1;1;1;
73581;202200047759;728 947;Z01;3;7;0;2;3;10;1;
73582;202200047760;728 944;A01;2;10;0;1;6;4;1;
73583;202200047761;728 943;A01;3;7;0;2;7;9;1;
73584;202200047761;728 946;B01;1;7;0;2;1;1;1;
73585;202200047762;728 941;A01;0;7;0;1;4;26;1;
73586;202200047763;728 939;A01;0;7;0;2;4;13;1;
73587;202200047763;728 940;B01;0;7;0;2;1;1;1;
73588;202200047764;728 938;A01;3;7;0;2;3;15;1;
73589;202200047764;728 942;B01;2;33;0;2;1;1;1;
73590;202200047765;728 937;A01;0;7;0;1;1;1;1;
73591;202200047766;728 936;A01;0;7;0;1;2;2;2;
73592;202200047767;728 934;A01;3;7;0;2;1;13;1;
73593;202200047767;728 935;B01;3;7;0;2;1;1;1;
73594;202200047768;728 933;A01;3;13;0;1;5;26;1;
73595;202200047770;728 929;B01;1;33;0;2;1;1;1;
73596;202200047770;728 932;A01;1;7;0;2;1;1;1;
73597;202200047771;728 928;A01;0;32;0;2;7;21;1;
73598;202200047771;728 931;Z01;0;10;0;0;0;13;0;
73599;202200047772;728 926;A01;1;7;2;0;1;13;1;
73600;202200047773;728 923;A01;1;7;16;1;1;1;1;
73601;202200047774;728 924;C01;2;7;0;2;8;1;2;
73602;202200047774;728 925;B01;1;7;3;2;7;1;1;
73603;202200047774;728 927;A01;1;7;3;2;3;9;1;
73604;202200047775;728 921;A01;1;7;0;2;8;22;1;
73605;202200047775;728 922;B01;1;1;1;0;1;1;5;
73606;202200047776;728 918;B01;1;2;1;0;1;1;1;
73607;202200047776;728 919;A01;1;13;0;0;5;23;1;
73608;202200047777;728 917;A01;1;50;0;0;0;26;3;
73609;202200047778;728 916;B01;3;7;0;2;1;1;1;
73610;202200047778;728 920;A01;3;7;0;2;1;13;1;
73611;202200047779;728 912;C01;1;80;15;2;8;1;3;
73612;202200047779;728 914;B01;1;1;15;2;3;1;5;
73613;202200047779;728 915;A01;1;15;0;2;2;1;1;
73614;202200047781;728 909;A01;1;7;0;1;2;19;1;
73615;202200047782;728 908;B01;2;32;0;2;1;1;1;
73616;202200047782;728 911;A01;2;7;0;2;2;15;1;
73617;202200047783;728 907;A01;1;33;16;0;8;1;1;
73618;202200047784;728 905;B01;2;2;0;2;1;9;1;
73619;202200047784;728 906;A01;1;7;0;2;3;15;1;
73620;202200047785;728 904;A01;1;50;15;0;1;1;3;
73621;202200047786;728 903;A01;1;10;15;0;2;10;1;
73622;202200047787;728 901;B01;2;33;0;2;1;1;1;
73623;202200047787;728 902;A01;1;7;0;2;3;15;1;
73624;202200047789;728 898;A01;1;10;0;1;2;1;0;
73625;202200047790;728 897;A01;3;7;15;0;1;0;1;
73626;202200047791;728 894;A01;3;7;0;2;2;1;1;
73627;202200047791;728 896;B01;3;7;0;2;6;1;1;
73628;202200047792;728 893;A01;2;7;0;1;2;0;1;
73629;202200047793;728 892;A01;1;33;2;2;9;17;1;
73630;202200047793;728 895;B01;1;10;0;9;5;15;1;
73631;202200047794;728 889;B01;3;31;0;2;1;1;1;
73632;202200047794;728 891;A01;3;7;0;2;1;15;1;
73633;202200047795;728 888;B01;1;21;0;2;2;16;1;
73634;202200047795;728 890;A01;1;33;0;2;3;18;1;
73635;202200047796;728 885;B01;3;1;0;2;8;1;5;
73636;202200047796;728 887;A01;3;7;0;2;1;1;1;
73637;202200047797;728 883;B01;3;7;0;9;1;26;1;
73638;202200047797;728 886;A01;2;1;0;2;1;26;5;
73639;202200047798;728 881;B01;2;7;0;2;2;1;1;
73640;202200047798;728 884;A01;3;7;0;2;3;1;1;
73641;202200047799;728 880;A01;2;7;0;2;1;1;1;
73642;202200047799;728 882;B01;1;10;0;2;2;15;1;
73643;202200047800;728 878;A01;3;10;0;1;1;15;1;
73644;202200047801;728 877;A01;1;33;13;0;1;26;1;
73645;202200047802;728 876;A01;1;7;0;9;2;1;1;
73646;202200047802;728 879;B01;1;37;0;2;6;24;1;1.0
73647;202200047803;728 874;A01;2;33;0;0;0;26;1;
73648;202200047804;728 873;A01;1;7;7;2;2;15;1;
73649;202200047804;728 875;B01;1;7;0;2;1;1;1;
73650;202200047805;728 870;A01;1;7;0;2;3;13;1;
73651;202200047805;728 871;B01;2;7;0;2;8;1;1;
73652;202200047805;728 872;C01;2;7;0;2;3;1;1;
73653;202200047806;728 869;A01;2;7;13;0;1;1;1;
73654;202200047807;728 864;A01;2;33;17;0;1;0;1;
73655;202200047809;728 865;A01;2;7;0;2;1;1;1;
73656;202200047809;728 867;B01;2;1;0;2;4;2;5;
73657;202200047810;728 863;A01;1;33;0;0;9;1;1;
73658;202200047811;728 860;A01;1;7;0;2;1;1;1;
73659;202200047811;728 862;B01;2;7;0;2;8;1;1;
73660;202200047812;728 861;A01;3;7;0;1;3;15;1;
73661;202200047813;728 859;A01;1;33;16;0;0;17;1;
73662;202200047814;728 858;A01;1;7;6;0;1;1;1;
73663;202200047815;728 857;A01;1;7;6;0;1;13;1;
73664;202200047816;728 856;A01;1;7;1;1;3;26;1;
73665;202200047817;728 854;A01;1;7;0;1;3;15;1;
73666;202200047818;728 853;A01;2;33;0;0;9;17;1;
73667;202200047819;728 851;B01;1;7;0;2;3;1;1;
73668;202200047819;728 855;A01;3;2;0;2;8;9;1;
73669;202200047820;728 849;A01;1;37;0;0;0;0;6;3.0
73670;202200047820;728 852;B01;1;7;0;2;6;11;1;
73671;202200047821;728 847;A01;1;7;0;9;0;9;1;
73672;202200047821;728 850;B01;0;60;0;2;0;1;5;
73673;202200047822;728 846;A01;2;7;0;0;9;26;1;
73674;202200047823;728 844;A01;3;7;0;1;1;16;1;
73675;202200047824;728 845;A01;1;7;6;2;2;19;1;
73676;202200047824;728 848;B01;1;7;0;2;1;1;1;
73677;202200047825;728 839;B01;1;30;0;2;7;21;1;
73678;202200047825;728 842;A01;3;7;0;2;3;26;1;
73679;202200047826;728 837;C01;1;7;0;2;1;1;0;
73680;202200047826;728 841;B01;1;7;0;2;9;1;0;
73681;202200047826;728 843;A01;1;7;0;2;4;1;0;
73682;202200047827;728 838;A01;1;37;0;1;1;1;1;1.0
73683;202200047828;728 836;A01;2;7;6;0;1;13;1;
73684;202200047830;728 832;A01;0;7;0;1;5;20;1;
73685;202200047831;728 835;A01;3;7;8;2;1;13;1;
73686;202200047831;728 840;B01;3;7;0;2;1;1;1;
73687;202200047832;728 831;B01;0;7;0;2;4;2;1;
73688;202200047832;728 834;A01;0;30;0;2;1;2;1;
73689;202200047833;728 828;B01;2;7;0;2;1;1;1;
73690;202200047833;728 830;A01;1;7;0;2;1;13;1;
73691;202200047834;728 824;A01;0;15;0;2;2;1;1;
73692;202200047834;728 829;B01;0;7;0;2;8;1;1;
73693;202200047835;728 822;A01;0;2;9;0;3;5;0;
73694;202200047836;728 823;A01;1;7;17;0;1;13;1;
73695;202200047838;728 821;A01;1;17;0;1;7;26;1;
73696;202200047839;728 815;A01;1;7;0;2;3;1;1;
73697;202200047839;728 818;B01;2;2;0;2;1;15;1;
73698;202200047840;728 816;B01;3;7;0;2;8;1;1;
73699;202200047840;728 825;A01;2;7;0;2;1;1;1;
73700;202200047841;728 814;C01;1;32;0;2;4;2;1;
73701;202200047841;728 819;B01;1;7;0;2;4;2;1;
73702;202200047841;728 820;A01;1;7;0;2;1;2;1;
73703;202200047842;728 810;A01;1;10;0;2;1;13;1;
73704;202200047842;728 813;B01;2;7;0;2;1;1;1;
73705;202200047843;728 812;A01;3;2;0;2;3;1;1;
73706;202200047843;728 817;B01;3;7;0;2;3;1;1;
73707;202200047844;728 809;A01;1;2;0;2;1;17;1;
73708;202200047844;728 811;B01;2;7;0;2;7;15;1;
73709;202200047845;728 807;A01;3;7;0;1;2;1;1;
73710;202200047846;728 806;A01;3;7;1;0;1;26;1;
73711;202200047847;728 804;A01;1;7;0;2;1;9;1;
73712;202200047847;728 808;B01;0;50;0;0;0;0;3;
73713;202200047848;728 805;A01;2;10;13;0;1;1;1;
73714;202200047849;728 801;B01;2;7;0;2;2;15;1;
73715;202200047849;728 803;A01;1;30;0;2;1;18;1;
73716;202200047850;728 802;A01;2;2;0;1;1;17;1;
73717;202200047852;728 794;A01;3;31;0;0;0;0;3;
73718;202200047853;728 798;A01;3;7;0;2;1;15;1;
73719;202200047853;728 800;B01;3;30;0;2;1;1;1;
73720;202200047854;728 792;B01;2;10;0;2;8;1;1;
73721;202200047854;728 795;A01;1;30;0;2;1;1;1;
73722;202200047855;728 793;A01;2;7;0;2;2;2;1;
73723;202200047855;728 797;B01;2;1;0;2;4;2;5;
73724;202200047856;728 790;A01;3;33;0;0;0;15;1;
73725;202200047857;728 789;B01;2;80;0;2;3;1;3;
73726;202200047857;728 791;A01;2;10;0;2;2;14;1;
73727;202200047858;728 787;B01;3;7;1;0;2;26;1;
73728;202200047858;728 788;A01;3;7;0;2;6;23;1;
73729;202200047859;728 781;A01;3;7;0;2;3;9;1;
73730;202200047859;728 784;B01;3;33;0;2;1;1;1;
73731;202200047861;728 782;B01;1;7;0;2;3;26;1;
73732;202200047861;728 783;A01;1;7;0;2;2;1;1;
73733;202200047862;728 776;B01;1;7;0;2;1;15;1;
73734;202200047862;728 779;A01;1;7;0;2;1;15;1;
73735;202200047863;728 778;B01;1;7;0;2;1;1;1;
73736;202200047863;728 786;A01;2;7;0;2;8;19;1;
73737;202200047864;728 770;A01;2;7;0;0;3;20;1;
73738;202200047864;728 773;B01;2;7;1;1;2;1;1;
73739;202200047864;728 777;C01;2;7;0;0;4;20;1;
73740;202200047865;728 772;B01;1;7;0;2;3;0;1;
73741;202200047865;728 775;A01;1;7;0;2;3;26;1;
73742;202200047866;728 771;A01;2;60;1;2;1;19;5;
73743;202200047866;728 774;B01;2;7;1;2;3;1;1;
73744;202200047867;728 767;B01;3;7;0;2;4;23;1;
73745;202200047867;728 769;A01;3;10;0;2;1;2;1;
73746;202200047868;728 765;A01;1;99;0;1;3;1;1;
73747;202200047869;728 764;A01;1;33;13;2;7;1;1;
73748;202200047869;728 768;B01;1;7;0;2;1;1;1;
73749;202200047870;728 762;B01;1;7;0;2;0;26;2;
73750;202200047870;728 766;A01;1;50;0;2;1;1;3;
73751;202200047871;728 758;B01;2;34;0;-1;-1;-1;-1;
73752;202200047871;728 760;A01;1;99;0;0;0;-1;-1;
73753;202200047872;728 759;C01;2;7;0;2;4;23;1;
73754;202200047872;728 761;B01;2;7;0;2;4;2;1;
73755;202200047872;728 763;A01;2;7;0;2;1;2;1;
73756;202200047873;728 756;A01;1;1;0;0;0;26;5;
73757;202200047874;728 755;A01;3;15;0;9;1;9;1;
73758;202200047874;728 757;B01;3;1;0;2;7;1;5;
73759;202200047875;728 752;Z01;1;7;0;2;1;2;1;
73760;202200047875;728 754;A01;1;1;0;2;4;2;5;
73761;202200047876;728 751;A01;2;7;17;0;1;13;1;
73762;202200047877;728 750;A01;1;7;0;1;0;26;1;
73763;202200047878;728 753;A01;1;7;13;0;1;14;1;
73764;202200047879;728 748;A01;1;50;0;0;0;1;3;
73765;202200047880;728 747;B01;3;7;0;2;3;15;1;
73766;202200047880;728 749;A01;3;1;0;2;1;1;0;
73767;202200047881;728 745;Z01;1;7;0;2;1;15;1;
73768;202200047882;728 741;A01;1;7;0;2;2;26;1;
73769;202200047882;728 744;B01;3;17;0;2;2;0;1;
73770;202200047883;728 742;B01;1;7;0;2;3;1;1;
73771;202200047883;728 746;A01;2;10;0;2;3;13;1;
73772;202200047884;728 739;B01;2;7;0;2;3;13;1;
73773;202200047884;728 743;A01;1;7;0;2;3;1;1;
73774;202200047885;728 736;A01;3;7;0;2;1;2;1;
73775;202200047885;728 738;B01;3;7;0;2;4;2;1;
73776;202200047886;728 737;A01;1;2;0;2;1;2;1;
73777;202200047886;728 740;B01;1;7;0;2;4;2;1;
73778;202200047887;728 730;B01;1;21;0;2;6;1;1;
73779;202200047887;728 733;A01;2;7;0;2;3;1;1;
73780;202200047888;728 731;Z01;0;7;0;2;1;1;1;
73781;202200047888;728 734;A01;0;33;0;2;4;23;1;
73782;202200047889;728 729;B01;1;7;0;2;1;1;1;
73783;202200047889;728 735;A01;2;7;0;2;2;1;1;
73784;202200047890;728 727;A01;2;7;6;0;1;0;1;
73785;202200047891;728 728;B01;1;1;0;2;8;1;5;
73786;202200047891;728 732;A01;1;7;0;2;2;2;1;
73787;202200047892;728 726;A01;0;30;0;0;0;1;1;
73788;202200047893;728 725;A01;0;7;0;0;1;13;1;
73789;202200047894;728 722;A01;1;36;6;0;1;1;1;
73790;202200047895;728 720;Z01;1;0;0;0;0;0;0;
73791;202200047895;728 724;A01;2;32;0;0;0;26;1;
73792;202200047896;728 721;A01;3;7;0;1;8;1;1;
73793;202200047897;728 719;A01;1;7;0;1;3;1;2;
73794;202200047898;728 717;A01;1;7;0;0;0;0;1;
73795;202200047899;728 716;A01;2;7;0;1;3;1;1;
73796;202200047900;728 714;A01;1;2;6;0;1;1;1;
73797;202200047902;728 710;A01;3;7;0;1;3;1;1;
73798;202200047903;728 709;B01;3;1;0;2;8;19;5;
73799;202200047903;728 712;A01;3;7;0;2;2;26;1;
73800;202200047905;728 705;A01;2;7;0;2;3;16;1;
73801;202200047905;728 708;B01;2;32;0;2;3;1;1;
73802;202200047906;728 704;A01;1;10;0;2;1;16;1;
73803;202200047906;728 707;B01;1;33;0;2;1;1;1;
73804;202200047907;728 701;A01;1;20;0;1;1;1;1;
73805;202200047908;728 699;A01;2;30;0;2;1;1;1;
73806;202200047908;728 703;B01;1;7;0;2;7;15;1;
73807;202200047909;728 696;A01;3;7;8;0;1;1;1;
73808;202200047910;728 694;A01;2;2;0;1;1;2;1;
73809;202200047911;728 693;A01;1;7;0;2;3;15;1;
73810;202200047911;728 697;B01;1;30;0;2;1;2;1;
73811;202200047912;728 685;A01;1;7;13;0;1;1;1;
73812;202200047914;728 684;A01;1;10;0;2;1;1;1;
73813;202200047914;728 689;B01;1;7;0;2;4;1;1;
73814;202200047914;728 690;C01;1;7;0;2;4;23;1;
73815;202200047915;728 681;A01;2;7;0;2;3;13;1;
73816;202200047915;728 688;B01;1;10;0;2;3;0;1;
73817;202200047916;728 682;A01;1;7;0;2;1;2;1;
73818;202200047916;728 687;B01;1;7;0;2;4;2;1;
73819;202200047916;728 692;C01;1;10;0;2;4;2;1;
73820;202200047916;728 695;D01;1;10;0;2;4;2;1;
73821;202200047916;728 698;E01;1;7;0;2;4;23;1;
73822;202200047916;728 700;F01;1;7;0;2;0;23;1;
73823;202200047917;728 680;A01;2;7;0;2;7;10;1;
73824;202200047917;728 683;B01;1;7;0;2;1;1;1;
73825;202200047918;728 678;A01;2;7;0;1;1;1;1;
73826;202200047919;728 676;A01;2;7;2;0;3;1;1;
73827;202200047920;728 675;A01;1;30;1;0;1;1;1;
73828;202200047921;728 674;B01;1;7;0;0;0;0;1;
73829;202200047921;728 677;A01;1;7;0;2;1;1;1;
73830;202200047922;728 673;A01;1;10;0;2;2;15;1;
73831;202200047922;728 679;B01;2;33;0;2;1;1;1;
73832;202200047923;728 671;A01;0;7;0;1;1;10;1;
73833;202200047924;728 670;A01;2;7;0;1;1;1;1;
73834;202200047925;728 667;A01;1;7;0;1;3;1;1;
73835;202200047926;728 666;B01;0;7;0;2;6;1;1;
73836;202200047926;728 668;A01;0;7;0;2;2;1;1;
73837;202200047927;728 664;A01;1;33;0;0;0;1;1;
73838;202200047929;728 662;A01;2;10;0;2;5;16;1;
73839;202200047929;728 665;B01;2;1;0;2;8;1;5;
73840;202200047930;728 660;A01;1;33;13;0;1;1;1;
73841;202200047931;728 658;A01;1;7;0;2;1;2;1;
73842;202200047931;728 661;B01;1;7;0;2;4;2;1;
73843;202200047932;728 659;A01;1;7;0;1;3;16;1;
73844;202200047933;728 655;A01;3;7;4;0;2;1;1;
73845;202200047934;728 654;A01;1;7;0;2;1;1;1;
73846;202200047934;728 657;B01;1;7;0;2;8;1;2;
73847;202200047935;728 652;A01;2;7;0;1;2;1;1;
73848;202200047936;728 650;B01;2;7;0;2;6;1;1;
73849;202200047936;728 653;A01;2;34;0;2;1;3;1;
73850;202200047938;728 648;B01;3;7;0;2;1;16;1;
73851;202200047938;728 656;A01;3;7;0;2;3;15;1;
73852;202200047939;728 645;A01;1;7;0;2;3;10;1;
73853;202200047939;728 647;B01;2;33;0;2;1;1;1;
73854;202200047940;728 644;B01;2;1;0;2;1;1;5;
73855;202200047940;728 646;A01;2;7;0;2;8;22;1;
73856;202200047941;728 638;B01;2;7;3;0;5;1;1;
73857;202200047941;728 641;A01;1;7;0;2;3;18;1;
73858;202200047942;728 639;A01;1;13;0;2;5;16;1;
73859;202200047942;728 642;B01;1;80;0;2;1;1;3;
73860;202200047943;728 637;B01;1;7;0;2;2;1;1;
73861;202200047943;728 643;A01;2;7;9;2;0;19;1;
73862;202200047944;728 640;A01;1;30;14;0;1;1;1;
73863;202200047947;728 628;A01;2;7;0;0;7;16;1;
73864;202200047947;728 632;B01;1;60;0;2;1;1;5;
73865;202200047948;728 627;B01;1;7;0;9;4;2;1;
73866;202200047948;728 631;A01;1;33;0;2;1;2;1;
73867;202200047949;728 624;A01;3;7;0;1;2;1;1;
73868;202200047951;728 626;A01;2;99;0;2;2;15;1;
73869;202200047951;728 630;B01;1;33;0;2;3;0;1;
73870;202200047952;728 622;A01;1;7;0;9;2;12;1;
73871;202200047952;728 623;B01;2;1;3;2;4;15;5;
73872;202200047953;728 619;A01;2;7;1;0;2;2;1;
73873;202200047953;728 621;B01;2;17;0;2;6;24;0;
73874;202200047954;728 616;A01;1;7;0;2;5;15;1;
73875;202200047954;728 620;B01;2;7;0;2;2;1;1;
73876;202200047955;728 614;B01;1;7;0;2;1;1;1;
73877;202200047955;728 617;A01;1;7;0;2;1;3;1;
73878;202200047956;728 612;A01;1;7;0;1;3;2;1;
73879;202200047957;728 606;B01;2;32;0;2;1;1;1;
73880;202200047957;728 610;A01;1;10;0;2;6;9;1;
73881;202200047958;728 604;A01;1;7;0;9;5;16;1;
73882;202200047958;728 608;B01;1;2;0;2;1;1;3;
73883;202200047959;728 605;A01;3;7;0;2;1;1;1;
73884;202200047959;728 609;B01;3;7;0;2;8;1;1;
73885;202200047961;728 599;C01;2;7;0;2;0;0;1;
73886;202200047961;728 603;B01;2;7;0;2;0;0;1;
73887;202200047961;728 607;A01;2;33;0;2;0;0;1;
73888;202200047962;728 596;A01;3;7;0;0;3;15;1;
73889;202200047962;728 598;B01;3;32;0;2;2;2;1;
73890;202200047963;728 595;A01;1;7;0;1;5;1;1;
73891;202200047964;728 594;A01;1;7;0;9;0;15;1;
73892;202200047964;728 597;B01;2;1;0;2;1;0;5;
73893;202200047966;728 587;C01;1;7;0;2;1;1;1;
73894;202200047966;728 590;B01;1;7;0;2;1;1;3;
73895;202200047966;728 593;A01;3;7;0;2;7;15;1;
73896;202200047967;728 585;A01;2;30;0;1;1;17;1;
73897;202200047968;728 584;A01;2;10;0;1;3;1;1;
73898;202200047969;728 582;A01;1;7;0;2;3;13;1;
73899;202200047969;728 586;B01;2;7;0;2;3;26;1;
73900;202200047970;728 583;A01;1;10;0;2;5;2;1;
73901;202200047970;728 588;B01;1;37;0;2;8;1;1;1.0
73902;202200047970;728 591;C01;1;33;0;2;3;1;1;
73903;202200047971;728 580;A01;3;7;0;2;3;1;1;
73904;202200047971;728 581;B01;3;1;0;2;1;1;5;
73905;202200047972;728 577;A01;1;7;8;0;2;15;1;
73906;202200047973;728 575;A01;3;7;8;1;2;1;1;
73907;202200047974;728 573;B01;3;7;0;2;8;1;2;
73908;202200047974;728 579;A01;3;7;0;2;1;1;1;
73909;202200047975;728 574;B01;1;33;8;2;1;1;1;
73910;202200047975;728 578;A01;2;7;0;2;3;15;1;
73911;202200047976;728 571;A01;1;7;0;1;1;13;1;
73912;202200047977;728 570;A01;2;10;0;2;1;2;1;
73913;202200047977;728 572;B01;2;7;0;2;4;2;1;
73914;202200047977;728 576;C01;2;10;0;2;4;2;1;
73915;202200047978;728 565;A01;1;7;0;0;0;1;1;
73916;202200047979;728 566;A01;2;7;0;2;2;10;1;
73917;202200047979;728 569;B01;1;33;0;2;1;21;1;
73918;202200047980;728 563;B01;3;43;0;2;2;2;1;
73919;202200047980;728 568;A01;3;7;1;2;3;11;1;
73920;202200047981;728 560;A01;3;7;0;2;1;15;1;
73921;202200047981;728 564;B01;3;1;0;2;1;1;5;
73922;202200047982;728 562;A01;1;7;0;0;8;9;1;
73923;202200047982;728 567;B01;1;31;0;2;1;1;1;
73924;202200047983;728 553;A01;1;7;0;2;1;2;1;
73925;202200047983;728 556;B01;1;7;0;2;4;1;1;
73926;202200047983;728 559;C01;1;33;0;2;8;0;1;
73927;202200047983;728 561;D01;1;33;0;2;8;0;1;
73928;202200047985;728 554;B01;3;1;1;0;1;1;5;
73929;202200047985;728 558;A01;3;7;0;2;7;24;1;
73930;202200047986;728 552;A01;2;33;0;2;1;2;1;
73931;202200047986;728 557;B01;2;37;0;0;4;23;1;1.0
73932;202200047987;728 551;A01;2;7;0;1;0;1;1;
73933;202200047988;728 550;A01;1;10;0;1;2;1;1;
73934;202200047989;728 549;A01;0;30;0;0;0;1;1;
73935;202200047990;728 545;B01;1;34;0;2;1;2;1;
73936;202200047990;728 547;A01;1;10;0;2;4;2;1;
73937;202200047991;728 544;B01;3;1;0;2;0;1;5;
73938;202200047991;728 548;A01;0;7;0;0;0;0;1;
73939;202200047992;728 543;A01;3;7;2;0;1;1;1;
73940;202200047993;728 542;B01;0;7;0;2;3;1;1;
73941;202200047993;728 546;A01;0;7;0;2;3;1;1;
73942;202200047994;728 541;A01;1;10;0;1;2;2;1;
73943;202200047995;728 539;A01;1;1;0;0;0;0;5;
73944;202200047998;728 532;C01;2;14;0;2;4;2;1;
73945;202200047998;728 534;B01;2;7;0;2;4;2;1;
73946;202200047998;728 538;A01;2;7;0;2;1;2;1;
73947;202200047999;728 531;A01;0;7;0;2;3;1;1;
73948;202200047999;728 537;B01;0;7;0;2;3;13;1;
73949;202200048000;728 530;B01;1;31;0;2;1;26;1;
73950;202200048000;728 533;A01;3;0;0;2;4;26;0;
73951;202200048001;728 529;A01;1;33;0;0;0;1;1;
73952;202200048002;728 528;A01;1;32;11;0;0;26;1;
73953;202200048004;728 523;A01;1;7;3;2;1;1;1;
73954;202200048004;728 526;B01;1;7;4;2;4;1;1;
73955;202200048005;728 521;A01;1;1;0;2;1;1;5;
73956;202200048005;728 525;B01;2;50;0;2;1;17;3;
73957;202200048006;728 520;A01;1;10;0;1;7;16;1;
73958;202200048007;728 519;A01;3;80;0;0;3;1;3;
73959;202200048007;728 522;B01;3;2;0;9;2;17;1;
73960;202200048008;728 517;A01;3;7;8;0;1;1;1;
73961;202200048009;728 518;A01;3;32;12;0;1;21;1;
73962;202200048010;728 516;A01;0;7;0;1;8;1;1;
73963;202200048011;728 515;A01;1;7;13;0;0;1;1;
73964;202200048013;728 509;A01;0;7;0;1;1;1;1;
73965;202200048014;728 507;A01;3;7;0;2;2;14;1;
73966;202200048014;728 512;B01;3;33;0;2;1;1;1;
73967;202200048015;728 508;A01;2;33;0;0;9;1;1;
73968;202200048016;728 505;A01;2;7;0;1;3;0;1;
73969;202200048017;728 506;B01;2;7;0;2;6;2;1;
73970;202200048017;728 511;A01;2;7;0;2;1;2;1;
73971;202200048018;728 503;A01;1;21;0;1;0;0;0;
73972;202200048020;728 499;A01;1;33;0;2;1;1;1;
73973;202200048020;728 502;B01;1;10;0;2;6;15;1;
73974;202200048021;728 496;B01;3;60;0;2;0;19;5;
73975;202200048021;728 501;A01;1;0;0;1;0;19;0;