;Num_Acc;id_vehicule;num_veh;senc;catv;obs;obsm;choc;manv;motor;occutc
73976;202200048022;728 494;B01;0;30;0;0;8;1;3;
73977;202200048022;728 498;A01;0;7;0;2;3;15;1;
73978;202200048023;728 491;B01;1;10;0;2;2;2;0;
73979;202200048023;728 495;A01;1;99;12;2;6;1;3;
73980;202200048024;728 489;A01;1;7;3;0;2;1;1;
73981;202200048025;728 490;A01;3;7;0;2;3;15;1;
73982;202200048025;728 493;B01;3;33;0;2;4;16;1;
73983;202200048026;728 488;A01;1;7;0;2;2;14;1;
73984;202200048026;728 492;B01;1;7;0;2;6;1;1;
73985;202200048026;728 497;C01;1;7;0;2;9;2;1;
73986;202200048027;728 485;B01;1;7;0;2;4;23;1;
73987;202200048027;728 487;A01;1;1;0;2;1;1;5;
73988;202200048028;728 484;B01;0;7;0;2;1;1;1;
73989;202200048028;728 486;A01;0;7;0;2;3;13;1;
73990;202200048029;728 480;A01;3;10;1;0;2;1;1;
73991;202200048030;728 483;A01;1;7;0;1;1;1;2;
73992;202200048031;728 479;A01;2;10;0;2;1;15;1;
73993;202200048031;728 482;B01;1;31;0;2;1;1;1;
73994;202200048032;728 476;A01;3;7;0;2;8;19;1;
73995;202200048032;728 481;B01;1;7;0;2;1;1;1;
73996;202200048033;728 471;A01;1;7;0;2;1;17;2;
73997;202200048033;728 477;B01;2;1;0;2;0;19;5;
73998;202200048034;728 475;A01;1;7;0;0;4;23;1;
73999;202200048034;728 478;B01;1;7;0;2;1;2;1;
74000;202200048035;728 473;A01;1;7;0;1;2;1;1;
74001;202200048036;728 470;A01;3;7;0;9;1;2;1;
74002;202200048036;728 474;B01;3;50;0;2;1;25;3;
74003;202200048037;728 469;A01;3;7;0;0;0;0;0;
74004;202200048037;728 472;B01;3;37;0;0;0;1;1;3.0
74005;202200048038;728 468;A01;2;7;3;0;3;1;1;
74006;202200048039;728 466;A01;2;7;0;2;2;1;1;
74007;202200048040;728 464;A01;2;7;9;0;1;1;1;
74008;202200048041;728 465;A01;2;7;0;1;1;1;1;
74009;202200048042;728 461;A01;3;1;0;2;8;2;5;
74010;202200048042;728 463;B01;3;1;0;2;7;0;5;
74011;202200048043;728 462;B01;1;7;0;2;0;0;1;
74012;202200048043;728 467;A01;2;2;0;2;2;1;1;
74013;202200048044;728 460;A01;1;7;4;0;9;1;1;
74014;202200048045;728 456;A01;1;2;0;2;1;1;1;
74015;202200048045;728 458;B01;2;7;0;0;7;0;1;
74016;202200048046;728 455;A01;1;7;0;2;2;15;1;
74017;202200048046;728 459;B01;2;31;0;2;1;1;1;
74018;202200048047;728 454;A01;1;10;0;1;1;1;1;
74019;202200048048;728 453;B01;3;33;0;2;1;1;1;
74020;202200048048;728 457;A01;3;7;0;2;2;1;1;
74021;202200048049;728 451;A01;2;7;0;1;2;1;1;
74022;202200048050;728 450;A01;2;7;0;2;5;1;1;
74023;202200048050;728 452;B01;1;1;0;2;1;19;5;
74024;202200048051;728 447;A01;1;7;0;2;4;2;1;
74025;202200048051;728 449;B01;1;7;0;2;1;2;1;
74026;202200048052;728 446;A01;2;7;0;2;2;10;1;
74027;202200048052;728 448;B01;1;34;0;2;1;1;1;
74028;202200048053;728 445;A01;0;40;0;1;7;1;3;
74029;202200048054;728 441;Z01;1;7;0;2;3;18;1;
74030;202200048054;728 444;A01;1;50;0;2;0;15;3;
74031;202200048055;728 439;B01;1;7;0;2;7;1;2;
74032;202200048055;728 442;A01;1;80;12;2;2;1;3;
74033;202200048056;728 435;B01;3;7;0;2;1;9;2;
74034;202200048056;728 438;A01;3;2;0;2;1;1;1;
74035;202200048057;728 431;A01;1;33;13;0;1;1;1;
74036;202200048058;728 432;B01;1;7;0;2;5;2;1;
74037;202200048058;728 436;A01;1;7;0;2;3;9;1;
74038;202200048059;728 433;A01;0;7;0;2;1;16;2;
74039;202200048059;728 437;B01;1;7;0;2;1;23;1;
74040;202200048060;728 428;B01;2;1;0;2;1;1;5;
74041;202200048060;728 430;A01;2;10;0;2;3;15;1;
74042;202200048061;728 424;A01;2;7;0;2;1;1;1;
74043;202200048061;728 429;B01;2;7;0;0;2;15;1;
74044;202200048062;728 423;B01;1;7;0;2;4;2;1;
74045;202200048062;728 426;A01;1;7;0;2;1;2;1;
74046;202200048063;728 422;B01;3;7;0;2;4;2;1;
74047;202200048063;728 427;A01;3;7;0;2;1;2;1;
74048;202200048064;728 419;C01;1;31;5;2;2;1;1;
74049;202200048064;728 421;B01;2;7;0;2;8;1;1;
74050;202200048064;728 425;A01;2;7;0;0;0;17;0;
74051;202200048065;728 416;A01;1;7;4;0;0;0;1;
74052;202200048066;728 413;A01;2;7;0;0;0;1;1;
74053;202200048067;728 412;A01;2;7;0;1;1;1;1;
74054;202200048068;728 411;A01;1;43;0;2;9;3;1;
74055;202200048068;728 414;B01;1;7;0;2;8;1;1;
74056;202200048068;728 418;C01;3;10;0;2;3;1;1;
74057;202200048070;728 409;B01;3;1;0;2;1;5;5;
74058;202200048070;728 417;A01;3;7;0;2;1;15;1;
74059;202200048072;728 405;A01;1;43;0;1;2;17;1;
74060;202200048073;728 404;A01;2;7;4;0;1;1;1;
74061;202200048074;728 403;B01;1;7;0;2;1;1;2;
74062;202200048074;728 407;A01;2;7;0;2;2;17;1;
74063;202200048075;728 402;A01;3;33;0;0;2;17;1;
74064;202200048075;728 406;B01;3;7;0;0;6;1;1;
74065;202200048076;728 400;A01;1;7;0;1;2;1;1;
74066;202200048077;728 399;B01;2;7;0;2;4;2;1;
74067;202200048077;728 401;A01;2;10;0;2;1;2;1;
74068;202200048078;728 396;A01;1;7;0;1;2;1;1;
74069;202200048080;728 394;A01;2;34;0;2;1;3;1;
74070;202200048080;728 397;B01;2;7;0;2;6;1;0;
74071;202200048081;728 391;A01;1;7;0;1;1;1;1;
74072;202200048082;728 393;A01;1;30;0;1;3;16;1;
74073;202200048083;728 389;A01;1;33;8;0;1;26;1;
74074;202200048084;728 390;B01;2;21;0;2;7;15;1;
74075;202200048084;728 392;A01;1;15;6;2;1;21;1;
74076;202200048085;728 386;A01;2;1;0;2;8;1;5;
74077;202200048085;728 388;Z01;2;13;0;2;7;14;0;
74078;202200048086;728 385;A01;2;7;0;2;5;23;1;
74079;202200048086;728 387;B01;2;33;0;2;3;1;1;
74080;202200048087;728 381;A01;1;32;0;2;1;1;1;
74081;202200048087;728 384;B01;3;1;0;2;8;19;5;
74082;202200048088;728 380;A01;1;7;0;2;3;9;1;
74083;202200048088;728 383;B01;1;1;0;2;2;19;5;
74084;202200048089;728 382;A01;1;7;0;1;2;1;1;
74085;202200048090;728 375;B01;1;7;0;2;0;1;1;
74086;202200048090;728 379;A01;1;33;0;2;3;3;1;
74087;202200048091;728 376;B01;0;7;0;2;1;1;1;
74088;202200048091;728 378;A01;1;7;0;2;2;1;1;
74089;202200048092;728 374;B01;2;1;0;2;0;1;5;
74090;202200048092;728 377;A01;0;7;0;2;2;1;1;
74091;202200048093;728 370;A01;1;7;0;1;1;1;1;
74092;202200048094;728 371;B01;1;1;0;2;1;1;5;
74093;202200048094;728 373;A01;0;7;0;2;5;16;1;
74094;202200048095;728 367;A01;1;31;0;2;1;11;1;
74095;202200048095;728 369;B01;1;10;0;2;4;1;1;
74096;202200048096;728 366;A01;2;7;0;0;0;1;1;
74097;202200048097;728 365;A01;2;1;0;1;1;15;5;
74098;202200048098;728 360;B01;2;40;0;2;2;1;3;
74099;202200048098;728 363;A01;2;7;0;4;8;15;1;
74100;202200048099;728 359;A01;0;7;0;2;1;2;0;
74101;202200048099;728 362;B01;2;7;0;2;4;2;1;
74102;202200048100;728 357;Z01;1;7;0;2;0;0;0;
74103;202200048100;728 361;A01;1;7;0;2;4;23;1;
74104;202200048101;728 358;A01;1;36;0;2;8;17;1;
74105;202200048102;728 355;A01;2;1;0;2;8;1;5;
74106;202200048102;728 356;Z01;2;10;0;2;7;16;1;
74107;202200048103;728 354;A01;1;7;2;0;6;1;1;
74108;202200048104;728 348;A01;1;1;0;2;3;1;5;
74109;202200048104;728 352;B01;2;1;0;2;1;1;5;
74110;202200048105;728 349;A01;1;7;3;0;1;1;4;
74111;202200048106;728 347;B01;2;2;0;2;1;1;1;
74112;202200048106;728 351;A01;2;10;0;2;1;16;1;
74113;202200048107;728 344;B01;1;1;0;2;1;1;5;
74114;202200048107;728 346;A01;1;7;0;2;3;9;1;
74115;202200048108;728 350;A01;3;10;0;2;3;1;1;
74116;202200048108;728 353;B01;3;1;0;2;6;20;5;
74117;202200048109;728 341;A01;2;7;0;0;1;1;1;
74118;202200048109;728 345;B01;2;7;13;0;5;1;1;
74119;202200048111;728 339;B01;1;7;0;2;4;2;1;
74120;202200048111;728 343;A01;1;10;0;2;1;1;1;
74121;202200048112;728 338;B01;1;1;0;2;1;1;5;
74122;202200048112;728 340;A01;2;7;0;2;1;15;1;
74123;202200048113;728 337;A01;2;7;1;0;3;19;1;
74124;202200048114;728 331;B01;0;2;0;2;7;1;1;
74125;202200048114;728 333;A01;0;7;0;2;1;1;1;
74126;202200048115;728 332;B01;1;32;0;2;8;1;1;
74127;202200048115;728 336;A01;2;7;0;2;1;15;1;
74128;202200048116;728 330;A01;2;7;0;0;9;1;1;
74129;202200048118;728 327;A01;3;7;0;1;3;15;1;
74130;202200048119;728 323;A01;0;1;11;0;2;0;5;
74131;202200048120;728 322;D01;1;7;0;0;4;1;1;
74132;202200048120;728 326;C01;1;10;0;2;2;1;1;
74133;202200048120;728 329;B01;1;7;0;2;4;1;3;
74134;202200048120;728 335;A01;1;7;16;2;1;1;1;
74135;202200048121;728 319;B01;2;50;0;2;8;1;3;
74136;202200048121;728 324;A01;1;7;0;2;2;16;1;
74137;202200048122;728 320;B01;1;50;0;2;1;2;3;
74138;202200048122;728 325;A01;1;1;0;2;4;2;5;
74139;202200048123;728 313;A01;3;7;12;0;1;1;1;
74140;202200048124;728 312;A01;2;3;0;2;1;2;1;
74141;202200048124;728 317;B01;2;7;0;2;4;15;1;
74142;202200048125;728 311;A01;3;7;0;2;2;9;1;
74143;202200048125;728 315;B01;3;31;0;2;1;3;1;
74144;202200048126;728 310;B01;2;21;0;2;3;1;1;
74145;202200048126;728 314;A01;1;7;0;2;1;1;1;
74146;202200048127;728 309;A01;2;1;0;2;2;1;5;
74147;202200048127;728 316;B01;2;7;0;2;3;1;2;
74148;202200048128;728 308;A01;1;1;14;0;1;1;-1;
74149;202200048129;728 305;A01;1;7;0;9;1;1;1;
74150;202200048130;728 306;A01;2;7;2;0;2;1;1;
74151;202200048131;728 304;A01;2;7;0;1;1;1;1;
74152;202200048132;728 303;A01;3;7;0;2;3;16;1;
74153;202200048132;728 307;B01;3;2;0;2;1;1;1;
74154;202200048133;728 300;B01;0;43;0;2;8;1;1;
74155;202200048133;728 302;A01;0;43;0;2;8;1;1;
74156;202200048134;728 298;A01;2;7;0;2;1;15;1;
74157;202200048134;728 301;B01;1;31;0;2;1;1;1;
74158;202200048135;728 295;A01;1;7;0;1;2;26;1;
74159;202200048136;728 294;B01;2;7;0;2;3;1;1;
74160;202200048136;728 299;A01;2;7;0;2;3;5;1;
74161;202200048137;728 291;B01;2;7;6;0;4;2;1;
74162;202200048137;728 297;A01;2;15;0;2;2;2;0;
74163;202200048139;728 289;Z01;1;1;0;2;0;1;5;
74164;202200048139;728 292;A01;2;1;0;2;7;1;5;
74165;202200048140;728 290;A01;1;1;12;0;0;0;5;
74166;202200048142;728 284;A01;3;7;0;2;1;17;1;
74167;202200048142;728 287;B01;3;7;0;2;4;1;1;
74168;202200048143;728 283;Z01;0;7;0;1;2;17;1;
74169;202200048144;728 282;A01;1;7;0;2;3;1;1;
74170;202200048144;728 286;B01;1;33;0;2;1;1;1;
74171;202200048147;728 278;A01;1;30;0;2;7;1;1;
74172;202200048147;728 280;B01;2;7;0;2;1;1;1;
74173;202200048148;728 274;A01;2;7;2;0;1;1;1;
74174;202200048149;728 275;B01;2;1;0;2;8;7;5;
74175;202200048149;728 276;A01;2;15;0;2;7;16;1;
74176;202200048150;728 271;A01;1;1;0;2;7;1;5;
74177;202200048150;728 277;B01;1;7;0;2;1;1;1;
74178;202200048151;728 272;A01;3;30;0;1;0;1;1;
74179;202200048152;728 270;A01;1;33;6;0;1;0;1;
74180;202200048153;728 269;A01;1;7;0;2;1;1;1;
74181;202200048153;728 273;B01;1;7;0;2;0;0;1;
74182;202200048154;728 266;B01;1;33;0;2;7;1;1;
74183;202200048154;728 268;A01;1;7;0;2;3;19;1;
74184;202200048156;728 260;A01;1;7;0;2;1;15;3;
74185;202200048156;728 265;B01;2;50;0;2;1;1;3;
74186;202200048157;728 258;B01;1;7;0;2;7;17;1;
74187;202200048157;728 264;A01;1;30;0;2;8;2;1;
74188;202200048158;728 257;C01;2;7;0;2;3;1;1;
74189;202200048158;728 261;B01;2;7;0;2;1;1;1;
74190;202200048158;728 267;A01;2;7;12;2;7;1;1;
74191;202200048159;728 255;B01;3;30;0;2;8;15;1;
74192;202200048159;728 263;A01;3;10;0;2;3;16;3;
74193;202200048160;728 254;A01;3;7;0;2;7;13;1;
74194;202200048160;728 256;B01;3;1;0;2;8;1;5;
74195;202200048161;728 253;A01;1;21;13;0;1;1;1;
74196;202200048162;728 252;A01;2;32;14;0;8;1;1;
74197;202200048163;728 250;Z01;1;0;0;1;3;16;0;
74198;202200048164;728 248;A01;0;2;0;0;6;16;0;
74199;202200048165;728 247;A01;3;7;0;2;1;1;1;
74200;202200048165;728 251;B01;3;7;0;2;4;15;6;
74201;202200048166;728 244;A01;3;7;0;2;1;5;1;
74202;202200048166;728 249;B01;3;7;0;2;1;1;1;
74203;202200048167;728 243;A01;0;10;0;1;0;26;1;
74204;202200048168;728 240;B01;1;80;0;2;5;1;3;
74205;202200048168;728 245;Z01;1;7;0;2;7;17;1;
74206;202200048169;728 242;A01;2;7;0;2;3;10;2;
74207;202200048169;728 246;B01;2;32;0;2;1;3;1;
74208;202200048170;728 239;A01;2;7;0;1;1;16;1;
74209;202200048171;728 237;A01;1;15;0;1;6;1;1;
74210;202200048172;728 235;A01;3;33;6;0;3;1;1;
74211;202200048174;728 232;A01;1;7;0;2;3;1;1;
74212;202200048174;728 238;B01;1;50;0;2;7;8;3;
74213;202200048175;728 231;A01;2;33;0;2;2;17;1;
74214;202200048175;728 233;B01;2;7;0;2;3;15;1;
74215;202200048176;728 229;A01;3;7;0;1;4;20;2;
74216;202200048178;728 224;C01;3;7;0;2;8;1;1;
74217;202200048178;728 227;B01;3;7;0;2;4;1;1;
74218;202200048178;728 230;A01;3;7;0;2;1;1;1;
74219;202200048180;728 220;B01;2;10;0;2;2;21;1;
74220;202200048180;728 223;A01;2;10;0;2;1;9;1;
74221;202200048182;728 215;A01;1;7;16;0;3;1;1;
74222;202200048183;728 214;B01;2;7;0;2;8;1;1;
74223;202200048183;728 216;A01;1;32;0;2;3;26;1;
74224;202200048184;728 211;A01;1;7;0;1;1;1;1;
74225;202200048185;728 209;B01;1;1;0;2;0;0;5;
74226;202200048185;728 212;A01;1;7;0;2;1;9;1;
74227;202200048186;728 208;B01;1;1;0;2;7;0;5;
74228;202200048186;728 213;A01;1;7;0;2;1;2;1;
74229;202200048188;728 204;A01;1;7;0;1;1;1;1;
74230;202200048190;728 203;B01;2;7;0;2;1;2;1;
74231;202200048190;728 207;A01;2;7;0;2;5;23;1;
74232;202200048192;728 197;A01;1;7;0;2;8;16;2;
74233;202200048192;728 199;B01;1;32;0;2;1;0;1;
74234;202200048193;728 195;B01;1;7;1;0;8;20;1;
74235;202200048193;728 198;A01;1;33;0;2;1;17;1;
74236;202200048194;728 193;B01;3;50;0;0;1;1;3;
74237;202200048195;728 191;A01;1;30;14;0;1;1;1;
74238;202200048195;728 192;B01;1;7;0;2;4;23;1;
74239;202200048196;728 187;B01;1;1;0;2;7;1;5;
74240;202200048196;728 205;A01;2;7;0;2;1;9;1;
74241;202200048197;728 186;B01;1;7;0;2;6;10;1;
74242;202200048197;728 189;A01;1;30;0;2;1;2;1;
74243;202200048198;728 182;B01;1;1;0;2;1;1;5;
74244;202200048198;728 185;A01;3;7;0;2;8;1;1;
74245;202200048199;728 181;C01;3;7;0;2;1;2;1;
74246;202200048199;728 184;B01;3;7;0;2;4;2;1;
74247;202200048199;728 188;A01;3;7;0;2;1;2;1;
74248;202200048201;728 179;A01;3;7;0;1;1;16;1;
74249;202200048202;728 175;A01;2;7;0;2;1;0;1;
74250;202200048202;728 178;B01;2;17;0;2;4;0;1;
74251;202200048203;728 176;A01;3;7;0;1;5;4;1;
74252;202200048204;728 173;A01;1;7;0;1;1;0;1;
74253;202200048205;728 174;A01;3;7;0;1;3;15;1;
74254;202200048206;728 171;A01;3;7;0;1;1;15;1;
74255;202200048207;728 169;B01;1;7;0;2;6;1;1;
74256;202200048207;728 172;A01;1;30;0;2;1;17;1;
74257;202200048208;728 167;A01;2;7;0;1;4;20;1;
74258;202200048210;728 163;A01;1;50;0;1;1;1;3;
74259;202200048211;728 165;A01;2;33;0;2;7;17;1;
74260;202200048211;728 168;B01;2;7;0;2;8;15;1;
74261;202200048212;728 162;A01;1;7;0;1;1;16;1;
74262;202200048213;728 161;A01;1;7;0;2;4;1;2;
74263;202200048213;728 164;B01;1;17;0;2;1;2;1;
74264;202200048214;728 160;A01;1;7;6;0;3;1;1;
74265;202200048216;728 151;Z01;3;0;0;1;0;0;1;
74266;202200048217;728 152;A01;3;7;0;2;1;1;1;
74267;202200048217;728 155;B01;3;7;0;2;4;1;1;
74268;202200048217;728 157;C01;3;7;0;2;4;1;1;
74269;202200048218;728 153;B01;1;1;0;2;5;1;5;
74270;202200048218;728 156;A01;1;7;0;9;3;9;1;
74271;202200048219;728 147;B01;2;30;0;2;1;1;3;
74272;202200048219;728 150;A01;1;7;0;2;2;5;0;
74273;202200048220;728 146;A01;2;7;2;0;1;14;1;
74274;202200048221;728 141;B01;0;60;0;2;0;0;5;
74275;202200048221;728 144;A01;1;7;0;2;2;1;1;
74276;202200048222;728 140;A01;2;7;0;2;7;12;1;
74277;202200048222;728 143;B01;2;2;0;2;8;1;1;
74278;202200048223;728 145;A01;1;7;0;2;7;15;1;
74279;202200048223;728 149;B01;2;7;0;2;1;1;1;
74280;202200048224;728 138;A01;1;7;0;2;2;19;1;
74281;202200048224;728 142;B01;1;99;0;2;1;1;6;
74282;202200048225;728 137;A01;1;14;0;2;1;1;1;
74283;202200048225;728 139;B01;1;7;0;2;4;1;1;
74284;202200048227;728 134;B01;2;7;0;2;1;9;1;
74285;202200048227;728 136;A01;2;7;0;2;1;9;1;
74286;202200048228;728 133;A01;1;31;3;0;7;1;1;
74287;202200048229;728 132;A01;2;10;0;1;3;19;1;
74288;202200048230;728 130;A01;1;7;0;1;2;16;1;
74289;202200048231;728 128;B01;2;7;0;2;1;1;1;
74290;202200048231;728 131;A01;1;7;0;2;1;13;1;
74291;202200048232;728 126;A01;1;7;13;0;1;1;1;
74292;202200048233;728 124;B01;1;7;0;0;4;2;1;
74293;202200048233;728 129;A01;1;33;0;2;1;2;1;
74294;202200048234;728 125;A01;3;7;0;1;1;1;1;
74295;202200048236;728 121;C01;1;7;0;2;4;1;1;
74296;202200048236;728 123;B01;1;7;0;2;4;1;1;
74297;202200048236;728 127;A01;1;7;0;2;1;9;1;
74298;202200048237;728 120;A01;2;7;0;0;3;13;1;
74299;202200048238;728 118;A01;1;7;13;0;3;1;1;
74300;202200048239;728 119;A01;2;7;2;0;9;1;1;
74301;202200048240;728 117;A01;1;7;0;1;3;16;1;
74302;202200048241;728 114;A01;0;7;0;1;1;15;1;
74303;202200048243;728 108;C01;3;7;0;2;1;1;1;
74304;202200048243;728 112;B01;1;37;0;2;3;1;2;1.0
74305;202200048243;728 115;A01;3;7;0;2;1;17;0;
74306;202200048244;728 105;B01;2;17;0;0;5;2;1;
74307;202200048244;728 109;A01;2;99;0;2;3;2;1;
74308;202200048245;728 103;A01;1;7;0;2;2;0;1;
74309;202200048245;728 113;B01;1;17;0;0;5;1;1;
74310;202200048246;728 102;A01;2;7;0;2;1;15;1;
74311;202200048246;728 107;B01;1;7;0;2;0;0;1;
74312;202200048247;728 104;A01;2;7;0;1;4;4;1;
74313;202200048248;728 099;A01;1;34;0;2;2;17;1;
74314;202200048248;728 101;B01;2;7;0;2;3;1;1;
74315;202200048248;728 106;C01;1;7;0;2;6;1;1;
74316;202200048248;728 111;D01;1;7;0;2;8;1;1;
74317;202200048248;728 116;E01;1;7;0;2;8;1;1;
74318;202200048249;728 098;A01;3;7;6;0;1;26;1;
74319;202200048250;728 092;B01;2;17;0;2;1;2;1;
74320;202200048250;728 097;A01;2;7;3;2;9;17;1;
74321;202200048251;728 093;A01;0;7;0;2;1;1;0;
74322;202200048252;728 091;A01;0;80;0;0;0;25;3;
74323;202200048252;728 096;B01;0;7;0;0;0;24;1;
74324;202200048253;728 088;A01;1;7;3;0;9;2;0;
74325;202200048254;728 086;Z01;1;0;0;2;3;13;0;
74326;202200048254;728 089;T01;1;7;0;2;0;26;1;
74327;202200048254;728 094;A01;1;34;0;2;5;26;1;
74328;202200048255;728 085;A01;2;7;0;2;7;1;1;
74329;202200048255;728 090;B01;1;1;0;2;1;1;5;
74330;202200048257;728 081;A01;2;80;0;2;8;1;3;
74331;202200048257;728 087;B01;1;7;0;2;3;15;1;
74332;202200048258;728 080;A01;3;7;0;1;0;4;1;
74333;202200048259;728 079;B01;1;13;0;2;5;1;1;
74334;202200048259;728 082;A01;1;7;0;2;1;9;1;
74335;202200048260;728 077;A01;2;1;0;0;7;1;5;
74336;202200048261;728 078;B01;0;1;0;0;0;0;5;
74337;202200048261;728 084;A01;1;7;0;2;1;1;1;
74338;202200048262;728 075;A01;1;2;0;0;0;1;1;
74339;202200048263;728 073;B01;3;31;0;2;1;1;1;
74340;202200048263;728 076;A01;3;7;0;2;2;1;1;
74341;202200048264;728 064;B01;1;7;0;2;2;9;1;
74342;202200048264;728 072;A01;2;1;0;2;3;1;5;
74343;202200048265;728 071;B01;1;33;0;2;4;1;1;
74344;202200048265;728 074;A01;1;10;0;2;1;1;1;
74345;202200048266;728 066;B01;2;7;0;2;2;13;1;
74346;202200048266;728 069;A01;2;1;0;2;4;1;5;
74347;202200048267;728 065;A01;2;7;14;0;1;1;1;
74348;202200048267;728 070;B01;2;7;0;2;4;23;1;
74349;202200048268;728 063;A01;0;30;0;2;2;2;1;
74350;202200048268;728 068;B01;0;3;0;0;6;2;1;
74351;202200048269;728 061;A01;2;7;3;0;2;0;1;
74352;202200048271;728 056;B01;3;7;0;2;1;1;1;
74353;202200048271;728 060;A01;3;31;0;2;4;1;1;
74354;202200048272;728 053;A01;1;7;0;2;1;2;1;
74355;202200048272;728 057;B01;1;7;0;0;4;2;1;
74356;202200048273;728 052;A01;0;1;1;0;8;1;5;
74357;202200048274;728 055;A01;1;1;0;2;7;1;5;
74358;202200048274;728 059;B01;1;7;0;2;1;10;1;
74359;202200048275;728 050;A01;2;7;17;0;9;1;1;
74360;202200048276;728 049;B01;2;7;0;2;5;2;1;
74361;202200048276;728 054;A01;2;50;0;2;8;2;3;
74362;202200048277;728 048;C01;1;7;0;2;4;1;1;
74363;202200048277;728 051;B01;1;7;0;2;4;1;1;
74364;202200048277;728 058;A01;1;7;0;2;1;1;1;
74365;202200048278;728 046;A01;0;7;16;0;0;0;1;
74366;202200048279;728 045;A01;3;33;0;2;1;1;1;
74367;202200048279;728 047;B01;3;10;0;2;4;1;1;
74368;202200048280;728 044;A01;1;7;13;0;1;0;1;
74369;202200048281;728 040;A01;2;7;2;0;1;14;1;
74370;202200048282;728 036;B01;1;1;0;2;8;3;5;
74371;202200048282;728 043;A01;1;7;0;2;1;20;1;
74372;202200048283;728 035;B01;1;33;0;2;1;1;1;
74373;202200048283;728 038;A01;1;7;0;2;7;15;1;
74374;202200048284;728 033;A01;1;32;8;0;2;1;1;
74375;202200048285;728 037;A01;3;10;0;2;3;16;1;
74376;202200048285;728 042;B01;3;10;0;2;6;1;1;
74377;202200048286;728 034;A01;0;7;0;2;3;1;1;
74378;202200048286;728 041;B01;3;80;0;2;6;19;3;
74379;202200048287;728 032;B01;2;10;0;2;4;1;1;
74380;202200048287;728 039;A01;2;7;0;2;1;2;1;
74381;202200048288;728 023;C01;2;1;0;0;4;2;5;
74382;202200048288;728 029;B01;2;1;0;0;4;2;5;
74383;202200048288;728 031;A01;2;7;0;2;2;2;1;
74384;202200048289;728 024;B01;1;10;0;2;3;15;1;
74385;202200048289;728 030;A01;1;30;0;2;1;17;1;
74386;202200048290;728 022;A01;1;7;0;2;1;1;1;
74387;202200048290;728 028;B01;1;1;0;2;8;15;5;
74388;202200048291;728 025;A01;2;50;12;0;1;16;3;
74389;202200048292;728 019;A01;1;10;0;2;2;13;1;
74390;202200048292;728 026;B01;2;7;0;2;1;1;0;
74391;202200048293;728 018;C01;3;7;0;2;1;1;1;
74392;202200048293;728 021;B01;3;7;0;2;1;1;1;
74393;202200048293;728 027;A01;3;10;0;2;1;13;1;
74394;202200048295;728 012;D01;1;7;0;2;4;23;1;
74395;202200048295;728 014;C01;1;7;0;2;4;23;1;
74396;202200048295;728 017;B01;1;7;0;2;4;23;2;
74397;202200048295;728 020;A01;1;7;0;2;1;2;1;
74398;202200048296;728 009;A01;2;7;0;1;3;1;1;
74399;202200048297;728 007;A01;2;14;6;0;1;14;1;
74400;202200048298;728 008;B01;2;32;0;2;8;19;1;
74401;202200048298;728 016;A01;1;7;0;2;3;1;1;
74402;202200048299;728 006;A01;1;7;0;2;7;16;1;
74403;202200048299;728 011;B01;1;7;0;2;3;1;1;
74404;202200048300;728 000;C01;2;7;2;0;0;0;1;
74405;202200048300;728 005;B01;1;7;0;2;1;1;1;
74406;202200048300;728 010;A01;2;7;0;2;1;1;0;
74407;202200048301;727 998;A01;3;7;0;1;1;16;1;
74408;202200048302;727 997;B01;2;2;0;0;7;1;1;
74409;202200048302;728 004;A01;1;7;0;0;0;9;1;
74410;202200048303;727 996;A01;3;32;0;2;3;17;0;
74411;202200048303;728 001;B01;3;7;0;2;3;15;0;
74412;202200048304;727 995;B01;2;60;0;4;1;14;5;
74413;202200048304;728 002;A01;3;40;0;9;2;2;3;
74414;202200048306;727 993;A01;2;7;0;1;3;13;1;
74415;202200048307;727 992;A01;3;1;0;0;0;0;5;
74416;202200048308;727 987;A01;3;7;0;9;1;9;1;
74417;202200048308;727 990;B01;3;1;0;2;7;1;5;
74418;202200048309;727 984;B01;1;80;0;2;3;15;3;
74419;202200048309;727 991;A01;1;14;0;0;5;17;1;
74420;202200048310;727 983;A01;3;7;0;2;3;21;1;
74421;202200048310;727 988;B01;3;33;1;2;4;16;1;
74422;202200048311;727 981;A01;1;7;0;1;1;1;1;
74423;202200048313;727 982;A01;3;33;0;2;1;2;1;
74424;202200048313;727 986;B01;3;7;0;2;6;10;1;
74425;202200048315;727 973;A01;0;7;0;1;4;4;1;
74426;202200048316;727 975;B01;2;33;0;9;4;23;1;
74427;202200048316;727 978;A01;2;15;0;9;1;2;1;
74428;202200048317;727 976;A01;1;13;0;1;0;0;0;
74429;202200048318;727 972;A01;0;10;0;2;1;2;1;
74430;202200048318;727 977;B01;0;3;0;0;4;1;1;
74431;202200048319;727 970;A01;1;7;0;1;5;16;1;
74432;202200048320;727 968;B01;3;7;1;0;1;1;1;
74433;202200048320;727 974;A01;3;21;0;0;3;24;0;
74434;202200048321;727 967;A01;2;7;0;9;3;0;1;
74435;202200048322;727 969;B01;1;30;0;2;2;1;1;
74436;202200048322;727 971;A01;1;7;0;2;2;15;1;