;Num_Acc;id_vehicule;num_veh;senc;catv;obs;obsm;choc;manv;motor;occutc
74437;202200048323;727 963;A01;3;10;0;2;7;16;1;
74438;202200048323;727 965;B01;3;1;0;2;3;1;5;
74439;202200048324;727 961;B01;3;1;0;2;0;2;5;
74440;202200048324;727 966;A01;3;7;0;2;1;9;1;
74441;202200048325;727 962;B01;1;34;0;2;0;1;0;
74442;202200048325;727 964;A01;2;7;0;2;3;15;1;
74443;202200048326;727 957;A01;1;7;0;6;2;1;1;
74444;202200048327;727 955;B01;3;7;0;2;2;15;1;
74445;202200048327;727 958;A01;3;7;0;2;1;1;1;
74446;202200048328;727 954;A01;1;7;0;2;1;1;1;
74447;202200048328;727 960;B01;1;7;0;2;4;1;1;
74448;202200048329;727 953;A01;1;30;0;2;1;13;1;
74449;202200048329;727 956;B01;3;7;0;2;3;0;1;
74450;202200048329;727 959;C01;3;10;0;0;0;0;1;
74451;202200048330;727 951;A01;1;7;1;0;1;1;1;
74452;202200048331;727 949;A01;2;13;2;0;3;1;1;
74453;202200048332;727 948;A01;3;7;13;0;0;1;1;
74454;202200048333;727 947;A01;2;7;0;2;7;15;1;
74455;202200048333;727 952;B01;1;32;0;2;1;1;1;
74456;202200048334;727 946;A01;0;7;0;2;3;16;1;
74457;202200048334;727 950;B01;0;33;0;2;3;1;1;
74458;202200048337;727 939;A01;3;7;0;2;3;0;1;
74459;202200048337;727 943;B01;3;80;0;2;0;0;3;
74460;202200048338;727 942;B01;2;1;0;2;1;1;5;
74461;202200048338;727 945;A01;1;7;0;2;1;15;1;
74462;202200048339;727 931;A01;1;2;12;0;8;1;1;
74463;202200048340;727 929;B01;2;7;0;2;4;2;1;
74464;202200048340;727 934;A01;2;7;0;2;1;2;1;
74465;202200048341;727 927;B01;1;7;0;2;2;15;1;
74466;202200048341;727 935;A01;2;33;0;2;7;18;1;
74467;202200048342;727 926;A01;1;7;0;2;3;21;1;
74468;202200048342;727 930;B01;2;7;0;2;3;0;1;
74469;202200048343;727 925;A01;0;33;8;2;1;18;1;
74470;202200048343;727 932;B01;0;7;0;2;5;1;1;
74471;202200048344;727 923;B01;1;7;0;2;7;1;1;
74472;202200048344;727 933;A01;3;7;0;2;1;15;1;
74473;202200048346;727 921;A01;1;7;4;0;3;1;1;
74474;202200048347;727 917;B01;3;7;0;2;1;26;1;
74475;202200048347;727 920;A01;3;50;0;2;7;19;3;
74476;202200048348;727 915;B01;1;1;0;2;8;19;5;
74477;202200048348;727 919;A01;1;7;0;2;3;9;2;
74478;202200048349;727 912;A01;3;7;0;2;3;1;1;
74479;202200048349;727 918;B01;3;15;0;2;3;1;1;
74480;202200048350;727 913;A01;3;7;8;0;3;20;1;
74481;202200048351;727 911;B01;1;10;0;0;4;24;1;
74482;202200048351;727 914;A01;1;7;1;0;1;1;1;
74483;202200048352;727 910;A01;1;7;4;0;1;1;1;
74484;202200048353;727 908;B01;3;7;0;2;3;20;1;
74485;202200048353;727 916;C01;1;7;0;2;0;1;1;
74486;202200048354;727 905;B01;2;15;0;2;3;1;1;
74487;202200048354;727 909;A01;2;7;0;2;1;26;1;
74488;202200048355;727 904;A01;1;7;15;0;1;14;1;
74489;202200048356;727 903;A01;1;7;0;2;4;1;1;
74490;202200048356;727 907;B01;1;7;0;2;1;1;1;
74491;202200048357;727 900;A01;3;15;0;2;3;1;1;
74492;202200048357;727 906;B01;3;7;0;2;8;1;1;
74493;202200048358;727 898;A01;1;7;4;0;3;21;1;
74494;202200048359;727 893;C01;1;7;0;2;1;13;1;
74495;202200048359;727 899;B01;2;7;0;2;3;1;1;
74496;202200048359;727 901;A01;1;7;0;2;3;1;6;
74497;202200048360;727 894;B01;1;50;0;2;1;19;3;
74498;202200048360;727 902;A01;2;7;1;2;3;16;1;
74499;202200048361;727 892;B01;1;50;0;2;8;2;3;
74500;202200048361;727 897;A01;1;37;0;2;5;2;4;1.0
74501;202200048362;727 887;B01;1;7;0;2;7;15;1;
74502;202200048362;727 890;A01;0;33;0;2;1;1;0;
74503;202200048363;727 889;B01;1;2;0;2;1;3;1;
74504;202200048363;727 895;A01;3;7;0;2;2;19;1;
74505;202200048364;727 884;B01;2;10;0;2;6;15;1;
74506;202200048364;727 886;A01;2;33;0;2;1;1;1;
74507;202200048365;727 881;A01;2;7;0;2;8;17;1;
74508;202200048365;727 885;B01;1;7;0;2;6;1;1;
74509;202200048366;727 880;A01;2;33;0;2;1;1;1;
74510;202200048366;727 883;B01;2;7;0;2;4;2;1;
74511;202200048367;727 877;A01;1;10;0;2;3;24;1;
74512;202200048367;727 882;B01;1;50;0;2;1;5;3;
74513;202200048368;727 876;A01;3;10;8;0;1;1;1;
74514;202200048371;727 869;A01;3;33;0;2;7;19;1;
74515;202200048371;727 875;B01;0;7;0;2;1;1;1;
74516;202200048373;727 865;B01;1;50;0;2;8;1;3;
74517;202200048373;727 872;A01;2;10;0;2;2;1;1;
74518;202200048374;727 863;B01;1;1;0;2;1;1;5;
74519;202200048374;727 867;A01;1;7;0;2;8;11;1;
74520;202200048375;727 864;A01;1;7;0;2;0;15;1;
74521;202200048375;727 868;B01;1;2;0;2;0;1;1;
74522;202200048376;727 860;A01;1;7;0;2;0;0;1;
74523;202200048376;727 862;B01;1;10;0;9;4;1;1;
74524;202200048377;727 859;A01;3;7;0;1;4;4;1;
74525;202200048378;727 856;B01;3;7;6;2;3;1;1;
74526;202200048378;727 861;A01;0;7;0;2;1;19;1;
74527;202200048379;727 857;A01;1;7;10;0;9;19;1;
74528;202200048380;727 852;A01;1;10;0;2;1;9;1;
74529;202200048380;727 854;B01;1;7;0;2;4;1;1;
74530;202200048380;727 858;C01;1;7;0;2;6;1;1;
74531;202200048381;727 853;A01;1;2;14;0;3;13;1;
74532;202200048382;727 850;A01;2;13;0;2;3;6;1;
74533;202200048382;727 855;B01;1;10;0;2;3;1;1;
74534;202200048383;727 849;A01;2;10;13;0;2;17;1;
74535;202200048384;727 847;B01;1;7;0;2;4;1;1;
74536;202200048384;727 851;A01;1;37;0;2;1;1;1;4.0
74537;202200048386;727 845;A01;1;7;0;2;5;15;1;
74538;202200048386;727 848;B01;2;31;0;2;1;1;1;
74539;202200048387;727 841;A01;2;7;0;0;-1;1;1;
74540;202200048388;727 838;B01;1;7;0;2;4;1;1;
74541;202200048388;727 840;A01;1;7;0;2;1;1;1;
74542;202200048389;727 836;A01;1;10;0;1;1;1;1;
74543;202200048390;727 835;A01;1;7;0;2;1;2;1;
74544;202200048390;727 839;B01;1;7;0;2;1;2;1;
74545;202200048390;727 842;C01;1;7;0;2;4;2;1;
74546;202200048391;727 833;B01;3;7;0;2;0;0;1;
74547;202200048391;727 837;C01;3;37;0;2;0;0;1;1.0
74548;202200048391;727 843;A01;3;10;0;2;0;0;1;
74549;202200048392;727 830;A01;1;43;0;2;3;1;1;
74550;202200048392;727 832;Z01;1;7;0;2;5;12;1;
74551;202200048393;727 829;A01;2;33;0;2;1;2;1;
74552;202200048393;727 834;B01;1;7;0;2;7;9;1;
74553;202200048395;727 824;A01;2;10;0;2;7;1;1;
74554;202200048395;727 827;B01;2;7;0;2;7;12;1;
74555;202200048396;727 822;B01;2;7;0;2;3;0;1;
74556;202200048396;727 828;A01;2;7;0;2;8;1;1;
74557;202200048397;727 821;A01;3;32;0;2;1;17;1;
74558;202200048397;727 823;B01;3;7;0;2;6;10;1;
74559;202200048398;727 820;A01;3;7;0;9;2;16;1;
74560;202200048398;727 825;B01;3;50;0;2;1;1;3;
74561;202200048399;727 816;A01;1;33;4;0;0;0;1;
74562;202200048400;727 814;A01;2;7;0;2;8;19;1;
74563;202200048400;727 817;B01;2;33;0;2;1;1;1;
74564;202200048401;727 815;Z01;2;32;0;2;1;17;1;
74565;202200048401;727 818;A01;2;1;0;2;3;15;5;
74566;202200048402;727 808;B01;2;31;0;2;7;1;1;
74567;202200048402;727 810;A01;2;7;0;2;8;11;1;
74568;202200048404;727 806;A01;1;1;0;4;2;19;5;
74569;202200048404;727 811;B01;2;40;0;2;2;1;3;
74570;202200048405;727 804;C01;1;7;0;2;3;21;2;
74571;202200048405;727 813;A01;1;7;3;2;1;2;1;
74572;202200048405;727 819;B01;1;17;0;2;4;1;1;
74573;202200048406;727 802;A01;3;7;0;2;1;15;1;
74574;202200048406;727 809;B01;3;7;0;2;2;1;1;
74575;202200048407;727 800;B01;1;7;0;2;4;1;1;
74576;202200048407;727 805;A01;1;7;0;2;1;1;1;
74577;202200048408;727 797;A01;2;33;0;2;1;3;1;
74578;202200048408;727 801;B01;2;10;0;2;5;1;1;
74579;202200048409;727 799;A01;1;10;0;2;1;16;1;
74580;202200048409;727 803;B01;1;1;0;2;8;1;5;
74581;202200048410;727 793;A01;3;7;8;0;1;13;1;
74582;202200048411;727 791;B01;1;7;0;2;4;1;1;
74583;202200048411;727 794;A01;3;7;0;2;1;1;1;
74584;202200048412;727 792;A01;2;7;0;2;2;1;1;
74585;202200048412;727 796;B01;2;7;0;2;6;23;1;
74586;202200048413;727 795;A01;1;7;0;2;3;1;1;
74587;202200048413;727 798;B01;2;7;0;2;3;13;1;
74588;202200048414;727 786;A01;2;7;0;2;1;1;1;
74589;202200048414;727 789;B01;2;7;0;2;4;1;1;
74590;202200048415;727 787;A01;1;32;0;1;1;1;1;
74591;202200048416;727 788;B01;1;33;0;2;1;1;1;
74592;202200048416;727 790;A01;2;7;0;2;7;15;1;
74593;202200048418;727 782;B01;3;17;0;2;3;1;1;
74594;202200048418;727 785;A01;3;7;0;2;2;17;1;
74595;202200048420;727 780;A01;2;7;0;1;1;1;1;
74596;202200048421;727 777;A01;2;10;0;1;1;15;1;
74597;202200048422;727 778;A01;1;37;0;0;0;23;0;1.0
74598;202200048423;727 779;A01;2;7;13;0;0;1;1;
74599;202200048425;727 768;B01;3;7;0;2;2;17;2;
74600;202200048425;727 772;A01;3;43;0;2;1;2;1;
74601;202200048426;727 769;Z01;1;7;0;2;2;17;1;
74602;202200048426;727 774;A01;3;50;0;2;8;19;3;
74603;202200048427;727 767;B01;3;7;0;2;6;9;1;
74604;202200048427;727 773;A01;3;33;0;2;6;26;1;
74605;202200048428;727 766;B01;1;2;0;2;8;15;1;
74606;202200048428;727 771;A01;1;7;0;2;1;15;1;
74607;202200048429;727 764;A01;1;7;0;2;1;15;2;
74608;202200048429;727 770;B01;2;7;0;2;8;1;3;
74609;202200048430;727 763;A01;3;7;0;2;1;12;1;
74610;202200048430;727 765;B01;3;7;0;2;3;1;1;
74611;202200048431;727 762;A01;1;7;0;1;2;1;1;
74612;202200048432;727 759;A01;1;7;0;1;3;1;1;
74613;202200048433;727 757;A01;3;31;0;2;1;17;1;
74614;202200048433;727 760;B01;3;7;0;2;0;0;1;
74615;202200048434;727 758;A01;1;7;0;1;8;1;1;
74616;202200048436;727 752;B01;2;10;0;2;2;1;1;
74617;202200048436;727 756;A01;1;10;0;2;7;1;1;
74618;202200048437;727 751;A01;3;7;0;2;1;2;1;
74619;202200048437;727 755;B01;3;21;0;2;4;2;1;
74620;202200048438;727 750;A01;0;7;0;1;4;4;1;
74621;202200048439;727 747;A01;1;7;0;2;5;15;1;
74622;202200048439;727 748;B01;1;7;0;2;1;0;1;
74623;202200048440;727 741;Y01;3;7;0;0;2;26;1;
74624;202200048440;727 744;B01;3;7;0;0;3;19;1;
74625;202200048442;727 740;A01;1;7;0;2;1;13;1;
74626;202200048442;727 745;B01;2;7;0;2;1;1;1;
74627;202200048443;727 738;Z01;0;33;0;1;1;1;0;
74628;202200048444;727 737;C01;1;37;0;0;8;1;1;1.0
74629;202200048444;727 739;B01;2;7;0;2;3;1;1;
74630;202200048444;727 742;A01;1;7;0;2;3;17;1;
74631;202200048445;727 735;A01;1;7;7;0;9;14;1;
74632;202200048446;727 736;A01;3;7;8;0;1;1;1;
74633;202200048447;727 733;A01;3;32;0;2;3;1;1;
74634;202200048447;727 734;B01;3;80;0;2;2;1;3;
74635;202200048448;727 731;A01;2;10;0;1;2;1;1;
74636;202200048449;727 730;A01;2;7;0;2;3;19;1;
74637;202200048449;727 732;B01;1;32;0;2;0;19;1;
74638;202200048450;727 727;B01;1;7;0;2;2;15;1;
74639;202200048450;727 728;A01;2;7;0;2;3;1;1;
74640;202200048451;727 724;B01;1;7;0;2;0;0;1;
74641;202200048451;727 726;C01;0;7;0;0;0;0;1;
74642;202200048451;727 729;A01;1;7;1;0;1;9;1;
74643;202200048452;727 722;B01;3;7;0;2;1;1;1;
74644;202200048452;727 743;A01;1;7;0;2;6;16;1;
74645;202200048453;727 719;B01;2;7;0;2;7;1;1;
74646;202200048453;727 725;A01;2;7;0;2;1;9;1;
74647;202200048454;727 720;A01;2;7;2;0;1;14;1;
74648;202200048455;727 721;B01;1;7;0;2;1;15;1;
74649;202200048455;727 723;A01;2;7;0;2;1;0;1;
74650;202200048456;727 718;A01;1;33;6;0;1;0;1;
74651;202200048457;727 716;A01;2;7;0;1;2;1;1;
74652;202200048458;727 717;A01;3;7;6;0;1;1;1;
74653;202200048459;727 714;A01;1;10;0;1;2;1;1;
74654;202200048460;727 711;B01;2;7;0;2;1;0;1;
74655;202200048460;727 715;A01;1;7;0;2;1;13;1;
74656;202200048461;727 710;A01;2;7;0;2;1;2;1;
74657;202200048461;727 713;B01;2;10;0;2;4;2;1;
74658;202200048462;727 708;A01;3;7;8;0;3;1;1;
74659;202200048463;727 707;A01;1;7;3;2;3;13;1;
74660;202200048463;727 712;B01;2;7;0;2;3;1;1;
74661;202200048464;727 706;A01;1;7;0;2;2;13;1;
74662;202200048464;727 709;B01;1;7;0;2;6;2;0;
74663;202200048465;727 703;A01;1;50;0;0;0;1;3;
74664;202200048466;727 702;A01;2;7;0;2;1;1;1;
74665;202200048466;727 705;B01;2;2;0;2;1;1;1;
74666;202200048467;727 701;A01;2;31;0;1;1;1;1;
74667;202200048468;727 704;A01;1;1;0;0;0;1;5;
74668;202200048469;727 697;B01;3;1;0;2;8;1;5;
74669;202200048469;727 700;A01;1;7;0;9;3;15;1;
74670;202200048470;727 692;A01;1;7;0;9;1;23;0;
74671;202200048470;727 696;B01;1;1;0;2;1;26;5;
74672;202200048471;727 690;A01;2;10;0;2;6;9;1;
74673;202200048471;727 694;B01;2;1;14;0;1;15;5;
74674;202200048472;727 689;A01;3;7;2;0;1;13;1;
74675;202200048473;727 688;A01;2;7;0;2;1;2;1;
74676;202200048473;727 691;B01;2;7;0;2;4;23;1;
74677;202200048473;727 695;C01;1;7;13;2;1;21;1;
74678;202200048474;727 687;B01;2;33;0;2;2;2;1;
74679;202200048474;727 693;A01;2;7;0;2;3;11;1;
74680;202200048476;727 682;A01;0;7;0;0;8;24;1;
74681;202200048476;727 685;B01;0;1;1;2;1;2;5;
74682;202200048478;727 677;B01;3;7;0;2;1;1;1;
74683;202200048478;727 680;A01;3;7;0;2;7;1;1;
74684;202200048479;727 679;A01;3;7;0;2;1;2;1;
74685;202200048479;727 686;B01;3;7;0;2;4;23;1;
74686;202200048480;727 676;B01;1;34;0;2;7;2;1;
74687;202200048480;727 678;A01;1;1;0;2;8;11;5;
74688;202200048481;727 671;B01;1;50;0;2;1;1;3;
74689;202200048481;727 673;A01;2;7;0;2;2;15;1;
74690;202200048482;727 670;B01;2;33;0;2;0;0;1;
74691;202200048482;727 674;A01;1;33;0;2;0;0;1;
74692;202200048483;727 669;A01;1;7;13;0;3;0;1;
74693;202200048484;727 665;C01;1;7;0;2;4;1;1;
74694;202200048484;727 668;B01;1;7;0;2;4;1;1;
74695;202200048484;727 675;A01;1;7;0;2;1;1;1;
74696;202200048485;727 666;A01;3;7;0;2;8;9;1;
74697;202200048485;727 672;B01;3;33;0;2;1;9;1;
74698;202200048486;727 663;A01;1;7;0;1;1;21;1;
74699;202200048487;727 662;B01;2;30;0;2;2;1;1;
74700;202200048487;727 667;A01;2;7;0;2;3;1;1;
74701;202200048488;727 661;A01;2;7;14;0;4;1;1;
74702;202200048489;727 659;A01;0;7;0;2;3;16;1;
74703;202200048489;727 664;B01;0;7;0;2;9;1;1;
74704;202200048490;727 656;Z01;3;99;0;2;0;9;0;
74705;202200048490;727 660;A01;3;32;0;2;7;17;1;
74706;202200048491;727 654;B01;1;7;0;2;2;0;0;
74707;202200048491;727 658;A01;3;7;0;2;1;0;6;
74708;202200048492;727 650;A01;3;7;0;2;1;1;1;
74709;202200048492;727 657;B01;3;7;0;2;8;1;2;
74710;202200048493;727 651;A01;3;7;0;2;3;10;1;
74711;202200048493;727 655;B01;3;43;0;2;1;17;1;
74712;202200048494;727 649;B01;3;31;0;2;1;2;1;
74713;202200048494;727 652;A01;3;7;0;2;8;10;0;
74714;202200048495;727 647;A01;1;33;1;0;2;13;1;
74715;202200048496;727 646;A01;2;50;8;0;2;25;3;
74716;202200048497;727 642;A01;1;20;0;2;7;1;1;
74717;202200048497;727 648;B01;1;32;0;2;3;1;1;
74718;202200048497;727 653;C01;1;32;0;2;1;1;1;
74719;202200048498;727 643;A01;2;7;0;1;2;16;2;
74720;202200048499;727 639;A01;2;7;0;2;1;2;1;
74721;202200048499;727 644;B01;2;7;0;2;4;1;1;
74722;202200048500;727 638;A01;1;7;0;1;1;2;1;
74723;202200048501;727 637;Z01;3;7;0;2;1;2;0;
74724;202200048501;727 640;B01;3;2;0;2;4;12;1;
74725;202200048502;727 641;A01;3;30;0;2;2;1;1;
74726;202200048502;727 645;B01;3;43;0;2;1;9;1;
74727;202200048503;727 635;A01;2;50;0;0;4;26;3;
74728;202200048504;727 630;A01;0;30;0;2;1;2;1;
74729;202200048504;727 634;B01;3;7;0;0;6;15;1;
74730;202200048505;727 629;B01;2;7;0;2;7;1;1;
74731;202200048505;727 633;A01;1;33;0;2;7;17;1;
74732;202200048506;727 631;A01;2;7;0;2;4;2;1;
74733;202200048506;727 636;B01;2;7;0;2;1;2;1;
74734;202200048507;727 628;Z01;1;1;0;1;1;1;5;
74735;202200048508;727 625;A01;0;7;1;2;4;17;1;
74736;202200048508;727 627;B01;0;7;14;2;2;23;1;
74737;202200048511;727 619;A01;2;7;0;1;1;1;1;
74738;202200048512;727 618;B01;1;32;0;2;8;1;1;
74739;202200048513;727 626;B01;1;7;0;2;2;1;1;
74740;202200048513;727 632;A01;2;2;0;2;2;15;1;
74741;202200048514;727 615;B01;1;34;0;2;1;1;1;
74742;202200048514;727 620;A01;1;32;0;2;2;5;1;
74743;202200048515;727 612;A01;2;33;0;1;1;1;1;
74744;202200048516;727 610;B01;3;7;0;2;8;1;1;
74745;202200048516;727 613;A01;3;30;12;2;7;5;1;
74746;202200048517;727 609;A01;1;10;0;2;4;1;1;
74747;202200048517;727 614;B01;1;7;0;2;1;1;2;
74748;202200048519;727 606;A01;1;7;0;2;6;9;1;
74749;202200048519;727 608;B01;1;33;0;2;7;1;1;
74750;202200048520;727 601;A01;1;7;0;2;3;17;1;
74751;202200048520;727 604;B01;2;7;0;2;3;0;1;
74752;202200048521;727 603;B01;1;15;0;2;5;2;1;
74753;202200048521;727 605;A01;1;7;0;2;3;2;1;
74754;202200048522;727 597;B01;2;7;0;2;3;1;1;
74755;202200048522;727 602;A01;2;34;0;2;4;17;3;
74756;202200048524;727 594;B01;1;7;0;2;4;2;1;
74757;202200048524;727 598;A01;1;30;0;2;1;2;1;
74758;202200048525;727 591;A01;3;7;0;2;6;10;1;
74759;202200048525;727 593;B01;3;32;0;2;2;1;1;
74760;202200048526;727 590;A01;-1;30;0;0;-1;-1;-1;
74761;202200048527;727 589;A01;2;7;0;2;3;5;1;
74762;202200048527;727 592;B01;1;14;0;2;3;26;1;
74763;202200048528;727 587;A01;1;33;0;2;7;13;1;
74764;202200048529;727 586;A01;1;50;0;2;1;13;3;
74765;202200048529;727 588;B01;2;80;0;2;1;1;3;
74766;202200048530;727 585;A01;3;10;0;1;2;0;1;
74767;202200048531;727 582;A01;1;7;0;2;1;26;1;
74768;202200048531;727 584;B01;1;7;0;2;2;2;1;
74769;202200048532;727 583;A01;3;33;3;0;8;0;1;
74770;202200048533;727 578;A01;1;7;0;2;5;23;1;
74771;202200048533;727 580;Z01;1;7;0;2;2;1;1;
74772;202200048534;727 579;A01;3;50;0;0;0;1;3;
74773;202200048535;727 577;A01;1;7;0;2;1;15;1;
74774;202200048535;727 581;B01;2;2;0;2;1;17;1;
74775;202200048536;727 576;A01;1;33;0;0;9;1;1;
74776;202200048537;727 575;A01;2;7;0;1;3;1;1;
74777;202200048539;727 568;B01;2;7;0;2;5;15;1;
74778;202200048539;727 573;A01;1;7;0;2;1;1;1;
74779;202200048540;727 567;A01;1;7;0;1;2;1;1;
74780;202200048541;727 570;A01;2;1;0;2;1;17;5;
74781;202200048541;727 572;B01;2;1;0;2;3;15;5;
74782;202200048542;727 566;A01;3;7;0;1;3;15;3;
74783;202200048543;727 559;B01;1;10;0;2;5;1;1;
74784;202200048543;727 562;A01;1;7;0;2;6;16;1;
74785;202200048544;727 556;B01;1;7;0;2;7;16;1;
74786;202200048544;727 564;A01;2;7;0;2;1;1;1;
74787;202200048545;727 560;Z01;1;7;0;1;3;16;1;
74788;202200048546;727 558;A01;1;34;5;0;1;14;1;
74789;202200048548;727 554;A01;1;10;0;2;1;1;1;
74790;202200048548;727 557;B01;1;7;0;0;4;15;1;
74791;202200048550;727 549;A01;1;7;0;9;0;1;1;
74792;202200048550;727 553;B01;1;80;0;2;1;15;3;
74793;202200048551;727 547;A01;1;7;1;1;0;16;2;
74794;202200048554;727 544;B01;1;7;0;2;1;2;1;
74795;202200048554;727 548;A01;2;50;0;2;0;8;3;
74796;202200048555;727 537;B01;3;7;0;2;2;15;6;
74797;202200048555;727 543;A01;3;33;0;2;1;0;6;
74798;202200048556;727 538;B01;1;15;0;2;4;2;1;
74799;202200048556;727 542;A01;1;7;0;2;1;1;1;
74800;202200048557;727 536;A01;2;7;0;2;1;2;1;
74801;202200048557;727 540;B01;2;7;0;2;0;0;1;
74802;202200048558;727 533;A01;0;7;0;2;1;5;1;
74803;202200048558;727 539;B01;0;33;0;2;1;1;1;
74804;202200048559;727 534;B01;2;37;0;0;6;23;1;1.0
74805;202200048559;727 541;A01;1;34;11;2;3;1;1;
74806;202200048560;727 532;B01;1;2;0;2;1;1;1;
74807;202200048560;727 535;A01;2;7;0;2;5;15;1;
74808;202200048561;727 530;A01;1;7;0;1;1;1;1;
74809;202200048562;727 527;A01;2;31;0;0;8;1;1;
74810;202200048563;727 525;B01;1;7;3;0;9;26;1;
74811;202200048563;727 531;A01;2;7;4;0;4;1;1;
74812;202200048564;727 524;A01;0;32;0;2;1;17;1;
74813;202200048564;727 528;B01;0;7;0;0;6;15;1;
74814;202200048565;727 523;A01;2;2;0;2;1;2;1;
74815;202200048565;727 526;B01;2;7;0;2;4;1;2;
74816;202200048566;727 518;A01;3;7;0;2;1;1;1;
74817;202200048566;727 522;B01;3;7;0;2;4;1;1;
74818;202200048567;727 521;Z01;1;1;0;1;1;1;5;
74819;202200048568;727 515;A01;2;7;0;2;1;13;1;
74820;202200048568;727 519;B01;1;33;0;2;1;1;1;
74821;202200048569;727 514;A01;2;10;0;2;8;11;1;
74822;202200048569;727 520;B01;2;43;0;2;2;3;1;
74823;202200048570;727 512;B01;1;7;0;2;1;2;1;
74824;202200048570;727 516;C01;1;7;0;2;4;2;1;
74825;202200048570;727 517;A01;1;7;0;2;1;2;1;
74826;202200048571;727 511;B01;2;34;0;0;0;0;1;
74827;202200048571;727 513;A01;2;10;0;2;7;14;0;
74828;202200048572;727 507;B01;0;7;0;2;2;1;1;
74829;202200048572;727 510;A01;0;32;0;2;5;1;1;
74830;202200048573;727 505;B01;3;1;0;2;6;9;5;
74831;202200048573;727 508;A01;1;32;0;2;2;1;1;
74832;202200048574;727 504;A01;3;7;0;1;3;1;1;
74833;202200048575;727 501;A01;1;7;0;2;4;0;1;
74834;202200048575;727 502;Z01;2;7;0;2;1;0;1;
74835;202200048576;727 496;A01;2;7;0;2;1;2;1;
74836;202200048576;727 500;B01;2;7;0;2;2;1;1;
74837;202200048576;727 503;C01;2;7;0;2;4;2;1;
74838;202200048577;727 494;B01;1;2;0;2;1;15;1;
74839;202200048577;727 499;A01;1;7;0;2;3;15;1;
74840;202200048578;727 493;A01;2;7;0;9;7;17;0;
74841;202200048578;727 495;B01;2;50;0;9;6;26;3;
74842;202200048579;727 490;B01;2;14;0;2;2;1;6;
74843;202200048579;727 498;A01;2;7;0;2;3;1;1;
74844;202200048581;727 487;A01;2;7;0;2;3;13;1;
74845;202200048581;727 491;B01;1;10;0;2;1;1;1;
74846;202200048581;727 497;C01;2;7;0;2;1;2;1;
74847;202200048582;727 485;A01;1;7;0;2;5;1;1;
74848;202200048582;727 492;B01;1;7;0;2;1;1;1;
74849;202200048583;727 484;A01;1;7;0;1;2;1;3;
74850;202200048584;727 483;B01;2;33;0;2;1;1;1;
74851;202200048584;727 488;A01;2;7;0;2;3;15;1;
74852;202200048585;727 481;A01;1;99;0;2;7;17;1;
74853;202200048585;727 486;B01;2;30;0;2;8;1;1;
74854;202200048586;727 479;B01;2;7;1;2;7;16;1;
74855;202200048586;727 482;A01;2;33;0;2;1;7;1;
74856;202200048587;727 478;A01;3;7;8;0;1;1;1;
74857;202200048588;727 476;A01;2;7;0;2;1;19;2;
74858;202200048588;727 480;B01;1;7;0;2;2;1;2;
74859;202200048590;727 471;A01;2;37;1;2;2;1;1;3.0
74860;202200048590;727 475;B01;2;10;1;2;3;9;1;
74861;202200048591;727 469;B01;2;32;0;2;1;1;1;
74862;202200048591;727 474;A01;1;10;0;2;7;15;1;
74863;202200048592;727 473;A01;3;7;0;1;3;15;1;
74864;202200048593;727 467;B01;1;33;0;2;2;0;1;
74865;202200048593;727 470;A01;1;7;0;2;6;11;1;
74866;202200048594;727 468;A01;1;14;0;1;1;1;1;
74867;202200048595;727 466;A01;1;50;0;0;1;16;3;
74868;202200048596;727 461;B01;2;80;0;2;8;1;3;
74869;202200048596;727 464;A01;2;14;0;2;7;16;1;
74870;202200048597;727 459;B01;1;7;4;0;4;1;1;
74871;202200048597;727 465;A01;1;7;3;2;3;9;1;
74872;202200048598;727 456;A01;1;7;0;0;2;6;1;
74873;202200048600;727 460;A01;2;7;0;1;2;1;1;
74874;202200048601;727 455;A01;2;7;0;2;1;2;1;
74875;202200048601;727 458;B01;2;7;0;2;4;1;1;
74876;202200048601;727 462;C01;2;7;0;2;4;1;1;
74877;202200048602;727 454;A01;1;7;2;0;1;13;1;
74878;202200048603;727 449;A01;0;7;0;2;1;2;1;
74879;202200048603;727 453;B01;1;7;0;2;4;1;1;
74880;202200048604;727 445;Z01;2;7;0;0;0;0;0;
74881;202200048604;727 447;B01;1;33;0;2;1;1;1;
74882;202200048604;727 450;C01;2;7;0;2;8;1;1;
74883;202200048605;727 444;B01;0;31;0;2;3;1;1;
74884;202200048605;727 451;A01;3;7;0;2;1;15;1;
74885;202200048606;727 443;A01;1;7;0;1;3;1;1;
74886;202200048607;727 442;A01;2;30;0;0;0;1;1;
74887;202200048608;727 446;B01;1;7;0;2;3;15;1;
74888;202200048608;727 448;A01;1;30;0;2;1;17;1;
74889;202200048609;727 441;A01;1;7;0;2;5;1;2;
74890;202200048609;727 452;B01;1;7;0;2;2;1;1;
74891;202200048610;727 438;A01;3;7;3;0;2;1;1;
74892;202200048611;727 435;A01;3;1;0;0;0;0;5;
74893;202200048612;727 437;B01;1;7;0;2;1;1;1;
74894;202200048612;727 440;A01;2;7;0;2;7;0;1;
74895;202200048614;727 434;B01;1;50;0;2;2;15;3;
74896;202200048614;727 439;A01;1;7;0;2;1;1;1;
74897;202200048616;727 428;A01;1;7;14;0;1;5;1;