;Num_Acc;id_vehicule;num_veh;senc;catv;obs;obsm;choc;manv;motor;occutc
74898;202200048617;727 429;A01;3;7;0;1;4;4;1;
74899;202200048618;727 427;A01;3;7;8;2;2;9;1;
74900;202200048618;727 431;B01;3;7;0;2;1;1;0;
74901;202200048619;727 425;A01;2;32;0;0;0;2;1;
74902;202200048621;727 424;A01;1;7;0;2;1;1;1;
74903;202200048621;727 430;B01;2;1;0;2;7;1;5;
74904;202200048622;727 421;B01;3;7;1;2;4;0;1;
74905;202200048622;727 423;A01;3;7;0;2;3;1;1;
74906;202200048623;727 419;B01;1;33;0;2;0;26;1;
74907;202200048623;727 422;A01;1;7;0;2;0;9;1;
74908;202200048624;727 418;A01;1;7;0;1;3;1;1;
74909;202200048625;727 414;B01;1;7;0;0;0;0;1;
74910;202200048625;727 420;A01;1;50;0;0;0;1;3;
74911;202200048626;727 412;A01;1;13;0;2;2;16;1;
74912;202200048626;727 417;B01;1;1;0;2;1;1;5;
74913;202200048627;727 413;A01;2;7;0;2;1;19;0;
74914;202200048627;727 416;B01;2;31;0;2;3;1;0;
74915;202200048628;727 411;A01;2;2;0;2;6;18;3;
74916;202200048628;727 415;B01;2;7;0;2;2;14;1;
74917;202200048629;727 406;B01;2;7;0;2;8;1;1;
74918;202200048629;727 409;A01;2;1;0;2;1;19;5;
74919;202200048630;727 404;B01;1;7;0;2;4;2;1;
74920;202200048630;727 408;A01;1;7;0;2;1;2;1;
74921;202200048631;727 403;A01;2;7;0;2;0;11;1;
74922;202200048631;727 407;C01;1;7;0;2;8;1;1;
74923;202200048631;727 410;B01;2;33;0;2;1;21;1;
74924;202200048632;727 400;B01;3;50;0;2;7;19;3;
74925;202200048632;727 405;A01;0;7;0;2;1;19;1;
74926;202200048633;727 399;A01;2;10;0;2;2;15;1;
74927;202200048633;727 402;B01;1;30;0;2;1;1;1;
74928;202200048634;727 396;A01;1;50;0;0;8;19;3;
74929;202200048634;727 401;B01;2;7;0;2;1;15;1;
74930;202200048635;727 394;A01;2;7;0;2;6;15;0;
74931;202200048635;727 397;B01;1;1;0;2;1;1;5;
74932;202200048636;727 393;C01;2;7;0;2;1;1;1;
74933;202200048636;727 395;B01;1;7;0;2;6;15;1;
74934;202200048636;727 398;A01;1;10;0;2;3;2;1;
74935;202200048637;727 391;A01;3;10;0;1;4;4;1;
74936;202200048638;727 389;A01;0;10;0;2;0;2;3;
74937;202200048639;727 390;A01;2;7;0;1;1;1;1;
74938;202200048640;727 387;A01;3;50;0;2;1;19;3;
74939;202200048640;727 392;B01;1;7;0;2;1;1;0;
74940;202200048641;727 384;A01;3;7;1;0;2;1;1;
74941;202200048642;727 383;A01;2;7;0;2;3;15;1;
74942;202200048642;727 388;B01;1;2;0;2;8;1;1;
74943;202200048643;727 382;Z01;3;7;0;1;0;0;1;
74944;202200048644;727 381;A01;1;7;0;2;2;1;1;
74945;202200048644;727 386;B01;3;50;0;2;0;0;3;
74946;202200048646;727 378;A01;3;1;0;1;0;26;5;
74947;202200048647;727 376;B01;3;2;0;2;6;1;1;
74948;202200048647;727 380;A01;3;7;1;0;3;20;1;
74949;202200048648;727 377;A01;2;1;1;0;1;15;5;
74950;202200048649;727 373;A01;3;10;0;2;4;26;1;
74951;202200048649;727 375;B01;3;33;0;2;1;23;1;
74952;202200048650;727 372;B01;2;2;0;2;1;1;1;
74953;202200048650;727 374;A01;2;7;0;2;3;9;1;
74954;202200048652;727 368;A01;1;7;0;2;1;13;1;
74955;202200048652;727 370;B01;1;7;12;2;1;1;1;
74956;202200048653;727 367;B01;3;7;0;2;4;1;1;
74957;202200048653;727 371;A01;3;10;0;2;1;2;1;
74958;202200048654;727 363;B01;3;7;0;2;4;0;1;
74959;202200048654;727 366;A01;3;31;0;2;1;1;1;
74960;202200048655;727 362;Z01;3;10;0;1;3;15;0;
74961;202200048656;727 361;A01;2;7;0;2;2;19;1;
74962;202200048656;727 365;B01;2;7;0;2;3;19;1;
74963;202200048658;727 359;B01;1;7;0;2;1;1;1;
74964;202200048658;727 364;A01;2;7;0;2;8;1;1;
74965;202200048659;727 357;A01;1;10;0;2;4;23;1;
74966;202200048659;727 360;B01;1;7;0;2;1;1;1;
74967;202200048660;727 356;A01;2;30;0;1;1;1;1;
74968;202200048661;727 349;A01;1;7;0;2;2;1;2;
74969;202200048661;727 353;B01;0;7;0;2;1;1;1;
74970;202200048662;727 350;B01;2;7;0;2;1;13;1;
74971;202200048662;727 354;A01;1;7;0;2;1;1;1;
74972;202200048663;727 348;A01;2;10;8;0;1;1;1;
74973;202200048664;727 346;A01;2;7;8;0;1;13;1;
74974;202200048665;727 343;A01;1;7;13;0;9;13;1;
74975;202200048666;727 344;A01;3;50;0;0;0;21;3;
74976;202200048667;727 340;A01;1;7;0;2;2;23;1;
74977;202200048667;727 345;B01;2;2;0;2;8;5;3;
74978;202200048668;727 338;A01;1;10;0;2;3;15;1;
74979;202200048668;727 342;B01;2;33;0;2;1;1;1;
74980;202200048669;727 337;A01;-1;10;9;0;1;13;1;
74981;202200048670;727 339;A01;1;7;0;1;8;9;6;
74982;202200048671;727 335;A01;2;33;2;0;5;1;1;
74983;202200048672;727 332;A01;1;10;8;0;1;26;1;
74984;202200048673;727 325;A01;2;33;16;0;1;1;1;
74985;202200048674;727 328;B01;2;32;0;2;2;1;1;
74986;202200048674;727 331;A01;3;7;0;2;3;15;0;
74987;202200048675;727 323;A01;1;10;0;2;3;1;1;
74988;202200048675;727 330;C01;1;7;0;2;2;1;1;
74989;202200048675;727 334;B01;1;7;0;2;2;1;1;
74990;202200048676;727 322;A01;1;31;0;2;1;21;1;
74991;202200048676;727 329;B01;1;7;0;2;5;9;1;
74992;202200048677;727 321;B01;1;3;0;2;4;1;1;
74993;202200048677;727 326;A01;1;7;0;2;1;1;1;
74994;202200048678;727 319;A01;2;7;0;2;1;1;2;
74995;202200048678;727 327;B01;2;7;0;2;3;1;1;
74996;202200048679;727 318;A01;1;33;8;0;1;1;1;
74997;202200048680;727 314;Z01;3;7;0;1;0;0;0;
74998;202200048681;727 315;A01;2;7;1;0;1;2;1;
74999;202200048682;727 311;B01;2;7;0;2;2;2;1;
75000;202200048682;727 317;A01;2;7;0;2;2;2;1;
75001;202200048683;727 313;A01;1;7;12;0;0;9;1;
75002;202200048683;727 316;B01;1;1;0;2;3;0;5;
75003;202200048684;727 309;A01;3;32;2;0;1;1;1;
75004;202200048685;727 308;B01;3;7;0;2;2;16;0;
75005;202200048685;727 312;A01;3;7;0;2;3;1;0;
75006;202200048687;727 306;B01;1;50;0;2;1;1;3;
75007;202200048687;727 307;A01;2;7;0;2;2;15;1;
75008;202200048688;727 304;A01;2;1;0;0;1;1;5;
75009;202200048689;727 302;A01;2;7;3;0;2;1;1;
75010;202200048691;727 298;A01;3;31;0;0;0;26;1;
75011;202200048692;727 291;A01;1;7;2;0;1;13;1;
75012;202200048693;727 296;A01;1;7;0;9;2;2;1;
75013;202200048693;727 300;B01;3;1;0;2;7;0;5;
75014;202200048694;727 292;B01;1;2;0;2;1;1;1;
75015;202200048694;727 297;A01;1;7;0;0;3;16;1;
75016;202200048695;727 293;C01;0;7;0;2;4;1;1;
75017;202200048695;727 295;B01;0;7;0;2;4;1;1;
75018;202200048695;727 299;A01;0;7;0;2;1;1;1;
75019;202200048696;727 290;A01;1;7;0;2;6;15;1;
75020;202200048696;727 294;B01;2;33;0;2;1;1;1;
75021;202200048697;727 289;A01;3;31;0;0;3;16;1;
75022;202200048699;727 285;Z01;3;7;0;1;2;0;0;
75023;202200048700;727 283;A01;3;7;0;1;1;1;1;
75024;202200048701;727 284;A01;1;38;0;2;2;16;1;1.0
75025;202200048701;727 287;B01;1;1;0;2;3;26;5;
75026;202200048702;727 281;A01;1;7;0;1;2;1;1;
75027;202200048703;727 280;A01;3;1;0;0;0;1;5;
75028;202200048704;727 278;B01;0;7;0;2;2;1;1;
75029;202200048704;727 279;C01;0;7;0;2;6;23;1;
75030;202200048704;727 282;D01;0;7;0;2;3;23;1;
75031;202200048704;727 288;A01;0;7;0;2;3;16;1;
75032;202200048705;727 275;A01;3;7;0;1;1;2;1;
75033;202200048706;727 274;C01;1;7;0;2;4;2;1;
75034;202200048706;727 276;B01;1;7;0;2;4;2;1;
75035;202200048706;727 277;A01;1;7;0;2;1;2;1;
75036;202200048707;727 271;A01;1;50;0;1;1;19;3;
75037;202200048708;727 270;B01;2;7;0;0;3;13;1;
75038;202200048708;727 272;A01;1;7;13;0;3;1;1;
75039;202200048709;727 269;B01;1;50;0;2;1;1;3;
75040;202200048709;727 273;A01;1;7;0;2;8;1;1;
75041;202200048710;727 267;A01;3;7;0;1;1;1;1;
75042;202200048711;727 266;A01;1;7;0;1;2;15;1;
75043;202200048712;727 265;A01;3;14;0;1;2;1;1;
75044;202200048713;727 263;B01;1;1;0;2;1;2;5;
75045;202200048713;727 268;A01;1;7;0;2;4;2;1;
75046;202200048714;727 262;A01;2;2;0;2;1;17;1;
75047;202200048714;727 264;B01;1;7;0;2;1;1;1;
75048;202200048715;727 258;A01;1;7;7;0;9;1;2;
75049;202200048716;727 260;A01;2;7;0;2;1;9;1;
75050;202200048716;727 261;B01;2;80;0;2;4;1;3;
75051;202200048717;727 256;B01;2;30;0;2;1;0;1;
75052;202200048717;727 259;A01;3;7;0;2;3;9;2;
75053;202200048718;727 257;A01;1;2;0;1;1;2;1;
75054;202200048719;727 255;A01;0;2;0;0;4;26;1;
75055;202200048720;727 252;A01;1;32;9;2;1;13;1;
75056;202200048721;727 251;A01;1;10;0;2;1;16;1;
75057;202200048721;727 254;B01;1;1;0;2;7;1;5;
75058;202200048722;727 249;B01;2;1;0;2;2;15;5;
75059;202200048722;727 253;A01;1;7;0;2;3;9;1;
75060;202200048723;727 247;A01;1;50;0;2;1;1;3;
75061;202200048723;727 250;B01;1;7;0;2;4;23;1;
75062;202200048724;727 243;A01;3;30;0;2;1;1;1;
75063;202200048724;727 246;B01;3;7;0;2;8;1;1;
75064;202200048725;727 242;A01;2;7;0;1;2;1;1;
75065;202200048726;727 244;B01;0;1;0;2;7;19;5;
75066;202200048726;727 245;A01;0;10;0;2;2;1;1;
75067;202200048727;727 240;A01;1;7;0;1;2;1;1;
75068;202200048728;727 239;A01;1;10;0;2;5;15;1;
75069;202200048728;727 241;B01;2;33;0;2;1;1;1;
75070;202200048729;727 238;A01;1;7;2;0;9;0;1;
75071;202200048730;727 233;A01;1;41;0;2;1;2;1;
75072;202200048730;727 237;B01;1;10;0;2;4;14;1;
75073;202200048731;727 228;B01;1;7;0;2;1;1;1;
75074;202200048731;727 235;A01;1;7;0;2;0;0;1;
75075;202200048732;727 225;A01;1;7;0;1;1;1;1;
75076;202200048733;727 222;A01;1;33;0;2;4;23;1;
75077;202200048733;727 226;B01;1;10;0;2;3;2;1;
75078;202200048733;727 229;C01;1;7;0;2;8;2;1;
75079;202200048733;727 234;D01;1;7;0;2;4;2;2;
75080;202200048734;727 221;B01;1;7;0;2;1;0;1;
75081;202200048734;727 223;A01;2;7;0;2;1;5;1;
75082;202200048735;727 220;B01;1;7;0;0;4;0;1;
75083;202200048735;727 224;A01;1;10;0;2;2;1;1;
75084;202200048736;727 219;A01;3;7;0;1;1;1;1;
75085;202200048737;727 218;A01;0;7;0;1;1;1;3;
75086;202200048738;727 216;B01;2;7;0;2;5;1;2;
75087;202200048738;727 217;A01;2;33;0;2;1;1;1;
75088;202200048739;727 211;A01;-1;7;2;0;8;1;1;
75089;202200048740;727 213;A01;2;7;0;2;2;15;1;
75090;202200048740;727 215;B01;1;1;0;2;1;1;5;
75091;202200048741;727 209;A01;1;7;0;0;3;19;1;
75092;202200048741;727 214;B01;1;33;0;0;1;1;1;
75093;202200048743;727 205;B01;1;7;0;2;1;2;0;
75094;202200048743;727 210;A01;1;7;0;2;4;9;1;
75095;202200048746;727 200;B01;1;7;0;2;3;1;1;
75096;202200048746;727 201;A01;1;7;0;2;4;1;1;
75097;202200048747;727 198;B01;1;7;0;0;3;1;1;
75098;202200048747;727 202;A01;2;15;0;2;6;1;1;
75099;202200048748;727 194;A01;2;30;0;2;3;7;1;
75100;202200048748;727 199;B01;2;7;0;2;2;1;1;
75101;202200048749;727 195;A01;2;7;0;0;9;1;1;
75102;202200048750;727 192;A01;2;10;0;9;3;2;1;
75103;202200048750;727 197;B01;2;50;0;2;3;0;3;
75104;202200048751;727 193;A01;2;32;0;2;8;3;1;
75105;202200048751;727 196;B01;2;7;0;2;7;1;1;
75106;202200048752;727 189;A01;2;7;6;0;1;13;1;
75107;202200048753;727 188;A01;1;7;0;1;2;16;1;
75108;202200048754;727 187;B01;1;33;0;2;1;1;1;
75109;202200048754;727 190;A01;1;7;0;2;3;10;1;
75110;202200048755;727 183;A01;2;7;0;2;3;1;-1;
75111;202200048755;727 186;B01;2;50;0;2;1;9;3;
75112;202200048756;727 184;A01;1;7;0;2;8;15;1;
75113;202200048756;727 191;B01;2;7;0;2;1;1;1;
75114;202200048757;727 182;Z01;2;7;0;2;0;0;0;
75115;202200048757;727 185;A01;2;7;0;2;5;1;1;
75116;202200048758;727 181;A01;1;10;0;1;3;1;1;
75117;202200048759;727 180;A01;3;7;0;1;3;0;1;
75118;202200048760;727 173;B01;1;7;0;2;3;15;1;
75119;202200048760;727 177;A01;1;30;0;2;0;25;0;
75120;202200048761;727 174;A01;2;7;0;2;5;12;1;
75121;202200048761;727 176;B01;2;33;0;2;3;1;1;
75122;202200048763;727 163;D01;2;33;14;0;2;1;1;
75123;202200048763;727 168;C01;2;33;0;2;1;1;1;
75124;202200048763;727 172;B01;2;33;0;2;1;1;1;
75125;202200048763;727 178;A01;1;10;0;2;1;13;1;
75126;202200048764;727 165;A01;1;33;4;0;8;13;1;
75127;202200048765;727 162;A01;3;7;0;2;3;19;1;
75128;202200048765;727 164;B01;0;3;0;2;5;0;1;
75129;202200048766;727 161;A01;1;7;0;1;1;1;1;
75130;202200048767;727 157;A01;2;7;6;0;2;14;1;
75131;202200048768;727 158;A01;2;7;0;2;8;15;1;
75132;202200048768;727 160;B01;2;10;0;2;1;1;1;
75133;202200048769;727 155;A01;1;33;0;2;1;1;1;
75134;202200048769;727 159;B01;2;7;0;2;3;15;1;
75135;202200048770;727 154;A01;1;7;0;2;5;12;1;
75136;202200048770;727 156;B01;1;33;0;2;3;1;1;
75137;202200048772;727 151;A01;1;7;0;0;4;1;1;
75138;202200048772;727 153;B01;1;7;0;2;1;1;1;
75139;202200048773;727 149;A01;2;7;1;0;1;13;1;
75140;202200048774;727 150;A01;1;7;1;0;2;1;2;
75141;202200048775;727 147;A01;3;7;0;1;3;16;1;
75142;202200048776;727 145;A01;3;7;0;1;1;19;1;
75143;202200048777;727 141;A01;2;33;0;2;1;2;1;
75144;202200048777;727 146;B01;2;7;0;0;6;2;1;
75145;202200048779;727 137;B01;2;31;0;2;3;3;1;
75146;202200048779;727 139;A01;2;7;0;2;2;14;1;
75147;202200048780;727 135;A01;2;33;0;0;0;1;1;
75148;202200048781;727 134;A01;1;7;0;2;7;17;1;
75149;202200048781;727 136;B01;1;7;0;2;3;15;1;
75150;202200048782;727 133;A01;3;7;6;0;1;1;1;
75151;202200048783;727 132;A01;3;30;9;0;1;2;1;
75152;202200048784;727 126;A01;3;7;2;0;1;0;1;
75153;202200048785;727 127;C01;1;1;0;0;9;1;5;
75154;202200048785;727 129;B01;1;7;0;2;0;1;1;
75155;202200048785;727 131;A01;1;7;0;9;2;1;1;
75156;202200048787;727 123;B01;1;10;0;2;4;2;1;
75157;202200048787;727 128;C01;1;7;0;2;4;2;0;
75158;202200048787;727 130;A01;1;7;0;2;1;2;0;
75159;202200048790;727 120;A01;2;33;13;0;1;26;1;
75160;202200048791;727 115;A01;1;7;0;1;2;1;1;
75161;202200048792;727 114;A01;2;7;0;2;3;1;1;
75162;202200048792;727 119;B01;1;1;0;2;1;1;5;
75163;202200048793;727 113;B01;2;43;0;2;2;1;1;
75164;202200048793;727 118;A01;2;7;0;2;5;11;1;
75165;202200048794;727 112;B01;2;7;0;2;3;1;1;
75166;202200048794;727 117;A01;1;7;0;2;3;13;1;
75167;202200048796;727 104;B01;1;10;0;2;8;0;0;
75168;202200048796;727 109;A01;2;10;0;2;1;20;0;
75169;202200048797;727 108;A01;1;43;0;0;8;3;1;
75170;202200048799;727 102;B01;1;7;4;2;3;1;1;
75171;202200048799;727 106;A01;2;7;4;2;3;13;1;
75172;202200048800;727 100;A01;2;21;0;2;6;1;1;
75173;202200048800;727 107;B01;1;10;0;2;1;1;1;
75174;202200048801;727 098;A01;0;33;0;1;2;1;1;
75175;202200048802;727 097;A01;2;2;0;2;1;1;1;
75176;202200048802;727 099;B01;1;7;0;2;3;1;1;
75177;202200048803;727 095;A01;0;1;6;0;1;15;5;
75178;202200048804;727 094;A01;2;31;13;0;7;1;1;
75179;202200048806;727 087;B01;0;7;0;2;1;1;1;
75180;202200048806;727 090;A01;0;7;0;2;2;15;1;
75181;202200048807;727 092;A01;1;32;0;2;8;12;1;
75182;202200048807;727 096;Z01;1;33;0;2;2;12;0;
75183;202200048808;727 086;A01;2;33;0;2;8;1;1;
75184;202200048808;727 091;B01;2;34;0;2;7;1;1;
75185;202200048808;727 093;C01;2;33;0;2;7;14;1;
75186;202200048809;727 080;A01;1;10;0;2;7;17;1;
75187;202200048809;727 084;B01;1;7;0;2;3;15;1;
75188;202200048810;727 078;A01;1;7;0;2;2;1;1;
75189;202200048810;727 082;B01;1;50;0;2;2;1;3;
75190;202200048811;727 076;B01;1;7;0;2;2;2;1;
75191;202200048811;727 079;A01;1;7;0;2;2;2;0;
75192;202200048811;727 083;C01;1;7;0;2;8;2;1;
75193;202200048812;727 075;A01;2;7;6;0;1;14;1;
75194;202200048813;727 070;A01;1;7;0;1;1;1;1;
75195;202200048814;727 069;B01;0;7;0;2;2;1;1;
75196;202200048814;727 071;A01;0;10;0;2;3;13;1;
75197;202200048816;727 067;A01;2;7;0;0;1;13;1;
75198;202200048817;727 063;A01;1;7;0;2;3;1;1;
75199;202200048817;727 066;B01;2;7;0;2;3;0;1;
75200;202200048818;727 062;B01;1;7;0;2;2;1;1;
75201;202200048818;727 065;A01;3;7;0;2;1;16;1;
75202;202200048819;727 061;B01;3;7;0;2;1;0;1;
75203;202200048819;727 064;A01;3;7;0;2;3;0;1;
75204;202200048820;727 060;A01;3;7;0;1;4;4;1;
75205;202200048821;727 059;A01;1;7;0;1;7;1;1;
75206;202200048822;727 053;B01;2;32;0;2;1;1;1;
75207;202200048822;727 057;A01;1;7;0;2;5;15;1;
75208;202200048823;727 052;A01;1;7;7;0;9;13;1;
75209;202200048824;727 051;C01;2;1;0;2;7;2;5;
75210;202200048824;727 055;B01;2;7;0;2;5;23;1;
75211;202200048824;727 058;A01;2;37;0;9;6;26;2;1.0
75212;202200048825;727 050;B01;2;7;0;0;8;1;1;
75213;202200048825;727 056;A01;2;7;0;2;7;17;1;
75214;202200048826;727 046;A01;2;7;13;0;7;1;1;
75215;202200048827;727 047;B01;3;7;0;2;2;1;1;
75216;202200048827;727 054;A01;3;7;0;2;1;1;1;
75217;202200048828;727 044;B01;1;2;0;2;2;1;1;
75218;202200048828;727 049;A01;1;7;0;2;3;15;1;
75219;202200048829;727 043;A01;1;7;13;2;1;13;1;
75220;202200048829;727 048;B01;2;7;0;2;1;1;1;
75221;202200048832;727 035;A01;1;7;16;0;0;1;1;
75222;202200048833;727 037;A01;2;10;0;2;7;15;1;
75223;202200048833;727 039;B01;1;33;0;2;1;1;1;
75224;202200048834;727 033;B01;2;33;0;2;0;17;1;
75225;202200048834;727 036;A01;1;7;0;2;8;1;1;
75226;202200048835;727 032;A01;3;7;8;0;2;1;1;
75227;202200048836;727 031;B01;1;7;0;0;4;2;1;
75228;202200048836;727 034;A01;1;7;0;2;1;2;1;
75229;202200048837;727 038;A01;1;33;0;1;1;1;1;
75230;202200048838;727 026;B01;1;7;0;2;1;0;1;
75231;202200048838;727 029;A01;3;1;0;2;7;26;5;
75232;202200048839;727 024;A01;3;2;0;2;1;1;1;
75233;202200048839;727 028;B01;3;10;0;2;3;1;1;
75234;202200048840;727 025;A01;2;7;0;2;1;17;1;
75235;202200048840;727 027;B01;1;10;0;2;1;1;1;
75236;202200048841;727 023;A01;1;50;0;2;1;21;3;
75237;202200048842;727 019;A01;1;7;9;1;1;1;2;
75238;202200048843;727 020;A01;1;32;2;0;1;26;1;
75239;202200048844;727 016;A01;3;43;0;1;1;1;1;
75240;202200048845;727 014;A01;2;33;13;0;9;1;1;
75241;202200048846;727 015;A01;2;2;0;2;7;17;1;
75242;202200048846;727 017;B01;2;7;0;2;8;1;1;
75243;202200048846;727 021;C01;1;7;0;2;6;1;1;
75244;202200048848;727 013;A01;2;7;2;0;1;0;1;
75245;202200048849;727 009;A01;1;7;13;0;1;13;1;
75246;202200048850;727 008;B01;2;43;0;2;7;3;1;
75247;202200048850;727 012;A01;2;10;0;2;3;11;1;
75248;202200048851;727 007;A01;1;33;0;2;3;17;1;
75249;202200048851;727 010;B01;2;33;0;2;3;1;1;
75250;202200048852;727 006;A01;1;1;0;0;0;15;5;
75251;202200048853;727 002;A01;1;33;13;0;8;1;1;
75252;202200048854;727 001;B01;2;7;0;2;3;1;2;
75253;202200048854;727 005;A01;1;30;0;2;1;13;1;
75254;202200048855;727 000;A01;1;7;0;0;1;15;1;
75255;202200048855;727 004;B01;2;7;0;0;1;1;1;
75256;202200048856;727 003;A01;3;43;15;0;3;13;1;
75257;202200048857;726 999;A01;1;3;8;0;3;13;1;
75258;202200048858;726 997;A01;1;7;16;0;1;1;1;
75259;202200048859;726 996;A01;2;37;0;1;1;1;2;1.0
75260;202200048860;726 993;A01;3;7;2;2;1;20;2;
75261;202200048860;726 995;B01;3;7;0;0;5;24;1;
75262;202200048861;726 994;A01;3;7;0;1;1;15;1;
75263;202200048862;726 990;A01;2;32;0;0;1;15;1;
75264;202200048863;726 989;A01;2;7;3;0;1;1;1;
75265;202200048864;726 987;A01;2;7;0;0;2;2;1;
75266;202200048864;726 991;B01;2;1;0;2;4;2;5;
75267;202200048865;726 986;A01;3;10;0;1;2;16;1;
75268;202200048866;726 985;A01;2;10;0;2;3;2;1;
75269;202200048866;726 988;B01;2;14;0;2;5;2;1;
75270;202200048866;726 992;C01;2;17;0;0;4;1;1;
75271;202200048867;726 983;A01;2;7;2;0;2;1;1;
75272;202200048868;726 979;B01;1;7;0;2;1;0;1;
75273;202200048868;726 981;A01;1;7;0;2;1;0;1;
75274;202200048869;726 978;Z01;1;7;0;2;2;12;1;
75275;202200048869;726 982;B01;1;10;0;2;6;1;1;
75276;202200048869;726 984;A01;1;7;0;2;3;1;1;
75277;202200048870;726 975;A01;2;7;6;0;1;13;1;
75278;202200048872;726 974;A01;2;7;0;2;3;15;1;
75279;202200048872;726 977;B01;2;33;0;2;7;1;1;
75280;202200048873;726 967;B01;1;7;0;2;1;1;1;
75281;202200048873;726 971;A01;2;7;0;2;1;13;1;
75282;202200048874;726 969;B01;2;30;0;2;7;1;1;
75283;202200048874;726 972;A01;2;7;0;2;3;9;1;
75284;202200048875;726 968;A01;1;7;0;0;0;14;1;
75285;202200048876;726 970;B01;1;50;0;2;1;5;3;
75286;202200048876;726 973;A01;2;7;0;2;1;1;0;
75287;202200048878;726 961;B01;1;1;0;2;1;1;5;
75288;202200048878;726 964;A01;1;7;0;2;8;22;1;
75289;202200048880;726 958;B01;3;7;0;2;1;1;1;
75290;202200048880;726 962;A01;3;7;0;2;3;1;1;
75291;202200048881;726 957;B01;1;7;0;2;3;15;1;
75292;202200048881;726 959;A01;1;30;0;2;1;17;1;
75293;202200048882;726 954;A01;1;7;2;0;1;1;1;
75294;202200048884;726 950;B01;1;80;0;2;1;1;3;
75295;202200048884;726 952;A01;1;7;0;2;6;22;2;
75296;202200048885;726 945;B01;2;7;0;2;3;9;1;
75297;202200048885;726 948;A01;1;33;0;0;7;16;1;
75298;202200048886;726 946;A01;1;32;0;1;2;1;1;
75299;202200048887;726 947;B01;2;7;0;2;3;1;1;
75300;202200048887;726 949;A01;1;33;0;2;1;1;1;
75301;202200048888;726 942;B01;2;7;0;2;3;1;1;
75302;202200048888;726 944;A01;1;7;0;2;3;11;1;
75303;202200048890;726 940;A01;1;7;2;0;3;1;1;
75304;202200048892;726 936;A01;2;7;0;0;9;26;1;
75305;202200048893;726 934;A01;2;7;0;2;6;1;1;
75306;202200048893;726 937;B01;1;7;0;2;3;13;2;
75307;202200048894;726 932;A01;3;32;0;1;1;1;1;
75308;202200048895;726 935;A01;3;10;0;1;1;15;1;
75309;202200048896;726 931;A01;1;80;0;0;0;1;3;
75310;202200048896;726 933;B01;2;10;0;0;0;13;1;
75311;202200048897;726 928;B01;2;33;0;2;1;2;1;
75312;202200048897;726 930;A01;2;33;0;2;4;1;1;
75313;202200048899;726 924;A01;2;7;0;2;5;14;1;
75314;202200048899;726 927;B01;2;50;0;2;8;1;3;
75315;202200048900;726 923;B01;1;7;0;2;3;15;1;
75316;202200048900;726 926;A01;1;32;0;2;8;16;1;
75317;202200048901;726 919;A01;1;32;0;5;3;1;1;
75318;202200048902;726 918;A01;2;10;3;2;3;1;1;
75319;202200048902;726 921;B01;1;3;0;2;1;13;1;
75320;202200048905;726 913;A01;3;7;0;1;2;1;1;
75321;202200048906;726 912;B01;1;7;0;2;1;17;1;
75322;202200048906;726 914;A01;2;10;0;2;3;1;1;
75323;202200048907;726 911;A01;1;1;11;0;1;11;5;
75324;202200048908;726 908;B01;1;7;0;2;1;5;1;
75325;202200048908;726 909;A01;1;7;0;2;1;1;1;
75326;202200048910;726 906;A01;3;21;13;0;3;1;1;
75327;202200048911;726 904;B01;2;7;0;2;4;2;1;
75328;202200048911;726 907;A01;2;7;0;2;1;2;1;
75329;202200048912;726 902;B01;1;13;0;2;2;16;1;
75330;202200048912;726 905;A01;1;50;0;2;1;19;3;
75331;202200048913;726 901;B01;2;7;0;2;4;1;2;
75332;202200048913;726 903;A01;2;33;0;2;1;2;1;
75333;202200048914;726 899;A01;1;33;0;0;8;1;1;
75334;202200048915;726 898;B01;1;7;0;2;2;1;0;
75335;202200048915;726 900;A01;1;50;0;2;1;1;3;
75336;202200048917;726 895;A01;2;7;0;1;4;4;1;
75337;202200048918;726 892;A01;2;33;0;2;1;0;1;
75338;202200048918;726 893;B01;2;7;0;2;5;0;2;
75339;202200048918;726 896;C01;2;7;0;2;4;0;1;
75340;202200048919;726 888;A01;2;7;0;2;2;0;1;
75341;202200048919;726 889;B01;2;33;0;2;8;0;1;
75342;202200048920;726 886;A01;2;50;12;0;1;14;3;
75343;202200048921;726 887;A01;0;50;0;2;8;19;3;
75344;202200048921;726 890;B01;0;33;0;2;1;1;1;
75345;202200048922;726 885;A01;0;7;0;2;8;19;1;
75346;202200048922;726 891;B01;0;7;0;2;1;1;1;
75347;202200048923;726 884;A01;2;7;3;0;2;1;1;
75348;202200048924;726 880;A01;2;80;12;0;0;14;3;
75349;202200048925;726 879;A01;1;43;0;2;1;2;1;
75350;202200048925;726 883;B01;1;7;0;2;6;2;1;
75351;202200048926;726 877;A01;3;7;0;0;0;1;1;
75352;202200048926;726 881;B01;3;2;14;0;0;17;1;
75353;202200048927;726 876;A01;2;7;3;0;1;2;1;
75354;202200048928;726 878;A01;2;32;0;2;1;1;1;
75355;202200048928;726 882;LB01;2;1;0;2;8;15;5;
75356;202200048930;726 872;A01;3;7;0;2;3;15;1;
75357;202200048930;726 875;B01;3;34;0;2;1;1;1;