;Num_Acc;id_vehicule;num_veh;senc;catv;obs;obsm;choc;manv;motor;occutc
75358;202200048931;726 868;B01;0;33;0;2;2;2;1;
75359;202200048931;726 871;A01;0;10;0;2;2;9;1;
75360;202200048932;726 866;A01;1;7;0;2;1;1;1;
75361;202200048932;726 869;B01;1;7;3;2;4;2;1;
75362;202200048932;726 873;C01;1;7;0;2;5;23;1;
75363;202200048933;726 867;B01;1;7;0;2;1;1;2;
75364;202200048933;726 874;A01;2;7;0;2;1;5;1;
75365;202200048937;726 858;A01;1;7;0;1;3;1;1;
75366;202200048938;726 859;A01;1;43;0;1;1;1;1;
75367;202200048939;726 855;A01;2;7;0;1;1;16;2;
75368;202200048940;726 853;A01;1;34;0;1;1;7;1;
75369;202200048943;726 844;A01;2;7;0;2;3;13;1;
75370;202200048943;726 849;B01;1;7;0;2;3;1;1;
75371;202200048944;726 846;B01;1;7;0;2;1;1;1;
75372;202200048944;726 848;A01;2;7;0;2;1;15;1;
75373;202200048945;726 845;B01;3;1;0;2;1;1;5;
75374;202200048945;726 847;A01;3;10;0;2;3;16;1;
75375;202200048946;726 841;B01;2;7;0;2;6;2;1;
75376;202200048946;726 843;A01;2;7;4;2;2;2;1;
75377;202200048947;726 838;A01;1;7;13;0;2;1;1;
75378;202200048948;726 836;A01;3;7;0;2;6;26;1;
75379;202200048948;726 840;B01;3;7;0;2;1;1;1;
75380;202200048949;726 837;A01;1;43;1;0;5;17;0;
75381;202200048949;726 842;B01;1;7;0;2;3;14;0;
75382;202200048950;726 835;A01;1;7;0;2;0;16;1;
75383;202200048950;726 839;B01;1;1;0;2;0;1;5;
75384;202200048952;726 831;A01;3;7;0;1;2;1;1;
75385;202200048953;726 832;A01;2;17;0;2;1;14;1;
75386;202200048953;726 834;B01;2;7;0;2;0;1;0;
75387;202200048955;726 827;B01;3;7;0;2;2;20;1;
75388;202200048955;726 829;A01;3;7;9;2;2;0;1;
75389;202200048956;726 824;A01;1;7;0;2;1;2;1;
75390;202200048956;726 828;B01;1;7;0;2;4;2;1;
75391;202200048958;726 818;A01;2;16;0;1;7;20;1;
75392;202200048960;726 816;A01;2;32;0;2;8;18;1;
75393;202200048960;726 820;B01;2;7;0;2;2;16;1;
75394;202200048961;726 814;A01;1;7;15;-1;3;21;1;
75395;202200048962;726 813;D01;2;7;0;2;6;1;1;
75396;202200048962;726 815;C01;2;7;0;2;5;1;3;
75397;202200048962;726 821;B01;2;33;0;2;7;3;1;
75398;202200048962;726 823;A01;2;7;0;2;8;11;1;
75399;202200048963;726 810;B01;1;33;0;2;1;17;1;
75400;202200048963;726 812;A01;1;7;0;2;8;10;1;
75401;202200048964;726 806;A01;2;50;0;2;1;1;3;
75402;202200048964;726 811;B01;1;7;0;2;1;1;1;
75403;202200048965;726 804;B01;2;7;0;2;3;15;1;
75404;202200048965;726 809;A01;2;33;0;2;8;16;1;
75405;202200048966;726 805;A01;2;7;0;2;3;11;2;
75406;202200048966;726 808;B01;2;32;0;2;1;1;1;
75407;202200048967;726 803;B01;2;15;0;2;6;2;6;
75408;202200048967;726 807;A01;2;7;0;2;2;2;1;
75409;202200048968;726 802;A01;1;50;0;1;7;0;3;
75410;202200048969;726 800;A01;2;32;0;2;1;3;1;
75411;202200048969;726 801;B01;2;10;0;2;6;11;1;
75412;202200048971;726 794;B01;1;1;0;0;0;1;5;
75413;202200048971;726 795;A01;1;7;0;0;0;24;1;
75414;202200048972;726 793;A01;2;7;4;0;1;1;1;
75415;202200048973;726 792;A01;3;7;0;2;1;1;1;
75416;202200048973;726 798;B01;3;33;0;2;1;1;1;
75417;202200048974;726 791;A01;2;34;0;0;7;3;1;
75418;202200048975;726 790;A01;3;10;0;1;3;21;1;
75419;202200048976;726 788;A01;2;7;4;2;2;1;1;
75420;202200048976;726 789;B01;2;32;4;2;1;11;1;
75421;202200048977;726 787;A01;1;7;13;0;2;14;1;
75422;202200048978;726 785;A01;1;7;9;0;1;14;1;
75423;202200048979;726 784;B01;2;17;0;2;1;14;1;
75424;202200048979;726 786;A01;2;7;0;2;4;13;1;
75425;202200048980;726 782;A01;2;30;0;1;1;1;0;
75426;202200048981;726 777;A01;1;1;12;0;8;1;5;
75427;202200048982;726 778;B01;3;1;0;2;0;0;0;
75428;202200048982;726 779;A01;3;7;16;2;1;9;0;
75429;202200048983;726 775;B01;1;14;0;2;3;1;1;
75430;202200048983;726 776;A01;2;7;0;2;1;13;1;
75431;202200048984;726 773;A01;2;33;17;0;1;13;1;
75432;202200048985;726 774;A01;1;50;0;1;3;1;3;
75433;202200048987;726 771;A01;3;7;0;1;7;1;1;
75434;202200048988;726 766;B01;0;7;0;2;6;1;2;
75435;202200048988;726 767;A01;0;7;0;2;3;13;1;
75436;202200048989;726 765;A01;2;7;0;2;2;9;1;
75437;202200048989;726 768;B01;1;32;0;2;0;0;1;
75438;202200048990;726 763;B01;0;1;0;9;3;1;5;
75439;202200048990;726 764;A01;0;7;0;9;2;15;1;
75440;202200048991;726 761;A01;2;7;2;0;3;0;1;
75441;202200048992;726 760;A01;3;2;0;0;7;1;1;
75442;202200048993;726 759;B01;2;7;0;2;0;15;1;
75443;202200048993;726 762;A01;1;30;0;2;0;1;1;
75444;202200048994;726 757;B01;3;7;0;2;7;26;1;
75445;202200048994;726 758;A01;3;2;0;2;1;9;1;
75446;202200048996;726 754;A01;1;14;0;0;5;1;1;
75447;202200048996;726 756;B01;2;2;0;2;1;1;1;
75448;202200048997;726 751;B01;2;7;0;2;1;0;1;
75449;202200048997;726 752;A01;1;7;0;2;1;1;1;
75450;202200048998;726 750;A01;1;7;0;2;3;15;1;
75451;202200048998;726 753;B01;1;31;0;2;1;17;1;
75452;202200048999;726 748;A01;1;7;0;2;1;1;1;
75453;202200048999;726 749;B01;2;7;0;2;3;1;1;
75454;202200049000;726 746;A01;1;7;0;2;3;13;1;
75455;202200049000;726 747;B01;2;7;0;2;3;1;1;
75456;202200049001;726 745;A01;1;7;0;0;1;0;1;
75457;202200049002;726 742;B01;2;1;0;2;6;19;5;
75458;202200049002;726 744;A01;2;33;0;2;1;1;1;
75459;202200049003;726 741;A01;1;2;0;2;1;1;1;
75460;202200049003;726 743;B01;1;7;0;2;8;19;1;
75461;202200049004;726 739;B01;2;1;0;2;1;1;5;
75462;202200049004;726 740;A01;2;7;0;2;1;15;1;
75463;202200049007;726 734;A01;2;7;0;1;2;1;1;
75464;202200049008;726 735;B01;0;7;0;2;1;1;1;
75465;202200049008;726 736;A01;0;7;0;2;3;1;1;
75466;202200049009;726 733;A01;1;7;0;1;0;2;1;
75467;202200049010;726 732;A01;1;7;0;1;1;1;1;
75468;202200049012;726 727;A01;2;2;0;2;1;17;1;
75469;202200049012;726 729;B01;2;7;0;2;3;15;1;
75470;202200049013;726 725;A01;2;7;8;0;2;1;1;
75471;202200049014;726 723;A01;0;7;1;0;3;20;1;
75472;202200049014;726 724;B01;0;50;1;2;1;1;3;
75473;202200049015;726 721;A01;2;7;0;2;5;17;1;
75474;202200049015;726 722;B01;1;7;0;2;3;1;1;
75475;202200049016;726 719;B01;1;50;12;0;8;19;3;
75476;202200049016;726 720;A01;1;7;11;9;1;26;1;
75477;202200049017;726 718;A01;2;7;0;1;1;1;1;
75478;202200049018;726 716;A01;1;1;0;0;0;1;5;
75479;202200049019;726 715;A01;2;80;0;2;1;0;3;
75480;202200049019;726 717;B01;2;43;0;2;1;0;1;
75481;202200049021;726 712;A01;3;10;13;0;2;1;1;
75482;202200049022;726 709;B01;2;10;0;2;6;24;1;
75483;202200049022;726 710;A01;1;7;1;0;2;14;1;
75484;202200049024;726 707;A01;2;10;0;0;1;1;1;
75485;202200049025;726 705;A01;2;7;6;0;1;1;1;
75486;202200049026;726 706;A01;3;7;0;1;4;26;1;
75487;202200049027;726 703;A01;2;7;0;1;1;0;2;
75488;202200049028;726 704;A01;3;10;3;0;0;9;1;
75489;202200049029;726 702;A01;1;7;6;9;2;1;1;
75490;202200049031;726 698;B01;0;30;0;2;8;1;1;
75491;202200049031;726 699;A01;0;15;0;2;8;1;0;
75492;202200049032;726 695;A01;1;10;0;2;1;2;1;
75493;202200049032;726 697;B01;1;7;0;0;4;2;1;
75494;202200049033;726 694;A01;1;7;0;2;1;2;1;
75495;202200049033;726 696;B01;1;37;0;2;6;2;1;1.0
75496;202200049034;726 693;A01;1;7;1;0;3;1;1;
75497;202200049035;726 692;A01;1;33;8;0;1;13;1;
75498;202200049036;726 689;B01;3;10;0;2;0;0;0;
75499;202200049036;726 690;A01;3;33;15;2;7;17;1;
75500;202200049037;726 687;A01;3;7;0;1;1;1;1;
75501;202200049038;726 684;C01;2;14;1;0;4;26;1;
75502;202200049038;726 685;B01;2;7;0;2;1;0;1;
75503;202200049038;726 686;A01;2;7;0;6;1;0;1;
75504;202200049040;726 681;B01;3;33;0;0;3;1;1;
75505;202200049040;726 682;A01;2;7;0;2;2;15;1;
75506;202200049041;726 679;A01;1;7;0;2;2;1;3;
75507;202200049041;726 680;B01;2;7;0;2;1;1;1;
75508;202200049042;726 677;B01;1;32;0;2;1;18;1;
75509;202200049042;726 678;A01;1;7;0;0;2;16;1;
75510;202200049043;726 676;A01;1;1;12;0;2;1;5;
75511;202200049044;726 674;A01;2;7;0;2;2;21;1;
75512;202200049044;726 675;B01;1;7;0;2;3;1;1;
75513;202200049046;726 672;A01;3;31;0;2;0;15;1;
75514;202200049046;726 673;B01;3;33;0;2;0;21;1;
75515;202200049047;726 669;B01;2;10;0;2;3;15;1;
75516;202200049047;726 670;A01;1;33;0;2;1;1;1;
75517;202200049048;726 668;A01;1;10;0;1;4;26;1;
75518;202200049049;726 666;A01;3;7;0;2;2;1;3;
75519;202200049049;726 667;B01;3;1;0;2;7;16;5;
75520;202200049050;726 665;Z01;1;7;0;1;8;1;1;
75521;202200049051;726 664;A01;2;33;11;0;1;17;1;
75522;202200049052;726 662;B01;2;7;0;2;3;9;1;
75523;202200049052;726 663;A01;2;50;0;2;1;25;3;
75524;202200049054;726 657;B01;2;7;0;2;3;1;2;
75525;202200049054;726 658;A01;1;7;3;2;3;13;1;
75526;202200049055;726 656;B01;3;7;0;2;1;2;1;
75527;202200049055;726 659;A01;3;7;0;2;7;11;1;
75528;202200049056;726 655;A01;1;7;2;0;9;5;1;
75529;202200049057;726 651;A01;1;33;0;2;7;17;1;
75530;202200049057;726 653;B01;2;7;0;2;1;15;1;
75531;202200049058;726 649;B01;1;7;0;0;5;15;2;
75532;202200049058;726 650;A01;1;33;0;2;1;2;1;
75533;202200049059;726 652;A01;1;7;0;2;3;15;1;
75534;202200049059;726 654;B01;1;2;0;2;1;1;1;
75535;202200049060;726 644;A01;0;7;0;9;2;15;1;
75536;202200049060;726 646;B01;0;1;0;0;5;1;5;
75537;202200049061;726 645;A01;1;7;0;2;1;1;1;
75538;202200049061;726 647;B01;2;1;0;2;2;1;5;
75539;202200049062;726 638;B01;1;7;0;2;1;2;1;
75540;202200049062;726 639;A01;1;32;0;2;4;2;1;
75541;202200049063;726 640;A01;1;7;0;2;2;15;2;
75542;202200049063;726 641;B01;1;1;0;2;1;19;5;
75543;202200049064;726 630;G01;2;7;0;2;1;2;1;
75544;202200049064;726 632;F01;2;7;0;2;4;2;1;
75545;202200049064;726 633;E01;2;7;0;2;4;2;1;
75546;202200049064;726 634;D01;2;7;0;2;4;2;1;
75547;202200049064;726 635;C01;2;7;0;2;4;2;1;
75548;202200049064;726 636;B01;2;7;0;2;4;2;1;
75549;202200049064;726 637;A01;2;7;0;2;4;1;1;
75550;202200049065;726 629;A01;2;7;13;0;9;1;1;
75551;202200049066;726 626;A01;1;33;0;2;1;2;1;
75552;202200049066;726 627;B01;1;10;0;2;7;2;1;
75553;202200049067;726 628;A01;2;7;0;2;3;15;1;
75554;202200049067;726 631;B01;2;7;0;2;3;0;1;
75555;202200049068;726 624;B01;2;7;0;2;3;0;2;
75556;202200049068;726 625;A01;2;7;1;0;2;14;1;
75557;202200049069;726 621;B01;2;7;0;2;7;12;1;
75558;202200049069;726 623;A01;2;32;0;2;8;1;1;
75559;202200049070;726 620;A01;1;7;0;2;8;2;1;
75560;202200049070;726 622;B01;1;2;0;2;1;2;1;
75561;202200049071;726 617;B01;1;7;0;2;2;12;1;
75562;202200049071;726 618;A01;1;33;0;2;3;3;1;
75563;202200049071;726 619;C01;1;10;0;2;5;0;1;
75564;202200049072;726 616;A01;1;7;0;1;3;1;1;
75565;202200049073;726 614;A01;1;7;0;2;2;2;1;
75566;202200049073;726 615;B01;1;10;0;0;5;2;1;
75567;202200049074;726 612;B01;1;10;0;2;1;2;0;
75568;202200049074;726 613;A01;1;7;14;0;4;1;6;
75569;202200049075;726 611;A01;1;50;0;1;0;1;3;
75570;202200049076;726 609;A01;2;1;0;1;1;1;5;
75571;202200049077;726 610;A01;2;7;0;0;9;1;1;
75572;202200049078;726 608;A01;1;30;0;0;8;1;1;
75573;202200049079;726 606;A01;1;7;0;2;3;1;1;
75574;202200049079;726 607;B01;1;7;0;2;4;20;1;
75575;202200049081;726 602;B01;0;80;0;2;1;1;3;
75576;202200049081;726 603;A01;0;7;0;2;3;1;1;
75577;202200049083;726 598;A01;1;7;0;2;1;15;1;
75578;202200049083;726 599;B01;2;7;0;2;8;23;1;
75579;202200049084;726 596;A01;1;7;0;2;7;1;1;
75580;202200049084;726 597;B01;1;60;0;2;1;19;5;
75581;202200049085;726 595;A01;1;7;0;1;4;4;1;
75582;202200049087;726 590;B01;-1;33;0;2;1;1;1;
75583;202200049087;726 592;A01;-1;7;0;2;3;15;1;
75584;202200049089;726 585;A01;1;7;0;2;1;2;1;
75585;202200049089;726 586;B01;1;7;0;2;4;2;1;
75586;202200049089;726 588;C01;1;7;0;2;4;2;1;
75587;202200049090;726 583;B01;2;99;0;2;8;15;1;
75588;202200049090;726 584;A01;2;30;0;2;1;1;1;
75589;202200049091;726 579;[01;-1;10;-1;2;-1;0;-1;
75590;202200049091;726 581;A01;3;34;0;2;8;15;1;
75591;202200049092;726 576;A01;1;7;0;2;3;1;1;
75592;202200049092;726 577;B01;1;7;0;2;5;15;1;
75593;202200049095;726 571;A01;3;7;0;2;1;0;1;
75594;202200049095;726 572;B01;3;1;0;2;4;0;5;
75595;202200049096;726 569;B01;1;7;0;2;1;23;1;
75596;202200049096;726 570;A01;1;7;0;2;6;1;1;
75597;202200049097;726 566;B01;1;32;0;2;1;1;1;
75598;202200049097;726 567;A01;1;7;0;2;2;1;1;
75599;202200049099;726 563;B01;3;7;0;2;2;1;1;
75600;202200049099;726 564;A01;3;7;0;2;1;1;1;
75601;202200049100;726 560;A01;1;7;14;0;1;26;1;
75602;202200049100;726 561;B01;1;7;0;2;7;26;1;
75603;202200049100;726 562;C01;1;7;0;2;4;23;1;
75604;202200049101;726 558;B01;0;7;0;0;0;0;1;
75605;202200049101;726 559;A01;0;30;0;0;0;0;1;
75606;202200049103;726 554;A01;0;31;0;2;1;1;1;
75607;202200049103;726 557;Z01;0;7;0;2;3;15;1;
75608;202200049104;726 552;A01;1;7;0;2;1;1;0;
75609;202200049104;726 553;B01;2;2;0;2;3;1;1;
75610;202200049105;726 550;A01;0;2;0;2;1;0;1;
75611;202200049105;726 551;B01;0;7;0;2;6;0;1;
75612;202200049107;726 545;B01;2;7;0;2;5;2;1;
75613;202200049107;726 547;A01;2;7;0;2;3;2;1;
75614;202200049108;726 546;A01;3;7;2;5;9;13;1;
75615;202200049109;726 543;A01;1;7;0;1;1;1;1;
75616;202200049110;726 537;C01;2;31;0;2;7;1;1;
75617;202200049110;726 539;A01;2;34;0;2;1;2;1;
75618;202200049110;726 541;B01;2;7;0;2;6;2;1;
75619;202200049112;726 535;A01;3;33;12;0;3;13;1;
75620;202200049113;726 534;B01;0;7;0;2;1;1;1;
75621;202200049113;726 536;A01;1;30;0;2;7;1;1;
75622;202200049115;726 529;A01;2;17;0;2;2;16;-1;
75623;202200049115;726 531;B01;2;1;0;2;6;1;5;
75624;202200049116;726 528;A01;1;30;0;2;3;18;1;
75625;202200049116;726 530;B01;1;7;0;2;7;16;2;
75626;202200049117;726 527;A01;2;7;0;1;1;26;2;
75627;202200049118;726 525;B01;2;33;0;2;7;16;1;
75628;202200049118;726 526;A01;2;32;0;2;3;18;1;
75629;202200049119;726 521;B01;2;33;0;2;8;3;1;
75630;202200049119;726 523;A01;2;7;0;2;7;12;1;
75631;202200049119;726 524;C01;2;10;0;2;8;1;1;
75632;202200049120;726 520;Z01;1;7;0;2;1;2;2;
75633;202200049120;726 522;B01;1;30;0;2;6;23;1;
75634;202200049121;726 518;A01;1;50;0;1;1;17;3;
75635;202200049122;726 517;A01;2;17;0;2;2;12;1;
75636;202200049122;726 519;B01;2;7;0;2;8;1;1;
75637;202200049123;726 514;B01;2;43;0;2;1;1;1;
75638;202200049123;726 516;A01;1;7;0;2;7;15;1;
75639;202200049124;726 513;B01;1;43;0;2;2;17;1;
75640;202200049124;726 515;A01;1;7;0;2;3;15;1;
75641;202200049125;726 510;B01;1;33;0;2;4;23;1;
75642;202200049125;726 512;A01;1;7;0;2;1;2;0;
75643;202200049126;726 509;B01;1;30;0;2;2;1;1;
75644;202200049126;726 511;A01;1;7;0;2;2;15;1;
75645;202200049128;726 505;B01;1;43;0;2;1;1;1;
75646;202200049128;726 506;A01;1;7;0;2;7;16;2;
75647;202200049129;726 504;Z01;1;7;0;2;8;4;0;
75648;202200049129;726 507;A01;1;1;0;2;8;15;5;
75649;202200049130;726 501;B01;2;31;0;2;4;2;1;
75650;202200049130;726 503;A01;2;7;0;2;1;2;1;
75651;202200049131;726 500;A01;2;7;0;2;2;2;3;
75652;202200049131;726 502;B01;2;7;0;2;6;23;1;
75653;202200049133;726 497;A01;1;7;0;2;5;22;1;
75654;202200049133;726 499;B01;1;1;0;2;1;1;5;
75655;202200049134;726 495;A01;3;33;0;1;1;18;1;
75656;202200049137;726 490;A01;2;32;0;2;8;18;1;
75657;202200049137;726 491;B01;2;7;0;2;7;16;1;
75658;202200049138;726 489;A01;2;50;0;0;0;1;3;
75659;202200049139;726 487;A01;2;10;0;2;7;16;6;
75660;202200049139;726 488;B01;2;80;0;2;1;1;3;
75661;202200049141;726 481;A01;2;7;0;2;8;1;1;
75662;202200049141;726 483;C01;1;60;0;2;1;1;5;
75663;202200049142;726 482;C01;1;7;0;2;3;1;1;
75664;202200049142;726 484;B01;2;1;0;2;4;2;5;
75665;202200049142;726 485;A01;2;32;0;2;1;2;1;
75666;202200049143;726 478;A01;1;7;0;2;3;22;3;
75667;202200049143;726 479;B01;1;1;0;2;1;1;5;
75668;202200049144;726 477;A01;1;7;0;2;7;0;1;
75669;202200049144;726 480;B01;2;7;0;2;3;2;1;
75670;202200049146;726 474;A01;2;1;0;2;1;1;5;
75671;202200049146;726 476;B01;2;14;0;2;7;22;1;
75672;202200049147;726 470;B01;2;7;0;2;6;2;1;
75673;202200049147;726 471;A01;2;7;0;2;2;2;1;
75674;202200049148;726 469;A01;1;1;0;2;1;16;5;
75675;202200049148;726 472;B01;2;43;0;2;1;5;1;
75676;202200049149;726 466;A01;1;1;12;0;1;14;5;
75677;202200049150;726 465;B01;1;34;0;2;8;1;0;
75678;202200049150;726 467;A01;3;7;0;2;2;15;0;
75679;202200049150;726 468;C01;1;7;0;2;2;23;6;
75680;202200049151;726 462;B01;1;1;0;2;1;1;5;
75681;202200049151;726 464;A01;1;10;0;2;8;22;1;
75682;202200049152;726 461;B01;3;33;0;2;6;15;1;
75683;202200049152;726 463;A01;3;7;0;2;2;17;1;
75684;202200049153;726 460;A01;1;1;0;0;0;1;5;
75685;202200049154;726 459;A01;1;10;0;1;7;16;1;
75686;202200049155;726 458;A01;2;7;0;1;2;15;1;
75687;202200049156;726 454;A01;3;7;0;1;2;2;1;
75688;202200049158;726 453;A01;0;7;1;0;4;2;1;
75689;202200049159;726 451;A01;2;31;0;2;1;1;1;
75690;202200049159;726 452;B01;3;7;0;2;8;1;3;
75691;202200049160;726 450;A01;1;7;1;0;2;13;1;
75692;202200049161;726 448;A01;3;32;0;1;1;17;1;
75693;202200049162;726 447;A01;1;7;0;2;8;13;1;
75694;202200049162;726 449;B01;2;33;0;2;8;3;1;
75695;202200049163;726 445;Z01;2;50;0;2;3;1;3;
75696;202200049163;726 446;A01;1;32;0;9;3;1;1;
75697;202200049165;726 441;A01;2;32;0;2;8;13;1;
75698;202200049165;726 442;B01;2;7;0;2;7;1;1;
75699;202200049166;726 440;C01;2;7;1;2;4;0;1;
75700;202200049167;726 438;A01;2;7;2;0;1;0;1;
75701;202200049168;726 437;B01;2;1;0;2;7;1;5;
75702;202200049168;726 439;A01;2;33;0;2;1;9;1;
75703;202200049169;726 436;B01;1;34;0;1;1;1;1;
75704;202200049170;726 435;A01;0;7;1;1;0;2;0;
75705;202200049171;726 432;B01;1;7;0;9;6;1;1;
75706;202200049171;726 434;A01;2;80;0;2;1;5;3;
75707;202200049172;726 431;B01;3;1;1;2;1;5;5;
75708;202200049172;726 433;A01;3;7;1;0;2;16;1;
75709;202200049173;726 429;B01;3;7;0;2;2;1;1;
75710;202200049173;726 430;A01;2;1;15;2;3;21;5;
75711;202200049174;726 426;A01;1;50;0;2;1;1;3;
75712;202200049174;726 428;B01;2;7;0;2;1;15;1;
75713;202200049175;726 425;A01;2;32;0;2;0;13;1;
75714;202200049175;726 427;B01;2;7;0;0;0;26;1;
75715;202200049176;726 421;A01;-1;7;0;2;1;5;1;
75716;202200049176;726 424;B01;-1;7;0;2;1;1;1;
75717;202200049177;726 420;A01;1;7;0;2;2;1;2;
75718;202200049177;726 422;B01;1;7;0;2;6;23;1;
75719;202200049177;726 423;C01;1;7;0;2;8;23;1;
75720;202200049178;726 416;B01;2;7;0;2;3;1;1;
75721;202200049178;726 418;A01;1;7;0;2;2;15;1;
75722;202200049179;726 417;A01;1;7;0;2;1;1;1;
75723;202200049179;726 419;B01;1;7;0;2;4;1;1;
75724;202200049180;726 414;B01;3;21;0;2;8;1;1;
75725;202200049180;726 415;A01;3;31;0;2;8;13;1;
75726;202200049181;726 412;B01;1;14;0;2;3;1;1;
75727;202200049181;726 413;A01;2;7;0;2;3;13;1;
75728;202200049182;726 409;A01;1;33;0;2;1;17;1;
75729;202200049182;726 410;B01;2;7;0;2;3;1;1;
75730;202200049183;726 408;A01;1;7;17;0;1;1;1;
75731;202200049184;726 406;A01;3;7;0;9;2;9;1;
75732;202200049184;726 407;B01;3;1;0;2;1;1;5;
75733;202200049185;726 403;B01;1;33;0;2;1;1;1;
75734;202200049185;726 404;A01;2;10;0;2;5;15;1;
75735;202200049187;726 401;A01;1;7;2;0;1;1;1;
75736;202200049189;726 400;A01;2;33;0;0;8;1;1;
75737;202200049190;726 398;A01;2;7;0;2;1;13;1;
75738;202200049190;726 399;B01;1;7;0;2;1;1;1;
75739;202200049191;726 397;A01;2;7;3;0;1;0;1;
75740;202200049192;726 395;B01;2;7;0;2;3;13;1;
75741;202200049192;726 396;A01;2;33;0;2;2;17;1;
75742;202200049193;726 392;A01;1;1;0;2;3;15;5;
75743;202200049193;726 393;B01;1;10;0;9;5;17;1;
75744;202200049194;726 391;A01;0;7;0;1;3;1;1;
75745;202200049195;726 389;A01;2;7;0;2;2;13;1;
75746;202200049195;726 390;B01;1;7;0;2;2;1;1;
75747;202200049196;726 394;A01;0;1;0;0;1;26;5;
75748;202200049197;726 388;A01;1;7;13;0;2;1;1;
75749;202200049198;726 386;A01;2;1;1;0;3;5;5;
75750;202200049198;726 387;B01;1;7;0;0;3;24;1;
75751;202200049199;726 385;A01;2;7;0;1;0;1;0;
75752;202200049200;726 382;A01;1;33;0;2;1;17;1;
75753;202200049200;726 384;B01;1;7;0;2;3;15;1;
75754;202200049201;726 381;A01;1;2;0;0;0;0;1;
75755;202200049202;726 380;A01;1;10;0;1;2;2;0;
75756;202200049203;726 377;A01;0;7;0;2;1;1;1;
75757;202200049203;726 378;B01;0;7;0;2;7;13;1;
75758;202200049204;726 374;A01;3;7;0;2;5;15;1;
75759;202200049204;726 375;B01;3;1;0;2;1;1;5;
75760;202200049206;726 372;B01;1;10;0;2;7;1;1;
75761;202200049206;726 373;A01;2;7;0;2;1;9;1;
75762;202200049207;726 369;A01;1;7;0;0;4;1;1;
75763;202200049207;726 370;B01;1;7;0;2;1;1;1;
75764;202200049207;726 371;C01;2;15;0;2;3;1;1;
75765;202200049209;726 365;A01;1;7;2;0;1;1;1;
75766;202200049211;726 362;A01;1;7;0;2;1;2;1;
75767;202200049211;726 363;B01;1;7;0;2;4;1;1;
75768;202200049212;726 358;C01;1;1;0;0;9;21;5;
75769;202200049212;726 360;B01;1;1;0;2;3;2;5;
75770;202200049212;726 361;A01;1;7;0;2;7;17;1;
75771;202200049213;726 356;B01;1;7;0;2;3;1;1;
75772;202200049213;726 357;A01;2;7;0;2;1;13;1;
75773;202200049214;726 354;A01;1;33;4;2;7;17;1;
75774;202200049214;726 355;B01;1;7;0;2;8;17;0;
75775;202200049216;726 359;B01;3;30;0;2;7;26;1;
75776;202200049216;726 366;A01;3;7;0;2;1;19;1;
75777;202200049217;726 352;A01;1;33;8;0;3;1;1;
75778;202200049218;726 351;A01;2;7;16;0;1;19;1;
75779;202200049219;726 348;A01;1;7;0;2;2;15;1;
75780;202200049219;726 350;B01;2;7;1;2;9;21;1;
75781;202200049220;726 347;B01;3;32;0;2;3;0;1;
75782;202200049220;726 349;A01;3;30;0;2;2;0;3;
75783;202200049222;726 344;A01;1;7;0;2;1;9;1;
75784;202200049222;726 345;B01;2;7;0;2;3;17;1;
75785;202200049222;726 346;C01;2;7;16;2;8;1;1;
75786;202200049223;726 341;A01;1;33;0;0;4;26;1;
75787;202200049224;726 340;A01;1;2;0;2;3;13;1;
75788;202200049224;726 342;B01;2;7;0;2;3;1;1;
75789;202200049226;726 337;B01;1;2;0;2;1;1;1;
75790;202200049226;726 338;A01;1;7;0;2;3;15;1;
75791;202200049227;726 335;B01;2;7;0;0;3;0;0;
75792;202200049227;726 336;A01;2;32;0;1;0;21;1;
75793;202200049228;726 334;A01;1;7;10;0;1;2;1;
75794;202200049229;726 331;B01;3;7;0;0;0;2;1;
75795;202200049229;726 332;A01;3;33;0;2;0;2;1;
75796;202200049230;726 330;A01;1;50;0;2;1;1;3;
75797;202200049230;726 333;B01;1;7;0;2;3;15;1;
75798;202200049231;726 328;B01;3;14;0;2;3;15;1;
75799;202200049231;726 329;A01;2;33;0;2;1;1;1;
75800;202200049232;726 327;A01;2;7;0;1;1;1;1;
75801;202200049233;726 325;A01;1;99;6;0;1;1;3;
75802;202200049234;726 324;A01;2;7;0;2;2;9;1;
75803;202200049234;726 326;B01;2;30;0;2;1;1;1;
75804;202200049235;726 322;A01;2;7;0;1;1;2;1;
75805;202200049236;726 321;B01;2;2;0;2;2;17;1;
75806;202200049236;726 323;A01;1;7;0;2;3;9;1;
75807;202200049237;726 318;A01;1;7;0;0;4;2;1;
75808;202200049237;726 320;B01;1;7;0;2;1;2;1;
75809;202200049238;726 317;B01;2;7;0;2;8;15;3;
75810;202200049238;726 319;A01;2;2;0;2;2;17;1;
75811;202200049239;726 314;B01;2;7;7;2;3;1;1;
75812;202200049239;726 316;A01;2;7;0;2;2;19;1;
75813;202200049240;726 315;A01;3;7;0;0;9;14;1;
75814;202200049241;726 312;A01;2;32;10;0;2;1;1;
75815;202200049242;726 311;A01;1;7;0;2;1;1;2;
75816;202200049242;726 313;B01;2;7;0;2;1;5;1;
75817;202200049243;726 310;A01;1;7;0;0;9;1;1;
75818;202200049244;726 307;B01;1;14;0;0;0;2;1;