;Num_Acc;id_vehicule;num_veh;senc;catv;obs;obsm;choc;manv;motor;occutc
75819;202200049244;726 308;A01;1;33;0;2;0;17;1;
75820;202200049245;726 306;A01;3;7;0;1;2;1;1;
75821;202200049246;726 303;B01;1;2;0;2;1;19;1;
75822;202200049246;726 305;A01;1;7;8;2;7;1;1;
75823;202200049248;726 301;A01;1;10;0;1;2;16;0;
75824;202200049249;726 298;B01;0;7;0;2;5;9;1;
75825;202200049249;726 299;A01;0;33;0;2;1;18;1;
75826;202200049250;726 297;A01;1;10;0;0;6;15;1;
75827;202200049250;726 300;B01;1;33;0;2;3;17;1;
75828;202200049251;726 296;A01;1;7;2;0;1;13;1;
75829;202200049252;726 294;B01;2;7;0;0;1;2;1;
75830;202200049252;726 295;A01;1;7;0;2;1;5;1;
75831;202200049253;726 293;A01;1;7;4;0;2;14;1;
75832;202200049255;726 290;B01;2;33;0;2;1;0;1;
75833;202200049255;726 291;A01;1;7;0;2;3;15;1;
75834;202200049256;726 287;A01;2;7;0;6;1;1;1;
75835;202200049257;726 286;A01;3;7;13;0;1;1;1;
75836;202200049258;726 284;A01;1;7;0;2;3;13;1;
75837;202200049258;726 285;B01;2;7;3;2;3;1;1;
75838;202200049260;726 281;A01;2;7;10;0;2;1;1;
75839;202200049261;726 282;A01;1;33;13;0;0;1;1;
75840;202200049262;726 279;A01;1;7;17;0;2;1;1;
75841;202200049263;726 278;B01;1;7;0;0;1;2;1;
75842;202200049263;726 280;A01;1;7;0;0;6;15;1;
75843;202200049264;726 275;B01;0;7;0;2;7;1;1;
75844;202200049264;726 277;A01;0;1;0;0;8;1;5;
75845;202200049265;726 274;B01;0;7;0;2;2;1;1;
75846;202200049265;726 276;A01;0;10;0;2;3;19;1;
75847;202200049266;726 271;A01;1;7;0;9;1;15;1;
75848;202200049266;726 272;B01;1;1;0;2;4;16;5;
75849;202200049267;726 270;B01;3;36;0;9;8;9;1;
75850;202200049267;726 273;A01;1;80;0;2;4;1;3;
75851;202200049268;726 268;B01;1;7;0;2;4;1;1;
75852;202200049268;726 269;A01;1;7;0;2;1;2;1;
75853;202200049269;726 266;A01;0;7;0;2;2;16;1;
75854;202200049269;726 267;B01;0;50;0;2;1;25;3;
75855;202200049270;726 263;A01;1;7;0;2;1;15;1;
75856;202200049270;726 265;B01;2;7;0;2;8;1;1;
75857;202200049271;726 262;B01;0;1;0;2;1;1;5;
75858;202200049271;726 264;A01;0;34;0;2;8;15;1;
75859;202200049272;726 260;B01;2;37;0;2;2;1;1;1.0
75860;202200049272;726 261;A01;1;7;0;2;2;13;1;
75861;202200049273;726 259;A01;1;7;15;0;9;1;1;
75862;202200049274;726 256;A01;2;10;0;1;3;1;1;
75863;202200049276;726 253;A01;1;7;0;9;3;15;1;
75864;202200049276;726 255;B01;2;1;0;2;3;1;5;
75865;202200049277;726 250;B01;2;7;0;2;2;15;1;
75866;202200049277;726 251;A01;1;31;0;2;2;1;1;
75867;202200049279;726 247;A01;2;7;6;0;1;1;1;
75868;202200049281;726 238;C01;1;7;0;2;1;0;1;
75869;202200049281;726 240;B01;0;7;0;2;9;0;1;
75870;202200049281;726 241;A01;1;7;0;2;4;26;1;
75871;202200049282;726 235;B01;1;32;0;2;2;1;1;
75872;202200049282;726 236;A01;1;7;0;2;6;11;1;
75873;202200049283;726 237;A01;1;37;0;0;5;23;1;1.0
75874;202200049283;726 239;B01;1;7;0;2;1;2;1;
75875;202200049284;726 231;B01;2;10;0;2;1;2;1;
75876;202200049284;726 232;C01;2;7;0;2;1;2;1;
75877;202200049284;726 233;D01;2;7;0;2;3;2;1;
75878;202200049284;726 234;A01;2;10;0;2;4;1;1;
75879;202200049285;726 228;B01;1;7;0;2;1;1;1;
75880;202200049285;726 229;A01;1;7;0;2;1;26;1;
75881;202200049286;726 230;A01;2;7;15;1;1;20;2;
75882;202200049287;726 226;A01;1;7;4;2;8;14;1;
75883;202200049287;726 227;B01;1;7;0;2;2;14;1;
75884;202200049288;726 224;A01;1;15;0;2;7;12;1;
75885;202200049288;726 225;B01;1;7;0;2;3;1;1;
75886;202200049289;726 222;B01;1;7;0;2;4;2;1;
75887;202200049289;726 223;A01;1;10;0;2;1;2;1;
75888;202200049290;726 221;A01;1;7;1;0;1;2;1;
75889;202200049291;726 220;A01;1;7;0;0;0;26;1;
75890;202200049292;726 217;A01;1;33;0;2;1;3;1;
75891;202200049292;726 218;B01;1;10;0;2;4;1;1;
75892;202200049292;726 219;C01;1;7;0;2;4;1;1;
75893;202200049293;726 215;A01;1;33;0;2;1;3;1;
75894;202200049293;726 216;B01;1;7;0;2;4;12;1;
75895;202200049295;726 210;Z01;1;10;0;2;3;11;0;
75896;202200049295;726 211;A01;1;34;0;2;7;3;1;
75897;202200049296;726 209;A01;1;7;4;0;2;9;1;
75898;202200049298;726 205;A01;1;7;0;2;4;1;1;
75899;202200049298;726 206;B01;1;7;0;2;1;1;1;
75900;202200049298;726 207;C01;1;7;0;2;1;2;1;
75901;202200049299;726 203;A01;1;33;13;0;7;1;1;
75902;202200049299;726 204;B01;2;7;0;0;0;1;1;
75903;202200049300;726 201;A01;1;34;0;2;1;1;1;
75904;202200049300;726 202;B01;1;1;0;2;4;1;5;
75905;202200049302;726 193;A01;2;7;0;2;1;21;1;
75906;202200049302;726 194;B01;1;7;0;2;1;21;1;
75907;202200049303;726 191;A01;3;30;0;2;2;18;1;
75908;202200049303;726 192;B01;3;7;0;2;2;1;1;
75909;202200049304;726 189;A01;2;7;0;2;3;1;1;
75910;202200049304;726 190;B01;1;7;0;2;3;1;1;
75911;202200049305;726 187;B01;3;7;0;2;8;1;1;
75912;202200049305;726 188;A01;3;7;0;2;2;15;1;
75913;202200049306;726 185;B01;2;1;1;0;7;1;5;
75914;202200049306;726 186;A01;2;7;0;2;8;24;1;
75915;202200049307;726 184;A01;1;7;6;0;7;0;1;
75916;202200049308;726 183;A01;2;7;0;1;1;1;1;
75917;202200049309;726 181;B01;2;32;0;2;4;1;1;
75918;202200049309;726 182;A01;2;7;0;2;3;9;1;
75919;202200049310;726 180;A01;2;7;0;1;1;0;1;
75920;202200049311;726 178;B01;2;7;8;2;6;0;1;
75921;202200049311;726 179;A01;1;7;0;2;1;15;1;
75922;202200049312;726 175;A01;1;7;0;2;5;15;1;
75923;202200049312;726 176;B01;1;7;0;2;2;26;1;
75924;202200049312;726 177;C01;1;7;0;2;1;26;1;
75925;202200049313;726 174;A01;2;7;0;1;1;17;1;
75926;202200049314;726 172;B01;1;32;0;2;8;12;0;
75927;202200049314;726 173;A01;1;7;0;2;7;12;0;
75928;202200049315;726 170;B01;1;2;0;2;2;18;1;
75929;202200049315;726 171;A01;1;7;0;2;7;15;1;
75930;202200049317;726 167;B01;0;7;0;2;3;1;1;
75931;202200049317;726 168;A01;0;7;0;2;1;0;1;
75932;202200049318;726 166;Z01;3;7;0;1;2;1;1;
75933;202200049319;726 162;A01;2;10;0;2;1;2;1;
75934;202200049319;726 163;B01;2;7;0;2;4;23;1;
75935;202200049319;726 164;C01;2;10;0;2;1;1;1;
75936;202200049319;726 165;D01;2;10;0;2;6;23;1;
75937;202200049320;726 160;B01;1;7;0;2;4;24;1;
75938;202200049320;726 161;A01;1;7;1;0;2;14;1;
75939;202200049321;726 159;A01;0;33;8;0;0;0;1;
75940;202200049322;726 157;A01;1;7;0;0;3;22;0;
75941;202200049322;726 158;B01;1;1;1;0;2;2;5;
75942;202200049323;726 155;B01;3;7;0;2;2;9;1;
75943;202200049323;726 156;A01;2;7;15;2;2;21;1;
75944;202200049325;726 152;A01;3;7;0;1;7;1;1;
75945;202200049327;726 149;A01;3;7;8;0;1;14;1;
75946;202200049328;726 148;A01;1;7;0;1;1;1;1;
75947;202200049329;726 146;B01;0;60;0;2;8;26;5;
75948;202200049329;726 147;A01;2;7;0;2;2;15;1;
75949;202200049330;726 144;B01;2;7;0;2;3;1;1;
75950;202200049330;726 145;A01;1;7;0;2;1;15;1;
75951;202200049331;726 143;A01;1;31;0;0;0;5;1;
75952;202200049332;726 141;A01;2;7;0;2;6;11;1;
75953;202200049332;726 142;B01;1;32;0;2;1;1;1;
75954;202200049333;726 139;B01;2;30;0;2;2;1;1;
75955;202200049333;726 140;A01;1;7;0;2;4;20;1;
75956;202200049334;726 137;A01;1;7;0;2;1;1;1;
75957;202200049334;726 138;B01;1;13;0;2;4;1;1;
75958;202200049335;726 135;A01;1;7;4;0;5;2;1;
75959;202200049335;726 136;B01;1;7;0;2;5;2;1;
75960;202200049336;726 134;A01;1;7;4;2;3;3;1;
75961;202200049337;726 132;A01;1;7;0;1;1;1;1;
75962;202200049338;726 131;A01;1;10;0;2;3;13;1;
75963;202200049338;726 133;B01;2;7;0;2;3;1;1;
75964;202200049339;726 130;Z01;3;0;0;1;1;9;0;
75965;202200049340;726 128;B01;2;7;0;2;3;1;1;
75966;202200049340;726 129;A01;1;7;0;2;3;17;1;
75967;202200049341;726 125;A01;2;7;0;9;7;17;1;
75968;202200049341;726 127;B01;2;1;0;2;8;15;5;
75969;202200049342;726 124;B01;2;2;0;2;1;13;1;
75970;202200049342;726 126;A01;1;10;0;2;1;1;1;
75971;202200049343;726 121;B01;1;1;0;2;1;1;5;
75972;202200049343;726 123;A01;2;7;0;2;2;1;1;
75973;202200049344;726 120;B01;2;7;0;2;1;2;1;
75974;202200049344;726 122;A01;2;37;0;0;4;15;1;1.0
75975;202200049345;726 119;A01;2;7;13;0;3;13;1;
75976;202200049346;726 118;A01;1;7;0;1;1;1;1;
75977;202200049347;726 115;B01;2;7;0;2;1;1;1;
75978;202200049347;726 117;A01;1;7;0;2;1;17;1;
75979;202200049348;726 113;C01;1;7;0;2;1;2;1;
75980;202200049348;726 114;B01;1;7;0;2;1;2;1;
75981;202200049348;726 116;A01;1;7;0;2;4;2;1;
75982;202200049349;726 112;A01;1;7;6;0;2;14;1;
75983;202200049350;726 110;A01;2;2;0;6;8;1;1;
75984;202200049352;726 108;A01;1;7;2;0;1;1;1;
75985;202200049353;726 106;B01;1;33;0;9;1;1;1;
75986;202200049353;726 107;A01;1;15;0;9;2;15;1;
75987;202200049354;726 104;A01;1;7;1;2;2;1;1;
75988;202200049354;726 105;B01;1;17;0;2;5;23;1;
75989;202200049355;726 103;A01;1;7;0;1;3;0;1;
75990;202200049356;726 100;A01;3;10;0;2;1;9;1;
75991;202200049356;726 101;B01;3;7;0;2;7;1;1;
75992;202200049358;726 094;C01;1;7;0;2;4;2;1;
75993;202200049358;726 096;B01;1;7;0;2;4;2;1;
75994;202200049358;726 097;A01;1;7;0;2;1;2;1;
75995;202200049359;726 095;A01;1;7;2;0;2;0;1;
75996;202200049361;726 092;A01;2;7;14;0;0;1;1;
75997;202200049362;726 091;A01;2;7;3;0;9;16;1;
75998;202200049363;726 090;A01;1;7;0;0;1;1;1;
75999;202200049364;726 089;A01;1;36;6;0;2;2;1;
76000;202200049365;726 088;A01;1;30;0;0;0;1;1;
76001;202200049366;726 085;A01;2;10;0;2;2;14;1;
76002;202200049366;726 087;B01;2;17;0;2;6;23;1;
76003;202200049367;726 084;B01;1;7;0;1;3;23;1;
76004;202200049367;726 086;A01;1;7;1;0;2;17;1;
76005;202200049368;726 082;A01;0;33;0;2;1;1;1;
76006;202200049368;726 083;B01;0;7;0;2;4;13;0;
76007;202200049369;726 080;A01;1;7;0;2;3;13;1;
76008;202200049369;726 081;B01;2;7;0;2;1;2;1;
76009;202200049370;726 078;A01;1;1;14;2;1;2;5;
76010;202200049370;726 079;B01;1;38;0;2;5;2;1;1.0
76011;202200049371;726 075;A01;1;7;0;0;7;1;1;
76012;202200049371;726 077;B01;2;7;0;0;3;19;3;
76013;202200049372;726 074;A01;0;32;0;2;1;5;1;
76014;202200049372;726 076;B01;3;7;0;2;1;1;1;
76015;202200049373;726 073;A01;2;7;8;0;9;0;0;
76016;202200049374;726 072;A01;3;7;0;1;3;16;1;
76017;202200049375;726 071;A01;2;7;6;0;3;1;1;
76018;202200049376;726 069;A01;1;7;0;2;2;20;1;
76019;202200049376;726 070;B01;1;33;0;2;1;1;1;
76020;202200049377;726 068;A01;1;7;2;0;1;13;1;
76021;202200049378;726 065;A01;2;7;0;2;3;17;1;
76022;202200049378;726 067;B01;1;7;0;2;3;1;1;
76023;202200049379;726 064;A01;0;10;0;2;7;1;0;
76024;202200049379;726 066;B01;0;1;0;2;8;12;5;
76025;202200049380;726 062;A01;1;7;0;2;1;13;1;
76026;202200049380;726 063;B01;2;7;0;2;1;1;1;
76027;202200049381;726 060;B01;3;7;0;2;3;1;1;
76028;202200049381;726 061;A01;3;7;0;2;1;15;1;
76029;202200049382;726 058;A01;1;7;2;0;1;2;1;
76030;202200049383;726 057;A01;2;7;13;0;3;17;3;
76031;202200049384;726 055;B01;1;10;0;2;3;1;1;
76032;202200049384;726 056;A01;2;7;0;2;3;13;1;
76033;202200049385;726 053;A01;1;7;0;2;3;13;1;
76034;202200049385;726 054;B01;2;10;0;2;3;1;1;
76035;202200049386;726 051;A01;2;7;0;0;9;0;1;
76036;202200049387;726 048;A01;2;7;0;0;8;2;1;
76037;202200049387;726 049;B01;2;7;0;2;1;17;1;
76038;202200049387;726 050;C01;1;7;0;2;1;1;1;
76039;202200049388;726 047;A01;2;7;0;1;1;1;1;
76040;202200049389;726 044;C01;2;7;0;2;1;1;1;
76041;202200049389;726 045;B01;1;7;0;2;1;1;1;
76042;202200049389;726 046;A01;2;7;0;2;1;0;1;
76043;202200049390;726 042;B01;3;33;0;0;7;9;1;
76044;202200049390;726 043;A01;1;2;0;2;1;9;1;
76045;202200049391;726 041;A01;2;7;3;0;3;26;1;
76046;202200049393;726 038;A01;2;7;4;0;2;14;1;
76047;202200049395;726 035;A01;1;7;4;0;0;0;1;
76048;202200049396;726 034;A01;3;37;0;1;2;1;2;1.0
76049;202200049397;726 033;A01;0;7;0;1;1;1;1;
76050;202200049398;726 031;B01;1;10;0;2;4;26;1;
76051;202200049398;726 032;A01;1;7;1;0;1;14;1;
76052;202200049399;726 029;A01;1;7;0;9;2;16;1;
76053;202200049399;726 030;B01;3;50;0;2;3;16;3;
76054;202200049402;726 025;A01;1;15;0;2;2;1;0;
76055;202200049402;726 026;B01;1;7;0;2;8;11;1;
76056;202200049403;726 022;C01;3;7;0;2;6;2;1;
76057;202200049403;726 023;B01;3;1;0;2;1;26;5;
76058;202200049403;726 024;A01;3;37;0;2;3;0;0;1.0
76059;202200049404;726 020;B01;2;2;0;2;1;1;0;
76060;202200049404;726 021;A01;1;7;0;9;1;16;1;
76061;202200049405;726 018;A01;1;7;0;2;1;9;1;
76062;202200049405;726 019;B01;1;7;0;2;4;11;1;
76063;202200049406;726 017;A01;2;30;0;0;0;26;0;
76064;202200049407;726 016;A01;2;10;0;1;1;15;0;
76065;202200049408;726 014;B01;1;7;0;2;3;1;2;
76066;202200049408;726 015;A01;1;1;0;2;1;19;5;
76067;202200049409;726 012;B01;2;31;0;2;3;1;1;
76068;202200049409;726 013;A01;2;7;0;2;3;15;1;
76069;202200049410;726 010;A01;3;7;0;2;3;1;1;
76070;202200049410;726 011;B01;3;7;0;2;1;16;1;
76071;202200049411;726 009;A01;1;7;0;1;2;26;1;
76072;202200049412;726 007;B01;1;7;0;2;5;26;1;
76073;202200049412;726 008;A01;1;7;0;2;2;2;1;
76074;202200049413;726 005;A01;2;7;0;2;1;18;1;
76075;202200049413;726 006;B01;1;7;0;2;1;15;1;
76076;202200049414;726 004;A01;3;7;0;1;1;16;0;
76077;202200049415;726 002;A01;1;7;0;2;2;9;1;
76078;202200049415;726 003;B01;1;1;0;2;5;19;5;
76079;202200049416;726 000;B01;2;7;0;2;2;1;1;
76080;202200049416;726 001;A01;1;10;0;2;3;19;3;
76081;202200049417;725 999;A01;2;7;8;0;1;0;1;
76082;202200049419;725 995;B01;3;10;0;2;8;1;1;
76083;202200049419;725 996;A01;1;32;0;2;1;26;1;
76084;202200049420;725 994;A01;2;2;13;0;1;1;1;
76085;202200049421;725 993;A01;2;7;0;1;1;1;1;
76086;202200049422;725 992;A01;0;7;1;0;1;13;1;
76087;202200049423;725 991;A01;3;7;9;0;1;1;0;
76088;202200049424;725 989;A01;2;10;0;4;2;1;1;
76089;202200049424;725 990;B01;3;39;0;2;8;1;3;
76090;202200049425;725 988;A01;1;99;0;1;1;26;0;
76091;202200049426;725 986;B01;1;7;0;2;1;1;1;
76092;202200049426;725 987;A01;1;7;0;2;7;19;1;
76093;202200049427;725 984;B01;2;7;0;2;1;1;1;
76094;202200049427;725 985;A01;1;7;0;2;1;13;1;
76095;202200049428;725 982;B01;2;1;0;2;7;19;5;
76096;202200049428;725 983;A01;1;7;0;2;1;16;1;
76097;202200049429;725 981;A01;1;7;0;1;3;16;1;
76098;202200049430;725 979;A01;1;7;0;2;3;14;1;
76099;202200049430;725 980;B01;2;7;0;2;1;15;1;
76100;202200049431;725 977;A01;2;2;0;2;8;17;1;
76101;202200049431;725 978;B01;2;7;0;2;8;15;1;
76102;202200049432;725 976;A01;1;7;0;1;1;15;1;
76103;202200049433;725 974;B01;3;30;0;2;3;21;1;
76104;202200049433;725 975;A01;1;7;0;2;2;15;1;
76105;202200049435;725 970;A01;3;40;0;1;1;1;3;
76106;202200049438;725 965;B01;3;1;0;2;3;1;5;
76107;202200049438;725 966;A01;3;7;0;9;3;15;1;
76108;202200049439;725 963;A01;1;1;0;2;3;1;5;
76109;202200049439;725 964;B01;2;7;0;9;3;1;1;
76110;202200049442;725 958;A01;1;1;0;2;0;21;5;
76111;202200049443;725 956;A01;1;10;0;2;1;9;1;
76112;202200049443;725 957;B01;1;1;0;2;1;9;5;
76113;202200049444;725 954;A01;0;7;0;2;3;9;1;
76114;202200049444;725 955;B01;2;2;0;2;1;1;1;
76115;202200049445;725 952;A01;1;7;0;2;3;1;1;
76116;202200049445;725 953;B01;2;7;0;2;7;1;1;
76117;202200049446;725 951;A01;3;30;0;0;0;1;1;
76118;202200049447;725 949;A01;3;7;0;2;2;16;2;
76119;202200049447;725 950;B01;3;1;0;2;1;1;5;
76120;202200049448;725 946;A01;2;7;1;0;3;14;1;
76121;202200049450;725 942;B01;2;7;0;0;0;1;1;
76122;202200049450;725 943;A01;0;30;0;2;1;9;1;
76123;202200049451;725 941;A01;1;7;0;1;3;1;1;
76124;202200049452;725 939;B01;2;7;0;2;1;1;1;
76125;202200049452;725 940;A01;2;7;0;2;1;15;1;
76126;202200049453;725 938;A01;3;7;0;1;3;1;1;
76127;202200049454;725 936;A01;3;7;0;2;1;19;1;
76128;202200049454;725 937;B01;0;33;0;2;0;1;1;
76129;202200049455;725 935;A01;1;7;0;0;9;13;1;
76130;202200049456;725 933;B01;1;7;0;2;6;26;1;
76131;202200049456;725 934;A01;1;7;0;2;1;26;1;
76132;202200049457;725 931;B01;0;7;0;2;2;1;1;
76133;202200049457;725 932;A01;0;32;0;2;1;1;1;
76134;202200049458;725 930;Z01;3;7;0;1;1;1;0;
76135;202200049460;725 926;A01;3;7;0;9;2;20;1;
76136;202200049460;725 927;B01;3;1;0;2;7;13;5;
76137;202200049461;725 925;A01;1;7;0;1;1;1;1;
76138;202200049462;725 922;A01;1;7;0;2;1;1;1;
76139;202200049462;725 923;B01;1;7;0;2;4;1;1;
76140;202200049462;725 924;C01;1;7;0;2;4;15;1;
76141;202200049463;725 921;A01;1;31;0;1;3;1;1;
76142;202200049464;725 920;A01;2;7;0;1;3;1;2;
76143;202200049465;725 918;B01;2;2;0;2;1;17;1;
76144;202200049465;725 919;A01;1;7;0;2;1;5;1;
76145;202200049466;725 917;A01;2;31;0;1;1;2;1;
76146;202200049467;725 915;B01;1;33;0;0;4;1;1;
76147;202200049467;725 916;A01;1;33;0;2;1;17;1;
76148;202200049468;725 914;A01;1;7;0;1;3;15;1;
76149;202200049470;725 910;A01;2;10;1;2;1;21;1;
76150;202200049470;725 911;B01;2;7;0;1;5;11;1;
76151;202200049471;725 908;B01;1;7;0;2;6;23;2;
76152;202200049471;725 909;A01;1;30;0;2;1;1;1;
76153;202200049472;725 907;A01;3;32;0;1;1;1;1;
76154;202200049473;725 904;C01;1;7;0;2;5;1;1;
76155;202200049473;725 905;B01;1;10;0;2;3;16;1;
76156;202200049473;725 906;A01;1;33;0;2;1;7;1;
76157;202200049474;725 902;B01;1;80;0;2;8;1;3;
76158;202200049474;725 903;A01;1;10;0;2;7;16;1;
76159;202200049475;725 900;B01;3;7;0;2;5;1;1;
76160;202200049475;725 901;A01;3;7;0;2;1;1;1;
76161;202200049476;725 898;A01;3;32;0;2;1;1;1;
76162;202200049476;725 899;B01;3;1;0;2;0;1;5;
76163;202200049477;725 896;A01;1;13;0;2;2;16;1;
76164;202200049477;725 897;B01;1;32;0;2;8;18;1;
76165;202200049478;725 895;A01;1;7;0;1;2;1;1;
76166;202200049479;725 894;A01;2;7;0;1;2;1;1;
76167;202200049480;725 892;B01;1;7;0;2;4;26;1;
76168;202200049480;725 893;A01;1;32;0;2;1;1;1;
76169;202200049481;725 890;B01;1;37;0;2;0;16;1;2.0
76170;202200049481;725 891;A01;1;7;0;2;2;9;1;
76171;202200049483;725 885;B01;1;7;0;2;1;1;2;
76172;202200049483;725 886;A01;1;30;0;2;7;1;1;
76173;202200049485;725 882;B01;1;7;1;2;4;1;1;
76174;202200049485;725 883;A01;1;7;0;2;1;1;1;
76175;202200049486;725 880;B01;3;1;0;2;8;1;5;
76176;202200049486;725 881;A01;3;7;0;2;1;11;1;
76177;202200049487;725 879;A01;3;7;0;1;6;26;1;
76178;202200049488;725 878;A01;2;7;0;1;1;12;0;
76179;202200049489;725 876;A01;2;7;0;9;2;16;1;
76180;202200049489;725 877;B01;2;1;0;2;1;0;5;
76181;202200049490;725 874;A01;2;10;0;9;3;15;3;
76182;202200049490;725 875;B01;1;1;0;2;4;1;5;
76183;202200049491;725 870;A01;1;7;0;2;8;1;1;
76184;202200049491;725 871;B01;1;1;0;2;8;26;5;
76185;202200049492;725 868;B01;2;7;0;2;1;15;1;
76186;202200049492;725 869;A01;2;2;0;2;1;1;1;
76187;202200049493;725 866;A01;1;7;1;0;3;1;1;
76188;202200049493;725 867;B01;2;31;0;2;8;24;1;
76189;202200049494;725 864;A01;2;7;0;2;3;1;1;
76190;202200049494;725 865;B01;1;7;0;2;3;1;1;
76191;202200049495;725 862;B01;1;2;0;2;1;1;1;
76192;202200049495;725 863;A01;2;7;0;2;5;15;1;
76193;202200049496;725 860;A01;1;2;0;2;3;1;1;
76194;202200049496;725 861;B01;1;7;0;2;1;1;1;
76195;202200049497;725 859;A01;2;7;16;0;0;1;1;
76196;202200049499;725 856;A01;2;7;2;0;3;13;1;
76197;202200049500;725 855;A01;3;7;0;1;1;20;1;
76198;202200049501;725 854;A01;2;7;0;0;9;1;1;
76199;202200049502;725 851;A01;1;7;0;2;2;13;1;
76200;202200049502;725 852;B01;2;7;0;2;7;1;1;
76201;202200049503;725 849;B01;1;7;0;2;2;2;1;
76202;202200049503;725 850;A01;1;7;0;2;6;19;1;
76203;202200049504;725 847;A01;2;7;8;0;8;14;1;
76204;202200049505;725 846;A01;1;10;6;0;2;1;1;
76205;202200049506;725 843;B01;2;7;0;2;1;1;1;
76206;202200049506;725 844;A01;1;7;0;2;1;13;1;
76207;202200049508;725 837;A01;1;7;0;2;3;11;1;
76208;202200049508;725 838;B01;1;15;0;2;3;2;1;
76209;202200049508;725 839;C01;1;7;0;2;1;2;1;
76210;202200049508;725 840;D01;2;7;0;2;3;1;1;
76211;202200049509;725 835;B01;1;2;0;2;1;1;1;
76212;202200049509;725 836;A01;2;7;0;2;1;13;1;
76213;202200049510;725 833;A01;1;7;0;2;1;13;1;
76214;202200049510;725 834;B01;2;7;0;2;1;1;1;
76215;202200049512;725 831;A01;2;10;13;0;3;1;1;
76216;202200049515;725 826;A01;2;7;13;0;2;1;1;
76217;202200049516;725 824;A01;1;7;0;2;3;15;1;
76218;202200049516;725 825;B01;2;32;7;2;6;18;1;
76219;202200049517;725 822;B01;2;1;0;2;4;2;5;
76220;202200049517;725 823;A01;2;0;0;2;1;2;0;
76221;202200049518;725 821;A01;0;7;0;1;1;0;1;
76222;202200049519;725 819;B01;2;33;0;2;8;17;1;
76223;202200049519;725 820;A01;1;7;0;2;8;1;1;
76224;202200049520;725 818;A01;1;7;8;0;2;0;1;
76225;202200049521;725 817;A01;2;7;8;0;3;2;1;
76226;202200049522;725 815;B01;1;7;0;2;3;13;1;
76227;202200049522;725 816;A01;2;7;6;2;3;1;1;
76228;202200049523;725 813;A01;1;17;0;0;7;19;1;
76229;202200049523;725 814;B01;2;7;0;2;1;1;1;
76230;202200049525;725 810;A01;0;2;0;0;0;0;1;
76231;202200049527;725 807;B01;2;10;0;2;4;2;1;
76232;202200049527;725 808;A01;2;7;0;2;1;2;1;
76233;202200049529;725 804;A01;1;7;4;0;3;1;1;
76234;202200049530;725 801;C01;2;17;0;0;6;24;1;
76235;202200049530;725 802;B01;2;7;0;2;3;26;1;
76236;202200049530;725 803;A01;2;7;3;2;1;26;1;
76237;202200049531;725 798;C01;1;31;0;2;0;0;1;
76238;202200049531;725 799;B01;1;7;0;2;0;0;2;
76239;202200049531;725 800;A01;1;33;0;2;0;0;1;
76240;202200049532;725 797;A01;1;32;0;0;7;1;1;
76241;202200049534;725 791;B01;1;7;0;2;3;1;1;
76242;202200049534;725 792;A01;1;17;0;2;2;12;1;
76243;202200049535;725 788;C01;1;10;0;0;4;2;1;
76244;202200049535;725 789;B01;1;14;0;2;1;2;1;
76245;202200049535;725 790;A01;1;10;0;2;1;2;1;
76246;202200049536;725 787;A01;3;7;0;1;1;19;1;
76247;202200049537;725 786;A01;3;3;0;1;1;1;1;
76248;202200049538;725 784;A01;3;7;0;2;6;1;1;
76249;202200049538;725 785;B01;3;30;0;2;1;2;1;
76250;202200049539;725 782;A01;1;7;0;2;6;16;1;
76251;202200049539;725 783;B01;3;30;0;2;0;0;1;
76252;202200049540;725 780;A01;2;7;0;2;2;2;1;
76253;202200049540;725 781;B01;2;7;0;2;7;0;1;
76254;202200049541;725 778;A01;1;7;0;2;2;1;1;
76255;202200049541;725 779;B01;2;1;0;2;1;1;5;
76256;202200049543;725 775;A01;1;32;0;1;1;9;1;
76257;202200049544;725 773;B01;1;7;0;2;1;1;1;
76258;202200049544;725 774;A01;2;7;0;2;7;17;1;
76259;202200049546;725 769;A01;1;31;0;2;8;26;1;
76260;202200049546;725 770;B01;1;10;0;2;7;16;1;
76261;202200049547;725 767;B01;2;7;0;2;7;1;1;
76262;202200049547;725 768;A01;1;7;0;2;1;9;1;
76263;202200049548;725 765;B01;1;1;0;2;1;1;5;
76264;202200049548;725 766;A01;1;7;0;2;5;12;1;
76265;202200049550;725 762;A01;1;7;0;2;2;9;1;
76266;202200049550;725 763;B01;3;7;0;2;1;2;1;
76267;202200049551;725 760;A01;3;7;0;9;8;15;1;
76268;202200049551;725 761;B01;3;60;0;2;1;1;5;
76269;202200049552;725 758;B01;1;7;0;2;2;12;1;
76270;202200049552;725 759;A01;1;33;0;2;8;3;1;
76271;202200049553;725 755;B01;1;32;0;2;4;1;1;
76272;202200049553;725 757;A01;1;32;0;2;1;1;1;
76273;202200049555;725 750;B01;2;7;0;2;6;1;1;
76274;202200049555;725 752;A01;2;17;0;2;2;12;1;
76275;202200049556;725 751;B01;1;37;0;2;3;1;1;1.0
76276;202200049556;725 753;A01;1;10;0;2;7;12;1;
76277;202200049557;725 748;A01;3;2;12;0;8;21;1;
76278;202200049558;725 747;B01;1;43;0;2;3;3;1;