;Num_Acc;id_vehicule;num_veh;senc;catv;obs;obsm;choc;manv;motor;occutc
76279;202200049558;725 749;A01;1;7;0;2;5;12;1;
76280;202200049559;725 745;B01;1;7;0;2;5;14;1;
76281;202200049559;725 746;A01;1;33;0;2;3;12;1;
76282;202200049560;725 743;A01;3;7;0;2;3;15;2;
76283;202200049560;725 744;B01;3;31;0;2;7;17;1;
76284;202200049561;725 742;A01;3;1;0;0;0;1;5;
76285;202200049562;725 740;A01;2;30;0;1;1;5;1;
76286;202200049563;725 739;A01;2;7;0;2;3;15;1;
76287;202200049563;725 741;B01;2;2;0;2;1;17;1;
76288;202200049564;725 738;A01;1;7;0;1;1;1;2;
76289;202200049565;725 737;A01;0;10;0;1;3;1;1;
76290;202200049566;725 735;B01;2;7;0;2;1;1;1;
76291;202200049566;725 736;A01;2;80;0;2;7;1;3;
76292;202200049567;725 734;A01;3;7;2;0;8;14;1;
76293;202200049568;725 732;A01;3;7;0;0;1;16;1;
76294;202200049569;725 731;B01;2;33;0;2;7;1;1;
76295;202200049569;725 733;A01;2;50;0;2;1;7;3;
76296;202200049570;725 727;A01;3;7;0;2;3;9;1;
76297;202200049570;725 730;B01;3;1;0;2;1;1;5;
76298;202200049571;725 728;A01;1;34;0;2;1;1;1;
76299;202200049571;725 729;B01;1;7;0;2;2;23;1;
76300;202200049572;725 724;B01;3;7;0;2;3;1;1;
76301;202200049572;725 726;A01;2;41;0;2;3;1;3;
76302;202200049573;725 721;B01;2;32;0;2;1;17;1;
76303;202200049573;725 723;A01;2;7;0;2;3;10;1;
76304;202200049574;725 722;A01;2;31;0;0;7;1;1;
76305;202200049575;725 719;A01;2;32;0;1;2;1;1;
76306;202200049576;725 720;A01;1;10;0;1;1;15;1;
76307;202200049577;725 717;A01;1;7;0;2;1;1;1;
76308;202200049577;725 718;B01;1;1;0;2;0;0;5;
76309;202200049578;725 715;B01;1;7;0;2;7;15;1;
76310;202200049578;725 716;A01;1;33;0;2;1;1;1;
76311;202200049579;725 712;A01;3;2;0;2;1;16;1;
76312;202200049579;725 713;B01;1;50;0;2;0;1;3;
76313;202200049580;725 709;B01;1;1;0;2;8;9;5;
76314;202200049580;725 711;A01;1;7;0;2;1;1;1;
76315;202200049581;725 710;B01;1;7;0;2;4;2;3;
76316;202200049581;725 714;A01;1;7;0;2;1;2;1;
76317;202200049582;725 706;A01;1;30;0;2;2;2;1;
76318;202200049582;725 708;B01;1;7;0;2;6;23;2;
76319;202200049583;725 704;A01;3;7;0;1;3;9;1;
76320;202200049584;725 702;A01;2;32;0;0;1;1;1;
76321;202200049585;725 703;A01;1;42;0;2;3;11;1;
76322;202200049585;725 705;B01;1;31;0;2;2;3;1;
76323;202200049585;725 707;C01;1;7;0;2;5;1;2;
76324;202200049586;725 700;B01;1;7;0;2;4;23;1;
76325;202200049586;725 701;A01;1;10;0;2;1;1;1;
76326;202200049587;725 698;Z01;3;7;0;1;1;1;1;
76327;202200049588;725 697;B01;2;7;0;2;3;16;1;
76328;202200049588;725 699;A01;2;7;0;2;2;1;1;
76329;202200049589;725 695;B01;2;1;0;2;8;1;5;
76330;202200049589;725 696;A01;2;10;0;2;2;14;1;
76331;202200049590;725 694;A01;1;10;0;1;3;15;3;
76332;202200049591;725 690;B01;3;1;0;2;5;1;5;
76333;202200049591;725 692;A01;1;7;0;2;1;1;1;
76334;202200049592;725 691;B01;1;32;0;2;3;1;1;
76335;202200049592;725 693;A01;2;7;0;2;3;15;2;
76336;202200049593;725 689;A01;1;3;1;0;2;1;3;
76337;202200049594;725 688;A01;2;7;0;1;1;1;1;
76338;202200049595;725 687;A01;0;7;0;1;1;1;1;
76339;202200049596;725 686;A01;3;7;0;1;1;15;1;
76340;202200049597;725 682;B01;1;7;0;2;3;1;1;
76341;202200049597;725 684;A01;2;7;0;2;2;15;1;
76342;202200049598;725 683;A01;2;1;0;2;1;15;5;
76343;202200049598;725 685;B01;1;2;0;2;1;1;1;
76344;202200049599;725 679;A01;2;10;9;0;1;14;1;
76345;202200049600;725 678;Z01;1;10;0;1;8;16;0;
76346;202200049602;725 675;A01;1;15;9;0;0;1;1;
76347;202200049603;725 673;A01;3;7;0;2;3;19;1;
76348;202200049603;725 674;B01;2;33;0;0;1;1;1;
76349;202200049604;725 671;A01;1;7;1;0;9;13;1;
76350;202200049605;725 668;A01;1;7;0;2;7;10;1;
76351;202200049605;725 670;B01;1;33;0;2;0;1;1;
76352;202200049606;725 669;B01;2;43;0;2;1;1;1;
76353;202200049606;725 672;A01;1;10;0;2;2;10;1;
76354;202200049607;725 666;A01;1;34;0;1;1;1;1;
76355;202200049608;725 664;A01;1;10;0;0;1;2;1;
76356;202200049608;725 667;B01;1;7;0;0;4;2;1;
76357;202200049609;725 663;A01;1;32;0;2;8;15;1;
76358;202200049609;725 665;B01;2;80;0;2;1;7;3;
76359;202200049610;725 659;A01;2;33;0;2;1;2;1;
76360;202200049610;725 661;B01;2;7;0;2;5;2;1;
76361;202200049611;725 660;A01;1;33;0;2;2;1;1;
76362;202200049611;725 662;B01;1;7;0;2;5;11;1;
76363;202200049613;725 653;A01;1;7;0;2;0;0;0;
76364;202200049613;725 655;B01;1;7;0;2;1;0;0;
76365;202200049613;725 657;C01;1;7;0;2;4;0;0;
76366;202200049614;725 652;A01;1;10;0;0;3;20;1;
76367;202200049614;725 656;B01;1;1;0;0;0;0;5;
76368;202200049615;725 650;B01;1;7;0;2;6;1;1;
76369;202200049615;725 651;A01;1;32;0;2;1;21;1;
76370;202200049616;725 648;B01;3;7;0;2;1;1;1;
76371;202200049616;725 649;A01;0;30;0;2;7;9;0;
76372;202200049617;725 646;B01;2;7;0;2;2;15;0;
76373;202200049617;725 647;A01;2;30;0;2;1;15;0;
76374;202200049618;725 645;A01;2;7;0;1;3;1;2;
76375;202200049619;725 644;A01;1;2;0;1;1;1;1;
76376;202200049620;725 641;A01;3;10;0;2;8;10;1;
76377;202200049620;725 643;B01;3;1;0;2;1;1;5;
76378;202200049621;725 642;A01;2;7;0;1;2;1;1;
76379;202200049623;725 637;B01;1;7;9;0;6;15;1;
76380;202200049623;725 639;A01;1;33;0;2;1;5;1;
76381;202200049624;725 635;B01;1;33;0;2;8;1;1;
76382;202200049624;725 638;A01;1;7;0;2;7;10;1;
76383;202200049625;725 634;Z01;1;7;0;1;1;19;1;
76384;202200049626;725 633;B01;1;1;0;2;1;1;5;
76385;202200049626;725 636;A01;1;10;0;2;4;0;1;
76386;202200049627;725 632;A01;3;14;0;1;2;26;1;
76387;202200049628;725 628;A01;3;10;0;2;2;10;1;
76388;202200049628;725 630;B01;3;32;0;2;1;1;1;
76389;202200049629;725 629;A01;-1;33;0;2;1;2;1;
76390;202200049629;725 631;B01;-1;7;0;2;4;23;1;
76391;202200049630;725 625;A01;2;1;0;9;2;19;5;
76392;202200049630;725 627;B01;1;99;0;9;0;1;1;
76393;202200049631;725 621;A01;0;50;0;2;1;1;3;
76394;202200049631;725 626;B01;0;7;0;2;1;1;1;
76395;202200049632;725 622;A01;1;7;0;2;7;9;1;
76396;202200049632;725 624;B01;1;1;0;2;1;1;5;
76397;202200049633;725 620;B01;1;7;0;2;3;0;1;
76398;202200049633;725 623;A01;1;34;0;2;3;17;1;
76399;202200049634;725 618;B01;2;1;0;2;8;2;5;
76400;202200049634;725 619;A01;2;10;0;9;2;9;1;
76401;202200049635;725 616;A01;1;7;0;1;5;1;2;
76402;202200049636;725 615;A01;1;50;0;0;1;1;3;
76403;202200049637;725 614;A01;2;7;0;2;2;15;2;
76404;202200049637;725 617;B01;1;1;0;2;1;1;5;
76405;202200049638;725 609;A01;2;7;0;1;1;1;1;
76406;202200049639;725 610;A01;2;7;0;2;7;2;1;
76407;202200049639;725 613;B01;2;80;0;2;8;2;3;
76408;202200049640;725 608;B01;1;13;0;2;4;2;1;
76409;202200049640;725 612;A01;1;7;0;2;1;2;1;
76410;202200049641;725 611;A01;3;7;0;1;3;15;1;
76411;202200049642;725 604;A01;2;7;0;2;1;10;2;
76412;202200049642;725 607;B01;1;33;0;2;1;21;1;
76413;202200049643;725 600;B01;2;31;0;2;1;21;1;
76414;202200049643;725 605;A01;1;7;0;2;3;5;1;
76415;202200049644;725 599;A01;3;3;0;2;6;9;0;
76416;202200049644;725 603;B01;3;10;0;2;1;1;1;
76417;202200049645;725 602;A01;2;7;0;2;3;15;1;
76418;202200049645;725 606;B01;1;33;0;2;3;1;1;
76419;202200049646;725 598;A01;2;7;1;0;0;1;1;
76420;202200049646;725 601;B01;2;32;15;0;0;23;1;
76421;202200049647;725 596;B01;2;43;0;2;1;1;1;
76422;202200049647;725 597;A01;0;7;0;2;2;19;1;
76423;202200049648;725 591;B01;3;7;0;2;3;1;1;
76424;202200049648;725 595;A01;3;7;0;2;1;13;1;
76425;202200049649;725 593;B01;2;30;0;2;0;0;1;
76426;202200049649;725 594;A01;2;7;0;2;0;0;1;
76427;202200049650;725 589;A01;1;7;0;1;1;1;1;
76428;202200049651;725 588;B01;0;7;1;2;5;24;3;
76429;202200049651;725 592;Z01;1;7;0;2;3;16;2;
76430;202200049652;725 587;A01;2;3;0;2;1;1;0;
76431;202200049652;725 590;B01;1;33;12;2;7;15;0;
76432;202200049653;725 582;A01;2;7;0;2;5;15;1;
76433;202200049653;725 585;B01;1;33;0;2;1;1;1;
76434;202200049654;725 584;A01;3;7;0;2;0;2;1;
76435;202200049654;725 586;B01;3;1;0;2;0;2;5;
76436;202200049655;725 583;A01;0;7;0;1;2;19;1;
76437;202200049656;725 578;A01;1;7;0;0;0;0;1;
76438;202200049657;725 577;B01;2;7;0;2;1;1;1;
76439;202200049657;725 580;A01;1;7;0;2;5;15;1;
76440;202200049658;725 576;A01;2;7;13;0;1;1;1;
76441;202200049659;725 579;B01;1;10;0;2;8;15;1;
76442;202200049659;725 581;A01;1;30;0;2;1;17;1;
76443;202200049660;725 575;A01;3;33;1;0;1;20;1;
76444;202200049661;725 572;A01;1;30;1;0;7;0;1;
76445;202200049662;725 571;A01;2;7;15;2;2;15;1;
76446;202200049662;725 574;B01;2;7;15;2;3;15;1;
76447;202200049663;725 568;B01;3;7;0;2;2;1;1;
76448;202200049663;725 573;A01;1;32;0;2;1;1;1;
76449;202200049664;725 567;A01;2;7;0;1;3;15;1;
76450;202200049665;725 565;A01;2;7;0;2;3;23;1;
76451;202200049665;725 570;B01;1;7;0;2;3;23;1;
76452;202200049668;725 561;B01;2;1;0;2;1;21;5;
76453;202200049668;725 564;A01;1;7;0;9;7;6;1;
76454;202200049669;725 559;A01;3;30;1;0;1;1;1;
76455;202200049670;725 560;A01;1;7;8;0;2;14;1;
76456;202200049672;725 556;A01;2;7;8;0;9;1;1;
76457;202200049673;725 557;A01;2;7;15;0;1;1;1;
76458;202200049674;725 548;A01;2;2;12;0;5;16;1;
76459;202200049674;725 554;B01;2;7;0;2;2;9;1;
76460;202200049675;725 553;A01;2;7;11;0;3;1;1;
76461;202200049676;725 552;A01;2;10;0;1;2;16;1;
76462;202200049677;725 547;A01;1;7;0;2;3;17;1;
76463;202200049677;725 549;B01;2;1;0;2;1;1;5;
76464;202200049677;725 555;C01;2;37;0;2;5;1;2;1.0
76465;202200049678;725 546;B01;3;33;0;2;4;0;1;
76466;202200049678;725 550;A01;3;7;0;2;1;11;1;
76467;202200049679;725 545;B01;1;7;0;0;7;1;1;
76468;202200049679;725 551;A01;1;7;0;2;1;19;1;
76469;202200049680;725 542;A01;1;2;12;0;1;21;1;
76470;202200049681;725 541;A01;0;7;0;2;7;15;1;
76471;202200049681;725 544;B01;0;33;0;2;1;1;1;
76472;202200049682;725 540;A01;2;10;0;1;3;13;1;
76473;202200049684;725 538;A01;1;7;13;0;3;13;1;
76474;202200049685;725 536;A01;3;80;0;2;1;1;3;
76475;202200049685;725 539;B01;3;50;0;2;1;1;3;
76476;202200049686;725 535;A01;2;7;0;1;1;1;1;
76477;202200049687;725 534;A01;1;7;9;0;1;1;1;
76478;202200049688;725 533;A01;2;50;0;1;1;1;3;
76479;202200049689;725 531;A01;2;7;0;1;3;26;1;
76480;202200049690;725 529;B01;0;7;0;2;3;13;2;
76481;202200049690;725 532;A01;0;7;0;2;8;1;1;
76482;202200049691;725 525;A01;2;1;0;0;1;21;5;
76483;202200049692;725 523;A01;1;2;0;2;8;1;1;
76484;202200049692;725 530;Z01;1;10;0;2;1;15;0;
76485;202200049693;725 526;B01;1;7;0;2;5;1;1;
76486;202200049693;725 528;A01;1;7;0;2;3;11;1;
76487;202200049694;725 520;A01;1;7;0;1;3;1;1;
76488;202200049695;725 519;A01;3;50;12;0;0;13;3;
76489;202200049696;725 516;A01;2;7;2;0;1;2;1;
76490;202200049697;725 514;A01;1;7;0;2;8;24;2;
76491;202200049697;725 517;B01;1;1;1;0;1;1;5;
76492;202200049698;725 515;C01;2;7;0;2;1;2;1;
76493;202200049698;725 518;B01;1;7;0;2;4;0;1;
76494;202200049698;725 521;A01;1;7;0;2;4;2;1;
76495;202200049699;725 513;A01;2;7;0;1;2;1;2;
76496;202200049700;725 512;A01;2;7;0;1;1;16;1;
76497;202200049701;725 510;A01;1;7;0;1;7;1;1;
76498;202200049702;725 511;A01;3;30;0;2;0;1;1;
76499;202200049703;725 505;B01;1;2;0;2;8;1;1;
76500;202200049703;725 509;A01;1;7;0;2;2;10;3;
76501;202200049704;725 502;A01;1;2;0;0;0;26;3;
76502;202200049707;725 500;A01;1;32;0;1;1;21;3;
76503;202200049708;725 499;B01;2;7;0;2;1;1;1;
76504;202200049708;725 504;A01;1;7;0;2;1;13;1;
76505;202200049710;725 491;B01;1;15;0;2;8;1;1;
76506;202200049710;725 496;A01;1;7;0;2;2;14;1;
76507;202200049711;725 493;B01;3;33;0;2;1;1;1;
76508;202200049711;725 498;A01;3;7;0;2;5;12;1;
76509;202200049712;725 490;A01;1;10;0;1;1;15;3;
76510;202200049713;725 489;B01;1;33;0;2;1;13;1;
76511;202200049713;725 492;A01;2;7;0;2;1;1;1;
76512;202200049714;725 487;A01;1;33;0;0;0;1;1;
76513;202200049715;725 485;A01;1;7;0;9;1;15;1;
76514;202200049715;725 486;B01;1;50;0;2;1;23;3;
76515;202200049716;725 483;A01;1;1;0;0;0;7;5;
76516;202200049717;725 482;A01;3;30;0;2;2;1;1;
76517;202200049717;725 488;Z01;0;7;0;2;0;1;0;
76518;202200049718;725 480;A01;2;7;4;0;1;13;1;
76519;202200049719;725 476;B01;1;7;0;2;1;1;1;
76520;202200049719;725 479;A01;2;7;0;2;1;15;1;
76521;202200049721;725 472;B01;2;15;0;0;6;23;1;
76522;202200049721;725 478;A01;2;15;1;0;7;11;1;
76523;202200049723;725 469;A01;3;7;0;2;6;23;1;
76524;202200049723;725 473;B01;2;43;0;2;1;21;1;
76525;202200049724;725 471;A01;1;31;0;2;1;18;1;
76526;202200049724;725 474;B01;1;7;0;2;7;16;2;
76527;202200049725;725 467;A01;0;7;0;0;8;1;0;
76528;202200049726;725 463;A01;2;7;0;2;1;5;1;
76529;202200049726;725 468;B01;1;7;0;2;1;1;1;
76530;202200049727;725 462;A01;1;33;0;2;1;3;1;
76531;202200049727;725 465;B01;1;7;0;2;4;2;1;
76532;202200049728;725 459;A01;1;13;0;2;7;15;6;
76533;202200049728;725 464;B01;2;33;0;2;1;1;1;
76534;202200049729;725 458;B01;2;80;0;2;7;5;3;
76535;202200049729;725 461;A01;1;7;0;2;2;9;1;
76536;202200049730;725 457;A01;1;7;14;0;1;17;1;
76537;202200049731;725 454;A01;2;7;0;2;2;2;1;
76538;202200049731;725 460;B01;0;10;0;2;6;2;1;
76539;202200049732;725 453;A01;2;7;3;2;3;1;1;
76540;202200049732;725 456;B01;2;7;14;2;1;1;1;
76541;202200049733;725 452;B01;2;7;0;2;2;12;1;
76542;202200049733;725 455;A01;2;33;0;2;4;3;1;
76543;202200049734;725 451;A01;1;80;1;0;1;9;3;
76544;202200049735;725 450;A01;1;80;0;1;8;7;3;
76545;202200049736;725 447;A01;1;7;4;0;3;13;1;
76546;202200049737;725 448;A01;1;7;14;0;3;13;1;
76547;202200049738;725 446;A01;3;7;0;1;7;0;3;
76548;202200049739;725 445;B01;3;1;0;2;8;1;0;
76549;202200049739;725 449;A01;3;10;0;2;7;16;1;
76550;202200049740;725 443;A01;2;1;12;0;7;21;5;
76551;202200049741;725 440;A01;2;43;0;2;1;1;1;
76552;202200049741;725 444;B01;2;10;1;2;3;1;1;
76553;202200049742;725 437;B01;2;7;0;2;3;16;1;
76554;202200049742;725 442;A01;2;10;0;2;3;15;1;
76555;202200049743;725 435;A01;2;10;0;2;1;13;0;
76556;202200049743;725 438;B01;1;7;0;2;1;1;1;
76557;202200049744;725 430;A01;2;1;0;2;1;1;5;
76558;202200049744;725 432;B01;2;50;0;2;8;1;3;
76559;202200049746;725 428;A01;3;7;0;1;3;1;1;
76560;202200049747;725 436;A01;1;14;0;2;1;1;1;
76561;202200049747;725 439;B01;1;7;0;2;4;2;1;
76562;202200049747;725 441;C01;1;7;0;2;4;2;1;
76563;202200049748;725 433;A01;2;7;0;2;3;15;1;
76564;202200049748;725 434;B01;1;1;0;2;3;1;5;
76565;202200049749;725 426;A01;3;7;0;1;1;1;1;
76566;202200049750;725 427;A01;3;7;0;1;3;17;2;
76567;202200049751;725 421;A01;1;1;0;1;2;1;5;
76568;202200049752;725 420;A01;2;7;0;0;2;1;1;
76569;202200049753;725 418;B01;3;7;0;2;1;1;2;
76570;202200049753;725 424;A01;3;7;0;2;7;15;1;
76571;202200049754;725 416;A01;1;7;0;0;4;2;1;
76572;202200049754;725 419;B01;1;31;1;2;1;2;1;
76573;202200049754;725 422;C01;1;32;0;0;0;0;1;
76574;202200049755;725 415;A01;1;14;0;9;2;26;1;
76575;202200049755;725 417;B01;3;1;0;2;4;1;5;
76576;202200049756;725 410;B01;3;7;0;2;5;1;2;
76577;202200049756;725 413;A01;3;32;0;2;4;3;1;
76578;202200049757;725 411;B01;3;7;0;2;1;1;1;
76579;202200049757;725 414;A01;3;7;0;2;1;13;1;
76580;202200049758;725 409;B01;1;7;0;0;4;0;1;
76581;202200049758;725 412;A01;1;2;0;2;1;0;1;
76582;202200049759;725 406;A01;2;7;0;1;1;16;2;
76583;202200049760;725 404;A01;2;10;0;2;3;15;1;
76584;202200049760;725 407;B01;2;33;0;2;1;17;1;
76585;202200049761;725 400;C01;1;7;0;0;0;0;0;
76586;202200049761;725 405;B01;1;7;4;2;6;11;1;
76587;202200049761;725 408;A01;1;15;0;2;2;0;0;
76588;202200049762;725 397;A01;3;7;0;2;6;15;1;
76589;202200049762;725 401;B01;3;2;0;2;1;1;1;
76590;202200049763;725 399;A01;1;7;0;2;3;15;1;
76591;202200049763;725 403;B01;2;7;0;2;3;2;1;
76592;202200049764;725 398;A01;2;10;0;2;8;15;1;
76593;202200049764;725 402;B01;2;43;0;2;7;17;1;
76594;202200049765;725 393;A01;2;1;0;2;1;1;5;
76595;202200049765;725 396;B01;3;10;0;2;7;22;1;
76596;202200049766;725 394;A01;2;7;12;1;1;10;1;
76597;202200049767;725 392;B01;2;43;0;2;3;3;1;
76598;202200049767;725 395;A01;2;7;0;2;7;12;1;
76599;202200049768;725 391;A01;1;7;13;0;1;15;1;
76600;202200049769;725 389;B01;2;7;0;2;1;1;1;
76601;202200049769;725 390;A01;1;7;0;2;7;1;1;
76602;202200049770;725 387;A01;2;7;0;1;1;9;1;
76603;202200049771;725 388;A01;1;1;0;1;1;1;5;
76604;202200049772;725 383;A01;1;7;0;2;4;1;1;
76605;202200049772;725 386;B01;1;7;0;2;4;0;2;
76606;202200049773;725 381;B01;2;80;0;2;1;1;3;
76607;202200049773;725 384;A01;1;7;0;2;8;15;1;
76608;202200049775;725 377;A01;3;17;10;0;2;1;1;
76609;202200049776;725 379;A01;1;7;0;2;3;0;1;
76610;202200049776;725 382;B01;2;7;0;2;3;0;1;
76611;202200049777;725 376;A01;1;7;0;2;8;22;3;
76612;202200049777;725 378;B01;1;1;0;2;7;1;5;
76613;202200049778;725 373;A01;1;7;16;0;1;2;1;
76614;202200049779;725 370;A01;1;7;0;1;7;1;1;
76615;202200049780;725 368;A01;1;10;0;0;0;26;1;
76616;202200049781;725 371;B01;1;7;0;2;2;16;1;
76617;202200049781;725 374;A01;1;30;0;2;1;18;3;
76618;202200049782;725 369;A01;2;7;0;2;4;1;1;
76619;202200049782;725 372;B01;2;7;0;2;8;1;1;
76620;202200049782;725 375;C01;2;33;4;2;1;3;1;
76621;202200049783;725 364;A01;0;31;0;0;0;1;0;
76622;202200049784;725 366;A01;1;30;0;2;1;5;1;
76623;202200049784;725 367;B01;2;1;0;2;1;1;5;
76624;202200049785;725 363;A01;0;7;1;0;1;1;1;
76625;202200049785;725 365;B01;0;7;0;0;6;23;1;
76626;202200049786;725 361;A01;2;7;15;0;1;13;1;
76627;202200049787;725 360;A01;1;32;0;0;7;1;1;
76628;202200049788;725 362;A01;1;15;3;0;9;21;1;
76629;202200049789;725 358;A01;3;36;13;0;0;1;1;
76630;202200049790;725 355;A01;1;80;0;1;1;1;3;
76631;202200049792;725 353;A01;1;50;0;1;1;1;3;
76632;202200049793;725 352;A01;1;7;13;0;3;0;1;
76633;202200049794;725 351;C01;2;7;0;2;1;1;1;
76634;202200049794;725 356;B01;2;50;0;0;4;1;3;
76635;202200049794;725 359;A01;2;7;0;2;1;1;1;
76636;202200049796;725 345;A01;2;50;0;2;1;1;3;
76637;202200049796;725 349;Z01;2;7;0;2;4;15;0;
76638;202200049797;725 342;A01;1;10;2;0;3;14;1;
76639;202200049798;725 344;B01;1;33;0;2;2;15;1;
76640;202200049798;725 347;A01;1;7;0;2;1;9;1;
76641;202200049799;725 343;A01;1;34;0;2;6;17;1;
76642;202200049799;725 346;B01;1;7;0;2;6;15;1;
76643;202200049800;725 341;A01;1;2;0;2;1;1;1;
76644;202200049800;725 350;B01;1;7;0;2;3;9;1;
76645;202200049801;725 340;A01;1;7;0;1;2;1;1;
76646;202200049802;725 338;A01;3;7;0;1;6;4;2;
76647;202200049803;725 336;B01;2;15;0;2;1;1;1;
76648;202200049803;725 339;A01;2;7;0;2;9;12;1;
76649;202200049804;725 333;A01;2;1;8;0;1;15;5;
76650;202200049805;725 331;A01;1;50;0;1;1;25;3;
76651;202200049806;725 328;A01;1;7;0;2;4;1;1;
76652;202200049806;725 330;B01;1;10;0;2;1;1;1;
76653;202200049806;725 334;C01;2;7;0;2;1;1;1;
76654;202200049807;725 327;A01;2;7;9;0;1;6;1;
76655;202200049808;725 325;D01;1;7;0;2;3;1;1;
76656;202200049808;725 329;C01;1;7;0;2;3;1;1;
76657;202200049808;725 332;A01;2;7;0;2;8;5;1;
76658;202200049808;725 335;B01;1;7;0;2;3;1;1;
76659;202200049808;725 337;E01;1;7;0;2;1;1;1;
76660;202200049810;725 322;B01;2;10;0;2;5;23;1;
76661;202200049810;725 324;A01;2;34;0;2;3;2;1;
76662;202200049812;725 316;A01;2;7;0;2;3;13;1;
76663;202200049812;725 319;B01;1;7;0;2;3;1;1;
76664;202200049813;725 313;A01;2;80;0;1;1;1;3;
76665;202200049814;725 312;B01;2;30;0;2;3;1;1;
76666;202200049814;725 315;A01;2;7;0;2;2;17;1;
76667;202200049815;725 314;B01;1;7;0;2;8;15;1;
76668;202200049815;725 318;A01;1;7;0;2;7;11;1;
76669;202200049816;725 311;A01;1;33;0;1;1;1;1;
76670;202200049817;725 310;A01;0;7;0;1;1;1;1;
76671;202200049818;725 308;A01;1;80;0;0;0;1;3;
76672;202200049819;725 307;A01;1;34;0;0;2;26;1;
76673;202200049820;725 306;A01;1;7;0;2;2;2;1;
76674;202200049820;725 309;B01;1;1;0;2;4;1;5;
76675;202200049821;725 301;A01;1;7;0;2;4;2;1;
76676;202200049821;725 305;B01;1;7;0;2;1;2;1;
76677;202200049822;725 302;A01;1;10;0;1;2;16;3;
76678;202200049823;725 300;A01;1;7;0;2;2;2;1;
76679;202200049823;725 304;B01;1;1;0;2;4;1;5;
76680;202200049824;725 299;A01;1;7;0;2;3;13;1;
76681;202200049824;725 303;B01;2;7;0;2;8;1;1;
76682;202200049825;725 296;A01;1;7;0;2;4;23;1;
76683;202200049825;725 298;B01;1;7;0;2;1;1;1;
76684;202200049826;725 297;A01;0;7;0;1;1;15;1;
76685;202200049827;725 292;A01;1;7;3;2;3;13;1;
76686;202200049827;725 294;B01;2;7;3;2;3;21;1;
76687;202200049828;725 295;A01;2;10;13;0;9;0;1;
76688;202200049829;725 291;A01;3;33;12;0;3;20;1;
76689;202200049830;725 288;A01;1;1;0;0;0;1;5;
76690;202200049831;725 289;A01;1;31;0;1;2;17;1;
76691;202200049833;725 285;A01;3;7;2;0;1;1;1;
76692;202200049834;725 283;A01;3;7;0;2;8;1;1;
76693;202200049834;725 287;B01;3;7;0;2;0;0;1;
76694;202200049835;725 281;B01;1;7;7;0;4;0;1;
76695;202200049835;725 290;A01;1;7;0;2;1;2;1;
76696;202200049836;725 280;A01;2;10;0;1;1;26;1;
76697;202200049837;725 276;A01;1;7;0;1;1;1;1;
76698;202200049838;725 277;A01;2;7;13;0;0;1;1;
76699;202200049839;725 279;B01;2;30;0;2;6;26;1;
76700;202200049839;725 282;Z01;1;7;0;2;0;2;0;
76701;202200049840;725 275;B01;1;7;0;2;1;13;1;
76702;202200049840;725 278;A01;2;7;0;2;1;1;1;
76703;202200049841;725 274;Z01;1;7;0;1;1;0;0;
76704;202200049842;725 273;A01;3;7;0;2;1;2;1;
76705;202200049843;725 272;A01;1;32;0;1;8;1;1;
76706;202200049845;725 268;B01;1;32;0;2;1;1;1;
76707;202200049845;725 271;A01;1;7;0;2;8;26;1;
76708;202200049846;725 265;A01;3;33;0;1;1;1;1;
76709;202200049847;725 261;B01;2;2;0;2;2;17;1;
76710;202200049847;725 267;A01;2;7;0;2;3;15;1;
76711;202200049848;725 260;A01;1;7;1;0;1;2;1;
76712;202200049848;725 263;B01;2;10;0;0;0;0;0;
76713;202200049849;725 262;Z01;3;7;0;2;8;15;1;
76714;202200049849;725 266;A01;3;7;0;2;3;15;1;
76715;202200049850;725 259;B01;2;7;0;2;4;2;1;
76716;202200049850;725 264;A01;2;7;0;2;1;2;1;
76717;202200049851;725 253;B01;1;7;0;2;3;1;1;
76718;202200049851;725 257;A01;1;7;0;2;5;12;1;
76719;202200049852;725 255;B01;2;7;0;2;1;1;1;
76720;202200049852;725 258;A01;1;7;0;2;1;13;1;
76721;202200049853;725 256;A01;3;2;4;0;2;2;1;
76722;202200049854;725 254;A01;2;50;0;0;0;1;3;
76723;202200049855;725 249;B01;1;37;0;2;3;1;1;1.0
76724;202200049855;725 251;A01;2;7;0;2;3;13;1;
76725;202200049856;725 248;B01;1;37;0;2;3;0;1;1.0
76726;202200049856;725 252;A01;1;7;0;2;3;16;1;
76727;202200049857;725 245;A01;3;15;13;0;2;14;1;
76728;202200049858;725 250;A01;3;7;0;1;1;1;1;
76729;202200049859;725 244;B01;1;7;0;2;1;1;1;
76730;202200049859;725 247;A01;2;3;0;2;3;19;0;
76731;202200049860;725 242;B01;1;7;0;0;4;2;1;
76732;202200049860;725 246;A01;1;7;0;2;0;0;1;
76733;202200049861;725 239;C01;2;10;0;2;4;1;1;
76734;202200049861;725 241;B01;2;7;0;2;3;1;1;
76735;202200049861;725 243;A01;2;10;0;2;1;1;1;
76736;202200049862;725 235;A01;1;7;4;0;9;1;1;
76737;202200049863;725 236;A01;2;15;1;1;4;4;1;
76738;202200049864;725 233;A01;3;33;0;2;0;15;1;