;Num_Acc;id_vehicule;num_veh;senc;catv;obs;obsm;choc;manv;motor;occutc
76739;202200049864;725 238;B01;3;7;0;2;0;0;1;
76740;202200049865;725 231;B01;1;10;0;2;6;1;1;
76741;202200049865;725 234;A01;1;33;0;2;1;1;1;
76742;202200049866;725 232;A01;3;7;0;2;1;21;1;
76743;202200049866;725 240;B01;3;7;0;2;4;1;1;
76744;202200049867;725 230;B01;2;7;0;2;1;1;1;
76745;202200049867;725 237;A01;1;7;8;2;7;13;1;
76746;202200049868;725 229;A01;3;7;1;0;2;26;1;
76747;202200049869;725 227;A01;1;7;13;0;0;0;1;
76748;202200049870;725 220;C01;3;7;0;2;6;1;3;
76749;202200049870;725 223;B01;3;7;0;2;4;11;1;
76750;202200049870;725 228;A01;3;7;0;2;1;1;1;
76751;202200049871;725 218;B01;2;50;0;2;7;1;3;
76752;202200049871;725 225;A01;2;7;0;9;3;13;1;
76753;202200049872;725 219;B01;1;2;0;2;7;9;1;
76754;202200049872;725 226;A01;1;33;0;2;6;1;1;
76755;202200049873;725 214;A01;0;7;0;2;3;1;1;
76756;202200049873;725 221;B01;0;34;0;2;4;1;1;
76757;202200049873;725 224;C01;0;7;0;2;4;1;1;
76758;202200049874;725 215;A01;2;7;8;2;7;10;2;
76759;202200049874;725 222;B01;2;34;0;2;0;0;1;
76760;202200049875;725 213;A01;1;7;0;2;4;11;1;
76761;202200049875;725 217;B01;1;33;0;2;1;3;1;
76762;202200049878;725 205;B01;2;7;0;2;1;1;1;
76763;202200049878;725 209;A01;1;7;0;2;1;1;1;
76764;202200049879;725 207;A01;1;7;0;1;2;15;1;
76765;202200049880;725 200;C01;1;7;0;0;1;1;1;
76766;202200049880;725 203;B01;3;7;0;0;4;2;1;
76767;202200049880;725 206;A01;3;7;0;0;4;2;1;
76768;202200049881;725 202;A01;-1;7;0;1;1;10;1;
76769;202200049882;725 199;B01;2;16;0;0;0;12;1;
76770;202200049882;725 204;A01;2;7;0;0;9;1;1;
76771;202200049883;725 196;Z01;2;30;0;2;1;1;1;
76772;202200049883;725 201;A01;1;1;0;2;6;1;5;
76773;202200049884;725 195;A01;1;7;0;1;3;15;1;
76774;202200049885;725 193;B01;2;7;0;2;2;16;2;
76775;202200049885;725 198;A01;1;30;0;2;7;5;3;
76776;202200049886;725 194;A01;2;7;0;2;3;9;1;
76777;202200049886;725 197;B01;2;7;3;0;4;9;1;
76778;202200049888;725 184;C01;1;7;14;2;1;14;1;
76779;202200049888;725 188;A01;1;7;4;0;1;11;1;
76780;202200049888;725 191;B01;1;7;0;2;4;23;1;
76781;202200049890;725 185;A01;3;31;0;0;1;1;1;
76782;202200049891;725 179;C01;2;10;0;2;6;2;0;
76783;202200049891;725 187;B01;2;7;0;2;5;2;1;
76784;202200049891;725 190;A01;2;7;0;2;1;21;1;
76785;202200049892;725 180;A01;1;10;0;2;2;11;1;
76786;202200049892;725 183;B01;1;32;0;2;1;1;1;
76787;202200049893;725 177;A01;1;7;0;1;2;1;1;
76788;202200049894;725 175;A01;1;7;0;0;1;14;1;
76789;202200049895;725 173;A01;1;7;1;1;5;1;1;
76790;202200049896;725 170;Z01;1;7;0;2;1;15;1;
76791;202200049896;725 176;A01;1;33;0;2;1;1;1;
76792;202200049897;725 169;B01;1;7;0;2;4;1;1;
76793;202200049897;725 174;A01;1;7;0;2;1;2;1;
76794;202200049898;725 168;A01;2;43;0;2;1;1;1;
76795;202200049898;725 171;B01;3;1;0;2;7;19;5;
76796;202200049899;725 167;B01;1;7;0;2;5;12;1;
76797;202200049899;725 172;A01;1;33;0;2;8;3;1;
76798;202200049900;725 163;A01;3;33;0;2;1;1;1;
76799;202200049900;725 165;B01;3;10;0;2;8;9;1;
76800;202200049901;725 161;B01;1;34;0;2;1;13;1;
76801;202200049901;725 166;A01;1;7;0;2;3;11;1;
76802;202200049903;725 160;A01;1;7;0;2;3;15;1;
76803;202200049903;725 164;B01;1;33;0;2;7;1;1;
76804;202200049904;725 157;A01;2;7;0;2;3;10;1;
76805;202200049904;725 158;B01;2;33;0;2;1;17;1;
76806;202200049906;725 151;A01;1;7;0;0;4;23;1;
76807;202200049906;725 155;B01;1;7;1;0;1;17;1;
76808;202200049907;725 154;A01;1;33;0;0;8;21;1;
76809;202200049908;725 147;A01;1;34;1;0;0;0;1;
76810;202200049909;725 149;A01;2;31;0;0;0;3;1;
76811;202200049910;725 148;A01;1;10;0;2;3;1;1;
76812;202200049910;725 152;B01;1;7;0;2;1;16;1;
76813;202200049911;725 145;B01;3;31;0;2;1;1;1;
76814;202200049911;725 153;A01;3;7;0;2;3;9;1;
76815;202200049912;725 146;A01;3;30;0;2;1;3;1;
76816;202200049912;725 150;B01;3;7;0;2;7;12;1;
76817;202200049913;725 134;A01;2;7;0;2;2;1;1;
76818;202200049913;725 142;B01;2;7;0;2;4;23;1;
76819;202200049914;725 135;A01;1;33;0;2;1;14;1;
76820;202200049914;725 144;B01;2;7;0;2;1;15;1;
76821;202200049915;725 133;A01;1;10;0;2;1;1;1;
76822;202200049915;725 140;B01;1;7;0;2;4;2;1;
76823;202200049916;725 132;A01;1;7;0;2;7;16;1;
76824;202200049916;725 139;B01;1;33;0;2;1;18;1;
76825;202200049917;725 138;C01;0;1;0;2;2;1;5;
76826;202200049917;725 141;A01;3;99;0;2;3;2;0;
76827;202200049918;725 131;B01;2;7;0;2;3;1;1;
76828;202200049918;725 143;A01;1;7;0;2;3;13;1;
76829;202200049919;725 128;A01;2;33;0;2;5;1;1;
76830;202200049919;725 130;B01;2;7;0;2;2;0;1;
76831;202200049920;725 123;A01;1;33;10;0;9;1;1;
76832;202200049921;725 125;A01;3;7;0;2;1;5;1;
76833;202200049922;725 126;Z01;1;7;14;0;2;1;1;
76834;202200049922;725 129;B01;1;7;0;2;6;23;1;
76835;202200049923;725 122;A01;1;1;0;1;1;15;5;
76836;202200049924;725 121;A01;2;10;0;2;2;9;3;
76837;202200049924;725 127;B01;2;50;0;2;8;1;3;
76838;202200049925;725 119;A01;2;7;0;1;1;1;1;
76839;202200049926;725 120;A01;2;7;0;2;1;21;1;
76840;202200049926;725 124;B01;2;7;4;2;5;13;1;
76841;202200049927;725 114;A01;1;7;2;0;1;0;1;
76842;202200049928;725 113;B01;1;1;0;0;1;1;5;
76843;202200049928;725 116;A01;1;7;0;0;2;16;1;
76844;202200049929;725 112;A01;0;7;0;2;3;15;1;
76845;202200049929;725 118;B01;1;7;0;2;1;16;1;
76846;202200049930;725 111;Z01;2;30;0;1;1;1;0;
76847;202200049931;725 110;A01;2;7;0;2;8;20;1;
76848;202200049931;725 115;B01;2;2;0;2;2;1;1;
76849;202200049932;725 109;B01;1;7;0;2;3;0;1;
76850;202200049932;725 117;A01;1;7;0;2;3;13;1;
76851;202200049933;725 108;A01;0;33;0;0;0;0;1;
76852;202200049934;725 106;A01;0;7;0;1;0;20;1;
76853;202200049935;725 107;A01;1;7;4;0;7;0;0;
76854;202200049936;725 104;A01;0;7;0;2;1;0;1;
76855;202200049936;725 105;B01;3;7;0;2;3;26;1;
76856;202200049937;725 102;A01;3;10;0;1;3;1;1;
76857;202200049938;725 095;B01;3;3;0;2;2;15;1;
76858;202200049938;725 100;A01;3;33;0;2;3;17;1;
76859;202200049939;725 094;A01;1;7;0;2;3;1;1;
76860;202200049939;725 098;B01;1;80;0;2;1;12;3;
76861;202200049940;725 092;A01;3;7;0;2;1;1;1;
76862;202200049940;725 096;B01;3;7;0;2;4;2;1;
76863;202200049940;725 101;C01;3;7;0;1;4;2;1;
76864;202200049941;725 089;A01;1;7;0;1;2;2;1;
76865;202200049942;725 088;A01;1;2;0;2;1;1;1;
76866;202200049942;725 091;B01;2;7;0;2;3;1;1;
76867;202200049943;725 085;A01;1;7;8;0;9;1;1;
76868;202200049944;725 087;D01;2;7;0;2;7;1;1;
76869;202200049944;725 090;C01;2;34;0;2;7;3;1;
76870;202200049944;725 093;B01;2;33;0;2;8;11;1;
76871;202200049944;725 099;A01;2;7;0;2;4;1;1;
76872;202200049945;725 084;Z01;1;7;0;1;0;0;0;
76873;202200049947;725 077;A01;3;32;0;1;2;3;1;
76874;202200049948;725 076;A01;1;33;0;2;2;18;1;
76875;202200049948;725 082;B01;1;7;0;2;2;16;1;
76876;202200049951;725 072;A01;0;7;12;2;6;11;1;
76877;202200049951;725 075;B01;0;50;12;2;1;0;3;
76878;202200049952;725 073;B01;2;15;0;2;2;12;0;
76879;202200049952;725 078;A01;2;7;0;2;6;1;2;
76880;202200049953;725 071;A01;1;7;0;1;1;1;1;
76881;202200049954;725 069;A01;1;10;0;1;2;1;1;
76882;202200049956;725 065;B01;1;33;1;2;1;1;1;
76883;202200049956;725 068;A01;1;7;0;2;5;2;1;
76884;202200049957;725 064;A01;1;7;0;1;1;1;1;
76885;202200049958;725 063;B01;0;7;0;2;6;12;0;
76886;202200049958;725 070;A01;0;7;0;2;2;1;0;
76887;202200049959;725 061;B01;1;7;0;2;6;2;1;
76888;202200049959;725 066;A01;1;33;0;2;1;2;1;
76889;202200049960;725 059;A01;3;7;0;2;1;20;1;
76890;202200049960;725 062;B01;3;30;14;2;1;23;1;
76891;202200049961;725 058;B01;1;32;0;2;1;1;1;
76892;202200049961;725 060;A01;3;10;0;2;3;26;1;
76893;202200049962;725 057;A01;1;33;0;0;3;1;1;
76894;202200049963;725 054;A01;1;7;0;1;2;1;0;
76895;202200049965;725 046;B01;2;7;0;0;4;23;1;
76896;202200049965;725 052;A01;2;1;0;2;1;2;5;
76897;202200049966;725 047;A01;1;7;0;2;6;2;1;
76898;202200049966;725 053;B01;1;15;0;2;2;12;1;
76899;202200049967;725 043;A01;2;7;0;2;3;15;1;
76900;202200049967;725 048;B01;2;30;0;2;1;1;1;
76901;202200049968;725 042;A01;1;7;0;2;2;1;1;
76902;202200049968;725 049;B01;1;1;0;2;1;1;5;
76903;202200049969;725 040;A01;3;33;0;2;8;18;1;
76904;202200049969;725 044;B01;3;7;0;2;7;16;1;
76905;202200049970;725 041;D01;2;17;0;2;6;2;1;
76906;202200049970;725 045;C01;2;10;0;2;6;2;1;
76907;202200049970;725 051;B01;2;7;0;2;4;2;1;
76908;202200049970;725 056;A01;2;7;0;2;1;1;1;
76909;202200049972;725 035;A01;1;7;2;0;1;1;1;
76910;202200049973;725 031;B01;1;7;0;2;2;2;1;
76911;202200049973;725 036;A01;1;7;0;2;7;19;1;
76912;202200049974;725 030;B01;2;33;0;2;7;3;1;
76913;202200049974;725 033;A01;2;7;0;2;5;2;1;
76914;202200049974;725 038;C01;2;7;0;2;8;11;1;
76915;202200049975;725 029;A01;1;7;0;2;8;22;1;
76916;202200049975;725 032;B01;0;1;0;2;1;2;5;
76917;202200049976;725 026;A01;1;50;1;0;1;0;3;
76918;202200049977;725 027;A01;0;7;8;0;1;0;1;
76919;202200049978;725 024;A01;3;7;0;2;4;1;1;
76920;202200049979;725 025;B01;2;7;0;2;4;2;1;
76921;202200049979;725 028;A01;2;13;0;2;1;2;1;
76922;202200049980;725 020;B01;1;1;1;0;8;0;5;
76923;202200049980;725 034;A01;1;7;9;2;1;26;1;
76924;202200049981;725 017;B01;2;34;0;2;2;17;1;
76925;202200049981;725 022;A01;2;7;0;2;3;15;1;
76926;202200049984;725 011;A01;1;7;0;2;6;10;1;
76927;202200049984;725 014;B01;1;33;0;2;1;1;1;
76928;202200049986;725 006;D01;2;7;0;2;0;0;1;
76929;202200049986;725 009;C01;2;7;1;0;4;23;1;
76930;202200049986;725 012;B01;2;7;3;0;6;2;1;
76931;202200049986;725 016;A01;2;7;0;2;2;3;1;
76932;202200049988;725 003;A01;2;7;0;9;2;20;1;
76933;202200049988;725 008;B01;2;50;0;2;1;1;3;
76934;202200049989;725 002;Z01;3;13;0;1;5;1;0;
76935;202200049990;725 000;B01;1;2;0;2;7;1;1;
76936;202200049990;725 005;A01;2;7;0;2;1;1;1;
76937;202200049991;724 995;A01;2;7;0;2;2;16;1;
76938;202200049991;724 999;B01;2;50;0;2;3;1;3;
76939;202200049992;724 992;A01;2;7;9;2;1;1;1;
76940;202200049992;724 998;B01;1;7;9;2;2;1;1;
76941;202200049993;724 990;D01;2;7;0;2;4;1;2;
76942;202200049993;724 993;C01;2;7;0;2;4;1;1;
76943;202200049993;724 997;B01;2;7;0;2;4;1;4;
76944;202200049993;725 001;A01;2;10;0;2;1;1;1;
76945;202200049994;724 987;A01;2;50;0;1;1;1;3;
76946;202200049995;724 986;A01;1;1;0;2;7;1;5;
76947;202200049995;724 991;B01;2;34;0;2;1;1;1;
76948;202200049996;724 988;B01;1;7;0;2;3;1;1;
76949;202200049996;724 989;A01;2;10;0;2;1;13;1;
76950;202200049997;724 994;B01;1;7;0;2;4;1;1;
76951;202200049997;724 996;A01;1;7;0;2;1;1;1;
76952;202200049998;724 985;A01;1;7;13;0;3;1;1;
76953;202200049999;724 982;A01;3;13;0;1;2;25;1;
76954;202200050000;724 981;Y01;1;50;1;0;1;1;3;
76955;202200050001;724 980;B01;1;15;0;2;6;23;1;
76956;202200050001;724 984;A01;1;33;0;2;1;14;1;
76957;202200050002;724 983;A01;3;7;12;0;1;16;1;
76958;202200050003;724 978;A01;3;30;0;1;1;17;1;
76959;202200050004;724 975;B01;2;33;0;2;7;1;1;
76960;202200050004;724 977;A01;2;38;0;2;5;15;1;1.0
76961;202200050005;724 974;A01;1;60;0;0;0;1;5;
76962;202200050006;724 973;A01;2;7;0;1;2;15;1;
76963;202200050008;724 971;A01;0;7;0;1;0;10;1;
76964;202200050009;724 970;B01;2;7;0;2;4;2;1;
76965;202200050009;724 972;A01;2;7;0;2;1;2;1;
76966;202200050010;724 965;A01;2;36;0;2;1;2;1;
76967;202200050010;724 969;B01;2;7;0;2;4;2;1;
76968;202200050011;724 964;A01;0;1;0;1;1;25;5;
76969;202200050013;724 966;A01;1;50;0;1;1;1;3;
76970;202200050014;724 961;A01;2;33;0;0;0;2;1;
76971;202200050016;724 959;A01;1;1;12;2;1;5;5;
76972;202200050016;724 960;B01;1;37;12;0;3;2;1;1.0
76973;202200050017;724 954;A01;3;7;0;1;1;20;1;
76974;202200050018;724 953;B01;1;33;0;2;1;1;0;
76975;202200050018;724 956;A01;1;7;0;2;3;9;0;
76976;202200050019;724 952;B01;1;7;0;2;3;1;1;
76977;202200050019;724 955;A01;1;15;0;2;2;12;1;
76978;202200050020;724 951;B01;1;10;0;2;4;2;1;
76979;202200050020;724 957;A01;1;30;0;2;1;2;1;
76980;202200050021;724 950;A01;1;7;0;1;2;16;1;
76981;202200050022;724 948;A01;2;7;0;2;3;1;1;
76982;202200050022;724 958;B01;1;7;0;2;3;13;2;
76983;202200050023;724 944;B01;2;15;0;1;3;0;0;
76984;202200050024;724 946;A01;3;10;0;2;3;0;1;
76985;202200050024;724 949;B01;3;32;0;2;1;1;1;
76986;202200050025;724 943;B01;2;7;0;2;4;2;1;
76987;202200050025;724 945;A01;2;7;0;2;1;1;1;
76988;202200050026;724 941;A01;2;7;1;0;3;9;1;
76989;202200050026;724 947;B01;2;30;0;2;1;1;1;
76990;202200050027;724 939;A01;2;10;0;2;3;1;1;
76991;202200050027;724 942;B01;1;37;0;2;3;1;1;1.0
76992;202200050028;724 938;B01;-1;7;0;0;1;1;1;
76993;202200050028;724 940;A01;-1;7;0;0;1;13;1;
76994;202200050029;724 933;A01;1;7;16;0;9;13;1;
76995;202200050030;724 930;A01;3;7;14;2;1;2;1;
76996;202200050030;724 936;B01;3;7;0;2;4;23;1;
76997;202200050031;724 932;B01;1;10;0;2;1;8;1;
76998;202200050031;724 937;A01;0;10;0;2;7;15;1;
76999;202200050032;724 929;A01;2;1;0;2;1;5;5;
77000;202200050032;724 934;B01;2;7;0;2;2;2;1;
77001;202200050033;724 927;A01;2;7;0;2;2;12;0;
77002;202200050033;724 931;B01;2;33;0;2;1;3;1;
77003;202200050033;724 935;C01;2;7;0;2;5;2;0;
77004;202200050034;724 925;B01;1;1;0;2;4;2;5;
77005;202200050034;724 928;A01;1;7;0;2;3;21;2;
77006;202200050037;724 922;A01;2;7;0;1;4;4;1;
77007;202200050038;724 921;A01;1;7;0;1;1;9;1;
77008;202200050039;724 919;B01;1;7;0;2;8;15;1;
77009;202200050039;724 923;A01;1;17;0;2;1;17;1;
77010;202200050040;724 916;B01;1;2;0;2;6;11;1;
77011;202200050040;724 917;A01;1;7;0;2;2;0;1;
77012;202200050041;724 914;A01;2;7;0;1;1;1;1;
77013;202200050042;724 912;A01;2;30;12;0;7;1;1;
77014;202200050043;724 911;A01;0;7;2;0;1;1;1;
77015;202200050044;724 907;B01;1;7;4;0;4;2;1;
77016;202200050044;724 910;A01;1;7;4;2;1;12;1;
77017;202200050045;724 908;A01;2;34;6;0;1;21;1;
77018;202200050045;724 913;B01;1;7;0;0;0;0;0;
77019;202200050046;724 906;A01;2;7;0;1;1;26;1;
77020;202200050047;724 904;A01;1;33;3;0;1;17;1;
77021;202200050048;724 902;B01;1;7;0;2;4;23;1;
77022;202200050048;724 905;A01;0;7;0;2;1;1;1;
77023;202200050049;724 899;A01;1;7;4;0;1;1;1;
77024;202200050050;724 901;A01;1;7;0;0;4;1;1;
77025;202200050050;724 909;D01;1;7;0;0;4;1;1;
77026;202200050050;724 915;E01;1;7;0;2;1;1;1;
77027;202200050050;724 918;F01;1;7;0;2;1;1;1;
77028;202200050050;724 926;C01;1;7;0;2;1;1;1;
77029;202200050052;724 897;B01;1;10;0;2;1;1;1;
77030;202200050052;724 900;A01;1;7;0;2;7;1;1;
77031;202200050053;724 896;A01;3;7;0;1;7;1;1;
77032;202200050054;724 894;A01;1;7;0;1;1;1;1;
77033;202200050055;724 890;A01;1;7;0;4;6;15;1;
77034;202200050055;724 895;B01;1;40;0;2;1;1;3;
77035;202200050056;724 887;A01;3;33;0;0;8;0;1;
77036;202200050057;724 888;B01;1;2;0;2;1;1;1;
77037;202200050057;724 891;A01;1;10;0;0;6;15;1;
77038;202200050058;724 886;A01;3;7;0;1;2;1;1;
77039;202200050059;724 885;A01;3;7;0;2;1;1;1;
77040;202200050059;724 889;B01;3;7;0;2;2;15;1;
77041;202200050060;724 882;A01;1;7;0;1;2;1;1;
77042;202200050061;724 881;B01;1;32;0;2;0;0;1;
77043;202200050061;724 884;A01;1;7;0;2;1;15;2;
77044;202200050062;724 878;A01;0;7;6;0;1;0;1;
77045;202200050063;724 877;A01;1;7;0;1;2;1;1;
77046;202200050064;724 873;B01;1;7;0;2;4;23;1;
77047;202200050064;724 879;A01;1;7;0;2;1;2;1;
77048;202200050065;724 876;B01;1;31;0;2;1;1;1;
77049;202200050065;724 880;A01;2;7;0;2;2;15;1;
77050;202200050066;724 871;A01;0;7;0;1;2;16;1;
77051;202200050067;724 868;D01;2;7;0;0;4;2;2;
77052;202200050067;724 875;C01;2;7;0;2;6;2;1;
77053;202200050067;724 883;B01;2;7;0;2;5;1;1;
77054;202200050067;724 893;A01;2;7;0;2;1;18;1;
77055;202200050068;724 867;A01;1;7;0;2;1;2;1;
77056;202200050068;724 870;B01;1;7;0;2;4;2;1;
77057;202200050068;724 872;C01;1;7;0;2;4;2;1;
77058;202200050068;724 874;D01;1;7;0;2;4;2;1;
77059;202200050069;724 865;A01;1;2;0;2;1;1;1;
77060;202200050069;724 869;B01;2;7;0;2;1;1;1;
77061;202200050070;724 863;A01;1;7;0;1;2;1;1;
77062;202200050071;724 864;A01;1;50;0;0;9;0;3;
77063;202200050074;724 858;A01;3;7;0;1;1;1;1;
77064;202200050075;724 854;A01;3;7;0;1;3;1;1;
77065;202200050076;724 851;A01;2;7;0;2;1;1;1;
77066;202200050076;724 855;B01;2;7;0;2;4;1;1;
77067;202200050076;724 859;C01;2;7;0;2;4;1;1;
77068;202200050077;724 850;B01;1;31;0;2;1;0;1;
77069;202200050077;724 853;A01;2;7;0;2;7;10;1;
77070;202200050078;724 849;A01;2;33;0;2;1;17;1;
77071;202200050078;724 852;C01;1;7;0;2;1;1;1;
77072;202200050078;724 857;B01;2;7;0;2;8;19;1;
77073;202200050079;724 847;A01;1;7;0;5;1;1;1;
77074;202200050080;724 846;A01;0;31;11;0;1;17;1;
77075;202200050081;724 844;A01;1;30;12;0;1;13;1;
77076;202200050082;724 843;B01;1;1;0;2;8;1;5;
77077;202200050082;724 845;A01;2;10;0;2;8;1;1;
77078;202200050083;724 840;A01;2;7;4;0;3;1;1;
77079;202200050084;724 838;B01;-1;33;0;2;1;1;1;
77080;202200050084;724 842;A01;3;7;0;2;5;1;1;
77081;202200050085;724 839;A01;2;31;0;2;1;1;1;
77082;202200050085;724 841;B01;2;21;0;2;2;9;1;
77083;202200050086;724 834;A01;1;10;13;0;0;0;1;
77084;202200050087;724 835;A01;1;7;0;2;1;2;1;
77085;202200050087;724 837;B01;1;7;0;2;4;2;1;
77086;202200050088;724 832;A01;2;7;0;2;3;19;1;
77087;202200050088;724 836;B01;1;33;0;2;1;1;1;
77088;202200050089;724 831;A01;1;7;6;0;2;2;1;
77089;202200050090;724 829;C01;2;1;0;0;4;23;5;
77090;202200050090;724 830;B01;2;7;0;2;4;23;1;
77091;202200050090;724 833;A01;2;10;0;2;1;26;1;
77092;202200050091;724 823;B01;1;1;0;2;4;2;5;
77093;202200050091;724 827;A01;1;7;0;2;2;2;1;
77094;202200050092;724 826;B01;1;7;0;2;2;15;1;
77095;202200050092;724 828;A01;2;31;0;2;1;1;1;
77096;202200050093;724 820;A01;1;7;0;2;1;15;1;
77097;202200050093;724 824;B01;2;33;0;2;3;1;1;
77098;202200050094;724 821;A01;1;7;0;1;2;1;1;
77099;202200050095;724 817;A01;1;7;0;2;3;1;1;
77100;202200050095;724 822;B01;2;2;0;2;1;1;1;
77101;202200050096;724 819;A01;1;7;0;2;0;0;1;
77102;202200050096;724 825;B01;1;7;0;2;0;0;1;
77103;202200050097;724 816;A01;2;0;0;1;1;26;0;
77104;202200050098;724 808;B01;2;10;1;0;2;1;1;
77105;202200050098;724 814;A01;1;7;0;0;3;24;1;
77106;202200050100;724 807;A01;2;30;0;2;1;1;1;
77107;202200050100;724 812;B01;2;33;0;2;8;23;1;
77108;202200050101;724 805;A01;3;7;8;0;2;16;1;
77109;202200050102;724 804;A01;0;7;0;2;2;15;1;
77110;202200050102;724 806;B01;0;1;0;2;1;1;5;
77111;202200050104;724 801;A01;1;33;0;6;1;1;1;
77112;202200050105;724 798;A01;0;32;0;1;1;17;1;
77113;202200050106;724 799;A01;2;7;0;1;1;16;1;
77114;202200050107;724 797;B01;3;1;0;2;1;1;5;
77115;202200050107;724 802;A01;3;7;0;2;3;19;1;
77116;202200050108;724 794;A01;2;33;0;0;7;16;1;
77117;202200050109;724 793;A01;2;7;0;2;2;13;1;
77118;202200050109;724 796;B01;1;7;0;2;2;21;1;
77119;202200050110;724 792;A01;3;7;3;0;0;1;2;
77120;202200050111;724 788;A01;1;30;7;0;1;1;1;
77121;202200050112;724 787;B01;3;30;0;2;2;0;1;
77122;202200050112;724 791;A01;3;7;0;2;3;1;1;
77123;202200050113;724 786;B01;3;33;0;2;6;1;1;
77124;202200050113;724 789;A01;3;7;0;2;2;15;1;
77125;202200050114;724 785;A01;2;7;16;0;3;1;1;
77126;202200050115;724 783;A01;3;7;0;1;1;2;0;
77127;202200050116;724 782;A01;1;30;0;9;1;1;1;
77128;202200050117;724 780;B01;2;1;0;2;7;8;5;
77129;202200050117;724 784;A01;2;37;0;2;1;1;4;1.0
77130;202200050118;724 778;B01;2;7;0;2;1;1;1;
77131;202200050118;724 781;A01;1;7;0;2;8;15;1;
77132;202200050119;724 775;A01;2;7;0;2;1;2;1;
77133;202200050119;724 779;B01;2;7;0;2;4;2;1;
77134;202200050120;724 773;A01;1;15;0;2;5;2;1;
77135;202200050120;724 776;B01;1;1;0;2;8;1;5;
77136;202200050121;724 772;A01;1;7;1;2;7;20;1;
77137;202200050121;724 777;B01;1;33;1;2;1;1;1;
77138;202200050123;724 770;A01;3;14;8;0;1;20;1;
77139;202200050124;724 769;A01;1;7;0;0;2;1;2;
77140;202200050125;724 768;A01;0;10;0;1;0;16;1;
77141;202200050126;724 764;A01;3;7;13;0;1;0;1;
77142;202200050127;724 763;A01;2;7;0;2;0;0;0;
77143;202200050127;724 767;B01;2;1;13;0;4;1;5;
77144;202200050128;724 761;B01;1;7;0;2;1;1;1;
77145;202200050128;724 766;A01;2;7;0;2;3;1;1;
77146;202200050129;724 759;A01;0;7;0;2;3;15;1;
77147;202200050129;724 765;B01;0;7;0;2;2;17;0;
77148;202200050130;724 762;A01;3;7;0;1;2;15;2;
77149;202200050131;724 758;A01;3;2;1;0;1;26;1;
77150;202200050132;724 757;B01;1;7;0;2;3;1;1;
77151;202200050132;724 760;A01;2;7;0;2;3;13;1;
77152;202200050133;724 756;A01;3;7;0;0;1;1;1;
77153;202200050134;724 755;A01;1;7;0;1;8;19;1;
77154;202200050135;724 751;A01;1;31;0;1;1;1;1;
77155;202200050135;724 753;B01;3;50;0;2;4;19;3;
77156;202200050136;724 752;A01;2;7;0;2;2;15;1;
77157;202200050136;724 754;B01;1;33;0;2;1;1;1;
77158;202200050137;724 749;A01;1;38;0;1;4;4;0;1.0
77159;202200050138;724 746;A01;0;33;6;0;1;0;1;
77160;202200050139;724 747;B01;1;7;0;2;1;1;1;
77161;202200050139;724 750;A01;1;2;0;0;4;1;1;
77162;202200050140;724 745;A01;1;33;12;0;3;16;1;
77163;202200050141;724 740;A01;0;7;6;0;3;1;1;
77164;202200050142;724 738;A01;1;33;5;0;8;26;1;
77165;202200050143;724 739;A01;1;7;0;2;8;10;1;
77166;202200050143;724 741;B01;1;34;0;2;1;17;1;
77167;202200050144;724 736;B01;3;7;0;2;1;1;1;
77168;202200050144;724 742;A01;3;7;2;2;1;13;1;
77169;202200050145;724 737;A01;0;7;6;2;7;1;1;
77170;202200050145;724 743;B01;0;7;0;2;8;23;1;
77171;202200050145;724 748;C01;0;7;0;2;7;23;1;
77172;202200050146;724 735;A01;2;7;0;1;3;15;1;
77173;202200050147;724 734;B01;1;32;0;2;6;2;1;
77174;202200050147;724 744;A01;1;10;0;2;1;2;1;
77175;202200050148;724 733;A01;2;7;6;0;7;1;1;
77176;202200050149;724 730;A01;1;7;0;2;3;0;1;
77177;202200050149;724 732;B01;2;2;0;2;1;0;1;
77178;202200050150;724 728;A01;1;7;0;1;1;1;1;
77179;202200050152;724 724;B01;2;3;0;2;2;15;1;
77180;202200050152;724 726;A01;2;34;1;2;1;21;1;
77181;202200050154;724 720;B01;3;2;0;2;2;13;1;
77182;202200050154;724 721;A01;3;7;0;2;3;15;1;
77183;202200050155;724 718;A01;3;1;0;0;8;1;5;
77184;202200050156;724 717;D01;2;7;0;2;4;2;1;
77185;202200050156;724 723;C01;2;7;0;2;4;2;2;
77186;202200050156;724 729;B01;2;7;0;2;4;2;2;
77187;202200050156;724 731;A01;2;13;0;2;1;14;6;
77188;202200050157;724 714;A01;3;7;0;1;3;1;1;
77189;202200050158;724 715;B01;2;7;0;2;3;15;1;
77190;202200050158;724 722;A01;1;7;0;2;8;1;1;
77191;202200050159;724 713;A01;2;10;0;2;3;9;1;
77192;202200050159;724 716;B01;2;33;0;2;7;1;1;
77193;202200050160;724 709;B01;3;33;0;2;1;1;1;
77194;202200050160;724 712;A01;3;7;0;2;3;15;1;
77195;202200050161;724 707;A01;0;7;0;1;1;1;1;
77196;202200050162;724 699;A01;2;7;0;2;1;13;1;
77197;202200050162;724 703;B01;1;7;0;2;8;1;1;
77198;202200050162;724 711;C01;1;7;0;2;1;2;0;
77199;202200050163;724 700;A01;1;43;0;2;3;11;1;