;Num_Acc;id_vehicule;num_veh;senc;catv;obs;obsm;choc;manv;motor;occutc
77200;202200050163;724 706;B01;1;33;0;2;7;3;1;
77201;202200050163;724 710;C01;1;7;0;2;7;1;1;
77202;202200050164;724 701;B01;0;7;0;2;1;1;1;
77203;202200050164;724 708;A01;0;31;0;2;7;1;0;
77204;202200050165;724 704;A01;1;7;6;0;1;1;1;
77205;202200050166;724 695;A01;1;7;16;0;9;14;1;
77206;202200050167;724 696;Z01;3;10;0;1;8;15;6;
77207;202200050168;724 694;A01;3;10;0;2;1;2;1;
77208;202200050168;724 697;C01;3;7;0;2;4;2;1;
77209;202200050168;724 698;B01;3;7;0;2;4;2;1;
77210;202200050169;724 690;B01;1;1;0;2;1;2;5;
77211;202200050169;724 692;A01;1;7;0;9;7;2;1;
77212;202200050170;724 687;A01;1;7;6;0;1;14;1;
77213;202200050171;724 686;B01;3;7;0;2;2;1;1;
77214;202200050171;724 691;A01;3;30;0;2;1;1;1;
77215;202200050172;724 685;B01;2;30;0;2;1;1;1;
77216;202200050172;724 693;A01;2;7;0;2;1;15;1;
77217;202200050173;724 682;B01;1;7;0;2;1;2;1;
77218;202200050173;724 688;A01;1;7;0;2;4;2;1;
77219;202200050174;724 683;A01;3;7;0;2;5;16;1;
77220;202200050174;724 689;B01;3;43;0;2;8;1;1;
77221;202200050175;724 677;B01;1;7;0;2;1;1;1;
77222;202200050175;724 681;A01;2;7;0;2;1;13;1;
77223;202200050176;724 678;B01;1;7;0;2;3;1;1;
77224;202200050176;724 684;A01;2;2;0;2;1;16;1;
77225;202200050177;724 676;A01;2;3;0;2;1;15;1;
77226;202200050177;724 680;B01;1;33;0;2;1;1;1;
77227;202200050178;724 675;A01;3;80;0;0;0;1;3;
77228;202200050179;724 670;A01;3;36;14;0;1;1;1;
77229;202200050180;724 671;A01;-1;7;0;2;1;9;0;
77230;202200050180;724 674;B01;-1;2;0;2;7;0;1;
77231;202200050181;724 667;A01;1;7;16;0;2;0;1;
77232;202200050183;724 668;B01;2;7;0;2;3;1;1;
77233;202200050183;724 673;A01;2;7;0;2;2;1;1;
77234;202200050184;724 669;A01;1;7;0;1;1;1;1;
77235;202200050185;724 665;A01;2;80;0;2;8;15;3;
77236;202200050185;724 666;B01;2;33;0;2;1;1;1;
77237;202200050188;724 660;A01;1;7;1;0;2;1;1;
77238;202200050189;724 658;A01;1;7;0;1;1;1;1;
77239;202200050190;724 655;A01;1;7;2;0;1;1;1;
77240;202200050191;724 656;Z01;0;7;9;2;1;5;1;
77241;202200050191;724 659;A01;0;30;8;2;1;2;1;
77242;202200050193;724 654;B01;2;7;0;2;2;14;1;
77243;202200050193;724 657;A01;2;2;0;2;3;7;3;
77244;202200050194;724 650;A01;0;7;0;0;4;23;1;
77245;202200050194;724 653;B01;0;2;14;0;1;2;1;
77246;202200050195;724 649;A01;0;7;0;1;3;0;1;
77247;202200050196;724 651;A01;3;33;16;0;7;16;1;
77248;202200050197;724 647;A01;2;7;2;0;1;0;1;
77249;202200050198;724 646;A01;1;7;1;0;1;1;1;
77250;202200050199;724 645;A01;1;7;0;2;4;12;1;
77251;202200050199;724 648;B01;1;14;0;2;2;1;0;
77252;202200050200;724 641;A01;2;7;0;1;3;1;2;
77253;202200050201;724 640;B01;0;7;0;2;3;1;1;
77254;202200050201;724 644;A01;0;7;0;2;6;13;1;
77255;202200050202;724 638;A01;2;7;2;0;1;1;1;
77256;202200050203;724 639;A01;0;33;0;0;0;26;0;
77257;202200050203;724 642;B01;3;10;0;0;3;15;0;
77258;202200050205;724 631;B01;2;7;0;2;4;2;1;
77259;202200050205;724 634;A01;2;31;0;2;1;2;1;
77260;202200050206;724 628;A01;1;7;0;2;2;15;1;
77261;202200050206;724 635;B01;2;33;0;2;2;1;1;
77262;202200050207;724 632;A01;0;7;0;1;3;16;1;
77263;202200050208;724 633;Z01;2;30;0;1;3;1;0;
77264;202200050209;724 630;A01;1;7;0;0;1;2;1;
77265;202200050210;724 627;B01;1;1;0;2;1;1;5;
77266;202200050210;724 629;A01;1;7;0;9;6;9;1;
77267;202200050211;724 625;A01;2;7;0;1;1;1;1;
77268;202200050212;724 626;B01;2;7;0;0;0;0;0;
77269;202200050212;724 636;A01;2;34;0;2;1;1;0;
77270;202200050213;724 621;A01;3;30;11;0;1;13;1;
77271;202200050214;724 616;A01;3;7;0;2;1;1;1;
77272;202200050214;724 622;B01;3;30;0;2;2;15;1;
77273;202200050215;724 618;A01;1;10;0;2;1;1;1;
77274;202200050215;724 620;B01;2;7;0;2;1;1;1;
77275;202200050216;724 615;A01;3;33;0;0;1;13;1;
77276;202200050217;724 619;B01;1;1;0;2;1;1;5;
77277;202200050217;724 623;A01;1;7;0;2;3;22;1;
77278;202200050219;724 609;A01;2;7;15;1;1;16;1;
77279;202200050220;724 607;B01;1;7;0;2;4;2;1;
77280;202200050220;724 611;A01;1;7;0;2;1;2;1;
77281;202200050221;724 606;A01;1;7;0;2;3;15;1;
77282;202200050221;724 608;B01;1;43;0;2;2;17;1;
77283;202200050222;724 605;B01;1;32;0;2;1;1;1;
77284;202200050222;724 610;A01;2;7;0;2;2;1;1;
77285;202200050223;724 604;A01;1;7;0;1;2;1;1;
77286;202200050224;724 603;A01;2;7;13;0;3;13;1;
77287;202200050225;724 597;A01;3;10;0;2;7;2;1;
77288;202200050225;724 599;B01;1;99;0;2;0;2;3;
77289;202200050226;724 592;A01;1;7;0;2;2;1;1;
77290;202200050226;724 602;B01;2;1;0;2;1;0;5;
77291;202200050227;724 593;A01;1;7;0;1;2;1;1;
77292;202200050228;724 595;A01;1;7;0;2;1;6;1;
77293;202200050228;724 601;B01;1;7;0;2;3;1;1;
77294;202200050229;724 591;A01;2;31;0;2;0;1;1;
77295;202200050229;724 596;B01;1;7;0;2;0;5;1;
77296;202200050230;724 590;A01;1;7;0;1;3;1;1;
77297;202200050232;724 589;B01;1;10;0;2;3;13;1;
77298;202200050232;724 594;A01;2;37;0;2;3;14;1;1.0
77299;202200050233;724 588;A01;1;33;13;0;4;1;1;
77300;202200050234;724 587;A01;1;7;9;0;7;14;1;
77301;202200050235;724 583;B01;1;43;0;2;1;5;0;
77302;202200050235;724 586;A01;2;7;0;2;2;15;1;
77303;202200050236;724 581;A01;2;7;3;0;1;1;1;
77304;202200050237;724 578;A01;1;7;0;2;1;1;1;
77305;202200050237;724 584;B01;2;7;0;2;3;6;1;
77306;202200050238;724 582;B01;1;31;0;2;1;2;1;
77307;202200050238;724 585;A01;1;33;0;2;4;23;1;
77308;202200050239;724 577;A01;2;7;8;0;8;1;1;
77309;202200050240;724 576;A01;0;7;0;2;2;2;1;
77310;202200050240;724 580;B01;0;2;0;2;0;2;1;
77311;202200050241;724 575;A01;1;7;0;2;2;26;1;
77312;202200050241;724 579;B01;0;7;0;2;3;15;1;
77313;202200050243;724 572;B01;2;15;0;2;5;17;1;
77314;202200050243;724 573;A01;2;7;0;2;1;1;1;
77315;202200050244;724 569;B01;2;37;0;2;1;1;1;2.0
77316;202200050244;724 574;A01;2;7;0;2;5;1;1;
77317;202200050245;724 568;A01;1;7;0;2;0;0;1;
77318;202200050245;724 570;B01;1;7;0;0;4;0;1;
77319;202200050246;724 567;A01;2;7;0;1;3;15;1;
77320;202200050247;724 565;A01;1;7;0;1;1;1;2;
77321;202200050248;724 566;A01;3;7;15;0;3;1;1;
77322;202200050249;724 562;A01;2;10;16;0;0;13;1;
77323;202200050250;724 559;A01;1;7;0;1;2;1;1;
77324;202200050251;724 560;A01;1;1;0;2;1;15;5;
77325;202200050251;724 564;B01;2;7;0;2;1;1;1;
77326;202200050252;724 556;A01;2;7;0;1;2;16;2;
77327;202200050253;724 557;C01;1;7;0;2;4;1;1;
77328;202200050253;724 561;B01;1;7;0;2;1;1;1;
77329;202200050253;724 563;A01;1;7;0;2;1;1;1;
77330;202200050254;724 554;B01;1;30;0;2;1;1;1;
77331;202200050254;724 558;A01;2;7;0;2;7;15;1;
77332;202200050255;724 551;A01;3;31;0;0;3;1;0;
77333;202200050256;724 552;A01;1;7;0;2;1;2;1;
77334;202200050256;724 555;B01;1;2;0;2;4;2;1;
77335;202200050257;724 548;B01;3;7;0;2;1;1;1;
77336;202200050257;724 553;A01;3;7;0;2;7;15;1;
77337;202200050258;724 545;B01;1;1;0;0;2;1;5;
77338;202200050258;724 549;A01;1;99;0;0;2;14;6;
77339;202200050259;724 544;A01;2;10;0;2;1;9;1;
77340;202200050259;724 550;B01;1;7;0;2;7;26;1;
77341;202200050260;724 543;A01;1;33;3;0;9;1;1;
77342;202200050261;724 539;B01;3;50;0;2;7;19;3;
77343;202200050261;724 547;A01;1;10;0;2;1;1;1;
77344;202200050262;724 538;C01;2;7;0;2;4;1;1;
77345;202200050262;724 541;B01;2;7;0;2;1;0;2;
77346;202200050262;724 546;A01;2;7;0;2;1;1;1;
77347;202200050263;724 537;A01;1;33;0;0;1;3;1;
77348;202200050263;724 542;B01;1;7;0;0;5;12;1;
77349;202200050264;724 536;A01;1;1;0;2;0;1;5;
77350;202200050264;724 540;B01;1;1;0;2;0;1;5;
77351;202200050265;724 534;A01;1;33;0;1;1;1;1;
77352;202200050266;724 530;C01;2;7;0;2;4;1;1;
77353;202200050266;724 533;B01;2;7;0;2;4;1;1;
77354;202200050266;724 535;A01;2;10;0;2;1;1;1;
77355;202200050267;724 527;A01;2;7;13;0;1;1;1;
77356;202200050268;724 528;A01;1;1;0;0;0;2;5;
77357;202200050268;724 532;B01;1;0;0;9;0;2;0;
77358;202200050269;724 524;Z01;2;7;0;1;0;0;1;
77359;202200050270;724 523;A01;2;7;0;0;3;10;2;
77360;202200050270;724 525;B01;2;7;0;0;2;13;1;
77361;202200050271;724 522;A01;3;99;0;2;3;15;1;
77362;202200050271;724 531;B01;3;1;0;2;1;16;6;
77363;202200050272;724 518;B01;2;7;0;2;1;1;1;
77364;202200050272;724 520;A01;1;15;0;2;1;13;1;
77365;202200050273;724 517;A01;3;7;0;0;8;9;1;
77366;202200050273;724 519;B01;3;30;0;2;7;1;1;
77367;202200050274;724 511;A01;1;7;0;2;1;1;1;
77368;202200050274;724 516;B01;2;7;0;0;3;1;1;
77369;202200050276;724 508;B01;1;7;0;2;0;1;1;
77370;202200050276;724 514;A01;1;7;0;2;1;1;1;
77371;202200050277;724 506;A01;2;7;0;2;3;15;1;
77372;202200050277;724 513;B01;2;60;0;2;1;1;5;
77373;202200050278;724 507;B01;0;1;0;0;0;0;5;
77374;202200050278;724 512;A01;0;99;0;9;1;0;1;
77375;202200050279;724 504;B01;1;2;0;2;5;15;1;
77376;202200050279;724 509;A01;1;2;0;2;1;1;1;
77377;202200050280;724 502;A01;1;21;0;0;0;1;1;
77378;202200050281;724 501;A01;1;7;0;1;1;15;2;
77379;202200050282;724 499;A01;1;7;0;1;1;1;2;
77380;202200050283;724 500;A01;3;7;0;1;3;1;1;
77381;202200050284;724 497;A01;0;10;0;1;1;16;0;
77382;202200050285;724 495;B01;3;7;0;2;7;1;1;
77383;202200050285;724 498;A01;3;7;0;2;8;20;1;
77384;202200050286;724 492;A01;0;7;0;1;2;7;1;
77385;202200050287;724 494;B01;1;37;0;2;2;1;1;1.0
77386;202200050287;724 496;A01;0;1;0;2;2;13;5;
77387;202200050288;724 489;B01;2;17;0;2;6;1;1;
77388;202200050288;724 491;A01;2;7;0;2;2;17;1;
77389;202200050289;724 487;A01;1;7;0;1;1;17;1;
77390;202200050290;724 490;B01;3;7;0;2;1;1;1;
77391;202200050290;724 493;A01;3;7;0;2;1;15;1;
77392;202200050291;724 488;A01;1;1;0;0;0;25;5;
77393;202200050292;724 503;A01;2;50;0;0;8;26;3;
77394;202200050292;724 505;B01;1;33;0;2;7;1;1;
77395;202200050293;724 485;A01;3;7;0;1;8;15;1;
77396;202200050294;724 483;A01;3;50;0;2;1;5;3;
77397;202200050294;724 486;B01;3;7;0;2;1;1;1;
77398;202200050295;724 482;A01;1;7;0;2;1;0;1;
77399;202200050295;724 484;B01;1;7;0;0;6;1;1;
77400;202200050296;724 481;A01;1;10;0;1;0;26;1;
77401;202200050297;724 480;A01;1;7;6;0;1;1;1;
77402;202200050298;724 478;A01;1;7;0;2;7;9;1;
77403;202200050298;724 479;B01;3;7;0;2;3;1;1;
77404;202200050299;724 471;B01;2;7;0;2;1;1;1;
77405;202200050299;724 477;A01;2;7;0;2;4;23;1;
77406;202200050300;724 473;A01;0;36;6;0;8;0;1;
77407;202200050301;724 470;B01;2;7;0;2;6;15;1;
77408;202200050301;724 476;A01;2;10;0;2;3;2;1;
77409;202200050302;724 469;A01;3;7;0;2;3;9;1;
77410;202200050302;724 474;B01;3;2;0;2;1;1;1;
77411;202200050303;724 466;A01;3;50;0;2;1;17;3;
77412;202200050303;724 472;C01;3;7;0;2;3;1;2;
77413;202200050303;724 475;B01;3;7;0;2;1;1;1;
77414;202200050304;724 465;Z01;3;33;0;2;1;1;0;
77415;202200050304;724 468;A01;3;7;0;2;2;15;1;
77416;202200050305;724 464;Z01;1;2;0;2;0;1;1;
77417;202200050306;724 460;A01;2;7;0;0;5;2;1;
77418;202200050306;724 463;B01;2;15;0;0;2;2;1;
77419;202200050307;724 459;A01;3;7;0;1;2;1;1;
77420;202200050309;724 453;B01;3;2;0;2;3;13;0;
77421;202200050309;724 461;A01;3;33;0;2;2;2;1;
77422;202200050310;724 452;B01;2;7;0;2;1;1;2;
77423;202200050310;724 457;A01;3;50;16;0;1;5;3;
77424;202200050311;724 458;B01;2;32;0;2;1;1;3;
77425;202200050311;724 462;A01;1;7;0;2;2;9;3;
77426;202200050312;724 451;A01;3;10;0;2;3;0;1;
77427;202200050312;724 455;B01;3;33;0;2;1;0;1;
77428;202200050313;724 448;B01;1;7;0;2;1;1;1;
77429;202200050313;724 454;A01;1;1;0;2;7;15;5;
77430;202200050314;724 446;A01;3;1;0;0;0;26;5;
77431;202200050315;724 442;A01;2;7;8;0;3;15;1;
77432;202200050315;724 447;B01;2;32;0;2;1;11;1;
77433;202200050316;724 443;B01;2;7;0;2;3;1;1;
77434;202200050316;724 449;A01;1;7;0;2;1;5;1;
77435;202200050318;724 440;A01;2;7;12;0;2;15;1;
77436;202200050320;724 439;A01;0;7;0;2;3;1;1;
77437;202200050320;724 444;B01;1;34;0;0;2;0;0;
77438;202200050321;724 434;A01;2;7;0;2;7;15;2;
77439;202200050321;724 437;B01;1;33;0;2;1;1;1;
77440;202200050322;724 431;B01;3;7;0;2;3;26;0;
77441;202200050322;724 436;A01;2;60;0;2;1;5;5;
77442;202200050323;724 430;B01;3;7;0;2;2;16;1;
77443;202200050323;724 435;A01;3;7;0;2;1;1;1;
77444;202200050324;724 432;A01;2;7;13;0;2;0;1;
77445;202200050325;724 428;A01;1;7;6;0;2;26;1;
77446;202200050326;724 429;B01;1;32;0;2;2;1;1;
77447;202200050326;724 433;A01;1;43;0;2;3;17;1;
77448;202200050327;724 422;A01;2;7;0;1;2;1;1;
77449;202200050328;724 420;A01;1;2;0;2;1;2;1;
77450;202200050328;724 426;B01;1;7;0;2;4;2;1;
77451;202200050329;724 425;A01;1;7;0;2;3;24;1;
77452;202200050329;724 427;B01;1;1;0;0;0;0;5;
77453;202200050330;724 418;A01;3;32;0;9;0;0;0;
77454;202200050330;724 424;B01;3;7;0;9;2;16;0;
77455;202200050331;724 417;A01;3;0;0;2;0;17;1;
77456;202200050331;724 421;B01;3;1;9;0;4;2;5;
77457;202200050332;724 416;B01;3;7;0;2;3;1;1;
77458;202200050332;724 423;A01;3;30;0;2;1;1;1;
77459;202200050333;724 414;A01;1;43;4;0;1;12;1;
77460;202200050334;724 415;A01;1;7;0;2;3;1;1;
77461;202200050334;724 419;B01;2;7;0;2;1;13;1;
77462;202200050335;724 412;A01;0;7;2;0;3;1;1;
77463;202200050336;724 409;B01;2;50;0;2;1;5;3;
77464;202200050336;724 413;A01;1;7;0;2;2;9;1;
77465;202200050337;724 408;A01;2;7;0;1;2;16;1;
77466;202200050338;724 406;B01;2;7;0;0;8;15;1;
77467;202200050338;724 411;A01;2;33;0;0;7;17;1;
77468;202200050339;724 404;A01;1;34;0;2;1;1;1;
77469;202200050339;724 410;B01;2;7;0;0;3;1;1;
77470;202200050340;724 402;A01;1;50;0;1;1;1;3;
77471;202200050341;724 405;A01;2;7;6;0;1;14;1;
77472;202200050342;724 401;B01;2;7;0;2;1;1;2;
77473;202200050342;724 407;A01;1;33;0;2;7;1;1;
77474;202200050344;724 398;A01;1;32;0;1;8;21;1;
77475;202200050345;724 397;A01;1;50;0;2;1;18;3;
77476;202200050345;724 400;B01;1;7;0;2;7;16;1;
77477;202200050346;724 396;A01;1;7;0;0;1;13;2;
77478;202200050347;724 393;A01;1;7;6;0;1;14;1;
77479;202200050348;724 390;B01;1;43;0;2;8;1;1;
77480;202200050348;724 394;A01;1;10;0;2;2;12;1;
77481;202200050349;724 391;B01;1;10;0;2;1;9;1;
77482;202200050349;724 395;A01;1;2;0;2;1;9;1;
77483;202200050350;724 387;B01;3;7;0;0;8;23;1;
77484;202200050350;724 392;A01;3;7;11;1;0;1;1;
77485;202200050351;724 385;A01;3;7;0;0;2;1;1;
77486;202200050352;724 384;B01;1;32;0;2;7;1;1;
77487;202200050352;724 389;A01;1;7;0;2;3;11;1;
77488;202200050353;724 382;A01;2;7;0;9;6;1;0;
77489;202200050353;724 383;B01;2;1;0;2;6;1;5;
77490;202200050354;724 380;A01;2;33;0;2;1;1;1;
77491;202200050354;724 386;B01;1;7;0;2;8;15;1;
77492;202200050355;724 377;A01;1;2;13;0;2;21;1;
77493;202200050356;724 374;A01;1;7;2;0;1;1;1;
77494;202200050357;724 373;A01;1;7;0;2;1;1;1;
77495;202200050357;724 378;B01;1;7;0;2;4;1;1;
77496;202200050358;724 372;A01;1;30;0;2;1;17;1;
77497;202200050358;724 381;B01;1;7;0;2;2;15;1;
77498;202200050359;724 371;A01;3;14;0;2;1;1;1;
77499;202200050359;724 375;B01;3;34;0;2;7;2;0;
77500;202200050360;724 365;A01;1;7;0;2;1;9;1;
77501;202200050360;724 367;B01;1;7;0;2;4;1;1;
77502;202200050360;724 370;C01;1;7;0;2;6;2;1;
77503;202200050361;724 364;A01;1;33;14;0;0;1;1;
77504;202200050362;724 366;B01;1;2;0;2;8;1;1;
77505;202200050362;724 369;A01;2;7;0;2;1;15;1;
77506;202200050363;724 360;E01;2;7;0;2;4;23;1;
77507;202200050363;724 363;D01;2;7;0;2;4;23;2;
77508;202200050363;724 368;C01;2;7;0;2;4;23;1;
77509;202200050363;724 376;B01;2;7;0;2;4;23;1;
77510;202200050363;724 379;A01;2;10;0;2;1;2;1;
77511;202200050364;724 357;A01;1;7;0;2;3;11;2;
77512;202200050364;724 362;B01;1;33;0;2;1;1;1;
77513;202200050365;724 354;B01;3;1;0;2;1;1;5;
77514;202200050365;724 358;A01;3;10;0;9;3;26;1;
77515;202200050366;724 353;A01;1;10;0;2;1;9;1;
77516;202200050366;724 359;B01;1;10;0;2;4;1;1;
77517;202200050366;724 361;C01;1;17;0;2;4;1;1;
77518;202200050368;724 349;A01;2;7;0;1;1;17;1;
77519;202200050369;724 351;B01;0;7;0;2;1;13;1;
77520;202200050369;724 356;A01;0;7;0;2;1;1;1;
77521;202200050371;724 345;A01;2;7;4;0;1;13;1;
77522;202200050372;724 343;B01;1;2;0;2;1;2;1;
77523;202200050372;724 347;A01;1;7;0;2;4;23;1;
77524;202200050373;724 346;Z01;2;34;0;1;1;1;0;
77525;202200050374;724 342;A01;1;7;1;1;2;21;1;
77526;202200050376;724 339;A01;2;7;13;0;1;9;1;
77527;202200050377;724 335;A01;2;7;0;2;1;19;1;
77528;202200050377;724 341;B01;2;7;0;2;7;1;1;
77529;202200050378;724 332;A01;2;7;0;2;1;2;1;
77530;202200050378;724 337;B01;2;7;0;2;4;2;1;
77531;202200050379;724 329;A01;3;7;0;9;7;16;1;
77532;202200050379;724 334;B01;3;1;0;2;8;15;5;
77533;202200050380;724 327;B01;1;7;0;2;3;15;2;
77534;202200050380;724 336;A01;1;32;11;2;1;1;1;
77535;202200050382;724 324;B01;-1;99;0;2;1;1;1;
77536;202200050382;724 328;A01;-1;7;0;2;1;5;1;
77537;202200050383;724 325;B01;1;7;0;2;4;1;1;
77538;202200050383;724 333;A01;1;7;0;2;1;2;1;
77539;202200050384;724 323;A01;1;7;0;4;9;15;1;
77540;202200050384;724 330;B01;1;40;0;2;3;1;1;
77541;202200050384;724 338;C01;2;40;0;2;3;1;1;
77542;202200050385;724 319;A01;1;7;0;2;1;1;1;
77543;202200050385;724 322;B01;1;7;0;2;4;23;1;
77544;202200050386;724 317;A01;1;32;12;0;1;14;1;
77545;202200050387;724 316;B01;2;7;0;2;1;1;1;
77546;202200050387;724 320;A01;1;7;0;2;1;15;1;
77547;202200050388;724 314;B01;3;1;0;2;3;19;5;
77548;202200050388;724 318;A01;1;10;0;2;2;16;1;
77549;202200050389;724 312;B01;1;33;0;2;3;1;1;
77550;202200050389;724 321;A01;2;10;0;2;7;15;1;
77551;202200050391;724 309;A01;3;30;0;2;2;15;1;
77552;202200050391;724 313;B01;3;7;0;2;8;1;1;
77553;202200050392;724 305;A01;1;36;6;0;1;0;1;
77554;202200050393;724 306;A01;2;7;0;2;8;11;1;
77555;202200050393;724 308;B01;2;33;0;2;7;1;1;
77556;202200050394;724 302;A01;3;10;0;2;3;2;1;
77557;202200050394;724 307;B01;3;17;0;2;5;1;1;
77558;202200050395;724 303;A01;1;7;0;1;2;16;1;
77559;202200050396;724 300;A01;2;7;0;1;2;1;1;
77560;202200050397;724 296;A01;2;7;0;2;2;16;1;
77561;202200050397;724 299;B01;2;1;0;2;1;2;5;
77562;202200050398;724 297;A01;2;7;13;0;2;0;1;
77563;202200050400;724 290;B01;2;14;0;2;2;1;1;
77564;202200050400;724 295;A01;2;7;0;2;3;9;2;
77565;202200050401;724 291;A01;1;7;0;1;2;16;1;
77566;202200050402;724 288;A01;3;2;0;2;7;1;1;
77567;202200050402;724 294;B01;3;7;0;2;3;15;1;
77568;202200050403;724 286;A01;2;50;0;2;1;1;3;
77569;202200050403;724 293;B01;2;32;0;2;8;1;1;
77570;202200050404;724 284;A01;3;7;8;0;2;1;1;
77571;202200050405;724 283;E01;2;7;0;2;4;2;1;
77572;202200050405;724 287;D01;2;7;0;2;4;2;1;
77573;202200050405;724 292;C01;2;7;0;2;4;2;1;
77574;202200050405;724 298;B01;2;7;0;2;4;2;1;
77575;202200050405;724 301;A01;2;7;0;2;1;2;1;
77576;202200050408;724 278;B01;1;7;0;2;4;23;1;
77577;202200050408;724 285;A01;1;7;0;2;1;2;1;
77578;202200050409;724 276;A01;1;31;0;1;1;1;3;
77579;202200050410;724 275;A01;2;43;0;2;1;3;1;
77580;202200050410;724 277;B01;2;10;0;2;6;11;1;
77581;202200050411;724 274;A01;1;33;0;6;1;1;1;
77582;202200050412;724 272;B01;2;7;3;1;4;23;1;
77583;202200050412;724 281;A01;2;17;1;0;2;2;1;
77584;202200050413;724 270;A01;2;7;0;1;1;1;1;
77585;202200050414;724 268;B01;1;7;0;2;3;0;1;
77586;202200050414;724 273;A01;2;30;0;2;1;9;1;
77587;202200050415;724 264;B01;2;2;0;2;8;1;1;
77588;202200050415;724 267;A01;2;7;0;2;7;14;1;
77589;202200050417;724 262;B01;0;7;0;0;4;0;1;
77590;202200050417;724 271;A01;1;7;0;2;0;0;0;
77591;202200050418;724 265;A01;1;50;0;2;7;11;3;
77592;202200050418;724 269;B01;2;50;0;2;8;1;3;
77593;202200050419;724 257;B01;2;7;0;2;1;2;1;
77594;202200050419;724 261;C01;2;15;1;0;4;2;6;
77595;202200050419;724 266;A01;2;7;0;2;1;2;2;
77596;202200050420;724 251;B01;0;10;1;2;1;1;1;
77597;202200050420;724 256;A01;0;10;1;2;3;15;1;
77598;202200050421;724 253;A01;1;10;0;1;1;1;1;
77599;202200050422;724 258;B01;1;7;0;2;3;2;1;
77600;202200050422;724 260;A01;1;33;0;2;1;2;1;
77601;202200050423;724 247;B01;1;31;0;2;1;1;1;
77602;202200050423;724 252;A01;1;7;0;2;5;12;1;
77603;202200050424;724 243;A01;2;7;13;0;1;14;1;
77604;202200050425;724 246;A01;2;7;0;2;2;9;1;
77605;202200050425;724 250;B01;1;50;0;2;1;1;3;
77606;202200050426;724 239;E01;1;7;0;2;4;1;1;
77607;202200050426;724 245;D01;1;7;0;2;4;1;1;
77608;202200050426;724 248;C01;1;10;0;2;6;1;1;
77609;202200050426;724 254;B01;1;10;0;2;4;1;1;
77610;202200050426;724 259;A01;1;15;0;2;1;2;1;
77611;202200050428;724 235;A01;2;7;4;0;8;2;1;
77612;202200050429;724 233;A01;3;7;0;2;2;26;1;
77613;202200050429;724 240;B01;3;7;0;2;3;26;1;
77614;202200050430;724 228;B01;2;2;0;2;1;1;1;
77615;202200050430;724 234;A01;1;7;0;2;2;15;1;
77616;202200050431;724 226;A01;1;30;0;2;1;15;1;
77617;202200050431;724 232;B01;1;37;0;2;3;1;2;1.0
77618;202200050432;724 223;A01;0;7;0;1;1;26;1;
77619;202200050433;724 222;A01;1;14;0;2;1;1;1;
77620;202200050433;724 227;B01;1;7;0;2;8;1;2;
77621;202200050433;724 231;C01;1;7;0;2;0;1;1;
77622;202200050433;724 236;D01;1;7;0;2;0;0;1;
77623;202200050433;724 238;E01;1;7;0;2;0;0;1;
77624;202200050433;724 244;F01;1;7;0;2;0;1;1;
77625;202200050434;724 220;A01;1;13;0;2;1;12;1;
77626;202200050434;724 224;B01;1;7;0;2;4;1;1;
77627;202200050434;724 229;C01;1;42;14;0;1;2;1;
77628;202200050435;724 216;B01;2;7;0;2;1;1;1;
77629;202200050435;724 225;A01;1;2;0;2;1;5;1;
77630;202200050436;724 217;B01;2;1;0;2;4;1;5;
77631;202200050436;724 221;A01;2;13;0;2;2;1;0;
77632;202200050437;724 214;A01;1;7;0;2;0;26;1;
77633;202200050437;724 218;B01;1;50;0;2;0;1;3;
77634;202200050439;724 210;A01;2;10;0;2;1;2;1;
77635;202200050439;724 213;B01;2;7;0;2;4;2;1;
77636;202200050440;724 207;A01;2;7;0;2;1;2;1;
77637;202200050440;724 212;B01;2;7;0;2;4;2;2;
77638;202200050441;724 211;A01;2;7;0;1;1;15;2;
77639;202200050442;724 202;A01;1;99;0;2;0;9;3;
77640;202200050442;724 206;B01;1;7;0;2;1;0;1;
77641;202200050443;724 198;B01;1;7;0;2;1;1;1;
77642;202200050443;724 205;Z01;1;7;0;2;7;26;1;
77643;202200050444;724 200;A01;3;21;0;2;1;19;1;
77644;202200050444;724 209;B01;1;7;0;2;1;1;1;
77645;202200050445;724 197;B01;1;7;0;2;4;2;1;
77646;202200050445;724 203;A01;1;7;0;2;1;1;1;
77647;202200050446;724 196;A01;1;33;0;2;2;3;1;
77648;202200050446;724 201;B01;1;7;0;2;6;1;1;
77649;202200050446;724 204;C01;1;10;0;2;7;1;1;
77650;202200050446;724 208;D01;1;10;0;2;5;1;1;
77651;202200050448;724 192;B01;2;7;0;2;4;2;1;
77652;202200050448;724 195;A01;2;7;0;2;1;1;1;
77653;202200050449;724 188;Z01;1;7;0;2;8;1;0;
77654;202200050449;724 191;B01;1;80;0;2;1;1;3;
77655;202200050450;724 187;B01;2;7;0;2;4;1;1;
77656;202200050450;724 193;A01;2;7;0;2;1;2;1;
77657;202200050451;724 184;B01;2;7;0;2;1;1;1;
77658;202200050451;724 190;A01;1;7;0;2;1;13;1;
77659;202200050452;724 183;B01;2;7;0;2;2;15;1;
77660;202200050452;724 189;A01;1;7;0;2;8;1;1;