;Num_Acc;id_vehicule;num_veh;senc;catv;obs;obsm;choc;manv;motor;occutc
77661;202200050453;724 181;B01;0;7;0;2;3;1;1;
77662;202200050453;724 186;A01;0;7;0;2;3;26;1;
77663;202200050454;724 180;B01;1;33;0;2;7;2;1;
77664;202200050454;724 185;A01;1;7;0;2;8;11;1;
77665;202200050455;724 174;A01;3;7;0;0;2;1;0;
77666;202200050457;724 172;A01;1;7;0;1;1;17;1;
77667;202200050458;724 170;C01;1;7;0;2;4;1;1;
77668;202200050458;724 175;B01;1;30;0;2;4;1;1;
77669;202200050458;724 177;A01;1;10;0;2;7;17;1;
77670;202200050459;724 171;Z01;1;7;0;0;0;19;0;
77671;202200050460;724 169;A01;1;7;3;0;1;13;1;
77672;202200050461;724 168;A01;1;7;0;2;1;2;1;
77673;202200050461;724 176;B01;1;7;0;2;9;2;1;
77674;202200050461;724 179;C01;1;7;0;2;4;2;1;
77675;202200050461;724 182;D01;1;7;0;2;4;2;1;
77676;202200050462;724 167;A01;2;21;13;0;1;1;1;
77677;202200050463;724 164;A01;1;7;4;2;9;21;1;
77678;202200050464;724 160;B01;2;10;0;0;3;15;1;
77679;202200050464;724 166;A01;1;7;0;0;6;16;1;
77680;202200050465;724 157;A01;2;30;14;1;7;21;3;
77681;202200050465;724 163;B01;2;7;0;2;5;21;1;
77682;202200050466;724 159;B01;0;32;0;2;1;1;1;
77683;202200050466;724 165;A01;0;7;0;2;2;9;1;
77684;202200050468;724 151;A01;2;7;0;1;2;0;1;
77685;202200050469;724 148;A01;1;7;0;2;2;14;1;
77686;202200050469;724 153;B01;1;7;0;2;6;0;1;
77687;202200050470;724 150;A01;2;30;0;2;2;17;1;
77688;202200050470;724 158;B01;2;7;0;2;3;2;1;
77689;202200050470;724 162;C01;2;7;0;2;6;2;1;
77690;202200050472;724 144;B01;1;2;0;2;8;1;1;
77691;202200050472;724 146;A01;1;80;0;2;8;9;3;
77692;202200050473;724 143;A01;1;1;0;1;3;1;5;
77693;202200050474;724 136;Z01;2;7;0;2;1;0;0;
77694;202200050474;724 142;A01;2;32;0;2;4;2;1;
77695;202200050475;724 135;A01;1;7;0;2;1;21;1;
77696;202200050475;724 140;B01;2;7;0;2;1;1;1;
77697;202200050475;724 145;C01;1;7;0;0;6;1;1;
77698;202200050476;724 131;A01;1;7;12;0;3;20;1;
77699;202200050477;724 133;D01;2;7;0;2;4;2;1;
77700;202200050477;724 141;C01;2;7;0;2;5;2;1;
77701;202200050477;724 147;B01;2;7;0;2;4;2;1;
77702;202200050477;724 155;A01;2;7;0;2;1;2;1;
77703;202200050478;724 129;A01;1;10;12;0;3;13;1;
77704;202200050479;724 128;A01;1;7;0;1;1;1;1;
77705;202200050480;724 127;A01;2;33;0;0;9;1;1;
77706;202200050482;724 125;A01;2;7;0;1;2;9;1;
77707;202200050483;724 119;C01;1;7;0;2;1;2;1;
77708;202200050483;724 124;B01;1;7;0;2;1;2;1;
77709;202200050483;724 126;A01;1;7;0;2;4;2;2;
77710;202200050484;724 121;A01;2;15;3;0;1;6;1;
77711;202200050485;724 115;A01;2;7;0;2;1;0;1;
77712;202200050485;724 123;B01;2;7;0;2;1;0;1;
77713;202200050486;724 117;B01;1;7;0;2;4;23;1;
77714;202200050486;724 120;A01;1;7;0;2;1;1;1;
77715;202200050487;724 116;B01;1;7;0;2;1;5;1;
77716;202200050487;724 122;A01;2;7;0;2;1;13;1;
77717;202200050488;724 112;B01;3;31;0;2;0;0;1;
77718;202200050488;724 113;A01;3;10;0;2;1;9;1;
77719;202200050489;724 110;A01;2;7;0;1;3;1;1;
77720;202200050490;724 105;B01;1;7;0;2;4;1;1;
77721;202200050490;724 109;A01;1;7;0;2;1;2;1;
77722;202200050491;724 107;A01;1;10;0;1;0;0;1;
77723;202200050492;724 104;A01;1;7;0;1;1;16;3;
77724;202200050493;724 103;A01;1;7;0;1;3;1;1;
77725;202200050494;724 102;A01;1;7;0;2;6;15;1;
77726;202200050494;724 108;B01;2;2;0;2;1;1;1;
77727;202200050495;724 101;A01;1;7;0;1;0;1;1;
77728;202200050496;724 100;A01;1;33;13;0;3;1;1;
77729;202200050497;724 099;A01;1;7;0;1;3;1;2;
77730;202200050498;724 096;A01;1;0;1;0;2;1;0;
77731;202200050499;724 095;A01;2;33;0;1;1;1;1;
77732;202200050500;724 093;A01;1;99;12;0;1;1;3;
77733;202200050501;724 090;A01;1;2;0;0;1;1;1;
77734;202200050502;724 092;B01;3;50;0;2;0;0;3;
77735;202200050502;724 097;A01;3;7;0;2;7;1;1;
77736;202200050503;724 089;A01;3;36;13;0;9;1;1;
77737;202200050504;724 084;A01;2;34;0;1;2;1;1;
77738;202200050505;724 080;B01;1;7;0;2;3;0;1;
77739;202200050505;724 086;A01;2;7;9;2;2;26;1;
77740;202200050506;724 079;A01;2;7;0;2;3;1;1;
77741;202200050506;724 088;B01;1;1;0;2;3;1;5;
77742;202200050507;724 078;A01;2;1;0;2;7;1;5;
77743;202200050507;724 085;B01;2;7;0;2;3;1;2;
77744;202200050508;724 077;A01;1;30;0;2;1;2;1;
77745;202200050508;724 082;B01;1;7;0;2;5;1;1;
77746;202200050509;724 076;A01;1;7;0;1;2;1;1;
77747;202200050510;724 083;A01;1;17;0;2;6;16;1;
77748;202200050510;724 087;B01;1;7;0;2;5;15;1;
77749;202200050510;724 091;C01;1;7;0;2;4;15;1;
77750;202200050511;724 075;B01;3;10;0;2;1;1;1;
77751;202200050511;724 081;A01;3;7;0;2;4;1;1;
77752;202200050513;724 068;B01;1;7;0;2;1;26;1;
77753;202200050513;724 073;A01;2;7;0;2;1;13;1;
77754;202200050515;724 071;A01;1;7;0;1;0;15;1;
77755;202200050516;724 065;A01;3;7;0;2;3;9;0;
77756;202200050516;724 069;B01;3;7;0;2;2;1;1;
77757;202200050516;724 074;C01;3;37;0;2;6;1;1;1.0
77758;202200050517;724 062;A01;1;30;0;0;0;1;1;
77759;202200050518;724 061;A01;2;7;0;2;3;13;1;
77760;202200050518;724 066;B01;1;7;0;2;6;1;1;
77761;202200050519;724 060;B01;1;10;0;2;2;1;1;
77762;202200050519;724 064;A01;2;1;0;2;2;19;5;
77763;202200050520;724 057;A01;2;7;0;2;1;15;1;
77764;202200050520;724 063;B01;1;7;0;2;3;26;1;
77765;202200050521;724 056;A01;1;7;0;1;7;1;1;
77766;202200050522;724 054;A01;3;1;3;0;2;1;5;
77767;202200050523;724 052;A01;1;7;0;1;3;15;1;
77768;202200050524;724 059;A01;2;1;14;0;1;26;5;
77769;202200050525;724 058;A01;2;7;0;1;1;1;0;
77770;202200050526;724 049;A01;1;7;13;0;0;1;1;
77771;202200050527;724 047;A01;1;32;0;2;8;1;1;
77772;202200050527;724 051;B01;1;2;0;2;1;1;0;
77773;202200050528;724 045;B01;1;38;0;2;7;5;1;6.0
77774;202200050528;724 050;A01;2;7;0;2;1;5;1;
77775;202200050528;724 053;C01;2;10;0;2;8;0;1;
77776;202200050529;724 055;A01;1;32;0;1;6;1;1;
77777;202200050530;724 042;A01;3;60;0;1;0;26;5;
77778;202200050531;724 041;B01;1;7;0;2;2;1;1;
77779;202200050531;724 043;A01;2;2;0;2;3;1;1;
77780;202200050532;724 040;B01;2;7;0;2;1;13;1;
77781;202200050532;724 044;A01;1;7;0;2;1;1;1;
77782;202200050533;724 038;A01;2;7;0;2;3;13;1;
77783;202200050533;724 046;B01;1;7;0;2;3;0;1;
77784;202200050534;724 036;B01;2;10;6;2;5;15;1;
77785;202200050534;724 039;A01;1;7;0;2;1;16;1;
77786;202200050535;724 035;A01;1;7;0;2;6;14;1;
77787;202200050535;724 037;B01;2;7;0;2;3;13;1;
77788;202200050536;724 034;A01;2;7;0;2;1;15;1;
77789;202200050536;724 048;B01;2;33;0;2;1;1;1;
77790;202200050537;724 031;A01;0;2;6;0;1;0;1;
77791;202200050538;724 029;A01;1;50;0;2;1;5;3;
77792;202200050538;724 032;B01;2;1;0;2;1;1;5;
77793;202200050539;724 030;A01;3;7;0;1;1;1;1;
77794;202200050540;724 027;B01;1;80;0;2;7;1;3;
77795;202200050540;724 033;A01;2;7;0;2;3;1;1;
77796;202200050541;724 025;A01;1;50;0;0;1;1;3;
77797;202200050542;724 023;B01;2;7;0;2;2;1;1;
77798;202200050542;724 028;A01;2;7;0;2;1;15;1;
77799;202200050543;724 022;A01;2;7;14;0;2;1;1;
77800;202200050544;724 020;A01;1;7;0;2;1;1;2;
77801;202200050544;724 024;B01;1;1;0;2;6;15;5;
77802;202200050545;724 018;B01;1;1;0;2;1;2;5;
77803;202200050545;724 026;A01;1;7;0;2;3;0;1;
77804;202200050546;724 015;A01;1;7;3;0;1;1;1;
77805;202200050547;724 016;A01;2;7;0;2;1;2;1;
77806;202200050547;724 021;B01;2;7;0;2;4;0;1;
77807;202200050548;724 014;B01;1;21;0;2;3;15;1;
77808;202200050548;724 019;A01;1;33;0;0;2;17;1;
77809;202200050549;724 013;A01;0;7;0;2;1;2;1;
77810;202200050549;724 017;B01;3;7;0;2;0;0;1;
77811;202200050551;724 010;A01;1;7;0;1;3;26;1;
77812;202200050552;724 009;B01;1;1;0;2;4;26;5;
77813;202200050552;724 011;A01;1;10;0;2;4;20;1;
77814;202200050554;724 004;A01;1;37;0;1;2;26;1;1.0
77815;202200050555;724 003;A01;2;7;0;2;1;1;1;
77816;202200050555;724 007;B01;1;2;0;2;1;1;1;
77817;202200050556;724 000;A01;1;7;1;1;1;26;1;
77818;202200050558;723 999;A01;0;32;0;1;1;26;1;
77819;202200050559;723 996;B01;3;14;0;2;8;19;1;
77820;202200050559;724 001;A01;2;7;0;2;1;1;1;
77821;202200050560;723 993;A01;1;7;1;2;2;2;1;
77822;202200050560;723 997;B01;1;2;0;0;0;0;1;
77823;202200050561;723 994;A01;3;7;0;2;6;1;1;
77824;202200050561;723 998;B01;3;31;15;2;1;25;1;
77825;202200050564;723 983;B01;3;7;0;2;5;1;1;
77826;202200050564;723 991;A01;3;33;0;2;1;1;1;
77827;202200050565;723 978;A01;1;10;0;1;2;1;1;
77828;202200050567;723 977;A01;2;7;0;1;0;1;0;
77829;202200050568;723 976;A01;3;7;0;2;8;15;1;
77830;202200050568;723 979;B01;3;2;0;2;1;1;1;
77831;202200050569;723 975;E01;1;10;0;2;4;2;1;
77832;202200050569;723 980;A01;2;14;0;2;3;2;1;
77833;202200050569;723 984;B01;2;10;0;2;1;2;1;
77834;202200050569;723 986;C01;2;7;0;2;4;2;1;
77835;202200050569;723 989;D01;2;7;0;2;4;2;1;
77836;202200050570;723 972;B01;3;1;0;2;2;19;5;
77837;202200050570;723 981;A01;0;7;0;9;1;1;1;
77838;202200050572;723 969;B01;1;33;0;2;1;1;1;
77839;202200050572;723 973;A01;1;7;0;2;3;15;1;
77840;202200050573;723 966;B01;0;33;0;2;1;1;1;
77841;202200050573;723 970;A01;0;7;0;2;3;26;1;
77842;202200050574;723 965;A01;3;7;2;0;1;1;1;
77843;202200050575;723 963;B01;1;7;0;2;1;2;0;
77844;202200050575;723 968;A01;0;99;0;2;4;2;0;
77845;202200050576;723 960;A01;2;1;0;2;0;9;0;
77846;202200050576;723 964;B01;2;7;0;2;0;0;1;
77847;202200050577;723 959;B01;2;7;0;2;1;1;1;
77848;202200050577;723 962;A01;1;7;0;2;5;13;1;
77849;202200050578;723 956;A01;2;7;0;2;3;13;1;
77850;202200050578;723 961;B01;1;7;0;2;3;1;1;
77851;202200050578;723 967;C01;1;7;0;2;3;1;2;
77852;202200050579;723 953;B01;2;7;0;2;4;1;1;
77853;202200050579;723 957;A01;2;10;0;2;1;1;1;
77854;202200050580;723 951;B01;2;80;0;2;1;1;5;
77855;202200050580;723 958;A01;1;7;0;2;2;15;1;
77856;202200050581;723 950;B01;2;1;0;2;1;1;5;
77857;202200050581;723 955;A01;1;7;0;9;2;15;1;
77858;202200050582;723 948;B01;0;7;8;2;1;0;1;
77859;202200050582;723 954;A01;1;7;0;2;1;26;1;
77860;202200050583;723 947;B01;1;1;1;0;1;0;5;
77861;202200050583;723 952;A01;1;10;0;0;8;22;1;
77862;202200050584;723 942;Y01;3;1;0;2;8;26;5;
77863;202200050584;723 946;A01;2;7;0;2;1;15;1;
77864;202200050585;723 943;A01;1;7;0;2;3;13;1;
77865;202200050585;723 944;B01;2;7;0;2;3;1;1;
77866;202200050586;723 939;A01;3;7;0;1;2;16;1;
77867;202200050587;723 936;A01;3;7;0;1;1;26;3;
77868;202200050588;723 935;A01;2;7;15;0;9;13;1;
77869;202200050589;723 934;A01;1;43;0;2;1;2;1;
77870;202200050589;723 940;B01;1;7;0;2;7;2;1;
77871;202200050590;723 937;B01;1;33;0;2;1;0;1;
77872;202200050590;723 941;A01;1;10;0;2;7;19;1;
77873;202200050591;723 931;A01;1;7;16;0;0;13;1;
77874;202200050592;723 933;B01;1;7;0;2;3;2;1;
77875;202200050592;723 938;A01;1;7;0;2;6;15;1;
77876;202200050593;723 923;A01;1;17;3;0;0;1;1;
77877;202200050594;723 922;A01;2;50;0;2;1;2;3;
77878;202200050594;723 928;B01;2;1;0;2;1;1;0;
77879;202200050594;723 932;C01;2;10;0;2;2;16;1;
77880;202200050595;723 918;B01;1;10;0;2;1;0;1;
77881;202200050595;723 927;A01;2;7;0;2;1;1;1;
77882;202200050596;723 917;B01;1;7;0;2;4;23;1;
77883;202200050596;723 924;C01;1;7;0;0;4;23;1;
77884;202200050596;723 929;Z01;1;7;0;2;1;2;1;
77885;202200050597;723 916;A01;2;7;0;2;1;13;1;
77886;202200050597;723 925;B01;1;7;0;2;6;1;1;
77887;202200050597;723 930;C01;1;7;0;2;1;1;1;
77888;202200050598;723 919;B01;2;30;0;2;1;1;3;
77889;202200050598;723 926;A01;1;7;0;2;3;15;1;
77890;202200050599;723 915;A01;1;7;0;2;3;1;1;
77891;202200050599;723 920;B01;2;7;0;2;3;1;2;
77892;202200050600;723 914;B01;2;37;0;2;2;1;3;2.0
77893;202200050600;723 921;A01;2;7;0;2;3;9;1;
77894;202200050601;723 911;A01;1;39;0;1;2;26;3;
77895;202200050603;723 906;A01;0;36;2;0;3;1;1;
77896;202200050604;723 904;A01;1;7;0;2;3;9;1;
77897;202200050604;723 910;B01;1;7;0;2;6;1;1;
77898;202200050606;723 905;A01;1;7;14;0;8;13;1;
77899;202200050607;723 901;A01;1;7;0;2;1;1;3;
77900;202200050607;723 909;B01;1;1;0;2;1;9;5;
77901;202200050608;723 900;B01;1;2;0;2;1;1;1;
77902;202200050608;723 903;A01;2;7;0;2;2;15;1;
77903;202200050610;723 899;A01;1;7;8;0;1;1;1;
77904;202200050611;723 892;A01;1;17;0;2;3;1;1;
77905;202200050611;723 898;B01;2;7;0;2;8;19;1;
77906;202200050612;723 890;A01;1;15;0;2;5;2;1;
77907;202200050612;723 895;B01;1;1;0;2;3;2;5;
77908;202200050614;723 888;B01;1;50;0;2;8;2;3;
77909;202200050614;723 893;A01;1;3;0;9;7;17;1;
77910;202200050615;723 884;B01;2;7;0;2;1;1;1;
77911;202200050615;723 889;A01;1;7;0;2;1;0;1;
77912;202200050617;723 881;A01;3;2;0;2;1;1;1;
77913;202200050617;723 885;B01;3;10;0;2;3;1;1;
77914;202200050618;723 887;A01;2;80;0;2;1;1;3;
77915;202200050618;723 894;B01;2;7;0;2;5;16;1;
77916;202200050619;723 877;B01;0;7;0;2;2;1;1;
77917;202200050619;723 880;A01;0;7;0;0;6;23;1;
77918;202200050620;723 875;A01;1;7;13;0;7;14;1;
77919;202200050621;723 873;A01;2;7;0;2;1;5;1;
77920;202200050621;723 878;B01;1;7;0;2;1;1;1;
77921;202200050622;723 868;B01;2;7;0;2;3;1;1;
77922;202200050622;723 874;A01;1;7;0;2;2;15;1;
77923;202200050623;723 871;A01;1;7;3;0;1;16;1;
77924;202200050624;723 869;A01;0;7;0;1;1;1;1;
77925;202200050625;723 867;D01;2;10;0;1;2;2;1;
77926;202200050626;723 865;A01;-1;7;2;0;1;1;1;
77927;202200050627;723 857;A01;1;7;0;2;2;9;1;
77928;202200050627;723 861;B01;1;10;0;2;5;1;1;
77929;202200050628;723 854;A01;1;33;0;0;0;0;1;
77930;202200050629;723 853;A01;3;7;0;2;1;15;1;
77931;202200050629;723 862;B01;3;33;0;2;8;15;1;
77932;202200050630;723 852;B01;2;7;0;2;6;7;1;
77933;202200050630;723 863;A01;2;7;0;2;1;1;1;
77934;202200050631;723 859;A01;1;34;0;2;1;2;3;
77935;202200050631;723 866;B01;1;10;0;2;2;2;1;
77936;202200050631;723 870;C01;1;7;0;2;6;2;3;
77937;202200050632;723 856;B01;0;33;0;2;1;1;1;
77938;202200050632;723 860;A01;0;7;0;2;1;15;1;
77939;202200050633;723 849;A01;2;17;1;0;1;1;1;
77940;202200050633;723 851;C01;2;17;0;0;0;23;1;
77941;202200050634;723 850;D01;3;1;0;2;7;19;5;
77942;202200050634;723 855;A01;1;7;0;2;1;1;1;
77943;202200050634;723 858;B01;3;1;0;2;5;19;5;
77944;202200050634;723 864;C01;3;1;0;2;0;0;5;
77945;202200050635;723 847;A01;1;7;1;0;2;1;1;
77946;202200050635;723 848;B01;1;7;0;2;8;0;1;
77947;202200050636;723 844;A01;1;7;8;0;1;1;1;
77948;202200050638;723 838;A01;2;7;2;0;9;1;1;
77949;202200050639;723 836;A01;2;7;0;1;1;15;1;
77950;202200050640;723 834;B01;3;7;0;2;0;0;1;
77951;202200050640;723 840;A01;3;33;0;2;3;1;1;
77952;202200050641;723 832;B01;2;7;0;2;2;20;1;
77953;202200050641;723 835;A01;2;33;0;2;1;26;1;
77954;202200050642;723 831;A01;1;7;0;2;3;2;1;
77955;202200050642;723 833;B01;1;7;0;0;5;2;1;
77956;202200050643;723 827;Z01;1;7;0;2;1;2;1;
77957;202200050643;723 830;A01;1;1;0;2;8;19;5;
77958;202200050644;723 823;A01;3;33;0;0;3;26;1;
77959;202200050645;723 819;A01;2;7;0;2;1;1;1;
77960;202200050645;723 826;B01;1;7;0;2;1;1;1;
77961;202200050646;723 818;A01;1;7;15;0;0;1;1;
77962;202200050647;723 816;B01;0;7;0;2;1;1;1;
77963;202200050647;723 824;A01;0;50;0;2;1;1;3;
77964;202200050648;723 817;A01;3;7;0;1;1;16;1;
77965;202200050649;723 812;B01;2;50;0;2;2;1;3;
77966;202200050649;723 822;A01;1;7;0;2;1;1;2;
77967;202200050650;723 811;A01;2;7;0;2;3;9;1;
77968;202200050650;723 815;B01;2;1;0;0;2;1;5;
77969;202200050651;723 809;B01;3;1;0;2;1;1;5;
77970;202200050651;723 814;A01;3;7;0;2;3;9;1;
77971;202200050652;723 805;A01;3;34;0;1;1;1;1;
77972;202200050653;723 803;F01;1;14;0;0;6;23;0;
77973;202200050653;723 807;E01;1;7;1;1;6;23;1;
77974;202200050653;723 813;D01;1;7;1;1;4;23;1;
77975;202200050653;723 820;C01;1;7;1;1;4;23;1;
77976;202200050653;723 825;B01;1;10;0;2;4;23;1;
77977;202200050653;723 829;A01;1;15;1;2;1;1;1;
77978;202200050654;723 797;A01;3;33;0;2;1;1;1;
77979;202200050654;723 806;B01;3;7;0;2;3;15;1;
77980;202200050655;723 796;A01;1;31;0;0;0;15;1;
77981;202200050656;723 795;C01;3;7;0;2;4;2;1;
77982;202200050656;723 801;B01;3;7;0;2;4;2;1;
77983;202200050656;723 804;A01;3;10;0;2;1;2;1;
77984;202200050657;723 793;A01;2;7;0;2;1;2;1;
77985;202200050657;723 799;B01;2;15;0;0;4;2;1;
77986;202200050658;723 791;A01;2;60;0;0;0;0;5;
77987;202200050659;723 789;A01;1;60;9;2;0;21;5;
77988;202200050659;723 800;B01;1;7;0;2;3;1;1;
77989;202200050660;723 790;A01;1;50;0;2;4;2;3;
77990;202200050660;723 798;B01;1;10;0;2;4;23;6;
77991;202200050661;723 788;B01;1;7;0;2;3;1;1;
77992;202200050661;723 794;A01;2;7;0;2;3;13;1;
77993;202200050662;723 786;A01;2;7;0;0;1;0;2;
77994;202200050662;723 787;B01;2;7;4;0;1;23;1;
77995;202200050662;723 792;C01;2;7;3;2;1;19;1;
77996;202200050663;723 782;B01;0;1;0;2;0;1;5;
77997;202200050663;723 785;A01;0;33;0;2;0;1;1;
77998;202200050665;723 776;A01;1;30;0;1;1;17;1;
77999;202200050666;723 778;A01;1;30;0;2;1;13;1;
78000;202200050666;723 783;B01;2;1;0;2;1;1;5;
78001;202200050668;723 770;A01;3;14;2;9;2;0;1;
78002;202200050669;723 771;A01;3;33;0;2;1;1;1;
78003;202200050669;723 774;B01;3;7;0;2;6;15;1;
78004;202200050670;723 769;B01;1;15;1;0;1;2;1;
78005;202200050670;723 773;A01;1;7;3;0;4;23;1;
78006;202200050671;723 764;A01;2;33;0;6;1;1;0;
78007;202200050671;723 767;B01;1;7;0;2;1;1;1;
78008;202200050672;723 766;B01;1;1;0;2;8;1;5;
78009;202200050672;723 777;A01;1;7;0;2;1;1;1;
78010;202200050673;723 761;A01;1;7;1;0;1;26;0;
78011;202200050674;723 762;A01;3;10;8;0;1;0;1;
78012;202200050675;723 756;A01;3;7;16;0;1;0;1;
78013;202200050677;723 754;A01;3;1;0;2;1;16;5;
78014;202200050677;723 759;B01;3;50;0;2;0;0;3;
78015;202200050678;723 755;A01;1;33;14;0;1;17;1;
78016;202200050678;723 757;B01;2;38;0;0;8;23;1;1.0
78017;202200050680;723 753;B01;1;7;0;2;2;15;1;
78018;202200050680;723 760;A01;3;7;0;2;3;19;1;
78019;202200050681;723 747;B01;0;33;0;2;1;1;1;
78020;202200050681;723 750;A01;0;7;0;2;3;15;1;
78021;202200050682;723 746;A01;1;10;0;2;7;19;1;
78022;202200050682;723 749;B01;2;7;0;2;3;1;1;
78023;202200050683;723 740;B01;1;15;0;2;6;9;1;
78024;202200050683;723 748;A01;2;7;0;2;1;1;1;
78025;202200050684;723 743;B01;2;7;0;2;3;15;1;
78026;202200050684;723 752;A01;1;30;0;2;7;1;1;
78027;202200050685;723 735;B01;2;1;0;2;1;1;5;
78028;202200050685;723 739;A01;1;7;0;9;8;15;1;
78029;202200050687;723 733;A01;1;7;0;2;8;1;1;
78030;202200050687;723 745;B01;1;7;0;2;1;1;1;
78031;202200050688;723 738;B01;2;33;0;2;1;1;1;
78032;202200050688;723 742;A01;1;7;0;2;2;15;1;
78033;202200050689;723 732;A01;3;7;0;1;4;4;1;
78034;202200050690;723 730;A01;1;7;1;0;2;14;1;
78035;202200050691;723 736;A01;3;7;1;0;2;14;1;
78036;202200050691;723 741;B01;3;7;1;0;2;26;1;
78037;202200050692;723 737;A01;3;7;1;2;8;20;1;
78038;202200050692;723 744;B01;3;80;0;2;1;1;3;
78039;202200050693;723 727;A01;1;7;7;0;1;1;1;
78040;202200050694;723 728;A01;1;10;0;1;2;15;1;
78041;202200050695;723 726;A01;1;7;3;0;1;12;1;
78042;202200050696;723 722;A01;1;7;0;1;2;1;1;
78043;202200050697;723 729;B01;3;33;0;2;1;26;1;
78044;202200050697;723 731;A01;3;7;0;2;6;10;1;
78045;202200050698;723 721;B01;1;7;0;2;6;1;1;
78046;202200050698;723 724;A01;2;7;0;2;3;1;1;
78047;202200050699;723 715;A01;3;7;0;2;8;15;1;
78048;202200050699;723 720;B01;3;2;0;2;7;17;1;
78049;202200050700;723 719;A01;1;7;0;2;8;10;1;
78050;202200050700;723 725;B01;1;7;0;2;1;1;2;
78051;202200050701;723 709;B01;3;7;0;2;1;1;1;
78052;202200050701;723 718;A01;3;7;0;2;3;19;1;
78053;202200050703;723 717;A01;2;7;0;2;1;2;1;
78054;202200050703;723 723;B01;2;1;0;2;4;2;5;
78055;202200050704;723 711;B01;1;7;0;2;1;9;1;
78056;202200050704;723 714;A01;2;7;0;2;8;9;1;
78057;202200050705;723 705;A01;2;7;1;2;5;24;1;
78058;202200050705;723 712;B01;2;33;1;2;1;1;1;
78059;202200050706;723 706;A01;1;7;0;2;3;13;1;
78060;202200050706;723 713;B01;2;10;0;2;3;1;1;
78061;202200050707;723 704;B01;2;33;0;2;3;13;1;
78062;202200050707;723 708;A01;1;7;0;2;3;1;1;
78063;202200050708;723 701;C01;2;10;0;2;4;23;1;
78064;202200050708;723 703;B01;2;7;0;2;2;1;1;
78065;202200050708;723 707;A01;2;7;1;2;1;18;1;
78066;202200050709;723 700;A01;2;7;6;0;3;19;1;
78067;202200050710;723 698;Z01;1;7;0;2;2;18;1;
78068;202200050710;723 702;A01;1;30;0;2;4;1;1;
78069;202200050712;723 689;A01;1;7;4;0;3;2;1;
78070;202200050713;723 692;A01;1;30;0;2;8;15;3;
78071;202200050713;723 696;B01;1;32;0;2;1;1;1;
78072;202200050714;723 690;B01;1;10;0;2;4;23;1;
78073;202200050714;723 695;A01;1;7;0;2;1;2;1;
78074;202200050715;723 688;B01;3;1;0;0;4;1;5;
78075;202200050715;723 691;A01;3;7;0;2;2;2;1;
78076;202200050716;723 686;A01;1;7;6;0;3;13;1;
78077;202200050717;723 685;Z01;1;30;0;1;0;7;1;
78078;202200050718;723 687;B01;1;7;0;2;4;2;1;
78079;202200050718;723 694;A01;1;1;0;2;1;2;5;
78080;202200050720;723 679;A01;1;7;0;2;1;1;1;
78081;202200050720;723 684;C01;1;7;0;2;2;1;1;
78082;202200050720;723 697;B01;1;17;0;0;6;1;1;
78083;202200050721;723 676;B01;1;17;0;2;7;17;1;
78084;202200050721;723 678;A01;1;7;3;2;1;21;1;
78085;202200050722;723 673;B01;1;33;0;2;7;3;1;
78086;202200050722;723 680;A01;1;7;0;2;1;19;1;
78087;202200050723;723 674;B01;1;7;1;0;6;23;1;
78088;202200050723;723 681;A01;1;7;14;0;2;1;1;
78089;202200050724;723 671;A01;2;7;1;2;2;1;1;
78090;202200050724;723 677;B01;2;10;0;2;6;23;0;
78091;202200050725;723 670;A01;2;7;0;2;2;1;1;
78092;202200050725;723 675;B01;1;7;0;2;5;15;1;
78093;202200050727;723 662;A01;3;3;0;2;3;1;1;
78094;202200050727;723 667;B01;3;2;0;2;3;1;1;
78095;202200050728;723 663;A01;1;13;0;0;2;15;1;
78096;202200050728;723 666;B01;2;31;0;0;1;1;1;
78097;202200050729;723 661;A01;3;7;0;2;7;10;1;
78098;202200050729;723 668;B01;3;2;0;2;1;1;1;
78099;202200050730;723 659;A01;1;7;0;2;5;16;1;
78100;202200050730;723 664;B01;1;30;0;2;1;2;1;
78101;202200050732;723 657;B01;1;7;0;2;7;1;1;
78102;202200050732;723 665;A01;1;32;0;2;8;11;1;
78103;202200050733;723 655;Z01;1;7;0;1;1;1;0;
78104;202200050735;723 656;B01;2;37;0;2;2;2;3;3.0
78105;202200050735;723 669;A01;2;7;0;2;4;2;2;
78106;202200050736;723 654;A01;2;7;6;2;8;1;1;
78107;202200050736;723 660;B01;2;14;6;2;1;1;0;
78108;202200050737;723 649;A01;3;7;0;6;1;1;1;
78109;202200050738;723 646;B01;1;1;0;2;4;1;5;
78110;202200050738;723 652;A01;1;7;0;2;1;2;1;
78111;202200050739;723 653;A01;2;10;2;0;3;13;1;
78112;202200050740;723 645;B01;2;7;0;2;4;23;1;
78113;202200050740;723 651;A01;2;7;0;2;1;2;1;
78114;202200050741;723 644;B01;1;7;0;2;1;1;1;
78115;202200050741;723 648;A01;2;10;0;2;1;13;1;
78116;202200050742;723 643;B01;2;33;0;2;1;1;1;
78117;202200050742;723 647;A01;1;7;0;2;8;15;1;
78118;202200050743;723 642;A01;1;2;0;0;1;1;1;
78119;202200050744;723 641;A01;3;37;0;1;7;7;1;1.0
78120;202200050745;723 639;A01;1;7;15;0;2;1;1;
78121;202200050746;723 636;A01;1;7;0;1;2;1;2;