;Num_Acc;id_vehicule;num_veh;senc;catv;obs;obsm;choc;manv;motor;occutc
78122;202200050747;723 634;B01;2;7;0;2;3;1;1;
78123;202200050747;723 638;A01;1;33;0;2;1;13;1;
78124;202200050748;723 633;B01;0;7;0;2;1;2;1;
78125;202200050748;723 637;A01;0;21;0;2;6;1;1;
78126;202200050749;723 635;B01;2;7;0;2;8;1;1;
78127;202200050749;723 640;A01;2;17;0;2;7;12;1;
78128;202200050750;723 631;A01;2;7;2;0;8;1;1;
78129;202200050751;723 626;A01;1;30;5;0;1;1;1;
78130;202200050752;723 624;A01;1;30;0;0;1;1;1;
78131;202200050752;723 630;B01;1;30;0;0;1;1;1;
78132;202200050753;723 621;A01;1;7;0;1;1;1;1;
78133;202200050754;723 619;A01;2;7;13;0;9;1;1;
78134;202200050756;723 620;Z01;1;7;0;0;4;2;0;
78135;202200050756;723 628;A01;1;31;12;2;2;2;1;
78136;202200050757;723 615;A01;1;7;0;2;1;1;1;
78137;202200050757;723 625;B01;2;10;0;2;1;15;1;
78138;202200050757;723 629;C01;2;7;0;2;1;1;1;
78139;202200050757;723 632;D01;2;7;0;2;1;23;1;
78140;202200050758;723 613;A01;1;33;0;0;3;15;1;
78141;202200050759;723 614;C01;1;7;0;0;4;23;1;
78142;202200050759;723 617;B01;1;7;0;2;4;2;1;
78143;202200050759;723 622;A01;1;10;0;2;1;2;1;
78144;202200050760;723 610;A01;1;1;0;1;1;25;5;
78145;202200050761;723 604;A01;1;7;15;0;1;1;1;
78146;202200050762;723 601;Z01;0;10;0;0;0;0;0;
78147;202200050762;723 607;A01;1;33;0;2;7;0;1;
78148;202200050763;723 598;A01;1;7;0;2;1;2;1;
78149;202200050763;723 612;B01;1;7;0;2;4;2;2;
78150;202200050763;723 616;C01;1;7;3;2;4;2;2;
78151;202200050763;723 627;D01;1;7;0;0;4;2;1;
78152;202200050764;723 599;B01;1;7;0;2;3;9;1;
78153;202200050764;723 605;A01;2;7;0;2;2;1;1;
78154;202200050765;723 596;A01;1;7;0;2;3;13;1;
78155;202200050765;723 603;B01;2;7;0;2;3;1;1;
78156;202200050766;723 594;A01;3;7;0;1;2;26;1;
78157;202200050767;723 591;B01;2;10;0;2;4;1;1;
78158;202200050767;723 597;D01;2;7;0;0;4;1;1;
78159;202200050767;723 602;C01;2;7;0;2;4;1;1;
78160;202200050767;723 608;A01;2;10;0;2;1;1;1;
78161;202200050768;723 595;A01;1;7;0;2;2;1;1;
78162;202200050768;723 609;B01;1;33;0;2;1;17;1;
78163;202200050769;723 593;D01;1;30;0;2;7;23;3;
78164;202200050769;723 600;C01;1;7;0;2;6;23;1;
78165;202200050769;723 606;B01;1;7;0;2;4;1;2;
78166;202200050769;723 611;A01;1;7;0;2;1;17;1;
78167;202200050770;723 588;A01;1;10;0;1;1;1;1;
78168;202200050771;723 587;A01;1;7;0;2;3;18;1;
78169;202200050771;723 590;B01;1;7;0;2;5;1;1;
78170;202200050772;723 585;B01;1;33;0;2;1;1;1;
78171;202200050772;723 589;A01;1;7;0;0;3;15;1;
78172;202200050773;723 586;A01;0;7;0;2;1;1;1;
78173;202200050773;723 592;B01;2;7;0;2;3;1;1;
78174;202200050774;723 583;A01;1;7;0;1;2;1;1;
78175;202200050775;723 581;A01;2;33;8;0;1;13;1;
78176;202200050776;723 580;B01;0;33;0;2;1;1;1;
78177;202200050776;723 584;A01;3;7;0;2;3;10;1;
78178;202200050778;723 574;A01;2;7;0;1;3;1;1;
78179;202200050779;723 571;B01;2;7;0;2;4;2;1;
78180;202200050779;723 579;A01;2;7;0;2;1;2;1;
78181;202200050780;723 570;A01;3;7;0;2;3;9;1;
78182;202200050780;723 575;B01;3;2;0;2;7;15;1;
78183;202200050781;723 568;A01;1;7;6;2;1;2;1;
78184;202200050781;723 573;B01;1;10;6;0;4;2;0;
78185;202200050782;723 569;A01;1;7;0;2;2;12;1;
78186;202200050782;723 572;B01;1;10;0;2;3;2;1;
78187;202200050782;723 578;C01;1;7;0;2;4;2;1;
78188;202200050782;723 582;D01;1;17;0;2;4;1;1;
78189;202200050783;723 567;B01;1;1;0;0;2;1;5;
78190;202200050783;723 576;A01;1;7;0;0;8;9;1;
78191;202200050784;723 566;A01;0;3;0;1;3;2;0;
78192;202200050785;723 561;A01;2;10;0;2;2;15;1;
78193;202200050785;723 565;B01;1;33;0;2;1;1;1;
78194;202200050786;723 560;A01;1;7;0;2;3;10;3;
78195;202200050786;723 564;B01;1;50;0;2;2;17;3;
78196;202200050787;723 555;B01;1;1;0;2;0;0;5;
78197;202200050787;723 563;A01;2;7;0;2;3;9;1;
78198;202200050788;723 553;A01;1;7;13;0;1;13;1;
78199;202200050789;723 556;A01;2;7;0;2;3;5;1;
78200;202200050789;723 562;B01;1;2;0;2;2;1;3;
78201;202200050790;723 554;A01;2;33;8;0;0;1;1;
78202;202200050791;723 550;A01;1;7;0;2;3;16;1;
78203;202200050791;723 557;B01;2;1;0;2;1;1;5;
78204;202200050792;723 548;C01;1;7;0;2;4;1;1;
78205;202200050792;723 551;B01;1;7;0;2;6;1;1;
78206;202200050792;723 558;A01;1;7;0;2;9;12;1;
78207;202200050793;723 549;C01;0;7;0;2;4;1;1;
78208;202200050793;723 552;B01;0;7;0;2;4;9;1;
78209;202200050793;723 559;A01;0;7;0;2;1;9;1;
78210;202200050794;723 546;A01;2;7;0;2;1;2;1;
78211;202200050794;723 547;B01;2;7;0;2;4;2;1;
78212;202200050795;723 545;A01;0;14;0;0;3;1;6;
78213;202200050796;723 538;A01;3;2;12;0;2;1;1;
78214;202200050797;723 537;B01;2;17;0;0;6;1;1;
78215;202200050797;723 542;A01;2;10;3;2;2;14;1;
78216;202200050798;723 540;A01;0;1;0;0;0;1;5;
78217;202200050799;723 536;B01;1;34;0;2;1;1;1;
78218;202200050799;723 543;A01;3;7;0;2;3;15;1;
78219;202200050800;723 532;B01;1;7;0;2;0;0;1;
78220;202200050800;723 534;A01;1;7;0;2;1;1;1;
78221;202200050801;723 533;B01;1;10;0;2;1;15;1;
78222;202200050801;723 544;A01;1;33;0;2;1;1;1;
78223;202200050802;723 529;A01;2;17;1;0;2;21;1;
78224;202200050803;723 528;B01;1;7;0;2;2;1;0;
78225;202200050803;723 535;A01;3;2;0;2;8;16;1;
78226;202200050804;723 527;A01;2;7;0;9;2;15;1;
78227;202200050804;723 531;B01;1;33;0;2;1;1;1;
78228;202200050805;723 525;A01;2;10;0;1;1;1;1;
78229;202200050807;723 518;B01;2;33;0;2;1;1;1;
78230;202200050807;723 521;A01;2;7;0;2;3;10;1;
78231;202200050808;723 523;A01;2;7;0;2;4;1;3;
78232;202200050808;723 526;B01;2;1;16;0;4;0;5;
78233;202200050809;723 515;A01;1;7;14;9;4;23;1;
78234;202200050809;723 520;B01;2;14;14;0;1;26;1;
78235;202200050810;723 517;A01;1;10;0;2;7;15;1;
78236;202200050810;723 522;B01;1;2;0;2;1;1;1;
78237;202200050811;723 512;B01;2;7;0;2;8;13;1;
78238;202200050811;723 519;A01;2;10;0;2;7;1;1;
78239;202200050812;723 513;A01;1;7;0;1;1;0;1;
78240;202200050813;723 510;A01;3;7;0;2;1;19;1;
78241;202200050813;723 516;B01;2;80;0;2;8;1;3;
78242;202200050814;723 511;A01;1;7;0;1;1;1;1;
78243;202200050815;723 508;A01;1;36;16;0;0;17;1;
78244;202200050816;723 509;A01;1;7;0;2;3;17;1;
78245;202200050816;723 514;B01;2;7;0;2;3;1;1;
78246;202200050817;723 507;A01;3;1;12;0;0;1;5;
78247;202200050818;723 506;A01;0;7;0;1;1;15;1;
78248;202200050819;723 503;A01;2;7;4;0;3;13;1;
78249;202200050820;723 498;A01;1;33;0;5;1;1;1;
78250;202200050821;723 494;B01;3;50;0;2;3;9;3;
78251;202200050821;723 502;A01;3;7;0;2;7;1;1;
78252;202200050823;723 492;A01;1;7;0;2;3;15;2;
78253;202200050823;723 497;B01;1;32;0;2;2;17;1;
78254;202200050824;723 496;B01;1;7;0;2;7;16;1;
78255;202200050824;723 500;A01;1;32;0;2;1;18;1;
78256;202200050825;723 491;B01;3;1;0;2;1;26;5;
78257;202200050825;723 495;A01;3;7;0;9;2;1;2;
78258;202200050827;723 488;B01;2;7;0;2;4;1;1;
78259;202200050827;723 490;A01;2;7;0;2;1;2;1;
78260;202200050828;723 486;A01;1;7;0;1;1;1;1;
78261;202200050829;723 482;A01;2;7;0;1;3;1;1;
78262;202200050830;723 481;A01;2;7;0;1;3;1;1;
78263;202200050831;723 476;B01;2;7;0;2;8;1;3;
78264;202200050831;723 484;C01;2;7;0;2;7;12;1;
78265;202200050831;723 487;A01;2;10;0;2;4;1;1;
78266;202200050832;723 480;A01;2;50;0;2;3;12;3;
78267;202200050832;723 485;B01;2;7;0;2;3;1;1;
78268;202200050833;723 477;A01;2;10;0;2;1;9;1;
78269;202200050833;723 483;B01;2;2;0;2;7;15;1;
78270;202200050834;723 473;B01;1;7;0;2;3;1;1;
78271;202200050834;723 478;A01;1;31;0;2;2;17;1;
78272;202200050835;723 471;A01;1;7;0;2;1;2;1;
78273;202200050835;723 475;B01;1;7;0;2;4;0;1;
78274;202200050836;723 472;B01;0;32;0;2;5;1;1;
78275;202200050836;723 479;A01;0;32;0;2;1;18;1;
78276;202200050837;723 469;B01;1;1;0;2;2;26;5;
78277;202200050837;723 474;A01;1;7;0;2;1;26;1;
78278;202200050838;723 468;A01;1;33;6;0;1;17;1;
78279;202200050839;723 467;A01;1;7;0;0;8;19;1;
78280;202200050839;723 470;B01;1;33;0;2;1;1;0;
78281;202200050840;723 457;B01;3;34;0;2;4;2;1;
78282;202200050840;723 463;A01;3;7;0;2;1;2;2;
78283;202200050841;723 456;A01;2;7;0;2;1;2;1;
78284;202200050841;723 462;B01;2;7;0;2;4;2;1;
78285;202200050841;723 466;C01;2;7;0;2;8;1;1;
78286;202200050842;723 453;B01;2;7;0;2;4;2;1;
78287;202200050842;723 464;A01;2;7;0;2;1;2;1;
78288;202200050843;723 451;A01;2;2;0;2;1;3;1;
78289;202200050843;723 458;B01;1;14;1;2;3;1;1;
78290;202200050843;723 465;Z01;2;10;0;2;8;1;1;
78291;202200050844;723 455;B01;1;50;0;2;1;3;3;
78292;202200050844;723 459;A01;1;7;0;2;1;2;1;
78293;202200050846;723 450;A01;3;7;0;1;3;0;1;
78294;202200050847;723 452;B01;1;7;0;2;4;24;1;
78295;202200050847;723 460;A01;1;31;0;2;1;1;1;
78296;202200050848;723 447;A01;1;7;4;0;1;17;1;
78297;202200050849;723 446;A01;1;7;1;1;5;20;1;
78298;202200050851;723 442;A01;1;10;0;2;1;1;1;
78299;202200050851;723 444;B01;2;50;0;2;2;19;3;
78300;202200050852;723 441;A01;2;7;0;0;9;1;1;
78301;202200050853;723 436;A01;3;7;0;2;1;2;1;
78302;202200050853;723 438;B01;3;60;0;0;4;0;5;
78303;202200050854;723 435;A01;3;7;8;2;1;19;1;
78304;202200050854;723 439;B01;3;99;0;-1;2;26;0;
78305;202200050855;723 434;A01;1;7;4;0;1;0;1;
78306;202200050856;723 449;B01;1;2;0;2;1;1;1;
78307;202200050856;723 461;A01;1;7;0;2;7;1;1;
78308;202200050857;723 432;B01;1;7;0;0;0;21;1;
78309;202200050857;723 437;A01;1;7;1;0;1;13;1;
78310;202200050858;723 433;B01;1;7;0;2;9;1;1;
78311;202200050858;723 440;C01;1;7;0;2;9;1;1;
78312;202200050858;723 445;A01;1;7;0;2;1;17;1;
78313;202200050859;723 430;B01;2;7;5;2;5;1;1;
78314;202200050859;723 448;A01;2;15;0;2;2;9;1;
78315;202200050860;723 428;A01;1;7;0;2;2;9;1;
78316;202200050860;723 431;B01;1;30;0;2;7;1;1;
78317;202200050861;723 427;A01;3;33;0;0;8;10;1;
78318;202200050862;723 425;B01;3;1;0;2;7;1;5;
78319;202200050862;723 429;A01;3;7;0;2;1;9;1;
78320;202200050863;723 422;A01;0;32;15;0;1;0;1;
78321;202200050864;723 421;A01;2;32;0;2;2;17;1;
78322;202200050864;723 423;B01;2;7;0;2;8;15;1;
78323;202200050865;723 418;A01;2;7;0;2;1;1;1;
78324;202200050865;723 424;B01;1;7;0;2;7;1;1;
78325;202200050866;723 415;C01;2;10;0;0;4;23;1;
78326;202200050866;723 416;B01;2;7;0;2;9;1;1;
78327;202200050866;723 420;A01;2;7;0;2;1;26;1;
78328;202200050867;723 414;A01;2;2;12;0;1;13;1;
78329;202200050868;723 413;B01;1;7;0;2;1;1;-1;
78330;202200050868;723 417;A01;1;7;0;2;4;1;-1;
78331;202200050869;723 411;D01;2;7;0;2;1;2;1;
78332;202200050869;723 419;C01;2;7;0;2;1;2;2;
78333;202200050869;723 426;B01;2;7;1;0;1;2;2;
78334;202200050870;723 410;A01;2;7;0;2;0;1;0;
78335;202200050870;723 412;B01;2;2;0;2;2;5;1;
78336;202200050871;723 406;A01;2;7;0;2;7;15;1;
78337;202200050871;723 408;B01;1;30;0;2;1;1;1;
78338;202200050872;723 405;A01;1;7;0;2;5;22;2;
78339;202200050872;723 409;B01;1;80;0;2;1;18;3;
78340;202200050874;723 395;B01;2;33;0;2;1;3;1;
78341;202200050874;723 399;A01;2;7;0;2;2;12;1;
78342;202200050875;723 397;B01;2;7;0;2;4;2;1;
78343;202200050875;723 402;A01;2;7;0;2;1;2;1;
78344;202200050876;723 394;A01;2;1;0;9;1;13;5;
78345;202200050876;723 400;B01;2;1;0;9;1;21;5;
78346;202200050877;723 393;A01;3;7;0;2;2;1;1;
78347;202200050877;723 404;B01;2;1;0;2;1;15;5;
78348;202200050878;723 392;B01;3;10;0;2;1;15;1;
78349;202200050878;723 398;A01;3;32;0;2;1;11;1;
78350;202200050879;723 391;A01;1;10;0;2;0;0;1;
78351;202200050879;723 396;B01;1;7;0;2;0;0;1;
78352;202200050879;723 401;C01;1;7;0;2;0;0;1;
78353;202200050880;723 387;B01;1;33;0;2;1;2;1;
78354;202200050880;723 389;A01;1;7;0;2;5;12;1;
78355;202200050881;723 386;B01;1;7;0;2;2;1;1;
78356;202200050881;723 390;A01;3;33;0;2;8;15;1;
78357;202200050882;723 380;A01;1;7;0;2;1;2;1;
78358;202200050882;723 385;B01;1;7;0;0;4;23;1;
78359;202200050883;723 379;B01;3;2;0;2;1;1;1;
78360;202200050883;723 383;A01;2;7;0;2;1;15;1;
78361;202200050884;723 378;A01;1;7;0;2;3;11;1;
78362;202200050884;723 382;B01;1;33;0;2;7;3;1;
78363;202200050885;723 376;C01;1;7;0;2;4;2;1;
78364;202200050885;723 381;B01;1;7;0;2;4;2;1;
78365;202200050885;723 388;A01;1;7;0;2;1;2;1;
78366;202200050886;723 374;B01;1;10;0;2;8;1;1;
78367;202200050886;723 384;A01;1;1;0;2;1;11;5;
78368;202200050887;723 371;A01;2;43;0;2;1;3;1;
78369;202200050887;723 373;B01;2;43;0;2;4;3;1;
78370;202200050887;723 375;C01;2;7;0;2;8;1;1;
78371;202200050887;723 377;D01;2;7;0;2;2;2;1;
78372;202200050888;723 372;A01;2;7;1;0;2;14;1;
78373;202200050889;723 369;A01;2;7;0;2;3;9;1;
78374;202200050889;723 370;B01;2;7;0;2;1;13;-1;
78375;202200050890;723 368;A01;2;7;0;0;3;12;1;
78376;202200050891;723 366;A01;2;7;0;1;1;1;1;
78377;202200050892;723 364;B01;1;33;0;2;1;1;1;
78378;202200050892;723 367;A01;2;7;0;2;2;15;1;
78379;202200050893;723 362;A01;2;7;0;2;1;1;1;
78380;202200050893;723 365;B01;2;7;0;2;4;2;1;
78381;202200050894;723 357;B01;1;7;1;2;4;2;1;
78382;202200050894;723 361;A01;1;7;0;2;1;2;1;
78383;202200050895;723 360;A01;1;33;4;0;8;13;1;
78384;202200050896;723 359;A01;1;7;0;2;2;1;1;
78385;202200050896;723 363;B01;3;7;0;2;0;0;1;
78386;202200050897;723 354;B01;2;10;0;2;5;2;1;
78387;202200050897;723 355;A01;2;43;0;2;3;13;1;
78388;202200050898;723 350;A01;2;7;0;2;1;15;1;
78389;202200050898;723 353;B01;1;1;0;2;8;9;5;
78390;202200050899;723 352;A01;3;30;11;0;0;0;1;
78391;202200050899;723 358;B01;3;7;0;2;1;1;1;
78392;202200050900;723 351;A01;2;7;0;2;1;11;1;
78393;202200050900;723 356;B01;2;10;0;2;4;1;1;
78394;202200050901;723 348;A01;3;32;0;1;1;13;0;
78395;202200050902;723 347;A01;1;32;0;0;8;1;1;
78396;202200050903;723 345;B01;1;31;0;2;0;1;1;
78397;202200050903;723 349;A01;1;7;0;0;0;9;1;
78398;202200050904;723 342;B01;3;7;0;2;4;1;1;
78399;202200050904;723 346;A01;3;7;0;2;1;1;1;
78400;202200050905;723 340;A01;1;33;0;0;2;1;1;
78401;202200050906;723 338;A01;1;1;0;9;1;1;5;
78402;202200050906;723 341;B01;2;99;0;9;1;1;3;
78403;202200050908;723 339;A01;3;1;0;2;1;1;5;
78404;202200050908;723 343;B01;3;7;0;2;8;15;1;
78405;202200050909;723 333;B01;1;7;0;2;1;1;1;
78406;202200050909;723 336;A01;2;7;0;2;1;17;1;
78407;202200050910;723 330;B01;2;80;0;2;7;15;3;
78408;202200050910;723 335;A01;1;7;0;2;3;9;1;
78409;202200050911;723 325;A01;1;10;0;1;1;16;1;
78410;202200050912;723 326;A01;1;7;0;2;2;15;2;
78411;202200050912;723 332;B01;1;7;0;2;1;1;1;
78412;202200050913;723 328;A01;3;80;0;0;1;1;3;
78413;202200050914;723 327;B01;1;1;0;2;1;1;5;
78414;202200050914;723 331;A01;2;7;0;2;2;15;1;
78415;202200050915;723 324;B01;3;7;0;2;4;23;1;
78416;202200050915;723 329;A01;3;7;0;2;1;1;1;
78417;202200050915;723 334;C01;3;15;0;2;3;23;1;
78418;202200050916;723 322;A01;1;10;6;1;1;20;1;
78419;202200050917;723 318;A01;2;7;0;1;3;1;1;
78420;202200050918;723 315;A01;1;7;1;0;2;14;1;
78421;202200050919;723 317;B01;1;50;0;0;1;1;3;
78422;202200050919;723 321;A01;1;7;0;9;1;16;1;
78423;202200050920;723 316;A01;1;1;0;2;8;13;5;
78424;202200050920;723 320;B01;1;7;0;2;7;1;1;
78425;202200050921;723 314;C01;1;7;0;2;4;1;1;
78426;202200050921;723 319;B01;1;7;0;2;1;1;1;
78427;202200050921;723 323;A01;1;7;0;2;1;1;1;
78428;202200050922;723 311;B01;2;1;0;2;1;12;5;
78429;202200050922;723 313;A01;1;1;0;2;1;11;5;
78430;202200050923;723 309;A01;3;1;0;2;7;1;5;
78431;202200050924;723 310;A01;1;32;0;2;5;1;1;
78432;202200050924;723 312;Z01;1;7;0;2;3;10;0;
78433;202200050925;723 307;A01;0;7;13;0;1;1;1;
78434;202200050926;723 305;A01;2;3;0;2;3;13;1;
78435;202200050926;723 308;B01;1;7;0;2;8;1;1;
78436;202200050927;723 303;B01;0;7;0;2;1;1;1;
78437;202200050928;723 302;B01;1;7;0;2;2;2;1;
78438;202200050928;723 304;A01;1;33;0;2;5;2;1;
78439;202200050929;723 301;B01;2;7;0;2;4;23;1;
78440;202200050929;723 306;A01;2;7;0;2;1;0;1;
78441;202200050931;723 299;Z01;2;50;0;1;1;25;3;
78442;202200050932;723 296;B01;1;33;0;2;0;0;1;
78443;202200050932;723 298;A01;1;7;0;2;3;13;1;
78444;202200050933;723 290;A01;1;33;1;0;0;26;1;
78445;202200050934;723 292;A01;3;1;0;2;1;0;0;
78446;202200050934;723 294;B01;2;7;0;2;3;1;1;
78447;202200050936;723 288;A01;2;1;0;0;0;21;5;
78448;202200050937;723 283;A01;2;7;0;1;1;1;1;
78449;202200050939;723 281;A01;2;50;0;0;0;26;3;
78450;202200050940;723 279;B01;1;33;0;2;1;1;1;
78451;202200050940;723 280;A01;2;13;0;2;7;15;0;
78452;202200050941;723 277;B01;3;33;0;2;8;1;1;
78453;202200050941;723 278;A01;3;10;0;2;2;12;1;
78454;202200050942;723 275;Z01;2;7;12;0;0;5;0;
78455;202200050942;723 276;B01;0;32;0;0;0;26;0;
78456;202200050943;723 273;B01;1;1;0;2;1;0;5;
78457;202200050943;723 274;A01;1;7;0;2;2;9;1;
78458;202200050944;723 271;B01;2;33;0;2;1;1;1;
78459;202200050944;723 272;A01;1;7;0;2;3;13;1;
78460;202200050945;723 269;B01;3;1;0;2;3;2;5;
78461;202200050945;723 270;A01;3;50;0;2;2;9;3;
78462;202200050946;723 268;A01;2;1;0;2;3;19;5;
78463;202200050946;723 284;B01;2;7;0;2;5;1;1;
78464;202200050947;723 267;A01;1;7;15;0;3;1;1;
78465;202200050948;723 265;A01;1;7;9;0;1;26;1;
78466;202200050949;723 264;A01;1;30;0;2;8;21;3;
78467;202200050949;723 266;B01;2;10;0;2;3;1;3;
78468;202200050951;723 287;A01;1;10;0;2;4;11;0;
78469;202200050951;723 289;B01;1;33;0;2;1;1;1;
78470;202200050952;723 261;A01;3;30;0;2;1;15;1;
78471;202200050952;723 263;B01;3;7;0;2;6;1;1;
78472;202200050954;723 258;B01;2;30;0;2;1;7;1;
78473;202200050954;723 259;A01;2;7;0;2;2;16;2;
78474;202200050955;723 257;B01;2;7;0;2;4;1;1;
78475;202200050955;723 285;A01;2;7;0;2;1;1;1;
78476;202200050956;723 255;A01;1;7;4;0;3;1;1;
78477;202200050957;723 253;A01;1;31;0;0;0;26;1;
78478;202200050958;723 252;A01;1;7;0;1;5;4;1;
78479;202200050959;723 251;B01;1;7;0;2;2;1;1;
78480;202200050959;723 256;A01;2;7;0;2;7;15;1;
78481;202200050960;723 249;A01;1;7;0;9;1;1;2;
78482;202200050960;723 254;B01;2;50;0;2;0;1;3;
78483;202200050961;723 248;A01;3;50;0;2;1;1;3;
78484;202200050961;723 250;B01;3;7;0;2;6;9;2;
78485;202200050962;723 245;A01;1;7;2;0;1;1;1;
78486;202200050963;723 244;A01;1;33;0;1;8;13;1;
78487;202200050964;723 242;Z01;1;7;0;2;0;3;0;
78488;202200050964;723 246;A01;1;7;0;2;6;1;2;
78489;202200050965;723 240;B01;3;32;0;2;1;1;1;
78490;202200050965;723 243;A01;3;7;0;2;5;16;2;
78491;202200050966;723 239;A01;1;33;16;0;3;0;1;
78492;202200050967;723 241;B01;2;7;0;2;4;23;1;
78493;202200050967;723 247;A01;2;30;0;2;1;1;3;
78494;202200050968;723 236;B01;1;7;0;2;1;0;1;
78495;202200050968;723 238;A01;1;1;0;2;0;0;5;
78496;202200050969;723 232;B01;2;17;0;2;4;2;1;
78497;202200050969;723 237;A01;2;17;0;2;1;2;1;
78498;202200050970;723 233;A01;1;2;1;1;1;1;1;
78499;202200050973;723 224;A01;1;43;0;2;7;3;1;
78500;202200050973;723 228;Z01;1;7;0;2;0;13;0;
78501;202200050974;723 223;B01;3;7;0;2;2;21;1;
78502;202200050974;723 226;A01;2;33;0;2;2;21;1;
78503;202200050975;723 218;A01;2;7;0;2;1;1;1;
78504;202200050975;723 221;B01;2;7;0;2;4;23;1;
78505;202200050976;723 214;B01;1;7;0;2;4;9;1;
78506;202200050976;723 219;A01;1;15;0;2;1;1;1;
78507;202200050977;723 215;B01;2;2;0;2;7;17;1;
78508;202200050977;723 220;A01;2;7;0;2;3;15;1;
78509;202200050978;723 213;D01;1;7;0;2;0;0;1;
78510;202200050978;723 217;C01;1;7;0;1;4;2;1;
78511;202200050978;723 222;B01;1;7;0;2;4;2;1;
78512;202200050978;723 225;A01;1;7;0;2;1;2;1;
78513;202200050979;723 212;A01;2;7;0;2;2;15;1;
78514;202200050979;723 216;B01;2;10;0;0;8;1;1;
78515;202200050980;723 211;A01;2;50;0;0;0;1;3;
78516;202200050981;723 210;Z01;2;7;0;1;7;1;0;
78517;202200050982;723 208;A01;1;36;0;2;0;26;0;
78518;202200050984;723 201;A01;1;7;0;2;3;1;1;
78519;202200050984;723 205;B01;1;33;0;2;1;1;1;
78520;202200050985;723 202;A01;3;2;0;1;1;1;1;
78521;202200050986;723 204;B01;2;7;0;2;1;1;1;
78522;202200050986;723 207;A01;1;7;0;2;1;13;1;
78523;202200050988;723 198;A01;1;7;0;2;1;13;1;
78524;202200050988;723 199;B01;2;17;0;2;3;1;1;
78525;202200050989;723 197;B01;1;1;1;0;1;1;5;
78526;202200050990;723 194;A01;1;7;0;2;1;19;1;
78527;202200050990;723 196;B01;2;32;0;2;8;1;1;
78528;202200050991;723 193;A01;1;10;0;1;2;1;1;
78529;202200050992;723 195;A01;1;33;0;0;8;21;1;
78530;202200050993;723 191;A01;1;7;0;2;7;15;1;
78531;202200050993;723 192;B01;2;43;0;2;1;1;1;
78532;202200050994;723 188;A01;2;2;0;0;0;0;1;
78533;202200050995;723 189;A01;1;7;2;0;3;1;1;
78534;202200050996;723 184;A01;1;7;0;0;9;13;1;
78535;202200050998;723 183;C01;1;7;0;2;3;1;0;
78536;202200050998;723 185;B01;2;2;0;2;4;15;0;
78537;202200050998;723 187;A01;2;7;0;2;3;1;0;
78538;202200050999;723 181;A01;2;7;0;2;3;15;2;
78539;202200050999;723 182;B01;2;7;0;2;3;1;1;
78540;202200051000;723 179;A01;2;10;0;1;3;1;1;
78541;202200051001;723 177;A01;3;7;0;2;4;2;1;
78542;202200051001;723 178;B01;3;7;0;2;4;16;1;
78543;202200051003;723 175;A01;3;1;0;5;0;1;5;
78544;202200051004;723 174;B01;1;15;1;0;6;0;1;
78545;202200051004;723 176;A01;1;32;1;2;7;18;1;
78546;202200051005;723 171;B01;3;7;0;2;1;1;1;
78547;202200051005;723 173;A01;3;7;0;2;1;5;1;
78548;202200051006;723 170;A01;1;50;0;0;0;21;3;
78549;202200051007;723 169;A01;3;80;0;0;1;0;3;
78550;202200051008;723 167;A01;1;7;5;0;0;1;1;
78551;202200051009;723 166;A01;3;7;0;1;8;15;1;
78552;202200051010;723 163;A01;0;7;0;1;3;1;1;
78553;202200051011;723 164;A01;1;7;0;2;5;15;1;
78554;202200051011;723 165;B01;2;30;0;2;1;1;1;
78555;202200051012;723 160;B01;2;2;0;2;1;1;0;
78556;202200051012;723 162;A01;1;7;0;2;2;15;0;
78557;202200051013;723 157;B01;2;7;0;2;3;1;1;
78558;202200051013;723 161;A01;2;7;13;2;7;17;1;
78559;202200051014;723 156;A01;2;7;1;0;3;14;1;
78560;202200051015;723 155;B01;1;7;0;0;0;15;1;
78561;202200051015;723 159;A01;2;1;0;0;0;21;5;
78562;202200051016;723 154;A01;1;2;0;2;1;5;1;
78563;202200051016;723 158;B01;2;7;0;2;1;1;1;
78564;202200051018;723 150;A01;3;7;0;1;3;20;1;
78565;202200051019;723 151;A01;2;7;1;0;5;1;1;
78566;202200051020;723 144;B01;1;7;0;2;6;15;1;
78567;202200051020;723 147;A01;1;30;0;2;3;1;1;
78568;202200051021;723 143;A01;2;33;0;2;0;1;1;
78569;202200051021;723 146;B01;1;34;0;2;2;1;1;
78570;202200051021;723 149;C01;2;7;0;2;3;1;1;
78571;202200051022;723 141;A01;2;33;0;2;2;17;1;
78572;202200051022;723 145;B01;2;7;0;0;6;15;1;
78573;202200051023;723 140;A01;1;7;0;1;6;20;1;
78574;202200051024;723 142;A01;1;43;0;2;1;0;1;
78575;202200051024;723 148;B01;1;7;0;0;5;0;1;
78576;202200051025;723 133;A01;1;33;0;0;1;1;1;
78577;202200051025;723 137;B01;2;10;0;0;2;15;1;
78578;202200051026;723 131;B01;2;10;0;2;1;1;1;
78579;202200051026;723 134;A01;2;7;1;2;7;1;2;
78580;202200051028;723 130;A01;1;31;8;2;1;17;1;
78581;202200051029;723 129;A01;1;7;0;0;0;14;1;