;Num_Acc;id_vehicule;num_veh;senc;catv;obs;obsm;choc;manv;motor;occutc
78582;202200051030;723 126;A01;2;7;1;2;7;1;1;
78583;202200051031;723 123;A01;1;7;0;2;3;1;1;
78584;202200051031;723 128;B01;1;1;0;2;6;1;5;
78585;202200051033;723 119;B01;3;2;0;2;8;6;3;
78586;202200051033;723 121;A01;1;7;0;2;8;1;1;
78587;202200051034;723 118;A01;1;7;0;2;1;1;1;
78588;202200051034;723 120;B01;1;7;0;2;8;10;1;
78589;202200051035;723 117;A01;3;7;11;1;3;15;1;
78590;202200051036;723 114;A01;3;2;0;2;6;1;1;
78591;202200051036;723 116;Z01;3;7;0;2;1;1;1;
78592;202200051037;723 115;A01;2;7;15;0;1;1;1;
78593;202200051038;723 110;A01;2;7;0;2;5;15;1;
78594;202200051038;723 112;B01;1;33;0;2;1;1;1;
78595;202200051039;723 108;B01;2;7;0;2;4;2;1;
78596;202200051039;723 111;A01;2;7;0;2;1;2;1;
78597;202200051041;723 109;A01;3;7;14;0;1;2;1;
78598;202200051041;723 113;B01;3;7;0;2;4;23;1;
78599;202200051042;723 106;A01;3;14;5;1;1;9;0;
78600;202200051043;723 103;B01;1;7;0;2;7;15;1;
78601;202200051043;723 105;A01;2;33;0;2;1;1;1;
78602;202200051044;723 101;A01;1;7;0;1;3;1;1;
78603;202200051044;723 104;B01;2;7;0;2;3;1;1;
78604;202200051045;723 099;B01;2;7;0;2;8;1;2;
78605;202200051045;723 102;A01;2;7;0;2;1;1;1;
78606;202200051046;723 095;A01;3;32;0;2;7;9;1;
78607;202200051046;723 098;B01;3;7;0;2;3;1;1;
78608;202200051047;723 096;A01;1;7;0;2;1;13;1;
78609;202200051047;723 100;B01;2;33;0;2;1;1;1;
78610;202200051048;723 091;B01;0;33;0;2;1;1;1;
78611;202200051048;723 094;A01;0;7;0;2;1;10;1;
78612;202200051049;723 090;C01;3;2;0;0;0;0;1;
78613;202200051049;723 093;B01;3;2;0;2;9;0;1;
78614;202200051049;723 097;A01;3;31;13;2;9;0;1;
78615;202200051050;723 089;A01;3;7;0;2;1;15;1;
78616;202200051050;723 092;B01;3;7;0;2;3;1;1;
78617;202200051051;723 083;A01;3;33;16;0;1;1;1;
78618;202200051052;723 085;A01;1;2;12;0;0;1;1;
78619;202200051053;723 082;A01;2;7;0;2;1;9;1;
78620;202200051053;723 087;B01;1;7;0;2;1;1;1;
78621;202200051054;723 086;A01;0;7;0;1;1;15;1;
78622;202200051055;723 084;A01;2;2;0;0;7;1;1;
78623;202200051055;723 088;B01;2;7;0;2;7;14;0;
78624;202200051056;723 079;A01;1;7;0;1;2;15;1;
78625;202200051057;723 078;A01;1;10;0;1;2;0;0;
78626;202200051058;723 077;A01;2;3;13;2;7;26;3;
78627;202200051058;723 080;B01;1;7;0;2;1;1;3;
78628;202200051059;723 074;A01;3;7;10;0;0;0;1;
78629;202200051060;723 073;A01;2;7;0;2;1;5;1;
78630;202200051060;723 081;B01;2;7;0;2;1;2;1;
78631;202200051061;723 072;A01;-1;7;0;2;6;9;1;
78632;202200051061;723 075;B01;-1;33;0;2;1;1;1;
78633;202200051062;723 076;A01;2;7;3;0;3;1;1;
78634;202200051063;723 071;A01;1;33;13;0;1;21;1;
78635;202200051064;723 068;A01;3;7;0;2;1;13;1;
78636;202200051064;723 070;B01;3;7;0;2;1;1;1;
78637;202200051066;723 066;A01;3;7;0;1;3;1;1;
78638;202200051067;723 064;B01;1;7;0;0;0;16;1;
78639;202200051067;723 067;A01;2;80;0;0;9;21;3;
78640;202200051068;723 058;A01;1;7;1;0;1;15;1;
78641;202200051069;723 059;A01;-1;7;0;1;7;1;2;
78642;202200051070;723 056;A01;1;7;0;2;3;1;1;
78643;202200051070;723 061;B01;1;10;0;2;2;1;1;
78644;202200051070;723 062;C01;0;1;0;2;1;25;5;
78645;202200051071;723 054;A01;1;3;6;0;1;14;1;
78646;202200051072;723 051;B01;1;7;0;2;1;1;1;
78647;202200051072;723 055;A01;1;7;0;2;9;1;1;
78648;202200051073;723 052;A01;3;7;0;1;5;20;1;
78649;202200051074;723 050;B01;1;14;0;2;4;2;1;
78650;202200051074;723 053;A01;1;10;0;2;1;2;1;
78651;202200051075;723 046;A01;3;7;0;1;2;14;1;
78652;202200051076;723 048;A01;2;10;0;2;7;16;1;
78653;202200051076;723 049;B01;2;1;0;2;1;1;5;
78654;202200051077;723 044;A01;2;20;0;1;6;1;1;
78655;202200051078;723 043;B01;0;7;0;2;1;1;2;
78656;202200051078;723 047;A01;0;30;0;2;8;15;3;
78657;202200051079;723 040;G01;2;17;0;2;3;1;1;
78658;202200051079;723 042;A01;1;7;4;2;3;1;1;
78659;202200051079;723 045;B01;1;17;4;2;6;13;1;
78660;202200051080;723 038;B01;0;50;0;2;0;19;3;
78661;202200051080;723 041;A01;0;2;0;2;0;1;1;
78662;202200051081;723 033;C01;1;7;0;0;4;2;1;
78663;202200051081;723 036;B01;1;10;0;2;4;2;1;
78664;202200051081;723 039;A01;1;7;0;2;1;1;1;
78665;202200051082;723 035;A01;1;1;0;1;8;1;5;
78666;202200051084;723 031;B01;1;33;0;2;1;3;1;
78667;202200051084;723 034;A01;1;7;0;0;6;15;1;
78668;202200051085;723 027;B01;3;7;0;2;2;2;1;
78669;202200051085;723 030;A01;3;80;0;2;3;11;3;
78670;202200051086;723 025;B01;1;7;0;0;5;2;1;
78671;202200051086;723 028;A01;1;30;0;2;1;2;1;
78672;202200051087;723 024;A01;1;7;0;2;3;15;1;
78673;202200051087;723 029;B01;2;1;0;2;1;1;5;
78674;202200051088;723 026;A01;0;7;1;0;3;0;1;
78675;202200051089;723 023;A01;1;7;0;1;2;15;1;
78676;202200051090;723 018;B01;3;7;0;2;2;16;1;
78677;202200051090;723 021;A01;3;1;0;2;1;1;5;
78678;202200051091;723 016;B01;3;7;0;2;7;9;1;
78679;202200051091;723 022;A01;3;7;0;2;1;9;1;
78680;202200051092;723 015;B01;2;2;0;2;0;0;1;
78681;202200051092;723 020;A01;1;7;0;2;1;1;1;
78682;202200051094;723 012;A01;1;7;3;0;1;1;1;
78683;202200051095;723 009;A01;2;7;0;1;3;15;1;
78684;202200051096;723 006;A01;3;30;0;2;1;2;1;
78685;202200051096;723 011;Z01;3;15;0;2;4;2;0;
78686;202200051097;723 007;A01;0;33;0;0;0;0;1;
78687;202200051097;723 010;B01;0;33;0;0;0;0;1;
78688;202200051098;723 004;A01;2;50;0;2;6;1;3;
78689;202200051098;723 008;B01;2;10;0;2;2;21;1;
78690;202200051099;723 005;A01;1;7;13;0;1;14;1;
78691;202200051100;723 001;A01;1;7;0;2;3;20;1;
78692;202200051100;723 003;B01;1;2;0;2;1;1;1;
78693;202200051101;723 000;A01;3;7;0;1;1;1;1;
78694;202200051102;722 998;A01;1;7;0;1;1;12;1;
78695;202200051103;722 997;A01;2;7;0;2;5;17;1;
78696;202200051103;722 999;B01;2;33;0;2;8;17;1;
78697;202200051103;723 002;C01;1;7;0;2;3;1;3;
78698;202200051104;722 996;A01;3;7;1;0;2;14;1;
78699;202200051105;722 992;B01;3;1;0;2;8;2;5;
78700;202200051105;722 995;A01;3;3;0;9;7;17;1;
78701;202200051106;722 991;B01;1;31;0;2;4;23;1;
78702;202200051106;722 994;A01;1;7;0;2;1;2;1;
78703;202200051107;722 989;B01;2;7;0;2;2;16;1;
78704;202200051107;722 993;A01;2;33;0;2;1;18;1;
78705;202200051108;722 988;B01;2;7;0;2;1;1;1;
78706;202200051108;722 990;A01;1;10;0;2;3;13;1;
78707;202200051109;722 987;A01;2;34;8;0;1;13;1;
78708;202200051111;722 981;A01;1;7;0;1;3;15;1;
78709;202200051112;722 980;A01;3;30;0;2;5;1;1;
78710;202200051112;722 984;B01;3;7;0;2;2;1;0;
78711;202200051113;722 982;A01;2;7;0;2;2;12;2;
78712;202200051113;722 985;B01;2;30;0;2;5;1;1;
78713;202200051114;722 979;A01;1;10;13;0;3;13;1;
78714;202200051115;722 974;A01;1;7;0;2;3;15;1;
78715;202200051115;722 977;B01;2;33;0;2;2;1;1;
78716;202200051117;722 971;A01;0;7;0;2;3;1;1;
78717;202200051117;722 973;B01;0;7;0;2;3;23;1;
78718;202200051118;722 972;B01;3;7;0;2;1;1;1;
78719;202200051118;722 976;A01;3;7;0;2;1;1;0;
78720;202200051119;722 968;B01;2;7;0;2;1;1;1;
78721;202200051119;722 970;A01;1;2;0;2;0;9;1;
78722;202200051120;722 969;A01;3;7;0;1;1;1;3;
78723;202200051121;722 967;A01;1;50;0;0;0;2;3;
78724;202200051122;722 962;B01;1;10;0;2;6;9;1;
78725;202200051122;722 965;A01;1;31;0;2;1;1;1;
78726;202200051123;722 963;A01;1;7;0;2;6;15;1;
78727;202200051123;722 966;B01;1;7;0;2;1;1;1;
78728;202200051124;722 961;A01;3;7;0;2;2;9;1;
78729;202200051124;722 964;B01;2;34;0;2;3;1;1;
78730;202200051125;722 960;A01;1;7;6;0;2;0;1;
78731;202200051126;722 958;A01;2;7;0;1;1;1;1;
78732;202200051127;722 957;A01;2;15;0;2;4;23;1;
78733;202200051127;722 959;B01;2;7;0;2;1;2;1;
78734;202200051128;722 955;A01;1;7;0;1;1;1;1;
78735;202200051129;722 951;A01;2;3;0;1;1;1;1;
78736;202200051130;722 942;A01;2;7;0;2;1;2;1;
78737;202200051130;722 945;B01;2;7;0;2;4;2;1;
78738;202200051131;722 943;B01;3;33;0;2;4;1;1;
78739;202200051131;722 946;A01;3;7;0;2;1;2;1;
78740;202200051132;722 939;A01;2;10;0;2;1;11;1;
78741;202200051132;722 941;B01;2;7;0;2;4;23;1;
78742;202200051132;722 944;C01;2;10;0;2;4;23;1;
78743;202200051133;722 940;A01;2;7;2;0;3;5;1;
78744;202200051134;722 938;A01;2;32;14;0;1;1;1;
78745;202200051135;722 935;A01;1;7;0;1;1;1;1;
78746;202200051136;722 934;A01;1;7;0;2;1;13;1;
78747;202200051136;722 937;B01;1;7;0;2;1;1;0;
78748;202200051137;722 932;A01;2;7;0;2;7;1;2;
78749;202200051137;722 936;Z01;2;33;0;2;1;9;0;
78750;202200051139;722 927;A01;2;7;0;2;1;2;1;
78751;202200051139;722 930;B01;2;7;0;2;4;1;1;
78752;202200051140;722 926;A01;1;2;0;2;1;1;1;
78753;202200051140;722 928;B01;1;7;0;0;6;15;1;
78754;202200051142;722 924;A01;1;33;0;2;1;3;1;
78755;202200051142;722 929;B01;1;33;0;2;8;3;1;
78756;202200051143;722 921;B01;2;7;0;2;4;1;1;
78757;202200051143;722 923;A01;2;7;0;2;1;2;1;
78758;202200051144;722 917;C01;1;15;0;0;6;2;1;
78759;202200051144;722 919;A01;1;7;0;2;7;2;1;
78760;202200051145;722 916;B01;1;1;0;2;8;1;5;
78761;202200051145;722 920;A01;1;7;0;2;2;14;2;
78762;202200051147;722 912;A01;1;37;0;1;1;1;1;1.0
78763;202200051148;722 909;A01;1;7;0;2;1;1;2;
78764;202200051148;722 913;B01;2;10;0;2;2;15;1;
78765;202200051149;722 907;A01;2;33;0;2;1;13;1;
78766;202200051149;722 911;B01;2;7;0;2;6;13;2;
78767;202200051151;722 903;B01;0;60;0;2;0;1;5;
78768;202200051151;722 906;A01;2;7;0;2;1;1;1;
78769;202200051152;722 901;A01;2;7;2;0;8;1;1;
78770;202200051153;722 902;A01;2;1;0;2;4;1;5;
78771;202200051153;722 905;Z01;2;7;0;2;3;1;1;
78772;202200051154;722 900;A01;1;7;0;2;1;3;1;
78773;202200051154;722 904;B01;1;7;0;2;3;1;1;
78774;202200051155;722 898;A01;1;10;0;1;1;2;1;
78775;202200051157;722 894;A01;2;7;0;0;7;1;1;
78776;202200051158;722 895;A01;2;7;0;2;2;21;1;
78777;202200051160;722 891;B01;1;7;0;2;1;1;1;
78778;202200051160;722 892;A01;2;7;0;2;4;13;1;
78779;202200051161;722 889;A01;3;1;14;0;7;14;5;
78780;202200051162;722 887;A01;2;32;0;2;8;2;1;
78781;202200051162;722 890;Z01;2;7;0;2;7;2;1;
78782;202200051163;722 886;B01;0;33;0;2;1;1;1;
78783;202200051163;722 888;A01;0;7;0;2;1;15;1;
78784;202200051164;722 885;A01;2;7;2;0;2;1;1;
78785;202200051165;722 882;B01;2;33;0;2;1;1;1;
78786;202200051165;722 883;A01;1;7;0;2;4;1;1;
78787;202200051167;722 879;A01;0;10;8;0;1;26;1;
78788;202200051168;722 878;B01;1;1;0;2;8;1;5;
78789;202200051168;722 880;A01;1;7;0;2;1;16;1;
78790;202200051170;722 875;A01;2;33;0;0;8;2;1;
78791;202200051171;722 877;A01;1;7;0;0;0;0;0;
78792;202200051171;722 884;B01;1;60;0;2;1;0;5;
78793;202200051172;722 873;Z01;0;7;0;2;2;15;1;
78794;202200051172;722 874;A01;2;30;0;2;2;1;1;
78795;202200051173;722 870;A01;1;1;0;0;3;0;5;
78796;202200051173;722 872;B01;2;0;0;2;0;2;0;
78797;202200051174;722 868;A01;1;7;0;2;1;21;2;
78798;202200051174;722 871;B01;2;7;0;2;1;0;1;
78799;202200051175;722 865;B01;1;10;0;2;1;1;1;
78800;202200051175;722 869;A01;2;7;0;2;3;5;1;
78801;202200051176;722 863;A01;1;7;0;2;3;15;1;
78802;202200051176;722 864;B01;2;33;0;2;3;1;1;
78803;202200051177;722 862;A01;3;30;0;0;8;1;1;
78804;202200051178;722 861;A01;1;33;0;0;7;9;1;
78805;202200051179;722 859;A01;0;33;2;0;0;2;1;
78806;202200051180;722 858;B01;3;1;0;2;7;1;5;
78807;202200051180;722 860;A01;3;7;16;2;3;16;1;
78808;202200051181;722 857;A01;3;7;0;1;1;1;1;
78809;202200051182;722 854;B01;2;7;14;2;8;21;1;
78810;202200051182;722 856;A01;1;7;0;2;3;13;1;
78811;202200051183;722 852;B01;1;7;0;2;4;1;1;
78812;202200051183;722 855;A01;1;7;0;2;1;1;1;
78813;202200051184;722 851;A01;2;7;0;2;3;13;1;
78814;202200051184;722 853;B01;1;7;0;2;3;1;1;
78815;202200051185;722 847;B01;2;10;0;0;7;16;1;
78816;202200051185;722 850;A01;2;7;0;2;3;2;1;
78817;202200051186;722 842;B01;0;7;0;0;0;0;1;
78818;202200051186;722 844;C01;0;17;0;0;0;0;1;
78819;202200051186;722 848;A01;0;30;0;2;3;1;1;
78820;202200051187;722 841;A01;2;31;6;0;0;13;1;
78821;202200051188;722 840;B01;1;7;0;2;7;26;0;
78822;202200051188;722 843;A01;1;33;0;2;1;26;0;
78823;202200051188;722 845;C01;1;7;0;2;3;26;0;
78824;202200051188;722 846;D01;1;7;0;2;4;26;0;
78825;202200051188;722 849;E01;1;7;0;2;4;26;0;
78826;202200051189;722 839;A01;0;7;0;1;0;0;1;
78827;202200051190;722 838;A01;2;7;6;0;1;13;1;
78828;202200051191;722 837;A01;2;50;0;0;1;1;3;
78829;202200051192;722 834;A01;1;10;0;1;3;1;1;
78830;202200051193;722 835;B01;1;1;0;2;3;1;5;
78831;202200051193;722 836;A01;1;7;0;2;2;17;1;
78832;202200051194;722 831;C01;2;7;0;2;4;1;1;
78833;202200051194;722 832;B01;2;7;0;2;4;1;1;
78834;202200051194;722 833;A01;2;7;0;2;1;1;1;
78835;202200051195;722 830;A01;3;7;2;0;6;13;1;
78836;202200051196;722 828;A01;2;10;0;2;7;17;1;
78837;202200051196;722 829;B01;2;14;0;2;3;1;1;
78838;202200051198;722 826;A01;1;7;0;1;2;1;1;
78839;202200051199;722 823;B01;1;13;0;2;5;1;1;
78840;202200051199;722 824;A01;1;7;1;2;1;1;1;
78841;202200051200;722 819;C01;0;37;0;2;8;1;1;1.0
78842;202200051200;722 821;A01;0;7;0;2;2;6;4;
78843;202200051200;722 822;B01;0;7;0;2;2;1;1;
78844;202200051201;722 816;B01;1;15;0;2;2;1;1;
78845;202200051201;722 818;A01;2;7;3;0;1;13;1;
78846;202200051202;722 817;A01;3;33;0;2;1;1;1;
78847;202200051202;722 820;B01;3;7;0;2;3;1;1;
78848;202200051203;722 815;B01;2;1;0;2;1;1;5;
78849;202200051205;722 811;B01;1;7;0;2;8;1;1;
78850;202200051205;722 814;A01;2;33;0;2;1;13;1;
78851;202200051206;722 808;C01;2;7;0;2;4;2;1;
78852;202200051206;722 810;B01;2;7;0;2;1;1;1;
78853;202200051206;722 812;A01;2;10;0;2;1;2;1;
78854;202200051207;722 809;A01;1;3;8;0;1;26;1;
78855;202200051208;722 807;A01;1;33;7;0;1;16;1;
78856;202200051209;722 804;A01;2;50;0;2;1;25;3;
78857;202200051209;722 806;B01;2;7;0;2;1;26;1;
78858;202200051211;722 802;B01;2;31;0;2;1;1;1;
78859;202200051211;722 803;A01;1;7;0;2;8;15;1;
78860;202200051212;722 800;A01;2;7;0;0;4;1;1;
78861;202200051212;722 801;B01;2;7;0;2;1;1;1;
78862;202200051213;722 797;B01;2;7;0;2;6;1;1;
78863;202200051213;722 798;A01;1;7;6;2;8;13;1;
78864;202200051214;722 796;A01;2;7;0;2;3;13;1;
78865;202200051214;722 799;B01;1;17;13;2;3;1;1;
78866;202200051215;722 793;A01;3;7;0;2;1;13;1;
78867;202200051215;722 795;B01;3;33;0;2;1;1;1;
78868;202200051216;722 792;A01;1;7;0;2;0;9;1;
78869;202200051216;722 794;B01;2;50;0;2;2;1;3;
78870;202200051217;722 789;B01;1;2;0;2;1;1;1;
78871;202200051217;722 791;A01;2;7;0;2;2;15;1;
78872;202200051218;722 787;B01;0;0;0;2;4;2;0;
78873;202200051218;722 788;A01;0;1;0;2;1;1;5;
78874;202200051219;722 786;B01;2;2;0;2;8;1;1;
78875;202200051219;722 790;A01;1;7;0;2;1;1;1;
78876;202200051220;722 783;B01;2;7;0;2;3;1;1;
78877;202200051220;722 784;A01;1;50;0;2;1;1;3;
78878;202200051221;722 782;B01;3;10;0;2;1;1;1;
78879;202200051221;722 785;A01;3;33;0;2;1;13;1;
78880;202200051222;722 781;A01;1;14;4;0;1;16;1;
78881;202200051223;722 779;A01;1;1;0;2;8;3;5;
78882;202200051223;722 780;B01;1;10;0;2;7;1;1;
78883;202200051224;722 778;A01;1;2;0;0;0;15;1;
78884;202200051225;722 777;Z01;1;30;0;1;1;1;1;
78885;202200051226;722 776;A01;2;1;8;0;1;13;5;
78886;202200051227;722 775;A01;1;7;4;0;9;16;1;
78887;202200051228;722 774;A01;2;10;0;1;2;1;1;
78888;202200051229;722 773;A01;2;10;6;0;1;1;1;
78889;202200051230;722 771;A01;3;7;0;2;5;2;1;
78890;202200051230;722 772;B01;3;7;0;2;3;0;1;
78891;202200051232;722 767;A01;2;15;0;2;3;1;1;
78892;202200051232;722 770;B01;1;7;0;2;1;13;1;
78893;202200051233;722 764;A01;3;7;0;2;2;15;1;
78894;202200051233;722 765;B01;3;33;0;2;1;17;1;
78895;202200051233;722 766;C01;3;7;0;2;3;1;1;
78896;202200051234;722 761;B01;1;7;0;2;3;1;1;
78897;202200051234;722 763;A01;2;2;0;2;1;13;1;
78898;202200051235;722 760;A01;3;7;0;1;1;1;0;
78899;202200051236;722 759;B01;3;30;0;2;1;1;3;
78900;202200051236;722 762;A01;3;7;0;2;2;15;1;
78901;202200051237;722 758;A01;3;7;13;0;0;0;1;
78902;202200051238;722 755;A01;1;7;0;1;5;20;2;
78903;202200051239;722 754;Z01;3;10;8;2;0;1;1;
78904;202200051239;722 757;B01;2;7;11;2;1;1;1;
78905;202200051240;722 753;B01;1;7;0;2;2;1;1;
78906;202200051240;722 756;A01;1;7;0;0;6;9;1;
78907;202200051242;722 749;A01;2;7;0;2;2;15;2;
78908;202200051242;722 751;B01;1;1;0;2;1;1;5;
78909;202200051243;722 746;A01;1;33;0;0;0;16;1;
78910;202200051244;722 745;A01;3;7;0;2;2;13;1;
78911;202200051244;722 747;B01;3;7;10;2;3;1;1;
78912;202200051245;722 744;A01;1;2;0;1;1;21;1;
78913;202200051246;722 742;A01;1;7;5;0;1;2;1;
78914;202200051247;722 740;A01;0;33;11;0;0;0;1;
78915;202200051248;722 741;A01;2;50;0;2;1;1;3;
78916;202200051248;722 743;B01;2;33;0;2;8;1;1;
78917;202200051249;722 739;A01;2;7;1;0;2;14;1;
78918;202200051251;722 735;A01;1;21;0;2;3;1;1;
78919;202200051251;722 738;B01;2;7;0;0;3;1;1;
78920;202200051252;722 734;B01;1;14;0;2;5;2;1;
78921;202200051252;722 737;A01;1;33;0;2;3;2;1;
78922;202200051253;722 732;A01;2;7;17;0;1;14;1;
78923;202200051254;722 730;B01;2;10;0;2;4;26;1;
78924;202200051254;722 733;A01;2;2;0;2;1;1;1;
78925;202200051255;722 729;A01;2;30;0;2;1;5;3;
78926;202200051255;722 731;B01;1;7;0;2;3;1;2;
78927;202200051256;722 726;A01;3;7;0;9;3;20;1;
78928;202200051256;722 728;B01;3;60;0;2;1;1;5;
78929;202200051257;722 725;B01;2;7;0;2;4;2;1;
78930;202200051257;722 727;A01;2;7;0;2;1;21;1;
78931;202200051258;722 721;B01;2;7;0;2;3;24;1;
78932;202200051258;722 723;A01;1;7;1;2;3;13;1;
78933;202200051259;722 719;A01;1;7;0;2;2;14;1;
78934;202200051259;722 722;B01;2;32;0;2;1;1;1;
78935;202200051260;722 720;B01;2;7;0;2;1;1;1;
78936;202200051260;722 724;A01;1;21;0;0;5;15;0;
78937;202200051261;722 715;B01;1;1;0;2;1;1;5;
78938;202200051261;722 717;A01;1;7;0;2;3;15;1;
78939;202200051264;722 710;A01;3;50;0;0;0;1;3;
78940;202200051265;722 709;B01;2;7;0;2;1;1;1;
78941;202200051265;722 711;A01;1;7;0;2;7;16;1;
78942;202200051266;722 708;A01;2;80;0;1;1;5;3;
78943;202200051267;722 707;A01;3;7;0;1;7;14;1;
78944;202200051268;722 706;A01;2;7;0;1;4;20;0;
78945;202200051269;722 703;A01;1;31;0;2;4;23;1;
78946;202200051269;722 705;Z01;1;7;0;2;7;2;0;
78947;202200051270;722 700;A01;1;7;0;2;3;0;1;
78948;202200051270;722 702;B01;2;33;0;2;1;1;1;
78949;202200051272;722 695;Z01;1;32;0;2;1;1;1;
78950;202200051272;722 699;A01;1;30;0;2;8;16;1;
78951;202200051273;722 696;B01;1;31;0;0;8;1;1;
78952;202200051273;722 698;A01;3;7;0;2;1;19;1;
78953;202200051275;722 692;A01;1;37;0;2;3;16;2;1.0
78954;202200051275;722 694;B01;1;2;0;2;3;16;4;
78955;202200051276;722 690;A01;1;7;0;0;3;1;1;
78956;202200051276;722 693;B01;1;7;0;0;2;19;1;
78957;202200051277;722 688;A01;2;1;0;0;0;1;5;
78958;202200051278;722 689;A01;1;31;0;2;0;18;1;
78959;202200051279;722 687;A01;2;33;0;0;1;1;1;
78960;202200051280;722 686;A01;2;7;4;0;1;1;1;
78961;202200051281;722 683;A01;2;7;0;2;1;15;1;
78962;202200051281;722 685;B01;1;50;0;2;8;1;3;
78963;202200051282;722 682;A01;2;7;0;2;7;12;1;
78964;202200051282;722 684;B01;2;34;0;2;8;1;1;
78965;202200051283;722 681;A01;2;7;2;0;3;0;1;
78966;202200051284;722 678;A01;1;7;0;2;2;14;1;
78967;202200051284;722 679;B01;1;7;0;2;8;1;0;
78968;202200051286;722 675;B01;2;7;13;2;5;1;1;
78969;202200051286;722 676;A01;2;7;4;2;3;11;1;
78970;202200051287;722 672;A01;2;7;0;2;8;22;1;
78971;202200051287;722 673;B01;2;30;0;2;1;1;1;
78972;202200051288;722 671;B01;1;10;0;2;4;1;1;
78973;202200051288;722 674;A01;1;33;0;2;1;2;1;
78974;202200051289;722 668;B01;1;7;0;2;1;1;1;
78975;202200051289;722 670;A01;2;7;0;0;1;5;1;
78976;202200051290;722 667;A01;1;32;4;0;0;16;1;
78977;202200051292;722 665;A01;2;7;1;0;1;1;1;
78978;202200051293;722 664;A01;2;34;5;0;1;1;1;
78979;202200051294;722 663;A01;3;7;2;0;1;1;1;
78980;202200051295;722 662;A01;2;30;0;1;1;1;1;
78981;202200051296;722 658;A01;1;7;3;2;1;0;1;
78982;202200051296;722 661;B01;1;7;0;2;0;1;1;
78983;202200051297;722 657;A01;1;30;0;2;1;10;1;
78984;202200051297;722 660;B01;1;7;0;2;3;1;1;
78985;202200051298;722 656;B01;1;7;0;2;3;9;1;
78986;202200051298;722 659;A01;2;1;0;2;1;1;5;
78987;202200051299;722 655;A01;2;10;4;0;7;26;1;
78988;202200051300;722 652;B01;1;7;0;2;1;1;1;
78989;202200051300;722 653;A01;1;7;0;2;2;15;1;
78990;202200051301;722 651;B01;2;37;0;2;3;2;1;3.0
78991;202200051301;722 654;A01;2;10;1;2;3;17;1;
78992;202200051302;722 649;A01;1;10;0;2;1;1;1;
78993;202200051302;722 650;B01;1;10;0;2;4;23;1;
78994;202200051303;722 645;B01;1;7;0;2;2;15;1;
78995;202200051303;722 647;A01;0;34;0;2;1;2;0;
78996;202200051304;722 644;A01;1;10;0;2;1;1;1;
78997;202200051304;722 646;B01;2;7;0;2;1;1;1;
78998;202200051304;722 648;C01;1;7;0;2;6;17;1;
78999;202200051305;722 642;A01;1;33;0;2;7;0;1;
79000;202200051305;722 643;B01;1;7;0;2;8;13;1;
79001;202200051306;722 639;A01;2;30;0;2;4;17;0;
79002;202200051306;722 641;B01;2;3;0;2;1;1;0;
79003;202200051307;722 637;A01;2;2;0;2;1;1;1;
79004;202200051307;722 640;B01;1;7;0;2;2;15;1;
79005;202200051308;722 634;A01;1;7;0;2;2;12;1;
79006;202200051308;722 636;B01;1;7;0;2;6;1;1;
79007;202200051308;722 638;C01;1;7;0;2;4;1;1;
79008;202200051309;722 633;B01;1;10;1;0;4;2;1;
79009;202200051309;722 635;A01;1;7;0;2;1;23;1;
79010;202200051310;722 632;A01;1;7;0;1;1;1;1;
79011;202200051311;722 628;A01;1;43;0;2;1;0;1;
79012;202200051311;722 630;B01;1;7;0;2;4;0;0;
79013;202200051312;722 629;A01;1;7;0;2;7;15;1;
79014;202200051312;722 631;B01;2;30;0;2;1;1;1;
79015;202200051313;722 627;A01;3;7;8;0;1;21;1;
79016;202200051314;722 624;B01;3;7;0;2;3;15;1;
79017;202200051314;722 626;A01;3;30;0;2;1;17;3;
79018;202200051315;722 625;A01;1;7;0;1;1;1;1;
79019;202200051316;722 623;A01;1;34;2;0;0;1;1;
79020;202200051317;722 621;A01;1;7;6;0;1;1;1;
79021;202200051318;722 619;B01;0;7;0;2;5;1;1;
79022;202200051318;722 622;A01;3;7;0;2;1;16;1;
79023;202200051319;722 618;A01;0;7;0;2;1;0;1;
79024;202200051319;722 620;B01;0;21;0;2;2;0;1;
79025;202200051320;722 617;A01;2;7;0;1;1;1;1;
79026;202200051321;722 616;A01;1;33;12;0;1;16;1;
79027;202200051322;722 614;B01;3;30;0;2;7;1;1;
79028;202200051322;722 615;A01;3;7;0;2;3;9;1;
79029;202200051323;722 611;B01;2;7;0;2;1;13;1;
79030;202200051323;722 613;A01;1;7;0;2;3;1;1;
79031;202200051324;722 610;B01;2;7;0;2;2;9;0;
79032;202200051324;722 612;A01;2;31;8;2;7;9;1;
79033;202200051325;722 608;A01;1;7;12;0;1;1;1;
79034;202200051326;722 607;A01;2;7;0;2;3;9;1;
79035;202200051326;722 609;B01;1;30;0;2;2;1;1;
79036;202200051327;722 605;A01;0;7;13;0;1;14;1;
79037;202200051328;722 603;A01;1;7;14;0;1;26;1;
79038;202200051328;722 606;B01;1;7;0;0;4;1;1;
79039;202200051330;722 597;A01;1;38;13;0;8;13;1;1.0
79040;202200051331;722 598;A01;1;33;0;2;3;13;1;
79041;202200051331;722 600;B01;1;7;0;2;3;1;1;
79042;202200051332;722 599;A01;1;7;4;2;1;1;1;