;Num_Acc;id_vehicule;num_veh;senc;catv;obs;obsm;choc;manv;motor;occutc
79043;202200051332;722 601;B01;1;15;0;0;6;9;1;
79044;202200051333;722 594;A01;1;33;0;2;8;18;1;
79045;202200051333;722 595;B01;1;7;0;2;7;1;1;
79046;202200051334;722 593;B01;2;7;0;2;3;1;1;
79047;202200051334;722 596;A01;2;34;0;2;8;17;1;
79048;202200051335;722 590;A01;2;7;0;1;2;1;1;
79049;202200051336;722 588;A01;1;10;0;2;7;12;1;
79050;202200051336;722 591;B01;1;31;0;2;7;1;1;
79051;202200051337;722 589;A01;1;7;0;2;1;9;1;
79052;202200051337;722 592;B01;1;1;0;2;4;1;5;
79053;202200051338;722 586;A01;0;2;0;0;0;1;1;
79054;202200051339;722 585;B01;1;33;0;2;7;1;1;
79055;202200051339;722 587;A01;1;7;0;0;2;0;1;
79056;202200051340;722 583;B01;3;60;0;2;8;11;5;
79057;202200051340;722 584;A01;3;7;0;2;2;1;3;
79058;202200051341;722 582;A01;2;7;2;0;3;1;1;
79059;202200051342;722 581;A01;1;7;0;1;1;15;6;
79060;202200051343;722 578;B01;1;7;0;2;4;2;1;
79061;202200051343;722 580;A01;1;10;0;2;1;2;1;
79062;202200051344;722 576;B01;1;15;0;2;1;1;1;
79063;202200051344;722 577;A01;1;10;0;2;1;5;1;
79064;202200051345;722 575;A01;2;7;8;0;9;1;1;
79065;202200051346;722 573;B01;1;7;0;2;4;1;1;
79066;202200051346;722 574;A01;1;7;0;2;1;1;1;
79067;202200051347;722 571;A01;1;7;0;1;3;1;1;
79068;202200051348;722 570;A01;1;7;0;2;3;13;1;
79069;202200051348;722 572;B01;2;7;0;2;3;1;1;
79070;202200051349;722 565;B01;1;37;0;2;3;1;1;1.0
79071;202200051349;722 568;A01;2;7;0;2;1;17;1;
79072;202200051350;722 564;A01;2;7;0;2;3;9;1;
79073;202200051350;722 567;B01;2;33;0;2;2;1;1;
79074;202200051351;722 562;A01;0;36;2;0;1;0;0;
79075;202200051352;722 561;A01;1;7;0;2;1;17;1;
79076;202200051352;722 563;B01;1;7;0;2;8;26;1;
79077;202200051352;722 566;C01;1;7;0;2;3;1;1;
79078;202200051352;722 569;D01;1;7;0;2;2;26;1;
79079;202200051354;722 557;C01;0;7;0;2;3;0;1;
79080;202200051354;722 558;B01;0;7;0;2;3;0;1;
79081;202200051354;722 559;A01;0;7;0;2;3;5;1;
79082;202200051355;722 554;A01;3;7;15;0;7;1;1;
79083;202200051356;722 552;B01;1;10;0;2;3;1;0;
79084;202200051356;722 553;A01;2;7;0;2;3;5;1;
79085;202200051357;722 551;B01;1;7;7;2;3;1;1;
79086;202200051357;722 555;A01;1;7;6;2;1;9;1;
79087;202200051358;722 549;A01;1;7;2;0;1;13;1;
79088;202200051359;722 548;B01;1;31;0;2;1;1;1;
79089;202200051359;722 550;A01;2;10;0;2;7;19;1;
79090;202200051360;722 547;A01;1;7;6;0;1;1;1;
79091;202200051361;722 544;B01;1;7;0;2;3;1;1;
79092;202200051361;722 546;A01;2;7;0;2;3;5;1;
79093;202200051362;722 543;B01;3;7;0;2;2;2;1;
79094;202200051362;722 545;A01;3;80;0;2;3;15;3;
79095;202200051363;722 540;A01;2;7;6;0;1;0;1;
79096;202200051364;722 541;B01;3;80;0;2;4;1;3;
79097;202200051364;722 542;A01;3;7;0;2;1;1;1;
79098;202200051365;722 538;A01;2;7;0;2;3;13;1;
79099;202200051365;722 539;B01;1;7;0;2;3;1;1;
79100;202200051366;722 536;B01;2;15;0;2;4;15;1;
79101;202200051366;722 537;A01;2;7;0;2;1;17;1;
79102;202200051367;722 535;A01;1;37;0;1;2;1;1;8.0
79103;202200051368;722 532;B01;1;7;0;2;4;2;1;
79104;202200051368;722 533;A01;1;7;0;2;1;2;1;
79105;202200051369;722 531;B01;3;33;1;2;1;1;1;
79106;202200051369;722 534;A01;3;7;0;0;6;20;1;
79107;202200051370;722 528;A01;2;34;0;2;0;0;1;
79108;202200051370;722 530;B01;2;7;0;2;0;0;0;
79109;202200051371;722 527;A01;1;7;0;2;0;9;1;
79110;202200051371;722 529;B01;1;1;0;2;5;9;5;
79111;202200051373;722 519;B01;0;7;0;2;1;1;1;
79112;202200051373;722 521;A01;3;7;0;2;1;1;1;
79113;202200051374;722 518;F01;2;7;6;2;4;2;1;
79114;202200051374;722 520;E01;2;7;6;2;4;2;1;
79115;202200051374;722 522;D01;2;7;6;2;1;2;1;
79116;202200051374;722 523;C01;2;7;6;2;4;2;1;
79117;202200051374;722 525;B01;2;7;6;2;4;2;1;
79118;202200051374;722 526;A01;2;10;6;2;1;2;1;
79119;202200051375;722 517;A01;1;33;17;0;1;17;1;
79120;202200051376;722 516;A01;2;33;0;0;2;13;1;
79121;202200051378;722 514;A01;1;43;4;2;3;1;1;
79122;202200051379;722 511;B01;2;15;0;0;5;1;1;
79123;202200051379;722 513;A01;2;33;0;2;1;3;1;
79124;202200051380;722 510;A01;3;1;0;2;1;1;5;
79125;202200051380;722 512;B01;3;7;0;9;7;1;1;
79126;202200051381;722 507;B01;1;7;0;2;8;1;1;
79127;202200051381;722 509;A01;1;7;0;2;2;14;1;
79128;202200051382;722 506;B01;1;32;0;2;7;17;1;
79129;202200051382;722 508;A01;1;7;0;2;3;15;1;
79130;202200051383;722 504;A01;2;7;12;0;1;1;1;
79131;202200051384;722 505;A01;2;7;15;0;1;1;1;
79132;202200051385;722 502;B01;1;2;0;2;7;17;6;
79133;202200051385;722 503;A01;1;7;0;2;3;15;1;
79134;202200051386;722 501;A01;2;7;8;0;3;13;3;
79135;202200051387;722 500;Z01;3;7;0;1;4;10;1;
79136;202200051388;722 497;A01;1;7;0;0;0;13;1;
79137;202200051389;722 498;B01;2;33;0;2;1;1;1;
79138;202200051389;722 499;A01;1;7;0;0;2;15;1;
79139;202200051390;722 495;A01;3;7;0;1;3;1;1;
79140;202200051391;722 494;A01;2;99;1;1;6;14;1;
79141;202200051392;722 492;A01;3;7;0;1;3;1;1;
79142;202200051393;722 491;C01;2;7;0;2;1;1;1;
79143;202200051393;722 493;B01;2;10;0;2;8;14;1;
79144;202200051393;722 496;A01;1;7;0;2;3;17;1;
79145;202200051395;722 490;A01;3;33;14;0;1;26;1;
79146;202200051396;722 488;A01;2;7;8;0;3;1;1;
79147;202200051397;722 487;A01;2;7;0;1;2;2;1;
79148;202200051398;722 482;B01;1;7;0;2;3;1;1;
79149;202200051398;722 484;A01;2;7;0;2;3;5;1;
79150;202200051398;722 485;C01;1;7;0;2;3;1;1;
79151;202200051398;722 486;D01;1;7;0;2;3;1;1;
79152;202200051399;722 483;A01;1;7;0;1;3;1;2;
79153;202200051400;722 481;A01;1;7;0;1;1;17;1;
79154;202200051401;722 480;A01;2;7;8;0;1;21;1;
79155;202200051402;722 478;A01;1;7;0;0;1;2;1;
79156;202200051402;722 479;B01;1;7;0;0;4;2;1;
79157;202200051404;722 474;A01;3;7;0;2;2;5;1;
79158;202200051404;722 476;B01;3;2;0;2;0;1;1;
79159;202200051405;722 473;B01;3;7;0;2;1;1;1;
79160;202200051405;722 475;A01;3;7;0;2;1;13;1;
79161;202200051406;722 470;B01;2;17;0;0;6;24;1;
79162;202200051406;722 472;A01;2;15;1;0;2;21;1;
79163;202200051407;722 468;A01;0;7;0;1;4;0;1;
79164;202200051408;722 464;B01;2;7;0;0;1;1;1;
79165;202200051408;722 466;A01;1;7;0;0;2;1;1;
79166;202200051409;722 462;A01;1;7;0;1;1;1;1;
79167;202200051410;722 461;A01;2;7;0;0;6;2;1;
79168;202200051410;722 463;B01;2;33;0;2;1;2;1;
79169;202200051411;722 459;A01;2;7;0;2;1;13;1;
79170;202200051411;722 460;B01;1;7;0;2;1;1;0;
79171;202200051412;722 457;B01;1;7;0;2;1;26;1;
79172;202200051412;722 458;A01;2;7;0;2;1;13;1;
79173;202200051413;722 455;B01;3;32;1;0;6;1;1;
79174;202200051413;722 456;A01;3;13;0;2;4;23;1;
79175;202200051414;722 454;A01;1;33;15;0;3;17;1;
79176;202200051415;722 453;A01;3;30;0;1;1;1;1;
79177;202200051416;722 451;A01;2;31;0;2;7;17;1;
79178;202200051416;722 452;B01;2;7;0;2;8;9;1;
79179;202200051418;722 447;A01;1;7;6;0;1;26;1;
79180;202200051419;722 444;C01;2;10;0;2;1;1;1;
79181;202200051419;722 445;B01;2;7;0;2;4;1;1;
79182;202200051419;722 446;A01;2;10;0;0;4;1;1;
79183;202200051420;722 443;A01;3;7;0;1;2;19;1;
79184;202200051422;722 439;B01;2;33;0;2;1;1;1;
79185;202200051422;722 441;A01;1;7;0;2;3;15;1;
79186;202200051423;722 436;B01;1;10;0;2;6;19;1;
79187;202200051423;722 437;A01;2;2;0;2;1;17;1;
79188;202200051424;722 435;A01;3;7;12;0;1;7;1;
79189;202200051425;722 434;A01;0;7;0;1;1;15;1;
79190;202200051426;722 431;A01;2;33;13;0;9;1;1;
79191;202200051427;722 430;C01;3;7;0;2;4;1;1;
79192;202200051427;722 432;B01;3;10;0;2;6;2;1;
79193;202200051427;722 433;A01;3;7;0;2;1;2;1;
79194;202200051428;722 429;A01;1;7;0;1;1;15;1;
79195;202200051429;722 427;A01;1;7;0;2;1;15;1;
79196;202200051429;722 428;B01;2;80;0;2;1;1;3;
79197;202200051430;722 425;B01;2;31;0;2;1;16;1;
79198;202200051430;722 426;A01;1;7;0;2;1;1;1;
79199;202200051432;722 422;A01;1;7;8;9;1;13;0;
79200;202200051433;722 420;B01;3;1;0;2;7;1;5;
79201;202200051433;722 421;A01;3;7;0;2;1;9;1;
79202;202200051434;722 419;A01;1;1;14;0;8;1;5;
79203;202200051435;722 418;A01;1;7;4;0;1;9;1;
79204;202200051436;722 417;A01;1;2;0;0;2;26;1;
79205;202200051437;722 416;A01;1;10;0;1;1;1;1;
79206;202200051439;722 414;A01;2;7;0;1;2;1;1;
79207;202200051440;722 413;A01;3;7;0;1;1;26;1;
79208;202200051441;722 412;A01;2;7;4;0;1;1;1;
79209;202200051442;722 411;A01;0;7;0;1;2;15;1;
79210;202200051443;722 409;A01;1;7;0;2;1;17;1;
79211;202200051443;722 410;B01;1;7;0;2;3;1;1;
79212;202200051444;722 408;B01;2;30;0;2;1;1;1;
79213;202200051445;722 407;Z01;2;7;0;1;2;1;0;
79214;202200051446;722 405;B01;2;10;0;2;3;15;1;
79215;202200051446;722 406;A01;1;31;0;2;2;26;1;
79216;202200051447;722 401;D01;2;7;0;2;1;1;1;
79217;202200051447;722 402;C01;2;10;0;2;7;1;1;
79218;202200051447;722 403;B01;2;15;0;2;2;1;1;
79219;202200051447;722 404;A01;2;7;0;2;3;13;1;
79220;202200051448;722 400;A01;2;33;0;0;0;16;1;
79221;202200051449;722 399;A01;1;31;0;0;0;21;1;
79222;202200051450;722 398;A01;1;33;14;0;7;14;1;
79223;202200051451;722 397;A01;1;32;14;0;1;14;1;
79224;202200051453;722 395;A01;1;50;0;1;1;5;3;
79225;202200051454;722 394;A01;3;1;0;1;1;1;5;
79226;202200051455;722 392;B01;1;30;0;2;1;1;3;
79227;202200051455;722 393;A01;1;7;0;2;7;1;3;
79228;202200051457;722 389;A01;1;32;0;2;7;1;1;
79229;202200051457;722 390;B01;1;1;0;2;1;1;5;
79230;202200051458;722 387;A01;2;7;0;2;6;15;1;
79231;202200051458;722 388;B01;2;33;0;2;1;1;1;
79232;202200051459;722 385;A01;2;1;0;2;1;5;5;
79233;202200051459;722 386;B01;1;34;0;2;1;1;1;
79234;202200051460;722 383;B01;3;1;0;2;1;1;5;
79235;202200051460;722 384;A01;2;7;0;2;1;15;2;
79236;202200051461;722 381;B01;1;60;0;2;3;19;5;
79237;202200051461;722 382;A01;1;7;0;2;2;1;1;
79238;202200051462;722 380;A01;3;7;0;1;3;26;1;
79239;202200051463;722 378;A01;1;43;0;2;8;3;1;
79240;202200051463;722 379;B01;1;7;0;2;0;15;1;
79241;202200051464;722 377;A01;1;7;0;1;1;15;1;
79242;202200051465;722 375;A01;1;7;0;2;1;9;2;
79243;202200051465;722 376;B01;1;7;0;2;8;1;1;
79244;202200051466;722 373;A01;2;7;0;2;3;15;1;
79245;202200051466;722 374;B01;2;2;0;0;1;1;1;
79246;202200051467;722 371;A01;2;2;0;2;0;26;1;
79247;202200051467;722 372;B01;1;7;0;2;0;0;1;
79248;202200051470;722 366;B01;-1;7;0;2;3;2;1;
79249;202200051470;722 367;A01;-1;7;0;2;2;15;1;
79250;202200051471;722 364;A01;1;43;0;2;1;26;1;
79251;202200051471;722 365;B01;1;7;0;0;2;10;1;
79252;202200051472;722 362;A01;1;0;0;2;0;0;0;
79253;202200051472;722 363;B01;1;7;0;2;0;0;0;
79254;202200051473;722 361;A01;3;7;0;1;1;9;0;
79255;202200051474;722 360;A01;0;7;0;1;1;15;1;
79256;202200051475;722 359;A01;0;7;2;0;1;26;2;
79257;202200051476;722 358;A01;1;10;0;1;2;21;1;
79258;202200051477;722 357;A01;1;7;0;1;1;26;0;
79259;202200051478;722 355;A01;1;7;0;2;7;12;1;
79260;202200051478;722 356;B01;1;30;0;2;8;2;1;
79261;202200051479;722 353;A01;2;10;0;9;2;2;1;
79262;202200051479;722 354;B01;2;1;0;2;4;2;5;
79263;202200051480;722 352;A01;2;2;0;6;2;1;1;
79264;202200051481;722 351;A01;1;7;2;0;9;1;1;
79265;202200051482;722 348;C01;2;7;14;2;9;1;1;
79266;202200051482;722 349;A01;1;15;3;0;7;6;1;
79267;202200051482;722 350;B01;2;10;0;2;1;1;1;
79268;202200051483;722 347;A01;1;7;13;0;1;1;1;
79269;202200051484;722 346;A01;1;33;0;0;7;1;1;
79270;202200051486;722 344;A01;3;7;0;1;2;1;1;
79271;202200051487;722 343;A01;3;7;1;0;2;1;1;
79272;202200051489;722 341;A01;2;7;3;0;9;1;1;
79273;202200051490;722 339;B01;2;7;0;2;2;16;1;
79274;202200051490;722 340;A01;2;32;0;2;6;12;1;
79275;202200051491;722 337;A01;3;7;2;0;3;26;1;
79276;202200051491;722 338;B01;3;7;1;0;1;0;1;
79277;202200051492;722 335;A01;1;7;0;2;1;2;1;
79278;202200051492;722 336;B01;1;7;0;2;4;2;2;
79279;202200051493;722 331;A01;1;7;0;2;2;26;1;
79280;202200051493;722 332;B01;1;7;0;2;4;1;1;
79281;202200051493;722 333;C01;1;7;0;2;4;1;1;
79282;202200051493;722 334;D01;1;7;0;2;4;0;1;
79283;202200051494;722 328;D01;1;7;0;2;1;24;1;
79284;202200051494;722 329;B01;2;32;0;2;1;3;1;
79285;202200051494;722 330;A01;1;7;0;2;2;19;1;
79286;202200051495;722 327;A01;1;7;0;1;1;1;1;
79287;202200051496;722 325;B01;2;7;0;2;1;1;1;
79288;202200051496;722 326;A01;1;7;3;2;2;19;1;
79289;202200051498;722 323;A01;1;7;0;1;2;1;1;
79290;202200051499;722 322;A01;3;7;0;1;3;15;1;
79291;202200051500;722 321;A01;2;32;0;0;8;15;1;
79292;202200051501;722 320;A01;1;7;0;0;2;1;1;
79293;202200051502;722 319;A01;3;34;0;1;1;17;1;
79294;202200051503;722 317;B01;1;7;0;2;1;5;1;
79295;202200051503;722 318;A01;2;7;0;2;3;1;1;
79296;202200051505;722 314;A01;2;7;0;2;1;2;2;
79297;202200051505;722 316;B01;2;2;0;2;9;11;1;
79298;202200051507;722 311;A01;0;7;0;1;0;1;1;
79299;202200051508;722 308;A01;1;7;0;2;3;13;1;
79300;202200051508;722 310;B01;2;7;0;2;1;1;1;
79301;202200051509;722 307;B01;2;2;16;2;6;1;1;
79302;202200051509;722 309;A01;2;7;0;2;2;17;0;
79303;202200051511;722 302;A01;2;7;0;2;1;5;1;
79304;202200051511;722 303;B01;1;13;0;2;1;1;1;
79305;202200051511;722 304;C01;2;7;0;2;1;2;1;
79306;202200051512;722 300;Z01;1;30;0;1;7;1;0;
79307;202200051513;722 295;B01;0;80;0;2;7;1;3;
79308;202200051513;722 299;A01;2;7;0;2;1;9;1;
79309;202200051514;722 296;B01;2;1;0;2;3;15;5;
79310;202200051514;722 298;A01;2;33;0;0;2;1;1;
79311;202200051515;722 293;C01;1;7;0;2;4;1;3;
79312;202200051515;722 294;B01;1;34;0;2;4;1;1;
79313;202200051515;722 297;A01;1;10;0;2;1;1;1;
79314;202200051516;722 290;B01;2;16;0;0;1;1;1;
79315;202200051516;722 292;A01;1;7;0;0;1;13;1;
79316;202200051517;722 289;A01;3;2;12;0;3;13;1;
79317;202200051518;722 288;A01;1;50;0;2;1;9;3;
79318;202200051518;722 291;B01;1;7;0;2;1;0;1;
79319;202200051520;722 283;A01;1;7;0;2;5;15;1;
79320;202200051520;722 286;B01;2;1;0;2;1;1;5;
79321;202200051521;722 282;A01;3;7;0;2;1;1;1;
79322;202200051521;722 285;B01;3;7;0;2;7;15;1;
79323;202200051522;722 279;B01;1;7;0;0;6;1;1;
79324;202200051522;722 281;A01;1;7;3;2;2;12;1;
79325;202200051523;722 278;A01;3;3;0;2;1;1;1;
79326;202200051523;722 280;B01;3;7;0;2;4;1;3;
79327;202200051524;722 272;B01;1;7;0;0;4;2;1;
79328;202200051524;722 275;A01;1;33;0;2;1;2;1;
79329;202200051525;722 273;A01;1;7;0;2;1;1;1;
79330;202200051525;722 276;B01;1;7;0;2;4;23;1;
79331;202200051525;722 277;C01;1;7;0;2;4;23;1;
79332;202200051526;722 270;Z01;2;43;0;2;4;23;1;
79333;202200051526;722 271;A01;2;1;0;2;1;21;5;
79334;202200051526;722 274;B01;1;14;0;2;6;23;1;
79335;202200051527;722 266;B01;3;1;0;2;3;1;5;
79336;202200051527;722 268;A01;3;7;0;2;2;1;1;
79337;202200051528;722 267;A01;1;10;0;2;1;2;1;
79338;202200051528;722 269;C01;0;0;0;2;4;-1;-1;
79339;202200051529;722 264;B01;2;30;0;2;1;2;1;
79340;202200051529;722 265;A01;2;7;0;2;3;22;1;
79341;202200051530;722 260;A01;1;7;0;2;1;13;1;
79342;202200051530;722 262;B01;2;7;0;2;1;1;1;
79343;202200051531;722 261;A01;3;10;0;2;8;9;1;
79344;202200051531;722 263;B01;3;2;0;2;2;2;1;
79345;202200051532;722 259;A01;2;1;0;0;8;1;5;
79346;202200051533;722 258;A01;0;7;0;1;1;1;3;
79347;202200051534;722 257;A01;2;36;0;0;9;15;1;
79348;202200051535;722 255;A01;1;14;0;2;7;16;6;
79349;202200051535;722 256;B01;2;50;0;2;7;1;3;
79350;202200051537;722 252;B01;1;10;0;0;3;1;1;
79351;202200051537;722 254;A01;2;2;0;2;1;13;1;
79352;202200051538;722 250;A01;3;7;0;2;1;2;1;
79353;202200051538;722 251;B01;3;7;0;2;4;2;1;
79354;202200051539;722 249;A01;2;3;0;1;1;1;1;
79355;202200051540;722 248;A01;2;7;3;0;1;1;1;
79356;202200051541;722 245;A01;1;1;0;1;1;21;5;
79357;202200051541;722 247;B01;1;1;0;2;0;2;5;
79358;202200051542;722 246;A01;3;7;0;1;1;15;1;
79359;202200051543;722 244;A01;2;15;6;0;2;1;1;
79360;202200051544;722 243;A01;3;7;2;0;1;24;1;
79361;202200051546;722 240;A01;0;7;0;1;0;0;1;
79362;202200051547;722 238;C01;1;10;0;0;4;2;1;
79363;202200051547;722 239;B01;1;14;0;2;1;2;1;
79364;202200051547;722 242;A01;1;10;0;2;1;2;1;
79365;202200051548;722 235;A01;1;7;0;1;3;25;1;
79366;202200051549;722 236;A01;1;50;15;0;1;13;3;
79367;202200051550;722 234;A01;1;50;0;1;1;26;3;
79368;202200051551;722 233;A01;2;36;0;0;0;1;1;
79369;202200051552;722 231;B01;3;7;0;2;6;1;1;
79370;202200051552;722 237;A01;3;30;0;2;1;1;1;
79371;202200051553;722 228;B01;1;7;0;2;8;1;1;
79372;202200051553;722 232;A01;3;7;0;2;0;15;1;
79373;202200051554;722 227;B01;1;7;0;2;4;23;1;
79374;202200051554;722 229;A01;1;33;0;2;1;1;1;
79375;202200051555;722 226;B01;2;1;0;2;0;0;5;
79376;202200051555;722 230;A01;1;7;0;2;2;1;1;
79377;202200051556;722 224;A01;1;7;0;1;2;1;1;
79378;202200051557;722 223;A01;0;7;1;0;2;9;1;
79379;202200051558;722 219;B01;3;7;0;2;2;1;1;
79380;202200051558;722 222;A01;2;7;0;2;8;9;1;
79381;202200051559;722 221;A01;1;7;0;2;1;1;1;
79382;202200051559;722 225;B01;1;7;6;2;8;1;1;
79383;202200051560;722 218;A01;1;32;4;0;1;1;1;
79384;202200051561;722 216;A01;2;1;0;2;7;1;5;
79385;202200051561;722 220;B01;1;10;0;2;0;1;1;
79386;202200051562;722 214;A01;2;7;0;2;1;1;1;
79387;202200051562;722 217;B01;2;7;0;2;5;23;1;
79388;202200051563;722 213;A01;3;10;0;1;2;1;1;
79389;202200051564;722 211;B01;1;7;0;2;7;1;1;
79390;202200051564;722 212;A01;1;7;0;2;8;15;1;
79391;202200051565;722 209;A01;3;7;0;1;3;15;1;
79392;202200051566;722 206;A01;1;1;0;2;1;5;5;
79393;202200051566;722 208;B01;2;2;0;2;1;9;3;
79394;202200051567;722 207;B01;0;7;0;2;3;1;1;
79395;202200051567;722 210;A01;0;7;0;2;3;9;1;
79396;202200051568;722 204;A01;1;32;0;1;1;1;1;
79397;202200051569;722 203;A01;2;7;3;0;9;1;1;
79398;202200051570;722 201;A01;1;7;0;2;1;2;1;
79399;202200051570;722 205;B01;1;7;0;2;4;23;1;
79400;202200051571;722 198;A01;3;7;0;2;7;1;1;
79401;202200051571;722 202;B01;1;1;0;2;7;19;0;
79402;202200051572;722 195;B01;0;32;0;0;0;0;1;
79403;202200051572;722 199;A01;3;7;0;2;7;12;2;
79404;202200051573;722 194;A01;2;7;0;1;3;19;1;
79405;202200051574;722 193;B01;2;17;0;2;3;1;1;
79406;202200051574;722 196;A01;1;7;0;2;1;13;1;
79407;202200051575;722 192;A01;2;33;0;0;7;1;1;
79408;202200051576;722 191;A01;1;31;0;6;7;1;1;
79409;202200051577;722 187;A01;1;15;12;0;7;15;1;
79410;202200051578;722 188;B01;1;7;0;0;0;0;1;
79411;202200051578;722 190;A01;1;32;0;2;3;13;1;
79412;202200051579;722 185;A01;1;7;8;0;1;1;1;
79413;202200051580;722 183;B01;2;7;0;2;4;23;1;
79414;202200051580;722 186;C01;2;7;0;2;4;23;0;
79415;202200051580;722 189;A01;1;7;0;2;1;1;1;
79416;202200051581;722 182;B01;1;7;0;2;4;26;1;
79417;202200051581;722 184;A01;1;2;0;2;1;2;1;
79418;202200051582;722 180;A01;1;33;0;6;8;1;1;
79419;202200051583;722 177;A01;2;7;0;2;1;19;1;
79420;202200051583;722 179;B01;2;1;0;0;6;1;5;
79421;202200051584;722 176;B01;0;33;0;2;1;1;1;
79422;202200051584;722 181;A01;2;7;0;2;2;15;2;
79423;202200051585;722 174;B01;1;2;0;2;1;13;1;
79424;202200051585;722 178;A01;1;10;0;2;2;26;6;
79425;202200051586;722 172;A01;3;36;0;2;2;9;1;
79426;202200051586;722 175;B01;3;7;0;2;1;1;1;
79427;202200051587;722 171;B01;2;10;0;2;2;1;1;
79428;202200051587;722 173;A01;1;30;0;0;5;15;1;
79429;202200051588;722 169;A01;1;32;0;0;0;24;1;
79430;202200051590;722 165;B01;3;34;0;2;6;1;1;
79431;202200051590;722 167;A01;3;7;0;2;2;16;1;
79432;202200051591;722 162;B01;2;7;0;2;1;1;1;
79433;202200051591;722 166;A01;1;3;0;2;7;26;1;
79434;202200051592;722 161;B01;1;33;0;2;1;0;1;
79435;202200051592;722 164;A01;2;99;0;2;3;13;1;
79436;202200051593;722 158;A01;1;7;0;2;3;1;1;
79437;202200051593;722 160;B01;1;50;0;2;7;19;3;
79438;202200051594;722 159;B01;2;1;0;2;2;1;5;
79439;202200051594;722 163;A01;0;7;0;2;1;1;1;
79440;202200051595;722 156;A01;3;7;0;2;7;15;1;
79441;202200051595;722 157;B01;3;7;0;2;1;1;1;
79442;202200051596;722 155;A01;3;13;0;1;4;26;1;
79443;202200051597;722 151;A01;1;33;0;2;3;17;1;
79444;202200051597;722 154;B01;2;7;0;2;3;1;1;
79445;202200051598;722 149;A01;1;10;0;0;0;0;0;
79446;202200051598;722 152;B01;1;1;0;0;0;0;5;
79447;202200051599;722 148;B01;2;7;0;2;2;1;1;
79448;202200051599;722 153;A01;1;7;0;2;3;19;1;
79449;202200051600;722 146;B01;2;14;0;2;2;1;1;
79450;202200051600;722 150;A01;2;7;0;2;3;9;1;
79451;202200051601;722 147;A01;0;43;0;1;1;18;1;
79452;202200051603;722 142;A01;0;30;0;0;0;0;1;
79453;202200051603;722 145;B01;3;7;0;0;5;1;1;
79454;202200051604;722 141;A01;1;1;11;0;1;16;5;
79455;202200051605;722 139;A01;1;7;0;2;3;15;0;
79456;202200051605;722 143;B01;2;2;0;2;7;1;1;
79457;202200051606;722 138;A01;1;10;0;2;1;1;1;
79458;202200051606;722 140;B01;1;2;0;2;3;2;1;
79459;202200051607;722 132;A01;3;7;0;2;1;2;1;
79460;202200051607;722 135;B01;3;7;0;2;4;2;1;
79461;202200051607;722 137;C01;0;10;0;2;4;2;1;
79462;202200051608;722 129;B01;2;7;0;2;3;1;1;
79463;202200051608;722 134;A01;1;7;0;2;3;13;1;
79464;202200051609;722 124;A01;1;7;4;0;2;0;1;
79465;202200051609;722 127;B01;1;7;14;0;1;1;1;
79466;202200051609;722 133;C01;1;15;0;2;6;1;1;
79467;202200051610;722 126;C01;0;10;0;2;4;23;1;
79468;202200051610;722 128;B01;0;7;0;2;4;23;1;
79469;202200051610;722 131;A01;0;7;0;2;1;2;1;
79470;202200051611;722 122;B01;1;7;0;2;1;2;1;
79471;202200051611;722 125;A01;1;7;0;0;6;1;2;
79472;202200051612;722 119;A01;2;1;0;2;1;15;5;
79473;202200051612;722 121;B01;1;7;0;2;1;1;1;
79474;202200051613;722 118;A01;1;7;1;0;1;17;1;
79475;202200051613;722 120;B01;1;7;1;0;4;23;1;
79476;202200051613;722 123;C01;1;7;1;0;4;23;1;
79477;202200051613;722 130;D01;1;7;1;0;4;23;1;
79478;202200051613;722 136;E01;1;7;0;0;4;23;1;
79479;202200051614;722 115;A01;1;7;0;2;3;2;1;
79480;202200051614;722 117;B01;1;2;0;2;2;1;1;
79481;202200051615;722 114;B01;1;31;0;2;5;1;1;
79482;202200051615;722 116;A01;1;7;0;2;5;9;1;
79483;202200051616;722 110;A01;2;32;13;0;1;1;1;
79484;202200051617;722 108;A01;2;7;0;1;1;0;0;
79485;202200051618;722 109;A01;1;7;0;2;2;17;1;
79486;202200051618;722 112;B01;1;21;0;2;3;15;1;
79487;202200051619;722 107;A01;3;7;0;2;3;9;1;
79488;202200051619;722 113;B01;3;7;0;2;8;1;1;
79489;202200051620;722 106;A01;3;1;0;2;2;1;5;
79490;202200051620;722 111;B01;3;7;0;2;2;23;1;
79491;202200051621;722 105;A01;1;7;2;0;3;9;1;
79492;202200051623;722 100;A01;1;30;8;2;1;16;1;
79493;202200051623;722 103;B01;1;7;0;2;6;16;1;
79494;202200051624;722 099;A01;0;99;0;0;4;2;6;
79495;202200051624;722 102;B01;0;33;0;2;1;21;6;
79496;202200051625;722 098;A01;2;7;0;0;2;14;1;
79497;202200051626;722 097;A01;1;31;13;0;9;13;1;
79498;202200051628;722 089;B01;0;7;0;2;0;0;1;
79499;202200051628;722 093;A01;0;33;0;2;0;0;1;
79500;202200051629;722 088;A01;2;33;0;2;1;2;1;
79501;202200051629;722 090;B01;2;10;0;2;5;2;1;
79502;202200051630;722 086;C01;1;7;0;2;3;1;2;
79503;202200051630;722 094;B01;2;7;0;2;3;13;1;