;Num_Acc;id_vehicule;num_veh;senc;catv;obs;obsm;choc;manv;motor;occutc
79504;202200051630;722 096;A01;1;14;0;2;8;1;1;
79505;202200051631;722 087;B01;1;31;0;2;7;1;1;
79506;202200051631;722 091;A01;2;7;0;2;1;1;1;
79507;202200051632;722 084;A01;1;7;8;0;2;1;1;
79508;202200051633;722 082;A01;1;33;0;0;0;1;1;
79509;202200051634;722 081;A01;2;7;12;0;0;9;1;
79510;202200051635;722 083;A01;2;7;0;2;1;1;1;
79511;202200051635;722 085;B01;2;10;0;2;4;1;1;
79512;202200051636;722 075;A01;3;7;0;2;3;9;1;
79513;202200051636;722 077;B01;2;10;0;2;2;1;1;
79514;202200051637;722 078;A01;1;30;0;2;1;1;1;
79515;202200051637;722 080;B01;2;7;0;2;2;15;1;
79516;202200051638;722 076;B01;-1;10;0;2;3;1;1;
79517;202200051638;722 079;A01;-1;15;0;2;3;13;1;
79518;202200051639;722 071;A01;2;7;13;0;3;1;1;
79519;202200051640;722 072;A01;2;7;13;0;1;16;1;
79520;202200051641;722 069;A01;0;10;0;1;1;1;1;
79521;202200051642;722 067;A01;2;7;0;1;3;26;1;
79522;202200051643;722 068;A01;2;1;0;0;4;0;5;
79523;202200051643;722 073;B01;1;7;0;2;8;1;1;
79524;202200051643;722 074;Z01;2;50;0;2;1;1;3;
79525;202200051644;722 070;A01;1;7;6;0;1;9;1;
79526;202200051645;722 065;A01;1;32;0;1;0;25;0;
79527;202200051646;722 063;B01;1;7;0;2;3;1;1;
79528;202200051646;722 064;A01;2;7;0;2;3;13;1;
79529;202200051647;722 062;B01;1;10;0;9;0;0;0;
79530;202200051647;722 066;A01;1;33;0;0;0;0;1;
79531;202200051648;722 061;A01;1;7;6;0;3;26;1;
79532;202200051649;722 060;A01;0;7;0;0;0;14;1;
79533;202200051650;722 059;Z01;1;1;0;1;1;1;5;
79534;202200051651;722 058;A01;1;7;0;1;1;1;1;
79535;202200051652;722 055;A01;1;7;8;0;6;2;1;
79536;202200051653;722 054;B01;1;80;0;0;8;19;3;
79537;202200051653;722 057;A01;1;7;0;2;1;1;1;
79538;202200051654;722 053;A01;1;7;0;2;3;15;1;
79539;202200051654;722 056;B01;2;2;0;2;7;1;1;
79540;202200051655;722 050;A01;3;7;0;0;1;14;1;
79541;202200051657;722 051;Z01;1;7;0;1;1;1;1;
79542;202200051659;722 044;A01;1;7;0;2;3;13;1;
79543;202200051659;722 045;B01;2;7;0;2;3;1;1;
79544;202200051661;722 042;B01;2;33;0;2;3;1;1;
79545;202200051661;722 048;A01;1;7;0;2;3;15;1;
79546;202200051662;722 037;B01;1;7;0;2;1;1;3;
79547;202200051662;722 040;A01;2;7;0;2;1;1;1;
79548;202200051663;722 031;A01;3;33;0;0;2;3;1;
79549;202200051664;722 035;B01;2;7;0;2;8;1;2;
79550;202200051664;722 041;A01;1;7;15;2;1;1;2;
79551;202200051665;722 029;B01;1;80;0;2;1;1;3;
79552;202200051665;722 034;A01;2;7;0;9;1;1;1;
79553;202200051666;722 028;A01;2;7;0;2;1;2;1;
79554;202200051666;722 033;B01;2;2;0;2;1;2;1;
79555;202200051666;722 038;C01;2;7;0;0;4;23;1;
79556;202200051667;722 027;A01;1;7;8;0;0;21;1;
79557;202200051668;722 026;A01;0;32;2;0;1;0;1;
79558;202200051670;722 020;A01;2;30;12;2;8;18;1;
79559;202200051670;722 023;B01;2;14;0;2;7;16;1;
79560;202200051673;722 018;A01;1;33;0;6;1;0;1;
79561;202200051674;722 015;A01;2;7;0;2;1;5;1;
79562;202200051674;722 016;B01;1;31;0;2;1;1;1;
79563;202200051675;722 014;A01;3;7;0;1;1;15;1;
79564;202200051676;722 011;A01;2;33;3;0;0;2;1;
79565;202200051677;722 010;A01;1;7;0;1;1;15;1;
79566;202200051678;722 007;A01;3;2;13;6;1;1;1;
79567;202200051679;722 004;B01;3;33;0;2;8;1;1;
79568;202200051679;722 006;A01;3;7;0;2;2;15;1;
79569;202200051680;722 005;A01;1;7;3;2;2;26;1;
79570;202200051680;722 008;B01;2;10;0;2;0;21;1;
79571;202200051680;722 013;C01;2;7;0;2;3;21;1;
79572;202200051681;722 002;A01;1;32;0;0;0;15;3;
79573;202200051682;722 001;A01;2;7;16;0;1;13;1;
79574;202200051683;722 000;B01;1;7;0;2;1;1;1;
79575;202200051683;722 003;A01;2;2;0;2;3;15;1;
79576;202200051684;721 997;A01;2;7;2;0;1;13;1;
79577;202200051685;721 999;A01;2;32;0;1;1;17;1;
79578;202200051686;721 995;A01;3;15;13;0;7;1;1;
79579;202200051687;721 994;A01;1;32;0;2;1;17;1;
79580;202200051687;721 998;Z01;1;7;0;2;8;5;1;
79581;202200051688;721 993;A01;2;7;0;9;2;16;1;
79582;202200051688;721 996;B01;2;50;0;2;1;16;3;
79583;202200051689;721 990;A01;1;7;0;1;2;1;1;
79584;202200051690;721 989;A01;1;33;2;0;7;1;1;
79585;202200051692;721 986;Z01;1;31;0;1;0;1;0;
79586;202200051694;721 982;B01;1;43;0;2;7;1;1;
79587;202200051694;721 984;A01;1;7;0;2;1;9;1;
79588;202200051695;721 981;A01;2;7;13;0;3;26;1;
79589;202200051696;721 978;A01;1;1;6;0;0;1;5;
79590;202200051697;721 980;A01;2;3;0;2;3;1;1;
79591;202200051697;721 983;B01;2;7;0;2;7;17;1;
79592;202200051700;721 973;A01;2;7;0;2;3;1;1;
79593;202200051700;721 976;B01;1;50;0;2;8;15;3;
79594;202200051701;721 972;A01;1;7;13;0;2;14;1;
79595;202200051702;721 971;A01;0;7;0;1;2;1;1;
79596;202200051703;721 970;A01;1;7;6;0;1;13;1;
79597;202200051704;721 968;B01;1;32;0;2;1;1;1;
79598;202200051704;721 969;A01;2;7;0;2;3;10;3;
79599;202200051707;721 962;B01;1;7;0;2;5;16;1;
79600;202200051707;721 967;A01;1;10;6;2;1;15;1;
79601;202200051708;721 961;A01;2;7;7;0;1;1;1;
79602;202200051710;721 959;A01;1;7;0;1;1;1;1;
79603;202200051711;721 958;A01;1;7;1;0;3;2;1;
79604;202200051712;721 956;A01;2;2;0;0;0;0;1;
79605;202200051713;721 955;A01;1;7;7;0;1;14;1;
79606;202200051714;721 954;A01;1;7;0;1;1;1;1;
79607;202200051715;721 951;A01;2;7;13;0;1;13;1;
79608;202200051716;721 950;B01;2;1;0;2;3;1;5;
79609;202200051716;721 953;A01;2;7;0;2;2;17;1;
79610;202200051717;721 952;B01;2;37;0;2;8;23;1;2.0
79611;202200051717;721 957;A01;2;7;0;2;2;14;1;
79612;202200051718;721 949;A01;2;7;2;0;1;1;1;
79613;202200051719;721 946;B01;2;1;0;2;1;1;5;
79614;202200051719;721 948;A01;2;7;0;2;5;1;1;
79615;202200051721;721 939;A01;1;10;0;9;0;0;1;
79616;202200051721;721 947;Y01;1;50;0;2;8;19;3;
79617;202200051723;721 938;A01;2;7;0;2;2;1;1;
79618;202200051723;721 944;B01;2;7;0;2;3;1;1;
79619;202200051724;721 937;B01;2;10;0;2;6;10;1;
79620;202200051724;721 941;A01;2;34;0;2;1;2;1;
79621;202200051725;721 933;A01;1;7;0;2;1;2;1;
79622;202200051725;721 936;B01;1;1;0;2;1;2;5;
79623;202200051727;721 929;A01;1;7;0;2;3;13;1;
79624;202200051727;721 934;B01;2;7;0;2;3;1;1;
79625;202200051728;721 931;B01;2;1;0;2;1;1;5;
79626;202200051728;721 935;A01;1;7;0;2;3;15;1;
79627;202200051730;721 927;A01;1;7;0;2;3;1;1;
79628;202200051730;721 930;B01;2;7;0;2;1;1;2;
79629;202200051731;721 920;A01;2;7;0;2;2;5;1;
79630;202200051731;721 925;B01;1;7;0;2;1;1;1;
79631;202200051732;721 917;A01;1;3;0;2;5;12;1;
79632;202200051732;721 924;B01;1;2;0;2;3;12;1;
79633;202200051733;721 921;B01;1;7;0;2;7;15;1;
79634;202200051733;721 926;A01;2;2;0;2;1;1;1;
79635;202200051734;721 919;A01;1;30;0;2;3;18;3;
79636;202200051734;721 923;B01;1;7;0;2;2;16;1;
79637;202200051735;721 915;B01;1;7;0;2;3;1;1;
79638;202200051735;721 918;A01;1;15;0;2;2;12;1;
79639;202200051738;721 908;A01;1;32;0;2;1;2;1;
79640;202200051738;721 913;B01;1;7;0;2;5;1;1;
79641;202200051741;721 904;A01;2;10;0;2;8;23;0;
79642;202200051741;721 910;B01;2;31;1;2;1;2;1;
79643;202200051742;721 906;B01;1;7;0;2;4;2;2;
79644;202200051742;721 912;A01;1;33;0;2;1;2;1;
79645;202200051743;721 899;A01;3;32;15;0;1;1;1;
79646;202200051744;721 898;A01;2;99;3;0;1;1;1;
79647;202200051745;721 897;B01;2;7;0;2;1;0;1;
79648;202200051745;721 901;A01;1;7;0;2;1;13;1;
79649;202200051746;721 895;B01;1;7;0;2;1;1;1;
79650;202200051746;721 902;A01;1;7;0;2;1;1;2;
79651;202200051747;721 894;A01;1;1;0;2;1;1;5;
79652;202200051747;721 900;Y01;1;50;0;9;3;1;3;
79653;202200051748;721 893;A01;2;7;0;2;1;2;1;
79654;202200051748;721 896;B01;2;7;0;2;5;2;1;
79655;202200051749;721 891;A01;1;7;0;2;4;19;1;
79656;202200051749;721 892;B01;1;10;0;2;1;1;1;
79657;202200051750;721 890;A01;1;7;0;1;1;21;1;
79658;202200051752;721 885;B01;3;7;0;2;8;0;1;
79659;202200051752;721 888;A01;3;10;0;2;2;0;1;
79660;202200051753;721 883;B01;2;10;0;2;2;14;1;
79661;202200051753;721 887;A01;2;2;0;2;3;18;1;
79662;202200051754;721 881;A01;1;10;0;0;8;1;1;
79663;202200051755;721 882;B01;2;32;0;2;1;1;1;
79664;202200051755;721 884;A01;2;10;0;2;6;1;1;
79665;202200051756;721 877;B01;1;10;0;2;2;1;1;
79666;202200051756;721 880;A01;2;33;0;2;7;15;1;
79667;202200051757;721 874;B01;2;2;0;2;7;1;2;
79668;202200051757;721 876;A01;2;7;0;2;3;13;1;
79669;202200051758;721 873;A01;1;7;0;2;1;26;1;
79670;202200051758;721 878;B01;2;31;0;2;1;1;1;
79671;202200051759;721 871;B01;1;7;0;2;4;2;2;
79672;202200051759;721 872;A01;2;10;0;2;1;2;1;
79673;202200051760;721 870;A01;1;7;0;2;1;2;1;
79674;202200051760;721 879;B01;1;17;0;0;4;1;1;
79675;202200051761;721 867;A01;1;10;0;2;3;13;1;
79676;202200051761;721 869;B01;2;38;0;2;3;2;1;1.0
79677;202200051762;721 865;A01;2;7;0;2;3;13;1;
79678;202200051762;721 875;B01;1;7;13;2;2;1;1;
79679;202200051763;721 863;A01;1;7;0;9;1;9;1;
79680;202200051763;721 866;B01;1;50;0;2;7;5;3;
79681;202200051764;721 862;B01;1;7;0;2;5;15;1;
79682;202200051764;721 868;A01;2;31;0;2;1;1;1;
79683;202200051765;721 859;A01;1;7;6;0;3;13;1;
79684;202200051766;721 857;A01;1;7;5;0;1;0;1;
79685;202200051767;721 856;C01;1;7;0;2;6;1;1;
79686;202200051767;721 860;B01;1;33;0;2;6;3;3;
79687;202200051767;721 864;A01;1;7;0;2;7;12;1;
79688;202200051768;721 858;B01;1;10;0;2;1;1;1;
79689;202200051768;721 861;A01;0;7;0;2;3;15;1;
79690;202200051770;721 852;B01;2;7;0;2;6;1;1;
79691;202200051770;721 853;A01;2;7;0;2;1;12;1;
79692;202200051771;721 851;A01;2;10;0;2;5;12;1;
79693;202200051771;721 855;B01;1;37;0;2;3;7;1;2.0
79694;202200051772;721 848;A01;1;50;0;0;1;1;3;
79695;202200051773;721 850;A01;3;7;0;0;0;21;1;
79696;202200051774;721 847;A01;0;7;0;2;3;9;1;
79697;202200051774;721 849;B01;0;33;12;2;8;1;1;
79698;202200051775;721 846;A01;1;7;0;1;2;1;1;
79699;202200051776;721 842;A01;1;7;1;0;8;22;1;
79700;202200051776;721 845;B01;3;1;0;2;8;26;5;
79701;202200051777;721 834;A01;1;7;1;0;1;1;1;
79702;202200051777;721 840;B01;1;7;1;0;1;1;1;
79703;202200051777;721 843;C01;1;7;1;0;0;0;1;
79704;202200051778;721 832;C01;3;7;0;2;3;23;1;
79705;202200051778;721 838;A01;3;7;0;2;7;19;1;
79706;202200051778;721 844;B01;3;7;0;2;1;1;1;
79707;202200051779;721 829;B01;0;7;0;2;8;24;1;
79708;202200051779;721 835;A01;0;7;1;0;3;21;1;
79709;202200051780;721 828;A01;1;7;0;2;1;13;1;
79710;202200051780;721 836;B01;2;7;0;2;3;1;1;
79711;202200051780;721 841;C01;2;7;0;2;1;1;1;
79712;202200051781;721 830;A01;2;1;0;2;1;1;5;
79713;202200051781;721 837;B01;3;1;0;2;1;19;5;
79714;202200051782;721 827;B01;1;7;0;2;8;1;1;
79715;202200051782;721 831;A01;2;7;0;2;8;13;1;
79716;202200051783;721 823;B01;2;50;0;2;8;19;3;
79717;202200051783;721 826;A01;2;32;0;9;8;26;1;
79718;202200051784;721 822;B01;2;7;0;0;3;1;3;
79719;202200051784;721 825;A01;1;7;0;2;3;13;1;
79720;202200051785;721 821;B01;1;33;0;2;9;1;1;
79721;202200051785;721 824;A01;1;7;0;2;5;1;1;
79722;202200051786;721 817;A01;2;7;0;0;0;0;1;
79723;202200051787;721 816;A01;2;31;0;2;1;1;1;
79724;202200051787;721 820;B01;1;7;0;2;0;0;1;
79725;202200051788;721 810;B01;3;7;0;2;2;5;1;
79726;202200051788;721 818;A01;2;2;0;0;7;16;1;
79727;202200051789;721 812;A01;2;7;2;0;9;1;1;
79728;202200051790;721 809;A01;2;34;0;2;1;3;1;
79729;202200051790;721 815;B01;2;10;0;2;0;1;1;
79730;202200051790;721 819;C01;2;33;0;2;0;1;1;
79731;202200051791;721 808;A01;2;32;2;0;2;2;1;
79732;202200051792;721 807;A01;2;7;13;0;9;17;1;
79733;202200051792;721 813;B01;2;10;0;0;0;13;1;
79734;202200051793;721 811;B01;1;7;15;2;2;13;1;
79735;202200051793;721 814;A01;2;7;0;2;2;15;1;
79736;202200051795;721 803;A01;2;7;16;0;9;0;1;
79737;202200051796;721 798;A01;1;0;0;2;3;1;0;
79738;202200051796;721 804;B01;2;7;0;2;3;0;1;
79739;202200051797;721 799;A01;3;1;0;2;1;1;5;
79740;202200051797;721 805;B01;3;50;0;2;1;14;3;
79741;202200051798;721 797;B01;1;20;0;2;1;1;1;
79742;202200051798;721 802;A01;2;7;0;2;1;13;1;
79743;202200051799;721 800;A01;2;7;0;1;3;15;2;
79744;202200051800;721 795;B01;2;7;0;2;3;26;1;
79745;202200051800;721 796;A01;1;7;0;2;3;0;1;
79746;202200051801;721 791;A01;1;7;0;1;3;1;1;
79747;202200051802;721 789;A01;3;7;0;2;3;1;1;
79748;202200051802;721 793;B01;3;7;0;2;3;21;1;
79749;202200051803;721 790;B01;2;31;0;2;7;17;1;
79750;202200051803;721 794;A01;2;7;0;2;8;15;1;
79751;202200051804;721 787;A01;2;7;0;2;6;11;1;
79752;202200051804;721 792;B01;2;33;0;2;1;1;1;
79753;202200051805;721 784;A01;2;33;0;2;1;17;1;
79754;202200051805;721 786;B01;2;10;0;2;8;15;1;
79755;202200051807;721 779;Z01;1;7;0;2;2;0;0;
79756;202200051807;721 783;B01;1;50;0;2;8;11;3;
79757;202200051808;721 778;A01;1;7;0;1;1;1;1;
79758;202200051809;721 777;A01;-1;7;0;2;2;21;1;
79759;202200051809;721 780;B01;-1;10;0;2;3;0;1;
79760;202200051809;721 785;C01;-1;7;1;0;5;10;1;
79761;202200051810;721 775;A01;2;7;0;0;0;23;1;
79762;202200051810;721 781;B01;2;1;0;0;0;1;5;
79763;202200051811;721 773;A01;3;1;13;0;1;1;5;
79764;202200051812;721 772;B01;2;7;0;0;6;20;1;
79765;202200051812;721 776;A01;2;2;0;0;6;20;1;
79766;202200051813;721 774;A01;2;1;0;0;8;1;5;
79767;202200051814;721 767;A01;0;7;0;2;8;3;2;
79768;202200051814;721 770;B01;0;33;0;2;1;1;1;
79769;202200051815;721 769;A01;2;10;1;0;0;0;1;
79770;202200051816;721 766;A01;1;7;0;1;3;1;1;
79771;202200051817;721 768;A01;1;7;0;2;2;1;1;
79772;202200051817;721 771;B01;2;2;0;2;7;15;1;
79773;202200051818;721 764;A01;1;31;13;0;1;1;1;
79774;202200051819;721 762;B01;1;14;0;0;6;24;1;
79775;202200051819;721 765;A01;1;7;1;0;2;14;1;
79776;202200051820;721 763;Z01;1;1;0;1;0;1;5;
79777;202200051821;721 759;A01;2;7;15;0;1;1;1;
79778;202200051822;721 757;A01;2;7;0;2;3;15;1;
79779;202200051822;721 761;B01;1;80;0;2;1;1;3;
79780;202200051824;721 750;A01;1;7;0;9;1;15;1;
79781;202200051824;721 754;B01;0;1;0;2;8;1;5;
79782;202200051825;721 752;A01;1;7;0;2;2;19;3;
79783;202200051825;721 758;B01;1;7;0;2;3;1;2;
79784;202200051827;721 749;A01;1;7;0;1;2;1;1;
79785;202200051828;721 745;A01;1;34;9;2;3;15;6;
79786;202200051829;721 747;A01;1;2;0;2;1;2;1;
79787;202200051829;721 751;B01;1;7;0;2;6;2;1;
79788;202200051830;721 744;B01;1;3;1;0;3;1;1;
79789;202200051830;721 746;A01;1;3;0;0;3;1;1;
79790;202200051831;721 742;A01;2;2;13;0;0;14;1;
79791;202200051832;721 739;B01;2;10;0;2;1;2;1;
79792;202200051832;721 743;A01;2;7;0;2;4;2;1;
79793;202200051833;721 735;A01;1;10;16;0;9;13;1;
79794;202200051835;721 733;A01;1;7;2;0;3;13;1;
79795;202200051836;721 738;B01;2;7;0;2;4;23;2;
79796;202200051836;721 741;A01;2;7;0;2;1;26;1;
79797;202200051838;721 734;B01;1;7;0;2;0;16;1;
79798;202200051838;721 740;A01;1;7;8;2;1;14;1;
79799;202200051840;721 721;A01;2;17;0;2;1;2;1;
79800;202200051840;721 726;B01;2;17;0;2;4;2;1;
79801;202200051840;721 729;C01;2;7;0;2;4;2;1;
79802;202200051841;721 722;A01;0;7;0;2;4;23;1;
79803;202200051841;721 728;B01;3;2;0;2;1;2;1;
79804;202200051842;721 723;B01;2;1;0;2;1;1;5;
79805;202200051842;721 725;A01;1;7;0;2;2;15;1;
79806;202200051843;721 718;A01;1;1;0;2;2;5;5;
79807;202200051843;721 724;B01;2;7;0;2;2;1;1;
79808;202200051844;721 720;A01;1;38;6;0;1;14;1;1.0
79809;202200051845;721 719;A01;1;50;0;1;8;1;3;
79810;202200051846;721 713;A01;2;7;0;2;1;2;1;
79811;202200051846;721 717;B01;2;7;0;2;4;2;1;
79812;202200051846;721 727;C01;2;7;0;2;4;2;1;
79813;202200051847;721 711;A01;1;33;16;0;1;2;1;
79814;202200051848;721 708;A01;1;7;0;1;2;1;1;
79815;202200051849;721 706;A01;2;7;0;2;1;2;1;
79816;202200051849;721 712;B01;2;10;0;2;4;2;1;
79817;202200051849;721 716;C01;2;7;0;2;4;2;1;
79818;202200051850;721 702;A01;0;7;2;0;1;13;1;
79819;202200051851;721 704;A01;1;7;0;2;3;10;2;
79820;202200051851;721 707;B01;1;33;0;2;2;1;1;
79821;202200051852;721 697;A01;1;7;0;2;2;12;1;
79822;202200051852;721 701;B01;1;17;0;2;3;1;1;
79823;202200051853;721 695;A01;3;7;0;2;2;19;1;
79824;202200051853;721 703;B01;2;33;0;2;1;1;1;
79825;202200051854;721 693;C01;1;7;0;2;2;1;1;
79826;202200051854;721 700;B01;1;7;0;0;4;23;1;
79827;202200051854;721 705;A01;1;7;14;0;1;2;1;
79828;202200051855;721 692;A01;1;7;0;2;3;13;1;
79829;202200051855;721 696;B01;2;7;0;2;3;1;1;
79830;202200051856;721 690;A01;2;37;0;2;2;1;2;3.0
79831;202200051856;721 698;B01;2;7;0;2;7;16;1;
79832;202200051857;721 687;B01;3;33;0;2;1;1;1;
79833;202200051857;721 689;A01;3;2;0;2;1;1;1;
79834;202200051858;721 686;B01;1;10;0;2;4;2;1;
79835;202200051858;721 688;A01;1;7;0;2;1;2;1;
79836;202200051859;721 684;A01;1;10;0;1;2;1;1;
79837;202200051860;721 681;A01;2;7;13;0;1;0;1;
79838;202200051861;721 682;A01;1;7;0;0;0;13;1;
79839;202200051861;721 685;B01;2;33;0;0;0;1;1;
79840;202200051862;721 694;B01;1;7;0;2;1;1;1;
79841;202200051862;721 699;A01;2;10;0;2;3;21;1;
79842;202200051863;721 691;A01;2;7;0;1;2;1;2;
79843;202200051864;721 677;A01;1;7;14;2;1;0;1;
79844;202200051864;721 680;B01;1;7;0;2;3;0;1;
79845;202200051865;721 678;B01;1;80;0;2;1;1;3;
79846;202200051865;721 679;A01;1;7;0;2;8;22;2;
79847;202200051865;721 683;C01;1;7;0;2;3;1;1;
79848;202200051867;721 671;A01;1;7;0;2;2;2;1;
79849;202200051867;721 675;B01;1;1;0;2;2;2;5;
79850;202200051868;721 667;A01;1;2;0;2;1;5;1;
79851;202200051868;721 670;B01;2;7;0;2;1;1;1;
79852;202200051869;721 662;A01;1;7;0;2;3;1;0;
79853;202200051869;721 666;B01;2;32;0;2;1;1;1;
79854;202200051870;721 663;A01;2;33;14;0;1;1;1;
79855;202200051871;721 661;D01;2;7;0;2;9;1;1;
79856;202200051871;721 664;C01;2;10;0;9;1;1;1;
79857;202200051871;721 669;B01;2;7;0;2;1;1;1;
79858;202200051871;721 673;A01;2;15;0;2;4;1;1;
79859;202200051872;721 665;B01;3;10;0;2;1;16;1;
79860;202200051872;721 674;A01;1;38;0;2;2;1;1;1.0
79861;202200051873;721 660;B01;1;7;0;2;4;2;1;
79862;202200051873;721 668;A01;1;7;0;2;1;2;1;
79863;202200051874;721 658;A01;1;37;0;1;2;21;2;1.0
79864;202200051875;721 652;A01;0;10;0;2;5;15;1;
79865;202200051875;721 656;B01;0;33;0;2;1;1;1;
79866;202200051876;721 653;A01;2;7;0;0;6;24;1;
79867;202200051876;721 657;B01;2;7;1;0;2;14;1;
79868;202200051877;721 651;B01;1;7;0;2;1;2;1;
79869;202200051877;721 655;A01;1;7;4;2;8;2;1;
79870;202200051878;721 650;A01;1;7;2;0;8;1;1;
79871;202200051879;721 648;C01;1;7;0;2;1;1;1;
79872;202200051879;721 654;B01;1;33;0;2;8;1;0;
79873;202200051879;721 659;A01;1;7;0;2;1;15;1;
79874;202200051880;721 644;A01;3;7;0;1;1;1;0;
79875;202200051881;721 643;B01;3;30;0;2;3;13;1;
79876;202200051881;721 646;A01;3;7;13;2;3;1;1;
79877;202200051882;721 637;A01;2;7;13;0;9;14;1;
79878;202200051883;721 636;A01;1;2;0;0;1;1;1;
79879;202200051883;721 641;B01;2;7;0;0;2;15;1;
79880;202200051884;721 635;B01;1;7;0;2;3;1;1;
79881;202200051884;721 639;A01;2;7;0;2;3;1;1;
79882;202200051885;721 632;B01;1;33;16;0;4;2;1;
79883;202200051885;721 640;A01;1;13;0;2;3;2;1;
79884;202200051886;721 633;A01;1;7;1;9;2;1;1;
79885;202200051887;721 634;F01;1;7;4;2;4;2;1;
79886;202200051887;721 638;E01;1;7;4;2;4;2;1;
79887;202200051887;721 642;D01;1;7;4;2;4;2;1;
79888;202200051887;721 645;C01;1;7;4;2;4;2;1;
79889;202200051887;721 647;B01;1;7;4;2;4;2;1;
79890;202200051887;721 649;A01;1;7;4;2;1;1;1;
79891;202200051888;721 628;A01;-1;7;6;0;7;1;1;
79892;202200051889;721 629;B01;2;80;0;2;8;19;3;
79893;202200051889;721 631;A01;1;7;0;2;1;1;2;
79894;202200051890;721 624;A01;2;7;0;2;4;26;1;
79895;202200051890;721 626;B01;2;10;0;2;1;21;1;
79896;202200051891;721 623;A01;3;7;0;1;4;4;0;
79897;202200051893;721 622;A01;1;7;0;2;8;15;1;
79898;202200051893;721 627;B01;2;14;0;2;1;1;1;
79899;202200051894;721 620;A01;3;7;0;1;1;16;1;
79900;202200051894;721 625;B01;3;7;14;0;0;0;0;
79901;202200051895;721 618;A01;3;2;8;0;1;1;1;
79902;202200051896;721 617;B01;2;7;0;0;3;26;1;
79903;202200051896;721 619;A01;2;33;0;2;1;1;1;
79904;202200051897;721 613;A01;1;7;0;0;0;0;1;
79905;202200051898;721 614;A01;1;7;0;2;1;26;1;
79906;202200051898;721 616;B01;1;7;0;2;6;0;2;
79907;202200051899;721 605;B01;1;33;0;2;1;1;1;
79908;202200051899;721 610;A01;2;7;0;2;3;5;0;
79909;202200051900;721 604;A01;2;2;0;2;8;17;1;
79910;202200051900;721 611;B01;1;7;0;2;3;16;1;
79911;202200051901;721 609;B01;2;7;8;2;4;16;1;
79912;202200051901;721 612;A01;2;7;0;2;1;2;1;
79913;202200051902;721 603;A01;1;7;0;1;2;16;1;
79914;202200051903;721 602;B01;2;1;0;2;2;1;5;
79915;202200051903;721 608;A01;2;7;0;2;3;9;1;
79916;202200051904;721 601;A01;1;7;0;2;3;14;1;
79917;202200051904;721 606;B01;1;7;0;0;4;2;2;
79918;202200051905;721 600;C01;3;7;0;2;1;23;1;
79919;202200051905;721 607;B01;3;33;0;2;1;23;1;
79920;202200051905;721 615;A01;3;7;0;2;1;15;1;
79921;202200051906;721 599;A01;1;33;13;0;7;1;1;
79922;202200051908;721 596;A01;3;7;0;1;1;1;1;
79923;202200051909;721 597;A01;3;2;0;0;0;0;1;
79924;202200051910;721 593;B01;3;7;0;2;4;1;1;
79925;202200051910;721 595;A01;2;7;0;2;1;9;2;
79926;202200051911;721 591;A01;2;31;0;0;1;1;1;
79927;202200051912;721 588;B01;1;7;16;0;0;20;0;
79928;202200051912;721 592;A01;1;32;0;2;0;21;1;
79929;202200051913;721 585;B01;3;10;0;2;1;5;1;
79930;202200051913;721 589;A01;3;7;0;2;1;1;1;
79931;202200051914;721 586;A01;2;7;0;1;2;17;1;
79932;202200051915;721 584;B01;1;7;0;2;1;1;1;
79933;202200051915;721 590;A01;2;7;0;2;1;5;1;
79934;202200051916;721 580;A01;1;7;0;2;3;21;1;
79935;202200051916;721 583;B01;2;33;0;2;1;17;1;
79936;202200051917;721 576;A01;0;1;13;0;1;0;5;
79937;202200051918;721 573;A01;2;2;0;0;8;1;1;
79938;202200051919;721 575;A01;2;7;0;2;3;1;1;
79939;202200051919;721 578;B01;1;7;0;0;8;1;0;
79940;202200051921;721 570;A01;0;7;0;2;1;15;1;
79941;202200051921;721 577;B01;0;33;0;2;1;1;1;
79942;202200051922;721 569;A01;2;1;0;2;1;2;5;
79943;202200051922;721 571;B01;2;7;0;0;4;23;1;
79944;202200051923;721 562;A01;1;10;0;2;2;17;1;
79945;202200051923;721 567;B01;0;1;0;2;4;19;5;
79946;202200051924;721 561;A01;3;30;0;2;3;13;1;
79947;202200051924;721 568;B01;3;33;0;2;3;1;1;
79948;202200051925;721 558;C01;1;7;0;2;8;1;1;
79949;202200051925;721 566;B01;1;7;0;2;4;1;1;
79950;202200051925;721 574;A01;1;7;3;2;1;1;1;
79951;202200051926;721 557;B01;2;1;0;2;1;1;5;
79952;202200051926;721 564;A01;2;7;0;2;1;9;1;
79953;202200051927;721 559;B01;2;7;0;0;4;1;1;
79954;202200051927;721 565;A01;2;7;0;2;1;2;1;
79955;202200051928;721 560;B01;1;7;0;2;6;1;1;
79956;202200051928;721 563;A01;1;2;0;2;1;1;1;
79957;202200051929;721 554;A01;3;7;2;0;7;15;1;
79958;202200051931;721 550;A01;1;7;13;0;9;0;1;
79959;202200051932;721 551;B01;1;7;0;2;1;1;1;
79960;202200051932;721 555;A01;2;7;0;2;1;13;1;
79961;202200051933;721 547;A01;1;7;8;0;6;13;1;
79962;202200051934;721 546;A01;1;2;0;0;8;3;1;
79963;202200051934;721 553;B01;2;7;0;0;8;1;1;