;Num_Acc;id_vehicule;num_veh;senc;catv;obs;obsm;choc;manv;motor;occutc
79964;202200051935;721 545;A01;2;7;0;2;2;15;2;
79965;202200051935;721 549;B01;1;33;0;2;9;1;1;
79966;202200051936;721 544;A01;2;7;16;0;1;0;1;
79967;202200051937;721 548;A01;1;37;5;0;2;15;1;2.0
79968;202200051938;721 540;B01;2;1;0;2;8;15;5;
79969;202200051938;721 543;A01;2;43;0;2;1;3;1;
79970;202200051939;721 536;A01;1;10;1;1;1;1;1;
79971;202200051940;721 534;B01;1;7;0;2;1;1;1;
79972;202200051940;721 538;A01;2;7;0;2;1;13;1;
79973;202200051941;721 532;B01;1;17;0;2;3;1;1;
79974;202200051941;721 535;A01;2;10;0;2;8;5;1;
79975;202200051942;721 531;A01;2;1;0;0;7;1;5;
79976;202200051943;721 529;A01;1;7;0;2;1;2;1;
79977;202200051943;721 533;B01;1;7;0;2;1;2;1;
79978;202200051944;721 525;A01;2;33;0;0;2;1;1;
79979;202200051945;721 523;B01;2;7;13;0;9;2;1;
79980;202200051945;721 526;A01;2;7;0;2;2;17;1;
79981;202200051946;721 524;B01;2;2;0;2;8;1;1;
79982;202200051946;721 528;A01;1;7;0;2;3;1;1;
79983;202200051948;721 520;A01;3;7;2;0;6;1;6;
79984;202200051949;721 521;A01;2;33;3;2;5;26;1;
79985;202200051949;721 527;B01;2;7;0;2;3;14;1;
79986;202200051950;721 518;A01;1;7;0;1;5;16;1;
79987;202200051951;721 515;B01;2;80;0;0;4;1;3;
79988;202200051951;721 519;A01;2;7;0;2;8;1;1;
79989;202200051952;721 512;A01;3;7;6;0;2;14;1;
79990;202200051953;721 513;B01;3;1;0;2;1;1;5;
79991;202200051953;721 516;A01;3;7;0;2;5;16;1;
79992;202200051954;721 508;A01;0;2;12;0;7;0;1;
79993;202200051955;721 506;A01;1;7;0;2;2;12;1;
79994;202200051955;721 514;B01;1;43;0;1;8;1;1;
79995;202200051956;721 504;A01;0;2;0;2;7;1;1;
79996;202200051956;721 511;B01;0;7;0;2;0;0;0;
79997;202200051957;721 503;A01;3;7;0;2;7;17;1;
79998;202200051957;721 509;B01;3;2;0;0;8;1;1;
79999;202200051958;721 505;A01;3;7;8;0;8;0;1;
80000;202200051959;721 501;A01;2;7;0;0;3;1;1;
80001;202200051961;721 498;A01;2;7;0;0;3;1;1;
80002;202200051961;721 502;B01;1;7;0;2;1;15;1;
80003;202200051962;721 496;A01;3;33;0;0;0;0;1;
80004;202200051963;721 497;A01;3;10;0;1;1;20;1;
80005;202200051964;721 492;B01;3;50;0;9;3;0;3;
80006;202200051964;721 495;A01;3;80;0;9;1;0;3;
80007;202200051967;721 488;A01;-1;7;0;2;1;9;1;
80008;202200051967;721 491;B01;2;99;0;0;7;1;1;
80009;202200051968;721 486;B01;3;7;0;2;8;19;1;
80010;202200051968;721 489;A01;3;33;0;0;8;17;1;
80011;202200051969;721 485;A01;1;7;13;0;9;13;1;
80012;202200051970;721 483;A01;1;7;17;0;3;0;1;
80013;202200051971;721 480;B01;3;7;0;9;3;1;1;
80014;202200051971;721 484;A01;3;1;1;2;1;21;5;
80015;202200051972;721 482;Z01;0;7;0;1;2;15;1;
80016;202200051974;721 478;A01;0;7;2;0;3;17;1;
80017;202200051975;721 474;A01;1;34;0;2;1;1;1;
80018;202200051975;721 481;B01;1;7;0;2;4;16;1;
80019;202200051976;721 476;A01;2;7;2;0;1;1;1;
80020;202200051977;721 471;A01;2;7;0;1;1;1;1;
80021;202200051978;721 469;B01;2;7;0;2;1;1;1;
80022;202200051978;721 475;A01;1;7;8;2;5;1;1;
80023;202200051979;721 468;A01;2;7;10;0;1;0;1;
80024;202200051980;721 467;A01;1;7;2;0;2;26;1;
80025;202200051981;721 466;B01;1;7;0;2;2;1;1;
80026;202200051981;721 470;A01;1;7;0;0;6;10;1;
80027;202200051982;721 472;A01;1;10;6;2;7;14;0;
80028;202200051982;721 473;B01;1;15;3;0;8;1;0;
80029;202200051982;721 477;C01;1;15;3;0;0;1;0;
80030;202200051983;721 463;A01;2;36;16;0;9;0;1;
80031;202200051984;721 460;A01;1;7;0;0;2;1;1;
80032;202200051985;721 458;A01;1;34;14;0;1;1;1;
80033;202200051986;721 461;B01;1;50;0;2;1;1;3;
80034;202200051986;721 465;A01;1;7;0;2;1;1;1;
80035;202200051987;721 454;B01;1;7;0;2;2;1;1;
80036;202200051987;721 457;A01;2;7;0;2;1;15;1;
80037;202200051988;721 453;A01;3;2;14;0;1;1;1;
80038;202200051989;721 451;C01;3;7;0;2;4;2;1;
80039;202200051989;721 456;B01;3;7;0;2;9;1;1;
80040;202200051989;721 464;A01;3;10;0;2;1;2;1;
80041;202200051990;721 449;A01;1;33;0;0;9;26;1;
80042;202200051991;721 447;A01;2;7;8;0;1;1;1;
80043;202200051992;721 448;A01;1;10;13;0;3;0;1;
80044;202200051993;721 445;A01;2;33;0;2;1;1;1;
80045;202200051993;721 450;B01;1;7;0;2;2;15;2;
80046;202200051994;721 446;A01;1;10;0;2;8;10;1;
80047;202200051994;721 452;B01;1;33;0;2;1;1;1;
80048;202200051997;721 442;A01;1;7;6;0;3;1;1;
80049;202200051998;721 440;A01;2;30;0;1;1;1;1;
80050;202200051999;721 439;A01;1;7;0;2;3;1;1;
80051;202200051999;721 441;B01;2;2;0;2;1;1;1;
80052;202200052000;721 438;A01;2;10;15;0;1;1;1;
80053;202200052001;721 434;A01;1;2;0;0;0;0;1;
80054;202200052004;721 430;B01;1;33;0;2;1;15;1;
80055;202200052004;721 437;A01;2;7;0;2;3;13;1;
80056;202200052005;721 429;B01;1;33;0;2;1;1;1;
80057;202200052005;721 432;A01;1;7;0;2;6;11;1;
80058;202200052006;721 425;A01;3;31;6;0;0;1;1;
80059;202200052007;721 428;A01;2;7;0;1;1;1;1;
80060;202200052008;721 426;A01;3;7;0;1;1;1;1;
80061;202200052009;721 423;A01;2;7;1;2;2;16;1;
80062;202200052009;721 436;B01;1;7;0;2;2;1;1;
80063;202200052010;721 424;A01;1;7;0;2;9;2;1;
80064;202200052011;721 422;A01;1;7;0;2;3;1;1;
80065;202200052011;721 427;B01;2;7;0;0;3;1;1;
80066;202200052012;721 420;A01;3;31;14;0;3;1;1;
80067;202200052014;721 416;A01;2;30;16;0;8;1;1;
80068;202200052017;721 409;A01;2;10;0;2;1;19;1;
80069;202200052017;721 418;B01;1;10;0;2;2;1;1;
80070;202200052018;721 410;A01;0;10;0;2;3;15;1;
80071;202200052018;721 414;B01;1;3;0;0;1;1;0;
80072;202200052019;721 408;A01;2;7;0;1;2;1;1;
80073;202200052020;721 407;A01;2;7;0;2;3;15;1;
80074;202200052020;721 413;B01;1;7;0;2;1;1;1;
80075;202200052021;721 406;A01;3;7;13;0;1;2;1;
80076;202200052022;721 401;B01;0;7;0;0;0;23;1;
80077;202200052022;721 405;A01;0;7;0;0;0;26;1;
80078;202200052023;721 400;A01;2;7;0;2;7;12;1;
80079;202200052023;721 403;B01;2;33;0;2;8;3;0;
80080;202200052024;721 398;B01;2;7;0;9;3;2;2;
80081;202200052024;721 404;A01;2;1;0;2;4;1;5;
80082;202200052025;721 399;A01;2;7;0;1;7;16;1;
80083;202200052026;721 395;A01;1;15;0;1;2;0;1;
80084;202200052027;721 397;A01;2;2;11;0;1;1;1;
80085;202200052028;721 394;A01;3;7;0;1;4;20;1;
80086;202200052029;721 391;B01;1;33;0;2;7;1;1;
80087;202200052029;721 393;A01;1;7;0;2;8;11;1;
80088;202200052031;721 389;A01;1;33;0;0;1;1;1;
80089;202200052032;721 384;B01;2;7;0;2;1;13;1;
80090;202200052032;721 388;A01;1;7;0;2;1;1;1;
80091;202200052033;721 386;B01;1;21;0;0;0;15;1;
80092;202200052033;721 390;A01;1;33;0;0;9;17;1;
80093;202200052034;721 383;A01;2;99;13;0;9;1;1;
80094;202200052035;721 382;A01;2;7;12;0;3;1;3;
80095;202200052036;721 381;B01;2;10;0;2;8;1;1;
80096;202200052036;721 385;A01;1;7;0;2;2;1;1;
80097;202200052037;721 375;A01;2;7;0;2;1;2;1;
80098;202200052037;721 380;B01;2;7;0;2;4;2;1;
80099;202200052038;721 378;A01;2;31;0;6;1;0;1;
80100;202200052039;721 377;A01;3;3;0;1;4;4;1;
80101;202200052041;721 396;A01;2;7;7;0;8;19;3;
80102;202200052041;721 402;B01;1;15;0;2;1;1;1;
80103;202200052042;721 371;A01;2;7;15;0;1;26;1;
80104;202200052043;721 374;A01;1;7;0;2;1;15;1;
80105;202200052043;721 376;B01;2;1;0;2;1;1;5;
80106;202200052044;721 370;A01;1;2;0;0;0;14;1;
80107;202200052045;721 369;B01;0;7;0;0;0;0;1;
80108;202200052045;721 372;A01;0;50;0;2;0;26;3;
80109;202200052046;721 366;A01;1;31;12;0;1;15;1;
80110;202200052047;721 367;A01;1;7;2;0;0;0;1;
80111;202200052048;721 364;A01;2;7;0;1;1;9;1;
80112;202200052050;721 361;B01;1;2;0;2;4;16;1;
80113;202200052050;721 365;A01;1;2;0;2;4;18;1;
80114;202200052052;721 358;A01;2;7;17;0;3;14;1;
80115;202200052053;721 359;A01;2;10;0;1;2;1;1;
80116;202200052054;721 357;A01;2;7;0;1;2;1;1;
80117;202200052056;721 352;A01;0;7;0;1;0;1;2;
80118;202200052057;721 351;B01;3;7;0;2;1;1;1;
80119;202200052057;721 356;A01;1;1;16;0;1;19;5;
80120;202200052058;721 350;B01;1;7;0;2;6;1;1;
80121;202200052058;721 353;A01;1;7;4;2;2;12;1;
80122;202200052059;721 349;A01;1;7;0;0;9;0;1;
80123;202200052060;721 347;B01;1;7;0;2;3;1;1;
80124;202200052060;721 354;A01;2;7;0;2;2;15;1;
80125;202200052061;721 345;A01;1;2;0;0;0;1;1;
80126;202200052062;721 341;A01;1;7;2;1;1;14;1;
80127;202200052063;721 344;B01;3;50;0;9;3;1;3;
80128;202200052063;721 348;A01;3;7;0;9;2;16;1;
80129;202200052064;721 339;A01;1;1;0;2;7;1;5;
80130;202200052064;721 346;B01;2;7;0;2;3;19;1;
80131;202200052065;721 340;A01;2;7;4;0;3;13;1;
80132;202200052066;721 336;A01;2;2;0;2;7;26;1;
80133;202200052066;721 342;B01;1;7;0;2;3;9;1;
80134;202200052067;721 338;A01;3;1;6;0;1;0;5;
80135;202200052068;721 335;A01;2;7;0;2;1;15;1;
80136;202200052068;721 343;B01;1;7;0;2;1;15;1;
80137;202200052069;721 334;B01;2;7;0;2;4;16;1;
80138;202200052069;721 337;A01;2;7;0;2;2;1;1;
80139;202200052070;721 330;A01;2;7;0;2;3;13;1;
80140;202200052070;721 333;B01;1;80;0;2;8;1;3;
80141;202200052071;721 331;A01;1;33;14;0;0;6;1;
80142;202200052072;721 329;A01;1;7;4;0;3;1;1;
80143;202200052073;721 327;A01;1;33;11;0;1;17;1;
80144;202200052074;721 328;B01;3;7;0;2;3;0;1;
80145;202200052074;721 332;A01;3;7;0;2;3;26;1;
80146;202200052075;721 326;A01;2;7;4;0;3;12;1;
80147;202200052076;721 324;A01;2;7;16;0;2;1;1;
80148;202200052077;721 323;A01;1;7;8;0;1;13;1;
80149;202200052078;721 321;B01;1;7;0;2;3;1;1;
80150;202200052078;721 325;A01;2;3;3;2;3;1;1;
80151;202200052079;721 316;B01;2;7;3;2;2;1;1;
80152;202200052079;721 322;A01;1;7;0;2;3;13;1;
80153;202200052080;721 320;A01;3;7;8;0;1;1;1;
80154;202200052081;721 315;A01;1;3;0;2;1;15;1;
80155;202200052081;721 319;B01;2;7;0;2;1;1;1;
80156;202200052082;721 313;B01;2;7;0;2;1;1;1;
80157;202200052082;721 318;A01;2;7;0;2;1;1;1;
80158;202200052084;721 304;B01;2;32;0;2;3;1;1;
80159;202200052084;721 309;A01;1;10;0;2;2;19;1;
80160;202200052085;721 302;B01;2;1;0;2;8;1;5;
80161;202200052085;721 308;A01;1;7;0;2;2;19;1;
80162;202200052086;721 305;A01;1;2;0;2;1;1;1;
80163;202200052086;721 312;B01;1;7;0;2;1;1;1;
80164;202200052087;721 301;E01;1;7;0;9;0;1;1;
80165;202200052087;721 306;D01;1;10;0;9;8;1;1;
80166;202200052087;721 310;C01;1;7;14;2;1;1;1;
80167;202200052087;721 314;B01;1;7;0;2;6;1;1;
80168;202200052087;721 317;A01;1;7;0;2;2;2;1;
80169;202200052088;721 303;A01;1;7;2;0;0;17;1;
80170;202200052089;721 300;A01;1;10;0;1;2;21;1;
80171;202200052090;721 294;A01;3;7;0;2;2;9;0;
80172;202200052090;721 299;B01;3;7;0;2;1;1;1;
80173;202200052091;721 291;A01;1;33;0;2;1;2;1;
80174;202200052091;721 298;B01;1;7;0;2;4;2;1;
80175;202200052092;721 288;A01;1;1;0;2;0;21;5;
80176;202200052092;721 295;B01;2;7;0;2;8;19;0;
80177;202200052093;721 289;B01;3;1;0;2;1;16;5;
80178;202200052093;721 296;A01;1;7;0;2;7;1;1;
80179;202200052094;721 290;B01;1;7;0;2;1;1;1;
80180;202200052094;721 297;A01;2;33;0;2;2;13;1;
80181;202200052095;721 287;A01;0;7;0;2;1;2;1;
80182;202200052095;721 293;B01;0;7;0;2;4;2;1;
80183;202200052096;721 285;A01;0;38;0;2;2;1;1;1.0
80184;202200052096;721 292;B01;3;7;0;2;1;15;1;
80185;202200052097;721 283;B01;3;7;0;2;1;19;1;
80186;202200052097;721 286;A01;1;7;0;2;2;21;1;
80187;202200052098;721 281;A01;1;7;0;2;3;19;1;
80188;202200052098;721 284;B01;2;2;0;2;1;1;1;
80189;202200052099;721 278;A01;1;10;8;0;2;1;1;
80190;202200052100;721 280;A01;2;7;2;0;1;1;1;
80191;202200052101;721 277;A01;1;7;0;1;1;15;1;
80192;202200052102;721 274;A01;2;7;13;0;2;1;1;
80193;202200052103;721 275;Z01;2;7;1;2;0;0;0;
80194;202200052103;721 282;A01;2;7;1;2;8;2;0;
80195;202200052104;721 276;A01;2;7;0;0;8;15;1;
80196;202200052104;721 279;B01;1;33;0;2;1;1;1;
80197;202200052106;721 269;A01;1;30;0;2;1;9;1;
80198;202200052106;721 273;B01;2;1;0;2;7;1;5;
80199;202200052107;721 268;A01;3;32;0;0;0;0;0;
80200;202200052107;721 271;Z01;3;7;0;0;0;0;0;
80201;202200052108;721 265;B01;1;7;0;2;1;1;3;
80202;202200052108;721 272;A01;2;7;0;2;1;13;1;
80203;202200052109;721 263;A01;1;7;13;0;3;17;1;
80204;202200052110;721 264;A01;2;43;0;0;0;1;1;
80205;202200052111;721 261;B01;2;7;0;2;1;0;1;
80206;202200052111;721 267;A01;3;7;0;2;2;20;1;
80207;202200052112;721 260;A01;1;7;0;2;1;9;1;
80208;202200052112;721 262;B01;1;1;0;2;7;2;5;
80209;202200052113;721 259;A01;1;7;0;1;1;1;1;
80210;202200052114;721 257;A01;1;7;8;0;2;15;1;
80211;202200052115;721 256;A01;3;7;1;0;2;1;1;
80212;202200052116;721 253;A01;1;7;4;0;3;1;1;
80213;202200052118;721 250;A01;1;33;0;2;7;2;1;
80214;202200052118;721 254;B01;1;10;0;2;3;9;1;
80215;202200052119;721 247;C01;1;7;0;0;1;1;1;
80216;202200052119;721 249;B01;1;7;0;2;4;1;1;
80217;202200052119;721 255;A01;1;7;0;2;1;1;1;
80218;202200052120;721 244;B01;0;7;0;0;6;26;1;
80219;202200052120;721 248;A01;3;34;0;2;1;2;1;
80220;202200052121;721 245;A01;3;7;0;1;1;1;1;
80221;202200052122;721 241;A01;1;2;0;0;0;1;1;
80222;202200052123;721 238;A01;2;7;16;2;3;12;1;
80223;202200052123;721 243;B01;2;7;0;2;1;1;1;
80224;202200052124;721 237;A01;2;7;0;1;2;1;1;
80225;202200052125;721 236;B01;1;2;0;2;7;2;1;
80226;202200052125;721 240;A01;1;2;0;2;8;2;1;
80227;202200052126;721 235;A01;1;7;0;2;3;1;1;
80228;202200052126;721 242;B01;1;7;0;2;2;1;1;
80229;202200052126;721 246;C01;1;7;0;2;1;23;1;
80230;202200052129;721 231;A01;3;7;0;1;3;26;1;
80231;202200052130;721 227;B01;1;7;0;2;3;15;1;
80232;202200052130;721 232;A01;1;33;0;2;1;17;1;
80233;202200052131;721 221;A01;3;7;7;2;1;0;0;
80234;202200052131;721 228;B01;3;10;0;2;3;1;1;
80235;202200052132;721 220;B01;3;3;0;2;1;16;1;
80236;202200052132;721 230;A01;3;7;0;2;2;1;1;
80237;202200052133;721 218;A01;3;7;0;0;4;23;1;
80238;202200052133;721 225;B01;3;1;0;2;1;1;5;
80239;202200052136;721 219;A01;2;38;0;2;5;17;1;1.0
80240;202200052136;721 226;B01;2;1;0;2;8;2;5;
80241;202200052137;721 213;A01;2;17;3;0;3;15;1;
80242;202200052139;721 212;B01;1;7;0;2;1;1;1;
80243;202200052139;721 222;A01;1;7;15;0;2;1;1;
80244;202200052140;721 215;A01;2;7;0;1;1;1;1;
80245;202200052141;721 211;A01;1;7;0;1;2;26;1;
80246;202200052142;721 207;A01;2;35;6;0;1;1;1;
80247;202200052143;721 205;A01;3;7;0;2;3;1;1;
80248;202200052143;721 209;B01;0;7;0;2;3;17;1;
80249;202200052144;721 206;B01;1;10;0;2;7;12;1;
80250;202200052144;721 210;A01;1;34;0;2;8;1;1;
80251;202200052145;721 201;A01;3;7;0;1;3;1;0;
80252;202200052146;721 199;A01;1;32;0;0;4;0;1;
80253;202200052146;721 203;B01;1;7;0;2;1;0;1;
80254;202200052146;721 208;C01;1;7;0;2;1;1;1;
80255;202200052147;721 202;A01;2;7;12;0;2;15;1;
80256;202200052148;721 197;B01;1;7;0;2;3;0;1;
80257;202200052148;721 204;A01;2;30;0;2;1;26;1;
80258;202200052149;721 194;A01;1;33;0;0;7;1;1;
80259;202200052150;721 193;A01;1;33;0;0;7;0;1;
80260;202200052151;721 190;A01;1;7;0;2;2;19;1;
80261;202200052151;721 196;B01;2;33;0;2;5;1;1;
80262;202200052152;721 191;A01;0;7;0;2;1;1;1;
80263;202200052152;721 198;B01;0;7;0;0;2;1;1;
80264;202200052153;721 188;A01;2;7;0;1;4;4;1;
80265;202200052154;721 186;A01;1;7;2;0;1;13;1;
80266;202200052155;721 185;A01;2;10;13;0;8;0;1;
80267;202200052157;721 183;A01;2;7;0;2;5;15;1;
80268;202200052157;721 187;B01;1;43;0;2;1;1;1;
80269;202200052160;721 174;B01;1;1;0;4;8;19;5;
80270;202200052160;721 179;A01;1;40;0;2;1;1;3;
80271;202200052161;721 175;B01;1;7;0;2;0;0;1;
80272;202200052161;721 180;A01;1;7;0;2;0;0;1;
80273;202200052162;721 172;B01;3;7;2;0;1;15;1;
80274;202200052163;721 173;A01;1;7;0;0;2;0;1;
80275;202200052163;721 178;B01;1;34;0;0;4;0;1;
80276;202200052164;721 171;B01;1;10;0;2;3;1;1;
80277;202200052164;721 176;A01;2;7;0;2;3;5;1;
80278;202200052165;721 166;A01;1;7;0;2;5;15;1;
80279;202200052165;721 169;B01;1;33;0;2;1;21;1;
80280;202200052166;721 165;A01;2;15;0;1;2;1;1;
80281;202200052168;721 161;A01;2;10;0;2;4;2;1;
80282;202200052168;721 167;B01;2;7;0;2;4;2;1;
80283;202200052168;721 170;C01;2;10;0;2;1;2;1;
80284;202200052169;721 162;A01;0;7;0;1;2;1;1;
80285;202200052170;721 157;B01;1;7;0;2;8;15;1;
80286;202200052170;721 164;A01;2;33;0;2;1;17;1;
80287;202200052171;721 159;A01;1;7;13;0;9;0;1;
80288;202200052172;721 158;B01;3;7;0;2;3;9;1;
80289;202200052172;721 168;A01;1;7;0;2;2;1;1;
80290;202200052173;721 155;B01;3;50;0;2;1;26;3;
80291;202200052173;721 160;A01;3;7;0;2;7;7;1;
80292;202200052174;721 154;B01;2;10;15;0;3;1;1;
80293;202200052174;721 156;A01;1;7;15;0;1;6;1;
80294;202200052175;721 153;A01;2;7;13;0;9;14;1;
80295;202200052176;721 148;A01;1;7;0;2;1;11;1;
80296;202200052176;721 152;B01;2;7;0;2;1;5;1;
80297;202200052178;721 146;B01;1;14;0;2;1;0;1;
80298;202200052178;721 151;A01;0;10;0;0;0;0;0;
80299;202200052180;721 145;A01;1;50;0;1;1;1;3;
80300;202200052181;721 141;A01;3;7;0;1;7;1;1;
80301;202200052182;721 140;B01;2;7;0;2;7;1;1;
80302;202200052182;721 150;A01;2;2;0;2;1;1;1;
80303;202200052183;721 139;B01;1;15;0;2;4;2;1;
80304;202200052183;721 142;A01;1;7;0;2;1;2;1;
80305;202200052184;721 137;A01;1;7;13;0;1;14;1;
80306;202200052185;721 136;A01;2;7;4;0;1;2;1;
80307;202200052186;721 135;B01;2;7;0;2;7;19;1;
80308;202200052186;721 143;A01;2;50;0;2;1;5;3;
80309;202200052187;721 134;A01;1;7;0;1;2;9;1;
80310;202200052188;721 132;B01;2;7;0;2;3;1;2;
80311;202200052188;721 138;A01;1;33;0;1;1;1;1;
80312;202200052189;721 128;A01;1;7;13;0;1;13;1;
80313;202200052190;721 131;A01;1;7;0;1;1;1;1;
80314;202200052191;721 127;A01;1;38;0;1;6;15;0;1.0
80315;202200052192;721 125;B01;1;7;0;2;3;2;1;
80316;202200052192;721 129;A01;1;33;0;2;7;1;1;
80317;202200052193;721 119;B01;2;33;0;2;8;1;1;
80318;202200052193;721 123;A01;2;30;0;2;8;13;1;
80319;202200052194;721 117;A01;2;7;0;1;2;1;1;
80320;202200052195;721 121;B01;1;7;0;0;1;2;1;
80321;202200052195;721 130;A01;2;7;0;0;1;15;1;
80322;202200052196;721 115;A01;2;7;1;2;9;14;1;
80323;202200052196;721 118;B01;1;2;0;2;1;1;1;
80324;202200052196;721 122;C01;3;7;0;2;8;26;1;
80325;202200052196;721 126;D01;3;7;0;2;8;26;1;
80326;202200052196;721 133;E01;3;7;0;2;3;26;1;
80327;202200052197;721 120;A01;1;33;4;0;8;13;1;
80328;202200052198;721 111;A01;3;1;0;2;8;0;5;
80329;202200052198;721 113;Z01;3;7;0;2;8;17;0;
80330;202200052199;721 109;A01;0;7;0;1;1;26;2;
80331;202200052201;721 112;A01;3;1;0;0;0;15;5;
80332;202200052202;721 108;A01;1;10;0;2;6;14;1;
80333;202200052202;721 116;B01;1;7;0;2;1;1;1;
80334;202200052203;721 105;A01;2;7;8;1;2;1;2;
80335;202200052204;721 103;A01;3;7;0;2;1;13;1;
80336;202200052204;721 107;B01;3;31;0;2;1;1;1;
80337;202200052204;721 110;C01;3;7;0;2;2;24;1;
80338;202200052206;721 097;A01;1;7;0;9;8;16;1;
80339;202200052206;721 098;B01;1;1;0;2;1;1;5;
80340;202200052207;721 104;A01;2;7;13;0;3;1;1;
80341;202200052208;721 095;A01;0;80;0;2;1;5;3;
80342;202200052208;721 096;B01;2;7;0;2;1;1;1;
80343;202200052209;721 102;A01;2;2;0;0;1;14;1;
80344;202200052210;721 092;A01;3;7;2;0;2;1;1;
80345;202200052211;721 101;B01;1;7;0;0;4;23;1;
80346;202200052211;721 106;A01;2;7;1;0;1;2;1;
80347;202200052212;721 093;A01;1;32;0;1;1;1;1;
80348;202200052213;721 090;A01;3;7;1;1;4;20;1;
80349;202200052214;721 081;A01;1;7;0;2;1;17;1;
80350;202200052214;721 087;B01;2;31;0;2;1;1;1;
80351;202200052215;721 077;A01;2;10;6;2;3;1;1;
80352;202200052215;721 083;B01;2;7;15;2;2;1;1;
80353;202200052216;721 086;B01;3;10;0;2;1;15;1;
80354;202200052216;721 094;A01;3;1;0;0;8;1;5;
80355;202200052217;721 079;B01;1;7;0;2;6;14;1;
80356;202200052217;721 085;A01;1;7;0;2;3;1;2;
80357;202200052219;721 088;B01;2;31;0;2;2;1;1;
80358;202200052219;721 099;A01;1;7;0;2;3;0;1;
80359;202200052220;721 078;A01;1;7;0;2;1;2;1;
80360;202200052220;721 089;B01;1;10;3;2;4;2;1;
80361;202200052221;721 080;A01;1;7;1;0;3;0;1;
80362;202200052222;721 073;A01;1;30;0;2;1;5;1;
80363;202200052222;721 075;B01;2;7;0;2;2;1;1;
80364;202200052223;721 071;A01;3;7;0;1;5;0;1;
80365;202200052224;721 076;B01;1;7;0;2;8;15;1;
80366;202200052224;721 084;A01;1;31;0;2;7;17;1;
80367;202200052225;721 061;A01;0;7;0;2;7;15;1;
80368;202200052225;721 066;B01;0;7;0;2;1;1;1;
80369;202200052226;721 062;A01;2;7;0;9;8;22;1;
80370;202200052226;721 067;B01;2;1;1;0;1;1;5;
80371;202200052227;721 068;A01;2;7;6;0;3;13;1;
80372;202200052228;721 058;B01;1;7;0;2;3;23;1;
80373;202200052228;721 063;A01;1;1;0;2;1;15;5;
80374;202200052229;721 065;B01;2;7;0;2;3;1;1;
80375;202200052229;721 072;A01;1;7;0;2;7;1;1;
80376;202200052230;721 054;B01;3;7;0;2;4;23;1;
80377;202200052230;721 057;A01;3;33;0;2;1;11;1;
80378;202200052231;721 053;B01;0;7;0;0;6;23;1;
80379;202200052231;721 055;A01;3;7;0;2;2;2;1;
80380;202200052232;721 059;B01;1;33;0;2;0;21;1;
80381;202200052232;721 069;A01;2;7;0;2;0;11;1;
80382;202200052233;721 051;A01;1;15;3;0;2;2;1;
80383;202200052234;721 052;B01;1;1;0;2;3;1;5;
80384;202200052234;721 060;A01;1;7;0;2;2;1;1;
80385;202200052235;721 046;A01;1;7;0;1;1;1;1;
80386;202200052236;721 049;A01;1;10;8;4;2;16;1;
80387;202200052236;721 050;B01;1;40;0;2;3;1;3;
80388;202200052237;721 044;A01;1;7;0;2;1;17;1;
80389;202200052237;721 064;B01;2;7;0;2;1;1;1;
80390;202200052238;721 048;B01;3;31;0;2;1;15;1;
80391;202200052238;721 056;A01;3;7;0;2;3;23;2;
80392;202200052239;721 038;B01;0;7;0;0;3;23;1;
80393;202200052239;721 039;Z01;0;7;14;1;1;17;0;
80394;202200052240;721 035;B01;1;7;0;2;0;0;1;
80395;202200052240;721 040;A01;1;7;3;2;8;9;0;
80396;202200052241;721 041;A01;0;7;0;2;2;15;1;
80397;202200052241;721 047;B01;0;2;0;2;1;1;1;
80398;202200052242;721 034;B01;1;7;0;2;4;2;1;
80399;202200052242;721 037;A01;1;7;0;2;1;2;2;
80400;202200052243;721 025;A01;1;7;0;2;7;14;1;
80401;202200052243;721 029;B01;1;2;0;2;8;18;1;
80402;202200052244;721 024;C01;1;37;0;2;1;2;1;1.0
80403;202200052244;721 028;B01;1;14;0;2;2;1;1;
80404;202200052244;721 030;A01;2;2;0;2;1;5;1;
80405;202200052245;721 023;B01;2;30;0;2;1;2;1;
80406;202200052245;721 027;A01;2;7;0;2;6;2;2;
80407;202200052246;721 031;C01;2;7;0;2;1;1;1;
80408;202200052246;721 036;B01;2;7;0;2;6;2;1;
80409;202200052246;721 043;A01;2;7;0;2;1;2;1;
80410;202200052247;721 022;A01;3;7;2;0;9;1;1;
80411;202200052248;721 033;A01;1;38;0;1;2;1;1;1.0
80412;202200052249;721 016;A01;2;7;13;0;1;9;1;
80413;202200052250;721 013;A01;1;1;0;2;0;9;5;
80414;202200052250;721 014;Z01;2;7;0;2;0;1;0;
80415;202200052251;721 015;B01;3;7;0;2;4;23;1;
80416;202200052251;721 019;A01;3;7;0;2;1;2;1;
80417;202200052252;721 010;A01;2;7;0;2;2;9;2;
80418;202200052252;721 012;B01;1;80;0;2;2;1;3;
80419;202200052253;721 007;A01;2;30;1;0;0;14;3;
80420;202200052254;721 005;B01;2;1;0;2;8;1;5;
80421;202200052254;721 008;Z01;1;7;0;2;0;0;0;
80422;202200052255;721 018;B01;3;2;0;0;7;23;1;
80423;202200052255;721 026;A01;3;2;1;0;1;2;1;