;Num_Acc;id_vehicule;num_veh;senc;catv;obs;obsm;choc;manv;motor;occutc
80424;202200052256;721 017;A01;3;7;0;1;2;1;1;
80425;202200052257;721 001;A01;1;7;0;2;8;16;1;
80426;202200052257;721 003;B01;3;33;0;2;2;1;1;
80427;202200052258;720 999;Z01;2;50;0;2;0;25;3;
80428;202200052258;721 002;A01;0;60;0;2;1;25;5;
80429;202200052259;720 998;B01;1;7;0;2;6;15;1;
80430;202200052259;721 000;A01;1;7;0;2;1;26;3;
80431;202200052260;721 011;A01;1;7;0;2;1;1;1;
80432;202200052260;721 032;B01;1;2;0;0;4;1;1;
80433;202200052260;721 042;C01;1;2;0;0;4;1;1;
80434;202200052261;721 004;A01;2;7;0;2;3;1;1;
80435;202200052261;721 020;B01;1;14;0;2;3;1;1;
80436;202200052262;720 989;Y01;3;1;0;2;2;1;5;
80437;202200052262;720 994;A01;3;7;0;9;3;15;1;
80438;202200052263;720 988;A01;1;7;0;2;3;17;1;
80439;202200052263;720 992;B01;1;7;0;2;3;23;1;
80440;202200052263;720 995;D01;1;10;0;9;1;1;1;
80441;202200052263;720 997;C01;1;10;0;2;1;1;1;
80442;202200052264;720 982;A01;0;7;1;1;1;14;1;
80443;202200052265;720 981;A01;1;7;0;1;0;1;2;
80444;202200052266;720 983;Z01;1;7;0;1;1;1;0;
80445;202200052267;720 987;A01;3;32;0;2;8;15;1;
80446;202200052267;721 006;B01;3;7;0;2;3;1;1;
80447;202200052268;720 990;C01;2;7;0;2;4;2;1;
80448;202200052268;720 996;B01;2;33;0;2;8;3;1;
80449;202200052268;721 009;A01;2;7;0;2;2;12;1;
80450;202200052269;720 977;Z01;2;7;0;1;4;4;0;
80451;202200052270;720 976;A01;3;7;12;0;2;13;1;
80452;202200052271;720 973;A01;0;7;0;1;2;1;1;
80453;202200052272;720 979;B01;1;33;0;2;8;21;1;
80454;202200052272;720 985;A01;2;7;0;2;3;1;1;
80455;202200052273;720 980;B01;2;7;0;0;3;13;1;
80456;202200052273;720 986;A01;1;7;9;0;6;1;1;
80457;202200052274;720 978;B01;3;10;0;2;1;5;1;
80458;202200052274;720 984;A01;3;2;0;2;1;1;1;
80459;202200052275;720 975;A01;3;30;0;1;0;1;0;
80460;202200052276;720 974;A01;1;10;0;2;1;1;1;
80461;202200052276;720 991;B01;3;1;0;2;8;19;5;
80462;202200052277;720 967;A01;2;7;0;2;0;0;1;
80463;202200052277;720 969;B01;2;34;0;2;0;0;1;
80464;202200052278;720 970;B01;1;7;0;2;1;23;1;
80465;202200052278;720 972;A01;1;7;0;2;4;23;1;
80466;202200052279;720 966;A01;1;2;0;0;0;1;1;
80467;202200052280;720 965;A01;3;1;0;2;6;19;5;
80468;202200052280;720 971;B01;1;7;0;2;7;1;1;
80469;202200052281;720 962;A01;1;7;11;0;1;2;1;
80470;202200052282;720 961;A01;1;32;0;2;9;13;1;
80471;202200052282;720 963;B01;2;7;0;2;1;1;1;
80472;202200052283;720 958;A01;2;7;0;2;1;1;1;
80473;202200052283;720 968;B01;1;3;0;2;2;1;1;
80474;202200052284;720 956;A01;1;1;0;0;0;0;5;
80475;202200052285;720 960;B01;2;7;0;2;2;15;1;
80476;202200052285;720 964;A01;2;33;0;2;1;1;1;
80477;202200052286;720 955;B01;3;7;0;2;3;1;1;
80478;202200052286;720 959;A01;3;7;0;2;3;13;1;
80479;202200052287;720 954;B01;2;7;0;2;3;1;1;
80480;202200052287;720 957;A01;2;15;0;2;2;12;1;
80481;202200052288;720 950;B01;1;7;0;2;4;11;1;
80482;202200052288;720 952;A01;1;33;0;2;1;1;1;
80483;202200052289;720 949;A01;2;7;0;1;2;1;1;
80484;202200052290;720 946;A01;1;7;2;0;1;1;1;
80485;202200052292;720 945;B01;3;7;0;2;6;2;1;
80486;202200052292;720 951;A01;3;7;0;2;2;21;1;
80487;202200052293;720 943;A01;1;7;4;0;1;1;1;
80488;202200052294;720 944;A01;1;7;0;1;1;1;0;
80489;202200052295;720 941;A01;2;7;0;0;2;15;1;
80490;202200052295;720 947;B01;1;2;0;2;1;1;1;
80491;202200052297;720 929;A01;3;7;0;2;1;1;0;
80492;202200052297;720 935;B01;0;33;0;0;0;0;1;
80493;202200052298;720 930;B01;2;10;0;2;3;23;1;
80494;202200052298;720 937;A01;1;7;0;2;1;13;1;
80495;202200052299;720 934;B01;1;7;0;2;1;1;1;
80496;202200052299;720 940;A01;1;7;0;2;1;5;0;
80497;202200052300;720 926;A01;1;7;0;2;1;13;1;
80498;202200052300;720 933;B01;3;7;0;2;3;1;1;
80499;202200052301;720 928;B01;3;7;0;2;2;1;1;
80500;202200052301;720 936;A01;3;7;0;2;1;6;1;
80501;202200052302;720 922;A01;3;2;0;2;1;1;1;
80502;202200052302;720 927;B01;3;7;0;2;3;1;1;
80503;202200052303;720 921;D01;1;7;3;2;4;1;1;
80504;202200052303;720 925;C01;1;7;3;2;4;2;1;
80505;202200052303;720 931;B01;1;7;3;2;4;2;1;
80506;202200052303;720 938;A01;1;33;3;2;1;2;1;
80507;202200052304;720 924;B01;3;33;0;0;4;2;1;
80508;202200052304;720 932;A01;3;7;0;0;2;2;1;
80509;202200052305;720 916;A01;2;7;3;0;3;13;1;
80510;202200052306;720 918;B01;2;7;12;2;8;1;1;
80511;202200052306;720 923;A01;1;7;12;2;3;13;1;
80512;202200052307;720 917;A01;0;7;0;0;4;16;1;
80513;202200052307;720 920;B01;3;33;0;2;1;1;1;
80514;202200052309;720 914;B01;3;7;8;9;2;21;3;
80515;202200052309;720 919;A01;3;1;0;2;4;9;5;
80516;202200052310;720 915;A01;1;7;13;0;9;14;1;
80517;202200052312;720 907;B01;2;7;0;2;1;1;1;
80518;202200052312;720 908;A01;1;7;0;2;2;9;1;
80519;202200052313;720 906;B01;2;32;0;2;7;1;1;
80520;202200052313;720 909;A01;1;7;0;2;7;15;1;
80521;202200052314;720 903;B01;2;7;0;2;7;1;1;
80522;202200052314;720 911;A01;3;7;0;2;1;19;1;
80523;202200052315;720 902;A01;3;7;2;0;3;16;1;
80524;202200052316;720 901;A01;0;33;0;1;1;14;1;
80525;202200052317;720 899;A01;1;7;13;0;1;1;1;
80526;202200052319;720 896;A01;2;3;6;0;3;1;1;
80527;202200052320;720 895;A01;2;7;0;1;3;1;1;
80528;202200052321;720 890;A01;2;7;13;0;2;0;1;
80529;202200052322;720 891;A01;1;7;4;2;1;2;1;
80530;202200052322;720 897;B01;1;7;4;2;4;2;1;
80531;202200052323;720 892;A01;2;7;2;0;1;1;1;
80532;202200052324;720 886;B01;2;31;0;2;1;1;1;
80533;202200052324;720 894;A01;2;7;0;2;5;19;1;
80534;202200052325;720 888;A01;3;7;8;0;1;14;1;
80535;202200052326;720 883;B01;3;1;0;2;5;0;5;
80536;202200052326;720 889;A01;3;7;0;2;1;9;1;
80537;202200052327;720 882;A01;2;7;1;0;1;13;1;
80538;202200052328;720 878;A01;1;7;0;0;6;10;2;
80539;202200052328;720 885;B01;1;32;0;2;7;2;1;
80540;202200052329;720 877;A01;2;10;0;2;1;2;1;
80541;202200052329;720 881;C01;2;7;0;2;4;2;1;
80542;202200052329;720 887;B01;2;10;0;2;4;2;1;
80543;202200052329;720 893;D01;2;10;0;2;4;2;1;
80544;202200052330;720 874;B01;2;7;0;2;3;21;1;
80545;202200052330;720 880;A01;1;33;0;2;1;13;1;
80546;202200052331;720 876;A01;2;7;8;0;3;1;1;
80547;202200052332;720 872;B01;3;30;0;0;1;1;1;
80548;202200052332;720 884;A01;3;10;0;0;4;4;1;
80549;202200052333;720 868;A01;2;50;0;0;0;1;3;
80550;202200052334;720 867;A01;3;7;4;0;1;15;0;
80551;202200052334;720 875;B01;3;7;4;0;1;1;1;
80552;202200052335;720 864;D01;1;10;0;2;4;2;1;
80553;202200052335;720 869;C01;1;7;0;2;4;2;1;
80554;202200052335;720 873;B01;1;7;0;2;6;2;1;
80555;202200052335;720 879;A01;1;14;0;2;1;1;1;
80556;202200052336;720 865;A01;1;7;0;2;4;2;2;
80557;202200052336;720 870;Z01;1;10;0;2;1;2;1;
80558;202200052337;720 862;A01;1;1;0;2;1;1;5;
80559;202200052337;720 871;B01;1;7;0;2;8;1;1;
80560;202200052338;720 861;B01;2;7;0;2;3;1;2;
80561;202200052338;720 866;A01;2;50;0;2;0;17;3;
80562;202200052339;720 858;B01;1;7;0;2;1;1;1;
80563;202200052339;720 863;A01;2;7;0;2;1;13;1;
80564;202200052340;720 857;A01;2;7;0;1;2;1;1;
80565;202200052341;720 856;A01;1;7;2;9;1;1;1;
80566;202200052342;720 851;B01;0;7;0;2;1;15;1;
80567;202200052342;720 860;A01;0;33;0;2;1;2;1;
80568;202200052343;720 848;B01;1;15;0;2;1;1;1;
80569;202200052343;720 853;A01;1;10;4;2;9;14;1;
80570;202200052344;720 854;A01;1;7;0;1;1;1;2;
80571;202200052345;720 846;B01;1;3;0;2;3;15;1;
80572;202200052345;720 849;A01;1;7;0;2;2;17;1;
80573;202200052346;720 839;B01;0;33;0;2;1;1;1;
80574;202200052346;720 844;A01;0;7;0;0;6;19;1;
80575;202200052347;720 838;B01;1;7;0;2;6;2;1;
80576;202200052347;720 845;A01;1;31;0;2;2;2;1;
80577;202200052349;720 837;B01;1;31;0;2;1;1;1;
80578;202200052349;720 843;A01;2;7;0;2;7;9;2;
80579;202200052350;720 836;A01;1;33;0;2;3;3;1;
80580;202200052350;720 840;B01;1;7;0;2;5;1;1;
80581;202200052351;720 833;A01;2;33;5;0;1;1;1;
80582;202200052352;720 847;A01;2;7;0;0;3;1;1;
80583;202200052352;720 855;B01;1;7;0;2;3;1;1;
80584;202200052352;720 859;C01;1;7;0;2;1;1;1;
80585;202200052353;720 828;A01;1;7;0;1;1;1;1;
80586;202200052354;720 832;A01;1;30;0;2;0;1;1;
80587;202200052355;720 841;A01;1;7;0;2;3;16;1;
80588;202200052355;720 850;B01;1;1;0;2;4;1;5;
80589;202200052356;720 826;B01;3;1;0;2;1;1;5;
80590;202200052356;720 835;A01;3;1;0;2;1;1;5;
80591;202200052357;720 824;B01;1;2;0;2;0;17;1;
80592;202200052357;720 829;A01;1;2;0;2;0;17;1;
80593;202200052358;720 822;B01;1;33;0;2;1;1;1;
80594;202200052358;720 825;A01;2;7;0;2;6;15;1;
80595;202200052359;720 823;A01;2;30;0;2;1;25;1;
80596;202200052359;720 827;B01;1;80;0;2;1;25;3;
80597;202200052360;720 820;A01;3;7;0;2;8;1;1;
80598;202200052360;720 831;B01;3;7;0;2;2;15;1;
80599;202200052361;720 816;Z01;2;7;0;1;2;1;0;
80600;202200052362;720 810;B01;1;7;0;2;3;16;1;
80601;202200052362;720 817;A01;1;32;0;2;1;1;1;
80602;202200052363;720 814;A01;1;7;0;2;3;15;1;
80603;202200052363;720 821;B01;1;2;0;2;1;1;1;
80604;202200052366;720 807;C01;2;7;0;2;1;1;1;
80605;202200052366;720 815;B01;2;7;0;2;1;1;1;
80606;202200052366;720 819;A01;1;7;0;2;1;17;1;
80607;202200052367;720 804;A01;1;7;0;1;3;15;1;
80608;202200052368;720 805;B01;1;33;0;2;1;3;1;
80609;202200052368;720 809;A01;1;7;0;2;7;11;1;
80610;202200052369;720 801;B01;1;7;0;2;1;21;1;
80611;202200052369;720 808;A01;2;7;0;2;1;5;1;
80612;202200052370;720 802;A01;1;2;13;0;1;1;1;
80613;202200052371;720 799;A01;3;7;0;1;3;4;2;
80614;202200052373;720 792;A01;2;14;0;1;2;16;1;
80615;202200052374;720 793;B01;1;7;0;2;4;1;1;
80616;202200052374;720 796;A01;1;33;0;2;1;1;1;
80617;202200052375;720 794;B01;2;10;0;2;1;1;1;
80618;202200052375;720 797;A01;1;33;0;2;1;5;1;
80619;202200052376;720 790;A01;1;7;9;0;7;1;1;
80620;202200052377;720 791;A01;1;7;1;0;1;26;1;
80621;202200052377;720 800;B01;1;14;0;2;4;23;1;
80622;202200052379;720 788;A01;1;7;0;0;1;1;1;
80623;202200052380;720 784;A01;2;7;7;0;3;13;1;
80624;202200052381;720 783;B01;3;80;0;2;2;15;3;
80625;202200052381;720 787;A01;2;21;0;0;6;1;1;
80626;202200052382;720 782;A01;2;33;0;0;8;1;1;
80627;202200052383;720 780;B01;2;30;0;2;3;17;1;
80628;202200052383;720 785;A01;2;7;0;2;3;15;1;
80629;202200052384;720 777;Z01;1;0;0;1;0;0;0;
80630;202200052385;720 774;A01;1;7;0;2;3;20;1;
80631;202200052385;720 781;B01;2;2;0;2;1;1;1;
80632;202200052386;720 775;Z01;1;7;0;2;2;15;0;
80633;202200052386;720 786;A01;2;1;0;2;3;1;5;
80634;202200052387;720 773;A01;1;2;0;2;1;1;1;
80635;202200052387;720 778;B01;2;7;0;0;5;23;1;
80636;202200052388;720 769;A01;3;38;0;0;8;1;1;2.0
80637;202200052388;720 779;B01;3;7;0;2;8;16;1;
80638;202200052390;720 768;A01;1;7;16;2;1;16;1;
80639;202200052391;720 761;B01;1;7;0;2;3;1;1;
80640;202200052391;720 765;A01;2;7;0;2;3;13;1;
80641;202200052392;720 762;B01;3;2;0;0;8;1;1;
80642;202200052392;720 771;A01;3;7;0;2;2;19;1;
80643;202200052393;720 758;A01;3;7;0;2;7;1;1;
80644;202200052393;720 766;B01;3;7;0;2;1;15;1;
80645;202200052395;720 754;B01;0;7;6;2;5;1;1;
80646;202200052395;720 760;A01;0;21;0;2;3;19;1;
80647;202200052396;720 755;A01;3;7;0;2;2;1;1;
80648;202200052396;720 763;B01;3;50;0;2;1;9;3;
80649;202200052397;720 756;A01;1;7;0;1;1;1;1;
80650;202200052398;720 750;A01;3;7;0;2;2;1;1;
80651;202200052398;720 757;B01;3;50;0;2;7;19;3;
80652;202200052399;720 752;A01;3;7;0;1;3;9;1;
80653;202200052400;720 747;A01;3;33;12;0;1;1;1;
80654;202200052401;720 744;B01;3;7;0;2;1;1;1;
80655;202200052401;720 751;A01;3;7;0;2;1;1;1;
80656;202200052402;720 743;A01;2;1;0;1;1;1;5;
80657;202200052403;720 737;A01;1;7;0;0;3;0;1;
80658;202200052403;720 742;B01;2;7;0;0;3;0;1;
80659;202200052404;720 734;A01;3;10;0;2;8;13;1;
80660;202200052404;720 740;B01;3;7;0;2;8;13;1;
80661;202200052405;720 732;B01;2;80;0;2;0;1;3;
80662;202200052405;720 735;A01;1;30;0;2;1;5;1;
80663;202200052407;720 726;A01;1;7;6;0;8;26;1;
80664;202200052409;720 725;A01;1;7;0;2;0;0;1;
80665;202200052409;720 730;E01;1;7;0;2;0;0;1;
80666;202200052409;720 738;D01;1;7;0;2;0;0;1;
80667;202200052409;720 745;B01;1;7;0;2;0;0;1;
80668;202200052409;720 749;C01;1;10;0;2;0;0;1;
80669;202200052409;720 753;F01;1;17;4;2;1;6;1;
80670;202200052410;720 720;A01;1;33;0;0;7;17;1;
80671;202200052411;720 719;B01;1;32;0;2;1;13;1;
80672;202200052411;720 727;A01;2;7;0;2;3;1;1;
80673;202200052413;720 717;F01;2;7;0;2;7;2;1;
80674;202200052413;720 721;E01;2;7;0;2;4;23;1;
80675;202200052413;720 728;D01;2;14;0;2;1;1;1;
80676;202200052413;720 731;C01;2;7;1;0;4;23;1;
80677;202200052413;720 739;B01;2;10;1;0;4;23;1;
80678;202200052413;720 748;A01;2;7;0;2;4;23;1;
80679;202200052414;720 715;A01;1;7;0;2;7;19;1;
80680;202200052414;720 722;B01;2;7;0;2;1;19;1;
80681;202200052414;720 736;C01;2;7;0;2;1;23;1;
80682;202200052415;720 709;B01;1;1;0;2;3;0;5;
80683;202200052415;720 714;A01;1;7;0;2;7;1;1;
80684;202200052416;720 706;A01;3;7;0;2;3;9;1;
80685;202200052416;720 713;B01;3;31;6;2;7;1;1;
80686;202200052417;720 712;A01;2;7;0;2;7;15;1;
80687;202200052417;720 716;B01;1;2;0;2;2;1;1;
80688;202200052418;720 707;A01;0;7;0;1;1;1;1;
80689;202200052419;720 704;A01;1;7;0;2;1;13;1;
80690;202200052419;720 710;B01;2;7;0;2;3;1;1;
80691;202200052420;720 703;B01;2;80;0;2;1;1;3;
80692;202200052420;720 708;A01;1;10;0;2;1;15;1;
80693;202200052421;720 701;A01;0;7;0;2;1;1;1;
80694;202200052421;720 705;B01;0;7;0;0;4;1;1;
80695;202200052423;720 696;B01;2;7;0;2;4;2;1;
80696;202200052423;720 711;A01;2;7;0;2;1;1;1;
80697;202200052424;720 692;B01;2;15;0;2;1;1;1;
80698;202200052424;720 698;C01;1;10;0;2;1;26;1;
80699;202200052424;720 700;A01;1;7;0;2;2;15;1;
80700;202200052425;720 697;A01;2;30;12;0;3;16;1;
80701;202200052426;720 694;B01;2;7;0;2;2;11;1;
80702;202200052426;720 702;A01;2;7;0;2;6;2;1;
80703;202200052427;720 688;A01;1;7;0;2;2;1;1;
80704;202200052427;720 693;B01;2;7;0;2;2;1;1;
80705;202200052429;720 686;A01;1;43;0;2;1;2;1;
80706;202200052429;720 690;B01;1;32;0;2;4;2;1;
80707;202200052430;720 682;B01;2;7;4;0;9;1;1;
80708;202200052430;720 689;A01;2;7;14;2;1;2;1;
80709;202200052432;720 678;B01;2;7;0;2;2;1;1;
80710;202200052432;720 683;A01;1;7;0;2;2;5;1;
80711;202200052434;720 681;A01;3;33;0;0;1;15;0;
80712;202200052435;720 675;A01;2;7;0;2;4;2;1;
80713;202200052435;720 684;B01;2;17;0;2;2;12;1;
80714;202200052436;720 668;A01;2;1;0;2;8;1;5;
80715;202200052436;720 674;B01;2;7;0;2;1;1;2;
80716;202200052437;720 671;B01;1;1;0;2;4;23;5;
80717;202200052437;720 676;A01;1;7;0;2;3;2;1;
80718;202200052438;720 664;A01;1;7;0;2;2;1;1;
80719;202200052438;720 670;B01;1;17;0;0;6;1;1;
80720;202200052439;720 660;A01;1;7;0;2;5;26;1;
80721;202200052439;720 666;B01;1;33;0;2;1;12;1;
80722;202200052441;720 658;D01;1;7;0;2;8;1;2;
80723;202200052441;720 669;C01;1;7;0;2;1;1;1;
80724;202200052441;720 672;B01;1;7;3;2;1;1;1;
80725;202200052441;720 677;A01;1;10;4;0;1;1;1;
80726;202200052442;720 656;A01;3;2;0;2;1;13;3;
80727;202200052442;720 661;B01;3;7;0;2;1;26;1;
80728;202200052443;720 654;C01;1;7;4;0;3;26;1;
80729;202200052443;720 659;B01;1;7;0;2;2;3;1;
80730;202200052443;720 665;A01;1;7;4;0;6;1;1;
80731;202200052444;720 653;B01;3;33;0;2;7;14;1;
80732;202200052444;720 662;A01;3;7;0;2;3;9;1;
80733;202200052445;720 657;A01;2;7;8;0;8;1;1;
80734;202200052446;720 652;A01;1;10;0;2;2;9;1;
80735;202200052446;720 655;B01;2;33;0;2;2;1;1;
80736;202200052447;720 650;A01;2;50;0;1;1;1;3;
80737;202200052448;720 648;A01;1;7;13;9;8;15;1;
80738;202200052448;720 651;B01;2;7;13;2;1;1;1;
80739;202200052449;720 646;A01;1;30;12;0;1;14;1;
80740;202200052450;720 645;A01;3;7;0;2;3;10;1;
80741;202200052450;720 649;B01;3;30;0;2;1;2;1;
80742;202200052453;720 637;B01;2;7;0;2;1;5;1;
80743;202200052453;720 647;A01;1;7;0;2;1;1;1;
80744;202200052454;720 639;A01;2;7;14;0;0;13;2;
80745;202200052455;720 636;B01;1;7;0;2;1;1;1;
80746;202200052455;720 642;A01;1;7;0;2;4;1;1;
80747;202200052456;720 635;A01;1;15;0;2;1;1;1;
80748;202200052456;720 640;B01;1;7;0;0;4;1;1;
80749;202200052457;720 631;B01;0;7;0;2;3;1;1;
80750;202200052457;720 638;A01;0;32;0;2;1;13;1;
80751;202200052459;720 629;B01;1;10;0;2;6;15;1;
80752;202200052459;720 632;A01;1;32;0;2;1;17;1;
80753;202200052460;720 630;A01;2;7;6;0;1;2;1;
80754;202200052462;720 624;A01;1;7;17;0;1;26;2;
80755;202200052463;720 621;A01;1;7;0;2;5;1;1;
80756;202200052463;720 628;B01;2;7;0;2;1;1;1;
80757;202200052464;720 619;A01;3;7;0;2;3;15;1;
80758;202200052464;720 625;B01;3;2;0;2;1;1;1;
80759;202200052465;720 620;A01;1;10;0;1;3;1;1;
80760;202200052466;720 618;A01;1;7;5;0;1;9;1;
80761;202200052467;720 616;A01;1;31;0;2;1;1;1;
80762;202200052467;720 626;B01;2;10;0;2;3;1;1;
80763;202200052468;720 617;B01;0;10;0;2;1;1;1;
80764;202200052468;720 622;A01;0;7;0;2;1;13;1;
80765;202200052469;720 613;A01;2;7;3;2;0;17;1;
80766;202200052469;720 623;B01;2;7;3;2;1;1;1;
80767;202200052470;720 610;A01;1;36;0;0;0;0;1;
80768;202200052471;720 609;Z01;1;7;0;2;2;13;1;
80769;202200052471;720 615;B01;1;1;0;2;1;15;5;
80770;202200052472;720 608;A01;2;7;0;1;1;19;1;
80771;202200052473;720 607;A01;3;1;0;2;1;19;5;
80772;202200052473;720 614;B01;1;7;0;2;2;1;1;
80773;202200052474;720 603;A01;1;7;13;0;1;1;1;
80774;202200052475;720 601;A01;1;7;0;2;2;1;2;
80775;202200052475;720 612;B01;2;1;0;2;1;1;5;
80776;202200052476;720 600;B01;1;7;0;2;4;23;1;
80777;202200052476;720 606;A01;1;7;1;0;8;1;1;
80778;202200052477;720 598;A01;2;7;0;0;9;0;1;
80779;202200052479;720 596;A01;1;34;1;0;2;14;1;
80780;202200052480;720 593;A01;1;7;13;0;3;1;1;
80781;202200052481;720 594;A01;2;7;6;0;8;1;1;
80782;202200052483;720 589;A01;2;7;4;0;1;1;1;
80783;202200052484;720 586;A01;3;7;0;9;2;2;1;
80784;202200052484;720 588;B01;3;1;0;2;4;1;5;
80785;202200052485;720 584;B01;1;15;0;2;4;2;1;
80786;202200052485;720 590;D01;1;15;0;2;4;2;1;
80787;202200052485;720 595;F01;1;15;0;2;4;2;1;
80788;202200052485;720 599;E01;1;15;0;2;4;2;1;
80789;202200052485;720 604;C01;1;15;0;2;4;2;1;
80790;202200052485;720 611;A01;1;15;0;2;1;2;1;
80791;202200052486;720 583;A01;2;10;0;2;2;19;1;
80792;202200052486;720 592;B01;1;7;0;2;3;15;1;
80793;202200052489;720 579;B01;1;7;0;2;1;1;1;
80794;202200052489;720 582;A01;1;7;0;2;1;5;1;
80795;202200052490;720 578;A01;0;7;0;1;4;11;1;
80796;202200052491;720 576;B01;3;10;0;9;1;1;1;
80797;202200052491;720 581;A01;3;1;0;2;7;26;5;
80798;202200052492;720 573;A01;2;7;0;1;1;21;1;
80799;202200052493;720 575;A01;2;7;0;0;0;1;1;
80800;202200052494;720 572;B01;1;10;0;2;3;1;1;
80801;202200052494;720 577;A01;2;2;0;2;1;5;1;
80802;202200052495;720 571;A01;1;33;0;2;1;3;1;
80803;202200052495;720 574;B01;1;33;0;2;4;2;1;
80804;202200052496;720 569;A01;1;33;12;0;7;26;1;
80805;202200052497;720 567;A01;1;7;0;1;1;1;1;
80806;202200052498;720 566;B01;2;50;0;2;7;0;3;
80807;202200052498;720 570;A01;2;7;0;2;3;16;1;
80808;202200052499;720 564;A01;2;7;0;1;1;15;1;
80809;202200052500;720 563;B01;1;7;0;2;0;1;1;
80810;202200052500;720 568;A01;2;7;3;0;1;2;1;
80811;202200052501;720 558;A01;1;7;0;2;4;26;1;
80812;202200052501;720 562;B01;1;7;0;2;3;26;1;
80813;202200052502;720 556;A01;1;7;0;2;5;15;1;
80814;202200052502;720 561;B01;2;33;0;2;1;1;1;
80815;202200052503;720 554;A01;1;7;0;2;1;1;1;
80816;202200052503;720 559;B01;2;7;0;2;1;1;1;
80817;202200052504;720 560;A01;1;7;0;1;3;15;1;
80818;202200052505;720 552;B01;2;7;0;2;4;1;1;
80819;202200052505;720 557;A01;2;7;0;2;1;2;1;
80820;202200052506;720 555;A01;3;7;0;2;6;26;1;
80821;202200052506;720 565;B01;3;33;0;2;1;26;1;
80822;202200052507;720 550;A01;1;7;0;1;2;15;1;
80823;202200052508;720 548;A01;0;7;0;2;2;1;1;
80824;202200052508;720 553;B01;3;7;0;2;3;16;1;
80825;202200052509;720 547;A01;2;7;0;2;1;2;1;
80826;202200052509;720 551;B01;2;7;0;2;4;1;1;
80827;202200052511;720 543;A01;0;7;9;0;1;1;1;
80828;202200052514;720 539;B01;2;7;0;2;6;23;1;
80829;202200052514;720 545;A01;2;7;0;2;2;2;1;
80830;202200052515;720 535;A01;2;7;0;1;1;1;1;
80831;202200052516;720 537;A01;1;7;0;2;3;1;1;
80832;202200052516;720 541;B01;2;10;0;2;3;1;1;
80833;202200052517;720 534;B01;1;31;0;0;4;2;1;
80834;202200052517;720 540;A01;1;2;0;0;1;2;1;
80835;202200052518;720 536;A01;2;7;0;1;2;0;1;
80836;202200052519;720 529;B01;2;33;0;2;1;1;1;
80837;202200052519;720 533;A01;2;7;0;2;4;12;1;
80838;202200052521;720 527;B01;-1;50;0;2;1;0;3;
80839;202200052521;720 532;A01;1;10;0;2;2;1;1;
80840;202200052523;720 523;A01;3;30;3;0;1;1;1;
80841;202200052524;720 522;A01;3;7;2;0;3;1;1;
80842;202200052525;720 521;B01;1;14;0;2;6;1;1;
80843;202200052525;720 528;A01;1;10;0;2;2;13;1;
80844;202200052526;720 516;C01;0;7;0;2;5;0;1;
80845;202200052526;720 520;B01;0;30;0;2;7;1;1;
80846;202200052526;720 525;A01;0;10;0;2;7;24;1;
80847;202200052527;720 509;A01;2;10;0;2;1;1;1;
80848;202200052527;720 514;B01;2;7;0;2;4;23;1;
80849;202200052527;720 518;C01;2;7;0;2;4;23;1;
80850;202200052527;720 524;D01;2;10;0;2;4;23;1;
80851;202200052528;720 508;A01;2;7;0;2;3;13;1;
80852;202200052528;720 515;B01;1;7;0;2;3;1;1;
80853;202200052530;720 503;B01;2;1;0;2;1;15;5;
80854;202200052530;720 512;A01;2;10;0;2;2;1;1;
80855;202200052531;720 504;A01;1;7;17;5;2;1;1;
80856;202200052533;720 502;B01;-1;7;0;2;2;15;1;
80857;202200052533;720 513;A01;-1;7;0;2;1;1;1;
80858;202200052534;720 499;B01;2;7;0;0;2;15;1;
80859;202200052534;720 505;A01;2;30;0;2;1;1;1;
80860;202200052535;720 497;A01;3;7;0;2;0;26;1;
80861;202200052535;720 501;B01;3;34;0;2;1;0;1;
80862;202200052536;720 496;A01;1;33;0;2;4;2;1;
80863;202200052536;720 498;Z01;1;7;0;2;1;1;1;
80864;202200052536;720 510;C01;1;7;0;9;1;2;1;
80865;202200052536;720 517;B01;1;15;0;2;6;2;1;
80866;202200052537;720 494;A01;2;7;8;0;0;1;1;
80867;202200052539;720 492;A01;1;7;13;0;2;14;2;
80868;202200052540;720 493;A01;3;7;13;0;7;15;1;
80869;202200052541;720 489;A01;1;7;1;0;0;14;1;
80870;202200052542;720 484;A01;2;7;0;2;1;1;1;
80871;202200052542;720 488;B01;0;7;0;2;1;1;1;
80872;202200052543;720 476;A01;3;7;2;0;1;1;1;
80873;202200052544;720 479;A01;1;31;0;2;1;3;1;
80874;202200052544;720 486;B01;1;7;0;2;5;1;1;
80875;202200052544;720 490;C01;1;7;0;2;3;1;1;
80876;202200052545;720 475;A01;1;7;0;0;0;0;1;
80877;202200052547;720 477;A01;3;7;0;2;0;0;1;
80878;202200052547;720 481;B01;1;7;0;2;0;19;1;
80879;202200052548;720 467;A01;1;32;0;2;1;2;3;
80880;202200052548;720 470;B01;1;7;0;2;4;1;1;
80881;202200052549;720 469;C01;2;7;0;0;4;0;1;
80882;202200052549;720 473;D01;2;33;0;2;2;0;1;
80883;202200052549;720 478;B01;2;7;0;2;1;1;6;
80884;202200052549;720 483;A01;2;7;0;0;4;1;6;
80885;202200052550;720 465;B01;2;33;0;2;1;1;1;