;Num_Acc;id_vehicule;num_veh;senc;catv;obs;obsm;choc;manv;motor;occutc
80886;202200052550;720 471;A01;2;7;0;2;3;15;1;
80887;202200052551;720 463;A01;2;7;0;0;0;1;1;
80888;202200052552;720 468;A01;3;7;0;1;8;15;1;
80889;202200052553;720 459;B01;2;7;0;2;2;1;1;
80890;202200052553;720 464;A01;2;7;0;2;1;11;1;
80891;202200052554;720 457;B01;3;2;0;2;1;1;1;
80892;202200052554;720 461;A01;3;10;0;2;3;17;1;
80893;202200052555;720 456;A01;1;1;0;2;8;1;5;
80894;202200052555;720 462;B01;1;7;0;9;1;1;1;
80895;202200052556;720 448;A01;2;7;0;2;4;2;2;
80896;202200052556;720 451;C01;2;7;0;2;1;2;1;
80897;202200052556;720 458;B01;2;10;0;2;1;2;1;
80898;202200052557;720 455;A01;3;17;0;2;5;17;1;
80899;202200052557;720 460;B01;3;7;0;2;2;1;1;
80900;202200052558;720 441;B01;2;1;0;2;7;25;5;
80901;202200052558;720 444;A01;1;10;0;2;1;9;1;
80902;202200052559;720 442;A01;2;10;0;2;4;12;1;
80903;202200052559;720 446;B01;2;33;0;2;1;3;1;
80904;202200052559;720 449;C01;2;7;0;2;5;1;1;
80905;202200052560;720 443;B01;2;7;0;2;3;0;1;
80906;202200052560;720 447;A01;1;34;0;2;1;0;1;
80907;202200052561;720 450;A01;2;7;0;2;2;15;1;
80908;202200052561;720 454;B01;1;80;0;2;8;1;3;
80909;202200052562;720 445;A01;0;7;8;2;1;25;1;
80910;202200052563;720 439;A01;2;33;0;1;1;1;1;
80911;202200052564;720 452;A01;1;7;0;1;3;15;1;
80912;202200052565;720 436;C01;1;7;0;2;1;1;1;
80913;202200052565;720 440;B01;2;7;0;2;1;1;1;
80914;202200052565;720 453;A01;1;30;0;2;1;17;1;
80915;202200052566;720 432;A01;3;7;0;2;0;0;1;
80916;202200052566;720 438;B01;3;31;0;2;1;1;3;
80917;202200052567;720 429;B01;2;34;0;2;1;1;1;
80918;202200052567;720 435;A01;2;7;0;2;8;10;1;
80919;202200052568;720 428;A01;1;33;0;2;1;2;1;
80920;202200052568;720 434;B01;1;7;0;2;4;2;1;
80921;202200052569;720 427;B01;2;10;0;2;3;1;1;
80922;202200052569;720 433;A01;1;10;0;2;2;17;1;
80923;202200052570;720 426;A01;1;7;2;0;3;0;1;
80924;202200052571;720 425;A01;1;7;0;1;2;1;1;
80925;202200052573;720 419;A01;2;7;6;0;3;13;1;
80926;202200052574;720 416;B01;2;7;0;2;4;1;0;
80927;202200052574;720 423;A01;2;7;0;2;1;1;0;
80928;202200052575;720 413;A01;3;7;9;0;1;26;1;
80929;202200052576;720 411;E01;2;31;0;2;8;1;1;
80930;202200052576;720 417;D01;2;10;0;2;2;1;1;
80931;202200052576;720 421;C01;2;10;0;2;3;1;1;
80932;202200052576;720 424;B01;2;7;0;2;4;23;1;
80933;202200052576;720 430;A01;2;7;0;2;1;1;2;
80934;202200052577;720 414;A01;1;34;4;0;8;0;1;
80935;202200052578;720 408;B01;2;15;0;0;0;1;1;
80936;202200052578;720 412;A01;2;7;0;2;1;9;1;
80937;202200052579;720 410;A01;2;7;0;2;8;1;1;
80938;202200052579;720 418;B01;1;7;0;2;1;13;1;
80939;202200052580;720 415;A01;0;7;0;1;3;26;1;
80940;202200052581;720 409;A01;3;7;0;1;1;15;1;
80941;202200052582;720 404;B01;2;33;0;2;3;11;1;
80942;202200052582;720 407;A01;2;7;0;2;5;1;1;
80943;202200052583;720 403;B01;3;7;0;2;3;1;1;
80944;202200052583;720 406;A01;3;34;0;2;1;13;1;
80945;202200052584;720 397;A01;2;7;0;0;4;1;1;
80946;202200052584;720 402;B01;2;10;0;2;7;2;1;
80947;202200052585;720 396;A01;1;7;8;0;1;0;1;
80948;202200052586;720 395;A01;2;7;0;0;0;13;1;
80949;202200052587;720 394;A01;2;7;0;2;1;1;1;
80950;202200052587;720 400;Z01;2;7;0;2;4;1;1;
80951;202200052588;720 392;A01;2;7;0;2;3;9;1;
80952;202200052588;720 398;B01;1;2;0;2;1;1;1;
80953;202200052589;720 393;A01;3;2;6;0;1;1;1;
80954;202200052590;720 391;A01;2;21;0;2;1;1;1;
80955;202200052590;720 401;B01;2;7;0;2;3;1;1;
80956;202200052591;720 383;A01;1;7;0;1;2;1;1;
80957;202200052592;720 384;B01;1;7;0;2;3;1;2;
80958;202200052592;720 389;A01;2;7;0;2;3;13;1;
80959;202200052593;720 382;Z01;2;7;0;2;0;19;0;
80960;202200052593;720 388;B01;2;7;0;2;6;1;1;
80961;202200052593;720 390;A01;2;33;0;2;7;1;1;
80962;202200052596;720 378;Z01;3;10;0;2;1;9;1;
80963;202200052596;720 385;A01;2;33;0;2;2;1;1;
80964;202200052597;720 380;A01;2;7;0;1;8;23;1;
80965;202200052598;720 375;A01;3;3;0;2;1;19;1;
80966;202200052598;720 387;B01;1;33;0;2;8;1;1;
80967;202200052599;720 377;A01;0;7;0;1;3;23;1;
80968;202200052600;720 374;A01;1;17;0;2;1;1;1;
80969;202200052600;720 376;B01;1;7;0;2;4;2;1;
80970;202200052600;720 386;C01;1;7;0;2;4;2;1;
80971;202200052601;720 370;A01;2;7;13;0;1;1;1;
80972;202200052602;720 369;B01;1;60;1;0;1;1;5;
80973;202200052602;720 373;A01;1;7;0;9;3;24;1;
80974;202200052603;720 367;A01;2;7;0;2;5;2;1;
80975;202200052603;720 372;B01;2;31;0;2;1;3;1;
80976;202200052604;720 366;A01;1;99;12;0;0;1;3;
80977;202200052605;720 363;A01;1;7;0;1;1;1;2;
80978;202200052606;720 364;A01;0;7;0;2;7;15;1;
80979;202200052606;720 371;Z01;0;7;0;2;1;0;1;
80980;202200052607;720 359;E01;1;7;0;2;8;15;1;
80981;202200052607;720 368;B01;1;33;0;2;2;1;1;
80982;202200052608;720 358;A01;1;7;17;9;1;13;1;
80983;202200052608;720 362;B01;2;1;0;2;1;1;5;
80984;202200052609;720 356;B01;1;7;0;9;1;1;1;
80985;202200052609;720 361;A01;1;7;3;0;1;2;1;
80986;202200052610;720 355;A01;3;7;0;1;2;15;1;
80987;202200052611;720 352;B01;2;10;0;2;4;2;1;
80988;202200052611;720 354;A01;2;10;0;2;1;2;1;
80989;202200052612;720 350;C01;1;7;1;0;3;1;1;
80990;202200052612;720 353;B01;1;7;0;2;4;2;1;
80991;202200052612;720 357;A01;1;7;0;2;1;2;1;
80992;202200052613;720 347;A01;3;37;1;0;7;20;1;3.0
80993;202200052614;720 346;B01;1;33;0;2;1;0;1;
80994;202200052614;720 351;A01;1;7;0;2;6;11;1;
80995;202200052615;720 345;A01;2;7;0;0;9;1;1;
80996;202200052616;720 344;A01;2;7;0;2;4;2;1;
80997;202200052616;720 349;B01;2;7;0;2;1;2;1;
80998;202200052617;720 341;A01;2;7;13;0;1;2;0;
80999;202200052618;720 339;B01;2;7;0;9;1;11;1;
81000;202200052618;720 342;A01;2;1;0;2;4;1;5;
81001;202200052619;720 337;A01;1;20;0;0;2;12;1;
81002;202200052619;720 340;B01;1;7;0;0;6;2;1;
81003;202200052620;720 338;B01;2;7;0;2;4;23;1;
81004;202200052620;720 348;A01;2;7;0;2;1;2;1;
81005;202200052621;720 333;B01;3;7;0;2;3;9;1;
81006;202200052621;720 343;A01;3;7;0;2;2;1;1;
81007;202200052622;720 331;A01;2;7;0;2;1;1;1;
81008;202200052622;720 334;B01;2;7;0;2;4;1;1;
81009;202200052623;720 330;A01;1;33;8;0;1;1;1;
81010;202200052624;720 328;A01;1;7;0;2;1;2;0;
81011;202200052624;720 332;B01;1;7;0;0;4;1;1;
81012;202200052625;720 327;A01;1;7;0;2;7;15;1;
81013;202200052625;720 335;B01;1;30;0;2;1;1;1;
81014;202200052626;720 329;B01;3;33;0;2;8;1;1;
81015;202200052626;720 336;A01;3;7;0;2;1;1;1;
81016;202200052627;720 323;A01;2;7;0;2;2;16;1;
81017;202200052627;720 326;Z01;2;32;1;2;1;18;1;
81018;202200052628;720 317;A01;2;7;0;2;1;2;1;
81019;202200052628;720 322;B01;2;7;0;2;4;2;1;
81020;202200052628;720 325;C01;2;7;0;2;4;2;1;
81021;202200052629;720 318;A01;3;7;8;0;3;1;1;
81022;202200052630;720 314;A01;1;33;2;0;9;26;1;
81023;202200052631;720 316;A01;1;33;0;0;0;1;1;
81024;202200052632;720 312;C01;1;7;0;2;5;1;1;
81025;202200052632;720 319;B01;1;7;0;2;3;1;1;
81026;202200052632;720 324;A01;1;7;0;2;5;1;1;
81027;202200052633;720 311;A01;2;30;0;2;1;0;1;
81028;202200052633;720 321;B01;1;7;0;2;1;1;1;
81029;202200052634;720 309;A01;2;2;0;2;8;17;1;
81030;202200052634;720 310;B01;1;7;0;2;8;1;1;
81031;202200052634;720 315;C01;1;7;0;2;8;1;1;
81032;202200052635;720 307;A01;1;7;3;2;1;12;2;
81033;202200052635;720 313;B01;1;7;3;2;4;1;1;
81034;202200052636;720 308;A01;3;30;6;0;2;1;1;
81035;202200052637;720 305;A01;1;7;4;0;3;2;1;
81036;202200052638;720 304;A01;1;7;2;0;2;13;1;
81037;202200052639;720 301;A01;1;33;0;2;1;1;1;
81038;202200052640;720 300;B01;3;7;0;2;8;1;1;
81039;202200052640;720 306;A01;0;33;0;2;3;13;1;
81040;202200052641;720 302;A01;1;1;0;0;0;21;5;
81041;202200052642;720 298;A01;3;7;0;2;2;26;1;
81042;202200052642;720 303;B01;3;7;0;2;1;1;1;
81043;202200052643;720 295;A01;1;7;3;0;1;0;1;
81044;202200052644;720 290;A01;2;1;0;2;1;5;5;
81045;202200052644;720 297;B01;2;3;0;2;1;1;4;
81046;202200052645;720 293;A01;2;33;0;2;1;0;1;
81047;202200052645;720 296;B01;2;3;0;2;4;0;1;
81048;202200052645;720 299;C01;1;7;0;2;1;0;1;
81049;202200052646;720 283;A01;1;7;0;2;3;15;1;
81050;202200052646;720 289;B01;1;34;0;2;1;2;1;
81051;202200052647;720 286;B01;2;7;0;9;4;1;1;
81052;202200052647;720 294;A01;2;10;0;2;2;1;1;
81053;202200052648;720 282;A01;2;7;0;2;2;15;1;
81054;202200052648;720 292;B01;1;2;0;2;1;1;1;
81055;202200052649;720 281;A01;2;7;0;9;2;0;1;
81056;202200052649;720 285;B01;0;1;0;2;7;0;5;
81057;202200052650;720 279;B01;1;10;0;2;8;21;1;
81058;202200052650;720 284;C01;1;7;0;2;3;1;2;
81059;202200052650;720 291;A01;2;7;0;2;9;5;1;
81060;202200052651;720 278;B01;2;80;0;2;8;1;3;
81061;202200052651;720 287;A01;2;33;0;2;1;1;1;
81062;202200052652;720 277;B01;2;33;0;2;1;2;1;
81063;202200052652;720 280;A01;2;7;0;2;7;9;1;
81064;202200052653;720 275;A01;3;7;0;1;4;1;1;
81065;202200052654;720 276;A01;1;7;13;0;2;1;1;
81066;202200052656;720 268;A01;1;7;13;0;3;1;1;
81067;202200052657;720 266;A01;2;7;4;0;9;1;1;
81068;202200052658;720 262;A01;2;7;15;0;1;19;1;
81069;202200052659;720 267;B01;1;10;0;2;3;13;1;
81070;202200052659;720 273;A01;1;7;0;2;2;17;1;
81071;202200052660;720 264;A01;2;33;0;2;1;1;1;
81072;202200052660;720 271;B01;1;7;0;2;7;15;1;
81073;202200052662;720 261;B01;2;1;0;2;1;1;0;
81074;202200052662;720 265;A01;1;7;0;2;2;15;1;
81075;202200052664;720 253;A01;1;7;3;0;1;17;1;
81076;202200052665;720 252;C01;2;7;0;2;1;1;1;
81077;202200052665;720 263;B01;2;7;0;2;3;1;1;
81078;202200052665;720 270;A01;2;7;0;2;3;1;1;
81079;202200052666;720 246;B01;2;32;0;2;2;1;1;
81080;202200052666;720 254;A01;2;7;0;2;3;26;1;
81081;202200052667;720 248;B01;1;10;13;2;1;1;1;
81082;202200052667;720 255;A01;2;7;12;2;1;13;1;
81083;202200052668;720 243;A01;0;7;0;2;3;13;1;
81084;202200052668;720 251;B01;0;7;0;2;3;1;0;
81085;202200052669;720 242;C01;2;7;0;2;1;1;1;
81086;202200052669;720 247;B01;2;7;0;2;1;1;1;
81087;202200052669;720 257;A01;2;7;0;2;4;17;1;
81088;202200052670;720 240;A01;1;7;0;2;1;15;1;
81089;202200052670;720 245;B01;2;32;0;2;1;1;1;
81090;202200052671;720 237;A01;2;7;3;6;1;1;1;
81091;202200052672;720 236;A01;1;33;15;0;0;14;1;
81092;202200052673;720 234;A01;1;30;0;1;1;19;1;
81093;202200052674;720 233;A01;1;15;4;0;9;2;1;
81094;202200052675;720 232;G01;1;7;0;2;2;0;1;
81095;202200052675;720 238;F01;1;7;0;2;4;0;1;
81096;202200052675;720 241;E01;1;7;0;2;4;0;1;
81097;202200052675;720 249;D01;1;7;0;2;1;1;1;
81098;202200052675;720 256;C01;1;10;0;2;4;0;1;
81099;202200052675;720 259;B01;1;7;0;2;4;0;1;
81100;202200052675;720 272;A01;1;33;0;2;4;0;1;
81101;202200052676;720 227;A01;1;1;0;0;0;1;5;
81102;202200052677;720 228;A01;1;7;0;2;1;13;1;
81103;202200052677;720 235;B01;2;7;0;2;1;1;1;
81104;202200052678;720 229;A01;1;33;9;0;0;1;1;
81105;202200052679;720 226;A01;2;10;0;2;5;15;1;
81106;202200052679;720 231;B01;1;2;0;2;1;1;1;
81107;202200052680;720 225;B01;1;7;0;2;6;2;1;
81108;202200052680;720 230;A01;1;32;0;2;1;2;1;
81109;202200052681;720 222;A01;2;7;8;0;3;0;1;
81110;202200052685;720 216;A01;1;33;0;2;2;17;1;
81111;202200052685;720 221;B01;1;33;0;2;8;21;1;
81112;202200052686;720 215;A01;2;7;15;0;1;1;1;
81113;202200052687;720 214;A01;1;7;0;1;3;1;1;
81114;202200052688;720 213;A01;1;7;0;2;1;1;1;
81115;202200052688;720 217;B01;1;60;0;2;8;19;5;
81116;202200052689;720 212;A01;3;31;0;2;1;1;1;
81117;202200052689;720 219;B01;3;7;0;2;4;1;1;
81118;202200052690;720 210;A01;1;7;0;1;1;17;1;
81119;202200052691;720 208;A01;1;7;0;1;3;1;1;
81120;202200052692;720 207;A01;3;1;0;0;0;1;5;
81121;202200052693;720 205;A01;2;7;0;2;2;12;1;
81122;202200052693;720 211;B01;2;33;0;2;8;3;1;
81123;202200052694;720 203;A01;1;33;0;0;8;10;1;
81124;202200052694;720 206;B01;1;7;0;0;3;1;1;
81125;202200052695;720 201;B01;1;30;0;2;7;14;1;
81126;202200052695;720 209;A01;1;7;0;2;1;9;1;
81127;202200052696;720 200;A01;3;7;0;1;4;25;1;
81128;202200052697;720 196;A01;2;7;0;0;4;23;1;
81129;202200052697;720 204;B01;2;7;1;2;1;2;1;
81130;202200052698;720 195;A01;3;7;17;0;9;0;1;
81131;202200052700;720 191;A01;1;7;0;2;1;16;1;
81132;202200052700;720 202;B01;2;1;0;2;3;0;5;
81133;202200052701;720 190;B01;2;99;0;2;1;9;0;
81134;202200052701;720 199;A01;1;7;0;2;3;9;1;
81135;202200052702;720 188;A01;1;10;0;2;7;19;1;
81136;202200052702;720 193;B01;1;2;0;2;1;1;1;
81137;202200052703;720 194;B01;2;10;0;2;8;0;1;
81138;202200052703;720 197;A01;1;37;0;2;3;0;1;3.0
81139;202200052705;720 183;B01;1;1;0;2;1;1;5;
81140;202200052705;720 187;A01;1;7;0;2;6;20;1;
81141;202200052706;720 184;B01;1;7;0;2;4;2;1;
81142;202200052706;720 192;A01;1;10;0;2;3;2;1;
81143;202200052707;720 181;A01;0;7;0;1;8;15;1;
81144;202200052708;720 178;A01;1;7;0;1;2;1;1;
81145;202200052709;720 179;A01;2;7;0;2;1;5;1;
81146;202200052709;720 185;B01;1;7;0;2;1;1;1;
81147;202200052711;720 176;A01;2;7;12;0;1;19;1;
81148;202200052712;720 177;A01;1;7;0;2;2;15;1;
81149;202200052712;720 180;B01;2;33;0;2;3;1;1;
81150;202200052713;720 170;B01;2;30;0;2;8;0;1;
81151;202200052713;720 173;A01;1;7;0;2;7;14;1;
81152;202200052714;720 168;B01;1;34;0;2;3;3;1;
81153;202200052714;720 174;A01;1;7;0;2;7;12;1;
81154;202200052715;720 164;A01;1;7;0;2;7;17;1;
81155;202200052715;720 171;B01;1;1;0;2;8;1;5;
81156;202200052716;720 165;B01;2;33;0;2;3;3;1;
81157;202200052716;720 172;A01;2;7;0;2;2;14;1;
81158;202200052717;720 163;A01;1;7;0;2;3;13;1;
81159;202200052717;720 167;B01;2;17;0;2;3;1;1;
81160;202200052719;720 161;A01;1;7;0;2;1;19;1;
81161;202200052719;720 169;B01;1;7;0;2;8;19;1;
81162;202200052720;720 158;B01;1;2;0;2;8;26;1;
81163;202200052720;720 162;A01;1;7;0;2;2;15;1;
81164;202200052721;720 156;A01;2;30;0;0;1;1;1;
81165;202200052722;720 154;A01;1;7;8;0;3;13;1;
81166;202200052723;720 155;A01;3;7;0;1;2;1;1;
81167;202200052724;720 152;B01;3;7;0;0;5;2;1;
81168;202200052724;720 157;A01;3;30;0;2;1;2;1;
81169;202200052725;720 150;B01;1;7;0;2;8;1;1;
81170;202200052725;720 153;A01;1;7;0;2;5;12;1;
81171;202200052728;720 146;A01;1;7;0;1;1;26;1;
81172;202200052729;720 144;C01;1;34;0;2;7;1;1;
81173;202200052729;720 149;B01;1;7;0;2;8;1;1;
81174;202200052729;720 151;A01;1;14;0;2;2;12;1;
81175;202200052730;720 142;B01;2;33;1;0;4;0;1;
81176;202200052732;720 140;A01;1;7;4;0;1;0;1;
81177;202200052733;720 138;A01;3;7;0;1;1;1;1;
81178;202200052734;720 137;A01;3;7;0;2;3;1;1;
81179;202200052734;720 145;B01;0;21;0;2;6;0;1;
81180;202200052735;720 136;A01;0;7;0;2;0;1;1;
81181;202200052735;720 141;B01;0;1;0;2;7;19;5;
81182;202200052736;720 131;A01;1;7;13;0;1;1;1;
81183;202200052737;720 127;B01;1;2;0;2;1;1;1;
81184;202200052737;720 132;A01;1;7;0;2;7;15;1;
81185;202200052738;720 126;B01;1;7;0;2;2;19;1;
81186;202200052738;720 135;A01;2;10;0;2;3;1;1;
81187;202200052739;720 125;A01;1;50;0;1;1;1;3;
81188;202200052740;720 123;B01;1;1;0;2;0;0;5;
81189;202200052740;720 128;A01;1;7;0;2;0;0;2;
81190;202200052741;720 121;B01;3;7;0;2;1;1;2;
81191;202200052741;720 134;A01;3;7;0;2;1;5;1;
81192;202200052742;720 119;B01;1;10;0;0;2;0;1;
81193;202200052742;720 130;A01;1;30;0;2;1;19;1;
81194;202200052743;720 118;C01;2;7;0;2;4;1;1;
81195;202200052743;720 124;B01;2;33;0;2;8;1;1;
81196;202200052743;720 129;A01;2;7;0;2;7;26;1;
81197;202200052744;720 117;A01;1;33;0;2;1;15;1;
81198;202200052744;720 122;B01;1;33;0;2;0;15;1;
81199;202200052745;720 114;A01;1;33;5;0;8;5;1;
81200;202200052746;720 111;A01;2;7;0;9;2;15;1;
81201;202200052746;720 115;B01;2;1;0;2;1;1;5;
81202;202200052748;720 109;B01;0;50;0;2;0;1;3;
81203;202200052748;720 116;A01;0;7;0;2;3;15;0;
81204;202200052749;720 104;A01;1;10;4;0;9;1;1;
81205;202200052750;720 105;A01;1;7;0;1;2;2;1;
81206;202200052751;720 106;A01;1;7;2;0;1;1;1;
81207;202200052752;720 103;A01;3;2;0;2;1;15;1;
81208;202200052752;720 112;B01;3;7;0;2;2;1;1;
81209;202200052753;720 101;A01;1;7;0;1;2;21;1;
81210;202200052754;720 102;B01;2;17;6;0;1;1;1;
81211;202200052754;720 108;A01;2;17;0;2;6;23;1;
81212;202200052755;720 100;B01;3;7;0;2;3;0;1;
81213;202200052755;720 107;A01;3;7;0;2;2;19;0;
81214;202200052756;720 092;A01;1;50;0;2;1;13;3;
81215;202200052756;720 097;Z01;1;7;0;2;1;1;1;
81216;202200052757;720 094;B01;1;33;0;2;1;1;1;
81217;202200052757;720 099;A01;2;7;0;2;3;15;1;
81218;202200052758;720 093;A01;2;14;0;1;1;16;1;
81219;202200052759;720 087;B01;2;7;0;2;3;2;0;
81220;202200052759;720 096;A01;2;32;0;2;1;1;1;
81221;202200052760;720 086;A01;2;7;11;0;1;6;1;
81222;202200052761;720 088;B01;3;10;0;2;1;1;1;
81223;202200052761;720 098;A01;3;7;0;2;8;2;1;
81224;202200052762;720 085;B01;2;17;0;2;4;2;1;
81225;202200052762;720 090;A01;2;7;0;2;1;1;1;
81226;202200052763;720 084;A01;1;10;0;2;2;2;1;
81227;202200052763;720 095;B01;1;17;0;2;6;2;1;
81228;202200052764;720 082;B01;1;30;0;2;6;1;1;
81229;202200052764;720 089;A01;3;7;0;2;3;16;1;
81230;202200052765;720 083;B01;2;7;0;2;5;1;1;
81231;202200052765;720 091;A01;2;50;0;2;1;25;3;
81232;202200052766;720 079;A01;3;33;0;0;7;1;1;
81233;202200052767;720 080;A01;2;3;0;0;9;15;1;
81234;202200052769;720 077;A01;2;7;0;2;0;0;1;
81235;202200052769;720 081;B01;0;60;0;2;0;0;5;
81236;202200052770;720 073;A01;3;7;1;1;2;1;1;
81237;202200052771;720 072;A01;2;7;0;2;1;5;1;
81238;202200052771;720 075;B01;2;7;0;2;1;1;1;
81239;202200052772;720 070;A01;3;7;15;0;8;1;1;
81240;202200052772;720 078;B01;3;7;0;2;1;1;1;
81241;202200052774;720 069;B01;2;2;1;0;1;13;1;
81242;202200052775;720 065;A01;1;31;0;0;7;21;1;
81243;202200052776;720 066;A01;2;10;0;1;3;1;1;
81244;202200052777;720 064;A01;1;7;0;2;5;21;1;
81245;202200052777;720 067;B01;1;33;0;2;3;1;1;
81246;202200052778;720 061;A01;2;30;0;2;1;1;1;
81247;202200052778;720 068;B01;2;7;0;2;3;26;1;
81248;202200052779;720 060;A01;1;7;13;0;2;1;1;
81249;202200052780;720 057;B01;1;7;0;2;4;23;1;
81250;202200052780;720 063;A01;1;7;0;2;1;2;1;
81251;202200052781;720 056;A01;3;36;6;0;3;2;1;
81252;202200052783;720 051;A01;1;7;0;2;3;1;2;
81253;202200052783;720 058;B01;3;50;0;2;1;19;3;
81254;202200052784;720 049;A01;2;7;0;2;1;9;1;
81255;202200052784;720 059;B01;2;33;0;2;7;1;1;
81256;202200052785;720 047;A01;1;15;11;0;1;14;1;
81257;202200052786;720 046;B01;2;10;0;2;2;1;1;
81258;202200052786;720 055;A01;2;2;0;2;1;1;1;
81259;202200052787;720 048;B01;1;7;0;2;1;1;1;
81260;202200052787;720 053;A01;1;14;5;2;4;15;6;
81261;202200052788;720 043;A01;3;33;8;0;3;1;1;
81262;202200052789;720 042;B01;2;7;0;2;1;1;1;
81263;202200052789;720 052;A01;1;33;0;2;1;1;1;
81264;202200052790;720 045;A01;2;7;0;1;3;15;3;
81265;202200052791;720 038;B01;2;7;0;2;5;2;1;
81266;202200052791;720 041;A01;2;31;0;2;1;2;1;
81267;202200052792;720 037;A01;1;7;1;0;3;13;1;
81268;202200052793;720 039;C01;1;7;0;2;3;1;1;
81269;202200052793;720 044;B01;1;7;0;2;3;1;1;
81270;202200052793;720 050;A01;1;32;0;2;1;17;1;
81271;202200052794;720 036;A01;1;7;0;2;8;1;1;
81272;202200052794;720 040;B01;1;99;15;0;7;5;0;
81273;202200052795;720 027;B01;2;33;0;2;1;1;1;
81274;202200052795;720 033;A01;1;21;0;2;6;1;1;
81275;202200052796;720 023;B01;0;31;0;2;1;1;1;
81276;202200052796;720 031;A01;0;7;0;0;7;15;1;
81277;202200052797;720 022;A01;1;1;0;2;1;9;5;
81278;202200052797;720 030;B01;1;7;0;2;2;9;1;
81279;202200052798;720 021;C01;2;7;0;2;4;2;1;
81280;202200052798;720 024;B01;2;10;0;2;4;2;1;
81281;202200052798;720 032;A01;2;10;0;2;1;2;1;
81282;202200052799;720 020;A01;2;7;15;0;1;14;1;
81283;202200052800;720 016;B01;0;1;0;0;2;1;5;
81284;202200052800;720 029;A01;2;7;0;2;0;9;1;
81285;202200052802;720 018;B01;1;7;0;2;4;2;2;
81286;202200052802;720 026;A01;1;7;0;2;1;2;1;
81287;202200052803;720 015;A01;1;31;0;2;1;2;1;
81288;202200052803;720 019;B01;1;10;0;0;7;16;1;
81289;202200052804;720 014;A01;1;1;0;0;0;1;5;
81290;202200052805;720 011;A01;2;33;0;0;7;26;1;
81291;202200052806;720 008;A01;1;7;0;2;3;9;1;
81292;202200052806;720 013;B01;2;32;0;2;7;1;1;
81293;202200052807;720 007;B01;2;33;0;2;8;23;1;
81294;202200052807;720 012;A01;2;33;3;2;1;1;1;
81295;202200052808;720 003;A01;3;7;13;0;8;0;1;
81296;202200052809;720 001;B01;0;1;0;0;0;0;5;
81297;202200052809;720 009;A01;2;2;0;9;7;1;1;
81298;202200052810;720 006;A01;1;7;4;0;1;21;1;
81299;202200052811;719 999;B01;1;1;0;2;1;1;5;
81300;202200052811;720 004;A01;1;7;0;2;1;16;1;
81301;202200052812;719 994;B01;0;1;0;2;1;19;5;
81302;202200052812;720 002;A01;1;7;0;2;3;9;1;
81303;202200052813;719 992;B01;1;43;0;2;3;1;1;
81304;202200052813;719 998;A01;1;7;0;2;2;12;1;
81305;202200052814;719 988;A01;2;37;0;0;0;1;1;2.0
81306;202200052815;719 990;B01;0;7;0;2;8;20;1;
81307;202200052815;719 997;A01;0;32;0;2;1;1;1;
81308;202200052816;719 985;A01;1;7;0;2;3;13;1;
81309;202200052816;719 995;B01;2;7;0;2;3;21;1;
81310;202200052817;719 987;A01;1;2;0;2;3;9;1;
81311;202200052817;719 996;B01;1;7;0;2;2;1;1;
81312;202200052818;719 984;A01;3;7;6;1;1;26;1;
81313;202200052819;719 981;B01;1;36;0;2;2;1;1;
81314;202200052819;719 989;A01;2;7;0;2;3;1;1;
81315;202200052820;719 980;A01;1;7;0;2;2;16;1;
81316;202200052820;719 986;B01;1;33;0;2;3;3;1;
81317;202200052820;719 991;C01;1;10;0;2;4;2;1;
81318;202200052821;719 982;A01;1;7;1;0;3;13;1;
81319;202200052823;719 979;A01;2;10;0;2;1;14;1;
81320;202200052823;719 983;B01;2;7;0;2;6;1;1;
81321;202200052824;719 974;A01;2;7;0;2;1;11;1;
81322;202200052824;719 977;B01;1;31;0;2;1;1;1;
81323;202200052825;719 972;A01;1;7;0;1;3;15;1;
81324;202200052826;719 975;A01;2;7;0;1;1;9;1;
81325;202200052827;719 971;A01;3;7;0;0;9;1;1;
81326;202200052828;719 968;A01;0;7;1;1;3;1;0;
81327;202200052829;719 964;B01;1;7;0;2;0;0;1;
81328;202200052829;719 973;A01;1;33;0;2;0;26;1;
81329;202200052830;719 967;B01;2;7;0;2;8;19;1;
81330;202200052830;719 970;A01;1;34;0;2;1;0;1;
81331;202200052831;719 956;A01;1;7;0;2;1;13;1;
81332;202200052831;719 961;B01;2;10;0;2;1;2;1;
81333;202200052832;719 963;B01;1;1;0;2;0;0;5;
81334;202200052832;719 965;A01;2;7;0;2;1;1;1;
81335;202200052833;719 952;C01;2;7;0;2;1;2;1;
81336;202200052833;719 960;B01;2;7;0;2;3;1;1;
81337;202200052833;719 966;A01;2;10;0;2;1;13;1;
81338;202200052834;719 953;A01;2;7;4;0;3;1;1;
81339;202200052835;719 954;B01;2;7;0;2;1;1;1;
81340;202200052835;719 958;A01;1;7;0;2;1;15;1;
81341;202200052837;719 948;B01;2;7;0;2;2;15;1;
81342;202200052837;719 955;A01;1;34;0;2;3;19;0;
81343;202200052838;719 946;A01;3;7;0;2;3;19;1;
81344;202200052838;719 951;B01;0;2;0;2;2;19;1;
81345;202200052839;719 943;A01;1;7;0;2;2;17;1;
81346;202200052839;719 947;B01;1;1;0;2;4;13;5;