;Num_Acc;id_vehicule;num_veh;senc;catv;obs;obsm;choc;manv;motor;occutc
81347;202200052840;719 940;A01;2;15;0;2;2;1;1;
81348;202200052840;719 945;B01;2;7;6;0;8;16;1;
81349;202200052841;719 944;A01;0;7;0;0;4;1;1;
81350;202200052841;719 950;B01;0;7;0;2;1;2;1;
81351;202200052842;719 939;A01;1;7;3;0;2;1;1;
81352;202200052843;719 935;B01;2;7;0;2;2;1;1;
81353;202200052843;719 941;A01;2;7;0;2;6;11;1;
81354;202200052844;719 934;B01;1;7;0;0;0;0;1;
81355;202200052844;719 936;A01;1;2;0;2;3;15;1;
81356;202200052845;719 933;A01;1;32;0;2;1;0;1;
81357;202200052845;719 937;B01;1;42;0;5;5;26;1;
81358;202200052846;719 932;A01;0;33;0;0;8;20;1;
81359;202200052847;719 930;A01;1;7;2;0;3;1;1;
81360;202200052848;719 931;A01;1;80;0;2;1;1;3;
81361;202200052848;719 942;B01;2;33;0;2;3;1;1;
81362;202200052849;719 928;A01;1;7;0;0;9;17;1;
81363;202200052850;719 929;B01;1;1;0;2;1;1;5;
81364;202200052850;719 938;A01;1;7;0;2;3;0;1;
81365;202200052851;719 923;A01;3;7;3;2;3;1;1;
81366;202200052851;719 926;B01;3;7;0;2;3;13;1;
81367;202200052852;719 918;A01;2;7;0;1;1;15;1;
81368;202200052853;719 917;B01;2;7;0;2;4;2;1;
81369;202200052853;719 925;A01;2;7;0;2;1;1;1;
81370;202200052854;719 913;A01;3;7;8;0;2;1;1;
81371;202200052855;719 909;A01;1;7;0;2;1;1;1;
81372;202200052855;719 919;B01;2;7;0;2;1;17;0;
81373;202200052856;719 912;A01;2;7;0;1;1;1;1;
81374;202200052858;719 907;A01;2;7;3;0;0;0;1;
81375;202200052861;719 903;A01;2;33;4;0;8;11;1;
81376;202200052862;719 902;A01;1;7;1;0;2;1;1;
81377;202200052863;719 901;A01;1;33;0;5;1;1;1;
81378;202200052864;719 900;B01;1;7;0;2;2;1;1;
81379;202200052864;719 904;A01;1;15;0;2;3;1;1;
81380;202200052865;719 897;A01;2;7;0;1;1;1;1;
81381;202200052867;719 893;B01;2;7;0;0;7;1;1;
81382;202200052867;719 898;A01;3;1;12;2;0;26;5;
81383;202200052868;719 892;B01;1;7;0;2;5;1;1;
81384;202200052868;719 916;A01;1;7;0;2;2;9;1;
81385;202200052869;719 890;A01;2;7;0;2;2;5;1;
81386;202200052869;719 894;B01;1;7;0;2;2;1;1;
81387;202200052870;719 891;B01;1;1;0;2;1;1;5;
81388;202200052870;719 899;A01;3;7;0;2;3;15;1;
81389;202200052871;719 889;A01;2;33;0;0;1;1;1;
81390;202200052872;719 888;A01;0;7;6;0;3;1;1;
81391;202200052873;719 885;A01;1;2;8;0;1;0;1;
81392;202200052874;719 887;B01;1;2;0;2;1;0;0;
81393;202200052874;719 896;A01;2;7;0;2;0;0;0;
81394;202200052875;719 886;A01;3;7;0;1;3;1;1;
81395;202200052876;719 882;A01;2;7;13;0;9;0;1;
81396;202200052880;719 879;A01;3;7;0;2;3;9;1;
81397;202200052880;719 884;B01;1;33;0;2;8;1;1;
81398;202200052881;719 877;A01;2;7;8;0;1;1;1;
81399;202200052882;719 875;A01;1;1;0;1;1;1;5;
81400;202200052883;719 871;B01;3;7;0;0;8;23;1;
81401;202200052883;719 876;A01;0;7;1;2;3;14;1;
81402;202200052884;719 868;B01;3;7;0;2;2;15;1;
81403;202200052884;719 874;A01;2;30;0;2;1;1;1;
81404;202200052885;719 867;A01;3;10;0;2;2;1;1;
81405;202200052885;719 872;B01;3;7;0;2;3;1;1;
81406;202200052886;719 866;A01;3;7;0;1;4;4;1;
81407;202200052887;719 864;A01;3;7;0;1;1;1;1;
81408;202200052889;719 861;B01;1;7;0;2;6;1;1;
81409;202200052889;719 869;A01;1;7;0;2;2;1;1;
81410;202200052890;719 860;A01;2;7;0;0;4;1;1;
81411;202200052890;719 863;B01;2;7;0;2;1;1;1;
81412;202200052890;719 870;C01;2;7;0;2;1;1;1;
81413;202200052891;719 859;A01;2;7;0;1;0;1;1;
81414;202200052892;719 858;A01;2;7;0;2;1;1;1;
81415;202200052892;719 873;B01;2;7;0;2;4;1;1;
81416;202200052893;719 856;A01;1;15;0;2;3;16;1;
81417;202200052893;719 862;B01;1;1;0;2;1;0;5;
81418;202200052895;719 845;A01;1;7;0;2;1;17;1;
81419;202200052895;719 855;B01;1;1;0;2;8;1;5;
81420;202200052896;719 844;B01;0;7;0;1;1;2;1;
81421;202200052896;719 853;A01;0;7;0;2;1;1;1;
81422;202200052897;719 847;B01;0;32;0;2;8;18;1;
81423;202200052897;719 852;A01;0;7;0;2;0;1;1;
81424;202200052898;719 842;C01;2;10;0;2;1;2;1;
81425;202200052898;719 850;B01;2;7;0;2;4;2;1;
81426;202200052898;719 854;A01;2;7;0;2;4;2;1;
81427;202200052899;719 841;A01;2;15;0;1;2;1;1;
81428;202200052901;719 840;A01;2;50;0;2;1;17;3;
81429;202200052901;719 843;B01;2;7;0;9;8;15;1;
81430;202200052903;719 837;A01;2;33;0;2;6;3;1;
81431;202200052903;719 846;B01;2;7;0;2;6;11;1;
81432;202200052904;719 833;Z01;1;7;0;1;0;0;0;
81433;202200052905;719 831;A01;1;7;0;1;7;9;0;
81434;202200052906;719 829;B01;2;30;0;2;2;1;1;
81435;202200052906;719 835;A01;2;10;0;2;3;9;1;
81436;202200052907;719 834;B01;1;7;0;0;1;19;1;
81437;202200052907;719 849;A01;2;7;0;0;5;19;1;
81438;202200052908;719 827;A01;1;7;0;2;3;13;1;
81439;202200052908;719 828;B01;2;7;0;2;3;1;1;
81440;202200052909;719 825;B01;0;1;0;2;5;19;5;
81441;202200052909;719 830;A01;1;7;0;2;3;12;3;
81442;202200052910;719 820;Z01;3;10;0;2;0;0;1;
81443;202200052910;719 824;B01;3;1;0;2;0;0;5;
81444;202200052912;719 818;A01;0;7;0;2;3;9;1;
81445;202200052912;719 823;B01;0;31;0;2;7;26;1;
81446;202200052913;719 815;A01;1;7;0;2;8;13;1;
81447;202200052913;719 821;B01;1;7;0;2;1;2;1;
81448;202200052914;719 816;A01;2;7;4;0;4;23;1;
81449;202200052914;719 826;B01;2;7;0;2;1;1;1;
81450;202200052915;719 813;A01;3;7;0;2;1;1;1;
81451;202200052915;719 819;B01;3;7;0;2;1;1;1;
81452;202200052916;719 812;B01;0;33;0;2;7;0;1;
81453;202200052916;719 817;A01;1;7;0;2;1;0;1;
81454;202200052917;719 809;A01;3;7;0;1;3;15;0;
81455;202200052918;719 805;A01;0;7;0;2;1;19;1;
81456;202200052918;719 811;B01;0;7;0;2;5;1;1;
81457;202200052919;719 803;A01;2;30;0;2;7;9;1;
81458;202200052919;719 808;B01;2;7;0;2;3;13;1;
81459;202200052920;719 804;A01;2;7;0;1;1;1;1;
81460;202200052922;719 798;A01;1;7;0;1;1;1;1;
81461;202200052923;719 797;B01;2;33;0;2;1;1;1;
81462;202200052923;719 802;A01;1;7;0;2;3;15;1;
81463;202200052924;719 795;A01;2;7;0;2;1;15;1;
81464;202200052924;719 801;B01;1;7;0;2;1;1;1;
81465;202200052925;719 796;A01;1;7;0;2;4;1;1;
81466;202200052925;719 807;B01;1;10;0;2;1;1;1;
81467;202200052927;719 792;A01;2;10;0;2;1;2;1;
81468;202200052927;719 799;C01;2;7;0;2;4;1;1;
81469;202200052927;719 806;B01;2;7;0;2;4;1;1;
81470;202200052928;719 789;B01;2;7;0;0;4;2;1;
81471;202200052928;719 793;A01;2;10;0;2;1;2;1;
81472;202200052929;719 785;A01;1;30;0;2;1;14;1;
81473;202200052929;719 791;B01;1;7;0;2;5;10;1;
81474;202200052930;719 784;B01;1;7;0;2;5;15;1;
81475;202200052930;719 790;A01;1;10;0;2;1;2;1;
81476;202200052931;719 783;B01;1;21;1;0;8;15;1;
81477;202200052931;719 786;A01;1;33;0;9;1;17;1;
81478;202200052932;719 781;A01;1;7;0;2;3;9;1;
81479;202200052932;719 788;B01;1;2;0;2;7;1;1;
81480;202200052934;719 778;A01;2;7;6;0;1;1;1;
81481;202200052935;719 779;A01;2;33;0;2;6;3;1;
81482;202200052936;719 774;A01;1;7;0;2;5;10;1;
81483;202200052936;719 777;B01;1;2;0;2;1;1;1;
81484;202200052937;719 775;A01;1;7;4;0;1;1;1;
81485;202200052938;719 773;A01;1;2;13;0;2;1;1;
81486;202200052939;719 768;B01;2;7;0;2;3;1;1;
81487;202200052939;719 776;A01;1;7;0;2;3;15;1;
81488;202200052941;719 765;B01;1;7;0;2;1;1;1;
81489;202200052941;719 769;A01;2;7;0;2;1;13;1;
81490;202200052942;719 763;A01;3;7;16;0;3;9;1;
81491;202200052942;719 772;B01;3;50;16;0;1;0;3;
81492;202200052943;719 766;A01;3;7;0;2;3;15;1;
81493;202200052943;719 771;B01;3;1;0;2;1;2;0;
81494;202200052944;719 762;A01;1;7;-1;0;1;0;1;
81495;202200052946;719 759;A01;3;50;0;2;1;19;3;
81496;202200052946;719 767;B01;3;7;0;2;2;1;1;
81497;202200052948;719 756;A01;2;7;0;2;1;12;1;
81498;202200052948;719 764;B01;2;7;0;2;4;1;1;
81499;202200052949;719 752;A01;3;7;0;2;2;15;1;
81500;202200052949;719 758;B01;3;33;0;2;1;1;1;
81501;202200052950;719 748;A01;3;7;0;2;2;15;1;
81502;202200052950;719 753;B01;3;33;0;2;1;1;1;
81503;202200052951;719 747;A01;3;1;0;2;1;25;5;
81504;202200052951;719 755;B01;3;1;0;2;1;1;5;
81505;202200052954;719 743;A01;1;10;0;2;2;15;1;
81506;202200052954;719 750;B01;2;33;0;2;1;1;1;
81507;202200052955;719 741;B01;2;7;0;2;5;1;1;
81508;202200052955;719 745;A01;2;33;0;2;1;3;1;
81509;202200052956;719 740;B01;2;1;0;2;8;1;5;
81510;202200052956;719 744;A01;1;7;0;2;1;13;0;
81511;202200052957;719 736;A01;1;7;0;0;2;1;1;
81512;202200052958;719 735;B01;3;7;0;2;2;13;1;
81513;202200052958;719 739;A01;3;2;0;2;7;1;1;
81514;202200052959;719 734;B01;1;7;0;2;2;0;1;
81515;202200052959;719 742;A01;2;7;0;2;1;15;1;
81516;202200052960;719 733;C01;1;7;0;2;3;0;1;
81517;202200052960;719 738;B01;1;7;0;2;6;0;1;
81518;202200052960;719 751;A01;1;7;3;2;2;0;1;
81519;202200052961;719 732;B01;2;50;0;2;7;1;3;
81520;202200052961;719 737;A01;2;7;0;2;2;16;1;
81521;202200052962;719 729;A01;1;10;0;1;1;15;1;
81522;202200052963;719 727;B01;1;32;0;2;1;18;1;
81523;202200052963;719 731;A01;1;7;0;2;1;15;1;
81524;202200052965;719 724;B01;1;7;0;2;1;1;1;
81525;202200052965;719 730;A01;2;7;0;2;1;1;1;
81526;202200052966;719 723;A01;3;33;0;2;1;1;1;
81527;202200052966;719 726;B01;3;7;0;2;2;1;1;
81528;202200052967;719 719;B01;1;7;0;2;5;1;1;
81529;202200052967;719 722;A01;1;33;0;2;1;1;1;
81530;202200052968;719 717;A01;1;7;1;0;6;0;1;
81531;202200052969;719 718;B01;2;7;0;2;4;12;1;
81532;202200052969;719 725;A01;2;7;0;2;1;1;1;
81533;202200052970;719 714;B01;2;7;0;2;1;1;1;
81534;202200052970;719 720;A01;1;7;0;2;1;5;1;
81535;202200052971;719 715;B01;2;7;0;2;4;12;1;
81536;202200052971;719 721;A01;2;33;0;2;3;3;1;
81537;202200052972;719 712;A01;3;7;2;0;7;21;1;
81538;202200052973;719 711;A01;1;33;2;0;1;1;1;
81539;202200052974;719 713;A01;1;7;0;1;3;1;1;
81540;202200052975;719 709;A01;-1;2;0;0;3;1;1;
81541;202200052976;719 708;A01;1;7;0;1;8;1;1;
81542;202200052977;719 706;B01;3;30;0;2;6;1;1;
81543;202200052977;719 710;A01;1;30;0;2;1;1;1;
81544;202200052978;719 702;B01;1;37;0;2;1;1;4;7.0
81545;202200052978;719 716;Z01;2;1;0;0;0;1;5;
81546;202200052979;719 698;A01;1;7;0;0;1;1;1;
81547;202200052980;719 700;A01;3;7;0;2;0;0;1;
81548;202200052980;719 705;B01;3;7;0;2;0;0;1;
81549;202200052981;719 701;A01;2;31;0;6;1;1;1;
81550;202200052982;719 696;B01;2;7;0;2;7;14;1;
81551;202200052982;719 703;A01;2;7;0;2;8;18;1;
81552;202200052983;719 695;A01;2;7;13;0;3;16;1;
81553;202200052984;719 691;A01;1;30;0;2;2;17;1;
81554;202200052984;719 694;B01;1;7;0;2;0;0;0;
81555;202200052985;719 687;A01;2;7;0;1;1;1;1;
81556;202200052986;719 689;B01;1;33;0;2;1;1;1;
81557;202200052986;719 697;A01;2;10;0;2;8;15;1;
81558;202200052987;719 686;A01;1;7;0;2;3;15;1;
81559;202200052987;719 692;B01;1;30;0;2;7;17;3;
81560;202200052988;719 685;B01;3;7;0;2;1;1;1;
81561;202200052988;719 690;A01;3;15;0;0;7;9;1;
81562;202200052989;719 683;A01;1;2;0;0;2;0;1;
81563;202200052990;719 682;A01;1;32;0;0;8;17;1;
81564;202200052991;719 681;A01;2;7;0;2;1;12;1;
81565;202200052991;719 688;B01;2;33;0;2;1;3;1;
81566;202200052991;719 693;C01;2;7;0;2;4;1;1;
81567;202200052991;719 699;D01;2;7;0;2;4;0;1;
81568;202200052991;719 704;E01;2;7;0;2;4;1;1;
81569;202200052991;719 707;F01;2;7;0;2;4;1;1;
81570;202200052992;719 677;C01;1;10;0;2;1;1;1;
81571;202200052992;719 680;B01;1;7;0;2;1;1;1;
81572;202200052992;719 684;A01;2;7;0;2;1;15;1;
81573;202200052993;719 676;B01;0;7;0;2;1;1;1;
81574;202200052993;719 679;A01;0;7;0;2;2;15;1;
81575;202200052994;719 672;A01;1;33;11;2;2;1;1;
81576;202200052995;719 670;B01;3;32;0;2;5;1;1;
81577;202200052995;719 674;A01;3;7;0;2;5;20;1;
81578;202200052996;719 669;B01;2;7;0;2;2;2;0;
81579;202200052996;719 678;A01;3;7;0;2;3;2;0;
81580;202200052997;719 666;A01;2;7;0;1;1;1;1;
81581;202200052998;719 667;A01;1;33;2;0;1;1;1;
81582;202200052999;719 665;A01;3;30;0;2;1;15;1;
81583;202200052999;719 671;B01;3;7;0;2;1;1;1;
81584;202200053000;719 663;B01;2;7;0;2;6;2;1;
81585;202200053000;719 664;A01;2;7;0;2;2;2;1;
81586;202200053001;719 662;A01;1;7;0;2;8;1;1;
81587;202200053001;719 673;B01;1;7;0;2;1;19;1;
81588;202200053002;719 657;A01;1;7;0;2;1;16;1;
81589;202200053002;719 660;B01;2;33;0;2;1;1;1;
81590;202200053003;719 659;A01;1;7;0;2;3;19;1;
81591;202200053003;719 675;B01;1;7;0;2;1;1;1;
81592;202200053006;719 653;A01;1;80;6;0;1;15;3;
81593;202200053007;719 651;A01;1;33;0;2;0;10;1;
81594;202200053007;719 655;B01;1;7;0;2;1;1;1;
81595;202200053008;719 649;A01;0;7;0;1;1;26;1;
81596;202200053009;719 647;A01;3;3;1;0;1;13;1;
81597;202200053010;719 646;B01;1;7;0;2;8;15;1;
81598;202200053010;719 650;A01;1;33;0;2;2;17;1;
81599;202200053011;719 643;A01;1;1;0;1;1;1;5;
81600;202200053012;719 642;A01;1;7;3;0;1;1;1;
81601;202200053013;719 640;A01;1;33;0;0;8;14;1;
81602;202200053014;719 639;B01;2;7;0;2;1;2;1;
81603;202200053014;719 644;A01;2;32;14;2;7;1;1;
81604;202200053016;719 634;B01;1;33;0;2;8;1;1;
81605;202200053016;719 638;A01;1;7;0;2;1;1;1;
81606;202200053017;719 635;A01;2;7;0;1;1;1;1;
81607;202200053018;719 628;A01;1;33;0;2;1;17;1;
81608;202200053018;719 633;B01;1;7;0;2;8;15;1;
81609;202200053019;719 629;E01;1;7;0;2;4;23;1;
81610;202200053019;719 641;A01;1;7;0;2;1;2;1;
81611;202200053019;719 648;B01;1;7;0;2;4;2;1;
81612;202200053019;719 658;C01;1;7;0;2;4;23;1;
81613;202200053019;719 668;D01;1;7;0;2;4;23;1;
81614;202200053020;719 631;C01;1;7;0;2;1;2;1;
81615;202200053020;719 637;B01;1;37;0;2;4;2;1;1.0
81616;202200053020;719 645;A01;1;7;0;2;1;1;2;
81617;202200053022;719 627;A01;1;10;0;1;5;16;1;
81618;202200053023;719 624;A01;1;7;0;0;1;1;1;
81619;202200053024;719 623;A01;1;10;4;0;1;1;0;
81620;202200053025;719 622;B01;1;7;0;2;1;2;1;
81621;202200053025;719 625;A01;1;1;0;2;1;19;5;
81622;202200053026;719 618;A01;0;7;0;2;2;9;1;
81623;202200053027;719 619;A01;3;7;0;0;0;2;1;
81624;202200053028;719 620;A01;1;33;11;0;1;18;1;
81625;202200053032;719 608;A01;1;7;0;1;1;1;1;
81626;202200053034;719 605;Z01;3;33;0;1;1;26;0;
81627;202200053035;719 599;A01;1;33;0;2;5;1;1;
81628;202200053035;719 606;B01;1;7;0;2;1;9;0;
81629;202200053036;719 598;Z01;2;7;0;0;0;0;0;
81630;202200053036;719 601;B01;1;1;0;2;4;2;5;
81631;202200053037;719 597;B01;1;7;0;2;3;15;1;
81632;202200053037;719 603;A01;1;2;0;2;2;1;1;
81633;202200053038;719 596;B01;2;33;0;2;1;1;1;
81634;202200053038;719 604;A01;1;7;0;2;6;9;1;
81635;202200053039;719 595;A01;1;7;1;0;1;26;1;
81636;202200053039;719 602;B01;1;7;0;2;6;23;1;
81637;202200053040;719 593;A01;1;33;0;0;1;1;1;
81638;202200053041;719 591;D01;1;7;0;0;4;23;1;
81639;202200053041;719 594;C01;1;7;14;0;4;23;1;
81640;202200053041;719 600;B01;1;7;14;0;4;23;1;
81641;202200053041;719 610;A01;1;7;14;0;1;1;1;
81642;202200053042;719 587;B01;1;43;0;2;8;1;1;
81643;202200053042;719 592;A01;1;7;0;2;7;12;1;
81644;202200053043;719 586;A01;3;7;1;0;1;15;1;
81645;202200053043;719 590;B01;1;33;0;2;2;1;1;
81646;202200053044;719 585;B01;2;10;0;2;2;2;1;
81647;202200053044;719 588;A01;2;1;0;2;4;1;5;
81648;202200053045;719 584;A01;1;7;4;0;1;11;1;
81649;202200053046;719 582;A01;2;10;0;1;1;16;1;
81650;202200053047;719 583;B01;2;7;0;2;4;15;2;
81651;202200053047;719 589;A01;1;7;0;2;1;1;1;
81652;202200053048;719 578;A01;1;7;0;2;1;26;1;
81653;202200053048;719 581;B01;1;50;0;2;0;1;3;
81654;202200053049;719 580;A01;1;7;0;1;2;1;1;
81655;202200053050;719 576;A01;2;7;0;2;7;16;1;
81656;202200053050;719 579;B01;2;1;0;2;1;19;5;
81657;202200053051;719 572;B01;2;10;0;2;2;16;1;
81658;202200053051;719 574;A01;2;30;0;2;1;7;1;
81659;202200053052;719 569;B01;1;7;0;0;6;26;1;
81660;202200053052;719 573;A01;1;31;1;0;2;1;1;
81661;202200053053;719 568;A01;1;33;0;0;0;26;1;
81662;202200053054;719 570;A01;1;14;0;2;1;16;1;
81663;202200053054;719 577;B01;3;1;0;2;4;0;5;
81664;202200053055;719 566;A01;2;7;0;2;4;23;1;
81665;202200053055;719 571;B01;2;7;0;2;4;23;1;
81666;202200053055;719 575;C01;2;7;0;2;1;2;1;
81667;202200053056;719 567;A01;2;7;0;1;0;1;1;
81668;202200053057;719 564;A01;3;7;0;1;4;4;1;
81669;202200053059;719 557;A01;2;33;0;2;1;13;1;
81670;202200053059;719 563;B01;1;7;0;2;1;1;1;
81671;202200053060;719 556;A01;1;7;1;0;7;1;2;
81672;202200053060;719 559;B01;1;1;1;0;0;0;5;
81673;202200053061;719 554;A01;1;7;3;0;3;17;1;
81674;202200053061;719 558;Z01;1;14;0;0;0;0;1;
81675;202200053062;719 555;A01;1;7;0;2;3;15;1;
81676;202200053062;719 562;B01;0;30;0;2;1;1;1;
81677;202200053063;719 552;B01;2;7;0;2;8;9;3;
81678;202200053063;719 561;A01;1;7;0;2;1;1;1;
81679;202200053064;719 551;A01;3;33;0;0;3;2;1;
81680;202200053065;719 550;B01;2;34;0;2;0;0;0;
81681;202200053065;719 553;A01;1;30;0;2;8;17;1;
81682;202200053066;719 548;A01;1;13;13;0;1;19;1;
81683;202200053067;719 549;A01;3;7;8;0;1;1;1;
81684;202200053068;719 547;B01;0;50;0;2;8;1;3;
81685;202200053069;719 545;A01;3;7;0;1;4;4;1;
81686;202200053071;719 538;A01;1;7;0;2;1;1;1;
81687;202200053071;719 544;B01;1;7;0;2;4;1;2;
81688;202200053071;719 546;C01;1;7;0;2;4;1;1;
81689;202200053073;719 543;A01;1;32;0;1;0;1;1;
81690;202200053074;719 530;B01;3;7;0;2;3;1;1;
81691;202200053074;719 537;A01;3;7;0;2;1;19;1;
81692;202200053075;719 529;A01;3;7;2;2;1;17;1;
81693;202200053075;719 535;B01;3;7;0;2;3;15;1;
81694;202200053076;719 525;A01;1;32;0;2;6;1;1;
81695;202200053076;719 531;B01;1;7;0;2;6;20;1;
81696;202200053077;719 528;B01;2;7;0;2;1;15;1;
81697;202200053077;719 540;A01;1;7;0;2;1;1;1;
81698;202200053078;719 521;A01;1;7;0;1;2;1;2;
81699;202200053079;719 523;A01;1;7;0;2;5;1;1;
81700;202200053079;719 524;B01;2;10;0;2;1;1;1;
81701;202200053080;719 520;A01;2;7;0;2;1;26;1;
81702;202200053080;719 526;B01;2;7;0;2;6;0;1;
81703;202200053080;719 534;C01;2;7;0;2;4;0;1;
81704;202200053080;719 541;D01;2;7;0;2;8;0;1;
81705;202200053081;719 517;A01;1;10;0;2;1;1;1;
81706;202200053081;719 522;B01;1;7;0;2;4;1;1;
81707;202200053081;719 527;C01;1;7;0;2;4;1;1;
81708;202200053081;719 532;D01;1;7;0;2;4;1;1;
81709;202200053082;719 515;B01;1;7;0;2;8;1;3;
81710;202200053082;719 519;A01;1;30;0;2;1;19;1;
81711;202200053083;719 514;A01;0;7;0;2;3;15;1;
81712;202200053083;719 518;B01;0;1;0;2;3;1;5;
81713;202200053084;719 509;A01;1;7;0;2;2;1;1;
81714;202200053084;719 516;B01;1;1;0;2;0;1;5;
81715;202200053085;719 511;B01;2;60;0;2;7;19;5;
81716;202200053085;719 513;A01;1;10;0;2;3;1;1;
81717;202200053086;719 506;B01;2;7;0;2;5;2;1;
81718;202200053086;719 508;A01;2;43;0;2;1;2;1;
81719;202200053087;719 504;A01;1;7;0;1;1;1;0;
81720;202200053088;719 503;A01;3;7;0;9;1;26;1;
81721;202200053088;719 505;B01;3;1;0;2;7;0;5;
81722;202200053090;719 497;B01;2;80;0;2;1;0;3;
81723;202200053090;719 500;A01;1;7;0;9;7;15;2;
81724;202200053091;719 496;A01;1;7;0;2;2;1;1;
81725;202200053091;719 499;B01;3;60;0;2;1;19;5;
81726;202200053092;719 495;B01;1;32;0;2;1;1;1;
81727;202200053092;719 502;A01;1;80;0;2;4;16;3;
81728;202200053093;719 493;B01;2;7;0;2;3;0;1;
81729;202200053093;719 498;A01;2;7;0;2;4;1;2;
81730;202200053094;719 491;B01;1;7;0;2;1;1;1;
81731;202200053094;719 494;A01;1;7;0;2;1;1;1;
81732;202200053095;719 492;A01;1;7;3;0;9;1;1;
81733;202200053096;719 488;A01;3;32;0;1;2;1;1;
81734;202200053097;719 489;A01;3;7;3;0;1;1;1;
81735;202200053098;719 485;A01;1;1;0;1;1;1;5;
81736;202200053099;719 486;A01;1;7;0;1;2;1;1;
81737;202200053100;719 484;A01;3;2;10;0;0;0;3;
81738;202200053101;719 476;A01;3;7;0;2;1;26;1;
81739;202200053101;719 482;B01;1;2;0;2;7;25;3;
81740;202200053102;719 475;C01;2;7;0;2;6;2;1;
81741;202200053102;719 480;B01;2;7;0;2;5;2;1;
81742;202200053102;719 483;A01;2;7;0;2;1;2;1;
81743;202200053103;719 474;B01;2;7;0;2;8;1;1;
81744;202200053103;719 481;A01;2;32;0;2;1;14;1;
81745;202200053104;719 472;A01;1;7;0;2;1;12;1;
81746;202200053104;719 479;B01;1;7;0;2;4;1;1;
81747;202200053105;719 470;C01;2;7;0;2;4;2;1;
81748;202200053105;719 473;B01;2;7;0;2;4;2;1;
81749;202200053105;719 478;A01;2;7;0;2;1;2;1;
81750;202200053106;719 468;A01;2;33;0;2;1;1;1;
81751;202200053106;719 471;B01;1;7;0;2;1;1;1;
81752;202200053107;719 469;B01;0;7;0;2;4;23;1;
81753;202200053107;719 477;A01;0;7;0;2;1;2;1;
81754;202200053108;719 467;A01;2;7;8;0;2;14;1;
81755;202200053110;719 463;A01;1;3;14;0;1;13;3;
81756;202200053111;719 464;A01;2;33;0;2;3;3;1;
81757;202200053111;719 465;B01;2;7;0;2;7;12;1;
81758;202200053112;719 460;A01;2;7;0;1;3;1;1;
81759;202200053113;719 459;A01;2;7;13;0;1;1;1;
81760;202200053114;719 458;B01;1;2;0;2;1;1;1;
81761;202200053114;719 462;A01;2;7;0;2;8;1;1;
81762;202200053115;719 456;A01;2;33;0;2;1;2;1;
81763;202200053116;719 457;A01;2;7;0;2;1;15;1;
81764;202200053116;719 461;B01;1;1;0;2;9;5;5;
81765;202200053117;719 455;A01;2;50;0;0;0;1;3;
81766;202200053118;719 454;A01;2;7;13;0;1;0;1;
81767;202200053119;719 450;A01;3;1;0;1;7;1;5;
81768;202200053121;719 449;A01;1;1;0;0;7;1;5;
81769;202200053122;719 448;B01;0;1;0;2;8;1;5;
81770;202200053122;719 453;A01;0;7;0;2;1;15;1;
81771;202200053123;719 446;B01;2;1;0;2;2;1;5;
81772;202200053123;719 451;A01;3;7;0;2;3;15;1;
81773;202200053124;719 445;A01;0;7;0;1;3;1;1;
81774;202200053125;719 443;A01;2;7;0;1;4;4;1;
81775;202200053126;719 441;B01;1;33;0;2;1;0;0;
81776;202200053126;719 444;A01;1;7;0;2;4;1;1;
81777;202200053127;719 439;A01;1;7;0;1;3;1;1;
81778;202200053129;719 436;B01;2;7;0;2;1;1;1;
81779;202200053129;719 440;A01;2;7;0;2;5;1;2;
81780;202200053130;719 435;A01;0;7;0;2;2;17;1;
81781;202200053130;719 438;B01;0;32;0;2;8;14;1;
81782;202200053131;719 431;Z01;2;7;0;1;0;1;0;
81783;202200053132;719 429;A01;1;7;0;2;1;19;1;
81784;202200053132;719 434;B01;1;31;0;2;3;19;1;
81785;202200053133;719 427;A01;1;43;0;9;3;6;1;
81786;202200053133;719 428;B01;2;99;0;2;8;1;6;
81787;202200053134;719 425;A01;1;7;7;0;1;14;1;
81788;202200053134;719 432;B01;1;7;0;0;0;0;1;
81789;202200053135;719 426;B01;1;7;0;2;1;16;2;
81790;202200053135;719 430;A01;2;7;0;2;1;1;1;
81791;202200053136;719 423;A01;3;7;0;1;1;1;2;
81792;202200053137;719 421;A01;0;2;0;2;0;0;1;
81793;202200053137;719 424;B01;0;2;0;2;0;0;1;
81794;202200053139;719 417;B01;1;1;0;2;1;5;5;
81795;202200053139;719 422;A01;2;7;0;2;1;16;1;
81796;202200053140;719 416;A01;2;43;0;2;1;21;1;
81797;202200053140;719 419;B01;2;7;0;2;3;16;1;
81798;202200053141;719 415;A01;1;7;0;1;4;20;2;
81799;202200053142;719 414;A01;2;10;0;9;2;1;1;
81800;202200053142;719 418;B01;2;1;0;2;1;15;5;
81801;202200053143;719 413;A01;1;31;0;0;2;1;1;
81802;202200053144;719 412;A01;2;7;9;0;1;1;2;
81803;202200053145;719 410;A01;2;7;8;0;2;1;2;
81804;202200053146;719 409;A01;3;10;0;1;1;16;1;
81805;202200053147;719 408;A01;3;7;0;1;1;1;1;
81806;202200053148;719 406;A01;0;10;1;0;1;5;1;
81807;202200053148;719 411;C01;0;7;1;2;4;5;1;