;Num_Acc;id_vehicule;num_veh;senc;catv;obs;obsm;choc;manv;motor;occutc
81808;202200053149;719 405;A01;2;7;0;2;3;16;1;
81809;202200053149;719 407;B01;2;33;0;2;2;9;1;
81810;202200053150;719 404;A01;1;10;0;1;1;0;1;
81811;202200053151;719 400;Y01;0;7;0;0;0;0;1;
81812;202200053151;719 403;A01;0;1;0;0;0;0;5;
81813;202200053152;719 399;A01;1;7;0;2;1;1;1;
81814;202200053152;719 402;B01;1;7;0;2;4;1;1;
81815;202200053153;719 397;A01;1;7;12;0;1;1;1;
81816;202200053154;719 393;A01;1;7;0;2;8;20;1;
81817;202200053154;719 396;B01;0;2;0;0;0;0;1;
81818;202200053155;719 395;A01;2;7;0;2;1;15;1;
81819;202200053155;719 401;B01;1;7;0;2;5;1;1;
81820;202200053156;719 394;B01;1;50;0;2;1;9;3;
81821;202200053156;719 398;A01;2;7;0;2;3;16;1;
81822;202200053157;719 390;A01;1;33;3;0;3;26;1;
81823;202200053158;719 389;B01;2;7;0;2;4;2;1;
81824;202200053158;719 391;A01;2;30;0;2;1;2;0;
81825;202200053159;719 388;A01;0;33;0;2;1;2;1;
81826;202200053159;719 392;B01;0;7;0;2;4;1;1;
81827;202200053160;719 386;Z01;3;50;0;1;0;0;3;
81828;202200053161;719 387;A01;1;7;6;0;1;14;1;
81829;202200053162;719 382;A01;2;7;0;0;1;1;1;
81830;202200053164;719 380;B01;3;7;0;2;4;1;1;
81831;202200053164;719 383;A01;3;10;0;2;1;2;1;
81832;202200053165;719 379;B01;1;7;0;2;3;1;1;
81833;202200053165;719 385;A01;2;7;0;2;1;15;1;
81834;202200053166;719 378;A01;2;10;1;0;1;13;1;
81835;202200053167;719 375;B01;1;7;0;2;6;1;1;
81836;202200053167;719 377;A01;1;7;0;2;2;15;1;
81837;202200053168;719 374;A01;3;7;0;2;3;0;1;
81838;202200053168;719 376;B01;0;2;0;2;1;1;1;
81839;202200053170;719 371;A01;2;7;2;0;1;13;1;
81840;202200053171;719 372;A01;2;32;0;0;0;21;1;
81841;202200053172;719 365;A01;3;2;0;2;1;2;0;
81842;202200053172;719 370;B01;3;7;0;2;4;2;0;
81843;202200053173;719 363;B01;2;10;0;2;4;1;1;
81844;202200053173;719 367;A01;2;7;0;2;1;1;1;
81845;202200053174;719 362;A01;2;7;15;0;8;1;1;
81846;202200053175;719 361;B01;1;7;0;2;3;15;1;
81847;202200053175;719 364;A01;1;7;0;2;1;1;1;
81848;202200053176;719 359;A01;3;7;13;0;1;1;1;
81849;202200053177;719 358;A01;1;7;0;2;1;17;1;
81850;202200053177;719 360;B01;1;7;0;2;4;11;1;
81851;202200053179;719 354;A01;3;10;0;2;3;11;1;
81852;202200053179;719 356;B01;3;33;0;2;7;2;1;
81853;202200053180;719 351;B01;3;7;0;2;4;0;1;
81854;202200053180;719 353;A01;3;30;0;2;1;26;1;
81855;202200053181;719 352;B01;2;7;0;0;5;15;1;
81856;202200053181;719 355;A01;2;7;0;2;3;1;1;
81857;202200053182;719 349;A01;3;7;0;1;7;26;1;
81858;202200053183;719 348;B01;2;7;0;2;1;2;1;
81859;202200053183;719 350;A01;2;10;0;2;3;15;1;
81860;202200053184;719 347;A01;1;7;6;0;1;1;1;
81861;202200053185;719 346;Z01;1;7;0;1;3;15;0;
81862;202200053187;719 341;B01;1;33;0;0;1;23;1;
81863;202200053187;719 344;A01;1;10;0;2;4;4;1;
81864;202200053188;719 343;A01;2;7;0;2;4;12;1;
81865;202200053188;719 345;B01;2;32;0;2;1;3;1;
81866;202200053189;719 340;A01;1;7;0;1;1;2;1;
81867;202200053190;719 338;A01;1;30;0;2;3;1;3;
81868;202200053190;719 339;B01;1;7;0;2;1;15;1;
81869;202200053191;719 337;A01;2;7;13;0;2;1;1;
81870;202200053192;719 336;A01;3;7;0;1;2;1;1;
81871;202200053193;719 334;A01;1;7;0;1;1;1;1;
81872;202200053194;719 333;A01;1;10;0;2;2;15;1;
81873;202200053194;719 335;B01;2;33;0;2;1;1;1;
81874;202200053195;719 331;A01;1;7;8;0;1;0;1;
81875;202200053196;719 329;B01;1;7;0;2;6;15;1;
81876;202200053196;719 332;A01;1;1;0;2;1;2;5;
81877;202200053197;719 328;A01;3;7;8;0;2;1;1;
81878;202200053199;719 324;A01;1;50;0;0;0;1;3;
81879;202200053200;719 323;Z01;1;32;0;1;1;1;1;
81880;202200053201;719 321;B01;1;7;0;2;1;1;1;
81881;202200053201;719 326;A01;2;7;0;2;1;5;1;
81882;202200053202;719 320;B01;2;7;0;0;4;23;1;
81883;202200053202;719 325;A01;2;7;0;2;1;1;1;
81884;202200053204;719 317;A01;1;50;0;1;1;1;3;
81885;202200053206;719 312;A01;1;30;0;2;1;1;1;
81886;202200053206;719 313;B01;1;7;0;2;2;20;1;
81887;202200053207;719 309;A01;2;7;0;1;3;1;1;
81888;202200053208;719 310;B01;2;13;0;2;6;23;1;
81889;202200053208;719 315;A01;2;17;0;2;2;2;1;
81890;202200053209;719 308;A01;2;33;0;2;1;13;1;
81891;202200053209;719 311;B01;1;7;0;2;3;1;1;
81892;202200053210;719 307;A01;2;7;10;0;1;1;1;
81893;202200053211;719 306;A01;3;7;0;1;1;15;1;
81894;202200053212;719 304;A01;1;7;15;0;1;1;1;
81895;202200053214;719 302;B01;1;1;0;2;7;1;5;
81896;202200053214;719 303;A01;1;7;0;2;3;22;1;
81897;202200053215;719 301;A01;3;32;0;0;7;1;1;
81898;202200053216;719 299;B01;1;7;0;2;4;23;1;
81899;202200053216;719 300;A01;1;33;0;2;1;2;1;
81900;202200053217;719 295;A01;3;7;1;1;1;1;1;
81901;202200053218;719 292;A01;1;7;0;2;3;9;1;
81902;202200053218;719 296;B01;1;33;0;2;2;1;1;
81903;202200053219;719 294;A01;2;7;0;0;3;18;1;
81904;202200053219;719 297;B01;2;2;0;0;0;1;1;
81905;202200053220;719 293;B01;1;1;0;9;7;1;5;
81906;202200053220;719 298;A01;2;1;0;0;1;1;5;
81907;202200053221;719 288;B01;3;7;0;2;5;15;1;
81908;202200053221;719 291;A01;3;7;0;2;1;1;1;
81909;202200053222;719 285;A01;3;36;6;0;1;0;1;
81910;202200053223;719 286;A01;1;50;0;2;0;0;3;
81911;202200053223;719 290;Z01;1;10;0;2;0;0;0;
81912;202200053224;719 284;B01;1;33;0;2;7;17;1;
81913;202200053224;719 287;A01;1;10;0;2;1;15;1;
81914;202200053225;719 283;B01;1;2;0;2;8;1;1;
81915;202200053225;719 289;A01;1;7;0;2;7;15;1;
81916;202200053226;719 282;A01;2;7;0;1;1;1;1;
81917;202200053227;719 281;A01;1;7;16;0;9;14;1;
81918;202200053228;719 277;A01;2;31;0;2;1;2;1;
81919;202200053228;719 280;B01;2;7;0;2;5;14;1;
81920;202200053229;719 276;A01;1;7;0;2;8;1;1;
81921;202200053229;719 278;B01;1;30;0;2;2;1;1;
81922;202200053230;719 274;A01;1;7;0;9;6;1;1;
81923;202200053230;719 279;B01;2;80;0;2;1;13;3;
81924;202200053231;719 271;A01;2;7;2;0;1;17;1;
81925;202200053232;719 268;D01;1;7;0;2;1;1;1;
81926;202200053232;719 270;C01;1;7;0;2;8;1;1;
81927;202200053232;719 273;B01;1;7;0;2;8;1;1;
81928;202200053232;719 275;A01;2;7;0;2;9;13;1;
81929;202200053233;719 267;A01;2;7;0;2;1;9;1;
81930;202200053233;719 272;B01;2;30;0;2;8;0;1;
81931;202200053234;719 265;A01;1;7;6;0;1;1;3;
81932;202200053235;719 266;Z01;1;7;0;2;2;22;1;
81933;202200053235;719 269;A01;1;2;0;2;1;1;1;
81934;202200053236;719 262;A01;1;7;8;0;3;13;1;
81935;202200053238;719 261;A01;3;21;0;0;7;1;1;
81936;202200053240;719 258;B01;2;1;0;2;1;1;5;
81937;202200053240;719 259;A01;1;7;0;2;6;4;1;
81938;202200053241;719 257;A01;2;7;0;1;3;15;1;
81939;202200053242;719 255;A01;1;0;0;1;0;1;0;
81940;202200053243;719 254;B01;1;7;0;2;6;23;1;
81941;202200053243;719 256;A01;1;32;1;0;2;1;1;
81942;202200053244;719 252;A01;2;50;0;1;1;17;3;
81943;202200053245;719 250;Z01;1;2;0;2;2;10;0;
81944;202200053245;719 253;A01;2;1;0;2;1;1;5;
81945;202200053246;719 251;A01;1;7;3;0;9;16;1;
81946;202200053247;719 248;A01;2;34;9;0;2;9;1;
81947;202200053249;719 247;A01;1;10;0;1;0;2;1;
81948;202200053250;719 245;A01;1;10;0;2;1;1;1;
81949;202200053250;719 249;B01;3;7;0;2;1;1;1;
81950;202200053251;719 244;A01;2;33;2;0;1;13;1;
81951;202200053252;719 242;A01;1;2;0;2;5;15;1;
81952;202200053252;719 243;B01;2;1;0;2;1;1;5;
81953;202200053253;719 239;Z01;1;7;0;9;0;1;1;
81954;202200053253;719 241;B01;1;33;0;2;7;1;1;
81955;202200053254;719 238;B01;1;7;0;2;5;26;1;
81956;202200053254;719 240;A01;1;30;1;0;1;26;1;
81957;202200053255;719 237;A01;2;7;2;0;1;1;1;
81958;202200053256;719 235;A01;2;1;0;1;1;1;5;
81959;202200053257;719 233;A01;1;2;0;2;3;2;1;
81960;202200053257;719 236;B01;1;7;0;2;5;11;1;
81961;202200053258;719 232;A01;3;30;0;0;7;26;1;
81962;202200053259;719 231;A01;2;1;0;0;4;1;5;
81963;202200053259;719 234;B01;2;14;0;9;1;2;1;
81964;202200053260;719 228;A01;1;7;0;2;5;22;2;
81965;202200053260;719 230;B01;1;80;0;2;1;1;3;
81966;202200053261;719 227;A01;1;7;0;1;1;1;1;
81967;202200053263;719 222;A01;1;10;0;1;1;15;3;
81968;202200053264;719 223;B01;1;7;0;2;6;23;1;
81969;202200053264;719 225;A01;1;32;0;2;1;2;1;
81970;202200053265;719 220;A01;2;7;7;2;2;15;1;
81971;202200053265;719 224;B01;2;33;0;2;1;1;1;
81972;202200053266;719 219;B01;3;7;0;2;8;1;1;
81973;202200053266;719 221;A01;3;7;0;2;1;1;1;
81974;202200053269;719 212;B01;1;7;0;2;8;1;1;
81975;202200053269;719 215;A01;1;7;0;2;1;1;1;
81976;202200053270;719 213;B01;0;10;0;2;3;1;1;
81977;202200053270;719 217;A01;0;7;0;2;1;1;1;
81978;202200053272;719 206;A01;1;7;2;0;1;16;1;
81979;202200053272;719 211;B01;2;1;2;0;0;0;5;
81980;202200053273;719 207;A01;2;1;0;2;7;1;5;
81981;202200053273;719 209;B01;1;32;0;2;1;1;1;
81982;202200053274;719 208;A01;3;7;13;0;0;1;1;
81983;202200053275;719 202;A01;1;7;13;0;1;1;1;
81984;202200053276;719 201;A01;1;1;0;2;1;1;5;
81985;202200053276;719 205;B01;1;7;0;2;6;1;1;
81986;202200053277;719 203;A01;2;1;0;1;1;1;5;
81987;202200053278;719 200;B01;1;50;0;2;5;19;3;
81988;202200053278;719 204;D01;-1;30;0;2;0;1;-1;
81989;202200053279;719 194;A01;1;7;0;2;1;16;1;
81990;202200053279;719 199;B01;2;7;0;2;1;1;1;
81991;202200053280;719 193;B01;1;1;1;2;1;22;5;
81992;202200053280;719 198;A01;1;7;0;2;3;24;3;
81993;202200053281;719 191;A01;1;33;0;0;7;18;1;
81994;202200053282;719 190;A01;1;7;0;2;6;15;2;
81995;202200053282;719 192;B01;1;7;0;2;4;1;2;
81996;202200053282;719 195;C01;1;7;0;2;1;1;1;
81997;202200053283;719 188;A01;2;7;6;0;2;1;1;
81998;202200053284;719 189;A01;1;33;0;0;1;26;1;
81999;202200053285;719 186;A01;1;7;0;1;2;1;1;
82000;202200053286;719 185;B01;2;7;0;2;1;1;1;
82001;202200053286;719 187;A01;2;7;0;2;2;16;1;
82002;202200053287;719 184;A01;2;33;0;0;9;0;1;
82003;202200053288;719 181;A01;1;7;0;2;2;2;1;
82004;202200053288;719 183;B01;1;1;0;2;6;2;5;
82005;202200053289;719 178;A01;3;33;0;2;7;2;1;
82006;202200053289;719 180;B01;3;10;0;2;4;23;1;
82007;202200053289;719 182;C01;3;33;0;2;8;2;1;
82008;202200053290;719 179;A01;2;7;0;1;1;15;1;
82009;202200053291;719 177;A01;1;7;0;1;0;1;1;
82010;202200053292;719 174;A01;2;7;0;2;1;2;1;
82011;202200053292;719 176;B01;2;1;0;2;8;2;5;
82012;202200053293;719 173;A01;2;7;0;2;3;15;1;
82013;202200053293;719 175;B01;1;7;0;2;3;1;1;
82014;202200053297;719 162;B01;3;33;0;2;3;1;1;
82015;202200053297;719 164;A01;3;7;0;2;1;15;1;
82016;202200053298;719 161;A01;2;7;2;0;2;1;1;
82017;202200053299;719 159;B01;1;3;0;2;8;20;1;
82018;202200053299;719 160;A01;1;7;0;2;2;1;1;
82019;202200053300;719 156;B01;1;7;0;2;3;20;1;
82020;202200053300;719 158;A01;1;30;0;2;7;17;1;
82021;202200053301;719 155;A01;2;7;15;0;9;1;1;
82022;202200053302;719 153;A01;2;7;8;0;2;21;0;
82023;202200053303;719 154;B01;0;7;0;2;3;9;1;
82024;202200053303;719 157;A01;3;7;0;0;0;0;1;
82025;202200053304;719 150;A01;1;33;0;2;1;1;1;
82026;202200053304;719 152;B01;2;7;0;2;1;16;1;
82027;202200053305;719 149;A01;1;31;0;1;1;21;1;
82028;202200053306;719 148;A01;1;7;0;9;1;2;2;
82029;202200053306;719 151;B01;1;1;14;0;0;0;5;
82030;202200053307;719 146;A01;3;33;0;0;7;1;1;
82031;202200053309;719 147;A01;3;7;0;1;1;16;1;
82032;202200053310;719 144;A01;1;43;14;1;1;9;1;
82033;202200053311;719 142;A01;3;7;15;1;1;20;1;
82034;202200053312;719 140;A01;2;60;0;2;1;9;3;
82035;202200053312;719 143;B01;1;7;0;0;5;1;1;
82036;202200053313;719 139;B01;2;7;0;2;2;15;1;
82037;202200053313;719 141;A01;2;2;0;2;1;1;0;
82038;202200053314;719 138;A01;2;33;0;0;0;16;1;
82039;202200053315;719 134;A01;1;33;1;0;1;1;1;
82040;202200053316;719 133;A01;3;7;0;2;1;1;1;
82041;202200053316;719 135;B01;3;33;0;2;4;2;1;
82042;202200053317;719 127;A01;2;10;0;2;1;0;0;
82043;202200053317;719 132;B01;1;30;0;2;7;0;0;
82044;202200053318;719 128;B01;2;15;0;0;1;1;1;
82045;202200053318;719 130;A01;1;7;0;2;8;13;1;
82046;202200053319;719 125;A01;1;7;0;2;1;2;2;
82047;202200053319;719 126;B01;1;7;0;2;4;23;1;
82048;202200053319;719 129;C01;1;33;0;2;1;3;1;
82049;202200053319;719 131;D01;1;7;0;2;8;23;1;
82050;202200053320;719 123;A01;3;10;0;1;5;4;1;
82051;202200053322;719 118;A01;2;17;1;0;1;1;1;
82052;202200053322;719 120;B01;2;15;0;2;4;23;1;
82053;202200053323;719 117;B01;1;10;0;2;5;1;1;
82054;202200053323;719 119;A01;1;33;0;2;2;3;1;
82055;202200053323;719 122;Z01;1;34;0;2;7;11;0;
82056;202200053324;719 116;A01;1;30;12;1;1;1;1;
82057;202200053325;719 115;A01;1;7;0;1;2;19;1;
82058;202200053326;719 114;A01;1;30;0;2;0;1;3;
82059;202200053327;719 111;B01;1;32;0;2;1;1;1;
82060;202200053327;719 113;A01;0;7;0;2;5;15;2;
82061;202200053328;719 110;B01;1;2;0;2;1;1;1;
82062;202200053328;719 112;A01;3;7;0;2;5;20;1;
82063;202200053329;719 108;B01;2;2;0;2;4;23;1;
82064;202200053329;719 109;A01;2;1;0;2;1;2;5;
82065;202200053330;719 105;B01;3;7;0;2;2;15;0;
82066;202200053330;719 107;A01;3;33;1;2;1;1;1;
82067;202200053331;719 106;A01;3;7;0;1;0;1;1;
82068;202200053332;719 104;A01;1;32;0;0;0;1;1;
82069;202200053333;719 103;A01;1;7;2;0;6;1;1;
82070;202200053334;719 102;A01;2;33;0;1;1;1;1;
82071;202200053335;719 098;A01;2;7;0;2;1;2;1;
82072;202200053335;719 101;B01;2;7;0;2;4;2;1;
82073;202200053336;719 099;B01;2;7;0;2;3;1;3;
82074;202200053336;719 100;A01;1;2;0;2;1;1;1;
82075;202200053337;719 096;A01;3;10;0;2;8;22;1;
82076;202200053337;719 097;B01;2;30;1;0;7;15;1;
82077;202200053338;719 095;A01;2;7;0;1;1;16;2;
82078;202200053339;719 091;A01;1;50;0;1;2;1;3;
82079;202200053340;719 090;A01;2;2;0;2;2;17;1;
82080;202200053340;719 092;B01;2;7;0;2;8;15;1;
82081;202200053341;719 089;B01;1;10;0;2;3;23;1;
82082;202200053341;719 093;C01;2;2;0;2;1;1;1;
82083;202200053341;719 094;A01;1;7;0;0;2;15;1;
82084;202200053342;719 087;B01;2;50;0;2;1;1;3;
82085;202200053342;719 088;A01;2;7;0;2;2;16;1;
82086;202200053343;719 084;B01;1;7;0;2;3;1;1;
82087;202200053343;719 086;A01;1;7;0;2;5;17;1;
82088;202200053344;719 083;B01;1;43;0;2;3;1;1;
82089;202200053344;719 085;A01;1;10;0;2;5;9;1;
82090;202200053345;719 082;A01;1;30;12;0;1;14;1;
82091;202200053346;719 079;A01;2;7;0;2;3;2;1;
82092;202200053346;719 081;B01;2;80;0;2;4;2;3;
82093;202200053347;719 078;B01;1;7;0;2;3;1;2;
82094;202200053347;719 080;A01;2;7;0;2;1;19;1;
82095;202200053348;719 077;A01;1;7;0;1;3;1;1;
82096;202200053349;719 075;B01;1;7;0;2;3;1;1;
82097;202200053349;719 076;A01;2;7;0;2;8;13;1;
82098;202200053350;719 071;B01;2;7;0;2;3;1;2;
82099;202200053350;719 074;A01;1;7;0;2;2;1;2;
82100;202200053351;719 072;B01;0;2;0;2;1;1;1;
82101;202200053351;719 073;A01;0;7;0;2;3;10;1;
82102;202200053352;719 068;B01;2;10;0;0;4;2;1;
82103;202200053352;719 070;A01;2;17;0;2;1;0;1;
82104;202200053353;719 069;A01;2;7;0;1;2;9;1;
82105;202200053354;719 067;A01;1;2;0;1;0;25;0;
82106;202200053356;719 064;B01;2;7;0;2;5;9;1;
82107;202200053356;719 065;A01;1;2;0;2;1;1;1;
82108;202200053357;719 062;B01;1;31;0;2;5;16;1;
82109;202200053357;719 063;A01;1;7;0;2;3;7;1;
82110;202200053358;719 060;A01;3;7;0;2;1;1;1;
82111;202200053358;719 061;B01;3;33;0;2;1;13;1;
82112;202200053359;719 057;A01;1;10;0;2;7;15;1;
82113;202200053359;719 058;B01;2;34;0;2;1;5;1;
82114;202200053360;719 056;B01;2;32;0;2;2;1;1;
82115;202200053360;719 059;A01;2;32;0;2;3;1;1;
82116;202200053362;719 054;A01;3;34;0;1;5;1;1;
82117;202200053364;719 052;A01;1;33;0;0;8;1;1;
82118;202200053365;719 049;A01;1;7;14;0;3;13;0;
82119;202200053366;719 050;A01;1;50;0;0;0;21;3;
82120;202200053367;719 047;A01;3;7;0;2;2;19;1;
82121;202200053367;719 048;E01;3;30;0;2;1;1;1;
82122;202200053368;719 046;A01;1;50;0;1;2;1;3;
82123;202200053371;719 040;A01;2;7;0;2;4;12;1;
82124;202200053371;719 041;B01;2;33;0;2;1;3;1;
82125;202200053372;719 039;A01;1;7;4;0;2;2;1;
82126;202200053373;719 038;A01;1;7;14;0;1;1;1;
82127;202200053374;719 037;A01;2;50;0;2;1;1;3;
82128;202200053375;719 035;B01;1;7;0;2;5;1;1;
82129;202200053375;719 036;A01;1;7;0;2;3;1;1;
82130;202200053376;719 034;A01;2;32;0;0;8;11;1;
82131;202200053377;719 032;A01;2;7;0;2;8;11;2;
82132;202200053377;719 033;B01;2;33;0;2;7;1;1;
82133;202200053378;719 030;B01;1;7;0;2;5;2;1;
82134;202200053378;719 031;A01;1;15;0;2;1;1;0;
82135;202200053379;719 029;A01;1;7;3;0;1;1;1;
82136;202200053380;719 026;A01;2;7;0;2;1;1;1;
82137;202200053380;719 027;B01;2;7;0;2;4;2;1;
82138;202200053380;719 028;C01;2;7;0;2;3;1;1;
82139;202200053381;719 025;A01;2;7;4;0;2;26;1;
82140;202200053382;719 022;A01;1;10;0;2;1;2;1;
82141;202200053382;719 023;B01;1;33;0;2;3;2;1;
82142;202200053382;719 024;C01;1;7;0;2;4;2;1;
82143;202200053383;719 021;A01;2;30;14;0;1;1;1;
82144;202200053384;719 020;A01;3;32;0;1;5;1;1;
82145;202200053385;719 018;B01;1;80;0;2;1;1;3;
82146;202200053385;719 019;A01;2;50;0;2;1;13;3;
82147;202200053386;719 017;A01;1;32;0;1;1;1;1;
82148;202200053387;719 016;Z01;1;50;0;1;1;1;3;
82149;202200053388;719 014;A01;1;10;0;2;2;15;1;
82150;202200053388;719 015;B01;2;50;0;2;1;1;3;
82151;202200053389;719 012;A01;2;7;0;2;7;15;1;
82152;202200053389;719 013;B01;1;43;0;0;1;1;1;
82153;202200053390;719 011;A01;1;7;0;1;2;1;1;
82154;202200053391;719 009;A01;1;7;0;2;3;1;1;
82155;202200053391;719 010;B01;1;2;0;2;1;1;1;
82156;202200053392;719 008;A01;2;50;0;1;1;1;3;
82157;202200053394;719 006;A01;1;7;1;0;2;26;1;
82158;202200053395;719 005;A01;0;10;14;0;2;14;0;
82159;202200053396;719 004;A01;1;7;0;1;1;2;2;
82160;202200053397;719 003;A01;1;7;0;1;1;15;1;
82161;202200053398;719 001;A01;2;43;9;0;3;21;1;
82162;202200053398;719 002;B01;2;10;0;0;0;9;1;
82163;202200053399;718 999;B01;1;80;0;2;8;26;3;
82164;202200053399;719 000;A01;1;7;0;2;7;2;1;
82165;202200053400;718 997;B01;2;7;0;2;2;2;0;
82166;202200053400;718 998;A01;2;30;0;0;6;18;0;
82167;202200053401;718 996;A01;1;1;0;1;1;5;5;
82168;202200053402;718 994;B01;1;33;0;2;3;0;1;
82169;202200053402;718 995;A01;1;7;0;2;0;15;0;
82170;202200053403;718 992;A01;1;7;0;2;2;19;1;
82171;202200053403;718 993;B01;1;2;0;2;1;1;1;
82172;202200053404;718 991;A01;1;7;0;1;2;26;1;
82173;202200053405;718 990;A01;3;7;2;0;3;13;2;
82174;202200053406;718 989;A01;2;7;2;0;8;1;1;
82175;202200053407;718 987;A01;2;33;0;2;1;17;1;
82176;202200053407;718 988;B01;2;7;0;0;6;15;1;
82177;202200053409;718 984;A01;1;7;8;0;1;14;1;
82178;202200053410;718 983;A01;3;7;13;0;1;1;1;
82179;202200053411;718 982;A01;1;7;13;0;3;1;1;
82180;202200053412;718 981;A01;1;31;14;0;1;0;1;
82181;202200053413;718 979;B01;2;33;0;2;1;1;1;
82182;202200053413;718 980;A01;1;7;0;2;7;15;1;
82183;202200053414;718 978;A01;2;7;2;0;1;1;1;
82184;202200053415;718 976;B01;2;33;0;2;1;1;1;
82185;202200053415;718 977;A01;1;7;0;2;5;15;1;
82186;202200053416;718 975;A01;1;7;13;0;9;1;1;
82187;202200053417;718 974;A01;1;7;2;0;1;1;1;
82188;202200053418;718 972;A01;3;7;0;0;8;10;1;
82189;202200053418;718 973;B01;3;33;0;2;1;1;1;
82190;202200053419;718 971;A01;1;14;0;1;1;2;1;
82191;202200053420;718 970;A01;1;33;3;0;7;15;1;
82192;202200053421;718 968;B01;3;7;0;2;3;1;1;
82193;202200053421;718 969;A01;3;1;0;2;1;1;5;
82194;202200053422;718 967;A01;2;2;1;0;0;1;1;
82195;202200053423;718 963;A01;2;7;2;0;0;1;1;
82196;202200053424;718 964;B01;3;33;0;2;2;0;1;
82197;202200053424;718 966;A01;3;7;0;2;1;1;1;
82198;202200053425;718 962;A01;0;10;0;2;1;1;1;
82199;202200053425;718 965;B01;3;7;0;2;1;1;1;
82200;202200053426;718 961;A01;3;33;0;0;0;0;1;
82201;202200053427;718 960;A01;2;7;0;1;3;1;1;
82202;202200053428;718 958;A01;2;7;0;0;6;2;2;
82203;202200053428;718 959;B01;2;2;0;2;1;2;1;
82204;202200053429;718 956;A01;3;31;0;1;1;1;1;
82205;202200053430;718 955;A01;3;43;6;0;1;20;1;
82206;202200053431;718 953;B01;2;7;0;2;1;1;1;
82207;202200053431;718 957;A01;1;7;0;2;3;19;1;
82208;202200053433;718 951;A01;2;7;0;1;2;1;1;
82209;202200053434;718 946;A01;2;7;0;0;9;1;1;
82210;202200053435;718 947;A01;1;7;0;1;1;15;1;
82211;202200053436;718 944;C01;1;7;0;2;1;26;1;
82212;202200053436;718 948;B01;0;7;0;2;9;0;1;
82213;202200053436;718 950;A01;1;7;0;2;4;26;2;
82214;202200053437;718 941;A01;2;7;0;2;3;13;1;
82215;202200053437;718 945;B01;1;7;3;2;3;1;1;
82216;202200053437;718 949;C01;1;7;0;2;6;1;1;
82217;202200053438;718 939;A01;1;7;0;2;1;1;1;
82218;202200053438;718 943;B01;1;1;0;2;8;9;5;
82219;202200053439;718 937;B01;1;7;0;2;1;2;1;
82220;202200053439;718 938;A01;1;7;0;2;4;0;1;
82221;202200053440;718 934;B01;2;10;0;2;8;15;1;
82222;202200053440;718 936;A01;2;34;0;2;1;17;1;
82223;202200053441;718 935;A01;2;10;2;0;1;0;1;
82224;202200053442;718 933;A01;1;7;3;0;1;2;1;
82225;202200053443;718 931;B01;1;7;0;2;1;26;1;
82226;202200053443;718 932;A01;1;7;0;2;4;26;1;
82227;202200053444;718 930;A01;1;7;0;1;2;0;1;
82228;202200053445;718 927;A01;2;7;7;0;2;3;1;
82229;202200053446;718 925;A01;1;7;0;2;1;1;0;
82230;202200053446;718 929;B01;1;7;0;0;4;1;1;
82231;202200053447;718 921;A01;3;7;0;1;1;1;1;
82232;202200053448;718 920;A01;1;7;0;1;1;1;1;
82233;202200053449;718 916;A01;1;10;0;0;1;1;1;
82234;202200053450;718 917;A01;1;7;0;2;1;1;2;
82235;202200053450;718 919;B01;1;7;0;2;4;0;1;
82236;202200053451;718 915;A01;1;7;0;2;3;19;2;
82237;202200053451;718 918;B01;1;33;0;2;8;23;1;
82238;202200053451;718 922;C01;1;33;0;2;8;23;1;
82239;202200053452;718 913;A01;1;7;0;2;1;2;1;
82240;202200053452;718 914;B01;1;7;0;0;4;2;1;
82241;202200053454;718 906;A01;0;7;0;2;7;1;1;
82242;202200053454;718 909;B01;0;7;0;2;1;1;1;
82243;202200053456;718 905;B01;1;10;4;0;4;2;1;
82244;202200053456;718 910;A01;1;10;0;2;1;2;1;
82245;202200053457;718 903;A01;1;7;10;0;1;1;1;
82246;202200053458;718 898;A01;3;32;0;0;0;15;0;
82247;202200053459;718 892;A01;2;10;0;2;3;13;1;
82248;202200053459;718 896;B01;2;7;0;2;2;1;1;
82249;202200053459;718 899;C01;2;10;4;2;2;1;1;
82250;202200053459;718 902;D01;2;10;0;2;3;1;1;
82251;202200053460;718 891;C01;2;7;0;2;1;1;1;
82252;202200053460;718 893;B01;2;7;0;2;1;1;1;
82253;202200053460;718 895;A01;2;7;0;2;1;1;1;
82254;202200053461;718 890;A01;1;7;0;1;0;16;1;
82255;202200053462;718 888;E01;1;10;0;0;4;1;1;
82256;202200053462;718 889;D01;1;7;0;2;4;1;1;
82257;202200053462;718 894;C01;1;7;1;2;4;1;1;
82258;202200053462;718 897;B01;1;7;0;2;4;1;1;
82259;202200053462;718 900;A01;1;7;0;2;1;1;1;
82260;202200053464;718 884;B01;3;7;0;2;2;16;1;
82261;202200053464;718 886;A01;2;32;0;2;1;1;1;
82262;202200053465;718 883;A01;2;7;15;0;3;1;1;
82263;202200053466;718 882;A01;1;7;13;0;1;9;1;
82264;202200053467;718 879;A01;1;33;13;0;2;14;1;
82265;202200053468;718 880;A01;2;33;0;0;9;1;1;
82266;202200053469;718 877;A01;1;7;0;2;2;1;1;
82267;202200053469;718 881;B01;0;50;0;2;0;19;3;
82268;202200053470;718 874;A01;3;7;0;0;1;1;1;