;Num_Acc;id_vehicule;num_veh;senc;catv;obs;obsm;choc;manv;motor;occutc
82269;202200053471;718 876;A01;1;7;0;2;3;11;1;
82270;202200053471;718 878;B01;1;31;0;2;2;17;3;
82271;202200053472;718 870;A01;1;7;3;0;2;0;1;
82272;202200053473;718 873;B01;1;7;0;2;4;23;1;
82273;202200053473;718 875;A01;1;7;0;2;1;2;1;
82274;202200053474;718 869;A01;1;80;0;2;1;5;3;
82275;202200053474;718 872;B01;2;7;0;9;3;21;1;
82276;202200053475;718 866;C01;2;32;0;2;1;23;1;
82277;202200053475;718 868;B01;2;7;0;2;6;1;1;
82278;202200053475;718 871;A01;1;7;0;2;3;13;1;
82279;202200053476;718 865;B01;1;14;0;2;1;1;1;
82280;202200053476;718 867;A01;2;7;0;2;1;13;1;
82281;202200053477;718 862;B01;1;7;0;2;4;23;1;
82282;202200053477;718 864;A01;1;7;0;2;1;1;0;
82283;202200053479;718 858;A01;2;34;1;2;1;5;1;
82284;202200053479;718 860;B01;1;7;0;2;5;1;1;
82285;202200053480;718 854;B01;0;43;0;2;1;17;1;
82286;202200053480;718 856;A01;0;7;0;2;3;10;1;
82287;202200053481;718 853;A01;3;10;0;1;1;12;1;
82288;202200053482;718 847;A01;2;7;6;0;1;26;1;
82289;202200053483;718 846;E01;1;7;0;2;8;24;1;
82290;202200053483;718 851;D01;1;7;0;2;0;24;1;
82291;202200053483;718 852;C01;1;7;0;2;0;24;1;
82292;202200053483;718 857;B01;2;7;0;2;6;24;1;
82293;202200053483;718 861;A01;2;7;1;2;1;13;1;
82294;202200053484;718 844;A01;2;7;4;0;4;0;1;
82295;202200053484;718 848;B01;2;7;0;2;1;1;1;
82296;202200053484;718 850;C01;2;7;0;2;1;2;0;
82297;202200053485;718 842;B01;1;7;0;2;7;16;1;
82298;202200053485;718 849;A01;1;30;0;2;1;18;1;
82299;202200053486;718 839;A01;2;15;3;0;1;1;1;
82300;202200053487;718 840;A01;1;10;0;2;1;0;1;
82301;202200053487;718 843;B01;2;10;0;2;1;0;1;
82302;202200053488;718 837;A01;1;7;0;2;3;17;1;
82303;202200053488;718 838;B01;2;2;0;2;1;1;1;
82304;202200053489;718 836;A01;2;1;0;1;1;1;5;
82305;202200053490;718 832;A01;1;7;16;0;1;1;1;
82306;202200053491;718 831;B01;3;7;0;2;1;1;1;
82307;202200053491;718 835;A01;3;7;0;2;1;13;1;
82308;202200053492;718 833;A01;3;7;0;1;1;15;1;
82309;202200053493;718 830;A01;1;7;0;2;3;9;1;
82310;202200053493;718 834;B01;1;1;0;2;7;7;5;
82311;202200053494;718 827;A01;1;2;0;2;1;2;1;
82312;202200053494;718 829;B01;1;7;0;2;6;2;1;
82313;202200053495;718 826;A01;2;7;0;1;1;1;1;
82314;202200053496;718 822;A01;1;7;0;1;3;1;1;
82315;202200053497;718 825;A01;1;7;0;2;5;16;1;
82316;202200053497;718 828;B01;1;1;0;2;1;1;5;
82317;202200053498;718 819;A01;1;30;0;0;0;26;1;
82318;202200053499;718 818;A01;2;7;17;0;1;0;1;
82319;202200053500;718 815;A01;2;33;0;0;3;16;1;
82320;202200053501;718 816;B01;2;7;0;2;2;15;1;
82321;202200053501;718 823;A01;1;7;0;2;3;1;1;
82322;202200053505;718 809;A01;0;7;0;2;1;2;1;
82323;202200053505;718 811;B01;0;32;0;2;4;0;1;
82324;202200053506;718 810;A01;1;2;2;0;1;19;1;
82325;202200053507;718 806;A01;2;7;3;0;1;14;1;
82326;202200053508;718 803;B01;2;1;0;2;2;12;5;
82327;202200053508;718 807;A01;2;7;0;2;2;11;1;
82328;202200053509;718 799;A01;1;33;12;0;8;1;1;
82329;202200053510;718 798;A01;2;7;15;0;3;14;1;
82330;202200053512;718 796;A01;1;7;4;0;3;1;1;
82331;202200053513;718 797;A01;2;7;0;2;1;17;1;
82332;202200053513;718 800;B01;1;80;0;2;5;1;3;
82333;202200053514;718 794;A01;1;7;15;0;1;2;1;
82334;202200053515;718 790;D01;2;10;0;2;1;2;1;
82335;202200053515;718 795;C01;2;7;0;2;4;2;1;
82336;202200053515;718 802;B01;2;7;0;2;4;2;2;
82337;202200053515;718 804;A01;2;10;0;2;4;2;1;
82338;202200053516;718 788;A01;3;2;0;0;8;1;1;
82339;202200053517;718 787;A01;1;7;0;2;0;9;1;
82340;202200053517;718 792;B01;1;33;0;2;0;9;1;
82341;202200053518;718 786;B01;1;33;0;2;1;1;1;
82342;202200053518;718 791;A01;2;7;0;2;3;9;1;
82343;202200053519;718 781;A01;2;7;0;2;3;13;1;
82344;202200053519;718 784;B01;2;7;0;2;2;1;1;
82345;202200053521;718 782;B01;2;33;12;2;2;2;1;
82346;202200053521;718 789;A01;2;33;5;2;2;1;1;
82347;202200053522;718 779;A01;1;7;0;2;3;9;1;
82348;202200053522;718 783;B01;2;31;0;2;1;1;1;
82349;202200053523;718 774;B01;1;7;0;0;2;0;1;
82350;202200053523;718 778;A01;1;7;0;0;6;0;1;
82351;202200053524;718 773;A01;3;1;0;2;2;1;5;
82352;202200053524;718 776;B01;0;7;0;2;3;15;1;
82353;202200053525;718 770;A01;3;7;0;1;1;2;1;
82354;202200053526;718 769;A01;2;21;0;2;6;4;1;
82355;202200053526;718 772;B01;1;30;0;2;1;2;1;
82356;202200053527;718 768;B01;1;7;0;2;3;0;0;
82357;202200053527;718 771;A01;1;33;0;2;2;13;1;
82358;202200053528;718 764;B01;1;33;0;2;1;1;1;
82359;202200053528;718 767;A01;1;7;0;2;3;9;1;
82360;202200053529;718 762;A01;1;7;0;1;1;1;1;
82361;202200053530;718 758;A01;2;7;8;2;0;26;1;
82362;202200053530;718 760;B01;2;7;8;2;0;26;1;
82363;202200053531;718 763;A01;2;33;0;2;1;18;1;
82364;202200053531;718 765;B01;2;7;0;2;5;16;1;
82365;202200053532;718 757;A01;2;7;0;2;1;5;1;
82366;202200053532;718 761;B01;2;7;0;2;1;1;1;
82367;202200053532;718 766;C01;2;10;0;2;2;1;1;
82368;202200053533;718 754;B01;1;1;1;0;0;0;5;
82369;202200053533;718 756;A01;1;7;0;2;7;22;1;
82370;202200053534;718 755;B01;1;10;0;2;1;15;1;
82371;202200053534;718 759;A01;2;30;0;2;1;1;1;
82372;202200053535;718 752;A01;1;3;0;1;2;1;1;
82373;202200053536;718 747;A01;1;7;0;2;3;15;1;
82374;202200053536;718 750;B01;2;32;0;2;1;1;1;
82375;202200053537;718 746;B01;2;7;0;2;3;1;1;
82376;202200053537;718 753;A01;1;7;0;2;1;13;1;
82377;202200053538;718 743;C01;2;7;0;2;8;0;1;
82378;202200053538;718 748;B01;2;2;0;2;1;0;1;
82379;202200053538;718 749;A01;1;7;0;2;1;13;1;
82380;202200053539;718 744;A01;1;7;0;2;1;1;1;
82381;202200053539;718 751;B01;3;2;0;2;5;25;1;
82382;202200053540;718 742;A01;1;3;13;0;1;1;3;
82383;202200053541;718 737;A01;1;7;5;0;1;13;1;
82384;202200053543;718 739;C01;1;10;0;2;4;1;1;
82385;202200053543;718 741;B01;1;7;0;2;1;1;1;
82386;202200053543;718 745;Z01;1;7;0;2;1;1;1;
82387;202200053545;718 733;A01;3;7;0;1;1;1;0;
82388;202200053546;718 731;B01;1;2;0;2;8;1;3;
82389;202200053546;718 736;A01;1;7;0;2;2;14;1;
82390;202200053547;718 732;B01;2;30;0;2;1;9;1;
82391;202200053547;718 734;A01;2;7;0;0;5;23;1;
82392;202200053549;718 725;A01;1;7;0;2;2;16;1;
82393;202200053549;718 730;B01;2;33;0;2;1;1;1;
82394;202200053550;718 727;B01;1;43;0;2;1;1;1;
82395;202200053550;718 729;A01;1;10;0;2;8;10;0;
82396;202200053551;718 723;A01;2;7;6;0;1;1;1;
82397;202200053552;718 721;B01;1;10;0;2;8;1;1;
82398;202200053552;718 724;A01;2;7;0;2;3;5;1;
82399;202200053553;718 720;B01;1;7;0;2;2;19;1;
82400;202200053553;718 726;A01;2;7;0;2;1;1;1;
82401;202200053554;718 719;A01;0;7;0;2;0;15;0;
82402;202200053554;718 722;B01;3;31;0;2;1;17;0;
82403;202200053555;718 712;A01;3;7;0;2;3;13;1;
82404;202200053555;718 717;B01;3;34;0;2;8;23;1;
82405;202200053555;718 718;C01;3;7;0;2;8;23;1;
82406;202200053556;718 713;A01;1;7;13;0;0;14;1;
82407;202200053557;718 711;B01;1;2;0;2;4;13;1;
82408;202200053557;718 715;A01;1;10;0;2;2;2;1;
82409;202200053559;718 709;B01;1;7;0;2;3;1;1;
82410;202200053559;718 714;A01;1;7;0;2;1;16;1;
82411;202200053560;718 708;A01;1;10;0;1;3;15;3;
82412;202200053561;718 704;A01;1;7;3;2;0;21;1;
82413;202200053562;718 703;B01;1;7;0;0;1;1;1;
82414;202200053562;718 706;A01;1;32;0;2;1;13;1;
82415;202200053563;718 702;A01;2;33;0;0;7;0;1;
82416;202200053564;718 698;A01;2;33;1;2;1;17;1;
82417;202200053564;718 700;B01;2;7;0;2;8;19;1;
82418;202200053564;718 705;C01;2;7;0;2;4;24;1;
82419;202200053566;718 695;A01;1;7;0;2;1;1;1;
82420;202200053566;718 697;B01;1;7;0;2;4;1;1;
82421;202200053566;718 701;C01;1;7;0;2;4;1;1;
82422;202200053566;718 707;D01;1;7;0;2;4;1;1;
82423;202200053567;718 694;A01;0;7;0;1;1;15;0;
82424;202200053568;718 692;A01;1;7;1;2;2;2;1;
82425;202200053569;718 691;B01;-1;7;1;2;1;1;1;
82426;202200053569;718 699;A01;-1;7;0;2;3;13;1;
82427;202200053570;718 688;A01;1;7;9;0;0;1;1;
82428;202200053571;718 690;B01;2;7;0;2;2;1;1;
82429;202200053571;718 693;A01;1;7;0;2;2;5;1;
82430;202200053572;718 685;A01;2;7;0;1;1;9;1;
82431;202200053573;718 683;A01;2;7;0;1;3;1;1;
82432;202200053574;718 682;A01;1;7;0;2;1;2;1;
82433;202200053574;718 687;B01;1;7;0;2;3;10;1;
82434;202200053575;718 680;A01;1;7;0;2;3;26;1;
82435;202200053575;718 684;B01;1;1;0;2;2;1;5;
82436;202200053577;718 678;A01;1;10;0;2;1;2;1;
82437;202200053577;718 681;B01;2;7;0;2;6;23;1;
82438;202200053577;718 686;C01;2;7;0;2;1;23;1;
82439;202200053577;718 689;D01;2;7;0;2;1;23;1;
82440;202200053578;718 676;A01;2;7;6;0;2;0;1;
82441;202200053579;718 670;A01;1;2;0;2;1;9;1;
82442;202200053579;718 677;B01;1;7;0;2;2;1;1;
82443;202200053580;718 668;A01;1;7;0;2;4;23;6;
82444;202200053580;718 672;B01;1;1;0;2;0;1;5;
82445;202200053581;718 666;C01;2;7;0;2;4;2;2;
82446;202200053581;718 671;B01;2;2;0;2;4;2;1;
82447;202200053581;718 674;A01;2;7;0;2;1;2;1;
82448;202200053582;718 667;A01;1;30;12;0;2;14;1;
82449;202200053585;718 662;A01;1;31;0;0;8;13;1;
82450;202200053586;718 658;A01;2;31;0;2;3;1;1;
82451;202200053587;718 660;A01;1;7;0;2;1;13;1;
82452;202200053587;718 663;B01;2;7;0;2;1;1;3;
82453;202200053588;718 656;A01;2;7;0;2;1;2;1;
82454;202200053588;718 661;B01;2;1;0;2;4;1;5;
82455;202200053589;718 657;A01;1;7;0;2;1;0;1;
82456;202200053590;718 655;A01;1;7;0;2;1;2;1;
82457;202200053590;718 659;B01;1;3;0;2;4;2;1;
82458;202200053591;718 652;A01;2;7;6;0;1;2;1;
82459;202200053592;718 649;A01;2;7;0;2;3;16;1;
82460;202200053592;718 653;B01;1;7;0;2;2;1;1;
82461;202200053593;718 647;A01;1;7;8;0;3;1;1;
82462;202200053594;718 644;A01;1;7;0;1;1;1;1;
82463;202200053595;718 646;A01;2;7;0;2;3;10;1;
82464;202200053595;718 651;B01;2;30;0;2;1;17;1;
82465;202200053597;718 645;B01;3;1;0;2;3;1;5;
82466;202200053597;718 650;A01;2;7;8;9;3;1;1;
82467;202200053598;718 637;A01;1;7;0;2;1;15;1;
82468;202200053598;718 643;B01;1;2;0;2;1;1;1;
82469;202200053599;718 636;A01;1;7;2;0;1;1;1;
82470;202200053602;718 632;A01;2;7;0;1;1;1;1;
82471;202200053602;718 641;B01;2;7;0;2;4;23;1;
82472;202200053603;718 630;B01;2;1;0;0;8;1;5;
82473;202200053603;718 635;A01;2;7;0;0;2;17;1;
82474;202200053604;718 628;A01;0;7;0;2;2;2;1;
82475;202200053604;718 629;B01;0;1;0;0;6;1;5;
82476;202200053605;718 626;A01;1;31;0;2;8;17;1;
82477;202200053605;718 631;B01;1;2;0;2;1;17;1;
82478;202200053605;718 639;C01;1;7;0;2;8;1;1;
82479;202200053605;718 642;D01;1;7;0;2;8;1;2;
82480;202200053606;718 621;A01;1;7;0;2;1;13;1;
82481;202200053606;718 627;B01;2;7;0;2;1;1;1;
82482;202200053607;718 619;B01;2;14;0;2;8;1;1;
82483;202200053607;718 625;A01;1;7;4;2;7;17;1;
82484;202200053609;718 617;B01;2;1;0;2;5;1;5;
82485;202200053609;718 623;A01;2;7;0;2;3;1;3;
82486;202200053610;718 616;B01;2;7;0;2;1;15;1;
82487;202200053610;718 624;A01;1;30;0;2;1;1;1;
82488;202200053611;718 615;A01;1;43;0;1;1;1;1;
82489;202200053612;718 613;B01;2;33;0;2;1;1;1;
82490;202200053612;718 620;A01;3;7;8;2;2;9;1;
82491;202200053613;718 610;B01;1;7;0;2;1;1;1;
82492;202200053613;718 614;A01;1;30;0;2;8;1;1;
82493;202200053614;718 607;A01;1;7;0;1;2;1;1;
82494;202200053615;718 604;A01;2;7;3;9;3;1;1;
82495;202200053616;718 605;B01;3;7;0;2;3;1;1;
82496;202200053616;718 612;A01;3;7;0;2;1;1;1;
82497;202200053617;718 606;B01;0;33;0;2;8;0;1;
82498;202200053617;718 611;A01;1;7;0;0;3;9;1;
82499;202200053618;718 603;A01;1;33;0;0;1;17;1;
82500;202200053618;718 609;B01;1;7;0;0;5;15;1;
82501;202200053619;718 601;A01;2;33;0;0;1;17;1;
82502;202200053620;718 600;A01;3;7;0;2;1;19;1;
82503;202200053620;718 608;B01;3;7;0;2;3;1;1;
82504;202200053621;718 599;Z01;1;50;0;2;0;1;3;
82505;202200053621;718 602;A01;1;1;0;2;7;15;5;
82506;202200053622;718 598;A01;3;7;0;0;9;1;1;
82507;202200053625;718 592;B01;1;7;0;9;2;23;1;
82508;202200053625;718 596;A01;2;1;0;2;1;1;5;
82509;202200053626;718 589;A01;3;7;0;2;2;1;1;
82510;202200053626;718 595;B01;1;3;0;0;8;1;1;
82511;202200053627;718 588;A01;3;7;0;2;3;15;1;
82512;202200053627;718 591;B01;3;32;0;2;1;1;1;
82513;202200053628;718 587;A01;2;7;0;1;3;1;1;
82514;202200053629;718 585;Y01;2;1;0;2;8;1;5;
82515;202200053629;718 590;A01;2;14;0;2;1;1;1;
82516;202200053630;718 579;A01;2;10;13;0;1;0;1;
82517;202200053631;718 576;B01;2;33;0;2;7;17;1;
82518;202200053631;718 584;A01;2;7;0;2;6;15;1;
82519;202200053634;718 581;A01;1;7;0;1;3;15;1;
82520;202200053635;718 572;A01;3;7;0;2;1;15;1;
82521;202200053635;718 575;B01;0;30;0;2;4;1;3;
82522;202200053636;718 574;B01;3;7;8;0;3;0;1;
82523;202200053636;718 580;A01;3;2;0;2;1;1;1;
82524;202200053637;718 570;A01;2;7;0;2;1;2;1;
82525;202200053637;718 573;B01;2;7;0;2;4;2;1;
82526;202200053638;718 563;A01;1;1;0;2;0;1;5;
82527;202200053638;718 568;Z01;1;7;0;2;0;1;1;
82528;202200053639;718 565;A01;3;7;15;0;2;1;1;
82529;202200053640;718 560;A01;2;32;0;2;1;1;1;
82530;202200053640;718 567;B01;1;7;0;2;3;16;1;
82531;202200053641;718 564;B01;1;7;1;0;0;0;1;
82532;202200053641;718 571;A01;1;7;0;0;1;1;1;
82533;202200053642;718 558;A01;1;33;2;0;2;1;1;
82534;202200053643;718 559;B01;3;7;0;2;8;1;2;
82535;202200053643;718 562;A01;3;7;0;2;7;12;1;
82536;202200053644;718 556;A01;2;7;0;2;8;11;1;
82537;202200053644;718 566;B01;2;7;0;2;7;1;1;
82538;202200053644;718 569;C01;2;15;0;2;8;23;1;
82539;202200053645;718 557;A01;1;33;0;2;3;1;1;
82540;202200053645;718 561;B01;1;7;0;2;7;1;1;
82541;202200053646;718 555;A01;2;32;12;0;7;1;1;
82542;202200053647;718 553;A01;1;1;1;0;1;0;5;
82543;202200053648;718 551;Z01;2;32;0;1;0;1;0;
82544;202200053649;718 552;A01;1;7;4;0;3;1;1;
82545;202200053650;718 554;A01;1;43;0;1;1;17;1;
82546;202200053651;718 548;B01;3;30;0;2;8;0;1;
82547;202200053651;718 550;A01;3;7;0;2;0;16;3;
82548;202200053652;718 546;A01;2;7;1;1;2;0;1;
82549;202200053653;718 544;B01;1;7;0;0;4;2;1;
82550;202200053653;718 549;A01;1;7;0;2;2;2;1;
82551;202200053654;718 541;B01;2;7;0;2;4;1;2;
82552;202200053654;718 547;A01;2;7;0;2;1;1;1;
82553;202200053655;718 543;A01;2;33;8;0;8;1;1;
82554;202200053656;718 539;A01;1;1;6;0;1;16;5;
82555;202200053657;718 540;A01;1;7;0;2;3;23;1;
82556;202200053657;718 545;B01;1;1;14;2;1;0;5;
82557;202200053658;718 535;A01;3;7;0;2;3;15;1;
82558;202200053658;718 542;B01;3;30;0;2;1;1;3;
82559;202200053659;718 536;B01;1;7;1;0;2;2;1;
82560;202200053659;718 538;A01;1;7;1;0;3;16;1;
82561;202200053660;718 534;A01;3;7;0;2;0;12;1;
82562;202200053660;718 537;B01;3;7;0;2;1;2;1;
82563;202200053661;718 531;A01;2;7;0;1;4;4;0;
82564;202200053662;718 526;A01;2;7;13;0;1;6;1;
82565;202200053663;718 525;B01;1;7;0;2;3;1;1;
82566;202200053663;718 528;A01;1;7;0;2;1;13;1;
82567;202200053664;718 523;B01;1;7;0;2;6;1;2;
82568;202200053664;718 527;A01;1;1;0;2;1;1;5;
82569;202200053665;718 519;B01;2;7;0;2;4;13;2;
82570;202200053665;718 529;A01;2;13;0;2;1;2;1;
82571;202200053665;718 532;C01;2;7;0;2;7;2;1;
82572;202200053666;718 517;A01;3;3;0;9;7;2;1;
82573;202200053666;718 521;B01;3;1;0;0;0;0;5;
82574;202200053667;718 518;A01;1;50;0;2;7;1;3;
82575;202200053667;718 524;Z01;2;7;0;2;0;15;0;
82576;202200053668;718 514;A01;2;7;2;0;7;1;1;
82577;202200053669;718 516;D01;2;7;0;2;2;1;1;
82578;202200053669;718 520;C01;2;36;0;2;1;1;1;
82579;202200053669;718 530;B01;2;7;0;2;6;1;1;
82580;202200053669;718 533;A01;1;7;0;2;1;13;1;
82581;202200053670;718 512;B01;2;7;0;0;5;15;2;
82582;202200053670;718 515;A01;1;2;0;2;1;1;1;
82583;202200053671;718 511;A01;1;33;0;0;9;1;1;
82584;202200053672;718 510;A01;3;7;8;0;3;13;1;
82585;202200053673;718 508;A01;2;7;1;0;7;14;1;
82586;202200053674;718 509;A01;2;7;0;2;1;1;1;
82587;202200053674;718 513;B01;2;7;0;2;4;9;2;
82588;202200053675;718 506;A01;3;7;0;1;1;1;2;
82589;202200053676;718 505;A01;2;7;8;0;8;13;1;
82590;202200053677;718 502;B01;2;60;0;2;1;1;5;
82591;202200053677;718 507;A01;1;7;0;2;0;1;1;
82592;202200053678;718 501;A01;0;7;0;1;1;1;1;
82593;202200053680;718 500;Z01;1;7;0;2;0;14;1;
82594;202200053680;718 503;A01;1;7;1;2;7;21;3;
82595;202200053681;718 497;A01;0;7;0;1;1;0;1;
82596;202200053682;718 494;B01;1;7;0;2;0;0;1;
82597;202200053682;718 498;A01;1;7;0;2;0;0;1;
82598;202200053683;718 493;A01;1;7;2;0;1;15;1;
82599;202200053684;718 486;B01;3;80;0;2;6;0;3;
82600;202200053684;718 490;A01;3;10;0;2;1;15;1;
82601;202200053685;718 484;A01;-1;7;0;0;9;1;0;
82602;202200053687;718 481;A01;2;7;0;2;8;22;1;
82603;202200053687;718 489;B01;2;7;1;1;2;1;1;
82604;202200053688;718 478;B01;3;7;0;2;2;1;1;
82605;202200053688;718 485;A01;3;7;11;2;7;14;1;
82606;202200053689;718 480;C01;2;7;0;2;1;2;1;
82607;202200053689;718 487;B01;2;7;0;2;4;2;1;
82608;202200053689;718 492;A01;2;7;0;0;4;2;1;
82609;202200053690;718 477;A01;1;0;0;2;1;0;0;
82610;202200053690;718 482;B01;1;1;0;2;0;0;5;
82611;202200053691;718 476;A01;2;7;0;2;1;2;1;
82612;202200053691;718 479;B01;2;7;0;2;4;2;1;
82613;202200053692;718 475;A01;0;36;0;0;0;1;1;
82614;202200053693;718 473;A01;0;1;0;0;0;0;5;
82615;202200053694;718 471;A01;0;10;0;1;0;1;1;
82616;202200053695;718 470;B01;2;60;0;2;1;1;5;
82617;202200053695;718 474;A01;1;30;0;2;1;13;1;
82618;202200053696;718 466;B01;2;7;3;2;2;19;1;
82619;202200053696;718 472;A01;1;7;3;0;3;1;1;
82620;202200053698;718 465;A01;2;7;13;0;3;1;1;
82621;202200053699;718 460;A01;1;3;9;2;1;19;1;
82622;202200053699;718 469;B01;1;7;9;2;2;1;1;
82623;202200053700;718 459;A01;1;7;0;2;3;15;1;
82624;202200053700;718 464;B01;1;32;0;0;2;17;1;
82625;202200053701;718 461;A01;2;10;0;1;3;15;1;
82626;202200053702;718 458;A01;3;30;1;2;3;18;1;
82627;202200053702;718 463;B01;3;30;0;2;4;14;1;
82628;202200053703;718 454;B01;2;43;0;2;2;1;1;
82629;202200053703;718 457;A01;2;7;0;2;3;13;1;
82630;202200053705;718 447;A01;2;7;0;1;1;0;1;
82631;202200053706;718 452;B01;3;7;0;2;8;15;1;
82632;202200053706;718 455;A01;0;34;0;2;7;2;1;
82633;202200053707;718 448;A01;3;80;0;0;0;16;3;
82634;202200053708;718 444;A01;1;50;0;2;1;1;3;
82635;202200053708;718 446;Z01;1;80;0;2;6;13;3;
82636;202200053710;718 443;A01;1;7;1;2;1;1;1;
82637;202200053710;718 450;B01;1;7;9;2;1;1;1;
82638;202200053711;718 442;A01;1;7;0;0;7;1;1;
82639;202200053711;718 451;B01;2;7;0;2;1;1;1;
82640;202200053712;718 441;A01;0;7;0;1;1;1;1;
82641;202200053713;718 440;A01;3;7;0;2;7;9;3;
82642;202200053713;718 449;B01;3;7;0;2;5;1;1;
82643;202200053715;718 438;A01;2;7;0;1;0;1;1;
82644;202200053716;718 432;A01;1;7;0;1;2;1;1;
82645;202200053717;718 434;B01;2;34;0;2;1;1;1;
82646;202200053717;718 437;A01;1;7;0;2;8;15;2;
82647;202200053718;718 435;A01;1;7;2;0;1;1;1;
82648;202200053720;718 430;A01;1;7;0;1;1;1;1;
82649;202200053722;718 423;A01;2;7;4;0;7;17;1;
82650;202200053723;718 424;A01;2;7;2;0;2;1;1;
82651;202200053724;718 420;B01;3;2;0;0;4;2;1;
82652;202200053724;718 425;A01;0;7;0;2;3;2;1;
82653;202200053725;718 419;B01;1;7;0;2;3;1;1;
82654;202200053725;718 422;C01;1;33;0;0;8;2;1;
82655;202200053725;718 427;D01;1;33;0;2;1;13;1;
82656;202200053725;718 436;A01;0;7;0;0;0;16;1;
82657;202200053726;718 416;A01;3;7;0;0;0;2;1;
82658;202200053727;718 417;A01;1;7;0;2;1;9;1;
82659;202200053727;718 426;B01;2;33;0;2;1;1;1;
82660;202200053728;718 418;A01;0;10;0;1;7;16;1;
82661;202200053729;718 413;A01;1;7;0;0;3;15;1;
82662;202200053730;718 414;A01;1;50;0;2;7;1;3;
82663;202200053730;718 421;B01;2;7;0;2;1;1;1;
82664;202200053731;718 411;A01;2;32;13;0;0;14;1;
82665;202200053732;718 409;A01;2;10;0;2;2;15;1;
82666;202200053732;718 412;B01;2;33;0;2;1;1;1;
82667;202200053733;718 410;B01;1;7;0;2;8;15;1;
82668;202200053733;718 415;A01;1;2;0;2;1;17;1;
82669;202200053734;718 408;A01;3;35;0;0;0;0;1;
82670;202200053735;718 404;A01;2;7;0;1;2;0;1;
82671;202200053736;718 405;A01;0;7;0;1;2;1;1;
82672;202200053737;718 402;A01;1;37;0;1;7;20;1;1.0
82673;202200053738;718 401;B01;1;1;0;2;2;5;5;
82674;202200053738;718 407;A01;2;7;0;2;1;1;1;
82675;202200053739;718 398;A01;1;10;9;0;1;1;1;
82676;202200053740;718 397;A01;1;7;0;2;6;13;1;
82677;202200053740;718 400;B01;1;31;0;2;1;1;1;
82678;202200053741;718 395;A01;1;32;6;0;2;2;1;
82679;202200053742;718 396;A01;1;7;0;1;1;1;1;
82680;202200053744;718 390;A01;2;7;0;2;8;26;1;
82681;202200053744;718 393;B01;2;30;0;2;1;1;1;
82682;202200053746;718 391;A01;1;7;0;1;1;1;1;
82683;202200053747;718 388;A01;1;10;1;0;2;14;3;
82684;202200053747;718 394;B01;1;7;0;2;6;24;1;
82685;202200053749;718 386;A01;2;7;0;0;3;13;1;
82686;202200053750;718 385;A01;2;7;13;0;9;1;0;
82687;202200053751;718 382;B01;2;7;0;2;3;9;1;
82688;202200053751;718 384;A01;1;1;0;2;1;1;5;
82689;202200053752;718 377;B01;1;33;0;2;1;1;1;
82690;202200053752;718 381;A01;2;7;0;2;3;15;1;
82691;202200053753;718 375;A01;3;14;0;1;1;9;1;
82692;202200053754;718 376;A01;1;7;0;2;8;15;1;
82693;202200053754;718 380;B01;1;33;0;2;1;17;1;
82694;202200053755;718 374;A01;2;31;0;0;0;21;1;
82695;202200053755;718 383;B01;1;7;0;0;0;9;1;
82696;202200053756;718 369;A01;3;10;0;1;2;25;0;
82697;202200053757;718 370;B01;3;7;0;2;1;1;1;
82698;202200053757;718 379;A01;3;7;0;2;4;23;1;
82699;202200053758;718 368;A01;1;33;6;0;1;13;1;
82700;202200053759;718 364;A01;2;7;0;2;1;2;1;
82701;202200053759;718 365;B01;2;7;0;2;4;23;1;
82702;202200053760;718 363;A01;1;7;0;9;1;1;1;
82703;202200053760;718 367;B01;1;1;0;2;8;26;5;
82704;202200053761;718 362;A01;3;7;0;1;1;1;1;
82705;202200053762;718 361;B01;2;7;0;2;3;1;1;
82706;202200053762;718 366;A01;1;7;0;2;3;13;1;
82707;202200053763;718 372;A01;3;10;0;1;1;26;1;
82708;202200053764;718 360;A01;1;7;12;0;1;1;1;
82709;202200053765;718 357;B01;2;50;0;2;0;19;3;
82710;202200053765;718 359;A01;2;32;0;2;8;1;1;
82711;202200053766;718 354;A01;1;7;0;1;1;1;2;
82712;202200053767;718 353;B01;2;7;0;2;2;1;1;
82713;202200053767;718 358;A01;2;50;0;2;1;9;3;
82714;202200053768;718 355;A01;3;7;0;1;4;4;2;
82715;202200053769;718 350;A01;1;7;0;1;2;20;1;
82716;202200053770;718 345;C01;1;7;1;1;1;14;1;
82717;202200053770;718 352;B01;1;7;0;0;1;2;1;
82718;202200053771;718 341;A01;3;7;0;1;1;1;1;
82719;202200053772;718 340;B01;3;60;0;2;0;0;5;
82720;202200053772;718 346;A01;3;7;0;2;1;1;1;
82721;202200053773;718 343;A01;1;7;0;0;2;26;1;
82722;202200053774;718 339;B01;2;7;0;2;4;1;1;
82723;202200053774;718 349;A01;2;7;17;2;3;16;1;
82724;202200053775;718 344;A01;2;30;0;2;1;1;1;
82725;202200053775;718 348;B01;1;7;0;2;5;15;1;
82726;202200053776;718 337;A01;1;1;0;1;0;1;5;
82727;202200053777;718 336;B01;1;10;0;2;3;10;1;
82728;202200053777;718 342;A01;1;33;0;2;7;21;1;
82729;202200053778;718 338;A01;1;7;0;2;1;5;1;