;Num_Acc;id_vehicule;num_veh;senc;catv;obs;obsm;choc;manv;motor;occutc
82730;202200053778;718 347;B01;2;33;0;2;7;1;1;
82731;202200053778;718 351;D01;2;2;0;2;1;1;1;
82732;202200053778;718 356;C01;2;33;0;2;1;1;1;
82733;202200053779;718 334;A01;2;7;0;2;1;0;1;
82734;202200053779;718 335;B01;1;7;0;0;1;0;1;
82735;202200053780;718 332;A01;3;7;0;1;5;20;2;
82736;202200053781;718 328;A01;3;10;0;1;5;4;1;
82737;202200053782;718 331;A01;1;7;0;1;1;1;1;
82738;202200053783;718 330;A01;1;7;0;2;3;2;1;
82739;202200053783;718 333;B01;1;80;0;2;3;2;3;
82740;202200053784;718 325;A01;2;7;0;1;5;16;1;
82741;202200053785;718 327;A01;1;33;7;0;8;0;1;
82742;202200053786;718 326;A01;1;7;0;1;1;19;0;
82743;202200053787;718 324;B01;1;10;0;2;7;1;1;
82744;202200053787;718 329;A01;3;7;0;2;1;1;1;
82745;202200053788;718 319;A01;2;7;0;1;2;16;1;
82746;202200053789;718 323;A01;1;17;0;1;3;13;1;
82747;202200053790;718 317;A01;3;7;14;0;3;10;1;
82748;202200053791;718 318;A01;2;80;6;0;1;0;3;
82749;202200053792;718 316;A01;3;1;0;2;1;1;5;
82750;202200053792;718 320;B01;3;60;0;2;1;13;5;
82751;202200053793;718 314;A01;1;7;0;2;1;13;1;
82752;202200053793;718 322;B01;2;7;0;2;8;1;1;
82753;202200053794;718 307;A01;2;10;2;0;1;26;1;
82754;202200053796;718 303;B01;1;7;0;2;4;2;1;
82755;202200053796;718 309;A01;1;7;1;0;1;1;1;
82756;202200053797;718 304;A01;0;7;0;1;1;1;1;
82757;202200053798;718 305;A01;2;10;0;2;2;1;1;
82758;202200053798;718 311;B01;2;7;0;2;6;9;1;
82759;202200053799;718 302;A01;3;7;0;2;2;19;1;
82760;202200053799;718 308;B01;2;2;0;2;0;0;1;
82761;202200053800;718 306;A01;2;7;0;2;7;16;1;
82762;202200053800;718 310;B01;2;1;0;2;1;1;5;
82763;202200053802;718 299;B01;2;2;0;2;8;9;1;
82764;202200053802;718 315;A01;2;7;0;2;3;2;1;
82765;202200053803;718 298;B01;1;7;0;2;3;1;1;
82766;202200053803;718 301;A01;2;7;0;2;3;1;1;
82767;202200053804;718 296;A01;2;7;0;1;2;1;1;
82768;202200053805;718 293;A01;2;7;0;1;0;17;1;
82769;202200053806;718 291;A01;1;33;0;1;1;1;1;
82770;202200053807;718 288;A01;3;10;0;2;4;16;1;
82771;202200053807;718 292;B01;3;33;0;2;1;1;1;
82772;202200053808;718 290;A01;3;7;0;2;1;15;1;
82773;202200053808;718 294;B01;3;1;0;2;2;1;5;
82774;202200053809;718 283;C01;2;13;0;2;7;14;1;
82775;202200053809;718 286;B01;2;13;0;2;6;1;1;
82776;202200053809;718 295;A01;2;7;0;2;8;14;1;
82777;202200053810;718 284;A01;2;7;0;1;2;1;1;
82778;202200053811;718 281;A01;2;10;0;2;1;2;1;
82779;202200053811;718 287;B01;1;15;0;2;4;23;6;
82780;202200053812;718 282;A01;1;10;1;0;2;1;1;
82781;202200053812;718 289;B01;1;10;0;0;6;23;1;
82782;202200053814;718 277;A01;-1;2;0;0;7;1;1;
82783;202200053815;718 274;B01;1;80;0;2;2;17;3;
82784;202200053815;718 279;A01;1;7;0;9;3;15;1;
82785;202200053816;718 275;A01;1;7;1;1;2;17;1;
82786;202200053817;718 276;A01;1;7;0;1;2;1;1;
82787;202200053818;718 273;A01;1;2;16;0;1;1;1;
82788;202200053819;718 270;B01;2;7;0;2;5;1;1;
82789;202200053819;718 278;A01;2;30;0;2;1;18;1;
82790;202200053820;718 268;A01;2;7;0;2;1;3;1;
82791;202200053820;718 271;B01;1;7;0;2;3;1;1;
82792;202200053821;718 267;A01;1;7;12;0;6;2;1;
82793;202200053821;718 272;B01;1;7;0;2;2;17;1;
82794;202200053822;718 261;A01;3;1;14;0;1;1;5;
82795;202200053823;718 265;A01;2;7;0;2;1;2;1;
82796;202200053823;718 269;B01;2;33;0;2;4;23;1;
82797;202200053824;718 257;B01;1;7;0;2;1;1;1;
82798;202200053824;718 264;A01;1;30;0;2;7;1;1;
82799;202200053825;718 258;A01;1;7;13;0;3;1;1;
82800;202200053826;718 255;A01;1;50;0;2;3;1;3;
82801;202200053826;718 259;B01;3;10;0;2;1;2;1;
82802;202200053828;718 254;A01;3;7;0;2;6;2;2;
82803;202200053828;718 260;B01;3;2;0;2;1;2;3;
82804;202200053829;718 253;A01;1;7;6;0;1;1;2;
82805;202200053830;718 262;A01;2;7;16;0;4;2;1;
82806;202200053830;718 266;B01;2;7;0;2;1;2;1;
82807;202200053831;718 250;A01;1;33;0;0;7;16;1;
82808;202200053832;718 248;A01;3;7;11;0;1;1;1;
82809;202200053833;718 247;A01;2;7;0;2;1;1;1;
82810;202200053833;718 252;B01;1;14;0;2;1;1;1;
82811;202200053834;718 249;A01;3;7;17;0;2;1;1;
82812;202200053835;718 246;B01;2;7;0;2;1;15;2;
82813;202200053835;718 251;A01;1;7;0;2;1;1;1;
82814;202200053836;718 242;B01;3;7;0;2;2;15;1;
82815;202200053836;718 245;A01;0;33;0;2;1;1;1;
82816;202200053837;718 236;A01;1;50;0;0;0;0;3;
82817;202200053838;718 238;A01;1;7;0;2;3;17;1;
82818;202200053838;718 243;B01;1;33;0;2;1;1;1;
82819;202200053839;718 235;A01;1;7;0;2;5;14;1;
82820;202200053839;718 244;B01;1;7;0;2;3;1;2;
82821;202200053840;718 234;B01;2;7;0;2;0;0;1;
82822;202200053840;718 241;A01;1;2;0;2;1;1;1;
82823;202200053841;718 232;B01;1;7;0;2;2;2;1;
82824;202200053841;718 240;A01;2;2;0;2;1;1;1;
82825;202200053842;718 233;A01;1;50;0;2;1;2;3;
82826;202200053842;718 239;B01;1;7;0;2;5;2;1;
82827;202200053844;718 230;B01;1;33;0;2;1;1;0;
82828;202200053844;718 237;A01;1;7;0;2;3;19;1;
82829;202200053845;718 229;A01;1;10;0;1;3;1;1;
82830;202200053847;718 222;A01;1;7;0;2;0;1;1;
82831;202200053848;718 219;B01;1;1;0;2;8;1;5;
82832;202200053848;718 226;A01;1;7;0;2;8;17;1;
82833;202200053849;718 218;A01;1;33;0;2;2;1;1;
82834;202200053849;718 227;B01;1;7;16;0;2;23;1;
82835;202200053850;718 216;A01;2;7;0;2;1;1;1;
82836;202200053850;718 221;B01;2;33;0;2;4;23;1;
82837;202200053851;718 215;A01;2;7;0;2;1;19;1;
82838;202200053851;718 224;B01;2;1;0;2;1;1;5;
82839;202200053852;718 217;B01;2;34;1;2;1;1;1;
82840;202200053852;718 225;A01;2;7;0;2;1;15;1;
82841;202200053853;718 212;A01;2;2;1;0;1;1;1;
82842;202200053854;718 213;A01;1;7;0;1;2;1;3;
82843;202200053855;718 210;A01;1;7;0;2;1;17;1;
82844;202200053855;718 214;B01;2;10;3;2;1;1;1;
82845;202200053855;718 220;C01;2;7;0;2;1;1;1;
82846;202200053856;718 207;A01;2;31;0;2;1;26;1;
82847;202200053856;718 211;B01;2;7;0;2;4;2;1;
82848;202200053858;718 205;B01;1;2;0;2;7;1;1;
82849;202200053858;718 209;A01;2;10;0;2;8;15;0;
82850;202200053860;718 204;A01;1;7;0;2;3;15;1;
82851;202200053860;718 208;B01;2;2;0;2;1;1;1;
82852;202200053861;718 198;A01;1;7;2;0;9;1;1;
82853;202200053862;718 200;A01;1;10;8;0;2;14;1;
82854;202200053863;718 194;A01;2;7;0;1;1;14;1;
82855;202200053864;718 189;A01;2;2;0;0;1;1;1;
82856;202200053865;718 186;A01;3;7;0;9;1;1;1;
82857;202200053865;718 188;B01;3;1;0;2;1;5;5;
82858;202200053866;718 197;B01;3;32;0;0;0;0;1;
82859;202200053866;718 201;A01;0;7;0;0;0;11;1;
82860;202200053867;718 180;A01;1;7;0;2;6;9;1;
82861;202200053867;718 185;B01;2;43;0;2;1;1;1;
82862;202200053871;718 179;A01;1;7;0;2;0;0;1;
82863;202200053871;718 196;B01;2;1;0;2;0;0;0;
82864;202200053873;718 175;A01;3;7;4;2;3;0;1;
82865;202200053873;718 183;B01;3;10;0;2;3;1;1;
82866;202200053874;718 173;B01;3;10;0;2;3;15;1;
82867;202200053874;718 182;A01;3;33;0;2;1;17;1;
82868;202200053875;718 172;A01;1;33;0;0;0;1;1;
82869;202200053876;718 171;A01;1;7;6;0;1;1;1;
82870;202200053877;718 168;B01;1;1;0;2;5;15;5;
82871;202200053877;718 174;A01;2;7;0;9;3;14;1;
82872;202200053878;718 167;A01;1;10;8;0;3;1;1;
82873;202200053879;718 165;B01;2;50;0;2;1;0;3;
82874;202200053879;718 169;A01;1;10;0;2;1;1;1;
82875;202200053880;718 164;A01;3;7;0;2;1;1;1;
82876;202200053880;718 170;B01;3;7;0;2;7;1;1;
82877;202200053881;718 161;B01;3;7;0;2;1;15;1;
82878;202200053881;718 166;A01;3;33;0;2;7;1;1;
82879;202200053882;718 159;A01;3;7;0;1;4;4;1;
82880;202200053883;718 158;C01;2;15;0;2;6;1;1;
82881;202200053883;718 162;B01;1;14;0;2;3;1;1;
82882;202200053883;718 163;A01;2;7;0;2;1;17;1;
82883;202200053884;718 156;A01;3;7;0;0;0;0;1;
82884;202200053885;718 155;A01;2;7;0;2;2;2;1;
82885;202200053885;718 160;B01;2;7;0;2;6;2;1;
82886;202200053886;718 153;B01;2;80;0;0;5;1;3;
82887;202200053886;718 157;A01;2;7;0;2;3;9;1;
82888;202200053887;718 151;A01;2;10;13;0;1;15;1;
82889;202200053890;718 142;A01;1;7;0;1;1;1;1;
82890;202200053891;718 141;B01;2;33;0;2;1;1;1;
82891;202200053891;718 147;A01;2;7;0;2;3;10;1;
82892;202200053892;718 139;B01;3;7;0;2;3;1;1;
82893;202200053892;718 145;A01;3;30;0;2;6;11;1;
82894;202200053893;718 138;A01;0;33;0;0;0;2;1;
82895;202200053894;718 140;A01;1;7;0;2;2;21;1;
82896;202200053894;718 144;B01;2;7;0;2;3;1;1;
82897;202200053895;718 132;A01;2;34;0;2;4;1;1;
82898;202200053895;718 136;B01;2;7;0;2;2;1;1;
82899;202200053896;718 135;A01;1;34;0;2;4;1;1;
82900;202200053896;718 137;B01;1;32;0;2;1;2;1;
82901;202200053898;718 128;A01;2;7;0;0;0;13;1;
82902;202200053899;718 129;A01;2;7;0;2;3;5;1;
82903;202200053899;718 133;B01;1;38;0;2;3;16;1;1.0
82904;202200053902;718 121;A01;0;7;0;2;1;1;1;
82905;202200053902;718 126;B01;0;7;0;2;7;26;1;
82906;202200053903;718 117;A01;1;7;0;2;1;2;1;
82907;202200053903;718 123;B01;2;7;0;2;4;2;0;
82908;202200053904;718 118;D01;2;7;0;2;4;23;1;
82909;202200053904;718 124;C01;2;7;0;2;4;23;1;
82910;202200053904;718 130;B01;2;7;0;2;4;23;1;
82911;202200053904;718 134;A01;2;7;0;2;1;1;1;
82912;202200053905;718 115;A01;1;30;1;0;7;17;3;
82913;202200053905;718 120;B01;3;7;0;2;0;24;1;
82914;202200053906;718 113;A01;1;7;0;2;3;13;1;
82915;202200053906;718 125;B01;2;7;0;2;3;1;1;
82916;202200053909;718 108;B01;1;7;0;0;4;23;1;
82917;202200053909;718 112;A01;1;7;0;2;1;2;6;
82918;202200053910;718 105;B01;3;7;0;2;1;1;1;
82919;202200053910;718 114;A01;3;7;0;2;1;21;3;
82920;202200053911;718 106;B01;2;7;0;2;5;1;1;
82921;202200053911;718 109;A01;2;33;0;2;1;1;1;
82922;202200053912;718 103;A01;3;7;8;0;1;19;1;
82923;202200053914;718 099;A01;1;7;0;1;1;1;1;
82924;202200053915;718 100;A01;2;7;4;2;1;1;1;
82925;202200053915;718 107;B01;2;7;0;2;6;2;1;
82926;202200053916;718 104;A01;3;10;8;0;1;6;1;
82927;202200053917;718 097;A01;2;33;13;0;1;1;1;
82928;202200053918;718 094;A01;2;33;0;2;1;17;1;
82929;202200053918;718 098;B01;2;1;0;2;3;15;5;
82930;202200053919;718 095;A01;2;7;7;0;7;19;1;
82931;202200053919;718 102;B01;2;14;0;2;1;0;1;
82932;202200053920;718 086;B01;2;2;0;2;2;1;1;
82933;202200053920;718 093;Z01;1;10;0;2;3;9;1;
82934;202200053921;718 085;B01;3;2;0;2;1;1;1;
82935;202200053921;718 090;A01;3;7;0;2;7;15;1;
82936;202200053922;718 083;B01;1;30;0;2;1;1;1;
82937;202200053922;718 091;A01;1;7;0;2;3;15;1;
82938;202200053923;718 081;B01;3;10;0;2;3;1;1;
82939;202200053923;718 084;A01;3;7;8;2;7;20;1;
82940;202200053924;718 082;A01;1;7;2;0;1;1;1;
82941;202200053925;718 080;A01;2;7;2;0;1;1;1;
82942;202200053927;718 071;B01;3;13;0;2;3;1;1;
82943;202200053927;718 089;A01;3;7;0;2;2;1;1;
82944;202200053928;718 068;A01;2;7;0;2;2;15;1;
82945;202200053928;718 074;B01;1;33;0;2;1;1;1;
82946;202200053929;718 062;B01;1;7;0;2;2;1;1;
82947;202200053929;718 069;A01;2;2;0;2;1;9;1;
82948;202200053930;718 064;B01;1;7;0;0;3;15;1;
82949;202200053930;718 067;A01;1;2;0;2;1;17;1;
82950;202200053931;718 061;B01;1;7;0;2;8;20;1;
82951;202200053931;718 076;A01;1;7;0;2;1;1;1;
82952;202200053932;718 063;B01;1;7;0;2;2;16;1;
82953;202200053932;718 072;A01;1;33;0;2;0;0;1;
82954;202200053933;718 055;B01;3;10;0;2;2;1;1;
82955;202200053933;718 059;A01;3;30;0;2;8;13;1;
82956;202200053934;718 056;A01;3;31;0;1;1;1;0;
82957;202200053935;718 052;A01;1;1;0;2;3;1;5;
82958;202200053935;718 060;B01;1;33;0;2;1;1;1;
82959;202200053937;718 049;A01;2;7;0;2;7;17;1;
82960;202200053937;718 054;B01;2;2;0;2;7;1;1;
82961;202200053938;718 045;A01;2;7;0;2;1;20;1;
82962;202200053938;718 050;B01;1;34;1;2;1;1;1;
82963;202200053939;718 043;A01;1;7;0;2;1;1;1;
82964;202200053939;718 047;B01;2;7;0;2;1;1;1;
82965;202200053940;718 042;A01;1;7;0;2;3;15;1;
82966;202200053940;718 048;B01;2;31;0;2;1;9;1;
82967;202200053941;718 041;A01;1;31;0;2;1;17;1;
82968;202200053941;718 046;B01;1;7;0;2;0;15;1;
82969;202200053942;718 037;A01;1;7;0;1;1;1;1;
82970;202200053943;718 034;B01;1;7;0;2;3;10;2;
82971;202200053943;718 040;A01;1;32;0;2;2;1;1;
82972;202200053944;718 033;B01;1;7;0;2;2;15;1;
82973;202200053944;718 044;A01;2;30;0;9;1;1;1;
82974;202200053945;718 030;A01;2;7;0;2;4;4;1;
82975;202200053945;718 038;B01;2;13;0;2;1;1;1;
82976;202200053947;718 031;B01;2;33;0;2;3;17;1;
82977;202200053947;718 036;A01;2;7;0;0;6;15;3;
82978;202200053948;718 028;A01;1;7;6;0;2;26;1;
82979;202200053949;718 025;Y01;3;1;0;2;1;1;5;
82980;202200053949;718 032;A01;3;7;0;2;2;1;1;
82981;202200053950;718 024;A01;2;7;0;2;4;26;1;
82982;202200053950;718 026;B01;2;7;0;2;1;2;-1;
82983;202200053952;718 022;A01;1;36;0;2;3;1;1;
82984;202200053952;718 029;B01;0;7;0;2;3;15;1;
82985;202200053953;718 018;A01;1;33;1;0;1;0;1;
82986;202200053955;718 015;B01;2;32;0;2;2;3;1;
82987;202200053955;718 020;A01;2;7;0;2;8;11;1;
82988;202200053956;718 014;A01;2;7;0;2;8;17;1;
82989;202200053956;718 019;B01;2;33;0;2;7;17;1;
82990;202200053960;718 003;B01;1;33;0;2;1;1;1;
82991;202200053960;718 011;A01;2;7;0;2;1;15;1;
82992;202200053961;718 005;A01;2;7;3;0;3;2;1;
82993;202200053962;718 004;Z01;1;7;0;2;2;17;1;
82994;202200053962;718 008;A01;1;30;0;2;6;1;1;
82995;202200053963;718 002;A01;3;99;0;0;7;1;0;
82996;202200053964;718 001;B01;2;7;0;2;4;0;1;
82997;202200053964;718 006;A01;2;32;0;2;1;2;1;
82998;202200053965;718 000;A01;0;7;0;2;3;0;1;
82999;202200053965;718 009;B01;0;37;0;2;2;0;0;2.0
83000;202200053966;717 997;A01;1;7;0;1;1;1;0;
83001;202200053967;717 999;Z01;2;7;0;2;8;22;0;
83002;202200053967;718 007;A01;2;1;0;2;1;1;5;
83003;202200053968;717 998;A01;3;30;0;1;2;1;1;
83004;202200053969;717 994;A01;3;7;2;0;1;13;1;
83005;202200053970;717 990;A01;2;7;1;1;1;1;1;
83006;202200053971;717 991;A01;1;38;0;0;2;1;1;10.0
83007;202200053972;717 986;A01;2;33;0;2;1;2;1;
83008;202200053972;717 993;B01;2;7;0;2;4;2;1;
83009;202200053973;717 985;A01;1;7;0;2;1;1;1;
83010;202200053973;717 996;B01;3;1;0;2;0;16;5;
83011;202200053974;717 983;A01;1;7;0;2;3;10;1;
83012;202200053974;717 989;B01;2;7;0;2;1;1;1;
83013;202200053975;717 984;A01;2;7;12;0;1;12;1;
83014;202200053976;717 982;A01;1;7;9;2;1;1;1;
83015;202200053976;717 987;B01;2;1;9;2;1;1;5;
83016;202200053977;717 979;B01;1;33;0;2;1;2;1;
83017;202200053977;717 981;A01;1;7;0;2;6;2;1;
83018;202200053978;717 977;A01;1;7;0;1;2;1;3;
83019;202200053979;717 972;A01;1;2;0;2;1;1;1;
83020;202200053979;717 976;B01;1;7;0;0;4;1;1;
83021;202200053980;717 971;A01;1;1;12;0;1;14;5;
83022;202200053981;717 968;A01;1;7;0;1;1;1;1;
83023;202200053982;717 967;A01;1;10;0;2;3;13;1;
83024;202200053982;717 974;B01;2;10;0;2;3;1;1;
83025;202200053983;717 966;B01;2;7;0;2;3;1;1;
83026;202200053983;717 975;A01;2;7;0;2;5;12;1;
83027;202200053984;717 963;A01;1;7;0;2;1;5;1;
83028;202200053984;717 970;B01;2;7;8;2;9;1;1;
83029;202200053984;717 978;C01;2;7;0;2;1;1;1;
83030;202200053985;717 965;B01;1;2;0;2;1;1;1;
83031;202200053985;717 973;A01;2;7;0;2;3;15;1;
83032;202200053986;717 959;A01;1;7;0;0;5;23;1;
83033;202200053986;717 962;B01;1;7;0;0;6;26;1;
83034;202200053986;717 969;C01;1;10;0;2;2;2;1;
83035;202200053988;717 952;Z01;2;7;0;2;2;14;0;
83036;202200053988;717 956;A01;2;50;0;2;3;7;3;
83037;202200053990;717 949;A01;1;7;9;2;1;15;1;
83038;202200053990;717 957;B01;2;31;9;2;8;1;3;
83039;202200053991;717 950;B01;1;43;0;2;1;1;1;
83040;202200053991;717 958;A01;1;7;0;0;6;1;1;
83041;202200053993;717 946;B01;1;1;0;0;4;2;5;
83042;202200053993;717 954;A01;1;7;0;2;2;2;1;
83043;202200053994;717 944;A01;2;7;0;2;1;17;1;
83044;202200053994;717 951;B01;2;7;0;2;4;1;1;
83045;202200053995;717 942;A01;3;7;0;2;1;1;1;
83046;202200053995;717 947;B01;3;80;0;2;1;1;3;
83047;202200053996;717 941;C01;3;7;14;2;1;6;2;
83048;202200053996;717 948;B01;3;7;0;2;1;1;1;
83049;202200053996;717 960;A01;3;7;0;2;6;1;1;
83050;202200053998;717 935;B01;1;7;0;0;2;1;1;
83051;202200053998;717 939;A01;0;50;0;2;3;25;3;
83052;202200053999;717 933;B01;2;7;0;0;6;1;1;
83053;202200053999;717 938;A01;2;2;0;2;1;2;1;
83054;202200054000;717 934;A01;0;7;0;1;1;9;1;
83055;202200054001;717 931;A01;0;0;0;1;0;0;0;
83056;202200054002;717 930;B01;1;7;0;2;1;1;1;
83057;202200054002;717 940;A01;2;30;0;2;2;1;1;
83058;202200054005;717 924;A01;2;32;0;0;0;0;1;
83059;202200054006;717 925;A01;1;7;0;0;0;0;1;
83060;202200054008;717 923;A01;2;7;13;0;2;2;1;
83061;202200054009;717 919;A01;-1;7;0;1;-1;-1;1;
83062;202200054010;717 915;B01;1;30;0;2;8;13;1;
83063;202200054010;717 918;A01;1;38;0;2;7;17;1;1.0
83064;202200054011;717 913;A01;2;7;1;0;1;14;1;
83065;202200054011;717 917;B01;2;7;0;2;4;23;1;
83066;202200054011;717 921;C01;2;33;0;0;4;23;0;
83067;202200054012;717 912;A01;1;7;3;0;1;14;1;
83068;202200054013;717 916;B01;1;7;0;2;1;1;1;
83069;202200054013;717 922;A01;3;7;0;2;7;15;1;
83070;202200054014;717 910;C01;1;1;0;2;7;16;5;
83071;202200054014;717 920;A01;2;10;0;2;2;1;1;
83072;202200054015;717 906;A01;3;7;0;2;2;1;1;
83073;202200054015;717 911;B01;-1;1;0;2;1;9;5;
83074;202200054017;717 904;A01;3;7;0;1;3;1;1;
83075;202200054018;717 903;A01;1;7;0;2;8;13;1;
83076;202200054018;717 907;B01;2;7;0;2;3;1;1;
83077;202200054019;717 900;B01;2;7;0;0;6;21;1;
83078;202200054019;717 905;A01;1;7;0;0;3;13;1;
83079;202200054020;717 897;A01;3;1;0;2;1;9;5;
83080;202200054020;717 901;B01;3;7;0;2;2;1;1;
83081;202200054021;717 894;A01;2;7;6;0;1;1;1;
83082;202200054022;717 892;A01;2;7;2;0;1;14;1;
83083;202200054023;717 890;A01;-1;7;0;2;3;1;1;
83084;202200054023;717 895;B01;-1;33;0;2;7;12;1;
83085;202200054024;717 887;B01;3;7;0;2;2;16;1;
83086;202200054024;717 898;A01;2;50;0;2;1;5;3;
83087;202200054025;717 888;A01;3;7;2;0;7;1;1;
83088;202200054026;717 885;C01;2;7;0;2;3;1;1;
83089;202200054026;717 899;B01;2;7;0;2;3;1;1;
83090;202200054026;717 908;A01;1;7;0;2;3;13;1;
83091;202200054027;717 889;B01;3;30;0;2;0;5;1;
83092;202200054027;717 893;A01;3;7;0;2;5;15;1;
83093;202200054028;717 882;A01;1;7;0;2;1;1;1;
83094;202200054028;717 886;B01;1;2;0;0;4;1;1;
83095;202200054028;717 896;C01;1;32;0;0;4;1;1;
83096;202200054028;717 902;D01;2;10;0;2;1;21;1;
83097;202200054029;717 879;A01;0;7;0;1;1;1;1;
83098;202200054030;717 880;B01;1;10;0;2;1;1;1;
83099;202200054030;717 884;A01;2;7;0;2;1;13;1;
83100;202200054031;717 877;B01;2;7;0;2;3;2;1;
83101;202200054031;717 883;A01;1;7;8;0;1;15;1;
83102;202200054032;717 875;A01;1;2;0;2;1;1;1;
83103;202200054032;717 881;B01;2;2;0;2;1;1;1;
83104;202200054033;717 874;A01;3;7;0;2;2;0;2;
83105;202200054033;717 876;B01;3;1;0;2;1;2;5;
83106;202200054034;717 872;A01;2;7;2;0;1;1;1;
83107;202200054035;717 873;B01;1;7;0;2;7;1;1;
83108;202200054035;717 878;A01;2;7;0;2;8;6;1;
83109;202200054036;717 871;A01;1;7;0;1;3;15;1;
83110;202200054037;717 867;A01;0;0;0;1;7;1;0;
83111;202200054038;717 864;B01;2;7;0;2;3;26;1;
83112;202200054038;717 869;A01;1;31;0;2;1;13;1;
83113;202200054039;717 863;B01;3;7;0;2;1;0;1;
83114;202200054039;717 868;A01;3;7;0;0;7;1;1;
83115;202200054040;717 861;B01;1;13;0;2;1;1;1;
83116;202200054040;717 866;A01;1;7;0;2;8;15;1;
83117;202200054041;717 856;B01;1;1;0;2;1;1;5;
83118;202200054041;717 860;A01;1;7;0;9;1;15;0;
83119;202200054042;717 859;A01;3;7;0;2;5;2;1;
83120;202200054042;717 870;B01;3;7;0;2;1;1;1;
83121;202200054044;717 857;A01;1;7;0;2;2;15;1;
83122;202200054044;717 862;B01;1;1;0;2;1;1;5;
83123;202200054046;717 852;A01;2;7;8;0;3;2;1;
83124;202200054047;717 848;B01;3;33;0;0;1;1;1;
83125;202200054047;717 853;A01;3;7;0;0;1;15;1;
83126;202200054048;717 846;A01;2;7;0;2;1;17;1;
83127;202200054048;717 851;Y01;2;1;0;2;5;2;5;
83128;202200054049;717 844;B01;3;1;0;2;1;21;5;
83129;202200054049;717 850;A01;3;10;0;2;2;13;1;
83130;202200054050;717 845;A01;1;33;16;0;0;15;1;
83131;202200054051;717 841;C01;2;17;0;2;4;23;1;
83132;202200054051;717 849;B01;2;38;0;2;4;1;1;1.0
83133;202200054051;717 854;A01;2;7;0;2;1;1;1;
83134;202200054053;717 835;A01;2;33;0;0;0;1;1;
83135;202200054054;717 836;A01;2;30;0;2;3;18;3;
83136;202200054054;717 840;B01;2;7;0;2;7;1;1;
83137;202200054056;717 833;A01;3;33;0;2;1;1;1;
83138;202200054056;717 843;B01;0;7;0;2;3;23;1;
83139;202200054057;717 831;A01;2;7;0;0;9;1;1;
83140;202200054058;717 830;B01;2;33;0;2;8;1;1;
83141;202200054058;717 838;A01;1;7;0;2;3;13;1;
83142;202200054059;717 829;A01;2;10;0;1;8;1;1;
83143;202200054060;717 827;A01;0;7;0;9;1;2;1;
83144;202200054060;717 832;B01;0;50;0;0;4;2;3;
83145;202200054061;717 828;A01;2;30;8;0;1;1;1;
83146;202200054062;717 826;A01;2;7;15;0;1;1;1;
83147;202200054063;717 822;B01;2;33;0;2;1;1;1;
83148;202200054063;717 825;A01;1;7;0;0;8;19;1;
83149;202200054064;717 820;A01;2;33;6;0;1;21;1;
83150;202200054064;717 824;B01;2;3;0;2;6;1;1;
83151;202200054065;717 821;A01;3;7;0;1;1;1;1;
83152;202200054066;717 817;A01;3;2;0;2;6;1;1;
83153;202200054066;717 823;B01;3;21;0;2;6;0;1;
83154;202200054067;717 819;A01;1;7;0;1;2;1;1;
83155;202200054068;717 815;A01;1;7;3;0;1;1;1;
83156;202200054069;717 813;B01;2;7;0;2;3;1;0;
83157;202200054069;717 816;A01;0;33;0;2;1;5;0;
83158;202200054070;717 810;A01;2;7;0;2;0;0;1;
83159;202200054070;717 818;B01;1;7;0;2;2;1;0;
83160;202200054071;717 811;B01;1;7;0;2;2;15;1;
83161;202200054071;717 814;A01;2;30;0;2;1;1;3;
83162;202200054072;717 804;B01;2;7;0;9;2;1;0;
83163;202200054072;717 812;A01;3;50;0;2;1;9;3;
83164;202200054073;717 803;A01;2;7;0;2;0;13;1;
83165;202200054073;717 808;B01;1;15;0;2;3;1;1;
83166;202200054074;717 805;A01;3;7;0;1;2;19;1;
83167;202200054075;717 802;B01;2;31;0;2;0;12;1;
83168;202200054075;717 807;A01;2;7;0;2;0;1;1;
83169;202200054076;717 798;B01;3;7;0;2;3;1;1;
83170;202200054076;717 801;A01;3;13;1;2;1;13;1;
83171;202200054077;717 795;C01;1;3;0;2;1;1;1;
83172;202200054077;717 799;B01;2;7;0;0;4;15;1;
83173;202200054077;717 806;A01;2;7;0;2;1;2;1;
83174;202200054078;717 794;A01;1;10;0;1;6;4;1;
83175;202200054079;717 792;A01;2;10;0;2;1;16;3;
83176;202200054079;717 796;B01;1;1;0;2;7;25;5;
83177;202200054080;717 788;A01;2;7;3;0;2;14;1;
83178;202200054081;717 789;A01;3;31;6;9;3;0;1;
83179;202200054082;717 786;A01;2;10;4;2;1;5;1;
83180;202200054082;717 791;B01;2;7;4;2;1;1;1;
83181;202200054082;717 797;C01;2;7;0;2;1;1;1;
83182;202200054083;717 785;A01;0;7;0;2;8;0;1;
83183;202200054083;717 793;B01;0;2;0;2;1;0;1;
83184;202200054084;717 782;A01;1;33;0;0;2;23;1;
83185;202200054085;717 781;A01;0;33;0;2;8;1;1;
83186;202200054085;717 784;Z01;0;7;0;2;7;2;0;
83187;202200054086;717 779;B01;2;37;0;0;2;1;0;1.0
83188;202200054086;717 787;A01;1;7;0;2;1;9;2;
83189;202200054087;717 777;B01;1;7;0;2;1;1;1;
83190;202200054087;717 783;A01;2;7;0;2;1;13;2;