;Num_Acc;id_vehicule;num_veh;senc;catv;obs;obsm;choc;manv;motor;occutc
83191;202200054089;717 771;A01;1;7;14;1;1;1;1;
83192;202200054090;717 768;B01;1;10;0;2;1;1;1;
83193;202200054090;717 773;A01;2;7;0;2;1;13;1;
83194;202200054091;717 769;A01;1;7;0;2;1;2;1;
83195;202200054091;717 774;B01;1;7;0;2;4;2;1;
83196;202200054091;717 778;C01;1;7;0;0;4;2;1;
83197;202200054092;717 770;A01;3;0;0;2;0;26;0;
83198;202200054092;717 776;B01;3;0;0;2;0;0;6;
83199;202200054093;717 765;A01;2;30;0;0;0;0;1;
83200;202200054094;717 766;A01;2;7;0;2;8;13;1;
83201;202200054094;717 772;B01;1;7;0;2;8;1;1;
83202;202200054095;717 760;A01;1;7;0;2;3;11;1;
83203;202200054095;717 763;B01;1;7;0;2;5;1;1;
83204;202200054096;717 757;B01;1;1;0;2;3;9;5;
83205;202200054096;717 761;A01;1;10;0;2;2;1;1;
83206;202200054097;717 759;B01;1;10;0;2;4;15;1;
83207;202200054097;717 764;A01;1;33;0;2;1;2;1;
83208;202200054098;717 752;B01;1;7;0;2;3;1;1;
83209;202200054098;717 758;A01;2;7;0;2;3;13;1;
83210;202200054099;717 749;B01;2;7;0;2;1;21;1;
83211;202200054099;717 755;A01;1;30;0;2;1;13;1;
83212;202200054100;717 753;A01;1;7;0;1;1;1;1;
83213;202200054101;717 750;B01;1;15;0;0;6;1;1;
83214;202200054101;717 756;A01;1;10;0;2;1;1;1;
83215;202200054102;717 748;A01;0;7;0;2;3;0;1;
83216;202200054102;717 751;B01;0;7;0;2;3;1;2;
83217;202200054103;717 745;B01;1;7;0;2;4;1;1;
83218;202200054103;717 747;A01;1;30;0;2;1;1;1;
83219;202200054105;717 739;A01;1;7;0;1;0;1;1;
83220;202200054106;717 740;B01;1;7;0;2;8;13;1;
83221;202200054106;717 744;A01;2;1;0;2;7;13;5;
83222;202200054107;717 737;B01;1;7;0;2;8;1;1;
83223;202200054107;717 743;A01;2;33;0;2;8;13;1;
83224;202200054108;717 734;A01;2;7;0;1;2;1;1;
83225;202200054109;717 733;B01;2;7;0;9;5;17;1;
83226;202200054109;717 738;A01;2;1;0;2;8;15;5;
83227;202200054111;717 735;A01;1;7;6;0;1;13;1;
83228;202200054112;717 729;A01;2;33;0;0;3;1;1;
83229;202200054113;717 730;B01;1;7;0;2;1;0;6;
83230;202200054113;717 742;A01;1;7;0;2;7;19;0;
83231;202200054114;717 727;A01;1;33;6;0;1;13;1;
83232;202200054115;717 728;A01;1;7;3;0;2;26;1;
83233;202200054116;717 726;A01;3;7;2;0;8;13;1;
83234;202200054117;717 722;Z01;1;7;0;2;7;14;1;
83235;202200054117;717 725;B01;1;50;0;2;8;1;3;
83236;202200054118;717 721;B01;2;7;0;2;1;2;1;
83237;202200054118;717 724;A01;2;7;0;0;4;2;1;
83238;202200054119;717 723;A01;2;7;15;0;2;1;1;
83239;202200054120;717 720;A01;1;7;0;0;9;1;1;
83240;202200054121;717 717;A01;0;7;15;0;1;1;1;
83241;202200054122;717 715;B01;2;34;0;2;1;1;0;
83242;202200054122;717 718;A01;1;30;0;2;6;9;1;
83243;202200054123;717 716;B01;0;1;0;2;1;1;5;
83244;202200054123;717 719;A01;0;7;0;9;3;15;1;
83245;202200054124;717 711;A01;2;33;0;2;1;1;1;
83246;202200054124;717 714;B01;1;10;0;2;3;15;1;
83247;202200054125;717 713;A01;3;7;0;1;1;15;1;
83248;202200054126;717 708;A01;1;31;0;0;7;9;1;
83249;202200054128;717 706;A01;1;33;16;0;1;1;1;
83250;202200054129;717 704;B01;2;2;0;2;1;1;1;
83251;202200054129;717 710;A01;2;7;0;0;4;1;1;
83252;202200054130;717 707;A01;3;33;11;0;0;0;1;
83253;202200054131;717 701;A01;1;7;13;0;9;14;1;
83254;202200054132;717 698;A01;1;33;0;6;1;1;1;
83255;202200054133;717 699;A01;1;7;0;2;5;17;1;
83256;202200054133;717 703;B01;1;1;0;2;3;1;5;
83257;202200054134;717 697;D01;2;10;0;2;4;2;1;
83258;202200054134;717 702;C01;2;7;0;2;4;2;1;
83259;202200054134;717 705;B01;2;31;0;2;9;2;1;
83260;202200054134;717 712;A01;2;7;0;2;2;2;1;
83261;202200054135;717 695;A01;2;3;0;1;1;1;3;
83262;202200054136;717 696;A01;1;31;13;0;1;1;1;
83263;202200054137;717 691;A01;3;7;0;0;0;0;3;
83264;202200054138;717 690;B01;2;2;0;2;8;1;1;
83265;202200054138;717 692;A01;2;14;0;2;5;17;0;
83266;202200054139;717 693;B01;2;33;0;2;1;1;1;
83267;202200054139;717 700;A01;3;7;0;2;2;15;1;
83268;202200054140;717 686;B01;0;7;0;0;3;1;1;
83269;202200054140;717 694;A01;0;10;0;0;3;13;1;
83270;202200054141;717 683;A01;2;33;13;0;0;1;1;
83271;202200054142;717 689;A01;2;7;16;0;1;1;1;
83272;202200054143;717 681;B01;1;2;0;2;1;1;1;
83273;202200054143;717 687;A01;2;7;0;2;1;0;1;
83274;202200054144;717 682;A01;2;31;0;2;1;1;1;
83275;202200054144;717 688;B01;2;10;0;2;4;1;1;
83276;202200054145;717 680;A01;1;2;2;2;8;13;1;
83277;202200054145;717 684;B01;1;2;16;2;7;14;1;
83278;202200054146;717 679;B01;2;80;0;2;1;1;3;
83279;202200054146;717 685;A01;1;7;0;2;2;16;1;
83280;202200054147;717 674;A01;3;20;0;1;2;1;1;
83281;202200054148;717 676;B01;1;7;0;2;1;1;1;
83282;202200054148;717 678;A01;2;2;0;2;8;19;1;
83283;202200054149;717 673;A01;0;10;0;2;7;9;1;
83284;202200054149;717 677;B01;2;33;0;2;1;1;0;
83285;202200054150;717 675;A01;1;7;0;1;7;1;1;
83286;202200054151;717 670;A01;2;33;0;1;2;1;1;
83287;202200054152;717 667;B01;2;7;0;2;1;2;1;
83288;202200054152;717 672;A01;2;7;0;0;4;9;1;
83289;202200054153;717 665;B01;2;7;0;2;8;11;1;
83290;202200054153;717 671;A01;2;33;4;2;1;3;1;
83291;202200054154;717 663;B01;2;2;9;2;1;1;1;
83292;202200054154;717 668;A01;1;7;0;2;1;13;1;
83293;202200054155;717 661;B01;1;33;0;2;1;1;1;
83294;202200054155;717 666;A01;1;7;0;0;8;15;1;
83295;202200054156;717 662;A01;1;2;0;0;2;1;1;
83296;202200054157;717 658;A01;3;7;0;1;1;10;1;
83297;202200054158;717 664;B01;1;7;0;2;6;2;1;
83298;202200054158;717 669;A01;1;7;1;0;2;2;1;
83299;202200054159;717 659;A01;1;7;4;0;3;1;1;
83300;202200054160;717 654;A01;1;2;0;2;1;1;1;
83301;202200054160;717 660;B01;1;7;0;2;4;1;1;
83302;202200054161;717 653;A01;2;10;0;2;2;17;1;
83303;202200054161;717 657;B01;2;7;0;2;8;1;1;
83304;202200054162;717 652;A01;1;7;0;1;1;2;1;
83305;202200054163;717 651;A01;2;7;0;2;4;1;1;
83306;202200054163;717 655;B01;2;33;0;2;2;3;1;
83307;202200054165;717 647;A01;3;7;11;0;1;6;1;
83308;202200054166;717 644;A01;2;7;13;2;3;1;1;
83309;202200054166;717 649;B01;1;7;8;2;3;13;1;
83310;202200054167;717 642;B01;2;7;0;2;4;21;1;
83311;202200054167;717 646;A01;2;7;0;2;1;2;1;
83312;202200054168;717 640;A01;1;7;16;2;8;10;1;
83313;202200054168;717 643;B01;1;7;14;2;8;2;1;
83314;202200054169;717 637;B01;1;10;0;2;4;2;1;
83315;202200054169;717 641;A01;1;7;0;2;1;2;1;
83316;202200054170;717 638;A01;2;7;8;0;3;13;1;
83317;202200054172;717 645;A01;3;7;6;0;1;0;1;
83318;202200054173;717 632;A01;2;38;13;0;7;1;6;4.0
83319;202200054174;717 634;A01;1;7;0;2;7;19;1;
83320;202200054174;717 639;B01;2;33;0;2;1;1;1;
83321;202200054175;717 631;A01;1;7;0;2;1;1;1;
83322;202200054175;717 633;B01;2;33;0;0;0;1;1;
83323;202200054177;717 627;B01;1;7;8;2;3;1;1;
83324;202200054177;717 636;A01;2;7;0;2;3;13;1;
83325;202200054178;717 626;A01;1;30;0;1;1;1;1;
83326;202200054179;717 625;A01;1;7;0;1;2;15;1;
83327;202200054180;717 624;B01;2;7;0;2;4;1;1;
83328;202200054180;717 630;A01;2;7;0;2;1;1;1;
83329;202200054181;717 620;A01;0;31;0;0;7;2;1;
83330;202200054183;717 612;Z01;1;7;0;1;0;15;0;
83331;202200054184;717 611;A01;2;3;1;0;8;26;1;
83332;202200054184;717 617;B01;1;2;1;0;0;0;1;
83333;202200054185;717 609;A01;2;10;17;0;7;0;1;
83334;202200054186;717 607;A01;2;7;0;2;1;2;1;
83335;202200054186;717 614;B01;2;7;0;2;4;2;1;
83336;202200054186;717 619;C01;2;7;0;2;4;2;1;
83337;202200054187;717 604;A01;1;7;6;0;1;1;1;
83338;202200054188;717 605;A01;2;10;1;2;2;26;1;
83339;202200054188;717 606;B01;2;7;0;0;6;2;1;
83340;202200054189;717 601;A01;1;10;6;0;1;1;1;
83341;202200054190;717 603;A01;2;7;3;0;3;0;1;
83342;202200054191;717 599;B01;1;7;15;0;8;1;2;
83343;202200054191;717 610;A01;1;7;0;2;1;9;1;
83344;202200054192;717 598;A01;3;7;12;0;1;0;1;
83345;202200054193;717 600;A01;2;10;0;2;1;1;1;
83346;202200054193;717 622;B01;2;7;0;2;4;23;1;
83347;202200054194;717 596;B01;1;7;0;2;1;1;1;
83348;202200054194;717 602;A01;1;7;0;2;8;13;1;
83349;202200054195;717 593;A01;1;7;0;0;1;1;1;
83350;202200054197;717 588;B01;3;7;0;0;3;23;1;
83351;202200054197;717 595;A01;3;7;1;0;3;1;1;
83352;202200054198;717 586;A01;1;17;3;2;8;1;1;
83353;202200054199;717 585;A01;3;7;0;2;7;20;1;
83354;202200054199;717 592;B01;3;30;0;2;5;2;1;
83355;202200054200;717 581;B01;1;7;0;2;4;1;1;
83356;202200054200;717 589;A01;1;7;0;2;1;2;1;
83357;202200054201;717 583;B01;2;7;0;2;2;2;1;
83358;202200054201;717 591;A01;2;7;0;0;6;2;1;
83359;202200054202;717 584;A01;1;7;0;2;2;17;1;
83360;202200054202;717 590;B01;1;1;0;2;8;1;5;
83361;202200054203;717 580;A01;0;7;0;1;1;1;0;
83362;202200054204;717 579;B01;2;7;0;2;6;1;1;
83363;202200054204;717 582;A01;2;7;0;2;2;14;1;
83364;202200054205;717 575;B01;3;7;0;2;6;15;1;
83365;202200054205;717 578;A01;3;30;0;2;1;17;1;
83366;202200054207;717 571;B01;2;10;0;2;3;1;1;
83367;202200054207;717 576;A01;1;7;0;2;3;1;1;
83368;202200054208;717 566;A01;1;7;0;2;2;16;1;
83369;202200054208;717 572;B01;1;1;0;2;3;1;5;
83370;202200054209;717 568;A01;1;7;2;0;9;1;1;
83371;202200054210;717 564;B01;3;7;0;2;8;1;1;
83372;202200054210;717 573;A01;3;7;0;2;1;1;1;
83373;202200054212;717 560;A01;1;7;0;2;1;1;1;
83374;202200054212;717 565;B01;1;7;0;2;4;1;1;
83375;202200054213;717 562;B01;1;7;0;2;3;1;1;
83376;202200054213;717 569;A01;1;7;3;0;6;5;1;
83377;202200054214;717 561;C01;2;7;0;2;1;1;1;
83378;202200054214;717 567;B01;2;7;0;2;3;1;1;
83379;202200054214;717 577;A01;1;7;0;2;1;13;1;
83380;202200054215;717 559;A01;3;7;0;1;0;15;1;
83381;202200054216;717 556;A01;1;21;0;2;2;15;1;
83382;202200054216;717 557;B01;2;1;0;2;1;1;5;
83383;202200054217;717 553;A01;2;7;15;0;1;1;1;
83384;202200054218;717 554;A01;1;7;0;1;2;1;3;
83385;202200054219;717 555;A01;1;10;16;0;1;0;1;
83386;202200054220;717 552;A01;3;7;13;0;5;1;1;
83387;202200054221;717 545;A01;1;7;0;2;3;15;1;
83388;202200054221;717 549;B01;0;1;0;2;6;2;5;
83389;202200054222;717 543;A01;1;1;13;0;1;1;5;
83390;202200054223;717 544;A01;1;7;0;1;1;1;1;
83391;202200054225;717 541;A01;3;7;3;0;8;1;1;
83392;202200054226;717 542;A01;-1;7;0;2;2;15;0;
83393;202200054226;717 547;B01;-1;2;0;2;1;1;0;
83394;202200054227;717 539;A01;1;7;15;0;3;14;0;
83395;202200054229;717 537;A01;1;33;6;0;1;1;1;
83396;202200054230;717 536;B01;1;33;0;2;1;1;1;
83397;202200054230;717 540;A01;3;7;0;2;5;1;1;
83398;202200054231;717 534;A01;2;34;0;0;3;1;1;
83399;202200054232;717 531;A01;3;10;0;1;1;0;1;
83400;202200054233;717 529;B01;2;33;0;2;1;1;6;
83401;202200054233;717 535;A01;1;7;0;2;7;15;1;
83402;202200054234;717 532;A01;0;1;16;0;1;1;5;
83403;202200054235;717 528;A01;3;10;0;1;4;26;1;
83404;202200054236;717 526;A01;0;7;0;2;2;15;1;
83405;202200054236;717 533;B01;0;33;0;2;1;1;1;
83406;202200054237;717 525;A01;3;7;2;0;3;1;1;
83407;202200054238;717 524;B01;3;1;0;2;8;19;5;
83408;202200054238;717 530;A01;1;7;0;2;1;1;1;
83409;202200054239;717 519;A01;1;33;0;0;1;1;1;
83410;202200054240;717 521;A01;0;7;0;0;3;1;1;
83411;202200054241;717 517;A01;2;34;0;2;3;13;1;
83412;202200054241;717 522;B01;1;14;0;2;6;1;1;
83413;202200054242;717 516;B01;1;31;0;2;1;1;1;
83414;202200054242;717 523;A01;1;7;0;2;3;9;1;
83415;202200054243;717 520;B01;2;7;0;2;3;13;1;
83416;202200054243;717 527;A01;1;7;0;2;3;0;1;
83417;202200054244;717 513;A01;1;7;6;0;1;16;1;
83418;202200054245;717 511;A01;3;10;0;1;4;20;1;
83419;202200054246;717 510;A01;2;7;0;2;3;13;0;
83420;202200054246;717 515;B01;1;7;0;0;3;9;1;
83421;202200054247;717 507;B01;2;33;0;2;1;17;1;
83422;202200054247;717 512;A01;2;10;0;2;3;13;1;
83423;202200054248;717 508;A01;1;7;0;1;1;1;1;
83424;202200054249;717 509;C01;3;7;0;2;1;2;1;
83425;202200054249;717 514;B01;0;7;0;2;4;23;1;
83426;202200054249;717 518;A01;0;7;0;0;4;23;1;
83427;202200054250;717 506;A01;3;2;7;0;1;1;1;
83428;202200054251;717 504;A01;3;7;8;0;2;15;1;
83429;202200054252;717 500;A01;2;21;0;2;6;11;1;
83430;202200054252;717 505;B01;2;7;0;2;1;17;1;
83431;202200054253;717 494;B01;1;7;0;2;3;1;1;
83432;202200054253;717 501;A01;2;7;0;2;1;13;1;
83433;202200054254;717 496;A01;1;33;3;0;8;17;1;
83434;202200054256;717 498;B01;3;7;0;2;1;2;1;
83435;202200054256;717 502;Z01;3;30;0;2;1;2;0;
83436;202200054257;717 493;A01;1;7;16;0;9;0;1;
83437;202200054258;717 492;A01;3;10;0;2;1;9;1;
83438;202200054258;717 503;B01;3;7;0;2;4;23;1;
83439;202200054259;717 489;B01;1;1;0;2;4;1;5;
83440;202200054259;717 497;A01;1;7;0;2;2;1;1;
83441;202200054260;717 491;A01;2;3;0;0;9;21;1;
83442;202200054261;717 488;A01;1;10;13;0;1;1;1;
83443;202200054262;717 486;A01;3;7;0;2;1;2;1;
83444;202200054262;717 490;B01;3;7;0;2;4;2;1;
83445;202200054263;717 484;A01;0;7;1;0;1;13;1;
83446;202200054264;717 482;A01;3;17;12;0;2;1;1;
83447;202200054265;717 479;A01;3;1;0;2;1;13;5;
83448;202200054265;717 483;B01;3;7;0;2;3;1;1;
83449;202200054267;717 478;A01;1;7;0;2;1;1;1;
83450;202200054267;717 485;B01;1;1;0;2;0;23;5;
83451;202200054268;717 476;B01;1;7;0;2;4;1;1;
83452;202200054268;717 480;A01;1;10;0;2;1;26;1;
83453;202200054269;717 477;A01;2;7;6;0;2;14;1;
83454;202200054270;717 475;A01;1;7;1;0;2;26;1;
83455;202200054271;717 472;A01;2;7;12;0;3;26;1;
83456;202200054272;717 474;A01;1;33;13;0;1;1;1;
83457;202200054273;717 473;A01;2;7;14;0;9;1;1;
83458;202200054274;717 471;A01;1;7;6;0;2;14;3;
83459;202200054275;717 470;A01;2;7;0;0;1;0;1;
83460;202200054276;717 463;A01;1;7;1;0;1;14;1;
83461;202200054277;717 468;A01;3;7;0;1;1;2;1;
83462;202200054278;717 465;A01;1;7;2;0;0;14;1;
83463;202200054279;717 467;A01;1;7;0;1;3;1;1;
83464;202200054281;717 458;A01;1;7;0;2;2;15;1;
83465;202200054281;717 462;B01;1;31;0;2;8;1;1;
83466;202200054282;717 459;A01;2;33;12;0;1;13;1;
83467;202200054282;717 464;B01;1;33;14;2;1;2;1;
83468;202200054283;717 456;A01;1;7;14;0;1;1;1;
83469;202200054285;717 457;A01;1;7;13;0;9;0;1;
83470;202200054287;717 450;B01;1;1;0;2;8;1;5;
83471;202200054287;717 455;A01;1;7;0;2;7;26;1;
83472;202200054288;717 448;A01;2;32;0;2;4;23;1;
83473;202200054288;717 453;B01;2;2;0;2;1;2;1;
83474;202200054289;717 447;A01;1;7;0;1;3;1;1;
83475;202200054290;717 449;A01;1;7;2;0;9;14;1;
83476;202200054291;717 445;A01;1;1;0;0;0;2;5;
83477;202200054292;717 441;A01;1;33;0;2;1;17;1;
83478;202200054292;717 446;B01;1;10;0;2;8;15;1;
83479;202200054293;717 443;B01;1;33;0;2;1;1;1;
83480;202200054293;717 451;A01;2;33;0;2;3;15;1;
83481;202200054294;717 439;A01;2;7;0;1;0;0;0;
83482;202200054295;717 434;A01;2;7;0;1;1;1;3;
83483;202200054296;717 437;B01;2;7;0;2;1;2;2;
83484;202200054296;717 444;A01;2;7;0;2;5;1;1;
83485;202200054297;717 438;B01;3;1;0;2;1;1;5;
83486;202200054297;717 440;A01;3;7;0;2;1;1;1;
83487;202200054299;717 432;A01;3;7;2;0;3;13;1;
83488;202200054300;717 430;B01;1;1;0;2;9;1;5;
83489;202200054300;717 436;A01;3;7;0;2;3;20;1;
83490;202200054301;717 429;A01;3;7;0;2;3;15;1;
83491;202200054301;717 435;B01;3;2;0;2;1;26;1;
83492;202200054302;717 427;B01;2;1;0;2;8;9;5;
83493;202200054302;717 433;A01;2;7;0;2;1;1;1;
83494;202200054303;717 426;A01;0;7;6;0;1;13;1;
83495;202200054304;717 425;A01;1;7;13;0;3;1;1;
83496;202200054305;717 420;A01;1;7;0;2;6;1;1;
83497;202200054305;717 428;B01;1;1;0;2;1;1;5;
83498;202200054306;717 416;B01;1;33;0;2;1;1;1;
83499;202200054306;717 423;A01;1;7;0;2;2;10;1;
83500;202200054307;717 418;B01;2;7;0;2;1;1;1;
83501;202200054307;717 424;A01;2;7;0;2;4;1;1;
83502;202200054308;717 414;A01;2;33;9;0;1;1;1;
83503;202200054310;717 410;B01;3;10;0;2;1;1;1;
83504;202200054310;717 419;A01;3;7;0;2;2;1;1;
83505;202200054311;717 409;A01;2;7;0;2;3;9;1;
83506;202200054311;717 421;B01;1;7;0;2;2;1;1;
83507;202200054312;717 407;A01;1;7;0;2;1;15;1;
83508;202200054312;717 415;B01;2;2;0;2;3;1;1;
83509;202200054313;717 406;B01;1;2;0;2;1;2;1;
83510;202200054313;717 412;A01;1;7;0;0;4;23;1;
83511;202200054314;717 403;A01;1;3;1;0;2;1;1;
83512;202200054315;717 397;A01;2;7;0;0;6;24;1;
83513;202200054315;717 408;B01;2;7;0;0;5;24;1;
83514;202200054315;717 413;C01;2;7;1;0;1;17;1;
83515;202200054317;717 396;A01;0;7;0;2;3;9;1;
83516;202200054317;717 405;B01;0;7;1;2;2;1;1;
83517;202200054318;717 395;B01;1;7;6;2;8;1;1;
83518;202200054318;717 400;A01;2;7;0;2;8;26;1;
83519;202200054319;717 393;A01;1;36;0;0;1;1;1;
83520;202200054320;717 394;A01;-1;7;0;1;4;4;1;
83521;202200054321;717 391;A01;2;7;2;0;1;13;1;
83522;202200054323;717 389;A01;1;7;16;0;9;0;1;
83523;202200054324;717 390;Z01;1;7;0;1;0;1;0;
83524;202200054325;717 384;B01;0;33;0;2;0;0;1;
83525;202200054325;717 387;A01;0;7;0;2;2;15;1;
83526;202200054326;717 381;B01;1;7;0;0;5;2;1;
83527;202200054326;717 386;A01;1;7;0;2;3;2;1;
83528;202200054327;717 385;A01;1;7;0;0;1;1;1;
83529;202200054328;717 375;A01;1;30;1;0;1;1;3;
83530;202200054329;717 374;A01;1;10;0;2;1;1;1;
83531;202200054329;717 379;B01;1;10;0;2;4;2;1;
83532;202200054330;717 372;A01;3;7;0;2;1;1;1;
83533;202200054330;717 377;B01;3;7;0;2;4;1;1;
83534;202200054330;717 382;C01;3;7;0;2;4;2;3;
83535;202200054331;717 373;B01;2;7;0;2;3;1;1;
83536;202200054331;717 378;A01;1;2;0;2;1;13;1;
83537;202200054332;717 369;A01;3;7;0;2;3;16;1;
83538;202200054332;717 380;B01;3;33;0;2;8;1;1;
83539;202200054333;717 365;B01;1;7;0;2;4;1;1;
83540;202200054333;717 371;A01;1;33;0;2;1;3;1;
83541;202200054334;717 368;C01;2;7;0;2;1;2;1;
83542;202200054334;717 376;B01;2;7;0;2;4;2;1;
83543;202200054334;717 388;A01;2;7;0;2;4;2;1;
83544;202200054335;717 364;A01;1;33;0;2;1;13;1;
83545;202200054335;717 370;B01;1;7;0;0;5;15;1;
83546;202200054336;717 362;A01;2;7;0;2;1;15;1;
83547;202200054336;717 366;B01;1;2;0;2;8;1;1;
83548;202200054337;717 361;A01;1;1;0;2;1;1;5;
83549;202200054337;717 367;B01;1;7;0;2;1;1;1;
83550;202200054338;717 360;A01;2;7;0;2;3;15;1;
83551;202200054338;717 363;B01;1;2;0;2;3;1;1;
83552;202200054339;717 359;A01;2;7;0;1;2;26;1;
83553;202200054340;717 355;A01;1;7;0;2;1;1;1;
83554;202200054340;717 358;B01;1;7;0;2;4;1;1;
83555;202200054341;717 352;A01;1;7;0;6;0;0;1;
83556;202200054342;717 348;B01;1;7;0;2;1;1;1;
83557;202200054342;717 356;A01;1;7;0;2;7;9;1;
83558;202200054343;717 347;A01;1;7;9;0;1;2;0;
83559;202200054343;717 350;B01;2;33;0;2;7;1;1;
83560;202200054344;717 345;A01;2;7;2;0;9;1;1;
83561;202200054345;717 342;C01;1;17;0;2;1;1;1;
83562;202200054345;717 346;B01;1;7;4;2;1;1;1;
83563;202200054345;717 353;A01;1;7;4;2;6;9;1;
83564;202200054346;717 341;A01;2;7;0;2;4;1;1;
83565;202200054346;717 349;B01;2;7;0;2;4;2;1;
83566;202200054346;717 354;C01;2;7;0;2;1;2;1;
83567;202200054347;717 340;C01;2;7;0;2;3;1;1;
83568;202200054347;717 351;B01;2;10;0;2;3;1;1;
83569;202200054347;717 357;A01;1;10;0;2;3;1;1;
83570;202200054348;717 338;B01;2;30;0;2;2;5;1;
83571;202200054348;717 344;A01;2;7;0;2;3;13;1;
83572;202200054349;717 337;B01;1;7;0;2;4;2;1;
83573;202200054349;717 339;A01;1;7;0;2;1;2;1;
83574;202200054350;717 333;B01;0;7;0;2;1;1;1;
83575;202200054350;717 343;A01;0;7;0;2;2;1;2;
83576;202200054352;717 330;B01;1;50;0;2;1;1;3;
83577;202200054352;717 336;A01;1;7;0;2;6;9;1;
83578;202200054353;717 326;B01;1;1;0;2;4;2;5;
83579;202200054353;717 331;A01;1;7;0;2;2;2;1;
83580;202200054354;717 324;A01;1;10;2;0;1;13;1;
83581;202200054355;717 321;B01;3;7;0;2;1;1;1;
83582;202200054355;717 327;A01;3;32;0;2;4;1;1;
83583;202200054356;717 318;A01;1;33;0;0;0;2;1;
83584;202200054357;717 319;A01;1;34;0;1;1;1;1;
83585;202200054358;717 317;A01;2;7;0;2;1;2;1;
83586;202200054358;717 328;B01;2;7;0;2;1;1;1;
83587;202200054358;717 332;C01;2;7;0;2;4;2;1;
83588;202200054359;717 315;A01;1;7;0;2;1;2;1;
83589;202200054359;717 323;B01;1;7;0;2;4;2;1;
83590;202200054360;717 312;A01;1;7;0;2;2;1;1;
83591;202200054360;717 316;B01;1;7;0;2;5;14;1;
83592;202200054360;717 322;C01;1;7;0;2;8;1;1;
83593;202200054360;717 329;D01;1;33;0;2;8;3;1;
83594;202200054361;717 311;A01;1;7;0;2;1;1;1;
83595;202200054361;717 320;B01;3;30;0;2;8;1;1;
83596;202200054362;717 308;A01;1;99;0;2;1;1;1;
83597;202200054362;717 314;B01;1;7;0;2;3;1;1;
83598;202200054363;717 307;A01;3;32;0;2;1;3;1;
83599;202200054363;717 313;B01;3;7;0;2;3;16;1;
83600;202200054364;717 304;Z01;2;7;0;2;1;15;1;
83601;202200054364;717 310;A01;2;33;0;2;1;17;1;
83602;202200054365;717 298;A01;2;7;0;2;2;15;1;
83603;202200054365;717 303;B01;1;10;2;2;7;1;1;
83604;202200054366;717 300;B01;2;1;0;2;4;2;5;
83605;202200054366;717 309;A01;2;1;0;2;1;2;5;
83606;202200054368;717 301;B01;2;7;0;2;3;19;1;
83607;202200054368;717 306;A01;2;31;0;2;1;17;1;
83608;202200054369;717 297;A01;2;7;0;0;9;1;1;
83609;202200054370;717 294;A01;2;7;0;2;1;1;1;
83610;202200054370;717 302;B01;2;7;0;2;0;1;1;
83611;202200054371;717 293;A01;1;7;13;0;1;1;1;
83612;202200054372;717 290;B01;0;7;0;2;3;1;1;
83613;202200054372;717 296;A01;3;7;0;2;3;13;1;
83614;202200054373;717 289;A01;3;7;0;2;3;15;1;
83615;202200054373;717 295;B01;3;7;0;2;2;1;1;
83616;202200054374;717 286;B01;1;33;0;2;1;1;1;
83617;202200054374;717 291;A01;1;1;0;0;7;10;5;
83618;202200054375;717 285;A01;2;10;0;2;1;1;1;
83619;202200054375;717 292;B01;2;1;0;2;7;9;5;
83620;202200054376;717 284;A01;1;33;6;0;2;0;1;
83621;202200054377;717 277;A01;0;33;0;0;0;0;1;
83622;202200054378;717 276;A01;1;30;0;1;0;0;1;
83623;202200054379;717 275;A01;3;7;0;2;1;1;1;
83624;202200054379;717 283;B01;3;33;0;2;7;26;1;
83625;202200054380;717 279;B01;0;7;0;2;3;1;1;
83626;202200054380;717 287;A01;0;7;0;2;3;13;1;
83627;202200054381;717 274;A01;1;7;0;2;3;13;1;
83628;202200054381;717 280;B01;2;7;0;2;3;1;1;
83629;202200054382;717 273;A01;3;7;0;2;1;15;1;
83630;202200054382;717 278;B01;2;33;0;2;7;1;1;
83631;202200054383;717 270;B01;2;7;0;2;6;1;1;
83632;202200054383;717 281;A01;1;7;0;2;1;1;1;
83633;202200054384;717 268;A01;2;35;6;0;2;0;1;
83634;202200054385;717 266;A01;2;43;4;0;1;18;1;
83635;202200054386;717 271;B01;2;1;0;2;1;1;5;
83636;202200054386;717 282;C01;2;1;0;2;1;1;5;
83637;202200054386;717 288;A01;2;7;0;0;8;15;1;
83638;202200054387;717 269;A01;2;7;0;2;4;23;1;
83639;202200054387;717 272;B01;2;7;0;2;1;1;1;
83640;202200054388;717 258;A01;3;50;0;0;0;1;3;
83641;202200054389;717 257;A01;2;7;0;2;4;1;1;
83642;202200054389;717 261;B01;1;7;0;2;4;2;1;
83643;202200054389;717 264;C01;1;7;0;2;4;2;1;
83644;202200054389;717 267;D01;1;37;0;2;1;2;6;2.0
83645;202200054391;717 253;A01;3;7;0;1;1;15;1;
83646;202200054392;717 252;A01;2;33;0;2;2;1;1;
83647;202200054392;717 256;B01;1;7;0;2;2;15;1;
83648;202200054393;717 249;A01;1;7;2;0;9;1;1;
83649;202200054394;717 248;A01;3;7;0;2;1;5;1;
83650;202200054394;717 262;B01;3;7;0;2;2;1;1;
83651;202200054395;717 247;A01;1;50;0;1;1;1;3;