;Num_Acc;id_vehicule;num_veh;senc;catv;obs;obsm;choc;manv;motor;occutc
83652;202200054396;717 243;B01;2;7;3;2;2;12;1;
83653;202200054396;717 246;A01;2;7;0;2;4;2;1;
83654;202200054397;717 250;A01;1;7;0;1;1;1;1;
83655;202200054398;717 244;B01;1;2;0;2;1;1;1;
83656;202200054398;717 251;A01;2;7;0;2;7;15;1;
83657;202200054399;717 241;B01;0;30;0;2;2;2;3;
83658;202200054399;717 245;A01;0;7;0;2;3;1;1;
83659;202200054400;717 238;A01;2;7;0;1;3;1;1;
83660;202200054401;717 237;B01;1;13;0;2;3;1;1;
83661;202200054401;717 242;A01;2;7;0;2;1;13;1;
83662;202200054402;717 236;A01;2;7;0;2;1;17;1;
83663;202200054402;717 239;B01;2;7;0;2;4;15;1;
83664;202200054403;717 235;A01;1;33;0;2;1;5;1;
83665;202200054403;717 240;B01;2;7;0;2;1;1;1;
83666;202200054404;717 232;A01;1;10;4;0;1;14;1;
83667;202200054406;717 226;A01;1;7;6;0;2;1;1;
83668;202200054407;717 224;B01;1;7;0;2;1;1;1;
83669;202200054407;717 230;A01;1;1;0;2;8;10;5;
83670;202200054408;717 222;A01;2;7;2;0;3;1;1;
83671;202200054409;717 220;B01;2;7;0;2;7;1;1;
83672;202200054409;717 231;A01;1;10;0;2;1;9;1;
83673;202200054410;717 219;A01;2;7;0;2;1;1;1;
83674;202200054410;717 225;B01;2;7;0;2;4;2;1;
83675;202200054410;717 234;C01;2;7;0;2;4;1;1;
83676;202200054411;717 218;A01;2;7;0;2;1;13;1;
83677;202200054411;717 221;B01;1;7;0;2;1;1;1;
83678;202200054412;717 213;A01;1;33;13;0;9;1;1;
83679;202200054413;717 210;A01;2;7;0;1;2;2;1;
83680;202200054414;717 215;C01;2;7;0;2;6;2;1;
83681;202200054414;717 217;B01;2;10;0;2;4;2;1;
83682;202200054414;717 223;A01;2;7;0;2;1;1;1;
83683;202200054415;717 206;B01;1;33;0;2;1;1;1;
83684;202200054415;717 212;A01;1;7;0;2;1;15;1;
83685;202200054416;717 214;A01;1;7;0;0;1;0;1;
83686;202200054417;717 207;A01;2;7;0;1;5;4;0;
83687;202200054418;717 211;A01;2;7;6;0;2;0;1;
83688;202200054421;717 203;B01;2;1;0;2;7;26;5;
83689;202200054421;717 205;A01;1;7;0;2;3;15;1;
83690;202200054422;717 201;A01;1;7;0;2;8;2;1;
83691;202200054422;717 216;B01;1;30;0;2;1;2;1;
83692;202200054424;717 190;B01;2;7;4;0;4;1;1;
83693;202200054424;717 196;A01;2;7;0;2;1;2;1;
83694;202200054425;717 189;B01;3;7;0;2;2;15;1;
83695;202200054425;717 192;A01;3;7;0;2;1;9;1;
83696;202200054426;717 193;B01;3;7;9;0;8;2;0;
83697;202200054426;717 200;A01;3;30;0;2;8;13;0;
83698;202200054428;717 183;B01;1;10;0;0;0;5;1;
83699;202200054428;717 186;A01;1;7;2;0;8;21;1;
83700;202200054429;717 187;B01;1;7;0;2;2;1;1;
83701;202200054429;717 197;A01;2;2;0;2;1;15;1;
83702;202200054430;717 180;B01;2;7;0;2;7;1;1;
83703;202200054430;717 188;A01;1;7;6;2;2;0;1;
83704;202200054431;717 182;A01;1;7;0;2;3;16;1;
83705;202200054431;717 195;B01;2;7;0;2;2;16;1;
83706;202200054432;717 184;A01;2;7;0;1;2;1;1;
83707;202200054434;717 178;A01;2;33;0;2;7;17;1;
83708;202200054434;717 181;B01;2;7;0;2;3;15;1;
83709;202200054435;717 173;B01;3;30;0;2;4;0;1;
83710;202200054435;717 177;A01;3;10;0;2;1;15;1;
83711;202200054436;717 170;A01;0;7;0;1;3;1;0;
83712;202200054437;717 166;B01;1;7;0;2;6;1;1;
83713;202200054437;717 175;A01;1;7;0;2;1;14;1;
83714;202200054438;717 165;A01;3;7;0;9;6;16;1;
83715;202200054438;717 172;B01;3;1;0;2;3;1;5;
83716;202200054439;717 163;A01;2;33;0;2;8;21;1;
83717;202200054439;717 168;B01;2;99;0;0;0;0;0;
83718;202200054439;717 174;C01;2;7;0;2;8;9;1;
83719;202200054440;717 162;A01;3;21;0;2;8;19;1;
83720;202200054440;717 171;B01;2;33;0;2;1;1;1;
83721;202200054441;717 160;B01;1;17;0;0;0;1;1;
83722;202200054441;717 167;A01;1;7;0;2;1;1;1;
83723;202200054442;717 158;A01;1;7;2;0;1;1;1;
83724;202200054443;717 161;B01;2;7;0;2;1;0;1;
83725;202200054443;717 169;A01;2;7;0;0;4;24;1;
83726;202200054444;717 153;A01;1;7;8;0;0;1;1;
83727;202200054445;717 155;B01;1;7;0;2;3;1;2;
83728;202200054445;717 159;Z01;2;7;0;2;1;17;1;
83729;202200054446;717 156;A01;1;7;0;0;0;0;1;
83730;202200054447;717 154;B01;2;7;0;2;1;1;1;
83731;202200054447;717 164;A01;2;10;0;2;3;15;1;
83732;202200054448;717 152;B01;1;38;0;2;1;1;1;1.0
83733;202200054448;717 157;A01;2;3;0;2;1;1;1;
83734;202200054449;717 149;A01;1;2;0;0;0;1;1;
83735;202200054450;717 144;B01;1;1;0;2;1;1;5;
83736;202200054450;717 150;A01;1;7;0;9;7;1;1;
83737;202200054451;717 142;C01;2;7;0;2;1;2;1;
83738;202200054451;717 147;B01;2;7;0;2;4;2;1;
83739;202200054451;717 151;A01;2;7;0;2;1;2;1;
83740;202200054452;717 139;B01;1;7;6;2;1;17;1;
83741;202200054452;717 146;A01;1;21;0;0;8;15;1;
83742;202200054454;717 138;A01;3;7;0;1;1;1;1;
83743;202200054455;717 137;B01;1;43;0;2;2;2;1;
83744;202200054455;717 145;A01;1;7;0;2;3;26;1;
83745;202200054456;717 136;A01;1;7;2;0;1;1;1;
83746;202200054457;717 135;B01;1;17;0;2;2;12;1;
83747;202200054457;717 141;A01;1;7;0;2;6;1;1;
83748;202200054458;717 132;C01;1;10;0;2;6;2;1;
83749;202200054458;717 134;Z01;1;7;0;2;1;2;1;
83750;202200054458;717 140;B01;1;7;0;2;4;2;1;
83751;202200054459;717 129;A01;0;7;0;1;5;4;1;
83752;202200054460;717 128;A01;2;7;2;0;0;1;1;
83753;202200054461;717 120;C01;1;13;0;2;1;2;1;
83754;202200054461;717 124;B01;1;13;0;1;4;2;1;
83755;202200054461;717 131;A01;1;7;0;2;6;23;1;
83756;202200054462;717 125;A01;2;7;0;2;1;2;1;
83757;202200054462;717 130;B01;2;7;0;2;4;2;2;
83758;202200054463;717 119;B01;2;99;0;9;1;19;6;
83759;202200054463;717 126;A01;2;1;0;5;6;1;5;
83760;202200054464;717 122;B01;1;7;0;2;3;1;1;
83761;202200054464;717 133;A01;1;7;0;2;3;15;1;
83762;202200054465;717 116;B01;1;33;0;2;7;1;1;
83763;202200054465;717 123;A01;1;7;0;2;8;11;1;
83764;202200054467;717 115;A01;2;33;0;2;9;11;1;
83765;202200054467;717 121;B01;2;7;0;2;4;1;1;
83766;202200054468;717 113;B01;1;7;0;2;3;1;2;
83767;202200054468;717 117;A01;1;30;0;2;1;1;1;
83768;202200054469;717 109;B01;1;1;0;0;4;0;5;
83769;202200054469;717 114;A01;2;7;0;2;2;0;1;
83770;202200054470;717 110;A01;2;34;4;0;1;2;1;
83771;202200054471;717 105;B01;3;33;0;2;3;13;1;
83772;202200054471;717 111;A01;3;33;0;2;6;13;1;
83773;202200054472;717 104;A01;2;10;0;2;3;15;1;
83774;202200054472;717 112;B01;1;1;0;2;1;26;5;
83775;202200054473;717 102;A01;2;7;1;0;3;0;1;
83776;202200054474;717 103;A01;1;33;0;2;2;17;1;
83777;202200054474;717 108;B01;1;7;0;2;8;15;1;
83778;202200054475;717 101;B01;1;17;0;2;4;2;1;
83779;202200054475;717 107;A01;1;7;0;2;1;2;1;
83780;202200054476;717 099;A01;3;7;0;1;1;1;1;
83781;202200054478;717 097;A01;1;7;0;1;1;1;1;
83782;202200054479;717 095;A01;3;2;0;0;0;21;1;
83783;202200054480;717 092;A01;3;7;0;1;1;1;1;
83784;202200054481;717 089;A01;3;7;0;1;2;1;1;
83785;202200054483;717 084;C01;2;7;0;2;4;1;1;
83786;202200054483;717 091;B01;2;7;0;2;4;2;1;
83787;202200054483;717 096;A01;2;7;0;2;1;1;1;
83788;202200054484;717 087;A01;2;7;0;2;1;13;1;
83789;202200054484;717 094;B01;1;1;0;2;1;0;5;
83790;202200054485;717 090;B01;0;33;0;2;8;1;1;
83791;202200054485;717 098;A01;0;7;0;2;1;1;1;
83792;202200054486;717 082;A01;1;7;1;0;2;1;1;
83793;202200054486;717 085;B01;2;10;0;1;2;24;1;
83794;202200054487;717 080;A01;2;0;0;1;2;5;0;
83795;202200054488;717 079;A01;2;7;6;0;1;1;1;
83796;202200054489;717 077;A01;3;2;0;1;1;1;1;
83797;202200054490;717 072;A01;0;7;0;1;1;26;1;
83798;202200054491;717 068;B01;1;33;0;2;1;1;1;
83799;202200054491;717 074;A01;2;7;0;2;2;5;1;
83800;202200054492;717 070;A01;1;1;0;2;7;9;5;
83801;202200054492;717 075;B01;2;7;0;2;3;9;0;
83802;202200054493;717 066;C01;2;7;0;2;4;23;1;
83803;202200054493;717 073;B01;2;7;0;2;4;23;1;
83804;202200054493;717 078;A01;2;7;0;2;1;2;1;
83805;202200054494;717 065;A01;1;7;6;0;1;1;1;
83806;202200054496;717 063;C01;2;10;0;2;1;2;1;
83807;202200054496;717 067;B01;2;7;0;2;4;2;1;
83808;202200054496;717 076;A01;1;7;0;0;4;1;1;
83809;202200054497;717 061;A01;1;7;0;2;1;2;1;
83810;202200054497;717 069;B01;1;7;0;2;4;1;1;
83811;202200054499;717 055;A01;2;2;0;0;0;13;1;
83812;202200054500;717 050;A01;1;7;0;2;2;9;0;
83813;202200054500;717 059;B01;1;1;0;0;0;1;5;
83814;202200054501;717 052;A01;2;33;5;0;2;1;1;
83815;202200054502;717 047;A01;2;7;0;1;1;1;1;
83816;202200054503;717 048;B01;2;7;0;2;1;1;1;
83817;202200054503;717 062;A01;1;7;3;2;1;13;1;
83818;202200054504;717 045;A01;1;7;0;2;1;0;1;
83819;202200054504;717 056;B01;1;7;0;2;4;0;1;
83820;202200054504;717 058;C01;1;7;0;0;4;0;1;
83821;202200054505;717 044;A01;2;7;0;2;1;9;1;
83822;202200054505;717 051;B01;2;33;0;2;1;3;1;
83823;202200054506;717 053;A01;3;33;0;2;0;1;1;
83824;202200054507;717 042;C01;3;7;0;2;8;1;1;
83825;202200054507;717 046;B01;3;1;0;0;1;1;5;
83826;202200054507;717 054;A01;3;1;0;0;1;1;5;
83827;202200054508;717 040;D01;1;7;0;2;1;2;1;
83828;202200054508;717 043;C01;1;7;0;2;4;1;1;
83829;202200054508;717 049;B01;1;7;0;2;4;1;2;
83830;202200054508;717 057;A01;1;7;0;2;4;1;1;
83831;202200054509;717 041;A01;1;7;2;0;2;0;6;
83832;202200054510;717 035;A01;2;7;0;0;1;1;1;
83833;202200054511;717 036;A01;1;50;6;0;2;1;3;
83834;202200054512;717 034;A01;1;7;0;1;2;2;1;
83835;202200054513;717 033;B01;1;2;0;0;1;1;1;
83836;202200054513;717 037;A01;1;7;0;0;4;2;1;
83837;202200054514;717 032;A01;2;7;0;2;3;15;1;
83838;202200054514;717 039;B01;2;33;0;2;1;1;1;
83839;202200054515;717 031;A01;1;7;0;2;3;13;1;
83840;202200054515;717 038;B01;1;33;0;2;7;1;1;
83841;202200054516;717 027;A01;2;7;11;0;3;1;1;
83842;202200054517;717 028;A01;2;7;13;0;1;14;1;
83843;202200054518;717 022;A01;1;7;0;2;4;1;1;
83844;202200054518;717 026;B01;1;7;0;2;1;0;1;
83845;202200054518;717 030;C01;1;7;0;2;1;1;1;
83846;202200054519;717 025;A01;1;10;6;0;1;1;1;
83847;202200054520;717 024;A01;1;30;0;2;2;9;1;
83848;202200054520;717 029;B01;1;7;0;2;3;9;1;
83849;202200054521;717 018;A01;2;33;14;0;1;1;1;
83850;202200054522;717 019;A01;1;7;6;0;2;1;1;
83851;202200054524;717 015;A01;1;7;0;2;1;15;1;
83852;202200054524;717 020;B01;1;30;0;2;6;0;1;
83853;202200054525;717 016;B01;2;1;0;2;1;1;5;
83854;202200054525;717 021;A01;1;17;0;2;7;15;1;
83855;202200054526;717 012;A01;1;7;4;0;3;1;1;
83856;202200054527;717 009;A01;1;34;0;2;1;1;1;
83857;202200054527;717 013;B01;1;7;0;2;4;2;1;
83858;202200054528;717 006;A01;2;7;0;0;9;21;1;
83859;202200054530;717 001;A01;0;7;0;0;9;14;1;
83860;202200054531;717 003;B01;2;33;0;2;1;3;1;
83861;202200054531;717 007;A01;2;7;0;2;6;11;1;
83862;202200054532;716 995;A01;1;10;0;2;1;1;1;
83863;202200054532;716 998;B01;2;31;0;2;8;1;1;
83864;202200054532;717 005;C01;2;7;0;2;3;1;1;
83865;202200054532;717 010;D01;2;7;0;2;3;1;1;
83866;202200054535;716 988;B01;3;2;0;2;8;15;1;
83867;202200054535;716 999;A01;1;7;0;2;1;1;1;
83868;202200054536;716 987;A01;2;10;3;0;2;14;1;
83869;202200054537;716 985;A01;1;7;0;2;3;13;1;
83870;202200054537;716 989;B01;2;7;0;2;3;1;1;
83871;202200054538;716 986;B01;1;15;0;0;8;1;1;
83872;202200054538;716 991;A01;1;43;12;2;7;1;1;
83873;202200054539;716 984;C01;0;7;0;2;9;1;-1;
83874;202200054539;716 992;A01;0;7;0;4;2;17;1;
83875;202200054539;717 000;B01;1;39;0;2;7;1;3;
83876;202200054540;716 982;B01;2;10;0;2;6;15;1;
83877;202200054540;716 990;A01;1;2;0;2;1;1;1;
83878;202200054541;716 983;A01;2;7;1;1;2;1;1;
83879;202200054542;716 976;A01;2;7;0;2;1;2;1;
83880;202200054542;716 980;B01;2;7;0;2;4;2;1;
83881;202200054543;716 974;A01;1;7;13;0;1;1;1;
83882;202200054544;716 972;A01;0;36;0;9;1;0;1;
83883;202200054545;716 970;B01;1;7;0;2;4;2;2;
83884;202200054545;716 978;A01;1;7;0;2;1;2;1;
83885;202200054546;716 977;B01;1;7;0;2;1;15;2;
83886;202200054546;716 981;A01;2;34;0;2;1;1;1;
83887;202200054547;716 968;A01;1;33;0;0;5;1;1;
83888;202200054548;716 971;A01;1;7;0;2;1;1;1;
83889;202200054548;716 975;B01;1;7;0;2;4;1;1;
83890;202200054549;716 965;A01;3;7;0;2;2;2;1;
83891;202200054549;716 969;B01;3;1;0;2;1;19;5;
83892;202200054550;716 964;B01;2;10;3;0;9;18;1;
83893;202200054550;716 973;A01;2;10;0;0;7;14;1;
83894;202200054551;716 962;A01;2;33;10;0;8;1;1;
83895;202200054553;716 958;B01;1;7;0;2;4;2;1;
83896;202200054553;716 966;A01;1;7;0;2;1;2;1;
83897;202200054554;716 953;A01;1;7;0;0;9;1;1;
83898;202200054555;716 956;A01;1;7;0;2;3;1;1;
83899;202200054555;716 960;B01;1;7;0;2;5;2;1;
83900;202200054556;716 951;B01;2;33;0;2;2;17;1;
83901;202200054556;716 961;A01;2;7;0;2;3;15;1;
83902;202200054557;716 949;A01;3;7;0;2;0;1;1;
83903;202200054557;716 957;B01;3;2;0;2;1;1;1;
83904;202200054558;716 947;A01;2;33;0;2;8;2;1;
83905;202200054558;716 954;B01;2;33;1;0;0;0;1;
83906;202200054559;716 948;B01;1;1;0;2;8;1;5;
83907;202200054559;716 955;A01;1;7;0;9;2;1;1;
83908;202200054561;716 946;A01;1;7;2;0;8;14;1;
83909;202200054562;716 944;A01;1;2;0;2;9;9;1;
83910;202200054562;716 952;B01;1;7;0;2;3;9;1;
83911;202200054563;716 940;A01;2;7;0;2;3;15;1;
83912;202200054563;716 945;B01;1;60;0;2;8;1;5;
83913;202200054564;716 941;B01;1;7;0;2;1;1;1;
83914;202200054564;716 943;A01;2;7;11;2;1;2;1;
83915;202200054565;716 936;A01;2;7;0;2;1;1;1;
83916;202200054565;716 942;B01;2;7;0;2;4;1;1;
83917;202200054566;716 935;A01;0;7;0;2;1;15;1;
83918;202200054566;716 937;B01;0;2;0;2;1;1;1;
83919;202200054567;716 934;A01;1;7;0;2;1;2;1;
83920;202200054567;716 939;B01;1;7;0;2;4;2;3;
83921;202200054568;716 929;A01;1;7;0;0;3;2;0;
83922;202200054569;716 933;A01;1;7;0;2;8;9;1;
83923;202200054569;716 938;B01;1;80;0;2;1;1;0;
83924;202200054570;716 928;A01;1;32;0;2;8;17;1;
83925;202200054570;716 931;B01;1;7;0;2;5;1;1;
83926;202200054571;716 921;B01;2;7;0;2;1;1;1;
83927;202200054571;716 923;A01;1;7;0;2;1;11;1;
83928;202200054573;716 917;A01;1;7;0;2;1;2;1;
83929;202200054573;716 927;B01;2;7;0;2;2;15;1;
83930;202200054574;716 919;B01;1;33;0;2;1;17;1;
83931;202200054574;716 925;A01;1;7;0;0;6;17;1;
83932;202200054575;716 914;A01;1;7;0;1;1;1;0;
83933;202200054576;716 908;A01;1;7;0;2;1;2;1;
83934;202200054576;716 915;B01;1;7;0;2;4;2;1;
83935;202200054576;716 922;C01;1;7;0;2;0;2;1;
83936;202200054579;716 910;D01;1;7;0;2;1;1;1;
83937;202200054579;716 918;C01;2;7;0;2;7;1;1;
83938;202200054579;716 924;B01;2;7;16;2;3;1;1;
83939;202200054579;716 932;A01;2;7;2;2;9;17;2;
83940;202200054580;716 904;B01;1;7;0;2;1;1;1;
83941;202200054580;716 911;A01;1;7;0;2;4;26;1;
83942;202200054581;716 901;A01;2;7;1;1;1;1;1;
83943;202200054582;716 900;A01;1;7;0;1;2;1;1;
83944;202200054583;716 899;B01;2;7;0;2;8;11;1;
83945;202200054583;716 902;A01;2;32;12;2;7;1;1;
83946;202200054584;716 894;A01;1;7;6;0;1;13;1;
83947;202200054585;716 897;B01;1;1;0;2;4;1;5;
83948;202200054585;716 905;A01;1;7;0;2;3;19;1;
83949;202200054586;716 891;B01;2;33;0;2;2;17;1;
83950;202200054586;716 896;A01;2;7;0;2;6;11;1;
83951;202200054587;716 892;A01;1;7;2;1;1;13;1;
83952;202200054588;716 890;B01;1;7;0;2;4;2;1;
83953;202200054588;716 898;A01;1;7;0;2;1;2;1;
83954;202200054589;716 889;A01;2;7;0;2;8;1;1;
83955;202200054589;716 893;B01;2;1;0;2;7;1;5;
83956;202200054590;716 888;A01;2;10;0;1;1;26;3;
83957;202200054592;716 883;A01;2;7;0;2;3;12;1;
83958;202200054592;716 887;B01;2;7;0;2;5;23;1;
83959;202200054593;716 877;A01;2;7;3;0;3;1;1;
83960;202200054594;716 880;A01;2;34;0;0;7;1;1;
83961;202200054595;716 876;B01;2;10;0;2;3;1;1;
83962;202200054595;716 884;A01;1;7;0;2;3;1;1;
83963;202200054596;716 882;A01;1;10;0;9;2;1;1;
83964;202200054596;716 886;B01;2;1;0;2;1;1;5;
83965;202200054597;716 875;B01;3;7;0;2;1;1;1;
83966;202200054597;716 879;A01;3;2;0;2;1;1;1;
83967;202200054598;716 874;A01;3;7;0;1;2;16;1;
83968;202200054599;716 872;B01;2;7;0;2;5;1;1;
83969;202200054599;716 881;A01;1;7;0;2;1;9;1;
83970;202200054600;716 868;B01;3;7;0;2;7;19;1;
83971;202200054600;716 878;A01;2;7;0;2;1;1;1;
83972;202200054601;716 866;A01;2;7;0;2;3;15;1;
83973;202200054601;716 871;B01;1;33;0;2;1;1;1;
83974;202200054602;716 864;B01;2;14;0;2;2;12;1;
83975;202200054602;716 865;A01;2;7;0;2;6;1;1;
83976;202200054603;716 863;A01;2;2;0;2;1;13;1;
83977;202200054603;716 867;B01;1;7;0;2;3;1;1;
83978;202200054604;716 861;Z01;1;17;0;2;0;0;0;
83979;202200054604;716 869;A01;1;33;0;2;7;1;1;
83980;202200054605;716 862;A01;2;33;0;0;0;21;1;
83981;202200054605;716 873;B01;1;7;0;0;0;13;0;
83982;202200054606;716 860;A01;3;7;1;2;8;22;1;
83983;202200054606;716 870;B01;3;1;0;2;1;1;5;
83984;202200054607;716 857;A01;3;36;2;0;9;1;1;
83985;202200054609;716 855;B01;1;7;0;2;3;1;1;
83986;202200054609;716 859;A01;2;7;0;2;3;13;1;
83987;202200054610;716 849;B01;3;7;0;2;4;2;1;
83988;202200054610;716 854;A01;3;7;0;2;1;1;2;
83989;202200054611;716 850;A01;2;7;7;0;0;0;1;
83990;202200054612;716 843;A01;1;7;0;2;1;2;1;
83991;202200054612;716 845;B01;1;14;0;0;4;2;1;
83992;202200054613;716 844;A01;3;7;0;2;3;15;2;
83993;202200054613;716 848;B01;3;33;0;2;2;17;0;
83994;202200054614;716 852;A01;2;7;0;2;4;1;1;
83995;202200054614;716 858;B01;2;7;0;2;1;0;1;
83996;202200054615;716 842;B01;2;7;0;0;3;24;1;
83997;202200054615;716 847;A01;2;7;1;0;2;1;1;
83998;202200054616;716 841;B01;2;7;0;9;1;1;1;
83999;202200054616;716 846;A01;1;7;0;1;1;1;1;
84000;202200054618;716 840;A01;1;7;0;1;1;1;1;
84001;202200054619;716 837;A01;1;1;0;2;7;17;5;
84002;202200054619;716 851;B01;1;80;0;2;8;2;3;
84003;202200054621;716 830;A01;1;7;14;0;1;5;1;
84004;202200054622;716 828;A01;1;7;0;2;4;23;1;
84005;202200054622;716 834;B01;1;7;0;2;1;1;1;
84006;202200054623;716 827;A01;1;1;0;1;1;1;5;
84007;202200054624;716 825;C01;1;1;0;2;1;1;5;
84008;202200054624;716 831;B01;2;7;0;2;3;1;1;
84009;202200054624;716 835;A01;1;7;0;2;8;17;1;
84010;202200054625;716 826;A01;1;31;0;2;7;12;1;
84011;202200054627;716 824;A01;1;10;0;2;1;15;1;
84012;202200054627;716 838;B01;2;7;0;2;1;1;1;
84013;202200054628;716 821;A01;0;37;0;1;2;9;1;1.0
84014;202200054629;716 822;B01;3;7;0;2;1;1;1;
84015;202200054629;716 829;A01;3;33;0;2;1;13;1;
84016;202200054630;716 820;B01;2;7;0;2;1;1;1;
84017;202200054630;716 832;A01;1;7;0;2;3;13;1;
84018;202200054631;716 815;A01;3;7;0;1;3;1;1;
84019;202200054634;716 810;A01;1;7;3;0;2;14;1;
84020;202200054635;716 812;A01;3;7;15;1;1;16;1;
84021;202200054636;716 809;A01;1;33;0;0;0;1;1;
84022;202200054637;716 808;B01;1;50;0;2;1;1;3;
84023;202200054637;716 816;A01;2;7;0;2;2;9;1;
84024;202200054638;716 807;A01;3;7;0;2;1;1;1;
84025;202200054638;716 817;B01;3;7;0;2;3;15;1;
84026;202200054639;716 804;A01;1;30;0;2;1;1;1;
84027;202200054639;716 811;B01;1;7;0;2;6;1;1;
84028;202200054640;716 802;B01;1;33;0;2;3;3;1;
84029;202200054640;716 806;A01;1;7;0;2;7;14;0;
84030;202200054641;716 800;A01;3;7;0;1;3;1;1;
84031;202200054642;716 801;A01;0;50;0;0;0;0;3;
84032;202200054643;716 798;A01;2;10;0;1;8;15;1;
84033;202200054644;716 799;A01;1;7;13;0;2;1;1;
84034;202200054645;716 796;A01;3;1;0;1;1;2;5;
84035;202200054646;716 791;B01;3;80;0;2;7;1;3;
84036;202200054646;716 797;A01;1;10;0;2;3;9;1;
84037;202200054647;716 790;A01;1;3;0;1;9;1;1;
84038;202200054648;716 788;B01;2;33;0;2;8;3;1;
84039;202200054648;716 792;A01;2;7;0;2;5;1;1;
84040;202200054649;716 786;A01;1;7;0;1;1;17;1;
84041;202200054650;716 785;A01;2;30;0;2;1;0;1;
84042;202200054650;716 793;B01;1;7;0;2;3;0;1;
84043;202200054652;716 780;A01;0;7;13;0;1;26;1;
84044;202200054653;716 779;A01;3;7;12;0;0;13;1;
84045;202200054654;716 770;A01;1;7;0;2;3;9;1;
84046;202200054654;716 775;B01;1;2;0;2;1;1;1;
84047;202200054655;716 776;B01;1;2;0;2;1;17;1;
84048;202200054655;716 781;A01;1;2;0;2;8;15;1;
84049;202200054656;716 769;A01;1;7;0;0;8;0;0;
84050;202200054656;716 774;B01;1;2;12;0;4;0;0;
84051;202200054657;716 766;C01;2;7;0;2;3;2;1;
84052;202200054657;716 771;B01;2;33;0;2;3;3;1;
84053;202200054657;716 777;A01;2;13;0;2;5;12;0;
84054;202200054659;716 762;A01;1;7;0;2;3;17;1;
84055;202200054659;716 767;B01;2;7;0;2;3;1;1;
84056;202200054660;716 760;A01;1;7;4;2;1;2;1;
84057;202200054660;716 772;B01;1;7;0;2;4;2;1;
84058;202200054660;716 778;C01;1;7;0;2;9;2;1;
84059;202200054660;716 782;D01;1;7;0;2;6;2;1;
84060;202200054660;716 789;E01;1;7;0;2;6;2;1;
84061;202200054661;716 758;B01;3;7;14;0;4;0;2;
84062;202200054661;716 763;A01;3;32;0;2;1;26;1;
84063;202200054662;716 759;A01;3;34;0;2;1;17;1;
84064;202200054662;716 764;B01;3;7;0;2;3;15;1;
84065;202200054663;716 757;A01;2;7;1;0;1;17;1;
84066;202200054664;716 761;A01;0;50;12;0;0;0;3;
84067;202200054665;716 754;A01;2;7;0;2;3;1;1;
84068;202200054665;716 768;B01;1;7;0;2;3;13;2;
84069;202200054666;716 752;B01;1;7;0;2;2;1;1;
84070;202200054666;716 755;A01;1;32;0;2;8;21;1;
84071;202200054667;716 753;A01;2;7;2;0;9;0;1;
84072;202200054668;716 751;A01;0;10;0;1;1;15;1;
84073;202200054669;716 750;B01;1;1;0;2;1;13;5;
84074;202200054669;716 756;A01;1;7;0;2;8;1;1;
84075;202200054670;716 741;B01;2;31;0;2;1;1;1;
84076;202200054670;716 748;A01;1;7;0;2;7;15;1;
84077;202200054671;716 738;B01;1;7;0;9;2;17;1;
84078;202200054671;716 746;A01;1;1;0;2;1;26;5;
84079;202200054672;716 740;B01;2;1;0;2;4;2;5;
84080;202200054672;716 747;A01;2;7;0;2;2;2;1;
84081;202200054673;716 743;A01;1;7;8;0;3;0;1;
84082;202200054674;716 734;A01;2;7;0;2;1;2;1;
84083;202200054674;716 745;B01;1;7;0;2;4;2;1;
84084;202200054675;716 732;A01;2;10;0;2;7;5;1;
84085;202200054675;716 739;B01;1;7;0;2;1;1;1;
84086;202200054676;716 736;A01;2;7;0;2;1;2;1;
84087;202200054676;716 744;B01;2;10;0;2;4;2;1;
84088;202200054676;716 749;C01;2;7;0;2;4;2;1;
84089;202200054677;716 733;A01;1;7;0;1;4;4;1;
84090;202200054678;716 728;C01;1;7;4;0;4;1;1;
84091;202200054678;716 735;B01;1;7;4;2;4;1;1;
84092;202200054678;716 742;A01;1;7;4;2;2;1;1;
84093;202200054679;716 726;A01;3;7;0;1;1;1;1;
84094;202200054681;716 725;B01;1;7;0;0;8;1;1;
84095;202200054681;716 737;A01;2;7;0;2;2;1;1;
84096;202200054682;716 722;B01;1;33;0;2;3;1;1;
84097;202200054682;716 729;A01;1;7;17;2;3;1;1;
84098;202200054683;716 723;B01;1;7;0;2;2;1;1;
84099;202200054683;716 730;A01;3;80;0;2;8;15;3;
84100;202200054685;716 724;A01;2;7;0;0;0;17;1;
84101;202200054686;716 716;B01;2;7;0;0;1;1;1;
84102;202200054686;716 721;A01;1;33;0;2;2;1;1;
84103;202200054687;716 714;A01;3;7;8;0;1;1;1;
84104;202200054688;716 718;A01;1;7;0;2;2;15;1;
84105;202200054688;716 720;B01;2;1;0;2;1;1;5;
84106;202200054689;716 713;A01;1;2;12;0;1;14;1;
84107;202200054690;716 715;A01;1;7;8;0;3;1;6;
84108;202200054691;716 708;A01;1;1;0;0;0;1;5;
84109;202200054692;716 712;A01;2;80;0;2;1;2;3;
84110;202200054692;716 717;B01;3;7;0;9;4;2;1;
84111;202200054693;716 707;A01;2;33;0;2;1;3;1;
84112;202200054693;716 710;B01;2;7;0;2;2;12;3;
84113;202200054694;716 706;A01;1;7;1;0;1;14;1;