;Num_Acc;id_vehicule;num_veh;senc;catv;obs;obsm;choc;manv;motor;occutc
84114;202200054695;716 704;A01;2;7;0;2;3;15;3;
84115;202200054695;716 711;B01;1;1;0;2;1;1;5;
84116;202200054696;716 701;A01;1;10;0;2;3;17;1;
84117;202200054696;716 705;B01;2;33;0;2;3;1;1;
84118;202200054698;716 695;B01;1;1;0;2;9;17;5;
84119;202200054698;716 699;A01;1;7;0;2;3;13;1;
84120;202200054699;716 698;A01;1;7;0;2;2;1;1;
84121;202200054699;716 709;B01;2;7;0;2;3;1;1;
84122;202200054700;716 691;A01;2;7;8;0;3;1;1;
84123;202200054701;716 690;A01;2;7;0;2;3;11;1;
84124;202200054701;716 697;B01;2;33;0;2;7;1;1;
84125;202200054702;716 694;B01;2;7;0;0;5;2;1;
84126;202200054702;716 702;A01;2;7;0;2;1;1;1;
84127;202200054703;716 688;B01;1;7;0;2;4;23;1;
84128;202200054703;716 692;A01;1;7;0;2;1;1;1;
84129;202200054704;716 686;B01;2;7;0;2;8;21;1;
84130;202200054704;716 689;C01;2;7;0;2;3;1;1;
84131;202200054704;716 696;A01;1;7;0;2;3;13;1;
84132;202200054705;716 682;A01;2;7;0;1;1;1;1;
84133;202200054706;716 683;B01;2;7;0;2;1;2;1;
84134;202200054706;716 687;A01;2;7;0;2;4;23;1;
84135;202200054707;716 680;Z01;1;7;0;2;1;1;0;
84136;202200054707;716 685;B01;1;7;0;2;4;1;0;
84137;202200054707;716 693;A01;1;7;0;2;6;1;0;
84138;202200054708;716 679;A01;3;10;8;0;1;0;1;
84139;202200054709;716 678;A01;1;7;0;2;2;1;1;
84140;202200054709;716 684;B01;2;7;0;2;1;1;1;
84141;202200054710;716 677;B01;2;33;0;2;0;3;1;
84142;202200054710;716 681;A01;2;10;0;2;0;0;0;
84143;202200054711;716 676;A01;1;7;13;0;2;21;1;
84144;202200054712;716 674;A01;1;10;0;1;2;1;1;
84145;202200054713;716 670;A01;1;7;0;2;3;15;1;
84146;202200054713;716 675;B01;1;30;0;2;8;1;1;
84147;202200054714;716 667;B01;1;7;0;2;2;15;1;
84148;202200054714;716 671;A01;2;30;0;2;8;10;3;
84149;202200054715;716 668;B01;3;1;0;2;1;1;5;
84150;202200054715;716 672;A01;3;7;0;0;2;15;1;
84151;202200054716;716 664;A01;1;7;0;2;8;9;1;
84152;202200054716;716 673;B01;1;80;0;2;7;1;3;
84153;202200054718;716 662;A01;2;30;0;1;1;1;1;
84154;202200054719;716 657;A01;3;3;1;1;1;20;1;
84155;202200054720;716 655;A01;1;7;0;9;2;19;1;
84156;202200054720;716 660;B01;3;1;0;2;1;19;5;
84157;202200054721;716 653;A01;3;7;0;2;6;9;1;
84158;202200054721;716 658;B01;2;1;0;2;1;1;5;
84159;202200054722;716 652;A01;3;10;0;9;3;15;1;
84160;202200054722;716 654;B01;3;1;0;2;2;17;5;
84161;202200054723;716 650;A01;1;7;15;0;1;1;1;
84162;202200054724;716 646;A01;3;10;0;1;4;20;1;
84163;202200054725;716 640;A01;2;7;0;9;2;2;1;
84164;202200054725;716 644;B01;2;1;0;2;4;2;5;
84165;202200054726;716 639;B01;2;15;0;2;3;1;1;
84166;202200054726;716 643;A01;1;7;0;2;3;13;1;
84167;202200054727;716 636;A01;1;33;0;0;8;1;1;
84168;202200054728;716 637;B01;1;1;0;2;7;13;5;
84169;202200054728;716 642;A01;2;7;0;9;2;1;1;
84170;202200054729;716 661;B01;1;32;0;2;7;3;1;
84171;202200054729;716 665;A01;1;7;0;2;6;11;1;
84172;202200054731;716 628;A01;2;7;4;0;3;2;1;
84173;202200054731;716 635;B01;2;30;4;0;4;1;1;
84174;202200054732;716 625;A01;0;7;0;2;5;15;1;
84175;202200054732;716 632;B01;0;7;0;2;3;0;1;
84176;202200054733;716 624;A01;3;7;0;2;3;10;1;
84177;202200054733;716 630;B01;3;31;0;2;1;1;1;
84178;202200054734;716 626;B01;0;7;0;0;8;15;1;
84179;202200054734;716 631;A01;0;33;0;0;0;2;1;
84180;202200054735;716 620;B01;1;1;0;2;1;1;0;
84181;202200054735;716 627;A01;1;7;0;2;2;16;1;
84182;202200054737;716 623;B01;3;7;0;2;1;15;1;
84183;202200054737;716 629;A01;3;2;0;2;7;1;1;
84184;202200054738;716 613;A01;1;7;4;0;1;0;1;
84185;202200054739;716 614;A01;2;7;0;2;4;2;1;
84186;202200054739;716 622;B01;2;10;0;2;1;2;0;
84187;202200054740;716 608;B01;1;7;0;0;3;1;0;
84188;202200054740;716 618;A01;2;7;0;0;3;13;1;
84189;202200054741;716 607;B01;1;14;14;2;1;23;1;
84190;202200054741;716 615;A01;1;7;14;0;4;23;1;
84191;202200054743;716 604;B01;2;1;0;2;7;1;5;
84192;202200054743;716 610;A01;2;7;0;2;1;9;1;
84193;202200054744;716 603;A01;3;7;0;9;1;1;1;
84194;202200054744;716 606;B01;3;1;0;2;2;1;5;
84195;202200054745;716 601;A01;1;33;2;0;1;1;1;
84196;202200054746;716 599;B01;3;34;0;2;3;18;6;
84197;202200054746;716 602;A01;3;7;0;2;5;16;6;
84198;202200054747;716 600;A01;3;7;0;1;1;9;1;
84199;202200054748;716 598;A01;3;33;0;1;1;1;1;
84200;202200054749;716 596;A01;1;37;0;1;3;15;1;1.0
84201;202200054750;716 589;A01;2;7;0;2;1;2;1;
84202;202200054750;716 594;B01;2;7;0;2;4;2;1;
84203;202200054751;716 588;B01;1;7;0;2;2;1;1;
84204;202200054751;716 592;A01;2;33;0;2;2;13;1;
84205;202200054752;716 587;A01;3;7;0;1;1;2;1;
84206;202200054753;716 585;C01;2;7;0;2;8;1;1;
84207;202200054753;716 591;B01;2;7;0;2;5;1;1;
84208;202200054753;716 595;A01;2;7;0;2;1;14;1;
84209;202200054754;716 582;A01;1;7;4;0;1;1;1;
84210;202200054755;716 580;A01;2;33;0;2;1;5;1;
84211;202200054755;716 586;B01;1;7;0;2;3;1;1;
84212;202200054756;716 579;A01;1;10;8;2;1;2;0;
84213;202200054756;716 584;B01;1;7;8;0;4;2;1;
84214;202200054756;716 590;C01;1;7;8;2;4;0;0;
84215;202200054758;716 572;Z01;2;7;0;2;4;2;0;
84216;202200054758;716 577;A01;2;7;0;2;1;2;1;
84217;202200054759;716 570;A01;1;1;0;2;5;9;5;
84218;202200054759;716 575;B01;1;7;0;2;0;9;1;
84219;202200054761;716 568;A01;2;7;0;2;2;5;1;
84220;202200054761;716 571;B01;1;32;0;2;1;1;1;
84221;202200054762;716 563;A01;3;7;0;1;3;15;1;
84222;202200054763;716 565;B01;3;7;0;2;5;2;1;
84223;202200054763;716 576;A01;3;7;0;2;1;10;1;
84224;202200054764;716 562;C01;1;7;0;2;4;2;1;
84225;202200054764;716 564;B01;1;7;0;2;4;2;1;
84226;202200054764;716 573;A01;1;7;0;2;1;2;1;
84227;202200054765;716 559;A01;1;7;4;0;2;21;1;
84228;202200054766;716 556;A01;1;33;0;2;1;17;1;
84229;202200054766;716 560;B01;1;7;0;2;3;1;1;
84230;202200054767;716 554;Z01;3;7;0;1;0;1;0;
84231;202200054768;716 553;B01;1;37;0;2;7;0;1;2.0
84232;202200054768;716 558;A01;1;10;0;2;4;20;1;
84233;202200054769;716 550;A01;3;7;0;2;2;16;1;
84234;202200054769;716 557;D01;3;1;0;2;7;19;5;
84235;202200054770;716 545;A01;2;7;0;2;6;1;1;
84236;202200054770;716 551;B01;2;7;0;2;2;12;1;
84237;202200054771;716 543;B01;2;7;0;2;6;11;1;
84238;202200054771;716 549;A01;2;33;0;2;1;3;1;
84239;202200054772;716 542;B01;2;7;0;2;4;2;1;
84240;202200054772;716 546;A01;2;50;0;2;1;2;3;
84241;202200054773;716 540;A01;2;43;0;2;1;1;1;
84242;202200054773;716 544;B01;3;7;0;2;2;1;1;
84243;202200054774;716 539;A01;-1;37;0;1;3;15;1;1.0
84244;202200054775;716 537;A01;2;7;0;9;8;0;1;
84245;202200054775;716 541;B01;2;1;0;2;0;0;5;
84246;202200054776;716 535;A01;2;7;13;0;9;1;1;
84247;202200054777;716 534;D01;1;7;0;2;4;2;1;
84248;202200054777;716 538;C01;1;7;0;2;4;2;1;
84249;202200054777;716 547;B01;1;7;0;2;4;2;1;
84250;202200054777;716 552;A01;1;7;0;2;1;2;2;
84251;202200054778;716 533;B01;2;32;0;2;1;11;1;
84252;202200054778;716 536;A01;2;7;0;2;5;1;1;
84253;202200054780;716 530;A01;1;7;0;1;1;9;1;
84254;202200054784;716 521;B01;1;7;0;2;4;2;1;
84255;202200054784;716 526;A01;1;7;0;2;1;2;1;
84256;202200054785;716 520;B01;2;10;0;2;4;1;1;
84257;202200054785;716 524;A01;2;7;0;2;1;1;1;
84258;202200054786;716 518;A01;1;7;6;0;1;1;1;
84259;202200054787;716 519;B01;2;7;0;2;3;15;1;
84260;202200054787;716 522;A01;1;30;0;2;6;1;1;
84261;202200054788;716 515;B01;1;7;0;2;2;1;2;
84262;202200054788;716 525;A01;2;10;0;2;3;19;1;
84263;202200054789;716 513;A01;1;7;0;2;4;2;1;
84264;202200054789;716 523;B01;1;7;0;2;4;2;1;
84265;202200054789;716 527;C01;1;7;0;2;1;2;1;
84266;202200054790;716 512;A01;1;7;4;0;1;14;1;
84267;202200054791;716 510;A01;1;7;0;2;7;17;1;
84268;202200054791;716 516;B01;1;1;0;2;8;1;5;
84269;202200054792;716 511;A01;2;2;0;2;7;15;1;
84270;202200054792;716 517;B01;1;7;6;2;1;1;1;
84271;202200054794;716 507;A01;2;7;0;0;1;15;1;
84272;202200054795;716 503;A01;0;7;4;0;1;14;1;
84273;202200054796;716 501;B01;2;7;0;2;4;2;1;
84274;202200054796;716 506;A01;2;33;0;2;1;2;1;
84275;202200054798;716 500;A01;2;7;2;0;6;1;1;
84276;202200054799;716 497;A01;2;33;0;1;1;1;1;
84277;202200054800;716 496;A01;1;34;0;2;1;3;1;
84278;202200054800;716 502;B01;1;7;0;2;5;1;1;
84279;202200054800;716 509;C01;1;10;0;2;3;1;1;
84280;202200054801;716 492;B01;3;14;0;2;1;1;1;
84281;202200054801;716 495;A01;3;7;0;2;1;15;1;
84282;202200054802;716 490;A01;3;7;6;0;1;20;1;
84283;202200054803;716 487;A01;1;33;0;2;1;1;1;
84284;202200054803;716 494;B01;2;10;0;2;2;15;1;
84285;202200054804;716 488;A01;1;7;3;0;2;18;1;
84286;202200054805;716 486;B01;3;1;0;2;6;1;5;
84287;202200054805;716 493;A01;3;10;0;9;3;9;1;
84288;202200054806;716 484;A01;1;7;6;0;7;2;1;
84289;202200054808;716 482;B01;3;1;0;2;8;15;5;
84290;202200054808;716 489;A01;3;14;0;2;7;1;1;
84291;202200054809;716 479;B01;2;15;0;2;5;11;1;
84292;202200054809;716 483;A01;2;33;0;2;1;3;1;
84293;202200054811;716 475;A01;1;33;16;0;2;21;1;
84294;202200054812;716 472;A01;0;7;0;1;2;1;1;
84295;202200054813;716 470;B01;1;10;0;2;1;2;1;
84296;202200054813;716 476;A01;1;7;0;2;4;1;1;
84297;202200054814;716 469;A01;1;7;0;2;1;11;1;
84298;202200054814;716 474;B01;1;7;0;2;4;23;1;
84299;202200054815;716 468;A01;2;7;0;0;1;1;1;
84300;202200054816;716 467;B01;2;7;0;2;1;1;1;
84301;202200054816;716 471;A01;2;7;0;2;4;2;1;
84302;202200054817;716 466;B01;1;1;0;2;1;1;0;
84303;202200054817;716 473;A01;1;7;0;2;1;17;1;
84304;202200054818;716 463;A01;2;7;9;9;1;26;1;
84305;202200054819;716 459;A01;2;38;12;1;1;19;1;1.0
84306;202200054820;716 461;B01;1;7;0;2;4;2;1;
84307;202200054820;716 465;A01;1;7;0;2;1;2;1;
84308;202200054821;716 457;A01;2;7;0;2;2;15;1;
84309;202200054821;716 462;B01;1;32;0;2;3;1;1;
84310;202200054822;716 452;C01;3;7;0;2;4;2;2;
84311;202200054822;716 460;B01;3;7;0;2;4;2;1;
84312;202200054822;716 464;A01;3;13;0;2;1;2;1;
84313;202200054823;716 453;A01;3;30;12;0;1;21;1;
84314;202200054824;716 451;B01;2;7;0;2;1;2;1;
84315;202200054824;716 458;A01;2;7;0;2;4;2;1;
84316;202200054825;716 450;A01;1;7;0;2;1;5;1;
84317;202200054825;716 456;B01;2;33;0;2;1;21;1;
84318;202200054826;716 448;A01;1;2;0;2;1;1;1;
84319;202200054826;716 455;B01;2;7;0;2;3;15;1;
84320;202200054827;716 446;A01;1;36;16;0;3;13;1;
84321;202200054828;716 442;A01;3;7;0;2;2;15;1;
84322;202200054828;716 449;B01;3;7;4;2;3;1;1;
84323;202200054829;716 443;B01;2;7;0;2;4;2;1;
84324;202200054829;716 447;A01;2;7;0;2;1;2;1;
84325;202200054829;716 454;C01;2;7;0;2;4;2;0;
84326;202200054830;716 439;A01;2;7;0;2;1;1;1;
84327;202200054830;716 445;B01;2;7;0;2;4;2;1;
84328;202200054831;716 437;A01;2;33;14;0;1;9;1;
84329;202200054832;716 435;A01;0;33;0;9;0;21;1;
84330;202200054833;716 436;B01;1;7;13;2;1;1;1;
84331;202200054833;716 441;A01;2;10;13;2;7;13;1;
84332;202200054834;716 434;A01;3;32;0;2;1;1;1;
84333;202200054834;716 440;B01;3;7;0;2;6;15;1;
84334;202200054836;716 430;A01;2;7;0;2;2;26;1;
84335;202200054836;716 433;B01;2;7;6;2;6;1;1;
84336;202200054837;716 428;A01;1;7;0;2;1;13;1;
84337;202200054837;716 431;B01;2;7;0;2;1;1;1;
84338;202200054838;716 425;A01;2;7;4;0;1;0;1;
84339;202200054839;716 420;A01;1;7;0;1;4;26;1;
84340;202200054841;716 415;C01;2;7;0;2;1;1;1;
84341;202200054841;716 429;B01;2;14;0;2;3;1;1;
84342;202200054841;716 432;A01;1;7;0;2;3;13;1;
84343;202200054842;716 413;C01;2;7;0;2;7;17;1;
84344;202200054842;716 422;B01;2;13;0;2;2;1;1;
84345;202200054842;716 427;A01;2;7;0;2;5;2;1;
84346;202200054843;716 411;B01;3;1;0;2;1;1;5;
84347;202200054843;716 418;A01;0;7;0;2;7;16;1;
84348;202200054844;716 410;B01;1;10;0;2;3;15;1;
84349;202200054844;716 417;A01;1;80;1;2;1;1;3;
84350;202200054845;716 409;A01;1;32;0;0;8;1;1;
84351;202200054846;716 408;A01;1;7;0;2;4;23;1;
84352;202200054846;716 416;B01;1;7;0;2;4;0;1;
84353;202200054846;716 423;C01;1;7;0;2;1;26;1;
84354;202200054847;716 407;A01;1;7;3;2;7;1;1;
84355;202200054847;716 414;B01;1;7;0;2;7;1;1;
84356;202200054847;716 421;C01;1;7;0;2;1;1;1;
84357;202200054847;716 426;D01;1;7;0;2;6;23;1;
84358;202200054848;716 405;B01;1;7;0;2;1;1;1;
84359;202200054848;716 412;A01;1;30;0;2;7;1;1;
84360;202200054849;716 401;A01;1;32;0;2;7;12;1;
84361;202200054849;716 406;B01;1;10;0;2;8;1;1;
84362;202200054850;716 400;A01;2;7;0;2;1;9;1;
84363;202200054850;716 404;B01;2;31;0;2;5;1;1;
84364;202200054851;716 397;B01;1;7;0;2;1;1;1;
84365;202200054851;716 403;A01;2;7;0;2;1;1;1;
84366;202200054852;716 396;A01;2;31;0;2;5;3;1;
84367;202200054852;716 402;B01;2;7;0;2;3;1;1;
84368;202200054853;716 393;B01;1;30;0;2;1;1;1;
84369;202200054853;716 398;A01;2;7;0;2;7;15;1;
84370;202200054854;716 389;A01;2;13;0;2;7;12;1;
84371;202200054854;716 394;B01;2;7;0;2;8;1;1;
84372;202200054855;716 387;B01;1;7;0;2;2;1;1;
84373;202200054855;716 395;A01;1;31;0;2;6;23;1;
84374;202200054856;716 391;A01;2;7;0;2;5;22;1;
84375;202200054856;716 399;B01;2;1;0;2;1;1;5;
84376;202200054857;716 382;B01;1;7;5;2;7;1;1;
84377;202200054857;716 392;A01;1;7;4;2;3;1;1;
84378;202200054858;716 385;A01;3;7;9;0;1;13;1;
84379;202200054859;716 381;B01;0;37;0;2;7;13;1;1.0
84380;202200054859;716 386;A01;0;50;0;2;8;18;3;
84381;202200054860;716 380;B01;1;7;0;2;4;1;1;
84382;202200054860;716 383;A01;1;33;0;2;1;1;1;
84383;202200054861;716 378;Z01;2;7;0;2;0;12;1;
84384;202200054861;716 384;A01;2;33;0;2;3;3;1;
84385;202200054862;716 376;A01;0;7;2;0;2;13;1;
84386;202200054863;716 377;A01;1;7;8;0;1;1;1;
84387;202200054864;716 374;A01;3;7;0;1;4;4;1;
84388;202200054865;716 373;A01;2;7;0;2;1;2;1;
84389;202200054865;716 379;B01;2;7;0;2;5;0;1;
84390;202200054866;716 369;A01;2;33;1;0;1;1;1;
84391;202200054867;716 372;B01;1;7;0;2;7;16;2;
84392;202200054867;716 375;A01;1;33;0;2;1;18;1;
84393;202200054868;716 360;B01;1;7;3;2;4;1;1;
84394;202200054868;716 366;A01;0;1;3;2;1;2;5;
84395;202200054869;716 361;B01;2;50;0;2;1;1;3;
84396;202200054869;716 371;A01;2;7;0;2;2;15;1;
84397;202200054871;716 358;A01;1;33;0;2;1;26;1;
84398;202200054871;716 367;B01;1;7;0;2;4;9;1;
84399;202200054872;716 357;B01;2;7;0;2;3;1;1;
84400;202200054872;716 364;A01;2;7;0;2;2;1;1;
84401;202200054873;716 354;C01;2;7;0;0;4;2;1;
84402;202200054873;716 359;B01;2;7;0;0;4;2;1;
84403;202200054873;716 365;A01;2;7;0;2;1;2;1;
84404;202200054874;716 353;Z01;0;7;0;1;1;1;0;
84405;202200054875;716 352;A01;1;7;0;2;6;20;1;
84406;202200054875;716 363;B01;1;7;0;2;2;2;2;
84407;202200054876;716 351;A01;3;7;3;0;0;1;1;
84408;202200054877;716 348;A01;1;7;0;2;3;1;1;
84409;202200054877;716 355;B01;1;50;0;2;1;1;3;
84410;202200054878;716 347;A01;1;7;0;2;3;1;1;
84411;202200054878;716 356;B01;2;7;15;2;8;9;1;
84412;202200054879;716 345;A01;1;32;0;2;1;2;1;
84413;202200054879;716 349;B01;1;10;0;2;5;23;1;
84414;202200054880;716 342;A01;2;7;0;2;1;26;1;
84415;202200054880;716 350;B01;2;10;0;2;4;2;1;
84416;202200054881;716 340;A01;3;7;0;1;2;1;2;
84417;202200054882;716 337;B01;2;10;0;2;5;1;1;
84418;202200054882;716 343;A01;2;33;0;2;1;3;1;
84419;202200054883;716 336;A01;3;7;0;2;2;15;1;
84420;202200054883;716 346;B01;3;33;0;2;1;21;1;
84421;202200054884;716 339;A01;3;7;0;1;6;19;1;
84422;202200054885;716 335;A01;2;1;15;0;0;5;5;
84423;202200054886;716 338;B01;3;30;0;2;5;1;1;
84424;202200054886;716 344;A01;3;32;0;2;5;15;1;
84425;202200054887;716 334;A01;1;7;0;1;1;15;1;
84426;202200054888;716 330;A01;1;7;0;2;6;11;1;
84427;202200054888;716 341;B01;1;33;0;2;2;1;1;
84428;202200054890;716 324;A01;1;31;0;0;7;16;1;
84429;202200054891;716 323;B01;1;33;0;2;4;1;1;
84430;202200054891;716 329;A01;1;7;0;2;1;11;1;
84431;202200054892;716 325;B01;1;13;0;2;1;16;1;
84432;202200054892;716 333;A01;2;7;1;2;2;1;1;
84433;202200054893;716 321;A01;3;10;0;9;5;16;1;
84434;202200054893;716 331;B01;1;1;0;2;1;9;5;
84435;202200054894;716 322;A01;2;7;4;2;9;17;1;
84436;202200054895;716 320;B01;3;7;0;2;4;1;2;
84437;202200054895;716 328;A01;3;7;0;2;1;1;1;
84438;202200054896;716 319;C01;2;7;0;2;4;2;1;
84439;202200054896;716 326;B01;2;7;1;2;4;2;2;
84440;202200054896;716 332;A01;2;7;0;2;1;2;1;
84441;202200054897;716 317;A01;2;80;0;1;8;5;3;
84442;202200054898;716 316;A01;2;33;0;0;1;1;1;
84443;202200054899;716 311;A01;1;7;0;1;5;26;1;
84444;202200054900;716 305;B01;2;7;0;2;4;23;1;
84445;202200054900;716 312;A01;2;7;0;2;1;1;1;
84446;202200054901;716 304;A01;2;34;0;2;1;1;1;
84447;202200054901;716 313;B01;1;2;0;0;4;1;1;
84448;202200054902;716 308;A01;2;7;0;2;2;12;1;
84449;202200054902;716 315;B01;2;10;0;2;3;1;1;
84450;202200054903;716 303;A01;3;37;0;2;3;1;4;1.0
84451;202200054903;716 310;B01;3;1;0;2;1;16;5;
84452;202200054904;716 307;A01;1;7;0;2;2;10;1;
84453;202200054904;716 314;B01;2;32;0;2;1;1;1;
84454;202200054905;716 306;B01;1;7;0;2;4;23;1;
84455;202200054905;716 318;A01;1;7;0;2;1;2;1;
84456;202200054906;716 302;A01;2;7;13;0;0;1;1;
84457;202200054907;716 301;B01;2;7;0;2;2;1;1;
84458;202200054907;716 309;A01;2;7;0;2;3;9;1;
84459;202200054908;716 297;A01;2;7;0;0;1;14;1;
84460;202200054909;716 293;B01;3;7;0;2;1;0;1;
84461;202200054909;716 300;A01;3;7;0;2;4;26;1;
84462;202200054910;716 295;A01;2;1;0;2;1;5;5;
84463;202200054910;716 299;B01;2;7;0;2;3;15;1;
84464;202200054911;716 286;B01;3;10;0;2;5;16;1;
84465;202200054911;716 292;A01;3;30;0;2;1;1;1;
84466;202200054912;716 288;B01;3;7;0;2;1;1;1;
84467;202200054912;716 298;A01;3;7;0;2;1;1;1;
84468;202200054913;716 285;A01;3;7;0;2;1;1;1;
84469;202200054913;716 290;B01;3;7;0;2;9;1;1;
84470;202200054913;716 296;C01;3;7;0;2;4;0;1;
84471;202200054914;716 283;A01;2;7;0;2;3;2;1;
84472;202200054914;716 294;B01;2;31;0;2;4;23;1;
84473;202200054915;716 284;A01;1;7;0;2;1;5;1;
84474;202200054915;716 291;B01;1;7;0;2;1;1;1;
84475;202200054916;716 280;A01;2;7;2;0;1;14;1;
84476;202200054917;716 282;A01;2;7;0;2;1;13;1;
84477;202200054917;716 289;B01;1;7;0;2;3;1;2;
84478;202200054918;716 281;A01;2;7;4;0;8;1;1;
84479;202200054919;716 278;A01;1;7;0;2;4;23;1;
84480;202200054919;716 287;B01;1;7;0;2;1;1;1;
84481;202200054920;716 275;B01;1;7;0;1;2;1;1;
84482;202200054921;716 274;A01;3;2;8;0;1;0;1;
84483;202200054922;716 269;A01;1;14;0;1;3;1;1;
84484;202200054923;716 270;A01;1;7;0;1;3;13;1;
84485;202200054924;716 267;A01;3;21;0;2;2;17;1;
84486;202200054924;716 273;B01;3;30;0;2;1;21;1;
84487;202200054925;716 265;B01;2;1;0;2;7;1;5;
84488;202200054925;716 277;A01;2;10;0;2;2;19;1;
84489;202200054926;716 266;B01;1;33;0;2;2;1;0;
84490;202200054926;716 272;A01;1;7;0;2;2;19;0;
84491;202200054927;716 268;A01;1;7;0;2;3;17;1;
84492;202200054927;716 276;B01;1;7;0;2;8;15;1;
84493;202200054928;716 262;C01;2;7;0;2;4;1;1;
84494;202200054928;716 264;B01;2;7;0;2;8;13;1;
84495;202200054928;716 271;A01;2;33;4;2;1;3;1;
84496;202200054929;716 260;Z01;3;2;0;1;1;19;1;
84497;202200054931;716 257;A01;1;7;0;2;8;1;1;
84498;202200054931;716 263;B01;1;50;0;2;1;19;3;
84499;202200054932;716 255;A01;2;7;0;1;2;2;0;
84500;202200054933;716 253;A01;1;7;0;1;3;15;1;
84501;202200054934;716 252;A01;2;60;0;2;1;1;3;
84502;202200054934;716 261;B01;1;7;0;2;3;1;1;
84503;202200054935;716 250;Z01;1;7;0;2;0;0;0;
84504;202200054935;716 254;A01;1;1;0;2;0;1;5;
84505;202200054936;716 251;B01;1;10;0;2;0;1;1;
84506;202200054936;716 259;A01;1;80;0;2;7;5;3;
84507;202200054937;716 247;A01;1;31;0;9;8;9;1;
84508;202200054938;716 246;A01;2;7;0;1;1;16;1;
84509;202200054939;716 245;B01;1;7;3;2;1;1;1;
84510;202200054939;716 249;A01;1;7;0;2;1;17;1;
84511;202200054940;716 243;A01;1;7;0;2;3;13;1;
84512;202200054940;716 248;B01;2;7;0;2;1;1;3;
84513;202200054941;716 239;A01;2;7;0;1;1;1;1;
84514;202200054943;716 236;B01;1;7;0;2;1;1;1;
84515;202200054943;716 241;A01;1;7;0;2;1;5;1;
84516;202200054945;716 234;A01;1;7;0;2;1;15;1;
84517;202200054945;716 242;B01;1;50;0;2;0;1;3;
84518;202200054946;716 233;B01;1;32;0;2;7;1;1;
84519;202200054946;716 238;A01;1;2;0;2;3;15;1;
84520;202200054947;716 231;A01;2;31;0;0;9;0;1;
84521;202200054948;716 230;A01;1;7;0;1;1;1;1;
84522;202200054949;716 228;B01;3;7;0;2;7;1;1;
84523;202200054949;716 235;A01;3;7;0;2;1;15;1;
84524;202200054950;716 222;A01;2;7;0;2;0;15;1;
84525;202200054950;716 227;B01;2;2;0;2;1;1;1;
84526;202200054951;716 225;A01;2;33;0;2;1;17;1;
84527;202200054951;716 229;B01;2;7;0;2;8;15;1;
84528;202200054952;716 221;B01;2;2;0;2;1;17;1;
84529;202200054952;716 224;Z01;1;7;0;2;3;19;1;
84530;202200054953;716 217;B01;1;80;0;2;7;1;3;
84531;202200054953;716 226;A01;1;7;0;2;3;1;1;
84532;202200054955;716 216;A01;1;30;0;2;4;2;1;
84533;202200054955;716 220;B01;1;7;0;2;1;0;1;
84534;202200054956;716 215;A01;2;7;6;0;1;13;1;
84535;202200054957;716 213;A01;1;7;0;1;1;1;1;
84536;202200054958;716 214;A01;2;7;0;2;3;26;1;
84537;202200054958;716 218;B01;1;7;0;2;2;1;1;
84538;202200054959;716 212;A01;2;7;2;0;8;13;1;
84539;202200054960;716 211;A01;3;34;0;1;1;26;1;
84540;202200054962;716 203;A01;1;33;0;0;7;1;1;
84541;202200054963;716 202;A01;1;7;0;2;1;19;1;
84542;202200054963;716 209;B01;1;1;0;2;3;1;5;
84543;202200054964;716 201;A01;0;7;0;1;2;1;1;
84544;202200054965;716 200;A01;1;7;0;2;1;15;1;
84545;202200054965;716 206;B01;2;30;0;2;3;1;1;
84546;202200054966;716 196;A01;1;7;12;0;1;14;1;
84547;202200054967;716 191;A01;1;32;0;0;1;1;1;
84548;202200054968;716 192;D01;1;7;0;2;1;0;1;
84549;202200054968;716 197;C01;1;7;0;2;3;0;1;
84550;202200054968;716 205;B01;1;7;0;2;1;2;1;
84551;202200054968;716 208;A01;1;7;0;2;3;13;1;
84552;202200054970;716 194;A01;0;10;0;2;7;16;1;
84553;202200054970;716 198;B01;0;1;0;2;1;15;5;
84554;202200054971;716 193;Z01;2;2;0;2;1;19;1;
84555;202200054971;716 204;B01;2;2;0;2;4;15;1;
84556;202200054972;716 186;B01;2;1;0;2;4;1;5;
84557;202200054972;716 188;A01;2;7;0;2;1;2;1;
84558;202200054973;716 189;A01;0;10;0;1;2;1;1;
84559;202200054974;716 187;A01;2;10;13;0;9;13;1;
84560;202200054975;716 184;A01;3;7;0;1;1;1;1;
84561;202200054976;716 181;A01;2;7;0;2;1;9;0;
84562;202200054976;716 190;B01;1;33;0;2;2;1;1;
84563;202200054977;716 182;A01;3;7;0;9;1;9;1;
84564;202200054977;716 185;B01;3;50;0;2;1;1;3;
84565;202200054978;716 178;A01;1;7;0;2;7;10;1;
84566;202200054978;716 183;B01;2;7;0;2;1;2;1;
84567;202200054979;716 175;A01;3;30;0;1;1;25;1;
84568;202200054980;716 174;B01;3;32;0;2;3;1;1;
84569;202200054980;716 180;A01;3;7;0;2;5;12;1;
84570;202200054981;716 173;A01;3;2;0;0;0;1;1;
84571;202200054982;716 171;A01;1;2;0;2;7;7;1;
84572;202200054982;716 177;B01;1;7;0;2;3;15;1;
84573;202200054983;716 170;A01;3;7;0;2;8;10;1;
84574;202200054983;716 176;B01;3;2;0;2;2;1;1;