;Num_Acc;id_vehicule;num_veh;senc;catv;obs;obsm;choc;manv;motor;occutc
84575;202200054984;716 172;A01;1;50;0;0;0;21;3;
84576;202200054985;716 167;A01;2;7;0;2;2;17;1;
84577;202200054985;716 169;B01;2;1;0;2;8;26;5;
84578;202200054986;716 168;A01;3;7;3;0;1;13;1;
84579;202200054987;716 164;A01;1;7;0;1;2;17;2;
84580;202200054988;716 162;A01;1;30;0;2;1;0;0;
84581;202200054988;716 166;B01;1;7;0;2;3;0;0;
84582;202200054989;716 159;B01;3;2;0;2;1;26;1;
84583;202200054989;716 163;A01;3;7;0;2;2;10;1;
84584;202200054991;716 160;A01;1;33;13;0;3;1;1;
84585;202200054992;716 155;A01;1;7;0;1;2;16;1;
84586;202200054993;716 157;B01;1;7;4;2;6;1;1;
84587;202200054993;716 165;A01;1;7;0;2;2;26;1;
84588;202200054994;716 154;A01;3;2;14;0;0;15;1;
84589;202200054995;716 152;B01;2;1;0;2;1;1;5;
84590;202200054995;716 158;A01;2;10;0;2;3;24;1;
84591;202200054996;716 147;A01;0;7;0;2;2;26;1;
84592;202200054996;716 150;B01;0;2;0;2;1;1;1;
84593;202200054997;716 149;A01;1;7;0;0;1;9;1;
84594;202200054997;716 153;B01;1;10;0;0;4;2;1;
84595;202200054998;716 146;A01;1;7;15;0;1;14;1;
84596;202200054999;716 145;A01;2;30;0;2;8;1;1;
84597;202200054999;716 151;B01;3;7;0;2;1;1;0;
84598;202200055000;716 139;A01;1;7;0;2;1;1;1;
84599;202200055000;716 144;B01;1;37;0;2;4;23;1;1.0
84600;202200055001;716 138;A01;1;7;0;2;4;1;1;
84601;202200055001;716 140;B01;2;7;0;9;3;1;1;
84602;202200055001;716 143;C01;2;7;0;2;1;2;1;
84603;202200055002;716 136;A01;0;10;0;0;0;1;1;
84604;202200055003;716 133;B01;2;2;0;2;2;2;1;
84605;202200055003;716 137;A01;2;10;0;2;8;2;1;
84606;202200055004;716 129;C01;1;10;0;2;6;23;0;
84607;202200055004;716 135;B01;1;10;0;2;5;23;0;
84608;202200055004;716 141;A01;1;10;0;2;1;2;0;
84609;202200055004;716 148;D01;1;10;0;2;2;2;0;
84610;202200055005;716 128;B01;1;2;0;2;0;1;1;
84611;202200055005;716 134;A01;1;7;0;9;3;26;1;
84612;202200055006;716 126;B01;1;50;0;2;8;19;3;
84613;202200055006;716 132;A01;2;7;0;2;1;9;1;
84614;202200055007;716 127;A01;1;7;0;2;0;0;1;
84615;202200055007;716 130;B01;2;2;0;2;0;0;0;
84616;202200055008;716 124;A01;2;7;8;0;1;19;1;
84617;202200055009;716 122;B01;2;7;0;2;1;1;1;
84618;202200055009;716 125;A01;1;7;0;2;7;15;1;
84619;202200055011;716 119;A01;1;33;0;2;4;1;1;
84620;202200055011;716 121;B01;1;7;0;9;4;16;1;
84621;202200055012;716 115;A01;3;7;0;2;2;15;1;
84622;202200055012;716 120;B01;3;7;0;2;1;1;1;
84623;202200055013;716 113;A01;1;7;0;0;3;19;1;
84624;202200055014;716 114;A01;2;30;0;1;1;17;1;
84625;202200055015;716 111;A01;1;7;0;2;2;15;1;
84626;202200055015;716 118;B01;1;7;0;2;1;1;1;
84627;202200055016;716 110;A01;2;7;0;2;7;11;1;
84628;202200055016;716 116;B01;2;7;0;2;8;2;1;
84629;202200055017;716 107;A01;1;7;0;1;1;1;1;
84630;202200055018;716 105;B01;1;2;0;2;4;1;1;
84631;202200055018;716 108;A01;1;7;0;2;0;16;1;
84632;202200055019;716 100;A01;1;7;4;0;1;13;1;
84633;202200055020;716 099;A01;2;30;6;0;1;26;1;
84634;202200055021;716 098;A01;1;7;0;1;1;1;1;
84635;202200055022;716 096;A01;2;30;16;0;1;1;1;
84636;202200055023;716 097;A01;2;7;0;2;2;15;1;
84637;202200055023;716 103;B01;1;7;0;2;1;1;1;
84638;202200055024;716 095;B01;1;7;0;2;5;15;1;
84639;202200055024;716 101;A01;1;33;0;2;1;2;1;
84640;202200055026;716 092;A01;1;7;9;0;1;13;1;
84641;202200055027;716 090;A01;3;7;2;0;1;17;1;
84642;202200055028;716 089;A01;3;7;0;1;1;1;1;
84643;202200055029;716 088;A01;2;50;12;0;1;14;3;
84644;202200055030;716 083;A01;3;10;0;2;2;15;1;
84645;202200055030;716 086;B01;3;33;0;2;1;1;1;
84646;202200055032;716 084;A01;2;14;0;1;2;1;1;
84647;202200055033;716 080;A01;1;7;0;1;1;1;1;
84648;202200055034;716 079;C01;0;7;0;2;3;2;1;
84649;202200055034;716 082;B01;0;7;0;2;3;1;1;
84650;202200055034;716 087;A01;0;7;0;2;3;15;1;
84651;202200055035;716 077;A01;3;50;17;0;1;1;3;
84652;202200055036;716 074;B01;0;7;0;9;0;1;1;
84653;202200055036;716 078;A01;2;33;11;2;0;1;1;
84654;202200055037;716 073;A01;1;33;0;2;1;1;1;
84655;202200055037;716 076;B01;1;7;0;2;2;9;1;
84656;202200055038;716 071;C01;1;7;0;2;1;1;1;
84657;202200055038;716 075;B01;1;1;0;2;1;13;5;
84658;202200055038;716 081;A01;2;7;0;2;3;1;1;
84659;202200055039;716 070;A01;1;7;1;0;7;26;1;
84660;202200055040;716 066;A01;1;7;0;2;3;15;1;
84661;202200055040;716 072;B01;3;33;0;2;8;19;1;
84662;202200055041;716 067;B01;3;50;0;1;8;25;3;
84663;202200055042;716 065;A01;0;34;0;9;1;1;1;
84664;202200055042;716 068;B01;1;50;0;0;3;11;3;
84665;202200055043;716 064;B01;3;50;0;2;0;26;3;
84666;202200055043;716 069;A01;3;7;0;9;1;9;3;
84667;202200055044;716 063;A01;1;7;17;0;1;1;1;
84668;202200055045;716 059;Z01;1;7;0;1;1;1;0;
84669;202200055046;716 060;B01;3;7;0;2;4;1;3;
84670;202200055046;716 062;A01;3;33;0;2;1;1;1;
84671;202200055047;716 057;A01;1;99;15;0;1;25;3;
84672;202200055049;716 054;A01;2;7;0;1;2;1;1;
84673;202200055050;716 053;B01;2;7;0;2;1;1;2;
84674;202200055050;716 061;A01;1;7;0;2;3;1;1;
84675;202200055051;716 052;A01;2;31;0;6;1;0;1;
84676;202200055052;716 049;A01;3;13;0;2;2;9;1;
84677;202200055052;716 056;B01;2;2;0;2;3;1;1;
84678;202200055053;716 051;A01;1;7;0;1;1;26;1;
84679;202200055055;716 042;B01;1;7;0;2;6;4;1;
84680;202200055055;716 047;A01;1;30;0;2;1;1;3;
84681;202200055056;716 044;A01;2;7;0;2;2;2;1;
84682;202200055056;716 048;B01;2;2;0;2;4;2;1;
84683;202200055057;716 040;B01;2;10;0;2;4;2;0;
84684;202200055057;716 046;A01;2;32;0;2;1;2;1;
84685;202200055058;716 043;A01;2;7;0;1;3;1;2;
84686;202200055059;716 037;A01;2;7;13;0;1;0;1;
84687;202200055060;716 036;A01;2;33;0;2;4;17;1;
84688;202200055060;716 041;B01;2;7;0;2;2;1;1;
84689;202200055061;716 034;A01;3;1;0;0;1;1;5;
84690;202200055062;716 033;B01;2;2;0;2;8;1;1;
84691;202200055062;716 039;A01;1;7;0;9;7;15;1;
84692;202200055063;716 032;B01;3;7;0;2;1;1;1;
84693;202200055063;716 038;A01;3;7;0;2;1;5;1;
84694;202200055065;716 030;A01;1;43;0;0;0;1;1;
84695;202200055066;716 026;B01;2;10;0;2;6;1;1;
84696;202200055066;716 031;A01;2;33;0;2;1;1;1;
84697;202200055067;716 023;B01;1;7;0;0;0;0;1;
84698;202200055067;716 028;A01;1;7;0;2;3;26;1;
84699;202200055068;716 018;A01;3;7;12;2;7;1;1;
84700;202200055068;716 025;B01;3;7;0;2;2;1;1;
84701;202200055069;716 020;B01;1;37;0;2;3;2;1;1.0
84702;202200055069;716 024;A01;2;7;0;2;3;2;1;
84703;202200055070;716 015;A01;1;30;11;0;7;13;3;
84704;202200055071;716 017;A01;1;7;0;2;3;15;1;
84705;202200055071;716 021;B01;1;33;0;2;1;2;1;
84706;202200055072;716 016;A01;1;7;1;0;1;14;2;
84707;202200055073;716 013;A01;2;7;0;2;3;13;1;
84708;202200055073;716 019;B01;1;21;0;2;6;1;1;
84709;202200055074;716 009;A01;0;30;0;0;0;0;1;
84710;202200055075;716 007;A01;2;7;0;2;3;9;1;
84711;202200055075;716 012;B01;2;33;1;2;2;13;1;
84712;202200055076;716 011;A01;1;32;0;2;1;1;1;
84713;202200055076;716 014;B01;3;1;0;2;8;19;5;
84714;202200055077;716 006;A01;3;34;0;2;3;1;1;
84715;202200055077;716 010;B01;3;7;0;2;7;16;1;
84716;202200055078;716 004;A01;1;50;0;2;1;26;3;
84717;202200055078;716 008;B01;1;7;0;2;3;26;1;
84718;202200055079;716 005;A01;2;7;0;1;1;1;2;
84719;202200055080;716 001;B01;3;31;0;2;1;1;1;
84720;202200055080;716 003;A01;3;7;0;2;3;10;1;
84721;202200055081;715 998;A01;0;7;0;1;4;20;1;
84722;202200055082;715 996;B01;2;7;0;2;1;1;1;
84723;202200055082;716 002;A01;1;7;0;2;1;1;1;
84724;202200055083;715 995;A01;1;33;0;0;1;26;1;
84725;202200055084;715 993;A01;1;7;0;2;6;2;1;
84726;202200055084;716 000;Z01;1;10;0;2;2;14;1;
84727;202200055085;715 991;B01;2;1;0;2;1;1;5;
84728;202200055085;715 994;A01;1;10;0;2;1;15;1;
84729;202200055086;715 997;A01;1;10;1;2;2;14;1;
84730;202200055087;715 999;A01;1;7;0;1;4;4;1;
84731;202200055088;715 990;A01;3;10;0;2;1;19;1;
84732;202200055088;715 992;B01;3;7;0;2;8;6;1;
84733;202200055090;715 984;A01;0;7;0;2;1;1;1;
84734;202200055090;715 988;B01;0;33;0;2;1;1;1;
84735;202200055091;715 983;A01;1;7;0;9;3;15;2;
84736;202200055091;715 987;B01;2;1;0;2;1;1;5;
84737;202200055092;715 979;A01;1;7;1;0;1;1;1;
84738;202200055093;715 978;A01;2;50;0;0;1;1;3;
84739;202200055094;715 981;B01;1;7;0;2;8;1;1;
84740;202200055094;715 989;A01;2;7;0;2;1;1;1;
84741;202200055096;715 977;A01;1;7;0;2;2;17;1;
84742;202200055096;715 980;B01;1;7;0;2;6;15;1;
84743;202200055097;715 975;A01;2;7;0;1;2;21;1;
84744;202200055098;715 973;B01;2;1;0;2;6;1;5;
84745;202200055098;715 976;A01;1;1;0;2;1;15;5;
84746;202200055099;715 970;A01;3;7;2;0;3;13;1;
84747;202200055100;715 971;A01;1;7;8;0;3;1;1;
84748;202200055101;715 965;B01;0;7;0;2;3;15;1;
84749;202200055101;715 974;A01;1;2;0;2;1;1;1;
84750;202200055102;715 963;Z01;1;30;0;2;1;5;3;
84751;202200055102;715 967;A01;1;30;0;2;1;1;1;
84752;202200055103;715 964;B01;1;7;0;2;2;1;1;
84753;202200055103;715 968;A01;2;7;0;2;2;13;1;
84754;202200055105;715 959;A01;2;33;6;0;2;1;1;
84755;202200055106;715 960;A01;1;7;1;0;3;9;1;
84756;202200055107;715 956;A01;2;30;0;2;3;1;1;
84757;202200055107;715 961;B01;2;7;0;2;7;1;1;
84758;202200055108;715 954;A01;1;38;2;0;1;6;1;9.0
84759;202200055110;715 950;B01;2;2;0;2;1;1;1;
84760;202200055110;715 955;A01;3;99;0;2;7;26;1;
84761;202200055111;715 952;A01;2;7;0;1;0;1;1;
84762;202200055112;715 942;B01;1;33;0;2;1;1;1;
84763;202200055112;715 948;A01;1;7;0;2;2;1;1;
84764;202200055113;715 939;A01;2;7;0;2;4;2;1;
84765;202200055113;715 945;B01;2;7;0;2;1;2;1;
84766;202200055114;715 938;A01;2;7;0;2;3;9;1;
84767;202200055114;715 946;B01;2;50;0;2;1;1;3;
84768;202200055115;715 941;A01;3;7;0;2;1;2;1;
84769;202200055115;715 944;B01;3;7;0;2;4;2;1;
84770;202200055115;715 949;C01;3;7;0;2;4;2;1;
84771;202200055116;715 937;A01;3;7;0;1;5;15;1;
84772;202200055117;715 936;B01;1;7;0;2;8;1;1;
84773;202200055117;715 940;A01;1;2;0;2;5;26;3;
84774;202200055118;715 935;A01;1;10;15;0;3;6;1;
84775;202200055119;715 934;A01;1;80;0;1;8;1;3;
84776;202200055120;715 932;A01;3;2;12;0;1;16;1;
84777;202200055121;715 933;A01;2;7;0;2;1;1;1;
84778;202200055121;715 943;B01;2;10;0;2;7;1;1;
84779;202200055122;715 931;A01;1;7;0;1;1;1;1;
84780;202200055123;715 929;A01;3;80;14;0;1;1;3;
84781;202200055124;715 926;A01;1;7;8;2;3;1;1;
84782;202200055124;715 930;B01;1;7;0;2;2;19;1;
84783;202200055125;715 924;A01;3;1;0;0;1;2;5;
84784;202200055126;715 919;B01;0;7;0;0;5;16;1;
84785;202200055126;715 923;A01;0;33;0;2;1;3;1;
84786;202200055127;715 922;B01;3;30;0;2;1;1;1;
84787;202200055127;715 927;A01;3;10;0;2;3;26;1;
84788;202200055128;715 915;A01;3;10;0;2;5;16;1;
84789;202200055128;715 920;B01;3;1;0;2;1;1;5;
84790;202200055130;715 917;A01;0;2;12;0;2;1;1;
84791;202200055131;715 913;A01;1;7;0;2;7;15;1;
84792;202200055131;715 918;B01;2;33;0;2;1;1;1;
84793;202200055132;715 912;Z01;3;3;0;2;1;1;1;
84794;202200055132;715 925;B01;1;3;0;2;2;2;1;
84795;202200055133;715 910;B01;0;7;0;2;3;15;1;
84796;202200055133;715 914;A01;2;7;0;2;1;1;1;
84797;202200055134;715 906;A01;1;32;0;2;7;1;1;
84798;202200055134;715 911;B01;0;7;0;2;2;1;1;
84799;202200055135;715 908;A01;1;7;0;1;1;21;1;
84800;202200055136;715 907;A01;2;7;8;0;2;1;1;
84801;202200055138;715 901;A01;3;7;0;2;3;13;1;
84802;202200055138;715 905;B01;3;33;0;2;2;1;1;
84803;202200055139;715 899;A01;3;99;0;0;0;0;0;
84804;202200055140;715 895;A01;2;7;0;1;1;26;1;
84805;202200055141;715 891;A01;1;7;0;2;3;1;1;
84806;202200055141;715 897;B01;2;7;0;2;3;1;1;
84807;202200055142;715 898;B01;1;7;0;2;4;23;1;
84808;202200055142;715 902;A01;3;1;0;2;1;2;6;
84809;202200055144;715 893;B01;2;7;0;2;1;1;1;
84810;202200055144;715 900;A01;1;7;0;2;1;13;1;
84811;202200055145;715 888;A01;1;7;0;2;8;15;1;
84812;202200055145;715 892;B01;1;7;0;2;0;1;1;
84813;202200055146;715 890;A01;3;7;0;2;3;10;0;
84814;202200055146;715 896;B01;3;37;0;2;2;1;1;2.0
84815;202200055147;715 887;A01;1;30;14;0;1;1;1;
84816;202200055148;715 886;A01;2;32;0;0;-1;0;1;
84817;202200055149;715 884;B01;1;7;0;2;4;2;1;
84818;202200055149;715 889;A01;1;7;0;2;1;1;1;
84819;202200055150;715 882;B01;2;7;0;2;7;16;1;
84820;202200055150;715 885;A01;2;33;0;2;1;18;1;
84821;202200055151;715 879;A01;0;7;0;1;3;15;1;
84822;202200055152;715 875;A01;1;7;0;1;3;1;1;
84823;202200055153;715 874;A01;1;7;0;2;1;9;1;
84824;202200055153;715 883;B01;1;80;0;2;7;1;3;
84825;202200055154;715 873;A01;2;7;2;0;2;0;1;
84826;202200055155;715 876;A01;3;10;0;2;3;10;1;
84827;202200055155;715 880;B01;3;33;0;2;7;17;1;
84828;202200055156;715 878;A01;1;7;4;0;8;21;1;
84829;202200055157;715 870;A01;3;7;1;0;1;1;1;
84830;202200055158;715 866;B01;3;7;12;2;8;16;6;
84831;202200055159;715 868;A01;1;7;13;0;3;1;1;
84832;202200055160;715 864;B01;2;1;0;4;1;9;5;
84833;202200055160;715 872;A01;2;40;0;2;3;1;3;
84834;202200055161;715 862;A01;1;33;0;2;1;8;1;
84835;202200055161;715 867;B01;2;7;0;2;1;1;1;
84836;202200055162;715 856;B01;1;7;0;2;0;16;1;
84837;202200055162;715 860;A01;1;7;8;2;2;1;1;
84838;202200055163;715 858;A01;1;7;0;2;5;15;1;
84839;202200055163;715 863;B01;1;33;0;2;1;1;1;
84840;202200055164;715 853;A01;1;7;8;1;2;1;1;
84841;202200055165;715 854;A01;2;32;0;2;1;2;1;
84842;202200055165;715 859;B01;2;34;0;2;4;2;1;
84843;202200055167;715 850;A01;1;7;0;1;3;9;1;
84844;202200055168;715 848;Z01;2;7;0;2;1;2;1;
84845;202200055168;715 851;B01;2;7;0;2;4;2;1;
84846;202200055168;715 855;C01;2;7;0;2;4;2;1;
84847;202200055170;715 852;A01;2;7;6;0;1;13;1;
84848;202200055171;715 844;A01;3;31;0;0;0;0;1;
84849;202200055172;715 843;B01;1;33;0;0;0;2;6;
84850;202200055172;715 846;C01;-1;0;-1;-1;-1;-1;-1;
84851;202200055173;715 840;A01;1;7;5;0;1;26;1;
84852;202200055174;715 841;A01;3;10;12;0;3;1;1;
84853;202200055175;715 837;A01;2;7;0;2;3;1;1;
84854;202200055175;715 842;B01;2;33;0;2;1;1;1;
84855;202200055176;715 834;B01;3;7;0;2;3;1;1;
84856;202200055176;715 839;A01;3;33;0;2;1;13;1;
84857;202200055177;715 833;A01;1;7;4;0;1;14;1;
84858;202200055178;715 835;B01;1;40;0;2;8;1;3;
84859;202200055178;715 838;A01;1;7;0;4;2;1;1;
84860;202200055179;715 829;A01;1;7;3;0;9;1;1;
84861;202200055180;715 830;A01;1;7;0;2;1;1;1;
84862;202200055180;715 845;B01;1;7;0;2;2;1;1;
84863;202200055181;715 828;C01;1;7;0;2;3;1;2;
84864;202200055181;715 831;B01;1;34;0;2;7;3;1;
84865;202200055181;715 836;A01;2;7;0;2;3;2;1;
84866;202200055182;715 825;A01;0;7;0;1;1;1;1;
84867;202200055183;715 827;A01;2;10;1;0;2;9;1;
84868;202200055184;715 822;B01;1;7;1;0;1;2;1;
84869;202200055184;715 826;A01;1;7;0;2;4;24;2;
84870;202200055185;715 821;A01;3;7;0;1;2;1;1;
84871;202200055186;715 824;B01;1;7;0;2;1;1;1;
84872;202200055186;715 832;A01;2;7;15;2;8;17;1;
84873;202200055187;715 818;A01;1;7;0;2;1;1;1;
84874;202200055187;715 820;B01;1;7;0;2;4;1;2;
84875;202200055187;715 823;C01;1;1;0;2;1;1;6;
84876;202200055188;715 816;A01;2;7;0;1;8;1;1;
84877;202200055189;715 815;B01;1;31;0;2;1;1;1;
84878;202200055189;715 819;A01;2;7;0;2;1;15;1;
84879;202200055190;715 812;A01;3;10;0;2;2;12;1;
84880;202200055190;715 813;B01;3;33;0;2;2;1;1;
84881;202200055191;715 811;A01;0;7;0;2;3;16;3;
84882;202200055191;715 814;B01;3;1;0;2;4;1;5;
84883;202200055192;715 805;A01;1;7;0;2;8;1;1;
84884;202200055192;715 809;B01;2;10;0;2;1;15;1;
84885;202200055195;715 804;A01;1;13;0;2;7;15;1;
84886;202200055195;715 807;B01;1;7;0;2;3;1;1;
84887;202200055196;715 802;A01;1;7;0;1;1;15;1;
84888;202200055197;715 801;B01;3;50;0;2;1;1;3;
84889;202200055197;715 803;A01;3;7;0;2;2;15;1;
84890;202200055198;715 796;A01;3;7;2;0;2;1;1;
84891;202200055199;715 794;B01;0;7;0;2;4;2;1;
84892;202200055199;715 798;A01;0;7;0;2;1;2;1;
84893;202200055200;715 792;A01;1;7;1;0;5;15;1;
84894;202200055200;715 795;B01;2;2;0;2;1;1;1;
84895;202200055200;715 800;C01;3;33;0;0;3;23;1;
84896;202200055201;715 790;B01;1;2;0;2;1;1;1;
84897;202200055201;715 797;A01;1;7;0;2;8;26;1;
84898;202200055202;715 793;A01;1;7;0;2;3;1;1;
84899;202200055202;715 799;B01;2;7;0;2;7;15;1;
84900;202200055203;715 789;A01;1;7;0;0;0;0;0;
84901;202200055203;715 791;B01;1;2;0;0;0;0;0;
84902;202200055204;715 786;B01;1;7;0;2;1;0;1;
84903;202200055204;715 788;A01;2;7;0;2;1;13;1;
84904;202200055205;715 782;A01;2;7;0;2;7;13;1;
84905;202200055205;715 785;B01;1;7;0;2;1;1;1;
84906;202200055207;715 780;A01;1;7;0;2;2;2;1;
84907;202200055207;715 783;B01;1;2;0;2;1;3;1;
84908;202200055208;715 775;A01;1;7;0;4;6;23;1;
84909;202200055208;715 777;B01;1;39;0;2;1;1;3;
84910;202200055209;715 774;A01;2;7;0;2;1;0;1;
84911;202200055209;715 776;B01;1;7;0;2;1;0;1;
84912;202200055210;715 771;A01;1;7;6;0;1;1;1;
84913;202200055211;715 772;A01;2;7;0;0;0;1;1;
84914;202200055212;715 770;A01;1;7;0;0;0;0;1;
84915;202200055213;715 769;B01;3;1;0;2;3;16;5;
84916;202200055213;715 773;A01;1;7;0;2;2;16;1;
84917;202200055214;715 768;A01;0;7;7;0;1;1;1;
84918;202200055215;715 767;A01;3;36;2;0;0;0;1;
84919;202200055216;715 764;A01;1;7;0;2;1;13;1;
84920;202200055216;715 766;B01;2;7;0;2;1;1;1;
84921;202200055218;715 762;A01;2;30;0;2;1;1;1;
84922;202200055218;715 765;B01;2;10;0;2;3;15;1;
84923;202200055219;715 760;A01;1;7;17;0;2;1;1;
84924;202200055220;715 758;B01;1;3;0;2;4;2;1;
84925;202200055220;715 761;A01;1;7;0;2;1;1;1;
84926;202200055221;715 755;B01;1;2;0;2;1;1;1;
84927;202200055221;715 759;A01;3;7;0;2;2;1;1;
84928;202200055222;715 753;C01;1;7;0;2;4;23;1;
84929;202200055222;715 754;B01;1;7;0;2;4;2;1;
84930;202200055222;715 756;A01;1;7;0;2;1;2;1;
84931;202200055223;715 752;A01;0;80;0;0;0;0;3;
84932;202200055225;715 746;A01;1;7;8;0;1;1;1;
84933;202200055226;715 744;B01;1;10;0;2;3;1;1;
84934;202200055226;715 747;A01;2;7;0;2;1;15;1;
84935;202200055227;715 743;A01;1;33;14;0;1;17;1;
84936;202200055228;715 749;A01;1;10;4;0;1;2;1;
84937;202200055230;715 740;A01;1;2;0;2;1;5;1;
84938;202200055230;715 742;B01;1;7;0;2;3;1;1;
84939;202200055231;715 738;A01;1;7;0;2;1;2;1;
84940;202200055231;715 739;B01;1;3;1;2;6;2;1;
84941;202200055232;715 735;A01;0;7;15;0;1;13;1;
84942;202200055233;715 734;B01;2;7;0;0;4;1;1;
84943;202200055233;715 737;A01;2;33;0;2;8;2;1;
84944;202200055234;715 731;A01;3;7;0;2;3;9;1;
84945;202200055234;715 733;B01;1;33;0;2;2;0;1;
84946;202200055235;715 729;A01;0;7;6;0;7;1;1;
84947;202200055236;715 728;A01;1;33;0;2;1;1;1;
84948;202200055236;715 730;B01;2;7;0;2;6;15;1;
84949;202200055237;715 732;A01;1;7;0;2;1;13;1;
84950;202200055237;715 736;B01;2;7;0;2;1;1;1;
84951;202200055238;715 726;A01;1;33;6;0;1;1;1;
84952;202200055239;715 725;A01;1;7;0;2;2;1;1;
84953;202200055239;715 727;B01;1;50;0;2;2;1;3;
84954;202200055240;715 723;A01;3;7;0;0;6;16;3;
84955;202200055240;715 724;B01;3;31;0;2;2;26;1;
84956;202200055241;715 722;A01;2;2;7;0;1;13;1;
84957;202200055243;715 719;A01;3;7;0;2;1;26;1;
84958;202200055243;715 721;B01;3;7;0;2;1;1;1;
84959;202200055244;715 718;A01;2;33;0;6;1;1;1;
84960;202200055245;715 717;A01;1;31;0;0;7;21;1;
84961;202200055247;715 715;A01;1;7;1;0;2;0;1;
84962;202200055247;715 716;B01;1;7;0;0;6;24;1;
84963;202200055248;715 711;A01;2;7;13;0;0;1;1;
84964;202200055250;715 710;A01;1;43;0;1;1;1;1;
84965;202200055251;715 709;A01;1;31;16;0;7;1;1;
84966;202200055252;715 708;A01;3;1;0;0;0;0;5;
84967;202200055253;715 707;A01;2;32;0;1;1;17;1;
84968;202200055254;715 706;A01;2;7;13;0;3;14;1;
84969;202200055255;715 705;A01;3;2;0;0;8;1;1;
84970;202200055256;715 702;B01;2;7;0;2;3;1;1;
84971;202200055256;715 704;A01;2;32;0;2;2;1;1;
84972;202200055257;715 700;B01;2;7;0;2;2;1;1;
84973;202200055257;715 703;A01;2;33;0;2;3;9;1;
84974;202200055259;715 697;A01;1;7;6;0;1;1;1;
84975;202200055260;715 698;A01;1;40;0;1;1;1;3;
84976;202200055262;715 693;A01;3;10;0;1;5;26;0;
84977;202200055263;715 692;C01;2;1;0;2;8;15;5;
84978;202200055263;715 694;B01;2;1;0;0;4;11;5;
84979;202200055263;715 696;A01;2;33;0;9;1;2;1;
84980;202200055264;715 690;B01;0;99;0;2;2;1;1;
84981;202200055264;715 691;A01;0;99;0;2;1;1;1;
84982;202200055265;715 687;A01;1;7;0;2;1;2;1;
84983;202200055265;715 689;B01;1;7;3;0;4;2;0;
84984;202200055266;715 686;A01;2;7;0;9;2;15;1;
84985;202200055266;715 688;B01;1;1;0;2;1;26;5;
84986;202200055267;715 681;A01;3;7;4;0;1;17;1;
84987;202200055268;715 680;A01;2;7;4;0;4;0;1;
84988;202200055268;715 683;B01;2;7;0;0;9;2;1;
84989;202200055268;715 684;C01;2;7;0;2;1;1;1;
84990;202200055268;715 685;D01;2;7;0;0;8;1;1;
84991;202200055269;715 677;A01;1;7;13;0;1;1;1;
84992;202200055270;715 678;A01;3;33;0;0;1;1;1;
84993;202200055271;715 676;A01;1;33;7;0;0;0;1;
84994;202200055272;715 679;B01;1;7;0;2;1;1;1;
84995;202200055272;715 682;A01;2;7;0;2;2;1;1;
84996;202200055273;715 672;C01;2;2;0;2;1;1;1;
84997;202200055273;715 674;B01;2;7;0;2;4;21;1;
84998;202200055273;715 675;A01;2;7;0;2;6;9;1;
84999;202200055274;715 671;A01;2;7;0;2;1;13;1;
85000;202200055274;715 673;B01;1;7;0;2;1;13;1;
85001;202200055275;715 669;A01;2;7;0;1;2;1;1;
85002;202200055276;715 668;A01;2;7;13;0;1;1;1;
85003;202200055277;715 667;A01;1;10;0;1;1;1;1;
85004;202200055278;715 663;Z01;2;10;0;2;0;0;0;
85005;202200055278;715 665;A01;2;7;0;2;4;2;0;
85006;202200055279;715 664;B01;2;10;0;2;1;1;1;
85007;202200055279;715 666;A01;1;10;0;2;1;13;1;
85008;202200055280;715 661;B01;1;7;0;2;5;1;1;
85009;202200055280;715 662;A01;1;10;0;2;3;17;1;
85010;202200055281;715 660;A01;2;7;0;9;1;26;1;
85011;202200055282;715 658;B01;1;7;0;2;4;2;1;
85012;202200055282;715 659;A01;1;7;0;2;1;1;1;
85013;202200055283;715 655;A01;1;7;3;0;9;14;0;
85014;202200055284;715 656;B01;1;33;0;2;8;1;1;
85015;202200055284;715 657;A01;2;7;0;2;7;15;1;
85016;202200055285;715 654;A01;1;50;12;0;1;1;3;
85017;202200055287;715 651;B01;1;7;0;2;1;1;1;
85018;202200055287;715 652;A01;2;7;8;2;7;15;1;
85019;202200055289;715 649;A01;1;7;2;0;2;1;0;
85020;202200055290;715 648;A01;3;7;6;0;1;1;1;
85021;202200055291;715 646;A01;2;7;0;2;3;13;1;
85022;202200055291;715 647;B01;1;7;0;2;3;1;1;
85023;202200055292;715 644;A01;2;7;8;0;1;0;1;
85024;202200055293;715 643;A01;2;10;0;0;8;13;1;
85025;202200055295;715 639;A01;2;7;0;2;3;13;1;
85026;202200055295;715 640;B01;1;7;0;2;3;1;1;
85027;202200055296;715 637;A01;1;7;0;2;3;1;1;
85028;202200055296;715 638;B01;1;33;0;2;7;15;1;
85029;202200055298;715 635;A01;2;7;0;0;9;1;1;
85030;202200055299;715 634;A01;0;7;2;0;3;1;1;
85031;202200055300;715 633;A01;2;7;2;0;1;1;1;
85032;202200055301;715 631;A01;2;7;0;0;8;19;1;
85033;202200055301;715 632;B01;2;7;0;2;1;1;1;
85034;202200055302;715 629;A01;1;33;0;2;1;1;1;
85035;202200055302;715 630;B01;1;7;0;0;4;21;1;